run,step,epoch,loss,grad_norm,lr_text,lr_head
audio_text_ln_lrh0.001_e5_s42,1,1,1.93557,6.7222,0.0,3.205128205128205e-06
audio_text_ln_lrh0.001_e5_s42,2,1,1.92271,4.4565,0.0,6.41025641025641e-06
audio_text_ln_lrh0.001_e5_s42,3,1,1.95596,5.5578,0.0,9.615384615384616e-06
audio_text_ln_lrh0.001_e5_s42,4,1,1.93317,4.3605,0.0,1.282051282051282e-05
audio_text_ln_lrh0.001_e5_s42,5,1,1.89432,3.7606,0.0,1.6025641025641026e-05
audio_text_ln_lrh0.001_e5_s42,6,1,1.97617,6.3473,0.0,1.923076923076923e-05
audio_text_ln_lrh0.001_e5_s42,7,1,1.9149,6.0148,0.0,2.2435897435897437e-05
audio_text_ln_lrh0.001_e5_s42,8,1,1.9881,5.765,0.0,2.564102564102564e-05
audio_text_ln_lrh0.001_e5_s42,9,1,1.88402,4.3679,0.0,2.884615384615385e-05
audio_text_ln_lrh0.001_e5_s42,10,1,1.95374,4.0538,0.0,3.205128205128205e-05
audio_text_ln_lrh0.001_e5_s42,11,1,1.89779,3.5663,0.0,3.5256410256410254e-05
audio_text_ln_lrh0.001_e5_s42,12,1,1.83366,6.5909,0.0,3.846153846153846e-05
audio_text_ln_lrh0.001_e5_s42,13,1,1.95282,4.1209,0.0,4.1666666666666665e-05
audio_text_ln_lrh0.001_e5_s42,14,1,1.93605,4.1,0.0,4.4871794871794874e-05
audio_text_ln_lrh0.001_e5_s42,15,1,1.86286,4.0767,0.0,4.8076923076923084e-05
audio_text_ln_lrh0.001_e5_s42,16,1,1.81813,5.7509,0.0,5.128205128205128e-05
audio_text_ln_lrh0.001_e5_s42,17,1,1.839,4.3418,0.0,5.448717948717949e-05
audio_text_ln_lrh0.001_e5_s42,18,1,1.90741,4.4807,0.0,5.76923076923077e-05
audio_text_ln_lrh0.001_e5_s42,19,1,1.79354,3.8847,0.0,6.08974358974359e-05
audio_text_ln_lrh0.001_e5_s42,20,1,1.71768,4.4916,0.0,6.41025641025641e-05
audio_text_ln_lrh0.001_e5_s42,21,1,1.7384,4.3057,0.0,6.73076923076923e-05
audio_text_ln_lrh0.001_e5_s42,22,1,1.77547,3.4621,0.0,7.051282051282051e-05
audio_text_ln_lrh0.001_e5_s42,23,1,1.74455,3.4564,0.0,7.371794871794872e-05
audio_text_ln_lrh0.001_e5_s42,24,1,1.6079,4.9665,0.0,7.692307692307693e-05
audio_text_ln_lrh0.001_e5_s42,25,1,1.73024,3.4759,0.0,8.012820512820514e-05
audio_text_ln_lrh0.001_e5_s42,26,1,1.6101,4.2191,0.0,8.333333333333333e-05
audio_text_ln_lrh0.001_e5_s42,27,1,1.63768,4.757,0.0,8.653846153846153e-05
audio_text_ln_lrh0.001_e5_s42,28,1,1.73823,3.1816,0.0,8.974358974358975e-05
audio_text_ln_lrh0.001_e5_s42,29,1,1.73115,3.0034,0.0,9.294871794871795e-05
audio_text_ln_lrh0.001_e5_s42,30,1,1.74377,3.1032,0.0,9.615384615384617e-05
audio_text_ln_lrh0.001_e5_s42,31,1,1.84436,2.559,0.0,9.935897435897436e-05
audio_text_ln_lrh0.001_e5_s42,32,1,1.68991,2.9984,0.0,0.00010256410256410256
audio_text_ln_lrh0.001_e5_s42,33,1,1.37265,4.6563,0.0,0.00010576923076923077
audio_text_ln_lrh0.001_e5_s42,34,1,1.50751,3.6558,0.0,0.00010897435897435898
audio_text_ln_lrh0.001_e5_s42,35,1,1.4465,3.4363,0.0,0.00011217948717948718
audio_text_ln_lrh0.001_e5_s42,36,1,1.68317,3.3799,0.0,0.0001153846153846154
audio_text_ln_lrh0.001_e5_s42,37,1,1.65248,2.7994,0.0,0.00011858974358974358
audio_text_ln_lrh0.001_e5_s42,38,1,1.98999,4.4913,0.0,0.0001217948717948718
audio_text_ln_lrh0.001_e5_s42,39,1,1.23406,3.7685,0.0,0.000125
audio_text_ln_lrh0.001_e5_s42,40,1,1.46659,3.0971,0.0,0.0001282051282051282
audio_text_ln_lrh0.001_e5_s42,41,1,1.59683,2.6862,0.0,0.0001314102564102564
audio_text_ln_lrh0.001_e5_s42,42,1,1.36943,2.6646,0.0,0.0001346153846153846
audio_text_ln_lrh0.001_e5_s42,43,1,1.37288,3.1153,0.0,0.00013782051282051284
audio_text_ln_lrh0.001_e5_s42,44,1,1.21884,3.1374,0.0,0.00014102564102564101
audio_text_ln_lrh0.001_e5_s42,45,1,1.30336,2.9038,0.0,0.00014423076923076922
audio_text_ln_lrh0.001_e5_s42,46,1,1.78868,3.8606,0.0,0.00014743589743589745
audio_text_ln_lrh0.001_e5_s42,47,1,1.77288,4.1086,0.0,0.00015064102564102565
audio_text_ln_lrh0.001_e5_s42,48,1,1.58193,2.9085,0.0,0.00015384615384615385
audio_text_ln_lrh0.001_e5_s42,49,1,1.01187,3.5932,0.0,0.00015705128205128205
audio_text_ln_lrh0.001_e5_s42,50,1,1.65072,3.0005,0.0,0.00016025641025641028
audio_text_ln_lrh0.001_e5_s42,51,1,1.73681,3.4057,0.0,0.00016346153846153846
audio_text_ln_lrh0.001_e5_s42,52,1,1.94797,6.0677,0.0,0.00016666666666666666
audio_text_ln_lrh0.001_e5_s42,53,1,2.1319,5.9031,0.0,0.0001698717948717949
audio_text_ln_lrh0.001_e5_s42,54,1,1.4471,2.8812,0.0,0.00017307692307692307
audio_text_ln_lrh0.001_e5_s42,55,1,1.49663,2.6582,0.0,0.0001762820512820513
audio_text_ln_lrh0.001_e5_s42,56,1,1.67507,3.3646,0.0,0.0001794871794871795
audio_text_ln_lrh0.001_e5_s42,57,1,1.86525,3.4772,0.0,0.00018269230769230767
audio_text_ln_lrh0.001_e5_s42,58,1,1.51375,2.921,0.0,0.0001858974358974359
audio_text_ln_lrh0.001_e5_s42,59,1,1.42808,2.9158,0.0,0.0001891025641025641
audio_text_ln_lrh0.001_e5_s42,60,1,1.9148,4.6193,0.0,0.00019230769230769233
audio_text_ln_lrh0.001_e5_s42,61,1,1.43391,2.2813,0.0,0.0001955128205128205
audio_text_ln_lrh0.001_e5_s42,62,1,1.55615,3.2466,0.0,0.0001987179487179487
audio_text_ln_lrh0.001_e5_s42,63,1,1.34548,3.5981,0.0,0.00020192307692307694
audio_text_ln_lrh0.001_e5_s42,64,1,1.5572,3.6984,0.0,0.00020512820512820512
audio_text_ln_lrh0.001_e5_s42,65,1,1.7152,4.9071,0.0,0.00020833333333333335
audio_text_ln_lrh0.001_e5_s42,66,1,1.78471,3.2727,0.0,0.00021153846153846155
audio_text_ln_lrh0.001_e5_s42,67,1,1.56669,3.4152,0.0,0.00021474358974358972
audio_text_ln_lrh0.001_e5_s42,68,1,1.72324,2.7373,0.0,0.00021794871794871795
audio_text_ln_lrh0.001_e5_s42,69,1,1.80316,3.7961,0.0,0.00022115384615384616
audio_text_ln_lrh0.001_e5_s42,70,1,1.6317,2.8371,0.0,0.00022435897435897436
audio_text_ln_lrh0.001_e5_s42,71,1,1.67302,2.5875,0.0,0.00022756410256410256
audio_text_ln_lrh0.001_e5_s42,72,1,1.29521,3.7509,0.0,0.0002307692307692308
audio_text_ln_lrh0.001_e5_s42,73,1,1.81353,5.5467,0.0,0.000233974358974359
audio_text_ln_lrh0.001_e5_s42,74,1,1.53571,2.8748,0.0,0.00023717948717948717
audio_text_ln_lrh0.001_e5_s42,75,1,1.11969,5.0802,0.0,0.0002403846153846154
audio_text_ln_lrh0.001_e5_s42,76,1,1.62604,3.4651,0.0,0.0002435897435897436
audio_text_ln_lrh0.001_e5_s42,77,1,1.28837,2.6518,0.0,0.0002467948717948718
audio_text_ln_lrh0.001_e5_s42,78,1,1.56111,2.4074,0.0,0.00025
audio_text_ln_lrh0.001_e5_s42,79,1,1.43687,2.6465,0.0,0.0002532051282051282
audio_text_ln_lrh0.001_e5_s42,80,1,2.0914,4.3023,0.0,0.0002564102564102564
audio_text_ln_lrh0.001_e5_s42,81,1,1.3977,3.2822,0.0,0.00025961538461538467
audio_text_ln_lrh0.001_e5_s42,82,1,1.59215,2.8327,0.0,0.0002628205128205128
audio_text_ln_lrh0.001_e5_s42,83,1,1.66527,3.8559,0.0,0.000266025641025641
audio_text_ln_lrh0.001_e5_s42,84,1,1.59267,2.9693,0.0,0.0002692307692307692
audio_text_ln_lrh0.001_e5_s42,85,1,1.694,2.9837,0.0,0.0002724358974358974
audio_text_ln_lrh0.001_e5_s42,86,1,1.60349,2.42,0.0,0.0002756410256410257
audio_text_ln_lrh0.001_e5_s42,87,1,1.44581,2.6546,0.0,0.0002788461538461539
audio_text_ln_lrh0.001_e5_s42,88,1,1.35593,2.8668,0.0,0.00028205128205128203
audio_text_ln_lrh0.001_e5_s42,89,1,1.77632,3.7081,0.0,0.00028525641025641023
audio_text_ln_lrh0.001_e5_s42,90,1,1.78272,5.0975,0.0,0.00028846153846153843
audio_text_ln_lrh0.001_e5_s42,91,1,1.5716,2.688,0.0,0.0002916666666666667
audio_text_ln_lrh0.001_e5_s42,92,1,1.42349,2.7763,0.0,0.0002948717948717949
audio_text_ln_lrh0.001_e5_s42,93,1,1.4489,3.6795,0.0,0.0002980769230769231
audio_text_ln_lrh0.001_e5_s42,94,1,1.28814,2.4471,0.0,0.0003012820512820513
audio_text_ln_lrh0.001_e5_s42,95,1,1.1064,3.1553,0.0,0.00030448717948717945
audio_text_ln_lrh0.001_e5_s42,96,1,1.47922,2.6828,0.0,0.0003076923076923077
audio_text_ln_lrh0.001_e5_s42,97,1,1.49938,2.7258,0.0,0.0003108974358974359
audio_text_ln_lrh0.001_e5_s42,98,1,1.77576,3.3221,0.0,0.0003141025641025641
audio_text_ln_lrh0.001_e5_s42,99,1,1.83189,3.8283,0.0,0.0003173076923076923
audio_text_ln_lrh0.001_e5_s42,100,1,1.44265,2.5702,0.0,0.00032051282051282057
audio_text_ln_lrh0.001_e5_s42,101,1,1.59735,3.3302,0.0,0.0003237179487179487
audio_text_ln_lrh0.001_e5_s42,102,1,1.64384,2.7236,0.0,0.0003269230769230769
audio_text_ln_lrh0.001_e5_s42,103,1,1.67247,4.7358,0.0,0.0003301282051282051
audio_text_ln_lrh0.001_e5_s42,104,1,1.60304,2.9515,0.0,0.0003333333333333333
audio_text_ln_lrh0.001_e5_s42,105,1,1.39291,2.7437,0.0,0.0003365384615384616
audio_text_ln_lrh0.001_e5_s42,106,1,1.756,3.316,0.0,0.0003397435897435898
audio_text_ln_lrh0.001_e5_s42,107,1,1.62689,3.2735,0.0,0.000342948717948718
audio_text_ln_lrh0.001_e5_s42,108,1,1.24464,3.3161,0.0,0.00034615384615384613
audio_text_ln_lrh0.001_e5_s42,109,1,1.34897,3.0327,0.0,0.00034935897435897433
audio_text_ln_lrh0.001_e5_s42,110,1,1.55524,3.2004,0.0,0.0003525641025641026
audio_text_ln_lrh0.001_e5_s42,111,1,1.34398,4.1123,0.0,0.0003557692307692308
audio_text_ln_lrh0.001_e5_s42,112,1,1.61035,2.7352,0.0,0.000358974358974359
audio_text_ln_lrh0.001_e5_s42,113,1,1.73853,2.86,0.0,0.0003621794871794872
audio_text_ln_lrh0.001_e5_s42,114,1,1.27393,3.4991,0.0,0.00036538461538461535
audio_text_ln_lrh0.001_e5_s42,115,1,1.58077,3.3526,0.0,0.0003685897435897436
audio_text_ln_lrh0.001_e5_s42,116,1,1.23396,2.8767,0.0,0.0003717948717948718
audio_text_ln_lrh0.001_e5_s42,117,1,1.78469,3.9957,0.0,0.000375
audio_text_ln_lrh0.001_e5_s42,118,1,1.35567,2.4811,0.0,0.0003782051282051282
audio_text_ln_lrh0.001_e5_s42,119,1,1.61573,4.3177,0.0,0.0003814102564102564
audio_text_ln_lrh0.001_e5_s42,120,1,1.38431,3.2664,0.0,0.00038461538461538467
audio_text_ln_lrh0.001_e5_s42,121,1,1.85207,3.5312,0.0,0.0003878205128205128
audio_text_ln_lrh0.001_e5_s42,122,1,1.51432,3.1534,0.0,0.000391025641025641
audio_text_ln_lrh0.001_e5_s42,123,1,1.44211,2.787,0.0,0.0003942307692307692
audio_text_ln_lrh0.001_e5_s42,124,1,1.48954,2.6996,0.0,0.0003974358974358974
audio_text_ln_lrh0.001_e5_s42,125,1,1.91516,5.4974,0.0,0.0004006410256410257
audio_text_ln_lrh0.001_e5_s42,126,1,1.0076,4.8762,0.0,0.0004038461538461539
audio_text_ln_lrh0.001_e5_s42,127,1,1.25999,2.8807,0.0,0.00040705128205128203
audio_text_ln_lrh0.001_e5_s42,128,1,1.72834,2.6128,0.0,0.00041025641025641023
audio_text_ln_lrh0.001_e5_s42,129,1,1.30962,3.9461,0.0,0.00041346153846153844
audio_text_ln_lrh0.001_e5_s42,130,1,1.45441,2.7072,0.0,0.0004166666666666667
audio_text_ln_lrh0.001_e5_s42,131,1,1.52047,2.4158,0.0,0.0004198717948717949
audio_text_ln_lrh0.001_e5_s42,132,1,1.18657,3.1265,0.0,0.0004230769230769231
audio_text_ln_lrh0.001_e5_s42,133,1,1.71916,4.625,0.0,0.0004262820512820513
audio_text_ln_lrh0.001_e5_s42,134,1,1.4026,3.2557,0.0,0.00042948717948717945
audio_text_ln_lrh0.001_e5_s42,135,1,1.41452,2.9821,0.0,0.0004326923076923077
audio_text_ln_lrh0.001_e5_s42,136,1,1.02085,3.2283,0.0,0.0004358974358974359
audio_text_ln_lrh0.001_e5_s42,137,1,1.43207,2.8697,0.0,0.0004391025641025641
audio_text_ln_lrh0.001_e5_s42,138,1,1.29508,2.2372,0.0,0.0004423076923076923
audio_text_ln_lrh0.001_e5_s42,139,1,1.4033,2.6604,0.0,0.00044551282051282057
audio_text_ln_lrh0.001_e5_s42,140,1,1.44872,2.9109,0.0,0.0004487179487179487
audio_text_ln_lrh0.001_e5_s42,141,1,1.75778,4.0538,0.0,0.0004519230769230769
audio_text_ln_lrh0.001_e5_s42,142,1,1.87462,6.396,0.0,0.0004551282051282051
audio_text_ln_lrh0.001_e5_s42,143,1,1.30521,2.3809,0.0,0.0004583333333333333
audio_text_ln_lrh0.001_e5_s42,144,1,1.47527,2.8864,0.0,0.0004615384615384616
audio_text_ln_lrh0.001_e5_s42,145,1,1.61872,3.4428,0.0,0.0004647435897435898
audio_text_ln_lrh0.001_e5_s42,146,1,1.29937,3.9078,0.0,0.000467948717948718
audio_text_ln_lrh0.001_e5_s42,147,1,1.70765,3.4118,0.0,0.00047115384615384613
audio_text_ln_lrh0.001_e5_s42,148,1,1.77432,3.5149,0.0,0.00047435897435897434
audio_text_ln_lrh0.001_e5_s42,149,1,1.68222,3.3138,0.0,0.0004775641025641026
audio_text_ln_lrh0.001_e5_s42,150,1,1.22213,4.1833,0.0,0.0004807692307692308
audio_text_ln_lrh0.001_e5_s42,151,1,1.75887,3.9271,0.0,0.000483974358974359
audio_text_ln_lrh0.001_e5_s42,152,1,1.62428,5.0257,0.0,0.0004871794871794872
audio_text_ln_lrh0.001_e5_s42,153,1,1.86972,3.274,0.0,0.0004903846153846154
audio_text_ln_lrh0.001_e5_s42,154,1,1.51343,3.9958,0.0,0.0004935897435897436
audio_text_ln_lrh0.001_e5_s42,155,1,1.22217,5.3092,0.0,0.0004967948717948718
audio_text_ln_lrh0.001_e5_s42,156,1,1.91818,3.621,0.0,0.0005
audio_text_ln_lrh0.001_e5_s42,157,1,1.65728,3.5104,0.0,0.0005032051282051282
audio_text_ln_lrh0.001_e5_s42,158,1,1.93366,3.5908,0.0,0.0005064102564102564
audio_text_ln_lrh0.001_e5_s42,159,1,1.59025,3.4183,0.0,0.0005096153846153846
audio_text_ln_lrh0.001_e5_s42,160,1,1.50951,4.3438,0.0,0.0005128205128205128
audio_text_ln_lrh0.001_e5_s42,161,1,1.67935,3.7165,0.0,0.0005160256410256411
audio_text_ln_lrh0.001_e5_s42,162,1,1.86935,3.6033,0.0,0.0005192307692307693
audio_text_ln_lrh0.001_e5_s42,163,1,1.55607,2.5453,0.0,0.0005224358974358974
audio_text_ln_lrh0.001_e5_s42,164,1,1.38852,2.6713,0.0,0.0005256410256410256
audio_text_ln_lrh0.001_e5_s42,165,1,1.3506,2.6737,0.0,0.0005288461538461538
audio_text_ln_lrh0.001_e5_s42,166,1,1.42923,3.2384,0.0,0.000532051282051282
audio_text_ln_lrh0.001_e5_s42,167,1,1.84074,4.1502,0.0,0.0005352564102564102
audio_text_ln_lrh0.001_e5_s42,168,1,1.22627,2.7748,0.0,0.0005384615384615384
audio_text_ln_lrh0.001_e5_s42,169,1,1.41837,3.4508,0.0,0.0005416666666666666
audio_text_ln_lrh0.001_e5_s42,170,1,1.43877,2.317,0.0,0.0005448717948717948
audio_text_ln_lrh0.001_e5_s42,171,1,1.61218,2.7013,0.0,0.0005480769230769232
audio_text_ln_lrh0.001_e5_s42,172,1,1.46212,3.1498,0.0,0.0005512820512820514
audio_text_ln_lrh0.001_e5_s42,173,1,1.10488,3.9492,0.0,0.0005544871794871796
audio_text_ln_lrh0.001_e5_s42,174,1,1.77448,3.2934,0.0,0.0005576923076923078
audio_text_ln_lrh0.001_e5_s42,175,1,1.73063,4.0695,0.0,0.000560897435897436
audio_text_ln_lrh0.001_e5_s42,176,1,1.14334,2.4809,0.0,0.0005641025641025641
audio_text_ln_lrh0.001_e5_s42,177,1,1.55801,3.1816,0.0,0.0005673076923076923
audio_text_ln_lrh0.001_e5_s42,178,1,1.29641,4.1313,0.0,0.0005705128205128205
audio_text_ln_lrh0.001_e5_s42,179,1,1.92661,5.168,0.0,0.0005737179487179487
audio_text_ln_lrh0.001_e5_s42,180,1,1.75847,2.3684,0.0,0.0005769230769230769
audio_text_ln_lrh0.001_e5_s42,181,1,1.51396,3.8437,0.0,0.0005801282051282052
audio_text_ln_lrh0.001_e5_s42,182,1,1.92028,3.9483,0.0,0.0005833333333333334
audio_text_ln_lrh0.001_e5_s42,183,1,1.31876,3.0579,0.0,0.0005865384615384616
audio_text_ln_lrh0.001_e5_s42,184,1,1.9659,4.366,0.0,0.0005897435897435898
audio_text_ln_lrh0.001_e5_s42,185,1,1.65848,3.4332,0.0,0.000592948717948718
audio_text_ln_lrh0.001_e5_s42,186,1,1.345,3.1404,0.0,0.0005961538461538462
audio_text_ln_lrh0.001_e5_s42,187,1,1.60736,4.4537,0.0,0.0005993589743589744
audio_text_ln_lrh0.001_e5_s42,188,1,1.99139,3.9826,0.0,0.0006025641025641026
audio_text_ln_lrh0.001_e5_s42,189,1,1.45465,4.0788,0.0,0.0006057692307692307
audio_text_ln_lrh0.001_e5_s42,190,1,1.59176,2.9719,0.0,0.0006089743589743589
audio_text_ln_lrh0.001_e5_s42,191,1,1.55134,2.4257,0.0,0.0006121794871794872
audio_text_ln_lrh0.001_e5_s42,192,1,1.5218,3.9461,0.0,0.0006153846153846154
audio_text_ln_lrh0.001_e5_s42,193,1,1.4019,3.2037,0.0,0.0006185897435897436
audio_text_ln_lrh0.001_e5_s42,194,1,1.35996,2.6779,0.0,0.0006217948717948718
audio_text_ln_lrh0.001_e5_s42,195,1,1.62705,3.5913,0.0,0.000625
audio_text_ln_lrh0.001_e5_s42,196,1,1.52741,3.5062,0.0,0.0006282051282051282
audio_text_ln_lrh0.001_e5_s42,197,1,1.54435,4.6649,0.0,0.0006314102564102564
audio_text_ln_lrh0.001_e5_s42,198,1,1.24044,3.7127,0.0,0.0006346153846153846
audio_text_ln_lrh0.001_e5_s42,199,1,1.40534,2.1622,0.0,0.0006378205128205128
audio_text_ln_lrh0.001_e5_s42,200,1,2.10694,4.4834,0.0,0.0006410256410256411
audio_text_ln_lrh0.001_e5_s42,201,1,1.19946,3.4005,0.0,0.0006442307692307693
audio_text_ln_lrh0.001_e5_s42,202,1,1.36449,4.6911,0.0,0.0006474358974358974
audio_text_ln_lrh0.001_e5_s42,203,1,1.82252,4.745,0.0,0.0006506410256410256
audio_text_ln_lrh0.001_e5_s42,204,1,1.40571,3.0199,0.0,0.0006538461538461538
audio_text_ln_lrh0.001_e5_s42,205,1,1.35901,2.2384,0.0,0.000657051282051282
audio_text_ln_lrh0.001_e5_s42,206,1,1.39908,2.4556,0.0,0.0006602564102564102
audio_text_ln_lrh0.001_e5_s42,207,1,1.18276,4.1377,0.0,0.0006634615384615384
audio_text_ln_lrh0.001_e5_s42,208,1,1.80443,5.4731,0.0,0.0006666666666666666
audio_text_ln_lrh0.001_e5_s42,209,1,1.53066,4.297,0.0,0.0006698717948717948
audio_text_ln_lrh0.001_e5_s42,210,1,1.55487,2.4918,0.0,0.0006730769230769232
audio_text_ln_lrh0.001_e5_s42,211,1,1.48194,2.6305,0.0,0.0006762820512820514
audio_text_ln_lrh0.001_e5_s42,212,1,1.17168,2.7964,0.0,0.0006794871794871796
audio_text_ln_lrh0.001_e5_s42,213,1,1.3011,3.3881,0.0,0.0006826923076923078
audio_text_ln_lrh0.001_e5_s42,214,1,1.73513,3.1325,0.0,0.000685897435897436
audio_text_ln_lrh0.001_e5_s42,215,1,1.51439,2.5964,0.0,0.0006891025641025641
audio_text_ln_lrh0.001_e5_s42,216,1,1.3688,2.3279,0.0,0.0006923076923076923
audio_text_ln_lrh0.001_e5_s42,217,1,1.61016,3.0951,0.0,0.0006955128205128205
audio_text_ln_lrh0.001_e5_s42,218,1,1.18543,2.1442,0.0,0.0006987179487179487
audio_text_ln_lrh0.001_e5_s42,219,1,1.09762,3.3489,0.0,0.0007019230769230769
audio_text_ln_lrh0.001_e5_s42,220,1,1.46511,2.9027,0.0,0.0007051282051282052
audio_text_ln_lrh0.001_e5_s42,221,1,1.70067,3.685,0.0,0.0007083333333333334
audio_text_ln_lrh0.001_e5_s42,222,1,1.53585,3.2704,0.0,0.0007115384615384616
audio_text_ln_lrh0.001_e5_s42,223,1,2.00725,3.4042,0.0,0.0007147435897435898
audio_text_ln_lrh0.001_e5_s42,224,1,1.4248,2.6312,0.0,0.000717948717948718
audio_text_ln_lrh0.001_e5_s42,225,1,1.22698,3.8172,0.0,0.0007211538461538462
audio_text_ln_lrh0.001_e5_s42,226,1,1.51032,2.8637,0.0,0.0007243589743589744
audio_text_ln_lrh0.001_e5_s42,227,1,1.11541,2.9036,0.0,0.0007275641025641026
audio_text_ln_lrh0.001_e5_s42,228,1,1.50075,2.7186,0.0,0.0007307692307692307
audio_text_ln_lrh0.001_e5_s42,229,1,1.54213,4.6182,0.0,0.0007339743589743589
audio_text_ln_lrh0.001_e5_s42,230,1,1.27182,2.0194,0.0,0.0007371794871794872
audio_text_ln_lrh0.001_e5_s42,231,1,1.19235,2.5822,0.0,0.0007403846153846154
audio_text_ln_lrh0.001_e5_s42,232,1,1.37749,2.4931,0.0,0.0007435897435897436
audio_text_ln_lrh0.001_e5_s42,233,1,1.30004,2.9805,0.0,0.0007467948717948718
audio_text_ln_lrh0.001_e5_s42,234,1,1.20415,4.483,0.0,0.00075
audio_text_ln_lrh0.001_e5_s42,235,1,1.8466,5.7355,0.0,0.0007532051282051282
audio_text_ln_lrh0.001_e5_s42,236,1,0.9489,3.0925,0.0,0.0007564102564102564
audio_text_ln_lrh0.001_e5_s42,237,1,1.66578,3.3443,0.0,0.0007596153846153846
audio_text_ln_lrh0.001_e5_s42,238,1,1.93449,6.4338,0.0,0.0007628205128205128
audio_text_ln_lrh0.001_e5_s42,239,1,1.34271,2.829,0.0,0.0007660256410256411
audio_text_ln_lrh0.001_e5_s42,240,1,1.44707,4.0054,0.0,0.0007692307692307693
audio_text_ln_lrh0.001_e5_s42,241,1,2.09618,6.4746,0.0,0.0007724358974358974
audio_text_ln_lrh0.001_e5_s42,242,1,1.40668,2.5333,0.0,0.0007756410256410256
audio_text_ln_lrh0.001_e5_s42,243,1,1.23928,2.8277,0.0,0.0007788461538461538
audio_text_ln_lrh0.001_e5_s42,244,1,1.18928,1.8895,0.0,0.000782051282051282
audio_text_ln_lrh0.001_e5_s42,245,1,0.99136,3.347,0.0,0.0007852564102564102
audio_text_ln_lrh0.001_e5_s42,246,1,1.58137,2.4733,0.0,0.0007884615384615384
audio_text_ln_lrh0.001_e5_s42,247,1,1.502,2.9131,0.0,0.0007916666666666666
audio_text_ln_lrh0.001_e5_s42,248,1,1.35667,2.6923,0.0,0.0007948717948717948
audio_text_ln_lrh0.001_e5_s42,249,1,2.02537,3.8753,0.0,0.0007980769230769232
audio_text_ln_lrh0.001_e5_s42,250,1,1.70157,2.5833,0.0,0.0008012820512820514
audio_text_ln_lrh0.001_e5_s42,251,1,1.1659,2.5701,0.0,0.0008044871794871796
audio_text_ln_lrh0.001_e5_s42,252,1,1.48059,2.4404,0.0,0.0008076923076923078
audio_text_ln_lrh0.001_e5_s42,253,1,1.4083,3.7046,0.0,0.000810897435897436
audio_text_ln_lrh0.001_e5_s42,254,1,1.07185,2.729,0.0,0.0008141025641025641
audio_text_ln_lrh0.001_e5_s42,255,1,1.58426,3.0931,0.0,0.0008173076923076923
audio_text_ln_lrh0.001_e5_s42,256,1,1.19981,3.1868,0.0,0.0008205128205128205
audio_text_ln_lrh0.001_e5_s42,257,1,1.25904,2.0684,0.0,0.0008237179487179487
audio_text_ln_lrh0.001_e5_s42,258,1,1.36999,3.1436,0.0,0.0008269230769230769
audio_text_ln_lrh0.001_e5_s42,259,1,1.30137,2.0152,0.0,0.0008301282051282052
audio_text_ln_lrh0.001_e5_s42,260,1,1.34418,2.6774,0.0,0.0008333333333333334
audio_text_ln_lrh0.001_e5_s42,261,1,1.58464,3.6948,0.0,0.0008365384615384616
audio_text_ln_lrh0.001_e5_s42,262,1,1.22516,2.1064,0.0,0.0008397435897435898
audio_text_ln_lrh0.001_e5_s42,263,1,1.6702,4.7637,0.0,0.000842948717948718
audio_text_ln_lrh0.001_e5_s42,264,1,1.50063,2.3391,0.0,0.0008461538461538462
audio_text_ln_lrh0.001_e5_s42,265,1,2.71953,7.2333,0.0,0.0008493589743589744
audio_text_ln_lrh0.001_e5_s42,266,1,1.31359,2.6848,0.0,0.0008525641025641026
audio_text_ln_lrh0.001_e5_s42,267,1,1.58018,3.0138,0.0,0.0008557692307692307
audio_text_ln_lrh0.001_e5_s42,268,1,1.16266,2.825,0.0,0.0008589743589743589
audio_text_ln_lrh0.001_e5_s42,269,1,1.99248,3.9491,0.0,0.0008621794871794872
audio_text_ln_lrh0.001_e5_s42,270,1,1.36647,2.533,0.0,0.0008653846153846154
audio_text_ln_lrh0.001_e5_s42,271,1,1.05833,3.476,0.0,0.0008685897435897436
audio_text_ln_lrh0.001_e5_s42,272,1,1.32967,3.337,0.0,0.0008717948717948718
audio_text_ln_lrh0.001_e5_s42,273,1,1.77216,3.179,0.0,0.000875
audio_text_ln_lrh0.001_e5_s42,274,1,1.08833,3.8885,0.0,0.0008782051282051282
audio_text_ln_lrh0.001_e5_s42,275,1,1.40511,2.3431,0.0,0.0008814102564102564
audio_text_ln_lrh0.001_e5_s42,276,1,1.18006,3.5973,0.0,0.0008846153846153846
audio_text_ln_lrh0.001_e5_s42,277,1,1.16624,2.7691,0.0,0.0008878205128205128
audio_text_ln_lrh0.001_e5_s42,278,1,1.18783,2.838,0.0,0.0008910256410256411
audio_text_ln_lrh0.001_e5_s42,279,1,1.48617,2.6302,0.0,0.0008942307692307693
audio_text_ln_lrh0.001_e5_s42,280,1,1.80037,3.8747,0.0,0.0008974358974358974
audio_text_ln_lrh0.001_e5_s42,281,1,0.88286,2.1974,0.0,0.0009006410256410256
audio_text_ln_lrh0.001_e5_s42,282,1,1.90682,5.5972,0.0,0.0009038461538461538
audio_text_ln_lrh0.001_e5_s42,283,1,1.39889,2.2943,0.0,0.000907051282051282
audio_text_ln_lrh0.001_e5_s42,284,1,1.97027,5.7087,0.0,0.0009102564102564102
audio_text_ln_lrh0.001_e5_s42,285,1,1.89734,4.8206,0.0,0.0009134615384615384
audio_text_ln_lrh0.001_e5_s42,286,1,1.42024,2.5254,0.0,0.0009166666666666666
audio_text_ln_lrh0.001_e5_s42,287,1,1.83977,4.0228,0.0,0.0009198717948717949
audio_text_ln_lrh0.001_e5_s42,288,1,1.34257,2.4193,0.0,0.0009230769230769232
audio_text_ln_lrh0.001_e5_s42,289,1,1.27957,2.1125,0.0,0.0009262820512820514
audio_text_ln_lrh0.001_e5_s42,290,1,1.34443,2.6759,0.0,0.0009294871794871796
audio_text_ln_lrh0.001_e5_s42,291,1,1.78244,2.7027,0.0,0.0009326923076923078
audio_text_ln_lrh0.001_e5_s42,292,1,1.50619,2.439,0.0,0.000935897435897436
audio_text_ln_lrh0.001_e5_s42,293,1,1.25157,3.1513,0.0,0.0009391025641025641
audio_text_ln_lrh0.001_e5_s42,294,1,1.57646,2.1085,0.0,0.0009423076923076923
audio_text_ln_lrh0.001_e5_s42,295,1,1.5999,2.9469,0.0,0.0009455128205128205
audio_text_ln_lrh0.001_e5_s42,296,1,1.6523,2.5476,0.0,0.0009487179487179487
audio_text_ln_lrh0.001_e5_s42,297,1,1.60339,3.0776,0.0,0.0009519230769230769
audio_text_ln_lrh0.001_e5_s42,298,1,1.60042,2.444,0.0,0.0009551282051282052
audio_text_ln_lrh0.001_e5_s42,299,1,1.83456,3.793,0.0,0.0009583333333333334
audio_text_ln_lrh0.001_e5_s42,300,1,1.7185,3.0061,0.0,0.0009615384615384616
audio_text_ln_lrh0.001_e5_s42,301,1,1.74992,2.3365,0.0,0.0009647435897435898
audio_text_ln_lrh0.001_e5_s42,302,1,1.54923,3.4455,0.0,0.000967948717948718
audio_text_ln_lrh0.001_e5_s42,303,1,1.51432,3.8481,0.0,0.0009711538461538462
audio_text_ln_lrh0.001_e5_s42,304,1,1.40804,2.7832,0.0,0.0009743589743589744
audio_text_ln_lrh0.001_e5_s42,305,1,1.35543,2.3228,0.0,0.0009775641025641026
audio_text_ln_lrh0.001_e5_s42,306,1,1.56969,1.9007,0.0,0.0009807692307692308
audio_text_ln_lrh0.001_e5_s42,307,1,1.26885,2.8835,0.0,0.000983974358974359
audio_text_ln_lrh0.001_e5_s42,308,1,1.41316,2.6867,0.0,0.0009871794871794872
audio_text_ln_lrh0.001_e5_s42,309,1,1.14063,2.1875,0.0,0.0009903846153846154
audio_text_ln_lrh0.001_e5_s42,310,1,1.54136,2.7466,0.0,0.0009935897435897436
audio_text_ln_lrh0.001_e5_s42,311,1,1.13582,2.6452,0.0,0.0009967948717948718
audio_text_ln_lrh0.001_e5_s42,312,1,1.43901,2.7548,0.0,0.001
audio_text_ln_lrh0.001_e5_s42,313,1,1.60733,4.8314,0.0,0.0009996445076430856
audio_text_ln_lrh0.001_e5_s42,314,1,1.62813,3.1167,0.0,0.0009992890152861714
audio_text_ln_lrh0.001_e5_s42,315,1,1.68254,3.3383,0.0,0.000998933522929257
audio_text_ln_lrh0.001_e5_s42,316,1,1.55466,2.2552,0.0,0.0009985780305723428
audio_text_ln_lrh0.001_e5_s42,317,1,1.05749,3.4687,0.0,0.0009982225382154284
audio_text_ln_lrh0.001_e5_s42,318,1,1.66477,2.4116,0.0,0.000997867045858514
audio_text_ln_lrh0.001_e5_s42,319,1,1.41829,2.4345,0.0,0.0009975115535015998
audio_text_ln_lrh0.001_e5_s42,320,1,1.47062,2.4318,0.0,0.0009971560611446854
audio_text_ln_lrh0.001_e5_s42,321,1,1.70503,2.8563,0.0,0.000996800568787771
audio_text_ln_lrh0.001_e5_s42,322,1,1.41813,2.4042,0.0,0.0009964450764308568
audio_text_ln_lrh0.001_e5_s42,323,1,1.76309,2.3846,0.0,0.0009960895840739426
audio_text_ln_lrh0.001_e5_s42,324,1,1.66357,2.4797,0.0,0.0009957340917170281
audio_text_ln_lrh0.001_e5_s42,325,1,1.56708,3.5239,0.0,0.0009953785993601137
audio_text_ln_lrh0.001_e5_s42,326,1,1.67998,1.9514,0.0,0.0009950231070031995
audio_text_ln_lrh0.001_e5_s42,327,1,1.48479,2.3087,0.0,0.0009946676146462851
audio_text_ln_lrh0.001_e5_s42,328,1,1.49431,2.3444,0.0,0.000994312122289371
audio_text_ln_lrh0.001_e5_s42,329,1,1.49681,2.5614,0.0,0.0009939566299324565
audio_text_ln_lrh0.001_e5_s42,330,1,1.22642,2.7289,0.0,0.000993601137575542
audio_text_ln_lrh0.001_e5_s42,331,1,1.73281,3.2732,0.0,0.000993245645218628
audio_text_ln_lrh0.001_e5_s42,332,1,1.75085,2.6478,0.0,0.0009928901528617135
audio_text_ln_lrh0.001_e5_s42,333,1,1.1955,2.3441,0.0,0.000992534660504799
audio_text_ln_lrh0.001_e5_s42,334,1,1.17112,1.9815,0.0,0.0009921791681478849
audio_text_ln_lrh0.001_e5_s42,335,1,1.63995,2.9357,0.0,0.0009918236757909705
audio_text_ln_lrh0.001_e5_s42,336,1,1.77531,3.2805,0.0,0.0009914681834340563
audio_text_ln_lrh0.001_e5_s42,337,1,1.10497,2.2232,0.0,0.0009911126910771418
audio_text_ln_lrh0.001_e5_s42,338,1,1.04552,2.1204,0.0,0.0009907571987202274
audio_text_ln_lrh0.001_e5_s42,339,1,1.17568,2.3499,0.0,0.0009904017063633132
audio_text_ln_lrh0.001_e5_s42,340,1,1.52261,2.6516,0.0,0.000990046214006399
audio_text_ln_lrh0.001_e5_s42,341,1,1.63838,3.4449,0.0,0.0009896907216494846
audio_text_ln_lrh0.001_e5_s42,342,1,2.18703,5.5229,0.0,0.0009893352292925702
audio_text_ln_lrh0.001_e5_s42,343,1,1.49299,2.2261,0.0,0.0009889797369356558
audio_text_ln_lrh0.001_e5_s42,344,1,1.42588,2.8377,0.0,0.0009886242445787416
audio_text_ln_lrh0.001_e5_s42,345,1,1.63663,2.7532,0.0,0.0009882687522218272
audio_text_ln_lrh0.001_e5_s42,346,1,1.66959,2.4385,0.0,0.0009879132598649128
audio_text_ln_lrh0.001_e5_s42,347,1,1.17896,2.1604,0.0,0.0009875577675079986
audio_text_ln_lrh0.001_e5_s42,348,1,0.93986,2.5386,0.0,0.0009872022751510844
audio_text_ln_lrh0.001_e5_s42,349,1,1.22293,2.8855,0.0,0.00098684678279417
audio_text_ln_lrh0.001_e5_s42,350,1,1.52193,2.5412,0.0,0.0009864912904372556
audio_text_ln_lrh0.001_e5_s42,351,1,1.00385,2.9899,0.0,0.0009861357980803414
audio_text_ln_lrh0.001_e5_s42,352,1,1.00961,2.4509,0.0,0.000985780305723427
audio_text_ln_lrh0.001_e5_s42,353,1,0.90905,2.7232,0.0,0.0009854248133665127
audio_text_ln_lrh0.001_e5_s42,354,1,1.48104,3.5432,0.0,0.0009850693210095983
audio_text_ln_lrh0.001_e5_s42,355,1,1.32304,2.6313,0.0,0.000984713828652684
audio_text_ln_lrh0.001_e5_s42,356,1,1.25204,3.3514,0.0,0.0009843583362957697
audio_text_ln_lrh0.001_e5_s42,357,1,1.74049,3.5507,0.0,0.0009840028439388553
audio_text_ln_lrh0.001_e5_s42,358,1,2.02357,5.7013,0.0,0.000983647351581941
audio_text_ln_lrh0.001_e5_s42,359,1,1.78887,4.3095,0.0,0.0009832918592250267
audio_text_ln_lrh0.001_e5_s42,360,1,1.61309,3.088,0.0,0.0009829363668681123
audio_text_ln_lrh0.001_e5_s42,361,1,1.52053,2.9874,0.0,0.000982580874511198
audio_text_ln_lrh0.001_e5_s42,362,1,1.70266,3.313,0.0,0.0009822253821542837
audio_text_ln_lrh0.001_e5_s42,363,1,1.30029,2.081,0.0,0.0009818698897973693
audio_text_ln_lrh0.001_e5_s42,364,1,1.25108,2.2506,0.0,0.000981514397440455
audio_text_ln_lrh0.001_e5_s42,365,1,1.65755,3.2153,0.0,0.0009811589050835409
audio_text_ln_lrh0.001_e5_s42,366,1,1.72886,2.4004,0.0,0.0009808034127266265
audio_text_ln_lrh0.001_e5_s42,367,1,1.60549,2.283,0.0,0.000980447920369712
audio_text_ln_lrh0.001_e5_s42,368,1,1.59401,3.3783,0.0,0.0009800924280127978
audio_text_ln_lrh0.001_e5_s42,369,1,1.27911,3.3927,0.0,0.0009797369356558834
audio_text_ln_lrh0.001_e5_s42,370,1,1.24714,3.5044,0.0,0.000979381443298969
audio_text_ln_lrh0.001_e5_s42,371,1,1.71486,2.6937,0.0,0.0009790259509420548
audio_text_ln_lrh0.001_e5_s42,372,1,1.62449,3.0996,0.0,0.0009786704585851404
audio_text_ln_lrh0.001_e5_s42,373,1,1.4143,2.422,0.0,0.0009783149662282262
audio_text_ln_lrh0.001_e5_s42,374,1,1.26712,2.7391,0.0,0.0009779594738713118
audio_text_ln_lrh0.001_e5_s42,375,1,1.27062,2.054,0.0,0.0009776039815143974
audio_text_ln_lrh0.001_e5_s42,376,1,1.46557,2.0038,0.0,0.0009772484891574832
audio_text_ln_lrh0.001_e5_s42,377,1,1.36017,2.4499,0.0,0.0009768929968005688
audio_text_ln_lrh0.001_e5_s42,378,1,1.42291,4.1314,0.0,0.0009765375044436545
audio_text_ln_lrh0.001_e5_s42,379,1,1.54749,3.8579,0.0,0.0009761820120867402
audio_text_ln_lrh0.001_e5_s42,380,1,2.32438,7.5754,0.0,0.0009758265197298259
audio_text_ln_lrh0.001_e5_s42,381,1,1.15123,2.9124,0.0,0.0009754710273729114
audio_text_ln_lrh0.001_e5_s42,382,1,2.10121,4.6849,0.0,0.0009751155350159971
audio_text_ln_lrh0.001_e5_s42,383,1,1.18603,1.7209,0.0,0.0009747600426590828
audio_text_ln_lrh0.001_e5_s42,384,1,1.24598,2.7412,0.0,0.0009744045503021685
audio_text_ln_lrh0.001_e5_s42,385,1,1.55458,3.1736,0.0,0.0009740490579452542
audio_text_ln_lrh0.001_e5_s42,386,1,1.74632,3.5081,0.0,0.0009736935655883399
audio_text_ln_lrh0.001_e5_s42,387,1,1.38604,2.0524,0.0,0.0009733380732314255
audio_text_ln_lrh0.001_e5_s42,388,1,1.66413,2.5777,0.0,0.0009729825808745112
audio_text_ln_lrh0.001_e5_s42,389,1,1.41328,2.2877,0.0,0.0009726270885175969
audio_text_ln_lrh0.001_e5_s42,390,1,1.34521,1.9015,0.0,0.0009722715961606826
audio_text_ln_lrh0.001_e5_s42,391,1,1.25767,1.9831,0.0,0.0009719161038037683
audio_text_ln_lrh0.001_e5_s42,392,1,1.60661,2.0325,0.0,0.000971560611446854
audio_text_ln_lrh0.001_e5_s42,393,1,1.80973,3.0347,0.0,0.0009712051190899396
audio_text_ln_lrh0.001_e5_s42,394,1,1.68759,2.555,0.0,0.0009708496267330253
audio_text_ln_lrh0.001_e5_s42,395,1,1.43611,2.0095,0.0,0.0009704941343761108
audio_text_ln_lrh0.001_e5_s42,396,1,1.20523,2.1639,0.0,0.0009701386420191967
audio_text_ln_lrh0.001_e5_s42,397,1,1.30583,3.3817,0.0,0.0009697831496622823
audio_text_ln_lrh0.001_e5_s42,398,1,1.52042,3.1707,0.0,0.0009694276573053679
audio_text_ln_lrh0.001_e5_s42,399,1,1.04645,3.6524,0.0,0.0009690721649484536
audio_text_ln_lrh0.001_e5_s42,400,1,1.87515,4.2625,0.0,0.0009687166725915393
audio_text_ln_lrh0.001_e5_s42,401,1,1.27976,3.733,0.0,0.0009683611802346249
audio_text_ln_lrh0.001_e5_s42,402,1,1.68957,3.769,0.0,0.0009680056878777106
audio_text_ln_lrh0.001_e5_s42,403,1,2.0077,3.9571,0.0,0.0009676501955207964
audio_text_ln_lrh0.001_e5_s42,404,1,1.14135,1.6291,0.0,0.000967294703163882
audio_text_ln_lrh0.001_e5_s42,405,1,1.1008,3.3783,0.0,0.0009669392108069677
audio_text_ln_lrh0.001_e5_s42,406,1,1.38282,2.3778,0.0,0.0009665837184500534
audio_text_ln_lrh0.001_e5_s42,407,1,1.45306,2.7367,0.0,0.000966228226093139
audio_text_ln_lrh0.001_e5_s42,408,1,1.20705,1.6918,0.0,0.0009658727337362247
audio_text_ln_lrh0.001_e5_s42,409,1,1.69441,2.8036,0.0,0.0009655172413793104
audio_text_ln_lrh0.001_e5_s42,410,1,1.31516,2.9345,0.0,0.000965161749022396
audio_text_ln_lrh0.001_e5_s42,411,1,1.21757,1.8974,0.0,0.0009648062566654817
audio_text_ln_lrh0.001_e5_s42,412,1,1.87093,3.5291,0.0,0.0009644507643085673
audio_text_ln_lrh0.001_e5_s42,413,1,1.12535,1.7156,0.0,0.000964095271951653
audio_text_ln_lrh0.001_e5_s42,414,1,1.75173,4.4526,0.0,0.0009637397795947387
audio_text_ln_lrh0.001_e5_s42,415,1,1.73417,3.0373,0.0,0.0009633842872378244
audio_text_ln_lrh0.001_e5_s42,416,1,1.55184,2.0513,0.0,0.0009630287948809101
audio_text_ln_lrh0.001_e5_s42,417,1,1.86496,2.6659,0.0,0.0009626733025239958
audio_text_ln_lrh0.001_e5_s42,418,1,1.71434,2.2912,0.0,0.0009623178101670814
audio_text_ln_lrh0.001_e5_s42,419,1,1.14414,3.4643,0.0,0.0009619623178101671
audio_text_ln_lrh0.001_e5_s42,420,1,1.34479,3.0595,0.0,0.0009616068254532528
audio_text_ln_lrh0.001_e5_s42,421,1,1.70301,3.0235,0.0,0.0009612513330963385
audio_text_ln_lrh0.001_e5_s42,422,1,1.64197,2.4269,0.0,0.0009608958407394242
audio_text_ln_lrh0.001_e5_s42,423,1,1.78291,1.9478,0.0,0.0009605403483825098
audio_text_ln_lrh0.001_e5_s42,424,1,1.53349,2.4395,0.0,0.0009601848560255955
audio_text_ln_lrh0.001_e5_s42,425,1,1.0831,3.8659,0.0,0.0009598293636686811
audio_text_ln_lrh0.001_e5_s42,426,1,1.52775,2.1459,0.0,0.0009594738713117667
audio_text_ln_lrh0.001_e5_s42,427,1,1.43426,2.3204,0.0,0.0009591183789548525
audio_text_ln_lrh0.001_e5_s42,428,1,1.72624,2.7283,0.0,0.0009587628865979382
audio_text_ln_lrh0.001_e5_s42,429,1,1.66359,3.2522,0.0,0.0009584073942410238
audio_text_ln_lrh0.001_e5_s42,430,1,1.55281,2.3767,0.0,0.0009580519018841095
audio_text_ln_lrh0.001_e5_s42,431,1,1.5243,3.0309,0.0,0.0009576964095271952
audio_text_ln_lrh0.001_e5_s42,432,1,1.06,2.9453,0.0,0.0009573409171702808
audio_text_ln_lrh0.001_e5_s42,433,1,1.58022,2.4938,0.0,0.0009569854248133665
audio_text_ln_lrh0.001_e5_s42,434,1,1.28251,2.4898,0.0,0.0009566299324564523
audio_text_ln_lrh0.001_e5_s42,435,1,1.12744,1.9455,0.0,0.0009562744400995379
audio_text_ln_lrh0.001_e5_s42,436,1,1.73813,3.1567,0.0,0.0009559189477426236
audio_text_ln_lrh0.001_e5_s42,437,1,1.26969,2.3373,0.0,0.0009555634553857092
audio_text_ln_lrh0.001_e5_s42,438,1,1.70966,4.4241,0.0,0.0009552079630287949
audio_text_ln_lrh0.001_e5_s42,439,1,1.58755,3.0986,0.0,0.0009548524706718806
audio_text_ln_lrh0.001_e5_s42,440,1,1.75994,4.1248,0.0,0.0009544969783149662
audio_text_ln_lrh0.001_e5_s42,441,1,1.23434,1.9518,0.0,0.0009541414859580519
audio_text_ln_lrh0.001_e5_s42,442,1,1.24338,1.6374,0.0,0.0009537859936011376
audio_text_ln_lrh0.001_e5_s42,443,1,1.71554,2.5519,0.0,0.0009534305012442232
audio_text_ln_lrh0.001_e5_s42,444,1,1.41911,2.0462,0.0,0.0009530750088873089
audio_text_ln_lrh0.001_e5_s42,445,1,1.5671,2.0701,0.0,0.0009527195165303946
audio_text_ln_lrh0.001_e5_s42,446,1,1.25143,2.1625,0.0,0.0009523640241734803
audio_text_ln_lrh0.001_e5_s42,447,1,1.466,2.8367,0.0,0.000952008531816566
audio_text_ln_lrh0.001_e5_s42,448,1,1.32735,2.2332,0.0,0.0009516530394596517
audio_text_ln_lrh0.001_e5_s42,449,1,1.44442,2.6653,0.0,0.0009512975471027373
audio_text_ln_lrh0.001_e5_s42,450,1,1.4683,2.4363,0.0,0.000950942054745823
audio_text_ln_lrh0.001_e5_s42,451,1,1.55596,2.1898,0.0,0.0009505865623889086
audio_text_ln_lrh0.001_e5_s42,452,1,1.36262,2.1268,0.0,0.0009502310700319944
audio_text_ln_lrh0.001_e5_s42,453,1,1.07814,2.531,0.0,0.0009498755776750801
audio_text_ln_lrh0.001_e5_s42,454,1,1.85655,2.9275,0.0,0.0009495200853181656
audio_text_ln_lrh0.001_e5_s42,455,1,1.37166,2.711,0.0,0.0009491645929612513
audio_text_ln_lrh0.001_e5_s42,456,1,1.43567,2.7231,0.0,0.000948809100604337
audio_text_ln_lrh0.001_e5_s42,457,1,1.57428,2.7862,0.0,0.0009484536082474226
audio_text_ln_lrh0.001_e5_s42,458,1,1.44856,1.7937,0.0,0.0009480981158905084
audio_text_ln_lrh0.001_e5_s42,459,1,1.40493,2.2327,0.0,0.0009477426235335941
audio_text_ln_lrh0.001_e5_s42,460,1,1.03833,2.2541,0.0,0.0009473871311766797
audio_text_ln_lrh0.001_e5_s42,461,1,1.68115,3.2199,0.0,0.0009470316388197654
audio_text_ln_lrh0.001_e5_s42,462,1,1.5096,3.4394,0.0,0.0009466761464628511
audio_text_ln_lrh0.001_e5_s42,463,1,1.11738,3.3059,0.0,0.0009463206541059367
audio_text_ln_lrh0.001_e5_s42,464,1,1.35887,2.1893,0.0,0.0009459651617490224
audio_text_ln_lrh0.001_e5_s42,465,1,1.20712,2.7477,0.0,0.0009456096693921082
audio_text_ln_lrh0.001_e5_s42,466,1,0.98031,2.2573,0.0,0.0009452541770351938
audio_text_ln_lrh0.001_e5_s42,467,1,1.30839,2.2429,0.0,0.0009448986846782795
audio_text_ln_lrh0.001_e5_s42,468,1,1.38455,1.948,0.0,0.000944543192321365
audio_text_ln_lrh0.001_e5_s42,469,1,1.4333,2.4783,0.0,0.0009441876999644507
audio_text_ln_lrh0.001_e5_s42,470,1,0.80255,2.6037,0.0,0.0009438322076075364
audio_text_ln_lrh0.001_e5_s42,471,1,1.30796,2.1677,0.0,0.0009434767152506221
audio_text_ln_lrh0.001_e5_s42,472,1,1.60613,2.76,0.0,0.0009431212228937078
audio_text_ln_lrh0.001_e5_s42,473,1,1.27075,3.1311,0.0,0.0009427657305367935
audio_text_ln_lrh0.001_e5_s42,474,1,1.72684,5.3761,0.0,0.0009424102381798791
audio_text_ln_lrh0.001_e5_s42,475,1,1.57039,2.997,0.0,0.0009420547458229648
audio_text_ln_lrh0.001_e5_s42,476,1,1.75045,4.2573,0.0,0.0009416992534660505
audio_text_ln_lrh0.001_e5_s42,477,1,1.28475,2.2393,0.0,0.0009413437611091362
audio_text_ln_lrh0.001_e5_s42,478,1,1.6587,2.6866,0.0,0.0009409882687522219
audio_text_ln_lrh0.001_e5_s42,479,1,1.60865,3.9326,0.0,0.0009406327763953076
audio_text_ln_lrh0.001_e5_s42,480,1,1.29484,1.9558,0.0,0.0009402772840383932
audio_text_ln_lrh0.001_e5_s42,481,1,1.54321,2.1281,0.0,0.0009399217916814789
audio_text_ln_lrh0.001_e5_s42,482,1,1.5792,2.4176,0.0,0.0009395662993245645
audio_text_ln_lrh0.001_e5_s42,483,1,1.631,2.5508,0.0,0.0009392108069676503
audio_text_ln_lrh0.001_e5_s42,484,1,1.55126,2.5021,0.0,0.000938855314610736
audio_text_ln_lrh0.001_e5_s42,485,1,1.59568,3.3137,0.0,0.0009384998222538215
audio_text_ln_lrh0.001_e5_s42,486,1,1.41754,3.1802,0.0,0.0009381443298969072
audio_text_ln_lrh0.001_e5_s42,487,1,1.5275,4.0075,0.0,0.0009377888375399929
audio_text_ln_lrh0.001_e5_s42,488,1,1.67331,2.5208,0.0,0.0009374333451830785
audio_text_ln_lrh0.001_e5_s42,489,1,1.46371,2.0482,0.0,0.0009370778528261643
audio_text_ln_lrh0.001_e5_s42,490,1,1.50449,3.2811,0.0,0.00093672236046925
audio_text_ln_lrh0.001_e5_s42,491,1,1.38463,2.8723,0.0,0.0009363668681123356
audio_text_ln_lrh0.001_e5_s42,492,1,1.6974,3.7553,0.0,0.0009360113757554213
audio_text_ln_lrh0.001_e5_s42,493,1,1.57749,2.0991,0.0,0.000935655883398507
audio_text_ln_lrh0.001_e5_s42,494,1,1.68936,2.6444,0.0,0.0009353003910415926
audio_text_ln_lrh0.001_e5_s42,495,1,1.50717,2.007,0.0,0.0009349448986846783
audio_text_ln_lrh0.001_e5_s42,496,1,1.66259,3.6817,0.0,0.000934589406327764
audio_text_ln_lrh0.001_e5_s42,497,1,1.40609,2.3439,0.0,0.0009342339139708497
audio_text_ln_lrh0.001_e5_s42,498,1,1.50125,2.7838,0.0,0.0009338784216139354
audio_text_ln_lrh0.001_e5_s42,499,1,1.74652,3.845,0.0,0.0009335229292570209
audio_text_ln_lrh0.001_e5_s42,500,1,1.12185,1.938,0.0,0.0009331674369001066
audio_text_ln_lrh0.001_e5_s42,501,1,2.1266,3.74,0.0,0.0009328119445431923
audio_text_ln_lrh0.001_e5_s42,502,1,1.46972,2.445,0.0,0.000932456452186278
audio_text_ln_lrh0.001_e5_s42,503,1,1.50844,1.9643,0.0,0.0009321009598293637
audio_text_ln_lrh0.001_e5_s42,504,1,1.41715,2.1428,0.0,0.0009317454674724494
audio_text_ln_lrh0.001_e5_s42,505,1,1.14597,3.2419,0.0,0.000931389975115535
audio_text_ln_lrh0.001_e5_s42,506,1,1.78066,2.6164,0.0,0.0009310344827586207
audio_text_ln_lrh0.001_e5_s42,507,1,1.75098,2.9748,0.0,0.0009306789904017064
audio_text_ln_lrh0.001_e5_s42,508,1,1.24988,2.9352,0.0,0.0009303234980447921
audio_text_ln_lrh0.001_e5_s42,509,1,1.2034,2.7655,0.0,0.0009299680056878778
audio_text_ln_lrh0.001_e5_s42,510,1,1.44395,2.878,0.0,0.0009296125133309634
audio_text_ln_lrh0.001_e5_s42,511,1,1.5117,2.4458,0.0,0.0009292570209740491
audio_text_ln_lrh0.001_e5_s42,512,1,1.19841,3.1239,0.0,0.0009289015286171348
audio_text_ln_lrh0.001_e5_s42,513,1,1.27146,3.7389,0.0,0.0009285460362602203
audio_text_ln_lrh0.001_e5_s42,514,1,1.46124,2.2449,0.0,0.0009281905439033061
audio_text_ln_lrh0.001_e5_s42,515,1,1.40202,2.1295,0.0,0.0009278350515463918
audio_text_ln_lrh0.001_e5_s42,516,1,1.66279,3.6852,0.0,0.0009274795591894774
audio_text_ln_lrh0.001_e5_s42,517,1,1.53979,3.4592,0.0,0.0009271240668325631
audio_text_ln_lrh0.001_e5_s42,518,1,1.96822,4.1678,0.0,0.0009267685744756488
audio_text_ln_lrh0.001_e5_s42,519,1,1.46137,3.1701,0.0,0.0009264130821187344
audio_text_ln_lrh0.001_e5_s42,520,1,1.55979,3.242,0.0,0.0009260575897618201
audio_text_ln_lrh0.001_e5_s42,521,1,1.20931,2.5833,0.0,0.0009257020974049059
audio_text_ln_lrh0.001_e5_s42,522,1,1.39174,2.6527,0.0,0.0009253466050479915
audio_text_ln_lrh0.001_e5_s42,523,1,1.24282,2.2309,0.0,0.0009249911126910772
audio_text_ln_lrh0.001_e5_s42,524,1,0.99274,2.7183,0.0,0.0009246356203341628
audio_text_ln_lrh0.001_e5_s42,525,1,1.45596,3.0237,0.0,0.0009242801279772485
audio_text_ln_lrh0.001_e5_s42,526,1,1.83043,2.8401,0.0,0.0009239246356203342
audio_text_ln_lrh0.001_e5_s42,527,1,1.57483,2.8024,0.0,0.0009235691432634199
audio_text_ln_lrh0.001_e5_s42,528,1,1.3415,2.4324,0.0,0.0009232136509065055
audio_text_ln_lrh0.001_e5_s42,529,1,1.65941,2.2618,0.0,0.0009228581585495912
audio_text_ln_lrh0.001_e5_s42,530,1,1.1077,2.3003,0.0,0.0009225026661926768
audio_text_ln_lrh0.001_e5_s42,531,1,1.5651,3.5365,0.0,0.0009221471738357625
audio_text_ln_lrh0.001_e5_s42,532,1,1.32079,1.9162,0.0,0.0009217916814788482
audio_text_ln_lrh0.001_e5_s42,533,1,1.59611,3.1272,0.0,0.0009214361891219339
audio_text_ln_lrh0.001_e5_s42,534,1,1.07114,2.3011,0.0,0.0009210806967650196
audio_text_ln_lrh0.001_e5_s42,535,1,1.85479,3.133,0.0,0.0009207252044081053
audio_text_ln_lrh0.001_e5_s42,536,1,1.44611,2.0499,0.0,0.0009203697120511909
audio_text_ln_lrh0.001_e5_s42,537,1,1.5697,3.121,0.0,0.0009200142196942766
audio_text_ln_lrh0.001_e5_s42,538,1,1.55432,2.1585,0.0,0.0009196587273373622
audio_text_ln_lrh0.001_e5_s42,539,1,1.52699,1.676,0.0,0.000919303234980448
audio_text_ln_lrh0.001_e5_s42,540,1,1.51772,2.2776,0.0,0.0009189477426235337
audio_text_ln_lrh0.001_e5_s42,541,1,1.3741,1.9343,0.0,0.0009185922502666193
audio_text_ln_lrh0.001_e5_s42,542,1,1.30754,1.6934,0.0,0.000918236757909705
audio_text_ln_lrh0.001_e5_s42,543,1,1.0998,1.9732,0.0,0.0009178812655527906
audio_text_ln_lrh0.001_e5_s42,544,1,1.64919,2.4937,0.0,0.0009175257731958762
audio_text_ln_lrh0.001_e5_s42,545,1,1.17501,2.4249,0.0,0.000917170280838962
audio_text_ln_lrh0.001_e5_s42,546,1,1.46544,2.6296,0.0,0.0009168147884820477
audio_text_ln_lrh0.001_e5_s42,547,1,1.405,2.4335,0.0,0.0009164592961251333
audio_text_ln_lrh0.001_e5_s42,548,1,1.67015,3.1922,0.0,0.000916103803768219
audio_text_ln_lrh0.001_e5_s42,549,1,1.17983,2.5871,0.0,0.0009157483114113047
audio_text_ln_lrh0.001_e5_s42,550,1,1.59537,3.1535,0.0,0.0009153928190543903
audio_text_ln_lrh0.001_e5_s42,551,1,1.7713,3.5845,0.0,0.000915037326697476
audio_text_ln_lrh0.001_e5_s42,552,1,1.15579,1.5062,0.0,0.0009146818343405618
audio_text_ln_lrh0.001_e5_s42,553,1,1.36278,2.07,0.0,0.0009143263419836474
audio_text_ln_lrh0.001_e5_s42,554,1,1.35302,1.9071,0.0,0.0009139708496267331
audio_text_ln_lrh0.001_e5_s42,555,1,1.38662,2.5166,0.0,0.0009136153572698187
audio_text_ln_lrh0.001_e5_s42,556,1,1.54499,2.17,0.0,0.0009132598649129044
audio_text_ln_lrh0.001_e5_s42,557,1,1.90902,4.9164,0.0,0.00091290437255599
audio_text_ln_lrh0.001_e5_s42,558,1,1.45917,2.5559,0.0,0.0009125488801990757
audio_text_ln_lrh0.001_e5_s42,559,1,1.46882,2.5614,0.0,0.0009121933878421614
audio_text_ln_lrh0.001_e5_s42,560,1,1.70125,2.7961,0.0,0.0009118378954852471
audio_text_ln_lrh0.001_e5_s42,561,1,1.55346,2.6057,0.0,0.0009114824031283327
audio_text_ln_lrh0.001_e5_s42,562,1,1.38542,2.5146,0.0,0.0009111269107714184
audio_text_ln_lrh0.001_e5_s42,563,1,1.33435,1.9777,0.0,0.0009107714184145041
audio_text_ln_lrh0.001_e5_s42,564,1,1.64526,2.9512,0.0,0.0009104159260575898
audio_text_ln_lrh0.001_e5_s42,565,1,1.55806,4.0759,0.0,0.0009100604337006755
audio_text_ln_lrh0.001_e5_s42,566,1,1.69578,2.2268,0.0,0.0009097049413437612
audio_text_ln_lrh0.001_e5_s42,567,1,1.75338,2.921,0.0,0.0009093494489868468
audio_text_ln_lrh0.001_e5_s42,568,1,1.74453,2.2291,0.0,0.0009089939566299325
audio_text_ln_lrh0.001_e5_s42,569,1,1.59041,2.5051,0.0,0.0009086384642730181
audio_text_ln_lrh0.001_e5_s42,570,1,1.60923,2.352,0.0,0.0009082829719161039
audio_text_ln_lrh0.001_e5_s42,571,1,1.6378,2.7411,0.0,0.0009079274795591896
audio_text_ln_lrh0.001_e5_s42,572,1,1.71913,2.6416,0.0,0.0009075719872022751
audio_text_ln_lrh0.001_e5_s42,573,1,1.5254,2.7889,0.0,0.0009072164948453608
audio_text_ln_lrh0.001_e5_s42,574,1,1.68073,2.2532,0.0,0.0009068610024884465
audio_text_ln_lrh0.001_e5_s42,575,1,1.60622,2.1006,0.0,0.0009065055101315321
audio_text_ln_lrh0.001_e5_s42,576,1,1.3299,2.286,0.0,0.0009061500177746179
audio_text_ln_lrh0.001_e5_s42,577,1,1.45787,1.9842,0.0,0.0009057945254177036
audio_text_ln_lrh0.001_e5_s42,578,1,1.6003,2.2555,0.0,0.0009054390330607892
audio_text_ln_lrh0.001_e5_s42,579,1,1.43894,2.3994,0.0,0.0009050835407038749
audio_text_ln_lrh0.001_e5_s42,580,1,1.55237,2.4642,0.0,0.0009047280483469606
audio_text_ln_lrh0.001_e5_s42,581,1,1.48666,2.3071,0.0,0.0009043725559900462
audio_text_ln_lrh0.001_e5_s42,582,1,1.42468,2.1766,0.0,0.0009040170636331319
audio_text_ln_lrh0.001_e5_s42,583,1,1.51975,2.4154,0.0,0.0009036615712762176
audio_text_ln_lrh0.001_e5_s42,584,1,1.34088,1.6556,0.0,0.0009033060789193033
audio_text_ln_lrh0.001_e5_s42,585,1,1.44522,2.5782,0.0,0.000902950586562389
audio_text_ln_lrh0.001_e5_s42,586,1,1.75951,2.6784,0.0,0.0009025950942054745
audio_text_ln_lrh0.001_e5_s42,587,1,1.773,3.189,0.0,0.0009022396018485602
audio_text_ln_lrh0.001_e5_s42,588,1,1.52063,2.0469,0.0,0.0009018841094916459
audio_text_ln_lrh0.001_e5_s42,589,1,1.72555,3.224,0.0,0.0009015286171347316
audio_text_ln_lrh0.001_e5_s42,590,1,1.82333,3.2392,0.0,0.0009011731247778173
audio_text_ln_lrh0.001_e5_s42,591,1,1.53197,2.1992,0.0,0.000900817632420903
audio_text_ln_lrh0.001_e5_s42,592,1,2.05698,2.8638,0.0,0.0009004621400639886
audio_text_ln_lrh0.001_e5_s42,593,1,1.52832,2.2653,0.0,0.0009001066477070743
audio_text_ln_lrh0.001_e5_s42,594,1,1.50572,1.9275,0.0,0.00089975115535016
audio_text_ln_lrh0.001_e5_s42,595,1,1.50895,3.0323,0.0,0.0008993956629932457
audio_text_ln_lrh0.001_e5_s42,596,1,1.87091,2.6254,0.0,0.0008990401706363314
audio_text_ln_lrh0.001_e5_s42,597,1,1.36539,2.555,0.0,0.000898684678279417
audio_text_ln_lrh0.001_e5_s42,598,1,1.27751,3.1071,0.0,0.0008983291859225027
audio_text_ln_lrh0.001_e5_s42,599,1,1.49134,2.2476,0.0,0.0008979736935655884
audio_text_ln_lrh0.001_e5_s42,600,1,1.4969,2.1651,0.0,0.000897618201208674
audio_text_ln_lrh0.001_e5_s42,601,1,1.92895,3.5631,0.0,0.0008972627088517597
audio_text_ln_lrh0.001_e5_s42,602,1,1.35577,2.3087,0.0,0.0008969072164948454
audio_text_ln_lrh0.001_e5_s42,603,1,1.62011,2.8682,0.0,0.000896551724137931
audio_text_ln_lrh0.001_e5_s42,604,1,1.60029,3.037,0.0,0.0008961962317810167
audio_text_ln_lrh0.001_e5_s42,605,1,1.69995,2.4514,0.0,0.0008958407394241024
audio_text_ln_lrh0.001_e5_s42,606,1,1.33899,2.9905,0.0,0.000895485247067188
audio_text_ln_lrh0.001_e5_s42,607,1,1.15328,3.1565,0.0,0.0008951297547102738
audio_text_ln_lrh0.001_e5_s42,608,1,1.50055,2.16,0.0,0.0008947742623533595
audio_text_ln_lrh0.001_e5_s42,609,1,1.36438,2.861,0.0,0.0008944187699964451
audio_text_ln_lrh0.001_e5_s42,610,1,1.62791,2.0531,0.0,0.0008940632776395308
audio_text_ln_lrh0.001_e5_s42,611,1,1.49776,2.266,0.0,0.0008937077852826164
audio_text_ln_lrh0.001_e5_s42,612,1,1.46731,2.4798,0.0,0.0008933522929257021
audio_text_ln_lrh0.001_e5_s42,613,1,1.7885,4.545,0.0,0.0008929968005687878
audio_text_ln_lrh0.001_e5_s42,614,1,1.56335,2.4153,0.0,0.0008926413082118735
audio_text_ln_lrh0.001_e5_s42,615,1,1.78321,3.3122,0.0,0.0008922858158549592
audio_text_ln_lrh0.001_e5_s42,616,1,1.93228,3.8946,0.0,0.0008919303234980448
audio_text_ln_lrh0.001_e5_s42,617,1,1.53382,2.7663,0.0,0.0008915748311411304
audio_text_ln_lrh0.001_e5_s42,618,1,1.16288,2.5768,0.0,0.0008912193387842161
audio_text_ln_lrh0.001_e5_s42,619,1,1.44938,1.9886,0.0,0.0008908638464273018
audio_text_ln_lrh0.001_e5_s42,620,1,1.64189,2.3302,0.0,0.0008905083540703875
audio_text_ln_lrh0.001_e5_s42,621,1,1.86622,3.6277,0.0,0.0008901528617134732
audio_text_ln_lrh0.001_e5_s42,622,1,1.47752,1.8726,0.0,0.0008897973693565589
audio_text_ln_lrh0.001_e5_s42,623,1,1.35413,1.962,0.0,0.0008894418769996445
audio_text_ln_lrh0.001_e5_s42,624,1,1.51911,1.8237,0.0,0.0008890863846427302
audio_text_ln_lrh0.001_e5_s42,625,1,1.69532,4.839,0.0,0.0008887308922858158
audio_text_ln_lrh0.001_e5_s42,626,2,1.46928,2.1109,0.0,0.0008883753999289016
audio_text_ln_lrh0.001_e5_s42,627,2,1.33011,2.7067,0.0,0.0008880199075719873
audio_text_ln_lrh0.001_e5_s42,628,2,0.93271,3.4945,0.0,0.0008876644152150729
audio_text_ln_lrh0.001_e5_s42,629,2,1.50987,1.9143,0.0,0.0008873089228581586
audio_text_ln_lrh0.001_e5_s42,630,2,1.73552,3.0068,0.0,0.0008869534305012442
audio_text_ln_lrh0.001_e5_s42,631,2,1.34558,1.8682,0.0,0.0008865979381443298
audio_text_ln_lrh0.001_e5_s42,632,2,1.44619,1.7091,0.0,0.0008862424457874156
audio_text_ln_lrh0.001_e5_s42,633,2,1.2638,1.566,0.0,0.0008858869534305013
audio_text_ln_lrh0.001_e5_s42,634,2,1.28762,1.9936,0.0,0.0008855314610735869
audio_text_ln_lrh0.001_e5_s42,635,2,1.34635,1.8925,0.0,0.0008851759687166726
audio_text_ln_lrh0.001_e5_s42,636,2,0.99078,1.9746,0.0,0.0008848204763597583
audio_text_ln_lrh0.001_e5_s42,637,2,1.7222,2.9731,0.0,0.0008844649840028439
audio_text_ln_lrh0.001_e5_s42,638,2,1.01517,2.1137,0.0,0.0008841094916459296
audio_text_ln_lrh0.001_e5_s42,639,2,1.39881,2.3128,0.0,0.0008837539992890154
audio_text_ln_lrh0.001_e5_s42,640,2,1.98355,4.639,0.0,0.000883398506932101
audio_text_ln_lrh0.001_e5_s42,641,2,1.8008,2.8775,0.0,0.0008830430145751867
audio_text_ln_lrh0.001_e5_s42,642,2,1.63783,3.3984,0.0,0.0008826875222182723
audio_text_ln_lrh0.001_e5_s42,643,2,1.72852,2.6209,0.0,0.000882332029861358
audio_text_ln_lrh0.001_e5_s42,644,2,1.65613,3.7773,0.0,0.0008819765375044437
audio_text_ln_lrh0.001_e5_s42,645,2,1.34021,3.1895,0.0,0.0008816210451475293
audio_text_ln_lrh0.001_e5_s42,646,2,1.15971,2.1395,0.0,0.000881265552790615
audio_text_ln_lrh0.001_e5_s42,647,2,1.89377,2.4798,0.0,0.0008809100604337007
audio_text_ln_lrh0.001_e5_s42,648,2,1.65944,1.8763,0.0,0.0008805545680767863
audio_text_ln_lrh0.001_e5_s42,649,2,1.50278,2.6543,0.0,0.000880199075719872
audio_text_ln_lrh0.001_e5_s42,650,2,1.29258,1.8912,0.0,0.0008798435833629577
audio_text_ln_lrh0.001_e5_s42,651,2,1.67299,2.3084,0.0,0.0008794880910060434
audio_text_ln_lrh0.001_e5_s42,652,2,1.48225,1.9657,0.0,0.0008791325986491291
audio_text_ln_lrh0.001_e5_s42,653,2,1.63865,2.712,0.0,0.0008787771062922148
audio_text_ln_lrh0.001_e5_s42,654,2,1.46935,2.68,0.0,0.0008784216139353004
audio_text_ln_lrh0.001_e5_s42,655,2,1.57773,2.2815,0.0,0.0008780661215783861
audio_text_ln_lrh0.001_e5_s42,656,2,1.53361,2.0816,0.0,0.0008777106292214717
audio_text_ln_lrh0.001_e5_s42,657,2,1.04415,2.6814,0.0,0.0008773551368645575
audio_text_ln_lrh0.001_e5_s42,658,2,1.3493,2.5642,0.0,0.0008769996445076432
audio_text_ln_lrh0.001_e5_s42,659,2,1.94441,3.0529,0.0,0.0008766441521507287
audio_text_ln_lrh0.001_e5_s42,660,2,1.25244,3.1546,0.0,0.0008762886597938144
audio_text_ln_lrh0.001_e5_s42,661,2,1.57447,2.6036,0.0,0.0008759331674369001
audio_text_ln_lrh0.001_e5_s42,662,2,1.1423,2.0064,0.0,0.0008755776750799857
audio_text_ln_lrh0.001_e5_s42,663,2,1.2853,2.3425,0.0,0.0008752221827230715
audio_text_ln_lrh0.001_e5_s42,664,2,1.59657,2.4527,0.0,0.0008748666903661572
audio_text_ln_lrh0.001_e5_s42,665,2,1.30783,1.9546,0.0,0.0008745111980092428
audio_text_ln_lrh0.001_e5_s42,666,2,1.38875,2.4439,0.0,0.0008741557056523285
audio_text_ln_lrh0.001_e5_s42,667,2,1.47677,2.2641,0.0,0.0008738002132954142
audio_text_ln_lrh0.001_e5_s42,668,2,1.52691,2.7855,0.0,0.0008734447209384998
audio_text_ln_lrh0.001_e5_s42,669,2,1.13587,2.2934,0.0,0.0008730892285815855
audio_text_ln_lrh0.001_e5_s42,670,2,1.17676,3.4329,0.0,0.0008727337362246712
audio_text_ln_lrh0.001_e5_s42,671,2,2.20866,5.4442,0.0,0.0008723782438677569
audio_text_ln_lrh0.001_e5_s42,672,2,1.81476,2.8039,0.0,0.0008720227515108426
audio_text_ln_lrh0.001_e5_s42,673,2,1.74331,2.4488,0.0,0.0008716672591539281
audio_text_ln_lrh0.001_e5_s42,674,2,1.34713,2.7801,0.0,0.0008713117667970138
audio_text_ln_lrh0.001_e5_s42,675,2,1.22993,2.5353,0.0,0.0008709562744400995
audio_text_ln_lrh0.001_e5_s42,676,2,1.24811,2.0632,0.0,0.0008706007820831852
audio_text_ln_lrh0.001_e5_s42,677,2,1.45603,1.9309,0.0,0.0008702452897262709
audio_text_ln_lrh0.001_e5_s42,678,2,2.09965,3.4066,0.0,0.0008698897973693566
audio_text_ln_lrh0.001_e5_s42,679,2,1.34666,1.8647,0.0,0.0008695343050124422
audio_text_ln_lrh0.001_e5_s42,680,2,1.33442,2.9745,0.0,0.0008691788126555279
audio_text_ln_lrh0.001_e5_s42,681,2,1.3736,2.328,0.0,0.0008688233202986136
audio_text_ln_lrh0.001_e5_s42,682,2,1.06302,3.6444,0.0,0.0008684678279416993
audio_text_ln_lrh0.001_e5_s42,683,2,1.1088,1.9651,0.0,0.000868112335584785
audio_text_ln_lrh0.001_e5_s42,684,2,1.33487,2.3682,0.0,0.0008677568432278706
audio_text_ln_lrh0.001_e5_s42,685,2,1.41219,2.3381,0.0,0.0008674013508709563
audio_text_ln_lrh0.001_e5_s42,686,2,1.30069,1.7178,0.0,0.000867045858514042
audio_text_ln_lrh0.001_e5_s42,687,2,1.70305,2.8397,0.0,0.0008666903661571276
audio_text_ln_lrh0.001_e5_s42,688,2,1.66131,2.7118,0.0,0.0008663348738002134
audio_text_ln_lrh0.001_e5_s42,689,2,1.33685,2.6571,0.0,0.000865979381443299
audio_text_ln_lrh0.001_e5_s42,690,2,1.06927,2.227,0.0,0.0008656238890863846
audio_text_ln_lrh0.001_e5_s42,691,2,1.49814,3.4325,0.0,0.0008652683967294703
audio_text_ln_lrh0.001_e5_s42,692,2,1.54826,2.5509,0.0,0.000864912904372556
audio_text_ln_lrh0.001_e5_s42,693,2,1.72984,2.6291,0.0,0.0008645574120156416
audio_text_ln_lrh0.001_e5_s42,694,2,1.72972,3.7438,0.0,0.0008642019196587274
audio_text_ln_lrh0.001_e5_s42,695,2,1.47905,2.6683,0.0,0.0008638464273018131
audio_text_ln_lrh0.001_e5_s42,696,2,1.30695,2.4087,0.0,0.0008634909349448987
audio_text_ln_lrh0.001_e5_s42,697,2,1.51504,3.4809,0.0,0.0008631354425879844
audio_text_ln_lrh0.001_e5_s42,698,2,1.2378,2.1424,0.0,0.0008627799502310701
audio_text_ln_lrh0.001_e5_s42,699,2,1.82949,3.8458,0.0,0.0008624244578741557
audio_text_ln_lrh0.001_e5_s42,700,2,1.82221,3.4254,0.0,0.0008620689655172414
audio_text_ln_lrh0.001_e5_s42,701,2,1.57131,2.5021,0.0,0.0008617134731603271
audio_text_ln_lrh0.001_e5_s42,702,2,1.58466,2.528,0.0,0.0008613579808034128
audio_text_ln_lrh0.001_e5_s42,703,2,1.59757,2.1551,0.0,0.0008610024884464985
audio_text_ln_lrh0.001_e5_s42,704,2,1.49048,2.0576,0.0,0.000860646996089584
audio_text_ln_lrh0.001_e5_s42,705,2,1.67656,2.1935,0.0,0.0008602915037326697
audio_text_ln_lrh0.001_e5_s42,706,2,1.22078,2.5574,0.0,0.0008599360113757554
audio_text_ln_lrh0.001_e5_s42,707,2,1.51947,2.0989,0.0,0.0008595805190188411
audio_text_ln_lrh0.001_e5_s42,708,2,1.57979,2.2955,0.0,0.0008592250266619268
audio_text_ln_lrh0.001_e5_s42,709,2,1.60173,2.2346,0.0,0.0008588695343050125
audio_text_ln_lrh0.001_e5_s42,710,2,1.97315,3.3961,0.0,0.0008585140419480981
audio_text_ln_lrh0.001_e5_s42,711,2,1.41925,2.5352,0.0,0.0008581585495911838
audio_text_ln_lrh0.001_e5_s42,712,2,1.3167,2.8026,0.0,0.0008578030572342695
audio_text_ln_lrh0.001_e5_s42,713,2,1.62126,2.0698,0.0,0.0008574475648773552
audio_text_ln_lrh0.001_e5_s42,714,2,1.24808,2.552,0.0,0.0008570920725204409
audio_text_ln_lrh0.001_e5_s42,715,2,1.63572,2.1244,0.0,0.0008567365801635265
audio_text_ln_lrh0.001_e5_s42,716,2,1.65351,2.1706,0.0,0.0008563810878066122
audio_text_ln_lrh0.001_e5_s42,717,2,1.44744,2.8559,0.0,0.0008560255954496979
audio_text_ln_lrh0.001_e5_s42,718,2,1.46553,2.1282,0.0,0.0008556701030927834
audio_text_ln_lrh0.001_e5_s42,719,2,1.59942,2.4659,0.0,0.0008553146107358692
audio_text_ln_lrh0.001_e5_s42,720,2,1.10054,2.1853,0.0,0.0008549591183789549
audio_text_ln_lrh0.001_e5_s42,721,2,1.35941,2.0386,0.0,0.0008546036260220405
audio_text_ln_lrh0.001_e5_s42,722,2,1.37742,2.1272,0.0,0.0008542481336651262
audio_text_ln_lrh0.001_e5_s42,723,2,1.32028,2.0385,0.0,0.0008538926413082119
audio_text_ln_lrh0.001_e5_s42,724,2,1.5191,2.4231,0.0,0.0008535371489512975
audio_text_ln_lrh0.001_e5_s42,725,2,1.38541,2.342,0.0,0.0008531816565943833
audio_text_ln_lrh0.001_e5_s42,726,2,1.25289,1.8331,0.0,0.000852826164237469
audio_text_ln_lrh0.001_e5_s42,727,2,1.30875,2.6411,0.0,0.0008524706718805546
audio_text_ln_lrh0.001_e5_s42,728,2,1.13381,2.6809,0.0,0.0008521151795236403
audio_text_ln_lrh0.001_e5_s42,729,2,1.89368,2.7513,0.0,0.0008517596871667259
audio_text_ln_lrh0.001_e5_s42,730,2,1.36527,2.8845,0.0,0.0008514041948098116
audio_text_ln_lrh0.001_e5_s42,731,2,1.37201,3.7275,0.0,0.0008510487024528973
audio_text_ln_lrh0.001_e5_s42,732,2,1.39024,2.0349,0.0,0.000850693210095983
audio_text_ln_lrh0.001_e5_s42,733,2,1.2887,2.7042,0.0,0.0008503377177390686
audio_text_ln_lrh0.001_e5_s42,734,2,1.11283,3.274,0.0,0.0008499822253821543
audio_text_ln_lrh0.001_e5_s42,735,2,1.11411,2.6767,0.0,0.0008496267330252399
audio_text_ln_lrh0.001_e5_s42,736,2,1.50675,2.3022,0.0,0.0008492712406683256
audio_text_ln_lrh0.001_e5_s42,737,2,1.34321,2.2468,0.0,0.0008489157483114113
audio_text_ln_lrh0.001_e5_s42,738,2,1.00199,1.8787,0.0,0.000848560255954497
audio_text_ln_lrh0.001_e5_s42,739,2,1.18667,3.0809,0.0,0.0008482047635975827
audio_text_ln_lrh0.001_e5_s42,740,2,1.411,2.2239,0.0,0.0008478492712406684
audio_text_ln_lrh0.001_e5_s42,741,2,1.59574,3.6579,0.0,0.000847493778883754
audio_text_ln_lrh0.001_e5_s42,742,2,1.30704,2.3342,0.0,0.0008471382865268397
audio_text_ln_lrh0.001_e5_s42,743,2,1.62257,2.7664,0.0,0.0008467827941699253
audio_text_ln_lrh0.001_e5_s42,744,2,1.43487,2.7109,0.0,0.0008464273018130111
audio_text_ln_lrh0.001_e5_s42,745,2,1.26253,1.952,0.0,0.0008460718094560968
audio_text_ln_lrh0.001_e5_s42,746,2,1.71863,3.4528,0.0,0.0008457163170991824
audio_text_ln_lrh0.001_e5_s42,747,2,1.61304,3.5309,0.0,0.000845360824742268
audio_text_ln_lrh0.001_e5_s42,748,2,1.26282,2.1824,0.0,0.0008450053323853537
audio_text_ln_lrh0.001_e5_s42,749,2,1.51402,2.4428,0.0,0.0008446498400284393
audio_text_ln_lrh0.001_e5_s42,750,2,1.28609,2.2129,0.0,0.0008442943476715251
audio_text_ln_lrh0.001_e5_s42,751,2,1.32473,2.2531,0.0,0.0008439388553146108
audio_text_ln_lrh0.001_e5_s42,752,2,1.41258,2.1126,0.0,0.0008435833629576964
audio_text_ln_lrh0.001_e5_s42,753,2,1.31393,3.0274,0.0,0.0008432278706007821
audio_text_ln_lrh0.001_e5_s42,754,2,1.55596,2.8794,0.0,0.0008428723782438678
audio_text_ln_lrh0.001_e5_s42,755,2,1.5742,3.0592,0.0,0.0008425168858869534
audio_text_ln_lrh0.001_e5_s42,756,2,1.22869,2.4007,0.0,0.0008421613935300392
audio_text_ln_lrh0.001_e5_s42,757,2,1.32989,2.6154,0.0,0.0008418059011731248
audio_text_ln_lrh0.001_e5_s42,758,2,1.26437,2.1796,0.0,0.0008414504088162105
audio_text_ln_lrh0.001_e5_s42,759,2,1.24702,2.3255,0.0,0.0008410949164592962
audio_text_ln_lrh0.001_e5_s42,760,2,1.53441,2.3612,0.0,0.0008407394241023818
audio_text_ln_lrh0.001_e5_s42,761,2,1.20891,2.8915,0.0,0.0008403839317454674
audio_text_ln_lrh0.001_e5_s42,762,2,1.28218,2.4915,0.0,0.0008400284393885531
audio_text_ln_lrh0.001_e5_s42,763,2,1.11619,3.0954,0.0,0.0008396729470316388
audio_text_ln_lrh0.001_e5_s42,764,2,1.5229,4.1301,0.0,0.0008393174546747245
audio_text_ln_lrh0.001_e5_s42,765,2,1.22575,2.5278,0.0,0.0008389619623178102
audio_text_ln_lrh0.001_e5_s42,766,2,1.78875,3.0311,0.0,0.0008386064699608958
audio_text_ln_lrh0.001_e5_s42,767,2,1.70098,5.2988,0.0,0.0008382509776039815
audio_text_ln_lrh0.001_e5_s42,768,2,0.88022,1.5969,0.0,0.0008378954852470672
audio_text_ln_lrh0.001_e5_s42,769,2,1.74971,3.2367,0.0,0.0008375399928901529
audio_text_ln_lrh0.001_e5_s42,770,2,2.09638,4.8339,0.0,0.0008371845005332386
audio_text_ln_lrh0.001_e5_s42,771,2,1.20297,3.6954,0.0,0.0008368290081763243
audio_text_ln_lrh0.001_e5_s42,772,2,0.99745,2.0942,0.0,0.0008364735158194099
audio_text_ln_lrh0.001_e5_s42,773,2,1.18257,2.0369,0.0,0.0008361180234624956
audio_text_ln_lrh0.001_e5_s42,774,2,1.31544,3.3482,0.0,0.0008357625311055812
audio_text_ln_lrh0.001_e5_s42,775,2,1.51363,2.8335,0.0,0.000835407038748667
audio_text_ln_lrh0.001_e5_s42,776,2,1.51592,3.7902,0.0,0.0008350515463917527
audio_text_ln_lrh0.001_e5_s42,777,2,1.49729,3.8846,0.0,0.0008346960540348382
audio_text_ln_lrh0.001_e5_s42,778,2,1.49841,2.3466,0.0,0.0008343405616779239
audio_text_ln_lrh0.001_e5_s42,779,2,1.34116,2.3774,0.0,0.0008339850693210096
audio_text_ln_lrh0.001_e5_s42,780,2,1.20771,2.5037,0.0,0.0008336295769640952
audio_text_ln_lrh0.001_e5_s42,781,2,1.17306,3.2406,0.0,0.000833274084607181
audio_text_ln_lrh0.001_e5_s42,782,2,1.19109,3.3695,0.0,0.0008329185922502667
audio_text_ln_lrh0.001_e5_s42,783,2,2.22716,5.0124,0.0,0.0008325630998933523
audio_text_ln_lrh0.001_e5_s42,784,2,1.43278,2.8676,0.0,0.000832207607536438
audio_text_ln_lrh0.001_e5_s42,785,2,1.34234,2.3201,0.0,0.0008318521151795237
audio_text_ln_lrh0.001_e5_s42,786,2,1.73258,4.4614,0.0,0.0008314966228226093
audio_text_ln_lrh0.001_e5_s42,787,2,1.74328,2.7426,0.0,0.000831141130465695
audio_text_ln_lrh0.001_e5_s42,788,2,1.45976,2.6699,0.0,0.0008307856381087807
audio_text_ln_lrh0.001_e5_s42,789,2,1.19864,2.5055,0.0,0.0008304301457518664
audio_text_ln_lrh0.001_e5_s42,790,2,1.14475,2.2973,0.0,0.0008300746533949521
audio_text_ln_lrh0.001_e5_s42,791,2,1.25813,2.5645,0.0,0.0008297191610380376
audio_text_ln_lrh0.001_e5_s42,792,2,1.45469,2.4121,0.0,0.0008293636686811233
audio_text_ln_lrh0.001_e5_s42,793,2,1.68639,2.8885,0.0,0.000829008176324209
audio_text_ln_lrh0.001_e5_s42,794,2,1.34979,2.9329,0.0,0.0008286526839672947
audio_text_ln_lrh0.001_e5_s42,795,2,1.29505,2.6466,0.0,0.0008282971916103804
audio_text_ln_lrh0.001_e5_s42,796,2,1.34557,2.4921,0.0,0.0008279416992534661
audio_text_ln_lrh0.001_e5_s42,797,2,1.93373,3.6099,0.0,0.0008275862068965517
audio_text_ln_lrh0.001_e5_s42,798,2,1.26798,2.1197,0.0,0.0008272307145396374
audio_text_ln_lrh0.001_e5_s42,799,2,1.15216,2.5013,0.0,0.0008268752221827231
audio_text_ln_lrh0.001_e5_s42,800,2,1.80472,3.7593,0.0,0.0008265197298258088
audio_text_ln_lrh0.001_e5_s42,801,2,1.20812,1.9396,0.0,0.0008261642374688945
audio_text_ln_lrh0.001_e5_s42,802,2,1.29352,2.0478,0.0,0.0008258087451119801
audio_text_ln_lrh0.001_e5_s42,803,2,1.64466,2.4699,0.0,0.0008254532527550658
audio_text_ln_lrh0.001_e5_s42,804,2,1.71027,3.1233,0.0,0.0008250977603981515
audio_text_ln_lrh0.001_e5_s42,805,2,1.37711,2.481,0.0,0.000824742268041237
audio_text_ln_lrh0.001_e5_s42,806,2,1.38619,2.3494,0.0,0.0008243867756843228
audio_text_ln_lrh0.001_e5_s42,807,2,1.54762,2.2001,0.0,0.0008240312833274085
audio_text_ln_lrh0.001_e5_s42,808,2,1.16656,2.1112,0.0,0.0008236757909704941
audio_text_ln_lrh0.001_e5_s42,809,2,1.75237,2.8497,0.0,0.0008233202986135798
audio_text_ln_lrh0.001_e5_s42,810,2,1.16252,2.4096,0.0,0.0008229648062566655
audio_text_ln_lrh0.001_e5_s42,811,2,1.52048,2.7946,0.0,0.0008226093138997511
audio_text_ln_lrh0.001_e5_s42,812,2,1.65291,3.6431,0.0,0.0008222538215428369
audio_text_ln_lrh0.001_e5_s42,813,2,1.132,2.4026,0.0,0.0008218983291859226
audio_text_ln_lrh0.001_e5_s42,814,2,1.43847,2.219,0.0,0.0008215428368290082
audio_text_ln_lrh0.001_e5_s42,815,2,1.31418,2.6068,0.0,0.0008211873444720939
audio_text_ln_lrh0.001_e5_s42,816,2,1.32619,2.6512,0.0,0.0008208318521151795
audio_text_ln_lrh0.001_e5_s42,817,2,1.59872,3.0703,0.0,0.0008204763597582652
audio_text_ln_lrh0.001_e5_s42,818,2,1.30667,2.0,0.0,0.0008201208674013509
audio_text_ln_lrh0.001_e5_s42,819,2,1.44356,3.6604,0.0,0.0008197653750444366
audio_text_ln_lrh0.001_e5_s42,820,2,1.46243,2.4941,0.0,0.0008194098826875223
audio_text_ln_lrh0.001_e5_s42,821,2,1.66093,2.9265,0.0,0.0008190543903306079
audio_text_ln_lrh0.001_e5_s42,822,2,1.25643,2.108,0.0,0.0008186988979736935
audio_text_ln_lrh0.001_e5_s42,823,2,1.3525,2.6862,0.0,0.0008183434056167792
audio_text_ln_lrh0.001_e5_s42,824,2,1.4022,2.6785,0.0,0.0008179879132598649
audio_text_ln_lrh0.001_e5_s42,825,2,1.69525,3.0529,0.0,0.0008176324209029506
audio_text_ln_lrh0.001_e5_s42,826,2,1.35746,2.9203,0.0,0.0008172769285460363
audio_text_ln_lrh0.001_e5_s42,827,2,1.29486,2.6666,0.0,0.000816921436189122
audio_text_ln_lrh0.001_e5_s42,828,2,1.62626,3.6684,0.0,0.0008165659438322076
audio_text_ln_lrh0.001_e5_s42,829,2,1.61647,1.9655,0.0,0.0008162104514752933
audio_text_ln_lrh0.001_e5_s42,830,2,1.32239,2.2793,0.0,0.0008158549591183789
audio_text_ln_lrh0.001_e5_s42,831,2,1.46146,3.1579,0.0,0.0008154994667614647
audio_text_ln_lrh0.001_e5_s42,832,2,1.10246,2.8659,0.0,0.0008151439744045504
audio_text_ln_lrh0.001_e5_s42,833,2,1.75429,2.9834,0.0,0.000814788482047636
audio_text_ln_lrh0.001_e5_s42,834,2,1.53701,2.0745,0.0,0.0008144329896907217
audio_text_ln_lrh0.001_e5_s42,835,2,1.276,2.6883,0.0,0.0008140774973338073
audio_text_ln_lrh0.001_e5_s42,836,2,1.08439,4.8189,0.0,0.0008137220049768929
audio_text_ln_lrh0.001_e5_s42,837,2,1.38323,2.5488,0.0,0.0008133665126199787
audio_text_ln_lrh0.001_e5_s42,838,2,1.18017,2.768,0.0,0.0008130110202630644
audio_text_ln_lrh0.001_e5_s42,839,2,1.54874,2.4851,0.0,0.00081265552790615
audio_text_ln_lrh0.001_e5_s42,840,2,1.68015,2.8222,0.0,0.0008123000355492357
audio_text_ln_lrh0.001_e5_s42,841,2,1.26978,3.4199,0.0,0.0008119445431923214
audio_text_ln_lrh0.001_e5_s42,842,2,1.00987,2.4668,0.0,0.000811589050835407
audio_text_ln_lrh0.001_e5_s42,843,2,1.28558,2.3867,0.0,0.0008112335584784928
audio_text_ln_lrh0.001_e5_s42,844,2,1.53819,2.6789,0.0,0.0008108780661215785
audio_text_ln_lrh0.001_e5_s42,845,2,1.15916,2.1633,0.0,0.0008105225737646641
audio_text_ln_lrh0.001_e5_s42,846,2,1.39944,3.1199,0.0,0.0008101670814077498
audio_text_ln_lrh0.001_e5_s42,847,2,1.31189,2.2032,0.0,0.0008098115890508354
audio_text_ln_lrh0.001_e5_s42,848,2,1.31815,2.5547,0.0,0.0008094560966939211
audio_text_ln_lrh0.001_e5_s42,849,2,1.64652,3.4961,0.0,0.0008091006043370067
audio_text_ln_lrh0.001_e5_s42,850,2,1.12723,3.251,0.0,0.0008087451119800924
audio_text_ln_lrh0.001_e5_s42,851,2,2.07976,4.3552,0.0,0.0008083896196231781
audio_text_ln_lrh0.001_e5_s42,852,2,1.8885,4.5601,0.0,0.0008080341272662638
audio_text_ln_lrh0.001_e5_s42,853,2,1.22947,2.0907,0.0,0.0008076786349093494
audio_text_ln_lrh0.001_e5_s42,854,2,1.21568,2.5522,0.0,0.0008073231425524351
audio_text_ln_lrh0.001_e5_s42,855,2,1.74227,3.1695,0.0,0.0008069676501955208
audio_text_ln_lrh0.001_e5_s42,856,2,1.36616,2.2406,0.0,0.0008066121578386065
audio_text_ln_lrh0.001_e5_s42,857,2,1.59424,2.8667,0.0,0.0008062566654816922
audio_text_ln_lrh0.001_e5_s42,858,2,1.4158,3.1181,0.0,0.0008059011731247779
audio_text_ln_lrh0.001_e5_s42,859,2,1.04128,2.8933,0.0,0.0008055456807678635
audio_text_ln_lrh0.001_e5_s42,860,2,1.80092,3.2891,0.0,0.0008051901884109492
audio_text_ln_lrh0.001_e5_s42,861,2,1.60144,2.8297,0.0,0.0008048346960540348
audio_text_ln_lrh0.001_e5_s42,862,2,1.38163,2.1731,0.0,0.0008044792036971206
audio_text_ln_lrh0.001_e5_s42,863,2,1.34696,2.1571,0.0,0.0008041237113402063
audio_text_ln_lrh0.001_e5_s42,864,2,1.26265,2.8846,0.0,0.0008037682189832918
audio_text_ln_lrh0.001_e5_s42,865,2,1.33086,2.2987,0.0,0.0008034127266263775
audio_text_ln_lrh0.001_e5_s42,866,2,1.63351,2.7912,0.0,0.0008030572342694632
audio_text_ln_lrh0.001_e5_s42,867,2,1.47397,2.1958,0.0,0.0008027017419125488
audio_text_ln_lrh0.001_e5_s42,868,2,1.39561,2.4178,0.0,0.0008023462495556346
audio_text_ln_lrh0.001_e5_s42,869,2,1.40093,2.9174,0.0,0.0008019907571987203
audio_text_ln_lrh0.001_e5_s42,870,2,1.3615,2.2037,0.0,0.0008016352648418059
audio_text_ln_lrh0.001_e5_s42,871,2,1.58078,2.5047,0.0,0.0008012797724848916
audio_text_ln_lrh0.001_e5_s42,872,2,1.26078,2.0267,0.0,0.0008009242801279773
audio_text_ln_lrh0.001_e5_s42,873,2,1.58997,3.193,0.0,0.0008005687877710629
audio_text_ln_lrh0.001_e5_s42,874,2,1.58192,4.8092,0.0,0.0008002132954141487
audio_text_ln_lrh0.001_e5_s42,875,2,1.48286,2.0136,0.0,0.0007998578030572343
audio_text_ln_lrh0.001_e5_s42,876,2,1.15551,2.7797,0.0,0.00079950231070032
audio_text_ln_lrh0.001_e5_s42,877,2,1.40478,2.0095,0.0,0.0007991468183434057
audio_text_ln_lrh0.001_e5_s42,878,2,1.81937,3.5515,0.0,0.0007987913259864912
audio_text_ln_lrh0.001_e5_s42,879,2,1.59994,2.4125,0.0,0.0007984358336295769
audio_text_ln_lrh0.001_e5_s42,880,2,1.6537,2.4543,0.0,0.0007980803412726626
audio_text_ln_lrh0.001_e5_s42,881,2,2.12955,3.2309,0.0,0.0007977248489157483
audio_text_ln_lrh0.001_e5_s42,882,2,1.04856,3.3035,0.0,0.000797369356558834
audio_text_ln_lrh0.001_e5_s42,883,2,1.57547,2.6125,0.0,0.0007970138642019197
audio_text_ln_lrh0.001_e5_s42,884,2,0.98403,2.3657,0.0,0.0007966583718450053
audio_text_ln_lrh0.001_e5_s42,885,2,1.68502,2.2342,0.0,0.000796302879488091
audio_text_ln_lrh0.001_e5_s42,886,2,1.43208,1.8768,0.0,0.0007959473871311767
audio_text_ln_lrh0.001_e5_s42,887,2,1.2259,2.7151,0.0,0.0007955918947742624
audio_text_ln_lrh0.001_e5_s42,888,2,1.3701,2.1991,0.0,0.0007952364024173481
audio_text_ln_lrh0.001_e5_s42,889,2,1.79615,3.0382,0.0,0.0007948809100604337
audio_text_ln_lrh0.001_e5_s42,890,2,1.68668,2.8607,0.0,0.0007945254177035194
audio_text_ln_lrh0.001_e5_s42,891,2,1.35894,2.7079,0.0,0.0007941699253466051
audio_text_ln_lrh0.001_e5_s42,892,2,1.49851,2.7424,0.0,0.0007938144329896907
audio_text_ln_lrh0.001_e5_s42,893,2,1.58077,2.8066,0.0,0.0007934589406327765
audio_text_ln_lrh0.001_e5_s42,894,2,1.53553,2.6839,0.0,0.0007931034482758621
audio_text_ln_lrh0.001_e5_s42,895,2,1.68894,2.4441,0.0,0.0007927479559189477
audio_text_ln_lrh0.001_e5_s42,896,2,1.84823,3.4456,0.0,0.0007923924635620334
audio_text_ln_lrh0.001_e5_s42,897,2,1.51541,2.4384,0.0,0.0007920369712051191
audio_text_ln_lrh0.001_e5_s42,898,2,1.41566,2.188,0.0,0.0007916814788482047
audio_text_ln_lrh0.001_e5_s42,899,2,1.22724,2.1906,0.0,0.0007913259864912905
audio_text_ln_lrh0.001_e5_s42,900,2,1.53502,2.2876,0.0,0.0007909704941343762
audio_text_ln_lrh0.001_e5_s42,901,2,0.96148,2.4886,0.0,0.0007906150017774618
audio_text_ln_lrh0.001_e5_s42,902,2,1.61687,1.9044,0.0,0.0007902595094205475
audio_text_ln_lrh0.001_e5_s42,903,2,1.58122,3.1498,0.0,0.0007899040170636331
audio_text_ln_lrh0.001_e5_s42,904,2,1.15779,2.2203,0.0,0.0007895485247067188
audio_text_ln_lrh0.001_e5_s42,905,2,1.87175,2.6222,0.0,0.0007891930323498045
audio_text_ln_lrh0.001_e5_s42,906,2,1.56824,1.9741,0.0,0.0007888375399928902
audio_text_ln_lrh0.001_e5_s42,907,2,1.60049,2.8303,0.0,0.0007884820476359759
audio_text_ln_lrh0.001_e5_s42,908,2,1.76105,3.9639,0.0,0.0007881265552790616
audio_text_ln_lrh0.001_e5_s42,909,2,1.4041,2.9856,0.0,0.0007877710629221471
audio_text_ln_lrh0.001_e5_s42,910,2,1.56369,2.3772,0.0,0.0007874155705652328
audio_text_ln_lrh0.001_e5_s42,911,2,1.67783,2.2634,0.0,0.0007870600782083185
audio_text_ln_lrh0.001_e5_s42,912,2,1.64019,3.2483,0.0,0.0007867045858514042
audio_text_ln_lrh0.001_e5_s42,913,2,1.19575,3.7057,0.0,0.0007863490934944899
audio_text_ln_lrh0.001_e5_s42,914,2,1.52143,2.2281,0.0,0.0007859936011375756
audio_text_ln_lrh0.001_e5_s42,915,2,1.41562,2.71,0.0,0.0007856381087806612
audio_text_ln_lrh0.001_e5_s42,916,2,1.59553,3.4127,0.0,0.0007852826164237469
audio_text_ln_lrh0.001_e5_s42,917,2,1.29287,3.0314,0.0,0.0007849271240668325
audio_text_ln_lrh0.001_e5_s42,918,2,1.86467,3.3296,0.0,0.0007845716317099183
audio_text_ln_lrh0.001_e5_s42,919,2,1.50526,4.2243,0.0,0.000784216139353004
audio_text_ln_lrh0.001_e5_s42,920,2,1.10949,3.043,0.0,0.0007838606469960896
audio_text_ln_lrh0.001_e5_s42,921,2,1.12329,3.0943,0.0,0.0007835051546391753
audio_text_ln_lrh0.001_e5_s42,922,2,1.28426,2.5359,0.0,0.000783149662282261
audio_text_ln_lrh0.001_e5_s42,923,2,1.14018,2.2714,0.0,0.0007827941699253465
audio_text_ln_lrh0.001_e5_s42,924,2,1.52331,2.7449,0.0,0.0007824386775684323
audio_text_ln_lrh0.001_e5_s42,925,2,1.78855,4.4628,0.0,0.000782083185211518
audio_text_ln_lrh0.001_e5_s42,926,2,1.84839,4.1993,0.0,0.0007817276928546036
audio_text_ln_lrh0.001_e5_s42,927,2,1.54069,2.9702,0.0,0.0007813722004976893
audio_text_ln_lrh0.001_e5_s42,928,2,1.11187,3.1133,0.0,0.000781016708140775
audio_text_ln_lrh0.001_e5_s42,929,2,1.74919,3.7167,0.0,0.0007806612157838606
audio_text_ln_lrh0.001_e5_s42,930,2,1.056,2.4676,0.0,0.0007803057234269464
audio_text_ln_lrh0.001_e5_s42,931,2,1.45745,2.8593,0.0,0.0007799502310700321
audio_text_ln_lrh0.001_e5_s42,932,2,1.09117,2.1859,0.0,0.0007795947387131177
audio_text_ln_lrh0.001_e5_s42,933,2,1.38363,1.9687,0.0,0.0007792392463562034
audio_text_ln_lrh0.001_e5_s42,934,2,1.78736,3.4439,0.0,0.000778883753999289
audio_text_ln_lrh0.001_e5_s42,935,2,1.74141,3.8593,0.0,0.0007785282616423747
audio_text_ln_lrh0.001_e5_s42,936,2,1.64503,2.4014,0.0,0.0007781727692854604
audio_text_ln_lrh0.001_e5_s42,937,2,1.20245,2.1903,0.0,0.000777817276928546
audio_text_ln_lrh0.001_e5_s42,938,2,1.22081,2.2361,0.0,0.0007774617845716317
audio_text_ln_lrh0.001_e5_s42,939,2,1.15522,2.7838,0.0,0.0007771062922147174
audio_text_ln_lrh0.001_e5_s42,940,2,1.3297,2.7825,0.0,0.000776750799857803
audio_text_ln_lrh0.001_e5_s42,941,2,1.62557,2.9382,0.0,0.0007763953075008887
audio_text_ln_lrh0.001_e5_s42,942,2,1.41955,2.5318,0.0,0.0007760398151439744
audio_text_ln_lrh0.001_e5_s42,943,2,1.29377,3.2327,0.0,0.0007756843227870601
audio_text_ln_lrh0.001_e5_s42,944,2,1.19439,3.1472,0.0,0.0007753288304301458
audio_text_ln_lrh0.001_e5_s42,945,2,1.5657,2.8137,0.0,0.0007749733380732315
audio_text_ln_lrh0.001_e5_s42,946,2,1.26666,2.703,0.0,0.0007746178457163171
audio_text_ln_lrh0.001_e5_s42,947,2,1.29054,1.8646,0.0,0.0007742623533594028
audio_text_ln_lrh0.001_e5_s42,948,2,1.05315,2.7657,0.0,0.0007739068610024884
audio_text_ln_lrh0.001_e5_s42,949,2,1.26069,2.632,0.0,0.0007735513686455742
audio_text_ln_lrh0.001_e5_s42,950,2,2.04913,4.0029,0.0,0.0007731958762886599
audio_text_ln_lrh0.001_e5_s42,951,2,1.20175,2.6316,0.0,0.0007728403839317455
audio_text_ln_lrh0.001_e5_s42,952,2,1.66082,3.9796,0.0,0.0007724848915748311
audio_text_ln_lrh0.001_e5_s42,953,2,1.44898,2.2214,0.0,0.0007721293992179168
audio_text_ln_lrh0.001_e5_s42,954,2,1.02786,3.8963,0.0,0.0007717739068610024
audio_text_ln_lrh0.001_e5_s42,955,2,1.18669,1.9115,0.0,0.0007714184145040882
audio_text_ln_lrh0.001_e5_s42,956,2,1.05404,2.1388,0.0,0.0007710629221471739
audio_text_ln_lrh0.001_e5_s42,957,2,1.38827,4.5076,0.0,0.0007707074297902595
audio_text_ln_lrh0.001_e5_s42,958,2,2.25512,4.6955,0.0,0.0007703519374333452
audio_text_ln_lrh0.001_e5_s42,959,2,1.83142,5.0286,0.0,0.0007699964450764309
audio_text_ln_lrh0.001_e5_s42,960,2,1.22319,1.6623,0.0,0.0007696409527195165
audio_text_ln_lrh0.001_e5_s42,961,2,1.21032,3.3433,0.0,0.0007692854603626023
audio_text_ln_lrh0.001_e5_s42,962,2,1.51518,2.4858,0.0,0.0007689299680056879
audio_text_ln_lrh0.001_e5_s42,963,2,1.01602,2.5376,0.0,0.0007685744756487736
audio_text_ln_lrh0.001_e5_s42,964,2,1.0594,2.3356,0.0,0.0007682189832918593
audio_text_ln_lrh0.001_e5_s42,965,2,1.86747,4.0098,0.0,0.0007678634909349449
audio_text_ln_lrh0.001_e5_s42,966,2,1.43921,2.167,0.0,0.0007675079985780305
audio_text_ln_lrh0.001_e5_s42,967,2,1.25549,2.5127,0.0,0.0007671525062211162
audio_text_ln_lrh0.001_e5_s42,968,2,1.47078,2.9737,0.0,0.0007667970138642019
audio_text_ln_lrh0.001_e5_s42,969,2,1.14302,2.1587,0.0,0.0007664415215072876
audio_text_ln_lrh0.001_e5_s42,970,2,1.90293,4.13,0.0,0.0007660860291503733
audio_text_ln_lrh0.001_e5_s42,971,2,1.15243,2.8846,0.0,0.0007657305367934589
audio_text_ln_lrh0.001_e5_s42,972,2,1.77963,3.1156,0.0,0.0007653750444365446
audio_text_ln_lrh0.001_e5_s42,973,2,0.96351,3.3898,0.0,0.0007650195520796303
audio_text_ln_lrh0.001_e5_s42,974,2,1.55648,3.1642,0.0,0.000764664059722716
audio_text_ln_lrh0.001_e5_s42,975,2,1.33696,2.6835,0.0,0.0007643085673658017
audio_text_ln_lrh0.001_e5_s42,976,2,1.45909,2.2015,0.0,0.0007639530750088873
audio_text_ln_lrh0.001_e5_s42,977,2,1.40914,2.2661,0.0,0.000763597582651973
audio_text_ln_lrh0.001_e5_s42,978,2,1.49133,2.113,0.0,0.0007632420902950587
audio_text_ln_lrh0.001_e5_s42,979,2,1.40429,2.9192,0.0,0.0007628865979381443
audio_text_ln_lrh0.001_e5_s42,980,2,1.3928,2.2294,0.0,0.0007625311055812301
audio_text_ln_lrh0.001_e5_s42,981,2,1.56004,2.419,0.0,0.0007621756132243158
audio_text_ln_lrh0.001_e5_s42,982,2,1.44236,2.1353,0.0,0.0007618201208674013
audio_text_ln_lrh0.001_e5_s42,983,2,1.34436,2.0867,0.0,0.000761464628510487
audio_text_ln_lrh0.001_e5_s42,984,2,1.22125,2.2947,0.0,0.0007611091361535727
audio_text_ln_lrh0.001_e5_s42,985,2,1.28782,2.3441,0.0,0.0007607536437966583
audio_text_ln_lrh0.001_e5_s42,986,2,1.55296,2.5027,0.0,0.0007603981514397441
audio_text_ln_lrh0.001_e5_s42,987,2,1.28131,2.0188,0.0,0.0007600426590828298
audio_text_ln_lrh0.001_e5_s42,988,2,1.57841,3.1124,0.0,0.0007596871667259154
audio_text_ln_lrh0.001_e5_s42,989,2,1.41276,2.3396,0.0,0.0007593316743690011
audio_text_ln_lrh0.001_e5_s42,990,2,1.53024,2.1963,0.0,0.0007589761820120867
audio_text_ln_lrh0.001_e5_s42,991,2,1.41918,2.6189,0.0,0.0007586206896551724
audio_text_ln_lrh0.001_e5_s42,992,2,1.32807,1.8793,0.0,0.0007582651972982582
audio_text_ln_lrh0.001_e5_s42,993,2,1.46308,2.6735,0.0,0.0007579097049413438
audio_text_ln_lrh0.001_e5_s42,994,2,1.66275,3.3057,0.0,0.0007575542125844295
audio_text_ln_lrh0.001_e5_s42,995,2,1.52729,1.7822,0.0,0.0007571987202275152
audio_text_ln_lrh0.001_e5_s42,996,2,1.4592,2.6997,0.0,0.0007568432278706007
audio_text_ln_lrh0.001_e5_s42,997,2,1.26338,2.0919,0.0,0.0007564877355136864
audio_text_ln_lrh0.001_e5_s42,998,2,1.20179,2.2413,0.0,0.0007561322431567721
audio_text_ln_lrh0.001_e5_s42,999,2,1.50571,2.4716,0.0,0.0007557767507998578
audio_text_ln_lrh0.001_e5_s42,1000,2,1.03434,2.1536,0.0,0.0007554212584429435
audio_text_ln_lrh0.001_e5_s42,1001,2,1.41789,2.1809,0.0,0.0007550657660860292
audio_text_ln_lrh0.001_e5_s42,1002,2,1.4699,2.7913,0.0,0.0007547102737291148
audio_text_ln_lrh0.001_e5_s42,1003,2,1.07242,3.6603,0.0,0.0007543547813722005
audio_text_ln_lrh0.001_e5_s42,1004,2,1.21933,2.905,0.0,0.0007539992890152861
audio_text_ln_lrh0.001_e5_s42,1005,2,1.65337,3.4311,0.0,0.0007536437966583719
audio_text_ln_lrh0.001_e5_s42,1006,2,1.59767,2.083,0.0,0.0007532883043014576
audio_text_ln_lrh0.001_e5_s42,1007,2,1.39944,2.0372,0.0,0.0007529328119445432
audio_text_ln_lrh0.001_e5_s42,1008,2,1.43986,2.4641,0.0,0.0007525773195876289
audio_text_ln_lrh0.001_e5_s42,1009,2,1.04825,3.8052,0.0,0.0007522218272307146
audio_text_ln_lrh0.001_e5_s42,1010,2,1.29691,2.1681,0.0,0.0007518663348738001
audio_text_ln_lrh0.001_e5_s42,1011,2,1.39447,2.8051,0.0,0.000751510842516886
audio_text_ln_lrh0.001_e5_s42,1012,2,1.50001,3.4274,0.0,0.0007511553501599716
audio_text_ln_lrh0.001_e5_s42,1013,2,1.28607,2.7257,0.0,0.0007507998578030572
audio_text_ln_lrh0.001_e5_s42,1014,2,0.95721,2.4598,0.0,0.0007504443654461429
audio_text_ln_lrh0.001_e5_s42,1015,2,1.7296,2.8841,0.0,0.0007500888730892286
audio_text_ln_lrh0.001_e5_s42,1016,2,1.47563,3.8722,0.0,0.0007497333807323142
audio_text_ln_lrh0.001_e5_s42,1017,2,1.2963,2.3948,0.0,0.0007493778883754
audio_text_ln_lrh0.001_e5_s42,1018,2,1.48098,2.7667,0.0,0.0007490223960184857
audio_text_ln_lrh0.001_e5_s42,1019,2,1.6064,3.4371,0.0,0.0007486669036615713
audio_text_ln_lrh0.001_e5_s42,1020,2,1.12661,2.5054,0.0,0.000748311411304657
audio_text_ln_lrh0.001_e5_s42,1021,2,1.96359,4.0938,0.0,0.0007479559189477426
audio_text_ln_lrh0.001_e5_s42,1022,2,1.05315,2.2569,0.0,0.0007476004265908283
audio_text_ln_lrh0.001_e5_s42,1023,2,1.91881,3.8048,0.0,0.000747244934233914
audio_text_ln_lrh0.001_e5_s42,1024,2,1.24927,1.8645,0.0,0.0007468894418769997
audio_text_ln_lrh0.001_e5_s42,1025,2,1.18623,2.456,0.0,0.0007465339495200854
audio_text_ln_lrh0.001_e5_s42,1026,2,1.5719,2.6639,0.0,0.000746178457163171
audio_text_ln_lrh0.001_e5_s42,1027,2,1.80833,3.2253,0.0,0.0007458229648062566
audio_text_ln_lrh0.001_e5_s42,1028,2,1.87474,4.0734,0.0,0.0007454674724493423
audio_text_ln_lrh0.001_e5_s42,1029,2,1.33724,2.2383,0.0,0.000745111980092428
audio_text_ln_lrh0.001_e5_s42,1030,2,1.14204,2.7866,0.0,0.0007447564877355137
audio_text_ln_lrh0.001_e5_s42,1031,2,1.08519,2.2291,0.0,0.0007444009953785994
audio_text_ln_lrh0.001_e5_s42,1032,2,1.59722,2.0519,0.0,0.0007440455030216851
audio_text_ln_lrh0.001_e5_s42,1033,2,1.69491,2.2395,0.0,0.0007436900106647707
audio_text_ln_lrh0.001_e5_s42,1034,2,1.35464,2.2818,0.0,0.0007433345183078564
audio_text_ln_lrh0.001_e5_s42,1035,2,1.80695,2.7819,0.0,0.000742979025950942
audio_text_ln_lrh0.001_e5_s42,1036,2,1.39576,2.2761,0.0,0.0007426235335940278
audio_text_ln_lrh0.001_e5_s42,1037,2,1.5091,2.8513,0.0,0.0007422680412371135
audio_text_ln_lrh0.001_e5_s42,1038,2,2.05383,3.9376,0.0,0.0007419125488801991
audio_text_ln_lrh0.001_e5_s42,1039,2,0.93959,3.6477,0.0,0.0007415570565232848
audio_text_ln_lrh0.001_e5_s42,1040,2,1.37564,2.3224,0.0,0.0007412015641663704
audio_text_ln_lrh0.001_e5_s42,1041,2,1.41902,2.2935,0.0,0.000740846071809456
audio_text_ln_lrh0.001_e5_s42,1042,2,1.32322,2.8469,0.0,0.0007404905794525418
audio_text_ln_lrh0.001_e5_s42,1043,2,1.2048,2.3034,0.0,0.0007401350870956275
audio_text_ln_lrh0.001_e5_s42,1044,2,1.42147,2.4139,0.0,0.0007397795947387131
audio_text_ln_lrh0.001_e5_s42,1045,2,1.48258,1.9325,0.0,0.0007394241023817988
audio_text_ln_lrh0.001_e5_s42,1046,2,1.3854,1.9313,0.0,0.0007390686100248845
audio_text_ln_lrh0.001_e5_s42,1047,2,1.15976,2.2651,0.0,0.0007387131176679701
audio_text_ln_lrh0.001_e5_s42,1048,2,1.59203,3.9893,0.0,0.0007383576253110559
audio_text_ln_lrh0.001_e5_s42,1049,2,1.7764,4.3175,0.0,0.0007380021329541415
audio_text_ln_lrh0.001_e5_s42,1050,2,1.29361,2.6265,0.0,0.0007376466405972272
audio_text_ln_lrh0.001_e5_s42,1051,2,1.36808,2.3168,0.0,0.0007372911482403129
audio_text_ln_lrh0.001_e5_s42,1052,2,1.20939,3.3346,0.0,0.0007369356558833985
audio_text_ln_lrh0.001_e5_s42,1053,2,1.07106,3.5628,0.0,0.0007365801635264842
audio_text_ln_lrh0.001_e5_s42,1054,2,0.89591,2.0849,0.0,0.0007362246711695698
audio_text_ln_lrh0.001_e5_s42,1055,2,1.79483,3.9424,0.0,0.0007358691788126555
audio_text_ln_lrh0.001_e5_s42,1056,2,1.71291,2.92,0.0,0.0007355136864557412
audio_text_ln_lrh0.001_e5_s42,1057,2,1.29491,1.9396,0.0,0.0007351581940988269
audio_text_ln_lrh0.001_e5_s42,1058,2,1.79585,3.2036,0.0,0.0007348027017419125
audio_text_ln_lrh0.001_e5_s42,1059,2,1.54248,2.655,0.0,0.0007344472093849982
audio_text_ln_lrh0.001_e5_s42,1060,2,1.85302,3.7497,0.0,0.0007340917170280839
audio_text_ln_lrh0.001_e5_s42,1061,2,2.01772,4.1418,0.0,0.0007337362246711696
audio_text_ln_lrh0.001_e5_s42,1062,2,1.33338,2.3493,0.0,0.0007333807323142553
audio_text_ln_lrh0.001_e5_s42,1063,2,1.31957,2.0099,0.0,0.0007330252399573409
audio_text_ln_lrh0.001_e5_s42,1064,2,1.20974,2.3661,0.0,0.0007326697476004266
audio_text_ln_lrh0.001_e5_s42,1065,2,1.24649,2.5921,0.0,0.0007323142552435123
audio_text_ln_lrh0.001_e5_s42,1066,2,1.30012,2.9725,0.0,0.0007319587628865979
audio_text_ln_lrh0.001_e5_s42,1067,2,1.39071,2.3273,0.0,0.0007316032705296837
audio_text_ln_lrh0.001_e5_s42,1068,2,1.25856,1.9234,0.0,0.0007312477781727694
audio_text_ln_lrh0.001_e5_s42,1069,2,1.90756,4.2078,0.0,0.000730892285815855
audio_text_ln_lrh0.001_e5_s42,1070,2,1.22793,2.6768,0.0,0.0007305367934589406
audio_text_ln_lrh0.001_e5_s42,1071,2,1.26648,1.9072,0.0,0.0007301813011020263
audio_text_ln_lrh0.001_e5_s42,1072,2,1.45712,2.9139,0.0,0.0007298258087451119
audio_text_ln_lrh0.001_e5_s42,1073,2,1.03397,3.2937,0.0,0.0007294703163881977
audio_text_ln_lrh0.001_e5_s42,1074,2,1.62915,3.0834,0.0,0.0007291148240312834
audio_text_ln_lrh0.001_e5_s42,1075,2,1.44701,2.7188,0.0,0.000728759331674369
audio_text_ln_lrh0.001_e5_s42,1076,2,1.34483,3.2484,0.0,0.0007284038393174547
audio_text_ln_lrh0.001_e5_s42,1077,2,1.25215,3.2582,0.0,0.0007280483469605403
audio_text_ln_lrh0.001_e5_s42,1078,2,1.31459,1.8646,0.0,0.000727692854603626
audio_text_ln_lrh0.001_e5_s42,1079,2,1.3745,2.8068,0.0,0.0007273373622467118
audio_text_ln_lrh0.001_e5_s42,1080,2,1.30254,3.0852,0.0,0.0007269818698897974
audio_text_ln_lrh0.001_e5_s42,1081,2,1.65151,2.5772,0.0,0.0007266263775328831
audio_text_ln_lrh0.001_e5_s42,1082,2,1.37556,2.0197,0.0,0.0007262708851759688
audio_text_ln_lrh0.001_e5_s42,1083,2,1.16918,2.2476,0.0,0.0007259153928190543
audio_text_ln_lrh0.001_e5_s42,1084,2,1.67144,2.9615,0.0,0.00072555990046214
audio_text_ln_lrh0.001_e5_s42,1085,2,1.40231,2.6141,0.0,0.0007252044081052257
audio_text_ln_lrh0.001_e5_s42,1086,2,1.92429,3.8143,0.0,0.0007248489157483114
audio_text_ln_lrh0.001_e5_s42,1087,2,1.66492,2.8481,0.0,0.0007244934233913971
audio_text_ln_lrh0.001_e5_s42,1088,2,0.98663,2.4068,0.0,0.0007241379310344828
audio_text_ln_lrh0.001_e5_s42,1089,2,1.70707,3.4581,0.0,0.0007237824386775684
audio_text_ln_lrh0.001_e5_s42,1090,2,1.49786,2.7912,0.0,0.0007234269463206541
audio_text_ln_lrh0.001_e5_s42,1091,2,1.20261,2.0807,0.0,0.0007230714539637398
audio_text_ln_lrh0.001_e5_s42,1092,2,1.29683,1.7885,0.0,0.0007227159616068255
audio_text_ln_lrh0.001_e5_s42,1093,2,1.31956,2.6272,0.0,0.0007223604692499112
audio_text_ln_lrh0.001_e5_s42,1094,2,1.39708,1.9169,0.0,0.0007220049768929968
audio_text_ln_lrh0.001_e5_s42,1095,2,1.46835,3.0408,0.0,0.0007216494845360825
audio_text_ln_lrh0.001_e5_s42,1096,2,1.57107,2.1251,0.0,0.0007212939921791682
audio_text_ln_lrh0.001_e5_s42,1097,2,1.52279,1.9895,0.0,0.0007209384998222538
audio_text_ln_lrh0.001_e5_s42,1098,2,1.36802,2.0254,0.0,0.0007205830074653396
audio_text_ln_lrh0.001_e5_s42,1099,2,1.80372,3.172,0.0,0.0007202275151084252
audio_text_ln_lrh0.001_e5_s42,1100,2,1.68188,2.3482,0.0,0.0007198720227515108
audio_text_ln_lrh0.001_e5_s42,1101,2,1.15056,2.6365,0.0,0.0007195165303945965
audio_text_ln_lrh0.001_e5_s42,1102,2,1.35357,2.5162,0.0,0.0007191610380376822
audio_text_ln_lrh0.001_e5_s42,1103,2,1.33922,2.8525,0.0,0.0007188055456807678
audio_text_ln_lrh0.001_e5_s42,1104,2,1.62005,2.3351,0.0,0.0007184500533238536
audio_text_ln_lrh0.001_e5_s42,1105,2,1.63906,2.761,0.0,0.0007180945609669393
audio_text_ln_lrh0.001_e5_s42,1106,2,1.30334,2.4924,0.0,0.0007177390686100249
audio_text_ln_lrh0.001_e5_s42,1107,2,1.48443,2.9387,0.0,0.0007173835762531106
audio_text_ln_lrh0.001_e5_s42,1108,2,1.23649,1.9904,0.0,0.0007170280838961962
audio_text_ln_lrh0.001_e5_s42,1109,2,1.33407,2.943,0.0,0.0007166725915392819
audio_text_ln_lrh0.001_e5_s42,1110,2,1.16669,2.9606,0.0,0.0007163170991823677
audio_text_ln_lrh0.001_e5_s42,1111,2,1.19598,2.5511,0.0,0.0007159616068254533
audio_text_ln_lrh0.001_e5_s42,1112,2,1.50372,3.0653,0.0,0.000715606114468539
audio_text_ln_lrh0.001_e5_s42,1113,2,1.12084,2.5411,0.0,0.0007152506221116247
audio_text_ln_lrh0.001_e5_s42,1114,2,1.55399,2.4863,0.0,0.0007148951297547102
audio_text_ln_lrh0.001_e5_s42,1115,2,1.30066,2.2419,0.0,0.0007145396373977959
audio_text_ln_lrh0.001_e5_s42,1116,2,1.28795,2.0751,0.0,0.0007141841450408816
audio_text_ln_lrh0.001_e5_s42,1117,2,1.78873,2.6007,0.0,0.0007138286526839673
audio_text_ln_lrh0.001_e5_s42,1118,2,1.52045,2.1028,0.0,0.000713473160327053
audio_text_ln_lrh0.001_e5_s42,1119,2,1.44431,2.8957,0.0,0.0007131176679701387
audio_text_ln_lrh0.001_e5_s42,1120,2,1.92531,3.1478,0.0,0.0007127621756132243
audio_text_ln_lrh0.001_e5_s42,1121,2,1.40818,2.0836,0.0,0.00071240668325631
audio_text_ln_lrh0.001_e5_s42,1122,2,1.63682,3.1628,0.0,0.0007120511908993956
audio_text_ln_lrh0.001_e5_s42,1123,2,1.29339,2.5499,0.0,0.0007116956985424814
audio_text_ln_lrh0.001_e5_s42,1124,2,1.08061,2.2324,0.0,0.0007113402061855671
audio_text_ln_lrh0.001_e5_s42,1125,2,1.64121,3.2369,0.0,0.0007109847138286527
audio_text_ln_lrh0.001_e5_s42,1126,2,1.14913,1.8724,0.0,0.0007106292214717384
audio_text_ln_lrh0.001_e5_s42,1127,2,1.42991,2.8256,0.0,0.000710273729114824
audio_text_ln_lrh0.001_e5_s42,1128,2,1.28084,2.4919,0.0,0.0007099182367579096
audio_text_ln_lrh0.001_e5_s42,1129,2,1.33534,2.6439,0.0,0.0007095627444009954
audio_text_ln_lrh0.001_e5_s42,1130,2,1.30566,2.0529,0.0,0.0007092072520440811
audio_text_ln_lrh0.001_e5_s42,1131,2,1.49176,3.2963,0.0,0.0007088517596871667
audio_text_ln_lrh0.001_e5_s42,1132,2,1.57201,2.5942,0.0,0.0007084962673302524
audio_text_ln_lrh0.001_e5_s42,1133,2,1.52777,2.6584,0.0,0.0007081407749733381
audio_text_ln_lrh0.001_e5_s42,1134,2,1.04713,2.0796,0.0,0.0007077852826164237
audio_text_ln_lrh0.001_e5_s42,1135,2,1.4834,1.9939,0.0,0.0007074297902595095
audio_text_ln_lrh0.001_e5_s42,1136,2,1.21991,2.9477,0.0,0.0007070742979025951
audio_text_ln_lrh0.001_e5_s42,1137,2,1.39238,2.1278,0.0,0.0007067188055456808
audio_text_ln_lrh0.001_e5_s42,1138,2,1.66416,2.6258,0.0,0.0007063633131887665
audio_text_ln_lrh0.001_e5_s42,1139,2,1.17146,1.6834,0.0,0.0007060078208318521
audio_text_ln_lrh0.001_e5_s42,1140,2,1.349,2.0845,0.0,0.0007056523284749378
audio_text_ln_lrh0.001_e5_s42,1141,2,1.17136,2.3223,0.0,0.0007052968361180236
audio_text_ln_lrh0.001_e5_s42,1142,2,1.2837,2.3369,0.0,0.0007049413437611091
audio_text_ln_lrh0.001_e5_s42,1143,2,1.71172,2.9227,0.0,0.0007045858514041948
audio_text_ln_lrh0.001_e5_s42,1144,2,1.67813,2.9479,0.0,0.0007042303590472805
audio_text_ln_lrh0.001_e5_s42,1145,2,1.2476,3.0249,0.0,0.0007038748666903661
audio_text_ln_lrh0.001_e5_s42,1146,2,1.80425,4.4259,0.0,0.0007035193743334518
audio_text_ln_lrh0.001_e5_s42,1147,2,1.38675,2.0549,0.0,0.0007031638819765375
audio_text_ln_lrh0.001_e5_s42,1148,2,1.54166,2.4869,0.0,0.0007028083896196232
audio_text_ln_lrh0.001_e5_s42,1149,2,1.5423,2.8016,0.0,0.0007024528972627089
audio_text_ln_lrh0.001_e5_s42,1150,2,1.32407,3.3645,0.0,0.0007020974049057946
audio_text_ln_lrh0.001_e5_s42,1151,2,1.03015,3.0388,0.0,0.0007017419125488802
audio_text_ln_lrh0.001_e5_s42,1152,2,1.55576,2.6698,0.0,0.0007013864201919659
audio_text_ln_lrh0.001_e5_s42,1153,2,1.49713,3.5545,0.0,0.0007010309278350515
audio_text_ln_lrh0.001_e5_s42,1154,2,1.21388,2.2464,0.0,0.0007006754354781373
audio_text_ln_lrh0.001_e5_s42,1155,2,1.67116,2.5548,0.0,0.000700319943121223
audio_text_ln_lrh0.001_e5_s42,1156,2,1.47519,2.1017,0.0,0.0006999644507643086
audio_text_ln_lrh0.001_e5_s42,1157,2,1.6057,2.7625,0.0,0.0006996089584073942
audio_text_ln_lrh0.001_e5_s42,1158,2,0.88796,2.2298,0.0,0.0006992534660504799
audio_text_ln_lrh0.001_e5_s42,1159,2,1.20156,2.0927,0.0,0.0006988979736935655
audio_text_ln_lrh0.001_e5_s42,1160,2,1.2331,2.533,0.0,0.0006985424813366513
audio_text_ln_lrh0.001_e5_s42,1161,2,1.55904,2.6422,0.0,0.000698186988979737
audio_text_ln_lrh0.001_e5_s42,1162,2,1.52078,2.0769,0.0,0.0006978314966228226
audio_text_ln_lrh0.001_e5_s42,1163,2,1.17919,2.149,0.0,0.0006974760042659083
audio_text_ln_lrh0.001_e5_s42,1164,2,1.49368,2.0453,0.0,0.000697120511908994
audio_text_ln_lrh0.001_e5_s42,1165,2,1.41894,2.2508,0.0,0.0006967650195520796
audio_text_ln_lrh0.001_e5_s42,1166,2,1.25028,1.9547,0.0,0.0006964095271951654
audio_text_ln_lrh0.001_e5_s42,1167,2,1.2533,3.1965,0.0,0.000696054034838251
audio_text_ln_lrh0.001_e5_s42,1168,2,1.54067,2.8011,0.0,0.0006956985424813367
audio_text_ln_lrh0.001_e5_s42,1169,2,1.73444,2.8887,0.0,0.0006953430501244224
audio_text_ln_lrh0.001_e5_s42,1170,2,1.06328,3.3762,0.0,0.000694987557767508
audio_text_ln_lrh0.001_e5_s42,1171,2,1.23447,2.8802,0.0,0.0006946320654105936
audio_text_ln_lrh0.001_e5_s42,1172,2,1.32954,2.738,0.0,0.0006942765730536793
audio_text_ln_lrh0.001_e5_s42,1173,2,1.12491,1.9896,0.0,0.000693921080696765
audio_text_ln_lrh0.001_e5_s42,1174,2,1.74311,3.8378,0.0,0.0006935655883398507
audio_text_ln_lrh0.001_e5_s42,1175,2,1.26422,1.6664,0.0,0.0006932100959829364
audio_text_ln_lrh0.001_e5_s42,1176,2,1.92936,4.4338,0.0,0.000692854603626022
audio_text_ln_lrh0.001_e5_s42,1177,2,1.45052,1.7995,0.0,0.0006924991112691077
audio_text_ln_lrh0.001_e5_s42,1178,2,1.64776,3.391,0.0,0.0006921436189121934
audio_text_ln_lrh0.001_e5_s42,1179,2,1.5765,2.6985,0.0,0.0006917881265552791
audio_text_ln_lrh0.001_e5_s42,1180,2,1.25789,2.0558,0.0,0.0006914326341983648
audio_text_ln_lrh0.001_e5_s42,1181,2,1.52688,2.5141,0.0,0.0006910771418414504
audio_text_ln_lrh0.001_e5_s42,1182,2,1.48821,2.1439,0.0,0.0006907216494845361
audio_text_ln_lrh0.001_e5_s42,1183,2,1.47256,2.3696,0.0,0.0006903661571276218
audio_text_ln_lrh0.001_e5_s42,1184,2,1.1889,1.6741,0.0,0.0006900106647707074
audio_text_ln_lrh0.001_e5_s42,1185,2,1.53509,2.0323,0.0,0.0006896551724137932
audio_text_ln_lrh0.001_e5_s42,1186,2,1.2514,2.6575,0.0,0.0006892996800568789
audio_text_ln_lrh0.001_e5_s42,1187,2,1.38022,1.9263,0.0,0.0006889441876999644
audio_text_ln_lrh0.001_e5_s42,1188,2,1.26612,2.4349,0.0,0.0006885886953430501
audio_text_ln_lrh0.001_e5_s42,1189,2,1.91068,2.6637,0.0,0.0006882332029861358
audio_text_ln_lrh0.001_e5_s42,1190,2,1.41871,2.3586,0.0,0.0006878777106292214
audio_text_ln_lrh0.001_e5_s42,1191,2,1.1692,2.2231,0.0,0.0006875222182723072
audio_text_ln_lrh0.001_e5_s42,1192,2,1.33154,2.4986,0.0,0.0006871667259153929
audio_text_ln_lrh0.001_e5_s42,1193,2,1.59344,3.1432,0.0,0.0006868112335584785
audio_text_ln_lrh0.001_e5_s42,1194,2,1.13117,2.2295,0.0,0.0006864557412015642
audio_text_ln_lrh0.001_e5_s42,1195,2,1.3056,2.2145,0.0,0.0006861002488446498
audio_text_ln_lrh0.001_e5_s42,1196,2,1.23559,3.0476,0.0,0.0006857447564877355
audio_text_ln_lrh0.001_e5_s42,1197,2,1.16985,2.6386,0.0,0.0006853892641308213
audio_text_ln_lrh0.001_e5_s42,1198,2,1.31977,1.9327,0.0,0.0006850337717739069
audio_text_ln_lrh0.001_e5_s42,1199,2,1.25832,2.4123,0.0,0.0006846782794169926
audio_text_ln_lrh0.001_e5_s42,1200,2,1.31083,2.1086,0.0,0.0006843227870600783
audio_text_ln_lrh0.001_e5_s42,1201,2,1.41605,2.9053,0.0,0.0006839672947031638
audio_text_ln_lrh0.001_e5_s42,1202,2,1.51061,2.3982,0.0,0.0006836118023462495
audio_text_ln_lrh0.001_e5_s42,1203,2,1.73367,2.8822,0.0,0.0006832563099893352
audio_text_ln_lrh0.001_e5_s42,1204,2,1.62406,2.8069,0.0,0.0006829008176324209
audio_text_ln_lrh0.001_e5_s42,1205,2,1.3904,3.7126,0.0,0.0006825453252755066
audio_text_ln_lrh0.001_e5_s42,1206,2,1.53984,2.7103,0.0,0.0006821898329185923
audio_text_ln_lrh0.001_e5_s42,1207,2,1.2854,1.752,0.0,0.0006818343405616779
audio_text_ln_lrh0.001_e5_s42,1208,2,1.22615,2.8004,0.0,0.0006814788482047636
audio_text_ln_lrh0.001_e5_s42,1209,2,1.42532,3.2222,0.0,0.0006811233558478492
audio_text_ln_lrh0.001_e5_s42,1210,2,1.82029,3.6659,0.0,0.000680767863490935
audio_text_ln_lrh0.001_e5_s42,1211,2,1.30662,2.6834,0.0,0.0006804123711340207
audio_text_ln_lrh0.001_e5_s42,1212,2,1.72262,2.6402,0.0,0.0006800568787771063
audio_text_ln_lrh0.001_e5_s42,1213,2,1.62324,3.0632,0.0,0.000679701386420192
audio_text_ln_lrh0.001_e5_s42,1214,2,1.14334,1.7419,0.0,0.0006793458940632777
audio_text_ln_lrh0.001_e5_s42,1215,2,1.16748,2.838,0.0,0.0006789904017063632
audio_text_ln_lrh0.001_e5_s42,1216,2,1.4387,2.3068,0.0,0.000678634909349449
audio_text_ln_lrh0.001_e5_s42,1217,2,1.68317,3.4767,0.0,0.0006782794169925347
audio_text_ln_lrh0.001_e5_s42,1218,2,1.93628,3.795,0.0,0.0006779239246356203
audio_text_ln_lrh0.001_e5_s42,1219,2,2.04232,3.9675,0.0,0.000677568432278706
audio_text_ln_lrh0.001_e5_s42,1220,2,1.77074,2.8908,0.0,0.0006772129399217917
audio_text_ln_lrh0.001_e5_s42,1221,2,1.34742,2.5633,0.0,0.0006768574475648773
audio_text_ln_lrh0.001_e5_s42,1222,2,0.9848,3.1389,0.0,0.0006765019552079631
audio_text_ln_lrh0.001_e5_s42,1223,2,1.00862,3.1097,0.0,0.0006761464628510488
audio_text_ln_lrh0.001_e5_s42,1224,2,1.17011,2.1124,0.0,0.0006757909704941344
audio_text_ln_lrh0.001_e5_s42,1225,2,1.40793,2.5577,0.0,0.0006754354781372201
audio_text_ln_lrh0.001_e5_s42,1226,2,1.36174,2.1861,0.0,0.0006750799857803057
audio_text_ln_lrh0.001_e5_s42,1227,2,1.05943,2.6026,0.0,0.0006747244934233914
audio_text_ln_lrh0.001_e5_s42,1228,2,1.25712,2.4578,0.0,0.0006743690010664772
audio_text_ln_lrh0.001_e5_s42,1229,2,1.19299,1.747,0.0,0.0006740135087095628
audio_text_ln_lrh0.001_e5_s42,1230,2,1.35123,2.0958,0.0,0.0006736580163526484
audio_text_ln_lrh0.001_e5_s42,1231,2,1.4453,2.2174,0.0,0.0006733025239957341
audio_text_ln_lrh0.001_e5_s42,1232,2,1.5,1.9731,0.0,0.0006729470316388197
audio_text_ln_lrh0.001_e5_s42,1233,2,1.96239,4.3955,0.0,0.0006725915392819054
audio_text_ln_lrh0.001_e5_s42,1234,2,1.11745,1.9443,0.0,0.0006722360469249911
audio_text_ln_lrh0.001_e5_s42,1235,2,1.27751,2.1024,0.0,0.0006718805545680768
audio_text_ln_lrh0.001_e5_s42,1236,2,1.37868,2.0646,0.0,0.0006715250622111625
audio_text_ln_lrh0.001_e5_s42,1237,2,1.05704,2.4497,0.0,0.0006711695698542482
audio_text_ln_lrh0.001_e5_s42,1238,2,1.57618,2.6315,0.0,0.0006708140774973338
audio_text_ln_lrh0.001_e5_s42,1239,2,1.20927,2.1539,0.0,0.0006704585851404195
audio_text_ln_lrh0.001_e5_s42,1240,2,1.46011,2.9198,0.0,0.0006701030927835051
audio_text_ln_lrh0.001_e5_s42,1241,2,0.9759,2.295,0.0,0.0006697476004265909
audio_text_ln_lrh0.001_e5_s42,1242,2,1.14969,2.3144,0.0,0.0006693921080696766
audio_text_ln_lrh0.001_e5_s42,1243,2,1.6751,3.3508,0.0,0.0006690366157127622
audio_text_ln_lrh0.001_e5_s42,1244,2,1.32634,2.3248,0.0,0.0006686811233558479
audio_text_ln_lrh0.001_e5_s42,1245,2,0.95206,2.2367,0.0,0.0006683256309989335
audio_text_ln_lrh0.001_e5_s42,1246,2,1.82263,3.116,0.0,0.0006679701386420191
audio_text_ln_lrh0.001_e5_s42,1247,2,1.46067,2.7657,0.0,0.0006676146462851049
audio_text_ln_lrh0.001_e5_s42,1248,2,1.4418,2.3137,0.0,0.0006672591539281906
audio_text_ln_lrh0.001_e5_s42,1249,2,1.05624,2.0681,0.0,0.0006669036615712762
audio_text_ln_lrh0.001_e5_s42,1250,2,1.26948,6.4506,0.0,0.0006665481692143619
audio_text_ln_lrh0.001_e5_s42,1251,3,1.01972,2.3266,0.0,0.0006661926768574476
audio_text_ln_lrh0.001_e5_s42,1252,3,1.40171,2.1366,0.0,0.0006658371845005332
audio_text_ln_lrh0.001_e5_s42,1253,3,1.24668,2.0137,0.0,0.000665481692143619
audio_text_ln_lrh0.001_e5_s42,1254,3,1.23099,3.2363,0.0,0.0006651261997867046
audio_text_ln_lrh0.001_e5_s42,1255,3,1.3674,2.8524,0.0,0.0006647707074297903
audio_text_ln_lrh0.001_e5_s42,1256,3,1.42027,2.359,0.0,0.000664415215072876
audio_text_ln_lrh0.001_e5_s42,1257,3,1.58091,2.587,0.0,0.0006640597227159616
audio_text_ln_lrh0.001_e5_s42,1258,3,1.18537,2.462,0.0,0.0006637042303590473
audio_text_ln_lrh0.001_e5_s42,1259,3,1.29047,3.1274,0.0,0.0006633487380021331
audio_text_ln_lrh0.001_e5_s42,1260,3,1.54337,2.3478,0.0,0.0006629932456452186
audio_text_ln_lrh0.001_e5_s42,1261,3,1.31914,2.0264,0.0,0.0006626377532883043
audio_text_ln_lrh0.001_e5_s42,1262,3,1.64762,2.8574,0.0,0.00066228226093139
audio_text_ln_lrh0.001_e5_s42,1263,3,1.6767,3.1252,0.0,0.0006619267685744756
audio_text_ln_lrh0.001_e5_s42,1264,3,1.22206,1.9216,0.0,0.0006615712762175613
audio_text_ln_lrh0.001_e5_s42,1265,3,1.28944,2.4107,0.0,0.000661215783860647
audio_text_ln_lrh0.001_e5_s42,1266,3,1.82021,3.4629,0.0,0.0006608602915037327
audio_text_ln_lrh0.001_e5_s42,1267,3,1.0707,2.7386,0.0,0.0006605047991468184
audio_text_ln_lrh0.001_e5_s42,1268,3,1.4491,2.5144,0.0,0.000660149306789904
audio_text_ln_lrh0.001_e5_s42,1269,3,1.56001,3.4097,0.0,0.0006597938144329897
audio_text_ln_lrh0.001_e5_s42,1270,3,1.57559,3.3991,0.0,0.0006594383220760754
audio_text_ln_lrh0.001_e5_s42,1271,3,1.49472,2.3475,0.0,0.000659082829719161
audio_text_ln_lrh0.001_e5_s42,1272,3,1.54511,3.3237,0.0,0.0006587273373622468
audio_text_ln_lrh0.001_e5_s42,1273,3,1.69738,2.8714,0.0,0.0006583718450053325
audio_text_ln_lrh0.001_e5_s42,1274,3,0.93498,2.356,0.0,0.000658016352648418
audio_text_ln_lrh0.001_e5_s42,1275,3,1.33955,3.9008,0.0,0.0006576608602915037
audio_text_ln_lrh0.001_e5_s42,1276,3,1.24122,2.3734,0.0,0.0006573053679345894
audio_text_ln_lrh0.001_e5_s42,1277,3,1.41875,2.4673,0.0,0.000656949875577675
audio_text_ln_lrh0.001_e5_s42,1278,3,1.30745,2.1273,0.0,0.0006565943832207608
audio_text_ln_lrh0.001_e5_s42,1279,3,1.16963,2.6093,0.0,0.0006562388908638465
audio_text_ln_lrh0.001_e5_s42,1280,3,1.60136,2.7667,0.0,0.0006558833985069321
audio_text_ln_lrh0.001_e5_s42,1281,3,1.12192,2.9557,0.0,0.0006555279061500178
audio_text_ln_lrh0.001_e5_s42,1282,3,1.58073,3.4569,0.0,0.0006551724137931034
audio_text_ln_lrh0.001_e5_s42,1283,3,1.5241,3.3942,0.0,0.0006548169214361891
audio_text_ln_lrh0.001_e5_s42,1284,3,1.43282,2.2981,0.0,0.0006544614290792749
audio_text_ln_lrh0.001_e5_s42,1285,3,1.76754,2.8359,0.0,0.0006541059367223605
audio_text_ln_lrh0.001_e5_s42,1286,3,1.30709,2.231,0.0,0.0006537504443654462
audio_text_ln_lrh0.001_e5_s42,1287,3,1.40146,2.8663,0.0,0.0006533949520085319
audio_text_ln_lrh0.001_e5_s42,1288,3,1.23565,2.6428,0.0,0.0006530394596516174
audio_text_ln_lrh0.001_e5_s42,1289,3,1.69825,2.9926,0.0,0.0006526839672947031
audio_text_ln_lrh0.001_e5_s42,1290,3,1.76853,2.986,0.0,0.0006523284749377888
audio_text_ln_lrh0.001_e5_s42,1291,3,1.22723,1.8863,0.0,0.0006519729825808745
audio_text_ln_lrh0.001_e5_s42,1292,3,1.3989,2.5803,0.0,0.0006516174902239602
audio_text_ln_lrh0.001_e5_s42,1293,3,1.45518,2.5273,0.0,0.0006512619978670459
audio_text_ln_lrh0.001_e5_s42,1294,3,1.57617,3.3049,0.0,0.0006509065055101315
audio_text_ln_lrh0.001_e5_s42,1295,3,1.3807,2.5453,0.0,0.0006505510131532172
audio_text_ln_lrh0.001_e5_s42,1296,3,1.84506,2.6435,0.0,0.0006501955207963028
audio_text_ln_lrh0.001_e5_s42,1297,3,1.40321,2.6096,0.0,0.0006498400284393886
audio_text_ln_lrh0.001_e5_s42,1298,3,1.22376,2.2315,0.0,0.0006494845360824743
audio_text_ln_lrh0.001_e5_s42,1299,3,1.1452,2.8091,0.0,0.0006491290437255599
audio_text_ln_lrh0.001_e5_s42,1300,3,1.35182,2.1833,0.0,0.0006487735513686456
audio_text_ln_lrh0.001_e5_s42,1301,3,1.39893,2.169,0.0,0.0006484180590117313
audio_text_ln_lrh0.001_e5_s42,1302,3,1.49575,2.9325,0.0,0.0006480625666548168
audio_text_ln_lrh0.001_e5_s42,1303,3,1.60006,3.5805,0.0,0.0006477070742979027
audio_text_ln_lrh0.001_e5_s42,1304,3,0.89228,2.34,0.0,0.0006473515819409883
audio_text_ln_lrh0.001_e5_s42,1305,3,1.31184,2.4432,0.0,0.0006469960895840739
audio_text_ln_lrh0.001_e5_s42,1306,3,1.71112,2.8976,0.0,0.0006466405972271596
audio_text_ln_lrh0.001_e5_s42,1307,3,1.03225,2.5522,0.0,0.0006462851048702453
audio_text_ln_lrh0.001_e5_s42,1308,3,1.28484,2.1902,0.0,0.0006459296125133309
audio_text_ln_lrh0.001_e5_s42,1309,3,1.27626,2.2829,0.0,0.0006455741201564167
audio_text_ln_lrh0.001_e5_s42,1310,3,1.35116,2.8793,0.0,0.0006452186277995024
audio_text_ln_lrh0.001_e5_s42,1311,3,1.34579,2.1843,0.0,0.000644863135442588
audio_text_ln_lrh0.001_e5_s42,1312,3,1.20658,2.337,0.0,0.0006445076430856737
audio_text_ln_lrh0.001_e5_s42,1313,3,0.85609,2.7203,0.0,0.0006441521507287593
audio_text_ln_lrh0.001_e5_s42,1314,3,1.49518,2.9355,0.0,0.000643796658371845
audio_text_ln_lrh0.001_e5_s42,1315,3,1.19519,2.059,0.0,0.0006434411660149308
audio_text_ln_lrh0.001_e5_s42,1316,3,1.58038,2.6697,0.0,0.0006430856736580164
audio_text_ln_lrh0.001_e5_s42,1317,3,1.32047,2.5115,0.0,0.0006427301813011021
audio_text_ln_lrh0.001_e5_s42,1318,3,1.30757,2.5976,0.0,0.0006423746889441877
audio_text_ln_lrh0.001_e5_s42,1319,3,1.64632,2.4489,0.0,0.0006420191965872733
audio_text_ln_lrh0.001_e5_s42,1320,3,1.72824,3.8427,0.0,0.000641663704230359
audio_text_ln_lrh0.001_e5_s42,1321,3,1.47043,1.9453,0.0,0.0006413082118734447
audio_text_ln_lrh0.001_e5_s42,1322,3,1.05763,2.6918,0.0,0.0006409527195165304
audio_text_ln_lrh0.001_e5_s42,1323,3,1.30948,2.2086,0.0,0.0006405972271596161
audio_text_ln_lrh0.001_e5_s42,1324,3,1.2855,1.9663,0.0,0.0006402417348027018
audio_text_ln_lrh0.001_e5_s42,1325,3,1.23782,2.7456,0.0,0.0006398862424457874
audio_text_ln_lrh0.001_e5_s42,1326,3,1.35407,2.587,0.0,0.0006395307500888731
audio_text_ln_lrh0.001_e5_s42,1327,3,1.56157,2.3095,0.0,0.0006391752577319587
audio_text_ln_lrh0.001_e5_s42,1328,3,1.33341,2.7328,0.0,0.0006388197653750445
audio_text_ln_lrh0.001_e5_s42,1329,3,1.41186,2.5465,0.0,0.0006384642730181302
audio_text_ln_lrh0.001_e5_s42,1330,3,1.46868,2.1845,0.0,0.0006381087806612158
audio_text_ln_lrh0.001_e5_s42,1331,3,1.43908,2.1489,0.0,0.0006377532883043015
audio_text_ln_lrh0.001_e5_s42,1332,3,1.13551,3.1597,0.0,0.0006373977959473872
audio_text_ln_lrh0.001_e5_s42,1333,3,1.04387,3.0628,0.0,0.0006370423035904727
audio_text_ln_lrh0.001_e5_s42,1334,3,1.5637,2.2143,0.0,0.0006366868112335585
audio_text_ln_lrh0.001_e5_s42,1335,3,1.05387,2.4888,0.0,0.0006363313188766442
audio_text_ln_lrh0.001_e5_s42,1336,3,1.70607,2.8537,0.0,0.0006359758265197298
audio_text_ln_lrh0.001_e5_s42,1337,3,1.16191,2.6507,0.0,0.0006356203341628155
audio_text_ln_lrh0.001_e5_s42,1338,3,1.4716,2.6562,0.0,0.0006352648418059012
audio_text_ln_lrh0.001_e5_s42,1339,3,1.26996,2.5384,0.0,0.0006349093494489868
audio_text_ln_lrh0.001_e5_s42,1340,3,0.76717,2.5368,0.0,0.0006345538570920726
audio_text_ln_lrh0.001_e5_s42,1341,3,1.78447,3.7645,0.0,0.0006341983647351582
audio_text_ln_lrh0.001_e5_s42,1342,3,1.02138,2.3514,0.0,0.0006338428723782439
audio_text_ln_lrh0.001_e5_s42,1343,3,0.88828,2.1496,0.0,0.0006334873800213296
audio_text_ln_lrh0.001_e5_s42,1344,3,1.58481,2.6644,0.0,0.0006331318876644152
audio_text_ln_lrh0.001_e5_s42,1345,3,1.26884,2.2339,0.0,0.0006327763953075009
audio_text_ln_lrh0.001_e5_s42,1346,3,1.54742,2.5333,0.0,0.0006324209029505867
audio_text_ln_lrh0.001_e5_s42,1347,3,1.13331,1.9734,0.0,0.0006320654105936722
audio_text_ln_lrh0.001_e5_s42,1348,3,1.36673,4.1784,0.0,0.0006317099182367579
audio_text_ln_lrh0.001_e5_s42,1349,3,1.71091,2.9885,0.0,0.0006313544258798436
audio_text_ln_lrh0.001_e5_s42,1350,3,1.63386,3.3291,0.0,0.0006309989335229292
audio_text_ln_lrh0.001_e5_s42,1351,3,1.3294,2.0949,0.0,0.0006306434411660149
audio_text_ln_lrh0.001_e5_s42,1352,3,1.58451,3.1756,0.0,0.0006302879488091006
audio_text_ln_lrh0.001_e5_s42,1353,3,1.40074,3.3263,0.0,0.0006299324564521863
audio_text_ln_lrh0.001_e5_s42,1354,3,1.34899,3.0208,0.0,0.000629576964095272
audio_text_ln_lrh0.001_e5_s42,1355,3,1.66347,2.6166,0.0,0.0006292214717383576
audio_text_ln_lrh0.001_e5_s42,1356,3,1.40063,3.2306,0.0,0.0006288659793814433
audio_text_ln_lrh0.001_e5_s42,1357,3,1.34805,2.4193,0.0,0.000628510487024529
audio_text_ln_lrh0.001_e5_s42,1358,3,1.01324,2.4023,0.0,0.0006281549946676146
audio_text_ln_lrh0.001_e5_s42,1359,3,1.80263,2.8105,0.0,0.0006277995023107004
audio_text_ln_lrh0.001_e5_s42,1360,3,1.26456,2.6109,0.0,0.0006274440099537861
audio_text_ln_lrh0.001_e5_s42,1361,3,1.52791,2.3573,0.0,0.0006270885175968717
audio_text_ln_lrh0.001_e5_s42,1362,3,1.23107,2.7179,0.0,0.0006267330252399573
audio_text_ln_lrh0.001_e5_s42,1363,3,1.61395,3.263,0.0,0.000626377532883043
audio_text_ln_lrh0.001_e5_s42,1364,3,1.67636,2.3564,0.0,0.0006260220405261286
audio_text_ln_lrh0.001_e5_s42,1365,3,1.32134,2.6057,0.0,0.0006256665481692144
audio_text_ln_lrh0.001_e5_s42,1366,3,1.23223,2.9483,0.0,0.0006253110558123001
audio_text_ln_lrh0.001_e5_s42,1367,3,1.70783,2.6793,0.0,0.0006249555634553857
audio_text_ln_lrh0.001_e5_s42,1368,3,1.39624,2.8251,0.0,0.0006246000710984714
audio_text_ln_lrh0.001_e5_s42,1369,3,1.33907,2.5893,0.0,0.000624244578741557
audio_text_ln_lrh0.001_e5_s42,1370,3,1.67082,2.6497,0.0,0.0006238890863846427
audio_text_ln_lrh0.001_e5_s42,1371,3,1.82135,2.7879,0.0,0.0006235335940277285
audio_text_ln_lrh0.001_e5_s42,1372,3,1.31134,2.8583,0.0,0.0006231781016708141
audio_text_ln_lrh0.001_e5_s42,1373,3,1.41584,3.5407,0.0,0.0006228226093138998
audio_text_ln_lrh0.001_e5_s42,1374,3,1.4721,3.2084,0.0,0.0006224671169569855
audio_text_ln_lrh0.001_e5_s42,1375,3,1.47582,2.5379,0.0,0.000622111624600071
audio_text_ln_lrh0.001_e5_s42,1376,3,1.20055,2.5931,0.0,0.0006217561322431567
audio_text_ln_lrh0.001_e5_s42,1377,3,1.41062,2.0979,0.0,0.0006214006398862426
audio_text_ln_lrh0.001_e5_s42,1378,3,1.30358,2.2764,0.0,0.0006210451475293281
audio_text_ln_lrh0.001_e5_s42,1379,3,1.3406,2.9475,0.0,0.0006206896551724138
audio_text_ln_lrh0.001_e5_s42,1380,3,1.07586,2.1912,0.0,0.0006203341628154995
audio_text_ln_lrh0.001_e5_s42,1381,3,1.07308,1.9534,0.0,0.0006199786704585851
audio_text_ln_lrh0.001_e5_s42,1382,3,1.04348,2.8822,0.0,0.0006196231781016708
audio_text_ln_lrh0.001_e5_s42,1383,3,0.95616,2.3172,0.0,0.0006192676857447564
audio_text_ln_lrh0.001_e5_s42,1384,3,1.44877,2.4319,0.0,0.0006189121933878422
audio_text_ln_lrh0.001_e5_s42,1385,3,1.58629,2.6048,0.0,0.0006185567010309279
audio_text_ln_lrh0.001_e5_s42,1386,3,1.33621,2.6619,0.0,0.0006182012086740135
audio_text_ln_lrh0.001_e5_s42,1387,3,1.86677,4.2562,0.0,0.0006178457163170992
audio_text_ln_lrh0.001_e5_s42,1388,3,1.74761,4.61,0.0,0.0006174902239601849
audio_text_ln_lrh0.001_e5_s42,1389,3,1.89415,3.6804,0.0,0.0006171347316032705
audio_text_ln_lrh0.001_e5_s42,1390,3,1.58463,4.2188,0.0,0.0006167792392463563
audio_text_ln_lrh0.001_e5_s42,1391,3,1.58114,3.0789,0.0,0.000616423746889442
audio_text_ln_lrh0.001_e5_s42,1392,3,1.73348,3.0966,0.0,0.0006160682545325275
audio_text_ln_lrh0.001_e5_s42,1393,3,1.69297,4.4189,0.0,0.0006157127621756132
audio_text_ln_lrh0.001_e5_s42,1394,3,1.65063,3.8695,0.0,0.0006153572698186989
audio_text_ln_lrh0.001_e5_s42,1395,3,1.68684,3.6952,0.0,0.0006150017774617845
audio_text_ln_lrh0.001_e5_s42,1396,3,1.41131,2.5697,0.0,0.0006146462851048703
audio_text_ln_lrh0.001_e5_s42,1397,3,1.63354,2.5129,0.0,0.000614290792747956
audio_text_ln_lrh0.001_e5_s42,1398,3,1.55681,2.7728,0.0,0.0006139353003910416
audio_text_ln_lrh0.001_e5_s42,1399,3,1.39334,2.4812,0.0,0.0006135798080341273
audio_text_ln_lrh0.001_e5_s42,1400,3,1.91579,3.1936,0.0,0.0006132243156772129
audio_text_ln_lrh0.001_e5_s42,1401,3,1.51004,2.5692,0.0,0.0006128688233202986
audio_text_ln_lrh0.001_e5_s42,1402,3,1.50477,2.1111,0.0,0.0006125133309633844
audio_text_ln_lrh0.001_e5_s42,1403,3,1.72482,2.6267,0.0,0.00061215783860647
audio_text_ln_lrh0.001_e5_s42,1404,3,1.32294,2.3849,0.0,0.0006118023462495557
audio_text_ln_lrh0.001_e5_s42,1405,3,1.24485,3.0824,0.0,0.0006114468538926414
audio_text_ln_lrh0.001_e5_s42,1406,3,1.25159,1.9502,0.0,0.0006110913615357269
audio_text_ln_lrh0.001_e5_s42,1407,3,1.48286,2.0478,0.0,0.0006107358691788126
audio_text_ln_lrh0.001_e5_s42,1408,3,1.54974,2.6638,0.0,0.0006103803768218983
audio_text_ln_lrh0.001_e5_s42,1409,3,1.50418,2.4328,0.0,0.000610024884464984
audio_text_ln_lrh0.001_e5_s42,1410,3,1.18005,2.6715,0.0,0.0006096693921080697
audio_text_ln_lrh0.001_e5_s42,1411,3,1.25938,2.6768,0.0,0.0006093138997511554
audio_text_ln_lrh0.001_e5_s42,1412,3,1.12387,2.0465,0.0,0.000608958407394241
audio_text_ln_lrh0.001_e5_s42,1413,3,1.79738,2.867,0.0,0.0006086029150373267
audio_text_ln_lrh0.001_e5_s42,1414,3,1.49306,2.3588,0.0,0.0006082474226804123
audio_text_ln_lrh0.001_e5_s42,1415,3,1.32417,2.418,0.0,0.0006078919303234981
audio_text_ln_lrh0.001_e5_s42,1416,3,1.14053,2.6109,0.0,0.0006075364379665838
audio_text_ln_lrh0.001_e5_s42,1417,3,1.59563,3.6418,0.0,0.0006071809456096694
audio_text_ln_lrh0.001_e5_s42,1418,3,1.35544,2.195,0.0,0.0006068254532527551
audio_text_ln_lrh0.001_e5_s42,1419,3,1.21156,1.8997,0.0,0.0006064699608958408
audio_text_ln_lrh0.001_e5_s42,1420,3,1.4302,2.6996,0.0,0.0006061144685389263
audio_text_ln_lrh0.001_e5_s42,1421,3,1.24701,2.6491,0.0,0.0006057589761820121
audio_text_ln_lrh0.001_e5_s42,1422,3,1.44022,2.3779,0.0,0.0006054034838250978
audio_text_ln_lrh0.001_e5_s42,1423,3,1.22259,2.8189,0.0,0.0006050479914681834
audio_text_ln_lrh0.001_e5_s42,1424,3,1.52714,2.3933,0.0,0.0006046924991112691
audio_text_ln_lrh0.001_e5_s42,1425,3,1.4656,3.5595,0.0,0.0006043370067543548
audio_text_ln_lrh0.001_e5_s42,1426,3,1.55078,2.6407,0.0,0.0006039815143974404
audio_text_ln_lrh0.001_e5_s42,1427,3,1.10696,2.1553,0.0,0.0006036260220405262
audio_text_ln_lrh0.001_e5_s42,1428,3,1.50343,3.1294,0.0,0.0006032705296836118
audio_text_ln_lrh0.001_e5_s42,1429,3,0.87211,2.1477,0.0,0.0006029150373266975
audio_text_ln_lrh0.001_e5_s42,1430,3,0.8686,2.4401,0.0,0.0006025595449697832
audio_text_ln_lrh0.001_e5_s42,1431,3,1.42233,2.2985,0.0,0.0006022040526128688
audio_text_ln_lrh0.001_e5_s42,1432,3,1.06252,2.1866,0.0,0.0006018485602559545
audio_text_ln_lrh0.001_e5_s42,1433,3,1.35907,2.5286,0.0,0.0006014930678990403
audio_text_ln_lrh0.001_e5_s42,1434,3,1.39639,4.0599,0.0,0.0006011375755421259
audio_text_ln_lrh0.001_e5_s42,1435,3,1.01348,2.3347,0.0,0.0006007820831852115
audio_text_ln_lrh0.001_e5_s42,1436,3,1.1429,2.5502,0.0,0.0006004265908282972
audio_text_ln_lrh0.001_e5_s42,1437,3,1.74546,3.238,0.0,0.0006000710984713828
audio_text_ln_lrh0.001_e5_s42,1438,3,1.16859,2.6514,0.0,0.0005997156061144685
audio_text_ln_lrh0.001_e5_s42,1439,3,1.29684,2.4712,0.0,0.0005993601137575542
audio_text_ln_lrh0.001_e5_s42,1440,3,1.64134,4.2107,0.0,0.0005990046214006399
audio_text_ln_lrh0.001_e5_s42,1441,3,1.20912,2.3615,0.0,0.0005986491290437256
audio_text_ln_lrh0.001_e5_s42,1442,3,1.85052,4.0048,0.0,0.0005982936366868112
audio_text_ln_lrh0.001_e5_s42,1443,3,1.14099,2.5515,0.0,0.0005979381443298969
audio_text_ln_lrh0.001_e5_s42,1444,3,2.05476,3.4623,0.0,0.0005975826519729826
audio_text_ln_lrh0.001_e5_s42,1445,3,1.29797,1.8883,0.0,0.0005972271596160682
audio_text_ln_lrh0.001_e5_s42,1446,3,0.90626,3.0035,0.0,0.000596871667259154
audio_text_ln_lrh0.001_e5_s42,1447,3,1.27508,2.5183,0.0,0.0005965161749022397
audio_text_ln_lrh0.001_e5_s42,1448,3,1.12129,1.9848,0.0,0.0005961606825453253
audio_text_ln_lrh0.001_e5_s42,1449,3,1.42279,2.481,0.0,0.000595805190188411
audio_text_ln_lrh0.001_e5_s42,1450,3,1.65867,2.6961,0.0,0.0005954496978314966
audio_text_ln_lrh0.001_e5_s42,1451,3,1.02031,3.8982,0.0,0.0005950942054745822
audio_text_ln_lrh0.001_e5_s42,1452,3,1.23377,2.7199,0.0,0.000594738713117668
audio_text_ln_lrh0.001_e5_s42,1453,3,1.66321,4.0248,0.0,0.0005943832207607537
audio_text_ln_lrh0.001_e5_s42,1454,3,1.04623,2.2564,0.0,0.0005940277284038393
audio_text_ln_lrh0.001_e5_s42,1455,3,1.29347,3.1892,0.0,0.000593672236046925
audio_text_ln_lrh0.001_e5_s42,1456,3,1.44369,3.0276,0.0,0.0005933167436900106
audio_text_ln_lrh0.001_e5_s42,1457,3,1.27615,2.2455,0.0,0.0005929612513330963
audio_text_ln_lrh0.001_e5_s42,1458,3,1.88162,2.8881,0.0,0.0005926057589761821
audio_text_ln_lrh0.001_e5_s42,1459,3,1.42865,3.045,0.0,0.0005922502666192677
audio_text_ln_lrh0.001_e5_s42,1460,3,1.18671,1.9669,0.0,0.0005918947742623534
audio_text_ln_lrh0.001_e5_s42,1461,3,1.16305,2.845,0.0,0.0005915392819054391
audio_text_ln_lrh0.001_e5_s42,1462,3,1.48902,2.8339,0.0,0.0005911837895485247
audio_text_ln_lrh0.001_e5_s42,1463,3,1.30281,2.4509,0.0,0.0005908282971916104
audio_text_ln_lrh0.001_e5_s42,1464,3,1.30064,2.6117,0.0,0.0005904728048346962
audio_text_ln_lrh0.001_e5_s42,1465,3,1.03579,1.9098,0.0,0.0005901173124777817
audio_text_ln_lrh0.001_e5_s42,1466,3,1.86826,4.0534,0.0,0.0005897618201208674
audio_text_ln_lrh0.001_e5_s42,1467,3,1.13133,2.503,0.0,0.0005894063277639531
audio_text_ln_lrh0.001_e5_s42,1468,3,1.48973,2.9586,0.0,0.0005890508354070387
audio_text_ln_lrh0.001_e5_s42,1469,3,2.11385,4.9779,0.0,0.0005886953430501244
audio_text_ln_lrh0.001_e5_s42,1470,3,1.68606,3.4949,0.0,0.0005883398506932101
audio_text_ln_lrh0.001_e5_s42,1471,3,0.85207,2.1794,0.0,0.0005879843583362958
audio_text_ln_lrh0.001_e5_s42,1472,3,0.84668,3.0813,0.0,0.0005876288659793815
audio_text_ln_lrh0.001_e5_s42,1473,3,1.34441,2.5714,0.0,0.0005872733736224671
audio_text_ln_lrh0.001_e5_s42,1474,3,1.55545,2.8055,0.0,0.0005869178812655528
audio_text_ln_lrh0.001_e5_s42,1475,3,1.5834,2.9294,0.0,0.0005865623889086385
audio_text_ln_lrh0.001_e5_s42,1476,3,1.3586,2.9078,0.0,0.0005862068965517241
audio_text_ln_lrh0.001_e5_s42,1477,3,0.99032,2.2298,0.0,0.0005858514041948099
audio_text_ln_lrh0.001_e5_s42,1478,3,1.20863,2.3939,0.0,0.0005854959118378956
audio_text_ln_lrh0.001_e5_s42,1479,3,1.26419,2.9427,0.0,0.0005851404194809811
audio_text_ln_lrh0.001_e5_s42,1480,3,1.31693,3.0768,0.0,0.0005847849271240668
audio_text_ln_lrh0.001_e5_s42,1481,3,1.67157,3.1968,0.0,0.0005844294347671525
audio_text_ln_lrh0.001_e5_s42,1482,3,1.76399,3.6111,0.0,0.0005840739424102381
audio_text_ln_lrh0.001_e5_s42,1483,3,0.93649,5.2424,0.0,0.0005837184500533239
audio_text_ln_lrh0.001_e5_s42,1484,3,1.18239,3.0261,0.0,0.0005833629576964096
audio_text_ln_lrh0.001_e5_s42,1485,3,1.28687,3.3716,0.0,0.0005830074653394952
audio_text_ln_lrh0.001_e5_s42,1486,3,1.56899,2.7512,0.0,0.0005826519729825809
audio_text_ln_lrh0.001_e5_s42,1487,3,1.64156,2.6379,0.0,0.0005822964806256665
audio_text_ln_lrh0.001_e5_s42,1488,3,1.28563,2.4258,0.0,0.0005819409882687522
audio_text_ln_lrh0.001_e5_s42,1489,3,1.66482,3.2459,0.0,0.000581585495911838
audio_text_ln_lrh0.001_e5_s42,1490,3,1.37992,3.2512,0.0,0.0005812300035549236
audio_text_ln_lrh0.001_e5_s42,1491,3,1.08775,1.9228,0.0,0.0005808745111980093
audio_text_ln_lrh0.001_e5_s42,1492,3,1.35709,2.6252,0.0,0.000580519018841095
audio_text_ln_lrh0.001_e5_s42,1493,3,1.16315,2.1635,0.0,0.0005801635264841805
audio_text_ln_lrh0.001_e5_s42,1494,3,1.37011,2.6097,0.0,0.0005798080341272662
audio_text_ln_lrh0.001_e5_s42,1495,3,0.9334,2.4292,0.0,0.000579452541770352
audio_text_ln_lrh0.001_e5_s42,1496,3,1.79404,3.1131,0.0,0.0005790970494134376
audio_text_ln_lrh0.001_e5_s42,1497,3,1.34667,2.4309,0.0,0.0005787415570565233
audio_text_ln_lrh0.001_e5_s42,1498,3,1.15941,1.8062,0.0,0.000578386064699609
audio_text_ln_lrh0.001_e5_s42,1499,3,1.04089,2.1292,0.0,0.0005780305723426946
audio_text_ln_lrh0.001_e5_s42,1500,3,1.3572,3.0176,0.0,0.0005776750799857803
audio_text_ln_lrh0.001_e5_s42,1501,3,1.55408,3.12,0.0,0.0005773195876288659
audio_text_ln_lrh0.001_e5_s42,1502,3,1.28845,2.4332,0.0,0.0005769640952719517
audio_text_ln_lrh0.001_e5_s42,1503,3,1.86217,3.4954,0.0,0.0005766086029150374
audio_text_ln_lrh0.001_e5_s42,1504,3,2.16871,5.0366,0.0,0.000576253110558123
audio_text_ln_lrh0.001_e5_s42,1505,3,1.15299,2.0471,0.0,0.0005758976182012087
audio_text_ln_lrh0.001_e5_s42,1506,3,1.37774,3.2293,0.0,0.0005755421258442944
audio_text_ln_lrh0.001_e5_s42,1507,3,1.58401,3.2861,0.0,0.00057518663348738
audio_text_ln_lrh0.001_e5_s42,1508,3,0.96709,2.9126,0.0,0.0005748311411304658
audio_text_ln_lrh0.001_e5_s42,1509,3,1.41388,2.4606,0.0,0.0005744756487735514
audio_text_ln_lrh0.001_e5_s42,1510,3,1.65167,3.3862,0.0,0.000574120156416637
audio_text_ln_lrh0.001_e5_s42,1511,3,1.22559,3.3926,0.0,0.0005737646640597227
audio_text_ln_lrh0.001_e5_s42,1512,3,1.12851,2.4557,0.0,0.0005734091717028084
audio_text_ln_lrh0.001_e5_s42,1513,3,1.51399,2.436,0.0,0.000573053679345894
audio_text_ln_lrh0.001_e5_s42,1514,3,1.47035,2.8438,0.0,0.0005726981869889798
audio_text_ln_lrh0.001_e5_s42,1515,3,1.37412,2.4807,0.0,0.0005723426946320654
audio_text_ln_lrh0.001_e5_s42,1516,3,1.61465,2.2774,0.0,0.0005719872022751511
audio_text_ln_lrh0.001_e5_s42,1517,3,1.29288,2.6309,0.0,0.0005716317099182368
audio_text_ln_lrh0.001_e5_s42,1518,3,1.38404,2.0057,0.0,0.0005712762175613224
audio_text_ln_lrh0.001_e5_s42,1519,3,1.03959,2.6144,0.0,0.0005709207252044081
audio_text_ln_lrh0.001_e5_s42,1520,3,1.17602,2.3436,0.0,0.0005705652328474939
audio_text_ln_lrh0.001_e5_s42,1521,3,1.50135,2.8528,0.0,0.0005702097404905795
audio_text_ln_lrh0.001_e5_s42,1522,3,0.84391,2.9446,0.0,0.0005698542481336652
audio_text_ln_lrh0.001_e5_s42,1523,3,1.33137,2.5938,0.0,0.0005694987557767508
audio_text_ln_lrh0.001_e5_s42,1524,3,1.12569,3.1631,0.0,0.0005691432634198364
audio_text_ln_lrh0.001_e5_s42,1525,3,1.71913,3.1058,0.0,0.0005687877710629221
audio_text_ln_lrh0.001_e5_s42,1526,3,1.1906,2.0005,0.0,0.0005684322787060079
audio_text_ln_lrh0.001_e5_s42,1527,3,1.61336,3.0232,0.0,0.0005680767863490935
audio_text_ln_lrh0.001_e5_s42,1528,3,1.46082,3.6321,0.0,0.0005677212939921792
audio_text_ln_lrh0.001_e5_s42,1529,3,1.2391,2.2063,0.0,0.0005673658016352649
audio_text_ln_lrh0.001_e5_s42,1530,3,1.48529,3.6721,0.0,0.0005670103092783505
audio_text_ln_lrh0.001_e5_s42,1531,3,1.50314,3.3257,0.0,0.0005666548169214362
audio_text_ln_lrh0.001_e5_s42,1532,3,1.0448,2.0778,0.0,0.0005662993245645218
audio_text_ln_lrh0.001_e5_s42,1533,3,1.71084,3.2799,0.0,0.0005659438322076076
audio_text_ln_lrh0.001_e5_s42,1534,3,1.32516,1.9861,0.0,0.0005655883398506933
audio_text_ln_lrh0.001_e5_s42,1535,3,1.72246,3.6061,0.0,0.0005652328474937789
audio_text_ln_lrh0.001_e5_s42,1536,3,1.46364,2.9857,0.0,0.0005648773551368646
audio_text_ln_lrh0.001_e5_s42,1537,3,1.4838,2.8511,0.0,0.0005645218627799503
audio_text_ln_lrh0.001_e5_s42,1538,3,1.2578,3.0257,0.0,0.0005641663704230358
audio_text_ln_lrh0.001_e5_s42,1539,3,1.59216,4.1402,0.0,0.0005638108780661216
audio_text_ln_lrh0.001_e5_s42,1540,3,1.21991,2.6331,0.0,0.0005634553857092073
audio_text_ln_lrh0.001_e5_s42,1541,3,1.59314,2.2672,0.0,0.0005630998933522929
audio_text_ln_lrh0.001_e5_s42,1542,3,1.25524,2.1935,0.0,0.0005627444009953786
audio_text_ln_lrh0.001_e5_s42,1543,3,1.31454,2.0607,0.0,0.0005623889086384643
audio_text_ln_lrh0.001_e5_s42,1544,3,1.38078,3.5846,0.0,0.0005620334162815499
audio_text_ln_lrh0.001_e5_s42,1545,3,1.28884,2.597,0.0,0.0005616779239246357
audio_text_ln_lrh0.001_e5_s42,1546,3,1.51209,2.3326,0.0,0.0005613224315677213
audio_text_ln_lrh0.001_e5_s42,1547,3,1.39234,2.9455,0.0,0.000560966939210807
audio_text_ln_lrh0.001_e5_s42,1548,3,1.34531,2.8561,0.0,0.0005606114468538927
audio_text_ln_lrh0.001_e5_s42,1549,3,1.14772,4.4838,0.0,0.0005602559544969783
audio_text_ln_lrh0.001_e5_s42,1550,3,1.18984,2.5467,0.0,0.000559900462140064
audio_text_ln_lrh0.001_e5_s42,1551,3,1.07156,2.345,0.0,0.0005595449697831498
audio_text_ln_lrh0.001_e5_s42,1552,3,1.1509,4.052,0.0,0.0005591894774262353
audio_text_ln_lrh0.001_e5_s42,1553,3,1.73514,4.1443,0.0,0.000558833985069321
audio_text_ln_lrh0.001_e5_s42,1554,3,1.49738,2.9307,0.0,0.0005584784927124067
audio_text_ln_lrh0.001_e5_s42,1555,3,1.00417,2.8039,0.0,0.0005581230003554923
audio_text_ln_lrh0.001_e5_s42,1556,3,1.03959,2.5164,0.0,0.000557767507998578
audio_text_ln_lrh0.001_e5_s42,1557,3,1.457,2.5588,0.0,0.0005574120156416637
audio_text_ln_lrh0.001_e5_s42,1558,3,1.51082,2.7321,0.0,0.0005570565232847494
audio_text_ln_lrh0.001_e5_s42,1559,3,1.43397,2.679,0.0,0.0005567010309278351
audio_text_ln_lrh0.001_e5_s42,1560,3,1.76472,3.5495,0.0,0.0005563455385709207
audio_text_ln_lrh0.001_e5_s42,1561,3,1.88629,4.0739,0.0,0.0005559900462140064
audio_text_ln_lrh0.001_e5_s42,1562,3,1.43552,4.1968,0.0,0.0005556345538570921
audio_text_ln_lrh0.001_e5_s42,1563,3,1.78206,3.1429,0.0,0.0005552790615001777
audio_text_ln_lrh0.001_e5_s42,1564,3,1.64781,2.8831,0.0,0.0005549235691432635
audio_text_ln_lrh0.001_e5_s42,1565,3,1.24188,3.4117,0.0,0.0005545680767863492
audio_text_ln_lrh0.001_e5_s42,1566,3,1.05186,2.5299,0.0,0.0005542125844294348
audio_text_ln_lrh0.001_e5_s42,1567,3,1.17162,2.8805,0.0,0.0005538570920725204
audio_text_ln_lrh0.001_e5_s42,1568,3,1.30761,2.348,0.0,0.0005535015997156061
audio_text_ln_lrh0.001_e5_s42,1569,3,1.45599,2.4343,0.0,0.0005531461073586917
audio_text_ln_lrh0.001_e5_s42,1570,3,1.60955,3.004,0.0,0.0005527906150017775
audio_text_ln_lrh0.001_e5_s42,1571,3,0.94986,2.4785,0.0,0.0005524351226448632
audio_text_ln_lrh0.001_e5_s42,1572,3,1.24675,2.4157,0.0,0.0005520796302879488
audio_text_ln_lrh0.001_e5_s42,1573,3,1.36325,3.3993,0.0,0.0005517241379310345
audio_text_ln_lrh0.001_e5_s42,1574,3,1.15903,2.0672,0.0,0.0005513686455741201
audio_text_ln_lrh0.001_e5_s42,1575,3,1.71462,2.5559,0.0,0.0005510131532172058
audio_text_ln_lrh0.001_e5_s42,1576,3,1.39634,2.4718,0.0,0.0005506576608602916
audio_text_ln_lrh0.001_e5_s42,1577,3,1.11135,2.6423,0.0,0.0005503021685033772
audio_text_ln_lrh0.001_e5_s42,1578,3,1.02949,2.3447,0.0,0.0005499466761464629
audio_text_ln_lrh0.001_e5_s42,1579,3,1.13364,2.5986,0.0,0.0005495911837895486
audio_text_ln_lrh0.001_e5_s42,1580,3,1.49766,3.5036,0.0,0.0005492356914326342
audio_text_ln_lrh0.001_e5_s42,1581,3,1.21003,2.7161,0.0,0.0005488801990757198
audio_text_ln_lrh0.001_e5_s42,1582,3,1.347,2.1865,0.0,0.0005485247067188057
audio_text_ln_lrh0.001_e5_s42,1583,3,1.77028,2.6325,0.0,0.0005481692143618912
audio_text_ln_lrh0.001_e5_s42,1584,3,1.05552,2.5397,0.0,0.0005478137220049769
audio_text_ln_lrh0.001_e5_s42,1585,3,1.09256,2.7914,0.0,0.0005474582296480626
audio_text_ln_lrh0.001_e5_s42,1586,3,1.13029,3.5215,0.0,0.0005471027372911482
audio_text_ln_lrh0.001_e5_s42,1587,3,1.30539,2.2945,0.0,0.0005467472449342339
audio_text_ln_lrh0.001_e5_s42,1588,3,1.30698,2.1514,0.0,0.0005463917525773195
audio_text_ln_lrh0.001_e5_s42,1589,3,1.5979,2.6382,0.0,0.0005460362602204053
audio_text_ln_lrh0.001_e5_s42,1590,3,1.69554,2.8324,0.0,0.000545680767863491
audio_text_ln_lrh0.001_e5_s42,1591,3,1.20016,2.322,0.0,0.0005453252755065766
audio_text_ln_lrh0.001_e5_s42,1592,3,1.2193,2.0874,0.0,0.0005449697831496623
audio_text_ln_lrh0.001_e5_s42,1593,3,1.38593,2.7019,0.0,0.000544614290792748
audio_text_ln_lrh0.001_e5_s42,1594,3,1.1878,2.1128,0.0,0.0005442587984358336
audio_text_ln_lrh0.001_e5_s42,1595,3,1.75455,3.4799,0.0,0.0005439033060789194
audio_text_ln_lrh0.001_e5_s42,1596,3,1.3194,2.5519,0.0,0.000543547813722005
audio_text_ln_lrh0.001_e5_s42,1597,3,0.98724,2.4014,0.0,0.0005431923213650906
audio_text_ln_lrh0.001_e5_s42,1598,3,1.03576,1.9537,0.0,0.0005428368290081763
audio_text_ln_lrh0.001_e5_s42,1599,3,1.20616,2.3745,0.0,0.000542481336651262
audio_text_ln_lrh0.001_e5_s42,1600,3,1.25888,2.6389,0.0,0.0005421258442943476
audio_text_ln_lrh0.001_e5_s42,1601,3,1.71657,2.7591,0.0,0.0005417703519374334
audio_text_ln_lrh0.001_e5_s42,1602,3,1.32416,2.6518,0.0,0.0005414148595805191
audio_text_ln_lrh0.001_e5_s42,1603,3,1.39486,3.047,0.0,0.0005410593672236047
audio_text_ln_lrh0.001_e5_s42,1604,3,1.65698,3.2642,0.0,0.0005407038748666904
audio_text_ln_lrh0.001_e5_s42,1605,3,1.62144,3.4172,0.0,0.000540348382509776
audio_text_ln_lrh0.001_e5_s42,1606,3,1.40677,3.0616,0.0,0.0005399928901528617
audio_text_ln_lrh0.001_e5_s42,1607,3,1.45436,3.0082,0.0,0.0005396373977959475
audio_text_ln_lrh0.001_e5_s42,1608,3,1.17398,2.1686,0.0,0.0005392819054390331
audio_text_ln_lrh0.001_e5_s42,1609,3,1.36448,3.5262,0.0,0.0005389264130821188
audio_text_ln_lrh0.001_e5_s42,1610,3,0.96907,2.3377,0.0,0.0005385709207252045
audio_text_ln_lrh0.001_e5_s42,1611,3,1.53293,2.9179,0.0,0.00053821542836829
audio_text_ln_lrh0.001_e5_s42,1612,3,1.55422,2.682,0.0,0.0005378599360113757
audio_text_ln_lrh0.001_e5_s42,1613,3,1.73754,2.4918,0.0,0.0005375044436544615
audio_text_ln_lrh0.001_e5_s42,1614,3,1.30182,2.4083,0.0,0.0005371489512975471
audio_text_ln_lrh0.001_e5_s42,1615,3,1.88415,2.9557,0.0,0.0005367934589406328
audio_text_ln_lrh0.001_e5_s42,1616,3,1.63772,2.9538,0.0,0.0005364379665837185
audio_text_ln_lrh0.001_e5_s42,1617,3,1.04276,3.2331,0.0,0.0005360824742268041
audio_text_ln_lrh0.001_e5_s42,1618,3,1.25316,2.2938,0.0,0.0005357269818698898
audio_text_ln_lrh0.001_e5_s42,1619,3,1.16519,2.295,0.0,0.0005353714895129754
audio_text_ln_lrh0.001_e5_s42,1620,3,1.65239,3.7502,0.0,0.0005350159971560612
audio_text_ln_lrh0.001_e5_s42,1621,3,1.21028,3.6864,0.0,0.0005346605047991469
audio_text_ln_lrh0.001_e5_s42,1622,3,1.03283,2.1234,0.0,0.0005343050124422325
audio_text_ln_lrh0.001_e5_s42,1623,3,1.52349,2.3561,0.0,0.0005339495200853182
audio_text_ln_lrh0.001_e5_s42,1624,3,1.38275,3.238,0.0,0.0005335940277284039
audio_text_ln_lrh0.001_e5_s42,1625,3,1.26386,2.41,0.0,0.0005332385353714894
audio_text_ln_lrh0.001_e5_s42,1626,3,1.15412,2.485,0.0,0.0005328830430145752
audio_text_ln_lrh0.001_e5_s42,1627,3,0.96502,2.636,0.0,0.0005325275506576609
audio_text_ln_lrh0.001_e5_s42,1628,3,1.49126,2.8569,0.0,0.0005321720583007465
audio_text_ln_lrh0.001_e5_s42,1629,3,1.21746,2.1519,0.0,0.0005318165659438322
audio_text_ln_lrh0.001_e5_s42,1630,3,1.60471,4.0283,0.0,0.0005314610735869179
audio_text_ln_lrh0.001_e5_s42,1631,3,1.69188,3.8317,0.0,0.0005311055812300035
audio_text_ln_lrh0.001_e5_s42,1632,3,1.07688,2.0843,0.0,0.0005307500888730893
audio_text_ln_lrh0.001_e5_s42,1633,3,1.40793,2.2461,0.0,0.0005303945965161749
audio_text_ln_lrh0.001_e5_s42,1634,3,1.35443,2.4542,0.0,0.0005300391041592606
audio_text_ln_lrh0.001_e5_s42,1635,3,1.00241,1.9051,0.0,0.0005296836118023463
audio_text_ln_lrh0.001_e5_s42,1636,3,1.40482,2.996,0.0,0.0005293281194454319
audio_text_ln_lrh0.001_e5_s42,1637,3,1.71539,2.918,0.0,0.0005289726270885176
audio_text_ln_lrh0.001_e5_s42,1638,3,1.22433,2.6765,0.0,0.0005286171347316034
audio_text_ln_lrh0.001_e5_s42,1639,3,1.30827,3.8719,0.0,0.000528261642374689
audio_text_ln_lrh0.001_e5_s42,1640,3,1.2368,2.2474,0.0,0.0005279061500177746
audio_text_ln_lrh0.001_e5_s42,1641,3,1.24346,2.5428,0.0,0.0005275506576608603
audio_text_ln_lrh0.001_e5_s42,1642,3,2.08343,3.497,0.0,0.0005271951653039459
audio_text_ln_lrh0.001_e5_s42,1643,3,1.11692,2.2733,0.0,0.0005268396729470316
audio_text_ln_lrh0.001_e5_s42,1644,3,1.25214,2.1121,0.0,0.0005264841805901174
audio_text_ln_lrh0.001_e5_s42,1645,3,1.14524,2.2799,0.0,0.000526128688233203
audio_text_ln_lrh0.001_e5_s42,1646,3,1.87172,3.4939,0.0,0.0005257731958762887
audio_text_ln_lrh0.001_e5_s42,1647,3,1.3856,3.228,0.0,0.0005254177035193743
audio_text_ln_lrh0.001_e5_s42,1648,3,1.16022,2.5396,0.0,0.00052506221116246
audio_text_ln_lrh0.001_e5_s42,1649,3,1.77721,3.144,0.0,0.0005247067188055457
audio_text_ln_lrh0.001_e5_s42,1650,3,1.73132,2.7493,0.0,0.0005243512264486313
audio_text_ln_lrh0.001_e5_s42,1651,3,0.93231,3.3358,0.0,0.0005239957340917171
audio_text_ln_lrh0.001_e5_s42,1652,3,1.52726,3.1639,0.0,0.0005236402417348028
audio_text_ln_lrh0.001_e5_s42,1653,3,1.37978,3.1474,0.0,0.0005232847493778884
audio_text_ln_lrh0.001_e5_s42,1654,3,1.03041,3.0441,0.0,0.000522929257020974
audio_text_ln_lrh0.001_e5_s42,1655,3,1.22802,3.1219,0.0,0.0005225737646640597
audio_text_ln_lrh0.001_e5_s42,1656,3,1.54514,2.6097,0.0,0.0005222182723071453
audio_text_ln_lrh0.001_e5_s42,1657,3,2.01489,4.303,0.0,0.0005218627799502311
audio_text_ln_lrh0.001_e5_s42,1658,3,2.27287,4.6033,0.0,0.0005215072875933168
audio_text_ln_lrh0.001_e5_s42,1659,3,1.53223,2.7361,0.0,0.0005211517952364024
audio_text_ln_lrh0.001_e5_s42,1660,3,1.43403,2.8899,0.0,0.0005207963028794881
audio_text_ln_lrh0.001_e5_s42,1661,3,1.60113,3.9067,0.0,0.0005204408105225737
audio_text_ln_lrh0.001_e5_s42,1662,3,1.32142,2.5886,0.0,0.0005200853181656594
audio_text_ln_lrh0.001_e5_s42,1663,3,1.42276,2.633,0.0,0.0005197298258087452
audio_text_ln_lrh0.001_e5_s42,1664,3,1.44229,2.3516,0.0,0.0005193743334518308
audio_text_ln_lrh0.001_e5_s42,1665,3,1.53357,3.4421,0.0,0.0005190188410949165
audio_text_ln_lrh0.001_e5_s42,1666,3,1.70396,2.5006,0.0,0.0005186633487380022
audio_text_ln_lrh0.001_e5_s42,1667,3,1.41425,2.4385,0.0,0.0005183078563810878
audio_text_ln_lrh0.001_e5_s42,1668,3,1.79814,2.8324,0.0,0.0005179523640241735
audio_text_ln_lrh0.001_e5_s42,1669,3,1.49579,2.197,0.0,0.0005175968716672593
audio_text_ln_lrh0.001_e5_s42,1670,3,1.29431,2.9147,0.0,0.0005172413793103448
audio_text_ln_lrh0.001_e5_s42,1671,3,1.53683,2.267,0.0,0.0005168858869534305
audio_text_ln_lrh0.001_e5_s42,1672,3,1.4751,2.4641,0.0,0.0005165303945965162
audio_text_ln_lrh0.001_e5_s42,1673,3,1.642,3.1362,0.0,0.0005161749022396018
audio_text_ln_lrh0.001_e5_s42,1674,3,1.44111,2.9833,0.0,0.0005158194098826875
audio_text_ln_lrh0.001_e5_s42,1675,3,1.16415,2.5933,0.0,0.0005154639175257731
audio_text_ln_lrh0.001_e5_s42,1676,3,1.79679,2.4029,0.0,0.0005151084251688589
audio_text_ln_lrh0.001_e5_s42,1677,3,1.11655,3.1604,0.0,0.0005147529328119446
audio_text_ln_lrh0.001_e5_s42,1678,3,1.20409,3.7386,0.0,0.0005143974404550302
audio_text_ln_lrh0.001_e5_s42,1679,3,1.43712,2.3009,0.0,0.0005140419480981159
audio_text_ln_lrh0.001_e5_s42,1680,3,1.37833,2.3689,0.0,0.0005136864557412016
audio_text_ln_lrh0.001_e5_s42,1681,3,1.33535,2.3767,0.0,0.0005133309633842872
audio_text_ln_lrh0.001_e5_s42,1682,3,1.29663,2.3191,0.0,0.000512975471027373
audio_text_ln_lrh0.001_e5_s42,1683,3,1.31374,3.2526,0.0,0.0005126199786704587
audio_text_ln_lrh0.001_e5_s42,1684,3,1.22467,2.341,0.0,0.0005122644863135442
audio_text_ln_lrh0.001_e5_s42,1685,3,1.63987,2.9147,0.0,0.0005119089939566299
audio_text_ln_lrh0.001_e5_s42,1686,3,1.38087,2.7629,0.0,0.0005115535015997156
audio_text_ln_lrh0.001_e5_s42,1687,3,1.68759,3.0938,0.0,0.0005111980092428012
audio_text_ln_lrh0.001_e5_s42,1688,3,1.43315,2.9298,0.0,0.000510842516885887
audio_text_ln_lrh0.001_e5_s42,1689,3,1.32917,2.7225,0.0,0.0005104870245289727
audio_text_ln_lrh0.001_e5_s42,1690,3,1.53184,2.6575,0.0,0.0005101315321720583
audio_text_ln_lrh0.001_e5_s42,1691,3,1.25715,2.5655,0.0,0.000509776039815144
audio_text_ln_lrh0.001_e5_s42,1692,3,1.1191,2.6277,0.0,0.0005094205474582296
audio_text_ln_lrh0.001_e5_s42,1693,3,1.75316,3.4243,0.0,0.0005090650551013153
audio_text_ln_lrh0.001_e5_s42,1694,3,1.42208,1.9363,0.0,0.0005087095627444011
audio_text_ln_lrh0.001_e5_s42,1695,3,1.00009,2.4595,0.0,0.0005083540703874867
audio_text_ln_lrh0.001_e5_s42,1696,3,1.16262,1.9218,0.0,0.0005079985780305724
audio_text_ln_lrh0.001_e5_s42,1697,3,1.13112,2.151,0.0,0.0005076430856736581
audio_text_ln_lrh0.001_e5_s42,1698,3,1.10552,2.1545,0.0,0.0005072875933167436
audio_text_ln_lrh0.001_e5_s42,1699,3,1.33411,2.4032,0.0,0.0005069321009598293
audio_text_ln_lrh0.001_e5_s42,1700,3,1.0402,2.1211,0.0,0.0005065766086029151
audio_text_ln_lrh0.001_e5_s42,1701,3,0.9268,2.2726,0.0,0.0005062211162460007
audio_text_ln_lrh0.001_e5_s42,1702,3,1.87726,4.3784,0.0,0.0005058656238890864
audio_text_ln_lrh0.001_e5_s42,1703,3,1.2269,2.6528,0.0,0.0005055101315321721
audio_text_ln_lrh0.001_e5_s42,1704,3,1.42999,2.7803,0.0,0.0005051546391752577
audio_text_ln_lrh0.001_e5_s42,1705,3,1.22724,2.4639,0.0,0.0005047991468183434
audio_text_ln_lrh0.001_e5_s42,1706,3,1.84668,4.1033,0.0,0.000504443654461429
audio_text_ln_lrh0.001_e5_s42,1707,3,1.32639,3.4575,0.0,0.0005040881621045148
audio_text_ln_lrh0.001_e5_s42,1708,3,1.7377,3.9506,0.0,0.0005037326697476005
audio_text_ln_lrh0.001_e5_s42,1709,3,1.47954,2.8242,0.0,0.0005033771773906861
audio_text_ln_lrh0.001_e5_s42,1710,3,1.03374,2.2274,0.0,0.0005030216850337718
audio_text_ln_lrh0.001_e5_s42,1711,3,1.67396,2.6555,0.0,0.0005026661926768575
audio_text_ln_lrh0.001_e5_s42,1712,3,1.25788,2.9621,0.0,0.000502310700319943
audio_text_ln_lrh0.001_e5_s42,1713,3,1.38979,2.186,0.0,0.0005019552079630289
audio_text_ln_lrh0.001_e5_s42,1714,3,1.30974,2.3827,0.0,0.0005015997156061145
audio_text_ln_lrh0.001_e5_s42,1715,3,1.24232,1.9666,0.0,0.0005012442232492001
audio_text_ln_lrh0.001_e5_s42,1716,3,1.51692,2.5409,0.0,0.0005008887308922858
audio_text_ln_lrh0.001_e5_s42,1717,3,1.6469,3.886,0.0,0.0005005332385353715
audio_text_ln_lrh0.001_e5_s42,1718,3,1.67864,3.0469,0.0,0.0005001777461784571
audio_text_ln_lrh0.001_e5_s42,1719,3,1.36668,2.705,0.0,0.0004998222538215428
audio_text_ln_lrh0.001_e5_s42,1720,3,0.82028,3.1828,0.0,0.0004994667614646285
audio_text_ln_lrh0.001_e5_s42,1721,3,1.54958,2.5504,0.0,0.0004991112691077142
audio_text_ln_lrh0.001_e5_s42,1722,3,1.5444,3.3706,0.0,0.0004987557767507999
audio_text_ln_lrh0.001_e5_s42,1723,3,1.42321,2.3971,0.0,0.0004984002843938855
audio_text_ln_lrh0.001_e5_s42,1724,3,1.17048,2.9873,0.0,0.0004980447920369713
audio_text_ln_lrh0.001_e5_s42,1725,3,1.16576,2.1277,0.0,0.0004976892996800569
audio_text_ln_lrh0.001_e5_s42,1726,3,1.54622,2.9404,0.0,0.0004973338073231426
audio_text_ln_lrh0.001_e5_s42,1727,3,1.19658,2.2431,0.0,0.0004969783149662283
audio_text_ln_lrh0.001_e5_s42,1728,3,1.00294,1.769,0.0,0.000496622822609314
audio_text_ln_lrh0.001_e5_s42,1729,3,1.18914,2.391,0.0,0.0004962673302523995
audio_text_ln_lrh0.001_e5_s42,1730,3,1.55614,2.7719,0.0,0.0004959118378954852
audio_text_ln_lrh0.001_e5_s42,1731,3,0.92159,2.0307,0.0,0.0004955563455385709
audio_text_ln_lrh0.001_e5_s42,1732,3,1.15461,2.7552,0.0,0.0004952008531816566
audio_text_ln_lrh0.001_e5_s42,1733,3,1.16593,2.4859,0.0,0.0004948453608247423
audio_text_ln_lrh0.001_e5_s42,1734,3,1.45585,2.4142,0.0,0.0004944898684678279
audio_text_ln_lrh0.001_e5_s42,1735,3,1.84335,3.2798,0.0,0.0004941343761109136
audio_text_ln_lrh0.001_e5_s42,1736,3,1.00674,2.4455,0.0,0.0004937788837539993
audio_text_ln_lrh0.001_e5_s42,1737,3,1.79434,3.7156,0.0,0.000493423391397085
audio_text_ln_lrh0.001_e5_s42,1738,3,1.83475,2.7389,0.0,0.0004930678990401707
audio_text_ln_lrh0.001_e5_s42,1739,3,1.68883,3.5251,0.0,0.0004927124066832564
audio_text_ln_lrh0.001_e5_s42,1740,3,1.56688,3.0677,0.0,0.000492356914326342
audio_text_ln_lrh0.001_e5_s42,1741,3,1.50542,3.2538,0.0,0.0004920014219694277
audio_text_ln_lrh0.001_e5_s42,1742,3,1.53935,2.5465,0.0,0.0004916459296125134
audio_text_ln_lrh0.001_e5_s42,1743,3,1.42409,2.3802,0.0,0.000491290437255599
audio_text_ln_lrh0.001_e5_s42,1744,3,1.36307,2.8135,0.0,0.0004909349448986846
audio_text_ln_lrh0.001_e5_s42,1745,3,1.12428,4.0943,0.0,0.0004905794525417704
audio_text_ln_lrh0.001_e5_s42,1746,3,1.74044,2.086,0.0,0.000490223960184856
audio_text_ln_lrh0.001_e5_s42,1747,3,1.28065,2.3026,0.0,0.0004898684678279417
audio_text_ln_lrh0.001_e5_s42,1748,3,1.62986,2.9188,0.0,0.0004895129754710274
audio_text_ln_lrh0.001_e5_s42,1749,3,1.2661,3.2485,0.0,0.0004891574831141131
audio_text_ln_lrh0.001_e5_s42,1750,3,1.38274,2.1181,0.0,0.0004888019907571987
audio_text_ln_lrh0.001_e5_s42,1751,3,1.26663,2.6223,0.0,0.0004884464984002844
audio_text_ln_lrh0.001_e5_s42,1752,3,1.77934,3.5786,0.0,0.0004880910060433701
audio_text_ln_lrh0.001_e5_s42,1753,3,1.38819,2.3043,0.0,0.0004877355136864557
audio_text_ln_lrh0.001_e5_s42,1754,3,1.26202,2.4916,0.0,0.0004873800213295414
audio_text_ln_lrh0.001_e5_s42,1755,3,1.33171,2.6519,0.0,0.0004870245289726271
audio_text_ln_lrh0.001_e5_s42,1756,3,1.52751,2.34,0.0,0.00048666903661571275
audio_text_ln_lrh0.001_e5_s42,1757,3,1.49776,2.5788,0.0,0.00048631354425879845
audio_text_ln_lrh0.001_e5_s42,1758,3,1.11332,2.3929,0.0,0.00048595805190188414
audio_text_ln_lrh0.001_e5_s42,1759,3,0.91365,3.2155,0.0,0.0004856025595449698
audio_text_ln_lrh0.001_e5_s42,1760,3,1.34448,2.6849,0.0,0.0004852470671880554
audio_text_ln_lrh0.001_e5_s42,1761,3,1.48316,2.8581,0.0,0.00048489157483114117
audio_text_ln_lrh0.001_e5_s42,1762,3,1.57583,2.9831,0.0,0.0004845360824742268
audio_text_ln_lrh0.001_e5_s42,1763,3,1.29332,1.9251,0.0,0.00048418059011731245
audio_text_ln_lrh0.001_e5_s42,1764,3,1.46419,3.2883,0.0,0.0004838250977603982
audio_text_ln_lrh0.001_e5_s42,1765,3,1.6543,2.9686,0.0,0.00048346960540348384
audio_text_ln_lrh0.001_e5_s42,1766,3,1.50839,2.9875,0.0,0.0004831141130465695
audio_text_ln_lrh0.001_e5_s42,1767,3,1.58277,2.8203,0.0,0.0004827586206896552
audio_text_ln_lrh0.001_e5_s42,1768,3,1.16949,2.1985,0.0,0.0004824031283327409
audio_text_ln_lrh0.001_e5_s42,1769,3,1.23366,2.4235,0.0,0.0004820476359758265
audio_text_ln_lrh0.001_e5_s42,1770,3,1.47203,2.5804,0.0,0.0004816921436189122
audio_text_ln_lrh0.001_e5_s42,1771,3,1.44137,2.9172,0.0,0.0004813366512619979
audio_text_ln_lrh0.001_e5_s42,1772,3,1.55681,2.5177,0.0,0.00048098115890508354
audio_text_ln_lrh0.001_e5_s42,1773,3,0.95552,2.9742,0.0,0.00048062566654816924
audio_text_ln_lrh0.001_e5_s42,1774,3,1.10585,2.8096,0.0,0.0004802701741912549
audio_text_ln_lrh0.001_e5_s42,1775,3,1.29751,3.3251,0.0,0.0004799146818343406
audio_text_ln_lrh0.001_e5_s42,1776,3,1.46953,2.4396,0.0,0.00047955918947742627
audio_text_ln_lrh0.001_e5_s42,1777,3,1.22887,2.9781,0.0,0.0004792036971205119
audio_text_ln_lrh0.001_e5_s42,1778,3,1.77282,3.7229,0.0,0.0004788482047635976
audio_text_ln_lrh0.001_e5_s42,1779,3,1.23329,2.223,0.0,0.00047849271240668325
audio_text_ln_lrh0.001_e5_s42,1780,3,1.23146,2.6975,0.0,0.00047813722004976894
audio_text_ln_lrh0.001_e5_s42,1781,3,1.22604,1.9596,0.0,0.0004777817276928546
audio_text_ln_lrh0.001_e5_s42,1782,3,1.37845,3.0382,0.0,0.0004774262353359403
audio_text_ln_lrh0.001_e5_s42,1783,3,1.05864,2.8341,0.0,0.00047707074297902597
audio_text_ln_lrh0.001_e5_s42,1784,3,1.11038,2.0455,0.0,0.0004767152506221116
audio_text_ln_lrh0.001_e5_s42,1785,3,0.98378,2.1212,0.0,0.0004763597582651973
audio_text_ln_lrh0.001_e5_s42,1786,3,1.74213,3.7567,0.0,0.000476004265908283
audio_text_ln_lrh0.001_e5_s42,1787,3,1.67288,3.327,0.0,0.00047564877355136864
audio_text_ln_lrh0.001_e5_s42,1788,3,1.50135,3.2114,0.0,0.0004752932811944543
audio_text_ln_lrh0.001_e5_s42,1789,3,0.9572,2.2405,0.0,0.00047493778883754003
audio_text_ln_lrh0.001_e5_s42,1790,3,1.52378,2.2836,0.0,0.00047458229648062567
audio_text_ln_lrh0.001_e5_s42,1791,3,1.57328,2.9192,0.0,0.0004742268041237113
audio_text_ln_lrh0.001_e5_s42,1792,3,1.392,2.5488,0.0,0.00047387131176679706
audio_text_ln_lrh0.001_e5_s42,1793,3,1.09744,1.9582,0.0,0.0004735158194098827
audio_text_ln_lrh0.001_e5_s42,1794,3,1.15178,2.0012,0.0,0.00047316032705296834
audio_text_ln_lrh0.001_e5_s42,1795,3,1.38383,2.5293,0.0,0.0004728048346960541
audio_text_ln_lrh0.001_e5_s42,1796,3,1.31712,1.9982,0.0,0.00047244934233913973
audio_text_ln_lrh0.001_e5_s42,1797,3,1.03227,1.9451,0.0,0.00047209384998222537
audio_text_ln_lrh0.001_e5_s42,1798,3,1.3657,2.5761,0.0,0.00047173835762531107
audio_text_ln_lrh0.001_e5_s42,1799,3,1.17923,2.1074,0.0,0.00047138286526839676
audio_text_ln_lrh0.001_e5_s42,1800,3,1.61995,2.8116,0.0,0.0004710273729114824
audio_text_ln_lrh0.001_e5_s42,1801,3,1.43453,2.6027,0.0,0.0004706718805545681
audio_text_ln_lrh0.001_e5_s42,1802,3,1.39022,2.2001,0.0,0.0004703163881976538
audio_text_ln_lrh0.001_e5_s42,1803,3,1.28124,2.6903,0.0,0.00046996089584073943
audio_text_ln_lrh0.001_e5_s42,1804,3,1.42693,3.3722,0.0,0.00046960540348382513
audio_text_ln_lrh0.001_e5_s42,1805,3,1.77532,2.9067,0.0,0.00046924991112691077
audio_text_ln_lrh0.001_e5_s42,1806,3,1.53049,2.8629,0.0,0.00046889441876999646
audio_text_ln_lrh0.001_e5_s42,1807,3,0.85039,3.1246,0.0,0.00046853892641308216
audio_text_ln_lrh0.001_e5_s42,1808,3,1.31471,1.8829,0.0,0.0004681834340561678
audio_text_ln_lrh0.001_e5_s42,1809,3,1.07487,3.2784,0.0,0.0004678279416992535
audio_text_ln_lrh0.001_e5_s42,1810,3,1.3875,2.5942,0.0,0.00046747244934233913
audio_text_ln_lrh0.001_e5_s42,1811,3,1.52844,2.7007,0.0,0.00046711695698542483
audio_text_ln_lrh0.001_e5_s42,1812,3,1.69494,2.9689,0.0,0.00046676146462851047
audio_text_ln_lrh0.001_e5_s42,1813,3,1.15763,2.2177,0.0,0.00046640597227159616
audio_text_ln_lrh0.001_e5_s42,1814,3,0.9776,2.8,0.0,0.00046605047991468186
audio_text_ln_lrh0.001_e5_s42,1815,3,1.35495,2.4042,0.0,0.0004656949875577675
audio_text_ln_lrh0.001_e5_s42,1816,3,1.54352,2.3096,0.0,0.0004653394952008532
audio_text_ln_lrh0.001_e5_s42,1817,3,1.24316,2.0832,0.0,0.0004649840028439389
audio_text_ln_lrh0.001_e5_s42,1818,3,1.59309,3.1266,0.0,0.00046462851048702453
audio_text_ln_lrh0.001_e5_s42,1819,3,1.25701,2.557,0.0,0.00046427301813011017
audio_text_ln_lrh0.001_e5_s42,1820,3,1.59385,3.7318,0.0,0.0004639175257731959
audio_text_ln_lrh0.001_e5_s42,1821,3,0.94501,2.0994,0.0,0.00046356203341628156
audio_text_ln_lrh0.001_e5_s42,1822,3,2.0795,3.8017,0.0,0.0004632065410593672
audio_text_ln_lrh0.001_e5_s42,1823,3,1.38737,2.3949,0.0,0.00046285104870245295
audio_text_ln_lrh0.001_e5_s42,1824,3,1.40349,2.5651,0.0,0.0004624955563455386
audio_text_ln_lrh0.001_e5_s42,1825,3,1.5411,2.4199,0.0,0.00046214006398862423
audio_text_ln_lrh0.001_e5_s42,1826,3,0.98716,2.7095,0.0,0.0004617845716317099
audio_text_ln_lrh0.001_e5_s42,1827,3,1.65757,2.6515,0.0,0.0004614290792747956
audio_text_ln_lrh0.001_e5_s42,1828,3,1.23431,2.8276,0.0,0.00046107358691788126
audio_text_ln_lrh0.001_e5_s42,1829,3,1.452,3.1514,0.0,0.00046071809456096696
audio_text_ln_lrh0.001_e5_s42,1830,3,1.7379,3.0681,0.0,0.00046036260220405265
audio_text_ln_lrh0.001_e5_s42,1831,3,0.98156,2.8704,0.0,0.0004600071098471383
audio_text_ln_lrh0.001_e5_s42,1832,3,1.73986,3.3846,0.0,0.000459651617490224
audio_text_ln_lrh0.001_e5_s42,1833,3,1.72685,2.6406,0.0,0.0004592961251333096
audio_text_ln_lrh0.001_e5_s42,1834,3,1.12309,2.6949,0.0,0.0004589406327763953
audio_text_ln_lrh0.001_e5_s42,1835,3,1.27735,2.4163,0.0,0.000458585140419481
audio_text_ln_lrh0.001_e5_s42,1836,3,1.38988,3.7407,0.0,0.00045822964806256666
audio_text_ln_lrh0.001_e5_s42,1837,3,1.17969,2.507,0.0,0.00045787415570565235
audio_text_ln_lrh0.001_e5_s42,1838,3,1.39519,2.1066,0.0,0.000457518663348738
audio_text_ln_lrh0.001_e5_s42,1839,3,1.17409,2.2516,0.0,0.0004571631709918237
audio_text_ln_lrh0.001_e5_s42,1840,3,1.16723,2.1721,0.0,0.00045680767863490933
audio_text_ln_lrh0.001_e5_s42,1841,3,1.47039,3.1501,0.0,0.000456452186277995
audio_text_ln_lrh0.001_e5_s42,1842,3,1.72362,2.8446,0.0,0.0004560966939210807
audio_text_ln_lrh0.001_e5_s42,1843,3,1.55742,1.8951,0.0,0.00045574120156416636
audio_text_ln_lrh0.001_e5_s42,1844,3,1.32467,2.4683,0.0,0.00045538570920725205
audio_text_ln_lrh0.001_e5_s42,1845,3,1.57,3.6826,0.0,0.00045503021685033775
audio_text_ln_lrh0.001_e5_s42,1846,3,1.32937,2.2136,0.0,0.0004546747244934234
audio_text_ln_lrh0.001_e5_s42,1847,3,1.50243,3.3049,0.0,0.00045431923213650903
audio_text_ln_lrh0.001_e5_s42,1848,3,1.55624,2.7793,0.0,0.0004539637397795948
audio_text_ln_lrh0.001_e5_s42,1849,3,1.10032,2.2252,0.0,0.0004536082474226804
audio_text_ln_lrh0.001_e5_s42,1850,3,1.42715,2.457,0.0,0.00045325275506576606
audio_text_ln_lrh0.001_e5_s42,1851,3,0.9231,2.1264,0.0,0.0004528972627088518
audio_text_ln_lrh0.001_e5_s42,1852,3,1.24884,2.3141,0.0,0.00045254177035193745
audio_text_ln_lrh0.001_e5_s42,1853,3,0.96315,2.4194,0.0,0.0004521862779950231
audio_text_ln_lrh0.001_e5_s42,1854,3,1.5637,2.4447,0.0,0.0004518307856381088
audio_text_ln_lrh0.001_e5_s42,1855,3,1.46193,2.9778,0.0,0.0004514752932811945
audio_text_ln_lrh0.001_e5_s42,1856,3,1.09819,2.4375,0.0,0.0004511198009242801
audio_text_ln_lrh0.001_e5_s42,1857,3,1.31619,2.7971,0.0,0.0004507643085673658
audio_text_ln_lrh0.001_e5_s42,1858,3,1.27281,2.7176,0.0,0.0004504088162104515
audio_text_ln_lrh0.001_e5_s42,1859,3,1.37126,2.7242,0.0,0.00045005332385353715
audio_text_ln_lrh0.001_e5_s42,1860,3,1.5388,3.5995,0.0,0.00044969783149662284
audio_text_ln_lrh0.001_e5_s42,1861,3,1.02029,2.4875,0.0,0.0004493423391397085
audio_text_ln_lrh0.001_e5_s42,1862,3,1.48654,2.3891,0.0,0.0004489868467827942
audio_text_ln_lrh0.001_e5_s42,1863,3,1.48308,3.429,0.0,0.0004486313544258799
audio_text_ln_lrh0.001_e5_s42,1864,3,1.95052,3.2499,0.0,0.0004482758620689655
audio_text_ln_lrh0.001_e5_s42,1865,3,1.34542,3.153,0.0,0.0004479203697120512
audio_text_ln_lrh0.001_e5_s42,1866,3,1.05437,2.9153,0.0,0.0004475648773551369
audio_text_ln_lrh0.001_e5_s42,1867,3,1.49567,2.6122,0.0,0.00044720938499822255
audio_text_ln_lrh0.001_e5_s42,1868,3,1.25947,2.6136,0.0,0.0004468538926413082
audio_text_ln_lrh0.001_e5_s42,1869,3,1.19717,3.2283,0.0,0.0004464984002843939
audio_text_ln_lrh0.001_e5_s42,1870,3,1.30642,2.5585,0.0,0.0004461429079274796
audio_text_ln_lrh0.001_e5_s42,1871,3,1.35702,2.2119,0.0,0.0004457874155705652
audio_text_ln_lrh0.001_e5_s42,1872,3,1.47169,3.1074,0.0,0.0004454319232136509
audio_text_ln_lrh0.001_e5_s42,1873,3,1.58777,3.0652,0.0,0.0004450764308567366
audio_text_ln_lrh0.001_e5_s42,1874,3,1.84666,5.0516,0.0,0.00044472093849982225
audio_text_ln_lrh0.001_e5_s42,1875,3,1.31254,5.1526,0.0,0.0004443654461429079
audio_text_ln_lrh0.001_e5_s42,1876,4,1.07804,2.8029,0.0,0.00044400995378599364
audio_text_ln_lrh0.001_e5_s42,1877,4,1.0948,2.0317,0.0,0.0004436544614290793
audio_text_ln_lrh0.001_e5_s42,1878,4,1.52173,3.2553,0.0,0.0004432989690721649
audio_text_ln_lrh0.001_e5_s42,1879,4,1.21999,2.4663,0.0,0.00044294347671525067
audio_text_ln_lrh0.001_e5_s42,1880,4,1.13467,2.6544,0.0,0.0004425879843583363
audio_text_ln_lrh0.001_e5_s42,1881,4,1.18459,2.7095,0.0,0.00044223249200142195
audio_text_ln_lrh0.001_e5_s42,1882,4,1.02457,2.9668,0.0,0.0004418769996445077
audio_text_ln_lrh0.001_e5_s42,1883,4,1.32131,2.1487,0.0,0.00044152150728759334
audio_text_ln_lrh0.001_e5_s42,1884,4,1.62306,3.4675,0.0,0.000441166014930679
audio_text_ln_lrh0.001_e5_s42,1885,4,1.12314,2.9201,0.0,0.00044081052257376467
audio_text_ln_lrh0.001_e5_s42,1886,4,1.35033,2.8653,0.0,0.00044045503021685037
audio_text_ln_lrh0.001_e5_s42,1887,4,1.04905,2.4764,0.0,0.000440099537859936
audio_text_ln_lrh0.001_e5_s42,1888,4,1.24673,2.3419,0.0,0.0004397440455030217
audio_text_ln_lrh0.001_e5_s42,1889,4,0.86832,2.0779,0.0,0.0004393885531461074
audio_text_ln_lrh0.001_e5_s42,1890,4,1.10695,3.6238,0.0,0.00043903306078919304
audio_text_ln_lrh0.001_e5_s42,1891,4,1.10702,2.4352,0.0,0.00043867756843227873
audio_text_ln_lrh0.001_e5_s42,1892,4,0.78526,2.3449,0.0,0.0004383220760753644
audio_text_ln_lrh0.001_e5_s42,1893,4,1.29658,2.9409,0.0,0.00043796658371845007
audio_text_ln_lrh0.001_e5_s42,1894,4,0.97391,1.9057,0.0,0.00043761109136153576
audio_text_ln_lrh0.001_e5_s42,1895,4,1.22047,3.3379,0.0,0.0004372555990046214
audio_text_ln_lrh0.001_e5_s42,1896,4,1.14313,2.5763,0.0,0.0004369001066477071
audio_text_ln_lrh0.001_e5_s42,1897,4,1.71286,3.481,0.0,0.00043654461429079274
audio_text_ln_lrh0.001_e5_s42,1898,4,1.21077,2.3788,0.0,0.00043618912193387843
audio_text_ln_lrh0.001_e5_s42,1899,4,2.02638,3.8672,0.0,0.0004358336295769641
audio_text_ln_lrh0.001_e5_s42,1900,4,1.63631,4.929,0.0,0.00043547813722004977
audio_text_ln_lrh0.001_e5_s42,1901,4,1.35072,2.5901,0.0,0.00043512264486313546
audio_text_ln_lrh0.001_e5_s42,1902,4,1.09841,3.0258,0.0,0.0004347671525062211
audio_text_ln_lrh0.001_e5_s42,1903,4,1.26096,2.0363,0.0,0.0004344116601493068
audio_text_ln_lrh0.001_e5_s42,1904,4,1.40948,2.7226,0.0,0.0004340561677923925
audio_text_ln_lrh0.001_e5_s42,1905,4,1.22274,1.764,0.0,0.00043370067543547814
audio_text_ln_lrh0.001_e5_s42,1906,4,1.28241,2.1518,0.0,0.0004333451830785638
audio_text_ln_lrh0.001_e5_s42,1907,4,1.46126,2.8776,0.0,0.0004329896907216495
audio_text_ln_lrh0.001_e5_s42,1908,4,1.35132,2.731,0.0,0.00043263419836473517
audio_text_ln_lrh0.001_e5_s42,1909,4,1.04691,2.5832,0.0,0.0004322787060078208
audio_text_ln_lrh0.001_e5_s42,1910,4,1.50707,3.4662,0.0,0.00043192321365090656
audio_text_ln_lrh0.001_e5_s42,1911,4,1.95959,3.6794,0.0,0.0004315677212939922
audio_text_ln_lrh0.001_e5_s42,1912,4,1.54695,3.6813,0.0,0.00043121222893707784
audio_text_ln_lrh0.001_e5_s42,1913,4,1.33168,2.3351,0.0,0.00043085673658016353
audio_text_ln_lrh0.001_e5_s42,1914,4,1.29492,2.635,0.0,0.0004305012442232492
audio_text_ln_lrh0.001_e5_s42,1915,4,1.35803,2.9011,0.0,0.00043014575186633487
audio_text_ln_lrh0.001_e5_s42,1916,4,1.33151,2.521,0.0,0.00042979025950942056
audio_text_ln_lrh0.001_e5_s42,1917,4,0.85439,2.7764,0.0,0.00042943476715250626
audio_text_ln_lrh0.001_e5_s42,1918,4,1.87097,2.9573,0.0,0.0004290792747955919
audio_text_ln_lrh0.001_e5_s42,1919,4,1.20965,2.7628,0.0,0.0004287237824386776
audio_text_ln_lrh0.001_e5_s42,1920,4,1.4208,3.157,0.0,0.00042836829008176323
audio_text_ln_lrh0.001_e5_s42,1921,4,1.06805,2.6182,0.0,0.0004280127977248489
audio_text_ln_lrh0.001_e5_s42,1922,4,1.48694,3.223,0.0,0.0004276573053679346
audio_text_ln_lrh0.001_e5_s42,1923,4,1.69804,2.8722,0.0,0.00042730181301102026
audio_text_ln_lrh0.001_e5_s42,1924,4,1.47715,2.2799,0.0,0.00042694632065410596
audio_text_ln_lrh0.001_e5_s42,1925,4,1.04777,2.6309,0.0,0.00042659082829719165
audio_text_ln_lrh0.001_e5_s42,1926,4,1.26258,2.3958,0.0,0.0004262353359402773
audio_text_ln_lrh0.001_e5_s42,1927,4,1.56494,2.3674,0.0,0.00042587984358336293
audio_text_ln_lrh0.001_e5_s42,1928,4,1.2398,2.4208,0.0,0.00042552435122644863
audio_text_ln_lrh0.001_e5_s42,1929,4,1.14624,2.6539,0.0,0.0004251688588695343
audio_text_ln_lrh0.001_e5_s42,1930,4,1.45824,2.6278,0.0,0.00042481336651261996
audio_text_ln_lrh0.001_e5_s42,1931,4,1.66915,2.8977,0.0,0.00042445787415570566
audio_text_ln_lrh0.001_e5_s42,1932,4,1.36484,3.0766,0.0,0.00042410238179879135
audio_text_ln_lrh0.001_e5_s42,1933,4,1.24458,2.9572,0.0,0.000423746889441877
audio_text_ln_lrh0.001_e5_s42,1934,4,1.44917,2.3454,0.0,0.00042339139708496263
audio_text_ln_lrh0.001_e5_s42,1935,4,1.47024,2.579,0.0,0.0004230359047280484
audio_text_ln_lrh0.001_e5_s42,1936,4,1.59296,3.6721,0.0,0.000422680412371134
audio_text_ln_lrh0.001_e5_s42,1937,4,1.22709,2.6808,0.0,0.00042232492001421966
audio_text_ln_lrh0.001_e5_s42,1938,4,1.3218,3.3399,0.0,0.0004219694276573054
audio_text_ln_lrh0.001_e5_s42,1939,4,1.15461,2.1371,0.0,0.00042161393530039105
audio_text_ln_lrh0.001_e5_s42,1940,4,1.41377,2.6546,0.0,0.0004212584429434767
audio_text_ln_lrh0.001_e5_s42,1941,4,1.49399,2.6664,0.0,0.0004209029505865624
audio_text_ln_lrh0.001_e5_s42,1942,4,1.40864,2.6257,0.0,0.0004205474582296481
audio_text_ln_lrh0.001_e5_s42,1943,4,1.00964,2.1639,0.0,0.0004201919658727337
audio_text_ln_lrh0.001_e5_s42,1944,4,1.25919,2.18,0.0,0.0004198364735158194
audio_text_ln_lrh0.001_e5_s42,1945,4,1.02706,3.0134,0.0,0.0004194809811589051
audio_text_ln_lrh0.001_e5_s42,1946,4,1.22209,2.5889,0.0,0.00041912548880199076
audio_text_ln_lrh0.001_e5_s42,1947,4,1.71468,4.0359,0.0,0.00041876999644507645
audio_text_ln_lrh0.001_e5_s42,1948,4,1.48689,3.4211,0.0,0.00041841450408816214
audio_text_ln_lrh0.001_e5_s42,1949,4,1.77348,3.4646,0.0,0.0004180590117312478
audio_text_ln_lrh0.001_e5_s42,1950,4,1.24299,2.5362,0.0,0.0004177035193743335
audio_text_ln_lrh0.001_e5_s42,1951,4,1.87,3.3911,0.0,0.0004173480270174191
audio_text_ln_lrh0.001_e5_s42,1952,4,0.71024,2.377,0.0,0.0004169925346605048
audio_text_ln_lrh0.001_e5_s42,1953,4,1.31831,2.9021,0.0,0.0004166370423035905
audio_text_ln_lrh0.001_e5_s42,1954,4,1.30415,2.1013,0.0,0.00041628154994667615
audio_text_ln_lrh0.001_e5_s42,1955,4,1.20398,2.1488,0.0,0.00041592605758976185
audio_text_ln_lrh0.001_e5_s42,1956,4,1.33041,3.9881,0.0,0.0004155705652328475
audio_text_ln_lrh0.001_e5_s42,1957,4,1.00141,2.5104,0.0,0.0004152150728759332
audio_text_ln_lrh0.001_e5_s42,1958,4,1.65623,4.092,0.0,0.0004148595805190188
audio_text_ln_lrh0.001_e5_s42,1959,4,1.49186,3.9417,0.0,0.0004145040881621045
audio_text_ln_lrh0.001_e5_s42,1960,4,1.45193,3.11,0.0,0.0004141485958051902
audio_text_ln_lrh0.001_e5_s42,1961,4,1.31544,2.7006,0.0,0.00041379310344827585
audio_text_ln_lrh0.001_e5_s42,1962,4,1.60472,5.5848,0.0,0.00041343761109136155
audio_text_ln_lrh0.001_e5_s42,1963,4,1.83084,2.9741,0.0,0.00041308211873444724
audio_text_ln_lrh0.001_e5_s42,1964,4,1.73046,3.2351,0.0,0.0004127266263775329
audio_text_ln_lrh0.001_e5_s42,1965,4,1.46165,2.8471,0.0,0.0004123711340206185
audio_text_ln_lrh0.001_e5_s42,1966,4,1.38724,3.2275,0.0,0.00041201564166370427
audio_text_ln_lrh0.001_e5_s42,1967,4,1.42469,3.7192,0.0,0.0004116601493067899
audio_text_ln_lrh0.001_e5_s42,1968,4,1.48165,3.3251,0.0,0.00041130465694987555
audio_text_ln_lrh0.001_e5_s42,1969,4,1.58711,2.9668,0.0,0.0004109491645929613
audio_text_ln_lrh0.001_e5_s42,1970,4,1.58653,3.1257,0.0,0.00041059367223604694
audio_text_ln_lrh0.001_e5_s42,1971,4,1.06464,2.5219,0.0,0.0004102381798791326
audio_text_ln_lrh0.001_e5_s42,1972,4,1.48322,2.6149,0.0,0.0004098826875222183
audio_text_ln_lrh0.001_e5_s42,1973,4,1.35081,2.2228,0.0,0.00040952719516530397
audio_text_ln_lrh0.001_e5_s42,1974,4,1.42553,2.802,0.0,0.0004091717028083896
audio_text_ln_lrh0.001_e5_s42,1975,4,1.35423,2.2193,0.0,0.0004088162104514753
audio_text_ln_lrh0.001_e5_s42,1976,4,1.58558,2.8773,0.0,0.000408460718094561
audio_text_ln_lrh0.001_e5_s42,1977,4,1.7348,3.2729,0.0,0.00040810522573764664
audio_text_ln_lrh0.001_e5_s42,1978,4,1.23645,2.8209,0.0,0.00040774973338073234
audio_text_ln_lrh0.001_e5_s42,1979,4,1.30913,2.7875,0.0,0.000407394241023818
audio_text_ln_lrh0.001_e5_s42,1980,4,1.44278,2.3438,0.0,0.0004070387486669037
audio_text_ln_lrh0.001_e5_s42,1981,4,1.43741,2.1158,0.0,0.00040668325630998937
audio_text_ln_lrh0.001_e5_s42,1982,4,1.01241,3.1573,0.0,0.000406327763953075
audio_text_ln_lrh0.001_e5_s42,1983,4,1.26943,2.6719,0.0,0.0004059722715961607
audio_text_ln_lrh0.001_e5_s42,1984,4,2.49529,4.2193,0.0,0.0004056167792392464
audio_text_ln_lrh0.001_e5_s42,1985,4,0.93967,2.2669,0.0,0.00040526128688233204
audio_text_ln_lrh0.001_e5_s42,1986,4,1.38403,2.4514,0.0,0.0004049057945254177
audio_text_ln_lrh0.001_e5_s42,1987,4,1.48277,2.4852,0.0,0.0004045503021685034
audio_text_ln_lrh0.001_e5_s42,1988,4,1.50176,3.8107,0.0,0.00040419480981158907
audio_text_ln_lrh0.001_e5_s42,1989,4,1.61656,2.8665,0.0,0.0004038393174546747
audio_text_ln_lrh0.001_e5_s42,1990,4,1.46734,2.7388,0.0,0.0004034838250977604
audio_text_ln_lrh0.001_e5_s42,1991,4,0.74187,3.118,0.0,0.0004031283327408461
audio_text_ln_lrh0.001_e5_s42,1992,4,1.3814,2.6807,0.0,0.00040277284038393174
audio_text_ln_lrh0.001_e5_s42,1993,4,1.11885,2.5016,0.0,0.0004024173480270174
audio_text_ln_lrh0.001_e5_s42,1994,4,1.43743,2.1011,0.0,0.00040206185567010313
audio_text_ln_lrh0.001_e5_s42,1995,4,1.62442,2.71,0.0,0.00040170636331318877
audio_text_ln_lrh0.001_e5_s42,1996,4,1.43974,2.8311,0.0,0.0004013508709562744
audio_text_ln_lrh0.001_e5_s42,1997,4,1.54537,2.7652,0.0,0.00040099537859936016
audio_text_ln_lrh0.001_e5_s42,1998,4,1.23722,2.7137,0.0,0.0004006398862424458
audio_text_ln_lrh0.001_e5_s42,1999,4,1.34412,2.2251,0.0,0.00040028439388553144
audio_text_ln_lrh0.001_e5_s42,2000,4,1.49666,2.1348,0.0,0.00039992890152861714
audio_text_ln_lrh0.001_e5_s42,2001,4,1.6819,2.9054,0.0,0.00039957340917170283
audio_text_ln_lrh0.001_e5_s42,2002,4,0.90532,2.524,0.0,0.00039921791681478847
audio_text_ln_lrh0.001_e5_s42,2003,4,1.114,2.1051,0.0,0.00039886242445787417
audio_text_ln_lrh0.001_e5_s42,2004,4,1.2481,2.4554,0.0,0.00039850693210095986
audio_text_ln_lrh0.001_e5_s42,2005,4,1.07772,2.263,0.0,0.0003981514397440455
audio_text_ln_lrh0.001_e5_s42,2006,4,1.11983,2.0165,0.0,0.0003977959473871312
audio_text_ln_lrh0.001_e5_s42,2007,4,1.44321,3.0697,0.0,0.00039744045503021684
audio_text_ln_lrh0.001_e5_s42,2008,4,0.70297,3.2791,0.0,0.00039708496267330253
audio_text_ln_lrh0.001_e5_s42,2009,4,1.17295,2.4671,0.0,0.00039672947031638823
audio_text_ln_lrh0.001_e5_s42,2010,4,1.53429,2.5743,0.0,0.00039637397795947387
audio_text_ln_lrh0.001_e5_s42,2011,4,1.29593,2.1884,0.0,0.00039601848560255956
audio_text_ln_lrh0.001_e5_s42,2012,4,1.58062,3.0243,0.0,0.00039566299324564526
audio_text_ln_lrh0.001_e5_s42,2013,4,1.38671,3.4177,0.0,0.0003953075008887309
audio_text_ln_lrh0.001_e5_s42,2014,4,1.80689,4.4608,0.0,0.00039495200853181654
audio_text_ln_lrh0.001_e5_s42,2015,4,1.31021,2.2812,0.0,0.00039459651617490223
audio_text_ln_lrh0.001_e5_s42,2016,4,1.00605,2.5763,0.0,0.00039424102381798793
audio_text_ln_lrh0.001_e5_s42,2017,4,1.24398,2.2559,0.0,0.00039388553146107357
audio_text_ln_lrh0.001_e5_s42,2018,4,0.72305,2.5412,0.0,0.00039353003910415926
audio_text_ln_lrh0.001_e5_s42,2019,4,1.10443,2.0607,0.0,0.00039317454674724496
audio_text_ln_lrh0.001_e5_s42,2020,4,1.46658,2.3819,0.0,0.0003928190543903306
audio_text_ln_lrh0.001_e5_s42,2021,4,1.17443,2.4162,0.0,0.00039246356203341624
audio_text_ln_lrh0.001_e5_s42,2022,4,1.29792,2.6414,0.0,0.000392108069676502
audio_text_ln_lrh0.001_e5_s42,2023,4,1.72061,2.8207,0.0,0.00039175257731958763
audio_text_ln_lrh0.001_e5_s42,2024,4,1.33729,2.4941,0.0,0.00039139708496267327
audio_text_ln_lrh0.001_e5_s42,2025,4,1.47614,4.0679,0.0,0.000391041592605759
audio_text_ln_lrh0.001_e5_s42,2026,4,1.19881,2.2668,0.0,0.00039068610024884466
audio_text_ln_lrh0.001_e5_s42,2027,4,1.49466,3.3309,0.0,0.0003903306078919303
audio_text_ln_lrh0.001_e5_s42,2028,4,1.25242,2.1225,0.0,0.00038997511553501605
audio_text_ln_lrh0.001_e5_s42,2029,4,1.42498,2.6961,0.0,0.0003896196231781017
audio_text_ln_lrh0.001_e5_s42,2030,4,1.03523,2.8127,0.0,0.00038926413082118733
audio_text_ln_lrh0.001_e5_s42,2031,4,1.54258,2.6851,0.0,0.000388908638464273
audio_text_ln_lrh0.001_e5_s42,2032,4,1.46454,2.3696,0.0,0.0003885531461073587
audio_text_ln_lrh0.001_e5_s42,2033,4,1.02823,2.4429,0.0,0.00038819765375044436
audio_text_ln_lrh0.001_e5_s42,2034,4,1.97857,3.3972,0.0,0.00038784216139353006
audio_text_ln_lrh0.001_e5_s42,2035,4,1.19877,2.4151,0.0,0.00038748666903661575
audio_text_ln_lrh0.001_e5_s42,2036,4,1.54054,2.4902,0.0,0.0003871311766797014
audio_text_ln_lrh0.001_e5_s42,2037,4,1.24332,2.3669,0.0,0.0003867756843227871
audio_text_ln_lrh0.001_e5_s42,2038,4,1.15282,2.0471,0.0,0.0003864201919658727
audio_text_ln_lrh0.001_e5_s42,2039,4,1.41345,1.8709,0.0,0.0003860646996089584
audio_text_ln_lrh0.001_e5_s42,2040,4,0.97201,2.6663,0.0,0.0003857092072520441
audio_text_ln_lrh0.001_e5_s42,2041,4,1.35309,2.3326,0.0,0.00038535371489512976
audio_text_ln_lrh0.001_e5_s42,2042,4,1.1276,2.2425,0.0,0.00038499822253821545
audio_text_ln_lrh0.001_e5_s42,2043,4,1.43228,2.6677,0.0,0.00038464273018130115
audio_text_ln_lrh0.001_e5_s42,2044,4,1.73118,3.6218,0.0,0.0003842872378243868
audio_text_ln_lrh0.001_e5_s42,2045,4,1.61261,3.2346,0.0,0.00038393174546747243
audio_text_ln_lrh0.001_e5_s42,2046,4,1.51973,2.7955,0.0,0.0003835762531105581
audio_text_ln_lrh0.001_e5_s42,2047,4,0.93969,2.9114,0.0,0.0003832207607536438
audio_text_ln_lrh0.001_e5_s42,2048,4,1.18059,2.2381,0.0,0.00038286526839672946
audio_text_ln_lrh0.001_e5_s42,2049,4,1.30589,2.5758,0.0,0.00038250977603981515
audio_text_ln_lrh0.001_e5_s42,2050,4,1.1756,2.6238,0.0,0.00038215428368290085
audio_text_ln_lrh0.001_e5_s42,2051,4,1.49773,3.3259,0.0,0.0003817987913259865
audio_text_ln_lrh0.001_e5_s42,2052,4,1.15064,2.4421,0.0,0.00038144329896907213
audio_text_ln_lrh0.001_e5_s42,2053,4,1.39617,2.7196,0.0,0.0003810878066121579
audio_text_ln_lrh0.001_e5_s42,2054,4,1.45381,3.2884,0.0,0.0003807323142552435
audio_text_ln_lrh0.001_e5_s42,2055,4,1.20363,1.9735,0.0,0.00038037682189832916
audio_text_ln_lrh0.001_e5_s42,2056,4,1.32379,2.4611,0.0,0.0003800213295414149
audio_text_ln_lrh0.001_e5_s42,2057,4,1.47291,2.973,0.0,0.00037966583718450055
audio_text_ln_lrh0.001_e5_s42,2058,4,1.57314,3.6302,0.0,0.0003793103448275862
audio_text_ln_lrh0.001_e5_s42,2059,4,1.46497,2.1069,0.0,0.0003789548524706719
audio_text_ln_lrh0.001_e5_s42,2060,4,1.65296,2.9512,0.0,0.0003785993601137576
audio_text_ln_lrh0.001_e5_s42,2061,4,1.11986,2.3177,0.0,0.0003782438677568432
audio_text_ln_lrh0.001_e5_s42,2062,4,1.33613,2.0108,0.0,0.0003778883753999289
audio_text_ln_lrh0.001_e5_s42,2063,4,1.32387,2.4197,0.0,0.0003775328830430146
audio_text_ln_lrh0.001_e5_s42,2064,4,1.19169,2.6611,0.0,0.00037717739068610025
audio_text_ln_lrh0.001_e5_s42,2065,4,1.36366,2.4908,0.0,0.00037682189832918594
audio_text_ln_lrh0.001_e5_s42,2066,4,1.19292,2.5766,0.0,0.0003764664059722716
audio_text_ln_lrh0.001_e5_s42,2067,4,1.20154,2.4215,0.0,0.0003761109136153573
audio_text_ln_lrh0.001_e5_s42,2068,4,1.02007,2.1062,0.0,0.000375755421258443
audio_text_ln_lrh0.001_e5_s42,2069,4,1.18577,2.4739,0.0,0.0003753999289015286
audio_text_ln_lrh0.001_e5_s42,2070,4,1.39866,3.7516,0.0,0.0003750444365446143
audio_text_ln_lrh0.001_e5_s42,2071,4,1.68606,2.8735,0.0,0.0003746889441877
audio_text_ln_lrh0.001_e5_s42,2072,4,1.12375,3.0149,0.0,0.00037433345183078564
audio_text_ln_lrh0.001_e5_s42,2073,4,1.28097,2.8809,0.0,0.0003739779594738713
audio_text_ln_lrh0.001_e5_s42,2074,4,1.02028,2.2054,0.0,0.000373622467116957
audio_text_ln_lrh0.001_e5_s42,2075,4,1.07466,2.0652,0.0,0.0003732669747600427
audio_text_ln_lrh0.001_e5_s42,2076,4,1.18932,2.2174,0.0,0.0003729114824031283
audio_text_ln_lrh0.001_e5_s42,2077,4,1.49503,3.3782,0.0,0.000372555990046214
audio_text_ln_lrh0.001_e5_s42,2078,4,1.40841,2.0385,0.0,0.0003722004976892997
audio_text_ln_lrh0.001_e5_s42,2079,4,1.38005,2.6379,0.0,0.00037184500533238535
audio_text_ln_lrh0.001_e5_s42,2080,4,1.77596,3.4489,0.0,0.000371489512975471
audio_text_ln_lrh0.001_e5_s42,2081,4,1.55434,3.0829,0.0,0.00037113402061855674
audio_text_ln_lrh0.001_e5_s42,2082,4,1.14711,2.5307,0.0,0.0003707785282616424
audio_text_ln_lrh0.001_e5_s42,2083,4,1.34062,2.6173,0.0,0.000370423035904728
audio_text_ln_lrh0.001_e5_s42,2084,4,1.10602,2.2804,0.0,0.00037006754354781377
audio_text_ln_lrh0.001_e5_s42,2085,4,1.67694,3.5133,0.0,0.0003697120511908994
audio_text_ln_lrh0.001_e5_s42,2086,4,1.12898,2.6908,0.0,0.00036935655883398505
audio_text_ln_lrh0.001_e5_s42,2087,4,1.48109,3.2565,0.0,0.00036900106647707074
audio_text_ln_lrh0.001_e5_s42,2088,4,1.0728,1.9689,0.0,0.00036864557412015644
audio_text_ln_lrh0.001_e5_s42,2089,4,1.07264,2.2617,0.0,0.0003682900817632421
audio_text_ln_lrh0.001_e5_s42,2090,4,1.13084,2.3539,0.0,0.00036793458940632777
audio_text_ln_lrh0.001_e5_s42,2091,4,0.75421,1.8192,0.0,0.00036757909704941347
audio_text_ln_lrh0.001_e5_s42,2092,4,0.98401,2.0333,0.0,0.0003672236046924991
audio_text_ln_lrh0.001_e5_s42,2093,4,1.55272,2.9984,0.0,0.0003668681123355848
audio_text_ln_lrh0.001_e5_s42,2094,4,1.10237,2.3265,0.0,0.00036651261997867044
audio_text_ln_lrh0.001_e5_s42,2095,4,1.38222,2.5123,0.0,0.00036615712762175614
audio_text_ln_lrh0.001_e5_s42,2096,4,1.55476,2.9978,0.0,0.00036580163526484183
audio_text_ln_lrh0.001_e5_s42,2097,4,1.1078,2.8763,0.0,0.0003654461429079275
audio_text_ln_lrh0.001_e5_s42,2098,4,1.51926,2.4788,0.0,0.00036509065055101317
audio_text_ln_lrh0.001_e5_s42,2099,4,1.09602,3.4102,0.0,0.00036473515819409886
audio_text_ln_lrh0.001_e5_s42,2100,4,1.68809,3.0488,0.0,0.0003643796658371845
audio_text_ln_lrh0.001_e5_s42,2101,4,1.41293,2.7264,0.0,0.00036402417348027014
audio_text_ln_lrh0.001_e5_s42,2102,4,1.59633,2.7684,0.0,0.0003636686811233559
audio_text_ln_lrh0.001_e5_s42,2103,4,0.97385,2.7384,0.0,0.00036331318876644153
audio_text_ln_lrh0.001_e5_s42,2104,4,1.01079,2.5126,0.0,0.0003629576964095272
audio_text_ln_lrh0.001_e5_s42,2105,4,1.79267,3.3555,0.0,0.00036260220405261287
audio_text_ln_lrh0.001_e5_s42,2106,4,1.03408,2.529,0.0,0.00036224671169569856
audio_text_ln_lrh0.001_e5_s42,2107,4,1.19909,2.4861,0.0,0.0003618912193387842
audio_text_ln_lrh0.001_e5_s42,2108,4,1.41532,4.0202,0.0,0.0003615357269818699
audio_text_ln_lrh0.001_e5_s42,2109,4,1.69891,4.0713,0.0,0.0003611802346249556
audio_text_ln_lrh0.001_e5_s42,2110,4,1.11519,2.0641,0.0,0.00036082474226804123
audio_text_ln_lrh0.001_e5_s42,2111,4,1.19805,2.5778,0.0,0.0003604692499111269
audio_text_ln_lrh0.001_e5_s42,2112,4,1.37971,3.0115,0.0,0.0003601137575542126
audio_text_ln_lrh0.001_e5_s42,2113,4,1.27822,2.5349,0.0,0.00035975826519729826
audio_text_ln_lrh0.001_e5_s42,2114,4,1.19842,2.0672,0.0,0.0003594027728403839
audio_text_ln_lrh0.001_e5_s42,2115,4,1.48715,3.5437,0.0,0.00035904728048346965
audio_text_ln_lrh0.001_e5_s42,2116,4,1.57777,2.8692,0.0,0.0003586917881265553
audio_text_ln_lrh0.001_e5_s42,2117,4,1.06111,2.7378,0.0,0.00035833629576964094
audio_text_ln_lrh0.001_e5_s42,2118,4,1.13125,3.1325,0.0,0.00035798080341272663
audio_text_ln_lrh0.001_e5_s42,2119,4,1.37405,2.5689,0.0,0.0003576253110558123
audio_text_ln_lrh0.001_e5_s42,2120,4,0.93066,2.2936,0.0,0.00035726981869889797
audio_text_ln_lrh0.001_e5_s42,2121,4,1.07634,3.0927,0.0,0.00035691432634198366
audio_text_ln_lrh0.001_e5_s42,2122,4,1.41579,2.1731,0.0,0.00035655883398506936
audio_text_ln_lrh0.001_e5_s42,2123,4,1.16686,2.5346,0.0,0.000356203341628155
audio_text_ln_lrh0.001_e5_s42,2124,4,1.37106,2.3107,0.0,0.0003558478492712407
audio_text_ln_lrh0.001_e5_s42,2125,4,1.61035,2.4722,0.0,0.00035549235691432633
audio_text_ln_lrh0.001_e5_s42,2126,4,1.10957,2.4146,0.0,0.000355136864557412
audio_text_ln_lrh0.001_e5_s42,2127,4,1.91149,3.7813,0.0,0.0003547813722004977
audio_text_ln_lrh0.001_e5_s42,2128,4,1.17199,2.2449,0.0,0.00035442587984358336
audio_text_ln_lrh0.001_e5_s42,2129,4,1.36272,2.1055,0.0,0.00035407038748666906
audio_text_ln_lrh0.001_e5_s42,2130,4,1.16321,2.723,0.0,0.00035371489512975475
audio_text_ln_lrh0.001_e5_s42,2131,4,1.6562,3.1175,0.0,0.0003533594027728404
audio_text_ln_lrh0.001_e5_s42,2132,4,1.31117,2.3372,0.0,0.00035300391041592603
audio_text_ln_lrh0.001_e5_s42,2133,4,1.41265,2.5726,0.0,0.0003526484180590118
audio_text_ln_lrh0.001_e5_s42,2134,4,1.10982,2.506,0.0,0.0003522929257020974
audio_text_ln_lrh0.001_e5_s42,2135,4,1.31495,2.6628,0.0,0.00035193743334518306
audio_text_ln_lrh0.001_e5_s42,2136,4,1.6554,3.2897,0.0,0.00035158194098826876
audio_text_ln_lrh0.001_e5_s42,2137,4,1.65904,3.2752,0.0,0.00035122644863135445
audio_text_ln_lrh0.001_e5_s42,2138,4,1.78213,4.2673,0.0,0.0003508709562744401
audio_text_ln_lrh0.001_e5_s42,2139,4,1.11579,2.4524,0.0,0.00035051546391752573
audio_text_ln_lrh0.001_e5_s42,2140,4,1.50898,3.2283,0.0,0.0003501599715606115
audio_text_ln_lrh0.001_e5_s42,2141,4,1.50459,2.8023,0.0,0.0003498044792036971
audio_text_ln_lrh0.001_e5_s42,2142,4,1.16364,2.3764,0.0,0.00034944898684678276
audio_text_ln_lrh0.001_e5_s42,2143,4,1.50624,1.9905,0.0,0.0003490934944898685
audio_text_ln_lrh0.001_e5_s42,2144,4,1.03013,2.4185,0.0,0.00034873800213295415
audio_text_ln_lrh0.001_e5_s42,2145,4,1.15088,2.6149,0.0,0.0003483825097760398
audio_text_ln_lrh0.001_e5_s42,2146,4,1.04483,2.3941,0.0,0.0003480270174191255
audio_text_ln_lrh0.001_e5_s42,2147,4,1.62096,3.4444,0.0,0.0003476715250622112
audio_text_ln_lrh0.001_e5_s42,2148,4,1.43708,2.291,0.0,0.0003473160327052968
audio_text_ln_lrh0.001_e5_s42,2149,4,1.26082,2.351,0.0,0.0003469605403483825
audio_text_ln_lrh0.001_e5_s42,2150,4,1.58087,2.8991,0.0,0.0003466050479914682
audio_text_ln_lrh0.001_e5_s42,2151,4,1.39436,2.5322,0.0,0.00034624955563455385
audio_text_ln_lrh0.001_e5_s42,2152,4,1.63916,2.6493,0.0,0.00034589406327763955
audio_text_ln_lrh0.001_e5_s42,2153,4,1.39309,2.9876,0.0,0.0003455385709207252
audio_text_ln_lrh0.001_e5_s42,2154,4,1.30911,3.0277,0.0,0.0003451830785638109
audio_text_ln_lrh0.001_e5_s42,2155,4,1.52359,3.0505,0.0,0.0003448275862068966
audio_text_ln_lrh0.001_e5_s42,2156,4,1.52825,2.6276,0.0,0.0003444720938499822
audio_text_ln_lrh0.001_e5_s42,2157,4,1.42426,2.2249,0.0,0.0003441166014930679
audio_text_ln_lrh0.001_e5_s42,2158,4,1.39144,2.3994,0.0,0.0003437611091361536
audio_text_ln_lrh0.001_e5_s42,2159,4,1.37337,2.3675,0.0,0.00034340561677923925
audio_text_ln_lrh0.001_e5_s42,2160,4,1.0996,2.4554,0.0,0.0003430501244223249
audio_text_ln_lrh0.001_e5_s42,2161,4,1.03116,2.3013,0.0,0.00034269463206541064
audio_text_ln_lrh0.001_e5_s42,2162,4,1.51309,2.346,0.0,0.0003423391397084963
audio_text_ln_lrh0.001_e5_s42,2163,4,1.49793,2.5593,0.0,0.0003419836473515819
audio_text_ln_lrh0.001_e5_s42,2164,4,1.64702,3.0649,0.0,0.0003416281549946676
audio_text_ln_lrh0.001_e5_s42,2165,4,1.161,2.707,0.0,0.0003412726626377533
audio_text_ln_lrh0.001_e5_s42,2166,4,1.38825,2.6494,0.0,0.00034091717028083895
audio_text_ln_lrh0.001_e5_s42,2167,4,1.26079,2.8118,0.0,0.0003405616779239246
audio_text_ln_lrh0.001_e5_s42,2168,4,1.05563,3.3598,0.0,0.00034020618556701034
audio_text_ln_lrh0.001_e5_s42,2169,4,1.5161,3.0328,0.0,0.000339850693210096
audio_text_ln_lrh0.001_e5_s42,2170,4,1.68733,2.9215,0.0,0.0003394952008531816
audio_text_ln_lrh0.001_e5_s42,2171,4,1.33106,2.4808,0.0,0.00033913970849626737
audio_text_ln_lrh0.001_e5_s42,2172,4,1.25847,2.4445,0.0,0.000338784216139353
audio_text_ln_lrh0.001_e5_s42,2173,4,1.45006,4.0356,0.0,0.00033842872378243865
audio_text_ln_lrh0.001_e5_s42,2174,4,1.11329,2.2558,0.0,0.0003380732314255244
audio_text_ln_lrh0.001_e5_s42,2175,4,1.29478,2.1477,0.0,0.00033771773906861004
audio_text_ln_lrh0.001_e5_s42,2176,4,1.44985,2.4308,0.0,0.0003373622467116957
audio_text_ln_lrh0.001_e5_s42,2177,4,1.24603,2.8588,0.0,0.0003370067543547814
audio_text_ln_lrh0.001_e5_s42,2178,4,1.31029,2.2124,0.0,0.00033665126199786707
audio_text_ln_lrh0.001_e5_s42,2179,4,1.16461,2.2104,0.0,0.0003362957696409527
audio_text_ln_lrh0.001_e5_s42,2180,4,1.09724,2.4515,0.0,0.0003359402772840384
audio_text_ln_lrh0.001_e5_s42,2181,4,1.16525,1.9563,0.0,0.0003355847849271241
audio_text_ln_lrh0.001_e5_s42,2182,4,1.37998,2.4998,0.0,0.00033522929257020974
audio_text_ln_lrh0.001_e5_s42,2183,4,1.00243,2.6605,0.0,0.00033487380021329544
audio_text_ln_lrh0.001_e5_s42,2184,4,0.97095,1.9537,0.0,0.0003345183078563811
audio_text_ln_lrh0.001_e5_s42,2185,4,1.36499,3.0885,0.0,0.0003341628154994668
audio_text_ln_lrh0.001_e5_s42,2186,4,1.31172,2.4125,0.0,0.00033380732314255247
audio_text_ln_lrh0.001_e5_s42,2187,4,1.47805,2.5644,0.0,0.0003334518307856381
audio_text_ln_lrh0.001_e5_s42,2188,4,1.37761,2.9362,0.0,0.0003330963384287238
audio_text_ln_lrh0.001_e5_s42,2189,4,1.05154,2.4672,0.0,0.0003327408460718095
audio_text_ln_lrh0.001_e5_s42,2190,4,1.05997,3.0776,0.0,0.00033238535371489514
audio_text_ln_lrh0.001_e5_s42,2191,4,1.35453,3.4198,0.0,0.0003320298613579808
audio_text_ln_lrh0.001_e5_s42,2192,4,1.38335,3.1056,0.0,0.00033167436900106653
audio_text_ln_lrh0.001_e5_s42,2193,4,1.27722,2.5146,0.0,0.00033131887664415217
audio_text_ln_lrh0.001_e5_s42,2194,4,1.21478,2.2291,0.0,0.0003309633842872378
audio_text_ln_lrh0.001_e5_s42,2195,4,1.18442,2.4543,0.0,0.0003306078919303235
audio_text_ln_lrh0.001_e5_s42,2196,4,2.13083,4.5207,0.0,0.0003302523995734092
audio_text_ln_lrh0.001_e5_s42,2197,4,0.99484,1.9505,0.0,0.00032989690721649484
audio_text_ln_lrh0.001_e5_s42,2198,4,1.4416,2.7963,0.0,0.0003295414148595805
audio_text_ln_lrh0.001_e5_s42,2199,4,1.21338,2.606,0.0,0.00032918592250266623
audio_text_ln_lrh0.001_e5_s42,2200,4,0.88435,2.7271,0.0,0.00032883043014575187
audio_text_ln_lrh0.001_e5_s42,2201,4,1.24567,2.8891,0.0,0.0003284749377888375
audio_text_ln_lrh0.001_e5_s42,2202,4,0.97196,2.284,0.0,0.00032811944543192326
audio_text_ln_lrh0.001_e5_s42,2203,4,0.74072,3.7154,0.0,0.0003277639530750089
audio_text_ln_lrh0.001_e5_s42,2204,4,1.11191,2.2042,0.0,0.00032740846071809454
audio_text_ln_lrh0.001_e5_s42,2205,4,1.0409,2.1263,0.0,0.00032705296836118024
audio_text_ln_lrh0.001_e5_s42,2206,4,1.36978,2.8277,0.0,0.00032669747600426593
audio_text_ln_lrh0.001_e5_s42,2207,4,1.26304,2.8571,0.0,0.00032634198364735157
audio_text_ln_lrh0.001_e5_s42,2208,4,1.45134,3.3397,0.0,0.00032598649129043727
audio_text_ln_lrh0.001_e5_s42,2209,4,1.56521,3.3811,0.0,0.00032563099893352296
audio_text_ln_lrh0.001_e5_s42,2210,4,1.16794,2.2849,0.0,0.0003252755065766086
audio_text_ln_lrh0.001_e5_s42,2211,4,1.91318,4.1979,0.0,0.0003249200142196943
audio_text_ln_lrh0.001_e5_s42,2212,4,1.20292,2.4664,0.0,0.00032456452186277994
audio_text_ln_lrh0.001_e5_s42,2213,4,1.56675,3.9783,0.0,0.00032420902950586563
audio_text_ln_lrh0.001_e5_s42,2214,4,1.06038,2.7636,0.0,0.0003238535371489513
audio_text_ln_lrh0.001_e5_s42,2215,4,1.38959,2.895,0.0,0.00032349804479203697
audio_text_ln_lrh0.001_e5_s42,2216,4,1.23988,2.6296,0.0,0.00032314255243512266
audio_text_ln_lrh0.001_e5_s42,2217,4,1.43737,2.7958,0.0,0.00032278706007820836
audio_text_ln_lrh0.001_e5_s42,2218,4,1.31264,2.7519,0.0,0.000322431567721294
audio_text_ln_lrh0.001_e5_s42,2219,4,1.36391,2.532,0.0,0.00032207607536437964
audio_text_ln_lrh0.001_e5_s42,2220,4,1.26255,2.7008,0.0,0.0003217205830074654
audio_text_ln_lrh0.001_e5_s42,2221,4,1.55771,3.0572,0.0,0.00032136509065055103
audio_text_ln_lrh0.001_e5_s42,2222,4,1.30664,3.6864,0.0,0.00032100959829363667
audio_text_ln_lrh0.001_e5_s42,2223,4,1.20757,2.3943,0.0,0.00032065410593672236
audio_text_ln_lrh0.001_e5_s42,2224,4,1.27588,2.5352,0.0,0.00032029861357980806
audio_text_ln_lrh0.001_e5_s42,2225,4,1.38706,2.321,0.0,0.0003199431212228937
audio_text_ln_lrh0.001_e5_s42,2226,4,1.81114,3.7192,0.0,0.00031958762886597934
audio_text_ln_lrh0.001_e5_s42,2227,4,1.52682,2.7127,0.0,0.0003192321365090651
audio_text_ln_lrh0.001_e5_s42,2228,4,1.61943,3.516,0.0,0.00031887664415215073
audio_text_ln_lrh0.001_e5_s42,2229,4,1.50251,2.6161,0.0,0.00031852115179523637
audio_text_ln_lrh0.001_e5_s42,2230,4,1.25378,2.8573,0.0,0.0003181656594383221
audio_text_ln_lrh0.001_e5_s42,2231,4,1.5862,2.4959,0.0,0.00031781016708140776
audio_text_ln_lrh0.001_e5_s42,2232,4,1.25611,2.4446,0.0,0.0003174546747244934
audio_text_ln_lrh0.001_e5_s42,2233,4,1.03061,2.5852,0.0,0.0003170991823675791
audio_text_ln_lrh0.001_e5_s42,2234,4,1.16427,2.6418,0.0,0.0003167436900106648
audio_text_ln_lrh0.001_e5_s42,2235,4,1.65907,2.8376,0.0,0.00031638819765375043
audio_text_ln_lrh0.001_e5_s42,2236,4,1.28719,2.2184,0.0,0.0003160327052968361
audio_text_ln_lrh0.001_e5_s42,2237,4,1.30559,2.8318,0.0,0.0003156772129399218
audio_text_ln_lrh0.001_e5_s42,2238,4,1.12751,2.2071,0.0,0.00031532172058300746
audio_text_ln_lrh0.001_e5_s42,2239,4,1.263,2.4525,0.0,0.00031496622822609315
audio_text_ln_lrh0.001_e5_s42,2240,4,1.52598,3.1393,0.0,0.0003146107358691788
audio_text_ln_lrh0.001_e5_s42,2241,4,1.42106,2.6931,0.0,0.0003142552435122645
audio_text_ln_lrh0.001_e5_s42,2242,4,1.60197,2.5626,0.0,0.0003138997511553502
audio_text_ln_lrh0.001_e5_s42,2243,4,1.5283,3.2452,0.0,0.0003135442587984358
audio_text_ln_lrh0.001_e5_s42,2244,4,1.20895,2.726,0.0,0.0003131887664415215
audio_text_ln_lrh0.001_e5_s42,2245,4,1.36916,2.5786,0.0,0.0003128332740846072
audio_text_ln_lrh0.001_e5_s42,2246,4,1.60501,2.7161,0.0,0.00031247778172769286
audio_text_ln_lrh0.001_e5_s42,2247,4,1.5449,3.0213,0.0,0.0003121222893707785
audio_text_ln_lrh0.001_e5_s42,2248,4,1.04095,2.7785,0.0,0.00031176679701386425
audio_text_ln_lrh0.001_e5_s42,2249,4,1.27455,2.419,0.0,0.0003114113046569499
audio_text_ln_lrh0.001_e5_s42,2250,4,1.12118,2.6748,0.0,0.0003110558123000355
audio_text_ln_lrh0.001_e5_s42,2251,4,1.19936,2.44,0.0,0.0003107003199431213
audio_text_ln_lrh0.001_e5_s42,2252,4,1.4101,2.1046,0.0,0.0003103448275862069
audio_text_ln_lrh0.001_e5_s42,2253,4,1.60436,2.6917,0.0,0.00030998933522929256
audio_text_ln_lrh0.001_e5_s42,2254,4,1.47115,4.258,0.0,0.0003096338428723782
audio_text_ln_lrh0.001_e5_s42,2255,4,1.75618,3.0403,0.0,0.00030927835051546395
audio_text_ln_lrh0.001_e5_s42,2256,4,1.48202,3.1556,0.0,0.0003089228581585496
audio_text_ln_lrh0.001_e5_s42,2257,4,1.43436,2.8043,0.0,0.00030856736580163523
audio_text_ln_lrh0.001_e5_s42,2258,4,1.48123,2.7158,0.0,0.000308211873444721
audio_text_ln_lrh0.001_e5_s42,2259,4,1.53336,2.5349,0.0,0.0003078563810878066
audio_text_ln_lrh0.001_e5_s42,2260,4,1.37996,2.4836,0.0,0.00030750088873089226
audio_text_ln_lrh0.001_e5_s42,2261,4,1.07974,2.3369,0.0,0.000307145396373978
audio_text_ln_lrh0.001_e5_s42,2262,4,1.20683,2.1671,0.0,0.00030678990401706365
audio_text_ln_lrh0.001_e5_s42,2263,4,1.2331,2.2177,0.0,0.0003064344116601493
audio_text_ln_lrh0.001_e5_s42,2264,4,1.20034,2.2623,0.0,0.000306078919303235
audio_text_ln_lrh0.001_e5_s42,2265,4,1.43375,3.1115,0.0,0.0003057234269463207
audio_text_ln_lrh0.001_e5_s42,2266,4,1.20016,2.599,0.0,0.0003053679345894063
audio_text_ln_lrh0.001_e5_s42,2267,4,1.49611,2.1746,0.0,0.000305012442232492
audio_text_ln_lrh0.001_e5_s42,2268,4,1.60853,2.4671,0.0,0.0003046569498755777
audio_text_ln_lrh0.001_e5_s42,2269,4,1.61611,3.2426,0.0,0.00030430145751866335
audio_text_ln_lrh0.001_e5_s42,2270,4,1.55188,3.2641,0.0,0.00030394596516174904
audio_text_ln_lrh0.001_e5_s42,2271,4,1.39682,2.4467,0.0,0.0003035904728048347
audio_text_ln_lrh0.001_e5_s42,2272,4,1.57892,2.5189,0.0,0.0003032349804479204
audio_text_ln_lrh0.001_e5_s42,2273,4,1.09108,2.1965,0.0,0.0003028794880910061
audio_text_ln_lrh0.001_e5_s42,2274,4,1.19299,2.1509,0.0,0.0003025239957340917
audio_text_ln_lrh0.001_e5_s42,2275,4,1.45876,1.9802,0.0,0.0003021685033771774
audio_text_ln_lrh0.001_e5_s42,2276,4,1.27405,2.4855,0.0,0.0003018130110202631
audio_text_ln_lrh0.001_e5_s42,2277,4,1.22486,2.3821,0.0,0.00030145751866334874
audio_text_ln_lrh0.001_e5_s42,2278,4,1.45492,2.3913,0.0,0.0003011020263064344
audio_text_ln_lrh0.001_e5_s42,2279,4,1.00206,2.7118,0.0,0.00030074653394952013
audio_text_ln_lrh0.001_e5_s42,2280,4,1.49055,2.5629,0.0,0.0003003910415926058
audio_text_ln_lrh0.001_e5_s42,2281,4,1.43509,2.4478,0.0,0.0003000355492356914
audio_text_ln_lrh0.001_e5_s42,2282,4,0.89871,2.6657,0.0,0.0002996800568787771
audio_text_ln_lrh0.001_e5_s42,2283,4,1.45286,2.5107,0.0,0.0002993245645218628
audio_text_ln_lrh0.001_e5_s42,2284,4,0.93483,2.9123,0.0,0.00029896907216494845
audio_text_ln_lrh0.001_e5_s42,2285,4,1.59129,3.1524,0.0,0.0002986135798080341
audio_text_ln_lrh0.001_e5_s42,2286,4,1.25824,2.8144,0.0,0.00029825808745111983
audio_text_ln_lrh0.001_e5_s42,2287,4,1.72978,3.156,0.0,0.0002979025950942055
audio_text_ln_lrh0.001_e5_s42,2288,4,1.64092,3.4481,0.0,0.0002975471027372911
audio_text_ln_lrh0.001_e5_s42,2289,4,1.55169,2.4891,0.0,0.00029719161038037687
audio_text_ln_lrh0.001_e5_s42,2290,4,1.44767,2.6772,0.0,0.0002968361180234625
audio_text_ln_lrh0.001_e5_s42,2291,4,1.54244,2.7215,0.0,0.00029648062566654815
audio_text_ln_lrh0.001_e5_s42,2292,4,1.04828,2.7432,0.0,0.00029612513330963384
audio_text_ln_lrh0.001_e5_s42,2293,4,1.26923,2.7683,0.0,0.00029576964095271954
audio_text_ln_lrh0.001_e5_s42,2294,4,1.66058,2.5574,0.0,0.0002954141485958052
audio_text_ln_lrh0.001_e5_s42,2295,4,1.12035,3.153,0.0,0.00029505865623889087
audio_text_ln_lrh0.001_e5_s42,2296,4,1.34362,2.1055,0.0,0.00029470316388197657
audio_text_ln_lrh0.001_e5_s42,2297,4,1.29433,2.6692,0.0,0.0002943476715250622
audio_text_ln_lrh0.001_e5_s42,2298,4,1.33068,3.4969,0.0,0.0002939921791681479
audio_text_ln_lrh0.001_e5_s42,2299,4,1.54362,2.348,0.0,0.00029363668681123354
audio_text_ln_lrh0.001_e5_s42,2300,4,1.61292,2.3166,0.0,0.00029328119445431924
audio_text_ln_lrh0.001_e5_s42,2301,4,1.14532,2.2549,0.0,0.00029292570209740493
audio_text_ln_lrh0.001_e5_s42,2302,4,1.19499,2.6717,0.0,0.00029257020974049057
audio_text_ln_lrh0.001_e5_s42,2303,4,1.83251,3.8554,0.0,0.00029221471738357627
audio_text_ln_lrh0.001_e5_s42,2304,4,1.86193,3.2573,0.0,0.00029185922502666196
audio_text_ln_lrh0.001_e5_s42,2305,4,1.17438,3.096,0.0,0.0002915037326697476
audio_text_ln_lrh0.001_e5_s42,2306,4,1.84566,4.2742,0.0,0.00029114824031283324
audio_text_ln_lrh0.001_e5_s42,2307,4,1.3272,2.2567,0.0,0.000290792747955919
audio_text_ln_lrh0.001_e5_s42,2308,4,1.27269,2.7818,0.0,0.00029043725559900463
audio_text_ln_lrh0.001_e5_s42,2309,4,1.13198,2.4167,0.0,0.0002900817632420903
audio_text_ln_lrh0.001_e5_s42,2310,4,1.23946,2.3077,0.0,0.000289726270885176
audio_text_ln_lrh0.001_e5_s42,2311,4,1.26562,2.4504,0.0,0.00028937077852826166
audio_text_ln_lrh0.001_e5_s42,2312,4,1.46416,2.882,0.0,0.0002890152861713473
audio_text_ln_lrh0.001_e5_s42,2313,4,1.36964,2.5058,0.0,0.00028865979381443294
audio_text_ln_lrh0.001_e5_s42,2314,4,1.26558,2.9698,0.0,0.0002883043014575187
audio_text_ln_lrh0.001_e5_s42,2315,4,1.66071,2.7019,0.0,0.00028794880910060433
audio_text_ln_lrh0.001_e5_s42,2316,4,1.58506,3.0571,0.0,0.00028759331674369
audio_text_ln_lrh0.001_e5_s42,2317,4,1.38066,2.5038,0.0,0.0002872378243867757
audio_text_ln_lrh0.001_e5_s42,2318,4,1.03576,2.4134,0.0,0.00028688233202986136
audio_text_ln_lrh0.001_e5_s42,2319,4,1.16646,2.3247,0.0,0.000286526839672947
audio_text_ln_lrh0.001_e5_s42,2320,4,1.08582,2.0748,0.0,0.0002861713473160327
audio_text_ln_lrh0.001_e5_s42,2321,4,1.08566,3.1432,0.0,0.0002858158549591184
audio_text_ln_lrh0.001_e5_s42,2322,4,0.86497,2.3193,0.0,0.00028546036260220403
audio_text_ln_lrh0.001_e5_s42,2323,4,1.61181,2.5198,0.0,0.00028510487024528973
audio_text_ln_lrh0.001_e5_s42,2324,4,1.28883,2.3468,0.0,0.0002847493778883754
audio_text_ln_lrh0.001_e5_s42,2325,4,1.1477,4.1831,0.0,0.00028439388553146107
audio_text_ln_lrh0.001_e5_s42,2326,4,1.58939,2.971,0.0,0.00028403839317454676
audio_text_ln_lrh0.001_e5_s42,2327,4,0.89978,1.8391,0.0,0.00028368290081763245
audio_text_ln_lrh0.001_e5_s42,2328,4,1.25584,1.923,0.0,0.0002833274084607181
audio_text_ln_lrh0.001_e5_s42,2329,4,0.97769,2.3735,0.0,0.0002829719161038038
audio_text_ln_lrh0.001_e5_s42,2330,4,1.29498,3.3087,0.0,0.00028261642374688943
audio_text_ln_lrh0.001_e5_s42,2331,4,1.23847,2.3379,0.0,0.0002822609313899751
audio_text_ln_lrh0.001_e5_s42,2332,4,1.35379,3.6521,0.0,0.0002819054390330608
audio_text_ln_lrh0.001_e5_s42,2333,4,1.51332,3.089,0.0,0.00028154994667614646
audio_text_ln_lrh0.001_e5_s42,2334,4,1.37263,2.2433,0.0,0.00028119445431923216
audio_text_ln_lrh0.001_e5_s42,2335,4,1.18395,1.8514,0.0,0.00028083896196231785
audio_text_ln_lrh0.001_e5_s42,2336,4,1.14311,2.3248,0.0,0.0002804834696054035
audio_text_ln_lrh0.001_e5_s42,2337,4,1.06352,2.4884,0.0,0.00028012797724848913
audio_text_ln_lrh0.001_e5_s42,2338,4,1.53838,2.2648,0.0,0.0002797724848915749
audio_text_ln_lrh0.001_e5_s42,2339,4,1.59769,3.3643,0.0,0.0002794169925346605
audio_text_ln_lrh0.001_e5_s42,2340,4,0.9286,2.4752,0.0,0.00027906150017774616
audio_text_ln_lrh0.001_e5_s42,2341,4,1.01277,2.2017,0.0,0.00027870600782083186
audio_text_ln_lrh0.001_e5_s42,2342,4,0.98924,2.6269,0.0,0.00027835051546391755
audio_text_ln_lrh0.001_e5_s42,2343,4,1.17703,2.6608,0.0,0.0002779950231070032
audio_text_ln_lrh0.001_e5_s42,2344,4,1.33994,2.5224,0.0,0.00027763953075008883
audio_text_ln_lrh0.001_e5_s42,2345,4,1.51026,3.232,0.0,0.0002772840383931746
audio_text_ln_lrh0.001_e5_s42,2346,4,1.24557,2.5115,0.0,0.0002769285460362602
audio_text_ln_lrh0.001_e5_s42,2347,4,1.26019,3.1577,0.0,0.00027657305367934586
audio_text_ln_lrh0.001_e5_s42,2348,4,1.42072,3.1554,0.0,0.0002762175613224316
audio_text_ln_lrh0.001_e5_s42,2349,4,1.50846,3.2721,0.0,0.00027586206896551725
audio_text_ln_lrh0.001_e5_s42,2350,4,1.55439,2.9903,0.0,0.0002755065766086029
audio_text_ln_lrh0.001_e5_s42,2351,4,1.47622,4.0795,0.0,0.0002751510842516886
audio_text_ln_lrh0.001_e5_s42,2352,4,1.50703,2.8102,0.0,0.0002747955918947743
audio_text_ln_lrh0.001_e5_s42,2353,4,2.08321,4.2576,0.0,0.0002744400995378599
audio_text_ln_lrh0.001_e5_s42,2354,4,1.67784,3.0861,0.0,0.0002740846071809456
audio_text_ln_lrh0.001_e5_s42,2355,4,1.28257,2.6138,0.0,0.0002737291148240313
audio_text_ln_lrh0.001_e5_s42,2356,4,1.46453,2.1845,0.0,0.00027337362246711695
audio_text_ln_lrh0.001_e5_s42,2357,4,1.03028,2.5542,0.0,0.00027301813011020265
audio_text_ln_lrh0.001_e5_s42,2358,4,1.39975,3.0802,0.0,0.0002726626377532883
audio_text_ln_lrh0.001_e5_s42,2359,4,1.52358,2.2848,0.0,0.000272307145396374
audio_text_ln_lrh0.001_e5_s42,2360,4,1.01787,2.3905,0.0,0.0002719516530394597
audio_text_ln_lrh0.001_e5_s42,2361,4,1.60865,3.4819,0.0,0.0002715961606825453
audio_text_ln_lrh0.001_e5_s42,2362,4,1.28689,2.387,0.0,0.000271240668325631
audio_text_ln_lrh0.001_e5_s42,2363,4,1.47745,2.5903,0.0,0.0002708851759687167
audio_text_ln_lrh0.001_e5_s42,2364,4,1.2669,2.5638,0.0,0.00027052968361180235
audio_text_ln_lrh0.001_e5_s42,2365,4,1.19724,2.098,0.0,0.000270174191254888
audio_text_ln_lrh0.001_e5_s42,2366,4,1.59795,2.9852,0.0,0.00026981869889797374
audio_text_ln_lrh0.001_e5_s42,2367,4,1.25605,2.5921,0.0,0.0002694632065410594
audio_text_ln_lrh0.001_e5_s42,2368,4,1.43042,2.6841,0.0,0.000269107714184145
audio_text_ln_lrh0.001_e5_s42,2369,4,1.25468,3.1635,0.0,0.00026875222182723077
audio_text_ln_lrh0.001_e5_s42,2370,4,1.66032,4.0062,0.0,0.0002683967294703164
audio_text_ln_lrh0.001_e5_s42,2371,4,1.29931,2.7341,0.0,0.00026804123711340205
audio_text_ln_lrh0.001_e5_s42,2372,4,1.31619,2.423,0.0,0.0002676857447564877
audio_text_ln_lrh0.001_e5_s42,2373,4,1.74017,3.0488,0.0,0.00026733025239957344
audio_text_ln_lrh0.001_e5_s42,2374,4,1.4034,2.6486,0.0,0.0002669747600426591
audio_text_ln_lrh0.001_e5_s42,2375,4,1.45334,2.6669,0.0,0.0002666192676857447
audio_text_ln_lrh0.001_e5_s42,2376,4,1.59962,2.3833,0.0,0.00026626377532883047
audio_text_ln_lrh0.001_e5_s42,2377,4,1.41476,2.518,0.0,0.0002659082829719161
audio_text_ln_lrh0.001_e5_s42,2378,4,1.59372,2.7801,0.0,0.00026555279061500175
audio_text_ln_lrh0.001_e5_s42,2379,4,1.05162,2.9741,0.0,0.00026519729825808745
audio_text_ln_lrh0.001_e5_s42,2380,4,1.35658,2.8574,0.0,0.00026484180590117314
audio_text_ln_lrh0.001_e5_s42,2381,4,1.43863,2.4506,0.0,0.0002644863135442588
audio_text_ln_lrh0.001_e5_s42,2382,4,1.38853,2.3019,0.0,0.0002641308211873445
audio_text_ln_lrh0.001_e5_s42,2383,4,1.27227,2.2172,0.0,0.00026377532883043017
audio_text_ln_lrh0.001_e5_s42,2384,4,1.04978,2.1236,0.0,0.0002634198364735158
audio_text_ln_lrh0.001_e5_s42,2385,4,1.28767,2.4693,0.0,0.0002630643441166015
audio_text_ln_lrh0.001_e5_s42,2386,4,1.16174,1.8405,0.0,0.00026270885175968715
audio_text_ln_lrh0.001_e5_s42,2387,4,1.44571,3.0887,0.0,0.00026235335940277284
audio_text_ln_lrh0.001_e5_s42,2388,4,1.16102,2.4076,0.0,0.00026199786704585854
audio_text_ln_lrh0.001_e5_s42,2389,4,1.44291,2.3708,0.0,0.0002616423746889442
audio_text_ln_lrh0.001_e5_s42,2390,4,1.09915,3.1085,0.0,0.00026128688233202987
audio_text_ln_lrh0.001_e5_s42,2391,4,1.23647,2.7102,0.0,0.00026093138997511557
audio_text_ln_lrh0.001_e5_s42,2392,4,1.0695,2.4412,0.0,0.0002605758976182012
audio_text_ln_lrh0.001_e5_s42,2393,4,1.15221,2.3978,0.0,0.00026022040526128685
audio_text_ln_lrh0.001_e5_s42,2394,4,1.78382,4.9868,0.0,0.0002598649129043726
audio_text_ln_lrh0.001_e5_s42,2395,4,0.76369,2.7298,0.0,0.00025950942054745824
audio_text_ln_lrh0.001_e5_s42,2396,4,1.822,4.5509,0.0,0.0002591539281905439
audio_text_ln_lrh0.001_e5_s42,2397,4,1.2662,2.9039,0.0,0.00025879843583362963
audio_text_ln_lrh0.001_e5_s42,2398,4,1.62275,2.5438,0.0,0.00025844294347671527
audio_text_ln_lrh0.001_e5_s42,2399,4,1.59896,3.0195,0.0,0.0002580874511198009
audio_text_ln_lrh0.001_e5_s42,2400,4,1.21722,2.6849,0.0,0.00025773195876288655
audio_text_ln_lrh0.001_e5_s42,2401,4,1.1486,2.4188,0.0,0.0002573764664059723
audio_text_ln_lrh0.001_e5_s42,2402,4,1.07984,2.1193,0.0,0.00025702097404905794
audio_text_ln_lrh0.001_e5_s42,2403,4,1.19993,2.1821,0.0,0.0002566654816921436
audio_text_ln_lrh0.001_e5_s42,2404,4,1.31891,3.1338,0.0,0.00025630998933522933
audio_text_ln_lrh0.001_e5_s42,2405,4,1.25381,2.8057,0.0,0.00025595449697831497
audio_text_ln_lrh0.001_e5_s42,2406,4,1.26729,2.2942,0.0,0.0002555990046214006
audio_text_ln_lrh0.001_e5_s42,2407,4,1.65971,3.1326,0.0,0.00025524351226448636
audio_text_ln_lrh0.001_e5_s42,2408,4,1.51617,3.2454,0.0,0.000254888019907572
audio_text_ln_lrh0.001_e5_s42,2409,4,1.1615,2.4074,0.0,0.00025453252755065764
audio_text_ln_lrh0.001_e5_s42,2410,4,1.25986,2.1411,0.0,0.00025417703519374334
audio_text_ln_lrh0.001_e5_s42,2411,4,1.29184,2.3574,0.0,0.00025382154283682903
audio_text_ln_lrh0.001_e5_s42,2412,4,1.5525,3.4567,0.0,0.00025346605047991467
audio_text_ln_lrh0.001_e5_s42,2413,4,0.81313,3.9729,0.0,0.00025311055812300037
audio_text_ln_lrh0.001_e5_s42,2414,4,1.78186,3.341,0.0,0.00025275506576608606
audio_text_ln_lrh0.001_e5_s42,2415,4,1.10622,2.5511,0.0,0.0002523995734091717
audio_text_ln_lrh0.001_e5_s42,2416,4,1.12974,2.2256,0.0,0.0002520440810522574
audio_text_ln_lrh0.001_e5_s42,2417,4,1.62492,2.8894,0.0,0.00025168858869534304
audio_text_ln_lrh0.001_e5_s42,2418,4,1.12113,2.6972,0.0,0.00025133309633842873
audio_text_ln_lrh0.001_e5_s42,2419,4,0.7858,1.9369,0.0,0.0002509776039815144
audio_text_ln_lrh0.001_e5_s42,2420,4,1.29484,3.0039,0.0,0.00025062211162460007
audio_text_ln_lrh0.001_e5_s42,2421,4,1.93325,3.6858,0.0,0.00025026661926768576
audio_text_ln_lrh0.001_e5_s42,2422,4,1.57104,2.7907,0.0,0.0002499111269107714
audio_text_ln_lrh0.001_e5_s42,2423,4,1.40964,2.2088,0.0,0.0002495556345538571
audio_text_ln_lrh0.001_e5_s42,2424,4,0.90231,2.4228,0.0,0.00024920014219694274
audio_text_ln_lrh0.001_e5_s42,2425,4,1.22303,2.3918,0.0,0.00024884464984002843
audio_text_ln_lrh0.001_e5_s42,2426,4,1.03154,1.9482,0.0,0.0002484891574831141
audio_text_ln_lrh0.001_e5_s42,2427,4,1.31907,2.8472,0.0,0.00024813366512619977
audio_text_ln_lrh0.001_e5_s42,2428,4,1.28458,2.4278,0.0,0.00024777817276928546
audio_text_ln_lrh0.001_e5_s42,2429,4,1.75713,2.8669,0.0,0.00024742268041237116
audio_text_ln_lrh0.001_e5_s42,2430,4,1.30854,3.442,0.0,0.0002470671880554568
audio_text_ln_lrh0.001_e5_s42,2431,4,1.05818,2.2025,0.0,0.0002467116956985425
audio_text_ln_lrh0.001_e5_s42,2432,4,0.86465,2.6477,0.0,0.0002463562033416282
audio_text_ln_lrh0.001_e5_s42,2433,4,1.58194,2.9667,0.0,0.00024600071098471383
audio_text_ln_lrh0.001_e5_s42,2434,4,1.17456,2.2292,0.0,0.0002456452186277995
audio_text_ln_lrh0.001_e5_s42,2435,4,1.25018,2.3565,0.0,0.0002452897262708852
audio_text_ln_lrh0.001_e5_s42,2436,4,1.44329,2.7894,0.0,0.00024493423391397086
audio_text_ln_lrh0.001_e5_s42,2437,4,1.47233,3.3528,0.0,0.00024457874155705655
audio_text_ln_lrh0.001_e5_s42,2438,4,1.77117,3.3757,0.0,0.0002442232492001422
audio_text_ln_lrh0.001_e5_s42,2439,4,1.1486,2.6409,0.0,0.00024386775684322786
audio_text_ln_lrh0.001_e5_s42,2440,4,1.30023,2.7088,0.0,0.00024351226448631356
audio_text_ln_lrh0.001_e5_s42,2441,4,1.46892,3.5195,0.0,0.00024315677212939922
audio_text_ln_lrh0.001_e5_s42,2442,4,1.58599,3.2882,0.0,0.0002428012797724849
audio_text_ln_lrh0.001_e5_s42,2443,4,0.88918,2.5884,0.0,0.00024244578741557059
audio_text_ln_lrh0.001_e5_s42,2444,4,1.2866,2.3149,0.0,0.00024209029505865623
audio_text_ln_lrh0.001_e5_s42,2445,4,1.23945,2.578,0.0,0.00024173480270174192
audio_text_ln_lrh0.001_e5_s42,2446,4,1.28304,2.4069,0.0,0.0002413793103448276
audio_text_ln_lrh0.001_e5_s42,2447,4,1.49965,2.4186,0.0,0.00024102381798791326
audio_text_ln_lrh0.001_e5_s42,2448,4,1.26638,3.0025,0.0,0.00024066832563099895
audio_text_ln_lrh0.001_e5_s42,2449,4,0.88825,2.4961,0.0,0.00024031283327408462
audio_text_ln_lrh0.001_e5_s42,2450,4,1.12668,2.4778,0.0,0.0002399573409171703
audio_text_ln_lrh0.001_e5_s42,2451,4,1.50218,3.3109,0.0,0.00023960184856025595
audio_text_ln_lrh0.001_e5_s42,2452,4,1.28888,2.1992,0.0,0.00023924635620334162
audio_text_ln_lrh0.001_e5_s42,2453,4,1.43843,2.4849,0.0,0.0002388908638464273
audio_text_ln_lrh0.001_e5_s42,2454,4,1.22138,2.3646,0.0,0.00023853537148951299
audio_text_ln_lrh0.001_e5_s42,2455,4,1.33397,2.6201,0.0,0.00023817987913259865
audio_text_ln_lrh0.001_e5_s42,2456,4,1.21743,2.8981,0.0,0.00023782438677568432
audio_text_ln_lrh0.001_e5_s42,2457,4,1.28492,2.7636,0.0,0.00023746889441877002
audio_text_ln_lrh0.001_e5_s42,2458,4,1.18046,2.6476,0.0,0.00023711340206185566
audio_text_ln_lrh0.001_e5_s42,2459,4,1.37125,2.667,0.0,0.00023675790970494135
audio_text_ln_lrh0.001_e5_s42,2460,4,1.2084,2.1223,0.0,0.00023640241734802705
audio_text_ln_lrh0.001_e5_s42,2461,4,1.18931,2.4108,0.0,0.00023604692499111269
audio_text_ln_lrh0.001_e5_s42,2462,4,1.29888,2.245,0.0,0.00023569143263419838
audio_text_ln_lrh0.001_e5_s42,2463,4,1.3374,2.5012,0.0,0.00023533594027728405
audio_text_ln_lrh0.001_e5_s42,2464,4,1.13923,2.5743,0.0,0.00023498044792036972
audio_text_ln_lrh0.001_e5_s42,2465,4,1.3354,2.7718,0.0,0.00023462495556345538
audio_text_ln_lrh0.001_e5_s42,2466,4,1.31549,2.4971,0.0,0.00023426946320654108
audio_text_ln_lrh0.001_e5_s42,2467,4,1.16626,2.8278,0.0,0.00023391397084962675
audio_text_ln_lrh0.001_e5_s42,2468,4,1.60515,2.9433,0.0,0.00023355847849271241
audio_text_ln_lrh0.001_e5_s42,2469,4,1.45068,2.5209,0.0,0.00023320298613579808
audio_text_ln_lrh0.001_e5_s42,2470,4,1.28641,2.1233,0.0,0.00023284749377888375
audio_text_ln_lrh0.001_e5_s42,2471,4,1.62189,3.0928,0.0,0.00023249200142196944
audio_text_ln_lrh0.001_e5_s42,2472,4,1.18481,1.9114,0.0,0.00023213650906505509
audio_text_ln_lrh0.001_e5_s42,2473,4,1.59823,2.949,0.0,0.00023178101670814078
audio_text_ln_lrh0.001_e5_s42,2474,4,1.68079,2.6734,0.0,0.00023142552435122647
audio_text_ln_lrh0.001_e5_s42,2475,4,1.33456,2.4563,0.0,0.00023107003199431212
audio_text_ln_lrh0.001_e5_s42,2476,4,1.46567,2.7257,0.0,0.0002307145396373978
audio_text_ln_lrh0.001_e5_s42,2477,4,1.32476,2.3685,0.0,0.00023035904728048348
audio_text_ln_lrh0.001_e5_s42,2478,4,1.1155,2.5998,0.0,0.00023000355492356915
audio_text_ln_lrh0.001_e5_s42,2479,4,1.6189,2.8812,0.0,0.0002296480625666548
audio_text_ln_lrh0.001_e5_s42,2480,4,1.52802,3.4723,0.0,0.0002292925702097405
audio_text_ln_lrh0.001_e5_s42,2481,4,1.75114,3.0633,0.0,0.00022893707785282618
audio_text_ln_lrh0.001_e5_s42,2482,4,1.31767,2.5477,0.0,0.00022858158549591184
audio_text_ln_lrh0.001_e5_s42,2483,4,1.22772,2.2782,0.0,0.0002282260931389975
audio_text_ln_lrh0.001_e5_s42,2484,4,1.7043,2.997,0.0,0.00022787060078208318
audio_text_ln_lrh0.001_e5_s42,2485,4,1.09923,2.5278,0.0,0.00022751510842516887
audio_text_ln_lrh0.001_e5_s42,2486,4,1.47862,4.4685,0.0,0.00022715961606825451
audio_text_ln_lrh0.001_e5_s42,2487,4,1.22505,2.1946,0.0,0.0002268041237113402
audio_text_ln_lrh0.001_e5_s42,2488,4,1.23786,2.4881,0.0,0.0002264486313544259
audio_text_ln_lrh0.001_e5_s42,2489,4,1.61745,2.7617,0.0,0.00022609313899751154
audio_text_ln_lrh0.001_e5_s42,2490,4,1.13694,2.333,0.0,0.00022573764664059724
audio_text_ln_lrh0.001_e5_s42,2491,4,1.08355,2.0366,0.0,0.0002253821542836829
audio_text_ln_lrh0.001_e5_s42,2492,4,1.47358,2.595,0.0,0.00022502666192676857
audio_text_ln_lrh0.001_e5_s42,2493,4,1.36588,2.8483,0.0,0.00022467116956985424
audio_text_ln_lrh0.001_e5_s42,2494,4,1.55043,2.5673,0.0,0.00022431567721293994
audio_text_ln_lrh0.001_e5_s42,2495,4,1.30196,2.0006,0.0,0.0002239601848560256
audio_text_ln_lrh0.001_e5_s42,2496,4,1.1536,2.101,0.0,0.00022360469249911127
audio_text_ln_lrh0.001_e5_s42,2497,4,1.26465,2.901,0.0,0.00022324920014219694
audio_text_ln_lrh0.001_e5_s42,2498,4,1.45896,2.52,0.0,0.0002228937077852826
audio_text_ln_lrh0.001_e5_s42,2499,4,1.3537,3.5813,0.0,0.0002225382154283683
audio_text_ln_lrh0.001_e5_s42,2500,4,0.56215,3.7635,0.0,0.00022218272307145394
audio_text_ln_lrh0.001_e5_s42,2501,5,1.02569,2.6091,0.0,0.00022182723071453964
audio_text_ln_lrh0.001_e5_s42,2502,5,1.48027,3.0203,0.0,0.00022147173835762533
audio_text_ln_lrh0.001_e5_s42,2503,5,1.32566,2.4607,0.0,0.00022111624600071097
audio_text_ln_lrh0.001_e5_s42,2504,5,0.73311,1.9598,0.0,0.00022076075364379667
audio_text_ln_lrh0.001_e5_s42,2505,5,1.36438,3.0428,0.0,0.00022040526128688234
audio_text_ln_lrh0.001_e5_s42,2506,5,1.35746,2.3193,0.0,0.000220049768929968
audio_text_ln_lrh0.001_e5_s42,2507,5,1.08407,2.3128,0.0,0.0002196942765730537
audio_text_ln_lrh0.001_e5_s42,2508,5,1.379,2.5425,0.0,0.00021933878421613937
audio_text_ln_lrh0.001_e5_s42,2509,5,1.53275,3.3409,0.0,0.00021898329185922503
audio_text_ln_lrh0.001_e5_s42,2510,5,1.35728,2.4724,0.0,0.0002186277995023107
audio_text_ln_lrh0.001_e5_s42,2511,5,1.45281,2.5262,0.0,0.00021827230714539637
audio_text_ln_lrh0.001_e5_s42,2512,5,0.81451,3.0809,0.0,0.00021791681478848204
audio_text_ln_lrh0.001_e5_s42,2513,5,1.88077,2.7424,0.0,0.00021756132243156773
audio_text_ln_lrh0.001_e5_s42,2514,5,1.28666,3.0257,0.0,0.0002172058300746534
audio_text_ln_lrh0.001_e5_s42,2515,5,1.17067,2.338,0.0,0.00021685033771773907
audio_text_ln_lrh0.001_e5_s42,2516,5,1.35045,2.4896,0.0,0.00021649484536082476
audio_text_ln_lrh0.001_e5_s42,2517,5,1.46021,2.9687,0.0,0.0002161393530039104
audio_text_ln_lrh0.001_e5_s42,2518,5,0.97651,3.1578,0.0,0.0002157838606469961
audio_text_ln_lrh0.001_e5_s42,2519,5,1.33417,2.0715,0.0,0.00021542836829008177
audio_text_ln_lrh0.001_e5_s42,2520,5,1.35911,2.1552,0.0,0.00021507287593316743
audio_text_ln_lrh0.001_e5_s42,2521,5,1.25368,2.9674,0.0,0.00021471738357625313
audio_text_ln_lrh0.001_e5_s42,2522,5,0.88453,3.4733,0.0,0.0002143618912193388
audio_text_ln_lrh0.001_e5_s42,2523,5,1.57742,2.7864,0.0,0.00021400639886242446
audio_text_ln_lrh0.001_e5_s42,2524,5,0.94888,2.1639,0.0,0.00021365090650551013
audio_text_ln_lrh0.001_e5_s42,2525,5,1.39877,2.2528,0.0,0.00021329541414859583
audio_text_ln_lrh0.001_e5_s42,2526,5,1.16843,2.5368,0.0,0.00021293992179168147
audio_text_ln_lrh0.001_e5_s42,2527,5,1.11303,2.6083,0.0,0.00021258442943476716
audio_text_ln_lrh0.001_e5_s42,2528,5,1.56671,3.2143,0.0,0.00021222893707785283
audio_text_ln_lrh0.001_e5_s42,2529,5,0.99615,2.4262,0.0,0.0002118734447209385
audio_text_ln_lrh0.001_e5_s42,2530,5,0.78993,2.1281,0.0,0.0002115179523640242
audio_text_ln_lrh0.001_e5_s42,2531,5,1.31977,2.4971,0.0,0.00021116246000710983
audio_text_ln_lrh0.001_e5_s42,2532,5,1.15639,3.2298,0.0,0.00021080696765019553
audio_text_ln_lrh0.001_e5_s42,2533,5,1.08096,3.104,0.0,0.0002104514752932812
audio_text_ln_lrh0.001_e5_s42,2534,5,1.33388,2.8685,0.0,0.00021009598293636686
audio_text_ln_lrh0.001_e5_s42,2535,5,1.5724,3.2113,0.0,0.00020974049057945256
audio_text_ln_lrh0.001_e5_s42,2536,5,1.57027,2.8415,0.0,0.00020938499822253822
audio_text_ln_lrh0.001_e5_s42,2537,5,1.5995,2.8871,0.0,0.0002090295058656239
audio_text_ln_lrh0.001_e5_s42,2538,5,1.02702,2.5014,0.0,0.00020867401350870956
audio_text_ln_lrh0.001_e5_s42,2539,5,0.9761,2.6344,0.0,0.00020831852115179526
audio_text_ln_lrh0.001_e5_s42,2540,5,1.1806,2.1276,0.0,0.00020796302879488092
audio_text_ln_lrh0.001_e5_s42,2541,5,1.04658,2.19,0.0,0.0002076075364379666
audio_text_ln_lrh0.001_e5_s42,2542,5,1.2473,2.4847,0.0,0.00020725204408105226
audio_text_ln_lrh0.001_e5_s42,2543,5,1.73346,4.4445,0.0,0.00020689655172413793
audio_text_ln_lrh0.001_e5_s42,2544,5,1.06179,2.2025,0.0,0.00020654105936722362
audio_text_ln_lrh0.001_e5_s42,2545,5,0.88207,3.009,0.0,0.00020618556701030926
audio_text_ln_lrh0.001_e5_s42,2546,5,1.38556,3.0029,0.0,0.00020583007465339496
audio_text_ln_lrh0.001_e5_s42,2547,5,1.32888,2.1543,0.0,0.00020547458229648065
audio_text_ln_lrh0.001_e5_s42,2548,5,1.34078,2.5155,0.0,0.0002051190899395663
audio_text_ln_lrh0.001_e5_s42,2549,5,1.5282,3.1714,0.0,0.00020476359758265199
audio_text_ln_lrh0.001_e5_s42,2550,5,1.55895,2.9455,0.0,0.00020440810522573765
audio_text_ln_lrh0.001_e5_s42,2551,5,1.61912,3.3536,0.0,0.00020405261286882332
audio_text_ln_lrh0.001_e5_s42,2552,5,1.2145,3.141,0.0,0.000203697120511909
audio_text_ln_lrh0.001_e5_s42,2553,5,1.23218,2.892,0.0,0.00020334162815499468
audio_text_ln_lrh0.001_e5_s42,2554,5,1.54156,2.4815,0.0,0.00020298613579808035
audio_text_ln_lrh0.001_e5_s42,2555,5,1.2998,2.8772,0.0,0.00020263064344116602
audio_text_ln_lrh0.001_e5_s42,2556,5,1.42926,2.4201,0.0,0.0002022751510842517
audio_text_ln_lrh0.001_e5_s42,2557,5,1.05575,2.7571,0.0,0.00020191965872733736
audio_text_ln_lrh0.001_e5_s42,2558,5,1.33478,2.5084,0.0,0.00020156416637042305
audio_text_ln_lrh0.001_e5_s42,2559,5,1.11438,1.9947,0.0,0.0002012086740135087
audio_text_ln_lrh0.001_e5_s42,2560,5,1.07268,2.2547,0.0,0.00020085318165659439
audio_text_ln_lrh0.001_e5_s42,2561,5,1.43029,2.519,0.0,0.00020049768929968008
audio_text_ln_lrh0.001_e5_s42,2562,5,1.42714,3.9675,0.0,0.00020014219694276572
audio_text_ln_lrh0.001_e5_s42,2563,5,1.61219,3.4001,0.0,0.00019978670458585142
audio_text_ln_lrh0.001_e5_s42,2564,5,1.37209,2.4483,0.0,0.00019943121222893708
audio_text_ln_lrh0.001_e5_s42,2565,5,1.17701,2.8329,0.0,0.00019907571987202275
audio_text_ln_lrh0.001_e5_s42,2566,5,1.7146,3.8744,0.0,0.00019872022751510842
audio_text_ln_lrh0.001_e5_s42,2567,5,1.45504,2.3329,0.0,0.00019836473515819411
audio_text_ln_lrh0.001_e5_s42,2568,5,1.23899,2.3733,0.0,0.00019800924280127978
audio_text_ln_lrh0.001_e5_s42,2569,5,1.32082,2.3218,0.0,0.00019765375044436545
audio_text_ln_lrh0.001_e5_s42,2570,5,1.10888,2.0573,0.0,0.00019729825808745112
audio_text_ln_lrh0.001_e5_s42,2571,5,1.44419,2.782,0.0,0.00019694276573053678
audio_text_ln_lrh0.001_e5_s42,2572,5,1.4562,2.6977,0.0,0.00019658727337362248
audio_text_ln_lrh0.001_e5_s42,2573,5,1.4243,2.2658,0.0,0.00019623178101670812
audio_text_ln_lrh0.001_e5_s42,2574,5,1.73197,3.058,0.0,0.00019587628865979381
audio_text_ln_lrh0.001_e5_s42,2575,5,1.19473,2.2002,0.0,0.0001955207963028795
audio_text_ln_lrh0.001_e5_s42,2576,5,1.2247,2.4333,0.0,0.00019516530394596515
audio_text_ln_lrh0.001_e5_s42,2577,5,1.23099,2.4587,0.0,0.00019480981158905084
audio_text_ln_lrh0.001_e5_s42,2578,5,1.36828,2.7601,0.0,0.0001944543192321365
audio_text_ln_lrh0.001_e5_s42,2579,5,1.2495,2.5983,0.0,0.00019409882687522218
audio_text_ln_lrh0.001_e5_s42,2580,5,1.39809,3.0247,0.0,0.00019374333451830788
audio_text_ln_lrh0.001_e5_s42,2581,5,1.22502,3.0063,0.0,0.00019338784216139354
audio_text_ln_lrh0.001_e5_s42,2582,5,1.09872,2.8074,0.0,0.0001930323498044792
audio_text_ln_lrh0.001_e5_s42,2583,5,1.08623,2.5894,0.0,0.00019267685744756488
audio_text_ln_lrh0.001_e5_s42,2584,5,1.23579,2.7585,0.0,0.00019232136509065057
audio_text_ln_lrh0.001_e5_s42,2585,5,1.25456,2.4608,0.0,0.00019196587273373621
audio_text_ln_lrh0.001_e5_s42,2586,5,1.01128,2.0773,0.0,0.0001916103803768219
audio_text_ln_lrh0.001_e5_s42,2587,5,1.16302,3.6227,0.0,0.00019125488801990758
audio_text_ln_lrh0.001_e5_s42,2588,5,1.11786,2.4196,0.0,0.00019089939566299324
audio_text_ln_lrh0.001_e5_s42,2589,5,1.17257,1.9826,0.0,0.00019054390330607894
audio_text_ln_lrh0.001_e5_s42,2590,5,1.08875,2.7318,0.0,0.00019018841094916458
audio_text_ln_lrh0.001_e5_s42,2591,5,1.29834,2.801,0.0,0.00018983291859225027
audio_text_ln_lrh0.001_e5_s42,2592,5,1.26611,1.9753,0.0,0.00018947742623533594
audio_text_ln_lrh0.001_e5_s42,2593,5,1.23326,2.7207,0.0,0.0001891219338784216
audio_text_ln_lrh0.001_e5_s42,2594,5,1.41955,2.5693,0.0,0.0001887664415215073
audio_text_ln_lrh0.001_e5_s42,2595,5,1.23875,2.521,0.0,0.00018841094916459297
audio_text_ln_lrh0.001_e5_s42,2596,5,0.98413,2.2966,0.0,0.00018805545680767864
audio_text_ln_lrh0.001_e5_s42,2597,5,1.31566,2.2697,0.0,0.0001876999644507643
audio_text_ln_lrh0.001_e5_s42,2598,5,1.1235,2.6427,0.0,0.00018734447209385
audio_text_ln_lrh0.001_e5_s42,2599,5,1.31321,2.262,0.0,0.00018698897973693564
audio_text_ln_lrh0.001_e5_s42,2600,5,1.53017,2.5934,0.0,0.00018663348738002134
audio_text_ln_lrh0.001_e5_s42,2601,5,0.90499,2.2049,0.0,0.000186277995023107
audio_text_ln_lrh0.001_e5_s42,2602,5,1.04331,2.1058,0.0,0.00018592250266619267
audio_text_ln_lrh0.001_e5_s42,2603,5,1.60418,3.8008,0.0,0.00018556701030927837
audio_text_ln_lrh0.001_e5_s42,2604,5,1.2132,3.3326,0.0,0.000185211517952364
audio_text_ln_lrh0.001_e5_s42,2605,5,1.38604,3.0242,0.0,0.0001848560255954497
audio_text_ln_lrh0.001_e5_s42,2606,5,1.23556,2.3641,0.0,0.00018450053323853537
audio_text_ln_lrh0.001_e5_s42,2607,5,1.61383,2.8226,0.0,0.00018414504088162104
audio_text_ln_lrh0.001_e5_s42,2608,5,1.17332,2.3751,0.0,0.00018378954852470673
audio_text_ln_lrh0.001_e5_s42,2609,5,1.34849,2.6194,0.0,0.0001834340561677924
audio_text_ln_lrh0.001_e5_s42,2610,5,1.48232,3.2204,0.0,0.00018307856381087807
audio_text_ln_lrh0.001_e5_s42,2611,5,1.71885,3.344,0.0,0.00018272307145396374
audio_text_ln_lrh0.001_e5_s42,2612,5,1.44975,2.5192,0.0,0.00018236757909704943
audio_text_ln_lrh0.001_e5_s42,2613,5,1.54856,2.2999,0.0,0.00018201208674013507
audio_text_ln_lrh0.001_e5_s42,2614,5,1.32034,2.3093,0.0,0.00018165659438322077
audio_text_ln_lrh0.001_e5_s42,2615,5,1.41278,2.54,0.0,0.00018130110202630643
audio_text_ln_lrh0.001_e5_s42,2616,5,1.48961,2.979,0.0,0.0001809456096693921
audio_text_ln_lrh0.001_e5_s42,2617,5,1.16188,2.7763,0.0,0.0001805901173124778
audio_text_ln_lrh0.001_e5_s42,2618,5,1.65048,2.9338,0.0,0.00018023462495556344
audio_text_ln_lrh0.001_e5_s42,2619,5,1.17039,2.2422,0.0,0.00017987913259864913
audio_text_ln_lrh0.001_e5_s42,2620,5,1.51073,3.0508,0.0,0.00017952364024173483
audio_text_ln_lrh0.001_e5_s42,2621,5,1.35928,2.2493,0.0,0.00017916814788482047
audio_text_ln_lrh0.001_e5_s42,2622,5,1.36462,2.3949,0.0,0.00017881265552790616
audio_text_ln_lrh0.001_e5_s42,2623,5,1.58655,2.757,0.0,0.00017845716317099183
audio_text_ln_lrh0.001_e5_s42,2624,5,1.07656,3.0481,0.0,0.0001781016708140775
audio_text_ln_lrh0.001_e5_s42,2625,5,1.48968,2.2669,0.0,0.00017774617845716317
audio_text_ln_lrh0.001_e5_s42,2626,5,1.10311,2.4511,0.0,0.00017739068610024886
audio_text_ln_lrh0.001_e5_s42,2627,5,1.24222,2.5177,0.0,0.00017703519374333453
audio_text_ln_lrh0.001_e5_s42,2628,5,1.6502,3.3142,0.0,0.0001766797013864202
audio_text_ln_lrh0.001_e5_s42,2629,5,1.5288,2.7061,0.0,0.0001763242090295059
audio_text_ln_lrh0.001_e5_s42,2630,5,1.25553,2.7516,0.0,0.00017596871667259153
audio_text_ln_lrh0.001_e5_s42,2631,5,1.34563,3.2009,0.0,0.00017561322431567723
audio_text_ln_lrh0.001_e5_s42,2632,5,1.54067,2.7456,0.0,0.00017525773195876287
audio_text_ln_lrh0.001_e5_s42,2633,5,1.33743,2.224,0.0,0.00017490223960184856
audio_text_ln_lrh0.001_e5_s42,2634,5,1.14517,2.8125,0.0,0.00017454674724493426
audio_text_ln_lrh0.001_e5_s42,2635,5,1.17218,1.9047,0.0,0.0001741912548880199
audio_text_ln_lrh0.001_e5_s42,2636,5,1.32155,2.3619,0.0,0.0001738357625311056
audio_text_ln_lrh0.001_e5_s42,2637,5,1.07815,2.1355,0.0,0.00017348027017419126
audio_text_ln_lrh0.001_e5_s42,2638,5,1.43827,2.4891,0.0,0.00017312477781727693
audio_text_ln_lrh0.001_e5_s42,2639,5,1.22315,2.4901,0.0,0.0001727692854603626
audio_text_ln_lrh0.001_e5_s42,2640,5,1.50118,2.6225,0.0,0.0001724137931034483
audio_text_ln_lrh0.001_e5_s42,2641,5,1.23733,2.5911,0.0,0.00017205830074653396
audio_text_ln_lrh0.001_e5_s42,2642,5,1.18895,3.0205,0.0,0.00017170280838961963
audio_text_ln_lrh0.001_e5_s42,2643,5,1.2978,2.5844,0.0,0.00017134731603270532
audio_text_ln_lrh0.001_e5_s42,2644,5,1.33504,2.0814,0.0,0.00017099182367579096
audio_text_ln_lrh0.001_e5_s42,2645,5,1.17358,2.225,0.0,0.00017063633131887666
audio_text_ln_lrh0.001_e5_s42,2646,5,1.26155,2.344,0.0,0.0001702808389619623
audio_text_ln_lrh0.001_e5_s42,2647,5,1.02348,2.6146,0.0,0.000169925346605048
audio_text_ln_lrh0.001_e5_s42,2648,5,1.04422,2.8257,0.0,0.00016956985424813369
audio_text_ln_lrh0.001_e5_s42,2649,5,1.04862,2.2175,0.0,0.00016921436189121933
audio_text_ln_lrh0.001_e5_s42,2650,5,1.40891,2.8796,0.0,0.00016885886953430502
audio_text_ln_lrh0.001_e5_s42,2651,5,1.34417,2.9664,0.0,0.0001685033771773907
audio_text_ln_lrh0.001_e5_s42,2652,5,1.45426,2.8156,0.0,0.00016814788482047636
audio_text_ln_lrh0.001_e5_s42,2653,5,1.2284,2.4956,0.0,0.00016779239246356205
audio_text_ln_lrh0.001_e5_s42,2654,5,1.44184,2.4982,0.0,0.00016743690010664772
audio_text_ln_lrh0.001_e5_s42,2655,5,1.05928,2.5816,0.0,0.0001670814077497334
audio_text_ln_lrh0.001_e5_s42,2656,5,1.38654,3.014,0.0,0.00016672591539281905
audio_text_ln_lrh0.001_e5_s42,2657,5,1.34532,2.9713,0.0,0.00016637042303590475
audio_text_ln_lrh0.001_e5_s42,2658,5,1.52591,3.37,0.0,0.0001660149306789904
audio_text_ln_lrh0.001_e5_s42,2659,5,1.50423,2.1252,0.0,0.00016565943832207608
audio_text_ln_lrh0.001_e5_s42,2660,5,1.0047,2.0675,0.0,0.00016530394596516175
audio_text_ln_lrh0.001_e5_s42,2661,5,0.97062,2.3173,0.0,0.00016494845360824742
audio_text_ln_lrh0.001_e5_s42,2662,5,1.26009,3.1014,0.0,0.00016459296125133311
audio_text_ln_lrh0.001_e5_s42,2663,5,1.48976,3.9377,0.0,0.00016423746889441876
audio_text_ln_lrh0.001_e5_s42,2664,5,1.3344,2.2853,0.0,0.00016388197653750445
audio_text_ln_lrh0.001_e5_s42,2665,5,0.9113,2.6179,0.0,0.00016352648418059012
audio_text_ln_lrh0.001_e5_s42,2666,5,1.13177,2.0958,0.0,0.00016317099182367579
audio_text_ln_lrh0.001_e5_s42,2667,5,1.07715,2.5292,0.0,0.00016281549946676148
audio_text_ln_lrh0.001_e5_s42,2668,5,1.43609,2.7287,0.0,0.00016246000710984715
audio_text_ln_lrh0.001_e5_s42,2669,5,1.42202,2.5691,0.0,0.00016210451475293282
audio_text_ln_lrh0.001_e5_s42,2670,5,1.02259,2.2713,0.0,0.00016174902239601848
audio_text_ln_lrh0.001_e5_s42,2671,5,1.17177,2.4725,0.0,0.00016139353003910418
audio_text_ln_lrh0.001_e5_s42,2672,5,1.07462,2.1832,0.0,0.00016103803768218982
audio_text_ln_lrh0.001_e5_s42,2673,5,0.8997,3.1486,0.0,0.00016068254532527551
audio_text_ln_lrh0.001_e5_s42,2674,5,1.76178,3.1343,0.0,0.00016032705296836118
audio_text_ln_lrh0.001_e5_s42,2675,5,1.01065,2.4695,0.0,0.00015997156061144685
audio_text_ln_lrh0.001_e5_s42,2676,5,1.66889,3.4334,0.0,0.00015961606825453254
audio_text_ln_lrh0.001_e5_s42,2677,5,1.33903,3.2736,0.0,0.00015926057589761818
audio_text_ln_lrh0.001_e5_s42,2678,5,0.97139,2.7384,0.0,0.00015890508354070388
audio_text_ln_lrh0.001_e5_s42,2679,5,1.434,2.9381,0.0,0.00015854959118378955
audio_text_ln_lrh0.001_e5_s42,2680,5,1.47335,2.8458,0.0,0.00015819409882687521
audio_text_ln_lrh0.001_e5_s42,2681,5,1.30761,3.5112,0.0,0.0001578386064699609
audio_text_ln_lrh0.001_e5_s42,2682,5,1.51088,2.45,0.0,0.00015748311411304658
audio_text_ln_lrh0.001_e5_s42,2683,5,1.27658,2.2587,0.0,0.00015712762175613225
audio_text_ln_lrh0.001_e5_s42,2684,5,1.89106,3.7928,0.0,0.0001567721293992179
audio_text_ln_lrh0.001_e5_s42,2685,5,1.14072,2.5775,0.0,0.0001564166370423036
audio_text_ln_lrh0.001_e5_s42,2686,5,1.22501,3.1652,0.0,0.00015606114468538925
audio_text_ln_lrh0.001_e5_s42,2687,5,1.20259,2.3612,0.0,0.00015570565232847494
audio_text_ln_lrh0.001_e5_s42,2688,5,1.03015,2.6822,0.0,0.00015535015997156064
audio_text_ln_lrh0.001_e5_s42,2689,5,1.27237,2.8582,0.0,0.00015499466761464628
audio_text_ln_lrh0.001_e5_s42,2690,5,0.91381,2.3275,0.0,0.00015463917525773197
audio_text_ln_lrh0.001_e5_s42,2691,5,1.4199,2.1865,0.0,0.00015428368290081761
audio_text_ln_lrh0.001_e5_s42,2692,5,0.97151,2.6253,0.0,0.0001539281905439033
audio_text_ln_lrh0.001_e5_s42,2693,5,1.11446,2.4085,0.0,0.000153572698186989
audio_text_ln_lrh0.001_e5_s42,2694,5,1.64199,3.364,0.0,0.00015321720583007464
audio_text_ln_lrh0.001_e5_s42,2695,5,1.15134,2.3321,0.0,0.00015286171347316034
audio_text_ln_lrh0.001_e5_s42,2696,5,1.37481,2.6998,0.0,0.000152506221116246
audio_text_ln_lrh0.001_e5_s42,2697,5,1.26448,2.3678,0.0,0.00015215072875933167
audio_text_ln_lrh0.001_e5_s42,2698,5,1.48425,3.4278,0.0,0.00015179523640241734
audio_text_ln_lrh0.001_e5_s42,2699,5,1.13679,3.0831,0.0,0.00015143974404550304
audio_text_ln_lrh0.001_e5_s42,2700,5,1.8469,3.5973,0.0,0.0001510842516885887
audio_text_ln_lrh0.001_e5_s42,2701,5,1.34383,2.8654,0.0,0.00015072875933167437
audio_text_ln_lrh0.001_e5_s42,2702,5,1.11285,2.8556,0.0,0.00015037326697476007
audio_text_ln_lrh0.001_e5_s42,2703,5,1.19329,2.6893,0.0,0.0001500177746178457
audio_text_ln_lrh0.001_e5_s42,2704,5,1.07457,2.2995,0.0,0.0001496622822609314
audio_text_ln_lrh0.001_e5_s42,2705,5,1.36813,2.3685,0.0,0.00014930678990401704
audio_text_ln_lrh0.001_e5_s42,2706,5,1.14987,2.5154,0.0,0.00014895129754710274
audio_text_ln_lrh0.001_e5_s42,2707,5,1.52816,3.0299,0.0,0.00014859580519018843
audio_text_ln_lrh0.001_e5_s42,2708,5,1.19415,2.1704,0.0,0.00014824031283327407
audio_text_ln_lrh0.001_e5_s42,2709,5,1.14867,2.6138,0.0,0.00014788482047635977
audio_text_ln_lrh0.001_e5_s42,2710,5,0.97194,2.2047,0.0,0.00014752932811944544
audio_text_ln_lrh0.001_e5_s42,2711,5,1.17877,2.4646,0.0,0.0001471738357625311
audio_text_ln_lrh0.001_e5_s42,2712,5,1.13915,2.3037,0.0,0.00014681834340561677
audio_text_ln_lrh0.001_e5_s42,2713,5,1.38409,3.0678,0.0,0.00014646285104870247
audio_text_ln_lrh0.001_e5_s42,2714,5,1.88451,3.2389,0.0,0.00014610735869178813
audio_text_ln_lrh0.001_e5_s42,2715,5,1.34465,2.8905,0.0,0.0001457518663348738
audio_text_ln_lrh0.001_e5_s42,2716,5,1.21751,2.7626,0.0,0.0001453963739779595
audio_text_ln_lrh0.001_e5_s42,2717,5,1.08372,2.4207,0.0,0.00014504088162104514
audio_text_ln_lrh0.001_e5_s42,2718,5,1.09374,2.4253,0.0,0.00014468538926413083
audio_text_ln_lrh0.001_e5_s42,2719,5,1.49862,2.7319,0.0,0.00014432989690721647
audio_text_ln_lrh0.001_e5_s42,2720,5,1.27472,2.2604,0.0,0.00014397440455030217
audio_text_ln_lrh0.001_e5_s42,2721,5,1.12339,2.2443,0.0,0.00014361891219338786
audio_text_ln_lrh0.001_e5_s42,2722,5,1.36249,2.3156,0.0,0.0001432634198364735
audio_text_ln_lrh0.001_e5_s42,2723,5,1.18045,2.5323,0.0,0.0001429079274795592
audio_text_ln_lrh0.001_e5_s42,2724,5,1.44909,3.3274,0.0,0.00014255243512264486
audio_text_ln_lrh0.001_e5_s42,2725,5,1.35346,3.0362,0.0,0.00014219694276573053
audio_text_ln_lrh0.001_e5_s42,2726,5,1.10444,2.559,0.0,0.00014184145040881623
audio_text_ln_lrh0.001_e5_s42,2727,5,1.07057,3.2762,0.0,0.0001414859580519019
audio_text_ln_lrh0.001_e5_s42,2728,5,1.07448,2.5352,0.0,0.00014113046569498756
audio_text_ln_lrh0.001_e5_s42,2729,5,1.59357,3.8289,0.0,0.00014077497333807323
audio_text_ln_lrh0.001_e5_s42,2730,5,1.45434,2.8972,0.0,0.00014041948098115893
audio_text_ln_lrh0.001_e5_s42,2731,5,1.75567,2.5202,0.0,0.00014006398862424457
audio_text_ln_lrh0.001_e5_s42,2732,5,1.63237,3.0607,0.0,0.00013970849626733026
audio_text_ln_lrh0.001_e5_s42,2733,5,1.23266,2.4971,0.0,0.00013935300391041593
audio_text_ln_lrh0.001_e5_s42,2734,5,1.36833,3.1087,0.0,0.0001389975115535016
audio_text_ln_lrh0.001_e5_s42,2735,5,1.21057,2.7349,0.0,0.0001386420191965873
audio_text_ln_lrh0.001_e5_s42,2736,5,1.27612,2.6189,0.0,0.00013828652683967293
audio_text_ln_lrh0.001_e5_s42,2737,5,1.3695,3.3026,0.0,0.00013793103448275863
audio_text_ln_lrh0.001_e5_s42,2738,5,1.01237,2.435,0.0,0.0001375755421258443
audio_text_ln_lrh0.001_e5_s42,2739,5,1.34311,2.7974,0.0,0.00013722004976892996
audio_text_ln_lrh0.001_e5_s42,2740,5,1.41395,2.3331,0.0,0.00013686455741201566
audio_text_ln_lrh0.001_e5_s42,2741,5,1.17291,3.0628,0.0,0.00013650906505510132
audio_text_ln_lrh0.001_e5_s42,2742,5,1.19277,2.3024,0.0,0.000136153572698187
audio_text_ln_lrh0.001_e5_s42,2743,5,1.57964,3.1617,0.0,0.00013579808034127266
audio_text_ln_lrh0.001_e5_s42,2744,5,1.74782,3.6524,0.0,0.00013544258798435835
audio_text_ln_lrh0.001_e5_s42,2745,5,1.37861,2.8063,0.0,0.000135087095627444
audio_text_ln_lrh0.001_e5_s42,2746,5,1.39154,3.5971,0.0,0.0001347316032705297
audio_text_ln_lrh0.001_e5_s42,2747,5,1.29702,2.8989,0.0,0.00013437611091361538
audio_text_ln_lrh0.001_e5_s42,2748,5,1.18395,2.0333,0.0,0.00013402061855670103
audio_text_ln_lrh0.001_e5_s42,2749,5,1.21713,2.8992,0.0,0.00013366512619978672
audio_text_ln_lrh0.001_e5_s42,2750,5,1.22976,2.4674,0.0,0.00013330963384287236
audio_text_ln_lrh0.001_e5_s42,2751,5,1.37387,2.7197,0.0,0.00013295414148595806
audio_text_ln_lrh0.001_e5_s42,2752,5,1.46298,3.3112,0.0,0.00013259864912904372
audio_text_ln_lrh0.001_e5_s42,2753,5,1.12124,2.9668,0.0,0.0001322431567721294
audio_text_ln_lrh0.001_e5_s42,2754,5,1.33392,2.7776,0.0,0.00013188766441521509
audio_text_ln_lrh0.001_e5_s42,2755,5,1.43269,2.8973,0.0,0.00013153217205830075
audio_text_ln_lrh0.001_e5_s42,2756,5,1.46104,2.9967,0.0,0.00013117667970138642
audio_text_ln_lrh0.001_e5_s42,2757,5,1.35046,1.9844,0.0,0.0001308211873444721
audio_text_ln_lrh0.001_e5_s42,2758,5,0.87737,3.5055,0.0,0.00013046569498755778
audio_text_ln_lrh0.001_e5_s42,2759,5,1.09,2.7241,0.0,0.00013011020263064342
audio_text_ln_lrh0.001_e5_s42,2760,5,1.04221,2.326,0.0,0.00012975471027372912
audio_text_ln_lrh0.001_e5_s42,2761,5,1.22416,2.4217,0.0,0.00012939921791681481
audio_text_ln_lrh0.001_e5_s42,2762,5,1.53222,3.2753,0.0,0.00012904372555990045
audio_text_ln_lrh0.001_e5_s42,2763,5,0.99246,1.9921,0.0,0.00012868823320298615
audio_text_ln_lrh0.001_e5_s42,2764,5,1.37312,2.6531,0.0,0.0001283327408460718
audio_text_ln_lrh0.001_e5_s42,2765,5,1.19763,2.1931,0.0,0.00012797724848915748
audio_text_ln_lrh0.001_e5_s42,2766,5,1.38735,2.5052,0.0,0.00012762175613224318
audio_text_ln_lrh0.001_e5_s42,2767,5,1.25633,2.2641,0.0,0.00012726626377532882
audio_text_ln_lrh0.001_e5_s42,2768,5,1.56252,2.7471,0.0,0.00012691077141841451
audio_text_ln_lrh0.001_e5_s42,2769,5,1.18693,2.969,0.0,0.00012655527906150018
audio_text_ln_lrh0.001_e5_s42,2770,5,1.68499,3.1702,0.0,0.00012619978670458585
audio_text_ln_lrh0.001_e5_s42,2771,5,1.1702,3.1484,0.0,0.00012584429434767152
audio_text_ln_lrh0.001_e5_s42,2772,5,1.03688,3.2976,0.0,0.0001254888019907572
audio_text_ln_lrh0.001_e5_s42,2773,5,1.01154,2.5664,0.0,0.00012513330963384288
audio_text_ln_lrh0.001_e5_s42,2774,5,1.20538,3.6155,0.0,0.00012477781727692855
audio_text_ln_lrh0.001_e5_s42,2775,5,1.38025,3.2067,0.0,0.00012442232492001422
audio_text_ln_lrh0.001_e5_s42,2776,5,0.91583,2.2614,0.0,0.00012406683256309988
audio_text_ln_lrh0.001_e5_s42,2777,5,1.25931,2.3934,0.0,0.00012371134020618558
audio_text_ln_lrh0.001_e5_s42,2778,5,0.97589,2.7328,0.0,0.00012335584784927125
audio_text_ln_lrh0.001_e5_s42,2779,5,1.49042,2.8197,0.0,0.00012300035549235691
audio_text_ln_lrh0.001_e5_s42,2780,5,1.49702,2.6357,0.0,0.0001226448631354426
audio_text_ln_lrh0.001_e5_s42,2781,5,1.5049,4.1463,0.0,0.00012228937077852828
audio_text_ln_lrh0.001_e5_s42,2782,5,1.2332,2.3948,0.0,0.00012193387842161393
audio_text_ln_lrh0.001_e5_s42,2783,5,1.0846,2.6407,0.0,0.00012157838606469961
audio_text_ln_lrh0.001_e5_s42,2784,5,1.11561,2.5514,0.0,0.00012122289370778529
audio_text_ln_lrh0.001_e5_s42,2785,5,1.47872,2.4797,0.0,0.00012086740135087096
audio_text_ln_lrh0.001_e5_s42,2786,5,1.10285,2.5274,0.0,0.00012051190899395663
audio_text_ln_lrh0.001_e5_s42,2787,5,1.33622,2.8201,0.0,0.00012015641663704231
audio_text_ln_lrh0.001_e5_s42,2788,5,0.93445,2.7368,0.0,0.00011980092428012798
audio_text_ln_lrh0.001_e5_s42,2789,5,1.63524,2.7359,0.0,0.00011944543192321365
audio_text_ln_lrh0.001_e5_s42,2790,5,1.20495,2.5446,0.0,0.00011908993956629933
audio_text_ln_lrh0.001_e5_s42,2791,5,1.01824,1.9248,0.0,0.00011873444720938501
audio_text_ln_lrh0.001_e5_s42,2792,5,1.30267,2.6613,0.0,0.00011837895485247068
audio_text_ln_lrh0.001_e5_s42,2793,5,1.08345,2.1127,0.0,0.00011802346249555634
audio_text_ln_lrh0.001_e5_s42,2794,5,0.95666,2.067,0.0,0.00011766797013864202
audio_text_ln_lrh0.001_e5_s42,2795,5,1.2789,2.3426,0.0,0.00011731247778172769
audio_text_ln_lrh0.001_e5_s42,2796,5,1.25133,2.8129,0.0,0.00011695698542481337
audio_text_ln_lrh0.001_e5_s42,2797,5,1.19621,2.5237,0.0,0.00011660149306789904
audio_text_ln_lrh0.001_e5_s42,2798,5,1.14564,1.9807,0.0,0.00011624600071098472
audio_text_ln_lrh0.001_e5_s42,2799,5,1.09102,2.0101,0.0,0.00011589050835407039
audio_text_ln_lrh0.001_e5_s42,2800,5,1.14714,2.6767,0.0,0.00011553501599715606
audio_text_ln_lrh0.001_e5_s42,2801,5,1.56507,3.2323,0.0,0.00011517952364024174
audio_text_ln_lrh0.001_e5_s42,2802,5,1.21484,2.5375,0.0,0.0001148240312833274
audio_text_ln_lrh0.001_e5_s42,2803,5,1.23244,3.1171,0.0,0.00011446853892641309
audio_text_ln_lrh0.001_e5_s42,2804,5,1.3325,2.6652,0.0,0.00011411304656949876
audio_text_ln_lrh0.001_e5_s42,2805,5,1.63314,3.5644,0.0,0.00011375755421258444
audio_text_ln_lrh0.001_e5_s42,2806,5,1.48629,3.0097,0.0,0.0001134020618556701
audio_text_ln_lrh0.001_e5_s42,2807,5,1.50111,3.6652,0.0,0.00011304656949875577
audio_text_ln_lrh0.001_e5_s42,2808,5,1.43961,2.8491,0.0,0.00011269107714184145
audio_text_ln_lrh0.001_e5_s42,2809,5,1.11016,2.4715,0.0,0.00011233558478492712
audio_text_ln_lrh0.001_e5_s42,2810,5,1.68618,3.0123,0.0,0.0001119800924280128
audio_text_ln_lrh0.001_e5_s42,2811,5,1.12914,2.0986,0.0,0.00011162460007109847
audio_text_ln_lrh0.001_e5_s42,2812,5,1.13426,2.2085,0.0,0.00011126910771418415
audio_text_ln_lrh0.001_e5_s42,2813,5,1.24789,2.7011,0.0,0.00011091361535726982
audio_text_ln_lrh0.001_e5_s42,2814,5,1.28969,2.5617,0.0,0.00011055812300035549
audio_text_ln_lrh0.001_e5_s42,2815,5,1.91301,3.9325,0.0,0.00011020263064344117
audio_text_ln_lrh0.001_e5_s42,2816,5,0.93323,2.1851,0.0,0.00010984713828652685
audio_text_ln_lrh0.001_e5_s42,2817,5,1.32048,2.5806,0.0,0.00010949164592961252
audio_text_ln_lrh0.001_e5_s42,2818,5,1.15994,2.5033,0.0,0.00010913615357269818
audio_text_ln_lrh0.001_e5_s42,2819,5,0.92237,2.5941,0.0,0.00010878066121578387
audio_text_ln_lrh0.001_e5_s42,2820,5,1.52933,3.3148,0.0,0.00010842516885886953
audio_text_ln_lrh0.001_e5_s42,2821,5,1.51385,2.654,0.0,0.0001080696765019552
audio_text_ln_lrh0.001_e5_s42,2822,5,1.27102,2.4348,0.0,0.00010771418414504088
audio_text_ln_lrh0.001_e5_s42,2823,5,1.23626,2.7711,0.0,0.00010735869178812656
audio_text_ln_lrh0.001_e5_s42,2824,5,1.85436,3.3208,0.0,0.00010700319943121223
audio_text_ln_lrh0.001_e5_s42,2825,5,1.28403,2.4563,0.0,0.00010664770707429791
audio_text_ln_lrh0.001_e5_s42,2826,5,1.57499,2.6423,0.0,0.00010629221471738358
audio_text_ln_lrh0.001_e5_s42,2827,5,1.24162,2.3579,0.0,0.00010593672236046925
audio_text_ln_lrh0.001_e5_s42,2828,5,1.30572,2.7762,0.0,0.00010558123000355492
audio_text_ln_lrh0.001_e5_s42,2829,5,1.34291,3.6135,0.0,0.0001052257376466406
audio_text_ln_lrh0.001_e5_s42,2830,5,1.34567,2.5597,0.0,0.00010487024528972628
audio_text_ln_lrh0.001_e5_s42,2831,5,1.3766,2.5005,0.0,0.00010451475293281195
audio_text_ln_lrh0.001_e5_s42,2832,5,1.48213,2.8497,0.0,0.00010415926057589763
audio_text_ln_lrh0.001_e5_s42,2833,5,1.48742,3.0289,0.0,0.0001038037682189833
audio_text_ln_lrh0.001_e5_s42,2834,5,1.48413,2.5725,0.0,0.00010344827586206896
audio_text_ln_lrh0.001_e5_s42,2835,5,0.96686,2.3727,0.0,0.00010309278350515463
audio_text_ln_lrh0.001_e5_s42,2836,5,1.21215,2.5951,0.0,0.00010273729114824033
audio_text_ln_lrh0.001_e5_s42,2837,5,1.34361,2.8513,0.0,0.00010238179879132599
audio_text_ln_lrh0.001_e5_s42,2838,5,1.1451,3.4604,0.0,0.00010202630643441166
audio_text_ln_lrh0.001_e5_s42,2839,5,1.50396,3.1124,0.0,0.00010167081407749734
audio_text_ln_lrh0.001_e5_s42,2840,5,1.17404,2.3202,0.0,0.00010131532172058301
audio_text_ln_lrh0.001_e5_s42,2841,5,1.12229,2.0868,0.0,0.00010095982936366868
audio_text_ln_lrh0.001_e5_s42,2842,5,1.25782,3.4281,0.0,0.00010060433700675435
audio_text_ln_lrh0.001_e5_s42,2843,5,1.136,2.1697,0.0,0.00010024884464984004
audio_text_ln_lrh0.001_e5_s42,2844,5,1.12459,2.036,0.0,9.989335229292571e-05
audio_text_ln_lrh0.001_e5_s42,2845,5,1.554,2.9587,0.0,9.953785993601138e-05
audio_text_ln_lrh0.001_e5_s42,2846,5,1.26085,2.466,0.0,9.918236757909706e-05
audio_text_ln_lrh0.001_e5_s42,2847,5,0.98891,3.0897,0.0,9.882687522218272e-05
audio_text_ln_lrh0.001_e5_s42,2848,5,1.24534,2.8345,0.0,9.847138286526839e-05
audio_text_ln_lrh0.001_e5_s42,2849,5,1.06488,3.6267,0.0,9.811589050835406e-05
audio_text_ln_lrh0.001_e5_s42,2850,5,1.14065,2.4547,0.0,9.776039815143975e-05
audio_text_ln_lrh0.001_e5_s42,2851,5,1.39309,2.9134,0.0,9.740490579452542e-05
audio_text_ln_lrh0.001_e5_s42,2852,5,1.6429,3.2164,0.0,9.704941343761109e-05
audio_text_ln_lrh0.001_e5_s42,2853,5,1.4195,2.5439,0.0,9.669392108069677e-05
audio_text_ln_lrh0.001_e5_s42,2854,5,1.06962,2.4121,0.0,9.633842872378244e-05
audio_text_ln_lrh0.001_e5_s42,2855,5,1.29692,2.8412,0.0,9.598293636686811e-05
audio_text_ln_lrh0.001_e5_s42,2856,5,1.73101,3.1757,0.0,9.562744400995379e-05
audio_text_ln_lrh0.001_e5_s42,2857,5,1.27845,3.0176,0.0,9.527195165303947e-05
audio_text_ln_lrh0.001_e5_s42,2858,5,1.63269,2.8495,0.0,9.491645929612514e-05
audio_text_ln_lrh0.001_e5_s42,2859,5,1.20426,2.7743,0.0,9.45609669392108e-05
audio_text_ln_lrh0.001_e5_s42,2860,5,1.46463,2.652,0.0,9.420547458229649e-05
audio_text_ln_lrh0.001_e5_s42,2861,5,1.39359,3.5975,0.0,9.384998222538215e-05
audio_text_ln_lrh0.001_e5_s42,2862,5,1.30961,2.5211,0.0,9.349448986846782e-05
audio_text_ln_lrh0.001_e5_s42,2863,5,1.5291,3.5086,0.0,9.31389975115535e-05
audio_text_ln_lrh0.001_e5_s42,2864,5,1.4298,3.0067,0.0,9.278350515463918e-05
audio_text_ln_lrh0.001_e5_s42,2865,5,0.99837,2.5138,0.0,9.242801279772485e-05
audio_text_ln_lrh0.001_e5_s42,2866,5,1.31088,2.6956,0.0,9.207252044081052e-05
audio_text_ln_lrh0.001_e5_s42,2867,5,1.00926,1.9277,0.0,9.17170280838962e-05
audio_text_ln_lrh0.001_e5_s42,2868,5,1.48818,2.7819,0.0,9.136153572698187e-05
audio_text_ln_lrh0.001_e5_s42,2869,5,0.88216,2.4621,0.0,9.100604337006754e-05
audio_text_ln_lrh0.001_e5_s42,2870,5,1.26201,2.1872,0.0,9.065055101315322e-05
audio_text_ln_lrh0.001_e5_s42,2871,5,1.28698,2.5385,0.0,9.02950586562389e-05
audio_text_ln_lrh0.001_e5_s42,2872,5,1.70421,3.2984,0.0,8.993956629932457e-05
audio_text_ln_lrh0.001_e5_s42,2873,5,1.04182,2.9217,0.0,8.958407394241023e-05
audio_text_ln_lrh0.001_e5_s42,2874,5,1.74714,3.7274,0.0,8.922858158549592e-05
audio_text_ln_lrh0.001_e5_s42,2875,5,1.30467,3.119,0.0,8.887308922858158e-05
audio_text_ln_lrh0.001_e5_s42,2876,5,0.99661,3.1503,0.0,8.851759687166726e-05
audio_text_ln_lrh0.001_e5_s42,2877,5,1.67203,3.3663,0.0,8.816210451475295e-05
audio_text_ln_lrh0.001_e5_s42,2878,5,0.95554,2.4186,0.0,8.780661215783861e-05
audio_text_ln_lrh0.001_e5_s42,2879,5,1.13926,2.3973,0.0,8.745111980092428e-05
audio_text_ln_lrh0.001_e5_s42,2880,5,1.24328,2.5315,0.0,8.709562744400995e-05
audio_text_ln_lrh0.001_e5_s42,2881,5,0.92891,3.0958,0.0,8.674013508709563e-05
audio_text_ln_lrh0.001_e5_s42,2882,5,1.00429,2.5089,0.0,8.63846427301813e-05
audio_text_ln_lrh0.001_e5_s42,2883,5,1.20761,3.0573,0.0,8.602915037326698e-05
audio_text_ln_lrh0.001_e5_s42,2884,5,1.41554,2.6103,0.0,8.567365801635266e-05
audio_text_ln_lrh0.001_e5_s42,2885,5,1.11525,2.2274,0.0,8.531816565943833e-05
audio_text_ln_lrh0.001_e5_s42,2886,5,1.18231,2.1416,0.0,8.4962673302524e-05
audio_text_ln_lrh0.001_e5_s42,2887,5,1.04469,3.2792,0.0,8.460718094560966e-05
audio_text_ln_lrh0.001_e5_s42,2888,5,1.30505,2.7524,0.0,8.425168858869534e-05
audio_text_ln_lrh0.001_e5_s42,2889,5,1.39001,2.9462,0.0,8.389619623178103e-05
audio_text_ln_lrh0.001_e5_s42,2890,5,0.86824,1.9625,0.0,8.35407038748667e-05
audio_text_ln_lrh0.001_e5_s42,2891,5,1.45325,3.0185,0.0,8.318521151795237e-05
audio_text_ln_lrh0.001_e5_s42,2892,5,1.07955,2.6357,0.0,8.282971916103804e-05
audio_text_ln_lrh0.001_e5_s42,2893,5,1.62928,3.1024,0.0,8.247422680412371e-05
audio_text_ln_lrh0.001_e5_s42,2894,5,1.57367,2.8742,0.0,8.211873444720938e-05
audio_text_ln_lrh0.001_e5_s42,2895,5,1.68387,3.6398,0.0,8.176324209029506e-05
audio_text_ln_lrh0.001_e5_s42,2896,5,1.21855,2.1365,0.0,8.140774973338074e-05
audio_text_ln_lrh0.001_e5_s42,2897,5,1.09401,2.5646,0.0,8.105225737646641e-05
audio_text_ln_lrh0.001_e5_s42,2898,5,1.11475,2.4818,0.0,8.069676501955209e-05
audio_text_ln_lrh0.001_e5_s42,2899,5,1.42284,2.6608,0.0,8.034127266263776e-05
audio_text_ln_lrh0.001_e5_s42,2900,5,1.09625,3.4076,0.0,7.998578030572342e-05
audio_text_ln_lrh0.001_e5_s42,2901,5,1.23807,2.9661,0.0,7.963028794880909e-05
audio_text_ln_lrh0.001_e5_s42,2902,5,1.73344,3.8308,0.0,7.927479559189477e-05
audio_text_ln_lrh0.001_e5_s42,2903,5,1.51718,3.3244,0.0,7.891930323498045e-05
audio_text_ln_lrh0.001_e5_s42,2904,5,0.93462,2.1898,0.0,7.856381087806612e-05
audio_text_ln_lrh0.001_e5_s42,2905,5,1.35893,2.2675,0.0,7.82083185211518e-05
audio_text_ln_lrh0.001_e5_s42,2906,5,1.53905,2.5995,0.0,7.785282616423747e-05
audio_text_ln_lrh0.001_e5_s42,2907,5,1.59451,3.6805,0.0,7.749733380732314e-05
audio_text_ln_lrh0.001_e5_s42,2908,5,1.67714,3.2426,0.0,7.714184145040881e-05
audio_text_ln_lrh0.001_e5_s42,2909,5,1.31104,2.6804,0.0,7.67863490934945e-05
audio_text_ln_lrh0.001_e5_s42,2910,5,1.18552,2.408,0.0,7.643085673658017e-05
audio_text_ln_lrh0.001_e5_s42,2911,5,1.32258,2.403,0.0,7.607536437966584e-05
audio_text_ln_lrh0.001_e5_s42,2912,5,1.50738,3.24,0.0,7.571987202275152e-05
audio_text_ln_lrh0.001_e5_s42,2913,5,1.18065,2.6897,0.0,7.536437966583719e-05
audio_text_ln_lrh0.001_e5_s42,2914,5,1.43959,2.7541,0.0,7.500888730892285e-05
audio_text_ln_lrh0.001_e5_s42,2915,5,1.54808,3.206,0.0,7.465339495200852e-05
audio_text_ln_lrh0.001_e5_s42,2916,5,1.18815,2.457,0.0,7.429790259509422e-05
audio_text_ln_lrh0.001_e5_s42,2917,5,1.01807,2.1206,0.0,7.394241023817988e-05
audio_text_ln_lrh0.001_e5_s42,2918,5,1.3232,2.1759,0.0,7.358691788126555e-05
audio_text_ln_lrh0.001_e5_s42,2919,5,1.27413,2.9707,0.0,7.323142552435123e-05
audio_text_ln_lrh0.001_e5_s42,2920,5,1.15652,2.3085,0.0,7.28759331674369e-05
audio_text_ln_lrh0.001_e5_s42,2921,5,1.50082,3.2694,0.0,7.252044081052257e-05
audio_text_ln_lrh0.001_e5_s42,2922,5,1.18591,2.5037,0.0,7.216494845360824e-05
audio_text_ln_lrh0.001_e5_s42,2923,5,1.41141,2.4442,0.0,7.180945609669393e-05
audio_text_ln_lrh0.001_e5_s42,2924,5,1.24006,2.3742,0.0,7.14539637397796e-05
audio_text_ln_lrh0.001_e5_s42,2925,5,1.13194,2.3885,0.0,7.109847138286527e-05
audio_text_ln_lrh0.001_e5_s42,2926,5,1.10926,2.8658,0.0,7.074297902595095e-05
audio_text_ln_lrh0.001_e5_s42,2927,5,1.40267,2.4483,0.0,7.038748666903662e-05
audio_text_ln_lrh0.001_e5_s42,2928,5,1.14927,2.2173,0.0,7.003199431212228e-05
audio_text_ln_lrh0.001_e5_s42,2929,5,1.34404,2.173,0.0,6.967650195520796e-05
audio_text_ln_lrh0.001_e5_s42,2930,5,1.06468,2.1013,0.0,6.932100959829365e-05
audio_text_ln_lrh0.001_e5_s42,2931,5,1.10893,2.575,0.0,6.896551724137931e-05
audio_text_ln_lrh0.001_e5_s42,2932,5,1.56644,2.308,0.0,6.861002488446498e-05
audio_text_ln_lrh0.001_e5_s42,2933,5,1.07673,2.1762,0.0,6.825453252755066e-05
audio_text_ln_lrh0.001_e5_s42,2934,5,0.98592,2.2645,0.0,6.789904017063633e-05
audio_text_ln_lrh0.001_e5_s42,2935,5,1.22662,3.0637,0.0,6.7543547813722e-05
audio_text_ln_lrh0.001_e5_s42,2936,5,1.10734,2.4373,0.0,6.718805545680769e-05
audio_text_ln_lrh0.001_e5_s42,2937,5,0.98857,2.0834,0.0,6.683256309989336e-05
audio_text_ln_lrh0.001_e5_s42,2938,5,1.40952,2.2371,0.0,6.647707074297903e-05
audio_text_ln_lrh0.001_e5_s42,2939,5,1.56727,3.7038,0.0,6.61215783860647e-05
audio_text_ln_lrh0.001_e5_s42,2940,5,1.26969,2.3855,0.0,6.576608602915038e-05
audio_text_ln_lrh0.001_e5_s42,2941,5,1.39103,3.1823,0.0,6.541059367223604e-05
audio_text_ln_lrh0.001_e5_s42,2942,5,1.19293,2.6521,0.0,6.505510131532171e-05
audio_text_ln_lrh0.001_e5_s42,2943,5,1.39261,2.2619,0.0,6.469960895840741e-05
audio_text_ln_lrh0.001_e5_s42,2944,5,1.56817,3.7703,0.0,6.434411660149307e-05
audio_text_ln_lrh0.001_e5_s42,2945,5,0.94015,1.9858,0.0,6.398862424457874e-05
audio_text_ln_lrh0.001_e5_s42,2946,5,1.12297,2.4743,0.0,6.363313188766441e-05
audio_text_ln_lrh0.001_e5_s42,2947,5,1.22817,2.8903,0.0,6.327763953075009e-05
audio_text_ln_lrh0.001_e5_s42,2948,5,1.58506,2.9142,0.0,6.292214717383576e-05
audio_text_ln_lrh0.001_e5_s42,2949,5,1.31731,3.663,0.0,6.256665481692144e-05
audio_text_ln_lrh0.001_e5_s42,2950,5,1.1181,2.4467,0.0,6.221116246000711e-05
audio_text_ln_lrh0.001_e5_s42,2951,5,1.53531,2.7589,0.0,6.185567010309279e-05
audio_text_ln_lrh0.001_e5_s42,2952,5,0.96567,2.5156,0.0,6.150017774617846e-05
audio_text_ln_lrh0.001_e5_s42,2953,5,1.42595,2.1224,0.0,6.114468538926414e-05
audio_text_ln_lrh0.001_e5_s42,2954,5,1.27808,2.2207,0.0,6.0789193032349806e-05
audio_text_ln_lrh0.001_e5_s42,2955,5,1.24676,2.3264,0.0,6.043370067543548e-05
audio_text_ln_lrh0.001_e5_s42,2956,5,0.88078,2.7726,0.0,6.0078208318521155e-05
audio_text_ln_lrh0.001_e5_s42,2957,5,1.08782,3.5589,0.0,5.972271596160682e-05
audio_text_ln_lrh0.001_e5_s42,2958,5,1.09382,2.8031,0.0,5.9367223604692504e-05
audio_text_ln_lrh0.001_e5_s42,2959,5,1.43636,2.6378,0.0,5.901173124777817e-05
audio_text_ln_lrh0.001_e5_s42,2960,5,1.33858,2.2672,0.0,5.8656238890863846e-05
audio_text_ln_lrh0.001_e5_s42,2961,5,1.28846,2.4749,0.0,5.830074653394952e-05
audio_text_ln_lrh0.001_e5_s42,2962,5,1.56196,2.6757,0.0,5.7945254177035195e-05
audio_text_ln_lrh0.001_e5_s42,2963,5,1.45733,2.6228,0.0,5.758976182012087e-05
audio_text_ln_lrh0.001_e5_s42,2964,5,1.37439,2.7025,0.0,5.7234269463206544e-05
audio_text_ln_lrh0.001_e5_s42,2965,5,1.03736,2.879,0.0,5.687877710629222e-05
audio_text_ln_lrh0.001_e5_s42,2966,5,1.59131,2.5926,0.0,5.6523284749377886e-05
audio_text_ln_lrh0.001_e5_s42,2967,5,1.30807,2.1415,0.0,5.616779239246356e-05
audio_text_ln_lrh0.001_e5_s42,2968,5,1.29923,3.0496,0.0,5.5812300035549235e-05
audio_text_ln_lrh0.001_e5_s42,2969,5,1.65217,3.4379,0.0,5.545680767863491e-05
audio_text_ln_lrh0.001_e5_s42,2970,5,1.3787,2.5692,0.0,5.5101315321720584e-05
audio_text_ln_lrh0.001_e5_s42,2971,5,1.32506,2.8138,0.0,5.474582296480626e-05
audio_text_ln_lrh0.001_e5_s42,2972,5,1.17139,2.3605,0.0,5.439033060789193e-05
audio_text_ln_lrh0.001_e5_s42,2973,5,1.28712,3.4537,0.0,5.40348382509776e-05
audio_text_ln_lrh0.001_e5_s42,2974,5,1.58037,3.6222,0.0,5.367934589406328e-05
audio_text_ln_lrh0.001_e5_s42,2975,5,1.44889,2.7843,0.0,5.3323853537148956e-05
audio_text_ln_lrh0.001_e5_s42,2976,5,1.38081,2.8232,0.0,5.2968361180234624e-05
audio_text_ln_lrh0.001_e5_s42,2977,5,1.55042,3.5716,0.0,5.26128688233203e-05
audio_text_ln_lrh0.001_e5_s42,2978,5,1.45409,2.9663,0.0,5.225737646640597e-05
audio_text_ln_lrh0.001_e5_s42,2979,5,1.13159,2.7946,0.0,5.190188410949165e-05
audio_text_ln_lrh0.001_e5_s42,2980,5,1.26705,2.4578,0.0,5.1546391752577315e-05
audio_text_ln_lrh0.001_e5_s42,2981,5,1.25122,2.5916,0.0,5.1190899395662997e-05
audio_text_ln_lrh0.001_e5_s42,2982,5,1.5122,2.9552,0.0,5.083540703874867e-05
audio_text_ln_lrh0.001_e5_s42,2983,5,1.55619,3.277,0.0,5.047991468183434e-05
audio_text_ln_lrh0.001_e5_s42,2984,5,1.55603,3.0266,0.0,5.012442232492002e-05
audio_text_ln_lrh0.001_e5_s42,2985,5,0.917,2.6354,0.0,4.976892996800569e-05
audio_text_ln_lrh0.001_e5_s42,2986,5,1.04081,3.1892,0.0,4.941343761109136e-05
audio_text_ln_lrh0.001_e5_s42,2987,5,1.52003,2.8066,0.0,4.905794525417703e-05
audio_text_ln_lrh0.001_e5_s42,2988,5,1.43768,2.4347,0.0,4.870245289726271e-05
audio_text_ln_lrh0.001_e5_s42,2989,5,1.53442,2.5598,0.0,4.8346960540348386e-05
audio_text_ln_lrh0.001_e5_s42,2990,5,1.33188,3.4355,0.0,4.7991468183434053e-05
audio_text_ln_lrh0.001_e5_s42,2991,5,1.19489,2.1563,0.0,4.7635975826519735e-05
audio_text_ln_lrh0.001_e5_s42,2992,5,1.78715,3.616,0.0,4.72804834696054e-05
audio_text_ln_lrh0.001_e5_s42,2993,5,1.09674,2.7314,0.0,4.692499111269108e-05
audio_text_ln_lrh0.001_e5_s42,2994,5,1.4973,2.9591,0.0,4.656949875577675e-05
audio_text_ln_lrh0.001_e5_s42,2995,5,1.41037,2.8255,0.0,4.6214006398862426e-05
audio_text_ln_lrh0.001_e5_s42,2996,5,1.17371,2.5405,0.0,4.58585140419481e-05
audio_text_ln_lrh0.001_e5_s42,2997,5,1.47216,2.822,0.0,4.550302168503377e-05
audio_text_ln_lrh0.001_e5_s42,2998,5,1.60144,2.9541,0.0,4.514752932811945e-05
audio_text_ln_lrh0.001_e5_s42,2999,5,1.53236,2.7465,0.0,4.479203697120512e-05
audio_text_ln_lrh0.001_e5_s42,3000,5,1.58319,2.7623,0.0,4.443654461429079e-05
audio_text_ln_lrh0.001_e5_s42,3001,5,1.1708,2.3604,0.0,4.408105225737647e-05
audio_text_ln_lrh0.001_e5_s42,3002,5,1.36397,3.099,0.0,4.372555990046214e-05
audio_text_ln_lrh0.001_e5_s42,3003,5,0.92355,2.5845,0.0,4.3370067543547815e-05
audio_text_ln_lrh0.001_e5_s42,3004,5,1.24444,2.3411,0.0,4.301457518663349e-05
audio_text_ln_lrh0.001_e5_s42,3005,5,1.3597,3.5007,0.0,4.2659082829719164e-05
audio_text_ln_lrh0.001_e5_s42,3006,5,1.08667,2.5449,0.0,4.230359047280483e-05
audio_text_ln_lrh0.001_e5_s42,3007,5,1.43342,2.8473,0.0,4.194809811589051e-05
audio_text_ln_lrh0.001_e5_s42,3008,5,1.55382,2.8427,0.0,4.159260575897619e-05
audio_text_ln_lrh0.001_e5_s42,3009,5,1.24881,2.487,0.0,4.1237113402061855e-05
audio_text_ln_lrh0.001_e5_s42,3010,5,1.14432,2.5683,0.0,4.088162104514753e-05
audio_text_ln_lrh0.001_e5_s42,3011,5,1.16156,2.2869,0.0,4.0526128688233204e-05
audio_text_ln_lrh0.001_e5_s42,3012,5,1.35102,2.6078,0.0,4.017063633131888e-05
audio_text_ln_lrh0.001_e5_s42,3013,5,1.36453,2.6074,0.0,3.9815143974404546e-05
audio_text_ln_lrh0.001_e5_s42,3014,5,1.22202,2.0341,0.0,3.945965161749023e-05
audio_text_ln_lrh0.001_e5_s42,3015,5,1.51324,2.8643,0.0,3.91041592605759e-05
audio_text_ln_lrh0.001_e5_s42,3016,5,1.39362,3.1824,0.0,3.874866690366157e-05
audio_text_ln_lrh0.001_e5_s42,3017,5,1.49647,2.8694,0.0,3.839317454674725e-05
audio_text_ln_lrh0.001_e5_s42,3018,5,1.30485,2.616,0.0,3.803768218983292e-05
audio_text_ln_lrh0.001_e5_s42,3019,5,1.25637,2.3557,0.0,3.768218983291859e-05
audio_text_ln_lrh0.001_e5_s42,3020,5,1.3583,2.7652,0.0,3.732669747600426e-05
audio_text_ln_lrh0.001_e5_s42,3021,5,1.25723,2.8084,0.0,3.697120511908994e-05
audio_text_ln_lrh0.001_e5_s42,3022,5,1.05595,1.9839,0.0,3.6615712762175616e-05
audio_text_ln_lrh0.001_e5_s42,3023,5,1.13899,2.3192,0.0,3.6260220405261284e-05
audio_text_ln_lrh0.001_e5_s42,3024,5,1.6513,3.5453,0.0,3.5904728048346965e-05
audio_text_ln_lrh0.001_e5_s42,3025,5,1.61571,2.8045,0.0,3.554923569143263e-05
audio_text_ln_lrh0.001_e5_s42,3026,5,1.22594,2.3136,0.0,3.519374333451831e-05
audio_text_ln_lrh0.001_e5_s42,3027,5,1.5415,2.9927,0.0,3.483825097760398e-05
audio_text_ln_lrh0.001_e5_s42,3028,5,1.43376,2.5293,0.0,3.4482758620689657e-05
audio_text_ln_lrh0.001_e5_s42,3029,5,1.39395,2.5577,0.0,3.412726626377533e-05
audio_text_ln_lrh0.001_e5_s42,3030,5,1.54937,3.3121,0.0,3.3771773906861e-05
audio_text_ln_lrh0.001_e5_s42,3031,5,1.60734,3.9618,0.0,3.341628154994668e-05
audio_text_ln_lrh0.001_e5_s42,3032,5,1.72445,3.2899,0.0,3.306078919303235e-05
audio_text_ln_lrh0.001_e5_s42,3033,5,1.2709,3.2914,0.0,3.270529683611802e-05
audio_text_ln_lrh0.001_e5_s42,3034,5,1.24388,2.4203,0.0,3.2349804479203703e-05
audio_text_ln_lrh0.001_e5_s42,3035,5,1.73875,2.441,0.0,3.199431212228937e-05
audio_text_ln_lrh0.001_e5_s42,3036,5,1.47582,3.0685,0.0,3.1638819765375046e-05
audio_text_ln_lrh0.001_e5_s42,3037,5,1.22959,2.12,0.0,3.128332740846072e-05
audio_text_ln_lrh0.001_e5_s42,3038,5,0.79804,2.7663,0.0,3.0927835051546395e-05
audio_text_ln_lrh0.001_e5_s42,3039,5,1.51785,2.8616,0.0,3.057234269463207e-05
audio_text_ln_lrh0.001_e5_s42,3040,5,1.32078,2.4192,0.0,3.021685033771774e-05
audio_text_ln_lrh0.001_e5_s42,3041,5,1.20327,2.5454,0.0,2.986135798080341e-05
audio_text_ln_lrh0.001_e5_s42,3042,5,1.49282,2.677,0.0,2.9505865623889086e-05
audio_text_ln_lrh0.001_e5_s42,3043,5,0.39486,2.5023,0.0,2.915037326697476e-05
audio_text_ln_lrh0.001_e5_s42,3044,5,1.50152,3.4137,0.0,2.8794880910060435e-05
audio_text_ln_lrh0.001_e5_s42,3045,5,0.91307,2.4581,0.0,2.843938855314611e-05
audio_text_ln_lrh0.001_e5_s42,3046,5,1.14652,2.6972,0.0,2.808389619623178e-05
audio_text_ln_lrh0.001_e5_s42,3047,5,1.10845,2.4897,0.0,2.7728403839317455e-05
audio_text_ln_lrh0.001_e5_s42,3048,5,1.21369,2.5365,0.0,2.737291148240313e-05
audio_text_ln_lrh0.001_e5_s42,3049,5,1.10031,3.0711,0.0,2.70174191254888e-05
audio_text_ln_lrh0.001_e5_s42,3050,5,1.05347,2.2552,0.0,2.6661926768574478e-05
audio_text_ln_lrh0.001_e5_s42,3051,5,1.02,2.4505,0.0,2.630643441166015e-05
audio_text_ln_lrh0.001_e5_s42,3052,5,1.03883,2.179,0.0,2.5950942054745824e-05
audio_text_ln_lrh0.001_e5_s42,3053,5,1.1906,2.6002,0.0,2.5595449697831498e-05
audio_text_ln_lrh0.001_e5_s42,3054,5,0.95749,2.9423,0.0,2.523995734091717e-05
audio_text_ln_lrh0.001_e5_s42,3055,5,1.52699,3.401,0.0,2.4884464984002844e-05
audio_text_ln_lrh0.001_e5_s42,3056,5,1.46974,2.481,0.0,2.4528972627088515e-05
audio_text_ln_lrh0.001_e5_s42,3057,5,1.36065,2.7433,0.0,2.4173480270174193e-05
audio_text_ln_lrh0.001_e5_s42,3058,5,1.4207,2.9823,0.0,2.3817987913259867e-05
audio_text_ln_lrh0.001_e5_s42,3059,5,1.17119,2.4376,0.0,2.346249555634554e-05
audio_text_ln_lrh0.001_e5_s42,3060,5,1.48294,2.8049,0.0,2.3107003199431213e-05
audio_text_ln_lrh0.001_e5_s42,3061,5,1.03598,2.8108,0.0,2.2751510842516884e-05
audio_text_ln_lrh0.001_e5_s42,3062,5,1.08213,2.5538,0.0,2.239601848560256e-05
audio_text_ln_lrh0.001_e5_s42,3063,5,1.24229,2.4608,0.0,2.2040526128688236e-05
audio_text_ln_lrh0.001_e5_s42,3064,5,1.40964,2.6666,0.0,2.1685033771773907e-05
audio_text_ln_lrh0.001_e5_s42,3065,5,1.25302,2.3322,0.0,2.1329541414859582e-05
audio_text_ln_lrh0.001_e5_s42,3066,5,1.23719,2.456,0.0,2.0974049057945256e-05
audio_text_ln_lrh0.001_e5_s42,3067,5,1.23288,2.6682,0.0,2.0618556701030927e-05
audio_text_ln_lrh0.001_e5_s42,3068,5,2.03636,3.521,0.0,2.0263064344116602e-05
audio_text_ln_lrh0.001_e5_s42,3069,5,1.21126,2.7533,0.0,1.9907571987202273e-05
audio_text_ln_lrh0.001_e5_s42,3070,5,1.20965,2.6104,0.0,1.955207963028795e-05
audio_text_ln_lrh0.001_e5_s42,3071,5,1.26041,2.3547,0.0,1.9196587273373625e-05
audio_text_ln_lrh0.001_e5_s42,3072,5,1.21235,2.1504,0.0,1.8841094916459297e-05
audio_text_ln_lrh0.001_e5_s42,3073,5,1.07263,3.1726,0.0,1.848560255954497e-05
audio_text_ln_lrh0.001_e5_s42,3074,5,1.15719,2.8654,0.0,1.8130110202630642e-05
audio_text_ln_lrh0.001_e5_s42,3075,5,0.98305,2.6904,0.0,1.7774617845716317e-05
audio_text_ln_lrh0.001_e5_s42,3076,5,1.24331,3.0038,0.0,1.741912548880199e-05
audio_text_ln_lrh0.001_e5_s42,3077,5,0.99287,2.1313,0.0,1.7063633131887666e-05
audio_text_ln_lrh0.001_e5_s42,3078,5,1.28961,2.1898,0.0,1.670814077497334e-05
audio_text_ln_lrh0.001_e5_s42,3079,5,1.7052,3.3617,0.0,1.635264841805901e-05
audio_text_ln_lrh0.001_e5_s42,3080,5,1.60653,3.1748,0.0,1.5997156061144686e-05
audio_text_ln_lrh0.001_e5_s42,3081,5,1.30565,2.8669,0.0,1.564166370423036e-05
audio_text_ln_lrh0.001_e5_s42,3082,5,1.21691,3.0179,0.0,1.5286171347316035e-05
audio_text_ln_lrh0.001_e5_s42,3083,5,1.31371,2.6372,0.0,1.4930678990401706e-05
audio_text_ln_lrh0.001_e5_s42,3084,5,1.40483,2.5828,0.0,1.457518663348738e-05
audio_text_ln_lrh0.001_e5_s42,3085,5,1.30039,2.5501,0.0,1.4219694276573055e-05
audio_text_ln_lrh0.001_e5_s42,3086,5,1.561,2.6931,0.0,1.3864201919658727e-05
audio_text_ln_lrh0.001_e5_s42,3087,5,1.70241,2.8524,0.0,1.35087095627444e-05
audio_text_ln_lrh0.001_e5_s42,3088,5,1.48893,2.8348,0.0,1.3153217205830075e-05
audio_text_ln_lrh0.001_e5_s42,3089,5,1.14521,2.1004,0.0,1.2797724848915749e-05
audio_text_ln_lrh0.001_e5_s42,3090,5,1.26609,3.0679,0.0,1.2442232492001422e-05
audio_text_ln_lrh0.001_e5_s42,3091,5,1.04518,2.281,0.0,1.2086740135087096e-05
audio_text_ln_lrh0.001_e5_s42,3092,5,1.84061,3.0371,0.0,1.173124777817277e-05
audio_text_ln_lrh0.001_e5_s42,3093,5,1.09113,2.5465,0.0,1.1375755421258442e-05
audio_text_ln_lrh0.001_e5_s42,3094,5,1.25842,2.8342,0.0,1.1020263064344118e-05
audio_text_ln_lrh0.001_e5_s42,3095,5,1.18462,2.6841,0.0,1.0664770707429791e-05
audio_text_ln_lrh0.001_e5_s42,3096,5,1.67708,3.1947,0.0,1.0309278350515464e-05
audio_text_ln_lrh0.001_e5_s42,3097,5,1.7874,2.7275,0.0,9.953785993601137e-06
audio_text_ln_lrh0.001_e5_s42,3098,5,1.76473,4.1264,0.0,9.598293636686813e-06
audio_text_ln_lrh0.001_e5_s42,3099,5,1.33456,2.6351,0.0,9.242801279772485e-06
audio_text_ln_lrh0.001_e5_s42,3100,5,1.06951,2.5665,0.0,8.887308922858158e-06
audio_text_ln_lrh0.001_e5_s42,3101,5,1.47023,2.7455,0.0,8.531816565943833e-06
audio_text_ln_lrh0.001_e5_s42,3102,5,1.3912,2.7416,0.0,8.176324209029506e-06
audio_text_ln_lrh0.001_e5_s42,3103,5,0.98762,2.6804,0.0,7.82083185211518e-06
audio_text_ln_lrh0.001_e5_s42,3104,5,1.42536,3.1764,0.0,7.465339495200853e-06
audio_text_ln_lrh0.001_e5_s42,3105,5,1.29448,2.4548,0.0,7.109847138286527e-06
audio_text_ln_lrh0.001_e5_s42,3106,5,1.06982,2.7274,0.0,6.7543547813722e-06
audio_text_ln_lrh0.001_e5_s42,3107,5,1.72467,2.6512,0.0,6.3988624244578746e-06
audio_text_ln_lrh0.001_e5_s42,3108,5,1.14334,2.6876,0.0,6.043370067543548e-06
audio_text_ln_lrh0.001_e5_s42,3109,5,1.39945,2.7225,0.0,5.687877710629221e-06
audio_text_ln_lrh0.001_e5_s42,3110,5,1.3636,2.3817,0.0,5.3323853537148955e-06
audio_text_ln_lrh0.001_e5_s42,3111,5,0.88943,2.4511,0.0,4.976892996800568e-06
audio_text_ln_lrh0.001_e5_s42,3112,5,1.17851,2.8509,0.0,4.621400639886243e-06
audio_text_ln_lrh0.001_e5_s42,3113,5,1.70026,3.5739,0.0,4.265908282971916e-06
audio_text_ln_lrh0.001_e5_s42,3114,5,1.27229,2.2058,0.0,3.91041592605759e-06
audio_text_ln_lrh0.001_e5_s42,3115,5,1.25296,2.2328,0.0,3.5549235691432637e-06
audio_text_ln_lrh0.001_e5_s42,3116,5,1.1687,2.8411,0.0,3.1994312122289373e-06
audio_text_ln_lrh0.001_e5_s42,3117,5,1.10616,2.3507,0.0,2.8439388553146105e-06
audio_text_ln_lrh0.001_e5_s42,3118,5,1.72063,3.1057,0.0,2.488446498400284e-06
audio_text_ln_lrh0.001_e5_s42,3119,5,1.18119,2.3124,0.0,2.132954141485958e-06
audio_text_ln_lrh0.001_e5_s42,3120,5,1.16776,2.2655,0.0,1.7774617845716318e-06
audio_text_ln_lrh0.001_e5_s42,3121,5,0.98421,1.9327,0.0,1.4219694276573052e-06
audio_text_ln_lrh0.001_e5_s42,3122,5,1.37334,2.9281,0.0,1.066477070742979e-06
audio_text_ln_lrh0.001_e5_s42,3123,5,1.23741,2.4933,0.0,7.109847138286526e-07
audio_text_ln_lrh0.001_e5_s42,3124,5,1.35604,2.2327,0.0,3.554923569143263e-07
audio_text_ln_lrh0.001_e5_s42,3125,5,0.78348,5.1107,0.0,0.0
audio_text_ln_lrh0.001_e5_s43,1,1,2.26478,5.9114,0.0,3.205128205128205e-06
audio_text_ln_lrh0.001_e5_s43,2,1,2.18249,5.6669,0.0,6.41025641025641e-06
audio_text_ln_lrh0.001_e5_s43,3,1,1.99182,3.7183,0.0,9.615384615384616e-06
audio_text_ln_lrh0.001_e5_s43,4,1,2.10793,4.4166,0.0,1.282051282051282e-05
audio_text_ln_lrh0.001_e5_s43,5,1,2.23591,5.3913,0.0,1.6025641025641026e-05
audio_text_ln_lrh0.001_e5_s43,6,1,2.12522,5.0035,0.0,1.923076923076923e-05
audio_text_ln_lrh0.001_e5_s43,7,1,2.10858,4.2685,0.0,2.2435897435897437e-05
audio_text_ln_lrh0.001_e5_s43,8,1,2.2378,5.9685,0.0,2.564102564102564e-05
audio_text_ln_lrh0.001_e5_s43,9,1,2.22385,5.4837,0.0,2.884615384615385e-05
audio_text_ln_lrh0.001_e5_s43,10,1,2.11951,4.7979,0.0,3.205128205128205e-05
audio_text_ln_lrh0.001_e5_s43,11,1,2.13572,5.4267,0.0,3.5256410256410254e-05
audio_text_ln_lrh0.001_e5_s43,12,1,2.02534,3.7954,0.0,3.846153846153846e-05
audio_text_ln_lrh0.001_e5_s43,13,1,1.99613,4.932,0.0,4.1666666666666665e-05
audio_text_ln_lrh0.001_e5_s43,14,1,2.23006,5.0568,0.0,4.4871794871794874e-05
audio_text_ln_lrh0.001_e5_s43,15,1,2.065,5.9354,0.0,4.8076923076923084e-05
audio_text_ln_lrh0.001_e5_s43,16,1,2.10131,4.6813,0.0,5.128205128205128e-05
audio_text_ln_lrh0.001_e5_s43,17,1,2.04028,4.3897,0.0,5.448717948717949e-05
audio_text_ln_lrh0.001_e5_s43,18,1,1.936,3.3413,0.0,5.76923076923077e-05
audio_text_ln_lrh0.001_e5_s43,19,1,2.01081,4.0523,0.0,6.08974358974359e-05
audio_text_ln_lrh0.001_e5_s43,20,1,1.91786,4.2364,0.0,6.41025641025641e-05
audio_text_ln_lrh0.001_e5_s43,21,1,1.92098,3.8749,0.0,6.73076923076923e-05
audio_text_ln_lrh0.001_e5_s43,22,1,1.90049,4.4686,0.0,7.051282051282051e-05
audio_text_ln_lrh0.001_e5_s43,23,1,1.9057,6.1661,0.0,7.371794871794872e-05
audio_text_ln_lrh0.001_e5_s43,24,1,2.01262,4.5048,0.0,7.692307692307693e-05
audio_text_ln_lrh0.001_e5_s43,25,1,1.92629,3.0139,0.0,8.012820512820514e-05
audio_text_ln_lrh0.001_e5_s43,26,1,1.85556,5.1519,0.0,8.333333333333333e-05
audio_text_ln_lrh0.001_e5_s43,27,1,1.791,3.843,0.0,8.653846153846153e-05
audio_text_ln_lrh0.001_e5_s43,28,1,1.86778,2.7498,0.0,8.974358974358975e-05
audio_text_ln_lrh0.001_e5_s43,29,1,1.83936,4.2156,0.0,9.294871794871795e-05
audio_text_ln_lrh0.001_e5_s43,30,1,1.75683,4.7344,0.0,9.615384615384617e-05
audio_text_ln_lrh0.001_e5_s43,31,1,1.76617,3.689,0.0,9.935897435897436e-05
audio_text_ln_lrh0.001_e5_s43,32,1,1.78531,4.2712,0.0,0.00010256410256410256
audio_text_ln_lrh0.001_e5_s43,33,1,1.84475,2.8331,0.0,0.00010576923076923077
audio_text_ln_lrh0.001_e5_s43,34,1,1.66465,4.574,0.0,0.00010897435897435898
audio_text_ln_lrh0.001_e5_s43,35,1,1.80462,2.7048,0.0,0.00011217948717948718
audio_text_ln_lrh0.001_e5_s43,36,1,1.65237,3.316,0.0,0.0001153846153846154
audio_text_ln_lrh0.001_e5_s43,37,1,1.58763,4.2618,0.0,0.00011858974358974358
audio_text_ln_lrh0.001_e5_s43,38,1,1.44679,4.4019,0.0,0.0001217948717948718
audio_text_ln_lrh0.001_e5_s43,39,1,1.77068,3.5657,0.0,0.000125
audio_text_ln_lrh0.001_e5_s43,40,1,1.68,2.8369,0.0,0.0001282051282051282
audio_text_ln_lrh0.001_e5_s43,41,1,1.53703,3.5494,0.0,0.0001314102564102564
audio_text_ln_lrh0.001_e5_s43,42,1,1.52896,3.6026,0.0,0.0001346153846153846
audio_text_ln_lrh0.001_e5_s43,43,1,1.46144,2.8605,0.0,0.00013782051282051284
audio_text_ln_lrh0.001_e5_s43,44,1,1.48347,2.9086,0.0,0.00014102564102564101
audio_text_ln_lrh0.001_e5_s43,45,1,1.51593,3.1136,0.0,0.00014423076923076922
audio_text_ln_lrh0.001_e5_s43,46,1,1.81116,3.2182,0.0,0.00014743589743589745
audio_text_ln_lrh0.001_e5_s43,47,1,1.75127,4.2583,0.0,0.00015064102564102565
audio_text_ln_lrh0.001_e5_s43,48,1,1.24875,3.39,0.0,0.00015384615384615385
audio_text_ln_lrh0.001_e5_s43,49,1,1.64209,2.701,0.0,0.00015705128205128205
audio_text_ln_lrh0.001_e5_s43,50,1,1.63328,3.3537,0.0,0.00016025641025641028
audio_text_ln_lrh0.001_e5_s43,51,1,1.57999,2.4542,0.0,0.00016346153846153846
audio_text_ln_lrh0.001_e5_s43,52,1,1.64356,3.5087,0.0,0.00016666666666666666
audio_text_ln_lrh0.001_e5_s43,53,1,1.57812,3.2678,0.0,0.0001698717948717949
audio_text_ln_lrh0.001_e5_s43,54,1,1.64039,3.3325,0.0,0.00017307692307692307
audio_text_ln_lrh0.001_e5_s43,55,1,1.60077,2.5498,0.0,0.0001762820512820513
audio_text_ln_lrh0.001_e5_s43,56,1,1.79405,4.1413,0.0,0.0001794871794871795
audio_text_ln_lrh0.001_e5_s43,57,1,1.44551,2.8816,0.0,0.00018269230769230767
audio_text_ln_lrh0.001_e5_s43,58,1,1.51868,2.9808,0.0,0.0001858974358974359
audio_text_ln_lrh0.001_e5_s43,59,1,1.35488,2.9815,0.0,0.0001891025641025641
audio_text_ln_lrh0.001_e5_s43,60,1,1.58813,2.8041,0.0,0.00019230769230769233
audio_text_ln_lrh0.001_e5_s43,61,1,1.13808,3.1419,0.0,0.0001955128205128205
audio_text_ln_lrh0.001_e5_s43,62,1,1.75213,3.0109,0.0,0.0001987179487179487
audio_text_ln_lrh0.001_e5_s43,63,1,1.28418,2.3204,0.0,0.00020192307692307694
audio_text_ln_lrh0.001_e5_s43,64,1,1.50912,2.3778,0.0,0.00020512820512820512
audio_text_ln_lrh0.001_e5_s43,65,1,1.2882,2.6616,0.0,0.00020833333333333335
audio_text_ln_lrh0.001_e5_s43,66,1,1.59023,2.8771,0.0,0.00021153846153846155
audio_text_ln_lrh0.001_e5_s43,67,1,1.18636,3.7315,0.0,0.00021474358974358972
audio_text_ln_lrh0.001_e5_s43,68,1,1.53827,3.1198,0.0,0.00021794871794871795
audio_text_ln_lrh0.001_e5_s43,69,1,1.68176,2.8227,0.0,0.00022115384615384616
audio_text_ln_lrh0.001_e5_s43,70,1,1.73757,4.4681,0.0,0.00022435897435897436
audio_text_ln_lrh0.001_e5_s43,71,1,1.57496,2.641,0.0,0.00022756410256410256
audio_text_ln_lrh0.001_e5_s43,72,1,1.39002,3.5327,0.0,0.0002307692307692308
audio_text_ln_lrh0.001_e5_s43,73,1,1.17493,3.1813,0.0,0.000233974358974359
audio_text_ln_lrh0.001_e5_s43,74,1,1.89308,4.2058,0.0,0.00023717948717948717
audio_text_ln_lrh0.001_e5_s43,75,1,1.55413,3.1958,0.0,0.0002403846153846154
audio_text_ln_lrh0.001_e5_s43,76,1,1.49808,3.4503,0.0,0.0002435897435897436
audio_text_ln_lrh0.001_e5_s43,77,1,1.07015,3.3939,0.0,0.0002467948717948718
audio_text_ln_lrh0.001_e5_s43,78,1,1.87723,4.0917,0.0,0.00025
audio_text_ln_lrh0.001_e5_s43,79,1,1.47427,2.9505,0.0,0.0002532051282051282
audio_text_ln_lrh0.001_e5_s43,80,1,2.14706,4.2986,0.0,0.0002564102564102564
audio_text_ln_lrh0.001_e5_s43,81,1,1.63415,2.9165,0.0,0.00025961538461538467
audio_text_ln_lrh0.001_e5_s43,82,1,1.53687,2.9081,0.0,0.0002628205128205128
audio_text_ln_lrh0.001_e5_s43,83,1,1.61169,2.5617,0.0,0.000266025641025641
audio_text_ln_lrh0.001_e5_s43,84,1,1.84913,3.8521,0.0,0.0002692307692307692
audio_text_ln_lrh0.001_e5_s43,85,1,1.47888,2.709,0.0,0.0002724358974358974
audio_text_ln_lrh0.001_e5_s43,86,1,1.37169,2.6931,0.0,0.0002756410256410257
audio_text_ln_lrh0.001_e5_s43,87,1,1.71213,4.0508,0.0,0.0002788461538461539
audio_text_ln_lrh0.001_e5_s43,88,1,1.76905,2.679,0.0,0.00028205128205128203
audio_text_ln_lrh0.001_e5_s43,89,1,1.51298,2.3631,0.0,0.00028525641025641023
audio_text_ln_lrh0.001_e5_s43,90,1,1.61743,3.0233,0.0,0.00028846153846153843
audio_text_ln_lrh0.001_e5_s43,91,1,1.76601,3.3209,0.0,0.0002916666666666667
audio_text_ln_lrh0.001_e5_s43,92,1,1.65633,3.0632,0.0,0.0002948717948717949
audio_text_ln_lrh0.001_e5_s43,93,1,1.66999,3.1245,0.0,0.0002980769230769231
audio_text_ln_lrh0.001_e5_s43,94,1,1.29018,3.5909,0.0,0.0003012820512820513
audio_text_ln_lrh0.001_e5_s43,95,1,1.6837,2.9692,0.0,0.00030448717948717945
audio_text_ln_lrh0.001_e5_s43,96,1,1.58779,2.4438,0.0,0.0003076923076923077
audio_text_ln_lrh0.001_e5_s43,97,1,1.25138,3.8901,0.0,0.0003108974358974359
audio_text_ln_lrh0.001_e5_s43,98,1,1.32849,4.1814,0.0,0.0003141025641025641
audio_text_ln_lrh0.001_e5_s43,99,1,1.48696,2.5883,0.0,0.0003173076923076923
audio_text_ln_lrh0.001_e5_s43,100,1,1.4722,2.7282,0.0,0.00032051282051282057
audio_text_ln_lrh0.001_e5_s43,101,1,1.00041,4.958,0.0,0.0003237179487179487
audio_text_ln_lrh0.001_e5_s43,102,1,1.24241,2.2956,0.0,0.0003269230769230769
audio_text_ln_lrh0.001_e5_s43,103,1,1.6546,2.964,0.0,0.0003301282051282051
audio_text_ln_lrh0.001_e5_s43,104,1,1.50022,2.7366,0.0,0.0003333333333333333
audio_text_ln_lrh0.001_e5_s43,105,1,1.54404,3.5552,0.0,0.0003365384615384616
audio_text_ln_lrh0.001_e5_s43,106,1,1.13713,2.6731,0.0,0.0003397435897435898
audio_text_ln_lrh0.001_e5_s43,107,1,1.85449,4.1541,0.0,0.000342948717948718
audio_text_ln_lrh0.001_e5_s43,108,1,1.88984,4.5258,0.0,0.00034615384615384613
audio_text_ln_lrh0.001_e5_s43,109,1,1.53229,3.186,0.0,0.00034935897435897433
audio_text_ln_lrh0.001_e5_s43,110,1,1.62224,3.3235,0.0,0.0003525641025641026
audio_text_ln_lrh0.001_e5_s43,111,1,1.75051,3.3262,0.0,0.0003557692307692308
audio_text_ln_lrh0.001_e5_s43,112,1,1.37844,2.9654,0.0,0.000358974358974359
audio_text_ln_lrh0.001_e5_s43,113,1,1.31597,2.3416,0.0,0.0003621794871794872
audio_text_ln_lrh0.001_e5_s43,114,1,1.72803,3.5165,0.0,0.00036538461538461535
audio_text_ln_lrh0.001_e5_s43,115,1,1.6027,2.678,0.0,0.0003685897435897436
audio_text_ln_lrh0.001_e5_s43,116,1,1.46195,2.946,0.0,0.0003717948717948718
audio_text_ln_lrh0.001_e5_s43,117,1,1.45579,2.3996,0.0,0.000375
audio_text_ln_lrh0.001_e5_s43,118,1,1.51872,2.586,0.0,0.0003782051282051282
audio_text_ln_lrh0.001_e5_s43,119,1,1.52624,2.6193,0.0,0.0003814102564102564
audio_text_ln_lrh0.001_e5_s43,120,1,1.43967,2.5754,0.0,0.00038461538461538467
audio_text_ln_lrh0.001_e5_s43,121,1,1.17733,3.8708,0.0,0.0003878205128205128
audio_text_ln_lrh0.001_e5_s43,122,1,1.16975,3.6823,0.0,0.000391025641025641
audio_text_ln_lrh0.001_e5_s43,123,1,1.39354,2.8119,0.0,0.0003942307692307692
audio_text_ln_lrh0.001_e5_s43,124,1,1.73591,3.4626,0.0,0.0003974358974358974
audio_text_ln_lrh0.001_e5_s43,125,1,1.3316,2.6031,0.0,0.0004006410256410257
audio_text_ln_lrh0.001_e5_s43,126,1,1.44423,3.5612,0.0,0.0004038461538461539
audio_text_ln_lrh0.001_e5_s43,127,1,1.43984,3.1285,0.0,0.00040705128205128203
audio_text_ln_lrh0.001_e5_s43,128,1,1.61014,3.2856,0.0,0.00041025641025641023
audio_text_ln_lrh0.001_e5_s43,129,1,1.96133,3.5483,0.0,0.00041346153846153844
audio_text_ln_lrh0.001_e5_s43,130,1,1.62565,3.7626,0.0,0.0004166666666666667
audio_text_ln_lrh0.001_e5_s43,131,1,1.51524,2.8103,0.0,0.0004198717948717949
audio_text_ln_lrh0.001_e5_s43,132,1,1.61551,3.4812,0.0,0.0004230769230769231
audio_text_ln_lrh0.001_e5_s43,133,1,1.68961,2.9754,0.0,0.0004262820512820513
audio_text_ln_lrh0.001_e5_s43,134,1,1.46705,2.6524,0.0,0.00042948717948717945
audio_text_ln_lrh0.001_e5_s43,135,1,1.22733,3.5022,0.0,0.0004326923076923077
audio_text_ln_lrh0.001_e5_s43,136,1,1.49832,2.7861,0.0,0.0004358974358974359
audio_text_ln_lrh0.001_e5_s43,137,1,1.04347,3.3321,0.0,0.0004391025641025641
audio_text_ln_lrh0.001_e5_s43,138,1,1.16947,2.4008,0.0,0.0004423076923076923
audio_text_ln_lrh0.001_e5_s43,139,1,1.66851,3.5653,0.0,0.00044551282051282057
audio_text_ln_lrh0.001_e5_s43,140,1,1.60662,3.0175,0.0,0.0004487179487179487
audio_text_ln_lrh0.001_e5_s43,141,1,1.05739,2.9784,0.0,0.0004519230769230769
audio_text_ln_lrh0.001_e5_s43,142,1,1.47028,2.8702,0.0,0.0004551282051282051
audio_text_ln_lrh0.001_e5_s43,143,1,1.36788,2.1605,0.0,0.0004583333333333333
audio_text_ln_lrh0.001_e5_s43,144,1,1.43596,3.3372,0.0,0.0004615384615384616
audio_text_ln_lrh0.001_e5_s43,145,1,1.65252,4.865,0.0,0.0004647435897435898
audio_text_ln_lrh0.001_e5_s43,146,1,1.4111,2.2541,0.0,0.000467948717948718
audio_text_ln_lrh0.001_e5_s43,147,1,1.68938,2.9332,0.0,0.00047115384615384613
audio_text_ln_lrh0.001_e5_s43,148,1,1.33792,2.4085,0.0,0.00047435897435897434
audio_text_ln_lrh0.001_e5_s43,149,1,1.5662,3.0707,0.0,0.0004775641025641026
audio_text_ln_lrh0.001_e5_s43,150,1,1.56383,3.0916,0.0,0.0004807692307692308
audio_text_ln_lrh0.001_e5_s43,151,1,1.47557,3.1953,0.0,0.000483974358974359
audio_text_ln_lrh0.001_e5_s43,152,1,1.71435,3.6004,0.0,0.0004871794871794872
audio_text_ln_lrh0.001_e5_s43,153,1,1.48173,2.958,0.0,0.0004903846153846154
audio_text_ln_lrh0.001_e5_s43,154,1,1.32342,2.9886,0.0,0.0004935897435897436
audio_text_ln_lrh0.001_e5_s43,155,1,1.31542,3.0622,0.0,0.0004967948717948718
audio_text_ln_lrh0.001_e5_s43,156,1,1.24156,2.5864,0.0,0.0005
audio_text_ln_lrh0.001_e5_s43,157,1,1.33013,2.925,0.0,0.0005032051282051282
audio_text_ln_lrh0.001_e5_s43,158,1,1.68079,2.8318,0.0,0.0005064102564102564
audio_text_ln_lrh0.001_e5_s43,159,1,1.60791,3.5545,0.0,0.0005096153846153846
audio_text_ln_lrh0.001_e5_s43,160,1,1.48079,2.7686,0.0,0.0005128205128205128
audio_text_ln_lrh0.001_e5_s43,161,1,1.59164,2.5002,0.0,0.0005160256410256411
audio_text_ln_lrh0.001_e5_s43,162,1,1.49936,2.8801,0.0,0.0005192307692307693
audio_text_ln_lrh0.001_e5_s43,163,1,1.29853,3.8966,0.0,0.0005224358974358974
audio_text_ln_lrh0.001_e5_s43,164,1,1.56353,2.6457,0.0,0.0005256410256410256
audio_text_ln_lrh0.001_e5_s43,165,1,1.2921,3.7919,0.0,0.0005288461538461538
audio_text_ln_lrh0.001_e5_s43,166,1,1.6302,2.7806,0.0,0.000532051282051282
audio_text_ln_lrh0.001_e5_s43,167,1,1.20731,2.7529,0.0,0.0005352564102564102
audio_text_ln_lrh0.001_e5_s43,168,1,1.59586,2.4352,0.0,0.0005384615384615384
audio_text_ln_lrh0.001_e5_s43,169,1,1.43038,2.8735,0.0,0.0005416666666666666
audio_text_ln_lrh0.001_e5_s43,170,1,1.6716,3.2748,0.0,0.0005448717948717948
audio_text_ln_lrh0.001_e5_s43,171,1,1.58825,3.6809,0.0,0.0005480769230769232
audio_text_ln_lrh0.001_e5_s43,172,1,1.64402,4.2803,0.0,0.0005512820512820514
audio_text_ln_lrh0.001_e5_s43,173,1,1.71617,3.996,0.0,0.0005544871794871796
audio_text_ln_lrh0.001_e5_s43,174,1,1.88135,4.1521,0.0,0.0005576923076923078
audio_text_ln_lrh0.001_e5_s43,175,1,1.68388,4.3819,0.0,0.000560897435897436
audio_text_ln_lrh0.001_e5_s43,176,1,1.7261,3.3215,0.0,0.0005641025641025641
audio_text_ln_lrh0.001_e5_s43,177,1,1.55805,3.5594,0.0,0.0005673076923076923
audio_text_ln_lrh0.001_e5_s43,178,1,1.52314,3.0843,0.0,0.0005705128205128205
audio_text_ln_lrh0.001_e5_s43,179,1,1.66871,2.7419,0.0,0.0005737179487179487
audio_text_ln_lrh0.001_e5_s43,180,1,1.52822,2.3163,0.0,0.0005769230769230769
audio_text_ln_lrh0.001_e5_s43,181,1,1.58136,2.0875,0.0,0.0005801282051282052
audio_text_ln_lrh0.001_e5_s43,182,1,1.38108,3.3558,0.0,0.0005833333333333334
audio_text_ln_lrh0.001_e5_s43,183,1,1.5817,4.833,0.0,0.0005865384615384616
audio_text_ln_lrh0.001_e5_s43,184,1,1.68867,3.3221,0.0,0.0005897435897435898
audio_text_ln_lrh0.001_e5_s43,185,1,1.55862,3.4222,0.0,0.000592948717948718
audio_text_ln_lrh0.001_e5_s43,186,1,1.3833,3.9157,0.0,0.0005961538461538462
audio_text_ln_lrh0.001_e5_s43,187,1,1.31237,2.6649,0.0,0.0005993589743589744
audio_text_ln_lrh0.001_e5_s43,188,1,1.64218,2.6573,0.0,0.0006025641025641026
audio_text_ln_lrh0.001_e5_s43,189,1,1.47118,3.6967,0.0,0.0006057692307692307
audio_text_ln_lrh0.001_e5_s43,190,1,1.21767,3.5388,0.0,0.0006089743589743589
audio_text_ln_lrh0.001_e5_s43,191,1,1.29844,3.1544,0.0,0.0006121794871794872
audio_text_ln_lrh0.001_e5_s43,192,1,1.68952,3.1491,0.0,0.0006153846153846154
audio_text_ln_lrh0.001_e5_s43,193,1,1.63255,2.6967,0.0,0.0006185897435897436
audio_text_ln_lrh0.001_e5_s43,194,1,1.13496,2.9358,0.0,0.0006217948717948718
audio_text_ln_lrh0.001_e5_s43,195,1,1.43247,4.4587,0.0,0.000625
audio_text_ln_lrh0.001_e5_s43,196,1,1.83757,4.7168,0.0,0.0006282051282051282
audio_text_ln_lrh0.001_e5_s43,197,1,1.18492,3.841,0.0,0.0006314102564102564
audio_text_ln_lrh0.001_e5_s43,198,1,1.75586,5.0436,0.0,0.0006346153846153846
audio_text_ln_lrh0.001_e5_s43,199,1,1.22229,2.1722,0.0,0.0006378205128205128
audio_text_ln_lrh0.001_e5_s43,200,1,1.89527,4.6094,0.0,0.0006410256410256411
audio_text_ln_lrh0.001_e5_s43,201,1,1.36125,2.1836,0.0,0.0006442307692307693
audio_text_ln_lrh0.001_e5_s43,202,1,1.7286,3.965,0.0,0.0006474358974358974
audio_text_ln_lrh0.001_e5_s43,203,1,1.25365,2.904,0.0,0.0006506410256410256
audio_text_ln_lrh0.001_e5_s43,204,1,1.49582,3.2446,0.0,0.0006538461538461538
audio_text_ln_lrh0.001_e5_s43,205,1,1.50582,2.7547,0.0,0.000657051282051282
audio_text_ln_lrh0.001_e5_s43,206,1,1.59199,4.4636,0.0,0.0006602564102564102
audio_text_ln_lrh0.001_e5_s43,207,1,1.49043,3.0997,0.0,0.0006634615384615384
audio_text_ln_lrh0.001_e5_s43,208,1,1.72493,2.4156,0.0,0.0006666666666666666
audio_text_ln_lrh0.001_e5_s43,209,1,1.51667,2.3427,0.0,0.0006698717948717948
audio_text_ln_lrh0.001_e5_s43,210,1,1.52984,2.9544,0.0,0.0006730769230769232
audio_text_ln_lrh0.001_e5_s43,211,1,1.26614,2.2883,0.0,0.0006762820512820514
audio_text_ln_lrh0.001_e5_s43,212,1,1.80268,2.9742,0.0,0.0006794871794871796
audio_text_ln_lrh0.001_e5_s43,213,1,1.56508,3.9084,0.0,0.0006826923076923078
audio_text_ln_lrh0.001_e5_s43,214,1,1.47124,2.6359,0.0,0.000685897435897436
audio_text_ln_lrh0.001_e5_s43,215,1,1.34019,2.5613,0.0,0.0006891025641025641
audio_text_ln_lrh0.001_e5_s43,216,1,1.53504,2.9144,0.0,0.0006923076923076923
audio_text_ln_lrh0.001_e5_s43,217,1,1.30779,2.4469,0.0,0.0006955128205128205
audio_text_ln_lrh0.001_e5_s43,218,1,1.43592,3.771,0.0,0.0006987179487179487
audio_text_ln_lrh0.001_e5_s43,219,1,1.64064,3.8047,0.0,0.0007019230769230769
audio_text_ln_lrh0.001_e5_s43,220,1,1.19875,2.5329,0.0,0.0007051282051282052
audio_text_ln_lrh0.001_e5_s43,221,1,1.16164,3.0296,0.0,0.0007083333333333334
audio_text_ln_lrh0.001_e5_s43,222,1,1.46852,3.4629,0.0,0.0007115384615384616
audio_text_ln_lrh0.001_e5_s43,223,1,1.91116,3.4622,0.0,0.0007147435897435898
audio_text_ln_lrh0.001_e5_s43,224,1,1.53332,3.2521,0.0,0.000717948717948718
audio_text_ln_lrh0.001_e5_s43,225,1,1.64817,3.449,0.0,0.0007211538461538462
audio_text_ln_lrh0.001_e5_s43,226,1,1.58654,2.4555,0.0,0.0007243589743589744
audio_text_ln_lrh0.001_e5_s43,227,1,1.21289,3.6588,0.0,0.0007275641025641026
audio_text_ln_lrh0.001_e5_s43,228,1,1.6723,3.389,0.0,0.0007307692307692307
audio_text_ln_lrh0.001_e5_s43,229,1,1.61052,2.9067,0.0,0.0007339743589743589
audio_text_ln_lrh0.001_e5_s43,230,1,1.64967,3.3115,0.0,0.0007371794871794872
audio_text_ln_lrh0.001_e5_s43,231,1,1.05917,2.8166,0.0,0.0007403846153846154
audio_text_ln_lrh0.001_e5_s43,232,1,1.73984,3.177,0.0,0.0007435897435897436
audio_text_ln_lrh0.001_e5_s43,233,1,1.70181,3.0574,0.0,0.0007467948717948718
audio_text_ln_lrh0.001_e5_s43,234,1,1.39776,3.392,0.0,0.00075
audio_text_ln_lrh0.001_e5_s43,235,1,1.30646,1.9775,0.0,0.0007532051282051282
audio_text_ln_lrh0.001_e5_s43,236,1,1.42867,2.7761,0.0,0.0007564102564102564
audio_text_ln_lrh0.001_e5_s43,237,1,1.10593,3.5744,0.0,0.0007596153846153846
audio_text_ln_lrh0.001_e5_s43,238,1,1.57228,3.065,0.0,0.0007628205128205128
audio_text_ln_lrh0.001_e5_s43,239,1,1.45361,2.2199,0.0,0.0007660256410256411
audio_text_ln_lrh0.001_e5_s43,240,1,1.34827,2.5493,0.0,0.0007692307692307693
audio_text_ln_lrh0.001_e5_s43,241,1,0.9744,2.3589,0.0,0.0007724358974358974
audio_text_ln_lrh0.001_e5_s43,242,1,1.43845,3.7949,0.0,0.0007756410256410256
audio_text_ln_lrh0.001_e5_s43,243,1,1.29758,1.8937,0.0,0.0007788461538461538
audio_text_ln_lrh0.001_e5_s43,244,1,1.28273,2.6848,0.0,0.000782051282051282
audio_text_ln_lrh0.001_e5_s43,245,1,1.40738,3.4419,0.0,0.0007852564102564102
audio_text_ln_lrh0.001_e5_s43,246,1,1.82942,4.3918,0.0,0.0007884615384615384
audio_text_ln_lrh0.001_e5_s43,247,1,1.43782,2.8329,0.0,0.0007916666666666666
audio_text_ln_lrh0.001_e5_s43,248,1,1.30814,2.4799,0.0,0.0007948717948717948
audio_text_ln_lrh0.001_e5_s43,249,1,1.36329,2.268,0.0,0.0007980769230769232
audio_text_ln_lrh0.001_e5_s43,250,1,1.3924,2.6905,0.0,0.0008012820512820514
audio_text_ln_lrh0.001_e5_s43,251,1,1.54743,2.7041,0.0,0.0008044871794871796
audio_text_ln_lrh0.001_e5_s43,252,1,1.46443,2.7712,0.0,0.0008076923076923078
audio_text_ln_lrh0.001_e5_s43,253,1,1.52193,2.9705,0.0,0.000810897435897436
audio_text_ln_lrh0.001_e5_s43,254,1,1.64001,2.3516,0.0,0.0008141025641025641
audio_text_ln_lrh0.001_e5_s43,255,1,1.44454,2.5988,0.0,0.0008173076923076923
audio_text_ln_lrh0.001_e5_s43,256,1,1.31722,2.8792,0.0,0.0008205128205128205
audio_text_ln_lrh0.001_e5_s43,257,1,1.39781,3.8415,0.0,0.0008237179487179487
audio_text_ln_lrh0.001_e5_s43,258,1,1.3549,3.1019,0.0,0.0008269230769230769
audio_text_ln_lrh0.001_e5_s43,259,1,1.31149,1.9289,0.0,0.0008301282051282052
audio_text_ln_lrh0.001_e5_s43,260,1,1.78807,3.8001,0.0,0.0008333333333333334
audio_text_ln_lrh0.001_e5_s43,261,1,1.84483,3.977,0.0,0.0008365384615384616
audio_text_ln_lrh0.001_e5_s43,262,1,1.15019,3.6389,0.0,0.0008397435897435898
audio_text_ln_lrh0.001_e5_s43,263,1,1.68864,3.514,0.0,0.000842948717948718
audio_text_ln_lrh0.001_e5_s43,264,1,1.08734,2.8311,0.0,0.0008461538461538462
audio_text_ln_lrh0.001_e5_s43,265,1,2.0299,5.4412,0.0,0.0008493589743589744
audio_text_ln_lrh0.001_e5_s43,266,1,1.52911,2.1784,0.0,0.0008525641025641026
audio_text_ln_lrh0.001_e5_s43,267,1,1.60296,2.293,0.0,0.0008557692307692307
audio_text_ln_lrh0.001_e5_s43,268,1,1.87671,5.6461,0.0,0.0008589743589743589
audio_text_ln_lrh0.001_e5_s43,269,1,1.72877,2.6221,0.0,0.0008621794871794872
audio_text_ln_lrh0.001_e5_s43,270,1,2.04372,5.1438,0.0,0.0008653846153846154
audio_text_ln_lrh0.001_e5_s43,271,1,1.98504,3.8258,0.0,0.0008685897435897436
audio_text_ln_lrh0.001_e5_s43,272,1,1.6546,2.9667,0.0,0.0008717948717948718
audio_text_ln_lrh0.001_e5_s43,273,1,1.68897,2.2826,0.0,0.000875
audio_text_ln_lrh0.001_e5_s43,274,1,1.567,2.5894,0.0,0.0008782051282051282
audio_text_ln_lrh0.001_e5_s43,275,1,1.88805,2.632,0.0,0.0008814102564102564
audio_text_ln_lrh0.001_e5_s43,276,1,1.6725,3.3139,0.0,0.0008846153846153846
audio_text_ln_lrh0.001_e5_s43,277,1,1.86451,2.1697,0.0,0.0008878205128205128
audio_text_ln_lrh0.001_e5_s43,278,1,1.62902,2.9957,0.0,0.0008910256410256411
audio_text_ln_lrh0.001_e5_s43,279,1,1.67722,3.7818,0.0,0.0008942307692307693
audio_text_ln_lrh0.001_e5_s43,280,1,1.78057,1.8812,0.0,0.0008974358974358974
audio_text_ln_lrh0.001_e5_s43,281,1,1.51293,3.8815,0.0,0.0009006410256410256
audio_text_ln_lrh0.001_e5_s43,282,1,1.50811,3.3329,0.0,0.0009038461538461538
audio_text_ln_lrh0.001_e5_s43,283,1,1.3442,4.1576,0.0,0.000907051282051282
audio_text_ln_lrh0.001_e5_s43,284,1,1.68931,2.5677,0.0,0.0009102564102564102
audio_text_ln_lrh0.001_e5_s43,285,1,1.56059,1.7917,0.0,0.0009134615384615384
audio_text_ln_lrh0.001_e5_s43,286,1,1.42471,2.3312,0.0,0.0009166666666666666
audio_text_ln_lrh0.001_e5_s43,287,1,1.5295,2.2754,0.0,0.0009198717948717949
audio_text_ln_lrh0.001_e5_s43,288,1,1.87105,3.2213,0.0,0.0009230769230769232
audio_text_ln_lrh0.001_e5_s43,289,1,1.21409,2.731,0.0,0.0009262820512820514
audio_text_ln_lrh0.001_e5_s43,290,1,1.36006,2.4308,0.0,0.0009294871794871796
audio_text_ln_lrh0.001_e5_s43,291,1,1.50589,2.7422,0.0,0.0009326923076923078
audio_text_ln_lrh0.001_e5_s43,292,1,1.48798,2.2602,0.0,0.000935897435897436
audio_text_ln_lrh0.001_e5_s43,293,1,1.39329,3.6557,0.0,0.0009391025641025641
audio_text_ln_lrh0.001_e5_s43,294,1,1.59219,4.3078,0.0,0.0009423076923076923
audio_text_ln_lrh0.001_e5_s43,295,1,1.86895,2.825,0.0,0.0009455128205128205
audio_text_ln_lrh0.001_e5_s43,296,1,1.40843,3.2924,0.0,0.0009487179487179487
audio_text_ln_lrh0.001_e5_s43,297,1,1.2551,2.8687,0.0,0.0009519230769230769
audio_text_ln_lrh0.001_e5_s43,298,1,1.91394,3.3939,0.0,0.0009551282051282052
audio_text_ln_lrh0.001_e5_s43,299,1,1.30529,4.9509,0.0,0.0009583333333333334
audio_text_ln_lrh0.001_e5_s43,300,1,1.20877,3.8845,0.0,0.0009615384615384616
audio_text_ln_lrh0.001_e5_s43,301,1,1.47177,2.0888,0.0,0.0009647435897435898
audio_text_ln_lrh0.001_e5_s43,302,1,1.96024,4.4051,0.0,0.000967948717948718
audio_text_ln_lrh0.001_e5_s43,303,1,1.40357,3.1361,0.0,0.0009711538461538462
audio_text_ln_lrh0.001_e5_s43,304,1,1.63446,3.4829,0.0,0.0009743589743589744
audio_text_ln_lrh0.001_e5_s43,305,1,1.46319,2.1047,0.0,0.0009775641025641026
audio_text_ln_lrh0.001_e5_s43,306,1,1.59838,2.7331,0.0,0.0009807692307692308
audio_text_ln_lrh0.001_e5_s43,307,1,1.15026,2.4643,0.0,0.000983974358974359
audio_text_ln_lrh0.001_e5_s43,308,1,1.23996,3.3201,0.0,0.0009871794871794872
audio_text_ln_lrh0.001_e5_s43,309,1,1.64875,4.741,0.0,0.0009903846153846154
audio_text_ln_lrh0.001_e5_s43,310,1,1.70897,4.2869,0.0,0.0009935897435897436
audio_text_ln_lrh0.001_e5_s43,311,1,1.25493,2.117,0.0,0.0009967948717948718
audio_text_ln_lrh0.001_e5_s43,312,1,1.71454,3.467,0.0,0.001
audio_text_ln_lrh0.001_e5_s43,313,1,1.58484,3.1915,0.0,0.0009996445076430856
audio_text_ln_lrh0.001_e5_s43,314,1,1.38353,2.033,0.0,0.0009992890152861714
audio_text_ln_lrh0.001_e5_s43,315,1,1.62822,2.7323,0.0,0.000998933522929257
audio_text_ln_lrh0.001_e5_s43,316,1,1.31529,2.4487,0.0,0.0009985780305723428
audio_text_ln_lrh0.001_e5_s43,317,1,1.48058,2.4953,0.0,0.0009982225382154284
audio_text_ln_lrh0.001_e5_s43,318,1,1.68369,2.9604,0.0,0.000997867045858514
audio_text_ln_lrh0.001_e5_s43,319,1,1.56317,2.6503,0.0,0.0009975115535015998
audio_text_ln_lrh0.001_e5_s43,320,1,1.25884,2.6551,0.0,0.0009971560611446854
audio_text_ln_lrh0.001_e5_s43,321,1,1.45663,2.3924,0.0,0.000996800568787771
audio_text_ln_lrh0.001_e5_s43,322,1,1.54015,2.4835,0.0,0.0009964450764308568
audio_text_ln_lrh0.001_e5_s43,323,1,1.25904,3.6814,0.0,0.0009960895840739426
audio_text_ln_lrh0.001_e5_s43,324,1,1.34332,2.7301,0.0,0.0009957340917170281
audio_text_ln_lrh0.001_e5_s43,325,1,1.48164,2.3447,0.0,0.0009953785993601137
audio_text_ln_lrh0.001_e5_s43,326,1,1.17648,3.1775,0.0,0.0009950231070031995
audio_text_ln_lrh0.001_e5_s43,327,1,1.3798,2.5499,0.0,0.0009946676146462851
audio_text_ln_lrh0.001_e5_s43,328,1,1.94536,3.8883,0.0,0.000994312122289371
audio_text_ln_lrh0.001_e5_s43,329,1,1.54312,2.7699,0.0,0.0009939566299324565
audio_text_ln_lrh0.001_e5_s43,330,1,1.98543,5.2646,0.0,0.000993601137575542
audio_text_ln_lrh0.001_e5_s43,331,1,1.73982,4.8686,0.0,0.000993245645218628
audio_text_ln_lrh0.001_e5_s43,332,1,1.3127,3.4244,0.0,0.0009928901528617135
audio_text_ln_lrh0.001_e5_s43,333,1,1.32449,3.6744,0.0,0.000992534660504799
audio_text_ln_lrh0.001_e5_s43,334,1,2.22183,3.9318,0.0,0.0009921791681478849
audio_text_ln_lrh0.001_e5_s43,335,1,1.39842,1.9748,0.0,0.0009918236757909705
audio_text_ln_lrh0.001_e5_s43,336,1,1.67853,2.6244,0.0,0.0009914681834340563
audio_text_ln_lrh0.001_e5_s43,337,1,1.4501,2.7806,0.0,0.0009911126910771418
audio_text_ln_lrh0.001_e5_s43,338,1,1.5155,3.6855,0.0,0.0009907571987202274
audio_text_ln_lrh0.001_e5_s43,339,1,1.32924,2.7611,0.0,0.0009904017063633132
audio_text_ln_lrh0.001_e5_s43,340,1,1.50567,3.4175,0.0,0.000990046214006399
audio_text_ln_lrh0.001_e5_s43,341,1,1.61413,2.5163,0.0,0.0009896907216494846
audio_text_ln_lrh0.001_e5_s43,342,1,1.42495,2.2818,0.0,0.0009893352292925702
audio_text_ln_lrh0.001_e5_s43,343,1,1.48471,2.4113,0.0,0.0009889797369356558
audio_text_ln_lrh0.001_e5_s43,344,1,1.4364,3.6341,0.0,0.0009886242445787416
audio_text_ln_lrh0.001_e5_s43,345,1,1.6066,3.9559,0.0,0.0009882687522218272
audio_text_ln_lrh0.001_e5_s43,346,1,1.47397,2.9528,0.0,0.0009879132598649128
audio_text_ln_lrh0.001_e5_s43,347,1,1.4718,3.1952,0.0,0.0009875577675079986
audio_text_ln_lrh0.001_e5_s43,348,1,1.48853,3.5143,0.0,0.0009872022751510844
audio_text_ln_lrh0.001_e5_s43,349,1,1.45395,2.7998,0.0,0.00098684678279417
audio_text_ln_lrh0.001_e5_s43,350,1,2.1585,5.1196,0.0,0.0009864912904372556
audio_text_ln_lrh0.001_e5_s43,351,1,1.38927,2.4083,0.0,0.0009861357980803414
audio_text_ln_lrh0.001_e5_s43,352,1,1.87116,2.3834,0.0,0.000985780305723427
audio_text_ln_lrh0.001_e5_s43,353,1,1.71306,2.5946,0.0,0.0009854248133665127
audio_text_ln_lrh0.001_e5_s43,354,1,1.22845,3.0493,0.0,0.0009850693210095983
audio_text_ln_lrh0.001_e5_s43,355,1,1.78596,3.2507,0.0,0.000984713828652684
audio_text_ln_lrh0.001_e5_s43,356,1,1.30488,2.968,0.0,0.0009843583362957697
audio_text_ln_lrh0.001_e5_s43,357,1,1.41894,2.3186,0.0,0.0009840028439388553
audio_text_ln_lrh0.001_e5_s43,358,1,1.33427,2.5389,0.0,0.000983647351581941
audio_text_ln_lrh0.001_e5_s43,359,1,1.12294,3.4682,0.0,0.0009832918592250267
audio_text_ln_lrh0.001_e5_s43,360,1,1.39595,3.0992,0.0,0.0009829363668681123
audio_text_ln_lrh0.001_e5_s43,361,1,1.52333,2.4425,0.0,0.000982580874511198
audio_text_ln_lrh0.001_e5_s43,362,1,1.32644,2.6601,0.0,0.0009822253821542837
audio_text_ln_lrh0.001_e5_s43,363,1,1.79028,4.576,0.0,0.0009818698897973693
audio_text_ln_lrh0.001_e5_s43,364,1,1.34515,2.3189,0.0,0.000981514397440455
audio_text_ln_lrh0.001_e5_s43,365,1,1.26532,2.1793,0.0,0.0009811589050835409
audio_text_ln_lrh0.001_e5_s43,366,1,1.16774,3.3684,0.0,0.0009808034127266265
audio_text_ln_lrh0.001_e5_s43,367,1,1.25526,2.0628,0.0,0.000980447920369712
audio_text_ln_lrh0.001_e5_s43,368,1,0.81643,2.5198,0.0,0.0009800924280127978
audio_text_ln_lrh0.001_e5_s43,369,1,1.71229,4.0093,0.0,0.0009797369356558834
audio_text_ln_lrh0.001_e5_s43,370,1,1.644,3.7128,0.0,0.000979381443298969
audio_text_ln_lrh0.001_e5_s43,371,1,1.86339,4.0995,0.0,0.0009790259509420548
audio_text_ln_lrh0.001_e5_s43,372,1,1.83708,3.0136,0.0,0.0009786704585851404
audio_text_ln_lrh0.001_e5_s43,373,1,1.19843,3.4263,0.0,0.0009783149662282262
audio_text_ln_lrh0.001_e5_s43,374,1,1.73843,2.9705,0.0,0.0009779594738713118
audio_text_ln_lrh0.001_e5_s43,375,1,1.50191,2.6753,0.0,0.0009776039815143974
audio_text_ln_lrh0.001_e5_s43,376,1,1.79157,3.4433,0.0,0.0009772484891574832
audio_text_ln_lrh0.001_e5_s43,377,1,1.51373,2.6658,0.0,0.0009768929968005688
audio_text_ln_lrh0.001_e5_s43,378,1,1.36213,2.0826,0.0,0.0009765375044436545
audio_text_ln_lrh0.001_e5_s43,379,1,1.36755,2.7008,0.0,0.0009761820120867402
audio_text_ln_lrh0.001_e5_s43,380,1,1.3341,2.3207,0.0,0.0009758265197298259
audio_text_ln_lrh0.001_e5_s43,381,1,1.45633,2.2345,0.0,0.0009754710273729114
audio_text_ln_lrh0.001_e5_s43,382,1,1.65639,2.3937,0.0,0.0009751155350159971
audio_text_ln_lrh0.001_e5_s43,383,1,1.13231,2.7863,0.0,0.0009747600426590828
audio_text_ln_lrh0.001_e5_s43,384,1,1.36232,2.4846,0.0,0.0009744045503021685
audio_text_ln_lrh0.001_e5_s43,385,1,1.39552,2.3514,0.0,0.0009740490579452542
audio_text_ln_lrh0.001_e5_s43,386,1,1.51797,2.4894,0.0,0.0009736935655883399
audio_text_ln_lrh0.001_e5_s43,387,1,1.311,2.2532,0.0,0.0009733380732314255
audio_text_ln_lrh0.001_e5_s43,388,1,1.68539,3.2035,0.0,0.0009729825808745112
audio_text_ln_lrh0.001_e5_s43,389,1,1.54382,2.429,0.0,0.0009726270885175969
audio_text_ln_lrh0.001_e5_s43,390,1,1.53721,2.2839,0.0,0.0009722715961606826
audio_text_ln_lrh0.001_e5_s43,391,1,1.41045,2.2044,0.0,0.0009719161038037683
audio_text_ln_lrh0.001_e5_s43,392,1,1.44865,2.6922,0.0,0.000971560611446854
audio_text_ln_lrh0.001_e5_s43,393,1,1.65311,3.4099,0.0,0.0009712051190899396
audio_text_ln_lrh0.001_e5_s43,394,1,1.22935,3.1261,0.0,0.0009708496267330253
audio_text_ln_lrh0.001_e5_s43,395,1,1.59525,2.5699,0.0,0.0009704941343761108
audio_text_ln_lrh0.001_e5_s43,396,1,1.372,2.3939,0.0,0.0009701386420191967
audio_text_ln_lrh0.001_e5_s43,397,1,1.60263,2.7804,0.0,0.0009697831496622823
audio_text_ln_lrh0.001_e5_s43,398,1,1.28057,3.0997,0.0,0.0009694276573053679
audio_text_ln_lrh0.001_e5_s43,399,1,1.15917,2.7842,0.0,0.0009690721649484536
audio_text_ln_lrh0.001_e5_s43,400,1,1.13364,2.3746,0.0,0.0009687166725915393
audio_text_ln_lrh0.001_e5_s43,401,1,1.5121,2.7483,0.0,0.0009683611802346249
audio_text_ln_lrh0.001_e5_s43,402,1,1.35625,2.6597,0.0,0.0009680056878777106
audio_text_ln_lrh0.001_e5_s43,403,1,1.82077,3.9131,0.0,0.0009676501955207964
audio_text_ln_lrh0.001_e5_s43,404,1,1.2195,2.5472,0.0,0.000967294703163882
audio_text_ln_lrh0.001_e5_s43,405,1,1.57577,2.9703,0.0,0.0009669392108069677
audio_text_ln_lrh0.001_e5_s43,406,1,1.80637,3.6054,0.0,0.0009665837184500534
audio_text_ln_lrh0.001_e5_s43,407,1,1.83626,3.0787,0.0,0.000966228226093139
audio_text_ln_lrh0.001_e5_s43,408,1,1.49847,2.8372,0.0,0.0009658727337362247
audio_text_ln_lrh0.001_e5_s43,409,1,1.48141,3.5334,0.0,0.0009655172413793104
audio_text_ln_lrh0.001_e5_s43,410,1,1.57052,1.9406,0.0,0.000965161749022396
audio_text_ln_lrh0.001_e5_s43,411,1,1.54484,2.0628,0.0,0.0009648062566654817
audio_text_ln_lrh0.001_e5_s43,412,1,1.24247,3.2085,0.0,0.0009644507643085673
audio_text_ln_lrh0.001_e5_s43,413,1,1.4485,3.0139,0.0,0.000964095271951653
audio_text_ln_lrh0.001_e5_s43,414,1,1.32983,2.8658,0.0,0.0009637397795947387
audio_text_ln_lrh0.001_e5_s43,415,1,1.21159,1.8815,0.0,0.0009633842872378244
audio_text_ln_lrh0.001_e5_s43,416,1,1.7369,4.1011,0.0,0.0009630287948809101
audio_text_ln_lrh0.001_e5_s43,417,1,1.3456,2.5208,0.0,0.0009626733025239958
audio_text_ln_lrh0.001_e5_s43,418,1,1.47723,2.3789,0.0,0.0009623178101670814
audio_text_ln_lrh0.001_e5_s43,419,1,1.71158,3.6727,0.0,0.0009619623178101671
audio_text_ln_lrh0.001_e5_s43,420,1,1.32939,2.1997,0.0,0.0009616068254532528
audio_text_ln_lrh0.001_e5_s43,421,1,1.36311,2.0421,0.0,0.0009612513330963385
audio_text_ln_lrh0.001_e5_s43,422,1,1.62862,1.9678,0.0,0.0009608958407394242
audio_text_ln_lrh0.001_e5_s43,423,1,1.59119,3.0919,0.0,0.0009605403483825098
audio_text_ln_lrh0.001_e5_s43,424,1,1.42938,4.1999,0.0,0.0009601848560255955
audio_text_ln_lrh0.001_e5_s43,425,1,1.38415,2.8585,0.0,0.0009598293636686811
audio_text_ln_lrh0.001_e5_s43,426,1,1.48214,3.4248,0.0,0.0009594738713117667
audio_text_ln_lrh0.001_e5_s43,427,1,1.54585,3.2642,0.0,0.0009591183789548525
audio_text_ln_lrh0.001_e5_s43,428,1,1.38353,2.0442,0.0,0.0009587628865979382
audio_text_ln_lrh0.001_e5_s43,429,1,1.80636,2.9267,0.0,0.0009584073942410238
audio_text_ln_lrh0.001_e5_s43,430,1,1.40391,4.3829,0.0,0.0009580519018841095
audio_text_ln_lrh0.001_e5_s43,431,1,1.58486,2.9791,0.0,0.0009576964095271952
audio_text_ln_lrh0.001_e5_s43,432,1,1.41486,2.6319,0.0,0.0009573409171702808
audio_text_ln_lrh0.001_e5_s43,433,1,1.56406,3.6268,0.0,0.0009569854248133665
audio_text_ln_lrh0.001_e5_s43,434,1,1.77636,2.9071,0.0,0.0009566299324564523
audio_text_ln_lrh0.001_e5_s43,435,1,1.65042,2.4117,0.0,0.0009562744400995379
audio_text_ln_lrh0.001_e5_s43,436,1,1.70053,2.7151,0.0,0.0009559189477426236
audio_text_ln_lrh0.001_e5_s43,437,1,1.25392,2.8462,0.0,0.0009555634553857092
audio_text_ln_lrh0.001_e5_s43,438,1,1.19507,2.5125,0.0,0.0009552079630287949
audio_text_ln_lrh0.001_e5_s43,439,1,1.94844,2.649,0.0,0.0009548524706718806
audio_text_ln_lrh0.001_e5_s43,440,1,1.53196,2.4337,0.0,0.0009544969783149662
audio_text_ln_lrh0.001_e5_s43,441,1,1.32655,2.505,0.0,0.0009541414859580519
audio_text_ln_lrh0.001_e5_s43,442,1,1.39325,2.3338,0.0,0.0009537859936011376
audio_text_ln_lrh0.001_e5_s43,443,1,1.69369,4.3425,0.0,0.0009534305012442232
audio_text_ln_lrh0.001_e5_s43,444,1,1.77023,3.0404,0.0,0.0009530750088873089
audio_text_ln_lrh0.001_e5_s43,445,1,1.23663,2.4179,0.0,0.0009527195165303946
audio_text_ln_lrh0.001_e5_s43,446,1,1.3024,2.4785,0.0,0.0009523640241734803
audio_text_ln_lrh0.001_e5_s43,447,1,1.00866,2.2321,0.0,0.000952008531816566
audio_text_ln_lrh0.001_e5_s43,448,1,1.46731,3.7967,0.0,0.0009516530394596517
audio_text_ln_lrh0.001_e5_s43,449,1,1.39935,2.5247,0.0,0.0009512975471027373
audio_text_ln_lrh0.001_e5_s43,450,1,1.34661,2.9642,0.0,0.000950942054745823
audio_text_ln_lrh0.001_e5_s43,451,1,1.66521,3.3366,0.0,0.0009505865623889086
audio_text_ln_lrh0.001_e5_s43,452,1,1.95064,5.5211,0.0,0.0009502310700319944
audio_text_ln_lrh0.001_e5_s43,453,1,1.30739,1.9018,0.0,0.0009498755776750801
audio_text_ln_lrh0.001_e5_s43,454,1,1.16924,2.5032,0.0,0.0009495200853181656
audio_text_ln_lrh0.001_e5_s43,455,1,1.13027,3.0944,0.0,0.0009491645929612513
audio_text_ln_lrh0.001_e5_s43,456,1,1.33221,2.7002,0.0,0.000948809100604337
audio_text_ln_lrh0.001_e5_s43,457,1,1.65308,3.3355,0.0,0.0009484536082474226
audio_text_ln_lrh0.001_e5_s43,458,1,1.71987,3.6211,0.0,0.0009480981158905084
audio_text_ln_lrh0.001_e5_s43,459,1,1.57119,2.2071,0.0,0.0009477426235335941
audio_text_ln_lrh0.001_e5_s43,460,1,1.71718,2.5793,0.0,0.0009473871311766797
audio_text_ln_lrh0.001_e5_s43,461,1,1.55865,2.4972,0.0,0.0009470316388197654
audio_text_ln_lrh0.001_e5_s43,462,1,1.4335,1.8778,0.0,0.0009466761464628511
audio_text_ln_lrh0.001_e5_s43,463,1,1.23991,2.9103,0.0,0.0009463206541059367
audio_text_ln_lrh0.001_e5_s43,464,1,1.68127,2.2261,0.0,0.0009459651617490224
audio_text_ln_lrh0.001_e5_s43,465,1,1.40267,1.8942,0.0,0.0009456096693921082
audio_text_ln_lrh0.001_e5_s43,466,1,1.5662,2.6635,0.0,0.0009452541770351938
audio_text_ln_lrh0.001_e5_s43,467,1,1.34062,2.4837,0.0,0.0009448986846782795
audio_text_ln_lrh0.001_e5_s43,468,1,1.26927,2.7235,0.0,0.000944543192321365
audio_text_ln_lrh0.001_e5_s43,469,1,1.5345,1.8395,0.0,0.0009441876999644507
audio_text_ln_lrh0.001_e5_s43,470,1,1.62999,2.6367,0.0,0.0009438322076075364
audio_text_ln_lrh0.001_e5_s43,471,1,1.42831,2.2735,0.0,0.0009434767152506221
audio_text_ln_lrh0.001_e5_s43,472,1,1.53429,2.3,0.0,0.0009431212228937078
audio_text_ln_lrh0.001_e5_s43,473,1,1.70757,2.2242,0.0,0.0009427657305367935
audio_text_ln_lrh0.001_e5_s43,474,1,1.88015,3.7888,0.0,0.0009424102381798791
audio_text_ln_lrh0.001_e5_s43,475,1,1.48983,2.148,0.0,0.0009420547458229648
audio_text_ln_lrh0.001_e5_s43,476,1,1.38375,1.757,0.0,0.0009416992534660505
audio_text_ln_lrh0.001_e5_s43,477,1,1.48697,3.6585,0.0,0.0009413437611091362
audio_text_ln_lrh0.001_e5_s43,478,1,1.63865,2.1827,0.0,0.0009409882687522219
audio_text_ln_lrh0.001_e5_s43,479,1,1.37842,2.0339,0.0,0.0009406327763953076
audio_text_ln_lrh0.001_e5_s43,480,1,1.39552,1.8799,0.0,0.0009402772840383932
audio_text_ln_lrh0.001_e5_s43,481,1,1.62411,2.3451,0.0,0.0009399217916814789
audio_text_ln_lrh0.001_e5_s43,482,1,1.23837,2.6741,0.0,0.0009395662993245645
audio_text_ln_lrh0.001_e5_s43,483,1,1.52039,2.5219,0.0,0.0009392108069676503
audio_text_ln_lrh0.001_e5_s43,484,1,1.547,3.0877,0.0,0.000938855314610736
audio_text_ln_lrh0.001_e5_s43,485,1,1.12416,2.3879,0.0,0.0009384998222538215
audio_text_ln_lrh0.001_e5_s43,486,1,1.36748,2.0705,0.0,0.0009381443298969072
audio_text_ln_lrh0.001_e5_s43,487,1,1.6151,2.3882,0.0,0.0009377888375399929
audio_text_ln_lrh0.001_e5_s43,488,1,1.42677,2.5775,0.0,0.0009374333451830785
audio_text_ln_lrh0.001_e5_s43,489,1,1.51016,3.4908,0.0,0.0009370778528261643
audio_text_ln_lrh0.001_e5_s43,490,1,1.45452,2.3772,0.0,0.00093672236046925
audio_text_ln_lrh0.001_e5_s43,491,1,1.28704,2.1783,0.0,0.0009363668681123356
audio_text_ln_lrh0.001_e5_s43,492,1,1.01057,2.8557,0.0,0.0009360113757554213
audio_text_ln_lrh0.001_e5_s43,493,1,1.44773,2.4084,0.0,0.000935655883398507
audio_text_ln_lrh0.001_e5_s43,494,1,1.2196,2.9902,0.0,0.0009353003910415926
audio_text_ln_lrh0.001_e5_s43,495,1,1.2437,2.2207,0.0,0.0009349448986846783
audio_text_ln_lrh0.001_e5_s43,496,1,1.98075,4.3529,0.0,0.000934589406327764
audio_text_ln_lrh0.001_e5_s43,497,1,1.67496,2.7637,0.0,0.0009342339139708497
audio_text_ln_lrh0.001_e5_s43,498,1,1.40299,2.0337,0.0,0.0009338784216139354
audio_text_ln_lrh0.001_e5_s43,499,1,1.25449,2.3544,0.0,0.0009335229292570209
audio_text_ln_lrh0.001_e5_s43,500,1,1.72221,3.253,0.0,0.0009331674369001066
audio_text_ln_lrh0.001_e5_s43,501,1,1.05688,2.1445,0.0,0.0009328119445431923
audio_text_ln_lrh0.001_e5_s43,502,1,1.3523,2.2238,0.0,0.000932456452186278
audio_text_ln_lrh0.001_e5_s43,503,1,1.25127,1.98,0.0,0.0009321009598293637
audio_text_ln_lrh0.001_e5_s43,504,1,1.50598,3.0124,0.0,0.0009317454674724494
audio_text_ln_lrh0.001_e5_s43,505,1,1.39922,2.6008,0.0,0.000931389975115535
audio_text_ln_lrh0.001_e5_s43,506,1,1.37328,1.8744,0.0,0.0009310344827586207
audio_text_ln_lrh0.001_e5_s43,507,1,1.50265,3.3203,0.0,0.0009306789904017064
audio_text_ln_lrh0.001_e5_s43,508,1,1.11253,2.032,0.0,0.0009303234980447921
audio_text_ln_lrh0.001_e5_s43,509,1,1.92512,3.5893,0.0,0.0009299680056878778
audio_text_ln_lrh0.001_e5_s43,510,1,1.49148,2.4549,0.0,0.0009296125133309634
audio_text_ln_lrh0.001_e5_s43,511,1,1.91486,2.9636,0.0,0.0009292570209740491
audio_text_ln_lrh0.001_e5_s43,512,1,1.56985,2.6701,0.0,0.0009289015286171348
audio_text_ln_lrh0.001_e5_s43,513,1,1.60248,2.843,0.0,0.0009285460362602203
audio_text_ln_lrh0.001_e5_s43,514,1,1.38611,2.1798,0.0,0.0009281905439033061
audio_text_ln_lrh0.001_e5_s43,515,1,1.30251,2.7688,0.0,0.0009278350515463918
audio_text_ln_lrh0.001_e5_s43,516,1,1.32181,2.5042,0.0,0.0009274795591894774
audio_text_ln_lrh0.001_e5_s43,517,1,1.38009,1.8191,0.0,0.0009271240668325631
audio_text_ln_lrh0.001_e5_s43,518,1,1.49762,2.7854,0.0,0.0009267685744756488
audio_text_ln_lrh0.001_e5_s43,519,1,1.01966,4.8881,0.0,0.0009264130821187344
audio_text_ln_lrh0.001_e5_s43,520,1,1.32117,2.2206,0.0,0.0009260575897618201
audio_text_ln_lrh0.001_e5_s43,521,1,1.4845,2.6992,0.0,0.0009257020974049059
audio_text_ln_lrh0.001_e5_s43,522,1,1.8974,3.1937,0.0,0.0009253466050479915
audio_text_ln_lrh0.001_e5_s43,523,1,1.18724,3.2179,0.0,0.0009249911126910772
audio_text_ln_lrh0.001_e5_s43,524,1,0.98544,2.2298,0.0,0.0009246356203341628
audio_text_ln_lrh0.001_e5_s43,525,1,1.40032,3.9465,0.0,0.0009242801279772485
audio_text_ln_lrh0.001_e5_s43,526,1,1.62268,2.6294,0.0,0.0009239246356203342
audio_text_ln_lrh0.001_e5_s43,527,1,1.90759,4.4824,0.0,0.0009235691432634199
audio_text_ln_lrh0.001_e5_s43,528,1,1.23211,2.2187,0.0,0.0009232136509065055
audio_text_ln_lrh0.001_e5_s43,529,1,1.49621,2.2368,0.0,0.0009228581585495912
audio_text_ln_lrh0.001_e5_s43,530,1,1.2259,2.513,0.0,0.0009225026661926768
audio_text_ln_lrh0.001_e5_s43,531,1,1.41715,2.3237,0.0,0.0009221471738357625
audio_text_ln_lrh0.001_e5_s43,532,1,1.72835,2.7275,0.0,0.0009217916814788482
audio_text_ln_lrh0.001_e5_s43,533,1,1.40591,2.3063,0.0,0.0009214361891219339
audio_text_ln_lrh0.001_e5_s43,534,1,1.37311,3.6704,0.0,0.0009210806967650196
audio_text_ln_lrh0.001_e5_s43,535,1,1.39645,2.4858,0.0,0.0009207252044081053
audio_text_ln_lrh0.001_e5_s43,536,1,1.32459,2.713,0.0,0.0009203697120511909
audio_text_ln_lrh0.001_e5_s43,537,1,1.36344,2.19,0.0,0.0009200142196942766
audio_text_ln_lrh0.001_e5_s43,538,1,1.80649,3.0495,0.0,0.0009196587273373622
audio_text_ln_lrh0.001_e5_s43,539,1,1.83255,3.1683,0.0,0.000919303234980448
audio_text_ln_lrh0.001_e5_s43,540,1,1.18827,2.3505,0.0,0.0009189477426235337
audio_text_ln_lrh0.001_e5_s43,541,1,1.26823,1.7822,0.0,0.0009185922502666193
audio_text_ln_lrh0.001_e5_s43,542,1,1.17314,2.3448,0.0,0.000918236757909705
audio_text_ln_lrh0.001_e5_s43,543,1,1.62428,2.5739,0.0,0.0009178812655527906
audio_text_ln_lrh0.001_e5_s43,544,1,1.35945,2.2553,0.0,0.0009175257731958762
audio_text_ln_lrh0.001_e5_s43,545,1,1.30145,2.832,0.0,0.000917170280838962
audio_text_ln_lrh0.001_e5_s43,546,1,1.40877,2.3396,0.0,0.0009168147884820477
audio_text_ln_lrh0.001_e5_s43,547,1,1.32819,2.2365,0.0,0.0009164592961251333
audio_text_ln_lrh0.001_e5_s43,548,1,1.37193,2.5346,0.0,0.000916103803768219
audio_text_ln_lrh0.001_e5_s43,549,1,1.54931,2.4552,0.0,0.0009157483114113047
audio_text_ln_lrh0.001_e5_s43,550,1,1.33014,2.6395,0.0,0.0009153928190543903
audio_text_ln_lrh0.001_e5_s43,551,1,1.40614,2.1025,0.0,0.000915037326697476
audio_text_ln_lrh0.001_e5_s43,552,1,1.32558,3.8857,0.0,0.0009146818343405618
audio_text_ln_lrh0.001_e5_s43,553,1,1.69014,3.3003,0.0,0.0009143263419836474
audio_text_ln_lrh0.001_e5_s43,554,1,1.2424,2.3438,0.0,0.0009139708496267331
audio_text_ln_lrh0.001_e5_s43,555,1,1.42935,1.6869,0.0,0.0009136153572698187
audio_text_ln_lrh0.001_e5_s43,556,1,1.16013,2.6439,0.0,0.0009132598649129044
audio_text_ln_lrh0.001_e5_s43,557,1,1.51889,3.1658,0.0,0.00091290437255599
audio_text_ln_lrh0.001_e5_s43,558,1,1.65759,2.6411,0.0,0.0009125488801990757
audio_text_ln_lrh0.001_e5_s43,559,1,1.49119,2.1064,0.0,0.0009121933878421614
audio_text_ln_lrh0.001_e5_s43,560,1,2.09383,4.1021,0.0,0.0009118378954852471
audio_text_ln_lrh0.001_e5_s43,561,1,1.72716,3.1619,0.0,0.0009114824031283327
audio_text_ln_lrh0.001_e5_s43,562,1,1.50884,2.4408,0.0,0.0009111269107714184
audio_text_ln_lrh0.001_e5_s43,563,1,1.58605,3.778,0.0,0.0009107714184145041
audio_text_ln_lrh0.001_e5_s43,564,1,1.68747,3.07,0.0,0.0009104159260575898
audio_text_ln_lrh0.001_e5_s43,565,1,1.5421,2.5297,0.0,0.0009100604337006755
audio_text_ln_lrh0.001_e5_s43,566,1,1.1419,3.2583,0.0,0.0009097049413437612
audio_text_ln_lrh0.001_e5_s43,567,1,1.27941,2.4819,0.0,0.0009093494489868468
audio_text_ln_lrh0.001_e5_s43,568,1,1.3445,2.9104,0.0,0.0009089939566299325
audio_text_ln_lrh0.001_e5_s43,569,1,1.3714,1.7873,0.0,0.0009086384642730181
audio_text_ln_lrh0.001_e5_s43,570,1,1.53277,2.8844,0.0,0.0009082829719161039
audio_text_ln_lrh0.001_e5_s43,571,1,1.50618,3.3154,0.0,0.0009079274795591896
audio_text_ln_lrh0.001_e5_s43,572,1,1.52377,2.8662,0.0,0.0009075719872022751
audio_text_ln_lrh0.001_e5_s43,573,1,1.38296,3.1231,0.0,0.0009072164948453608
audio_text_ln_lrh0.001_e5_s43,574,1,1.63176,1.9679,0.0,0.0009068610024884465
audio_text_ln_lrh0.001_e5_s43,575,1,1.438,2.1599,0.0,0.0009065055101315321
audio_text_ln_lrh0.001_e5_s43,576,1,1.48486,2.1934,0.0,0.0009061500177746179
audio_text_ln_lrh0.001_e5_s43,577,1,1.46919,2.585,0.0,0.0009057945254177036
audio_text_ln_lrh0.001_e5_s43,578,1,1.44537,2.6228,0.0,0.0009054390330607892
audio_text_ln_lrh0.001_e5_s43,579,1,1.43581,2.1107,0.0,0.0009050835407038749
audio_text_ln_lrh0.001_e5_s43,580,1,1.88392,2.8507,0.0,0.0009047280483469606
audio_text_ln_lrh0.001_e5_s43,581,1,1.19159,2.262,0.0,0.0009043725559900462
audio_text_ln_lrh0.001_e5_s43,582,1,1.2208,1.9519,0.0,0.0009040170636331319
audio_text_ln_lrh0.001_e5_s43,583,1,1.82056,2.6908,0.0,0.0009036615712762176
audio_text_ln_lrh0.001_e5_s43,584,1,1.40501,2.9193,0.0,0.0009033060789193033
audio_text_ln_lrh0.001_e5_s43,585,1,1.65307,1.9802,0.0,0.000902950586562389
audio_text_ln_lrh0.001_e5_s43,586,1,0.95306,3.5816,0.0,0.0009025950942054745
audio_text_ln_lrh0.001_e5_s43,587,1,1.67264,5.0785,0.0,0.0009022396018485602
audio_text_ln_lrh0.001_e5_s43,588,1,1.7623,2.063,0.0,0.0009018841094916459
audio_text_ln_lrh0.001_e5_s43,589,1,1.19737,2.6542,0.0,0.0009015286171347316
audio_text_ln_lrh0.001_e5_s43,590,1,1.2045,2.9469,0.0,0.0009011731247778173
audio_text_ln_lrh0.001_e5_s43,591,1,1.10799,2.8214,0.0,0.000900817632420903
audio_text_ln_lrh0.001_e5_s43,592,1,1.2078,2.0738,0.0,0.0009004621400639886
audio_text_ln_lrh0.001_e5_s43,593,1,1.3439,2.5516,0.0,0.0009001066477070743
audio_text_ln_lrh0.001_e5_s43,594,1,1.7272,2.7074,0.0,0.00089975115535016
audio_text_ln_lrh0.001_e5_s43,595,1,1.86246,2.9522,0.0,0.0008993956629932457
audio_text_ln_lrh0.001_e5_s43,596,1,1.56347,2.1278,0.0,0.0008990401706363314
audio_text_ln_lrh0.001_e5_s43,597,1,1.76391,3.3367,0.0,0.000898684678279417
audio_text_ln_lrh0.001_e5_s43,598,1,1.59851,2.3579,0.0,0.0008983291859225027
audio_text_ln_lrh0.001_e5_s43,599,1,1.52103,2.107,0.0,0.0008979736935655884
audio_text_ln_lrh0.001_e5_s43,600,1,1.4918,3.4409,0.0,0.000897618201208674
audio_text_ln_lrh0.001_e5_s43,601,1,1.46669,3.6167,0.0,0.0008972627088517597
audio_text_ln_lrh0.001_e5_s43,602,1,1.42245,2.1468,0.0,0.0008969072164948454
audio_text_ln_lrh0.001_e5_s43,603,1,1.74846,2.7487,0.0,0.000896551724137931
audio_text_ln_lrh0.001_e5_s43,604,1,1.40222,2.4204,0.0,0.0008961962317810167
audio_text_ln_lrh0.001_e5_s43,605,1,1.95407,2.2028,0.0,0.0008958407394241024
audio_text_ln_lrh0.001_e5_s43,606,1,1.29716,3.1028,0.0,0.000895485247067188
audio_text_ln_lrh0.001_e5_s43,607,1,1.29011,2.959,0.0,0.0008951297547102738
audio_text_ln_lrh0.001_e5_s43,608,1,1.65107,2.8479,0.0,0.0008947742623533595
audio_text_ln_lrh0.001_e5_s43,609,1,1.60435,2.0041,0.0,0.0008944187699964451
audio_text_ln_lrh0.001_e5_s43,610,1,1.4211,2.0783,0.0,0.0008940632776395308
audio_text_ln_lrh0.001_e5_s43,611,1,1.3416,2.9375,0.0,0.0008937077852826164
audio_text_ln_lrh0.001_e5_s43,612,1,1.66946,2.5769,0.0,0.0008933522929257021
audio_text_ln_lrh0.001_e5_s43,613,1,1.5892,2.9666,0.0,0.0008929968005687878
audio_text_ln_lrh0.001_e5_s43,614,1,1.0064,3.0544,0.0,0.0008926413082118735
audio_text_ln_lrh0.001_e5_s43,615,1,1.70391,2.3046,0.0,0.0008922858158549592
audio_text_ln_lrh0.001_e5_s43,616,1,1.18997,2.8024,0.0,0.0008919303234980448
audio_text_ln_lrh0.001_e5_s43,617,1,1.57512,4.2717,0.0,0.0008915748311411304
audio_text_ln_lrh0.001_e5_s43,618,1,1.19565,2.2313,0.0,0.0008912193387842161
audio_text_ln_lrh0.001_e5_s43,619,1,1.61139,2.5226,0.0,0.0008908638464273018
audio_text_ln_lrh0.001_e5_s43,620,1,1.36819,2.2712,0.0,0.0008905083540703875
audio_text_ln_lrh0.001_e5_s43,621,1,1.73241,2.9659,0.0,0.0008901528617134732
audio_text_ln_lrh0.001_e5_s43,622,1,1.90417,4.1635,0.0,0.0008897973693565589
audio_text_ln_lrh0.001_e5_s43,623,1,1.56427,3.3471,0.0,0.0008894418769996445
audio_text_ln_lrh0.001_e5_s43,624,1,1.44729,2.9826,0.0,0.0008890863846427302
audio_text_ln_lrh0.001_e5_s43,625,1,1.80375,5.3738,0.0,0.0008887308922858158
audio_text_ln_lrh0.001_e5_s43,626,2,1.24666,1.6863,0.0,0.0008883753999289016
audio_text_ln_lrh0.001_e5_s43,627,2,1.40057,2.3526,0.0,0.0008880199075719873
audio_text_ln_lrh0.001_e5_s43,628,2,1.87337,3.6852,0.0,0.0008876644152150729
audio_text_ln_lrh0.001_e5_s43,629,2,1.16012,3.2071,0.0,0.0008873089228581586
audio_text_ln_lrh0.001_e5_s43,630,2,1.05242,1.9875,0.0,0.0008869534305012442
audio_text_ln_lrh0.001_e5_s43,631,2,1.62041,3.0755,0.0,0.0008865979381443298
audio_text_ln_lrh0.001_e5_s43,632,2,1.34128,2.33,0.0,0.0008862424457874156
audio_text_ln_lrh0.001_e5_s43,633,2,1.56035,2.3899,0.0,0.0008858869534305013
audio_text_ln_lrh0.001_e5_s43,634,2,1.43567,3.2772,0.0,0.0008855314610735869
audio_text_ln_lrh0.001_e5_s43,635,2,1.39154,1.9737,0.0,0.0008851759687166726
audio_text_ln_lrh0.001_e5_s43,636,2,1.31504,2.5764,0.0,0.0008848204763597583
audio_text_ln_lrh0.001_e5_s43,637,2,1.54858,2.2831,0.0,0.0008844649840028439
audio_text_ln_lrh0.001_e5_s43,638,2,1.51886,2.5906,0.0,0.0008841094916459296
audio_text_ln_lrh0.001_e5_s43,639,2,1.39882,2.4539,0.0,0.0008837539992890154
audio_text_ln_lrh0.001_e5_s43,640,2,1.35237,3.0186,0.0,0.000883398506932101
audio_text_ln_lrh0.001_e5_s43,641,2,1.49596,2.5884,0.0,0.0008830430145751867
audio_text_ln_lrh0.001_e5_s43,642,2,1.41347,2.049,0.0,0.0008826875222182723
audio_text_ln_lrh0.001_e5_s43,643,2,1.72064,3.2797,0.0,0.000882332029861358
audio_text_ln_lrh0.001_e5_s43,644,2,1.15612,2.7082,0.0,0.0008819765375044437
audio_text_ln_lrh0.001_e5_s43,645,2,1.55028,2.4877,0.0,0.0008816210451475293
audio_text_ln_lrh0.001_e5_s43,646,2,1.42734,2.9702,0.0,0.000881265552790615
audio_text_ln_lrh0.001_e5_s43,647,2,1.22119,3.2407,0.0,0.0008809100604337007
audio_text_ln_lrh0.001_e5_s43,648,2,1.03283,3.41,0.0,0.0008805545680767863
audio_text_ln_lrh0.001_e5_s43,649,2,1.42,2.3093,0.0,0.000880199075719872
audio_text_ln_lrh0.001_e5_s43,650,2,1.70452,3.0106,0.0,0.0008798435833629577
audio_text_ln_lrh0.001_e5_s43,651,2,1.56692,4.4287,0.0,0.0008794880910060434
audio_text_ln_lrh0.001_e5_s43,652,2,1.48494,3.049,0.0,0.0008791325986491291
audio_text_ln_lrh0.001_e5_s43,653,2,1.17118,2.5422,0.0,0.0008787771062922148
audio_text_ln_lrh0.001_e5_s43,654,2,1.27535,2.1322,0.0,0.0008784216139353004
audio_text_ln_lrh0.001_e5_s43,655,2,1.69105,3.3702,0.0,0.0008780661215783861
audio_text_ln_lrh0.001_e5_s43,656,2,1.75103,5.3396,0.0,0.0008777106292214717
audio_text_ln_lrh0.001_e5_s43,657,2,1.09261,2.967,0.0,0.0008773551368645575
audio_text_ln_lrh0.001_e5_s43,658,2,1.78875,3.1425,0.0,0.0008769996445076432
audio_text_ln_lrh0.001_e5_s43,659,2,1.26207,2.6141,0.0,0.0008766441521507287
audio_text_ln_lrh0.001_e5_s43,660,2,1.29166,1.979,0.0,0.0008762886597938144
audio_text_ln_lrh0.001_e5_s43,661,2,1.04646,2.7529,0.0,0.0008759331674369001
audio_text_ln_lrh0.001_e5_s43,662,2,1.75507,2.8543,0.0,0.0008755776750799857
audio_text_ln_lrh0.001_e5_s43,663,2,1.08644,1.8278,0.0,0.0008752221827230715
audio_text_ln_lrh0.001_e5_s43,664,2,1.32141,1.9725,0.0,0.0008748666903661572
audio_text_ln_lrh0.001_e5_s43,665,2,1.41476,2.6739,0.0,0.0008745111980092428
audio_text_ln_lrh0.001_e5_s43,666,2,1.28465,2.3215,0.0,0.0008741557056523285
audio_text_ln_lrh0.001_e5_s43,667,2,1.90076,3.2562,0.0,0.0008738002132954142
audio_text_ln_lrh0.001_e5_s43,668,2,1.05899,1.8083,0.0,0.0008734447209384998
audio_text_ln_lrh0.001_e5_s43,669,2,1.37662,2.6735,0.0,0.0008730892285815855
audio_text_ln_lrh0.001_e5_s43,670,2,1.58564,3.7672,0.0,0.0008727337362246712
audio_text_ln_lrh0.001_e5_s43,671,2,1.44015,2.3592,0.0,0.0008723782438677569
audio_text_ln_lrh0.001_e5_s43,672,2,1.71917,2.6814,0.0,0.0008720227515108426
audio_text_ln_lrh0.001_e5_s43,673,2,1.44001,2.1562,0.0,0.0008716672591539281
audio_text_ln_lrh0.001_e5_s43,674,2,1.01906,3.1141,0.0,0.0008713117667970138
audio_text_ln_lrh0.001_e5_s43,675,2,1.46284,3.1903,0.0,0.0008709562744400995
audio_text_ln_lrh0.001_e5_s43,676,2,1.38968,1.8159,0.0,0.0008706007820831852
audio_text_ln_lrh0.001_e5_s43,677,2,1.54555,2.8614,0.0,0.0008702452897262709
audio_text_ln_lrh0.001_e5_s43,678,2,1.46984,2.1852,0.0,0.0008698897973693566
audio_text_ln_lrh0.001_e5_s43,679,2,2.12094,4.5319,0.0,0.0008695343050124422
audio_text_ln_lrh0.001_e5_s43,680,2,1.303,2.4321,0.0,0.0008691788126555279
audio_text_ln_lrh0.001_e5_s43,681,2,1.46756,2.141,0.0,0.0008688233202986136
audio_text_ln_lrh0.001_e5_s43,682,2,1.83862,3.424,0.0,0.0008684678279416993
audio_text_ln_lrh0.001_e5_s43,683,2,1.31485,3.1604,0.0,0.000868112335584785
audio_text_ln_lrh0.001_e5_s43,684,2,1.15192,3.1751,0.0,0.0008677568432278706
audio_text_ln_lrh0.001_e5_s43,685,2,1.70542,3.2512,0.0,0.0008674013508709563
audio_text_ln_lrh0.001_e5_s43,686,2,1.39899,2.1892,0.0,0.000867045858514042
audio_text_ln_lrh0.001_e5_s43,687,2,1.37008,1.9461,0.0,0.0008666903661571276
audio_text_ln_lrh0.001_e5_s43,688,2,1.54184,2.7713,0.0,0.0008663348738002134
audio_text_ln_lrh0.001_e5_s43,689,2,1.39474,2.2773,0.0,0.000865979381443299
audio_text_ln_lrh0.001_e5_s43,690,2,1.69154,3.6621,0.0,0.0008656238890863846
audio_text_ln_lrh0.001_e5_s43,691,2,1.55714,3.8818,0.0,0.0008652683967294703
audio_text_ln_lrh0.001_e5_s43,692,2,1.5682,3.4849,0.0,0.000864912904372556
audio_text_ln_lrh0.001_e5_s43,693,2,1.72729,3.3817,0.0,0.0008645574120156416
audio_text_ln_lrh0.001_e5_s43,694,2,1.93848,3.2675,0.0,0.0008642019196587274
audio_text_ln_lrh0.001_e5_s43,695,2,1.17448,3.2838,0.0,0.0008638464273018131
audio_text_ln_lrh0.001_e5_s43,696,2,1.38643,2.048,0.0,0.0008634909349448987
audio_text_ln_lrh0.001_e5_s43,697,2,1.49049,1.9439,0.0,0.0008631354425879844
audio_text_ln_lrh0.001_e5_s43,698,2,1.44853,2.7644,0.0,0.0008627799502310701
audio_text_ln_lrh0.001_e5_s43,699,2,1.27962,2.3039,0.0,0.0008624244578741557
audio_text_ln_lrh0.001_e5_s43,700,2,1.66204,2.7142,0.0,0.0008620689655172414
audio_text_ln_lrh0.001_e5_s43,701,2,1.38008,2.1871,0.0,0.0008617134731603271
audio_text_ln_lrh0.001_e5_s43,702,2,1.27067,2.4889,0.0,0.0008613579808034128
audio_text_ln_lrh0.001_e5_s43,703,2,0.89462,3.0585,0.0,0.0008610024884464985
audio_text_ln_lrh0.001_e5_s43,704,2,1.34067,2.0682,0.0,0.000860646996089584
audio_text_ln_lrh0.001_e5_s43,705,2,1.43028,3.1788,0.0,0.0008602915037326697
audio_text_ln_lrh0.001_e5_s43,706,2,1.70887,2.6716,0.0,0.0008599360113757554
audio_text_ln_lrh0.001_e5_s43,707,2,1.73327,2.8951,0.0,0.0008595805190188411
audio_text_ln_lrh0.001_e5_s43,708,2,1.63013,3.1502,0.0,0.0008592250266619268
audio_text_ln_lrh0.001_e5_s43,709,2,1.80996,2.7441,0.0,0.0008588695343050125
audio_text_ln_lrh0.001_e5_s43,710,2,1.28989,2.2203,0.0,0.0008585140419480981
audio_text_ln_lrh0.001_e5_s43,711,2,1.35581,2.3096,0.0,0.0008581585495911838
audio_text_ln_lrh0.001_e5_s43,712,2,1.10663,2.8038,0.0,0.0008578030572342695
audio_text_ln_lrh0.001_e5_s43,713,2,1.42552,3.0809,0.0,0.0008574475648773552
audio_text_ln_lrh0.001_e5_s43,714,2,1.31556,1.9476,0.0,0.0008570920725204409
audio_text_ln_lrh0.001_e5_s43,715,2,1.50748,2.6944,0.0,0.0008567365801635265
audio_text_ln_lrh0.001_e5_s43,716,2,1.24807,2.368,0.0,0.0008563810878066122
audio_text_ln_lrh0.001_e5_s43,717,2,1.25966,2.3374,0.0,0.0008560255954496979
audio_text_ln_lrh0.001_e5_s43,718,2,1.23686,1.8846,0.0,0.0008556701030927834
audio_text_ln_lrh0.001_e5_s43,719,2,1.08844,2.3943,0.0,0.0008553146107358692
audio_text_ln_lrh0.001_e5_s43,720,2,1.46988,2.4047,0.0,0.0008549591183789549
audio_text_ln_lrh0.001_e5_s43,721,2,1.25052,2.0447,0.0,0.0008546036260220405
audio_text_ln_lrh0.001_e5_s43,722,2,1.28187,2.7867,0.0,0.0008542481336651262
audio_text_ln_lrh0.001_e5_s43,723,2,1.72062,3.2527,0.0,0.0008538926413082119
audio_text_ln_lrh0.001_e5_s43,724,2,1.48164,2.2681,0.0,0.0008535371489512975
audio_text_ln_lrh0.001_e5_s43,725,2,1.3055,2.8599,0.0,0.0008531816565943833
audio_text_ln_lrh0.001_e5_s43,726,2,1.51171,2.6768,0.0,0.000852826164237469
audio_text_ln_lrh0.001_e5_s43,727,2,1.43107,3.0527,0.0,0.0008524706718805546
audio_text_ln_lrh0.001_e5_s43,728,2,1.33372,2.8399,0.0,0.0008521151795236403
audio_text_ln_lrh0.001_e5_s43,729,2,1.75735,4.2325,0.0,0.0008517596871667259
audio_text_ln_lrh0.001_e5_s43,730,2,1.20223,2.2944,0.0,0.0008514041948098116
audio_text_ln_lrh0.001_e5_s43,731,2,2.12834,3.9631,0.0,0.0008510487024528973
audio_text_ln_lrh0.001_e5_s43,732,2,1.43088,2.3208,0.0,0.000850693210095983
audio_text_ln_lrh0.001_e5_s43,733,2,1.46623,3.4547,0.0,0.0008503377177390686
audio_text_ln_lrh0.001_e5_s43,734,2,1.49518,2.7561,0.0,0.0008499822253821543
audio_text_ln_lrh0.001_e5_s43,735,2,1.26148,2.3982,0.0,0.0008496267330252399
audio_text_ln_lrh0.001_e5_s43,736,2,1.11303,2.0704,0.0,0.0008492712406683256
audio_text_ln_lrh0.001_e5_s43,737,2,1.72535,2.9165,0.0,0.0008489157483114113
audio_text_ln_lrh0.001_e5_s43,738,2,1.54088,2.6427,0.0,0.000848560255954497
audio_text_ln_lrh0.001_e5_s43,739,2,1.34515,3.4374,0.0,0.0008482047635975827
audio_text_ln_lrh0.001_e5_s43,740,2,1.96308,3.1011,0.0,0.0008478492712406684
audio_text_ln_lrh0.001_e5_s43,741,2,1.5125,2.4941,0.0,0.000847493778883754
audio_text_ln_lrh0.001_e5_s43,742,2,1.58945,4.7735,0.0,0.0008471382865268397
audio_text_ln_lrh0.001_e5_s43,743,2,1.26533,4.0577,0.0,0.0008467827941699253
audio_text_ln_lrh0.001_e5_s43,744,2,1.32606,2.506,0.0,0.0008464273018130111
audio_text_ln_lrh0.001_e5_s43,745,2,1.8535,3.8238,0.0,0.0008460718094560968
audio_text_ln_lrh0.001_e5_s43,746,2,1.69661,3.011,0.0,0.0008457163170991824
audio_text_ln_lrh0.001_e5_s43,747,2,1.65615,3.2886,0.0,0.000845360824742268
audio_text_ln_lrh0.001_e5_s43,748,2,1.2988,2.8189,0.0,0.0008450053323853537
audio_text_ln_lrh0.001_e5_s43,749,2,1.53192,2.9188,0.0,0.0008446498400284393
audio_text_ln_lrh0.001_e5_s43,750,2,1.67529,2.4103,0.0,0.0008442943476715251
audio_text_ln_lrh0.001_e5_s43,751,2,1.1594,2.4201,0.0,0.0008439388553146108
audio_text_ln_lrh0.001_e5_s43,752,2,1.40415,3.1714,0.0,0.0008435833629576964
audio_text_ln_lrh0.001_e5_s43,753,2,1.89167,3.0449,0.0,0.0008432278706007821
audio_text_ln_lrh0.001_e5_s43,754,2,1.63304,3.1501,0.0,0.0008428723782438678
audio_text_ln_lrh0.001_e5_s43,755,2,1.5303,2.13,0.0,0.0008425168858869534
audio_text_ln_lrh0.001_e5_s43,756,2,1.41904,2.8306,0.0,0.0008421613935300392
audio_text_ln_lrh0.001_e5_s43,757,2,1.49816,2.2774,0.0,0.0008418059011731248
audio_text_ln_lrh0.001_e5_s43,758,2,1.50945,2.1892,0.0,0.0008414504088162105
audio_text_ln_lrh0.001_e5_s43,759,2,1.41196,2.8873,0.0,0.0008410949164592962
audio_text_ln_lrh0.001_e5_s43,760,2,1.15636,2.9875,0.0,0.0008407394241023818
audio_text_ln_lrh0.001_e5_s43,761,2,1.3816,2.0024,0.0,0.0008403839317454674
audio_text_ln_lrh0.001_e5_s43,762,2,1.71958,2.3183,0.0,0.0008400284393885531
audio_text_ln_lrh0.001_e5_s43,763,2,1.40304,2.8824,0.0,0.0008396729470316388
audio_text_ln_lrh0.001_e5_s43,764,2,1.52802,2.8918,0.0,0.0008393174546747245
audio_text_ln_lrh0.001_e5_s43,765,2,1.48256,3.0757,0.0,0.0008389619623178102
audio_text_ln_lrh0.001_e5_s43,766,2,1.10432,3.2234,0.0,0.0008386064699608958
audio_text_ln_lrh0.001_e5_s43,767,2,1.46566,2.4713,0.0,0.0008382509776039815
audio_text_ln_lrh0.001_e5_s43,768,2,1.60305,1.9833,0.0,0.0008378954852470672
audio_text_ln_lrh0.001_e5_s43,769,2,1.19194,2.7763,0.0,0.0008375399928901529
audio_text_ln_lrh0.001_e5_s43,770,2,1.25686,2.5737,0.0,0.0008371845005332386
audio_text_ln_lrh0.001_e5_s43,771,2,0.8646,2.9129,0.0,0.0008368290081763243
audio_text_ln_lrh0.001_e5_s43,772,2,1.82001,3.8825,0.0,0.0008364735158194099
audio_text_ln_lrh0.001_e5_s43,773,2,0.92734,2.0586,0.0,0.0008361180234624956
audio_text_ln_lrh0.001_e5_s43,774,2,1.65263,4.1741,0.0,0.0008357625311055812
audio_text_ln_lrh0.001_e5_s43,775,2,1.12977,1.9414,0.0,0.000835407038748667
audio_text_ln_lrh0.001_e5_s43,776,2,2.14825,4.1339,0.0,0.0008350515463917527
audio_text_ln_lrh0.001_e5_s43,777,2,1.11512,2.3188,0.0,0.0008346960540348382
audio_text_ln_lrh0.001_e5_s43,778,2,1.20761,2.0079,0.0,0.0008343405616779239
audio_text_ln_lrh0.001_e5_s43,779,2,1.39436,3.157,0.0,0.0008339850693210096
audio_text_ln_lrh0.001_e5_s43,780,2,1.26624,1.9985,0.0,0.0008336295769640952
audio_text_ln_lrh0.001_e5_s43,781,2,1.09782,2.0443,0.0,0.000833274084607181
audio_text_ln_lrh0.001_e5_s43,782,2,1.16465,2.1184,0.0,0.0008329185922502667
audio_text_ln_lrh0.001_e5_s43,783,2,1.2797,2.2327,0.0,0.0008325630998933523
audio_text_ln_lrh0.001_e5_s43,784,2,1.3186,2.1543,0.0,0.000832207607536438
audio_text_ln_lrh0.001_e5_s43,785,2,1.99179,3.6625,0.0,0.0008318521151795237
audio_text_ln_lrh0.001_e5_s43,786,2,1.59184,2.7729,0.0,0.0008314966228226093
audio_text_ln_lrh0.001_e5_s43,787,2,1.09323,2.5431,0.0,0.000831141130465695
audio_text_ln_lrh0.001_e5_s43,788,2,1.06284,1.6831,0.0,0.0008307856381087807
audio_text_ln_lrh0.001_e5_s43,789,2,1.87257,4.9308,0.0,0.0008304301457518664
audio_text_ln_lrh0.001_e5_s43,790,2,1.54305,2.0992,0.0,0.0008300746533949521
audio_text_ln_lrh0.001_e5_s43,791,2,1.20724,2.4097,0.0,0.0008297191610380376
audio_text_ln_lrh0.001_e5_s43,792,2,1.69905,3.6706,0.0,0.0008293636686811233
audio_text_ln_lrh0.001_e5_s43,793,2,1.31591,1.8524,0.0,0.000829008176324209
audio_text_ln_lrh0.001_e5_s43,794,2,1.99698,2.9534,0.0,0.0008286526839672947
audio_text_ln_lrh0.001_e5_s43,795,2,1.07398,2.5679,0.0,0.0008282971916103804
audio_text_ln_lrh0.001_e5_s43,796,2,1.19956,2.2377,0.0,0.0008279416992534661
audio_text_ln_lrh0.001_e5_s43,797,2,1.77423,3.7569,0.0,0.0008275862068965517
audio_text_ln_lrh0.001_e5_s43,798,2,1.01343,1.9948,0.0,0.0008272307145396374
audio_text_ln_lrh0.001_e5_s43,799,2,1.30027,2.4136,0.0,0.0008268752221827231
audio_text_ln_lrh0.001_e5_s43,800,2,1.66703,2.852,0.0,0.0008265197298258088
audio_text_ln_lrh0.001_e5_s43,801,2,1.17646,2.1319,0.0,0.0008261642374688945
audio_text_ln_lrh0.001_e5_s43,802,2,1.46949,2.0364,0.0,0.0008258087451119801
audio_text_ln_lrh0.001_e5_s43,803,2,1.91332,3.3739,0.0,0.0008254532527550658
audio_text_ln_lrh0.001_e5_s43,804,2,1.28208,1.754,0.0,0.0008250977603981515
audio_text_ln_lrh0.001_e5_s43,805,2,1.75047,3.4462,0.0,0.000824742268041237
audio_text_ln_lrh0.001_e5_s43,806,2,1.70389,2.6878,0.0,0.0008243867756843228
audio_text_ln_lrh0.001_e5_s43,807,2,1.55181,2.2362,0.0,0.0008240312833274085
audio_text_ln_lrh0.001_e5_s43,808,2,1.74289,2.6293,0.0,0.0008236757909704941
audio_text_ln_lrh0.001_e5_s43,809,2,0.98223,3.3443,0.0,0.0008233202986135798
audio_text_ln_lrh0.001_e5_s43,810,2,1.61273,1.8775,0.0,0.0008229648062566655
audio_text_ln_lrh0.001_e5_s43,811,2,1.00733,4.0422,0.0,0.0008226093138997511
audio_text_ln_lrh0.001_e5_s43,812,2,1.54083,1.7364,0.0,0.0008222538215428369
audio_text_ln_lrh0.001_e5_s43,813,2,1.33804,3.0005,0.0,0.0008218983291859226
audio_text_ln_lrh0.001_e5_s43,814,2,1.5133,2.2165,0.0,0.0008215428368290082
audio_text_ln_lrh0.001_e5_s43,815,2,1.51318,2.9567,0.0,0.0008211873444720939
audio_text_ln_lrh0.001_e5_s43,816,2,1.15722,3.4481,0.0,0.0008208318521151795
audio_text_ln_lrh0.001_e5_s43,817,2,1.67896,3.5122,0.0,0.0008204763597582652
audio_text_ln_lrh0.001_e5_s43,818,2,1.8795,3.2158,0.0,0.0008201208674013509
audio_text_ln_lrh0.001_e5_s43,819,2,1.85298,3.2117,0.0,0.0008197653750444366
audio_text_ln_lrh0.001_e5_s43,820,2,1.80821,2.2917,0.0,0.0008194098826875223
audio_text_ln_lrh0.001_e5_s43,821,2,1.47616,1.9709,0.0,0.0008190543903306079
audio_text_ln_lrh0.001_e5_s43,822,2,1.55531,2.1933,0.0,0.0008186988979736935
audio_text_ln_lrh0.001_e5_s43,823,2,1.40453,3.4766,0.0,0.0008183434056167792
audio_text_ln_lrh0.001_e5_s43,824,2,1.16207,2.8577,0.0,0.0008179879132598649
audio_text_ln_lrh0.001_e5_s43,825,2,1.46992,2.3684,0.0,0.0008176324209029506
audio_text_ln_lrh0.001_e5_s43,826,2,1.39515,3.0788,0.0,0.0008172769285460363
audio_text_ln_lrh0.001_e5_s43,827,2,1.59877,2.7334,0.0,0.000816921436189122
audio_text_ln_lrh0.001_e5_s43,828,2,1.5593,2.3417,0.0,0.0008165659438322076
audio_text_ln_lrh0.001_e5_s43,829,2,1.86728,2.6911,0.0,0.0008162104514752933
audio_text_ln_lrh0.001_e5_s43,830,2,1.38798,1.6891,0.0,0.0008158549591183789
audio_text_ln_lrh0.001_e5_s43,831,2,1.27141,2.0048,0.0,0.0008154994667614647
audio_text_ln_lrh0.001_e5_s43,832,2,1.44365,2.0216,0.0,0.0008151439744045504
audio_text_ln_lrh0.001_e5_s43,833,2,1.13865,2.2327,0.0,0.000814788482047636
audio_text_ln_lrh0.001_e5_s43,834,2,1.36699,2.4086,0.0,0.0008144329896907217
audio_text_ln_lrh0.001_e5_s43,835,2,1.06203,2.0391,0.0,0.0008140774973338073
audio_text_ln_lrh0.001_e5_s43,836,2,1.16505,1.6973,0.0,0.0008137220049768929
audio_text_ln_lrh0.001_e5_s43,837,2,1.29274,1.5286,0.0,0.0008133665126199787
audio_text_ln_lrh0.001_e5_s43,838,2,1.50928,2.1791,0.0,0.0008130110202630644
audio_text_ln_lrh0.001_e5_s43,839,2,1.97588,3.5206,0.0,0.00081265552790615
audio_text_ln_lrh0.001_e5_s43,840,2,1.34938,2.494,0.0,0.0008123000355492357
audio_text_ln_lrh0.001_e5_s43,841,2,1.44242,1.9483,0.0,0.0008119445431923214
audio_text_ln_lrh0.001_e5_s43,842,2,1.37165,2.1077,0.0,0.000811589050835407
audio_text_ln_lrh0.001_e5_s43,843,2,1.29456,1.863,0.0,0.0008112335584784928
audio_text_ln_lrh0.001_e5_s43,844,2,1.5656,2.5666,0.0,0.0008108780661215785
audio_text_ln_lrh0.001_e5_s43,845,2,1.20002,2.2423,0.0,0.0008105225737646641
audio_text_ln_lrh0.001_e5_s43,846,2,1.13604,2.6006,0.0,0.0008101670814077498
audio_text_ln_lrh0.001_e5_s43,847,2,1.8591,3.683,0.0,0.0008098115890508354
audio_text_ln_lrh0.001_e5_s43,848,2,1.4143,2.2321,0.0,0.0008094560966939211
audio_text_ln_lrh0.001_e5_s43,849,2,1.00773,2.3736,0.0,0.0008091006043370067
audio_text_ln_lrh0.001_e5_s43,850,2,1.48882,2.0278,0.0,0.0008087451119800924
audio_text_ln_lrh0.001_e5_s43,851,2,1.49819,2.2705,0.0,0.0008083896196231781
audio_text_ln_lrh0.001_e5_s43,852,2,1.25478,1.8442,0.0,0.0008080341272662638
audio_text_ln_lrh0.001_e5_s43,853,2,1.40608,2.2502,0.0,0.0008076786349093494
audio_text_ln_lrh0.001_e5_s43,854,2,1.43893,2.0927,0.0,0.0008073231425524351
audio_text_ln_lrh0.001_e5_s43,855,2,1.48208,2.4578,0.0,0.0008069676501955208
audio_text_ln_lrh0.001_e5_s43,856,2,1.17801,1.7523,0.0,0.0008066121578386065
audio_text_ln_lrh0.001_e5_s43,857,2,1.53887,2.6856,0.0,0.0008062566654816922
audio_text_ln_lrh0.001_e5_s43,858,2,1.86994,3.371,0.0,0.0008059011731247779
audio_text_ln_lrh0.001_e5_s43,859,2,1.47641,2.5907,0.0,0.0008055456807678635
audio_text_ln_lrh0.001_e5_s43,860,2,1.30871,2.3478,0.0,0.0008051901884109492
audio_text_ln_lrh0.001_e5_s43,861,2,1.43263,2.883,0.0,0.0008048346960540348
audio_text_ln_lrh0.001_e5_s43,862,2,1.58711,2.0444,0.0,0.0008044792036971206
audio_text_ln_lrh0.001_e5_s43,863,2,1.45731,2.2915,0.0,0.0008041237113402063
audio_text_ln_lrh0.001_e5_s43,864,2,1.27765,2.2177,0.0,0.0008037682189832918
audio_text_ln_lrh0.001_e5_s43,865,2,1.54219,2.3215,0.0,0.0008034127266263775
audio_text_ln_lrh0.001_e5_s43,866,2,1.64149,3.3217,0.0,0.0008030572342694632
audio_text_ln_lrh0.001_e5_s43,867,2,1.37371,2.352,0.0,0.0008027017419125488
audio_text_ln_lrh0.001_e5_s43,868,2,1.64488,1.7334,0.0,0.0008023462495556346
audio_text_ln_lrh0.001_e5_s43,869,2,1.48777,2.7957,0.0,0.0008019907571987203
audio_text_ln_lrh0.001_e5_s43,870,2,1.49527,1.9044,0.0,0.0008016352648418059
audio_text_ln_lrh0.001_e5_s43,871,2,1.32603,2.2594,0.0,0.0008012797724848916
audio_text_ln_lrh0.001_e5_s43,872,2,1.48603,2.0479,0.0,0.0008009242801279773
audio_text_ln_lrh0.001_e5_s43,873,2,1.46653,2.0955,0.0,0.0008005687877710629
audio_text_ln_lrh0.001_e5_s43,874,2,0.91786,3.0179,0.0,0.0008002132954141487
audio_text_ln_lrh0.001_e5_s43,875,2,1.70066,2.2916,0.0,0.0007998578030572343
audio_text_ln_lrh0.001_e5_s43,876,2,0.66727,3.9606,0.0,0.00079950231070032
audio_text_ln_lrh0.001_e5_s43,877,2,1.2523,2.1358,0.0,0.0007991468183434057
audio_text_ln_lrh0.001_e5_s43,878,2,1.67152,3.1595,0.0,0.0007987913259864912
audio_text_ln_lrh0.001_e5_s43,879,2,0.97277,1.9503,0.0,0.0007984358336295769
audio_text_ln_lrh0.001_e5_s43,880,2,1.44086,2.4526,0.0,0.0007980803412726626
audio_text_ln_lrh0.001_e5_s43,881,2,1.71566,2.9945,0.0,0.0007977248489157483
audio_text_ln_lrh0.001_e5_s43,882,2,1.11088,2.5362,0.0,0.000797369356558834
audio_text_ln_lrh0.001_e5_s43,883,2,1.82875,3.9982,0.0,0.0007970138642019197
audio_text_ln_lrh0.001_e5_s43,884,2,1.83403,4.0538,0.0,0.0007966583718450053
audio_text_ln_lrh0.001_e5_s43,885,2,0.96011,2.1246,0.0,0.000796302879488091
audio_text_ln_lrh0.001_e5_s43,886,2,1.8647,3.6214,0.0,0.0007959473871311767
audio_text_ln_lrh0.001_e5_s43,887,2,1.51403,2.306,0.0,0.0007955918947742624
audio_text_ln_lrh0.001_e5_s43,888,2,1.33339,2.3395,0.0,0.0007952364024173481
audio_text_ln_lrh0.001_e5_s43,889,2,1.69739,3.7494,0.0,0.0007948809100604337
audio_text_ln_lrh0.001_e5_s43,890,2,1.40689,2.1483,0.0,0.0007945254177035194
audio_text_ln_lrh0.001_e5_s43,891,2,1.39394,2.1051,0.0,0.0007941699253466051
audio_text_ln_lrh0.001_e5_s43,892,2,1.50628,2.0668,0.0,0.0007938144329896907
audio_text_ln_lrh0.001_e5_s43,893,2,1.44646,2.35,0.0,0.0007934589406327765
audio_text_ln_lrh0.001_e5_s43,894,2,1.49204,2.1554,0.0,0.0007931034482758621
audio_text_ln_lrh0.001_e5_s43,895,2,1.52505,2.667,0.0,0.0007927479559189477
audio_text_ln_lrh0.001_e5_s43,896,2,1.14204,2.8959,0.0,0.0007923924635620334
audio_text_ln_lrh0.001_e5_s43,897,2,1.3929,2.2776,0.0,0.0007920369712051191
audio_text_ln_lrh0.001_e5_s43,898,2,1.3515,3.3234,0.0,0.0007916814788482047
audio_text_ln_lrh0.001_e5_s43,899,2,1.47485,2.1897,0.0,0.0007913259864912905
audio_text_ln_lrh0.001_e5_s43,900,2,1.24615,2.3655,0.0,0.0007909704941343762
audio_text_ln_lrh0.001_e5_s43,901,2,1.61445,2.5131,0.0,0.0007906150017774618
audio_text_ln_lrh0.001_e5_s43,902,2,1.6524,2.3345,0.0,0.0007902595094205475
audio_text_ln_lrh0.001_e5_s43,903,2,1.73887,2.5506,0.0,0.0007899040170636331
audio_text_ln_lrh0.001_e5_s43,904,2,1.24124,1.9217,0.0,0.0007895485247067188
audio_text_ln_lrh0.001_e5_s43,905,2,1.35631,3.189,0.0,0.0007891930323498045
audio_text_ln_lrh0.001_e5_s43,906,2,1.21327,2.6397,0.0,0.0007888375399928902
audio_text_ln_lrh0.001_e5_s43,907,2,1.24172,2.794,0.0,0.0007884820476359759
audio_text_ln_lrh0.001_e5_s43,908,2,1.80311,2.2466,0.0,0.0007881265552790616
audio_text_ln_lrh0.001_e5_s43,909,2,1.55581,3.5551,0.0,0.0007877710629221471
audio_text_ln_lrh0.001_e5_s43,910,2,1.64869,2.5599,0.0,0.0007874155705652328
audio_text_ln_lrh0.001_e5_s43,911,2,1.45067,2.7742,0.0,0.0007870600782083185
audio_text_ln_lrh0.001_e5_s43,912,2,1.6387,2.8805,0.0,0.0007867045858514042
audio_text_ln_lrh0.001_e5_s43,913,2,1.85906,3.7057,0.0,0.0007863490934944899
audio_text_ln_lrh0.001_e5_s43,914,2,1.35105,1.7144,0.0,0.0007859936011375756
audio_text_ln_lrh0.001_e5_s43,915,2,1.59137,2.8223,0.0,0.0007856381087806612
audio_text_ln_lrh0.001_e5_s43,916,2,0.94842,2.8752,0.0,0.0007852826164237469
audio_text_ln_lrh0.001_e5_s43,917,2,1.39717,2.4607,0.0,0.0007849271240668325
audio_text_ln_lrh0.001_e5_s43,918,2,1.77268,3.3838,0.0,0.0007845716317099183
audio_text_ln_lrh0.001_e5_s43,919,2,1.6029,4.232,0.0,0.000784216139353004
audio_text_ln_lrh0.001_e5_s43,920,2,1.92421,3.4678,0.0,0.0007838606469960896
audio_text_ln_lrh0.001_e5_s43,921,2,1.12978,2.0188,0.0,0.0007835051546391753
audio_text_ln_lrh0.001_e5_s43,922,2,1.41561,2.3391,0.0,0.000783149662282261
audio_text_ln_lrh0.001_e5_s43,923,2,1.23715,2.5869,0.0,0.0007827941699253465
audio_text_ln_lrh0.001_e5_s43,924,2,1.49591,3.728,0.0,0.0007824386775684323
audio_text_ln_lrh0.001_e5_s43,925,2,1.3836,2.1456,0.0,0.000782083185211518
audio_text_ln_lrh0.001_e5_s43,926,2,1.42036,2.1978,0.0,0.0007817276928546036
audio_text_ln_lrh0.001_e5_s43,927,2,1.29603,1.842,0.0,0.0007813722004976893
audio_text_ln_lrh0.001_e5_s43,928,2,1.6276,2.2042,0.0,0.000781016708140775
audio_text_ln_lrh0.001_e5_s43,929,2,2.04361,3.9796,0.0,0.0007806612157838606
audio_text_ln_lrh0.001_e5_s43,930,2,1.61362,2.1771,0.0,0.0007803057234269464
audio_text_ln_lrh0.001_e5_s43,931,2,1.86487,3.3764,0.0,0.0007799502310700321
audio_text_ln_lrh0.001_e5_s43,932,2,1.38359,2.0553,0.0,0.0007795947387131177
audio_text_ln_lrh0.001_e5_s43,933,2,1.53795,2.1615,0.0,0.0007792392463562034
audio_text_ln_lrh0.001_e5_s43,934,2,1.32548,2.0747,0.0,0.000778883753999289
audio_text_ln_lrh0.001_e5_s43,935,2,1.57712,2.3596,0.0,0.0007785282616423747
audio_text_ln_lrh0.001_e5_s43,936,2,1.21857,3.2854,0.0,0.0007781727692854604
audio_text_ln_lrh0.001_e5_s43,937,2,1.54576,2.0828,0.0,0.000777817276928546
audio_text_ln_lrh0.001_e5_s43,938,2,1.50503,3.015,0.0,0.0007774617845716317
audio_text_ln_lrh0.001_e5_s43,939,2,1.10676,2.9026,0.0,0.0007771062922147174
audio_text_ln_lrh0.001_e5_s43,940,2,1.26632,2.5978,0.0,0.000776750799857803
audio_text_ln_lrh0.001_e5_s43,941,2,1.52234,2.4667,0.0,0.0007763953075008887
audio_text_ln_lrh0.001_e5_s43,942,2,1.55604,2.3966,0.0,0.0007760398151439744
audio_text_ln_lrh0.001_e5_s43,943,2,1.41058,2.0591,0.0,0.0007756843227870601
audio_text_ln_lrh0.001_e5_s43,944,2,1.26464,2.0888,0.0,0.0007753288304301458
audio_text_ln_lrh0.001_e5_s43,945,2,0.94969,3.0927,0.0,0.0007749733380732315
audio_text_ln_lrh0.001_e5_s43,946,2,1.49354,2.6589,0.0,0.0007746178457163171
audio_text_ln_lrh0.001_e5_s43,947,2,1.06195,1.9617,0.0,0.0007742623533594028
audio_text_ln_lrh0.001_e5_s43,948,2,1.5482,2.3407,0.0,0.0007739068610024884
audio_text_ln_lrh0.001_e5_s43,949,2,1.08851,2.3496,0.0,0.0007735513686455742
audio_text_ln_lrh0.001_e5_s43,950,2,1.69687,4.0931,0.0,0.0007731958762886599
audio_text_ln_lrh0.001_e5_s43,951,2,1.2315,3.1877,0.0,0.0007728403839317455
audio_text_ln_lrh0.001_e5_s43,952,2,1.64789,2.8575,0.0,0.0007724848915748311
audio_text_ln_lrh0.001_e5_s43,953,2,1.18858,2.2083,0.0,0.0007721293992179168
audio_text_ln_lrh0.001_e5_s43,954,2,1.49522,4.7256,0.0,0.0007717739068610024
audio_text_ln_lrh0.001_e5_s43,955,2,1.46928,3.5127,0.0,0.0007714184145040882
audio_text_ln_lrh0.001_e5_s43,956,2,1.29767,3.0526,0.0,0.0007710629221471739
audio_text_ln_lrh0.001_e5_s43,957,2,1.41632,2.9069,0.0,0.0007707074297902595
audio_text_ln_lrh0.001_e5_s43,958,2,1.53783,2.6605,0.0,0.0007703519374333452
audio_text_ln_lrh0.001_e5_s43,959,2,1.27721,2.4555,0.0,0.0007699964450764309
audio_text_ln_lrh0.001_e5_s43,960,2,1.90363,3.2386,0.0,0.0007696409527195165
audio_text_ln_lrh0.001_e5_s43,961,2,1.14304,1.9798,0.0,0.0007692854603626023
audio_text_ln_lrh0.001_e5_s43,962,2,1.76499,3.3212,0.0,0.0007689299680056879
audio_text_ln_lrh0.001_e5_s43,963,2,1.62288,3.1053,0.0,0.0007685744756487736
audio_text_ln_lrh0.001_e5_s43,964,2,1.25978,2.1911,0.0,0.0007682189832918593
audio_text_ln_lrh0.001_e5_s43,965,2,1.66037,2.996,0.0,0.0007678634909349449
audio_text_ln_lrh0.001_e5_s43,966,2,1.32489,2.2692,0.0,0.0007675079985780305
audio_text_ln_lrh0.001_e5_s43,967,2,1.32321,2.589,0.0,0.0007671525062211162
audio_text_ln_lrh0.001_e5_s43,968,2,1.11333,3.5849,0.0,0.0007667970138642019
audio_text_ln_lrh0.001_e5_s43,969,2,1.30779,2.7227,0.0,0.0007664415215072876
audio_text_ln_lrh0.001_e5_s43,970,2,1.90439,3.1392,0.0,0.0007660860291503733
audio_text_ln_lrh0.001_e5_s43,971,2,1.46373,2.4332,0.0,0.0007657305367934589
audio_text_ln_lrh0.001_e5_s43,972,2,1.46962,2.9592,0.0,0.0007653750444365446
audio_text_ln_lrh0.001_e5_s43,973,2,1.38192,2.7755,0.0,0.0007650195520796303
audio_text_ln_lrh0.001_e5_s43,974,2,1.49814,2.0692,0.0,0.000764664059722716
audio_text_ln_lrh0.001_e5_s43,975,2,1.66437,2.7265,0.0,0.0007643085673658017
audio_text_ln_lrh0.001_e5_s43,976,2,1.3054,1.8732,0.0,0.0007639530750088873
audio_text_ln_lrh0.001_e5_s43,977,2,1.29202,2.4027,0.0,0.000763597582651973
audio_text_ln_lrh0.001_e5_s43,978,2,1.24189,1.9472,0.0,0.0007632420902950587
audio_text_ln_lrh0.001_e5_s43,979,2,1.15834,2.2047,0.0,0.0007628865979381443
audio_text_ln_lrh0.001_e5_s43,980,2,1.79876,2.383,0.0,0.0007625311055812301
audio_text_ln_lrh0.001_e5_s43,981,2,1.00924,2.3337,0.0,0.0007621756132243158
audio_text_ln_lrh0.001_e5_s43,982,2,1.45285,3.0572,0.0,0.0007618201208674013
audio_text_ln_lrh0.001_e5_s43,983,2,1.04896,2.1726,0.0,0.000761464628510487
audio_text_ln_lrh0.001_e5_s43,984,2,1.69601,3.0074,0.0,0.0007611091361535727
audio_text_ln_lrh0.001_e5_s43,985,2,1.56237,2.5627,0.0,0.0007607536437966583
audio_text_ln_lrh0.001_e5_s43,986,2,1.40062,2.1455,0.0,0.0007603981514397441
audio_text_ln_lrh0.001_e5_s43,987,2,1.52663,2.2514,0.0,0.0007600426590828298
audio_text_ln_lrh0.001_e5_s43,988,2,1.19387,1.8581,0.0,0.0007596871667259154
audio_text_ln_lrh0.001_e5_s43,989,2,1.37103,2.2605,0.0,0.0007593316743690011
audio_text_ln_lrh0.001_e5_s43,990,2,1.64962,2.9483,0.0,0.0007589761820120867
audio_text_ln_lrh0.001_e5_s43,991,2,1.48253,2.3616,0.0,0.0007586206896551724
audio_text_ln_lrh0.001_e5_s43,992,2,1.67483,2.9098,0.0,0.0007582651972982582
audio_text_ln_lrh0.001_e5_s43,993,2,1.35678,2.2378,0.0,0.0007579097049413438
audio_text_ln_lrh0.001_e5_s43,994,2,1.88287,4.0864,0.0,0.0007575542125844295
audio_text_ln_lrh0.001_e5_s43,995,2,1.43374,3.0001,0.0,0.0007571987202275152
audio_text_ln_lrh0.001_e5_s43,996,2,1.29888,1.9628,0.0,0.0007568432278706007
audio_text_ln_lrh0.001_e5_s43,997,2,1.66051,3.1622,0.0,0.0007564877355136864
audio_text_ln_lrh0.001_e5_s43,998,2,1.07582,2.3509,0.0,0.0007561322431567721
audio_text_ln_lrh0.001_e5_s43,999,2,1.08129,3.2089,0.0,0.0007557767507998578
audio_text_ln_lrh0.001_e5_s43,1000,2,1.6187,2.112,0.0,0.0007554212584429435
audio_text_ln_lrh0.001_e5_s43,1001,2,1.20808,2.6522,0.0,0.0007550657660860292
audio_text_ln_lrh0.001_e5_s43,1002,2,1.4785,2.5973,0.0,0.0007547102737291148
audio_text_ln_lrh0.001_e5_s43,1003,2,1.48418,2.5813,0.0,0.0007543547813722005
audio_text_ln_lrh0.001_e5_s43,1004,2,1.68761,3.3274,0.0,0.0007539992890152861
audio_text_ln_lrh0.001_e5_s43,1005,2,1.5041,3.0275,0.0,0.0007536437966583719
audio_text_ln_lrh0.001_e5_s43,1006,2,1.38541,2.8545,0.0,0.0007532883043014576
audio_text_ln_lrh0.001_e5_s43,1007,2,1.15241,2.2763,0.0,0.0007529328119445432
audio_text_ln_lrh0.001_e5_s43,1008,2,1.28867,1.8768,0.0,0.0007525773195876289
audio_text_ln_lrh0.001_e5_s43,1009,2,1.43753,2.1286,0.0,0.0007522218272307146
audio_text_ln_lrh0.001_e5_s43,1010,2,1.58843,2.6444,0.0,0.0007518663348738001
audio_text_ln_lrh0.001_e5_s43,1011,2,1.14216,2.0412,0.0,0.000751510842516886
audio_text_ln_lrh0.001_e5_s43,1012,2,1.72012,3.0506,0.0,0.0007511553501599716
audio_text_ln_lrh0.001_e5_s43,1013,2,1.51101,2.1081,0.0,0.0007507998578030572
audio_text_ln_lrh0.001_e5_s43,1014,2,1.17233,2.6351,0.0,0.0007504443654461429
audio_text_ln_lrh0.001_e5_s43,1015,2,1.62009,3.2409,0.0,0.0007500888730892286
audio_text_ln_lrh0.001_e5_s43,1016,2,1.16489,3.2852,0.0,0.0007497333807323142
audio_text_ln_lrh0.001_e5_s43,1017,2,1.82686,3.3808,0.0,0.0007493778883754
audio_text_ln_lrh0.001_e5_s43,1018,2,1.36191,3.1181,0.0,0.0007490223960184857
audio_text_ln_lrh0.001_e5_s43,1019,2,1.55896,2.943,0.0,0.0007486669036615713
audio_text_ln_lrh0.001_e5_s43,1020,2,1.54181,2.5624,0.0,0.000748311411304657
audio_text_ln_lrh0.001_e5_s43,1021,2,1.42112,2.0231,0.0,0.0007479559189477426
audio_text_ln_lrh0.001_e5_s43,1022,2,1.33707,3.2384,0.0,0.0007476004265908283
audio_text_ln_lrh0.001_e5_s43,1023,2,1.08163,2.5146,0.0,0.000747244934233914
audio_text_ln_lrh0.001_e5_s43,1024,2,1.15292,2.5393,0.0,0.0007468894418769997
audio_text_ln_lrh0.001_e5_s43,1025,2,1.7896,3.4399,0.0,0.0007465339495200854
audio_text_ln_lrh0.001_e5_s43,1026,2,1.58603,2.3794,0.0,0.000746178457163171
audio_text_ln_lrh0.001_e5_s43,1027,2,1.62787,2.8244,0.0,0.0007458229648062566
audio_text_ln_lrh0.001_e5_s43,1028,2,1.1266,2.697,0.0,0.0007454674724493423
audio_text_ln_lrh0.001_e5_s43,1029,2,1.38937,2.2246,0.0,0.000745111980092428
audio_text_ln_lrh0.001_e5_s43,1030,2,1.63888,2.4629,0.0,0.0007447564877355137
audio_text_ln_lrh0.001_e5_s43,1031,2,1.62442,2.6108,0.0,0.0007444009953785994
audio_text_ln_lrh0.001_e5_s43,1032,2,1.11962,2.4081,0.0,0.0007440455030216851
audio_text_ln_lrh0.001_e5_s43,1033,2,1.39335,2.1601,0.0,0.0007436900106647707
audio_text_ln_lrh0.001_e5_s43,1034,2,1.13468,3.8641,0.0,0.0007433345183078564
audio_text_ln_lrh0.001_e5_s43,1035,2,1.18068,2.5328,0.0,0.000742979025950942
audio_text_ln_lrh0.001_e5_s43,1036,2,1.4084,3.0532,0.0,0.0007426235335940278
audio_text_ln_lrh0.001_e5_s43,1037,2,1.44132,3.2963,0.0,0.0007422680412371135
audio_text_ln_lrh0.001_e5_s43,1038,2,1.16053,2.2759,0.0,0.0007419125488801991
audio_text_ln_lrh0.001_e5_s43,1039,2,1.7832,3.0957,0.0,0.0007415570565232848
audio_text_ln_lrh0.001_e5_s43,1040,2,1.32986,2.7979,0.0,0.0007412015641663704
audio_text_ln_lrh0.001_e5_s43,1041,2,1.04626,2.7252,0.0,0.000740846071809456
audio_text_ln_lrh0.001_e5_s43,1042,2,1.62677,2.6751,0.0,0.0007404905794525418
audio_text_ln_lrh0.001_e5_s43,1043,2,1.47712,2.8011,0.0,0.0007401350870956275
audio_text_ln_lrh0.001_e5_s43,1044,2,1.78963,2.9907,0.0,0.0007397795947387131
audio_text_ln_lrh0.001_e5_s43,1045,2,1.75168,3.704,0.0,0.0007394241023817988
audio_text_ln_lrh0.001_e5_s43,1046,2,1.10102,2.075,0.0,0.0007390686100248845
audio_text_ln_lrh0.001_e5_s43,1047,2,1.51135,2.7583,0.0,0.0007387131176679701
audio_text_ln_lrh0.001_e5_s43,1048,2,1.15617,2.1525,0.0,0.0007383576253110559
audio_text_ln_lrh0.001_e5_s43,1049,2,1.02798,2.5315,0.0,0.0007380021329541415
audio_text_ln_lrh0.001_e5_s43,1050,2,1.31071,2.4697,0.0,0.0007376466405972272
audio_text_ln_lrh0.001_e5_s43,1051,2,0.96257,2.5995,0.0,0.0007372911482403129
audio_text_ln_lrh0.001_e5_s43,1052,2,1.38947,1.9629,0.0,0.0007369356558833985
audio_text_ln_lrh0.001_e5_s43,1053,2,1.37492,2.286,0.0,0.0007365801635264842
audio_text_ln_lrh0.001_e5_s43,1054,2,1.26739,3.1113,0.0,0.0007362246711695698
audio_text_ln_lrh0.001_e5_s43,1055,2,1.4818,2.8856,0.0,0.0007358691788126555
audio_text_ln_lrh0.001_e5_s43,1056,2,1.12727,1.9407,0.0,0.0007355136864557412
audio_text_ln_lrh0.001_e5_s43,1057,2,1.618,2.8444,0.0,0.0007351581940988269
audio_text_ln_lrh0.001_e5_s43,1058,2,1.44831,2.8385,0.0,0.0007348027017419125
audio_text_ln_lrh0.001_e5_s43,1059,2,1.72319,3.5377,0.0,0.0007344472093849982
audio_text_ln_lrh0.001_e5_s43,1060,2,1.69294,4.0711,0.0,0.0007340917170280839
audio_text_ln_lrh0.001_e5_s43,1061,2,1.26115,2.3098,0.0,0.0007337362246711696
audio_text_ln_lrh0.001_e5_s43,1062,2,1.3356,2.0994,0.0,0.0007333807323142553
audio_text_ln_lrh0.001_e5_s43,1063,2,0.97706,4.5785,0.0,0.0007330252399573409
audio_text_ln_lrh0.001_e5_s43,1064,2,1.48737,2.5032,0.0,0.0007326697476004266
audio_text_ln_lrh0.001_e5_s43,1065,2,1.17668,2.2725,0.0,0.0007323142552435123
audio_text_ln_lrh0.001_e5_s43,1066,2,1.3288,2.9727,0.0,0.0007319587628865979
audio_text_ln_lrh0.001_e5_s43,1067,2,1.29639,2.8429,0.0,0.0007316032705296837
audio_text_ln_lrh0.001_e5_s43,1068,2,1.46883,3.1382,0.0,0.0007312477781727694
audio_text_ln_lrh0.001_e5_s43,1069,2,1.61959,3.1125,0.0,0.000730892285815855
audio_text_ln_lrh0.001_e5_s43,1070,2,1.30761,2.5447,0.0,0.0007305367934589406
audio_text_ln_lrh0.001_e5_s43,1071,2,1.77217,2.899,0.0,0.0007301813011020263
audio_text_ln_lrh0.001_e5_s43,1072,2,1.54271,3.2016,0.0,0.0007298258087451119
audio_text_ln_lrh0.001_e5_s43,1073,2,1.31574,2.4348,0.0,0.0007294703163881977
audio_text_ln_lrh0.001_e5_s43,1074,2,1.5146,2.7168,0.0,0.0007291148240312834
audio_text_ln_lrh0.001_e5_s43,1075,2,1.69289,2.5195,0.0,0.000728759331674369
audio_text_ln_lrh0.001_e5_s43,1076,2,1.43901,2.3023,0.0,0.0007284038393174547
audio_text_ln_lrh0.001_e5_s43,1077,2,1.4157,2.6508,0.0,0.0007280483469605403
audio_text_ln_lrh0.001_e5_s43,1078,2,1.17436,3.4507,0.0,0.000727692854603626
audio_text_ln_lrh0.001_e5_s43,1079,2,1.62026,2.2456,0.0,0.0007273373622467118
audio_text_ln_lrh0.001_e5_s43,1080,2,1.27752,2.3083,0.0,0.0007269818698897974
audio_text_ln_lrh0.001_e5_s43,1081,2,1.40366,2.5779,0.0,0.0007266263775328831
audio_text_ln_lrh0.001_e5_s43,1082,2,1.54197,3.2174,0.0,0.0007262708851759688
audio_text_ln_lrh0.001_e5_s43,1083,2,1.24642,2.653,0.0,0.0007259153928190543
audio_text_ln_lrh0.001_e5_s43,1084,2,1.26621,1.742,0.0,0.00072555990046214
audio_text_ln_lrh0.001_e5_s43,1085,2,1.60558,2.6101,0.0,0.0007252044081052257
audio_text_ln_lrh0.001_e5_s43,1086,2,1.46344,2.3059,0.0,0.0007248489157483114
audio_text_ln_lrh0.001_e5_s43,1087,2,1.30592,2.2692,0.0,0.0007244934233913971
audio_text_ln_lrh0.001_e5_s43,1088,2,1.29476,2.0384,0.0,0.0007241379310344828
audio_text_ln_lrh0.001_e5_s43,1089,2,1.0438,4.1206,0.0,0.0007237824386775684
audio_text_ln_lrh0.001_e5_s43,1090,2,1.57083,2.6782,0.0,0.0007234269463206541
audio_text_ln_lrh0.001_e5_s43,1091,2,1.37387,2.3435,0.0,0.0007230714539637398
audio_text_ln_lrh0.001_e5_s43,1092,2,1.37736,2.576,0.0,0.0007227159616068255
audio_text_ln_lrh0.001_e5_s43,1093,2,1.42212,2.0819,0.0,0.0007223604692499112
audio_text_ln_lrh0.001_e5_s43,1094,2,1.73347,3.9752,0.0,0.0007220049768929968
audio_text_ln_lrh0.001_e5_s43,1095,2,1.35514,2.8869,0.0,0.0007216494845360825
audio_text_ln_lrh0.001_e5_s43,1096,2,1.06687,2.9748,0.0,0.0007212939921791682
audio_text_ln_lrh0.001_e5_s43,1097,2,1.28555,2.0608,0.0,0.0007209384998222538
audio_text_ln_lrh0.001_e5_s43,1098,2,1.71772,3.1075,0.0,0.0007205830074653396
audio_text_ln_lrh0.001_e5_s43,1099,2,1.32806,2.3905,0.0,0.0007202275151084252
audio_text_ln_lrh0.001_e5_s43,1100,2,1.49745,2.0522,0.0,0.0007198720227515108
audio_text_ln_lrh0.001_e5_s43,1101,2,1.5665,3.1887,0.0,0.0007195165303945965
audio_text_ln_lrh0.001_e5_s43,1102,2,1.6949,3.4097,0.0,0.0007191610380376822
audio_text_ln_lrh0.001_e5_s43,1103,2,1.27523,2.4955,0.0,0.0007188055456807678
audio_text_ln_lrh0.001_e5_s43,1104,2,1.51357,2.2138,0.0,0.0007184500533238536
audio_text_ln_lrh0.001_e5_s43,1105,2,1.50819,2.2553,0.0,0.0007180945609669393
audio_text_ln_lrh0.001_e5_s43,1106,2,1.51946,2.5748,0.0,0.0007177390686100249
audio_text_ln_lrh0.001_e5_s43,1107,2,1.03601,3.8413,0.0,0.0007173835762531106
audio_text_ln_lrh0.001_e5_s43,1108,2,1.70343,2.423,0.0,0.0007170280838961962
audio_text_ln_lrh0.001_e5_s43,1109,2,1.63616,3.4288,0.0,0.0007166725915392819
audio_text_ln_lrh0.001_e5_s43,1110,2,1.82742,3.5116,0.0,0.0007163170991823677
audio_text_ln_lrh0.001_e5_s43,1111,2,1.20973,1.9224,0.0,0.0007159616068254533
audio_text_ln_lrh0.001_e5_s43,1112,2,1.65022,2.7822,0.0,0.000715606114468539
audio_text_ln_lrh0.001_e5_s43,1113,2,1.62302,2.9263,0.0,0.0007152506221116247
audio_text_ln_lrh0.001_e5_s43,1114,2,1.38404,2.0828,0.0,0.0007148951297547102
audio_text_ln_lrh0.001_e5_s43,1115,2,1.79491,2.9818,0.0,0.0007145396373977959
audio_text_ln_lrh0.001_e5_s43,1116,2,1.2967,1.8936,0.0,0.0007141841450408816
audio_text_ln_lrh0.001_e5_s43,1117,2,1.43759,2.5397,0.0,0.0007138286526839673
audio_text_ln_lrh0.001_e5_s43,1118,2,1.38405,2.212,0.0,0.000713473160327053
audio_text_ln_lrh0.001_e5_s43,1119,2,1.47953,2.3426,0.0,0.0007131176679701387
audio_text_ln_lrh0.001_e5_s43,1120,2,1.24845,2.29,0.0,0.0007127621756132243
audio_text_ln_lrh0.001_e5_s43,1121,2,1.23359,2.1666,0.0,0.00071240668325631
audio_text_ln_lrh0.001_e5_s43,1122,2,1.67296,2.5754,0.0,0.0007120511908993956
audio_text_ln_lrh0.001_e5_s43,1123,2,1.34041,1.8248,0.0,0.0007116956985424814
audio_text_ln_lrh0.001_e5_s43,1124,2,1.73882,2.8949,0.0,0.0007113402061855671
audio_text_ln_lrh0.001_e5_s43,1125,2,0.97558,2.4664,0.0,0.0007109847138286527
audio_text_ln_lrh0.001_e5_s43,1126,2,1.53344,2.4834,0.0,0.0007106292214717384
audio_text_ln_lrh0.001_e5_s43,1127,2,1.2411,2.9637,0.0,0.000710273729114824
audio_text_ln_lrh0.001_e5_s43,1128,2,1.90869,3.4189,0.0,0.0007099182367579096
audio_text_ln_lrh0.001_e5_s43,1129,2,1.44585,2.6744,0.0,0.0007095627444009954
audio_text_ln_lrh0.001_e5_s43,1130,2,1.3781,2.0995,0.0,0.0007092072520440811
audio_text_ln_lrh0.001_e5_s43,1131,2,0.85662,2.099,0.0,0.0007088517596871667
audio_text_ln_lrh0.001_e5_s43,1132,2,1.1064,2.4996,0.0,0.0007084962673302524
audio_text_ln_lrh0.001_e5_s43,1133,2,1.38837,2.7893,0.0,0.0007081407749733381
audio_text_ln_lrh0.001_e5_s43,1134,2,0.90533,1.7041,0.0,0.0007077852826164237
audio_text_ln_lrh0.001_e5_s43,1135,2,1.23136,1.9584,0.0,0.0007074297902595095
audio_text_ln_lrh0.001_e5_s43,1136,2,1.73229,3.0149,0.0,0.0007070742979025951
audio_text_ln_lrh0.001_e5_s43,1137,2,1.67593,2.11,0.0,0.0007067188055456808
audio_text_ln_lrh0.001_e5_s43,1138,2,1.84409,3.2455,0.0,0.0007063633131887665
audio_text_ln_lrh0.001_e5_s43,1139,2,1.18235,1.8607,0.0,0.0007060078208318521
audio_text_ln_lrh0.001_e5_s43,1140,2,1.36463,2.4569,0.0,0.0007056523284749378
audio_text_ln_lrh0.001_e5_s43,1141,2,1.28263,2.2461,0.0,0.0007052968361180236
audio_text_ln_lrh0.001_e5_s43,1142,2,1.40856,2.5496,0.0,0.0007049413437611091
audio_text_ln_lrh0.001_e5_s43,1143,2,1.42428,2.4916,0.0,0.0007045858514041948
audio_text_ln_lrh0.001_e5_s43,1144,2,1.61953,2.4033,0.0,0.0007042303590472805
audio_text_ln_lrh0.001_e5_s43,1145,2,1.37011,1.9036,0.0,0.0007038748666903661
audio_text_ln_lrh0.001_e5_s43,1146,2,1.20761,2.802,0.0,0.0007035193743334518
audio_text_ln_lrh0.001_e5_s43,1147,2,1.48346,2.5424,0.0,0.0007031638819765375
audio_text_ln_lrh0.001_e5_s43,1148,2,1.2088,2.0481,0.0,0.0007028083896196232
audio_text_ln_lrh0.001_e5_s43,1149,2,1.6029,3.5856,0.0,0.0007024528972627089
audio_text_ln_lrh0.001_e5_s43,1150,2,1.40711,2.443,0.0,0.0007020974049057946
audio_text_ln_lrh0.001_e5_s43,1151,2,1.36954,2.7445,0.0,0.0007017419125488802
audio_text_ln_lrh0.001_e5_s43,1152,2,0.99552,4.1726,0.0,0.0007013864201919659
audio_text_ln_lrh0.001_e5_s43,1153,2,1.21171,3.5576,0.0,0.0007010309278350515
audio_text_ln_lrh0.001_e5_s43,1154,2,1.09289,3.0724,0.0,0.0007006754354781373
audio_text_ln_lrh0.001_e5_s43,1155,2,1.03001,3.1904,0.0,0.000700319943121223
audio_text_ln_lrh0.001_e5_s43,1156,2,1.34828,2.0621,0.0,0.0006999644507643086
audio_text_ln_lrh0.001_e5_s43,1157,2,1.47897,4.4876,0.0,0.0006996089584073942
audio_text_ln_lrh0.001_e5_s43,1158,2,1.98938,4.9706,0.0,0.0006992534660504799
audio_text_ln_lrh0.001_e5_s43,1159,2,1.38322,2.337,0.0,0.0006988979736935655
audio_text_ln_lrh0.001_e5_s43,1160,2,1.82478,3.7671,0.0,0.0006985424813366513
audio_text_ln_lrh0.001_e5_s43,1161,2,1.69562,3.8992,0.0,0.000698186988979737
audio_text_ln_lrh0.001_e5_s43,1162,2,1.47194,3.1569,0.0,0.0006978314966228226
audio_text_ln_lrh0.001_e5_s43,1163,2,1.70195,3.3695,0.0,0.0006974760042659083
audio_text_ln_lrh0.001_e5_s43,1164,2,1.24633,2.3753,0.0,0.000697120511908994
audio_text_ln_lrh0.001_e5_s43,1165,2,1.26529,1.7732,0.0,0.0006967650195520796
audio_text_ln_lrh0.001_e5_s43,1166,2,1.39966,2.5775,0.0,0.0006964095271951654
audio_text_ln_lrh0.001_e5_s43,1167,2,1.469,3.0224,0.0,0.000696054034838251
audio_text_ln_lrh0.001_e5_s43,1168,2,1.39043,2.5566,0.0,0.0006956985424813367
audio_text_ln_lrh0.001_e5_s43,1169,2,1.40654,2.401,0.0,0.0006953430501244224
audio_text_ln_lrh0.001_e5_s43,1170,2,1.82221,4.1002,0.0,0.000694987557767508
audio_text_ln_lrh0.001_e5_s43,1171,2,1.93071,3.3372,0.0,0.0006946320654105936
audio_text_ln_lrh0.001_e5_s43,1172,2,1.18651,2.2604,0.0,0.0006942765730536793
audio_text_ln_lrh0.001_e5_s43,1173,2,1.04885,2.5132,0.0,0.000693921080696765
audio_text_ln_lrh0.001_e5_s43,1174,2,1.4993,2.1056,0.0,0.0006935655883398507
audio_text_ln_lrh0.001_e5_s43,1175,2,1.57554,2.3001,0.0,0.0006932100959829364
audio_text_ln_lrh0.001_e5_s43,1176,2,1.18713,2.2886,0.0,0.000692854603626022
audio_text_ln_lrh0.001_e5_s43,1177,2,1.0932,2.0568,0.0,0.0006924991112691077
audio_text_ln_lrh0.001_e5_s43,1178,2,1.53861,2.8038,0.0,0.0006921436189121934
audio_text_ln_lrh0.001_e5_s43,1179,2,1.19336,3.1445,0.0,0.0006917881265552791
audio_text_ln_lrh0.001_e5_s43,1180,2,1.41815,2.4335,0.0,0.0006914326341983648
audio_text_ln_lrh0.001_e5_s43,1181,2,1.42047,2.3904,0.0,0.0006910771418414504
audio_text_ln_lrh0.001_e5_s43,1182,2,1.47909,1.9423,0.0,0.0006907216494845361
audio_text_ln_lrh0.001_e5_s43,1183,2,1.60667,2.6848,0.0,0.0006903661571276218
audio_text_ln_lrh0.001_e5_s43,1184,2,1.69025,3.4093,0.0,0.0006900106647707074
audio_text_ln_lrh0.001_e5_s43,1185,2,1.37715,2.349,0.0,0.0006896551724137932
audio_text_ln_lrh0.001_e5_s43,1186,2,1.29581,2.8054,0.0,0.0006892996800568789
audio_text_ln_lrh0.001_e5_s43,1187,2,0.96893,3.187,0.0,0.0006889441876999644
audio_text_ln_lrh0.001_e5_s43,1188,2,1.41636,2.3565,0.0,0.0006885886953430501
audio_text_ln_lrh0.001_e5_s43,1189,2,1.53056,2.0085,0.0,0.0006882332029861358
audio_text_ln_lrh0.001_e5_s43,1190,2,1.36187,2.4825,0.0,0.0006878777106292214
audio_text_ln_lrh0.001_e5_s43,1191,2,1.639,3.0901,0.0,0.0006875222182723072
audio_text_ln_lrh0.001_e5_s43,1192,2,1.51322,2.7738,0.0,0.0006871667259153929
audio_text_ln_lrh0.001_e5_s43,1193,2,1.46235,3.3865,0.0,0.0006868112335584785
audio_text_ln_lrh0.001_e5_s43,1194,2,1.26414,2.0585,0.0,0.0006864557412015642
audio_text_ln_lrh0.001_e5_s43,1195,2,1.32452,1.9507,0.0,0.0006861002488446498
audio_text_ln_lrh0.001_e5_s43,1196,2,1.17913,2.3037,0.0,0.0006857447564877355
audio_text_ln_lrh0.001_e5_s43,1197,2,1.50546,1.9995,0.0,0.0006853892641308213
audio_text_ln_lrh0.001_e5_s43,1198,2,1.07599,1.8854,0.0,0.0006850337717739069
audio_text_ln_lrh0.001_e5_s43,1199,2,1.3569,2.3373,0.0,0.0006846782794169926
audio_text_ln_lrh0.001_e5_s43,1200,2,1.01187,2.2061,0.0,0.0006843227870600783
audio_text_ln_lrh0.001_e5_s43,1201,2,1.72264,3.1385,0.0,0.0006839672947031638
audio_text_ln_lrh0.001_e5_s43,1202,2,0.83972,2.6623,0.0,0.0006836118023462495
audio_text_ln_lrh0.001_e5_s43,1203,2,1.89422,5.0324,0.0,0.0006832563099893352
audio_text_ln_lrh0.001_e5_s43,1204,2,1.31604,1.6887,0.0,0.0006829008176324209
audio_text_ln_lrh0.001_e5_s43,1205,2,1.16348,2.3386,0.0,0.0006825453252755066
audio_text_ln_lrh0.001_e5_s43,1206,2,1.99096,4.4392,0.0,0.0006821898329185923
audio_text_ln_lrh0.001_e5_s43,1207,2,1.16284,2.2959,0.0,0.0006818343405616779
audio_text_ln_lrh0.001_e5_s43,1208,2,1.57313,2.3312,0.0,0.0006814788482047636
audio_text_ln_lrh0.001_e5_s43,1209,2,1.66502,2.9567,0.0,0.0006811233558478492
audio_text_ln_lrh0.001_e5_s43,1210,2,1.67599,2.5791,0.0,0.000680767863490935
audio_text_ln_lrh0.001_e5_s43,1211,2,1.32878,3.0009,0.0,0.0006804123711340207
audio_text_ln_lrh0.001_e5_s43,1212,2,1.3233,2.3032,0.0,0.0006800568787771063
audio_text_ln_lrh0.001_e5_s43,1213,2,0.97272,2.9369,0.0,0.000679701386420192
audio_text_ln_lrh0.001_e5_s43,1214,2,1.26157,2.2481,0.0,0.0006793458940632777
audio_text_ln_lrh0.001_e5_s43,1215,2,1.731,3.4001,0.0,0.0006789904017063632
audio_text_ln_lrh0.001_e5_s43,1216,2,1.5089,2.5138,0.0,0.000678634909349449
audio_text_ln_lrh0.001_e5_s43,1217,2,1.31482,3.0633,0.0,0.0006782794169925347
audio_text_ln_lrh0.001_e5_s43,1218,2,1.16168,3.1627,0.0,0.0006779239246356203
audio_text_ln_lrh0.001_e5_s43,1219,2,1.33331,2.7077,0.0,0.000677568432278706
audio_text_ln_lrh0.001_e5_s43,1220,2,1.12539,2.497,0.0,0.0006772129399217917
audio_text_ln_lrh0.001_e5_s43,1221,2,1.54421,1.8043,0.0,0.0006768574475648773
audio_text_ln_lrh0.001_e5_s43,1222,2,1.61717,3.3109,0.0,0.0006765019552079631
audio_text_ln_lrh0.001_e5_s43,1223,2,1.64363,3.8463,0.0,0.0006761464628510488
audio_text_ln_lrh0.001_e5_s43,1224,2,1.44761,2.4632,0.0,0.0006757909704941344
audio_text_ln_lrh0.001_e5_s43,1225,2,1.32165,2.8611,0.0,0.0006754354781372201
audio_text_ln_lrh0.001_e5_s43,1226,2,1.99075,4.2357,0.0,0.0006750799857803057
audio_text_ln_lrh0.001_e5_s43,1227,2,1.03343,2.9049,0.0,0.0006747244934233914
audio_text_ln_lrh0.001_e5_s43,1228,2,2.0606,5.2757,0.0,0.0006743690010664772
audio_text_ln_lrh0.001_e5_s43,1229,2,1.68564,3.4921,0.0,0.0006740135087095628
audio_text_ln_lrh0.001_e5_s43,1230,2,1.52231,2.1717,0.0,0.0006736580163526484
audio_text_ln_lrh0.001_e5_s43,1231,2,2.02277,4.6976,0.0,0.0006733025239957341
audio_text_ln_lrh0.001_e5_s43,1232,2,1.37492,1.868,0.0,0.0006729470316388197
audio_text_ln_lrh0.001_e5_s43,1233,2,1.29951,3.0965,0.0,0.0006725915392819054
audio_text_ln_lrh0.001_e5_s43,1234,2,1.17386,2.3289,0.0,0.0006722360469249911
audio_text_ln_lrh0.001_e5_s43,1235,2,1.22548,2.0977,0.0,0.0006718805545680768
audio_text_ln_lrh0.001_e5_s43,1236,2,1.28226,2.1062,0.0,0.0006715250622111625
audio_text_ln_lrh0.001_e5_s43,1237,2,1.64818,3.3415,0.0,0.0006711695698542482
audio_text_ln_lrh0.001_e5_s43,1238,2,1.46836,2.0829,0.0,0.0006708140774973338
audio_text_ln_lrh0.001_e5_s43,1239,2,1.43285,2.1724,0.0,0.0006704585851404195
audio_text_ln_lrh0.001_e5_s43,1240,2,1.39428,2.1427,0.0,0.0006701030927835051
audio_text_ln_lrh0.001_e5_s43,1241,2,1.33599,2.9659,0.0,0.0006697476004265909
audio_text_ln_lrh0.001_e5_s43,1242,2,1.18582,2.7587,0.0,0.0006693921080696766
audio_text_ln_lrh0.001_e5_s43,1243,2,1.42482,2.3672,0.0,0.0006690366157127622
audio_text_ln_lrh0.001_e5_s43,1244,2,1.53674,3.2123,0.0,0.0006686811233558479
audio_text_ln_lrh0.001_e5_s43,1245,2,1.11167,1.9083,0.0,0.0006683256309989335
audio_text_ln_lrh0.001_e5_s43,1246,2,1.79924,2.9167,0.0,0.0006679701386420191
audio_text_ln_lrh0.001_e5_s43,1247,2,1.28508,2.0619,0.0,0.0006676146462851049
audio_text_ln_lrh0.001_e5_s43,1248,2,2.05737,4.1097,0.0,0.0006672591539281906
audio_text_ln_lrh0.001_e5_s43,1249,2,1.96005,4.0341,0.0,0.0006669036615712762
audio_text_ln_lrh0.001_e5_s43,1250,2,1.00366,4.2233,0.0,0.0006665481692143619
audio_text_ln_lrh0.001_e5_s43,1251,3,1.16714,2.523,0.0,0.0006661926768574476
audio_text_ln_lrh0.001_e5_s43,1252,3,1.46101,2.4455,0.0,0.0006658371845005332
audio_text_ln_lrh0.001_e5_s43,1253,3,1.24605,2.097,0.0,0.000665481692143619
audio_text_ln_lrh0.001_e5_s43,1254,3,1.29139,2.5029,0.0,0.0006651261997867046
audio_text_ln_lrh0.001_e5_s43,1255,3,1.05635,2.4565,0.0,0.0006647707074297903
audio_text_ln_lrh0.001_e5_s43,1256,3,1.36045,2.6921,0.0,0.000664415215072876
audio_text_ln_lrh0.001_e5_s43,1257,3,1.23374,2.9654,0.0,0.0006640597227159616
audio_text_ln_lrh0.001_e5_s43,1258,3,1.46352,2.1446,0.0,0.0006637042303590473
audio_text_ln_lrh0.001_e5_s43,1259,3,1.35849,2.4704,0.0,0.0006633487380021331
audio_text_ln_lrh0.001_e5_s43,1260,3,1.37086,2.5627,0.0,0.0006629932456452186
audio_text_ln_lrh0.001_e5_s43,1261,3,1.6019,2.6986,0.0,0.0006626377532883043
audio_text_ln_lrh0.001_e5_s43,1262,3,1.61906,3.5279,0.0,0.00066228226093139
audio_text_ln_lrh0.001_e5_s43,1263,3,1.52625,3.2882,0.0,0.0006619267685744756
audio_text_ln_lrh0.001_e5_s43,1264,3,1.69935,2.4457,0.0,0.0006615712762175613
audio_text_ln_lrh0.001_e5_s43,1265,3,0.83828,2.1706,0.0,0.000661215783860647
audio_text_ln_lrh0.001_e5_s43,1266,3,1.10691,3.4452,0.0,0.0006608602915037327
audio_text_ln_lrh0.001_e5_s43,1267,3,1.31071,1.8265,0.0,0.0006605047991468184
audio_text_ln_lrh0.001_e5_s43,1268,3,1.24219,3.0451,0.0,0.000660149306789904
audio_text_ln_lrh0.001_e5_s43,1269,3,0.75479,3.4098,0.0,0.0006597938144329897
audio_text_ln_lrh0.001_e5_s43,1270,3,1.68611,2.3325,0.0,0.0006594383220760754
audio_text_ln_lrh0.001_e5_s43,1271,3,0.83145,2.9487,0.0,0.000659082829719161
audio_text_ln_lrh0.001_e5_s43,1272,3,1.80359,4.6851,0.0,0.0006587273373622468
audio_text_ln_lrh0.001_e5_s43,1273,3,1.23444,2.3961,0.0,0.0006583718450053325
audio_text_ln_lrh0.001_e5_s43,1274,3,1.13273,2.2362,0.0,0.000658016352648418
audio_text_ln_lrh0.001_e5_s43,1275,3,1.5276,2.8557,0.0,0.0006576608602915037
audio_text_ln_lrh0.001_e5_s43,1276,3,0.89829,2.4348,0.0,0.0006573053679345894
audio_text_ln_lrh0.001_e5_s43,1277,3,1.52655,3.416,0.0,0.000656949875577675
audio_text_ln_lrh0.001_e5_s43,1278,3,1.39061,3.7228,0.0,0.0006565943832207608
audio_text_ln_lrh0.001_e5_s43,1279,3,1.3167,2.2118,0.0,0.0006562388908638465
audio_text_ln_lrh0.001_e5_s43,1280,3,0.93202,2.3502,0.0,0.0006558833985069321
audio_text_ln_lrh0.001_e5_s43,1281,3,1.42999,3.1541,0.0,0.0006555279061500178
audio_text_ln_lrh0.001_e5_s43,1282,3,1.35013,3.5313,0.0,0.0006551724137931034
audio_text_ln_lrh0.001_e5_s43,1283,3,1.27225,2.6549,0.0,0.0006548169214361891
audio_text_ln_lrh0.001_e5_s43,1284,3,1.5669,2.9903,0.0,0.0006544614290792749
audio_text_ln_lrh0.001_e5_s43,1285,3,1.33869,2.3936,0.0,0.0006541059367223605
audio_text_ln_lrh0.001_e5_s43,1286,3,1.40197,3.1233,0.0,0.0006537504443654462
audio_text_ln_lrh0.001_e5_s43,1287,3,1.57162,2.7416,0.0,0.0006533949520085319
audio_text_ln_lrh0.001_e5_s43,1288,3,1.48242,2.6458,0.0,0.0006530394596516174
audio_text_ln_lrh0.001_e5_s43,1289,3,1.25037,2.3876,0.0,0.0006526839672947031
audio_text_ln_lrh0.001_e5_s43,1290,3,1.40637,2.5938,0.0,0.0006523284749377888
audio_text_ln_lrh0.001_e5_s43,1291,3,1.45256,2.6914,0.0,0.0006519729825808745
audio_text_ln_lrh0.001_e5_s43,1292,3,1.51419,2.0485,0.0,0.0006516174902239602
audio_text_ln_lrh0.001_e5_s43,1293,3,1.28648,3.478,0.0,0.0006512619978670459
audio_text_ln_lrh0.001_e5_s43,1294,3,1.43518,2.6321,0.0,0.0006509065055101315
audio_text_ln_lrh0.001_e5_s43,1295,3,1.19952,2.3815,0.0,0.0006505510131532172
audio_text_ln_lrh0.001_e5_s43,1296,3,1.23506,2.1955,0.0,0.0006501955207963028
audio_text_ln_lrh0.001_e5_s43,1297,3,1.57366,2.6583,0.0,0.0006498400284393886
audio_text_ln_lrh0.001_e5_s43,1298,3,1.62524,2.4181,0.0,0.0006494845360824743
audio_text_ln_lrh0.001_e5_s43,1299,3,1.74862,2.7566,0.0,0.0006491290437255599
audio_text_ln_lrh0.001_e5_s43,1300,3,1.39465,2.6589,0.0,0.0006487735513686456
audio_text_ln_lrh0.001_e5_s43,1301,3,1.05125,3.1135,0.0,0.0006484180590117313
audio_text_ln_lrh0.001_e5_s43,1302,3,0.97048,3.7481,0.0,0.0006480625666548168
audio_text_ln_lrh0.001_e5_s43,1303,3,1.49518,2.9465,0.0,0.0006477070742979027
audio_text_ln_lrh0.001_e5_s43,1304,3,1.51764,2.9416,0.0,0.0006473515819409883
audio_text_ln_lrh0.001_e5_s43,1305,3,1.2606,2.7211,0.0,0.0006469960895840739
audio_text_ln_lrh0.001_e5_s43,1306,3,1.33912,1.8713,0.0,0.0006466405972271596
audio_text_ln_lrh0.001_e5_s43,1307,3,1.04071,2.4933,0.0,0.0006462851048702453
audio_text_ln_lrh0.001_e5_s43,1308,3,1.53605,4.3054,0.0,0.0006459296125133309
audio_text_ln_lrh0.001_e5_s43,1309,3,1.42189,2.65,0.0,0.0006455741201564167
audio_text_ln_lrh0.001_e5_s43,1310,3,1.29595,2.4298,0.0,0.0006452186277995024
audio_text_ln_lrh0.001_e5_s43,1311,3,1.26286,2.2419,0.0,0.000644863135442588
audio_text_ln_lrh0.001_e5_s43,1312,3,1.95946,4.0987,0.0,0.0006445076430856737
audio_text_ln_lrh0.001_e5_s43,1313,3,1.60372,4.524,0.0,0.0006441521507287593
audio_text_ln_lrh0.001_e5_s43,1314,3,1.32569,3.1586,0.0,0.000643796658371845
audio_text_ln_lrh0.001_e5_s43,1315,3,1.19368,2.5426,0.0,0.0006434411660149308
audio_text_ln_lrh0.001_e5_s43,1316,3,1.51726,2.9739,0.0,0.0006430856736580164
audio_text_ln_lrh0.001_e5_s43,1317,3,1.25809,2.3069,0.0,0.0006427301813011021
audio_text_ln_lrh0.001_e5_s43,1318,3,1.4391,2.1558,0.0,0.0006423746889441877
audio_text_ln_lrh0.001_e5_s43,1319,3,0.8844,2.3677,0.0,0.0006420191965872733
audio_text_ln_lrh0.001_e5_s43,1320,3,1.52842,2.5208,0.0,0.000641663704230359
audio_text_ln_lrh0.001_e5_s43,1321,3,1.61092,3.5093,0.0,0.0006413082118734447
audio_text_ln_lrh0.001_e5_s43,1322,3,1.23841,2.0759,0.0,0.0006409527195165304
audio_text_ln_lrh0.001_e5_s43,1323,3,1.36087,2.9438,0.0,0.0006405972271596161
audio_text_ln_lrh0.001_e5_s43,1324,3,1.14539,2.7269,0.0,0.0006402417348027018
audio_text_ln_lrh0.001_e5_s43,1325,3,1.57407,2.4991,0.0,0.0006398862424457874
audio_text_ln_lrh0.001_e5_s43,1326,3,1.25363,2.1944,0.0,0.0006395307500888731
audio_text_ln_lrh0.001_e5_s43,1327,3,1.70546,2.527,0.0,0.0006391752577319587
audio_text_ln_lrh0.001_e5_s43,1328,3,1.30294,3.1509,0.0,0.0006388197653750445
audio_text_ln_lrh0.001_e5_s43,1329,3,1.48017,2.5252,0.0,0.0006384642730181302
audio_text_ln_lrh0.001_e5_s43,1330,3,1.19923,2.4524,0.0,0.0006381087806612158
audio_text_ln_lrh0.001_e5_s43,1331,3,1.50795,3.0102,0.0,0.0006377532883043015
audio_text_ln_lrh0.001_e5_s43,1332,3,1.39726,2.3572,0.0,0.0006373977959473872
audio_text_ln_lrh0.001_e5_s43,1333,3,1.13686,2.1228,0.0,0.0006370423035904727
audio_text_ln_lrh0.001_e5_s43,1334,3,1.19155,3.3629,0.0,0.0006366868112335585
audio_text_ln_lrh0.001_e5_s43,1335,3,1.37218,2.1324,0.0,0.0006363313188766442
audio_text_ln_lrh0.001_e5_s43,1336,3,1.87073,3.0873,0.0,0.0006359758265197298
audio_text_ln_lrh0.001_e5_s43,1337,3,1.39956,2.201,0.0,0.0006356203341628155
audio_text_ln_lrh0.001_e5_s43,1338,3,1.28106,3.0072,0.0,0.0006352648418059012
audio_text_ln_lrh0.001_e5_s43,1339,3,1.28149,2.0408,0.0,0.0006349093494489868
audio_text_ln_lrh0.001_e5_s43,1340,3,1.26065,2.3156,0.0,0.0006345538570920726
audio_text_ln_lrh0.001_e5_s43,1341,3,1.35318,2.4356,0.0,0.0006341983647351582
audio_text_ln_lrh0.001_e5_s43,1342,3,1.40059,2.9785,0.0,0.0006338428723782439
audio_text_ln_lrh0.001_e5_s43,1343,3,1.70216,4.0145,0.0,0.0006334873800213296
audio_text_ln_lrh0.001_e5_s43,1344,3,1.52114,2.7827,0.0,0.0006331318876644152
audio_text_ln_lrh0.001_e5_s43,1345,3,1.25555,1.8996,0.0,0.0006327763953075009
audio_text_ln_lrh0.001_e5_s43,1346,3,1.32779,2.2501,0.0,0.0006324209029505867
audio_text_ln_lrh0.001_e5_s43,1347,3,1.18475,1.9514,0.0,0.0006320654105936722
audio_text_ln_lrh0.001_e5_s43,1348,3,1.06173,2.2547,0.0,0.0006317099182367579
audio_text_ln_lrh0.001_e5_s43,1349,3,1.26248,2.5108,0.0,0.0006313544258798436
audio_text_ln_lrh0.001_e5_s43,1350,3,1.52737,2.6433,0.0,0.0006309989335229292
audio_text_ln_lrh0.001_e5_s43,1351,3,1.83741,3.7375,0.0,0.0006306434411660149
audio_text_ln_lrh0.001_e5_s43,1352,3,1.12163,2.3597,0.0,0.0006302879488091006
audio_text_ln_lrh0.001_e5_s43,1353,3,1.2062,2.3716,0.0,0.0006299324564521863
audio_text_ln_lrh0.001_e5_s43,1354,3,1.75439,3.4636,0.0,0.000629576964095272
audio_text_ln_lrh0.001_e5_s43,1355,3,1.14241,2.2483,0.0,0.0006292214717383576
audio_text_ln_lrh0.001_e5_s43,1356,3,1.11169,2.5521,0.0,0.0006288659793814433
audio_text_ln_lrh0.001_e5_s43,1357,3,1.23076,2.4374,0.0,0.000628510487024529
audio_text_ln_lrh0.001_e5_s43,1358,3,1.98502,3.111,0.0,0.0006281549946676146
audio_text_ln_lrh0.001_e5_s43,1359,3,1.54072,2.7832,0.0,0.0006277995023107004
audio_text_ln_lrh0.001_e5_s43,1360,3,1.11016,1.6913,0.0,0.0006274440099537861
audio_text_ln_lrh0.001_e5_s43,1361,3,1.10629,3.3676,0.0,0.0006270885175968717
audio_text_ln_lrh0.001_e5_s43,1362,3,1.26377,2.9558,0.0,0.0006267330252399573
audio_text_ln_lrh0.001_e5_s43,1363,3,0.97866,2.5599,0.0,0.000626377532883043
audio_text_ln_lrh0.001_e5_s43,1364,3,1.3169,2.9228,0.0,0.0006260220405261286
audio_text_ln_lrh0.001_e5_s43,1365,3,1.55819,2.5353,0.0,0.0006256665481692144
audio_text_ln_lrh0.001_e5_s43,1366,3,1.6569,2.0121,0.0,0.0006253110558123001
audio_text_ln_lrh0.001_e5_s43,1367,3,1.61603,3.981,0.0,0.0006249555634553857
audio_text_ln_lrh0.001_e5_s43,1368,3,1.53398,2.5067,0.0,0.0006246000710984714
audio_text_ln_lrh0.001_e5_s43,1369,3,1.09423,3.9633,0.0,0.000624244578741557
audio_text_ln_lrh0.001_e5_s43,1370,3,1.776,3.1674,0.0,0.0006238890863846427
audio_text_ln_lrh0.001_e5_s43,1371,3,1.79774,2.1157,0.0,0.0006235335940277285
audio_text_ln_lrh0.001_e5_s43,1372,3,1.02665,2.5032,0.0,0.0006231781016708141
audio_text_ln_lrh0.001_e5_s43,1373,3,1.52153,2.5896,0.0,0.0006228226093138998
audio_text_ln_lrh0.001_e5_s43,1374,3,1.52038,2.5946,0.0,0.0006224671169569855
audio_text_ln_lrh0.001_e5_s43,1375,3,1.46335,2.2538,0.0,0.000622111624600071
audio_text_ln_lrh0.001_e5_s43,1376,3,1.42755,2.3416,0.0,0.0006217561322431567
audio_text_ln_lrh0.001_e5_s43,1377,3,1.63636,4.3699,0.0,0.0006214006398862426
audio_text_ln_lrh0.001_e5_s43,1378,3,1.0218,2.9324,0.0,0.0006210451475293281
audio_text_ln_lrh0.001_e5_s43,1379,3,1.5614,2.9684,0.0,0.0006206896551724138
audio_text_ln_lrh0.001_e5_s43,1380,3,1.90459,2.9734,0.0,0.0006203341628154995
audio_text_ln_lrh0.001_e5_s43,1381,3,1.21957,3.25,0.0,0.0006199786704585851
audio_text_ln_lrh0.001_e5_s43,1382,3,1.63751,3.7773,0.0,0.0006196231781016708
audio_text_ln_lrh0.001_e5_s43,1383,3,1.48172,2.1714,0.0,0.0006192676857447564
audio_text_ln_lrh0.001_e5_s43,1384,3,1.65799,3.8235,0.0,0.0006189121933878422
audio_text_ln_lrh0.001_e5_s43,1385,3,1.01358,2.2328,0.0,0.0006185567010309279
audio_text_ln_lrh0.001_e5_s43,1386,3,1.18002,2.1184,0.0,0.0006182012086740135
audio_text_ln_lrh0.001_e5_s43,1387,3,1.50223,4.0215,0.0,0.0006178457163170992
audio_text_ln_lrh0.001_e5_s43,1388,3,1.30994,3.1993,0.0,0.0006174902239601849
audio_text_ln_lrh0.001_e5_s43,1389,3,1.34794,3.0034,0.0,0.0006171347316032705
audio_text_ln_lrh0.001_e5_s43,1390,3,1.58892,2.5023,0.0,0.0006167792392463563
audio_text_ln_lrh0.001_e5_s43,1391,3,1.49479,2.5634,0.0,0.000616423746889442
audio_text_ln_lrh0.001_e5_s43,1392,3,1.95493,3.3645,0.0,0.0006160682545325275
audio_text_ln_lrh0.001_e5_s43,1393,3,1.76713,3.456,0.0,0.0006157127621756132
audio_text_ln_lrh0.001_e5_s43,1394,3,1.51629,3.2456,0.0,0.0006153572698186989
audio_text_ln_lrh0.001_e5_s43,1395,3,1.62637,3.4141,0.0,0.0006150017774617845
audio_text_ln_lrh0.001_e5_s43,1396,3,1.1934,2.7363,0.0,0.0006146462851048703
audio_text_ln_lrh0.001_e5_s43,1397,3,1.46775,2.4969,0.0,0.000614290792747956
audio_text_ln_lrh0.001_e5_s43,1398,3,1.30749,2.1763,0.0,0.0006139353003910416
audio_text_ln_lrh0.001_e5_s43,1399,3,1.16062,2.49,0.0,0.0006135798080341273
audio_text_ln_lrh0.001_e5_s43,1400,3,1.72187,2.2552,0.0,0.0006132243156772129
audio_text_ln_lrh0.001_e5_s43,1401,3,1.39586,2.234,0.0,0.0006128688233202986
audio_text_ln_lrh0.001_e5_s43,1402,3,1.34104,2.6535,0.0,0.0006125133309633844
audio_text_ln_lrh0.001_e5_s43,1403,3,1.34582,1.9326,0.0,0.00061215783860647
audio_text_ln_lrh0.001_e5_s43,1404,3,1.09659,2.3141,0.0,0.0006118023462495557
audio_text_ln_lrh0.001_e5_s43,1405,3,1.64061,3.0035,0.0,0.0006114468538926414
audio_text_ln_lrh0.001_e5_s43,1406,3,1.57528,2.42,0.0,0.0006110913615357269
audio_text_ln_lrh0.001_e5_s43,1407,3,1.03666,1.9731,0.0,0.0006107358691788126
audio_text_ln_lrh0.001_e5_s43,1408,3,1.22155,1.9599,0.0,0.0006103803768218983
audio_text_ln_lrh0.001_e5_s43,1409,3,1.22536,2.1075,0.0,0.000610024884464984
audio_text_ln_lrh0.001_e5_s43,1410,3,1.09038,2.2458,0.0,0.0006096693921080697
audio_text_ln_lrh0.001_e5_s43,1411,3,1.06797,2.0233,0.0,0.0006093138997511554
audio_text_ln_lrh0.001_e5_s43,1412,3,1.70939,2.757,0.0,0.000608958407394241
audio_text_ln_lrh0.001_e5_s43,1413,3,1.34523,2.5111,0.0,0.0006086029150373267
audio_text_ln_lrh0.001_e5_s43,1414,3,1.91488,3.4928,0.0,0.0006082474226804123
audio_text_ln_lrh0.001_e5_s43,1415,3,1.53683,4.2393,0.0,0.0006078919303234981
audio_text_ln_lrh0.001_e5_s43,1416,3,1.90427,3.3591,0.0,0.0006075364379665838
audio_text_ln_lrh0.001_e5_s43,1417,3,1.77355,3.7126,0.0,0.0006071809456096694
audio_text_ln_lrh0.001_e5_s43,1418,3,1.56255,2.8182,0.0,0.0006068254532527551
audio_text_ln_lrh0.001_e5_s43,1419,3,1.47414,2.6165,0.0,0.0006064699608958408
audio_text_ln_lrh0.001_e5_s43,1420,3,1.83312,3.2805,0.0,0.0006061144685389263
audio_text_ln_lrh0.001_e5_s43,1421,3,1.08448,2.5463,0.0,0.0006057589761820121
audio_text_ln_lrh0.001_e5_s43,1422,3,1.40707,3.2264,0.0,0.0006054034838250978
audio_text_ln_lrh0.001_e5_s43,1423,3,1.29932,3.5807,0.0,0.0006050479914681834
audio_text_ln_lrh0.001_e5_s43,1424,3,1.57885,2.3412,0.0,0.0006046924991112691
audio_text_ln_lrh0.001_e5_s43,1425,3,1.40178,2.2925,0.0,0.0006043370067543548
audio_text_ln_lrh0.001_e5_s43,1426,3,1.48044,2.7903,0.0,0.0006039815143974404
audio_text_ln_lrh0.001_e5_s43,1427,3,1.3236,2.3086,0.0,0.0006036260220405262
audio_text_ln_lrh0.001_e5_s43,1428,3,1.28134,2.2658,0.0,0.0006032705296836118
audio_text_ln_lrh0.001_e5_s43,1429,3,1.40733,2.6381,0.0,0.0006029150373266975
audio_text_ln_lrh0.001_e5_s43,1430,3,1.36097,1.8218,0.0,0.0006025595449697832
audio_text_ln_lrh0.001_e5_s43,1431,3,1.35799,2.4226,0.0,0.0006022040526128688
audio_text_ln_lrh0.001_e5_s43,1432,3,1.27823,2.0097,0.0,0.0006018485602559545
audio_text_ln_lrh0.001_e5_s43,1433,3,1.67638,2.5237,0.0,0.0006014930678990403
audio_text_ln_lrh0.001_e5_s43,1434,3,1.00169,2.5655,0.0,0.0006011375755421259
audio_text_ln_lrh0.001_e5_s43,1435,3,1.22658,2.6251,0.0,0.0006007820831852115
audio_text_ln_lrh0.001_e5_s43,1436,3,1.54422,1.9603,0.0,0.0006004265908282972
audio_text_ln_lrh0.001_e5_s43,1437,3,1.87962,3.6732,0.0,0.0006000710984713828
audio_text_ln_lrh0.001_e5_s43,1438,3,1.62872,2.5414,0.0,0.0005997156061144685
audio_text_ln_lrh0.001_e5_s43,1439,3,1.26341,2.7108,0.0,0.0005993601137575542
audio_text_ln_lrh0.001_e5_s43,1440,3,1.86723,2.5677,0.0,0.0005990046214006399
audio_text_ln_lrh0.001_e5_s43,1441,3,1.39867,3.677,0.0,0.0005986491290437256
audio_text_ln_lrh0.001_e5_s43,1442,3,1.29444,3.0241,0.0,0.0005982936366868112
audio_text_ln_lrh0.001_e5_s43,1443,3,1.47848,2.7548,0.0,0.0005979381443298969
audio_text_ln_lrh0.001_e5_s43,1444,3,1.75877,2.9728,0.0,0.0005975826519729826
audio_text_ln_lrh0.001_e5_s43,1445,3,1.25262,3.8446,0.0,0.0005972271596160682
audio_text_ln_lrh0.001_e5_s43,1446,3,1.36907,2.449,0.0,0.000596871667259154
audio_text_ln_lrh0.001_e5_s43,1447,3,1.49416,2.4165,0.0,0.0005965161749022397
audio_text_ln_lrh0.001_e5_s43,1448,3,1.81007,2.698,0.0,0.0005961606825453253
audio_text_ln_lrh0.001_e5_s43,1449,3,1.59764,2.5063,0.0,0.000595805190188411
audio_text_ln_lrh0.001_e5_s43,1450,3,1.13706,2.0712,0.0,0.0005954496978314966
audio_text_ln_lrh0.001_e5_s43,1451,3,1.68716,2.8691,0.0,0.0005950942054745822
audio_text_ln_lrh0.001_e5_s43,1452,3,1.25173,2.2914,0.0,0.000594738713117668
audio_text_ln_lrh0.001_e5_s43,1453,3,1.46034,2.1339,0.0,0.0005943832207607537
audio_text_ln_lrh0.001_e5_s43,1454,3,1.49175,2.362,0.0,0.0005940277284038393
audio_text_ln_lrh0.001_e5_s43,1455,3,1.41495,2.8629,0.0,0.000593672236046925
audio_text_ln_lrh0.001_e5_s43,1456,3,1.62251,2.6145,0.0,0.0005933167436900106
audio_text_ln_lrh0.001_e5_s43,1457,3,1.78214,2.7666,0.0,0.0005929612513330963
audio_text_ln_lrh0.001_e5_s43,1458,3,1.45687,2.5165,0.0,0.0005926057589761821
audio_text_ln_lrh0.001_e5_s43,1459,3,1.26879,1.7468,0.0,0.0005922502666192677
audio_text_ln_lrh0.001_e5_s43,1460,3,1.32324,3.0128,0.0,0.0005918947742623534
audio_text_ln_lrh0.001_e5_s43,1461,3,1.23666,3.236,0.0,0.0005915392819054391
audio_text_ln_lrh0.001_e5_s43,1462,3,1.37818,2.8531,0.0,0.0005911837895485247
audio_text_ln_lrh0.001_e5_s43,1463,3,1.32896,2.1577,0.0,0.0005908282971916104
audio_text_ln_lrh0.001_e5_s43,1464,3,1.53627,2.7032,0.0,0.0005904728048346962
audio_text_ln_lrh0.001_e5_s43,1465,3,1.3192,2.1274,0.0,0.0005901173124777817
audio_text_ln_lrh0.001_e5_s43,1466,3,1.51363,2.884,0.0,0.0005897618201208674
audio_text_ln_lrh0.001_e5_s43,1467,3,1.32499,3.3562,0.0,0.0005894063277639531
audio_text_ln_lrh0.001_e5_s43,1468,3,1.59154,2.6237,0.0,0.0005890508354070387
audio_text_ln_lrh0.001_e5_s43,1469,3,1.30021,2.4639,0.0,0.0005886953430501244
audio_text_ln_lrh0.001_e5_s43,1470,3,1.23195,2.3339,0.0,0.0005883398506932101
audio_text_ln_lrh0.001_e5_s43,1471,3,1.18037,2.0297,0.0,0.0005879843583362958
audio_text_ln_lrh0.001_e5_s43,1472,3,1.41555,2.4447,0.0,0.0005876288659793815
audio_text_ln_lrh0.001_e5_s43,1473,3,1.93239,4.0809,0.0,0.0005872733736224671
audio_text_ln_lrh0.001_e5_s43,1474,3,1.48201,2.167,0.0,0.0005869178812655528
audio_text_ln_lrh0.001_e5_s43,1475,3,1.60312,2.608,0.0,0.0005865623889086385
audio_text_ln_lrh0.001_e5_s43,1476,3,1.76437,2.7648,0.0,0.0005862068965517241
audio_text_ln_lrh0.001_e5_s43,1477,3,1.13072,1.9533,0.0,0.0005858514041948099
audio_text_ln_lrh0.001_e5_s43,1478,3,1.63684,2.7546,0.0,0.0005854959118378956
audio_text_ln_lrh0.001_e5_s43,1479,3,1.2023,2.487,0.0,0.0005851404194809811
audio_text_ln_lrh0.001_e5_s43,1480,3,1.33741,2.2866,0.0,0.0005847849271240668
audio_text_ln_lrh0.001_e5_s43,1481,3,1.09628,2.1111,0.0,0.0005844294347671525
audio_text_ln_lrh0.001_e5_s43,1482,3,1.40097,2.0939,0.0,0.0005840739424102381
audio_text_ln_lrh0.001_e5_s43,1483,3,1.35199,2.8348,0.0,0.0005837184500533239
audio_text_ln_lrh0.001_e5_s43,1484,3,1.46016,3.5412,0.0,0.0005833629576964096
audio_text_ln_lrh0.001_e5_s43,1485,3,1.56953,2.9057,0.0,0.0005830074653394952
audio_text_ln_lrh0.001_e5_s43,1486,3,1.38244,2.3817,0.0,0.0005826519729825809
audio_text_ln_lrh0.001_e5_s43,1487,3,1.51162,2.7885,0.0,0.0005822964806256665
audio_text_ln_lrh0.001_e5_s43,1488,3,1.13898,2.0371,0.0,0.0005819409882687522
audio_text_ln_lrh0.001_e5_s43,1489,3,1.48766,2.6767,0.0,0.000581585495911838
audio_text_ln_lrh0.001_e5_s43,1490,3,1.18562,2.9228,0.0,0.0005812300035549236
audio_text_ln_lrh0.001_e5_s43,1491,3,1.46455,2.1722,0.0,0.0005808745111980093
audio_text_ln_lrh0.001_e5_s43,1492,3,1.51947,2.957,0.0,0.000580519018841095
audio_text_ln_lrh0.001_e5_s43,1493,3,1.65147,2.3691,0.0,0.0005801635264841805
audio_text_ln_lrh0.001_e5_s43,1494,3,0.86491,2.6509,0.0,0.0005798080341272662
audio_text_ln_lrh0.001_e5_s43,1495,3,0.9058,1.919,0.0,0.000579452541770352
audio_text_ln_lrh0.001_e5_s43,1496,3,1.35275,2.3031,0.0,0.0005790970494134376
audio_text_ln_lrh0.001_e5_s43,1497,3,1.53635,2.5111,0.0,0.0005787415570565233
audio_text_ln_lrh0.001_e5_s43,1498,3,1.01344,2.2721,0.0,0.000578386064699609
audio_text_ln_lrh0.001_e5_s43,1499,3,1.39897,3.6002,0.0,0.0005780305723426946
audio_text_ln_lrh0.001_e5_s43,1500,3,1.60538,2.6527,0.0,0.0005776750799857803
audio_text_ln_lrh0.001_e5_s43,1501,3,1.27929,2.4171,0.0,0.0005773195876288659
audio_text_ln_lrh0.001_e5_s43,1502,3,1.58748,2.8831,0.0,0.0005769640952719517
audio_text_ln_lrh0.001_e5_s43,1503,3,1.35595,1.843,0.0,0.0005766086029150374
audio_text_ln_lrh0.001_e5_s43,1504,3,1.14423,3.1582,0.0,0.000576253110558123
audio_text_ln_lrh0.001_e5_s43,1505,3,1.33015,2.4665,0.0,0.0005758976182012087
audio_text_ln_lrh0.001_e5_s43,1506,3,1.44991,2.3334,0.0,0.0005755421258442944
audio_text_ln_lrh0.001_e5_s43,1507,3,0.84489,3.3903,0.0,0.00057518663348738
audio_text_ln_lrh0.001_e5_s43,1508,3,1.28656,2.2121,0.0,0.0005748311411304658
audio_text_ln_lrh0.001_e5_s43,1509,3,1.29319,2.602,0.0,0.0005744756487735514
audio_text_ln_lrh0.001_e5_s43,1510,3,1.16583,2.1317,0.0,0.000574120156416637
audio_text_ln_lrh0.001_e5_s43,1511,3,1.28006,2.5872,0.0,0.0005737646640597227
audio_text_ln_lrh0.001_e5_s43,1512,3,1.81785,2.9307,0.0,0.0005734091717028084
audio_text_ln_lrh0.001_e5_s43,1513,3,1.44131,2.302,0.0,0.000573053679345894
audio_text_ln_lrh0.001_e5_s43,1514,3,1.58803,2.6523,0.0,0.0005726981869889798
audio_text_ln_lrh0.001_e5_s43,1515,3,1.48631,3.8818,0.0,0.0005723426946320654
audio_text_ln_lrh0.001_e5_s43,1516,3,2.01813,3.7746,0.0,0.0005719872022751511
audio_text_ln_lrh0.001_e5_s43,1517,3,1.40467,1.9057,0.0,0.0005716317099182368
audio_text_ln_lrh0.001_e5_s43,1518,3,1.05216,2.1262,0.0,0.0005712762175613224
audio_text_ln_lrh0.001_e5_s43,1519,3,1.43717,2.3425,0.0,0.0005709207252044081
audio_text_ln_lrh0.001_e5_s43,1520,3,1.2136,2.232,0.0,0.0005705652328474939
audio_text_ln_lrh0.001_e5_s43,1521,3,1.6206,2.138,0.0,0.0005702097404905795
audio_text_ln_lrh0.001_e5_s43,1522,3,1.11456,1.9708,0.0,0.0005698542481336652
audio_text_ln_lrh0.001_e5_s43,1523,3,1.47865,2.2135,0.0,0.0005694987557767508
audio_text_ln_lrh0.001_e5_s43,1524,3,1.15062,2.299,0.0,0.0005691432634198364
audio_text_ln_lrh0.001_e5_s43,1525,3,1.53346,2.3741,0.0,0.0005687877710629221
audio_text_ln_lrh0.001_e5_s43,1526,3,1.45512,2.9142,0.0,0.0005684322787060079
audio_text_ln_lrh0.001_e5_s43,1527,3,1.35564,2.0676,0.0,0.0005680767863490935
audio_text_ln_lrh0.001_e5_s43,1528,3,1.16625,2.4267,0.0,0.0005677212939921792
audio_text_ln_lrh0.001_e5_s43,1529,3,1.40918,2.0654,0.0,0.0005673658016352649
audio_text_ln_lrh0.001_e5_s43,1530,3,1.58452,2.204,0.0,0.0005670103092783505
audio_text_ln_lrh0.001_e5_s43,1531,3,1.07994,2.5091,0.0,0.0005666548169214362
audio_text_ln_lrh0.001_e5_s43,1532,3,1.40363,1.7401,0.0,0.0005662993245645218
audio_text_ln_lrh0.001_e5_s43,1533,3,1.42449,2.0015,0.0,0.0005659438322076076
audio_text_ln_lrh0.001_e5_s43,1534,3,1.41128,3.6055,0.0,0.0005655883398506933
audio_text_ln_lrh0.001_e5_s43,1535,3,1.53552,2.4549,0.0,0.0005652328474937789
audio_text_ln_lrh0.001_e5_s43,1536,3,1.46742,2.4535,0.0,0.0005648773551368646
audio_text_ln_lrh0.001_e5_s43,1537,3,1.21989,2.288,0.0,0.0005645218627799503
audio_text_ln_lrh0.001_e5_s43,1538,3,1.27804,3.3949,0.0,0.0005641663704230358
audio_text_ln_lrh0.001_e5_s43,1539,3,1.33481,2.6981,0.0,0.0005638108780661216
audio_text_ln_lrh0.001_e5_s43,1540,3,1.18747,2.4474,0.0,0.0005634553857092073
audio_text_ln_lrh0.001_e5_s43,1541,3,1.00793,2.1144,0.0,0.0005630998933522929
audio_text_ln_lrh0.001_e5_s43,1542,3,1.73262,3.221,0.0,0.0005627444009953786
audio_text_ln_lrh0.001_e5_s43,1543,3,1.42918,2.856,0.0,0.0005623889086384643
audio_text_ln_lrh0.001_e5_s43,1544,3,1.45095,2.3375,0.0,0.0005620334162815499
audio_text_ln_lrh0.001_e5_s43,1545,3,0.94633,1.8172,0.0,0.0005616779239246357
audio_text_ln_lrh0.001_e5_s43,1546,3,1.26622,2.4089,0.0,0.0005613224315677213
audio_text_ln_lrh0.001_e5_s43,1547,3,1.07893,2.1458,0.0,0.000560966939210807
audio_text_ln_lrh0.001_e5_s43,1548,3,1.5104,2.9124,0.0,0.0005606114468538927
audio_text_ln_lrh0.001_e5_s43,1549,3,1.76372,3.935,0.0,0.0005602559544969783
audio_text_ln_lrh0.001_e5_s43,1550,3,1.32005,2.0951,0.0,0.000559900462140064
audio_text_ln_lrh0.001_e5_s43,1551,3,1.47458,2.3356,0.0,0.0005595449697831498
audio_text_ln_lrh0.001_e5_s43,1552,3,1.56727,3.4387,0.0,0.0005591894774262353
audio_text_ln_lrh0.001_e5_s43,1553,3,1.38663,2.2689,0.0,0.000558833985069321
audio_text_ln_lrh0.001_e5_s43,1554,3,1.25678,2.6108,0.0,0.0005584784927124067
audio_text_ln_lrh0.001_e5_s43,1555,3,1.30249,2.3777,0.0,0.0005581230003554923
audio_text_ln_lrh0.001_e5_s43,1556,3,1.87167,3.4199,0.0,0.000557767507998578
audio_text_ln_lrh0.001_e5_s43,1557,3,1.34215,3.3548,0.0,0.0005574120156416637
audio_text_ln_lrh0.001_e5_s43,1558,3,1.90294,4.3466,0.0,0.0005570565232847494
audio_text_ln_lrh0.001_e5_s43,1559,3,1.25257,2.3687,0.0,0.0005567010309278351
audio_text_ln_lrh0.001_e5_s43,1560,3,1.26285,2.5502,0.0,0.0005563455385709207
audio_text_ln_lrh0.001_e5_s43,1561,3,1.32699,2.2984,0.0,0.0005559900462140064
audio_text_ln_lrh0.001_e5_s43,1562,3,1.45396,2.3707,0.0,0.0005556345538570921
audio_text_ln_lrh0.001_e5_s43,1563,3,1.3151,2.0394,0.0,0.0005552790615001777
audio_text_ln_lrh0.001_e5_s43,1564,3,1.2602,3.1931,0.0,0.0005549235691432635
audio_text_ln_lrh0.001_e5_s43,1565,3,1.29015,1.8139,0.0,0.0005545680767863492
audio_text_ln_lrh0.001_e5_s43,1566,3,1.64807,2.3185,0.0,0.0005542125844294348
audio_text_ln_lrh0.001_e5_s43,1567,3,1.03251,2.7701,0.0,0.0005538570920725204
audio_text_ln_lrh0.001_e5_s43,1568,3,1.65208,2.7332,0.0,0.0005535015997156061
audio_text_ln_lrh0.001_e5_s43,1569,3,1.60972,2.7788,0.0,0.0005531461073586917
audio_text_ln_lrh0.001_e5_s43,1570,3,1.60327,2.1047,0.0,0.0005527906150017775
audio_text_ln_lrh0.001_e5_s43,1571,3,1.43939,2.3985,0.0,0.0005524351226448632
audio_text_ln_lrh0.001_e5_s43,1572,3,1.36581,2.1983,0.0,0.0005520796302879488
audio_text_ln_lrh0.001_e5_s43,1573,3,1.49874,2.7464,0.0,0.0005517241379310345
audio_text_ln_lrh0.001_e5_s43,1574,3,1.27233,2.0105,0.0,0.0005513686455741201
audio_text_ln_lrh0.001_e5_s43,1575,3,1.17965,2.2999,0.0,0.0005510131532172058
audio_text_ln_lrh0.001_e5_s43,1576,3,1.65969,2.1343,0.0,0.0005506576608602916
audio_text_ln_lrh0.001_e5_s43,1577,3,1.1822,3.5337,0.0,0.0005503021685033772
audio_text_ln_lrh0.001_e5_s43,1578,3,1.91545,3.8804,0.0,0.0005499466761464629
audio_text_ln_lrh0.001_e5_s43,1579,3,1.15506,1.8194,0.0,0.0005495911837895486
audio_text_ln_lrh0.001_e5_s43,1580,3,1.2439,2.4498,0.0,0.0005492356914326342
audio_text_ln_lrh0.001_e5_s43,1581,3,1.8041,2.6493,0.0,0.0005488801990757198
audio_text_ln_lrh0.001_e5_s43,1582,3,1.04173,2.2826,0.0,0.0005485247067188057
audio_text_ln_lrh0.001_e5_s43,1583,3,1.07766,2.1379,0.0,0.0005481692143618912
audio_text_ln_lrh0.001_e5_s43,1584,3,1.48119,2.4238,0.0,0.0005478137220049769
audio_text_ln_lrh0.001_e5_s43,1585,3,1.09822,2.5503,0.0,0.0005474582296480626
audio_text_ln_lrh0.001_e5_s43,1586,3,1.61271,3.1383,0.0,0.0005471027372911482
audio_text_ln_lrh0.001_e5_s43,1587,3,1.26298,2.0112,0.0,0.0005467472449342339
audio_text_ln_lrh0.001_e5_s43,1588,3,1.05419,2.1328,0.0,0.0005463917525773195
audio_text_ln_lrh0.001_e5_s43,1589,3,1.15823,2.2142,0.0,0.0005460362602204053
audio_text_ln_lrh0.001_e5_s43,1590,3,1.4941,3.0981,0.0,0.000545680767863491
audio_text_ln_lrh0.001_e5_s43,1591,3,1.72655,3.5865,0.0,0.0005453252755065766
audio_text_ln_lrh0.001_e5_s43,1592,3,1.51064,2.3066,0.0,0.0005449697831496623
audio_text_ln_lrh0.001_e5_s43,1593,3,1.17529,2.6942,0.0,0.000544614290792748
audio_text_ln_lrh0.001_e5_s43,1594,3,1.22849,2.4736,0.0,0.0005442587984358336
audio_text_ln_lrh0.001_e5_s43,1595,3,1.76718,3.9302,0.0,0.0005439033060789194
audio_text_ln_lrh0.001_e5_s43,1596,3,1.08466,1.6462,0.0,0.000543547813722005
audio_text_ln_lrh0.001_e5_s43,1597,3,1.23273,2.6863,0.0,0.0005431923213650906
audio_text_ln_lrh0.001_e5_s43,1598,3,1.50403,2.5456,0.0,0.0005428368290081763
audio_text_ln_lrh0.001_e5_s43,1599,3,1.44965,2.8193,0.0,0.000542481336651262
audio_text_ln_lrh0.001_e5_s43,1600,3,1.54295,3.6029,0.0,0.0005421258442943476
audio_text_ln_lrh0.001_e5_s43,1601,3,0.80431,3.9358,0.0,0.0005417703519374334
audio_text_ln_lrh0.001_e5_s43,1602,3,1.06066,2.3752,0.0,0.0005414148595805191
audio_text_ln_lrh0.001_e5_s43,1603,3,1.32303,2.4881,0.0,0.0005410593672236047
audio_text_ln_lrh0.001_e5_s43,1604,3,1.55345,2.5998,0.0,0.0005407038748666904
audio_text_ln_lrh0.001_e5_s43,1605,3,1.20411,2.6796,0.0,0.000540348382509776
audio_text_ln_lrh0.001_e5_s43,1606,3,0.96474,3.0643,0.0,0.0005399928901528617
audio_text_ln_lrh0.001_e5_s43,1607,3,1.28432,2.1021,0.0,0.0005396373977959475
audio_text_ln_lrh0.001_e5_s43,1608,3,1.14798,2.5015,0.0,0.0005392819054390331
audio_text_ln_lrh0.001_e5_s43,1609,3,1.40155,2.7199,0.0,0.0005389264130821188
audio_text_ln_lrh0.001_e5_s43,1610,3,1.32741,3.7759,0.0,0.0005385709207252045
audio_text_ln_lrh0.001_e5_s43,1611,3,1.22463,2.2739,0.0,0.00053821542836829
audio_text_ln_lrh0.001_e5_s43,1612,3,0.77682,3.0413,0.0,0.0005378599360113757
audio_text_ln_lrh0.001_e5_s43,1613,3,1.18518,2.2548,0.0,0.0005375044436544615
audio_text_ln_lrh0.001_e5_s43,1614,3,1.14303,2.5466,0.0,0.0005371489512975471
audio_text_ln_lrh0.001_e5_s43,1615,3,1.37017,4.4454,0.0,0.0005367934589406328
audio_text_ln_lrh0.001_e5_s43,1616,3,1.38118,3.4548,0.0,0.0005364379665837185
audio_text_ln_lrh0.001_e5_s43,1617,3,1.39206,2.5377,0.0,0.0005360824742268041
audio_text_ln_lrh0.001_e5_s43,1618,3,1.64118,2.6351,0.0,0.0005357269818698898
audio_text_ln_lrh0.001_e5_s43,1619,3,1.87063,3.3955,0.0,0.0005353714895129754
audio_text_ln_lrh0.001_e5_s43,1620,3,1.74722,2.3487,0.0,0.0005350159971560612
audio_text_ln_lrh0.001_e5_s43,1621,3,1.13058,2.5511,0.0,0.0005346605047991469
audio_text_ln_lrh0.001_e5_s43,1622,3,1.36095,2.2074,0.0,0.0005343050124422325
audio_text_ln_lrh0.001_e5_s43,1623,3,1.0029,2.4507,0.0,0.0005339495200853182
audio_text_ln_lrh0.001_e5_s43,1624,3,1.06233,2.2377,0.0,0.0005335940277284039
audio_text_ln_lrh0.001_e5_s43,1625,3,1.788,4.1219,0.0,0.0005332385353714894
audio_text_ln_lrh0.001_e5_s43,1626,3,1.43942,2.9761,0.0,0.0005328830430145752
audio_text_ln_lrh0.001_e5_s43,1627,3,1.60471,2.2603,0.0,0.0005325275506576609
audio_text_ln_lrh0.001_e5_s43,1628,3,1.09044,2.071,0.0,0.0005321720583007465
audio_text_ln_lrh0.001_e5_s43,1629,3,1.41924,2.326,0.0,0.0005318165659438322
audio_text_ln_lrh0.001_e5_s43,1630,3,1.46729,2.9627,0.0,0.0005314610735869179
audio_text_ln_lrh0.001_e5_s43,1631,3,1.12142,2.002,0.0,0.0005311055812300035
audio_text_ln_lrh0.001_e5_s43,1632,3,1.89501,4.1434,0.0,0.0005307500888730893
audio_text_ln_lrh0.001_e5_s43,1633,3,1.12457,2.4118,0.0,0.0005303945965161749
audio_text_ln_lrh0.001_e5_s43,1634,3,0.99898,1.6858,0.0,0.0005300391041592606
audio_text_ln_lrh0.001_e5_s43,1635,3,1.23215,1.9322,0.0,0.0005296836118023463
audio_text_ln_lrh0.001_e5_s43,1636,3,1.26703,3.8724,0.0,0.0005293281194454319
audio_text_ln_lrh0.001_e5_s43,1637,3,1.23564,1.8434,0.0,0.0005289726270885176
audio_text_ln_lrh0.001_e5_s43,1638,3,1.83029,3.082,0.0,0.0005286171347316034
audio_text_ln_lrh0.001_e5_s43,1639,3,1.10208,2.4591,0.0,0.000528261642374689
audio_text_ln_lrh0.001_e5_s43,1640,3,1.31737,2.101,0.0,0.0005279061500177746
audio_text_ln_lrh0.001_e5_s43,1641,3,1.37423,2.5207,0.0,0.0005275506576608603
audio_text_ln_lrh0.001_e5_s43,1642,3,1.33883,2.2581,0.0,0.0005271951653039459
audio_text_ln_lrh0.001_e5_s43,1643,3,1.23206,2.6307,0.0,0.0005268396729470316
audio_text_ln_lrh0.001_e5_s43,1644,3,1.59951,2.8848,0.0,0.0005264841805901174
audio_text_ln_lrh0.001_e5_s43,1645,3,1.49914,2.8781,0.0,0.000526128688233203
audio_text_ln_lrh0.001_e5_s43,1646,3,1.73543,2.4806,0.0,0.0005257731958762887
audio_text_ln_lrh0.001_e5_s43,1647,3,1.48345,2.4617,0.0,0.0005254177035193743
audio_text_ln_lrh0.001_e5_s43,1648,3,1.29353,3.8954,0.0,0.00052506221116246
audio_text_ln_lrh0.001_e5_s43,1649,3,1.35718,2.3104,0.0,0.0005247067188055457
audio_text_ln_lrh0.001_e5_s43,1650,3,1.16868,2.5137,0.0,0.0005243512264486313
audio_text_ln_lrh0.001_e5_s43,1651,3,1.21328,2.4888,0.0,0.0005239957340917171
audio_text_ln_lrh0.001_e5_s43,1652,3,1.71136,2.5094,0.0,0.0005236402417348028
audio_text_ln_lrh0.001_e5_s43,1653,3,1.1235,3.0101,0.0,0.0005232847493778884
audio_text_ln_lrh0.001_e5_s43,1654,3,1.45378,2.5131,0.0,0.000522929257020974
audio_text_ln_lrh0.001_e5_s43,1655,3,1.00749,2.2119,0.0,0.0005225737646640597
audio_text_ln_lrh0.001_e5_s43,1656,3,1.49387,2.6234,0.0,0.0005222182723071453
audio_text_ln_lrh0.001_e5_s43,1657,3,1.97294,4.3295,0.0,0.0005218627799502311
audio_text_ln_lrh0.001_e5_s43,1658,3,1.54297,2.3276,0.0,0.0005215072875933168
audio_text_ln_lrh0.001_e5_s43,1659,3,1.48493,2.634,0.0,0.0005211517952364024
audio_text_ln_lrh0.001_e5_s43,1660,3,1.31042,2.5244,0.0,0.0005207963028794881
audio_text_ln_lrh0.001_e5_s43,1661,3,1.61768,2.7744,0.0,0.0005204408105225737
audio_text_ln_lrh0.001_e5_s43,1662,3,1.26778,2.3131,0.0,0.0005200853181656594
audio_text_ln_lrh0.001_e5_s43,1663,3,1.48581,2.2646,0.0,0.0005197298258087452
audio_text_ln_lrh0.001_e5_s43,1664,3,1.32566,2.1663,0.0,0.0005193743334518308
audio_text_ln_lrh0.001_e5_s43,1665,3,1.70861,2.916,0.0,0.0005190188410949165
audio_text_ln_lrh0.001_e5_s43,1666,3,1.5503,2.4631,0.0,0.0005186633487380022
audio_text_ln_lrh0.001_e5_s43,1667,3,1.78146,2.7758,0.0,0.0005183078563810878
audio_text_ln_lrh0.001_e5_s43,1668,3,1.54847,2.8456,0.0,0.0005179523640241735
audio_text_ln_lrh0.001_e5_s43,1669,3,1.56651,2.5304,0.0,0.0005175968716672593
audio_text_ln_lrh0.001_e5_s43,1670,3,1.23214,2.0081,0.0,0.0005172413793103448
audio_text_ln_lrh0.001_e5_s43,1671,3,1.62796,2.4363,0.0,0.0005168858869534305
audio_text_ln_lrh0.001_e5_s43,1672,3,1.25529,2.3848,0.0,0.0005165303945965162
audio_text_ln_lrh0.001_e5_s43,1673,3,1.41334,2.4982,0.0,0.0005161749022396018
audio_text_ln_lrh0.001_e5_s43,1674,3,1.14753,2.0442,0.0,0.0005158194098826875
audio_text_ln_lrh0.001_e5_s43,1675,3,1.95663,4.3931,0.0,0.0005154639175257731
audio_text_ln_lrh0.001_e5_s43,1676,3,1.28275,2.0307,0.0,0.0005151084251688589
audio_text_ln_lrh0.001_e5_s43,1677,3,1.11171,2.2088,0.0,0.0005147529328119446
audio_text_ln_lrh0.001_e5_s43,1678,3,1.36428,2.0802,0.0,0.0005143974404550302
audio_text_ln_lrh0.001_e5_s43,1679,3,1.27944,2.1618,0.0,0.0005140419480981159
audio_text_ln_lrh0.001_e5_s43,1680,3,1.42187,3.096,0.0,0.0005136864557412016
audio_text_ln_lrh0.001_e5_s43,1681,3,1.01291,2.338,0.0,0.0005133309633842872
audio_text_ln_lrh0.001_e5_s43,1682,3,1.4494,2.7249,0.0,0.000512975471027373
audio_text_ln_lrh0.001_e5_s43,1683,3,1.15916,3.1413,0.0,0.0005126199786704587
audio_text_ln_lrh0.001_e5_s43,1684,3,1.09076,2.2945,0.0,0.0005122644863135442
audio_text_ln_lrh0.001_e5_s43,1685,3,1.0676,2.2213,0.0,0.0005119089939566299
audio_text_ln_lrh0.001_e5_s43,1686,3,1.42912,1.9045,0.0,0.0005115535015997156
audio_text_ln_lrh0.001_e5_s43,1687,3,1.35795,2.2752,0.0,0.0005111980092428012
audio_text_ln_lrh0.001_e5_s43,1688,3,1.05213,2.0632,0.0,0.000510842516885887
audio_text_ln_lrh0.001_e5_s43,1689,3,1.20431,2.09,0.0,0.0005104870245289727
audio_text_ln_lrh0.001_e5_s43,1690,3,1.27697,2.3073,0.0,0.0005101315321720583
audio_text_ln_lrh0.001_e5_s43,1691,3,1.2386,2.3754,0.0,0.000509776039815144
audio_text_ln_lrh0.001_e5_s43,1692,3,1.39433,4.8085,0.0,0.0005094205474582296
audio_text_ln_lrh0.001_e5_s43,1693,3,1.29388,2.6254,0.0,0.0005090650551013153
audio_text_ln_lrh0.001_e5_s43,1694,3,1.08851,2.6499,0.0,0.0005087095627444011
audio_text_ln_lrh0.001_e5_s43,1695,3,1.45231,2.488,0.0,0.0005083540703874867
audio_text_ln_lrh0.001_e5_s43,1696,3,1.43022,3.3374,0.0,0.0005079985780305724
audio_text_ln_lrh0.001_e5_s43,1697,3,1.01924,2.0632,0.0,0.0005076430856736581
audio_text_ln_lrh0.001_e5_s43,1698,3,1.49086,3.0206,0.0,0.0005072875933167436
audio_text_ln_lrh0.001_e5_s43,1699,3,1.63164,4.0369,0.0,0.0005069321009598293
audio_text_ln_lrh0.001_e5_s43,1700,3,1.22424,2.0913,0.0,0.0005065766086029151
audio_text_ln_lrh0.001_e5_s43,1701,3,1.57177,2.7364,0.0,0.0005062211162460007
audio_text_ln_lrh0.001_e5_s43,1702,3,1.13165,2.9821,0.0,0.0005058656238890864
audio_text_ln_lrh0.001_e5_s43,1703,3,1.33098,2.611,0.0,0.0005055101315321721
audio_text_ln_lrh0.001_e5_s43,1704,3,1.33995,2.4535,0.0,0.0005051546391752577
audio_text_ln_lrh0.001_e5_s43,1705,3,1.6607,3.1607,0.0,0.0005047991468183434
audio_text_ln_lrh0.001_e5_s43,1706,3,1.62281,3.3495,0.0,0.000504443654461429
audio_text_ln_lrh0.001_e5_s43,1707,3,1.19879,1.9838,0.0,0.0005040881621045148
audio_text_ln_lrh0.001_e5_s43,1708,3,1.2484,2.3862,0.0,0.0005037326697476005
audio_text_ln_lrh0.001_e5_s43,1709,3,1.45371,2.1432,0.0,0.0005033771773906861
audio_text_ln_lrh0.001_e5_s43,1710,3,1.34883,2.7447,0.0,0.0005030216850337718
audio_text_ln_lrh0.001_e5_s43,1711,3,1.33958,2.5602,0.0,0.0005026661926768575
audio_text_ln_lrh0.001_e5_s43,1712,3,1.09606,3.1741,0.0,0.000502310700319943
audio_text_ln_lrh0.001_e5_s43,1713,3,1.28666,2.0878,0.0,0.0005019552079630289
audio_text_ln_lrh0.001_e5_s43,1714,3,1.24992,2.5165,0.0,0.0005015997156061145
audio_text_ln_lrh0.001_e5_s43,1715,3,0.99869,2.1172,0.0,0.0005012442232492001
audio_text_ln_lrh0.001_e5_s43,1716,3,0.97366,2.4618,0.0,0.0005008887308922858
audio_text_ln_lrh0.001_e5_s43,1717,3,1.40092,4.6863,0.0,0.0005005332385353715
audio_text_ln_lrh0.001_e5_s43,1718,3,1.25492,1.9771,0.0,0.0005001777461784571
audio_text_ln_lrh0.001_e5_s43,1719,3,1.55158,3.1964,0.0,0.0004998222538215428
audio_text_ln_lrh0.001_e5_s43,1720,3,1.61212,2.8625,0.0,0.0004994667614646285
audio_text_ln_lrh0.001_e5_s43,1721,3,1.48755,3.2504,0.0,0.0004991112691077142
audio_text_ln_lrh0.001_e5_s43,1722,3,1.77828,3.2804,0.0,0.0004987557767507999
audio_text_ln_lrh0.001_e5_s43,1723,3,1.60313,2.6617,0.0,0.0004984002843938855
audio_text_ln_lrh0.001_e5_s43,1724,3,1.71232,3.2119,0.0,0.0004980447920369713
audio_text_ln_lrh0.001_e5_s43,1725,3,1.10023,2.8501,0.0,0.0004976892996800569
audio_text_ln_lrh0.001_e5_s43,1726,3,1.6106,3.0106,0.0,0.0004973338073231426
audio_text_ln_lrh0.001_e5_s43,1727,3,1.76337,3.2779,0.0,0.0004969783149662283
audio_text_ln_lrh0.001_e5_s43,1728,3,1.82784,3.1437,0.0,0.000496622822609314
audio_text_ln_lrh0.001_e5_s43,1729,3,1.42835,2.6443,0.0,0.0004962673302523995
audio_text_ln_lrh0.001_e5_s43,1730,3,1.65309,3.064,0.0,0.0004959118378954852
audio_text_ln_lrh0.001_e5_s43,1731,3,1.58134,2.3314,0.0,0.0004955563455385709
audio_text_ln_lrh0.001_e5_s43,1732,3,1.10524,2.7284,0.0,0.0004952008531816566
audio_text_ln_lrh0.001_e5_s43,1733,3,1.39859,2.6325,0.0,0.0004948453608247423
audio_text_ln_lrh0.001_e5_s43,1734,3,1.2441,2.9226,0.0,0.0004944898684678279
audio_text_ln_lrh0.001_e5_s43,1735,3,1.46337,2.3934,0.0,0.0004941343761109136
audio_text_ln_lrh0.001_e5_s43,1736,3,1.19995,2.5536,0.0,0.0004937788837539993
audio_text_ln_lrh0.001_e5_s43,1737,3,1.34857,3.2529,0.0,0.000493423391397085
audio_text_ln_lrh0.001_e5_s43,1738,3,1.06753,3.1802,0.0,0.0004930678990401707
audio_text_ln_lrh0.001_e5_s43,1739,3,1.29808,2.2851,0.0,0.0004927124066832564
audio_text_ln_lrh0.001_e5_s43,1740,3,1.3448,2.0106,0.0,0.000492356914326342
audio_text_ln_lrh0.001_e5_s43,1741,3,1.65838,3.2134,0.0,0.0004920014219694277
audio_text_ln_lrh0.001_e5_s43,1742,3,1.61745,3.1073,0.0,0.0004916459296125134
audio_text_ln_lrh0.001_e5_s43,1743,3,1.51033,2.2292,0.0,0.000491290437255599
audio_text_ln_lrh0.001_e5_s43,1744,3,1.76007,3.2768,0.0,0.0004909349448986846
audio_text_ln_lrh0.001_e5_s43,1745,3,1.15145,2.35,0.0,0.0004905794525417704
audio_text_ln_lrh0.001_e5_s43,1746,3,1.20159,2.0222,0.0,0.000490223960184856
audio_text_ln_lrh0.001_e5_s43,1747,3,1.035,2.4349,0.0,0.0004898684678279417
audio_text_ln_lrh0.001_e5_s43,1748,3,1.86688,4.2631,0.0,0.0004895129754710274
audio_text_ln_lrh0.001_e5_s43,1749,3,1.55612,2.8217,0.0,0.0004891574831141131
audio_text_ln_lrh0.001_e5_s43,1750,3,1.10272,1.7932,0.0,0.0004888019907571987
audio_text_ln_lrh0.001_e5_s43,1751,3,1.37019,2.3435,0.0,0.0004884464984002844
audio_text_ln_lrh0.001_e5_s43,1752,3,1.63841,2.8245,0.0,0.0004880910060433701
audio_text_ln_lrh0.001_e5_s43,1753,3,1.59565,3.4996,0.0,0.0004877355136864557
audio_text_ln_lrh0.001_e5_s43,1754,3,1.24395,2.9499,0.0,0.0004873800213295414
audio_text_ln_lrh0.001_e5_s43,1755,3,1.56847,2.7596,0.0,0.0004870245289726271
audio_text_ln_lrh0.001_e5_s43,1756,3,1.48946,2.2875,0.0,0.00048666903661571275
audio_text_ln_lrh0.001_e5_s43,1757,3,1.34186,2.2101,0.0,0.00048631354425879845
audio_text_ln_lrh0.001_e5_s43,1758,3,1.28727,2.3908,0.0,0.00048595805190188414
audio_text_ln_lrh0.001_e5_s43,1759,3,1.38184,3.5187,0.0,0.0004856025595449698
audio_text_ln_lrh0.001_e5_s43,1760,3,1.4768,2.2301,0.0,0.0004852470671880554
audio_text_ln_lrh0.001_e5_s43,1761,3,1.3679,2.242,0.0,0.00048489157483114117
audio_text_ln_lrh0.001_e5_s43,1762,3,1.79852,2.9814,0.0,0.0004845360824742268
audio_text_ln_lrh0.001_e5_s43,1763,3,1.30083,2.1208,0.0,0.00048418059011731245
audio_text_ln_lrh0.001_e5_s43,1764,3,1.31583,3.4541,0.0,0.0004838250977603982
audio_text_ln_lrh0.001_e5_s43,1765,3,1.63424,2.5889,0.0,0.00048346960540348384
audio_text_ln_lrh0.001_e5_s43,1766,3,1.42103,2.1795,0.0,0.0004831141130465695
audio_text_ln_lrh0.001_e5_s43,1767,3,1.18525,2.6114,0.0,0.0004827586206896552
audio_text_ln_lrh0.001_e5_s43,1768,3,1.18257,2.2352,0.0,0.0004824031283327409
audio_text_ln_lrh0.001_e5_s43,1769,3,1.72293,2.3013,0.0,0.0004820476359758265
audio_text_ln_lrh0.001_e5_s43,1770,3,1.15744,2.2646,0.0,0.0004816921436189122
audio_text_ln_lrh0.001_e5_s43,1771,3,1.39496,2.6552,0.0,0.0004813366512619979
audio_text_ln_lrh0.001_e5_s43,1772,3,1.29466,2.0933,0.0,0.00048098115890508354
audio_text_ln_lrh0.001_e5_s43,1773,3,1.03226,2.2114,0.0,0.00048062566654816924
audio_text_ln_lrh0.001_e5_s43,1774,3,1.33275,2.6406,0.0,0.0004802701741912549
audio_text_ln_lrh0.001_e5_s43,1775,3,1.16136,2.8148,0.0,0.0004799146818343406
audio_text_ln_lrh0.001_e5_s43,1776,3,1.4175,2.0834,0.0,0.00047955918947742627
audio_text_ln_lrh0.001_e5_s43,1777,3,2.10897,3.6043,0.0,0.0004792036971205119
audio_text_ln_lrh0.001_e5_s43,1778,3,1.6282,3.5319,0.0,0.0004788482047635976
audio_text_ln_lrh0.001_e5_s43,1779,3,1.47081,2.1492,0.0,0.00047849271240668325
audio_text_ln_lrh0.001_e5_s43,1780,3,1.36627,2.0992,0.0,0.00047813722004976894
audio_text_ln_lrh0.001_e5_s43,1781,3,1.42174,2.417,0.0,0.0004777817276928546
audio_text_ln_lrh0.001_e5_s43,1782,3,1.53116,2.2632,0.0,0.0004774262353359403
audio_text_ln_lrh0.001_e5_s43,1783,3,1.35574,2.5321,0.0,0.00047707074297902597
audio_text_ln_lrh0.001_e5_s43,1784,3,1.09871,2.653,0.0,0.0004767152506221116
audio_text_ln_lrh0.001_e5_s43,1785,3,1.26849,1.9508,0.0,0.0004763597582651973
audio_text_ln_lrh0.001_e5_s43,1786,3,1.30481,2.3803,0.0,0.000476004265908283
audio_text_ln_lrh0.001_e5_s43,1787,3,1.22726,2.2167,0.0,0.00047564877355136864
audio_text_ln_lrh0.001_e5_s43,1788,3,1.82173,2.9268,0.0,0.0004752932811944543
audio_text_ln_lrh0.001_e5_s43,1789,3,1.06153,2.1993,0.0,0.00047493778883754003
audio_text_ln_lrh0.001_e5_s43,1790,3,1.49562,2.9752,0.0,0.00047458229648062567
audio_text_ln_lrh0.001_e5_s43,1791,3,1.51629,2.784,0.0,0.0004742268041237113
audio_text_ln_lrh0.001_e5_s43,1792,3,1.16788,2.1589,0.0,0.00047387131176679706
audio_text_ln_lrh0.001_e5_s43,1793,3,1.58778,2.1933,0.0,0.0004735158194098827
audio_text_ln_lrh0.001_e5_s43,1794,3,1.66615,2.579,0.0,0.00047316032705296834
audio_text_ln_lrh0.001_e5_s43,1795,3,1.09982,2.3516,0.0,0.0004728048346960541
audio_text_ln_lrh0.001_e5_s43,1796,3,1.40164,3.1718,0.0,0.00047244934233913973
audio_text_ln_lrh0.001_e5_s43,1797,3,1.28346,3.2466,0.0,0.00047209384998222537
audio_text_ln_lrh0.001_e5_s43,1798,3,1.68709,3.2939,0.0,0.00047173835762531107
audio_text_ln_lrh0.001_e5_s43,1799,3,1.37886,2.021,0.0,0.00047138286526839676
audio_text_ln_lrh0.001_e5_s43,1800,3,1.28878,2.323,0.0,0.0004710273729114824
audio_text_ln_lrh0.001_e5_s43,1801,3,1.39319,2.3897,0.0,0.0004706718805545681
audio_text_ln_lrh0.001_e5_s43,1802,3,1.55106,2.6906,0.0,0.0004703163881976538
audio_text_ln_lrh0.001_e5_s43,1803,3,1.64091,2.9699,0.0,0.00046996089584073943
audio_text_ln_lrh0.001_e5_s43,1804,3,1.66136,2.4187,0.0,0.00046960540348382513
audio_text_ln_lrh0.001_e5_s43,1805,3,1.17319,2.7384,0.0,0.00046924991112691077
audio_text_ln_lrh0.001_e5_s43,1806,3,1.4527,2.4478,0.0,0.00046889441876999646
audio_text_ln_lrh0.001_e5_s43,1807,3,1.50771,2.8217,0.0,0.00046853892641308216
audio_text_ln_lrh0.001_e5_s43,1808,3,1.0888,2.2231,0.0,0.0004681834340561678
audio_text_ln_lrh0.001_e5_s43,1809,3,1.06188,3.8525,0.0,0.0004678279416992535
audio_text_ln_lrh0.001_e5_s43,1810,3,1.65788,2.7983,0.0,0.00046747244934233913
audio_text_ln_lrh0.001_e5_s43,1811,3,1.44811,3.4279,0.0,0.00046711695698542483
audio_text_ln_lrh0.001_e5_s43,1812,3,1.24564,3.2676,0.0,0.00046676146462851047
audio_text_ln_lrh0.001_e5_s43,1813,3,1.75189,3.325,0.0,0.00046640597227159616
audio_text_ln_lrh0.001_e5_s43,1814,3,1.35215,2.7475,0.0,0.00046605047991468186
audio_text_ln_lrh0.001_e5_s43,1815,3,1.45716,2.981,0.0,0.0004656949875577675
audio_text_ln_lrh0.001_e5_s43,1816,3,0.98012,2.1989,0.0,0.0004653394952008532
audio_text_ln_lrh0.001_e5_s43,1817,3,1.32709,2.147,0.0,0.0004649840028439389
audio_text_ln_lrh0.001_e5_s43,1818,3,1.18896,2.3607,0.0,0.00046462851048702453
audio_text_ln_lrh0.001_e5_s43,1819,3,1.21128,2.5962,0.0,0.00046427301813011017
audio_text_ln_lrh0.001_e5_s43,1820,3,1.5052,2.138,0.0,0.0004639175257731959
audio_text_ln_lrh0.001_e5_s43,1821,3,1.6294,3.2209,0.0,0.00046356203341628156
audio_text_ln_lrh0.001_e5_s43,1822,3,1.50579,3.0193,0.0,0.0004632065410593672
audio_text_ln_lrh0.001_e5_s43,1823,3,0.87885,2.2925,0.0,0.00046285104870245295
audio_text_ln_lrh0.001_e5_s43,1824,3,1.487,3.5238,0.0,0.0004624955563455386
audio_text_ln_lrh0.001_e5_s43,1825,3,1.29669,2.8366,0.0,0.00046214006398862423
audio_text_ln_lrh0.001_e5_s43,1826,3,1.25167,2.488,0.0,0.0004617845716317099
audio_text_ln_lrh0.001_e5_s43,1827,3,1.35713,2.1234,0.0,0.0004614290792747956
audio_text_ln_lrh0.001_e5_s43,1828,3,1.56419,2.8997,0.0,0.00046107358691788126
audio_text_ln_lrh0.001_e5_s43,1829,3,1.151,2.1835,0.0,0.00046071809456096696
audio_text_ln_lrh0.001_e5_s43,1830,3,1.53676,3.9311,0.0,0.00046036260220405265
audio_text_ln_lrh0.001_e5_s43,1831,3,1.49295,2.5953,0.0,0.0004600071098471383
audio_text_ln_lrh0.001_e5_s43,1832,3,1.61627,2.6151,0.0,0.000459651617490224
audio_text_ln_lrh0.001_e5_s43,1833,3,1.36328,3.5273,0.0,0.0004592961251333096
audio_text_ln_lrh0.001_e5_s43,1834,3,1.24846,2.2238,0.0,0.0004589406327763953
audio_text_ln_lrh0.001_e5_s43,1835,3,1.35334,2.4048,0.0,0.000458585140419481
audio_text_ln_lrh0.001_e5_s43,1836,3,1.25933,2.2203,0.0,0.00045822964806256666
audio_text_ln_lrh0.001_e5_s43,1837,3,1.3014,3.4137,0.0,0.00045787415570565235
audio_text_ln_lrh0.001_e5_s43,1838,3,1.5522,2.5842,0.0,0.000457518663348738
audio_text_ln_lrh0.001_e5_s43,1839,3,1.5258,2.5914,0.0,0.0004571631709918237
audio_text_ln_lrh0.001_e5_s43,1840,3,1.46488,2.3152,0.0,0.00045680767863490933
audio_text_ln_lrh0.001_e5_s43,1841,3,1.57592,1.9638,0.0,0.000456452186277995
audio_text_ln_lrh0.001_e5_s43,1842,3,1.38013,2.5211,0.0,0.0004560966939210807
audio_text_ln_lrh0.001_e5_s43,1843,3,0.99616,2.5375,0.0,0.00045574120156416636
audio_text_ln_lrh0.001_e5_s43,1844,3,1.04602,2.2735,0.0,0.00045538570920725205
audio_text_ln_lrh0.001_e5_s43,1845,3,1.3605,2.6987,0.0,0.00045503021685033775
audio_text_ln_lrh0.001_e5_s43,1846,3,1.12773,2.9869,0.0,0.0004546747244934234
audio_text_ln_lrh0.001_e5_s43,1847,3,1.49274,2.042,0.0,0.00045431923213650903
audio_text_ln_lrh0.001_e5_s43,1848,3,1.34594,2.0689,0.0,0.0004539637397795948
audio_text_ln_lrh0.001_e5_s43,1849,3,1.47099,1.8428,0.0,0.0004536082474226804
audio_text_ln_lrh0.001_e5_s43,1850,3,1.35702,2.4354,0.0,0.00045325275506576606
audio_text_ln_lrh0.001_e5_s43,1851,3,0.88139,2.3385,0.0,0.0004528972627088518
audio_text_ln_lrh0.001_e5_s43,1852,3,1.26877,1.9929,0.0,0.00045254177035193745
audio_text_ln_lrh0.001_e5_s43,1853,3,1.68129,2.0849,0.0,0.0004521862779950231
audio_text_ln_lrh0.001_e5_s43,1854,3,1.44444,2.2733,0.0,0.0004518307856381088
audio_text_ln_lrh0.001_e5_s43,1855,3,0.98781,2.4518,0.0,0.0004514752932811945
audio_text_ln_lrh0.001_e5_s43,1856,3,1.44534,2.8499,0.0,0.0004511198009242801
audio_text_ln_lrh0.001_e5_s43,1857,3,0.98962,2.0414,0.0,0.0004507643085673658
audio_text_ln_lrh0.001_e5_s43,1858,3,1.62223,3.3218,0.0,0.0004504088162104515
audio_text_ln_lrh0.001_e5_s43,1859,3,1.0731,2.7683,0.0,0.00045005332385353715
audio_text_ln_lrh0.001_e5_s43,1860,3,1.71877,4.2147,0.0,0.00044969783149662284
audio_text_ln_lrh0.001_e5_s43,1861,3,0.84944,2.6057,0.0,0.0004493423391397085
audio_text_ln_lrh0.001_e5_s43,1862,3,1.82532,3.2344,0.0,0.0004489868467827942
audio_text_ln_lrh0.001_e5_s43,1863,3,1.58026,3.4362,0.0,0.0004486313544258799
audio_text_ln_lrh0.001_e5_s43,1864,3,1.51169,2.8553,0.0,0.0004482758620689655
audio_text_ln_lrh0.001_e5_s43,1865,3,1.51426,3.3253,0.0,0.0004479203697120512
audio_text_ln_lrh0.001_e5_s43,1866,3,1.17302,2.0699,0.0,0.0004475648773551369
audio_text_ln_lrh0.001_e5_s43,1867,3,0.74463,3.671,0.0,0.00044720938499822255
audio_text_ln_lrh0.001_e5_s43,1868,3,1.1604,2.0268,0.0,0.0004468538926413082
audio_text_ln_lrh0.001_e5_s43,1869,3,1.31245,2.2417,0.0,0.0004464984002843939
audio_text_ln_lrh0.001_e5_s43,1870,3,1.30676,2.228,0.0,0.0004461429079274796
audio_text_ln_lrh0.001_e5_s43,1871,3,1.41172,2.4144,0.0,0.0004457874155705652
audio_text_ln_lrh0.001_e5_s43,1872,3,1.19607,1.9929,0.0,0.0004454319232136509
audio_text_ln_lrh0.001_e5_s43,1873,3,1.49612,2.1175,0.0,0.0004450764308567366
audio_text_ln_lrh0.001_e5_s43,1874,3,1.72339,3.9259,0.0,0.00044472093849982225
audio_text_ln_lrh0.001_e5_s43,1875,3,1.15418,4.7171,0.0,0.0004443654461429079
audio_text_ln_lrh0.001_e5_s43,1876,4,0.98801,2.5747,0.0,0.00044400995378599364
audio_text_ln_lrh0.001_e5_s43,1877,4,0.98136,1.9889,0.0,0.0004436544614290793
audio_text_ln_lrh0.001_e5_s43,1878,4,1.77716,3.2432,0.0,0.0004432989690721649
audio_text_ln_lrh0.001_e5_s43,1879,4,0.89108,2.5525,0.0,0.00044294347671525067
audio_text_ln_lrh0.001_e5_s43,1880,4,1.32164,2.1972,0.0,0.0004425879843583363
audio_text_ln_lrh0.001_e5_s43,1881,4,0.87043,2.7539,0.0,0.00044223249200142195
audio_text_ln_lrh0.001_e5_s43,1882,4,1.61514,3.5181,0.0,0.0004418769996445077
audio_text_ln_lrh0.001_e5_s43,1883,4,1.172,1.7859,0.0,0.00044152150728759334
audio_text_ln_lrh0.001_e5_s43,1884,4,1.08787,2.0002,0.0,0.000441166014930679
audio_text_ln_lrh0.001_e5_s43,1885,4,0.73142,2.5913,0.0,0.00044081052257376467
audio_text_ln_lrh0.001_e5_s43,1886,4,1.83551,3.194,0.0,0.00044045503021685037
audio_text_ln_lrh0.001_e5_s43,1887,4,1.20457,1.9827,0.0,0.000440099537859936
audio_text_ln_lrh0.001_e5_s43,1888,4,1.41309,2.6431,0.0,0.0004397440455030217
audio_text_ln_lrh0.001_e5_s43,1889,4,1.40994,3.149,0.0,0.0004393885531461074
audio_text_ln_lrh0.001_e5_s43,1890,4,1.33041,2.3267,0.0,0.00043903306078919304
audio_text_ln_lrh0.001_e5_s43,1891,4,1.12633,2.2689,0.0,0.00043867756843227873
audio_text_ln_lrh0.001_e5_s43,1892,4,1.25455,2.2088,0.0,0.0004383220760753644
audio_text_ln_lrh0.001_e5_s43,1893,4,1.15091,2.271,0.0,0.00043796658371845007
audio_text_ln_lrh0.001_e5_s43,1894,4,1.00901,2.1773,0.0,0.00043761109136153576
audio_text_ln_lrh0.001_e5_s43,1895,4,1.59599,2.8774,0.0,0.0004372555990046214
audio_text_ln_lrh0.001_e5_s43,1896,4,1.07976,1.8892,0.0,0.0004369001066477071
audio_text_ln_lrh0.001_e5_s43,1897,4,1.13653,1.8529,0.0,0.00043654461429079274
audio_text_ln_lrh0.001_e5_s43,1898,4,1.41439,2.4592,0.0,0.00043618912193387843
audio_text_ln_lrh0.001_e5_s43,1899,4,1.5542,2.5348,0.0,0.0004358336295769641
audio_text_ln_lrh0.001_e5_s43,1900,4,0.93793,2.0979,0.0,0.00043547813722004977
audio_text_ln_lrh0.001_e5_s43,1901,4,1.29351,2.1547,0.0,0.00043512264486313546
audio_text_ln_lrh0.001_e5_s43,1902,4,1.35006,3.3088,0.0,0.0004347671525062211
audio_text_ln_lrh0.001_e5_s43,1903,4,1.62836,2.9422,0.0,0.0004344116601493068
audio_text_ln_lrh0.001_e5_s43,1904,4,1.25308,2.0596,0.0,0.0004340561677923925
audio_text_ln_lrh0.001_e5_s43,1905,4,1.10836,2.2878,0.0,0.00043370067543547814
audio_text_ln_lrh0.001_e5_s43,1906,4,1.28331,2.8805,0.0,0.0004333451830785638
audio_text_ln_lrh0.001_e5_s43,1907,4,1.01617,2.3559,0.0,0.0004329896907216495
audio_text_ln_lrh0.001_e5_s43,1908,4,1.72315,3.5373,0.0,0.00043263419836473517
audio_text_ln_lrh0.001_e5_s43,1909,4,1.44591,2.4063,0.0,0.0004322787060078208
audio_text_ln_lrh0.001_e5_s43,1910,4,1.23805,2.5439,0.0,0.00043192321365090656
audio_text_ln_lrh0.001_e5_s43,1911,4,1.52136,2.7347,0.0,0.0004315677212939922
audio_text_ln_lrh0.001_e5_s43,1912,4,1.13539,2.4627,0.0,0.00043121222893707784
audio_text_ln_lrh0.001_e5_s43,1913,4,1.55088,2.3629,0.0,0.00043085673658016353
audio_text_ln_lrh0.001_e5_s43,1914,4,1.62071,3.0319,0.0,0.0004305012442232492
audio_text_ln_lrh0.001_e5_s43,1915,4,1.93663,4.6556,0.0,0.00043014575186633487
audio_text_ln_lrh0.001_e5_s43,1916,4,1.44117,2.4991,0.0,0.00042979025950942056
audio_text_ln_lrh0.001_e5_s43,1917,4,1.92435,2.9456,0.0,0.00042943476715250626
audio_text_ln_lrh0.001_e5_s43,1918,4,1.49468,2.4601,0.0,0.0004290792747955919
audio_text_ln_lrh0.001_e5_s43,1919,4,1.68749,2.9936,0.0,0.0004287237824386776
audio_text_ln_lrh0.001_e5_s43,1920,4,1.58816,2.8742,0.0,0.00042836829008176323
audio_text_ln_lrh0.001_e5_s43,1921,4,1.21141,2.3341,0.0,0.0004280127977248489
audio_text_ln_lrh0.001_e5_s43,1922,4,0.94405,3.8827,0.0,0.0004276573053679346
audio_text_ln_lrh0.001_e5_s43,1923,4,1.27996,2.7406,0.0,0.00042730181301102026
audio_text_ln_lrh0.001_e5_s43,1924,4,0.63633,4.0551,0.0,0.00042694632065410596
audio_text_ln_lrh0.001_e5_s43,1925,4,1.11564,2.6058,0.0,0.00042659082829719165
audio_text_ln_lrh0.001_e5_s43,1926,4,1.49048,2.7592,0.0,0.0004262353359402773
audio_text_ln_lrh0.001_e5_s43,1927,4,1.27223,2.6107,0.0,0.00042587984358336293
audio_text_ln_lrh0.001_e5_s43,1928,4,1.39931,2.484,0.0,0.00042552435122644863
audio_text_ln_lrh0.001_e5_s43,1929,4,1.33775,2.3654,0.0,0.0004251688588695343
audio_text_ln_lrh0.001_e5_s43,1930,4,1.83778,3.158,0.0,0.00042481336651261996
audio_text_ln_lrh0.001_e5_s43,1931,4,1.34715,2.3412,0.0,0.00042445787415570566
audio_text_ln_lrh0.001_e5_s43,1932,4,1.5197,2.8677,0.0,0.00042410238179879135
audio_text_ln_lrh0.001_e5_s43,1933,4,1.63825,2.8788,0.0,0.000423746889441877
audio_text_ln_lrh0.001_e5_s43,1934,4,1.3451,1.9565,0.0,0.00042339139708496263
audio_text_ln_lrh0.001_e5_s43,1935,4,1.18015,1.9199,0.0,0.0004230359047280484
audio_text_ln_lrh0.001_e5_s43,1936,4,1.04439,2.6864,0.0,0.000422680412371134
audio_text_ln_lrh0.001_e5_s43,1937,4,1.32242,2.2059,0.0,0.00042232492001421966
audio_text_ln_lrh0.001_e5_s43,1938,4,1.1753,2.3945,0.0,0.0004219694276573054
audio_text_ln_lrh0.001_e5_s43,1939,4,1.48249,2.386,0.0,0.00042161393530039105
audio_text_ln_lrh0.001_e5_s43,1940,4,1.56816,2.1969,0.0,0.0004212584429434767
audio_text_ln_lrh0.001_e5_s43,1941,4,1.59213,2.2004,0.0,0.0004209029505865624
audio_text_ln_lrh0.001_e5_s43,1942,4,1.24327,3.027,0.0,0.0004205474582296481
audio_text_ln_lrh0.001_e5_s43,1943,4,1.45086,2.6449,0.0,0.0004201919658727337
audio_text_ln_lrh0.001_e5_s43,1944,4,1.47434,1.9378,0.0,0.0004198364735158194
audio_text_ln_lrh0.001_e5_s43,1945,4,0.95111,2.0204,0.0,0.0004194809811589051
audio_text_ln_lrh0.001_e5_s43,1946,4,1.44712,2.1264,0.0,0.00041912548880199076
audio_text_ln_lrh0.001_e5_s43,1947,4,1.53614,3.4093,0.0,0.00041876999644507645
audio_text_ln_lrh0.001_e5_s43,1948,4,1.09594,2.0519,0.0,0.00041841450408816214
audio_text_ln_lrh0.001_e5_s43,1949,4,1.47861,2.4219,0.0,0.0004180590117312478
audio_text_ln_lrh0.001_e5_s43,1950,4,1.13526,3.1772,0.0,0.0004177035193743335
audio_text_ln_lrh0.001_e5_s43,1951,4,1.38489,2.3608,0.0,0.0004173480270174191
audio_text_ln_lrh0.001_e5_s43,1952,4,1.35976,2.6839,0.0,0.0004169925346605048
audio_text_ln_lrh0.001_e5_s43,1953,4,1.08681,1.7934,0.0,0.0004166370423035905
audio_text_ln_lrh0.001_e5_s43,1954,4,1.45352,2.3496,0.0,0.00041628154994667615
audio_text_ln_lrh0.001_e5_s43,1955,4,1.2331,2.1614,0.0,0.00041592605758976185
audio_text_ln_lrh0.001_e5_s43,1956,4,1.40554,2.8657,0.0,0.0004155705652328475
audio_text_ln_lrh0.001_e5_s43,1957,4,1.19932,2.4176,0.0,0.0004152150728759332
audio_text_ln_lrh0.001_e5_s43,1958,4,1.53867,3.6082,0.0,0.0004148595805190188
audio_text_ln_lrh0.001_e5_s43,1959,4,1.51839,2.0393,0.0,0.0004145040881621045
audio_text_ln_lrh0.001_e5_s43,1960,4,1.16179,1.9621,0.0,0.0004141485958051902
audio_text_ln_lrh0.001_e5_s43,1961,4,1.5046,2.5229,0.0,0.00041379310344827585
audio_text_ln_lrh0.001_e5_s43,1962,4,1.60318,3.0187,0.0,0.00041343761109136155
audio_text_ln_lrh0.001_e5_s43,1963,4,0.9365,2.7793,0.0,0.00041308211873444724
audio_text_ln_lrh0.001_e5_s43,1964,4,1.11577,2.8678,0.0,0.0004127266263775329
audio_text_ln_lrh0.001_e5_s43,1965,4,1.12977,2.3189,0.0,0.0004123711340206185
audio_text_ln_lrh0.001_e5_s43,1966,4,1.53924,3.035,0.0,0.00041201564166370427
audio_text_ln_lrh0.001_e5_s43,1967,4,1.14537,2.8555,0.0,0.0004116601493067899
audio_text_ln_lrh0.001_e5_s43,1968,4,1.65151,2.4553,0.0,0.00041130465694987555
audio_text_ln_lrh0.001_e5_s43,1969,4,1.27747,2.5976,0.0,0.0004109491645929613
audio_text_ln_lrh0.001_e5_s43,1970,4,1.6123,2.6383,0.0,0.00041059367223604694
audio_text_ln_lrh0.001_e5_s43,1971,4,1.41186,2.2146,0.0,0.0004102381798791326
audio_text_ln_lrh0.001_e5_s43,1972,4,1.56837,2.9569,0.0,0.0004098826875222183
audio_text_ln_lrh0.001_e5_s43,1973,4,1.51124,3.0722,0.0,0.00040952719516530397
audio_text_ln_lrh0.001_e5_s43,1974,4,1.85909,4.3643,0.0,0.0004091717028083896
audio_text_ln_lrh0.001_e5_s43,1975,4,1.17987,2.5703,0.0,0.0004088162104514753
audio_text_ln_lrh0.001_e5_s43,1976,4,1.49213,2.2871,0.0,0.000408460718094561
audio_text_ln_lrh0.001_e5_s43,1977,4,1.26992,2.552,0.0,0.00040810522573764664
audio_text_ln_lrh0.001_e5_s43,1978,4,1.11968,2.5325,0.0,0.00040774973338073234
audio_text_ln_lrh0.001_e5_s43,1979,4,1.08071,2.1738,0.0,0.000407394241023818
audio_text_ln_lrh0.001_e5_s43,1980,4,1.20571,3.056,0.0,0.0004070387486669037
audio_text_ln_lrh0.001_e5_s43,1981,4,1.02275,2.5141,0.0,0.00040668325630998937
audio_text_ln_lrh0.001_e5_s43,1982,4,1.654,3.2282,0.0,0.000406327763953075
audio_text_ln_lrh0.001_e5_s43,1983,4,1.31221,1.9208,0.0,0.0004059722715961607
audio_text_ln_lrh0.001_e5_s43,1984,4,1.19593,2.2183,0.0,0.0004056167792392464
audio_text_ln_lrh0.001_e5_s43,1985,4,1.33908,2.7383,0.0,0.00040526128688233204
audio_text_ln_lrh0.001_e5_s43,1986,4,1.64729,3.2064,0.0,0.0004049057945254177
audio_text_ln_lrh0.001_e5_s43,1987,4,1.35474,2.0129,0.0,0.0004045503021685034
audio_text_ln_lrh0.001_e5_s43,1988,4,1.37269,2.4015,0.0,0.00040419480981158907
audio_text_ln_lrh0.001_e5_s43,1989,4,1.47152,2.5719,0.0,0.0004038393174546747
audio_text_ln_lrh0.001_e5_s43,1990,4,1.04988,1.8122,0.0,0.0004034838250977604
audio_text_ln_lrh0.001_e5_s43,1991,4,1.38354,2.8563,0.0,0.0004031283327408461
audio_text_ln_lrh0.001_e5_s43,1992,4,1.01013,2.2024,0.0,0.00040277284038393174
audio_text_ln_lrh0.001_e5_s43,1993,4,1.58039,2.6708,0.0,0.0004024173480270174
audio_text_ln_lrh0.001_e5_s43,1994,4,1.19989,2.1276,0.0,0.00040206185567010313
audio_text_ln_lrh0.001_e5_s43,1995,4,1.21556,2.5501,0.0,0.00040170636331318877
audio_text_ln_lrh0.001_e5_s43,1996,4,1.24505,2.5789,0.0,0.0004013508709562744
audio_text_ln_lrh0.001_e5_s43,1997,4,1.58232,2.7498,0.0,0.00040099537859936016
audio_text_ln_lrh0.001_e5_s43,1998,4,1.70562,2.6206,0.0,0.0004006398862424458
audio_text_ln_lrh0.001_e5_s43,1999,4,1.273,1.904,0.0,0.00040028439388553144
audio_text_ln_lrh0.001_e5_s43,2000,4,1.04382,2.43,0.0,0.00039992890152861714
audio_text_ln_lrh0.001_e5_s43,2001,4,1.22516,2.2081,0.0,0.00039957340917170283
audio_text_ln_lrh0.001_e5_s43,2002,4,0.98947,2.0687,0.0,0.00039921791681478847
audio_text_ln_lrh0.001_e5_s43,2003,4,1.45173,2.1496,0.0,0.00039886242445787417
audio_text_ln_lrh0.001_e5_s43,2004,4,1.15614,2.2315,0.0,0.00039850693210095986
audio_text_ln_lrh0.001_e5_s43,2005,4,1.63066,3.2689,0.0,0.0003981514397440455
audio_text_ln_lrh0.001_e5_s43,2006,4,1.25991,2.3936,0.0,0.0003977959473871312
audio_text_ln_lrh0.001_e5_s43,2007,4,1.33165,2.8662,0.0,0.00039744045503021684
audio_text_ln_lrh0.001_e5_s43,2008,4,1.00274,3.606,0.0,0.00039708496267330253
audio_text_ln_lrh0.001_e5_s43,2009,4,1.06456,2.5206,0.0,0.00039672947031638823
audio_text_ln_lrh0.001_e5_s43,2010,4,1.08026,2.5323,0.0,0.00039637397795947387
audio_text_ln_lrh0.001_e5_s43,2011,4,1.37075,2.4767,0.0,0.00039601848560255956
audio_text_ln_lrh0.001_e5_s43,2012,4,1.48921,3.4405,0.0,0.00039566299324564526
audio_text_ln_lrh0.001_e5_s43,2013,4,1.5346,3.2489,0.0,0.0003953075008887309
audio_text_ln_lrh0.001_e5_s43,2014,4,1.79182,3.3464,0.0,0.00039495200853181654
audio_text_ln_lrh0.001_e5_s43,2015,4,1.78656,3.3869,0.0,0.00039459651617490223
audio_text_ln_lrh0.001_e5_s43,2016,4,1.28045,2.4848,0.0,0.00039424102381798793
audio_text_ln_lrh0.001_e5_s43,2017,4,1.55945,3.0462,0.0,0.00039388553146107357
audio_text_ln_lrh0.001_e5_s43,2018,4,1.23914,2.4711,0.0,0.00039353003910415926
audio_text_ln_lrh0.001_e5_s43,2019,4,1.42488,3.0017,0.0,0.00039317454674724496
audio_text_ln_lrh0.001_e5_s43,2020,4,1.68921,2.8986,0.0,0.0003928190543903306
audio_text_ln_lrh0.001_e5_s43,2021,4,1.58778,2.9987,0.0,0.00039246356203341624
audio_text_ln_lrh0.001_e5_s43,2022,4,1.31766,2.7796,0.0,0.000392108069676502
audio_text_ln_lrh0.001_e5_s43,2023,4,1.98539,3.3999,0.0,0.00039175257731958763
audio_text_ln_lrh0.001_e5_s43,2024,4,1.13582,2.208,0.0,0.00039139708496267327
audio_text_ln_lrh0.001_e5_s43,2025,4,1.61716,3.2468,0.0,0.000391041592605759
audio_text_ln_lrh0.001_e5_s43,2026,4,1.27561,2.7768,0.0,0.00039068610024884466
audio_text_ln_lrh0.001_e5_s43,2027,4,1.29658,2.2977,0.0,0.0003903306078919303
audio_text_ln_lrh0.001_e5_s43,2028,4,1.05817,2.6898,0.0,0.00038997511553501605
audio_text_ln_lrh0.001_e5_s43,2029,4,1.21576,2.961,0.0,0.0003896196231781017
audio_text_ln_lrh0.001_e5_s43,2030,4,1.2189,3.2246,0.0,0.00038926413082118733
audio_text_ln_lrh0.001_e5_s43,2031,4,1.61252,3.0396,0.0,0.000388908638464273
audio_text_ln_lrh0.001_e5_s43,2032,4,1.34937,2.2384,0.0,0.0003885531461073587
audio_text_ln_lrh0.001_e5_s43,2033,4,1.49269,2.8553,0.0,0.00038819765375044436
audio_text_ln_lrh0.001_e5_s43,2034,4,1.44595,2.2797,0.0,0.00038784216139353006
audio_text_ln_lrh0.001_e5_s43,2035,4,1.60262,2.8871,0.0,0.00038748666903661575
audio_text_ln_lrh0.001_e5_s43,2036,4,1.6941,3.6768,0.0,0.0003871311766797014
audio_text_ln_lrh0.001_e5_s43,2037,4,1.44156,2.2772,0.0,0.0003867756843227871
audio_text_ln_lrh0.001_e5_s43,2038,4,1.38852,2.2621,0.0,0.0003864201919658727
audio_text_ln_lrh0.001_e5_s43,2039,4,1.16403,2.4556,0.0,0.0003860646996089584
audio_text_ln_lrh0.001_e5_s43,2040,4,1.28036,2.1487,0.0,0.0003857092072520441
audio_text_ln_lrh0.001_e5_s43,2041,4,1.33077,2.4477,0.0,0.00038535371489512976
audio_text_ln_lrh0.001_e5_s43,2042,4,1.1366,2.0594,0.0,0.00038499822253821545
audio_text_ln_lrh0.001_e5_s43,2043,4,1.25595,2.6042,0.0,0.00038464273018130115
audio_text_ln_lrh0.001_e5_s43,2044,4,1.40311,4.1183,0.0,0.0003842872378243868
audio_text_ln_lrh0.001_e5_s43,2045,4,1.17507,2.1539,0.0,0.00038393174546747243
audio_text_ln_lrh0.001_e5_s43,2046,4,1.5881,3.6112,0.0,0.0003835762531105581
audio_text_ln_lrh0.001_e5_s43,2047,4,1.13068,2.2253,0.0,0.0003832207607536438
audio_text_ln_lrh0.001_e5_s43,2048,4,1.27034,2.9487,0.0,0.00038286526839672946
audio_text_ln_lrh0.001_e5_s43,2049,4,1.37821,2.195,0.0,0.00038250977603981515
audio_text_ln_lrh0.001_e5_s43,2050,4,1.17406,2.4411,0.0,0.00038215428368290085
audio_text_ln_lrh0.001_e5_s43,2051,4,1.19003,2.3856,0.0,0.0003817987913259865
audio_text_ln_lrh0.001_e5_s43,2052,4,1.7626,3.3159,0.0,0.00038144329896907213
audio_text_ln_lrh0.001_e5_s43,2053,4,1.10214,4.0515,0.0,0.0003810878066121579
audio_text_ln_lrh0.001_e5_s43,2054,4,1.42164,2.3246,0.0,0.0003807323142552435
audio_text_ln_lrh0.001_e5_s43,2055,4,1.49785,2.24,0.0,0.00038037682189832916
audio_text_ln_lrh0.001_e5_s43,2056,4,1.23997,2.7207,0.0,0.0003800213295414149
audio_text_ln_lrh0.001_e5_s43,2057,4,1.42832,2.4171,0.0,0.00037966583718450055
audio_text_ln_lrh0.001_e5_s43,2058,4,1.02603,1.9604,0.0,0.0003793103448275862
audio_text_ln_lrh0.001_e5_s43,2059,4,1.11017,2.7654,0.0,0.0003789548524706719
audio_text_ln_lrh0.001_e5_s43,2060,4,1.45224,2.6965,0.0,0.0003785993601137576
audio_text_ln_lrh0.001_e5_s43,2061,4,1.26062,2.0759,0.0,0.0003782438677568432
audio_text_ln_lrh0.001_e5_s43,2062,4,0.9823,2.3227,0.0,0.0003778883753999289
audio_text_ln_lrh0.001_e5_s43,2063,4,1.84971,3.3841,0.0,0.0003775328830430146
audio_text_ln_lrh0.001_e5_s43,2064,4,1.55055,2.6572,0.0,0.00037717739068610025
audio_text_ln_lrh0.001_e5_s43,2065,4,1.71944,2.7213,0.0,0.00037682189832918594
audio_text_ln_lrh0.001_e5_s43,2066,4,1.65407,3.0697,0.0,0.0003764664059722716
audio_text_ln_lrh0.001_e5_s43,2067,4,1.03084,2.9002,0.0,0.0003761109136153573
audio_text_ln_lrh0.001_e5_s43,2068,4,1.64128,2.7711,0.0,0.000375755421258443
audio_text_ln_lrh0.001_e5_s43,2069,4,1.55955,2.4458,0.0,0.0003753999289015286
audio_text_ln_lrh0.001_e5_s43,2070,4,1.0645,2.8103,0.0,0.0003750444365446143
audio_text_ln_lrh0.001_e5_s43,2071,4,1.64192,3.4879,0.0,0.0003746889441877
audio_text_ln_lrh0.001_e5_s43,2072,4,1.21332,3.0202,0.0,0.00037433345183078564
audio_text_ln_lrh0.001_e5_s43,2073,4,1.29921,2.0392,0.0,0.0003739779594738713
audio_text_ln_lrh0.001_e5_s43,2074,4,1.01413,2.105,0.0,0.000373622467116957
audio_text_ln_lrh0.001_e5_s43,2075,4,1.66714,2.9652,0.0,0.0003732669747600427
audio_text_ln_lrh0.001_e5_s43,2076,4,1.22393,2.272,0.0,0.0003729114824031283
audio_text_ln_lrh0.001_e5_s43,2077,4,1.42572,2.2462,0.0,0.000372555990046214
audio_text_ln_lrh0.001_e5_s43,2078,4,1.62033,2.4765,0.0,0.0003722004976892997
audio_text_ln_lrh0.001_e5_s43,2079,4,1.11373,2.1589,0.0,0.00037184500533238535
audio_text_ln_lrh0.001_e5_s43,2080,4,0.90581,2.2229,0.0,0.000371489512975471
audio_text_ln_lrh0.001_e5_s43,2081,4,0.91336,2.3373,0.0,0.00037113402061855674
audio_text_ln_lrh0.001_e5_s43,2082,4,0.98544,2.1442,0.0,0.0003707785282616424
audio_text_ln_lrh0.001_e5_s43,2083,4,1.2532,2.7461,0.0,0.000370423035904728
audio_text_ln_lrh0.001_e5_s43,2084,4,1.33288,2.059,0.0,0.00037006754354781377
audio_text_ln_lrh0.001_e5_s43,2085,4,1.25698,2.1552,0.0,0.0003697120511908994
audio_text_ln_lrh0.001_e5_s43,2086,4,1.41131,2.3379,0.0,0.00036935655883398505
audio_text_ln_lrh0.001_e5_s43,2087,4,1.37362,2.4352,0.0,0.00036900106647707074
audio_text_ln_lrh0.001_e5_s43,2088,4,1.08048,2.4692,0.0,0.00036864557412015644
audio_text_ln_lrh0.001_e5_s43,2089,4,1.23131,2.273,0.0,0.0003682900817632421
audio_text_ln_lrh0.001_e5_s43,2090,4,1.69817,3.4192,0.0,0.00036793458940632777
audio_text_ln_lrh0.001_e5_s43,2091,4,1.58714,2.6896,0.0,0.00036757909704941347
audio_text_ln_lrh0.001_e5_s43,2092,4,1.56027,2.911,0.0,0.0003672236046924991
audio_text_ln_lrh0.001_e5_s43,2093,4,1.44586,2.7511,0.0,0.0003668681123355848
audio_text_ln_lrh0.001_e5_s43,2094,4,1.68377,3.1614,0.0,0.00036651261997867044
audio_text_ln_lrh0.001_e5_s43,2095,4,1.04602,3.2017,0.0,0.00036615712762175614
audio_text_ln_lrh0.001_e5_s43,2096,4,1.78574,3.3264,0.0,0.00036580163526484183
audio_text_ln_lrh0.001_e5_s43,2097,4,1.42192,2.6298,0.0,0.0003654461429079275
audio_text_ln_lrh0.001_e5_s43,2098,4,1.80537,2.9663,0.0,0.00036509065055101317
audio_text_ln_lrh0.001_e5_s43,2099,4,1.11399,3.0936,0.0,0.00036473515819409886
audio_text_ln_lrh0.001_e5_s43,2100,4,1.46278,2.6745,0.0,0.0003643796658371845
audio_text_ln_lrh0.001_e5_s43,2101,4,1.38508,2.6624,0.0,0.00036402417348027014
audio_text_ln_lrh0.001_e5_s43,2102,4,1.48062,2.3123,0.0,0.0003636686811233559
audio_text_ln_lrh0.001_e5_s43,2103,4,1.48192,2.2908,0.0,0.00036331318876644153
audio_text_ln_lrh0.001_e5_s43,2104,4,1.0224,2.1513,0.0,0.0003629576964095272
audio_text_ln_lrh0.001_e5_s43,2105,4,1.42117,2.9198,0.0,0.00036260220405261287
audio_text_ln_lrh0.001_e5_s43,2106,4,0.83858,2.0283,0.0,0.00036224671169569856
audio_text_ln_lrh0.001_e5_s43,2107,4,1.44426,2.4585,0.0,0.0003618912193387842
audio_text_ln_lrh0.001_e5_s43,2108,4,1.12933,3.3552,0.0,0.0003615357269818699
audio_text_ln_lrh0.001_e5_s43,2109,4,1.17738,2.7963,0.0,0.0003611802346249556
audio_text_ln_lrh0.001_e5_s43,2110,4,1.19807,2.2682,0.0,0.00036082474226804123
audio_text_ln_lrh0.001_e5_s43,2111,4,1.45917,2.6095,0.0,0.0003604692499111269
audio_text_ln_lrh0.001_e5_s43,2112,4,1.09876,2.0506,0.0,0.0003601137575542126
audio_text_ln_lrh0.001_e5_s43,2113,4,1.28341,2.6207,0.0,0.00035975826519729826
audio_text_ln_lrh0.001_e5_s43,2114,4,1.28395,2.2456,0.0,0.0003594027728403839
audio_text_ln_lrh0.001_e5_s43,2115,4,1.26739,3.6067,0.0,0.00035904728048346965
audio_text_ln_lrh0.001_e5_s43,2116,4,1.19789,2.5151,0.0,0.0003586917881265553
audio_text_ln_lrh0.001_e5_s43,2117,4,1.26385,2.765,0.0,0.00035833629576964094
audio_text_ln_lrh0.001_e5_s43,2118,4,1.31512,2.2578,0.0,0.00035798080341272663
audio_text_ln_lrh0.001_e5_s43,2119,4,1.5371,2.1921,0.0,0.0003576253110558123
audio_text_ln_lrh0.001_e5_s43,2120,4,0.9602,2.0283,0.0,0.00035726981869889797
audio_text_ln_lrh0.001_e5_s43,2121,4,1.19093,2.2011,0.0,0.00035691432634198366
audio_text_ln_lrh0.001_e5_s43,2122,4,1.28276,2.3566,0.0,0.00035655883398506936
audio_text_ln_lrh0.001_e5_s43,2123,4,1.61782,2.9691,0.0,0.000356203341628155
audio_text_ln_lrh0.001_e5_s43,2124,4,1.58532,3.573,0.0,0.0003558478492712407
audio_text_ln_lrh0.001_e5_s43,2125,4,1.50069,2.3844,0.0,0.00035549235691432633
audio_text_ln_lrh0.001_e5_s43,2126,4,1.37347,2.8948,0.0,0.000355136864557412
audio_text_ln_lrh0.001_e5_s43,2127,4,1.5728,2.7317,0.0,0.0003547813722004977
audio_text_ln_lrh0.001_e5_s43,2128,4,1.19153,2.6215,0.0,0.00035442587984358336
audio_text_ln_lrh0.001_e5_s43,2129,4,1.32109,3.3497,0.0,0.00035407038748666906
audio_text_ln_lrh0.001_e5_s43,2130,4,1.58869,3.5086,0.0,0.00035371489512975475
audio_text_ln_lrh0.001_e5_s43,2131,4,1.49243,2.3737,0.0,0.0003533594027728404
audio_text_ln_lrh0.001_e5_s43,2132,4,1.30851,2.3126,0.0,0.00035300391041592603
audio_text_ln_lrh0.001_e5_s43,2133,4,1.66443,2.5967,0.0,0.0003526484180590118
audio_text_ln_lrh0.001_e5_s43,2134,4,1.36567,2.8493,0.0,0.0003522929257020974
audio_text_ln_lrh0.001_e5_s43,2135,4,1.63383,3.2267,0.0,0.00035193743334518306
audio_text_ln_lrh0.001_e5_s43,2136,4,1.21692,2.8159,0.0,0.00035158194098826876
audio_text_ln_lrh0.001_e5_s43,2137,4,1.62361,3.0508,0.0,0.00035122644863135445
audio_text_ln_lrh0.001_e5_s43,2138,4,1.74181,2.9743,0.0,0.0003508709562744401
audio_text_ln_lrh0.001_e5_s43,2139,4,1.36572,2.3452,0.0,0.00035051546391752573
audio_text_ln_lrh0.001_e5_s43,2140,4,1.42502,3.1235,0.0,0.0003501599715606115
audio_text_ln_lrh0.001_e5_s43,2141,4,1.00067,2.1285,0.0,0.0003498044792036971
audio_text_ln_lrh0.001_e5_s43,2142,4,1.53379,2.5814,0.0,0.00034944898684678276
audio_text_ln_lrh0.001_e5_s43,2143,4,1.27444,2.5166,0.0,0.0003490934944898685
audio_text_ln_lrh0.001_e5_s43,2144,4,1.14668,1.9162,0.0,0.00034873800213295415
audio_text_ln_lrh0.001_e5_s43,2145,4,1.38441,2.2531,0.0,0.0003483825097760398
audio_text_ln_lrh0.001_e5_s43,2146,4,1.07954,2.3783,0.0,0.0003480270174191255
audio_text_ln_lrh0.001_e5_s43,2147,4,1.26579,2.2459,0.0,0.0003476715250622112
audio_text_ln_lrh0.001_e5_s43,2148,4,1.23339,2.4231,0.0,0.0003473160327052968
audio_text_ln_lrh0.001_e5_s43,2149,4,1.40179,2.536,0.0,0.0003469605403483825
audio_text_ln_lrh0.001_e5_s43,2150,4,1.78063,3.3473,0.0,0.0003466050479914682
audio_text_ln_lrh0.001_e5_s43,2151,4,1.51851,4.1248,0.0,0.00034624955563455385
audio_text_ln_lrh0.001_e5_s43,2152,4,1.31305,1.9543,0.0,0.00034589406327763955
audio_text_ln_lrh0.001_e5_s43,2153,4,1.18844,2.2733,0.0,0.0003455385709207252
audio_text_ln_lrh0.001_e5_s43,2154,4,1.32826,3.0704,0.0,0.0003451830785638109
audio_text_ln_lrh0.001_e5_s43,2155,4,1.53432,2.1436,0.0,0.0003448275862068966
audio_text_ln_lrh0.001_e5_s43,2156,4,1.28237,2.3259,0.0,0.0003444720938499822
audio_text_ln_lrh0.001_e5_s43,2157,4,1.33286,2.7595,0.0,0.0003441166014930679
audio_text_ln_lrh0.001_e5_s43,2158,4,1.10969,2.912,0.0,0.0003437611091361536
audio_text_ln_lrh0.001_e5_s43,2159,4,1.42603,2.473,0.0,0.00034340561677923925
audio_text_ln_lrh0.001_e5_s43,2160,4,1.50198,2.3173,0.0,0.0003430501244223249
audio_text_ln_lrh0.001_e5_s43,2161,4,1.57788,2.6516,0.0,0.00034269463206541064
audio_text_ln_lrh0.001_e5_s43,2162,4,1.34646,2.5075,0.0,0.0003423391397084963
audio_text_ln_lrh0.001_e5_s43,2163,4,1.46266,3.4862,0.0,0.0003419836473515819
audio_text_ln_lrh0.001_e5_s43,2164,4,0.91655,2.9434,0.0,0.0003416281549946676
audio_text_ln_lrh0.001_e5_s43,2165,4,1.21181,2.2846,0.0,0.0003412726626377533
audio_text_ln_lrh0.001_e5_s43,2166,4,1.28631,2.7445,0.0,0.00034091717028083895
audio_text_ln_lrh0.001_e5_s43,2167,4,1.47865,2.4799,0.0,0.0003405616779239246
audio_text_ln_lrh0.001_e5_s43,2168,4,1.53683,2.7574,0.0,0.00034020618556701034
audio_text_ln_lrh0.001_e5_s43,2169,4,1.38392,2.8417,0.0,0.000339850693210096
audio_text_ln_lrh0.001_e5_s43,2170,4,1.34199,2.584,0.0,0.0003394952008531816
audio_text_ln_lrh0.001_e5_s43,2171,4,1.36111,2.5327,0.0,0.00033913970849626737
audio_text_ln_lrh0.001_e5_s43,2172,4,0.81558,2.3366,0.0,0.000338784216139353
audio_text_ln_lrh0.001_e5_s43,2173,4,1.41356,2.2339,0.0,0.00033842872378243865
audio_text_ln_lrh0.001_e5_s43,2174,4,1.44445,2.2073,0.0,0.0003380732314255244
audio_text_ln_lrh0.001_e5_s43,2175,4,1.4247,2.9327,0.0,0.00033771773906861004
audio_text_ln_lrh0.001_e5_s43,2176,4,1.50307,2.4774,0.0,0.0003373622467116957
audio_text_ln_lrh0.001_e5_s43,2177,4,1.5038,2.4818,0.0,0.0003370067543547814
audio_text_ln_lrh0.001_e5_s43,2178,4,1.21405,2.1323,0.0,0.00033665126199786707
audio_text_ln_lrh0.001_e5_s43,2179,4,1.25937,2.6788,0.0,0.0003362957696409527
audio_text_ln_lrh0.001_e5_s43,2180,4,1.58436,2.3888,0.0,0.0003359402772840384
audio_text_ln_lrh0.001_e5_s43,2181,4,1.27578,2.1754,0.0,0.0003355847849271241
audio_text_ln_lrh0.001_e5_s43,2182,4,1.36453,2.7765,0.0,0.00033522929257020974
audio_text_ln_lrh0.001_e5_s43,2183,4,1.41105,2.5692,0.0,0.00033487380021329544
audio_text_ln_lrh0.001_e5_s43,2184,4,1.7767,4.112,0.0,0.0003345183078563811
audio_text_ln_lrh0.001_e5_s43,2185,4,1.41955,3.1808,0.0,0.0003341628154994668
audio_text_ln_lrh0.001_e5_s43,2186,4,1.26347,2.6545,0.0,0.00033380732314255247
audio_text_ln_lrh0.001_e5_s43,2187,4,1.2787,2.9637,0.0,0.0003334518307856381
audio_text_ln_lrh0.001_e5_s43,2188,4,1.65203,3.2368,0.0,0.0003330963384287238
audio_text_ln_lrh0.001_e5_s43,2189,4,1.08005,2.1179,0.0,0.0003327408460718095
audio_text_ln_lrh0.001_e5_s43,2190,4,1.62102,2.7073,0.0,0.00033238535371489514
audio_text_ln_lrh0.001_e5_s43,2191,4,1.04749,2.0718,0.0,0.0003320298613579808
audio_text_ln_lrh0.001_e5_s43,2192,4,1.34318,2.1485,0.0,0.00033167436900106653
audio_text_ln_lrh0.001_e5_s43,2193,4,1.23701,2.2032,0.0,0.00033131887664415217
audio_text_ln_lrh0.001_e5_s43,2194,4,1.44988,2.2202,0.0,0.0003309633842872378
audio_text_ln_lrh0.001_e5_s43,2195,4,1.0812,1.9675,0.0,0.0003306078919303235
audio_text_ln_lrh0.001_e5_s43,2196,4,1.60126,2.1098,0.0,0.0003302523995734092
audio_text_ln_lrh0.001_e5_s43,2197,4,1.17056,2.423,0.0,0.00032989690721649484
audio_text_ln_lrh0.001_e5_s43,2198,4,1.41273,2.6825,0.0,0.0003295414148595805
audio_text_ln_lrh0.001_e5_s43,2199,4,1.09704,2.8074,0.0,0.00032918592250266623
audio_text_ln_lrh0.001_e5_s43,2200,4,1.7627,3.2514,0.0,0.00032883043014575187
audio_text_ln_lrh0.001_e5_s43,2201,4,1.75458,3.878,0.0,0.0003284749377888375
audio_text_ln_lrh0.001_e5_s43,2202,4,1.16863,2.3343,0.0,0.00032811944543192326
audio_text_ln_lrh0.001_e5_s43,2203,4,1.01992,2.636,0.0,0.0003277639530750089
audio_text_ln_lrh0.001_e5_s43,2204,4,0.97278,2.0011,0.0,0.00032740846071809454
audio_text_ln_lrh0.001_e5_s43,2205,4,1.3109,2.735,0.0,0.00032705296836118024
audio_text_ln_lrh0.001_e5_s43,2206,4,1.52493,2.8157,0.0,0.00032669747600426593
audio_text_ln_lrh0.001_e5_s43,2207,4,1.13608,2.3389,0.0,0.00032634198364735157
audio_text_ln_lrh0.001_e5_s43,2208,4,1.39266,2.3103,0.0,0.00032598649129043727
audio_text_ln_lrh0.001_e5_s43,2209,4,1.63701,3.3578,0.0,0.00032563099893352296
audio_text_ln_lrh0.001_e5_s43,2210,4,1.72172,3.3966,0.0,0.0003252755065766086
audio_text_ln_lrh0.001_e5_s43,2211,4,1.14686,2.48,0.0,0.0003249200142196943
audio_text_ln_lrh0.001_e5_s43,2212,4,1.15683,2.5344,0.0,0.00032456452186277994
audio_text_ln_lrh0.001_e5_s43,2213,4,1.05521,2.3707,0.0,0.00032420902950586563
audio_text_ln_lrh0.001_e5_s43,2214,4,1.21039,2.3453,0.0,0.0003238535371489513
audio_text_ln_lrh0.001_e5_s43,2215,4,1.41941,3.0019,0.0,0.00032349804479203697
audio_text_ln_lrh0.001_e5_s43,2216,4,1.42493,4.0542,0.0,0.00032314255243512266
audio_text_ln_lrh0.001_e5_s43,2217,4,1.34282,2.1085,0.0,0.00032278706007820836
audio_text_ln_lrh0.001_e5_s43,2218,4,1.45571,2.8951,0.0,0.000322431567721294
audio_text_ln_lrh0.001_e5_s43,2219,4,1.13318,2.5497,0.0,0.00032207607536437964
audio_text_ln_lrh0.001_e5_s43,2220,4,0.99617,1.9125,0.0,0.0003217205830074654
audio_text_ln_lrh0.001_e5_s43,2221,4,1.13533,2.7183,0.0,0.00032136509065055103
audio_text_ln_lrh0.001_e5_s43,2222,4,1.2276,2.368,0.0,0.00032100959829363667
audio_text_ln_lrh0.001_e5_s43,2223,4,1.38461,4.1392,0.0,0.00032065410593672236
audio_text_ln_lrh0.001_e5_s43,2224,4,1.43973,3.8693,0.0,0.00032029861357980806
audio_text_ln_lrh0.001_e5_s43,2225,4,1.39307,2.5627,0.0,0.0003199431212228937
audio_text_ln_lrh0.001_e5_s43,2226,4,1.33091,3.2601,0.0,0.00031958762886597934
audio_text_ln_lrh0.001_e5_s43,2227,4,1.44204,2.0621,0.0,0.0003192321365090651
audio_text_ln_lrh0.001_e5_s43,2228,4,1.29632,2.9351,0.0,0.00031887664415215073
audio_text_ln_lrh0.001_e5_s43,2229,4,1.50753,2.7256,0.0,0.00031852115179523637
audio_text_ln_lrh0.001_e5_s43,2230,4,1.25124,2.4154,0.0,0.0003181656594383221
audio_text_ln_lrh0.001_e5_s43,2231,4,0.91681,3.3613,0.0,0.00031781016708140776
audio_text_ln_lrh0.001_e5_s43,2232,4,1.40476,4.0702,0.0,0.0003174546747244934
audio_text_ln_lrh0.001_e5_s43,2233,4,1.55115,3.1546,0.0,0.0003170991823675791
audio_text_ln_lrh0.001_e5_s43,2234,4,1.45582,3.065,0.0,0.0003167436900106648
audio_text_ln_lrh0.001_e5_s43,2235,4,1.20879,3.712,0.0,0.00031638819765375043
audio_text_ln_lrh0.001_e5_s43,2236,4,1.37653,2.9091,0.0,0.0003160327052968361
audio_text_ln_lrh0.001_e5_s43,2237,4,1.36264,2.7301,0.0,0.0003156772129399218
audio_text_ln_lrh0.001_e5_s43,2238,4,1.11708,3.9414,0.0,0.00031532172058300746
audio_text_ln_lrh0.001_e5_s43,2239,4,1.43526,2.8591,0.0,0.00031496622822609315
audio_text_ln_lrh0.001_e5_s43,2240,4,1.00593,2.2441,0.0,0.0003146107358691788
audio_text_ln_lrh0.001_e5_s43,2241,4,1.31117,2.7043,0.0,0.0003142552435122645
audio_text_ln_lrh0.001_e5_s43,2242,4,1.09531,2.1253,0.0,0.0003138997511553502
audio_text_ln_lrh0.001_e5_s43,2243,4,1.25914,2.1899,0.0,0.0003135442587984358
audio_text_ln_lrh0.001_e5_s43,2244,4,1.06562,2.5281,0.0,0.0003131887664415215
audio_text_ln_lrh0.001_e5_s43,2245,4,1.51671,2.4363,0.0,0.0003128332740846072
audio_text_ln_lrh0.001_e5_s43,2246,4,1.41007,2.3936,0.0,0.00031247778172769286
audio_text_ln_lrh0.001_e5_s43,2247,4,1.56447,3.074,0.0,0.0003121222893707785
audio_text_ln_lrh0.001_e5_s43,2248,4,1.01308,2.9467,0.0,0.00031176679701386425
audio_text_ln_lrh0.001_e5_s43,2249,4,1.02407,2.3029,0.0,0.0003114113046569499
audio_text_ln_lrh0.001_e5_s43,2250,4,1.67156,2.7702,0.0,0.0003110558123000355
audio_text_ln_lrh0.001_e5_s43,2251,4,1.65675,3.808,0.0,0.0003107003199431213
audio_text_ln_lrh0.001_e5_s43,2252,4,0.95551,2.8785,0.0,0.0003103448275862069
audio_text_ln_lrh0.001_e5_s43,2253,4,1.56409,2.7883,0.0,0.00030998933522929256
audio_text_ln_lrh0.001_e5_s43,2254,4,1.33437,2.5295,0.0,0.0003096338428723782
audio_text_ln_lrh0.001_e5_s43,2255,4,1.43528,3.3366,0.0,0.00030927835051546395
audio_text_ln_lrh0.001_e5_s43,2256,4,1.11319,3.04,0.0,0.0003089228581585496
audio_text_ln_lrh0.001_e5_s43,2257,4,0.75853,2.9502,0.0,0.00030856736580163523
audio_text_ln_lrh0.001_e5_s43,2258,4,1.41213,2.7082,0.0,0.000308211873444721
audio_text_ln_lrh0.001_e5_s43,2259,4,1.80157,3.91,0.0,0.0003078563810878066
audio_text_ln_lrh0.001_e5_s43,2260,4,1.39319,2.6092,0.0,0.00030750088873089226
audio_text_ln_lrh0.001_e5_s43,2261,4,1.28402,2.1741,0.0,0.000307145396373978
audio_text_ln_lrh0.001_e5_s43,2262,4,1.16652,2.5407,0.0,0.00030678990401706365
audio_text_ln_lrh0.001_e5_s43,2263,4,0.8734,2.3785,0.0,0.0003064344116601493
audio_text_ln_lrh0.001_e5_s43,2264,4,1.25042,2.2899,0.0,0.000306078919303235
audio_text_ln_lrh0.001_e5_s43,2265,4,1.55482,2.5782,0.0,0.0003057234269463207
audio_text_ln_lrh0.001_e5_s43,2266,4,1.47999,2.6877,0.0,0.0003053679345894063
audio_text_ln_lrh0.001_e5_s43,2267,4,1.3779,2.0093,0.0,0.000305012442232492
audio_text_ln_lrh0.001_e5_s43,2268,4,1.40135,3.5675,0.0,0.0003046569498755777
audio_text_ln_lrh0.001_e5_s43,2269,4,1.28708,2.0686,0.0,0.00030430145751866335
audio_text_ln_lrh0.001_e5_s43,2270,4,1.20027,2.5421,0.0,0.00030394596516174904
audio_text_ln_lrh0.001_e5_s43,2271,4,1.6259,3.9265,0.0,0.0003035904728048347
audio_text_ln_lrh0.001_e5_s43,2272,4,1.55739,2.381,0.0,0.0003032349804479204
audio_text_ln_lrh0.001_e5_s43,2273,4,1.30592,2.0632,0.0,0.0003028794880910061
audio_text_ln_lrh0.001_e5_s43,2274,4,1.44391,2.4595,0.0,0.0003025239957340917
audio_text_ln_lrh0.001_e5_s43,2275,4,1.21729,2.2487,0.0,0.0003021685033771774
audio_text_ln_lrh0.001_e5_s43,2276,4,1.21193,2.9079,0.0,0.0003018130110202631
audio_text_ln_lrh0.001_e5_s43,2277,4,1.04721,2.2092,0.0,0.00030145751866334874
audio_text_ln_lrh0.001_e5_s43,2278,4,1.71949,4.1026,0.0,0.0003011020263064344
audio_text_ln_lrh0.001_e5_s43,2279,4,0.98905,2.4788,0.0,0.00030074653394952013
audio_text_ln_lrh0.001_e5_s43,2280,4,1.07751,2.2146,0.0,0.0003003910415926058
audio_text_ln_lrh0.001_e5_s43,2281,4,1.66471,2.8872,0.0,0.0003000355492356914
audio_text_ln_lrh0.001_e5_s43,2282,4,1.17434,2.3431,0.0,0.0002996800568787771
audio_text_ln_lrh0.001_e5_s43,2283,4,1.29246,2.6945,0.0,0.0002993245645218628
audio_text_ln_lrh0.001_e5_s43,2284,4,1.30198,2.1245,0.0,0.00029896907216494845
audio_text_ln_lrh0.001_e5_s43,2285,4,1.3776,2.3394,0.0,0.0002986135798080341
audio_text_ln_lrh0.001_e5_s43,2286,4,1.22913,3.1668,0.0,0.00029825808745111983
audio_text_ln_lrh0.001_e5_s43,2287,4,1.43164,2.6813,0.0,0.0002979025950942055
audio_text_ln_lrh0.001_e5_s43,2288,4,0.84728,2.2887,0.0,0.0002975471027372911
audio_text_ln_lrh0.001_e5_s43,2289,4,1.39994,2.3028,0.0,0.00029719161038037687
audio_text_ln_lrh0.001_e5_s43,2290,4,1.46518,2.8811,0.0,0.0002968361180234625
audio_text_ln_lrh0.001_e5_s43,2291,4,1.14113,2.6627,0.0,0.00029648062566654815
audio_text_ln_lrh0.001_e5_s43,2292,4,1.16154,1.8309,0.0,0.00029612513330963384
audio_text_ln_lrh0.001_e5_s43,2293,4,1.1584,2.2425,0.0,0.00029576964095271954
audio_text_ln_lrh0.001_e5_s43,2294,4,1.33386,2.4087,0.0,0.0002954141485958052
audio_text_ln_lrh0.001_e5_s43,2295,4,1.13062,2.447,0.0,0.00029505865623889087
audio_text_ln_lrh0.001_e5_s43,2296,4,1.2506,2.9847,0.0,0.00029470316388197657
audio_text_ln_lrh0.001_e5_s43,2297,4,1.34403,2.5346,0.0,0.0002943476715250622
audio_text_ln_lrh0.001_e5_s43,2298,4,1.17934,2.731,0.0,0.0002939921791681479
audio_text_ln_lrh0.001_e5_s43,2299,4,1.23724,2.6051,0.0,0.00029363668681123354
audio_text_ln_lrh0.001_e5_s43,2300,4,0.84688,2.6255,0.0,0.00029328119445431924
audio_text_ln_lrh0.001_e5_s43,2301,4,1.55143,2.1801,0.0,0.00029292570209740493
audio_text_ln_lrh0.001_e5_s43,2302,4,1.07121,2.4632,0.0,0.00029257020974049057
audio_text_ln_lrh0.001_e5_s43,2303,4,1.39163,3.0756,0.0,0.00029221471738357627
audio_text_ln_lrh0.001_e5_s43,2304,4,1.57498,2.37,0.0,0.00029185922502666196
audio_text_ln_lrh0.001_e5_s43,2305,4,1.20548,2.5196,0.0,0.0002915037326697476
audio_text_ln_lrh0.001_e5_s43,2306,4,1.25273,2.6306,0.0,0.00029114824031283324
audio_text_ln_lrh0.001_e5_s43,2307,4,1.88035,3.1799,0.0,0.000290792747955919
audio_text_ln_lrh0.001_e5_s43,2308,4,1.5165,3.3585,0.0,0.00029043725559900463
audio_text_ln_lrh0.001_e5_s43,2309,4,1.43484,2.4395,0.0,0.0002900817632420903
audio_text_ln_lrh0.001_e5_s43,2310,4,0.90499,1.8497,0.0,0.000289726270885176
audio_text_ln_lrh0.001_e5_s43,2311,4,1.36233,2.2007,0.0,0.00028937077852826166
audio_text_ln_lrh0.001_e5_s43,2312,4,1.16943,2.1613,0.0,0.0002890152861713473
audio_text_ln_lrh0.001_e5_s43,2313,4,1.35881,3.7245,0.0,0.00028865979381443294
audio_text_ln_lrh0.001_e5_s43,2314,4,1.25843,2.9274,0.0,0.0002883043014575187
audio_text_ln_lrh0.001_e5_s43,2315,4,1.50265,2.761,0.0,0.00028794880910060433
audio_text_ln_lrh0.001_e5_s43,2316,4,1.30893,3.1696,0.0,0.00028759331674369
audio_text_ln_lrh0.001_e5_s43,2317,4,0.93061,2.1904,0.0,0.0002872378243867757
audio_text_ln_lrh0.001_e5_s43,2318,4,1.04689,2.1995,0.0,0.00028688233202986136
audio_text_ln_lrh0.001_e5_s43,2319,4,1.1976,2.3253,0.0,0.000286526839672947
audio_text_ln_lrh0.001_e5_s43,2320,4,0.92912,2.7847,0.0,0.0002861713473160327
audio_text_ln_lrh0.001_e5_s43,2321,4,1.03279,2.3591,0.0,0.0002858158549591184
audio_text_ln_lrh0.001_e5_s43,2322,4,1.02555,2.0465,0.0,0.00028546036260220403
audio_text_ln_lrh0.001_e5_s43,2323,4,1.74609,3.0394,0.0,0.00028510487024528973
audio_text_ln_lrh0.001_e5_s43,2324,4,1.50293,3.1265,0.0,0.0002847493778883754
audio_text_ln_lrh0.001_e5_s43,2325,4,1.31338,2.7239,0.0,0.00028439388553146107
audio_text_ln_lrh0.001_e5_s43,2326,4,1.70728,4.1461,0.0,0.00028403839317454676
audio_text_ln_lrh0.001_e5_s43,2327,4,1.18942,3.1942,0.0,0.00028368290081763245
audio_text_ln_lrh0.001_e5_s43,2328,4,1.46982,3.3078,0.0,0.0002833274084607181
audio_text_ln_lrh0.001_e5_s43,2329,4,1.16837,2.4957,0.0,0.0002829719161038038
audio_text_ln_lrh0.001_e5_s43,2330,4,1.50674,2.352,0.0,0.00028261642374688943
audio_text_ln_lrh0.001_e5_s43,2331,4,1.63209,2.7417,0.0,0.0002822609313899751
audio_text_ln_lrh0.001_e5_s43,2332,4,1.56161,2.6992,0.0,0.0002819054390330608
audio_text_ln_lrh0.001_e5_s43,2333,4,1.63674,2.9706,0.0,0.00028154994667614646
audio_text_ln_lrh0.001_e5_s43,2334,4,1.49195,2.842,0.0,0.00028119445431923216
audio_text_ln_lrh0.001_e5_s43,2335,4,0.91736,2.4877,0.0,0.00028083896196231785
audio_text_ln_lrh0.001_e5_s43,2336,4,1.34789,2.6695,0.0,0.0002804834696054035
audio_text_ln_lrh0.001_e5_s43,2337,4,1.3664,2.6852,0.0,0.00028012797724848913
audio_text_ln_lrh0.001_e5_s43,2338,4,1.26603,2.4578,0.0,0.0002797724848915749
audio_text_ln_lrh0.001_e5_s43,2339,4,1.17218,3.5368,0.0,0.0002794169925346605
audio_text_ln_lrh0.001_e5_s43,2340,4,1.29578,2.0502,0.0,0.00027906150017774616
audio_text_ln_lrh0.001_e5_s43,2341,4,1.61993,2.7498,0.0,0.00027870600782083186
audio_text_ln_lrh0.001_e5_s43,2342,4,1.66323,3.7846,0.0,0.00027835051546391755
audio_text_ln_lrh0.001_e5_s43,2343,4,1.26367,3.0116,0.0,0.0002779950231070032
audio_text_ln_lrh0.001_e5_s43,2344,4,1.44327,2.5558,0.0,0.00027763953075008883
audio_text_ln_lrh0.001_e5_s43,2345,4,1.2729,2.8658,0.0,0.0002772840383931746
audio_text_ln_lrh0.001_e5_s43,2346,4,1.57493,3.0688,0.0,0.0002769285460362602
audio_text_ln_lrh0.001_e5_s43,2347,4,1.48285,3.4247,0.0,0.00027657305367934586
audio_text_ln_lrh0.001_e5_s43,2348,4,1.25988,3.1205,0.0,0.0002762175613224316
audio_text_ln_lrh0.001_e5_s43,2349,4,1.18459,2.4961,0.0,0.00027586206896551725
audio_text_ln_lrh0.001_e5_s43,2350,4,1.24163,2.502,0.0,0.0002755065766086029
audio_text_ln_lrh0.001_e5_s43,2351,4,1.70357,2.6973,0.0,0.0002751510842516886
audio_text_ln_lrh0.001_e5_s43,2352,4,1.30588,2.6064,0.0,0.0002747955918947743
audio_text_ln_lrh0.001_e5_s43,2353,4,1.27269,2.1484,0.0,0.0002744400995378599
audio_text_ln_lrh0.001_e5_s43,2354,4,0.99533,2.5348,0.0,0.0002740846071809456
audio_text_ln_lrh0.001_e5_s43,2355,4,1.22982,2.7479,0.0,0.0002737291148240313
audio_text_ln_lrh0.001_e5_s43,2356,4,1.17351,2.2544,0.0,0.00027337362246711695
audio_text_ln_lrh0.001_e5_s43,2357,4,1.50946,2.6455,0.0,0.00027301813011020265
audio_text_ln_lrh0.001_e5_s43,2358,4,0.95027,2.5603,0.0,0.0002726626377532883
audio_text_ln_lrh0.001_e5_s43,2359,4,1.46735,3.0054,0.0,0.000272307145396374
audio_text_ln_lrh0.001_e5_s43,2360,4,1.23396,2.66,0.0,0.0002719516530394597
audio_text_ln_lrh0.001_e5_s43,2361,4,1.63255,2.3488,0.0,0.0002715961606825453
audio_text_ln_lrh0.001_e5_s43,2362,4,1.69389,3.0779,0.0,0.000271240668325631
audio_text_ln_lrh0.001_e5_s43,2363,4,1.75804,2.7909,0.0,0.0002708851759687167
audio_text_ln_lrh0.001_e5_s43,2364,4,1.46949,2.4658,0.0,0.00027052968361180235
audio_text_ln_lrh0.001_e5_s43,2365,4,1.33501,3.2219,0.0,0.000270174191254888
audio_text_ln_lrh0.001_e5_s43,2366,4,1.47068,2.3944,0.0,0.00026981869889797374
audio_text_ln_lrh0.001_e5_s43,2367,4,1.43813,3.5652,0.0,0.0002694632065410594
audio_text_ln_lrh0.001_e5_s43,2368,4,1.3944,3.354,0.0,0.000269107714184145
audio_text_ln_lrh0.001_e5_s43,2369,4,1.04971,2.3141,0.0,0.00026875222182723077
audio_text_ln_lrh0.001_e5_s43,2370,4,1.13267,2.6997,0.0,0.0002683967294703164
audio_text_ln_lrh0.001_e5_s43,2371,4,1.57436,3.3746,0.0,0.00026804123711340205
audio_text_ln_lrh0.001_e5_s43,2372,4,1.64596,2.8765,0.0,0.0002676857447564877
audio_text_ln_lrh0.001_e5_s43,2373,4,1.32797,2.6901,0.0,0.00026733025239957344
audio_text_ln_lrh0.001_e5_s43,2374,4,1.46114,2.4517,0.0,0.0002669747600426591
audio_text_ln_lrh0.001_e5_s43,2375,4,0.99131,2.548,0.0,0.0002666192676857447
audio_text_ln_lrh0.001_e5_s43,2376,4,1.33819,2.0918,0.0,0.00026626377532883047
audio_text_ln_lrh0.001_e5_s43,2377,4,1.0944,3.2545,0.0,0.0002659082829719161
audio_text_ln_lrh0.001_e5_s43,2378,4,1.5792,3.4852,0.0,0.00026555279061500175
audio_text_ln_lrh0.001_e5_s43,2379,4,0.96032,2.6278,0.0,0.00026519729825808745
audio_text_ln_lrh0.001_e5_s43,2380,4,1.21449,3.6371,0.0,0.00026484180590117314
audio_text_ln_lrh0.001_e5_s43,2381,4,0.99649,2.6528,0.0,0.0002644863135442588
audio_text_ln_lrh0.001_e5_s43,2382,4,1.20478,2.3306,0.0,0.0002641308211873445
audio_text_ln_lrh0.001_e5_s43,2383,4,1.17473,2.0859,0.0,0.00026377532883043017
audio_text_ln_lrh0.001_e5_s43,2384,4,1.38304,3.034,0.0,0.0002634198364735158
audio_text_ln_lrh0.001_e5_s43,2385,4,1.14164,2.1869,0.0,0.0002630643441166015
audio_text_ln_lrh0.001_e5_s43,2386,4,1.49721,2.286,0.0,0.00026270885175968715
audio_text_ln_lrh0.001_e5_s43,2387,4,1.06614,2.2679,0.0,0.00026235335940277284
audio_text_ln_lrh0.001_e5_s43,2388,4,1.12126,2.7102,0.0,0.00026199786704585854
audio_text_ln_lrh0.001_e5_s43,2389,4,1.26313,2.8917,0.0,0.0002616423746889442
audio_text_ln_lrh0.001_e5_s43,2390,4,1.29767,3.2296,0.0,0.00026128688233202987
audio_text_ln_lrh0.001_e5_s43,2391,4,1.1543,1.9808,0.0,0.00026093138997511557
audio_text_ln_lrh0.001_e5_s43,2392,4,1.83207,3.8938,0.0,0.0002605758976182012
audio_text_ln_lrh0.001_e5_s43,2393,4,1.33768,2.6169,0.0,0.00026022040526128685
audio_text_ln_lrh0.001_e5_s43,2394,4,0.96625,2.5433,0.0,0.0002598649129043726
audio_text_ln_lrh0.001_e5_s43,2395,4,1.81594,3.8569,0.0,0.00025950942054745824
audio_text_ln_lrh0.001_e5_s43,2396,4,1.2217,2.1736,0.0,0.0002591539281905439
audio_text_ln_lrh0.001_e5_s43,2397,4,1.21857,2.0634,0.0,0.00025879843583362963
audio_text_ln_lrh0.001_e5_s43,2398,4,1.23346,2.3301,0.0,0.00025844294347671527
audio_text_ln_lrh0.001_e5_s43,2399,4,1.40154,3.6419,0.0,0.0002580874511198009
audio_text_ln_lrh0.001_e5_s43,2400,4,1.45991,2.6074,0.0,0.00025773195876288655
audio_text_ln_lrh0.001_e5_s43,2401,4,1.86746,3.1165,0.0,0.0002573764664059723
audio_text_ln_lrh0.001_e5_s43,2402,4,1.40487,2.7094,0.0,0.00025702097404905794
audio_text_ln_lrh0.001_e5_s43,2403,4,1.32435,2.217,0.0,0.0002566654816921436
audio_text_ln_lrh0.001_e5_s43,2404,4,1.20951,2.3463,0.0,0.00025630998933522933
audio_text_ln_lrh0.001_e5_s43,2405,4,1.56453,3.0055,0.0,0.00025595449697831497
audio_text_ln_lrh0.001_e5_s43,2406,4,1.04382,2.6667,0.0,0.0002555990046214006
audio_text_ln_lrh0.001_e5_s43,2407,4,1.31996,3.2503,0.0,0.00025524351226448636
audio_text_ln_lrh0.001_e5_s43,2408,4,1.10759,3.0717,0.0,0.000254888019907572
audio_text_ln_lrh0.001_e5_s43,2409,4,0.87353,2.6217,0.0,0.00025453252755065764
audio_text_ln_lrh0.001_e5_s43,2410,4,1.62939,3.1409,0.0,0.00025417703519374334
audio_text_ln_lrh0.001_e5_s43,2411,4,1.21986,2.7679,0.0,0.00025382154283682903
audio_text_ln_lrh0.001_e5_s43,2412,4,1.29464,2.9952,0.0,0.00025346605047991467
audio_text_ln_lrh0.001_e5_s43,2413,4,1.14087,2.0739,0.0,0.00025311055812300037
audio_text_ln_lrh0.001_e5_s43,2414,4,1.29743,3.2572,0.0,0.00025275506576608606
audio_text_ln_lrh0.001_e5_s43,2415,4,1.44645,2.6343,0.0,0.0002523995734091717
audio_text_ln_lrh0.001_e5_s43,2416,4,1.61045,3.2368,0.0,0.0002520440810522574
audio_text_ln_lrh0.001_e5_s43,2417,4,1.21088,2.0704,0.0,0.00025168858869534304
audio_text_ln_lrh0.001_e5_s43,2418,4,1.76205,2.7234,0.0,0.00025133309633842873
audio_text_ln_lrh0.001_e5_s43,2419,4,1.20957,2.4183,0.0,0.0002509776039815144
audio_text_ln_lrh0.001_e5_s43,2420,4,1.44636,3.0255,0.0,0.00025062211162460007
audio_text_ln_lrh0.001_e5_s43,2421,4,1.62505,2.5745,0.0,0.00025026661926768576
audio_text_ln_lrh0.001_e5_s43,2422,4,1.22153,2.2711,0.0,0.0002499111269107714
audio_text_ln_lrh0.001_e5_s43,2423,4,1.26719,2.9468,0.0,0.0002495556345538571
audio_text_ln_lrh0.001_e5_s43,2424,4,1.60909,2.2948,0.0,0.00024920014219694274
audio_text_ln_lrh0.001_e5_s43,2425,4,1.1849,2.59,0.0,0.00024884464984002843
audio_text_ln_lrh0.001_e5_s43,2426,4,1.22118,2.4605,0.0,0.0002484891574831141
audio_text_ln_lrh0.001_e5_s43,2427,4,1.60567,2.6603,0.0,0.00024813366512619977
audio_text_ln_lrh0.001_e5_s43,2428,4,1.22127,2.3071,0.0,0.00024777817276928546
audio_text_ln_lrh0.001_e5_s43,2429,4,1.09361,2.6706,0.0,0.00024742268041237116
audio_text_ln_lrh0.001_e5_s43,2430,4,1.26266,2.7173,0.0,0.0002470671880554568
audio_text_ln_lrh0.001_e5_s43,2431,4,1.3218,2.8844,0.0,0.0002467116956985425
audio_text_ln_lrh0.001_e5_s43,2432,4,1.51469,3.3688,0.0,0.0002463562033416282
audio_text_ln_lrh0.001_e5_s43,2433,4,1.07422,2.6305,0.0,0.00024600071098471383
audio_text_ln_lrh0.001_e5_s43,2434,4,1.50588,2.5719,0.0,0.0002456452186277995
audio_text_ln_lrh0.001_e5_s43,2435,4,1.10443,2.3097,0.0,0.0002452897262708852
audio_text_ln_lrh0.001_e5_s43,2436,4,1.39626,2.1528,0.0,0.00024493423391397086
audio_text_ln_lrh0.001_e5_s43,2437,4,1.63916,3.1758,0.0,0.00024457874155705655
audio_text_ln_lrh0.001_e5_s43,2438,4,1.4366,2.2414,0.0,0.0002442232492001422
audio_text_ln_lrh0.001_e5_s43,2439,4,1.20636,2.0749,0.0,0.00024386775684322786
audio_text_ln_lrh0.001_e5_s43,2440,4,1.52702,2.835,0.0,0.00024351226448631356
audio_text_ln_lrh0.001_e5_s43,2441,4,1.34901,2.4431,0.0,0.00024315677212939922
audio_text_ln_lrh0.001_e5_s43,2442,4,1.25785,2.2817,0.0,0.0002428012797724849
audio_text_ln_lrh0.001_e5_s43,2443,4,1.30413,2.7953,0.0,0.00024244578741557059
audio_text_ln_lrh0.001_e5_s43,2444,4,1.51437,2.6293,0.0,0.00024209029505865623
audio_text_ln_lrh0.001_e5_s43,2445,4,1.12208,2.6058,0.0,0.00024173480270174192
audio_text_ln_lrh0.001_e5_s43,2446,4,1.28464,2.4888,0.0,0.0002413793103448276
audio_text_ln_lrh0.001_e5_s43,2447,4,1.23764,2.4793,0.0,0.00024102381798791326
audio_text_ln_lrh0.001_e5_s43,2448,4,1.38708,2.3037,0.0,0.00024066832563099895
audio_text_ln_lrh0.001_e5_s43,2449,4,1.63387,2.4865,0.0,0.00024031283327408462
audio_text_ln_lrh0.001_e5_s43,2450,4,1.04549,2.3345,0.0,0.0002399573409171703
audio_text_ln_lrh0.001_e5_s43,2451,4,1.02374,2.9675,0.0,0.00023960184856025595
audio_text_ln_lrh0.001_e5_s43,2452,4,1.57809,2.4211,0.0,0.00023924635620334162
audio_text_ln_lrh0.001_e5_s43,2453,4,1.49466,2.2128,0.0,0.0002388908638464273
audio_text_ln_lrh0.001_e5_s43,2454,4,1.2302,2.5718,0.0,0.00023853537148951299
audio_text_ln_lrh0.001_e5_s43,2455,4,1.50846,2.5746,0.0,0.00023817987913259865
audio_text_ln_lrh0.001_e5_s43,2456,4,1.17867,2.2488,0.0,0.00023782438677568432
audio_text_ln_lrh0.001_e5_s43,2457,4,1.63362,3.0534,0.0,0.00023746889441877002
audio_text_ln_lrh0.001_e5_s43,2458,4,1.43535,2.8041,0.0,0.00023711340206185566
audio_text_ln_lrh0.001_e5_s43,2459,4,1.42082,2.3495,0.0,0.00023675790970494135
audio_text_ln_lrh0.001_e5_s43,2460,4,1.1676,1.8965,0.0,0.00023640241734802705
audio_text_ln_lrh0.001_e5_s43,2461,4,1.50779,4.358,0.0,0.00023604692499111269
audio_text_ln_lrh0.001_e5_s43,2462,4,1.58289,2.9141,0.0,0.00023569143263419838
audio_text_ln_lrh0.001_e5_s43,2463,4,1.82316,3.1455,0.0,0.00023533594027728405
audio_text_ln_lrh0.001_e5_s43,2464,4,1.21071,3.0421,0.0,0.00023498044792036972
audio_text_ln_lrh0.001_e5_s43,2465,4,1.49711,2.362,0.0,0.00023462495556345538
audio_text_ln_lrh0.001_e5_s43,2466,4,1.68036,3.2429,0.0,0.00023426946320654108
audio_text_ln_lrh0.001_e5_s43,2467,4,1.23851,2.2616,0.0,0.00023391397084962675
audio_text_ln_lrh0.001_e5_s43,2468,4,1.1898,2.098,0.0,0.00023355847849271241
audio_text_ln_lrh0.001_e5_s43,2469,4,1.10729,2.48,0.0,0.00023320298613579808
audio_text_ln_lrh0.001_e5_s43,2470,4,1.24226,3.0677,0.0,0.00023284749377888375
audio_text_ln_lrh0.001_e5_s43,2471,4,1.31936,2.583,0.0,0.00023249200142196944
audio_text_ln_lrh0.001_e5_s43,2472,4,1.31075,2.2615,0.0,0.00023213650906505509
audio_text_ln_lrh0.001_e5_s43,2473,4,1.30787,2.8207,0.0,0.00023178101670814078
audio_text_ln_lrh0.001_e5_s43,2474,4,1.168,2.0722,0.0,0.00023142552435122647
audio_text_ln_lrh0.001_e5_s43,2475,4,1.41435,2.3911,0.0,0.00023107003199431212
audio_text_ln_lrh0.001_e5_s43,2476,4,1.10178,2.5621,0.0,0.0002307145396373978
audio_text_ln_lrh0.001_e5_s43,2477,4,1.47734,2.6371,0.0,0.00023035904728048348
audio_text_ln_lrh0.001_e5_s43,2478,4,1.80777,3.1446,0.0,0.00023000355492356915
audio_text_ln_lrh0.001_e5_s43,2479,4,1.54608,3.2253,0.0,0.0002296480625666548
audio_text_ln_lrh0.001_e5_s43,2480,4,1.07645,2.0094,0.0,0.0002292925702097405
audio_text_ln_lrh0.001_e5_s43,2481,4,1.50136,2.6609,0.0,0.00022893707785282618
audio_text_ln_lrh0.001_e5_s43,2482,4,1.48467,2.9227,0.0,0.00022858158549591184
audio_text_ln_lrh0.001_e5_s43,2483,4,1.18268,2.4302,0.0,0.0002282260931389975
audio_text_ln_lrh0.001_e5_s43,2484,4,1.14312,2.2775,0.0,0.00022787060078208318
audio_text_ln_lrh0.001_e5_s43,2485,4,1.57583,2.6956,0.0,0.00022751510842516887
audio_text_ln_lrh0.001_e5_s43,2486,4,1.4931,2.7848,0.0,0.00022715961606825451
audio_text_ln_lrh0.001_e5_s43,2487,4,1.27861,2.2037,0.0,0.0002268041237113402
audio_text_ln_lrh0.001_e5_s43,2488,4,1.49846,2.652,0.0,0.0002264486313544259
audio_text_ln_lrh0.001_e5_s43,2489,4,1.6461,3.1489,0.0,0.00022609313899751154
audio_text_ln_lrh0.001_e5_s43,2490,4,1.58723,2.7152,0.0,0.00022573764664059724
audio_text_ln_lrh0.001_e5_s43,2491,4,1.29127,2.4992,0.0,0.0002253821542836829
audio_text_ln_lrh0.001_e5_s43,2492,4,1.25878,2.6851,0.0,0.00022502666192676857
audio_text_ln_lrh0.001_e5_s43,2493,4,1.35502,2.5383,0.0,0.00022467116956985424
audio_text_ln_lrh0.001_e5_s43,2494,4,1.30737,2.036,0.0,0.00022431567721293994
audio_text_ln_lrh0.001_e5_s43,2495,4,1.04382,3.0515,0.0,0.0002239601848560256
audio_text_ln_lrh0.001_e5_s43,2496,4,1.52427,2.8443,0.0,0.00022360469249911127
audio_text_ln_lrh0.001_e5_s43,2497,4,1.18546,2.0815,0.0,0.00022324920014219694
audio_text_ln_lrh0.001_e5_s43,2498,4,1.59798,2.8299,0.0,0.0002228937077852826
audio_text_ln_lrh0.001_e5_s43,2499,4,1.12132,2.4416,0.0,0.0002225382154283683
audio_text_ln_lrh0.001_e5_s43,2500,4,3.09451,7.0805,0.0,0.00022218272307145394
audio_text_ln_lrh0.001_e5_s43,2501,5,1.24975,2.3358,0.0,0.00022182723071453964
audio_text_ln_lrh0.001_e5_s43,2502,5,1.34409,2.6585,0.0,0.00022147173835762533
audio_text_ln_lrh0.001_e5_s43,2503,5,1.18594,2.0644,0.0,0.00022111624600071097
audio_text_ln_lrh0.001_e5_s43,2504,5,1.09563,2.0008,0.0,0.00022076075364379667
audio_text_ln_lrh0.001_e5_s43,2505,5,1.278,2.2624,0.0,0.00022040526128688234
audio_text_ln_lrh0.001_e5_s43,2506,5,1.36334,2.4692,0.0,0.000220049768929968
audio_text_ln_lrh0.001_e5_s43,2507,5,1.81553,3.6004,0.0,0.0002196942765730537
audio_text_ln_lrh0.001_e5_s43,2508,5,1.45291,2.6639,0.0,0.00021933878421613937
audio_text_ln_lrh0.001_e5_s43,2509,5,1.20823,2.701,0.0,0.00021898329185922503
audio_text_ln_lrh0.001_e5_s43,2510,5,1.08278,2.4581,0.0,0.0002186277995023107
audio_text_ln_lrh0.001_e5_s43,2511,5,0.99026,1.8723,0.0,0.00021827230714539637
audio_text_ln_lrh0.001_e5_s43,2512,5,1.08832,2.2984,0.0,0.00021791681478848204
audio_text_ln_lrh0.001_e5_s43,2513,5,1.72819,3.5402,0.0,0.00021756132243156773
audio_text_ln_lrh0.001_e5_s43,2514,5,1.09614,2.3532,0.0,0.0002172058300746534
audio_text_ln_lrh0.001_e5_s43,2515,5,1.31525,2.5789,0.0,0.00021685033771773907
audio_text_ln_lrh0.001_e5_s43,2516,5,1.37696,2.38,0.0,0.00021649484536082476
audio_text_ln_lrh0.001_e5_s43,2517,5,0.84876,2.7235,0.0,0.0002161393530039104
audio_text_ln_lrh0.001_e5_s43,2518,5,1.59387,3.3917,0.0,0.0002157838606469961
audio_text_ln_lrh0.001_e5_s43,2519,5,1.0772,2.3986,0.0,0.00021542836829008177
audio_text_ln_lrh0.001_e5_s43,2520,5,1.18906,2.0194,0.0,0.00021507287593316743
audio_text_ln_lrh0.001_e5_s43,2521,5,1.20881,2.1552,0.0,0.00021471738357625313
audio_text_ln_lrh0.001_e5_s43,2522,5,1.38621,2.271,0.0,0.0002143618912193388
audio_text_ln_lrh0.001_e5_s43,2523,5,0.87465,2.5061,0.0,0.00021400639886242446
audio_text_ln_lrh0.001_e5_s43,2524,5,1.10373,2.2468,0.0,0.00021365090650551013
audio_text_ln_lrh0.001_e5_s43,2525,5,1.30652,3.0062,0.0,0.00021329541414859583
audio_text_ln_lrh0.001_e5_s43,2526,5,1.36387,2.7689,0.0,0.00021293992179168147
audio_text_ln_lrh0.001_e5_s43,2527,5,1.03028,2.1175,0.0,0.00021258442943476716
audio_text_ln_lrh0.001_e5_s43,2528,5,1.53022,2.3554,0.0,0.00021222893707785283
audio_text_ln_lrh0.001_e5_s43,2529,5,1.04592,2.2446,0.0,0.0002118734447209385
audio_text_ln_lrh0.001_e5_s43,2530,5,1.28276,2.5116,0.0,0.0002115179523640242
audio_text_ln_lrh0.001_e5_s43,2531,5,1.59553,2.9315,0.0,0.00021116246000710983
audio_text_ln_lrh0.001_e5_s43,2532,5,1.24373,2.1588,0.0,0.00021080696765019553
audio_text_ln_lrh0.001_e5_s43,2533,5,1.18544,2.4178,0.0,0.0002104514752932812
audio_text_ln_lrh0.001_e5_s43,2534,5,1.21299,2.3563,0.0,0.00021009598293636686
audio_text_ln_lrh0.001_e5_s43,2535,5,1.20551,2.1173,0.0,0.00020974049057945256
audio_text_ln_lrh0.001_e5_s43,2536,5,1.08164,1.862,0.0,0.00020938499822253822
audio_text_ln_lrh0.001_e5_s43,2537,5,1.18596,2.4875,0.0,0.0002090295058656239
audio_text_ln_lrh0.001_e5_s43,2538,5,1.32415,2.4218,0.0,0.00020867401350870956
audio_text_ln_lrh0.001_e5_s43,2539,5,1.57809,2.8766,0.0,0.00020831852115179526
audio_text_ln_lrh0.001_e5_s43,2540,5,1.56661,2.6209,0.0,0.00020796302879488092
audio_text_ln_lrh0.001_e5_s43,2541,5,1.56775,3.281,0.0,0.0002076075364379666
audio_text_ln_lrh0.001_e5_s43,2542,5,1.25701,2.2827,0.0,0.00020725204408105226
audio_text_ln_lrh0.001_e5_s43,2543,5,1.41111,2.622,0.0,0.00020689655172413793
audio_text_ln_lrh0.001_e5_s43,2544,5,1.18065,2.4711,0.0,0.00020654105936722362
audio_text_ln_lrh0.001_e5_s43,2545,5,1.12982,2.2032,0.0,0.00020618556701030926
audio_text_ln_lrh0.001_e5_s43,2546,5,0.90723,2.7297,0.0,0.00020583007465339496
audio_text_ln_lrh0.001_e5_s43,2547,5,1.11149,1.928,0.0,0.00020547458229648065
audio_text_ln_lrh0.001_e5_s43,2548,5,1.38667,2.3626,0.0,0.0002051190899395663
audio_text_ln_lrh0.001_e5_s43,2549,5,1.38793,3.3798,0.0,0.00020476359758265199
audio_text_ln_lrh0.001_e5_s43,2550,5,1.09683,2.2814,0.0,0.00020440810522573765
audio_text_ln_lrh0.001_e5_s43,2551,5,1.11228,2.4654,0.0,0.00020405261286882332
audio_text_ln_lrh0.001_e5_s43,2552,5,1.09646,2.8109,0.0,0.000203697120511909
audio_text_ln_lrh0.001_e5_s43,2553,5,1.28563,2.7315,0.0,0.00020334162815499468
audio_text_ln_lrh0.001_e5_s43,2554,5,1.22162,2.4201,0.0,0.00020298613579808035
audio_text_ln_lrh0.001_e5_s43,2555,5,1.58514,3.2496,0.0,0.00020263064344116602
audio_text_ln_lrh0.001_e5_s43,2556,5,1.63603,2.7374,0.0,0.0002022751510842517
audio_text_ln_lrh0.001_e5_s43,2557,5,1.25799,2.7081,0.0,0.00020191965872733736
audio_text_ln_lrh0.001_e5_s43,2558,5,1.35351,3.1083,0.0,0.00020156416637042305
audio_text_ln_lrh0.001_e5_s43,2559,5,1.30569,2.5895,0.0,0.0002012086740135087
audio_text_ln_lrh0.001_e5_s43,2560,5,1.39686,2.8054,0.0,0.00020085318165659439
audio_text_ln_lrh0.001_e5_s43,2561,5,1.45571,3.3016,0.0,0.00020049768929968008
audio_text_ln_lrh0.001_e5_s43,2562,5,1.09671,2.9733,0.0,0.00020014219694276572
audio_text_ln_lrh0.001_e5_s43,2563,5,1.68899,2.8404,0.0,0.00019978670458585142
audio_text_ln_lrh0.001_e5_s43,2564,5,1.82963,4.3539,0.0,0.00019943121222893708
audio_text_ln_lrh0.001_e5_s43,2565,5,0.78517,2.2266,0.0,0.00019907571987202275
audio_text_ln_lrh0.001_e5_s43,2566,5,1.4708,2.8771,0.0,0.00019872022751510842
audio_text_ln_lrh0.001_e5_s43,2567,5,0.80285,3.334,0.0,0.00019836473515819411
audio_text_ln_lrh0.001_e5_s43,2568,5,1.6345,2.5465,0.0,0.00019800924280127978
audio_text_ln_lrh0.001_e5_s43,2569,5,1.13129,3.1518,0.0,0.00019765375044436545
audio_text_ln_lrh0.001_e5_s43,2570,5,1.67092,2.8902,0.0,0.00019729825808745112
audio_text_ln_lrh0.001_e5_s43,2571,5,1.24053,2.2818,0.0,0.00019694276573053678
audio_text_ln_lrh0.001_e5_s43,2572,5,1.0908,2.4627,0.0,0.00019658727337362248
audio_text_ln_lrh0.001_e5_s43,2573,5,1.43188,3.1599,0.0,0.00019623178101670812
audio_text_ln_lrh0.001_e5_s43,2574,5,1.4012,2.4523,0.0,0.00019587628865979381
audio_text_ln_lrh0.001_e5_s43,2575,5,1.06938,3.2882,0.0,0.0001955207963028795
audio_text_ln_lrh0.001_e5_s43,2576,5,1.43044,2.6546,0.0,0.00019516530394596515
audio_text_ln_lrh0.001_e5_s43,2577,5,1.04841,2.2304,0.0,0.00019480981158905084
audio_text_ln_lrh0.001_e5_s43,2578,5,1.09975,2.7316,0.0,0.0001944543192321365
audio_text_ln_lrh0.001_e5_s43,2579,5,1.0363,3.5067,0.0,0.00019409882687522218
audio_text_ln_lrh0.001_e5_s43,2580,5,1.48872,2.9193,0.0,0.00019374333451830788
audio_text_ln_lrh0.001_e5_s43,2581,5,1.17839,2.1987,0.0,0.00019338784216139354
audio_text_ln_lrh0.001_e5_s43,2582,5,1.25919,2.1501,0.0,0.0001930323498044792
audio_text_ln_lrh0.001_e5_s43,2583,5,1.14627,2.6673,0.0,0.00019267685744756488
audio_text_ln_lrh0.001_e5_s43,2584,5,1.56842,2.5626,0.0,0.00019232136509065057
audio_text_ln_lrh0.001_e5_s43,2585,5,1.31213,2.6257,0.0,0.00019196587273373621
audio_text_ln_lrh0.001_e5_s43,2586,5,1.65237,3.5922,0.0,0.0001916103803768219
audio_text_ln_lrh0.001_e5_s43,2587,5,1.36057,2.2961,0.0,0.00019125488801990758
audio_text_ln_lrh0.001_e5_s43,2588,5,1.07593,2.7219,0.0,0.00019089939566299324
audio_text_ln_lrh0.001_e5_s43,2589,5,2.1429,5.4878,0.0,0.00019054390330607894
audio_text_ln_lrh0.001_e5_s43,2590,5,1.00642,2.6539,0.0,0.00019018841094916458
audio_text_ln_lrh0.001_e5_s43,2591,5,1.50342,2.9818,0.0,0.00018983291859225027
audio_text_ln_lrh0.001_e5_s43,2592,5,1.71273,2.999,0.0,0.00018947742623533594
audio_text_ln_lrh0.001_e5_s43,2593,5,1.41678,2.3056,0.0,0.0001891219338784216
audio_text_ln_lrh0.001_e5_s43,2594,5,1.28376,3.1103,0.0,0.0001887664415215073
audio_text_ln_lrh0.001_e5_s43,2595,5,1.48691,2.5834,0.0,0.00018841094916459297
audio_text_ln_lrh0.001_e5_s43,2596,5,0.81206,2.9269,0.0,0.00018805545680767864
audio_text_ln_lrh0.001_e5_s43,2597,5,1.63629,2.9168,0.0,0.0001876999644507643
audio_text_ln_lrh0.001_e5_s43,2598,5,1.10383,2.9809,0.0,0.00018734447209385
audio_text_ln_lrh0.001_e5_s43,2599,5,1.29366,2.2964,0.0,0.00018698897973693564
audio_text_ln_lrh0.001_e5_s43,2600,5,1.21326,2.6202,0.0,0.00018663348738002134
audio_text_ln_lrh0.001_e5_s43,2601,5,1.31565,2.5916,0.0,0.000186277995023107
audio_text_ln_lrh0.001_e5_s43,2602,5,1.32659,2.1846,0.0,0.00018592250266619267
audio_text_ln_lrh0.001_e5_s43,2603,5,1.39837,2.4202,0.0,0.00018556701030927837
audio_text_ln_lrh0.001_e5_s43,2604,5,1.11741,2.1211,0.0,0.000185211517952364
audio_text_ln_lrh0.001_e5_s43,2605,5,1.13626,2.2494,0.0,0.0001848560255954497
audio_text_ln_lrh0.001_e5_s43,2606,5,0.87218,3.4862,0.0,0.00018450053323853537
audio_text_ln_lrh0.001_e5_s43,2607,5,1.4849,2.7627,0.0,0.00018414504088162104
audio_text_ln_lrh0.001_e5_s43,2608,5,1.10249,2.7143,0.0,0.00018378954852470673
audio_text_ln_lrh0.001_e5_s43,2609,5,1.16437,2.9226,0.0,0.0001834340561677924
audio_text_ln_lrh0.001_e5_s43,2610,5,1.35185,2.6955,0.0,0.00018307856381087807
audio_text_ln_lrh0.001_e5_s43,2611,5,1.25754,2.5175,0.0,0.00018272307145396374
audio_text_ln_lrh0.001_e5_s43,2612,5,2.18261,3.6564,0.0,0.00018236757909704943
audio_text_ln_lrh0.001_e5_s43,2613,5,1.57663,2.6549,0.0,0.00018201208674013507
audio_text_ln_lrh0.001_e5_s43,2614,5,0.78261,2.7025,0.0,0.00018165659438322077
audio_text_ln_lrh0.001_e5_s43,2615,5,1.45151,2.3072,0.0,0.00018130110202630643
audio_text_ln_lrh0.001_e5_s43,2616,5,1.36512,2.5653,0.0,0.0001809456096693921
audio_text_ln_lrh0.001_e5_s43,2617,5,1.0612,2.493,0.0,0.0001805901173124778
audio_text_ln_lrh0.001_e5_s43,2618,5,1.2571,2.4836,0.0,0.00018023462495556344
audio_text_ln_lrh0.001_e5_s43,2619,5,1.7612,3.3025,0.0,0.00017987913259864913
audio_text_ln_lrh0.001_e5_s43,2620,5,1.17657,2.9175,0.0,0.00017952364024173483
audio_text_ln_lrh0.001_e5_s43,2621,5,0.97816,2.9036,0.0,0.00017916814788482047
audio_text_ln_lrh0.001_e5_s43,2622,5,1.90908,3.5284,0.0,0.00017881265552790616
audio_text_ln_lrh0.001_e5_s43,2623,5,1.31789,2.737,0.0,0.00017845716317099183
audio_text_ln_lrh0.001_e5_s43,2624,5,1.31916,2.2397,0.0,0.0001781016708140775
audio_text_ln_lrh0.001_e5_s43,2625,5,1.32693,3.0573,0.0,0.00017774617845716317
audio_text_ln_lrh0.001_e5_s43,2626,5,1.31084,2.5663,0.0,0.00017739068610024886
audio_text_ln_lrh0.001_e5_s43,2627,5,1.71896,4.4253,0.0,0.00017703519374333453
audio_text_ln_lrh0.001_e5_s43,2628,5,1.29761,2.1395,0.0,0.0001766797013864202
audio_text_ln_lrh0.001_e5_s43,2629,5,1.40782,3.0209,0.0,0.0001763242090295059
audio_text_ln_lrh0.001_e5_s43,2630,5,1.10764,2.5926,0.0,0.00017596871667259153
audio_text_ln_lrh0.001_e5_s43,2631,5,1.3987,3.2239,0.0,0.00017561322431567723
audio_text_ln_lrh0.001_e5_s43,2632,5,1.36379,2.7533,0.0,0.00017525773195876287
audio_text_ln_lrh0.001_e5_s43,2633,5,1.15857,2.595,0.0,0.00017490223960184856
audio_text_ln_lrh0.001_e5_s43,2634,5,1.14622,2.1742,0.0,0.00017454674724493426
audio_text_ln_lrh0.001_e5_s43,2635,5,1.19239,2.2265,0.0,0.0001741912548880199
audio_text_ln_lrh0.001_e5_s43,2636,5,1.32848,2.3855,0.0,0.0001738357625311056
audio_text_ln_lrh0.001_e5_s43,2637,5,1.14532,2.7129,0.0,0.00017348027017419126
audio_text_ln_lrh0.001_e5_s43,2638,5,0.94853,2.0952,0.0,0.00017312477781727693
audio_text_ln_lrh0.001_e5_s43,2639,5,1.7156,3.3052,0.0,0.0001727692854603626
audio_text_ln_lrh0.001_e5_s43,2640,5,1.35957,2.5295,0.0,0.0001724137931034483
audio_text_ln_lrh0.001_e5_s43,2641,5,0.9514,2.4526,0.0,0.00017205830074653396
audio_text_ln_lrh0.001_e5_s43,2642,5,0.96007,2.7705,0.0,0.00017170280838961963
audio_text_ln_lrh0.001_e5_s43,2643,5,1.07008,2.5194,0.0,0.00017134731603270532
audio_text_ln_lrh0.001_e5_s43,2644,5,0.87944,2.5368,0.0,0.00017099182367579096
audio_text_ln_lrh0.001_e5_s43,2645,5,0.90583,3.1096,0.0,0.00017063633131887666
audio_text_ln_lrh0.001_e5_s43,2646,5,1.47643,2.177,0.0,0.0001702808389619623
audio_text_ln_lrh0.001_e5_s43,2647,5,1.25979,2.1211,0.0,0.000169925346605048
audio_text_ln_lrh0.001_e5_s43,2648,5,1.05686,2.5995,0.0,0.00016956985424813369
audio_text_ln_lrh0.001_e5_s43,2649,5,1.06128,2.4783,0.0,0.00016921436189121933
audio_text_ln_lrh0.001_e5_s43,2650,5,1.05456,2.0538,0.0,0.00016885886953430502
audio_text_ln_lrh0.001_e5_s43,2651,5,1.2369,2.0991,0.0,0.0001685033771773907
audio_text_ln_lrh0.001_e5_s43,2652,5,1.23053,2.2019,0.0,0.00016814788482047636
audio_text_ln_lrh0.001_e5_s43,2653,5,1.27019,2.5366,0.0,0.00016779239246356205
audio_text_ln_lrh0.001_e5_s43,2654,5,1.14711,2.4264,0.0,0.00016743690010664772
audio_text_ln_lrh0.001_e5_s43,2655,5,0.80064,4.037,0.0,0.0001670814077497334
audio_text_ln_lrh0.001_e5_s43,2656,5,0.82053,2.367,0.0,0.00016672591539281905
audio_text_ln_lrh0.001_e5_s43,2657,5,1.60593,3.0929,0.0,0.00016637042303590475
audio_text_ln_lrh0.001_e5_s43,2658,5,1.20658,2.7696,0.0,0.0001660149306789904
audio_text_ln_lrh0.001_e5_s43,2659,5,1.4471,2.2853,0.0,0.00016565943832207608
audio_text_ln_lrh0.001_e5_s43,2660,5,1.39473,3.3169,0.0,0.00016530394596516175
audio_text_ln_lrh0.001_e5_s43,2661,5,1.14155,2.6055,0.0,0.00016494845360824742
audio_text_ln_lrh0.001_e5_s43,2662,5,1.15101,1.957,0.0,0.00016459296125133311
audio_text_ln_lrh0.001_e5_s43,2663,5,1.7427,4.1356,0.0,0.00016423746889441876
audio_text_ln_lrh0.001_e5_s43,2664,5,1.70888,3.6371,0.0,0.00016388197653750445
audio_text_ln_lrh0.001_e5_s43,2665,5,1.06628,2.4157,0.0,0.00016352648418059012
audio_text_ln_lrh0.001_e5_s43,2666,5,1.1386,2.8898,0.0,0.00016317099182367579
audio_text_ln_lrh0.001_e5_s43,2667,5,1.6839,3.1619,0.0,0.00016281549946676148
audio_text_ln_lrh0.001_e5_s43,2668,5,1.17094,2.0926,0.0,0.00016246000710984715
audio_text_ln_lrh0.001_e5_s43,2669,5,1.26711,2.347,0.0,0.00016210451475293282
audio_text_ln_lrh0.001_e5_s43,2670,5,1.19695,2.1813,0.0,0.00016174902239601848
audio_text_ln_lrh0.001_e5_s43,2671,5,1.78574,4.3347,0.0,0.00016139353003910418
audio_text_ln_lrh0.001_e5_s43,2672,5,1.53081,3.0649,0.0,0.00016103803768218982
audio_text_ln_lrh0.001_e5_s43,2673,5,1.10837,2.2999,0.0,0.00016068254532527551
audio_text_ln_lrh0.001_e5_s43,2674,5,1.03659,1.9616,0.0,0.00016032705296836118
audio_text_ln_lrh0.001_e5_s43,2675,5,1.26028,2.4959,0.0,0.00015997156061144685
audio_text_ln_lrh0.001_e5_s43,2676,5,1.90652,4.2699,0.0,0.00015961606825453254
audio_text_ln_lrh0.001_e5_s43,2677,5,1.58828,2.7818,0.0,0.00015926057589761818
audio_text_ln_lrh0.001_e5_s43,2678,5,1.67374,3.0949,0.0,0.00015890508354070388
audio_text_ln_lrh0.001_e5_s43,2679,5,1.75125,3.825,0.0,0.00015854959118378955
audio_text_ln_lrh0.001_e5_s43,2680,5,1.41763,2.9549,0.0,0.00015819409882687521
audio_text_ln_lrh0.001_e5_s43,2681,5,1.46409,2.3925,0.0,0.0001578386064699609
audio_text_ln_lrh0.001_e5_s43,2682,5,1.12545,2.2276,0.0,0.00015748311411304658
audio_text_ln_lrh0.001_e5_s43,2683,5,1.09754,2.871,0.0,0.00015712762175613225
audio_text_ln_lrh0.001_e5_s43,2684,5,1.49858,2.7417,0.0,0.0001567721293992179
audio_text_ln_lrh0.001_e5_s43,2685,5,1.09451,2.1179,0.0,0.0001564166370423036
audio_text_ln_lrh0.001_e5_s43,2686,5,1.25192,2.058,0.0,0.00015606114468538925
audio_text_ln_lrh0.001_e5_s43,2687,5,1.11605,2.8136,0.0,0.00015570565232847494
audio_text_ln_lrh0.001_e5_s43,2688,5,1.24036,3.3687,0.0,0.00015535015997156064
audio_text_ln_lrh0.001_e5_s43,2689,5,1.50801,2.1783,0.0,0.00015499466761464628
audio_text_ln_lrh0.001_e5_s43,2690,5,1.26144,2.7282,0.0,0.00015463917525773197
audio_text_ln_lrh0.001_e5_s43,2691,5,1.18003,2.878,0.0,0.00015428368290081761
audio_text_ln_lrh0.001_e5_s43,2692,5,1.55499,2.1913,0.0,0.0001539281905439033
audio_text_ln_lrh0.001_e5_s43,2693,5,1.26428,2.4477,0.0,0.000153572698186989
audio_text_ln_lrh0.001_e5_s43,2694,5,1.19414,2.4038,0.0,0.00015321720583007464
audio_text_ln_lrh0.001_e5_s43,2695,5,1.40314,3.1935,0.0,0.00015286171347316034
audio_text_ln_lrh0.001_e5_s43,2696,5,1.20459,2.151,0.0,0.000152506221116246
audio_text_ln_lrh0.001_e5_s43,2697,5,1.23206,2.3811,0.0,0.00015215072875933167
audio_text_ln_lrh0.001_e5_s43,2698,5,1.32308,2.6913,0.0,0.00015179523640241734
audio_text_ln_lrh0.001_e5_s43,2699,5,1.54926,2.9674,0.0,0.00015143974404550304
audio_text_ln_lrh0.001_e5_s43,2700,5,0.99734,2.126,0.0,0.0001510842516885887
audio_text_ln_lrh0.001_e5_s43,2701,5,1.59414,3.1578,0.0,0.00015072875933167437
audio_text_ln_lrh0.001_e5_s43,2702,5,0.86907,2.3176,0.0,0.00015037326697476007
audio_text_ln_lrh0.001_e5_s43,2703,5,1.12979,2.6822,0.0,0.0001500177746178457
audio_text_ln_lrh0.001_e5_s43,2704,5,1.2433,2.2958,0.0,0.0001496622822609314
audio_text_ln_lrh0.001_e5_s43,2705,5,1.13116,2.6973,0.0,0.00014930678990401704
audio_text_ln_lrh0.001_e5_s43,2706,5,1.31467,2.8209,0.0,0.00014895129754710274
audio_text_ln_lrh0.001_e5_s43,2707,5,1.2485,2.5327,0.0,0.00014859580519018843
audio_text_ln_lrh0.001_e5_s43,2708,5,1.62155,3.3632,0.0,0.00014824031283327407
audio_text_ln_lrh0.001_e5_s43,2709,5,1.32029,2.5381,0.0,0.00014788482047635977
audio_text_ln_lrh0.001_e5_s43,2710,5,1.27375,2.1819,0.0,0.00014752932811944544
audio_text_ln_lrh0.001_e5_s43,2711,5,1.10889,2.2005,0.0,0.0001471738357625311
audio_text_ln_lrh0.001_e5_s43,2712,5,1.18626,2.3192,0.0,0.00014681834340561677
audio_text_ln_lrh0.001_e5_s43,2713,5,1.22706,2.2479,0.0,0.00014646285104870247
audio_text_ln_lrh0.001_e5_s43,2714,5,1.17522,3.0076,0.0,0.00014610735869178813
audio_text_ln_lrh0.001_e5_s43,2715,5,1.06353,3.3756,0.0,0.0001457518663348738
audio_text_ln_lrh0.001_e5_s43,2716,5,1.34186,1.9494,0.0,0.0001453963739779595
audio_text_ln_lrh0.001_e5_s43,2717,5,2.00424,3.4319,0.0,0.00014504088162104514
audio_text_ln_lrh0.001_e5_s43,2718,5,1.03119,3.4279,0.0,0.00014468538926413083
audio_text_ln_lrh0.001_e5_s43,2719,5,1.42238,2.5416,0.0,0.00014432989690721647
audio_text_ln_lrh0.001_e5_s43,2720,5,1.30183,3.1925,0.0,0.00014397440455030217
audio_text_ln_lrh0.001_e5_s43,2721,5,1.0727,1.7776,0.0,0.00014361891219338786
audio_text_ln_lrh0.001_e5_s43,2722,5,1.13917,2.2756,0.0,0.0001432634198364735
audio_text_ln_lrh0.001_e5_s43,2723,5,1.32742,3.4766,0.0,0.0001429079274795592
audio_text_ln_lrh0.001_e5_s43,2724,5,1.04184,2.5487,0.0,0.00014255243512264486
audio_text_ln_lrh0.001_e5_s43,2725,5,1.46937,2.9929,0.0,0.00014219694276573053
audio_text_ln_lrh0.001_e5_s43,2726,5,1.2624,2.3593,0.0,0.00014184145040881623
audio_text_ln_lrh0.001_e5_s43,2727,5,1.32601,2.4648,0.0,0.0001414859580519019
audio_text_ln_lrh0.001_e5_s43,2728,5,1.60856,3.2132,0.0,0.00014113046569498756
audio_text_ln_lrh0.001_e5_s43,2729,5,1.30023,2.8261,0.0,0.00014077497333807323
audio_text_ln_lrh0.001_e5_s43,2730,5,1.30029,2.9364,0.0,0.00014041948098115893
audio_text_ln_lrh0.001_e5_s43,2731,5,1.91279,3.9879,0.0,0.00014006398862424457
audio_text_ln_lrh0.001_e5_s43,2732,5,1.45666,2.4604,0.0,0.00013970849626733026
audio_text_ln_lrh0.001_e5_s43,2733,5,1.04818,2.5167,0.0,0.00013935300391041593
audio_text_ln_lrh0.001_e5_s43,2734,5,1.63073,2.3849,0.0,0.0001389975115535016
audio_text_ln_lrh0.001_e5_s43,2735,5,1.10702,2.6955,0.0,0.0001386420191965873
audio_text_ln_lrh0.001_e5_s43,2736,5,1.52206,3.5819,0.0,0.00013828652683967293
audio_text_ln_lrh0.001_e5_s43,2737,5,1.24734,2.1065,0.0,0.00013793103448275863
audio_text_ln_lrh0.001_e5_s43,2738,5,1.40597,3.3835,0.0,0.0001375755421258443
audio_text_ln_lrh0.001_e5_s43,2739,5,1.13411,2.3032,0.0,0.00013722004976892996
audio_text_ln_lrh0.001_e5_s43,2740,5,1.0606,2.6276,0.0,0.00013686455741201566
audio_text_ln_lrh0.001_e5_s43,2741,5,1.2665,2.4634,0.0,0.00013650906505510132
audio_text_ln_lrh0.001_e5_s43,2742,5,1.12132,2.7149,0.0,0.000136153572698187
audio_text_ln_lrh0.001_e5_s43,2743,5,1.31956,2.7001,0.0,0.00013579808034127266
audio_text_ln_lrh0.001_e5_s43,2744,5,0.99067,2.9651,0.0,0.00013544258798435835
audio_text_ln_lrh0.001_e5_s43,2745,5,1.44718,2.999,0.0,0.000135087095627444
audio_text_ln_lrh0.001_e5_s43,2746,5,1.01027,3.1245,0.0,0.0001347316032705297
audio_text_ln_lrh0.001_e5_s43,2747,5,1.58151,2.7983,0.0,0.00013437611091361538
audio_text_ln_lrh0.001_e5_s43,2748,5,1.268,2.4286,0.0,0.00013402061855670103
audio_text_ln_lrh0.001_e5_s43,2749,5,1.29016,3.0246,0.0,0.00013366512619978672
audio_text_ln_lrh0.001_e5_s43,2750,5,1.74861,2.8718,0.0,0.00013330963384287236
audio_text_ln_lrh0.001_e5_s43,2751,5,1.41651,2.2336,0.0,0.00013295414148595806
audio_text_ln_lrh0.001_e5_s43,2752,5,0.9611,2.318,0.0,0.00013259864912904372
audio_text_ln_lrh0.001_e5_s43,2753,5,1.16592,2.1648,0.0,0.0001322431567721294
audio_text_ln_lrh0.001_e5_s43,2754,5,1.05395,2.4987,0.0,0.00013188766441521509
audio_text_ln_lrh0.001_e5_s43,2755,5,1.39201,2.4983,0.0,0.00013153217205830075
audio_text_ln_lrh0.001_e5_s43,2756,5,1.26738,2.6808,0.0,0.00013117667970138642
audio_text_ln_lrh0.001_e5_s43,2757,5,1.10553,2.5673,0.0,0.0001308211873444721
audio_text_ln_lrh0.001_e5_s43,2758,5,1.52783,2.3687,0.0,0.00013046569498755778
audio_text_ln_lrh0.001_e5_s43,2759,5,0.9892,2.5141,0.0,0.00013011020263064342
audio_text_ln_lrh0.001_e5_s43,2760,5,1.67128,2.5135,0.0,0.00012975471027372912
audio_text_ln_lrh0.001_e5_s43,2761,5,1.06016,1.8963,0.0,0.00012939921791681481
audio_text_ln_lrh0.001_e5_s43,2762,5,1.35619,3.0734,0.0,0.00012904372555990045
audio_text_ln_lrh0.001_e5_s43,2763,5,1.11514,2.3924,0.0,0.00012868823320298615
audio_text_ln_lrh0.001_e5_s43,2764,5,1.12475,2.3265,0.0,0.0001283327408460718
audio_text_ln_lrh0.001_e5_s43,2765,5,1.0566,2.8728,0.0,0.00012797724848915748
audio_text_ln_lrh0.001_e5_s43,2766,5,1.66465,3.7488,0.0,0.00012762175613224318
audio_text_ln_lrh0.001_e5_s43,2767,5,0.96025,2.451,0.0,0.00012726626377532882
audio_text_ln_lrh0.001_e5_s43,2768,5,1.17518,2.076,0.0,0.00012691077141841451
audio_text_ln_lrh0.001_e5_s43,2769,5,1.48267,4.224,0.0,0.00012655527906150018
audio_text_ln_lrh0.001_e5_s43,2770,5,1.424,3.4833,0.0,0.00012619978670458585
audio_text_ln_lrh0.001_e5_s43,2771,5,1.54027,2.8286,0.0,0.00012584429434767152
audio_text_ln_lrh0.001_e5_s43,2772,5,1.37321,2.8579,0.0,0.0001254888019907572
audio_text_ln_lrh0.001_e5_s43,2773,5,1.79868,3.5159,0.0,0.00012513330963384288
audio_text_ln_lrh0.001_e5_s43,2774,5,1.15162,2.1541,0.0,0.00012477781727692855
audio_text_ln_lrh0.001_e5_s43,2775,5,1.0313,2.2332,0.0,0.00012442232492001422
audio_text_ln_lrh0.001_e5_s43,2776,5,1.1527,2.1275,0.0,0.00012406683256309988
audio_text_ln_lrh0.001_e5_s43,2777,5,1.08659,2.2879,0.0,0.00012371134020618558
audio_text_ln_lrh0.001_e5_s43,2778,5,1.55852,2.9341,0.0,0.00012335584784927125
audio_text_ln_lrh0.001_e5_s43,2779,5,1.11535,1.9096,0.0,0.00012300035549235691
audio_text_ln_lrh0.001_e5_s43,2780,5,1.47313,4.27,0.0,0.0001226448631354426
audio_text_ln_lrh0.001_e5_s43,2781,5,1.55167,4.3286,0.0,0.00012228937077852828
audio_text_ln_lrh0.001_e5_s43,2782,5,1.25283,2.3894,0.0,0.00012193387842161393
audio_text_ln_lrh0.001_e5_s43,2783,5,1.48008,4.0004,0.0,0.00012157838606469961
audio_text_ln_lrh0.001_e5_s43,2784,5,1.36473,3.1538,0.0,0.00012122289370778529
audio_text_ln_lrh0.001_e5_s43,2785,5,0.90639,2.9411,0.0,0.00012086740135087096
audio_text_ln_lrh0.001_e5_s43,2786,5,1.24478,2.4166,0.0,0.00012051190899395663
audio_text_ln_lrh0.001_e5_s43,2787,5,0.99287,2.2207,0.0,0.00012015641663704231
audio_text_ln_lrh0.001_e5_s43,2788,5,1.32742,2.847,0.0,0.00011980092428012798
audio_text_ln_lrh0.001_e5_s43,2789,5,1.45904,3.2816,0.0,0.00011944543192321365
audio_text_ln_lrh0.001_e5_s43,2790,5,0.97594,2.393,0.0,0.00011908993956629933
audio_text_ln_lrh0.001_e5_s43,2791,5,1.11379,2.1176,0.0,0.00011873444720938501
audio_text_ln_lrh0.001_e5_s43,2792,5,1.28786,2.9327,0.0,0.00011837895485247068
audio_text_ln_lrh0.001_e5_s43,2793,5,0.92028,2.2093,0.0,0.00011802346249555634
audio_text_ln_lrh0.001_e5_s43,2794,5,1.09511,2.0719,0.0,0.00011766797013864202
audio_text_ln_lrh0.001_e5_s43,2795,5,1.14615,2.8882,0.0,0.00011731247778172769
audio_text_ln_lrh0.001_e5_s43,2796,5,1.43449,2.3805,0.0,0.00011695698542481337
audio_text_ln_lrh0.001_e5_s43,2797,5,1.02841,2.8467,0.0,0.00011660149306789904
audio_text_ln_lrh0.001_e5_s43,2798,5,1.10901,2.1908,0.0,0.00011624600071098472
audio_text_ln_lrh0.001_e5_s43,2799,5,1.23844,3.1219,0.0,0.00011589050835407039
audio_text_ln_lrh0.001_e5_s43,2800,5,1.45878,2.5708,0.0,0.00011553501599715606
audio_text_ln_lrh0.001_e5_s43,2801,5,1.30262,2.6448,0.0,0.00011517952364024174
audio_text_ln_lrh0.001_e5_s43,2802,5,1.31465,2.4337,0.0,0.0001148240312833274
audio_text_ln_lrh0.001_e5_s43,2803,5,1.38293,2.8023,0.0,0.00011446853892641309
audio_text_ln_lrh0.001_e5_s43,2804,5,1.77154,3.774,0.0,0.00011411304656949876
audio_text_ln_lrh0.001_e5_s43,2805,5,1.55648,2.6427,0.0,0.00011375755421258444
audio_text_ln_lrh0.001_e5_s43,2806,5,1.56287,4.0405,0.0,0.0001134020618556701
audio_text_ln_lrh0.001_e5_s43,2807,5,1.01305,2.3304,0.0,0.00011304656949875577
audio_text_ln_lrh0.001_e5_s43,2808,5,1.25631,2.3319,0.0,0.00011269107714184145
audio_text_ln_lrh0.001_e5_s43,2809,5,1.20294,2.1809,0.0,0.00011233558478492712
audio_text_ln_lrh0.001_e5_s43,2810,5,1.1155,2.7329,0.0,0.0001119800924280128
audio_text_ln_lrh0.001_e5_s43,2811,5,1.50391,2.8643,0.0,0.00011162460007109847
audio_text_ln_lrh0.001_e5_s43,2812,5,1.52581,3.0238,0.0,0.00011126910771418415
audio_text_ln_lrh0.001_e5_s43,2813,5,1.27752,3.211,0.0,0.00011091361535726982
audio_text_ln_lrh0.001_e5_s43,2814,5,1.07528,2.9631,0.0,0.00011055812300035549
audio_text_ln_lrh0.001_e5_s43,2815,5,1.32473,2.3483,0.0,0.00011020263064344117
audio_text_ln_lrh0.001_e5_s43,2816,5,1.0587,2.0692,0.0,0.00010984713828652685
audio_text_ln_lrh0.001_e5_s43,2817,5,1.74757,4.2738,0.0,0.00010949164592961252
audio_text_ln_lrh0.001_e5_s43,2818,5,0.92687,2.2236,0.0,0.00010913615357269818
audio_text_ln_lrh0.001_e5_s43,2819,5,1.47595,2.3223,0.0,0.00010878066121578387
audio_text_ln_lrh0.001_e5_s43,2820,5,1.13629,2.1683,0.0,0.00010842516885886953
audio_text_ln_lrh0.001_e5_s43,2821,5,1.37191,3.1194,0.0,0.0001080696765019552
audio_text_ln_lrh0.001_e5_s43,2822,5,1.42177,2.6211,0.0,0.00010771418414504088
audio_text_ln_lrh0.001_e5_s43,2823,5,1.73067,2.867,0.0,0.00010735869178812656
audio_text_ln_lrh0.001_e5_s43,2824,5,1.17185,3.3225,0.0,0.00010700319943121223
audio_text_ln_lrh0.001_e5_s43,2825,5,1.07538,2.1217,0.0,0.00010664770707429791
audio_text_ln_lrh0.001_e5_s43,2826,5,1.13496,2.3439,0.0,0.00010629221471738358
audio_text_ln_lrh0.001_e5_s43,2827,5,1.26242,2.7111,0.0,0.00010593672236046925
audio_text_ln_lrh0.001_e5_s43,2828,5,1.28117,3.2579,0.0,0.00010558123000355492
audio_text_ln_lrh0.001_e5_s43,2829,5,1.70331,3.8455,0.0,0.0001052257376466406
audio_text_ln_lrh0.001_e5_s43,2830,5,1.63157,3.2564,0.0,0.00010487024528972628
audio_text_ln_lrh0.001_e5_s43,2831,5,1.26444,2.8933,0.0,0.00010451475293281195
audio_text_ln_lrh0.001_e5_s43,2832,5,1.5201,2.9,0.0,0.00010415926057589763
audio_text_ln_lrh0.001_e5_s43,2833,5,0.99911,2.7726,0.0,0.0001038037682189833
audio_text_ln_lrh0.001_e5_s43,2834,5,0.96108,2.1676,0.0,0.00010344827586206896
audio_text_ln_lrh0.001_e5_s43,2835,5,1.85184,3.483,0.0,0.00010309278350515463
audio_text_ln_lrh0.001_e5_s43,2836,5,1.56047,2.4507,0.0,0.00010273729114824033
audio_text_ln_lrh0.001_e5_s43,2837,5,1.34002,2.6723,0.0,0.00010238179879132599
audio_text_ln_lrh0.001_e5_s43,2838,5,0.94938,2.129,0.0,0.00010202630643441166
audio_text_ln_lrh0.001_e5_s43,2839,5,1.1159,2.704,0.0,0.00010167081407749734
audio_text_ln_lrh0.001_e5_s43,2840,5,1.02841,1.9616,0.0,0.00010131532172058301
audio_text_ln_lrh0.001_e5_s43,2841,5,1.71384,3.1602,0.0,0.00010095982936366868
audio_text_ln_lrh0.001_e5_s43,2842,5,1.10863,1.9208,0.0,0.00010060433700675435
audio_text_ln_lrh0.001_e5_s43,2843,5,1.1798,2.1629,0.0,0.00010024884464984004
audio_text_ln_lrh0.001_e5_s43,2844,5,0.82227,2.7725,0.0,9.989335229292571e-05
audio_text_ln_lrh0.001_e5_s43,2845,5,1.16417,2.6782,0.0,9.953785993601138e-05
audio_text_ln_lrh0.001_e5_s43,2846,5,1.75359,2.7675,0.0,9.918236757909706e-05
audio_text_ln_lrh0.001_e5_s43,2847,5,1.35826,2.6486,0.0,9.882687522218272e-05
audio_text_ln_lrh0.001_e5_s43,2848,5,1.43609,2.8098,0.0,9.847138286526839e-05
audio_text_ln_lrh0.001_e5_s43,2849,5,1.55659,2.9398,0.0,9.811589050835406e-05
audio_text_ln_lrh0.001_e5_s43,2850,5,1.41973,2.276,0.0,9.776039815143975e-05
audio_text_ln_lrh0.001_e5_s43,2851,5,1.44831,2.6751,0.0,9.740490579452542e-05
audio_text_ln_lrh0.001_e5_s43,2852,5,1.23031,2.2656,0.0,9.704941343761109e-05
audio_text_ln_lrh0.001_e5_s43,2853,5,1.24265,2.1993,0.0,9.669392108069677e-05
audio_text_ln_lrh0.001_e5_s43,2854,5,1.10432,2.092,0.0,9.633842872378244e-05
audio_text_ln_lrh0.001_e5_s43,2855,5,1.46554,2.4673,0.0,9.598293636686811e-05
audio_text_ln_lrh0.001_e5_s43,2856,5,1.37093,2.5367,0.0,9.562744400995379e-05
audio_text_ln_lrh0.001_e5_s43,2857,5,1.09158,1.9543,0.0,9.527195165303947e-05
audio_text_ln_lrh0.001_e5_s43,2858,5,1.37526,2.4394,0.0,9.491645929612514e-05
audio_text_ln_lrh0.001_e5_s43,2859,5,1.46805,2.6545,0.0,9.45609669392108e-05
audio_text_ln_lrh0.001_e5_s43,2860,5,1.28862,2.3106,0.0,9.420547458229649e-05
audio_text_ln_lrh0.001_e5_s43,2861,5,1.42945,2.4232,0.0,9.384998222538215e-05
audio_text_ln_lrh0.001_e5_s43,2862,5,1.63501,3.0601,0.0,9.349448986846782e-05
audio_text_ln_lrh0.001_e5_s43,2863,5,1.26933,2.8117,0.0,9.31389975115535e-05
audio_text_ln_lrh0.001_e5_s43,2864,5,1.28068,3.22,0.0,9.278350515463918e-05
audio_text_ln_lrh0.001_e5_s43,2865,5,1.1927,2.3655,0.0,9.242801279772485e-05
audio_text_ln_lrh0.001_e5_s43,2866,5,1.12604,1.9928,0.0,9.207252044081052e-05
audio_text_ln_lrh0.001_e5_s43,2867,5,1.37464,2.1124,0.0,9.17170280838962e-05
audio_text_ln_lrh0.001_e5_s43,2868,5,1.60046,2.8692,0.0,9.136153572698187e-05
audio_text_ln_lrh0.001_e5_s43,2869,5,1.52422,3.0348,0.0,9.100604337006754e-05
audio_text_ln_lrh0.001_e5_s43,2870,5,1.1832,2.623,0.0,9.065055101315322e-05
audio_text_ln_lrh0.001_e5_s43,2871,5,1.28674,2.778,0.0,9.02950586562389e-05
audio_text_ln_lrh0.001_e5_s43,2872,5,1.55863,2.8502,0.0,8.993956629932457e-05
audio_text_ln_lrh0.001_e5_s43,2873,5,1.03087,2.4539,0.0,8.958407394241023e-05
audio_text_ln_lrh0.001_e5_s43,2874,5,0.81331,2.6909,0.0,8.922858158549592e-05
audio_text_ln_lrh0.001_e5_s43,2875,5,1.62607,3.9159,0.0,8.887308922858158e-05
audio_text_ln_lrh0.001_e5_s43,2876,5,1.42034,2.6238,0.0,8.851759687166726e-05
audio_text_ln_lrh0.001_e5_s43,2877,5,1.50942,2.7171,0.0,8.816210451475295e-05
audio_text_ln_lrh0.001_e5_s43,2878,5,1.21324,2.9774,0.0,8.780661215783861e-05
audio_text_ln_lrh0.001_e5_s43,2879,5,1.17698,2.2007,0.0,8.745111980092428e-05
audio_text_ln_lrh0.001_e5_s43,2880,5,1.52021,3.5229,0.0,8.709562744400995e-05
audio_text_ln_lrh0.001_e5_s43,2881,5,1.11612,3.2014,0.0,8.674013508709563e-05
audio_text_ln_lrh0.001_e5_s43,2882,5,0.98468,2.4541,0.0,8.63846427301813e-05
audio_text_ln_lrh0.001_e5_s43,2883,5,1.00256,2.7709,0.0,8.602915037326698e-05
audio_text_ln_lrh0.001_e5_s43,2884,5,1.36573,2.7394,0.0,8.567365801635266e-05
audio_text_ln_lrh0.001_e5_s43,2885,5,1.53515,2.9462,0.0,8.531816565943833e-05
audio_text_ln_lrh0.001_e5_s43,2886,5,1.26331,2.446,0.0,8.4962673302524e-05
audio_text_ln_lrh0.001_e5_s43,2887,5,1.58003,2.8297,0.0,8.460718094560966e-05
audio_text_ln_lrh0.001_e5_s43,2888,5,1.35305,3.1623,0.0,8.425168858869534e-05
audio_text_ln_lrh0.001_e5_s43,2889,5,0.91266,2.9668,0.0,8.389619623178103e-05
audio_text_ln_lrh0.001_e5_s43,2890,5,1.39244,2.1772,0.0,8.35407038748667e-05
audio_text_ln_lrh0.001_e5_s43,2891,5,1.24433,2.3842,0.0,8.318521151795237e-05
audio_text_ln_lrh0.001_e5_s43,2892,5,1.07729,2.5265,0.0,8.282971916103804e-05
audio_text_ln_lrh0.001_e5_s43,2893,5,1.09573,2.9563,0.0,8.247422680412371e-05
audio_text_ln_lrh0.001_e5_s43,2894,5,1.07026,2.1083,0.0,8.211873444720938e-05
audio_text_ln_lrh0.001_e5_s43,2895,5,1.01167,2.7583,0.0,8.176324209029506e-05
audio_text_ln_lrh0.001_e5_s43,2896,5,1.36244,3.5408,0.0,8.140774973338074e-05
audio_text_ln_lrh0.001_e5_s43,2897,5,1.37413,2.372,0.0,8.105225737646641e-05
audio_text_ln_lrh0.001_e5_s43,2898,5,1.3999,3.3923,0.0,8.069676501955209e-05
audio_text_ln_lrh0.001_e5_s43,2899,5,1.66244,3.0551,0.0,8.034127266263776e-05
audio_text_ln_lrh0.001_e5_s43,2900,5,1.45216,2.4468,0.0,7.998578030572342e-05
audio_text_ln_lrh0.001_e5_s43,2901,5,1.29436,2.8437,0.0,7.963028794880909e-05
audio_text_ln_lrh0.001_e5_s43,2902,5,1.35234,2.7407,0.0,7.927479559189477e-05
audio_text_ln_lrh0.001_e5_s43,2903,5,1.23857,3.1665,0.0,7.891930323498045e-05
audio_text_ln_lrh0.001_e5_s43,2904,5,1.42293,2.1093,0.0,7.856381087806612e-05
audio_text_ln_lrh0.001_e5_s43,2905,5,0.91046,2.0991,0.0,7.82083185211518e-05
audio_text_ln_lrh0.001_e5_s43,2906,5,1.81938,3.7133,0.0,7.785282616423747e-05
audio_text_ln_lrh0.001_e5_s43,2907,5,1.39987,2.394,0.0,7.749733380732314e-05
audio_text_ln_lrh0.001_e5_s43,2908,5,1.41642,2.708,0.0,7.714184145040881e-05
audio_text_ln_lrh0.001_e5_s43,2909,5,1.96305,3.7354,0.0,7.67863490934945e-05
audio_text_ln_lrh0.001_e5_s43,2910,5,1.38483,3.0469,0.0,7.643085673658017e-05
audio_text_ln_lrh0.001_e5_s43,2911,5,0.95673,2.6021,0.0,7.607536437966584e-05
audio_text_ln_lrh0.001_e5_s43,2912,5,1.36079,2.7826,0.0,7.571987202275152e-05
audio_text_ln_lrh0.001_e5_s43,2913,5,1.32601,2.5895,0.0,7.536437966583719e-05
audio_text_ln_lrh0.001_e5_s43,2914,5,1.07107,1.9217,0.0,7.500888730892285e-05
audio_text_ln_lrh0.001_e5_s43,2915,5,1.2166,3.2393,0.0,7.465339495200852e-05
audio_text_ln_lrh0.001_e5_s43,2916,5,1.26269,2.4673,0.0,7.429790259509422e-05
audio_text_ln_lrh0.001_e5_s43,2917,5,1.37807,2.8111,0.0,7.394241023817988e-05
audio_text_ln_lrh0.001_e5_s43,2918,5,1.12551,2.3615,0.0,7.358691788126555e-05
audio_text_ln_lrh0.001_e5_s43,2919,5,1.60351,2.9794,0.0,7.323142552435123e-05
audio_text_ln_lrh0.001_e5_s43,2920,5,1.73257,3.3507,0.0,7.28759331674369e-05
audio_text_ln_lrh0.001_e5_s43,2921,5,1.2329,2.5242,0.0,7.252044081052257e-05
audio_text_ln_lrh0.001_e5_s43,2922,5,1.21764,3.1014,0.0,7.216494845360824e-05
audio_text_ln_lrh0.001_e5_s43,2923,5,1.80244,3.2424,0.0,7.180945609669393e-05
audio_text_ln_lrh0.001_e5_s43,2924,5,1.30769,2.6235,0.0,7.14539637397796e-05
audio_text_ln_lrh0.001_e5_s43,2925,5,1.47999,2.6412,0.0,7.109847138286527e-05
audio_text_ln_lrh0.001_e5_s43,2926,5,1.46222,2.7417,0.0,7.074297902595095e-05
audio_text_ln_lrh0.001_e5_s43,2927,5,1.05548,2.5968,0.0,7.038748666903662e-05
audio_text_ln_lrh0.001_e5_s43,2928,5,1.1221,2.0681,0.0,7.003199431212228e-05
audio_text_ln_lrh0.001_e5_s43,2929,5,1.78749,3.1058,0.0,6.967650195520796e-05
audio_text_ln_lrh0.001_e5_s43,2930,5,1.24997,2.9719,0.0,6.932100959829365e-05
audio_text_ln_lrh0.001_e5_s43,2931,5,1.29923,2.1817,0.0,6.896551724137931e-05
audio_text_ln_lrh0.001_e5_s43,2932,5,1.2886,3.0839,0.0,6.861002488446498e-05
audio_text_ln_lrh0.001_e5_s43,2933,5,1.61586,3.1277,0.0,6.825453252755066e-05
audio_text_ln_lrh0.001_e5_s43,2934,5,1.37152,2.1266,0.0,6.789904017063633e-05
audio_text_ln_lrh0.001_e5_s43,2935,5,1.34936,1.9301,0.0,6.7543547813722e-05
audio_text_ln_lrh0.001_e5_s43,2936,5,1.28835,2.8103,0.0,6.718805545680769e-05
audio_text_ln_lrh0.001_e5_s43,2937,5,1.40524,2.3541,0.0,6.683256309989336e-05
audio_text_ln_lrh0.001_e5_s43,2938,5,1.36264,3.1108,0.0,6.647707074297903e-05
audio_text_ln_lrh0.001_e5_s43,2939,5,1.18803,3.1966,0.0,6.61215783860647e-05
audio_text_ln_lrh0.001_e5_s43,2940,5,1.68811,3.826,0.0,6.576608602915038e-05
audio_text_ln_lrh0.001_e5_s43,2941,5,1.13967,2.3901,0.0,6.541059367223604e-05
audio_text_ln_lrh0.001_e5_s43,2942,5,1.03963,2.4385,0.0,6.505510131532171e-05
audio_text_ln_lrh0.001_e5_s43,2943,5,1.46274,2.8697,0.0,6.469960895840741e-05
audio_text_ln_lrh0.001_e5_s43,2944,5,1.30469,2.5568,0.0,6.434411660149307e-05
audio_text_ln_lrh0.001_e5_s43,2945,5,0.96385,2.1683,0.0,6.398862424457874e-05
audio_text_ln_lrh0.001_e5_s43,2946,5,0.97665,2.1433,0.0,6.363313188766441e-05
audio_text_ln_lrh0.001_e5_s43,2947,5,1.60378,2.5263,0.0,6.327763953075009e-05
audio_text_ln_lrh0.001_e5_s43,2948,5,1.33248,2.8043,0.0,6.292214717383576e-05
audio_text_ln_lrh0.001_e5_s43,2949,5,1.1743,2.8376,0.0,6.256665481692144e-05
audio_text_ln_lrh0.001_e5_s43,2950,5,1.60478,2.6112,0.0,6.221116246000711e-05
audio_text_ln_lrh0.001_e5_s43,2951,5,1.29351,3.3157,0.0,6.185567010309279e-05
audio_text_ln_lrh0.001_e5_s43,2952,5,1.8495,4.2173,0.0,6.150017774617846e-05
audio_text_ln_lrh0.001_e5_s43,2953,5,1.65775,3.6865,0.0,6.114468538926414e-05
audio_text_ln_lrh0.001_e5_s43,2954,5,1.25657,2.5087,0.0,6.0789193032349806e-05
audio_text_ln_lrh0.001_e5_s43,2955,5,1.62195,2.9941,0.0,6.043370067543548e-05
audio_text_ln_lrh0.001_e5_s43,2956,5,1.46478,3.8128,0.0,6.0078208318521155e-05
audio_text_ln_lrh0.001_e5_s43,2957,5,1.5446,3.5231,0.0,5.972271596160682e-05
audio_text_ln_lrh0.001_e5_s43,2958,5,1.13611,2.3175,0.0,5.9367223604692504e-05
audio_text_ln_lrh0.001_e5_s43,2959,5,1.58851,2.7314,0.0,5.901173124777817e-05
audio_text_ln_lrh0.001_e5_s43,2960,5,1.19343,2.3721,0.0,5.8656238890863846e-05
audio_text_ln_lrh0.001_e5_s43,2961,5,1.20841,2.368,0.0,5.830074653394952e-05
audio_text_ln_lrh0.001_e5_s43,2962,5,1.21576,2.7785,0.0,5.7945254177035195e-05
audio_text_ln_lrh0.001_e5_s43,2963,5,1.03864,1.9871,0.0,5.758976182012087e-05
audio_text_ln_lrh0.001_e5_s43,2964,5,1.46895,3.1058,0.0,5.7234269463206544e-05
audio_text_ln_lrh0.001_e5_s43,2965,5,1.35306,2.4656,0.0,5.687877710629222e-05
audio_text_ln_lrh0.001_e5_s43,2966,5,1.41626,2.9932,0.0,5.6523284749377886e-05
audio_text_ln_lrh0.001_e5_s43,2967,5,1.02818,2.7051,0.0,5.616779239246356e-05
audio_text_ln_lrh0.001_e5_s43,2968,5,1.15103,2.6904,0.0,5.5812300035549235e-05
audio_text_ln_lrh0.001_e5_s43,2969,5,1.05618,3.0031,0.0,5.545680767863491e-05
audio_text_ln_lrh0.001_e5_s43,2970,5,1.18041,2.0084,0.0,5.5101315321720584e-05
audio_text_ln_lrh0.001_e5_s43,2971,5,1.76246,3.4939,0.0,5.474582296480626e-05
audio_text_ln_lrh0.001_e5_s43,2972,5,1.72274,3.0669,0.0,5.439033060789193e-05
audio_text_ln_lrh0.001_e5_s43,2973,5,1.58698,2.3466,0.0,5.40348382509776e-05
audio_text_ln_lrh0.001_e5_s43,2974,5,1.62359,2.8151,0.0,5.367934589406328e-05
audio_text_ln_lrh0.001_e5_s43,2975,5,1.18691,2.2091,0.0,5.3323853537148956e-05
audio_text_ln_lrh0.001_e5_s43,2976,5,1.2642,2.3213,0.0,5.2968361180234624e-05
audio_text_ln_lrh0.001_e5_s43,2977,5,1.16879,2.864,0.0,5.26128688233203e-05
audio_text_ln_lrh0.001_e5_s43,2978,5,1.0104,2.7548,0.0,5.225737646640597e-05
audio_text_ln_lrh0.001_e5_s43,2979,5,1.21184,2.4859,0.0,5.190188410949165e-05
audio_text_ln_lrh0.001_e5_s43,2980,5,1.21548,2.4896,0.0,5.1546391752577315e-05
audio_text_ln_lrh0.001_e5_s43,2981,5,0.95188,2.524,0.0,5.1190899395662997e-05
audio_text_ln_lrh0.001_e5_s43,2982,5,1.20469,2.2189,0.0,5.083540703874867e-05
audio_text_ln_lrh0.001_e5_s43,2983,5,1.31058,2.5644,0.0,5.047991468183434e-05
audio_text_ln_lrh0.001_e5_s43,2984,5,1.49817,2.1932,0.0,5.012442232492002e-05
audio_text_ln_lrh0.001_e5_s43,2985,5,1.19342,3.0767,0.0,4.976892996800569e-05
audio_text_ln_lrh0.001_e5_s43,2986,5,2.02332,3.0964,0.0,4.941343761109136e-05
audio_text_ln_lrh0.001_e5_s43,2987,5,1.51725,2.5274,0.0,4.905794525417703e-05
audio_text_ln_lrh0.001_e5_s43,2988,5,1.51297,2.6662,0.0,4.870245289726271e-05
audio_text_ln_lrh0.001_e5_s43,2989,5,1.49627,2.9198,0.0,4.8346960540348386e-05
audio_text_ln_lrh0.001_e5_s43,2990,5,1.49013,2.3542,0.0,4.7991468183434053e-05
audio_text_ln_lrh0.001_e5_s43,2991,5,1.41057,2.5329,0.0,4.7635975826519735e-05
audio_text_ln_lrh0.001_e5_s43,2992,5,1.65193,3.5928,0.0,4.72804834696054e-05
audio_text_ln_lrh0.001_e5_s43,2993,5,1.15593,2.483,0.0,4.692499111269108e-05
audio_text_ln_lrh0.001_e5_s43,2994,5,1.4587,2.9089,0.0,4.656949875577675e-05
audio_text_ln_lrh0.001_e5_s43,2995,5,1.43033,2.6496,0.0,4.6214006398862426e-05
audio_text_ln_lrh0.001_e5_s43,2996,5,0.98644,2.0173,0.0,4.58585140419481e-05
audio_text_ln_lrh0.001_e5_s43,2997,5,1.00264,2.3883,0.0,4.550302168503377e-05
audio_text_ln_lrh0.001_e5_s43,2998,5,1.60918,2.6825,0.0,4.514752932811945e-05
audio_text_ln_lrh0.001_e5_s43,2999,5,1.31427,2.693,0.0,4.479203697120512e-05
audio_text_ln_lrh0.001_e5_s43,3000,5,1.2363,2.3488,0.0,4.443654461429079e-05
audio_text_ln_lrh0.001_e5_s43,3001,5,1.07746,2.1283,0.0,4.408105225737647e-05
audio_text_ln_lrh0.001_e5_s43,3002,5,1.2268,2.4355,0.0,4.372555990046214e-05
audio_text_ln_lrh0.001_e5_s43,3003,5,0.91414,3.2002,0.0,4.3370067543547815e-05
audio_text_ln_lrh0.001_e5_s43,3004,5,0.84361,2.5673,0.0,4.301457518663349e-05
audio_text_ln_lrh0.001_e5_s43,3005,5,1.67589,3.0961,0.0,4.2659082829719164e-05
audio_text_ln_lrh0.001_e5_s43,3006,5,1.49859,2.5292,0.0,4.230359047280483e-05
audio_text_ln_lrh0.001_e5_s43,3007,5,1.67365,2.8707,0.0,4.194809811589051e-05
audio_text_ln_lrh0.001_e5_s43,3008,5,1.3644,2.2463,0.0,4.159260575897619e-05
audio_text_ln_lrh0.001_e5_s43,3009,5,0.99587,2.0787,0.0,4.1237113402061855e-05
audio_text_ln_lrh0.001_e5_s43,3010,5,0.93199,2.4682,0.0,4.088162104514753e-05
audio_text_ln_lrh0.001_e5_s43,3011,5,1.439,2.5322,0.0,4.0526128688233204e-05
audio_text_ln_lrh0.001_e5_s43,3012,5,1.28086,2.5583,0.0,4.017063633131888e-05
audio_text_ln_lrh0.001_e5_s43,3013,5,1.19711,2.9518,0.0,3.9815143974404546e-05
audio_text_ln_lrh0.001_e5_s43,3014,5,0.95682,3.0715,0.0,3.945965161749023e-05
audio_text_ln_lrh0.001_e5_s43,3015,5,1.60838,2.7184,0.0,3.91041592605759e-05
audio_text_ln_lrh0.001_e5_s43,3016,5,1.23518,2.3527,0.0,3.874866690366157e-05
audio_text_ln_lrh0.001_e5_s43,3017,5,1.12338,2.4512,0.0,3.839317454674725e-05
audio_text_ln_lrh0.001_e5_s43,3018,5,1.52431,2.9817,0.0,3.803768218983292e-05
audio_text_ln_lrh0.001_e5_s43,3019,5,1.15605,3.2576,0.0,3.768218983291859e-05
audio_text_ln_lrh0.001_e5_s43,3020,5,1.69483,2.9789,0.0,3.732669747600426e-05
audio_text_ln_lrh0.001_e5_s43,3021,5,0.9398,2.2193,0.0,3.697120511908994e-05
audio_text_ln_lrh0.001_e5_s43,3022,5,1.14416,2.2104,0.0,3.6615712762175616e-05
audio_text_ln_lrh0.001_e5_s43,3023,5,0.7812,2.6412,0.0,3.6260220405261284e-05
audio_text_ln_lrh0.001_e5_s43,3024,5,1.19498,2.5078,0.0,3.5904728048346965e-05
audio_text_ln_lrh0.001_e5_s43,3025,5,1.70947,3.9176,0.0,3.554923569143263e-05
audio_text_ln_lrh0.001_e5_s43,3026,5,1.32438,2.3522,0.0,3.519374333451831e-05
audio_text_ln_lrh0.001_e5_s43,3027,5,1.4535,2.8984,0.0,3.483825097760398e-05
audio_text_ln_lrh0.001_e5_s43,3028,5,1.0862,2.3623,0.0,3.4482758620689657e-05
audio_text_ln_lrh0.001_e5_s43,3029,5,1.29694,2.5994,0.0,3.412726626377533e-05
audio_text_ln_lrh0.001_e5_s43,3030,5,1.63186,2.7365,0.0,3.3771773906861e-05
audio_text_ln_lrh0.001_e5_s43,3031,5,1.56548,3.609,0.0,3.341628154994668e-05
audio_text_ln_lrh0.001_e5_s43,3032,5,1.64872,2.4808,0.0,3.306078919303235e-05
audio_text_ln_lrh0.001_e5_s43,3033,5,1.10456,2.4815,0.0,3.270529683611802e-05
audio_text_ln_lrh0.001_e5_s43,3034,5,1.01866,2.215,0.0,3.2349804479203703e-05
audio_text_ln_lrh0.001_e5_s43,3035,5,1.02503,2.1803,0.0,3.199431212228937e-05
audio_text_ln_lrh0.001_e5_s43,3036,5,1.03346,2.0089,0.0,3.1638819765375046e-05
audio_text_ln_lrh0.001_e5_s43,3037,5,1.15578,2.1918,0.0,3.128332740846072e-05
audio_text_ln_lrh0.001_e5_s43,3038,5,1.75753,3.5023,0.0,3.0927835051546395e-05
audio_text_ln_lrh0.001_e5_s43,3039,5,1.41835,2.2349,0.0,3.057234269463207e-05
audio_text_ln_lrh0.001_e5_s43,3040,5,1.35896,2.4677,0.0,3.021685033771774e-05
audio_text_ln_lrh0.001_e5_s43,3041,5,1.41384,2.3049,0.0,2.986135798080341e-05
audio_text_ln_lrh0.001_e5_s43,3042,5,1.47682,2.4198,0.0,2.9505865623889086e-05
audio_text_ln_lrh0.001_e5_s43,3043,5,1.41948,3.129,0.0,2.915037326697476e-05
audio_text_ln_lrh0.001_e5_s43,3044,5,1.54615,2.9933,0.0,2.8794880910060435e-05
audio_text_ln_lrh0.001_e5_s43,3045,5,1.84962,2.9499,0.0,2.843938855314611e-05
audio_text_ln_lrh0.001_e5_s43,3046,5,1.46308,2.5704,0.0,2.808389619623178e-05
audio_text_ln_lrh0.001_e5_s43,3047,5,1.22814,2.2049,0.0,2.7728403839317455e-05
audio_text_ln_lrh0.001_e5_s43,3048,5,1.33265,2.9316,0.0,2.737291148240313e-05
audio_text_ln_lrh0.001_e5_s43,3049,5,1.23576,2.2771,0.0,2.70174191254888e-05
audio_text_ln_lrh0.001_e5_s43,3050,5,0.96102,2.3131,0.0,2.6661926768574478e-05
audio_text_ln_lrh0.001_e5_s43,3051,5,1.07837,2.3534,0.0,2.630643441166015e-05
audio_text_ln_lrh0.001_e5_s43,3052,5,1.06881,2.0486,0.0,2.5950942054745824e-05
audio_text_ln_lrh0.001_e5_s43,3053,5,1.18643,2.3214,0.0,2.5595449697831498e-05
audio_text_ln_lrh0.001_e5_s43,3054,5,1.32762,2.9918,0.0,2.523995734091717e-05
audio_text_ln_lrh0.001_e5_s43,3055,5,1.40275,2.5249,0.0,2.4884464984002844e-05
audio_text_ln_lrh0.001_e5_s43,3056,5,1.40408,3.4769,0.0,2.4528972627088515e-05
audio_text_ln_lrh0.001_e5_s43,3057,5,1.32128,2.9065,0.0,2.4173480270174193e-05
audio_text_ln_lrh0.001_e5_s43,3058,5,1.43401,2.7319,0.0,2.3817987913259867e-05
audio_text_ln_lrh0.001_e5_s43,3059,5,1.11432,2.6275,0.0,2.346249555634554e-05
audio_text_ln_lrh0.001_e5_s43,3060,5,1.17701,2.4753,0.0,2.3107003199431213e-05
audio_text_ln_lrh0.001_e5_s43,3061,5,1.24619,2.2267,0.0,2.2751510842516884e-05
audio_text_ln_lrh0.001_e5_s43,3062,5,1.29807,2.5923,0.0,2.239601848560256e-05
audio_text_ln_lrh0.001_e5_s43,3063,5,1.46317,3.4143,0.0,2.2040526128688236e-05
audio_text_ln_lrh0.001_e5_s43,3064,5,1.22019,2.4557,0.0,2.1685033771773907e-05
audio_text_ln_lrh0.001_e5_s43,3065,5,1.38529,3.6998,0.0,2.1329541414859582e-05
audio_text_ln_lrh0.001_e5_s43,3066,5,1.56043,2.805,0.0,2.0974049057945256e-05
audio_text_ln_lrh0.001_e5_s43,3067,5,1.46406,2.5702,0.0,2.0618556701030927e-05
audio_text_ln_lrh0.001_e5_s43,3068,5,1.23493,2.3637,0.0,2.0263064344116602e-05
audio_text_ln_lrh0.001_e5_s43,3069,5,1.22189,2.6373,0.0,1.9907571987202273e-05
audio_text_ln_lrh0.001_e5_s43,3070,5,1.79943,3.7579,0.0,1.955207963028795e-05
audio_text_ln_lrh0.001_e5_s43,3071,5,1.67509,3.1193,0.0,1.9196587273373625e-05
audio_text_ln_lrh0.001_e5_s43,3072,5,1.09883,2.7155,0.0,1.8841094916459297e-05
audio_text_ln_lrh0.001_e5_s43,3073,5,1.18626,2.4344,0.0,1.848560255954497e-05
audio_text_ln_lrh0.001_e5_s43,3074,5,1.41058,2.7228,0.0,1.8130110202630642e-05
audio_text_ln_lrh0.001_e5_s43,3075,5,1.29331,2.7591,0.0,1.7774617845716317e-05
audio_text_ln_lrh0.001_e5_s43,3076,5,1.58187,2.7085,0.0,1.741912548880199e-05
audio_text_ln_lrh0.001_e5_s43,3077,5,1.24397,4.1202,0.0,1.7063633131887666e-05
audio_text_ln_lrh0.001_e5_s43,3078,5,1.30344,2.2656,0.0,1.670814077497334e-05
audio_text_ln_lrh0.001_e5_s43,3079,5,1.42096,2.7378,0.0,1.635264841805901e-05
audio_text_ln_lrh0.001_e5_s43,3080,5,1.29523,2.4901,0.0,1.5997156061144686e-05
audio_text_ln_lrh0.001_e5_s43,3081,5,1.22882,2.3561,0.0,1.564166370423036e-05
audio_text_ln_lrh0.001_e5_s43,3082,5,1.0793,2.6123,0.0,1.5286171347316035e-05
audio_text_ln_lrh0.001_e5_s43,3083,5,0.82012,2.4975,0.0,1.4930678990401706e-05
audio_text_ln_lrh0.001_e5_s43,3084,5,1.25236,2.4893,0.0,1.457518663348738e-05
audio_text_ln_lrh0.001_e5_s43,3085,5,1.37319,3.5433,0.0,1.4219694276573055e-05
audio_text_ln_lrh0.001_e5_s43,3086,5,1.14994,2.1315,0.0,1.3864201919658727e-05
audio_text_ln_lrh0.001_e5_s43,3087,5,1.59728,2.9483,0.0,1.35087095627444e-05
audio_text_ln_lrh0.001_e5_s43,3088,5,1.7799,4.5737,0.0,1.3153217205830075e-05
audio_text_ln_lrh0.001_e5_s43,3089,5,0.95218,2.3183,0.0,1.2797724848915749e-05
audio_text_ln_lrh0.001_e5_s43,3090,5,1.1485,2.6643,0.0,1.2442232492001422e-05
audio_text_ln_lrh0.001_e5_s43,3091,5,0.98337,2.4883,0.0,1.2086740135087096e-05
audio_text_ln_lrh0.001_e5_s43,3092,5,1.50359,2.9342,0.0,1.173124777817277e-05
audio_text_ln_lrh0.001_e5_s43,3093,5,1.24812,2.4351,0.0,1.1375755421258442e-05
audio_text_ln_lrh0.001_e5_s43,3094,5,1.35035,2.5076,0.0,1.1020263064344118e-05
audio_text_ln_lrh0.001_e5_s43,3095,5,1.61961,3.2508,0.0,1.0664770707429791e-05
audio_text_ln_lrh0.001_e5_s43,3096,5,1.22231,2.7495,0.0,1.0309278350515464e-05
audio_text_ln_lrh0.001_e5_s43,3097,5,1.28839,2.2289,0.0,9.953785993601137e-06
audio_text_ln_lrh0.001_e5_s43,3098,5,1.35498,2.6889,0.0,9.598293636686813e-06
audio_text_ln_lrh0.001_e5_s43,3099,5,1.16775,2.8769,0.0,9.242801279772485e-06
audio_text_ln_lrh0.001_e5_s43,3100,5,1.34074,3.0021,0.0,8.887308922858158e-06
audio_text_ln_lrh0.001_e5_s43,3101,5,0.97804,1.8635,0.0,8.531816565943833e-06
audio_text_ln_lrh0.001_e5_s43,3102,5,0.92544,3.5079,0.0,8.176324209029506e-06
audio_text_ln_lrh0.001_e5_s43,3103,5,1.85649,2.8924,0.0,7.82083185211518e-06
audio_text_ln_lrh0.001_e5_s43,3104,5,1.26397,2.3931,0.0,7.465339495200853e-06
audio_text_ln_lrh0.001_e5_s43,3105,5,1.2112,2.7222,0.0,7.109847138286527e-06
audio_text_ln_lrh0.001_e5_s43,3106,5,1.53171,3.2571,0.0,6.7543547813722e-06
audio_text_ln_lrh0.001_e5_s43,3107,5,1.30282,2.6489,0.0,6.3988624244578746e-06
audio_text_ln_lrh0.001_e5_s43,3108,5,1.04004,2.4115,0.0,6.043370067543548e-06
audio_text_ln_lrh0.001_e5_s43,3109,5,1.37465,2.3495,0.0,5.687877710629221e-06
audio_text_ln_lrh0.001_e5_s43,3110,5,1.14376,2.2606,0.0,5.3323853537148955e-06
audio_text_ln_lrh0.001_e5_s43,3111,5,1.17485,2.1175,0.0,4.976892996800568e-06
audio_text_ln_lrh0.001_e5_s43,3112,5,1.38151,2.65,0.0,4.621400639886243e-06
audio_text_ln_lrh0.001_e5_s43,3113,5,1.06892,2.1658,0.0,4.265908282971916e-06
audio_text_ln_lrh0.001_e5_s43,3114,5,1.39564,3.221,0.0,3.91041592605759e-06
audio_text_ln_lrh0.001_e5_s43,3115,5,1.41158,3.068,0.0,3.5549235691432637e-06
audio_text_ln_lrh0.001_e5_s43,3116,5,1.13971,2.6163,0.0,3.1994312122289373e-06
audio_text_ln_lrh0.001_e5_s43,3117,5,1.25416,2.4239,0.0,2.8439388553146105e-06
audio_text_ln_lrh0.001_e5_s43,3118,5,1.19881,3.5197,0.0,2.488446498400284e-06
audio_text_ln_lrh0.001_e5_s43,3119,5,1.55273,2.8257,0.0,2.132954141485958e-06
audio_text_ln_lrh0.001_e5_s43,3120,5,1.56648,3.013,0.0,1.7774617845716318e-06
audio_text_ln_lrh0.001_e5_s43,3121,5,1.18966,2.6223,0.0,1.4219694276573052e-06
audio_text_ln_lrh0.001_e5_s43,3122,5,1.60008,3.567,0.0,1.066477070742979e-06
audio_text_ln_lrh0.001_e5_s43,3123,5,1.40923,2.5018,0.0,7.109847138286526e-07
audio_text_ln_lrh0.001_e5_s43,3124,5,1.21071,2.5756,0.0,3.554923569143263e-07
audio_text_ln_lrh0.001_e5_s43,3125,5,1.031,4.7923,0.0,0.0
audio_text_ln_lrh0.001_e5_s44,1,1,2.02323,5.465,0.0,3.205128205128205e-06
audio_text_ln_lrh0.001_e5_s44,2,1,1.97769,5.5366,0.0,6.41025641025641e-06
audio_text_ln_lrh0.001_e5_s44,3,1,1.95324,4.2094,0.0,9.615384615384616e-06
audio_text_ln_lrh0.001_e5_s44,4,1,1.93942,4.4725,0.0,1.282051282051282e-05
audio_text_ln_lrh0.001_e5_s44,5,1,1.89906,4.0176,0.0,1.6025641025641026e-05
audio_text_ln_lrh0.001_e5_s44,6,1,1.91884,6.9236,0.0,1.923076923076923e-05
audio_text_ln_lrh0.001_e5_s44,7,1,1.97844,5.9499,0.0,2.2435897435897437e-05
audio_text_ln_lrh0.001_e5_s44,8,1,1.88469,3.7841,0.0,2.564102564102564e-05
audio_text_ln_lrh0.001_e5_s44,9,1,1.89968,5.425,0.0,2.884615384615385e-05
audio_text_ln_lrh0.001_e5_s44,10,1,1.92018,4.6983,0.0,3.205128205128205e-05
audio_text_ln_lrh0.001_e5_s44,11,1,1.90278,3.4693,0.0,3.5256410256410254e-05
audio_text_ln_lrh0.001_e5_s44,12,1,1.87862,4.7595,0.0,3.846153846153846e-05
audio_text_ln_lrh0.001_e5_s44,13,1,1.89261,3.9652,0.0,4.1666666666666665e-05
audio_text_ln_lrh0.001_e5_s44,14,1,1.88198,5.6417,0.0,4.4871794871794874e-05
audio_text_ln_lrh0.001_e5_s44,15,1,1.87263,3.3174,0.0,4.8076923076923084e-05
audio_text_ln_lrh0.001_e5_s44,16,1,1.85296,4.2848,0.0,5.128205128205128e-05
audio_text_ln_lrh0.001_e5_s44,17,1,1.88896,3.3611,0.0,5.448717948717949e-05
audio_text_ln_lrh0.001_e5_s44,18,1,1.74096,3.7439,0.0,5.76923076923077e-05
audio_text_ln_lrh0.001_e5_s44,19,1,1.72563,4.9173,0.0,6.08974358974359e-05
audio_text_ln_lrh0.001_e5_s44,20,1,1.63569,6.2099,0.0,6.41025641025641e-05
audio_text_ln_lrh0.001_e5_s44,21,1,1.81589,3.3631,0.0,6.73076923076923e-05
audio_text_ln_lrh0.001_e5_s44,22,1,1.69407,4.7972,0.0,7.051282051282051e-05
audio_text_ln_lrh0.001_e5_s44,23,1,1.93562,3.0433,0.0,7.371794871794872e-05
audio_text_ln_lrh0.001_e5_s44,24,1,1.69616,3.8656,0.0,7.692307692307693e-05
audio_text_ln_lrh0.001_e5_s44,25,1,1.80029,3.4884,0.0,8.012820512820514e-05
audio_text_ln_lrh0.001_e5_s44,26,1,1.45038,6.0789,0.0,8.333333333333333e-05
audio_text_ln_lrh0.001_e5_s44,27,1,1.74639,3.1751,0.0,8.653846153846153e-05
audio_text_ln_lrh0.001_e5_s44,28,1,1.6248,3.5103,0.0,8.974358974358975e-05
audio_text_ln_lrh0.001_e5_s44,29,1,1.66896,3.7,0.0,9.294871794871795e-05
audio_text_ln_lrh0.001_e5_s44,30,1,1.59557,3.6084,0.0,9.615384615384617e-05
audio_text_ln_lrh0.001_e5_s44,31,1,1.67485,3.5263,0.0,9.935897435897436e-05
audio_text_ln_lrh0.001_e5_s44,32,1,1.69911,2.7936,0.0,0.00010256410256410256
audio_text_ln_lrh0.001_e5_s44,33,1,1.64505,2.7587,0.0,0.00010576923076923077
audio_text_ln_lrh0.001_e5_s44,34,1,1.79391,2.9504,0.0,0.00010897435897435898
audio_text_ln_lrh0.001_e5_s44,35,1,1.46788,3.1108,0.0,0.00011217948717948718
audio_text_ln_lrh0.001_e5_s44,36,1,1.70843,2.8253,0.0,0.0001153846153846154
audio_text_ln_lrh0.001_e5_s44,37,1,1.54147,2.6808,0.0,0.00011858974358974358
audio_text_ln_lrh0.001_e5_s44,38,1,1.44869,3.4101,0.0,0.0001217948717948718
audio_text_ln_lrh0.001_e5_s44,39,1,1.55787,2.9229,0.0,0.000125
audio_text_ln_lrh0.001_e5_s44,40,1,1.4216,2.889,0.0,0.0001282051282051282
audio_text_ln_lrh0.001_e5_s44,41,1,1.81342,4.9499,0.0,0.0001314102564102564
audio_text_ln_lrh0.001_e5_s44,42,1,1.66572,2.8785,0.0,0.0001346153846153846
audio_text_ln_lrh0.001_e5_s44,43,1,1.55581,3.2763,0.0,0.00013782051282051284
audio_text_ln_lrh0.001_e5_s44,44,1,1.87448,3.6435,0.0,0.00014102564102564101
audio_text_ln_lrh0.001_e5_s44,45,1,0.86276,5.1369,0.0,0.00014423076923076922
audio_text_ln_lrh0.001_e5_s44,46,1,1.38799,2.3383,0.0,0.00014743589743589745
audio_text_ln_lrh0.001_e5_s44,47,1,1.78023,4.1533,0.0,0.00015064102564102565
audio_text_ln_lrh0.001_e5_s44,48,1,1.9455,5.0177,0.0,0.00015384615384615385
audio_text_ln_lrh0.001_e5_s44,49,1,1.57051,3.4896,0.0,0.00015705128205128205
audio_text_ln_lrh0.001_e5_s44,50,1,1.49076,2.503,0.0,0.00016025641025641028
audio_text_ln_lrh0.001_e5_s44,51,1,1.71897,3.2567,0.0,0.00016346153846153846
audio_text_ln_lrh0.001_e5_s44,52,1,1.76598,4.0349,0.0,0.00016666666666666666
audio_text_ln_lrh0.001_e5_s44,53,1,1.56267,2.3535,0.0,0.0001698717948717949
audio_text_ln_lrh0.001_e5_s44,54,1,1.39053,2.7787,0.0,0.00017307692307692307
audio_text_ln_lrh0.001_e5_s44,55,1,1.24152,3.4967,0.0,0.0001762820512820513
audio_text_ln_lrh0.001_e5_s44,56,1,1.38741,2.6598,0.0,0.0001794871794871795
audio_text_ln_lrh0.001_e5_s44,57,1,2.12229,4.87,0.0,0.00018269230769230767
audio_text_ln_lrh0.001_e5_s44,58,1,1.57402,2.6804,0.0,0.0001858974358974359
audio_text_ln_lrh0.001_e5_s44,59,1,1.09319,3.7469,0.0,0.0001891025641025641
audio_text_ln_lrh0.001_e5_s44,60,1,1.62048,2.663,0.0,0.00019230769230769233
audio_text_ln_lrh0.001_e5_s44,61,1,1.70165,3.3259,0.0,0.0001955128205128205
audio_text_ln_lrh0.001_e5_s44,62,1,1.40732,2.47,0.0,0.0001987179487179487
audio_text_ln_lrh0.001_e5_s44,63,1,1.51756,2.994,0.0,0.00020192307692307694
audio_text_ln_lrh0.001_e5_s44,64,1,1.68266,4.7376,0.0,0.00020512820512820512
audio_text_ln_lrh0.001_e5_s44,65,1,1.37219,2.256,0.0,0.00020833333333333335
audio_text_ln_lrh0.001_e5_s44,66,1,1.80711,4.4911,0.0,0.00021153846153846155
audio_text_ln_lrh0.001_e5_s44,67,1,1.30755,3.0557,0.0,0.00021474358974358972
audio_text_ln_lrh0.001_e5_s44,68,1,1.61784,3.329,0.0,0.00021794871794871795
audio_text_ln_lrh0.001_e5_s44,69,1,1.65317,2.596,0.0,0.00022115384615384616
audio_text_ln_lrh0.001_e5_s44,70,1,1.642,3.3508,0.0,0.00022435897435897436
audio_text_ln_lrh0.001_e5_s44,71,1,1.38475,4.0533,0.0,0.00022756410256410256
audio_text_ln_lrh0.001_e5_s44,72,1,1.38529,3.0446,0.0,0.0002307692307692308
audio_text_ln_lrh0.001_e5_s44,73,1,1.37274,2.9738,0.0,0.000233974358974359
audio_text_ln_lrh0.001_e5_s44,74,1,1.25213,4.2898,0.0,0.00023717948717948717
audio_text_ln_lrh0.001_e5_s44,75,1,1.413,3.6576,0.0,0.0002403846153846154
audio_text_ln_lrh0.001_e5_s44,76,1,1.58065,2.9004,0.0,0.0002435897435897436
audio_text_ln_lrh0.001_e5_s44,77,1,1.25868,2.9523,0.0,0.0002467948717948718
audio_text_ln_lrh0.001_e5_s44,78,1,1.76455,4.3166,0.0,0.00025
audio_text_ln_lrh0.001_e5_s44,79,1,1.27258,3.8618,0.0,0.0002532051282051282
audio_text_ln_lrh0.001_e5_s44,80,1,1.28896,3.3681,0.0,0.0002564102564102564
audio_text_ln_lrh0.001_e5_s44,81,1,1.45614,2.8288,0.0,0.00025961538461538467
audio_text_ln_lrh0.001_e5_s44,82,1,1.27471,2.489,0.0,0.0002628205128205128
audio_text_ln_lrh0.001_e5_s44,83,1,1.36189,2.7576,0.0,0.000266025641025641
audio_text_ln_lrh0.001_e5_s44,84,1,2.27938,4.6518,0.0,0.0002692307692307692
audio_text_ln_lrh0.001_e5_s44,85,1,1.53524,3.38,0.0,0.0002724358974358974
audio_text_ln_lrh0.001_e5_s44,86,1,1.4851,2.6616,0.0,0.0002756410256410257
audio_text_ln_lrh0.001_e5_s44,87,1,1.48446,3.7941,0.0,0.0002788461538461539
audio_text_ln_lrh0.001_e5_s44,88,1,1.62622,3.5231,0.0,0.00028205128205128203
audio_text_ln_lrh0.001_e5_s44,89,1,1.40992,4.1469,0.0,0.00028525641025641023
audio_text_ln_lrh0.001_e5_s44,90,1,1.68383,2.8452,0.0,0.00028846153846153843
audio_text_ln_lrh0.001_e5_s44,91,1,1.39703,2.8483,0.0,0.0002916666666666667
audio_text_ln_lrh0.001_e5_s44,92,1,1.13739,3.1679,0.0,0.0002948717948717949
audio_text_ln_lrh0.001_e5_s44,93,1,1.29172,3.1822,0.0,0.0002980769230769231
audio_text_ln_lrh0.001_e5_s44,94,1,1.32209,2.9742,0.0,0.0003012820512820513
audio_text_ln_lrh0.001_e5_s44,95,1,1.36733,3.8462,0.0,0.00030448717948717945
audio_text_ln_lrh0.001_e5_s44,96,1,1.536,3.2991,0.0,0.0003076923076923077
audio_text_ln_lrh0.001_e5_s44,97,1,1.35955,3.2019,0.0,0.0003108974358974359
audio_text_ln_lrh0.001_e5_s44,98,1,1.63805,3.6807,0.0,0.0003141025641025641
audio_text_ln_lrh0.001_e5_s44,99,1,1.34242,3.1932,0.0,0.0003173076923076923
audio_text_ln_lrh0.001_e5_s44,100,1,1.87793,4.2299,0.0,0.00032051282051282057
audio_text_ln_lrh0.001_e5_s44,101,1,1.28388,2.5612,0.0,0.0003237179487179487
audio_text_ln_lrh0.001_e5_s44,102,1,1.57097,2.4167,0.0,0.0003269230769230769
audio_text_ln_lrh0.001_e5_s44,103,1,1.07026,2.7709,0.0,0.0003301282051282051
audio_text_ln_lrh0.001_e5_s44,104,1,1.51936,3.2643,0.0,0.0003333333333333333
audio_text_ln_lrh0.001_e5_s44,105,1,1.65387,4.1419,0.0,0.0003365384615384616
audio_text_ln_lrh0.001_e5_s44,106,1,1.53362,4.1737,0.0,0.0003397435897435898
audio_text_ln_lrh0.001_e5_s44,107,1,1.10391,2.9362,0.0,0.000342948717948718
audio_text_ln_lrh0.001_e5_s44,108,1,1.34903,4.4421,0.0,0.00034615384615384613
audio_text_ln_lrh0.001_e5_s44,109,1,1.78443,3.5784,0.0,0.00034935897435897433
audio_text_ln_lrh0.001_e5_s44,110,1,1.22737,3.1049,0.0,0.0003525641025641026
audio_text_ln_lrh0.001_e5_s44,111,1,1.49392,2.7321,0.0,0.0003557692307692308
audio_text_ln_lrh0.001_e5_s44,112,1,1.52144,3.0272,0.0,0.000358974358974359
audio_text_ln_lrh0.001_e5_s44,113,1,1.43545,2.8658,0.0,0.0003621794871794872
audio_text_ln_lrh0.001_e5_s44,114,1,1.45088,3.2816,0.0,0.00036538461538461535
audio_text_ln_lrh0.001_e5_s44,115,1,1.53882,2.7163,0.0,0.0003685897435897436
audio_text_ln_lrh0.001_e5_s44,116,1,1.841,5.1579,0.0,0.0003717948717948718
audio_text_ln_lrh0.001_e5_s44,117,1,1.2098,3.7292,0.0,0.000375
audio_text_ln_lrh0.001_e5_s44,118,1,1.20948,2.6164,0.0,0.0003782051282051282
audio_text_ln_lrh0.001_e5_s44,119,1,1.43372,3.5294,0.0,0.0003814102564102564
audio_text_ln_lrh0.001_e5_s44,120,1,1.52872,3.6822,0.0,0.00038461538461538467
audio_text_ln_lrh0.001_e5_s44,121,1,1.24464,3.3964,0.0,0.0003878205128205128
audio_text_ln_lrh0.001_e5_s44,122,1,1.64551,5.1391,0.0,0.000391025641025641
audio_text_ln_lrh0.001_e5_s44,123,1,1.38823,2.9881,0.0,0.0003942307692307692
audio_text_ln_lrh0.001_e5_s44,124,1,1.90929,5.1079,0.0,0.0003974358974358974
audio_text_ln_lrh0.001_e5_s44,125,1,1.32892,4.1159,0.0,0.0004006410256410257
audio_text_ln_lrh0.001_e5_s44,126,1,1.70138,3.0974,0.0,0.0004038461538461539
audio_text_ln_lrh0.001_e5_s44,127,1,0.91915,4.1838,0.0,0.00040705128205128203
audio_text_ln_lrh0.001_e5_s44,128,1,1.34203,2.3464,0.0,0.00041025641025641023
audio_text_ln_lrh0.001_e5_s44,129,1,1.5012,4.759,0.0,0.00041346153846153844
audio_text_ln_lrh0.001_e5_s44,130,1,1.2975,3.6537,0.0,0.0004166666666666667
audio_text_ln_lrh0.001_e5_s44,131,1,1.29921,2.4882,0.0,0.0004198717948717949
audio_text_ln_lrh0.001_e5_s44,132,1,1.30077,2.4717,0.0,0.0004230769230769231
audio_text_ln_lrh0.001_e5_s44,133,1,1.33718,3.2738,0.0,0.0004262820512820513
audio_text_ln_lrh0.001_e5_s44,134,1,1.97331,5.3126,0.0,0.00042948717948717945
audio_text_ln_lrh0.001_e5_s44,135,1,1.26467,2.4289,0.0,0.0004326923076923077
audio_text_ln_lrh0.001_e5_s44,136,1,1.67066,4.2642,0.0,0.0004358974358974359
audio_text_ln_lrh0.001_e5_s44,137,1,1.30234,2.8512,0.0,0.0004391025641025641
audio_text_ln_lrh0.001_e5_s44,138,1,2.00052,3.9801,0.0,0.0004423076923076923
audio_text_ln_lrh0.001_e5_s44,139,1,1.69587,4.7646,0.0,0.00044551282051282057
audio_text_ln_lrh0.001_e5_s44,140,1,1.07276,3.862,0.0,0.0004487179487179487
audio_text_ln_lrh0.001_e5_s44,141,1,1.65922,4.0439,0.0,0.0004519230769230769
audio_text_ln_lrh0.001_e5_s44,142,1,1.2791,2.9388,0.0,0.0004551282051282051
audio_text_ln_lrh0.001_e5_s44,143,1,1.92956,6.1439,0.0,0.0004583333333333333
audio_text_ln_lrh0.001_e5_s44,144,1,1.58575,3.1683,0.0,0.0004615384615384616
audio_text_ln_lrh0.001_e5_s44,145,1,1.49695,2.9381,0.0,0.0004647435897435898
audio_text_ln_lrh0.001_e5_s44,146,1,1.24034,2.8831,0.0,0.000467948717948718
audio_text_ln_lrh0.001_e5_s44,147,1,1.58274,5.031,0.0,0.00047115384615384613
audio_text_ln_lrh0.001_e5_s44,148,1,1.44652,4.0613,0.0,0.00047435897435897434
audio_text_ln_lrh0.001_e5_s44,149,1,1.38135,2.3088,0.0,0.0004775641025641026
audio_text_ln_lrh0.001_e5_s44,150,1,1.85893,3.6389,0.0,0.0004807692307692308
audio_text_ln_lrh0.001_e5_s44,151,1,1.76822,4.2791,0.0,0.000483974358974359
audio_text_ln_lrh0.001_e5_s44,152,1,1.13698,3.4251,0.0,0.0004871794871794872
audio_text_ln_lrh0.001_e5_s44,153,1,1.46831,3.0485,0.0,0.0004903846153846154
audio_text_ln_lrh0.001_e5_s44,154,1,1.58873,6.093,0.0,0.0004935897435897436
audio_text_ln_lrh0.001_e5_s44,155,1,1.75768,2.613,0.0,0.0004967948717948718
audio_text_ln_lrh0.001_e5_s44,156,1,1.62638,2.8815,0.0,0.0005
audio_text_ln_lrh0.001_e5_s44,157,1,1.52999,4.9358,0.0,0.0005032051282051282
audio_text_ln_lrh0.001_e5_s44,158,1,1.38204,3.5362,0.0,0.0005064102564102564
audio_text_ln_lrh0.001_e5_s44,159,1,1.85745,5.2342,0.0,0.0005096153846153846
audio_text_ln_lrh0.001_e5_s44,160,1,1.69674,2.5178,0.0,0.0005128205128205128
audio_text_ln_lrh0.001_e5_s44,161,1,1.8223,4.0198,0.0,0.0005160256410256411
audio_text_ln_lrh0.001_e5_s44,162,1,1.51029,3.8088,0.0,0.0005192307692307693
audio_text_ln_lrh0.001_e5_s44,163,1,1.51774,2.5626,0.0,0.0005224358974358974
audio_text_ln_lrh0.001_e5_s44,164,1,1.61853,2.9063,0.0,0.0005256410256410256
audio_text_ln_lrh0.001_e5_s44,165,1,1.5965,2.6015,0.0,0.0005288461538461538
audio_text_ln_lrh0.001_e5_s44,166,1,1.26128,2.669,0.0,0.000532051282051282
audio_text_ln_lrh0.001_e5_s44,167,1,1.79566,3.4397,0.0,0.0005352564102564102
audio_text_ln_lrh0.001_e5_s44,168,1,2.04483,4.7769,0.0,0.0005384615384615384
audio_text_ln_lrh0.001_e5_s44,169,1,1.78762,3.7206,0.0,0.0005416666666666666
audio_text_ln_lrh0.001_e5_s44,170,1,1.52182,3.6903,0.0,0.0005448717948717948
audio_text_ln_lrh0.001_e5_s44,171,1,1.32318,4.1982,0.0,0.0005480769230769232
audio_text_ln_lrh0.001_e5_s44,172,1,1.27949,4.0061,0.0,0.0005512820512820514
audio_text_ln_lrh0.001_e5_s44,173,1,1.57093,2.4497,0.0,0.0005544871794871796
audio_text_ln_lrh0.001_e5_s44,174,1,1.51421,3.9949,0.0,0.0005576923076923078
audio_text_ln_lrh0.001_e5_s44,175,1,1.16781,3.4275,0.0,0.000560897435897436
audio_text_ln_lrh0.001_e5_s44,176,1,1.20265,2.6088,0.0,0.0005641025641025641
audio_text_ln_lrh0.001_e5_s44,177,1,1.59123,4.6065,0.0,0.0005673076923076923
audio_text_ln_lrh0.001_e5_s44,178,1,1.41101,3.5519,0.0,0.0005705128205128205
audio_text_ln_lrh0.001_e5_s44,179,1,1.60267,3.8413,0.0,0.0005737179487179487
audio_text_ln_lrh0.001_e5_s44,180,1,1.90843,3.3921,0.0,0.0005769230769230769
audio_text_ln_lrh0.001_e5_s44,181,1,1.35547,2.3825,0.0,0.0005801282051282052
audio_text_ln_lrh0.001_e5_s44,182,1,1.8751,4.7356,0.0,0.0005833333333333334
audio_text_ln_lrh0.001_e5_s44,183,1,1.09691,2.4855,0.0,0.0005865384615384616
audio_text_ln_lrh0.001_e5_s44,184,1,1.54069,2.5141,0.0,0.0005897435897435898
audio_text_ln_lrh0.001_e5_s44,185,1,1.17924,4.1499,0.0,0.000592948717948718
audio_text_ln_lrh0.001_e5_s44,186,1,1.3113,3.0894,0.0,0.0005961538461538462
audio_text_ln_lrh0.001_e5_s44,187,1,1.58608,3.9889,0.0,0.0005993589743589744
audio_text_ln_lrh0.001_e5_s44,188,1,1.6554,5.4569,0.0,0.0006025641025641026
audio_text_ln_lrh0.001_e5_s44,189,1,1.63834,4.7524,0.0,0.0006057692307692307
audio_text_ln_lrh0.001_e5_s44,190,1,1.15563,2.696,0.0,0.0006089743589743589
audio_text_ln_lrh0.001_e5_s44,191,1,1.9036,4.6287,0.0,0.0006121794871794872
audio_text_ln_lrh0.001_e5_s44,192,1,1.81222,3.3449,0.0,0.0006153846153846154
audio_text_ln_lrh0.001_e5_s44,193,1,1.68773,3.4363,0.0,0.0006185897435897436
audio_text_ln_lrh0.001_e5_s44,194,1,1.83212,4.0295,0.0,0.0006217948717948718
audio_text_ln_lrh0.001_e5_s44,195,1,1.32518,2.9582,0.0,0.000625
audio_text_ln_lrh0.001_e5_s44,196,1,1.41213,3.1944,0.0,0.0006282051282051282
audio_text_ln_lrh0.001_e5_s44,197,1,1.28021,3.0111,0.0,0.0006314102564102564
audio_text_ln_lrh0.001_e5_s44,198,1,1.18913,3.2007,0.0,0.0006346153846153846
audio_text_ln_lrh0.001_e5_s44,199,1,1.53605,2.5438,0.0,0.0006378205128205128
audio_text_ln_lrh0.001_e5_s44,200,1,1.23597,2.491,0.0,0.0006410256410256411
audio_text_ln_lrh0.001_e5_s44,201,1,1.44633,2.8835,0.0,0.0006442307692307693
audio_text_ln_lrh0.001_e5_s44,202,1,1.89432,3.5707,0.0,0.0006474358974358974
audio_text_ln_lrh0.001_e5_s44,203,1,1.32427,3.2222,0.0,0.0006506410256410256
audio_text_ln_lrh0.001_e5_s44,204,1,1.60177,2.8757,0.0,0.0006538461538461538
audio_text_ln_lrh0.001_e5_s44,205,1,1.55681,3.9217,0.0,0.000657051282051282
audio_text_ln_lrh0.001_e5_s44,206,1,1.37536,2.1165,0.0,0.0006602564102564102
audio_text_ln_lrh0.001_e5_s44,207,1,1.68311,2.124,0.0,0.0006634615384615384
audio_text_ln_lrh0.001_e5_s44,208,1,2.03303,4.3319,0.0,0.0006666666666666666
audio_text_ln_lrh0.001_e5_s44,209,1,1.77322,3.4382,0.0,0.0006698717948717948
audio_text_ln_lrh0.001_e5_s44,210,1,1.48486,3.4391,0.0,0.0006730769230769232
audio_text_ln_lrh0.001_e5_s44,211,1,1.46466,4.013,0.0,0.0006762820512820514
audio_text_ln_lrh0.001_e5_s44,212,1,1.56099,3.0979,0.0,0.0006794871794871796
audio_text_ln_lrh0.001_e5_s44,213,1,1.56848,2.8454,0.0,0.0006826923076923078
audio_text_ln_lrh0.001_e5_s44,214,1,1.59949,2.8393,0.0,0.000685897435897436
audio_text_ln_lrh0.001_e5_s44,215,1,1.73235,2.4129,0.0,0.0006891025641025641
audio_text_ln_lrh0.001_e5_s44,216,1,1.46266,2.9989,0.0,0.0006923076923076923
audio_text_ln_lrh0.001_e5_s44,217,1,1.3483,2.5207,0.0,0.0006955128205128205
audio_text_ln_lrh0.001_e5_s44,218,1,1.55329,2.3903,0.0,0.0006987179487179487
audio_text_ln_lrh0.001_e5_s44,219,1,1.66514,4.0826,0.0,0.0007019230769230769
audio_text_ln_lrh0.001_e5_s44,220,1,1.36833,2.7465,0.0,0.0007051282051282052
audio_text_ln_lrh0.001_e5_s44,221,1,1.37706,2.6904,0.0,0.0007083333333333334
audio_text_ln_lrh0.001_e5_s44,222,1,1.83181,3.6355,0.0,0.0007115384615384616
audio_text_ln_lrh0.001_e5_s44,223,1,1.3008,2.1731,0.0,0.0007147435897435898
audio_text_ln_lrh0.001_e5_s44,224,1,1.54858,3.4284,0.0,0.000717948717948718
audio_text_ln_lrh0.001_e5_s44,225,1,2.0017,4.9725,0.0,0.0007211538461538462
audio_text_ln_lrh0.001_e5_s44,226,1,1.03867,3.0969,0.0,0.0007243589743589744
audio_text_ln_lrh0.001_e5_s44,227,1,1.42358,2.344,0.0,0.0007275641025641026
audio_text_ln_lrh0.001_e5_s44,228,1,1.59296,2.8692,0.0,0.0007307692307692307
audio_text_ln_lrh0.001_e5_s44,229,1,1.32954,2.2034,0.0,0.0007339743589743589
audio_text_ln_lrh0.001_e5_s44,230,1,1.24802,2.7196,0.0,0.0007371794871794872
audio_text_ln_lrh0.001_e5_s44,231,1,1.65327,3.8802,0.0,0.0007403846153846154
audio_text_ln_lrh0.001_e5_s44,232,1,1.33427,3.3471,0.0,0.0007435897435897436
audio_text_ln_lrh0.001_e5_s44,233,1,1.2912,3.897,0.0,0.0007467948717948718
audio_text_ln_lrh0.001_e5_s44,234,1,1.4514,3.0059,0.0,0.00075
audio_text_ln_lrh0.001_e5_s44,235,1,1.54277,2.9993,0.0,0.0007532051282051282
audio_text_ln_lrh0.001_e5_s44,236,1,0.97192,2.8566,0.0,0.0007564102564102564
audio_text_ln_lrh0.001_e5_s44,237,1,1.65283,3.2803,0.0,0.0007596153846153846
audio_text_ln_lrh0.001_e5_s44,238,1,1.71027,3.275,0.0,0.0007628205128205128
audio_text_ln_lrh0.001_e5_s44,239,1,1.50417,2.3575,0.0,0.0007660256410256411
audio_text_ln_lrh0.001_e5_s44,240,1,1.35684,3.9307,0.0,0.0007692307692307693
audio_text_ln_lrh0.001_e5_s44,241,1,1.60179,2.3051,0.0,0.0007724358974358974
audio_text_ln_lrh0.001_e5_s44,242,1,1.46844,2.5811,0.0,0.0007756410256410256
audio_text_ln_lrh0.001_e5_s44,243,1,1.42078,2.3758,0.0,0.0007788461538461538
audio_text_ln_lrh0.001_e5_s44,244,1,1.7143,3.2933,0.0,0.000782051282051282
audio_text_ln_lrh0.001_e5_s44,245,1,1.40025,3.2828,0.0,0.0007852564102564102
audio_text_ln_lrh0.001_e5_s44,246,1,1.7971,3.5884,0.0,0.0007884615384615384
audio_text_ln_lrh0.001_e5_s44,247,1,1.69203,3.1159,0.0,0.0007916666666666666
audio_text_ln_lrh0.001_e5_s44,248,1,1.47413,2.6386,0.0,0.0007948717948717948
audio_text_ln_lrh0.001_e5_s44,249,1,1.43825,2.4415,0.0,0.0007980769230769232
audio_text_ln_lrh0.001_e5_s44,250,1,1.43985,2.1662,0.0,0.0008012820512820514
audio_text_ln_lrh0.001_e5_s44,251,1,1.79353,2.9422,0.0,0.0008044871794871796
audio_text_ln_lrh0.001_e5_s44,252,1,1.42835,3.1476,0.0,0.0008076923076923078
audio_text_ln_lrh0.001_e5_s44,253,1,1.66336,4.0612,0.0,0.000810897435897436
audio_text_ln_lrh0.001_e5_s44,254,1,1.48555,2.401,0.0,0.0008141025641025641
audio_text_ln_lrh0.001_e5_s44,255,1,1.32141,2.5138,0.0,0.0008173076923076923
audio_text_ln_lrh0.001_e5_s44,256,1,1.78155,3.9057,0.0,0.0008205128205128205
audio_text_ln_lrh0.001_e5_s44,257,1,1.32397,3.1718,0.0,0.0008237179487179487
audio_text_ln_lrh0.001_e5_s44,258,1,1.47792,2.7342,0.0,0.0008269230769230769
audio_text_ln_lrh0.001_e5_s44,259,1,1.91934,3.1348,0.0,0.0008301282051282052
audio_text_ln_lrh0.001_e5_s44,260,1,1.5093,2.1117,0.0,0.0008333333333333334
audio_text_ln_lrh0.001_e5_s44,261,1,2.04364,4.9746,0.0,0.0008365384615384616
audio_text_ln_lrh0.001_e5_s44,262,1,1.61833,3.9091,0.0,0.0008397435897435898
audio_text_ln_lrh0.001_e5_s44,263,1,1.29703,1.9639,0.0,0.000842948717948718
audio_text_ln_lrh0.001_e5_s44,264,1,1.08893,3.921,0.0,0.0008461538461538462
audio_text_ln_lrh0.001_e5_s44,265,1,1.66907,2.6002,0.0,0.0008493589743589744
audio_text_ln_lrh0.001_e5_s44,266,1,1.69429,3.0958,0.0,0.0008525641025641026
audio_text_ln_lrh0.001_e5_s44,267,1,1.80332,3.2687,0.0,0.0008557692307692307
audio_text_ln_lrh0.001_e5_s44,268,1,1.48868,2.0801,0.0,0.0008589743589743589
audio_text_ln_lrh0.001_e5_s44,269,1,1.58162,3.0152,0.0,0.0008621794871794872
audio_text_ln_lrh0.001_e5_s44,270,1,1.38147,2.0003,0.0,0.0008653846153846154
audio_text_ln_lrh0.001_e5_s44,271,1,1.31981,3.673,0.0,0.0008685897435897436
audio_text_ln_lrh0.001_e5_s44,272,1,1.37629,2.4008,0.0,0.0008717948717948718
audio_text_ln_lrh0.001_e5_s44,273,1,1.51093,2.5524,0.0,0.000875
audio_text_ln_lrh0.001_e5_s44,274,1,1.93624,3.9986,0.0,0.0008782051282051282
audio_text_ln_lrh0.001_e5_s44,275,1,1.31788,2.1512,0.0,0.0008814102564102564
audio_text_ln_lrh0.001_e5_s44,276,1,1.42406,2.2675,0.0,0.0008846153846153846
audio_text_ln_lrh0.001_e5_s44,277,1,1.59609,3.2522,0.0,0.0008878205128205128
audio_text_ln_lrh0.001_e5_s44,278,1,1.57031,2.5536,0.0,0.0008910256410256411
audio_text_ln_lrh0.001_e5_s44,279,1,1.32297,2.4036,0.0,0.0008942307692307693
audio_text_ln_lrh0.001_e5_s44,280,1,1.20185,3.1182,0.0,0.0008974358974358974
audio_text_ln_lrh0.001_e5_s44,281,1,1.43657,2.8119,0.0,0.0009006410256410256
audio_text_ln_lrh0.001_e5_s44,282,1,1.38946,4.6391,0.0,0.0009038461538461538
audio_text_ln_lrh0.001_e5_s44,283,1,1.38568,2.9793,0.0,0.000907051282051282
audio_text_ln_lrh0.001_e5_s44,284,1,1.36058,2.3626,0.0,0.0009102564102564102
audio_text_ln_lrh0.001_e5_s44,285,1,1.45885,2.2063,0.0,0.0009134615384615384
audio_text_ln_lrh0.001_e5_s44,286,1,1.67991,3.2175,0.0,0.0009166666666666666
audio_text_ln_lrh0.001_e5_s44,287,1,1.56886,3.4072,0.0,0.0009198717948717949
audio_text_ln_lrh0.001_e5_s44,288,1,1.39295,1.9994,0.0,0.0009230769230769232
audio_text_ln_lrh0.001_e5_s44,289,1,1.44416,2.1083,0.0,0.0009262820512820514
audio_text_ln_lrh0.001_e5_s44,290,1,1.67851,3.5413,0.0,0.0009294871794871796
audio_text_ln_lrh0.001_e5_s44,291,1,1.23285,2.3364,0.0,0.0009326923076923078
audio_text_ln_lrh0.001_e5_s44,292,1,1.54482,3.7932,0.0,0.000935897435897436
audio_text_ln_lrh0.001_e5_s44,293,1,1.66766,4.6502,0.0,0.0009391025641025641
audio_text_ln_lrh0.001_e5_s44,294,1,1.63039,3.904,0.0,0.0009423076923076923
audio_text_ln_lrh0.001_e5_s44,295,1,1.27398,4.1949,0.0,0.0009455128205128205
audio_text_ln_lrh0.001_e5_s44,296,1,1.58394,5.1042,0.0,0.0009487179487179487
audio_text_ln_lrh0.001_e5_s44,297,1,1.56824,2.753,0.0,0.0009519230769230769
audio_text_ln_lrh0.001_e5_s44,298,1,1.60603,2.3038,0.0,0.0009551282051282052
audio_text_ln_lrh0.001_e5_s44,299,1,1.05884,2.0373,0.0,0.0009583333333333334
audio_text_ln_lrh0.001_e5_s44,300,1,1.77197,3.9584,0.0,0.0009615384615384616
audio_text_ln_lrh0.001_e5_s44,301,1,1.49579,3.8739,0.0,0.0009647435897435898
audio_text_ln_lrh0.001_e5_s44,302,1,1.49263,3.0165,0.0,0.000967948717948718
audio_text_ln_lrh0.001_e5_s44,303,1,1.46107,2.2439,0.0,0.0009711538461538462
audio_text_ln_lrh0.001_e5_s44,304,1,1.26419,2.3721,0.0,0.0009743589743589744
audio_text_ln_lrh0.001_e5_s44,305,1,1.4693,2.0804,0.0,0.0009775641025641026
audio_text_ln_lrh0.001_e5_s44,306,1,1.36166,2.4171,0.0,0.0009807692307692308
audio_text_ln_lrh0.001_e5_s44,307,1,1.58118,2.3711,0.0,0.000983974358974359
audio_text_ln_lrh0.001_e5_s44,308,1,1.11953,2.8456,0.0,0.0009871794871794872
audio_text_ln_lrh0.001_e5_s44,309,1,1.62771,2.5442,0.0,0.0009903846153846154
audio_text_ln_lrh0.001_e5_s44,310,1,1.78139,2.9203,0.0,0.0009935897435897436
audio_text_ln_lrh0.001_e5_s44,311,1,1.57065,2.2546,0.0,0.0009967948717948718
audio_text_ln_lrh0.001_e5_s44,312,1,1.35395,2.1342,0.0,0.001
audio_text_ln_lrh0.001_e5_s44,313,1,1.64868,3.2805,0.0,0.0009996445076430856
audio_text_ln_lrh0.001_e5_s44,314,1,1.66253,3.9182,0.0,0.0009992890152861714
audio_text_ln_lrh0.001_e5_s44,315,1,1.57814,2.2762,0.0,0.000998933522929257
audio_text_ln_lrh0.001_e5_s44,316,1,1.51701,3.251,0.0,0.0009985780305723428
audio_text_ln_lrh0.001_e5_s44,317,1,1.25179,1.9786,0.0,0.0009982225382154284
audio_text_ln_lrh0.001_e5_s44,318,1,1.21201,2.1784,0.0,0.000997867045858514
audio_text_ln_lrh0.001_e5_s44,319,1,1.45931,2.5133,0.0,0.0009975115535015998
audio_text_ln_lrh0.001_e5_s44,320,1,1.31387,3.0266,0.0,0.0009971560611446854
audio_text_ln_lrh0.001_e5_s44,321,1,1.922,3.4099,0.0,0.000996800568787771
audio_text_ln_lrh0.001_e5_s44,322,1,1.68705,3.1707,0.0,0.0009964450764308568
audio_text_ln_lrh0.001_e5_s44,323,1,1.31512,3.0255,0.0,0.0009960895840739426
audio_text_ln_lrh0.001_e5_s44,324,1,1.36874,1.9219,0.0,0.0009957340917170281
audio_text_ln_lrh0.001_e5_s44,325,1,1.40388,3.0069,0.0,0.0009953785993601137
audio_text_ln_lrh0.001_e5_s44,326,1,1.42496,2.3688,0.0,0.0009950231070031995
audio_text_ln_lrh0.001_e5_s44,327,1,1.41094,3.9952,0.0,0.0009946676146462851
audio_text_ln_lrh0.001_e5_s44,328,1,1.59538,2.0884,0.0,0.000994312122289371
audio_text_ln_lrh0.001_e5_s44,329,1,1.37793,2.1381,0.0,0.0009939566299324565
audio_text_ln_lrh0.001_e5_s44,330,1,1.56162,2.3852,0.0,0.000993601137575542
audio_text_ln_lrh0.001_e5_s44,331,1,1.50194,2.6746,0.0,0.000993245645218628
audio_text_ln_lrh0.001_e5_s44,332,1,1.13378,2.8341,0.0,0.0009928901528617135
audio_text_ln_lrh0.001_e5_s44,333,1,1.23022,2.0433,0.0,0.000992534660504799
audio_text_ln_lrh0.001_e5_s44,334,1,1.65483,4.1474,0.0,0.0009921791681478849
audio_text_ln_lrh0.001_e5_s44,335,1,1.79576,3.2696,0.0,0.0009918236757909705
audio_text_ln_lrh0.001_e5_s44,336,1,1.59852,3.3449,0.0,0.0009914681834340563
audio_text_ln_lrh0.001_e5_s44,337,1,1.58981,2.5326,0.0,0.0009911126910771418
audio_text_ln_lrh0.001_e5_s44,338,1,1.42854,2.0609,0.0,0.0009907571987202274
audio_text_ln_lrh0.001_e5_s44,339,1,1.49131,2.2318,0.0,0.0009904017063633132
audio_text_ln_lrh0.001_e5_s44,340,1,1.61864,2.5918,0.0,0.000990046214006399
audio_text_ln_lrh0.001_e5_s44,341,1,1.37747,3.4116,0.0,0.0009896907216494846
audio_text_ln_lrh0.001_e5_s44,342,1,1.25666,2.0353,0.0,0.0009893352292925702
audio_text_ln_lrh0.001_e5_s44,343,1,0.99763,2.7026,0.0,0.0009889797369356558
audio_text_ln_lrh0.001_e5_s44,344,1,1.44733,2.1018,0.0,0.0009886242445787416
audio_text_ln_lrh0.001_e5_s44,345,1,1.80574,3.2305,0.0,0.0009882687522218272
audio_text_ln_lrh0.001_e5_s44,346,1,1.54303,2.4826,0.0,0.0009879132598649128
audio_text_ln_lrh0.001_e5_s44,347,1,1.18518,3.0743,0.0,0.0009875577675079986
audio_text_ln_lrh0.001_e5_s44,348,1,1.34,3.1321,0.0,0.0009872022751510844
audio_text_ln_lrh0.001_e5_s44,349,1,1.51459,2.3239,0.0,0.00098684678279417
audio_text_ln_lrh0.001_e5_s44,350,1,1.22152,2.5921,0.0,0.0009864912904372556
audio_text_ln_lrh0.001_e5_s44,351,1,1.33699,1.9358,0.0,0.0009861357980803414
audio_text_ln_lrh0.001_e5_s44,352,1,1.36772,2.4714,0.0,0.000985780305723427
audio_text_ln_lrh0.001_e5_s44,353,1,1.31083,2.4207,0.0,0.0009854248133665127
audio_text_ln_lrh0.001_e5_s44,354,1,1.25399,1.8589,0.0,0.0009850693210095983
audio_text_ln_lrh0.001_e5_s44,355,1,1.76042,2.9728,0.0,0.000984713828652684
audio_text_ln_lrh0.001_e5_s44,356,1,1.45604,3.017,0.0,0.0009843583362957697
audio_text_ln_lrh0.001_e5_s44,357,1,1.40878,2.2561,0.0,0.0009840028439388553
audio_text_ln_lrh0.001_e5_s44,358,1,1.27755,2.8073,0.0,0.000983647351581941
audio_text_ln_lrh0.001_e5_s44,359,1,1.37452,3.7358,0.0,0.0009832918592250267
audio_text_ln_lrh0.001_e5_s44,360,1,1.35562,3.009,0.0,0.0009829363668681123
audio_text_ln_lrh0.001_e5_s44,361,1,1.79355,3.3782,0.0,0.000982580874511198
audio_text_ln_lrh0.001_e5_s44,362,1,0.99728,3.1615,0.0,0.0009822253821542837
audio_text_ln_lrh0.001_e5_s44,363,1,1.22621,2.285,0.0,0.0009818698897973693
audio_text_ln_lrh0.001_e5_s44,364,1,1.43701,2.5536,0.0,0.000981514397440455
audio_text_ln_lrh0.001_e5_s44,365,1,1.44867,2.3078,0.0,0.0009811589050835409
audio_text_ln_lrh0.001_e5_s44,366,1,1.57484,2.8345,0.0,0.0009808034127266265
audio_text_ln_lrh0.001_e5_s44,367,1,1.79189,3.014,0.0,0.000980447920369712
audio_text_ln_lrh0.001_e5_s44,368,1,2.03757,4.5998,0.0,0.0009800924280127978
audio_text_ln_lrh0.001_e5_s44,369,1,2.18273,5.6796,0.0,0.0009797369356558834
audio_text_ln_lrh0.001_e5_s44,370,1,1.26663,2.8722,0.0,0.000979381443298969
audio_text_ln_lrh0.001_e5_s44,371,1,1.17117,2.1445,0.0,0.0009790259509420548
audio_text_ln_lrh0.001_e5_s44,372,1,1.28658,2.8262,0.0,0.0009786704585851404
audio_text_ln_lrh0.001_e5_s44,373,1,1.21536,3.0777,0.0,0.0009783149662282262
audio_text_ln_lrh0.001_e5_s44,374,1,1.67115,2.8676,0.0,0.0009779594738713118
audio_text_ln_lrh0.001_e5_s44,375,1,1.69308,2.9252,0.0,0.0009776039815143974
audio_text_ln_lrh0.001_e5_s44,376,1,1.55791,3.1001,0.0,0.0009772484891574832
audio_text_ln_lrh0.001_e5_s44,377,1,1.25351,3.17,0.0,0.0009768929968005688
audio_text_ln_lrh0.001_e5_s44,378,1,1.46502,2.2042,0.0,0.0009765375044436545
audio_text_ln_lrh0.001_e5_s44,379,1,1.30073,2.8607,0.0,0.0009761820120867402
audio_text_ln_lrh0.001_e5_s44,380,1,1.53333,2.77,0.0,0.0009758265197298259
audio_text_ln_lrh0.001_e5_s44,381,1,1.49571,3.0205,0.0,0.0009754710273729114
audio_text_ln_lrh0.001_e5_s44,382,1,1.53014,2.1038,0.0,0.0009751155350159971
audio_text_ln_lrh0.001_e5_s44,383,1,1.6919,2.788,0.0,0.0009747600426590828
audio_text_ln_lrh0.001_e5_s44,384,1,1.44861,2.0837,0.0,0.0009744045503021685
audio_text_ln_lrh0.001_e5_s44,385,1,1.55729,2.1215,0.0,0.0009740490579452542
audio_text_ln_lrh0.001_e5_s44,386,1,1.58869,2.5162,0.0,0.0009736935655883399
audio_text_ln_lrh0.001_e5_s44,387,1,1.53626,2.8072,0.0,0.0009733380732314255
audio_text_ln_lrh0.001_e5_s44,388,1,1.38755,2.2871,0.0,0.0009729825808745112
audio_text_ln_lrh0.001_e5_s44,389,1,1.38291,2.6875,0.0,0.0009726270885175969
audio_text_ln_lrh0.001_e5_s44,390,1,1.38638,2.661,0.0,0.0009722715961606826
audio_text_ln_lrh0.001_e5_s44,391,1,1.43514,2.2522,0.0,0.0009719161038037683
audio_text_ln_lrh0.001_e5_s44,392,1,1.48439,2.1508,0.0,0.000971560611446854
audio_text_ln_lrh0.001_e5_s44,393,1,1.33982,2.7852,0.0,0.0009712051190899396
audio_text_ln_lrh0.001_e5_s44,394,1,1.69233,3.1456,0.0,0.0009708496267330253
audio_text_ln_lrh0.001_e5_s44,395,1,1.91275,5.1528,0.0,0.0009704941343761108
audio_text_ln_lrh0.001_e5_s44,396,1,1.8851,4.4309,0.0,0.0009701386420191967
audio_text_ln_lrh0.001_e5_s44,397,1,1.46592,2.3875,0.0,0.0009697831496622823
audio_text_ln_lrh0.001_e5_s44,398,1,1.60039,2.9416,0.0,0.0009694276573053679
audio_text_ln_lrh0.001_e5_s44,399,1,1.52153,2.6683,0.0,0.0009690721649484536
audio_text_ln_lrh0.001_e5_s44,400,1,1.49358,2.7887,0.0,0.0009687166725915393
audio_text_ln_lrh0.001_e5_s44,401,1,1.08136,2.5886,0.0,0.0009683611802346249
audio_text_ln_lrh0.001_e5_s44,402,1,1.83121,3.5691,0.0,0.0009680056878777106
audio_text_ln_lrh0.001_e5_s44,403,1,1.43179,2.1106,0.0,0.0009676501955207964
audio_text_ln_lrh0.001_e5_s44,404,1,1.42211,1.795,0.0,0.000967294703163882
audio_text_ln_lrh0.001_e5_s44,405,1,1.50012,2.9295,0.0,0.0009669392108069677
audio_text_ln_lrh0.001_e5_s44,406,1,1.32919,2.7695,0.0,0.0009665837184500534
audio_text_ln_lrh0.001_e5_s44,407,1,1.30703,2.1404,0.0,0.000966228226093139
audio_text_ln_lrh0.001_e5_s44,408,1,1.60478,2.9468,0.0,0.0009658727337362247
audio_text_ln_lrh0.001_e5_s44,409,1,1.40193,2.4022,0.0,0.0009655172413793104
audio_text_ln_lrh0.001_e5_s44,410,1,1.32072,2.3705,0.0,0.000965161749022396
audio_text_ln_lrh0.001_e5_s44,411,1,1.58867,2.6997,0.0,0.0009648062566654817
audio_text_ln_lrh0.001_e5_s44,412,1,1.63456,2.0474,0.0,0.0009644507643085673
audio_text_ln_lrh0.001_e5_s44,413,1,1.38437,2.4038,0.0,0.000964095271951653
audio_text_ln_lrh0.001_e5_s44,414,1,1.35646,1.8628,0.0,0.0009637397795947387
audio_text_ln_lrh0.001_e5_s44,415,1,1.20943,2.2283,0.0,0.0009633842872378244
audio_text_ln_lrh0.001_e5_s44,416,1,1.57396,3.0984,0.0,0.0009630287948809101
audio_text_ln_lrh0.001_e5_s44,417,1,1.36814,2.8937,0.0,0.0009626733025239958
audio_text_ln_lrh0.001_e5_s44,418,1,1.31754,2.1578,0.0,0.0009623178101670814
audio_text_ln_lrh0.001_e5_s44,419,1,1.4335,2.4571,0.0,0.0009619623178101671
audio_text_ln_lrh0.001_e5_s44,420,1,1.4059,2.3327,0.0,0.0009616068254532528
audio_text_ln_lrh0.001_e5_s44,421,1,1.39751,3.0968,0.0,0.0009612513330963385
audio_text_ln_lrh0.001_e5_s44,422,1,1.35894,2.3518,0.0,0.0009608958407394242
audio_text_ln_lrh0.001_e5_s44,423,1,1.29384,2.2948,0.0,0.0009605403483825098
audio_text_ln_lrh0.001_e5_s44,424,1,1.73517,3.6144,0.0,0.0009601848560255955
audio_text_ln_lrh0.001_e5_s44,425,1,1.24767,2.9856,0.0,0.0009598293636686811
audio_text_ln_lrh0.001_e5_s44,426,1,1.63533,4.6732,0.0,0.0009594738713117667
audio_text_ln_lrh0.001_e5_s44,427,1,1.41242,2.6218,0.0,0.0009591183789548525
audio_text_ln_lrh0.001_e5_s44,428,1,1.86999,3.766,0.0,0.0009587628865979382
audio_text_ln_lrh0.001_e5_s44,429,1,1.43856,2.9078,0.0,0.0009584073942410238
audio_text_ln_lrh0.001_e5_s44,430,1,1.42769,2.9032,0.0,0.0009580519018841095
audio_text_ln_lrh0.001_e5_s44,431,1,1.37233,3.6447,0.0,0.0009576964095271952
audio_text_ln_lrh0.001_e5_s44,432,1,1.32028,1.8915,0.0,0.0009573409171702808
audio_text_ln_lrh0.001_e5_s44,433,1,1.34599,2.8642,0.0,0.0009569854248133665
audio_text_ln_lrh0.001_e5_s44,434,1,1.32605,1.9617,0.0,0.0009566299324564523
audio_text_ln_lrh0.001_e5_s44,435,1,1.62145,2.3418,0.0,0.0009562744400995379
audio_text_ln_lrh0.001_e5_s44,436,1,1.42974,1.8821,0.0,0.0009559189477426236
audio_text_ln_lrh0.001_e5_s44,437,1,1.38789,3.0295,0.0,0.0009555634553857092
audio_text_ln_lrh0.001_e5_s44,438,1,0.85606,4.857,0.0,0.0009552079630287949
audio_text_ln_lrh0.001_e5_s44,439,1,1.38252,3.5698,0.0,0.0009548524706718806
audio_text_ln_lrh0.001_e5_s44,440,1,1.35182,2.4496,0.0,0.0009544969783149662
audio_text_ln_lrh0.001_e5_s44,441,1,1.71339,2.7251,0.0,0.0009541414859580519
audio_text_ln_lrh0.001_e5_s44,442,1,1.01512,1.7869,0.0,0.0009537859936011376
audio_text_ln_lrh0.001_e5_s44,443,1,1.30967,2.1434,0.0,0.0009534305012442232
audio_text_ln_lrh0.001_e5_s44,444,1,1.2191,1.7958,0.0,0.0009530750088873089
audio_text_ln_lrh0.001_e5_s44,445,1,1.45207,3.0441,0.0,0.0009527195165303946
audio_text_ln_lrh0.001_e5_s44,446,1,1.39578,2.2926,0.0,0.0009523640241734803
audio_text_ln_lrh0.001_e5_s44,447,1,1.29616,2.2677,0.0,0.000952008531816566
audio_text_ln_lrh0.001_e5_s44,448,1,1.553,2.9496,0.0,0.0009516530394596517
audio_text_ln_lrh0.001_e5_s44,449,1,1.50174,4.1226,0.0,0.0009512975471027373
audio_text_ln_lrh0.001_e5_s44,450,1,1.30864,2.5395,0.0,0.000950942054745823
audio_text_ln_lrh0.001_e5_s44,451,1,1.56872,3.03,0.0,0.0009505865623889086
audio_text_ln_lrh0.001_e5_s44,452,1,1.84234,5.0288,0.0,0.0009502310700319944
audio_text_ln_lrh0.001_e5_s44,453,1,1.23746,2.4122,0.0,0.0009498755776750801
audio_text_ln_lrh0.001_e5_s44,454,1,1.20707,2.6409,0.0,0.0009495200853181656
audio_text_ln_lrh0.001_e5_s44,455,1,1.72819,2.5561,0.0,0.0009491645929612513
audio_text_ln_lrh0.001_e5_s44,456,1,1.6707,2.3588,0.0,0.000948809100604337
audio_text_ln_lrh0.001_e5_s44,457,1,1.50919,2.421,0.0,0.0009484536082474226
audio_text_ln_lrh0.001_e5_s44,458,1,1.6733,2.5406,0.0,0.0009480981158905084
audio_text_ln_lrh0.001_e5_s44,459,1,1.36553,3.3915,0.0,0.0009477426235335941
audio_text_ln_lrh0.001_e5_s44,460,1,1.4206,3.8546,0.0,0.0009473871311766797
audio_text_ln_lrh0.001_e5_s44,461,1,1.45488,2.767,0.0,0.0009470316388197654
audio_text_ln_lrh0.001_e5_s44,462,1,1.17531,2.9412,0.0,0.0009466761464628511
audio_text_ln_lrh0.001_e5_s44,463,1,1.35313,2.2144,0.0,0.0009463206541059367
audio_text_ln_lrh0.001_e5_s44,464,1,1.60883,3.5456,0.0,0.0009459651617490224
audio_text_ln_lrh0.001_e5_s44,465,1,1.33415,2.238,0.0,0.0009456096693921082
audio_text_ln_lrh0.001_e5_s44,466,1,1.45291,3.8425,0.0,0.0009452541770351938
audio_text_ln_lrh0.001_e5_s44,467,1,1.69611,3.1671,0.0,0.0009448986846782795
audio_text_ln_lrh0.001_e5_s44,468,1,1.56576,2.7301,0.0,0.000944543192321365
audio_text_ln_lrh0.001_e5_s44,469,1,1.83087,3.6194,0.0,0.0009441876999644507
audio_text_ln_lrh0.001_e5_s44,470,1,1.28715,1.9283,0.0,0.0009438322076075364
audio_text_ln_lrh0.001_e5_s44,471,1,1.4139,2.2645,0.0,0.0009434767152506221
audio_text_ln_lrh0.001_e5_s44,472,1,1.65125,2.782,0.0,0.0009431212228937078
audio_text_ln_lrh0.001_e5_s44,473,1,1.6953,4.7855,0.0,0.0009427657305367935
audio_text_ln_lrh0.001_e5_s44,474,1,1.83524,3.0297,0.0,0.0009424102381798791
audio_text_ln_lrh0.001_e5_s44,475,1,1.29598,2.3741,0.0,0.0009420547458229648
audio_text_ln_lrh0.001_e5_s44,476,1,1.19366,2.2019,0.0,0.0009416992534660505
audio_text_ln_lrh0.001_e5_s44,477,1,1.54755,2.9981,0.0,0.0009413437611091362
audio_text_ln_lrh0.001_e5_s44,478,1,1.29656,3.0866,0.0,0.0009409882687522219
audio_text_ln_lrh0.001_e5_s44,479,1,1.42301,2.2018,0.0,0.0009406327763953076
audio_text_ln_lrh0.001_e5_s44,480,1,1.64633,2.514,0.0,0.0009402772840383932
audio_text_ln_lrh0.001_e5_s44,481,1,1.42341,1.9702,0.0,0.0009399217916814789
audio_text_ln_lrh0.001_e5_s44,482,1,1.56117,2.3345,0.0,0.0009395662993245645
audio_text_ln_lrh0.001_e5_s44,483,1,1.26497,2.5813,0.0,0.0009392108069676503
audio_text_ln_lrh0.001_e5_s44,484,1,1.5369,2.724,0.0,0.000938855314610736
audio_text_ln_lrh0.001_e5_s44,485,1,1.40878,1.892,0.0,0.0009384998222538215
audio_text_ln_lrh0.001_e5_s44,486,1,1.59216,2.5896,0.0,0.0009381443298969072
audio_text_ln_lrh0.001_e5_s44,487,1,2.08008,5.4263,0.0,0.0009377888375399929
audio_text_ln_lrh0.001_e5_s44,488,1,1.6644,2.8767,0.0,0.0009374333451830785
audio_text_ln_lrh0.001_e5_s44,489,1,1.85009,2.9298,0.0,0.0009370778528261643
audio_text_ln_lrh0.001_e5_s44,490,1,1.64657,2.8457,0.0,0.00093672236046925
audio_text_ln_lrh0.001_e5_s44,491,1,1.44584,2.3098,0.0,0.0009363668681123356
audio_text_ln_lrh0.001_e5_s44,492,1,1.8488,2.9318,0.0,0.0009360113757554213
audio_text_ln_lrh0.001_e5_s44,493,1,1.36186,2.5747,0.0,0.000935655883398507
audio_text_ln_lrh0.001_e5_s44,494,1,1.70841,3.1655,0.0,0.0009353003910415926
audio_text_ln_lrh0.001_e5_s44,495,1,1.79648,3.0526,0.0,0.0009349448986846783
audio_text_ln_lrh0.001_e5_s44,496,1,1.36781,2.6098,0.0,0.000934589406327764
audio_text_ln_lrh0.001_e5_s44,497,1,1.52325,3.0686,0.0,0.0009342339139708497
audio_text_ln_lrh0.001_e5_s44,498,1,1.50244,2.7218,0.0,0.0009338784216139354
audio_text_ln_lrh0.001_e5_s44,499,1,1.40737,3.1085,0.0,0.0009335229292570209
audio_text_ln_lrh0.001_e5_s44,500,1,1.33764,2.5239,0.0,0.0009331674369001066
audio_text_ln_lrh0.001_e5_s44,501,1,1.43606,2.6571,0.0,0.0009328119445431923
audio_text_ln_lrh0.001_e5_s44,502,1,1.35392,3.0439,0.0,0.000932456452186278
audio_text_ln_lrh0.001_e5_s44,503,1,1.20452,2.5231,0.0,0.0009321009598293637
audio_text_ln_lrh0.001_e5_s44,504,1,1.20181,2.8717,0.0,0.0009317454674724494
audio_text_ln_lrh0.001_e5_s44,505,1,1.38382,3.0698,0.0,0.000931389975115535
audio_text_ln_lrh0.001_e5_s44,506,1,1.66538,2.8849,0.0,0.0009310344827586207
audio_text_ln_lrh0.001_e5_s44,507,1,1.80156,2.8243,0.0,0.0009306789904017064
audio_text_ln_lrh0.001_e5_s44,508,1,1.61353,3.3552,0.0,0.0009303234980447921
audio_text_ln_lrh0.001_e5_s44,509,1,1.23367,2.046,0.0,0.0009299680056878778
audio_text_ln_lrh0.001_e5_s44,510,1,1.77348,4.6686,0.0,0.0009296125133309634
audio_text_ln_lrh0.001_e5_s44,511,1,1.95687,4.0053,0.0,0.0009292570209740491
audio_text_ln_lrh0.001_e5_s44,512,1,1.80728,3.5735,0.0,0.0009289015286171348
audio_text_ln_lrh0.001_e5_s44,513,1,1.45458,2.2654,0.0,0.0009285460362602203
audio_text_ln_lrh0.001_e5_s44,514,1,1.47958,2.6547,0.0,0.0009281905439033061
audio_text_ln_lrh0.001_e5_s44,515,1,1.47564,2.2988,0.0,0.0009278350515463918
audio_text_ln_lrh0.001_e5_s44,516,1,1.74435,2.5484,0.0,0.0009274795591894774
audio_text_ln_lrh0.001_e5_s44,517,1,1.57244,2.5856,0.0,0.0009271240668325631
audio_text_ln_lrh0.001_e5_s44,518,1,1.31299,3.0126,0.0,0.0009267685744756488
audio_text_ln_lrh0.001_e5_s44,519,1,1.55267,2.1502,0.0,0.0009264130821187344
audio_text_ln_lrh0.001_e5_s44,520,1,1.53845,2.4421,0.0,0.0009260575897618201
audio_text_ln_lrh0.001_e5_s44,521,1,1.5599,2.6738,0.0,0.0009257020974049059
audio_text_ln_lrh0.001_e5_s44,522,1,1.43618,2.2217,0.0,0.0009253466050479915
audio_text_ln_lrh0.001_e5_s44,523,1,1.60678,2.469,0.0,0.0009249911126910772
audio_text_ln_lrh0.001_e5_s44,524,1,1.46097,2.1682,0.0,0.0009246356203341628
audio_text_ln_lrh0.001_e5_s44,525,1,1.0278,2.5283,0.0,0.0009242801279772485
audio_text_ln_lrh0.001_e5_s44,526,1,1.22881,3.6709,0.0,0.0009239246356203342
audio_text_ln_lrh0.001_e5_s44,527,1,1.56471,2.764,0.0,0.0009235691432634199
audio_text_ln_lrh0.001_e5_s44,528,1,2.1575,4.7674,0.0,0.0009232136509065055
audio_text_ln_lrh0.001_e5_s44,529,1,1.44902,2.5409,0.0,0.0009228581585495912
audio_text_ln_lrh0.001_e5_s44,530,1,1.03273,2.2512,0.0,0.0009225026661926768
audio_text_ln_lrh0.001_e5_s44,531,1,1.32318,2.45,0.0,0.0009221471738357625
audio_text_ln_lrh0.001_e5_s44,532,1,1.57544,2.3891,0.0,0.0009217916814788482
audio_text_ln_lrh0.001_e5_s44,533,1,1.46678,2.5839,0.0,0.0009214361891219339
audio_text_ln_lrh0.001_e5_s44,534,1,1.56494,2.6521,0.0,0.0009210806967650196
audio_text_ln_lrh0.001_e5_s44,535,1,1.61601,2.3905,0.0,0.0009207252044081053
audio_text_ln_lrh0.001_e5_s44,536,1,1.54134,2.0976,0.0,0.0009203697120511909
audio_text_ln_lrh0.001_e5_s44,537,1,1.3975,2.7611,0.0,0.0009200142196942766
audio_text_ln_lrh0.001_e5_s44,538,1,1.69008,2.7576,0.0,0.0009196587273373622
audio_text_ln_lrh0.001_e5_s44,539,1,1.41926,1.7564,0.0,0.000919303234980448
audio_text_ln_lrh0.001_e5_s44,540,1,1.52064,2.5436,0.0,0.0009189477426235337
audio_text_ln_lrh0.001_e5_s44,541,1,1.33188,2.2248,0.0,0.0009185922502666193
audio_text_ln_lrh0.001_e5_s44,542,1,1.55663,2.1559,0.0,0.000918236757909705
audio_text_ln_lrh0.001_e5_s44,543,1,1.2988,2.2839,0.0,0.0009178812655527906
audio_text_ln_lrh0.001_e5_s44,544,1,1.55505,2.0711,0.0,0.0009175257731958762
audio_text_ln_lrh0.001_e5_s44,545,1,1.43417,2.3245,0.0,0.000917170280838962
audio_text_ln_lrh0.001_e5_s44,546,1,1.52901,2.255,0.0,0.0009168147884820477
audio_text_ln_lrh0.001_e5_s44,547,1,1.47725,2.0819,0.0,0.0009164592961251333
audio_text_ln_lrh0.001_e5_s44,548,1,1.56811,1.9476,0.0,0.000916103803768219
audio_text_ln_lrh0.001_e5_s44,549,1,1.24447,1.5991,0.0,0.0009157483114113047
audio_text_ln_lrh0.001_e5_s44,550,1,1.32522,2.2428,0.0,0.0009153928190543903
audio_text_ln_lrh0.001_e5_s44,551,1,1.73067,3.0602,0.0,0.000915037326697476
audio_text_ln_lrh0.001_e5_s44,552,1,1.45748,2.1221,0.0,0.0009146818343405618
audio_text_ln_lrh0.001_e5_s44,553,1,1.70744,3.7938,0.0,0.0009143263419836474
audio_text_ln_lrh0.001_e5_s44,554,1,1.73659,2.7108,0.0,0.0009139708496267331
audio_text_ln_lrh0.001_e5_s44,555,1,1.52182,2.3088,0.0,0.0009136153572698187
audio_text_ln_lrh0.001_e5_s44,556,1,1.58842,2.5881,0.0,0.0009132598649129044
audio_text_ln_lrh0.001_e5_s44,557,1,1.16628,2.6485,0.0,0.00091290437255599
audio_text_ln_lrh0.001_e5_s44,558,1,1.29881,2.3034,0.0,0.0009125488801990757
audio_text_ln_lrh0.001_e5_s44,559,1,1.5788,2.1795,0.0,0.0009121933878421614
audio_text_ln_lrh0.001_e5_s44,560,1,1.2368,1.8624,0.0,0.0009118378954852471
audio_text_ln_lrh0.001_e5_s44,561,1,1.53443,2.1946,0.0,0.0009114824031283327
audio_text_ln_lrh0.001_e5_s44,562,1,1.56564,2.2333,0.0,0.0009111269107714184
audio_text_ln_lrh0.001_e5_s44,563,1,1.67291,2.4509,0.0,0.0009107714184145041
audio_text_ln_lrh0.001_e5_s44,564,1,1.27869,3.3351,0.0,0.0009104159260575898
audio_text_ln_lrh0.001_e5_s44,565,1,1.61638,2.1045,0.0,0.0009100604337006755
audio_text_ln_lrh0.001_e5_s44,566,1,1.79142,2.2822,0.0,0.0009097049413437612
audio_text_ln_lrh0.001_e5_s44,567,1,1.29243,2.0259,0.0,0.0009093494489868468
audio_text_ln_lrh0.001_e5_s44,568,1,1.87674,2.622,0.0,0.0009089939566299325
audio_text_ln_lrh0.001_e5_s44,569,1,1.80069,4.7477,0.0,0.0009086384642730181
audio_text_ln_lrh0.001_e5_s44,570,1,1.24418,2.8937,0.0,0.0009082829719161039
audio_text_ln_lrh0.001_e5_s44,571,1,1.47795,3.0781,0.0,0.0009079274795591896
audio_text_ln_lrh0.001_e5_s44,572,1,1.24599,2.9214,0.0,0.0009075719872022751
audio_text_ln_lrh0.001_e5_s44,573,1,1.61451,2.6542,0.0,0.0009072164948453608
audio_text_ln_lrh0.001_e5_s44,574,1,1.13736,2.5812,0.0,0.0009068610024884465
audio_text_ln_lrh0.001_e5_s44,575,1,1.43526,2.3032,0.0,0.0009065055101315321
audio_text_ln_lrh0.001_e5_s44,576,1,1.87151,3.4633,0.0,0.0009061500177746179
audio_text_ln_lrh0.001_e5_s44,577,1,1.08473,2.5215,0.0,0.0009057945254177036
audio_text_ln_lrh0.001_e5_s44,578,1,1.36234,2.8499,0.0,0.0009054390330607892
audio_text_ln_lrh0.001_e5_s44,579,1,1.26798,2.3748,0.0,0.0009050835407038749
audio_text_ln_lrh0.001_e5_s44,580,1,1.60003,3.2104,0.0,0.0009047280483469606
audio_text_ln_lrh0.001_e5_s44,581,1,1.04453,1.9091,0.0,0.0009043725559900462
audio_text_ln_lrh0.001_e5_s44,582,1,1.45714,2.749,0.0,0.0009040170636331319
audio_text_ln_lrh0.001_e5_s44,583,1,1.1647,1.7698,0.0,0.0009036615712762176
audio_text_ln_lrh0.001_e5_s44,584,1,1.72729,3.6817,0.0,0.0009033060789193033
audio_text_ln_lrh0.001_e5_s44,585,1,2.00621,3.319,0.0,0.000902950586562389
audio_text_ln_lrh0.001_e5_s44,586,1,1.68764,2.792,0.0,0.0009025950942054745
audio_text_ln_lrh0.001_e5_s44,587,1,1.29858,2.142,0.0,0.0009022396018485602
audio_text_ln_lrh0.001_e5_s44,588,1,1.48261,2.8039,0.0,0.0009018841094916459
audio_text_ln_lrh0.001_e5_s44,589,1,1.64136,1.9708,0.0,0.0009015286171347316
audio_text_ln_lrh0.001_e5_s44,590,1,1.28011,1.7187,0.0,0.0009011731247778173
audio_text_ln_lrh0.001_e5_s44,591,1,1.49462,2.3216,0.0,0.000900817632420903
audio_text_ln_lrh0.001_e5_s44,592,1,1.37671,1.7861,0.0,0.0009004621400639886
audio_text_ln_lrh0.001_e5_s44,593,1,1.30542,2.0761,0.0,0.0009001066477070743
audio_text_ln_lrh0.001_e5_s44,594,1,1.8766,3.7086,0.0,0.00089975115535016
audio_text_ln_lrh0.001_e5_s44,595,1,1.64909,2.4669,0.0,0.0008993956629932457
audio_text_ln_lrh0.001_e5_s44,596,1,1.26237,2.1065,0.0,0.0008990401706363314
audio_text_ln_lrh0.001_e5_s44,597,1,1.64439,2.2482,0.0,0.000898684678279417
audio_text_ln_lrh0.001_e5_s44,598,1,1.24575,2.4322,0.0,0.0008983291859225027
audio_text_ln_lrh0.001_e5_s44,599,1,1.27301,2.3935,0.0,0.0008979736935655884
audio_text_ln_lrh0.001_e5_s44,600,1,1.35617,2.2117,0.0,0.000897618201208674
audio_text_ln_lrh0.001_e5_s44,601,1,1.71131,2.2472,0.0,0.0008972627088517597
audio_text_ln_lrh0.001_e5_s44,602,1,1.4095,1.7493,0.0,0.0008969072164948454
audio_text_ln_lrh0.001_e5_s44,603,1,1.60803,2.4795,0.0,0.000896551724137931
audio_text_ln_lrh0.001_e5_s44,604,1,1.21946,1.7904,0.0,0.0008961962317810167
audio_text_ln_lrh0.001_e5_s44,605,1,1.08147,1.8108,0.0,0.0008958407394241024
audio_text_ln_lrh0.001_e5_s44,606,1,1.64194,3.9893,0.0,0.000895485247067188
audio_text_ln_lrh0.001_e5_s44,607,1,1.45028,2.6812,0.0,0.0008951297547102738
audio_text_ln_lrh0.001_e5_s44,608,1,0.95813,1.9569,0.0,0.0008947742623533595
audio_text_ln_lrh0.001_e5_s44,609,1,1.44629,1.9912,0.0,0.0008944187699964451
audio_text_ln_lrh0.001_e5_s44,610,1,1.69232,3.0553,0.0,0.0008940632776395308
audio_text_ln_lrh0.001_e5_s44,611,1,1.29693,1.777,0.0,0.0008937077852826164
audio_text_ln_lrh0.001_e5_s44,612,1,1.59774,2.6061,0.0,0.0008933522929257021
audio_text_ln_lrh0.001_e5_s44,613,1,1.4574,2.1879,0.0,0.0008929968005687878
audio_text_ln_lrh0.001_e5_s44,614,1,1.90372,4.3432,0.0,0.0008926413082118735
audio_text_ln_lrh0.001_e5_s44,615,1,1.26257,2.031,0.0,0.0008922858158549592
audio_text_ln_lrh0.001_e5_s44,616,1,1.43471,2.9558,0.0,0.0008919303234980448
audio_text_ln_lrh0.001_e5_s44,617,1,1.65678,4.2167,0.0,0.0008915748311411304
audio_text_ln_lrh0.001_e5_s44,618,1,1.5877,2.3536,0.0,0.0008912193387842161
audio_text_ln_lrh0.001_e5_s44,619,1,1.6476,2.9785,0.0,0.0008908638464273018
audio_text_ln_lrh0.001_e5_s44,620,1,1.3287,2.0636,0.0,0.0008905083540703875
audio_text_ln_lrh0.001_e5_s44,621,1,1.2342,2.0919,0.0,0.0008901528617134732
audio_text_ln_lrh0.001_e5_s44,622,1,1.1484,3.027,0.0,0.0008897973693565589
audio_text_ln_lrh0.001_e5_s44,623,1,2.29351,4.1813,0.0,0.0008894418769996445
audio_text_ln_lrh0.001_e5_s44,624,1,1.56122,3.104,0.0,0.0008890863846427302
audio_text_ln_lrh0.001_e5_s44,625,1,2.08265,5.491,0.0,0.0008887308922858158
audio_text_ln_lrh0.001_e5_s44,626,2,1.46808,2.13,0.0,0.0008883753999289016
audio_text_ln_lrh0.001_e5_s44,627,2,1.35533,1.9177,0.0,0.0008880199075719873
audio_text_ln_lrh0.001_e5_s44,628,2,1.37604,2.0301,0.0,0.0008876644152150729
audio_text_ln_lrh0.001_e5_s44,629,2,1.41377,2.1454,0.0,0.0008873089228581586
audio_text_ln_lrh0.001_e5_s44,630,2,1.21526,1.9912,0.0,0.0008869534305012442
audio_text_ln_lrh0.001_e5_s44,631,2,1.73997,2.9813,0.0,0.0008865979381443298
audio_text_ln_lrh0.001_e5_s44,632,2,1.42088,1.9832,0.0,0.0008862424457874156
audio_text_ln_lrh0.001_e5_s44,633,2,1.85546,2.3357,0.0,0.0008858869534305013
audio_text_ln_lrh0.001_e5_s44,634,2,1.29491,1.6712,0.0,0.0008855314610735869
audio_text_ln_lrh0.001_e5_s44,635,2,1.68223,2.5546,0.0,0.0008851759687166726
audio_text_ln_lrh0.001_e5_s44,636,2,1.35509,2.3072,0.0,0.0008848204763597583
audio_text_ln_lrh0.001_e5_s44,637,2,1.24517,3.2231,0.0,0.0008844649840028439
audio_text_ln_lrh0.001_e5_s44,638,2,1.43418,2.26,0.0,0.0008841094916459296
audio_text_ln_lrh0.001_e5_s44,639,2,0.93708,3.2673,0.0,0.0008837539992890154
audio_text_ln_lrh0.001_e5_s44,640,2,1.50411,2.6861,0.0,0.000883398506932101
audio_text_ln_lrh0.001_e5_s44,641,2,1.78015,2.2944,0.0,0.0008830430145751867
audio_text_ln_lrh0.001_e5_s44,642,2,1.26215,2.4109,0.0,0.0008826875222182723
audio_text_ln_lrh0.001_e5_s44,643,2,1.83511,3.2053,0.0,0.000882332029861358
audio_text_ln_lrh0.001_e5_s44,644,2,1.89805,3.6848,0.0,0.0008819765375044437
audio_text_ln_lrh0.001_e5_s44,645,2,1.51077,2.1894,0.0,0.0008816210451475293
audio_text_ln_lrh0.001_e5_s44,646,2,1.36547,2.0714,0.0,0.000881265552790615
audio_text_ln_lrh0.001_e5_s44,647,2,1.58201,2.5009,0.0,0.0008809100604337007
audio_text_ln_lrh0.001_e5_s44,648,2,1.4737,2.7082,0.0,0.0008805545680767863
audio_text_ln_lrh0.001_e5_s44,649,2,1.24691,2.9118,0.0,0.000880199075719872
audio_text_ln_lrh0.001_e5_s44,650,2,1.69181,3.3239,0.0,0.0008798435833629577
audio_text_ln_lrh0.001_e5_s44,651,2,1.24341,2.4434,0.0,0.0008794880910060434
audio_text_ln_lrh0.001_e5_s44,652,2,1.41025,2.2433,0.0,0.0008791325986491291
audio_text_ln_lrh0.001_e5_s44,653,2,1.52138,2.0985,0.0,0.0008787771062922148
audio_text_ln_lrh0.001_e5_s44,654,2,1.49824,2.6024,0.0,0.0008784216139353004
audio_text_ln_lrh0.001_e5_s44,655,2,1.39346,2.5196,0.0,0.0008780661215783861
audio_text_ln_lrh0.001_e5_s44,656,2,1.48837,1.885,0.0,0.0008777106292214717
audio_text_ln_lrh0.001_e5_s44,657,2,1.34801,2.1014,0.0,0.0008773551368645575
audio_text_ln_lrh0.001_e5_s44,658,2,1.52911,2.0598,0.0,0.0008769996445076432
audio_text_ln_lrh0.001_e5_s44,659,2,1.40598,3.5801,0.0,0.0008766441521507287
audio_text_ln_lrh0.001_e5_s44,660,2,1.46157,1.873,0.0,0.0008762886597938144
audio_text_ln_lrh0.001_e5_s44,661,2,1.35919,2.1833,0.0,0.0008759331674369001
audio_text_ln_lrh0.001_e5_s44,662,2,1.57492,3.0579,0.0,0.0008755776750799857
audio_text_ln_lrh0.001_e5_s44,663,2,1.10259,2.9832,0.0,0.0008752221827230715
audio_text_ln_lrh0.001_e5_s44,664,2,1.43581,2.7583,0.0,0.0008748666903661572
audio_text_ln_lrh0.001_e5_s44,665,2,1.22072,1.8549,0.0,0.0008745111980092428
audio_text_ln_lrh0.001_e5_s44,666,2,1.64272,2.5965,0.0,0.0008741557056523285
audio_text_ln_lrh0.001_e5_s44,667,2,1.45112,2.5878,0.0,0.0008738002132954142
audio_text_ln_lrh0.001_e5_s44,668,2,1.48234,2.9951,0.0,0.0008734447209384998
audio_text_ln_lrh0.001_e5_s44,669,2,1.18666,2.7222,0.0,0.0008730892285815855
audio_text_ln_lrh0.001_e5_s44,670,2,1.36366,2.8624,0.0,0.0008727337362246712
audio_text_ln_lrh0.001_e5_s44,671,2,1.53116,2.8086,0.0,0.0008723782438677569
audio_text_ln_lrh0.001_e5_s44,672,2,1.33436,1.9974,0.0,0.0008720227515108426
audio_text_ln_lrh0.001_e5_s44,673,2,1.71857,3.0171,0.0,0.0008716672591539281
audio_text_ln_lrh0.001_e5_s44,674,2,1.39301,2.2985,0.0,0.0008713117667970138
audio_text_ln_lrh0.001_e5_s44,675,2,1.27111,2.1381,0.0,0.0008709562744400995
audio_text_ln_lrh0.001_e5_s44,676,2,1.48723,3.1553,0.0,0.0008706007820831852
audio_text_ln_lrh0.001_e5_s44,677,2,1.63014,3.4724,0.0,0.0008702452897262709
audio_text_ln_lrh0.001_e5_s44,678,2,1.63843,2.1486,0.0,0.0008698897973693566
audio_text_ln_lrh0.001_e5_s44,679,2,1.24702,2.468,0.0,0.0008695343050124422
audio_text_ln_lrh0.001_e5_s44,680,2,1.35399,2.2507,0.0,0.0008691788126555279
audio_text_ln_lrh0.001_e5_s44,681,2,1.25785,1.7354,0.0,0.0008688233202986136
audio_text_ln_lrh0.001_e5_s44,682,2,1.23857,1.9732,0.0,0.0008684678279416993
audio_text_ln_lrh0.001_e5_s44,683,2,1.16999,3.8141,0.0,0.000868112335584785
audio_text_ln_lrh0.001_e5_s44,684,2,1.22534,2.9898,0.0,0.0008677568432278706
audio_text_ln_lrh0.001_e5_s44,685,2,1.48501,2.1431,0.0,0.0008674013508709563
audio_text_ln_lrh0.001_e5_s44,686,2,1.57917,3.3983,0.0,0.000867045858514042
audio_text_ln_lrh0.001_e5_s44,687,2,1.33574,2.6736,0.0,0.0008666903661571276
audio_text_ln_lrh0.001_e5_s44,688,2,1.45218,3.5298,0.0,0.0008663348738002134
audio_text_ln_lrh0.001_e5_s44,689,2,1.73094,3.894,0.0,0.000865979381443299
audio_text_ln_lrh0.001_e5_s44,690,2,1.43187,2.5602,0.0,0.0008656238890863846
audio_text_ln_lrh0.001_e5_s44,691,2,1.07421,3.1447,0.0,0.0008652683967294703
audio_text_ln_lrh0.001_e5_s44,692,2,1.48475,2.3491,0.0,0.000864912904372556
audio_text_ln_lrh0.001_e5_s44,693,2,1.65347,3.5943,0.0,0.0008645574120156416
audio_text_ln_lrh0.001_e5_s44,694,2,1.43138,2.3179,0.0,0.0008642019196587274
audio_text_ln_lrh0.001_e5_s44,695,2,1.36103,2.4511,0.0,0.0008638464273018131
audio_text_ln_lrh0.001_e5_s44,696,2,1.2201,1.8662,0.0,0.0008634909349448987
audio_text_ln_lrh0.001_e5_s44,697,2,1.22696,3.0927,0.0,0.0008631354425879844
audio_text_ln_lrh0.001_e5_s44,698,2,1.46492,2.332,0.0,0.0008627799502310701
audio_text_ln_lrh0.001_e5_s44,699,2,1.3849,2.4452,0.0,0.0008624244578741557
audio_text_ln_lrh0.001_e5_s44,700,2,1.31382,2.5769,0.0,0.0008620689655172414
audio_text_ln_lrh0.001_e5_s44,701,2,1.25725,2.1687,0.0,0.0008617134731603271
audio_text_ln_lrh0.001_e5_s44,702,2,1.46407,3.6188,0.0,0.0008613579808034128
audio_text_ln_lrh0.001_e5_s44,703,2,1.57368,2.5442,0.0,0.0008610024884464985
audio_text_ln_lrh0.001_e5_s44,704,2,1.47621,2.5126,0.0,0.000860646996089584
audio_text_ln_lrh0.001_e5_s44,705,2,1.54084,2.3741,0.0,0.0008602915037326697
audio_text_ln_lrh0.001_e5_s44,706,2,1.24552,2.2785,0.0,0.0008599360113757554
audio_text_ln_lrh0.001_e5_s44,707,2,1.0881,4.1824,0.0,0.0008595805190188411
audio_text_ln_lrh0.001_e5_s44,708,2,1.16602,2.9372,0.0,0.0008592250266619268
audio_text_ln_lrh0.001_e5_s44,709,2,1.08883,2.8183,0.0,0.0008588695343050125
audio_text_ln_lrh0.001_e5_s44,710,2,1.51765,2.5238,0.0,0.0008585140419480981
audio_text_ln_lrh0.001_e5_s44,711,2,1.58695,2.8121,0.0,0.0008581585495911838
audio_text_ln_lrh0.001_e5_s44,712,2,1.62839,2.7479,0.0,0.0008578030572342695
audio_text_ln_lrh0.001_e5_s44,713,2,0.96229,2.2673,0.0,0.0008574475648773552
audio_text_ln_lrh0.001_e5_s44,714,2,1.69933,2.2431,0.0,0.0008570920725204409
audio_text_ln_lrh0.001_e5_s44,715,2,1.91771,4.6832,0.0,0.0008567365801635265
audio_text_ln_lrh0.001_e5_s44,716,2,1.40765,2.8764,0.0,0.0008563810878066122
audio_text_ln_lrh0.001_e5_s44,717,2,1.49887,2.634,0.0,0.0008560255954496979
audio_text_ln_lrh0.001_e5_s44,718,2,1.92718,4.1514,0.0,0.0008556701030927834
audio_text_ln_lrh0.001_e5_s44,719,2,1.24318,2.1387,0.0,0.0008553146107358692
audio_text_ln_lrh0.001_e5_s44,720,2,1.0696,3.8416,0.0,0.0008549591183789549
audio_text_ln_lrh0.001_e5_s44,721,2,1.53766,2.533,0.0,0.0008546036260220405
audio_text_ln_lrh0.001_e5_s44,722,2,1.20143,2.6377,0.0,0.0008542481336651262
audio_text_ln_lrh0.001_e5_s44,723,2,1.89177,4.1853,0.0,0.0008538926413082119
audio_text_ln_lrh0.001_e5_s44,724,2,1.75624,2.5338,0.0,0.0008535371489512975
audio_text_ln_lrh0.001_e5_s44,725,2,1.14886,4.4389,0.0,0.0008531816565943833
audio_text_ln_lrh0.001_e5_s44,726,2,1.38931,2.6178,0.0,0.000852826164237469
audio_text_ln_lrh0.001_e5_s44,727,2,1.50169,2.6328,0.0,0.0008524706718805546
audio_text_ln_lrh0.001_e5_s44,728,2,1.47635,2.3852,0.0,0.0008521151795236403
audio_text_ln_lrh0.001_e5_s44,729,2,1.23391,2.7181,0.0,0.0008517596871667259
audio_text_ln_lrh0.001_e5_s44,730,2,1.56376,2.3128,0.0,0.0008514041948098116
audio_text_ln_lrh0.001_e5_s44,731,2,1.61574,2.6579,0.0,0.0008510487024528973
audio_text_ln_lrh0.001_e5_s44,732,2,1.52915,2.1901,0.0,0.000850693210095983
audio_text_ln_lrh0.001_e5_s44,733,2,1.86335,3.8451,0.0,0.0008503377177390686
audio_text_ln_lrh0.001_e5_s44,734,2,1.71484,3.938,0.0,0.0008499822253821543
audio_text_ln_lrh0.001_e5_s44,735,2,1.88677,3.6768,0.0,0.0008496267330252399
audio_text_ln_lrh0.001_e5_s44,736,2,1.29724,2.2436,0.0,0.0008492712406683256
audio_text_ln_lrh0.001_e5_s44,737,2,1.45463,2.5581,0.0,0.0008489157483114113
audio_text_ln_lrh0.001_e5_s44,738,2,1.61583,2.329,0.0,0.000848560255954497
audio_text_ln_lrh0.001_e5_s44,739,2,1.13692,2.3822,0.0,0.0008482047635975827
audio_text_ln_lrh0.001_e5_s44,740,2,1.11205,2.2568,0.0,0.0008478492712406684
audio_text_ln_lrh0.001_e5_s44,741,2,1.8272,3.3307,0.0,0.000847493778883754
audio_text_ln_lrh0.001_e5_s44,742,2,1.5972,2.2963,0.0,0.0008471382865268397
audio_text_ln_lrh0.001_e5_s44,743,2,1.45665,2.1774,0.0,0.0008467827941699253
audio_text_ln_lrh0.001_e5_s44,744,2,1.35986,2.4315,0.0,0.0008464273018130111
audio_text_ln_lrh0.001_e5_s44,745,2,1.32911,2.8664,0.0,0.0008460718094560968
audio_text_ln_lrh0.001_e5_s44,746,2,1.39865,3.0411,0.0,0.0008457163170991824
audio_text_ln_lrh0.001_e5_s44,747,2,1.67533,2.1038,0.0,0.000845360824742268
audio_text_ln_lrh0.001_e5_s44,748,2,1.55073,2.3446,0.0,0.0008450053323853537
audio_text_ln_lrh0.001_e5_s44,749,2,1.36804,2.8135,0.0,0.0008446498400284393
audio_text_ln_lrh0.001_e5_s44,750,2,1.27249,2.6623,0.0,0.0008442943476715251
audio_text_ln_lrh0.001_e5_s44,751,2,1.54348,2.5918,0.0,0.0008439388553146108
audio_text_ln_lrh0.001_e5_s44,752,2,1.55614,1.8493,0.0,0.0008435833629576964
audio_text_ln_lrh0.001_e5_s44,753,2,2.00293,2.7823,0.0,0.0008432278706007821
audio_text_ln_lrh0.001_e5_s44,754,2,1.45843,2.9547,0.0,0.0008428723782438678
audio_text_ln_lrh0.001_e5_s44,755,2,1.41972,2.1612,0.0,0.0008425168858869534
audio_text_ln_lrh0.001_e5_s44,756,2,1.63496,3.2451,0.0,0.0008421613935300392
audio_text_ln_lrh0.001_e5_s44,757,2,1.32815,2.9288,0.0,0.0008418059011731248
audio_text_ln_lrh0.001_e5_s44,758,2,1.66047,2.3264,0.0,0.0008414504088162105
audio_text_ln_lrh0.001_e5_s44,759,2,1.43694,2.64,0.0,0.0008410949164592962
audio_text_ln_lrh0.001_e5_s44,760,2,1.41523,2.2286,0.0,0.0008407394241023818
audio_text_ln_lrh0.001_e5_s44,761,2,1.29992,3.1756,0.0,0.0008403839317454674
audio_text_ln_lrh0.001_e5_s44,762,2,1.41093,2.3584,0.0,0.0008400284393885531
audio_text_ln_lrh0.001_e5_s44,763,2,1.49,1.901,0.0,0.0008396729470316388
audio_text_ln_lrh0.001_e5_s44,764,2,1.16904,3.0022,0.0,0.0008393174546747245
audio_text_ln_lrh0.001_e5_s44,765,2,1.52337,3.2594,0.0,0.0008389619623178102
audio_text_ln_lrh0.001_e5_s44,766,2,1.42458,2.3561,0.0,0.0008386064699608958
audio_text_ln_lrh0.001_e5_s44,767,2,1.6693,3.0506,0.0,0.0008382509776039815
audio_text_ln_lrh0.001_e5_s44,768,2,1.28722,2.9153,0.0,0.0008378954852470672
audio_text_ln_lrh0.001_e5_s44,769,2,1.27795,2.3123,0.0,0.0008375399928901529
audio_text_ln_lrh0.001_e5_s44,770,2,1.33209,2.0051,0.0,0.0008371845005332386
audio_text_ln_lrh0.001_e5_s44,771,2,1.63995,3.551,0.0,0.0008368290081763243
audio_text_ln_lrh0.001_e5_s44,772,2,1.40211,2.964,0.0,0.0008364735158194099
audio_text_ln_lrh0.001_e5_s44,773,2,1.64993,2.9548,0.0,0.0008361180234624956
audio_text_ln_lrh0.001_e5_s44,774,2,1.8005,4.4495,0.0,0.0008357625311055812
audio_text_ln_lrh0.001_e5_s44,775,2,1.4111,2.5364,0.0,0.000835407038748667
audio_text_ln_lrh0.001_e5_s44,776,2,1.06504,2.3634,0.0,0.0008350515463917527
audio_text_ln_lrh0.001_e5_s44,777,2,1.55719,2.2614,0.0,0.0008346960540348382
audio_text_ln_lrh0.001_e5_s44,778,2,1.21941,2.456,0.0,0.0008343405616779239
audio_text_ln_lrh0.001_e5_s44,779,2,1.70345,2.3,0.0,0.0008339850693210096
audio_text_ln_lrh0.001_e5_s44,780,2,1.31864,2.9235,0.0,0.0008336295769640952
audio_text_ln_lrh0.001_e5_s44,781,2,1.5811,2.8888,0.0,0.000833274084607181
audio_text_ln_lrh0.001_e5_s44,782,2,1.76901,2.5338,0.0,0.0008329185922502667
audio_text_ln_lrh0.001_e5_s44,783,2,1.36787,2.3896,0.0,0.0008325630998933523
audio_text_ln_lrh0.001_e5_s44,784,2,1.47721,1.7744,0.0,0.000832207607536438
audio_text_ln_lrh0.001_e5_s44,785,2,1.24416,2.7198,0.0,0.0008318521151795237
audio_text_ln_lrh0.001_e5_s44,786,2,1.42105,2.9473,0.0,0.0008314966228226093
audio_text_ln_lrh0.001_e5_s44,787,2,1.44906,1.7877,0.0,0.000831141130465695
audio_text_ln_lrh0.001_e5_s44,788,2,1.25284,3.3206,0.0,0.0008307856381087807
audio_text_ln_lrh0.001_e5_s44,789,2,1.70243,2.613,0.0,0.0008304301457518664
audio_text_ln_lrh0.001_e5_s44,790,2,1.73995,2.2365,0.0,0.0008300746533949521
audio_text_ln_lrh0.001_e5_s44,791,2,1.41254,2.064,0.0,0.0008297191610380376
audio_text_ln_lrh0.001_e5_s44,792,2,1.19944,2.4752,0.0,0.0008293636686811233
audio_text_ln_lrh0.001_e5_s44,793,2,1.34044,2.0138,0.0,0.000829008176324209
audio_text_ln_lrh0.001_e5_s44,794,2,1.38702,2.444,0.0,0.0008286526839672947
audio_text_ln_lrh0.001_e5_s44,795,2,1.57813,2.961,0.0,0.0008282971916103804
audio_text_ln_lrh0.001_e5_s44,796,2,1.5071,3.6049,0.0,0.0008279416992534661
audio_text_ln_lrh0.001_e5_s44,797,2,1.09216,2.6092,0.0,0.0008275862068965517
audio_text_ln_lrh0.001_e5_s44,798,2,1.36947,3.0562,0.0,0.0008272307145396374
audio_text_ln_lrh0.001_e5_s44,799,2,0.73827,2.6226,0.0,0.0008268752221827231
audio_text_ln_lrh0.001_e5_s44,800,2,1.1862,2.6026,0.0,0.0008265197298258088
audio_text_ln_lrh0.001_e5_s44,801,2,1.77596,3.723,0.0,0.0008261642374688945
audio_text_ln_lrh0.001_e5_s44,802,2,1.30018,2.381,0.0,0.0008258087451119801
audio_text_ln_lrh0.001_e5_s44,803,2,1.49042,3.9396,0.0,0.0008254532527550658
audio_text_ln_lrh0.001_e5_s44,804,2,1.48938,2.8323,0.0,0.0008250977603981515
audio_text_ln_lrh0.001_e5_s44,805,2,1.18561,2.4969,0.0,0.000824742268041237
audio_text_ln_lrh0.001_e5_s44,806,2,1.31343,2.3046,0.0,0.0008243867756843228
audio_text_ln_lrh0.001_e5_s44,807,2,1.73879,2.3971,0.0,0.0008240312833274085
audio_text_ln_lrh0.001_e5_s44,808,2,1.30343,2.5179,0.0,0.0008236757909704941
audio_text_ln_lrh0.001_e5_s44,809,2,1.25421,1.9506,0.0,0.0008233202986135798
audio_text_ln_lrh0.001_e5_s44,810,2,1.16137,2.4498,0.0,0.0008229648062566655
audio_text_ln_lrh0.001_e5_s44,811,2,1.37834,2.1243,0.0,0.0008226093138997511
audio_text_ln_lrh0.001_e5_s44,812,2,1.71,2.3677,0.0,0.0008222538215428369
audio_text_ln_lrh0.001_e5_s44,813,2,1.13923,2.0404,0.0,0.0008218983291859226
audio_text_ln_lrh0.001_e5_s44,814,2,1.36586,2.6153,0.0,0.0008215428368290082
audio_text_ln_lrh0.001_e5_s44,815,2,1.5657,2.6299,0.0,0.0008211873444720939
audio_text_ln_lrh0.001_e5_s44,816,2,1.55286,2.9696,0.0,0.0008208318521151795
audio_text_ln_lrh0.001_e5_s44,817,2,1.2416,2.906,0.0,0.0008204763597582652
audio_text_ln_lrh0.001_e5_s44,818,2,1.41408,3.3723,0.0,0.0008201208674013509
audio_text_ln_lrh0.001_e5_s44,819,2,1.5579,2.6335,0.0,0.0008197653750444366
audio_text_ln_lrh0.001_e5_s44,820,2,1.07859,2.421,0.0,0.0008194098826875223
audio_text_ln_lrh0.001_e5_s44,821,2,1.03034,3.2843,0.0,0.0008190543903306079
audio_text_ln_lrh0.001_e5_s44,822,2,1.3925,2.1866,0.0,0.0008186988979736935
audio_text_ln_lrh0.001_e5_s44,823,2,1.7768,3.4127,0.0,0.0008183434056167792
audio_text_ln_lrh0.001_e5_s44,824,2,1.29264,2.1637,0.0,0.0008179879132598649
audio_text_ln_lrh0.001_e5_s44,825,2,1.34123,1.8651,0.0,0.0008176324209029506
audio_text_ln_lrh0.001_e5_s44,826,2,1.11568,2.4469,0.0,0.0008172769285460363
audio_text_ln_lrh0.001_e5_s44,827,2,1.67813,3.7047,0.0,0.000816921436189122
audio_text_ln_lrh0.001_e5_s44,828,2,1.74728,3.4951,0.0,0.0008165659438322076
audio_text_ln_lrh0.001_e5_s44,829,2,1.06178,2.0786,0.0,0.0008162104514752933
audio_text_ln_lrh0.001_e5_s44,830,2,1.93663,3.3186,0.0,0.0008158549591183789
audio_text_ln_lrh0.001_e5_s44,831,2,1.55211,3.1166,0.0,0.0008154994667614647
audio_text_ln_lrh0.001_e5_s44,832,2,1.70476,3.4981,0.0,0.0008151439744045504
audio_text_ln_lrh0.001_e5_s44,833,2,1.71572,4.05,0.0,0.000814788482047636
audio_text_ln_lrh0.001_e5_s44,834,2,1.26967,3.2818,0.0,0.0008144329896907217
audio_text_ln_lrh0.001_e5_s44,835,2,1.31725,2.3543,0.0,0.0008140774973338073
audio_text_ln_lrh0.001_e5_s44,836,2,0.97955,3.8382,0.0,0.0008137220049768929
audio_text_ln_lrh0.001_e5_s44,837,2,1.85762,3.8092,0.0,0.0008133665126199787
audio_text_ln_lrh0.001_e5_s44,838,2,1.12065,2.8076,0.0,0.0008130110202630644
audio_text_ln_lrh0.001_e5_s44,839,2,1.60774,2.6782,0.0,0.00081265552790615
audio_text_ln_lrh0.001_e5_s44,840,2,1.53889,2.4126,0.0,0.0008123000355492357
audio_text_ln_lrh0.001_e5_s44,841,2,1.221,2.5449,0.0,0.0008119445431923214
audio_text_ln_lrh0.001_e5_s44,842,2,1.37407,2.6109,0.0,0.000811589050835407
audio_text_ln_lrh0.001_e5_s44,843,2,1.70712,2.9647,0.0,0.0008112335584784928
audio_text_ln_lrh0.001_e5_s44,844,2,1.55575,2.3124,0.0,0.0008108780661215785
audio_text_ln_lrh0.001_e5_s44,845,2,1.70844,2.8658,0.0,0.0008105225737646641
audio_text_ln_lrh0.001_e5_s44,846,2,1.32342,3.0948,0.0,0.0008101670814077498
audio_text_ln_lrh0.001_e5_s44,847,2,1.34094,2.0607,0.0,0.0008098115890508354
audio_text_ln_lrh0.001_e5_s44,848,2,1.71888,2.2418,0.0,0.0008094560966939211
audio_text_ln_lrh0.001_e5_s44,849,2,1.34819,3.1338,0.0,0.0008091006043370067
audio_text_ln_lrh0.001_e5_s44,850,2,1.42798,2.0891,0.0,0.0008087451119800924
audio_text_ln_lrh0.001_e5_s44,851,2,1.44516,2.8407,0.0,0.0008083896196231781
audio_text_ln_lrh0.001_e5_s44,852,2,1.70108,2.3052,0.0,0.0008080341272662638
audio_text_ln_lrh0.001_e5_s44,853,2,1.52284,2.5272,0.0,0.0008076786349093494
audio_text_ln_lrh0.001_e5_s44,854,2,1.71386,2.6386,0.0,0.0008073231425524351
audio_text_ln_lrh0.001_e5_s44,855,2,1.49706,1.9959,0.0,0.0008069676501955208
audio_text_ln_lrh0.001_e5_s44,856,2,1.35444,2.3104,0.0,0.0008066121578386065
audio_text_ln_lrh0.001_e5_s44,857,2,1.35477,2.0412,0.0,0.0008062566654816922
audio_text_ln_lrh0.001_e5_s44,858,2,1.1342,2.5498,0.0,0.0008059011731247779
audio_text_ln_lrh0.001_e5_s44,859,2,1.53872,2.2425,0.0,0.0008055456807678635
audio_text_ln_lrh0.001_e5_s44,860,2,1.44805,2.0291,0.0,0.0008051901884109492
audio_text_ln_lrh0.001_e5_s44,861,2,1.78792,2.3436,0.0,0.0008048346960540348
audio_text_ln_lrh0.001_e5_s44,862,2,1.38746,1.9224,0.0,0.0008044792036971206
audio_text_ln_lrh0.001_e5_s44,863,2,1.22461,2.2295,0.0,0.0008041237113402063
audio_text_ln_lrh0.001_e5_s44,864,2,1.84514,2.8575,0.0,0.0008037682189832918
audio_text_ln_lrh0.001_e5_s44,865,2,1.61243,2.3485,0.0,0.0008034127266263775
audio_text_ln_lrh0.001_e5_s44,866,2,1.35691,1.9938,0.0,0.0008030572342694632
audio_text_ln_lrh0.001_e5_s44,867,2,1.19838,1.6797,0.0,0.0008027017419125488
audio_text_ln_lrh0.001_e5_s44,868,2,1.40931,1.9662,0.0,0.0008023462495556346
audio_text_ln_lrh0.001_e5_s44,869,2,1.22628,2.3119,0.0,0.0008019907571987203
audio_text_ln_lrh0.001_e5_s44,870,2,1.3006,2.5171,0.0,0.0008016352648418059
audio_text_ln_lrh0.001_e5_s44,871,2,1.24206,2.2295,0.0,0.0008012797724848916
audio_text_ln_lrh0.001_e5_s44,872,2,1.54605,2.3752,0.0,0.0008009242801279773
audio_text_ln_lrh0.001_e5_s44,873,2,1.02881,2.7425,0.0,0.0008005687877710629
audio_text_ln_lrh0.001_e5_s44,874,2,1.0239,2.6587,0.0,0.0008002132954141487
audio_text_ln_lrh0.001_e5_s44,875,2,1.48978,3.5721,0.0,0.0007998578030572343
audio_text_ln_lrh0.001_e5_s44,876,2,1.29501,2.4009,0.0,0.00079950231070032
audio_text_ln_lrh0.001_e5_s44,877,2,1.62437,3.1851,0.0,0.0007991468183434057
audio_text_ln_lrh0.001_e5_s44,878,2,1.47977,2.8198,0.0,0.0007987913259864912
audio_text_ln_lrh0.001_e5_s44,879,2,1.75538,2.549,0.0,0.0007984358336295769
audio_text_ln_lrh0.001_e5_s44,880,2,1.37564,2.5248,0.0,0.0007980803412726626
audio_text_ln_lrh0.001_e5_s44,881,2,1.13101,2.9725,0.0,0.0007977248489157483
audio_text_ln_lrh0.001_e5_s44,882,2,1.57333,3.8206,0.0,0.000797369356558834
audio_text_ln_lrh0.001_e5_s44,883,2,1.66009,2.673,0.0,0.0007970138642019197
audio_text_ln_lrh0.001_e5_s44,884,2,1.13067,1.9929,0.0,0.0007966583718450053
audio_text_ln_lrh0.001_e5_s44,885,2,1.26927,2.3144,0.0,0.000796302879488091
audio_text_ln_lrh0.001_e5_s44,886,2,1.31249,1.9933,0.0,0.0007959473871311767
audio_text_ln_lrh0.001_e5_s44,887,2,1.29765,2.9338,0.0,0.0007955918947742624
audio_text_ln_lrh0.001_e5_s44,888,2,1.15392,2.8458,0.0,0.0007952364024173481
audio_text_ln_lrh0.001_e5_s44,889,2,0.86206,1.7827,0.0,0.0007948809100604337
audio_text_ln_lrh0.001_e5_s44,890,2,1.3481,2.3202,0.0,0.0007945254177035194
audio_text_ln_lrh0.001_e5_s44,891,2,1.29928,2.0814,0.0,0.0007941699253466051
audio_text_ln_lrh0.001_e5_s44,892,2,1.90848,2.915,0.0,0.0007938144329896907
audio_text_ln_lrh0.001_e5_s44,893,2,1.47694,2.6796,0.0,0.0007934589406327765
audio_text_ln_lrh0.001_e5_s44,894,2,1.42608,2.3464,0.0,0.0007931034482758621
audio_text_ln_lrh0.001_e5_s44,895,2,1.07503,3.3849,0.0,0.0007927479559189477
audio_text_ln_lrh0.001_e5_s44,896,2,1.88013,3.002,0.0,0.0007923924635620334
audio_text_ln_lrh0.001_e5_s44,897,2,1.23756,2.2891,0.0,0.0007920369712051191
audio_text_ln_lrh0.001_e5_s44,898,2,1.28743,2.0639,0.0,0.0007916814788482047
audio_text_ln_lrh0.001_e5_s44,899,2,1.39732,2.4451,0.0,0.0007913259864912905
audio_text_ln_lrh0.001_e5_s44,900,2,0.95843,2.95,0.0,0.0007909704941343762
audio_text_ln_lrh0.001_e5_s44,901,2,1.89491,2.9346,0.0,0.0007906150017774618
audio_text_ln_lrh0.001_e5_s44,902,2,1.70583,2.5483,0.0,0.0007902595094205475
audio_text_ln_lrh0.001_e5_s44,903,2,1.69753,2.8034,0.0,0.0007899040170636331
audio_text_ln_lrh0.001_e5_s44,904,2,1.38338,2.1596,0.0,0.0007895485247067188
audio_text_ln_lrh0.001_e5_s44,905,2,1.45536,2.7719,0.0,0.0007891930323498045
audio_text_ln_lrh0.001_e5_s44,906,2,1.17869,2.1977,0.0,0.0007888375399928902
audio_text_ln_lrh0.001_e5_s44,907,2,1.36927,2.5246,0.0,0.0007884820476359759
audio_text_ln_lrh0.001_e5_s44,908,2,1.47905,2.2936,0.0,0.0007881265552790616
audio_text_ln_lrh0.001_e5_s44,909,2,1.15631,1.9843,0.0,0.0007877710629221471
audio_text_ln_lrh0.001_e5_s44,910,2,1.39268,2.0138,0.0,0.0007874155705652328
audio_text_ln_lrh0.001_e5_s44,911,2,1.17164,2.1112,0.0,0.0007870600782083185
audio_text_ln_lrh0.001_e5_s44,912,2,1.52703,3.7,0.0,0.0007867045858514042
audio_text_ln_lrh0.001_e5_s44,913,2,1.81841,2.7263,0.0,0.0007863490934944899
audio_text_ln_lrh0.001_e5_s44,914,2,1.53239,2.0455,0.0,0.0007859936011375756
audio_text_ln_lrh0.001_e5_s44,915,2,1.84226,4.0786,0.0,0.0007856381087806612
audio_text_ln_lrh0.001_e5_s44,916,2,1.34966,2.5971,0.0,0.0007852826164237469
audio_text_ln_lrh0.001_e5_s44,917,2,1.6359,2.8364,0.0,0.0007849271240668325
audio_text_ln_lrh0.001_e5_s44,918,2,1.56538,2.5156,0.0,0.0007845716317099183
audio_text_ln_lrh0.001_e5_s44,919,2,1.34333,3.1172,0.0,0.000784216139353004
audio_text_ln_lrh0.001_e5_s44,920,2,1.21109,2.8482,0.0,0.0007838606469960896
audio_text_ln_lrh0.001_e5_s44,921,2,2.01365,3.0568,0.0,0.0007835051546391753
audio_text_ln_lrh0.001_e5_s44,922,2,1.21195,3.625,0.0,0.000783149662282261
audio_text_ln_lrh0.001_e5_s44,923,2,1.51893,2.4332,0.0,0.0007827941699253465
audio_text_ln_lrh0.001_e5_s44,924,2,1.32196,1.8126,0.0,0.0007824386775684323
audio_text_ln_lrh0.001_e5_s44,925,2,1.36455,2.1487,0.0,0.000782083185211518
audio_text_ln_lrh0.001_e5_s44,926,2,1.49773,2.1658,0.0,0.0007817276928546036
audio_text_ln_lrh0.001_e5_s44,927,2,0.82121,2.7594,0.0,0.0007813722004976893
audio_text_ln_lrh0.001_e5_s44,928,2,1.3636,2.7381,0.0,0.000781016708140775
audio_text_ln_lrh0.001_e5_s44,929,2,1.06443,1.6024,0.0,0.0007806612157838606
audio_text_ln_lrh0.001_e5_s44,930,2,1.28229,1.6819,0.0,0.0007803057234269464
audio_text_ln_lrh0.001_e5_s44,931,2,1.21046,1.9082,0.0,0.0007799502310700321
audio_text_ln_lrh0.001_e5_s44,932,2,1.30699,1.8871,0.0,0.0007795947387131177
audio_text_ln_lrh0.001_e5_s44,933,2,1.34146,2.1306,0.0,0.0007792392463562034
audio_text_ln_lrh0.001_e5_s44,934,2,1.26136,2.2456,0.0,0.000778883753999289
audio_text_ln_lrh0.001_e5_s44,935,2,1.42207,3.1344,0.0,0.0007785282616423747
audio_text_ln_lrh0.001_e5_s44,936,2,1.55565,2.8526,0.0,0.0007781727692854604
audio_text_ln_lrh0.001_e5_s44,937,2,1.55582,2.6685,0.0,0.000777817276928546
audio_text_ln_lrh0.001_e5_s44,938,2,1.37142,3.0253,0.0,0.0007774617845716317
audio_text_ln_lrh0.001_e5_s44,939,2,1.15179,2.506,0.0,0.0007771062922147174
audio_text_ln_lrh0.001_e5_s44,940,2,1.47057,2.1814,0.0,0.000776750799857803
audio_text_ln_lrh0.001_e5_s44,941,2,1.2688,2.0677,0.0,0.0007763953075008887
audio_text_ln_lrh0.001_e5_s44,942,2,1.33821,2.6692,0.0,0.0007760398151439744
audio_text_ln_lrh0.001_e5_s44,943,2,1.52802,3.3634,0.0,0.0007756843227870601
audio_text_ln_lrh0.001_e5_s44,944,2,1.47289,1.8743,0.0,0.0007753288304301458
audio_text_ln_lrh0.001_e5_s44,945,2,1.68017,4.0099,0.0,0.0007749733380732315
audio_text_ln_lrh0.001_e5_s44,946,2,1.18233,2.3596,0.0,0.0007746178457163171
audio_text_ln_lrh0.001_e5_s44,947,2,1.54983,2.7803,0.0,0.0007742623533594028
audio_text_ln_lrh0.001_e5_s44,948,2,1.52251,2.9989,0.0,0.0007739068610024884
audio_text_ln_lrh0.001_e5_s44,949,2,1.26149,2.0128,0.0,0.0007735513686455742
audio_text_ln_lrh0.001_e5_s44,950,2,1.12998,2.2465,0.0,0.0007731958762886599
audio_text_ln_lrh0.001_e5_s44,951,2,1.58684,2.3281,0.0,0.0007728403839317455
audio_text_ln_lrh0.001_e5_s44,952,2,1.04608,1.9901,0.0,0.0007724848915748311
audio_text_ln_lrh0.001_e5_s44,953,2,1.55458,2.3258,0.0,0.0007721293992179168
audio_text_ln_lrh0.001_e5_s44,954,2,1.59402,2.8866,0.0,0.0007717739068610024
audio_text_ln_lrh0.001_e5_s44,955,2,1.42042,2.0279,0.0,0.0007714184145040882
audio_text_ln_lrh0.001_e5_s44,956,2,1.3384,2.1897,0.0,0.0007710629221471739
audio_text_ln_lrh0.001_e5_s44,957,2,1.52757,2.411,0.0,0.0007707074297902595
audio_text_ln_lrh0.001_e5_s44,958,2,1.16138,2.5182,0.0,0.0007703519374333452
audio_text_ln_lrh0.001_e5_s44,959,2,1.15768,3.1087,0.0,0.0007699964450764309
audio_text_ln_lrh0.001_e5_s44,960,2,1.85181,3.3541,0.0,0.0007696409527195165
audio_text_ln_lrh0.001_e5_s44,961,2,1.62184,2.3873,0.0,0.0007692854603626023
audio_text_ln_lrh0.001_e5_s44,962,2,1.49587,2.6587,0.0,0.0007689299680056879
audio_text_ln_lrh0.001_e5_s44,963,2,1.54946,2.6749,0.0,0.0007685744756487736
audio_text_ln_lrh0.001_e5_s44,964,2,1.14304,3.2764,0.0,0.0007682189832918593
audio_text_ln_lrh0.001_e5_s44,965,2,2.00711,3.3782,0.0,0.0007678634909349449
audio_text_ln_lrh0.001_e5_s44,966,2,1.40813,2.1556,0.0,0.0007675079985780305
audio_text_ln_lrh0.001_e5_s44,967,2,1.44998,2.4769,0.0,0.0007671525062211162
audio_text_ln_lrh0.001_e5_s44,968,2,1.07083,2.1161,0.0,0.0007667970138642019
audio_text_ln_lrh0.001_e5_s44,969,2,1.35351,2.8168,0.0,0.0007664415215072876
audio_text_ln_lrh0.001_e5_s44,970,2,1.56948,2.1315,0.0,0.0007660860291503733
audio_text_ln_lrh0.001_e5_s44,971,2,1.12075,2.5071,0.0,0.0007657305367934589
audio_text_ln_lrh0.001_e5_s44,972,2,1.75462,2.5067,0.0,0.0007653750444365446
audio_text_ln_lrh0.001_e5_s44,973,2,1.39505,2.1547,0.0,0.0007650195520796303
audio_text_ln_lrh0.001_e5_s44,974,2,1.27945,2.9278,0.0,0.000764664059722716
audio_text_ln_lrh0.001_e5_s44,975,2,1.46194,2.2707,0.0,0.0007643085673658017
audio_text_ln_lrh0.001_e5_s44,976,2,1.71233,3.2632,0.0,0.0007639530750088873
audio_text_ln_lrh0.001_e5_s44,977,2,1.49402,2.5656,0.0,0.000763597582651973
audio_text_ln_lrh0.001_e5_s44,978,2,1.8478,2.727,0.0,0.0007632420902950587
audio_text_ln_lrh0.001_e5_s44,979,2,1.70757,2.5179,0.0,0.0007628865979381443
audio_text_ln_lrh0.001_e5_s44,980,2,1.63425,2.3964,0.0,0.0007625311055812301
audio_text_ln_lrh0.001_e5_s44,981,2,1.73619,2.7862,0.0,0.0007621756132243158
audio_text_ln_lrh0.001_e5_s44,982,2,1.54004,2.787,0.0,0.0007618201208674013
audio_text_ln_lrh0.001_e5_s44,983,2,1.65109,3.6422,0.0,0.000761464628510487
audio_text_ln_lrh0.001_e5_s44,984,2,1.4899,2.6724,0.0,0.0007611091361535727
audio_text_ln_lrh0.001_e5_s44,985,2,1.54287,1.9861,0.0,0.0007607536437966583
audio_text_ln_lrh0.001_e5_s44,986,2,1.43705,1.746,0.0,0.0007603981514397441
audio_text_ln_lrh0.001_e5_s44,987,2,1.24826,4.1677,0.0,0.0007600426590828298
audio_text_ln_lrh0.001_e5_s44,988,2,1.12534,2.1077,0.0,0.0007596871667259154
audio_text_ln_lrh0.001_e5_s44,989,2,1.66098,2.1432,0.0,0.0007593316743690011
audio_text_ln_lrh0.001_e5_s44,990,2,1.32022,4.673,0.0,0.0007589761820120867
audio_text_ln_lrh0.001_e5_s44,991,2,1.66028,2.2164,0.0,0.0007586206896551724
audio_text_ln_lrh0.001_e5_s44,992,2,1.41461,2.6175,0.0,0.0007582651972982582
audio_text_ln_lrh0.001_e5_s44,993,2,0.92366,3.3736,0.0,0.0007579097049413438
audio_text_ln_lrh0.001_e5_s44,994,2,1.18941,2.1393,0.0,0.0007575542125844295
audio_text_ln_lrh0.001_e5_s44,995,2,1.09186,2.3137,0.0,0.0007571987202275152
audio_text_ln_lrh0.001_e5_s44,996,2,1.22603,2.4374,0.0,0.0007568432278706007
audio_text_ln_lrh0.001_e5_s44,997,2,1.70106,3.2509,0.0,0.0007564877355136864
audio_text_ln_lrh0.001_e5_s44,998,2,1.58114,3.2368,0.0,0.0007561322431567721
audio_text_ln_lrh0.001_e5_s44,999,2,1.62885,2.8874,0.0,0.0007557767507998578
audio_text_ln_lrh0.001_e5_s44,1000,2,1.25317,2.2585,0.0,0.0007554212584429435
audio_text_ln_lrh0.001_e5_s44,1001,2,1.46756,2.4444,0.0,0.0007550657660860292
audio_text_ln_lrh0.001_e5_s44,1002,2,1.31744,3.0444,0.0,0.0007547102737291148
audio_text_ln_lrh0.001_e5_s44,1003,2,1.05554,1.8543,0.0,0.0007543547813722005
audio_text_ln_lrh0.001_e5_s44,1004,2,0.89223,1.9427,0.0,0.0007539992890152861
audio_text_ln_lrh0.001_e5_s44,1005,2,2.17347,3.9677,0.0,0.0007536437966583719
audio_text_ln_lrh0.001_e5_s44,1006,2,1.6457,3.3793,0.0,0.0007532883043014576
audio_text_ln_lrh0.001_e5_s44,1007,2,1.88373,3.3073,0.0,0.0007529328119445432
audio_text_ln_lrh0.001_e5_s44,1008,2,1.74485,3.4713,0.0,0.0007525773195876289
audio_text_ln_lrh0.001_e5_s44,1009,2,1.57831,3.2496,0.0,0.0007522218272307146
audio_text_ln_lrh0.001_e5_s44,1010,2,1.55005,2.0761,0.0,0.0007518663348738001
audio_text_ln_lrh0.001_e5_s44,1011,2,1.71258,2.4358,0.0,0.000751510842516886
audio_text_ln_lrh0.001_e5_s44,1012,2,1.62574,2.667,0.0,0.0007511553501599716
audio_text_ln_lrh0.001_e5_s44,1013,2,1.18529,2.2359,0.0,0.0007507998578030572
audio_text_ln_lrh0.001_e5_s44,1014,2,1.30382,2.3235,0.0,0.0007504443654461429
audio_text_ln_lrh0.001_e5_s44,1015,2,1.59473,2.2404,0.0,0.0007500888730892286
audio_text_ln_lrh0.001_e5_s44,1016,2,1.48636,2.8635,0.0,0.0007497333807323142
audio_text_ln_lrh0.001_e5_s44,1017,2,1.42437,2.4632,0.0,0.0007493778883754
audio_text_ln_lrh0.001_e5_s44,1018,2,1.31424,2.5372,0.0,0.0007490223960184857
audio_text_ln_lrh0.001_e5_s44,1019,2,1.50986,2.258,0.0,0.0007486669036615713
audio_text_ln_lrh0.001_e5_s44,1020,2,1.28392,2.5185,0.0,0.000748311411304657
audio_text_ln_lrh0.001_e5_s44,1021,2,1.30334,2.6681,0.0,0.0007479559189477426
audio_text_ln_lrh0.001_e5_s44,1022,2,1.06014,2.3785,0.0,0.0007476004265908283
audio_text_ln_lrh0.001_e5_s44,1023,2,1.24362,2.4123,0.0,0.000747244934233914
audio_text_ln_lrh0.001_e5_s44,1024,2,1.25972,2.6135,0.0,0.0007468894418769997
audio_text_ln_lrh0.001_e5_s44,1025,2,1.06041,2.9126,0.0,0.0007465339495200854
audio_text_ln_lrh0.001_e5_s44,1026,2,1.29978,2.3172,0.0,0.000746178457163171
audio_text_ln_lrh0.001_e5_s44,1027,2,1.47168,2.6437,0.0,0.0007458229648062566
audio_text_ln_lrh0.001_e5_s44,1028,2,1.20687,2.1082,0.0,0.0007454674724493423
audio_text_ln_lrh0.001_e5_s44,1029,2,1.7311,2.1543,0.0,0.000745111980092428
audio_text_ln_lrh0.001_e5_s44,1030,2,1.66574,3.3736,0.0,0.0007447564877355137
audio_text_ln_lrh0.001_e5_s44,1031,2,0.88693,1.9843,0.0,0.0007444009953785994
audio_text_ln_lrh0.001_e5_s44,1032,2,1.37884,2.0623,0.0,0.0007440455030216851
audio_text_ln_lrh0.001_e5_s44,1033,2,1.82528,3.453,0.0,0.0007436900106647707
audio_text_ln_lrh0.001_e5_s44,1034,2,1.84521,3.9728,0.0,0.0007433345183078564
audio_text_ln_lrh0.001_e5_s44,1035,2,1.95894,4.9865,0.0,0.000742979025950942
audio_text_ln_lrh0.001_e5_s44,1036,2,1.14199,2.66,0.0,0.0007426235335940278
audio_text_ln_lrh0.001_e5_s44,1037,2,2.09623,3.4367,0.0,0.0007422680412371135
audio_text_ln_lrh0.001_e5_s44,1038,2,1.17918,2.1247,0.0,0.0007419125488801991
audio_text_ln_lrh0.001_e5_s44,1039,2,1.19979,2.3093,0.0,0.0007415570565232848
audio_text_ln_lrh0.001_e5_s44,1040,2,1.32445,1.9952,0.0,0.0007412015641663704
audio_text_ln_lrh0.001_e5_s44,1041,2,1.51253,3.0561,0.0,0.000740846071809456
audio_text_ln_lrh0.001_e5_s44,1042,2,1.71522,3.2553,0.0,0.0007404905794525418
audio_text_ln_lrh0.001_e5_s44,1043,2,1.24974,2.1454,0.0,0.0007401350870956275
audio_text_ln_lrh0.001_e5_s44,1044,2,1.52554,2.441,0.0,0.0007397795947387131
audio_text_ln_lrh0.001_e5_s44,1045,2,1.47693,1.9039,0.0,0.0007394241023817988
audio_text_ln_lrh0.001_e5_s44,1046,2,1.15499,2.2111,0.0,0.0007390686100248845
audio_text_ln_lrh0.001_e5_s44,1047,2,1.54048,2.6229,0.0,0.0007387131176679701
audio_text_ln_lrh0.001_e5_s44,1048,2,1.38801,2.1994,0.0,0.0007383576253110559
audio_text_ln_lrh0.001_e5_s44,1049,2,1.05388,2.9282,0.0,0.0007380021329541415
audio_text_ln_lrh0.001_e5_s44,1050,2,1.57231,2.1579,0.0,0.0007376466405972272
audio_text_ln_lrh0.001_e5_s44,1051,2,1.41206,2.2565,0.0,0.0007372911482403129
audio_text_ln_lrh0.001_e5_s44,1052,2,1.64501,3.5131,0.0,0.0007369356558833985
audio_text_ln_lrh0.001_e5_s44,1053,2,1.57804,2.3552,0.0,0.0007365801635264842
audio_text_ln_lrh0.001_e5_s44,1054,2,1.37969,2.6378,0.0,0.0007362246711695698
audio_text_ln_lrh0.001_e5_s44,1055,2,1.13647,2.3666,0.0,0.0007358691788126555
audio_text_ln_lrh0.001_e5_s44,1056,2,1.3336,2.3034,0.0,0.0007355136864557412
audio_text_ln_lrh0.001_e5_s44,1057,2,1.23452,2.6963,0.0,0.0007351581940988269
audio_text_ln_lrh0.001_e5_s44,1058,2,1.19167,2.5514,0.0,0.0007348027017419125
audio_text_ln_lrh0.001_e5_s44,1059,2,1.457,3.3512,0.0,0.0007344472093849982
audio_text_ln_lrh0.001_e5_s44,1060,2,1.12572,2.1988,0.0,0.0007340917170280839
audio_text_ln_lrh0.001_e5_s44,1061,2,1.92756,3.3626,0.0,0.0007337362246711696
audio_text_ln_lrh0.001_e5_s44,1062,2,1.28652,2.1147,0.0,0.0007333807323142553
audio_text_ln_lrh0.001_e5_s44,1063,2,1.47024,2.532,0.0,0.0007330252399573409
audio_text_ln_lrh0.001_e5_s44,1064,2,1.45944,3.4272,0.0,0.0007326697476004266
audio_text_ln_lrh0.001_e5_s44,1065,2,1.70606,2.7565,0.0,0.0007323142552435123
audio_text_ln_lrh0.001_e5_s44,1066,2,1.57322,3.2317,0.0,0.0007319587628865979
audio_text_ln_lrh0.001_e5_s44,1067,2,1.80299,2.5998,0.0,0.0007316032705296837
audio_text_ln_lrh0.001_e5_s44,1068,2,1.33244,2.3709,0.0,0.0007312477781727694
audio_text_ln_lrh0.001_e5_s44,1069,2,1.10587,2.2521,0.0,0.000730892285815855
audio_text_ln_lrh0.001_e5_s44,1070,2,1.20458,1.9605,0.0,0.0007305367934589406
audio_text_ln_lrh0.001_e5_s44,1071,2,1.67934,2.5663,0.0,0.0007301813011020263
audio_text_ln_lrh0.001_e5_s44,1072,2,1.07164,2.3424,0.0,0.0007298258087451119
audio_text_ln_lrh0.001_e5_s44,1073,2,1.62713,3.4044,0.0,0.0007294703163881977
audio_text_ln_lrh0.001_e5_s44,1074,2,1.43591,2.1336,0.0,0.0007291148240312834
audio_text_ln_lrh0.001_e5_s44,1075,2,1.69039,3.1715,0.0,0.000728759331674369
audio_text_ln_lrh0.001_e5_s44,1076,2,1.42287,2.6589,0.0,0.0007284038393174547
audio_text_ln_lrh0.001_e5_s44,1077,2,1.77089,3.7901,0.0,0.0007280483469605403
audio_text_ln_lrh0.001_e5_s44,1078,2,1.22417,2.9404,0.0,0.000727692854603626
audio_text_ln_lrh0.001_e5_s44,1079,2,1.27759,2.8239,0.0,0.0007273373622467118
audio_text_ln_lrh0.001_e5_s44,1080,2,1.24256,2.4613,0.0,0.0007269818698897974
audio_text_ln_lrh0.001_e5_s44,1081,2,1.20092,2.5334,0.0,0.0007266263775328831
audio_text_ln_lrh0.001_e5_s44,1082,2,1.32352,1.8924,0.0,0.0007262708851759688
audio_text_ln_lrh0.001_e5_s44,1083,2,1.73206,2.727,0.0,0.0007259153928190543
audio_text_ln_lrh0.001_e5_s44,1084,2,1.05211,3.2364,0.0,0.00072555990046214
audio_text_ln_lrh0.001_e5_s44,1085,2,1.49534,2.3178,0.0,0.0007252044081052257
audio_text_ln_lrh0.001_e5_s44,1086,2,1.82524,3.8073,0.0,0.0007248489157483114
audio_text_ln_lrh0.001_e5_s44,1087,2,1.38231,1.9468,0.0,0.0007244934233913971
audio_text_ln_lrh0.001_e5_s44,1088,2,1.32047,2.2697,0.0,0.0007241379310344828
audio_text_ln_lrh0.001_e5_s44,1089,2,1.17131,2.3558,0.0,0.0007237824386775684
audio_text_ln_lrh0.001_e5_s44,1090,2,1.28228,3.238,0.0,0.0007234269463206541
audio_text_ln_lrh0.001_e5_s44,1091,2,1.06996,1.781,0.0,0.0007230714539637398
audio_text_ln_lrh0.001_e5_s44,1092,2,1.21924,2.2225,0.0,0.0007227159616068255
audio_text_ln_lrh0.001_e5_s44,1093,2,1.53405,2.5507,0.0,0.0007223604692499112
audio_text_ln_lrh0.001_e5_s44,1094,2,1.94327,5.4676,0.0,0.0007220049768929968
audio_text_ln_lrh0.001_e5_s44,1095,2,0.87463,2.2372,0.0,0.0007216494845360825
audio_text_ln_lrh0.001_e5_s44,1096,2,1.56682,3.426,0.0,0.0007212939921791682
audio_text_ln_lrh0.001_e5_s44,1097,2,1.29543,2.2618,0.0,0.0007209384998222538
audio_text_ln_lrh0.001_e5_s44,1098,2,0.97253,1.7935,0.0,0.0007205830074653396
audio_text_ln_lrh0.001_e5_s44,1099,2,1.3108,2.2532,0.0,0.0007202275151084252
audio_text_ln_lrh0.001_e5_s44,1100,2,1.31148,1.9909,0.0,0.0007198720227515108
audio_text_ln_lrh0.001_e5_s44,1101,2,1.57304,2.1765,0.0,0.0007195165303945965
audio_text_ln_lrh0.001_e5_s44,1102,2,1.20471,2.6986,0.0,0.0007191610380376822
audio_text_ln_lrh0.001_e5_s44,1103,2,1.29918,2.2587,0.0,0.0007188055456807678
audio_text_ln_lrh0.001_e5_s44,1104,2,1.38386,2.1125,0.0,0.0007184500533238536
audio_text_ln_lrh0.001_e5_s44,1105,2,1.74623,3.2255,0.0,0.0007180945609669393
audio_text_ln_lrh0.001_e5_s44,1106,2,1.4712,2.3589,0.0,0.0007177390686100249
audio_text_ln_lrh0.001_e5_s44,1107,2,1.55039,3.9517,0.0,0.0007173835762531106
audio_text_ln_lrh0.001_e5_s44,1108,2,1.3063,2.4352,0.0,0.0007170280838961962
audio_text_ln_lrh0.001_e5_s44,1109,2,1.51556,2.273,0.0,0.0007166725915392819
audio_text_ln_lrh0.001_e5_s44,1110,2,1.47831,2.6632,0.0,0.0007163170991823677
audio_text_ln_lrh0.001_e5_s44,1111,2,1.49239,2.5426,0.0,0.0007159616068254533
audio_text_ln_lrh0.001_e5_s44,1112,2,1.70507,3.5304,0.0,0.000715606114468539
audio_text_ln_lrh0.001_e5_s44,1113,2,1.16319,3.2683,0.0,0.0007152506221116247
audio_text_ln_lrh0.001_e5_s44,1114,2,1.21785,1.8991,0.0,0.0007148951297547102
audio_text_ln_lrh0.001_e5_s44,1115,2,1.36718,3.2071,0.0,0.0007145396373977959
audio_text_ln_lrh0.001_e5_s44,1116,2,1.54727,2.4884,0.0,0.0007141841450408816
audio_text_ln_lrh0.001_e5_s44,1117,2,1.40761,2.3638,0.0,0.0007138286526839673
audio_text_ln_lrh0.001_e5_s44,1118,2,1.21025,1.9734,0.0,0.000713473160327053
audio_text_ln_lrh0.001_e5_s44,1119,2,1.20647,2.1104,0.0,0.0007131176679701387
audio_text_ln_lrh0.001_e5_s44,1120,2,1.29736,2.505,0.0,0.0007127621756132243
audio_text_ln_lrh0.001_e5_s44,1121,2,1.40258,2.2109,0.0,0.00071240668325631
audio_text_ln_lrh0.001_e5_s44,1122,2,1.2896,2.4535,0.0,0.0007120511908993956
audio_text_ln_lrh0.001_e5_s44,1123,2,1.23487,2.8174,0.0,0.0007116956985424814
audio_text_ln_lrh0.001_e5_s44,1124,2,1.55049,2.5147,0.0,0.0007113402061855671
audio_text_ln_lrh0.001_e5_s44,1125,2,1.7864,4.1901,0.0,0.0007109847138286527
audio_text_ln_lrh0.001_e5_s44,1126,2,1.28267,2.5534,0.0,0.0007106292214717384
audio_text_ln_lrh0.001_e5_s44,1127,2,1.4335,2.4375,0.0,0.000710273729114824
audio_text_ln_lrh0.001_e5_s44,1128,2,1.26464,2.6752,0.0,0.0007099182367579096
audio_text_ln_lrh0.001_e5_s44,1129,2,1.43645,2.6482,0.0,0.0007095627444009954
audio_text_ln_lrh0.001_e5_s44,1130,2,1.26576,2.6691,0.0,0.0007092072520440811
audio_text_ln_lrh0.001_e5_s44,1131,2,1.4418,2.8751,0.0,0.0007088517596871667
audio_text_ln_lrh0.001_e5_s44,1132,2,1.56032,2.7463,0.0,0.0007084962673302524
audio_text_ln_lrh0.001_e5_s44,1133,2,1.03843,2.6696,0.0,0.0007081407749733381
audio_text_ln_lrh0.001_e5_s44,1134,2,1.54851,2.7487,0.0,0.0007077852826164237
audio_text_ln_lrh0.001_e5_s44,1135,2,1.8067,4.0047,0.0,0.0007074297902595095
audio_text_ln_lrh0.001_e5_s44,1136,2,1.17292,2.0144,0.0,0.0007070742979025951
audio_text_ln_lrh0.001_e5_s44,1137,2,1.25056,1.8526,0.0,0.0007067188055456808
audio_text_ln_lrh0.001_e5_s44,1138,2,1.54814,2.6797,0.0,0.0007063633131887665
audio_text_ln_lrh0.001_e5_s44,1139,2,1.22759,3.0765,0.0,0.0007060078208318521
audio_text_ln_lrh0.001_e5_s44,1140,2,1.74595,2.5618,0.0,0.0007056523284749378
audio_text_ln_lrh0.001_e5_s44,1141,2,1.21768,1.8129,0.0,0.0007052968361180236
audio_text_ln_lrh0.001_e5_s44,1142,2,1.30779,2.409,0.0,0.0007049413437611091
audio_text_ln_lrh0.001_e5_s44,1143,2,1.25393,2.2756,0.0,0.0007045858514041948
audio_text_ln_lrh0.001_e5_s44,1144,2,1.2097,2.5784,0.0,0.0007042303590472805
audio_text_ln_lrh0.001_e5_s44,1145,2,1.04887,1.9714,0.0,0.0007038748666903661
audio_text_ln_lrh0.001_e5_s44,1146,2,1.62971,2.6295,0.0,0.0007035193743334518
audio_text_ln_lrh0.001_e5_s44,1147,2,1.72808,3.3379,0.0,0.0007031638819765375
audio_text_ln_lrh0.001_e5_s44,1148,2,1.61504,2.566,0.0,0.0007028083896196232
audio_text_ln_lrh0.001_e5_s44,1149,2,1.64963,2.7072,0.0,0.0007024528972627089
audio_text_ln_lrh0.001_e5_s44,1150,2,1.73744,3.1216,0.0,0.0007020974049057946
audio_text_ln_lrh0.001_e5_s44,1151,2,1.58464,2.6388,0.0,0.0007017419125488802
audio_text_ln_lrh0.001_e5_s44,1152,2,1.18196,1.9625,0.0,0.0007013864201919659
audio_text_ln_lrh0.001_e5_s44,1153,2,1.6885,2.6621,0.0,0.0007010309278350515
audio_text_ln_lrh0.001_e5_s44,1154,2,1.22825,2.018,0.0,0.0007006754354781373
audio_text_ln_lrh0.001_e5_s44,1155,2,1.44945,2.0044,0.0,0.000700319943121223
audio_text_ln_lrh0.001_e5_s44,1156,2,1.35345,2.3634,0.0,0.0006999644507643086
audio_text_ln_lrh0.001_e5_s44,1157,2,1.3826,2.85,0.0,0.0006996089584073942
audio_text_ln_lrh0.001_e5_s44,1158,2,1.5422,2.2102,0.0,0.0006992534660504799
audio_text_ln_lrh0.001_e5_s44,1159,2,1.21261,2.2136,0.0,0.0006988979736935655
audio_text_ln_lrh0.001_e5_s44,1160,2,1.49765,2.5032,0.0,0.0006985424813366513
audio_text_ln_lrh0.001_e5_s44,1161,2,1.46708,2.0559,0.0,0.000698186988979737
audio_text_ln_lrh0.001_e5_s44,1162,2,1.5282,2.5999,0.0,0.0006978314966228226
audio_text_ln_lrh0.001_e5_s44,1163,2,1.40086,2.5034,0.0,0.0006974760042659083
audio_text_ln_lrh0.001_e5_s44,1164,2,1.52564,2.9,0.0,0.000697120511908994
audio_text_ln_lrh0.001_e5_s44,1165,2,1.37997,2.5968,0.0,0.0006967650195520796
audio_text_ln_lrh0.001_e5_s44,1166,2,1.20779,2.7536,0.0,0.0006964095271951654
audio_text_ln_lrh0.001_e5_s44,1167,2,1.40685,2.0737,0.0,0.000696054034838251
audio_text_ln_lrh0.001_e5_s44,1168,2,1.67477,2.1147,0.0,0.0006956985424813367
audio_text_ln_lrh0.001_e5_s44,1169,2,1.52766,2.386,0.0,0.0006953430501244224
audio_text_ln_lrh0.001_e5_s44,1170,2,1.24018,3.1447,0.0,0.000694987557767508
audio_text_ln_lrh0.001_e5_s44,1171,2,1.57452,2.7259,0.0,0.0006946320654105936
audio_text_ln_lrh0.001_e5_s44,1172,2,1.46382,2.9762,0.0,0.0006942765730536793
audio_text_ln_lrh0.001_e5_s44,1173,2,1.35193,1.8262,0.0,0.000693921080696765
audio_text_ln_lrh0.001_e5_s44,1174,2,1.2854,2.9175,0.0,0.0006935655883398507
audio_text_ln_lrh0.001_e5_s44,1175,2,1.12135,2.663,0.0,0.0006932100959829364
audio_text_ln_lrh0.001_e5_s44,1176,2,1.28168,2.4619,0.0,0.000692854603626022
audio_text_ln_lrh0.001_e5_s44,1177,2,1.20792,2.2126,0.0,0.0006924991112691077
audio_text_ln_lrh0.001_e5_s44,1178,2,1.77667,3.7748,0.0,0.0006921436189121934
audio_text_ln_lrh0.001_e5_s44,1179,2,1.53684,2.8835,0.0,0.0006917881265552791
audio_text_ln_lrh0.001_e5_s44,1180,2,1.40682,2.4696,0.0,0.0006914326341983648
audio_text_ln_lrh0.001_e5_s44,1181,2,1.55981,2.76,0.0,0.0006910771418414504
audio_text_ln_lrh0.001_e5_s44,1182,2,1.78997,3.0086,0.0,0.0006907216494845361
audio_text_ln_lrh0.001_e5_s44,1183,2,1.41979,2.42,0.0,0.0006903661571276218
audio_text_ln_lrh0.001_e5_s44,1184,2,1.7082,3.8994,0.0,0.0006900106647707074
audio_text_ln_lrh0.001_e5_s44,1185,2,1.66156,3.0256,0.0,0.0006896551724137932
audio_text_ln_lrh0.001_e5_s44,1186,2,1.53469,2.7125,0.0,0.0006892996800568789
audio_text_ln_lrh0.001_e5_s44,1187,2,1.28813,2.3886,0.0,0.0006889441876999644
audio_text_ln_lrh0.001_e5_s44,1188,2,1.55755,2.3746,0.0,0.0006885886953430501
audio_text_ln_lrh0.001_e5_s44,1189,2,1.68068,2.6959,0.0,0.0006882332029861358
audio_text_ln_lrh0.001_e5_s44,1190,2,1.92215,4.2297,0.0,0.0006878777106292214
audio_text_ln_lrh0.001_e5_s44,1191,2,1.25283,3.3501,0.0,0.0006875222182723072
audio_text_ln_lrh0.001_e5_s44,1192,2,1.42266,2.8221,0.0,0.0006871667259153929
audio_text_ln_lrh0.001_e5_s44,1193,2,1.80774,3.1805,0.0,0.0006868112335584785
audio_text_ln_lrh0.001_e5_s44,1194,2,1.48674,2.8443,0.0,0.0006864557412015642
audio_text_ln_lrh0.001_e5_s44,1195,2,1.69515,2.707,0.0,0.0006861002488446498
audio_text_ln_lrh0.001_e5_s44,1196,2,0.98113,2.5424,0.0,0.0006857447564877355
audio_text_ln_lrh0.001_e5_s44,1197,2,1.46675,2.3596,0.0,0.0006853892641308213
audio_text_ln_lrh0.001_e5_s44,1198,2,1.58138,2.7715,0.0,0.0006850337717739069
audio_text_ln_lrh0.001_e5_s44,1199,2,1.32799,2.122,0.0,0.0006846782794169926
audio_text_ln_lrh0.001_e5_s44,1200,2,1.11986,2.0829,0.0,0.0006843227870600783
audio_text_ln_lrh0.001_e5_s44,1201,2,1.39769,2.1706,0.0,0.0006839672947031638
audio_text_ln_lrh0.001_e5_s44,1202,2,1.3029,2.098,0.0,0.0006836118023462495
audio_text_ln_lrh0.001_e5_s44,1203,2,1.0281,3.009,0.0,0.0006832563099893352
audio_text_ln_lrh0.001_e5_s44,1204,2,1.70775,3.2945,0.0,0.0006829008176324209
audio_text_ln_lrh0.001_e5_s44,1205,2,1.48388,2.1662,0.0,0.0006825453252755066
audio_text_ln_lrh0.001_e5_s44,1206,2,1.35116,1.8652,0.0,0.0006821898329185923
audio_text_ln_lrh0.001_e5_s44,1207,2,1.54079,2.5366,0.0,0.0006818343405616779
audio_text_ln_lrh0.001_e5_s44,1208,2,1.68126,2.7441,0.0,0.0006814788482047636
audio_text_ln_lrh0.001_e5_s44,1209,2,1.42649,3.0193,0.0,0.0006811233558478492
audio_text_ln_lrh0.001_e5_s44,1210,2,1.70611,2.3936,0.0,0.000680767863490935
audio_text_ln_lrh0.001_e5_s44,1211,2,1.50924,2.4008,0.0,0.0006804123711340207
audio_text_ln_lrh0.001_e5_s44,1212,2,1.45959,2.6364,0.0,0.0006800568787771063
audio_text_ln_lrh0.001_e5_s44,1213,2,1.64925,2.2316,0.0,0.000679701386420192
audio_text_ln_lrh0.001_e5_s44,1214,2,1.00767,2.4707,0.0,0.0006793458940632777
audio_text_ln_lrh0.001_e5_s44,1215,2,1.27139,2.7087,0.0,0.0006789904017063632
audio_text_ln_lrh0.001_e5_s44,1216,2,1.6994,2.7268,0.0,0.000678634909349449
audio_text_ln_lrh0.001_e5_s44,1217,2,1.71731,2.899,0.0,0.0006782794169925347
audio_text_ln_lrh0.001_e5_s44,1218,2,1.07301,3.2947,0.0,0.0006779239246356203
audio_text_ln_lrh0.001_e5_s44,1219,2,1.27873,2.0301,0.0,0.000677568432278706
audio_text_ln_lrh0.001_e5_s44,1220,2,1.40211,3.7466,0.0,0.0006772129399217917
audio_text_ln_lrh0.001_e5_s44,1221,2,1.67218,2.9914,0.0,0.0006768574475648773
audio_text_ln_lrh0.001_e5_s44,1222,2,1.19547,2.4179,0.0,0.0006765019552079631
audio_text_ln_lrh0.001_e5_s44,1223,2,1.4265,2.3196,0.0,0.0006761464628510488
audio_text_ln_lrh0.001_e5_s44,1224,2,1.31423,2.3308,0.0,0.0006757909704941344
audio_text_ln_lrh0.001_e5_s44,1225,2,1.28166,2.7738,0.0,0.0006754354781372201
audio_text_ln_lrh0.001_e5_s44,1226,2,1.55571,2.337,0.0,0.0006750799857803057
audio_text_ln_lrh0.001_e5_s44,1227,2,1.28463,2.6208,0.0,0.0006747244934233914
audio_text_ln_lrh0.001_e5_s44,1228,2,1.11432,1.9075,0.0,0.0006743690010664772
audio_text_ln_lrh0.001_e5_s44,1229,2,1.37103,2.1533,0.0,0.0006740135087095628
audio_text_ln_lrh0.001_e5_s44,1230,2,1.5708,2.7907,0.0,0.0006736580163526484
audio_text_ln_lrh0.001_e5_s44,1231,2,1.40009,3.4436,0.0,0.0006733025239957341
audio_text_ln_lrh0.001_e5_s44,1232,2,1.25442,2.1941,0.0,0.0006729470316388197
audio_text_ln_lrh0.001_e5_s44,1233,2,1.32284,3.6254,0.0,0.0006725915392819054
audio_text_ln_lrh0.001_e5_s44,1234,2,1.73856,3.68,0.0,0.0006722360469249911
audio_text_ln_lrh0.001_e5_s44,1235,2,1.20302,2.5097,0.0,0.0006718805545680768
audio_text_ln_lrh0.001_e5_s44,1236,2,1.37943,1.6474,0.0,0.0006715250622111625
audio_text_ln_lrh0.001_e5_s44,1237,2,1.42271,1.9801,0.0,0.0006711695698542482
audio_text_ln_lrh0.001_e5_s44,1238,2,1.57406,2.5224,0.0,0.0006708140774973338
audio_text_ln_lrh0.001_e5_s44,1239,2,1.66617,2.7966,0.0,0.0006704585851404195
audio_text_ln_lrh0.001_e5_s44,1240,2,1.28988,2.4328,0.0,0.0006701030927835051
audio_text_ln_lrh0.001_e5_s44,1241,2,1.67177,3.7688,0.0,0.0006697476004265909
audio_text_ln_lrh0.001_e5_s44,1242,2,1.78021,2.8306,0.0,0.0006693921080696766
audio_text_ln_lrh0.001_e5_s44,1243,2,1.39827,2.6672,0.0,0.0006690366157127622
audio_text_ln_lrh0.001_e5_s44,1244,2,1.18866,2.0412,0.0,0.0006686811233558479
audio_text_ln_lrh0.001_e5_s44,1245,2,1.2619,2.3907,0.0,0.0006683256309989335
audio_text_ln_lrh0.001_e5_s44,1246,2,1.8491,4.1046,0.0,0.0006679701386420191
audio_text_ln_lrh0.001_e5_s44,1247,2,1.18077,1.89,0.0,0.0006676146462851049
audio_text_ln_lrh0.001_e5_s44,1248,2,1.03196,1.7167,0.0,0.0006672591539281906
audio_text_ln_lrh0.001_e5_s44,1249,2,1.03557,3.0871,0.0,0.0006669036615712762
audio_text_ln_lrh0.001_e5_s44,1250,2,1.35589,5.3372,0.0,0.0006665481692143619
audio_text_ln_lrh0.001_e5_s44,1251,3,1.13644,2.1874,0.0,0.0006661926768574476
audio_text_ln_lrh0.001_e5_s44,1252,3,1.60329,2.3739,0.0,0.0006658371845005332
audio_text_ln_lrh0.001_e5_s44,1253,3,1.05904,3.0095,0.0,0.000665481692143619
audio_text_ln_lrh0.001_e5_s44,1254,3,1.43439,2.0626,0.0,0.0006651261997867046
audio_text_ln_lrh0.001_e5_s44,1255,3,1.17405,2.5239,0.0,0.0006647707074297903
audio_text_ln_lrh0.001_e5_s44,1256,3,1.23588,2.1579,0.0,0.000664415215072876
audio_text_ln_lrh0.001_e5_s44,1257,3,1.71185,2.6695,0.0,0.0006640597227159616
audio_text_ln_lrh0.001_e5_s44,1258,3,1.434,3.2101,0.0,0.0006637042303590473
audio_text_ln_lrh0.001_e5_s44,1259,3,1.32981,2.5749,0.0,0.0006633487380021331
audio_text_ln_lrh0.001_e5_s44,1260,3,1.37196,2.5829,0.0,0.0006629932456452186
audio_text_ln_lrh0.001_e5_s44,1261,3,1.11138,2.3226,0.0,0.0006626377532883043
audio_text_ln_lrh0.001_e5_s44,1262,3,1.5043,2.4538,0.0,0.00066228226093139
audio_text_ln_lrh0.001_e5_s44,1263,3,1.44698,3.2412,0.0,0.0006619267685744756
audio_text_ln_lrh0.001_e5_s44,1264,3,1.62539,2.8218,0.0,0.0006615712762175613
audio_text_ln_lrh0.001_e5_s44,1265,3,1.19813,2.3705,0.0,0.000661215783860647
audio_text_ln_lrh0.001_e5_s44,1266,3,1.76586,3.0367,0.0,0.0006608602915037327
audio_text_ln_lrh0.001_e5_s44,1267,3,1.72551,2.7221,0.0,0.0006605047991468184
audio_text_ln_lrh0.001_e5_s44,1268,3,1.69144,3.356,0.0,0.000660149306789904
audio_text_ln_lrh0.001_e5_s44,1269,3,1.50426,2.2464,0.0,0.0006597938144329897
audio_text_ln_lrh0.001_e5_s44,1270,3,1.02069,1.9005,0.0,0.0006594383220760754
audio_text_ln_lrh0.001_e5_s44,1271,3,1.44559,2.8824,0.0,0.000659082829719161
audio_text_ln_lrh0.001_e5_s44,1272,3,1.61259,2.886,0.0,0.0006587273373622468
audio_text_ln_lrh0.001_e5_s44,1273,3,1.17948,2.4136,0.0,0.0006583718450053325
audio_text_ln_lrh0.001_e5_s44,1274,3,1.29171,2.303,0.0,0.000658016352648418
audio_text_ln_lrh0.001_e5_s44,1275,3,1.41219,2.0873,0.0,0.0006576608602915037
audio_text_ln_lrh0.001_e5_s44,1276,3,1.66869,3.1392,0.0,0.0006573053679345894
audio_text_ln_lrh0.001_e5_s44,1277,3,1.3825,2.3499,0.0,0.000656949875577675
audio_text_ln_lrh0.001_e5_s44,1278,3,1.2509,3.044,0.0,0.0006565943832207608
audio_text_ln_lrh0.001_e5_s44,1279,3,1.54531,2.0875,0.0,0.0006562388908638465
audio_text_ln_lrh0.001_e5_s44,1280,3,1.76276,3.056,0.0,0.0006558833985069321
audio_text_ln_lrh0.001_e5_s44,1281,3,1.41105,2.2796,0.0,0.0006555279061500178
audio_text_ln_lrh0.001_e5_s44,1282,3,1.50342,2.1689,0.0,0.0006551724137931034
audio_text_ln_lrh0.001_e5_s44,1283,3,1.29035,2.2609,0.0,0.0006548169214361891
audio_text_ln_lrh0.001_e5_s44,1284,3,1.39593,2.067,0.0,0.0006544614290792749
audio_text_ln_lrh0.001_e5_s44,1285,3,1.50743,2.7148,0.0,0.0006541059367223605
audio_text_ln_lrh0.001_e5_s44,1286,3,1.43839,2.6502,0.0,0.0006537504443654462
audio_text_ln_lrh0.001_e5_s44,1287,3,1.65403,2.3963,0.0,0.0006533949520085319
audio_text_ln_lrh0.001_e5_s44,1288,3,0.98637,3.6563,0.0,0.0006530394596516174
audio_text_ln_lrh0.001_e5_s44,1289,3,1.42587,1.9496,0.0,0.0006526839672947031
audio_text_ln_lrh0.001_e5_s44,1290,3,1.06002,2.2557,0.0,0.0006523284749377888
audio_text_ln_lrh0.001_e5_s44,1291,3,1.2733,1.6629,0.0,0.0006519729825808745
audio_text_ln_lrh0.001_e5_s44,1292,3,1.0067,2.415,0.0,0.0006516174902239602
audio_text_ln_lrh0.001_e5_s44,1293,3,1.50501,2.4626,0.0,0.0006512619978670459
audio_text_ln_lrh0.001_e5_s44,1294,3,1.82267,3.0266,0.0,0.0006509065055101315
audio_text_ln_lrh0.001_e5_s44,1295,3,1.24493,1.9072,0.0,0.0006505510131532172
audio_text_ln_lrh0.001_e5_s44,1296,3,1.47808,2.7843,0.0,0.0006501955207963028
audio_text_ln_lrh0.001_e5_s44,1297,3,1.53299,2.4502,0.0,0.0006498400284393886
audio_text_ln_lrh0.001_e5_s44,1298,3,1.47021,2.397,0.0,0.0006494845360824743
audio_text_ln_lrh0.001_e5_s44,1299,3,1.56964,3.1063,0.0,0.0006491290437255599
audio_text_ln_lrh0.001_e5_s44,1300,3,1.21023,1.9036,0.0,0.0006487735513686456
audio_text_ln_lrh0.001_e5_s44,1301,3,1.23743,1.821,0.0,0.0006484180590117313
audio_text_ln_lrh0.001_e5_s44,1302,3,1.60132,2.3402,0.0,0.0006480625666548168
audio_text_ln_lrh0.001_e5_s44,1303,3,1.33663,2.6103,0.0,0.0006477070742979027
audio_text_ln_lrh0.001_e5_s44,1304,3,1.85555,3.6003,0.0,0.0006473515819409883
audio_text_ln_lrh0.001_e5_s44,1305,3,1.22556,3.2001,0.0,0.0006469960895840739
audio_text_ln_lrh0.001_e5_s44,1306,3,1.58749,2.3218,0.0,0.0006466405972271596
audio_text_ln_lrh0.001_e5_s44,1307,3,1.57944,2.319,0.0,0.0006462851048702453
audio_text_ln_lrh0.001_e5_s44,1308,3,1.39801,1.9735,0.0,0.0006459296125133309
audio_text_ln_lrh0.001_e5_s44,1309,3,1.41294,2.255,0.0,0.0006455741201564167
audio_text_ln_lrh0.001_e5_s44,1310,3,1.5508,3.1598,0.0,0.0006452186277995024
audio_text_ln_lrh0.001_e5_s44,1311,3,1.5602,2.5463,0.0,0.000644863135442588
audio_text_ln_lrh0.001_e5_s44,1312,3,1.54083,2.3153,0.0,0.0006445076430856737
audio_text_ln_lrh0.001_e5_s44,1313,3,1.69132,2.4159,0.0,0.0006441521507287593
audio_text_ln_lrh0.001_e5_s44,1314,3,1.70787,3.3631,0.0,0.000643796658371845
audio_text_ln_lrh0.001_e5_s44,1315,3,1.53579,2.2335,0.0,0.0006434411660149308
audio_text_ln_lrh0.001_e5_s44,1316,3,1.29175,2.6771,0.0,0.0006430856736580164
audio_text_ln_lrh0.001_e5_s44,1317,3,1.25554,2.0937,0.0,0.0006427301813011021
audio_text_ln_lrh0.001_e5_s44,1318,3,1.47794,2.1239,0.0,0.0006423746889441877
audio_text_ln_lrh0.001_e5_s44,1319,3,1.4189,2.2762,0.0,0.0006420191965872733
audio_text_ln_lrh0.001_e5_s44,1320,3,1.46138,2.7463,0.0,0.000641663704230359
audio_text_ln_lrh0.001_e5_s44,1321,3,1.38363,4.3534,0.0,0.0006413082118734447
audio_text_ln_lrh0.001_e5_s44,1322,3,1.5253,3.2342,0.0,0.0006409527195165304
audio_text_ln_lrh0.001_e5_s44,1323,3,1.46174,2.2426,0.0,0.0006405972271596161
audio_text_ln_lrh0.001_e5_s44,1324,3,1.34161,2.5295,0.0,0.0006402417348027018
audio_text_ln_lrh0.001_e5_s44,1325,3,1.6003,2.9853,0.0,0.0006398862424457874
audio_text_ln_lrh0.001_e5_s44,1326,3,1.50335,2.3688,0.0,0.0006395307500888731
audio_text_ln_lrh0.001_e5_s44,1327,3,0.91429,3.1123,0.0,0.0006391752577319587
audio_text_ln_lrh0.001_e5_s44,1328,3,1.30462,2.0059,0.0,0.0006388197653750445
audio_text_ln_lrh0.001_e5_s44,1329,3,1.8457,3.5715,0.0,0.0006384642730181302
audio_text_ln_lrh0.001_e5_s44,1330,3,1.30767,2.41,0.0,0.0006381087806612158
audio_text_ln_lrh0.001_e5_s44,1331,3,1.66094,3.0631,0.0,0.0006377532883043015
audio_text_ln_lrh0.001_e5_s44,1332,3,1.97815,4.421,0.0,0.0006373977959473872
audio_text_ln_lrh0.001_e5_s44,1333,3,1.81443,3.8538,0.0,0.0006370423035904727
audio_text_ln_lrh0.001_e5_s44,1334,3,1.17013,1.9791,0.0,0.0006366868112335585
audio_text_ln_lrh0.001_e5_s44,1335,3,1.41988,2.501,0.0,0.0006363313188766442
audio_text_ln_lrh0.001_e5_s44,1336,3,1.84597,4.3815,0.0,0.0006359758265197298
audio_text_ln_lrh0.001_e5_s44,1337,3,1.6797,2.4041,0.0,0.0006356203341628155
audio_text_ln_lrh0.001_e5_s44,1338,3,0.79117,2.5641,0.0,0.0006352648418059012
audio_text_ln_lrh0.001_e5_s44,1339,3,1.41446,2.7699,0.0,0.0006349093494489868
audio_text_ln_lrh0.001_e5_s44,1340,3,0.97498,2.9197,0.0,0.0006345538570920726
audio_text_ln_lrh0.001_e5_s44,1341,3,0.89524,3.4794,0.0,0.0006341983647351582
audio_text_ln_lrh0.001_e5_s44,1342,3,1.42952,1.912,0.0,0.0006338428723782439
audio_text_ln_lrh0.001_e5_s44,1343,3,1.57772,2.4921,0.0,0.0006334873800213296
audio_text_ln_lrh0.001_e5_s44,1344,3,1.43899,1.9777,0.0,0.0006331318876644152
audio_text_ln_lrh0.001_e5_s44,1345,3,1.46228,2.738,0.0,0.0006327763953075009
audio_text_ln_lrh0.001_e5_s44,1346,3,1.43067,2.5943,0.0,0.0006324209029505867
audio_text_ln_lrh0.001_e5_s44,1347,3,1.14038,1.817,0.0,0.0006320654105936722
audio_text_ln_lrh0.001_e5_s44,1348,3,1.26025,3.2267,0.0,0.0006317099182367579
audio_text_ln_lrh0.001_e5_s44,1349,3,1.29088,2.4405,0.0,0.0006313544258798436
audio_text_ln_lrh0.001_e5_s44,1350,3,1.07278,2.7423,0.0,0.0006309989335229292
audio_text_ln_lrh0.001_e5_s44,1351,3,1.80417,2.8766,0.0,0.0006306434411660149
audio_text_ln_lrh0.001_e5_s44,1352,3,1.09743,2.1618,0.0,0.0006302879488091006
audio_text_ln_lrh0.001_e5_s44,1353,3,1.03044,1.9439,0.0,0.0006299324564521863
audio_text_ln_lrh0.001_e5_s44,1354,3,1.56289,2.5934,0.0,0.000629576964095272
audio_text_ln_lrh0.001_e5_s44,1355,3,1.25751,2.5097,0.0,0.0006292214717383576
audio_text_ln_lrh0.001_e5_s44,1356,3,1.02091,2.3145,0.0,0.0006288659793814433
audio_text_ln_lrh0.001_e5_s44,1357,3,1.5039,2.9076,0.0,0.000628510487024529
audio_text_ln_lrh0.001_e5_s44,1358,3,1.12543,2.652,0.0,0.0006281549946676146
audio_text_ln_lrh0.001_e5_s44,1359,3,1.65677,3.6665,0.0,0.0006277995023107004
audio_text_ln_lrh0.001_e5_s44,1360,3,1.0187,2.4021,0.0,0.0006274440099537861
audio_text_ln_lrh0.001_e5_s44,1361,3,1.55909,3.4132,0.0,0.0006270885175968717
audio_text_ln_lrh0.001_e5_s44,1362,3,1.4369,2.7927,0.0,0.0006267330252399573
audio_text_ln_lrh0.001_e5_s44,1363,3,1.67835,2.8629,0.0,0.000626377532883043
audio_text_ln_lrh0.001_e5_s44,1364,3,1.62622,3.5446,0.0,0.0006260220405261286
audio_text_ln_lrh0.001_e5_s44,1365,3,1.26231,2.4203,0.0,0.0006256665481692144
audio_text_ln_lrh0.001_e5_s44,1366,3,1.3491,3.1587,0.0,0.0006253110558123001
audio_text_ln_lrh0.001_e5_s44,1367,3,1.53234,2.5731,0.0,0.0006249555634553857
audio_text_ln_lrh0.001_e5_s44,1368,3,1.47343,2.2263,0.0,0.0006246000710984714
audio_text_ln_lrh0.001_e5_s44,1369,3,1.33388,2.8309,0.0,0.000624244578741557
audio_text_ln_lrh0.001_e5_s44,1370,3,1.67776,3.7679,0.0,0.0006238890863846427
audio_text_ln_lrh0.001_e5_s44,1371,3,1.56736,2.6141,0.0,0.0006235335940277285
audio_text_ln_lrh0.001_e5_s44,1372,3,1.12945,2.1678,0.0,0.0006231781016708141
audio_text_ln_lrh0.001_e5_s44,1373,3,1.53158,2.861,0.0,0.0006228226093138998
audio_text_ln_lrh0.001_e5_s44,1374,3,1.20895,2.5298,0.0,0.0006224671169569855
audio_text_ln_lrh0.001_e5_s44,1375,3,1.67358,2.8462,0.0,0.000622111624600071
audio_text_ln_lrh0.001_e5_s44,1376,3,1.16458,2.1673,0.0,0.0006217561322431567
audio_text_ln_lrh0.001_e5_s44,1377,3,1.60323,2.8684,0.0,0.0006214006398862426
audio_text_ln_lrh0.001_e5_s44,1378,3,1.33906,2.4676,0.0,0.0006210451475293281
audio_text_ln_lrh0.001_e5_s44,1379,3,1.35645,2.0886,0.0,0.0006206896551724138
audio_text_ln_lrh0.001_e5_s44,1380,3,1.11613,2.9691,0.0,0.0006203341628154995
audio_text_ln_lrh0.001_e5_s44,1381,3,1.05154,3.5783,0.0,0.0006199786704585851
audio_text_ln_lrh0.001_e5_s44,1382,3,1.28591,2.9419,0.0,0.0006196231781016708
audio_text_ln_lrh0.001_e5_s44,1383,3,1.1001,2.1333,0.0,0.0006192676857447564
audio_text_ln_lrh0.001_e5_s44,1384,3,1.80266,4.8528,0.0,0.0006189121933878422
audio_text_ln_lrh0.001_e5_s44,1385,3,1.56107,2.4328,0.0,0.0006185567010309279
audio_text_ln_lrh0.001_e5_s44,1386,3,1.61603,4.204,0.0,0.0006182012086740135
audio_text_ln_lrh0.001_e5_s44,1387,3,1.46825,2.854,0.0,0.0006178457163170992
audio_text_ln_lrh0.001_e5_s44,1388,3,1.22094,1.8247,0.0,0.0006174902239601849
audio_text_ln_lrh0.001_e5_s44,1389,3,1.47683,3.4254,0.0,0.0006171347316032705
audio_text_ln_lrh0.001_e5_s44,1390,3,1.64846,3.2082,0.0,0.0006167792392463563
audio_text_ln_lrh0.001_e5_s44,1391,3,1.93858,3.2712,0.0,0.000616423746889442
audio_text_ln_lrh0.001_e5_s44,1392,3,1.59292,3.5643,0.0,0.0006160682545325275
audio_text_ln_lrh0.001_e5_s44,1393,3,1.55493,2.4447,0.0,0.0006157127621756132
audio_text_ln_lrh0.001_e5_s44,1394,3,1.19813,2.495,0.0,0.0006153572698186989
audio_text_ln_lrh0.001_e5_s44,1395,3,1.43638,2.0197,0.0,0.0006150017774617845
audio_text_ln_lrh0.001_e5_s44,1396,3,1.33738,2.7514,0.0,0.0006146462851048703
audio_text_ln_lrh0.001_e5_s44,1397,3,1.05687,2.259,0.0,0.000614290792747956
audio_text_ln_lrh0.001_e5_s44,1398,3,1.63267,2.2157,0.0,0.0006139353003910416
audio_text_ln_lrh0.001_e5_s44,1399,3,1.35232,2.1997,0.0,0.0006135798080341273
audio_text_ln_lrh0.001_e5_s44,1400,3,1.56779,2.3522,0.0,0.0006132243156772129
audio_text_ln_lrh0.001_e5_s44,1401,3,1.64125,2.7523,0.0,0.0006128688233202986
audio_text_ln_lrh0.001_e5_s44,1402,3,1.37679,2.1278,0.0,0.0006125133309633844
audio_text_ln_lrh0.001_e5_s44,1403,3,1.24398,2.1414,0.0,0.00061215783860647
audio_text_ln_lrh0.001_e5_s44,1404,3,0.88116,2.2102,0.0,0.0006118023462495557
audio_text_ln_lrh0.001_e5_s44,1405,3,1.03133,2.9154,0.0,0.0006114468538926414
audio_text_ln_lrh0.001_e5_s44,1406,3,1.40233,2.2518,0.0,0.0006110913615357269
audio_text_ln_lrh0.001_e5_s44,1407,3,1.57963,3.6765,0.0,0.0006107358691788126
audio_text_ln_lrh0.001_e5_s44,1408,3,1.0808,2.2524,0.0,0.0006103803768218983
audio_text_ln_lrh0.001_e5_s44,1409,3,1.40357,2.5355,0.0,0.000610024884464984
audio_text_ln_lrh0.001_e5_s44,1410,3,1.6386,3.1776,0.0,0.0006096693921080697
audio_text_ln_lrh0.001_e5_s44,1411,3,1.01245,2.0447,0.0,0.0006093138997511554
audio_text_ln_lrh0.001_e5_s44,1412,3,1.09794,2.0969,0.0,0.000608958407394241
audio_text_ln_lrh0.001_e5_s44,1413,3,1.50244,3.2304,0.0,0.0006086029150373267
audio_text_ln_lrh0.001_e5_s44,1414,3,1.16202,2.7739,0.0,0.0006082474226804123
audio_text_ln_lrh0.001_e5_s44,1415,3,1.12698,2.9316,0.0,0.0006078919303234981
audio_text_ln_lrh0.001_e5_s44,1416,3,1.60716,3.1044,0.0,0.0006075364379665838
audio_text_ln_lrh0.001_e5_s44,1417,3,1.22797,2.6425,0.0,0.0006071809456096694
audio_text_ln_lrh0.001_e5_s44,1418,3,1.34505,2.3536,0.0,0.0006068254532527551
audio_text_ln_lrh0.001_e5_s44,1419,3,1.08537,2.7259,0.0,0.0006064699608958408
audio_text_ln_lrh0.001_e5_s44,1420,3,1.84738,3.2467,0.0,0.0006061144685389263
audio_text_ln_lrh0.001_e5_s44,1421,3,1.76998,2.5647,0.0,0.0006057589761820121
audio_text_ln_lrh0.001_e5_s44,1422,3,1.14485,2.3495,0.0,0.0006054034838250978
audio_text_ln_lrh0.001_e5_s44,1423,3,1.4384,2.6054,0.0,0.0006050479914681834
audio_text_ln_lrh0.001_e5_s44,1424,3,1.36261,2.4901,0.0,0.0006046924991112691
audio_text_ln_lrh0.001_e5_s44,1425,3,1.43851,2.7603,0.0,0.0006043370067543548
audio_text_ln_lrh0.001_e5_s44,1426,3,1.16571,2.0002,0.0,0.0006039815143974404
audio_text_ln_lrh0.001_e5_s44,1427,3,1.33676,2.5812,0.0,0.0006036260220405262
audio_text_ln_lrh0.001_e5_s44,1428,3,1.8885,4.0738,0.0,0.0006032705296836118
audio_text_ln_lrh0.001_e5_s44,1429,3,1.65095,2.507,0.0,0.0006029150373266975
audio_text_ln_lrh0.001_e5_s44,1430,3,1.25815,2.2164,0.0,0.0006025595449697832
audio_text_ln_lrh0.001_e5_s44,1431,3,2.21061,3.6776,0.0,0.0006022040526128688
audio_text_ln_lrh0.001_e5_s44,1432,3,1.22202,5.2008,0.0,0.0006018485602559545
audio_text_ln_lrh0.001_e5_s44,1433,3,1.43311,1.9247,0.0,0.0006014930678990403
audio_text_ln_lrh0.001_e5_s44,1434,3,1.14892,3.0225,0.0,0.0006011375755421259
audio_text_ln_lrh0.001_e5_s44,1435,3,1.41021,2.1411,0.0,0.0006007820831852115
audio_text_ln_lrh0.001_e5_s44,1436,3,1.55932,2.5829,0.0,0.0006004265908282972
audio_text_ln_lrh0.001_e5_s44,1437,3,0.90376,4.7649,0.0,0.0006000710984713828
audio_text_ln_lrh0.001_e5_s44,1438,3,1.50162,2.2088,0.0,0.0005997156061144685
audio_text_ln_lrh0.001_e5_s44,1439,3,1.56728,2.6036,0.0,0.0005993601137575542
audio_text_ln_lrh0.001_e5_s44,1440,3,1.50961,2.7716,0.0,0.0005990046214006399
audio_text_ln_lrh0.001_e5_s44,1441,3,1.39362,3.1972,0.0,0.0005986491290437256
audio_text_ln_lrh0.001_e5_s44,1442,3,1.0301,2.4962,0.0,0.0005982936366868112
audio_text_ln_lrh0.001_e5_s44,1443,3,1.32584,2.8745,0.0,0.0005979381443298969
audio_text_ln_lrh0.001_e5_s44,1444,3,1.47833,2.1827,0.0,0.0005975826519729826
audio_text_ln_lrh0.001_e5_s44,1445,3,1.99601,5.1211,0.0,0.0005972271596160682
audio_text_ln_lrh0.001_e5_s44,1446,3,1.12369,1.9608,0.0,0.000596871667259154
audio_text_ln_lrh0.001_e5_s44,1447,3,1.78853,3.5154,0.0,0.0005965161749022397
audio_text_ln_lrh0.001_e5_s44,1448,3,1.50795,2.8586,0.0,0.0005961606825453253
audio_text_ln_lrh0.001_e5_s44,1449,3,1.51138,3.078,0.0,0.000595805190188411
audio_text_ln_lrh0.001_e5_s44,1450,3,1.31269,2.3475,0.0,0.0005954496978314966
audio_text_ln_lrh0.001_e5_s44,1451,3,1.0511,2.0814,0.0,0.0005950942054745822
audio_text_ln_lrh0.001_e5_s44,1452,3,1.11917,2.1214,0.0,0.000594738713117668
audio_text_ln_lrh0.001_e5_s44,1453,3,1.17331,1.9076,0.0,0.0005943832207607537
audio_text_ln_lrh0.001_e5_s44,1454,3,1.33613,2.5075,0.0,0.0005940277284038393
audio_text_ln_lrh0.001_e5_s44,1455,3,1.38622,2.6156,0.0,0.000593672236046925
audio_text_ln_lrh0.001_e5_s44,1456,3,1.13824,3.2269,0.0,0.0005933167436900106
audio_text_ln_lrh0.001_e5_s44,1457,3,1.5228,2.7711,0.0,0.0005929612513330963
audio_text_ln_lrh0.001_e5_s44,1458,3,1.00722,2.8189,0.0,0.0005926057589761821
audio_text_ln_lrh0.001_e5_s44,1459,3,1.24477,3.2486,0.0,0.0005922502666192677
audio_text_ln_lrh0.001_e5_s44,1460,3,1.4451,2.3719,0.0,0.0005918947742623534
audio_text_ln_lrh0.001_e5_s44,1461,3,1.5142,3.2631,0.0,0.0005915392819054391
audio_text_ln_lrh0.001_e5_s44,1462,3,1.75663,4.2296,0.0,0.0005911837895485247
audio_text_ln_lrh0.001_e5_s44,1463,3,1.2979,2.3218,0.0,0.0005908282971916104
audio_text_ln_lrh0.001_e5_s44,1464,3,1.05659,2.6646,0.0,0.0005904728048346962
audio_text_ln_lrh0.001_e5_s44,1465,3,1.81689,3.6691,0.0,0.0005901173124777817
audio_text_ln_lrh0.001_e5_s44,1466,3,1.52565,2.5718,0.0,0.0005897618201208674
audio_text_ln_lrh0.001_e5_s44,1467,3,1.31445,3.1801,0.0,0.0005894063277639531
audio_text_ln_lrh0.001_e5_s44,1468,3,1.24567,1.9203,0.0,0.0005890508354070387
audio_text_ln_lrh0.001_e5_s44,1469,3,1.03728,2.4108,0.0,0.0005886953430501244
audio_text_ln_lrh0.001_e5_s44,1470,3,1.90804,3.5918,0.0,0.0005883398506932101
audio_text_ln_lrh0.001_e5_s44,1471,3,0.90483,2.2065,0.0,0.0005879843583362958
audio_text_ln_lrh0.001_e5_s44,1472,3,1.32062,2.7293,0.0,0.0005876288659793815
audio_text_ln_lrh0.001_e5_s44,1473,3,1.55618,2.6748,0.0,0.0005872733736224671
audio_text_ln_lrh0.001_e5_s44,1474,3,1.31311,2.5132,0.0,0.0005869178812655528
audio_text_ln_lrh0.001_e5_s44,1475,3,1.16247,3.5588,0.0,0.0005865623889086385
audio_text_ln_lrh0.001_e5_s44,1476,3,1.14619,1.9689,0.0,0.0005862068965517241
audio_text_ln_lrh0.001_e5_s44,1477,3,1.13424,2.4826,0.0,0.0005858514041948099
audio_text_ln_lrh0.001_e5_s44,1478,3,1.31264,2.8108,0.0,0.0005854959118378956
audio_text_ln_lrh0.001_e5_s44,1479,3,1.85762,3.3209,0.0,0.0005851404194809811
audio_text_ln_lrh0.001_e5_s44,1480,3,1.53074,2.2066,0.0,0.0005847849271240668
audio_text_ln_lrh0.001_e5_s44,1481,3,1.62565,2.9566,0.0,0.0005844294347671525
audio_text_ln_lrh0.001_e5_s44,1482,3,2.02875,3.5879,0.0,0.0005840739424102381
audio_text_ln_lrh0.001_e5_s44,1483,3,1.06886,2.1231,0.0,0.0005837184500533239
audio_text_ln_lrh0.001_e5_s44,1484,3,1.23567,3.0882,0.0,0.0005833629576964096
audio_text_ln_lrh0.001_e5_s44,1485,3,1.60344,2.5061,0.0,0.0005830074653394952
audio_text_ln_lrh0.001_e5_s44,1486,3,1.1524,1.9074,0.0,0.0005826519729825809
audio_text_ln_lrh0.001_e5_s44,1487,3,1.37747,1.9669,0.0,0.0005822964806256665
audio_text_ln_lrh0.001_e5_s44,1488,3,0.95474,1.8513,0.0,0.0005819409882687522
audio_text_ln_lrh0.001_e5_s44,1489,3,1.59734,2.8685,0.0,0.000581585495911838
audio_text_ln_lrh0.001_e5_s44,1490,3,0.99674,2.5693,0.0,0.0005812300035549236
audio_text_ln_lrh0.001_e5_s44,1491,3,1.16149,2.1251,0.0,0.0005808745111980093
audio_text_ln_lrh0.001_e5_s44,1492,3,1.68655,3.5204,0.0,0.000580519018841095
audio_text_ln_lrh0.001_e5_s44,1493,3,1.38213,2.0368,0.0,0.0005801635264841805
audio_text_ln_lrh0.001_e5_s44,1494,3,1.68771,2.518,0.0,0.0005798080341272662
audio_text_ln_lrh0.001_e5_s44,1495,3,1.10755,1.6515,0.0,0.000579452541770352
audio_text_ln_lrh0.001_e5_s44,1496,3,1.62088,3.1844,0.0,0.0005790970494134376
audio_text_ln_lrh0.001_e5_s44,1497,3,1.39542,1.6846,0.0,0.0005787415570565233
audio_text_ln_lrh0.001_e5_s44,1498,3,1.40438,2.0195,0.0,0.000578386064699609
audio_text_ln_lrh0.001_e5_s44,1499,3,1.11799,1.7784,0.0,0.0005780305723426946
audio_text_ln_lrh0.001_e5_s44,1500,3,1.48154,1.9122,0.0,0.0005776750799857803
audio_text_ln_lrh0.001_e5_s44,1501,3,1.07542,2.4853,0.0,0.0005773195876288659
audio_text_ln_lrh0.001_e5_s44,1502,3,1.50329,2.7959,0.0,0.0005769640952719517
audio_text_ln_lrh0.001_e5_s44,1503,3,1.2445,2.4799,0.0,0.0005766086029150374
audio_text_ln_lrh0.001_e5_s44,1504,3,1.11265,1.917,0.0,0.000576253110558123
audio_text_ln_lrh0.001_e5_s44,1505,3,1.45817,2.2226,0.0,0.0005758976182012087
audio_text_ln_lrh0.001_e5_s44,1506,3,1.32251,2.1634,0.0,0.0005755421258442944
audio_text_ln_lrh0.001_e5_s44,1507,3,1.15422,2.4657,0.0,0.00057518663348738
audio_text_ln_lrh0.001_e5_s44,1508,3,1.57161,3.1144,0.0,0.0005748311411304658
audio_text_ln_lrh0.001_e5_s44,1509,3,1.30539,3.3846,0.0,0.0005744756487735514
audio_text_ln_lrh0.001_e5_s44,1510,3,1.31309,2.5062,0.0,0.000574120156416637
audio_text_ln_lrh0.001_e5_s44,1511,3,1.19351,1.984,0.0,0.0005737646640597227
audio_text_ln_lrh0.001_e5_s44,1512,3,1.11813,2.3809,0.0,0.0005734091717028084
audio_text_ln_lrh0.001_e5_s44,1513,3,1.39253,2.2749,0.0,0.000573053679345894
audio_text_ln_lrh0.001_e5_s44,1514,3,1.16087,2.4292,0.0,0.0005726981869889798
audio_text_ln_lrh0.001_e5_s44,1515,3,1.57751,3.0228,0.0,0.0005723426946320654
audio_text_ln_lrh0.001_e5_s44,1516,3,1.21474,2.2065,0.0,0.0005719872022751511
audio_text_ln_lrh0.001_e5_s44,1517,3,1.34536,2.0717,0.0,0.0005716317099182368
audio_text_ln_lrh0.001_e5_s44,1518,3,0.90836,2.9177,0.0,0.0005712762175613224
audio_text_ln_lrh0.001_e5_s44,1519,3,1.48048,2.7711,0.0,0.0005709207252044081
audio_text_ln_lrh0.001_e5_s44,1520,3,1.47401,3.0122,0.0,0.0005705652328474939
audio_text_ln_lrh0.001_e5_s44,1521,3,1.33039,2.4384,0.0,0.0005702097404905795
audio_text_ln_lrh0.001_e5_s44,1522,3,1.35271,2.6341,0.0,0.0005698542481336652
audio_text_ln_lrh0.001_e5_s44,1523,3,1.45373,2.5164,0.0,0.0005694987557767508
audio_text_ln_lrh0.001_e5_s44,1524,3,1.19419,1.8909,0.0,0.0005691432634198364
audio_text_ln_lrh0.001_e5_s44,1525,3,1.12977,2.6771,0.0,0.0005687877710629221
audio_text_ln_lrh0.001_e5_s44,1526,3,1.33161,3.2859,0.0,0.0005684322787060079
audio_text_ln_lrh0.001_e5_s44,1527,3,1.72778,3.7717,0.0,0.0005680767863490935
audio_text_ln_lrh0.001_e5_s44,1528,3,1.50186,2.7165,0.0,0.0005677212939921792
audio_text_ln_lrh0.001_e5_s44,1529,3,1.42997,2.6084,0.0,0.0005673658016352649
audio_text_ln_lrh0.001_e5_s44,1530,3,1.26549,2.2184,0.0,0.0005670103092783505
audio_text_ln_lrh0.001_e5_s44,1531,3,1.25437,2.1927,0.0,0.0005666548169214362
audio_text_ln_lrh0.001_e5_s44,1532,3,1.50571,2.4899,0.0,0.0005662993245645218
audio_text_ln_lrh0.001_e5_s44,1533,3,1.4421,2.4182,0.0,0.0005659438322076076
audio_text_ln_lrh0.001_e5_s44,1534,3,1.32715,2.5903,0.0,0.0005655883398506933
audio_text_ln_lrh0.001_e5_s44,1535,3,1.48927,2.7935,0.0,0.0005652328474937789
audio_text_ln_lrh0.001_e5_s44,1536,3,1.07058,2.5074,0.0,0.0005648773551368646
audio_text_ln_lrh0.001_e5_s44,1537,3,1.38356,2.2264,0.0,0.0005645218627799503
audio_text_ln_lrh0.001_e5_s44,1538,3,1.62163,2.9064,0.0,0.0005641663704230358
audio_text_ln_lrh0.001_e5_s44,1539,3,1.3252,2.2383,0.0,0.0005638108780661216
audio_text_ln_lrh0.001_e5_s44,1540,3,1.69621,3.0663,0.0,0.0005634553857092073
audio_text_ln_lrh0.001_e5_s44,1541,3,1.52755,1.9594,0.0,0.0005630998933522929
audio_text_ln_lrh0.001_e5_s44,1542,3,1.27382,2.2112,0.0,0.0005627444009953786
audio_text_ln_lrh0.001_e5_s44,1543,3,1.51015,2.4041,0.0,0.0005623889086384643
audio_text_ln_lrh0.001_e5_s44,1544,3,1.54105,2.3734,0.0,0.0005620334162815499
audio_text_ln_lrh0.001_e5_s44,1545,3,1.35485,2.1299,0.0,0.0005616779239246357
audio_text_ln_lrh0.001_e5_s44,1546,3,1.49116,2.6242,0.0,0.0005613224315677213
audio_text_ln_lrh0.001_e5_s44,1547,3,1.67983,4.2637,0.0,0.000560966939210807
audio_text_ln_lrh0.001_e5_s44,1548,3,1.67064,2.5772,0.0,0.0005606114468538927
audio_text_ln_lrh0.001_e5_s44,1549,3,1.45094,2.8263,0.0,0.0005602559544969783
audio_text_ln_lrh0.001_e5_s44,1550,3,1.5135,3.2999,0.0,0.000559900462140064
audio_text_ln_lrh0.001_e5_s44,1551,3,1.41385,1.9794,0.0,0.0005595449697831498
audio_text_ln_lrh0.001_e5_s44,1552,3,1.52149,3.4201,0.0,0.0005591894774262353
audio_text_ln_lrh0.001_e5_s44,1553,3,2.05631,3.3719,0.0,0.000558833985069321
audio_text_ln_lrh0.001_e5_s44,1554,3,1.32813,2.8274,0.0,0.0005584784927124067
audio_text_ln_lrh0.001_e5_s44,1555,3,1.44615,2.5796,0.0,0.0005581230003554923
audio_text_ln_lrh0.001_e5_s44,1556,3,1.45204,3.2703,0.0,0.000557767507998578
audio_text_ln_lrh0.001_e5_s44,1557,3,1.45977,2.3999,0.0,0.0005574120156416637
audio_text_ln_lrh0.001_e5_s44,1558,3,1.56456,3.0218,0.0,0.0005570565232847494
audio_text_ln_lrh0.001_e5_s44,1559,3,1.46757,2.7377,0.0,0.0005567010309278351
audio_text_ln_lrh0.001_e5_s44,1560,3,1.4575,3.224,0.0,0.0005563455385709207
audio_text_ln_lrh0.001_e5_s44,1561,3,1.26695,2.9667,0.0,0.0005559900462140064
audio_text_ln_lrh0.001_e5_s44,1562,3,1.04671,3.119,0.0,0.0005556345538570921
audio_text_ln_lrh0.001_e5_s44,1563,3,1.20987,2.3346,0.0,0.0005552790615001777
audio_text_ln_lrh0.001_e5_s44,1564,3,1.20688,2.4003,0.0,0.0005549235691432635
audio_text_ln_lrh0.001_e5_s44,1565,3,1.70649,3.3815,0.0,0.0005545680767863492
audio_text_ln_lrh0.001_e5_s44,1566,3,1.49365,2.9327,0.0,0.0005542125844294348
audio_text_ln_lrh0.001_e5_s44,1567,3,0.9866,3.7622,0.0,0.0005538570920725204
audio_text_ln_lrh0.001_e5_s44,1568,3,1.40004,2.825,0.0,0.0005535015997156061
audio_text_ln_lrh0.001_e5_s44,1569,3,1.13793,2.5135,0.0,0.0005531461073586917
audio_text_ln_lrh0.001_e5_s44,1570,3,1.35699,3.0747,0.0,0.0005527906150017775
audio_text_ln_lrh0.001_e5_s44,1571,3,1.26865,2.8874,0.0,0.0005524351226448632
audio_text_ln_lrh0.001_e5_s44,1572,3,1.86595,3.3429,0.0,0.0005520796302879488
audio_text_ln_lrh0.001_e5_s44,1573,3,1.38537,2.8548,0.0,0.0005517241379310345
audio_text_ln_lrh0.001_e5_s44,1574,3,1.27163,2.7749,0.0,0.0005513686455741201
audio_text_ln_lrh0.001_e5_s44,1575,3,2.03056,3.7965,0.0,0.0005510131532172058
audio_text_ln_lrh0.001_e5_s44,1576,3,1.5152,3.4609,0.0,0.0005506576608602916
audio_text_ln_lrh0.001_e5_s44,1577,3,1.45371,2.838,0.0,0.0005503021685033772
audio_text_ln_lrh0.001_e5_s44,1578,3,1.70383,3.6145,0.0,0.0005499466761464629
audio_text_ln_lrh0.001_e5_s44,1579,3,1.80794,2.9172,0.0,0.0005495911837895486
audio_text_ln_lrh0.001_e5_s44,1580,3,1.32067,2.5288,0.0,0.0005492356914326342
audio_text_ln_lrh0.001_e5_s44,1581,3,1.48056,2.7244,0.0,0.0005488801990757198
audio_text_ln_lrh0.001_e5_s44,1582,3,1.53416,2.742,0.0,0.0005485247067188057
audio_text_ln_lrh0.001_e5_s44,1583,3,1.23165,2.5866,0.0,0.0005481692143618912
audio_text_ln_lrh0.001_e5_s44,1584,3,1.58942,2.3446,0.0,0.0005478137220049769
audio_text_ln_lrh0.001_e5_s44,1585,3,1.22603,2.0418,0.0,0.0005474582296480626
audio_text_ln_lrh0.001_e5_s44,1586,3,1.66795,2.6801,0.0,0.0005471027372911482
audio_text_ln_lrh0.001_e5_s44,1587,3,1.43952,2.1269,0.0,0.0005467472449342339
audio_text_ln_lrh0.001_e5_s44,1588,3,1.43873,2.2213,0.0,0.0005463917525773195
audio_text_ln_lrh0.001_e5_s44,1589,3,1.31524,3.1282,0.0,0.0005460362602204053
audio_text_ln_lrh0.001_e5_s44,1590,3,1.81927,2.5709,0.0,0.000545680767863491
audio_text_ln_lrh0.001_e5_s44,1591,3,1.43811,2.9626,0.0,0.0005453252755065766
audio_text_ln_lrh0.001_e5_s44,1592,3,1.47873,2.1381,0.0,0.0005449697831496623
audio_text_ln_lrh0.001_e5_s44,1593,3,1.56272,2.5401,0.0,0.000544614290792748
audio_text_ln_lrh0.001_e5_s44,1594,3,1.14238,3.0193,0.0,0.0005442587984358336
audio_text_ln_lrh0.001_e5_s44,1595,3,1.72064,2.3706,0.0,0.0005439033060789194
audio_text_ln_lrh0.001_e5_s44,1596,3,1.12105,3.2962,0.0,0.000543547813722005
audio_text_ln_lrh0.001_e5_s44,1597,3,1.14019,2.8417,0.0,0.0005431923213650906
audio_text_ln_lrh0.001_e5_s44,1598,3,1.29561,2.4833,0.0,0.0005428368290081763
audio_text_ln_lrh0.001_e5_s44,1599,3,1.60192,2.4446,0.0,0.000542481336651262
audio_text_ln_lrh0.001_e5_s44,1600,3,1.71595,2.6237,0.0,0.0005421258442943476
audio_text_ln_lrh0.001_e5_s44,1601,3,1.04686,2.101,0.0,0.0005417703519374334
audio_text_ln_lrh0.001_e5_s44,1602,3,1.14903,2.0937,0.0,0.0005414148595805191
audio_text_ln_lrh0.001_e5_s44,1603,3,1.16709,2.1041,0.0,0.0005410593672236047
audio_text_ln_lrh0.001_e5_s44,1604,3,1.17399,2.5175,0.0,0.0005407038748666904
audio_text_ln_lrh0.001_e5_s44,1605,3,1.1862,2.5416,0.0,0.000540348382509776
audio_text_ln_lrh0.001_e5_s44,1606,3,1.56535,2.4278,0.0,0.0005399928901528617
audio_text_ln_lrh0.001_e5_s44,1607,3,1.69641,2.8194,0.0,0.0005396373977959475
audio_text_ln_lrh0.001_e5_s44,1608,3,1.656,3.0663,0.0,0.0005392819054390331
audio_text_ln_lrh0.001_e5_s44,1609,3,1.86346,3.4311,0.0,0.0005389264130821188
audio_text_ln_lrh0.001_e5_s44,1610,3,0.87671,2.3632,0.0,0.0005385709207252045
audio_text_ln_lrh0.001_e5_s44,1611,3,0.97927,2.5865,0.0,0.00053821542836829
audio_text_ln_lrh0.001_e5_s44,1612,3,1.79534,2.9629,0.0,0.0005378599360113757
audio_text_ln_lrh0.001_e5_s44,1613,3,1.63452,3.2439,0.0,0.0005375044436544615
audio_text_ln_lrh0.001_e5_s44,1614,3,1.56823,2.266,0.0,0.0005371489512975471
audio_text_ln_lrh0.001_e5_s44,1615,3,1.72142,2.8111,0.0,0.0005367934589406328
audio_text_ln_lrh0.001_e5_s44,1616,3,1.53992,2.4538,0.0,0.0005364379665837185
audio_text_ln_lrh0.001_e5_s44,1617,3,1.31313,2.5419,0.0,0.0005360824742268041
audio_text_ln_lrh0.001_e5_s44,1618,3,1.49467,2.3669,0.0,0.0005357269818698898
audio_text_ln_lrh0.001_e5_s44,1619,3,1.05881,1.8087,0.0,0.0005353714895129754
audio_text_ln_lrh0.001_e5_s44,1620,3,1.00092,2.1068,0.0,0.0005350159971560612
audio_text_ln_lrh0.001_e5_s44,1621,3,1.38022,2.4626,0.0,0.0005346605047991469
audio_text_ln_lrh0.001_e5_s44,1622,3,1.31389,2.0641,0.0,0.0005343050124422325
audio_text_ln_lrh0.001_e5_s44,1623,3,1.66575,2.5257,0.0,0.0005339495200853182
audio_text_ln_lrh0.001_e5_s44,1624,3,1.69661,2.7414,0.0,0.0005335940277284039
audio_text_ln_lrh0.001_e5_s44,1625,3,1.5947,2.5431,0.0,0.0005332385353714894
audio_text_ln_lrh0.001_e5_s44,1626,3,1.39865,2.495,0.0,0.0005328830430145752
audio_text_ln_lrh0.001_e5_s44,1627,3,1.48562,2.7812,0.0,0.0005325275506576609
audio_text_ln_lrh0.001_e5_s44,1628,3,1.2531,2.1249,0.0,0.0005321720583007465
audio_text_ln_lrh0.001_e5_s44,1629,3,1.11922,2.854,0.0,0.0005318165659438322
audio_text_ln_lrh0.001_e5_s44,1630,3,1.46668,2.1144,0.0,0.0005314610735869179
audio_text_ln_lrh0.001_e5_s44,1631,3,1.46624,2.3085,0.0,0.0005311055812300035
audio_text_ln_lrh0.001_e5_s44,1632,3,1.10332,3.4328,0.0,0.0005307500888730893
audio_text_ln_lrh0.001_e5_s44,1633,3,1.1545,3.2722,0.0,0.0005303945965161749
audio_text_ln_lrh0.001_e5_s44,1634,3,1.32909,2.4166,0.0,0.0005300391041592606
audio_text_ln_lrh0.001_e5_s44,1635,3,1.59261,2.5887,0.0,0.0005296836118023463
audio_text_ln_lrh0.001_e5_s44,1636,3,1.28361,2.4483,0.0,0.0005293281194454319
audio_text_ln_lrh0.001_e5_s44,1637,3,1.48006,2.305,0.0,0.0005289726270885176
audio_text_ln_lrh0.001_e5_s44,1638,3,1.62559,3.4991,0.0,0.0005286171347316034
audio_text_ln_lrh0.001_e5_s44,1639,3,1.52175,2.1743,0.0,0.000528261642374689
audio_text_ln_lrh0.001_e5_s44,1640,3,0.98146,2.2674,0.0,0.0005279061500177746
audio_text_ln_lrh0.001_e5_s44,1641,3,1.85058,3.6722,0.0,0.0005275506576608603
audio_text_ln_lrh0.001_e5_s44,1642,3,0.96896,2.6863,0.0,0.0005271951653039459
audio_text_ln_lrh0.001_e5_s44,1643,3,1.05455,2.152,0.0,0.0005268396729470316
audio_text_ln_lrh0.001_e5_s44,1644,3,1.20091,2.038,0.0,0.0005264841805901174
audio_text_ln_lrh0.001_e5_s44,1645,3,1.32597,2.49,0.0,0.000526128688233203
audio_text_ln_lrh0.001_e5_s44,1646,3,1.42845,2.3793,0.0,0.0005257731958762887
audio_text_ln_lrh0.001_e5_s44,1647,3,1.26865,3.2871,0.0,0.0005254177035193743
audio_text_ln_lrh0.001_e5_s44,1648,3,1.21339,2.0888,0.0,0.00052506221116246
audio_text_ln_lrh0.001_e5_s44,1649,3,1.67014,2.8915,0.0,0.0005247067188055457
audio_text_ln_lrh0.001_e5_s44,1650,3,0.95116,2.8765,0.0,0.0005243512264486313
audio_text_ln_lrh0.001_e5_s44,1651,3,1.34379,2.1632,0.0,0.0005239957340917171
audio_text_ln_lrh0.001_e5_s44,1652,3,1.46329,2.6048,0.0,0.0005236402417348028
audio_text_ln_lrh0.001_e5_s44,1653,3,1.23842,2.3154,0.0,0.0005232847493778884
audio_text_ln_lrh0.001_e5_s44,1654,3,1.15688,2.3435,0.0,0.000522929257020974
audio_text_ln_lrh0.001_e5_s44,1655,3,1.09925,2.1713,0.0,0.0005225737646640597
audio_text_ln_lrh0.001_e5_s44,1656,3,1.06552,2.646,0.0,0.0005222182723071453
audio_text_ln_lrh0.001_e5_s44,1657,3,1.35526,3.3236,0.0,0.0005218627799502311
audio_text_ln_lrh0.001_e5_s44,1658,3,1.90158,4.2343,0.0,0.0005215072875933168
audio_text_ln_lrh0.001_e5_s44,1659,3,1.60284,2.6704,0.0,0.0005211517952364024
audio_text_ln_lrh0.001_e5_s44,1660,3,1.3076,2.474,0.0,0.0005207963028794881
audio_text_ln_lrh0.001_e5_s44,1661,3,1.37935,2.3427,0.0,0.0005204408105225737
audio_text_ln_lrh0.001_e5_s44,1662,3,1.3098,2.2444,0.0,0.0005200853181656594
audio_text_ln_lrh0.001_e5_s44,1663,3,1.53569,3.1462,0.0,0.0005197298258087452
audio_text_ln_lrh0.001_e5_s44,1664,3,0.93134,2.2154,0.0,0.0005193743334518308
audio_text_ln_lrh0.001_e5_s44,1665,3,1.41151,2.9974,0.0,0.0005190188410949165
audio_text_ln_lrh0.001_e5_s44,1666,3,1.48473,2.8732,0.0,0.0005186633487380022
audio_text_ln_lrh0.001_e5_s44,1667,3,1.20972,2.122,0.0,0.0005183078563810878
audio_text_ln_lrh0.001_e5_s44,1668,3,1.2906,3.0447,0.0,0.0005179523640241735
audio_text_ln_lrh0.001_e5_s44,1669,3,1.27705,1.942,0.0,0.0005175968716672593
audio_text_ln_lrh0.001_e5_s44,1670,3,1.30447,2.1447,0.0,0.0005172413793103448
audio_text_ln_lrh0.001_e5_s44,1671,3,1.06483,2.0134,0.0,0.0005168858869534305
audio_text_ln_lrh0.001_e5_s44,1672,3,1.19315,2.8107,0.0,0.0005165303945965162
audio_text_ln_lrh0.001_e5_s44,1673,3,1.28566,2.5737,0.0,0.0005161749022396018
audio_text_ln_lrh0.001_e5_s44,1674,3,1.47039,3.2528,0.0,0.0005158194098826875
audio_text_ln_lrh0.001_e5_s44,1675,3,1.66958,2.5077,0.0,0.0005154639175257731
audio_text_ln_lrh0.001_e5_s44,1676,3,1.22552,2.3782,0.0,0.0005151084251688589
audio_text_ln_lrh0.001_e5_s44,1677,3,1.69444,2.8612,0.0,0.0005147529328119446
audio_text_ln_lrh0.001_e5_s44,1678,3,1.45168,3.0377,0.0,0.0005143974404550302
audio_text_ln_lrh0.001_e5_s44,1679,3,0.97948,2.3079,0.0,0.0005140419480981159
audio_text_ln_lrh0.001_e5_s44,1680,3,1.23011,2.4903,0.0,0.0005136864557412016
audio_text_ln_lrh0.001_e5_s44,1681,3,1.39075,2.9897,0.0,0.0005133309633842872
audio_text_ln_lrh0.001_e5_s44,1682,3,1.59302,2.7083,0.0,0.000512975471027373
audio_text_ln_lrh0.001_e5_s44,1683,3,1.55098,2.8541,0.0,0.0005126199786704587
audio_text_ln_lrh0.001_e5_s44,1684,3,1.0532,2.4817,0.0,0.0005122644863135442
audio_text_ln_lrh0.001_e5_s44,1685,3,1.43774,3.9406,0.0,0.0005119089939566299
audio_text_ln_lrh0.001_e5_s44,1686,3,1.13408,2.2968,0.0,0.0005115535015997156
audio_text_ln_lrh0.001_e5_s44,1687,3,1.4732,3.5499,0.0,0.0005111980092428012
audio_text_ln_lrh0.001_e5_s44,1688,3,0.85872,2.4348,0.0,0.000510842516885887
audio_text_ln_lrh0.001_e5_s44,1689,3,2.05694,4.7683,0.0,0.0005104870245289727
audio_text_ln_lrh0.001_e5_s44,1690,3,1.2328,2.5047,0.0,0.0005101315321720583
audio_text_ln_lrh0.001_e5_s44,1691,3,1.62038,3.8548,0.0,0.000509776039815144
audio_text_ln_lrh0.001_e5_s44,1692,3,1.1049,2.4063,0.0,0.0005094205474582296
audio_text_ln_lrh0.001_e5_s44,1693,3,1.43685,2.5155,0.0,0.0005090650551013153
audio_text_ln_lrh0.001_e5_s44,1694,3,1.1453,2.1476,0.0,0.0005087095627444011
audio_text_ln_lrh0.001_e5_s44,1695,3,1.36004,2.0334,0.0,0.0005083540703874867
audio_text_ln_lrh0.001_e5_s44,1696,3,1.36849,2.4276,0.0,0.0005079985780305724
audio_text_ln_lrh0.001_e5_s44,1697,3,1.4498,2.0524,0.0,0.0005076430856736581
audio_text_ln_lrh0.001_e5_s44,1698,3,1.48612,2.8283,0.0,0.0005072875933167436
audio_text_ln_lrh0.001_e5_s44,1699,3,1.44668,2.6331,0.0,0.0005069321009598293
audio_text_ln_lrh0.001_e5_s44,1700,3,1.51603,2.4204,0.0,0.0005065766086029151
audio_text_ln_lrh0.001_e5_s44,1701,3,1.71236,2.6254,0.0,0.0005062211162460007
audio_text_ln_lrh0.001_e5_s44,1702,3,1.0471,2.3899,0.0,0.0005058656238890864
audio_text_ln_lrh0.001_e5_s44,1703,3,1.38677,2.2217,0.0,0.0005055101315321721
audio_text_ln_lrh0.001_e5_s44,1704,3,1.25635,2.4138,0.0,0.0005051546391752577
audio_text_ln_lrh0.001_e5_s44,1705,3,1.37481,3.548,0.0,0.0005047991468183434
audio_text_ln_lrh0.001_e5_s44,1706,3,1.29469,2.3119,0.0,0.000504443654461429
audio_text_ln_lrh0.001_e5_s44,1707,3,1.47746,2.5697,0.0,0.0005040881621045148
audio_text_ln_lrh0.001_e5_s44,1708,3,1.29978,2.8241,0.0,0.0005037326697476005
audio_text_ln_lrh0.001_e5_s44,1709,3,1.58796,3.6146,0.0,0.0005033771773906861
audio_text_ln_lrh0.001_e5_s44,1710,3,1.07654,2.8709,0.0,0.0005030216850337718
audio_text_ln_lrh0.001_e5_s44,1711,3,1.24992,2.2631,0.0,0.0005026661926768575
audio_text_ln_lrh0.001_e5_s44,1712,3,1.56584,3.3521,0.0,0.000502310700319943
audio_text_ln_lrh0.001_e5_s44,1713,3,1.21522,2.1585,0.0,0.0005019552079630289
audio_text_ln_lrh0.001_e5_s44,1714,3,1.17931,2.0103,0.0,0.0005015997156061145
audio_text_ln_lrh0.001_e5_s44,1715,3,1.46743,1.9023,0.0,0.0005012442232492001
audio_text_ln_lrh0.001_e5_s44,1716,3,1.64136,3.3695,0.0,0.0005008887308922858
audio_text_ln_lrh0.001_e5_s44,1717,3,1.23257,2.0111,0.0,0.0005005332385353715
audio_text_ln_lrh0.001_e5_s44,1718,3,1.41721,2.5571,0.0,0.0005001777461784571
audio_text_ln_lrh0.001_e5_s44,1719,3,0.88032,2.0288,0.0,0.0004998222538215428
audio_text_ln_lrh0.001_e5_s44,1720,3,1.1663,3.2066,0.0,0.0004994667614646285
audio_text_ln_lrh0.001_e5_s44,1721,3,1.33548,2.2829,0.0,0.0004991112691077142
audio_text_ln_lrh0.001_e5_s44,1722,3,1.29053,2.94,0.0,0.0004987557767507999
audio_text_ln_lrh0.001_e5_s44,1723,3,1.48276,2.8502,0.0,0.0004984002843938855
audio_text_ln_lrh0.001_e5_s44,1724,3,0.95389,2.3108,0.0,0.0004980447920369713
audio_text_ln_lrh0.001_e5_s44,1725,3,1.11059,2.2158,0.0,0.0004976892996800569
audio_text_ln_lrh0.001_e5_s44,1726,3,1.82758,4.0205,0.0,0.0004973338073231426
audio_text_ln_lrh0.001_e5_s44,1727,3,1.40577,2.4285,0.0,0.0004969783149662283
audio_text_ln_lrh0.001_e5_s44,1728,3,0.94359,2.8733,0.0,0.000496622822609314
audio_text_ln_lrh0.001_e5_s44,1729,3,1.64179,2.2737,0.0,0.0004962673302523995
audio_text_ln_lrh0.001_e5_s44,1730,3,1.33064,2.6003,0.0,0.0004959118378954852
audio_text_ln_lrh0.001_e5_s44,1731,3,1.30039,3.2059,0.0,0.0004955563455385709
audio_text_ln_lrh0.001_e5_s44,1732,3,1.35662,2.1455,0.0,0.0004952008531816566
audio_text_ln_lrh0.001_e5_s44,1733,3,1.11594,2.3725,0.0,0.0004948453608247423
audio_text_ln_lrh0.001_e5_s44,1734,3,1.43002,2.8225,0.0,0.0004944898684678279
audio_text_ln_lrh0.001_e5_s44,1735,3,1.38331,2.2164,0.0,0.0004941343761109136
audio_text_ln_lrh0.001_e5_s44,1736,3,1.36857,2.8762,0.0,0.0004937788837539993
audio_text_ln_lrh0.001_e5_s44,1737,3,1.38956,2.4397,0.0,0.000493423391397085
audio_text_ln_lrh0.001_e5_s44,1738,3,1.43804,2.5181,0.0,0.0004930678990401707
audio_text_ln_lrh0.001_e5_s44,1739,3,1.22433,2.1986,0.0,0.0004927124066832564
audio_text_ln_lrh0.001_e5_s44,1740,3,1.0566,2.2541,0.0,0.000492356914326342
audio_text_ln_lrh0.001_e5_s44,1741,3,0.81871,2.6645,0.0,0.0004920014219694277
audio_text_ln_lrh0.001_e5_s44,1742,3,1.32569,2.1277,0.0,0.0004916459296125134
audio_text_ln_lrh0.001_e5_s44,1743,3,1.17592,2.2986,0.0,0.000491290437255599
audio_text_ln_lrh0.001_e5_s44,1744,3,1.07817,2.1243,0.0,0.0004909349448986846
audio_text_ln_lrh0.001_e5_s44,1745,3,0.96643,2.6593,0.0,0.0004905794525417704
audio_text_ln_lrh0.001_e5_s44,1746,3,1.38885,2.8672,0.0,0.000490223960184856
audio_text_ln_lrh0.001_e5_s44,1747,3,1.56811,2.9715,0.0,0.0004898684678279417
audio_text_ln_lrh0.001_e5_s44,1748,3,1.91706,4.3023,0.0,0.0004895129754710274
audio_text_ln_lrh0.001_e5_s44,1749,3,1.51778,2.304,0.0,0.0004891574831141131
audio_text_ln_lrh0.001_e5_s44,1750,3,1.16185,2.9186,0.0,0.0004888019907571987
audio_text_ln_lrh0.001_e5_s44,1751,3,0.81549,2.0048,0.0,0.0004884464984002844
audio_text_ln_lrh0.001_e5_s44,1752,3,1.53978,2.8926,0.0,0.0004880910060433701
audio_text_ln_lrh0.001_e5_s44,1753,3,1.54752,2.3649,0.0,0.0004877355136864557
audio_text_ln_lrh0.001_e5_s44,1754,3,1.31834,2.0439,0.0,0.0004873800213295414
audio_text_ln_lrh0.001_e5_s44,1755,3,1.48724,3.4551,0.0,0.0004870245289726271
audio_text_ln_lrh0.001_e5_s44,1756,3,0.92496,1.9379,0.0,0.00048666903661571275
audio_text_ln_lrh0.001_e5_s44,1757,3,1.48048,2.5311,0.0,0.00048631354425879845
audio_text_ln_lrh0.001_e5_s44,1758,3,1.59036,2.5285,0.0,0.00048595805190188414
audio_text_ln_lrh0.001_e5_s44,1759,3,1.34298,2.6392,0.0,0.0004856025595449698
audio_text_ln_lrh0.001_e5_s44,1760,3,1.56322,3.6348,0.0,0.0004852470671880554
audio_text_ln_lrh0.001_e5_s44,1761,3,1.33929,2.2805,0.0,0.00048489157483114117
audio_text_ln_lrh0.001_e5_s44,1762,3,1.1468,2.0399,0.0,0.0004845360824742268
audio_text_ln_lrh0.001_e5_s44,1763,3,1.42832,2.5093,0.0,0.00048418059011731245
audio_text_ln_lrh0.001_e5_s44,1764,3,1.04699,3.2033,0.0,0.0004838250977603982
audio_text_ln_lrh0.001_e5_s44,1765,3,1.43497,2.0216,0.0,0.00048346960540348384
audio_text_ln_lrh0.001_e5_s44,1766,3,1.06312,2.6063,0.0,0.0004831141130465695
audio_text_ln_lrh0.001_e5_s44,1767,3,1.03834,2.7583,0.0,0.0004827586206896552
audio_text_ln_lrh0.001_e5_s44,1768,3,1.28633,2.5506,0.0,0.0004824031283327409
audio_text_ln_lrh0.001_e5_s44,1769,3,1.30518,2.4035,0.0,0.0004820476359758265
audio_text_ln_lrh0.001_e5_s44,1770,3,1.55967,2.7747,0.0,0.0004816921436189122
audio_text_ln_lrh0.001_e5_s44,1771,3,0.81777,2.6882,0.0,0.0004813366512619979
audio_text_ln_lrh0.001_e5_s44,1772,3,1.4225,3.3182,0.0,0.00048098115890508354
audio_text_ln_lrh0.001_e5_s44,1773,3,1.60789,3.4265,0.0,0.00048062566654816924
audio_text_ln_lrh0.001_e5_s44,1774,3,1.30935,3.1118,0.0,0.0004802701741912549
audio_text_ln_lrh0.001_e5_s44,1775,3,1.019,2.1617,0.0,0.0004799146818343406
audio_text_ln_lrh0.001_e5_s44,1776,3,1.58973,2.9464,0.0,0.00047955918947742627
audio_text_ln_lrh0.001_e5_s44,1777,3,1.2509,2.455,0.0,0.0004792036971205119
audio_text_ln_lrh0.001_e5_s44,1778,3,1.39179,2.3528,0.0,0.0004788482047635976
audio_text_ln_lrh0.001_e5_s44,1779,3,1.32887,2.1241,0.0,0.00047849271240668325
audio_text_ln_lrh0.001_e5_s44,1780,3,1.31953,2.811,0.0,0.00047813722004976894
audio_text_ln_lrh0.001_e5_s44,1781,3,1.2333,2.9734,0.0,0.0004777817276928546
audio_text_ln_lrh0.001_e5_s44,1782,3,1.49209,2.1279,0.0,0.0004774262353359403
audio_text_ln_lrh0.001_e5_s44,1783,3,0.91735,3.1022,0.0,0.00047707074297902597
audio_text_ln_lrh0.001_e5_s44,1784,3,1.38247,2.1755,0.0,0.0004767152506221116
audio_text_ln_lrh0.001_e5_s44,1785,3,1.71429,3.5057,0.0,0.0004763597582651973
audio_text_ln_lrh0.001_e5_s44,1786,3,1.33655,2.4831,0.0,0.000476004265908283
audio_text_ln_lrh0.001_e5_s44,1787,3,1.52802,3.5001,0.0,0.00047564877355136864
audio_text_ln_lrh0.001_e5_s44,1788,3,1.58157,3.0415,0.0,0.0004752932811944543
audio_text_ln_lrh0.001_e5_s44,1789,3,1.32101,2.6826,0.0,0.00047493778883754003
audio_text_ln_lrh0.001_e5_s44,1790,3,1.26584,2.3608,0.0,0.00047458229648062567
audio_text_ln_lrh0.001_e5_s44,1791,3,1.49936,3.0515,0.0,0.0004742268041237113
audio_text_ln_lrh0.001_e5_s44,1792,3,1.10295,2.1058,0.0,0.00047387131176679706
audio_text_ln_lrh0.001_e5_s44,1793,3,1.59992,2.3584,0.0,0.0004735158194098827
audio_text_ln_lrh0.001_e5_s44,1794,3,1.20207,1.9648,0.0,0.00047316032705296834
audio_text_ln_lrh0.001_e5_s44,1795,3,1.09191,1.8464,0.0,0.0004728048346960541
audio_text_ln_lrh0.001_e5_s44,1796,3,1.29813,2.2927,0.0,0.00047244934233913973
audio_text_ln_lrh0.001_e5_s44,1797,3,1.39283,3.408,0.0,0.00047209384998222537
audio_text_ln_lrh0.001_e5_s44,1798,3,1.33085,2.3119,0.0,0.00047173835762531107
audio_text_ln_lrh0.001_e5_s44,1799,3,1.29351,2.3438,0.0,0.00047138286526839676
audio_text_ln_lrh0.001_e5_s44,1800,3,1.77684,3.0301,0.0,0.0004710273729114824
audio_text_ln_lrh0.001_e5_s44,1801,3,1.0542,2.3178,0.0,0.0004706718805545681
audio_text_ln_lrh0.001_e5_s44,1802,3,1.17848,2.5586,0.0,0.0004703163881976538
audio_text_ln_lrh0.001_e5_s44,1803,3,1.49818,2.3802,0.0,0.00046996089584073943
audio_text_ln_lrh0.001_e5_s44,1804,3,1.56653,2.6731,0.0,0.00046960540348382513
audio_text_ln_lrh0.001_e5_s44,1805,3,1.21064,2.6077,0.0,0.00046924991112691077
audio_text_ln_lrh0.001_e5_s44,1806,3,1.086,1.9806,0.0,0.00046889441876999646
audio_text_ln_lrh0.001_e5_s44,1807,3,1.75699,3.5139,0.0,0.00046853892641308216
audio_text_ln_lrh0.001_e5_s44,1808,3,1.06043,2.3185,0.0,0.0004681834340561678
audio_text_ln_lrh0.001_e5_s44,1809,3,1.74694,2.6331,0.0,0.0004678279416992535
audio_text_ln_lrh0.001_e5_s44,1810,3,1.10331,1.9737,0.0,0.00046747244934233913
audio_text_ln_lrh0.001_e5_s44,1811,3,1.37878,2.0142,0.0,0.00046711695698542483
audio_text_ln_lrh0.001_e5_s44,1812,3,1.60296,2.6028,0.0,0.00046676146462851047
audio_text_ln_lrh0.001_e5_s44,1813,3,1.45735,2.0076,0.0,0.00046640597227159616
audio_text_ln_lrh0.001_e5_s44,1814,3,1.20957,3.2309,0.0,0.00046605047991468186
audio_text_ln_lrh0.001_e5_s44,1815,3,1.41625,2.2964,0.0,0.0004656949875577675
audio_text_ln_lrh0.001_e5_s44,1816,3,1.17811,2.7824,0.0,0.0004653394952008532
audio_text_ln_lrh0.001_e5_s44,1817,3,1.49214,2.5164,0.0,0.0004649840028439389
audio_text_ln_lrh0.001_e5_s44,1818,3,1.01323,3.2859,0.0,0.00046462851048702453
audio_text_ln_lrh0.001_e5_s44,1819,3,0.92161,2.2028,0.0,0.00046427301813011017
audio_text_ln_lrh0.001_e5_s44,1820,3,1.49349,2.1237,0.0,0.0004639175257731959
audio_text_ln_lrh0.001_e5_s44,1821,3,1.74902,3.4864,0.0,0.00046356203341628156
audio_text_ln_lrh0.001_e5_s44,1822,3,1.02016,2.1951,0.0,0.0004632065410593672
audio_text_ln_lrh0.001_e5_s44,1823,3,1.44862,2.3269,0.0,0.00046285104870245295
audio_text_ln_lrh0.001_e5_s44,1824,3,1.18192,2.6419,0.0,0.0004624955563455386
audio_text_ln_lrh0.001_e5_s44,1825,3,1.49984,3.9472,0.0,0.00046214006398862423
audio_text_ln_lrh0.001_e5_s44,1826,3,1.21457,2.2804,0.0,0.0004617845716317099
audio_text_ln_lrh0.001_e5_s44,1827,3,1.46519,2.8031,0.0,0.0004614290792747956
audio_text_ln_lrh0.001_e5_s44,1828,3,1.38726,2.4573,0.0,0.00046107358691788126
audio_text_ln_lrh0.001_e5_s44,1829,3,1.75953,4.3296,0.0,0.00046071809456096696
audio_text_ln_lrh0.001_e5_s44,1830,3,1.68968,3.2031,0.0,0.00046036260220405265
audio_text_ln_lrh0.001_e5_s44,1831,3,1.56501,2.7016,0.0,0.0004600071098471383
audio_text_ln_lrh0.001_e5_s44,1832,3,1.42632,2.274,0.0,0.000459651617490224
audio_text_ln_lrh0.001_e5_s44,1833,3,1.68526,3.3108,0.0,0.0004592961251333096
audio_text_ln_lrh0.001_e5_s44,1834,3,1.40476,2.1666,0.0,0.0004589406327763953
audio_text_ln_lrh0.001_e5_s44,1835,3,1.38854,2.3784,0.0,0.000458585140419481
audio_text_ln_lrh0.001_e5_s44,1836,3,1.19953,2.6412,0.0,0.00045822964806256666
audio_text_ln_lrh0.001_e5_s44,1837,3,1.40218,2.3001,0.0,0.00045787415570565235
audio_text_ln_lrh0.001_e5_s44,1838,3,1.26459,2.2614,0.0,0.000457518663348738
audio_text_ln_lrh0.001_e5_s44,1839,3,1.2342,2.1171,0.0,0.0004571631709918237
audio_text_ln_lrh0.001_e5_s44,1840,3,1.54811,2.3659,0.0,0.00045680767863490933
audio_text_ln_lrh0.001_e5_s44,1841,3,1.6117,3.0058,0.0,0.000456452186277995
audio_text_ln_lrh0.001_e5_s44,1842,3,1.25972,2.2062,0.0,0.0004560966939210807
audio_text_ln_lrh0.001_e5_s44,1843,3,1.54591,2.2991,0.0,0.00045574120156416636
audio_text_ln_lrh0.001_e5_s44,1844,3,1.23454,2.224,0.0,0.00045538570920725205
audio_text_ln_lrh0.001_e5_s44,1845,3,1.51626,2.1477,0.0,0.00045503021685033775
audio_text_ln_lrh0.001_e5_s44,1846,3,1.27438,2.4171,0.0,0.0004546747244934234
audio_text_ln_lrh0.001_e5_s44,1847,3,1.38887,2.1221,0.0,0.00045431923213650903
audio_text_ln_lrh0.001_e5_s44,1848,3,1.71823,2.6214,0.0,0.0004539637397795948
audio_text_ln_lrh0.001_e5_s44,1849,3,1.62806,2.2796,0.0,0.0004536082474226804
audio_text_ln_lrh0.001_e5_s44,1850,3,1.11023,2.7966,0.0,0.00045325275506576606
audio_text_ln_lrh0.001_e5_s44,1851,3,0.96662,2.9062,0.0,0.0004528972627088518
audio_text_ln_lrh0.001_e5_s44,1852,3,1.58091,2.5532,0.0,0.00045254177035193745
audio_text_ln_lrh0.001_e5_s44,1853,3,1.47033,2.8741,0.0,0.0004521862779950231
audio_text_ln_lrh0.001_e5_s44,1854,3,1.25221,2.837,0.0,0.0004518307856381088
audio_text_ln_lrh0.001_e5_s44,1855,3,1.50973,2.9932,0.0,0.0004514752932811945
audio_text_ln_lrh0.001_e5_s44,1856,3,1.41359,2.797,0.0,0.0004511198009242801
audio_text_ln_lrh0.001_e5_s44,1857,3,1.25754,2.6288,0.0,0.0004507643085673658
audio_text_ln_lrh0.001_e5_s44,1858,3,0.96299,2.8132,0.0,0.0004504088162104515
audio_text_ln_lrh0.001_e5_s44,1859,3,1.78773,3.1443,0.0,0.00045005332385353715
audio_text_ln_lrh0.001_e5_s44,1860,3,1.32797,3.1339,0.0,0.00044969783149662284
audio_text_ln_lrh0.001_e5_s44,1861,3,1.06566,2.5973,0.0,0.0004493423391397085
audio_text_ln_lrh0.001_e5_s44,1862,3,1.24434,2.2193,0.0,0.0004489868467827942
audio_text_ln_lrh0.001_e5_s44,1863,3,0.84582,2.7852,0.0,0.0004486313544258799
audio_text_ln_lrh0.001_e5_s44,1864,3,1.58472,3.1763,0.0,0.0004482758620689655
audio_text_ln_lrh0.001_e5_s44,1865,3,1.39685,2.433,0.0,0.0004479203697120512
audio_text_ln_lrh0.001_e5_s44,1866,3,1.09272,2.4263,0.0,0.0004475648773551369
audio_text_ln_lrh0.001_e5_s44,1867,3,1.21247,1.8803,0.0,0.00044720938499822255
audio_text_ln_lrh0.001_e5_s44,1868,3,1.46077,2.8523,0.0,0.0004468538926413082
audio_text_ln_lrh0.001_e5_s44,1869,3,1.53807,3.275,0.0,0.0004464984002843939
audio_text_ln_lrh0.001_e5_s44,1870,3,1.62863,3.0042,0.0,0.0004461429079274796
audio_text_ln_lrh0.001_e5_s44,1871,3,1.58908,3.122,0.0,0.0004457874155705652
audio_text_ln_lrh0.001_e5_s44,1872,3,1.50709,2.2829,0.0,0.0004454319232136509
audio_text_ln_lrh0.001_e5_s44,1873,3,1.1784,2.0278,0.0,0.0004450764308567366
audio_text_ln_lrh0.001_e5_s44,1874,3,1.52286,2.4794,0.0,0.00044472093849982225
audio_text_ln_lrh0.001_e5_s44,1875,3,0.88467,4.7519,0.0,0.0004443654461429079
audio_text_ln_lrh0.001_e5_s44,1876,4,1.38812,2.8505,0.0,0.00044400995378599364
audio_text_ln_lrh0.001_e5_s44,1877,4,1.34864,2.1777,0.0,0.0004436544614290793
audio_text_ln_lrh0.001_e5_s44,1878,4,1.09243,2.9505,0.0,0.0004432989690721649
audio_text_ln_lrh0.001_e5_s44,1879,4,0.80979,3.3206,0.0,0.00044294347671525067
audio_text_ln_lrh0.001_e5_s44,1880,4,1.56324,2.3122,0.0,0.0004425879843583363
audio_text_ln_lrh0.001_e5_s44,1881,4,1.43743,3.6912,0.0,0.00044223249200142195
audio_text_ln_lrh0.001_e5_s44,1882,4,1.32795,2.4055,0.0,0.0004418769996445077
audio_text_ln_lrh0.001_e5_s44,1883,4,1.22594,2.5747,0.0,0.00044152150728759334
audio_text_ln_lrh0.001_e5_s44,1884,4,1.37455,2.5513,0.0,0.000441166014930679
audio_text_ln_lrh0.001_e5_s44,1885,4,1.55681,2.8608,0.0,0.00044081052257376467
audio_text_ln_lrh0.001_e5_s44,1886,4,1.25082,2.1586,0.0,0.00044045503021685037
audio_text_ln_lrh0.001_e5_s44,1887,4,0.93263,2.465,0.0,0.000440099537859936
audio_text_ln_lrh0.001_e5_s44,1888,4,1.34209,2.4087,0.0,0.0004397440455030217
audio_text_ln_lrh0.001_e5_s44,1889,4,1.38914,2.9127,0.0,0.0004393885531461074
audio_text_ln_lrh0.001_e5_s44,1890,4,1.20858,1.9427,0.0,0.00043903306078919304
audio_text_ln_lrh0.001_e5_s44,1891,4,1.4056,2.1455,0.0,0.00043867756843227873
audio_text_ln_lrh0.001_e5_s44,1892,4,1.60386,3.025,0.0,0.0004383220760753644
audio_text_ln_lrh0.001_e5_s44,1893,4,1.54691,3.4044,0.0,0.00043796658371845007
audio_text_ln_lrh0.001_e5_s44,1894,4,1.10662,2.9916,0.0,0.00043761109136153576
audio_text_ln_lrh0.001_e5_s44,1895,4,0.96607,2.525,0.0,0.0004372555990046214
audio_text_ln_lrh0.001_e5_s44,1896,4,1.23432,2.286,0.0,0.0004369001066477071
audio_text_ln_lrh0.001_e5_s44,1897,4,1.74545,2.9657,0.0,0.00043654461429079274
audio_text_ln_lrh0.001_e5_s44,1898,4,1.12352,1.9414,0.0,0.00043618912193387843
audio_text_ln_lrh0.001_e5_s44,1899,4,1.31647,2.2067,0.0,0.0004358336295769641
audio_text_ln_lrh0.001_e5_s44,1900,4,1.42428,2.9719,0.0,0.00043547813722004977
audio_text_ln_lrh0.001_e5_s44,1901,4,1.54137,2.4828,0.0,0.00043512264486313546
audio_text_ln_lrh0.001_e5_s44,1902,4,1.51218,2.8587,0.0,0.0004347671525062211
audio_text_ln_lrh0.001_e5_s44,1903,4,1.34445,2.4388,0.0,0.0004344116601493068
audio_text_ln_lrh0.001_e5_s44,1904,4,1.35694,2.9537,0.0,0.0004340561677923925
audio_text_ln_lrh0.001_e5_s44,1905,4,1.43471,2.6516,0.0,0.00043370067543547814
audio_text_ln_lrh0.001_e5_s44,1906,4,1.56611,2.1892,0.0,0.0004333451830785638
audio_text_ln_lrh0.001_e5_s44,1907,4,1.59583,3.0697,0.0,0.0004329896907216495
audio_text_ln_lrh0.001_e5_s44,1908,4,1.52833,2.1299,0.0,0.00043263419836473517
audio_text_ln_lrh0.001_e5_s44,1909,4,1.28921,2.2369,0.0,0.0004322787060078208
audio_text_ln_lrh0.001_e5_s44,1910,4,1.2068,2.2618,0.0,0.00043192321365090656
audio_text_ln_lrh0.001_e5_s44,1911,4,1.38338,3.0881,0.0,0.0004315677212939922
audio_text_ln_lrh0.001_e5_s44,1912,4,1.37836,2.4553,0.0,0.00043121222893707784
audio_text_ln_lrh0.001_e5_s44,1913,4,1.44609,2.8343,0.0,0.00043085673658016353
audio_text_ln_lrh0.001_e5_s44,1914,4,1.45312,3.1051,0.0,0.0004305012442232492
audio_text_ln_lrh0.001_e5_s44,1915,4,1.45822,2.5295,0.0,0.00043014575186633487
audio_text_ln_lrh0.001_e5_s44,1916,4,1.21412,2.2375,0.0,0.00042979025950942056
audio_text_ln_lrh0.001_e5_s44,1917,4,1.20281,2.9073,0.0,0.00042943476715250626
audio_text_ln_lrh0.001_e5_s44,1918,4,1.47568,2.0901,0.0,0.0004290792747955919
audio_text_ln_lrh0.001_e5_s44,1919,4,1.19932,2.3097,0.0,0.0004287237824386776
audio_text_ln_lrh0.001_e5_s44,1920,4,1.2064,2.0183,0.0,0.00042836829008176323
audio_text_ln_lrh0.001_e5_s44,1921,4,1.12514,2.0264,0.0,0.0004280127977248489
audio_text_ln_lrh0.001_e5_s44,1922,4,1.29414,2.2135,0.0,0.0004276573053679346
audio_text_ln_lrh0.001_e5_s44,1923,4,1.21482,2.7329,0.0,0.00042730181301102026
audio_text_ln_lrh0.001_e5_s44,1924,4,1.14329,2.3746,0.0,0.00042694632065410596
audio_text_ln_lrh0.001_e5_s44,1925,4,1.40048,2.7811,0.0,0.00042659082829719165
audio_text_ln_lrh0.001_e5_s44,1926,4,1.05217,2.1035,0.0,0.0004262353359402773
audio_text_ln_lrh0.001_e5_s44,1927,4,1.3225,2.3079,0.0,0.00042587984358336293
audio_text_ln_lrh0.001_e5_s44,1928,4,1.05018,2.3928,0.0,0.00042552435122644863
audio_text_ln_lrh0.001_e5_s44,1929,4,1.35315,2.6387,0.0,0.0004251688588695343
audio_text_ln_lrh0.001_e5_s44,1930,4,1.50288,3.4939,0.0,0.00042481336651261996
audio_text_ln_lrh0.001_e5_s44,1931,4,1.79112,3.8944,0.0,0.00042445787415570566
audio_text_ln_lrh0.001_e5_s44,1932,4,1.76749,3.687,0.0,0.00042410238179879135
audio_text_ln_lrh0.001_e5_s44,1933,4,0.98629,2.8786,0.0,0.000423746889441877
audio_text_ln_lrh0.001_e5_s44,1934,4,1.2665,2.3702,0.0,0.00042339139708496263
audio_text_ln_lrh0.001_e5_s44,1935,4,1.16571,2.7109,0.0,0.0004230359047280484
audio_text_ln_lrh0.001_e5_s44,1936,4,1.5165,2.9679,0.0,0.000422680412371134
audio_text_ln_lrh0.001_e5_s44,1937,4,1.74644,3.1195,0.0,0.00042232492001421966
audio_text_ln_lrh0.001_e5_s44,1938,4,1.50992,2.598,0.0,0.0004219694276573054
audio_text_ln_lrh0.001_e5_s44,1939,4,1.33441,2.9523,0.0,0.00042161393530039105
audio_text_ln_lrh0.001_e5_s44,1940,4,1.21524,2.3201,0.0,0.0004212584429434767
audio_text_ln_lrh0.001_e5_s44,1941,4,1.50975,2.6067,0.0,0.0004209029505865624
audio_text_ln_lrh0.001_e5_s44,1942,4,1.34131,2.2905,0.0,0.0004205474582296481
audio_text_ln_lrh0.001_e5_s44,1943,4,1.25704,2.4544,0.0,0.0004201919658727337
audio_text_ln_lrh0.001_e5_s44,1944,4,1.23339,2.6779,0.0,0.0004198364735158194
audio_text_ln_lrh0.001_e5_s44,1945,4,1.67662,3.6853,0.0,0.0004194809811589051
audio_text_ln_lrh0.001_e5_s44,1946,4,1.34902,2.1977,0.0,0.00041912548880199076
audio_text_ln_lrh0.001_e5_s44,1947,4,1.4569,2.7622,0.0,0.00041876999644507645
audio_text_ln_lrh0.001_e5_s44,1948,4,1.13946,2.0912,0.0,0.00041841450408816214
audio_text_ln_lrh0.001_e5_s44,1949,4,1.2729,2.4684,0.0,0.0004180590117312478
audio_text_ln_lrh0.001_e5_s44,1950,4,1.92002,3.1326,0.0,0.0004177035193743335
audio_text_ln_lrh0.001_e5_s44,1951,4,1.27322,2.9198,0.0,0.0004173480270174191
audio_text_ln_lrh0.001_e5_s44,1952,4,1.06172,2.6174,0.0,0.0004169925346605048
audio_text_ln_lrh0.001_e5_s44,1953,4,1.94588,3.0142,0.0,0.0004166370423035905
audio_text_ln_lrh0.001_e5_s44,1954,4,1.31192,2.206,0.0,0.00041628154994667615
audio_text_ln_lrh0.001_e5_s44,1955,4,1.26621,2.4923,0.0,0.00041592605758976185
audio_text_ln_lrh0.001_e5_s44,1956,4,1.38708,2.0616,0.0,0.0004155705652328475
audio_text_ln_lrh0.001_e5_s44,1957,4,1.43048,3.6208,0.0,0.0004152150728759332
audio_text_ln_lrh0.001_e5_s44,1958,4,1.53541,2.5006,0.0,0.0004148595805190188
audio_text_ln_lrh0.001_e5_s44,1959,4,1.47999,2.5069,0.0,0.0004145040881621045
audio_text_ln_lrh0.001_e5_s44,1960,4,1.13987,2.7587,0.0,0.0004141485958051902
audio_text_ln_lrh0.001_e5_s44,1961,4,1.36986,2.17,0.0,0.00041379310344827585
audio_text_ln_lrh0.001_e5_s44,1962,4,1.30505,2.1827,0.0,0.00041343761109136155
audio_text_ln_lrh0.001_e5_s44,1963,4,1.25643,2.3968,0.0,0.00041308211873444724
audio_text_ln_lrh0.001_e5_s44,1964,4,1.12913,2.1703,0.0,0.0004127266263775329
audio_text_ln_lrh0.001_e5_s44,1965,4,0.97166,2.4015,0.0,0.0004123711340206185
audio_text_ln_lrh0.001_e5_s44,1966,4,1.36872,2.5553,0.0,0.00041201564166370427
audio_text_ln_lrh0.001_e5_s44,1967,4,1.46367,2.2637,0.0,0.0004116601493067899
audio_text_ln_lrh0.001_e5_s44,1968,4,1.33835,2.5322,0.0,0.00041130465694987555
audio_text_ln_lrh0.001_e5_s44,1969,4,1.56702,3.7062,0.0,0.0004109491645929613
audio_text_ln_lrh0.001_e5_s44,1970,4,1.61125,2.0833,0.0,0.00041059367223604694
audio_text_ln_lrh0.001_e5_s44,1971,4,1.48409,2.8947,0.0,0.0004102381798791326
audio_text_ln_lrh0.001_e5_s44,1972,4,1.40368,2.7382,0.0,0.0004098826875222183
audio_text_ln_lrh0.001_e5_s44,1973,4,1.19701,2.898,0.0,0.00040952719516530397
audio_text_ln_lrh0.001_e5_s44,1974,4,0.84012,2.7289,0.0,0.0004091717028083896
audio_text_ln_lrh0.001_e5_s44,1975,4,1.2264,2.6108,0.0,0.0004088162104514753
audio_text_ln_lrh0.001_e5_s44,1976,4,1.41012,2.2718,0.0,0.000408460718094561
audio_text_ln_lrh0.001_e5_s44,1977,4,1.19983,2.6248,0.0,0.00040810522573764664
audio_text_ln_lrh0.001_e5_s44,1978,4,1.32113,2.0223,0.0,0.00040774973338073234
audio_text_ln_lrh0.001_e5_s44,1979,4,1.64463,3.3846,0.0,0.000407394241023818
audio_text_ln_lrh0.001_e5_s44,1980,4,1.20311,2.2946,0.0,0.0004070387486669037
audio_text_ln_lrh0.001_e5_s44,1981,4,1.57939,3.2978,0.0,0.00040668325630998937
audio_text_ln_lrh0.001_e5_s44,1982,4,1.50895,2.7581,0.0,0.000406327763953075
audio_text_ln_lrh0.001_e5_s44,1983,4,1.13939,2.3891,0.0,0.0004059722715961607
audio_text_ln_lrh0.001_e5_s44,1984,4,1.42967,2.9605,0.0,0.0004056167792392464
audio_text_ln_lrh0.001_e5_s44,1985,4,1.75983,3.1642,0.0,0.00040526128688233204
audio_text_ln_lrh0.001_e5_s44,1986,4,1.00878,1.7591,0.0,0.0004049057945254177
audio_text_ln_lrh0.001_e5_s44,1987,4,1.17352,2.2905,0.0,0.0004045503021685034
audio_text_ln_lrh0.001_e5_s44,1988,4,1.57941,2.9005,0.0,0.00040419480981158907
audio_text_ln_lrh0.001_e5_s44,1989,4,1.37138,2.2617,0.0,0.0004038393174546747
audio_text_ln_lrh0.001_e5_s44,1990,4,1.25701,2.6226,0.0,0.0004034838250977604
audio_text_ln_lrh0.001_e5_s44,1991,4,1.20858,2.6218,0.0,0.0004031283327408461
audio_text_ln_lrh0.001_e5_s44,1992,4,1.50352,2.5383,0.0,0.00040277284038393174
audio_text_ln_lrh0.001_e5_s44,1993,4,1.45101,2.6555,0.0,0.0004024173480270174
audio_text_ln_lrh0.001_e5_s44,1994,4,1.45585,2.5895,0.0,0.00040206185567010313
audio_text_ln_lrh0.001_e5_s44,1995,4,1.7655,2.4363,0.0,0.00040170636331318877
audio_text_ln_lrh0.001_e5_s44,1996,4,1.03199,3.7239,0.0,0.0004013508709562744
audio_text_ln_lrh0.001_e5_s44,1997,4,1.64944,2.6698,0.0,0.00040099537859936016
audio_text_ln_lrh0.001_e5_s44,1998,4,1.76507,2.9455,0.0,0.0004006398862424458
audio_text_ln_lrh0.001_e5_s44,1999,4,1.76941,2.5979,0.0,0.00040028439388553144
audio_text_ln_lrh0.001_e5_s44,2000,4,1.54192,3.4783,0.0,0.00039992890152861714
audio_text_ln_lrh0.001_e5_s44,2001,4,1.26602,2.0572,0.0,0.00039957340917170283
audio_text_ln_lrh0.001_e5_s44,2002,4,1.32705,1.9702,0.0,0.00039921791681478847
audio_text_ln_lrh0.001_e5_s44,2003,4,1.10541,2.1679,0.0,0.00039886242445787417
audio_text_ln_lrh0.001_e5_s44,2004,4,1.2668,2.8956,0.0,0.00039850693210095986
audio_text_ln_lrh0.001_e5_s44,2005,4,1.33466,2.58,0.0,0.0003981514397440455
audio_text_ln_lrh0.001_e5_s44,2006,4,1.20159,1.9902,0.0,0.0003977959473871312
audio_text_ln_lrh0.001_e5_s44,2007,4,1.60345,2.7293,0.0,0.00039744045503021684
audio_text_ln_lrh0.001_e5_s44,2008,4,1.24975,2.5045,0.0,0.00039708496267330253
audio_text_ln_lrh0.001_e5_s44,2009,4,1.13079,2.3093,0.0,0.00039672947031638823
audio_text_ln_lrh0.001_e5_s44,2010,4,1.64569,2.6866,0.0,0.00039637397795947387
audio_text_ln_lrh0.001_e5_s44,2011,4,1.05655,2.4832,0.0,0.00039601848560255956
audio_text_ln_lrh0.001_e5_s44,2012,4,1.26518,3.0426,0.0,0.00039566299324564526
audio_text_ln_lrh0.001_e5_s44,2013,4,1.16236,2.3454,0.0,0.0003953075008887309
audio_text_ln_lrh0.001_e5_s44,2014,4,1.28285,3.4283,0.0,0.00039495200853181654
audio_text_ln_lrh0.001_e5_s44,2015,4,1.69639,3.0227,0.0,0.00039459651617490223
audio_text_ln_lrh0.001_e5_s44,2016,4,1.25567,3.6965,0.0,0.00039424102381798793
audio_text_ln_lrh0.001_e5_s44,2017,4,1.26491,2.2772,0.0,0.00039388553146107357
audio_text_ln_lrh0.001_e5_s44,2018,4,0.99227,2.0223,0.0,0.00039353003910415926
audio_text_ln_lrh0.001_e5_s44,2019,4,1.14028,2.4328,0.0,0.00039317454674724496
audio_text_ln_lrh0.001_e5_s44,2020,4,1.50537,2.211,0.0,0.0003928190543903306
audio_text_ln_lrh0.001_e5_s44,2021,4,1.51338,2.2916,0.0,0.00039246356203341624
audio_text_ln_lrh0.001_e5_s44,2022,4,1.87273,2.9986,0.0,0.000392108069676502
audio_text_ln_lrh0.001_e5_s44,2023,4,1.58967,2.4473,0.0,0.00039175257731958763
audio_text_ln_lrh0.001_e5_s44,2024,4,1.24399,2.0735,0.0,0.00039139708496267327
audio_text_ln_lrh0.001_e5_s44,2025,4,1.19168,2.8059,0.0,0.000391041592605759
audio_text_ln_lrh0.001_e5_s44,2026,4,1.53473,2.859,0.0,0.00039068610024884466
audio_text_ln_lrh0.001_e5_s44,2027,4,1.19125,2.2513,0.0,0.0003903306078919303
audio_text_ln_lrh0.001_e5_s44,2028,4,1.36107,2.5498,0.0,0.00038997511553501605
audio_text_ln_lrh0.001_e5_s44,2029,4,1.21521,2.8693,0.0,0.0003896196231781017
audio_text_ln_lrh0.001_e5_s44,2030,4,1.64471,2.6704,0.0,0.00038926413082118733
audio_text_ln_lrh0.001_e5_s44,2031,4,1.44074,2.5976,0.0,0.000388908638464273
audio_text_ln_lrh0.001_e5_s44,2032,4,1.34317,2.3133,0.0,0.0003885531461073587
audio_text_ln_lrh0.001_e5_s44,2033,4,1.44355,2.0755,0.0,0.00038819765375044436
audio_text_ln_lrh0.001_e5_s44,2034,4,1.41296,2.4823,0.0,0.00038784216139353006
audio_text_ln_lrh0.001_e5_s44,2035,4,1.2575,2.479,0.0,0.00038748666903661575
audio_text_ln_lrh0.001_e5_s44,2036,4,1.35428,2.3274,0.0,0.0003871311766797014
audio_text_ln_lrh0.001_e5_s44,2037,4,0.95091,2.0769,0.0,0.0003867756843227871
audio_text_ln_lrh0.001_e5_s44,2038,4,1.20126,2.559,0.0,0.0003864201919658727
audio_text_ln_lrh0.001_e5_s44,2039,4,1.30863,2.8929,0.0,0.0003860646996089584
audio_text_ln_lrh0.001_e5_s44,2040,4,1.53521,3.5565,0.0,0.0003857092072520441
audio_text_ln_lrh0.001_e5_s44,2041,4,1.07183,2.4324,0.0,0.00038535371489512976
audio_text_ln_lrh0.001_e5_s44,2042,4,1.64259,2.8815,0.0,0.00038499822253821545
audio_text_ln_lrh0.001_e5_s44,2043,4,1.62279,2.6532,0.0,0.00038464273018130115
audio_text_ln_lrh0.001_e5_s44,2044,4,1.24909,2.5424,0.0,0.0003842872378243868
audio_text_ln_lrh0.001_e5_s44,2045,4,1.16607,2.0187,0.0,0.00038393174546747243
audio_text_ln_lrh0.001_e5_s44,2046,4,1.17308,2.1384,0.0,0.0003835762531105581
audio_text_ln_lrh0.001_e5_s44,2047,4,1.12985,2.9983,0.0,0.0003832207607536438
audio_text_ln_lrh0.001_e5_s44,2048,4,1.37677,2.4622,0.0,0.00038286526839672946
audio_text_ln_lrh0.001_e5_s44,2049,4,1.34166,2.5202,0.0,0.00038250977603981515
audio_text_ln_lrh0.001_e5_s44,2050,4,1.23301,1.9916,0.0,0.00038215428368290085
audio_text_ln_lrh0.001_e5_s44,2051,4,1.64696,2.6598,0.0,0.0003817987913259865
audio_text_ln_lrh0.001_e5_s44,2052,4,1.20701,2.3553,0.0,0.00038144329896907213
audio_text_ln_lrh0.001_e5_s44,2053,4,1.07468,2.3058,0.0,0.0003810878066121579
audio_text_ln_lrh0.001_e5_s44,2054,4,1.84699,4.2969,0.0,0.0003807323142552435
audio_text_ln_lrh0.001_e5_s44,2055,4,1.09299,2.0463,0.0,0.00038037682189832916
audio_text_ln_lrh0.001_e5_s44,2056,4,1.28225,2.3674,0.0,0.0003800213295414149
audio_text_ln_lrh0.001_e5_s44,2057,4,1.04104,2.1177,0.0,0.00037966583718450055
audio_text_ln_lrh0.001_e5_s44,2058,4,1.40355,2.474,0.0,0.0003793103448275862
audio_text_ln_lrh0.001_e5_s44,2059,4,1.3363,2.5731,0.0,0.0003789548524706719
audio_text_ln_lrh0.001_e5_s44,2060,4,1.07625,2.1694,0.0,0.0003785993601137576
audio_text_ln_lrh0.001_e5_s44,2061,4,1.47647,3.0877,0.0,0.0003782438677568432
audio_text_ln_lrh0.001_e5_s44,2062,4,1.40634,2.1503,0.0,0.0003778883753999289
audio_text_ln_lrh0.001_e5_s44,2063,4,1.89882,3.8538,0.0,0.0003775328830430146
audio_text_ln_lrh0.001_e5_s44,2064,4,1.10241,1.8666,0.0,0.00037717739068610025
audio_text_ln_lrh0.001_e5_s44,2065,4,1.0539,2.2581,0.0,0.00037682189832918594
audio_text_ln_lrh0.001_e5_s44,2066,4,1.32694,2.0465,0.0,0.0003764664059722716
audio_text_ln_lrh0.001_e5_s44,2067,4,1.60105,3.0505,0.0,0.0003761109136153573
audio_text_ln_lrh0.001_e5_s44,2068,4,1.31244,2.4643,0.0,0.000375755421258443
audio_text_ln_lrh0.001_e5_s44,2069,4,1.56515,2.537,0.0,0.0003753999289015286
audio_text_ln_lrh0.001_e5_s44,2070,4,1.17143,2.4823,0.0,0.0003750444365446143
audio_text_ln_lrh0.001_e5_s44,2071,4,1.17554,2.734,0.0,0.0003746889441877
audio_text_ln_lrh0.001_e5_s44,2072,4,1.39451,3.3756,0.0,0.00037433345183078564
audio_text_ln_lrh0.001_e5_s44,2073,4,1.38056,2.3868,0.0,0.0003739779594738713
audio_text_ln_lrh0.001_e5_s44,2074,4,1.4009,2.2534,0.0,0.000373622467116957
audio_text_ln_lrh0.001_e5_s44,2075,4,1.23743,2.2589,0.0,0.0003732669747600427
audio_text_ln_lrh0.001_e5_s44,2076,4,1.48194,2.3174,0.0,0.0003729114824031283
audio_text_ln_lrh0.001_e5_s44,2077,4,1.72756,4.0715,0.0,0.000372555990046214
audio_text_ln_lrh0.001_e5_s44,2078,4,1.92219,3.8585,0.0,0.0003722004976892997
audio_text_ln_lrh0.001_e5_s44,2079,4,1.14023,3.3095,0.0,0.00037184500533238535
audio_text_ln_lrh0.001_e5_s44,2080,4,1.44281,2.7118,0.0,0.000371489512975471
audio_text_ln_lrh0.001_e5_s44,2081,4,1.48015,2.5969,0.0,0.00037113402061855674
audio_text_ln_lrh0.001_e5_s44,2082,4,1.36693,3.2733,0.0,0.0003707785282616424
audio_text_ln_lrh0.001_e5_s44,2083,4,1.06224,2.1349,0.0,0.000370423035904728
audio_text_ln_lrh0.001_e5_s44,2084,4,1.45723,2.3599,0.0,0.00037006754354781377
audio_text_ln_lrh0.001_e5_s44,2085,4,1.24426,3.0885,0.0,0.0003697120511908994
audio_text_ln_lrh0.001_e5_s44,2086,4,0.94481,1.8892,0.0,0.00036935655883398505
audio_text_ln_lrh0.001_e5_s44,2087,4,1.37333,2.3853,0.0,0.00036900106647707074
audio_text_ln_lrh0.001_e5_s44,2088,4,1.39812,2.3554,0.0,0.00036864557412015644
audio_text_ln_lrh0.001_e5_s44,2089,4,1.44796,2.7042,0.0,0.0003682900817632421
audio_text_ln_lrh0.001_e5_s44,2090,4,1.25358,2.8245,0.0,0.00036793458940632777
audio_text_ln_lrh0.001_e5_s44,2091,4,1.01436,2.4209,0.0,0.00036757909704941347
audio_text_ln_lrh0.001_e5_s44,2092,4,1.94362,3.3764,0.0,0.0003672236046924991
audio_text_ln_lrh0.001_e5_s44,2093,4,1.0624,3.0609,0.0,0.0003668681123355848
audio_text_ln_lrh0.001_e5_s44,2094,4,1.17347,3.8084,0.0,0.00036651261997867044
audio_text_ln_lrh0.001_e5_s44,2095,4,1.24732,2.5974,0.0,0.00036615712762175614
audio_text_ln_lrh0.001_e5_s44,2096,4,1.36376,2.2576,0.0,0.00036580163526484183
audio_text_ln_lrh0.001_e5_s44,2097,4,1.21754,3.1044,0.0,0.0003654461429079275
audio_text_ln_lrh0.001_e5_s44,2098,4,1.33626,2.9784,0.0,0.00036509065055101317
audio_text_ln_lrh0.001_e5_s44,2099,4,1.64642,2.3985,0.0,0.00036473515819409886
audio_text_ln_lrh0.001_e5_s44,2100,4,1.10236,3.7682,0.0,0.0003643796658371845
audio_text_ln_lrh0.001_e5_s44,2101,4,1.38555,2.2304,0.0,0.00036402417348027014
audio_text_ln_lrh0.001_e5_s44,2102,4,1.09773,2.59,0.0,0.0003636686811233559
audio_text_ln_lrh0.001_e5_s44,2103,4,1.14599,2.0361,0.0,0.00036331318876644153
audio_text_ln_lrh0.001_e5_s44,2104,4,1.48661,2.6717,0.0,0.0003629576964095272
audio_text_ln_lrh0.001_e5_s44,2105,4,1.58163,2.7476,0.0,0.00036260220405261287
audio_text_ln_lrh0.001_e5_s44,2106,4,1.12276,1.9051,0.0,0.00036224671169569856
audio_text_ln_lrh0.001_e5_s44,2107,4,1.57414,3.0607,0.0,0.0003618912193387842
audio_text_ln_lrh0.001_e5_s44,2108,4,1.54863,2.6216,0.0,0.0003615357269818699
audio_text_ln_lrh0.001_e5_s44,2109,4,1.05069,2.0663,0.0,0.0003611802346249556
audio_text_ln_lrh0.001_e5_s44,2110,4,1.30941,2.3878,0.0,0.00036082474226804123
audio_text_ln_lrh0.001_e5_s44,2111,4,1.30562,2.6043,0.0,0.0003604692499111269
audio_text_ln_lrh0.001_e5_s44,2112,4,1.59347,3.3836,0.0,0.0003601137575542126
audio_text_ln_lrh0.001_e5_s44,2113,4,1.18694,2.6269,0.0,0.00035975826519729826
audio_text_ln_lrh0.001_e5_s44,2114,4,1.38081,2.9699,0.0,0.0003594027728403839
audio_text_ln_lrh0.001_e5_s44,2115,4,1.41581,2.6163,0.0,0.00035904728048346965
audio_text_ln_lrh0.001_e5_s44,2116,4,1.8043,3.2979,0.0,0.0003586917881265553
audio_text_ln_lrh0.001_e5_s44,2117,4,1.54493,2.6833,0.0,0.00035833629576964094
audio_text_ln_lrh0.001_e5_s44,2118,4,1.43838,2.4551,0.0,0.00035798080341272663
audio_text_ln_lrh0.001_e5_s44,2119,4,1.46021,2.447,0.0,0.0003576253110558123
audio_text_ln_lrh0.001_e5_s44,2120,4,1.41428,2.3991,0.0,0.00035726981869889797
audio_text_ln_lrh0.001_e5_s44,2121,4,1.68401,3.4445,0.0,0.00035691432634198366
audio_text_ln_lrh0.001_e5_s44,2122,4,0.89831,2.4809,0.0,0.00035655883398506936
audio_text_ln_lrh0.001_e5_s44,2123,4,1.29274,3.0242,0.0,0.000356203341628155
audio_text_ln_lrh0.001_e5_s44,2124,4,1.77516,3.3183,0.0,0.0003558478492712407
audio_text_ln_lrh0.001_e5_s44,2125,4,1.85703,2.9987,0.0,0.00035549235691432633
audio_text_ln_lrh0.001_e5_s44,2126,4,1.13373,2.2107,0.0,0.000355136864557412
audio_text_ln_lrh0.001_e5_s44,2127,4,1.6933,3.0574,0.0,0.0003547813722004977
audio_text_ln_lrh0.001_e5_s44,2128,4,0.97026,3.4219,0.0,0.00035442587984358336
audio_text_ln_lrh0.001_e5_s44,2129,4,1.52329,2.8175,0.0,0.00035407038748666906
audio_text_ln_lrh0.001_e5_s44,2130,4,1.21003,2.7499,0.0,0.00035371489512975475
audio_text_ln_lrh0.001_e5_s44,2131,4,1.49363,2.2074,0.0,0.0003533594027728404
audio_text_ln_lrh0.001_e5_s44,2132,4,1.0727,2.6081,0.0,0.00035300391041592603
audio_text_ln_lrh0.001_e5_s44,2133,4,0.97204,2.0155,0.0,0.0003526484180590118
audio_text_ln_lrh0.001_e5_s44,2134,4,1.15081,3.1561,0.0,0.0003522929257020974
audio_text_ln_lrh0.001_e5_s44,2135,4,1.09279,2.7289,0.0,0.00035193743334518306
audio_text_ln_lrh0.001_e5_s44,2136,4,1.25194,2.0025,0.0,0.00035158194098826876
audio_text_ln_lrh0.001_e5_s44,2137,4,1.66509,3.7494,0.0,0.00035122644863135445
audio_text_ln_lrh0.001_e5_s44,2138,4,1.21931,2.2829,0.0,0.0003508709562744401
audio_text_ln_lrh0.001_e5_s44,2139,4,1.43718,2.6332,0.0,0.00035051546391752573
audio_text_ln_lrh0.001_e5_s44,2140,4,1.50702,2.8846,0.0,0.0003501599715606115
audio_text_ln_lrh0.001_e5_s44,2141,4,1.52989,2.9737,0.0,0.0003498044792036971
audio_text_ln_lrh0.001_e5_s44,2142,4,1.36498,2.8451,0.0,0.00034944898684678276
audio_text_ln_lrh0.001_e5_s44,2143,4,1.39214,2.588,0.0,0.0003490934944898685
audio_text_ln_lrh0.001_e5_s44,2144,4,1.54953,2.7768,0.0,0.00034873800213295415
audio_text_ln_lrh0.001_e5_s44,2145,4,1.49617,3.3156,0.0,0.0003483825097760398
audio_text_ln_lrh0.001_e5_s44,2146,4,1.50033,2.6474,0.0,0.0003480270174191255
audio_text_ln_lrh0.001_e5_s44,2147,4,1.49484,2.6202,0.0,0.0003476715250622112
audio_text_ln_lrh0.001_e5_s44,2148,4,0.85918,2.1952,0.0,0.0003473160327052968
audio_text_ln_lrh0.001_e5_s44,2149,4,1.37031,2.3379,0.0,0.0003469605403483825
audio_text_ln_lrh0.001_e5_s44,2150,4,1.37258,2.1699,0.0,0.0003466050479914682
audio_text_ln_lrh0.001_e5_s44,2151,4,1.34022,2.2843,0.0,0.00034624955563455385
audio_text_ln_lrh0.001_e5_s44,2152,4,0.98699,1.9056,0.0,0.00034589406327763955
audio_text_ln_lrh0.001_e5_s44,2153,4,1.4444,2.1609,0.0,0.0003455385709207252
audio_text_ln_lrh0.001_e5_s44,2154,4,1.34053,2.2612,0.0,0.0003451830785638109
audio_text_ln_lrh0.001_e5_s44,2155,4,1.72438,2.7191,0.0,0.0003448275862068966
audio_text_ln_lrh0.001_e5_s44,2156,4,0.886,2.9552,0.0,0.0003444720938499822
audio_text_ln_lrh0.001_e5_s44,2157,4,1.38696,2.2869,0.0,0.0003441166014930679
audio_text_ln_lrh0.001_e5_s44,2158,4,1.64849,2.6228,0.0,0.0003437611091361536
audio_text_ln_lrh0.001_e5_s44,2159,4,1.30193,2.8108,0.0,0.00034340561677923925
audio_text_ln_lrh0.001_e5_s44,2160,4,1.25146,2.9524,0.0,0.0003430501244223249
audio_text_ln_lrh0.001_e5_s44,2161,4,1.43679,2.8369,0.0,0.00034269463206541064
audio_text_ln_lrh0.001_e5_s44,2162,4,1.47287,2.5206,0.0,0.0003423391397084963
audio_text_ln_lrh0.001_e5_s44,2163,4,1.26834,2.1761,0.0,0.0003419836473515819
audio_text_ln_lrh0.001_e5_s44,2164,4,1.23584,2.4812,0.0,0.0003416281549946676
audio_text_ln_lrh0.001_e5_s44,2165,4,0.99633,2.3447,0.0,0.0003412726626377533
audio_text_ln_lrh0.001_e5_s44,2166,4,1.50429,2.5445,0.0,0.00034091717028083895
audio_text_ln_lrh0.001_e5_s44,2167,4,1.31915,2.1841,0.0,0.0003405616779239246
audio_text_ln_lrh0.001_e5_s44,2168,4,1.18797,2.1117,0.0,0.00034020618556701034
audio_text_ln_lrh0.001_e5_s44,2169,4,1.87552,3.4145,0.0,0.000339850693210096
audio_text_ln_lrh0.001_e5_s44,2170,4,1.27405,2.2425,0.0,0.0003394952008531816
audio_text_ln_lrh0.001_e5_s44,2171,4,1.50686,2.5722,0.0,0.00033913970849626737
audio_text_ln_lrh0.001_e5_s44,2172,4,1.5188,2.7038,0.0,0.000338784216139353
audio_text_ln_lrh0.001_e5_s44,2173,4,0.90241,2.6838,0.0,0.00033842872378243865
audio_text_ln_lrh0.001_e5_s44,2174,4,0.82505,2.1247,0.0,0.0003380732314255244
audio_text_ln_lrh0.001_e5_s44,2175,4,1.1226,2.1943,0.0,0.00033771773906861004
audio_text_ln_lrh0.001_e5_s44,2176,4,0.96261,2.5624,0.0,0.0003373622467116957
audio_text_ln_lrh0.001_e5_s44,2177,4,1.5445,2.8466,0.0,0.0003370067543547814
audio_text_ln_lrh0.001_e5_s44,2178,4,2.08884,3.3975,0.0,0.00033665126199786707
audio_text_ln_lrh0.001_e5_s44,2179,4,1.10301,2.1252,0.0,0.0003362957696409527
audio_text_ln_lrh0.001_e5_s44,2180,4,0.95958,1.9426,0.0,0.0003359402772840384
audio_text_ln_lrh0.001_e5_s44,2181,4,0.91167,1.9556,0.0,0.0003355847849271241
audio_text_ln_lrh0.001_e5_s44,2182,4,1.56762,2.2456,0.0,0.00033522929257020974
audio_text_ln_lrh0.001_e5_s44,2183,4,0.80357,2.0025,0.0,0.00033487380021329544
audio_text_ln_lrh0.001_e5_s44,2184,4,1.50009,2.1964,0.0,0.0003345183078563811
audio_text_ln_lrh0.001_e5_s44,2185,4,0.90005,3.2399,0.0,0.0003341628154994668
audio_text_ln_lrh0.001_e5_s44,2186,4,1.07397,2.2862,0.0,0.00033380732314255247
audio_text_ln_lrh0.001_e5_s44,2187,4,1.60352,2.8542,0.0,0.0003334518307856381
audio_text_ln_lrh0.001_e5_s44,2188,4,1.83036,3.3477,0.0,0.0003330963384287238
audio_text_ln_lrh0.001_e5_s44,2189,4,1.30335,2.362,0.0,0.0003327408460718095
audio_text_ln_lrh0.001_e5_s44,2190,4,1.22632,2.4887,0.0,0.00033238535371489514
audio_text_ln_lrh0.001_e5_s44,2191,4,1.29363,2.373,0.0,0.0003320298613579808
audio_text_ln_lrh0.001_e5_s44,2192,4,1.66824,3.1813,0.0,0.00033167436900106653
audio_text_ln_lrh0.001_e5_s44,2193,4,1.4759,2.259,0.0,0.00033131887664415217
audio_text_ln_lrh0.001_e5_s44,2194,4,1.37229,2.4247,0.0,0.0003309633842872378
audio_text_ln_lrh0.001_e5_s44,2195,4,1.36908,2.4678,0.0,0.0003306078919303235
audio_text_ln_lrh0.001_e5_s44,2196,4,1.70258,2.7464,0.0,0.0003302523995734092
audio_text_ln_lrh0.001_e5_s44,2197,4,0.88557,2.1733,0.0,0.00032989690721649484
audio_text_ln_lrh0.001_e5_s44,2198,4,1.34685,2.0945,0.0,0.0003295414148595805
audio_text_ln_lrh0.001_e5_s44,2199,4,1.08522,2.2048,0.0,0.00032918592250266623
audio_text_ln_lrh0.001_e5_s44,2200,4,1.05312,2.9465,0.0,0.00032883043014575187
audio_text_ln_lrh0.001_e5_s44,2201,4,1.90121,3.9417,0.0,0.0003284749377888375
audio_text_ln_lrh0.001_e5_s44,2202,4,1.50908,3.1467,0.0,0.00032811944543192326
audio_text_ln_lrh0.001_e5_s44,2203,4,1.14302,2.0747,0.0,0.0003277639530750089
audio_text_ln_lrh0.001_e5_s44,2204,4,1.57303,2.6628,0.0,0.00032740846071809454
audio_text_ln_lrh0.001_e5_s44,2205,4,1.19486,2.0562,0.0,0.00032705296836118024
audio_text_ln_lrh0.001_e5_s44,2206,4,1.57687,3.0319,0.0,0.00032669747600426593
audio_text_ln_lrh0.001_e5_s44,2207,4,1.30535,2.6629,0.0,0.00032634198364735157
audio_text_ln_lrh0.001_e5_s44,2208,4,0.97641,2.1029,0.0,0.00032598649129043727
audio_text_ln_lrh0.001_e5_s44,2209,4,1.2398,2.6405,0.0,0.00032563099893352296
audio_text_ln_lrh0.001_e5_s44,2210,4,1.43218,3.5569,0.0,0.0003252755065766086
audio_text_ln_lrh0.001_e5_s44,2211,4,1.34574,2.9468,0.0,0.0003249200142196943
audio_text_ln_lrh0.001_e5_s44,2212,4,1.3412,2.1594,0.0,0.00032456452186277994
audio_text_ln_lrh0.001_e5_s44,2213,4,1.62829,3.7351,0.0,0.00032420902950586563
audio_text_ln_lrh0.001_e5_s44,2214,4,1.31375,2.5785,0.0,0.0003238535371489513
audio_text_ln_lrh0.001_e5_s44,2215,4,0.98332,2.9431,0.0,0.00032349804479203697
audio_text_ln_lrh0.001_e5_s44,2216,4,1.35715,2.0319,0.0,0.00032314255243512266
audio_text_ln_lrh0.001_e5_s44,2217,4,1.24593,2.9928,0.0,0.00032278706007820836
audio_text_ln_lrh0.001_e5_s44,2218,4,1.31677,2.3578,0.0,0.000322431567721294
audio_text_ln_lrh0.001_e5_s44,2219,4,1.47258,2.3768,0.0,0.00032207607536437964
audio_text_ln_lrh0.001_e5_s44,2220,4,1.40831,2.0685,0.0,0.0003217205830074654
audio_text_ln_lrh0.001_e5_s44,2221,4,1.07902,2.3377,0.0,0.00032136509065055103
audio_text_ln_lrh0.001_e5_s44,2222,4,1.07008,2.2935,0.0,0.00032100959829363667
audio_text_ln_lrh0.001_e5_s44,2223,4,0.95863,2.4965,0.0,0.00032065410593672236
audio_text_ln_lrh0.001_e5_s44,2224,4,1.32327,2.4499,0.0,0.00032029861357980806
audio_text_ln_lrh0.001_e5_s44,2225,4,0.98211,2.5951,0.0,0.0003199431212228937
audio_text_ln_lrh0.001_e5_s44,2226,4,0.94589,3.1057,0.0,0.00031958762886597934
audio_text_ln_lrh0.001_e5_s44,2227,4,1.22,2.2695,0.0,0.0003192321365090651
audio_text_ln_lrh0.001_e5_s44,2228,4,1.40307,2.3833,0.0,0.00031887664415215073
audio_text_ln_lrh0.001_e5_s44,2229,4,1.27024,2.1638,0.0,0.00031852115179523637
audio_text_ln_lrh0.001_e5_s44,2230,4,1.55984,3.0886,0.0,0.0003181656594383221
audio_text_ln_lrh0.001_e5_s44,2231,4,1.16825,2.4053,0.0,0.00031781016708140776
audio_text_ln_lrh0.001_e5_s44,2232,4,1.03878,2.4752,0.0,0.0003174546747244934
audio_text_ln_lrh0.001_e5_s44,2233,4,1.08932,2.7391,0.0,0.0003170991823675791
audio_text_ln_lrh0.001_e5_s44,2234,4,1.67674,4.3686,0.0,0.0003167436900106648
audio_text_ln_lrh0.001_e5_s44,2235,4,1.52938,2.8401,0.0,0.00031638819765375043
audio_text_ln_lrh0.001_e5_s44,2236,4,1.30165,2.3874,0.0,0.0003160327052968361
audio_text_ln_lrh0.001_e5_s44,2237,4,1.11744,2.3178,0.0,0.0003156772129399218
audio_text_ln_lrh0.001_e5_s44,2238,4,1.41012,2.8749,0.0,0.00031532172058300746
audio_text_ln_lrh0.001_e5_s44,2239,4,1.15868,4.2667,0.0,0.00031496622822609315
audio_text_ln_lrh0.001_e5_s44,2240,4,1.29334,2.1415,0.0,0.0003146107358691788
audio_text_ln_lrh0.001_e5_s44,2241,4,1.3423,2.6948,0.0,0.0003142552435122645
audio_text_ln_lrh0.001_e5_s44,2242,4,1.33601,3.9803,0.0,0.0003138997511553502
audio_text_ln_lrh0.001_e5_s44,2243,4,1.11541,2.4492,0.0,0.0003135442587984358
audio_text_ln_lrh0.001_e5_s44,2244,4,1.2132,2.7376,0.0,0.0003131887664415215
audio_text_ln_lrh0.001_e5_s44,2245,4,1.45377,2.3951,0.0,0.0003128332740846072
audio_text_ln_lrh0.001_e5_s44,2246,4,1.28272,2.2932,0.0,0.00031247778172769286
audio_text_ln_lrh0.001_e5_s44,2247,4,1.41592,2.5235,0.0,0.0003121222893707785
audio_text_ln_lrh0.001_e5_s44,2248,4,1.06525,2.6638,0.0,0.00031176679701386425
audio_text_ln_lrh0.001_e5_s44,2249,4,1.68143,3.1771,0.0,0.0003114113046569499
audio_text_ln_lrh0.001_e5_s44,2250,4,1.00257,2.7125,0.0,0.0003110558123000355
audio_text_ln_lrh0.001_e5_s44,2251,4,1.40182,2.6031,0.0,0.0003107003199431213
audio_text_ln_lrh0.001_e5_s44,2252,4,1.49041,4.0302,0.0,0.0003103448275862069
audio_text_ln_lrh0.001_e5_s44,2253,4,1.06687,2.0908,0.0,0.00030998933522929256
audio_text_ln_lrh0.001_e5_s44,2254,4,1.33431,2.7446,0.0,0.0003096338428723782
audio_text_ln_lrh0.001_e5_s44,2255,4,1.70048,2.806,0.0,0.00030927835051546395
audio_text_ln_lrh0.001_e5_s44,2256,4,1.95067,3.449,0.0,0.0003089228581585496
audio_text_ln_lrh0.001_e5_s44,2257,4,1.01581,2.466,0.0,0.00030856736580163523
audio_text_ln_lrh0.001_e5_s44,2258,4,1.59223,2.2965,0.0,0.000308211873444721
audio_text_ln_lrh0.001_e5_s44,2259,4,1.4344,2.2584,0.0,0.0003078563810878066
audio_text_ln_lrh0.001_e5_s44,2260,4,1.38424,2.4405,0.0,0.00030750088873089226
audio_text_ln_lrh0.001_e5_s44,2261,4,0.99741,2.0033,0.0,0.000307145396373978
audio_text_ln_lrh0.001_e5_s44,2262,4,1.46127,2.8842,0.0,0.00030678990401706365
audio_text_ln_lrh0.001_e5_s44,2263,4,1.72338,4.2252,0.0,0.0003064344116601493
audio_text_ln_lrh0.001_e5_s44,2264,4,1.40492,2.9322,0.0,0.000306078919303235
audio_text_ln_lrh0.001_e5_s44,2265,4,1.50254,2.4858,0.0,0.0003057234269463207
audio_text_ln_lrh0.001_e5_s44,2266,4,1.25723,3.0753,0.0,0.0003053679345894063
audio_text_ln_lrh0.001_e5_s44,2267,4,1.38802,2.373,0.0,0.000305012442232492
audio_text_ln_lrh0.001_e5_s44,2268,4,1.45854,2.0903,0.0,0.0003046569498755777
audio_text_ln_lrh0.001_e5_s44,2269,4,1.60769,2.6769,0.0,0.00030430145751866335
audio_text_ln_lrh0.001_e5_s44,2270,4,1.60941,2.8073,0.0,0.00030394596516174904
audio_text_ln_lrh0.001_e5_s44,2271,4,1.17297,2.6771,0.0,0.0003035904728048347
audio_text_ln_lrh0.001_e5_s44,2272,4,1.27717,2.5013,0.0,0.0003032349804479204
audio_text_ln_lrh0.001_e5_s44,2273,4,1.1996,2.5976,0.0,0.0003028794880910061
audio_text_ln_lrh0.001_e5_s44,2274,4,1.44778,2.5513,0.0,0.0003025239957340917
audio_text_ln_lrh0.001_e5_s44,2275,4,1.32111,3.0702,0.0,0.0003021685033771774
audio_text_ln_lrh0.001_e5_s44,2276,4,1.51066,3.2845,0.0,0.0003018130110202631
audio_text_ln_lrh0.001_e5_s44,2277,4,1.37967,2.9896,0.0,0.00030145751866334874
audio_text_ln_lrh0.001_e5_s44,2278,4,1.29228,2.5031,0.0,0.0003011020263064344
audio_text_ln_lrh0.001_e5_s44,2279,4,1.3865,2.9154,0.0,0.00030074653394952013
audio_text_ln_lrh0.001_e5_s44,2280,4,1.46594,2.8733,0.0,0.0003003910415926058
audio_text_ln_lrh0.001_e5_s44,2281,4,1.68292,3.8556,0.0,0.0003000355492356914
audio_text_ln_lrh0.001_e5_s44,2282,4,1.28399,2.2272,0.0,0.0002996800568787771
audio_text_ln_lrh0.001_e5_s44,2283,4,1.84284,3.2994,0.0,0.0002993245645218628
audio_text_ln_lrh0.001_e5_s44,2284,4,1.49397,2.1221,0.0,0.00029896907216494845
audio_text_ln_lrh0.001_e5_s44,2285,4,1.28129,2.8179,0.0,0.0002986135798080341
audio_text_ln_lrh0.001_e5_s44,2286,4,1.27171,2.7106,0.0,0.00029825808745111983
audio_text_ln_lrh0.001_e5_s44,2287,4,1.2467,2.4437,0.0,0.0002979025950942055
audio_text_ln_lrh0.001_e5_s44,2288,4,1.41763,2.6066,0.0,0.0002975471027372911
audio_text_ln_lrh0.001_e5_s44,2289,4,1.48755,3.3314,0.0,0.00029719161038037687
audio_text_ln_lrh0.001_e5_s44,2290,4,1.5528,2.5391,0.0,0.0002968361180234625
audio_text_ln_lrh0.001_e5_s44,2291,4,1.16432,2.254,0.0,0.00029648062566654815
audio_text_ln_lrh0.001_e5_s44,2292,4,1.49778,2.4394,0.0,0.00029612513330963384
audio_text_ln_lrh0.001_e5_s44,2293,4,1.51582,2.6325,0.0,0.00029576964095271954
audio_text_ln_lrh0.001_e5_s44,2294,4,1.19385,2.1718,0.0,0.0002954141485958052
audio_text_ln_lrh0.001_e5_s44,2295,4,0.97813,3.8128,0.0,0.00029505865623889087
audio_text_ln_lrh0.001_e5_s44,2296,4,1.95459,3.7126,0.0,0.00029470316388197657
audio_text_ln_lrh0.001_e5_s44,2297,4,1.06979,1.9062,0.0,0.0002943476715250622
audio_text_ln_lrh0.001_e5_s44,2298,4,1.30847,2.3119,0.0,0.0002939921791681479
audio_text_ln_lrh0.001_e5_s44,2299,4,1.06765,2.5777,0.0,0.00029363668681123354
audio_text_ln_lrh0.001_e5_s44,2300,4,1.60873,3.4667,0.0,0.00029328119445431924
audio_text_ln_lrh0.001_e5_s44,2301,4,1.65609,2.7913,0.0,0.00029292570209740493
audio_text_ln_lrh0.001_e5_s44,2302,4,1.54055,2.5797,0.0,0.00029257020974049057
audio_text_ln_lrh0.001_e5_s44,2303,4,1.2719,2.1507,0.0,0.00029221471738357627
audio_text_ln_lrh0.001_e5_s44,2304,4,1.03257,2.6004,0.0,0.00029185922502666196
audio_text_ln_lrh0.001_e5_s44,2305,4,1.98539,3.4433,0.0,0.0002915037326697476
audio_text_ln_lrh0.001_e5_s44,2306,4,1.49037,2.7629,0.0,0.00029114824031283324
audio_text_ln_lrh0.001_e5_s44,2307,4,0.97058,2.4463,0.0,0.000290792747955919
audio_text_ln_lrh0.001_e5_s44,2308,4,0.96546,2.5919,0.0,0.00029043725559900463
audio_text_ln_lrh0.001_e5_s44,2309,4,1.69128,3.1434,0.0,0.0002900817632420903
audio_text_ln_lrh0.001_e5_s44,2310,4,1.13032,1.9888,0.0,0.000289726270885176
audio_text_ln_lrh0.001_e5_s44,2311,4,1.13272,2.6138,0.0,0.00028937077852826166
audio_text_ln_lrh0.001_e5_s44,2312,4,1.7078,2.9182,0.0,0.0002890152861713473
audio_text_ln_lrh0.001_e5_s44,2313,4,1.15458,2.1707,0.0,0.00028865979381443294
audio_text_ln_lrh0.001_e5_s44,2314,4,1.37602,2.4116,0.0,0.0002883043014575187
audio_text_ln_lrh0.001_e5_s44,2315,4,1.48869,3.259,0.0,0.00028794880910060433
audio_text_ln_lrh0.001_e5_s44,2316,4,1.38468,3.0335,0.0,0.00028759331674369
audio_text_ln_lrh0.001_e5_s44,2317,4,1.38564,2.2527,0.0,0.0002872378243867757
audio_text_ln_lrh0.001_e5_s44,2318,4,1.4574,2.3124,0.0,0.00028688233202986136
audio_text_ln_lrh0.001_e5_s44,2319,4,1.71245,4.3115,0.0,0.000286526839672947
audio_text_ln_lrh0.001_e5_s44,2320,4,1.1882,3.2816,0.0,0.0002861713473160327
audio_text_ln_lrh0.001_e5_s44,2321,4,1.50915,2.4672,0.0,0.0002858158549591184
audio_text_ln_lrh0.001_e5_s44,2322,4,1.33385,2.2694,0.0,0.00028546036260220403
audio_text_ln_lrh0.001_e5_s44,2323,4,1.36959,2.4726,0.0,0.00028510487024528973
audio_text_ln_lrh0.001_e5_s44,2324,4,1.67995,2.2518,0.0,0.0002847493778883754
audio_text_ln_lrh0.001_e5_s44,2325,4,1.24423,2.743,0.0,0.00028439388553146107
audio_text_ln_lrh0.001_e5_s44,2326,4,1.0981,2.4655,0.0,0.00028403839317454676
audio_text_ln_lrh0.001_e5_s44,2327,4,1.50911,2.6145,0.0,0.00028368290081763245
audio_text_ln_lrh0.001_e5_s44,2328,4,1.41815,3.1042,0.0,0.0002833274084607181
audio_text_ln_lrh0.001_e5_s44,2329,4,2.08855,3.7116,0.0,0.0002829719161038038
audio_text_ln_lrh0.001_e5_s44,2330,4,1.08496,2.0974,0.0,0.00028261642374688943
audio_text_ln_lrh0.001_e5_s44,2331,4,1.11126,2.6664,0.0,0.0002822609313899751
audio_text_ln_lrh0.001_e5_s44,2332,4,1.62215,2.6314,0.0,0.0002819054390330608
audio_text_ln_lrh0.001_e5_s44,2333,4,1.78094,3.6233,0.0,0.00028154994667614646
audio_text_ln_lrh0.001_e5_s44,2334,4,1.43583,2.4622,0.0,0.00028119445431923216
audio_text_ln_lrh0.001_e5_s44,2335,4,1.05034,3.3893,0.0,0.00028083896196231785
audio_text_ln_lrh0.001_e5_s44,2336,4,1.35634,2.8809,0.0,0.0002804834696054035
audio_text_ln_lrh0.001_e5_s44,2337,4,1.19458,2.0617,0.0,0.00028012797724848913
audio_text_ln_lrh0.001_e5_s44,2338,4,1.19254,2.2693,0.0,0.0002797724848915749
audio_text_ln_lrh0.001_e5_s44,2339,4,1.3041,2.4188,0.0,0.0002794169925346605
audio_text_ln_lrh0.001_e5_s44,2340,4,1.17888,2.7808,0.0,0.00027906150017774616
audio_text_ln_lrh0.001_e5_s44,2341,4,1.3395,2.0434,0.0,0.00027870600782083186
audio_text_ln_lrh0.001_e5_s44,2342,4,1.26646,1.7991,0.0,0.00027835051546391755
audio_text_ln_lrh0.001_e5_s44,2343,4,1.15161,2.0184,0.0,0.0002779950231070032
audio_text_ln_lrh0.001_e5_s44,2344,4,1.51098,2.2981,0.0,0.00027763953075008883
audio_text_ln_lrh0.001_e5_s44,2345,4,1.17237,2.1878,0.0,0.0002772840383931746
audio_text_ln_lrh0.001_e5_s44,2346,4,1.73304,2.9065,0.0,0.0002769285460362602
audio_text_ln_lrh0.001_e5_s44,2347,4,1.31742,2.9667,0.0,0.00027657305367934586
audio_text_ln_lrh0.001_e5_s44,2348,4,1.75133,2.8676,0.0,0.0002762175613224316
audio_text_ln_lrh0.001_e5_s44,2349,4,1.55145,2.4116,0.0,0.00027586206896551725
audio_text_ln_lrh0.001_e5_s44,2350,4,1.41557,2.5277,0.0,0.0002755065766086029
audio_text_ln_lrh0.001_e5_s44,2351,4,1.21615,2.6229,0.0,0.0002751510842516886
audio_text_ln_lrh0.001_e5_s44,2352,4,0.94736,2.3033,0.0,0.0002747955918947743
audio_text_ln_lrh0.001_e5_s44,2353,4,1.74599,3.5482,0.0,0.0002744400995378599
audio_text_ln_lrh0.001_e5_s44,2354,4,1.57773,2.5264,0.0,0.0002740846071809456
audio_text_ln_lrh0.001_e5_s44,2355,4,1.31438,2.2173,0.0,0.0002737291148240313
audio_text_ln_lrh0.001_e5_s44,2356,4,1.13484,2.0785,0.0,0.00027337362246711695
audio_text_ln_lrh0.001_e5_s44,2357,4,1.319,2.0853,0.0,0.00027301813011020265
audio_text_ln_lrh0.001_e5_s44,2358,4,0.98751,2.7687,0.0,0.0002726626377532883
audio_text_ln_lrh0.001_e5_s44,2359,4,1.55919,2.5679,0.0,0.000272307145396374
audio_text_ln_lrh0.001_e5_s44,2360,4,1.33613,2.0959,0.0,0.0002719516530394597
audio_text_ln_lrh0.001_e5_s44,2361,4,1.4965,3.0154,0.0,0.0002715961606825453
audio_text_ln_lrh0.001_e5_s44,2362,4,1.62885,2.755,0.0,0.000271240668325631
audio_text_ln_lrh0.001_e5_s44,2363,4,1.29273,2.2944,0.0,0.0002708851759687167
audio_text_ln_lrh0.001_e5_s44,2364,4,1.04068,2.2069,0.0,0.00027052968361180235
audio_text_ln_lrh0.001_e5_s44,2365,4,2.07874,3.3543,0.0,0.000270174191254888
audio_text_ln_lrh0.001_e5_s44,2366,4,1.453,2.6645,0.0,0.00026981869889797374
audio_text_ln_lrh0.001_e5_s44,2367,4,1.52587,2.339,0.0,0.0002694632065410594
audio_text_ln_lrh0.001_e5_s44,2368,4,1.36724,2.2966,0.0,0.000269107714184145
audio_text_ln_lrh0.001_e5_s44,2369,4,1.35456,2.0699,0.0,0.00026875222182723077
audio_text_ln_lrh0.001_e5_s44,2370,4,1.47145,2.9583,0.0,0.0002683967294703164
audio_text_ln_lrh0.001_e5_s44,2371,4,1.65899,2.6092,0.0,0.00026804123711340205
audio_text_ln_lrh0.001_e5_s44,2372,4,1.32742,2.2505,0.0,0.0002676857447564877
audio_text_ln_lrh0.001_e5_s44,2373,4,1.11146,2.0727,0.0,0.00026733025239957344
audio_text_ln_lrh0.001_e5_s44,2374,4,1.77453,3.5792,0.0,0.0002669747600426591
audio_text_ln_lrh0.001_e5_s44,2375,4,1.02097,2.4341,0.0,0.0002666192676857447
audio_text_ln_lrh0.001_e5_s44,2376,4,0.88251,2.1257,0.0,0.00026626377532883047
audio_text_ln_lrh0.001_e5_s44,2377,4,1.18496,2.055,0.0,0.0002659082829719161
audio_text_ln_lrh0.001_e5_s44,2378,4,1.14984,2.8283,0.0,0.00026555279061500175
audio_text_ln_lrh0.001_e5_s44,2379,4,1.12911,2.0141,0.0,0.00026519729825808745
audio_text_ln_lrh0.001_e5_s44,2380,4,1.24698,2.6395,0.0,0.00026484180590117314
audio_text_ln_lrh0.001_e5_s44,2381,4,1.39299,2.462,0.0,0.0002644863135442588
audio_text_ln_lrh0.001_e5_s44,2382,4,0.97216,2.8093,0.0,0.0002641308211873445
audio_text_ln_lrh0.001_e5_s44,2383,4,1.67852,3.1508,0.0,0.00026377532883043017
audio_text_ln_lrh0.001_e5_s44,2384,4,0.9136,3.0618,0.0,0.0002634198364735158
audio_text_ln_lrh0.001_e5_s44,2385,4,1.25571,2.2816,0.0,0.0002630643441166015
audio_text_ln_lrh0.001_e5_s44,2386,4,1.2515,2.109,0.0,0.00026270885175968715
audio_text_ln_lrh0.001_e5_s44,2387,4,1.14988,1.975,0.0,0.00026235335940277284
audio_text_ln_lrh0.001_e5_s44,2388,4,1.22123,2.2249,0.0,0.00026199786704585854
audio_text_ln_lrh0.001_e5_s44,2389,4,0.91998,1.7729,0.0,0.0002616423746889442
audio_text_ln_lrh0.001_e5_s44,2390,4,1.05273,1.6749,0.0,0.00026128688233202987
audio_text_ln_lrh0.001_e5_s44,2391,4,0.98189,2.0011,0.0,0.00026093138997511557
audio_text_ln_lrh0.001_e5_s44,2392,4,1.29589,2.6745,0.0,0.0002605758976182012
audio_text_ln_lrh0.001_e5_s44,2393,4,1.4852,2.7028,0.0,0.00026022040526128685
audio_text_ln_lrh0.001_e5_s44,2394,4,1.04998,2.1272,0.0,0.0002598649129043726
audio_text_ln_lrh0.001_e5_s44,2395,4,1.74984,4.0504,0.0,0.00025950942054745824
audio_text_ln_lrh0.001_e5_s44,2396,4,1.32278,3.0561,0.0,0.0002591539281905439
audio_text_ln_lrh0.001_e5_s44,2397,4,1.69307,3.6497,0.0,0.00025879843583362963
audio_text_ln_lrh0.001_e5_s44,2398,4,1.42146,2.9528,0.0,0.00025844294347671527
audio_text_ln_lrh0.001_e5_s44,2399,4,0.84983,2.4226,0.0,0.0002580874511198009
audio_text_ln_lrh0.001_e5_s44,2400,4,1.27803,2.7572,0.0,0.00025773195876288655
audio_text_ln_lrh0.001_e5_s44,2401,4,0.96299,3.0171,0.0,0.0002573764664059723
audio_text_ln_lrh0.001_e5_s44,2402,4,1.57555,2.9276,0.0,0.00025702097404905794
audio_text_ln_lrh0.001_e5_s44,2403,4,1.42412,3.1631,0.0,0.0002566654816921436
audio_text_ln_lrh0.001_e5_s44,2404,4,1.23812,2.6884,0.0,0.00025630998933522933
audio_text_ln_lrh0.001_e5_s44,2405,4,1.1048,2.4154,0.0,0.00025595449697831497
audio_text_ln_lrh0.001_e5_s44,2406,4,1.38198,2.5281,0.0,0.0002555990046214006
audio_text_ln_lrh0.001_e5_s44,2407,4,1.45388,2.9534,0.0,0.00025524351226448636
audio_text_ln_lrh0.001_e5_s44,2408,4,1.27491,2.1931,0.0,0.000254888019907572
audio_text_ln_lrh0.001_e5_s44,2409,4,1.31836,3.0821,0.0,0.00025453252755065764
audio_text_ln_lrh0.001_e5_s44,2410,4,1.49429,3.1689,0.0,0.00025417703519374334
audio_text_ln_lrh0.001_e5_s44,2411,4,0.88999,2.3978,0.0,0.00025382154283682903
audio_text_ln_lrh0.001_e5_s44,2412,4,1.42274,3.0636,0.0,0.00025346605047991467
audio_text_ln_lrh0.001_e5_s44,2413,4,1.29258,3.4306,0.0,0.00025311055812300037
audio_text_ln_lrh0.001_e5_s44,2414,4,1.5155,3.0487,0.0,0.00025275506576608606
audio_text_ln_lrh0.001_e5_s44,2415,4,1.36692,2.4222,0.0,0.0002523995734091717
audio_text_ln_lrh0.001_e5_s44,2416,4,1.06977,2.9448,0.0,0.0002520440810522574
audio_text_ln_lrh0.001_e5_s44,2417,4,1.22008,2.2263,0.0,0.00025168858869534304
audio_text_ln_lrh0.001_e5_s44,2418,4,1.07639,2.7278,0.0,0.00025133309633842873
audio_text_ln_lrh0.001_e5_s44,2419,4,1.48859,2.9489,0.0,0.0002509776039815144
audio_text_ln_lrh0.001_e5_s44,2420,4,1.18041,2.703,0.0,0.00025062211162460007
audio_text_ln_lrh0.001_e5_s44,2421,4,1.70742,2.798,0.0,0.00025026661926768576
audio_text_ln_lrh0.001_e5_s44,2422,4,1.60781,3.0273,0.0,0.0002499111269107714
audio_text_ln_lrh0.001_e5_s44,2423,4,1.39299,3.7976,0.0,0.0002495556345538571
audio_text_ln_lrh0.001_e5_s44,2424,4,1.42773,2.2443,0.0,0.00024920014219694274
audio_text_ln_lrh0.001_e5_s44,2425,4,1.00906,2.3772,0.0,0.00024884464984002843
audio_text_ln_lrh0.001_e5_s44,2426,4,1.10976,1.9968,0.0,0.0002484891574831141
audio_text_ln_lrh0.001_e5_s44,2427,4,1.29053,2.7102,0.0,0.00024813366512619977
audio_text_ln_lrh0.001_e5_s44,2428,4,1.32846,2.4867,0.0,0.00024777817276928546
audio_text_ln_lrh0.001_e5_s44,2429,4,0.95008,2.2634,0.0,0.00024742268041237116
audio_text_ln_lrh0.001_e5_s44,2430,4,1.06253,1.9424,0.0,0.0002470671880554568
audio_text_ln_lrh0.001_e5_s44,2431,4,1.85837,3.535,0.0,0.0002467116956985425
audio_text_ln_lrh0.001_e5_s44,2432,4,1.1498,2.1034,0.0,0.0002463562033416282
audio_text_ln_lrh0.001_e5_s44,2433,4,1.45612,2.8171,0.0,0.00024600071098471383
audio_text_ln_lrh0.001_e5_s44,2434,4,1.10798,1.9833,0.0,0.0002456452186277995
audio_text_ln_lrh0.001_e5_s44,2435,4,1.25088,2.2772,0.0,0.0002452897262708852
audio_text_ln_lrh0.001_e5_s44,2436,4,1.73251,2.7446,0.0,0.00024493423391397086
audio_text_ln_lrh0.001_e5_s44,2437,4,1.377,2.7621,0.0,0.00024457874155705655
audio_text_ln_lrh0.001_e5_s44,2438,4,1.49181,2.4957,0.0,0.0002442232492001422
audio_text_ln_lrh0.001_e5_s44,2439,4,0.83724,2.3518,0.0,0.00024386775684322786
audio_text_ln_lrh0.001_e5_s44,2440,4,1.15369,2.2793,0.0,0.00024351226448631356
audio_text_ln_lrh0.001_e5_s44,2441,4,1.18642,1.9364,0.0,0.00024315677212939922
audio_text_ln_lrh0.001_e5_s44,2442,4,1.19005,2.4263,0.0,0.0002428012797724849
audio_text_ln_lrh0.001_e5_s44,2443,4,1.1173,2.5303,0.0,0.00024244578741557059
audio_text_ln_lrh0.001_e5_s44,2444,4,1.23903,2.1327,0.0,0.00024209029505865623
audio_text_ln_lrh0.001_e5_s44,2445,4,0.88934,2.6324,0.0,0.00024173480270174192
audio_text_ln_lrh0.001_e5_s44,2446,4,1.3641,2.5873,0.0,0.0002413793103448276
audio_text_ln_lrh0.001_e5_s44,2447,4,1.68832,3.5211,0.0,0.00024102381798791326
audio_text_ln_lrh0.001_e5_s44,2448,4,1.42287,3.0654,0.0,0.00024066832563099895
audio_text_ln_lrh0.001_e5_s44,2449,4,0.89003,2.4934,0.0,0.00024031283327408462
audio_text_ln_lrh0.001_e5_s44,2450,4,1.20962,2.018,0.0,0.0002399573409171703
audio_text_ln_lrh0.001_e5_s44,2451,4,1.63939,2.8327,0.0,0.00023960184856025595
audio_text_ln_lrh0.001_e5_s44,2452,4,1.19955,2.116,0.0,0.00023924635620334162
audio_text_ln_lrh0.001_e5_s44,2453,4,1.83279,3.5033,0.0,0.0002388908638464273
audio_text_ln_lrh0.001_e5_s44,2454,4,1.0206,2.4583,0.0,0.00023853537148951299
audio_text_ln_lrh0.001_e5_s44,2455,4,1.29252,1.9171,0.0,0.00023817987913259865
audio_text_ln_lrh0.001_e5_s44,2456,4,1.40522,3.8041,0.0,0.00023782438677568432
audio_text_ln_lrh0.001_e5_s44,2457,4,1.27225,2.534,0.0,0.00023746889441877002
audio_text_ln_lrh0.001_e5_s44,2458,4,1.55449,3.0963,0.0,0.00023711340206185566
audio_text_ln_lrh0.001_e5_s44,2459,4,1.24924,3.13,0.0,0.00023675790970494135
audio_text_ln_lrh0.001_e5_s44,2460,4,1.4196,2.77,0.0,0.00023640241734802705
audio_text_ln_lrh0.001_e5_s44,2461,4,1.59538,2.782,0.0,0.00023604692499111269
audio_text_ln_lrh0.001_e5_s44,2462,4,1.33399,2.5241,0.0,0.00023569143263419838
audio_text_ln_lrh0.001_e5_s44,2463,4,1.22963,2.5879,0.0,0.00023533594027728405
audio_text_ln_lrh0.001_e5_s44,2464,4,1.27867,2.264,0.0,0.00023498044792036972
audio_text_ln_lrh0.001_e5_s44,2465,4,1.80085,4.2474,0.0,0.00023462495556345538
audio_text_ln_lrh0.001_e5_s44,2466,4,1.12192,2.4473,0.0,0.00023426946320654108
audio_text_ln_lrh0.001_e5_s44,2467,4,1.17998,2.3599,0.0,0.00023391397084962675
audio_text_ln_lrh0.001_e5_s44,2468,4,0.91786,3.0304,0.0,0.00023355847849271241
audio_text_ln_lrh0.001_e5_s44,2469,4,1.24575,2.1939,0.0,0.00023320298613579808
audio_text_ln_lrh0.001_e5_s44,2470,4,1.17068,2.6407,0.0,0.00023284749377888375
audio_text_ln_lrh0.001_e5_s44,2471,4,1.32539,2.5743,0.0,0.00023249200142196944
audio_text_ln_lrh0.001_e5_s44,2472,4,1.55448,4.0224,0.0,0.00023213650906505509
audio_text_ln_lrh0.001_e5_s44,2473,4,1.13273,2.4183,0.0,0.00023178101670814078
audio_text_ln_lrh0.001_e5_s44,2474,4,1.45925,2.1549,0.0,0.00023142552435122647
audio_text_ln_lrh0.001_e5_s44,2475,4,1.84672,3.6732,0.0,0.00023107003199431212
audio_text_ln_lrh0.001_e5_s44,2476,4,0.98658,2.499,0.0,0.0002307145396373978
audio_text_ln_lrh0.001_e5_s44,2477,4,1.2165,2.4327,0.0,0.00023035904728048348
audio_text_ln_lrh0.001_e5_s44,2478,4,1.28732,2.4865,0.0,0.00023000355492356915
audio_text_ln_lrh0.001_e5_s44,2479,4,0.98035,3.9552,0.0,0.0002296480625666548
audio_text_ln_lrh0.001_e5_s44,2480,4,1.06119,2.6581,0.0,0.0002292925702097405
audio_text_ln_lrh0.001_e5_s44,2481,4,1.40054,2.3289,0.0,0.00022893707785282618
audio_text_ln_lrh0.001_e5_s44,2482,4,1.4249,2.312,0.0,0.00022858158549591184
audio_text_ln_lrh0.001_e5_s44,2483,4,1.82099,2.5773,0.0,0.0002282260931389975
audio_text_ln_lrh0.001_e5_s44,2484,4,1.25504,3.0237,0.0,0.00022787060078208318
audio_text_ln_lrh0.001_e5_s44,2485,4,1.28615,2.534,0.0,0.00022751510842516887
audio_text_ln_lrh0.001_e5_s44,2486,4,1.28955,2.5063,0.0,0.00022715961606825451
audio_text_ln_lrh0.001_e5_s44,2487,4,1.42772,2.9298,0.0,0.0002268041237113402
audio_text_ln_lrh0.001_e5_s44,2488,4,1.0209,2.6643,0.0,0.0002264486313544259
audio_text_ln_lrh0.001_e5_s44,2489,4,1.31589,2.0571,0.0,0.00022609313899751154
audio_text_ln_lrh0.001_e5_s44,2490,4,1.4546,3.2385,0.0,0.00022573764664059724
audio_text_ln_lrh0.001_e5_s44,2491,4,1.09706,2.1356,0.0,0.0002253821542836829
audio_text_ln_lrh0.001_e5_s44,2492,4,1.55151,2.9485,0.0,0.00022502666192676857
audio_text_ln_lrh0.001_e5_s44,2493,4,1.12706,3.5128,0.0,0.00022467116956985424
audio_text_ln_lrh0.001_e5_s44,2494,4,1.52712,2.4003,0.0,0.00022431567721293994
audio_text_ln_lrh0.001_e5_s44,2495,4,1.37032,2.9644,0.0,0.0002239601848560256
audio_text_ln_lrh0.001_e5_s44,2496,4,1.06361,2.4101,0.0,0.00022360469249911127
audio_text_ln_lrh0.001_e5_s44,2497,4,1.34075,2.1517,0.0,0.00022324920014219694
audio_text_ln_lrh0.001_e5_s44,2498,4,1.15482,2.2786,0.0,0.0002228937077852826
audio_text_ln_lrh0.001_e5_s44,2499,4,1.0542,2.5073,0.0,0.0002225382154283683
audio_text_ln_lrh0.001_e5_s44,2500,4,0.77459,4.3212,0.0,0.00022218272307145394
audio_text_ln_lrh0.001_e5_s44,2501,5,1.46497,2.8206,0.0,0.00022182723071453964
audio_text_ln_lrh0.001_e5_s44,2502,5,1.12863,2.7508,0.0,0.00022147173835762533
audio_text_ln_lrh0.001_e5_s44,2503,5,1.35971,2.4536,0.0,0.00022111624600071097
audio_text_ln_lrh0.001_e5_s44,2504,5,1.20833,2.6272,0.0,0.00022076075364379667
audio_text_ln_lrh0.001_e5_s44,2505,5,0.85791,3.3128,0.0,0.00022040526128688234
audio_text_ln_lrh0.001_e5_s44,2506,5,1.20513,2.3716,0.0,0.000220049768929968
audio_text_ln_lrh0.001_e5_s44,2507,5,1.45276,2.765,0.0,0.0002196942765730537
audio_text_ln_lrh0.001_e5_s44,2508,5,1.22455,2.7058,0.0,0.00021933878421613937
audio_text_ln_lrh0.001_e5_s44,2509,5,1.42681,2.0657,0.0,0.00021898329185922503
audio_text_ln_lrh0.001_e5_s44,2510,5,1.32244,2.9183,0.0,0.0002186277995023107
audio_text_ln_lrh0.001_e5_s44,2511,5,1.17207,2.9387,0.0,0.00021827230714539637
audio_text_ln_lrh0.001_e5_s44,2512,5,1.02808,2.5034,0.0,0.00021791681478848204
audio_text_ln_lrh0.001_e5_s44,2513,5,1.43825,2.7809,0.0,0.00021756132243156773
audio_text_ln_lrh0.001_e5_s44,2514,5,1.63143,2.4837,0.0,0.0002172058300746534
audio_text_ln_lrh0.001_e5_s44,2515,5,1.14599,2.2494,0.0,0.00021685033771773907
audio_text_ln_lrh0.001_e5_s44,2516,5,1.03482,2.1591,0.0,0.00021649484536082476
audio_text_ln_lrh0.001_e5_s44,2517,5,1.32206,2.3089,0.0,0.0002161393530039104
audio_text_ln_lrh0.001_e5_s44,2518,5,1.47986,3.0931,0.0,0.0002157838606469961
audio_text_ln_lrh0.001_e5_s44,2519,5,1.16484,2.0988,0.0,0.00021542836829008177
audio_text_ln_lrh0.001_e5_s44,2520,5,1.25621,2.4373,0.0,0.00021507287593316743
audio_text_ln_lrh0.001_e5_s44,2521,5,1.39194,3.7115,0.0,0.00021471738357625313
audio_text_ln_lrh0.001_e5_s44,2522,5,1.50482,3.6272,0.0,0.0002143618912193388
audio_text_ln_lrh0.001_e5_s44,2523,5,1.2743,2.8587,0.0,0.00021400639886242446
audio_text_ln_lrh0.001_e5_s44,2524,5,1.20439,2.7046,0.0,0.00021365090650551013
audio_text_ln_lrh0.001_e5_s44,2525,5,1.70405,3.0695,0.0,0.00021329541414859583
audio_text_ln_lrh0.001_e5_s44,2526,5,1.54389,3.2505,0.0,0.00021293992179168147
audio_text_ln_lrh0.001_e5_s44,2527,5,1.20182,2.1807,0.0,0.00021258442943476716
audio_text_ln_lrh0.001_e5_s44,2528,5,1.97589,5.0499,0.0,0.00021222893707785283
audio_text_ln_lrh0.001_e5_s44,2529,5,1.55398,2.7548,0.0,0.0002118734447209385
audio_text_ln_lrh0.001_e5_s44,2530,5,1.17849,2.8094,0.0,0.0002115179523640242
audio_text_ln_lrh0.001_e5_s44,2531,5,1.96267,2.9769,0.0,0.00021116246000710983
audio_text_ln_lrh0.001_e5_s44,2532,5,1.40691,2.4351,0.0,0.00021080696765019553
audio_text_ln_lrh0.001_e5_s44,2533,5,1.30976,2.5123,0.0,0.0002104514752932812
audio_text_ln_lrh0.001_e5_s44,2534,5,1.34488,2.4412,0.0,0.00021009598293636686
audio_text_ln_lrh0.001_e5_s44,2535,5,1.48006,2.4622,0.0,0.00020974049057945256
audio_text_ln_lrh0.001_e5_s44,2536,5,1.40795,2.4898,0.0,0.00020938499822253822
audio_text_ln_lrh0.001_e5_s44,2537,5,1.2063,2.1676,0.0,0.0002090295058656239
audio_text_ln_lrh0.001_e5_s44,2538,5,1.08546,2.5251,0.0,0.00020867401350870956
audio_text_ln_lrh0.001_e5_s44,2539,5,1.51685,3.6608,0.0,0.00020831852115179526
audio_text_ln_lrh0.001_e5_s44,2540,5,1.21817,2.2814,0.0,0.00020796302879488092
audio_text_ln_lrh0.001_e5_s44,2541,5,1.27877,2.4851,0.0,0.0002076075364379666
audio_text_ln_lrh0.001_e5_s44,2542,5,1.00312,2.8586,0.0,0.00020725204408105226
audio_text_ln_lrh0.001_e5_s44,2543,5,1.25047,2.7387,0.0,0.00020689655172413793
audio_text_ln_lrh0.001_e5_s44,2544,5,1.10946,2.239,0.0,0.00020654105936722362
audio_text_ln_lrh0.001_e5_s44,2545,5,1.17669,2.887,0.0,0.00020618556701030926
audio_text_ln_lrh0.001_e5_s44,2546,5,1.26689,3.2039,0.0,0.00020583007465339496
audio_text_ln_lrh0.001_e5_s44,2547,5,1.53347,3.3889,0.0,0.00020547458229648065
audio_text_ln_lrh0.001_e5_s44,2548,5,1.41786,2.8605,0.0,0.0002051190899395663
audio_text_ln_lrh0.001_e5_s44,2549,5,1.74245,3.8454,0.0,0.00020476359758265199
audio_text_ln_lrh0.001_e5_s44,2550,5,1.32918,2.3496,0.0,0.00020440810522573765
audio_text_ln_lrh0.001_e5_s44,2551,5,1.43317,3.0777,0.0,0.00020405261286882332
audio_text_ln_lrh0.001_e5_s44,2552,5,1.6209,2.5621,0.0,0.000203697120511909
audio_text_ln_lrh0.001_e5_s44,2553,5,1.30206,2.4714,0.0,0.00020334162815499468
audio_text_ln_lrh0.001_e5_s44,2554,5,1.35464,2.2131,0.0,0.00020298613579808035
audio_text_ln_lrh0.001_e5_s44,2555,5,1.04896,2.8707,0.0,0.00020263064344116602
audio_text_ln_lrh0.001_e5_s44,2556,5,1.71977,3.6309,0.0,0.0002022751510842517
audio_text_ln_lrh0.001_e5_s44,2557,5,1.7584,3.1385,0.0,0.00020191965872733736
audio_text_ln_lrh0.001_e5_s44,2558,5,1.22628,2.4715,0.0,0.00020156416637042305
audio_text_ln_lrh0.001_e5_s44,2559,5,1.23092,2.261,0.0,0.0002012086740135087
audio_text_ln_lrh0.001_e5_s44,2560,5,1.19037,2.7693,0.0,0.00020085318165659439
audio_text_ln_lrh0.001_e5_s44,2561,5,1.25246,2.6758,0.0,0.00020049768929968008
audio_text_ln_lrh0.001_e5_s44,2562,5,0.88394,2.2619,0.0,0.00020014219694276572
audio_text_ln_lrh0.001_e5_s44,2563,5,1.26113,3.6804,0.0,0.00019978670458585142
audio_text_ln_lrh0.001_e5_s44,2564,5,1.03627,2.1744,0.0,0.00019943121222893708
audio_text_ln_lrh0.001_e5_s44,2565,5,0.8699,2.5316,0.0,0.00019907571987202275
audio_text_ln_lrh0.001_e5_s44,2566,5,1.20148,2.4707,0.0,0.00019872022751510842
audio_text_ln_lrh0.001_e5_s44,2567,5,1.75234,3.2155,0.0,0.00019836473515819411
audio_text_ln_lrh0.001_e5_s44,2568,5,1.33148,2.8205,0.0,0.00019800924280127978
audio_text_ln_lrh0.001_e5_s44,2569,5,1.37897,2.3806,0.0,0.00019765375044436545
audio_text_ln_lrh0.001_e5_s44,2570,5,1.08934,2.0912,0.0,0.00019729825808745112
audio_text_ln_lrh0.001_e5_s44,2571,5,1.02142,2.3278,0.0,0.00019694276573053678
audio_text_ln_lrh0.001_e5_s44,2572,5,1.18172,2.3533,0.0,0.00019658727337362248
audio_text_ln_lrh0.001_e5_s44,2573,5,1.55688,2.8528,0.0,0.00019623178101670812
audio_text_ln_lrh0.001_e5_s44,2574,5,1.20161,2.7501,0.0,0.00019587628865979381
audio_text_ln_lrh0.001_e5_s44,2575,5,1.49892,3.4829,0.0,0.0001955207963028795
audio_text_ln_lrh0.001_e5_s44,2576,5,1.03978,2.39,0.0,0.00019516530394596515
audio_text_ln_lrh0.001_e5_s44,2577,5,1.73136,4.6858,0.0,0.00019480981158905084
audio_text_ln_lrh0.001_e5_s44,2578,5,1.28962,2.5465,0.0,0.0001944543192321365
audio_text_ln_lrh0.001_e5_s44,2579,5,0.81931,2.0811,0.0,0.00019409882687522218
audio_text_ln_lrh0.001_e5_s44,2580,5,1.91902,3.769,0.0,0.00019374333451830788
audio_text_ln_lrh0.001_e5_s44,2581,5,1.37129,2.6288,0.0,0.00019338784216139354
audio_text_ln_lrh0.001_e5_s44,2582,5,1.12745,2.9249,0.0,0.0001930323498044792
audio_text_ln_lrh0.001_e5_s44,2583,5,1.28406,2.533,0.0,0.00019267685744756488
audio_text_ln_lrh0.001_e5_s44,2584,5,1.32996,2.691,0.0,0.00019232136509065057
audio_text_ln_lrh0.001_e5_s44,2585,5,1.20124,2.6496,0.0,0.00019196587273373621
audio_text_ln_lrh0.001_e5_s44,2586,5,1.09124,2.064,0.0,0.0001916103803768219
audio_text_ln_lrh0.001_e5_s44,2587,5,1.29821,2.4842,0.0,0.00019125488801990758
audio_text_ln_lrh0.001_e5_s44,2588,5,1.80714,2.7189,0.0,0.00019089939566299324
audio_text_ln_lrh0.001_e5_s44,2589,5,1.19779,2.5885,0.0,0.00019054390330607894
audio_text_ln_lrh0.001_e5_s44,2590,5,1.09221,2.4281,0.0,0.00019018841094916458
audio_text_ln_lrh0.001_e5_s44,2591,5,1.07778,2.4162,0.0,0.00018983291859225027
audio_text_ln_lrh0.001_e5_s44,2592,5,1.3059,2.5924,0.0,0.00018947742623533594
audio_text_ln_lrh0.001_e5_s44,2593,5,1.56298,3.4416,0.0,0.0001891219338784216
audio_text_ln_lrh0.001_e5_s44,2594,5,1.34973,1.9456,0.0,0.0001887664415215073
audio_text_ln_lrh0.001_e5_s44,2595,5,1.28245,2.5191,0.0,0.00018841094916459297
audio_text_ln_lrh0.001_e5_s44,2596,5,1.3763,2.494,0.0,0.00018805545680767864
audio_text_ln_lrh0.001_e5_s44,2597,5,1.42109,2.3609,0.0,0.0001876999644507643
audio_text_ln_lrh0.001_e5_s44,2598,5,1.02433,3.1385,0.0,0.00018734447209385
audio_text_ln_lrh0.001_e5_s44,2599,5,1.49443,2.6621,0.0,0.00018698897973693564
audio_text_ln_lrh0.001_e5_s44,2600,5,1.33869,2.2025,0.0,0.00018663348738002134
audio_text_ln_lrh0.001_e5_s44,2601,5,0.87533,2.1231,0.0,0.000186277995023107
audio_text_ln_lrh0.001_e5_s44,2602,5,1.3294,2.2304,0.0,0.00018592250266619267
audio_text_ln_lrh0.001_e5_s44,2603,5,0.99842,2.7861,0.0,0.00018556701030927837
audio_text_ln_lrh0.001_e5_s44,2604,5,1.19006,2.7141,0.0,0.000185211517952364
audio_text_ln_lrh0.001_e5_s44,2605,5,0.92923,2.8544,0.0,0.0001848560255954497
audio_text_ln_lrh0.001_e5_s44,2606,5,1.45563,2.9522,0.0,0.00018450053323853537
audio_text_ln_lrh0.001_e5_s44,2607,5,1.76738,3.6698,0.0,0.00018414504088162104
audio_text_ln_lrh0.001_e5_s44,2608,5,1.23348,2.3789,0.0,0.00018378954852470673
audio_text_ln_lrh0.001_e5_s44,2609,5,1.5892,2.3309,0.0,0.0001834340561677924
audio_text_ln_lrh0.001_e5_s44,2610,5,1.46091,2.3115,0.0,0.00018307856381087807
audio_text_ln_lrh0.001_e5_s44,2611,5,1.24624,2.9102,0.0,0.00018272307145396374
audio_text_ln_lrh0.001_e5_s44,2612,5,0.84803,2.1721,0.0,0.00018236757909704943
audio_text_ln_lrh0.001_e5_s44,2613,5,1.73315,3.1514,0.0,0.00018201208674013507
audio_text_ln_lrh0.001_e5_s44,2614,5,1.68768,3.416,0.0,0.00018165659438322077
audio_text_ln_lrh0.001_e5_s44,2615,5,1.09566,2.6562,0.0,0.00018130110202630643
audio_text_ln_lrh0.001_e5_s44,2616,5,1.30098,3.2417,0.0,0.0001809456096693921
audio_text_ln_lrh0.001_e5_s44,2617,5,1.50234,2.933,0.0,0.0001805901173124778
audio_text_ln_lrh0.001_e5_s44,2618,5,1.61446,2.7298,0.0,0.00018023462495556344
audio_text_ln_lrh0.001_e5_s44,2619,5,1.31056,2.2997,0.0,0.00017987913259864913
audio_text_ln_lrh0.001_e5_s44,2620,5,1.22597,2.2987,0.0,0.00017952364024173483
audio_text_ln_lrh0.001_e5_s44,2621,5,1.69223,3.4576,0.0,0.00017916814788482047
audio_text_ln_lrh0.001_e5_s44,2622,5,1.13319,2.2268,0.0,0.00017881265552790616
audio_text_ln_lrh0.001_e5_s44,2623,5,1.36553,2.3254,0.0,0.00017845716317099183
audio_text_ln_lrh0.001_e5_s44,2624,5,0.92067,2.4252,0.0,0.0001781016708140775
audio_text_ln_lrh0.001_e5_s44,2625,5,1.96845,3.9863,0.0,0.00017774617845716317
audio_text_ln_lrh0.001_e5_s44,2626,5,1.54626,3.5352,0.0,0.00017739068610024886
audio_text_ln_lrh0.001_e5_s44,2627,5,1.254,3.0617,0.0,0.00017703519374333453
audio_text_ln_lrh0.001_e5_s44,2628,5,0.87511,2.6516,0.0,0.0001766797013864202
audio_text_ln_lrh0.001_e5_s44,2629,5,1.75812,2.7061,0.0,0.0001763242090295059
audio_text_ln_lrh0.001_e5_s44,2630,5,1.51241,3.1789,0.0,0.00017596871667259153
audio_text_ln_lrh0.001_e5_s44,2631,5,1.12412,2.4089,0.0,0.00017561322431567723
audio_text_ln_lrh0.001_e5_s44,2632,5,1.94421,3.4046,0.0,0.00017525773195876287
audio_text_ln_lrh0.001_e5_s44,2633,5,1.85608,3.6511,0.0,0.00017490223960184856
audio_text_ln_lrh0.001_e5_s44,2634,5,0.84955,2.7969,0.0,0.00017454674724493426
audio_text_ln_lrh0.001_e5_s44,2635,5,1.29586,2.6764,0.0,0.0001741912548880199
audio_text_ln_lrh0.001_e5_s44,2636,5,1.26024,2.5145,0.0,0.0001738357625311056
audio_text_ln_lrh0.001_e5_s44,2637,5,1.47206,2.4504,0.0,0.00017348027017419126
audio_text_ln_lrh0.001_e5_s44,2638,5,1.39144,2.2591,0.0,0.00017312477781727693
audio_text_ln_lrh0.001_e5_s44,2639,5,1.02671,2.4865,0.0,0.0001727692854603626
audio_text_ln_lrh0.001_e5_s44,2640,5,1.17835,2.6005,0.0,0.0001724137931034483
audio_text_ln_lrh0.001_e5_s44,2641,5,1.40665,2.7644,0.0,0.00017205830074653396
audio_text_ln_lrh0.001_e5_s44,2642,5,1.73482,3.8995,0.0,0.00017170280838961963
audio_text_ln_lrh0.001_e5_s44,2643,5,1.6699,3.0007,0.0,0.00017134731603270532
audio_text_ln_lrh0.001_e5_s44,2644,5,0.98948,2.6281,0.0,0.00017099182367579096
audio_text_ln_lrh0.001_e5_s44,2645,5,1.47317,2.3771,0.0,0.00017063633131887666
audio_text_ln_lrh0.001_e5_s44,2646,5,1.67763,2.9981,0.0,0.0001702808389619623
audio_text_ln_lrh0.001_e5_s44,2647,5,1.38961,3.3027,0.0,0.000169925346605048
audio_text_ln_lrh0.001_e5_s44,2648,5,1.62056,2.7808,0.0,0.00016956985424813369
audio_text_ln_lrh0.001_e5_s44,2649,5,1.44282,2.4647,0.0,0.00016921436189121933
audio_text_ln_lrh0.001_e5_s44,2650,5,1.14484,2.2097,0.0,0.00016885886953430502
audio_text_ln_lrh0.001_e5_s44,2651,5,1.52499,3.0361,0.0,0.0001685033771773907
audio_text_ln_lrh0.001_e5_s44,2652,5,1.63471,3.5078,0.0,0.00016814788482047636
audio_text_ln_lrh0.001_e5_s44,2653,5,1.2522,2.1213,0.0,0.00016779239246356205
audio_text_ln_lrh0.001_e5_s44,2654,5,1.57819,2.818,0.0,0.00016743690010664772
audio_text_ln_lrh0.001_e5_s44,2655,5,1.06718,2.2251,0.0,0.0001670814077497334
audio_text_ln_lrh0.001_e5_s44,2656,5,0.97985,2.877,0.0,0.00016672591539281905
audio_text_ln_lrh0.001_e5_s44,2657,5,1.61445,3.0084,0.0,0.00016637042303590475
audio_text_ln_lrh0.001_e5_s44,2658,5,1.91839,3.5092,0.0,0.0001660149306789904
audio_text_ln_lrh0.001_e5_s44,2659,5,1.49681,2.6458,0.0,0.00016565943832207608
audio_text_ln_lrh0.001_e5_s44,2660,5,1.33294,2.2734,0.0,0.00016530394596516175
audio_text_ln_lrh0.001_e5_s44,2661,5,1.36612,2.3589,0.0,0.00016494845360824742
audio_text_ln_lrh0.001_e5_s44,2662,5,1.24811,2.6014,0.0,0.00016459296125133311
audio_text_ln_lrh0.001_e5_s44,2663,5,1.24053,2.7081,0.0,0.00016423746889441876
audio_text_ln_lrh0.001_e5_s44,2664,5,1.05255,2.4569,0.0,0.00016388197653750445
audio_text_ln_lrh0.001_e5_s44,2665,5,1.92185,3.4086,0.0,0.00016352648418059012
audio_text_ln_lrh0.001_e5_s44,2666,5,1.25195,2.6409,0.0,0.00016317099182367579
audio_text_ln_lrh0.001_e5_s44,2667,5,1.06887,2.7054,0.0,0.00016281549946676148
audio_text_ln_lrh0.001_e5_s44,2668,5,1.83232,2.837,0.0,0.00016246000710984715
audio_text_ln_lrh0.001_e5_s44,2669,5,1.30075,2.5951,0.0,0.00016210451475293282
audio_text_ln_lrh0.001_e5_s44,2670,5,1.31708,2.3185,0.0,0.00016174902239601848
audio_text_ln_lrh0.001_e5_s44,2671,5,1.31292,2.9757,0.0,0.00016139353003910418
audio_text_ln_lrh0.001_e5_s44,2672,5,1.1094,2.6708,0.0,0.00016103803768218982
audio_text_ln_lrh0.001_e5_s44,2673,5,1.25018,2.3809,0.0,0.00016068254532527551
audio_text_ln_lrh0.001_e5_s44,2674,5,1.42412,2.4309,0.0,0.00016032705296836118
audio_text_ln_lrh0.001_e5_s44,2675,5,1.75181,2.8196,0.0,0.00015997156061144685
audio_text_ln_lrh0.001_e5_s44,2676,5,1.29568,2.3628,0.0,0.00015961606825453254
audio_text_ln_lrh0.001_e5_s44,2677,5,1.17144,2.2664,0.0,0.00015926057589761818
audio_text_ln_lrh0.001_e5_s44,2678,5,1.21752,2.5885,0.0,0.00015890508354070388
audio_text_ln_lrh0.001_e5_s44,2679,5,1.43381,2.139,0.0,0.00015854959118378955
audio_text_ln_lrh0.001_e5_s44,2680,5,1.1891,2.0355,0.0,0.00015819409882687521
audio_text_ln_lrh0.001_e5_s44,2681,5,1.18619,3.0864,0.0,0.0001578386064699609
audio_text_ln_lrh0.001_e5_s44,2682,5,1.25931,3.037,0.0,0.00015748311411304658
audio_text_ln_lrh0.001_e5_s44,2683,5,1.63633,3.8453,0.0,0.00015712762175613225
audio_text_ln_lrh0.001_e5_s44,2684,5,1.27015,2.5679,0.0,0.0001567721293992179
audio_text_ln_lrh0.001_e5_s44,2685,5,1.2404,3.0657,0.0,0.0001564166370423036
audio_text_ln_lrh0.001_e5_s44,2686,5,1.48396,2.4765,0.0,0.00015606114468538925
audio_text_ln_lrh0.001_e5_s44,2687,5,1.32836,2.8275,0.0,0.00015570565232847494
audio_text_ln_lrh0.001_e5_s44,2688,5,1.57,2.6926,0.0,0.00015535015997156064
audio_text_ln_lrh0.001_e5_s44,2689,5,1.06385,3.0377,0.0,0.00015499466761464628
audio_text_ln_lrh0.001_e5_s44,2690,5,1.09285,2.5196,0.0,0.00015463917525773197
audio_text_ln_lrh0.001_e5_s44,2691,5,0.98197,2.3588,0.0,0.00015428368290081761
audio_text_ln_lrh0.001_e5_s44,2692,5,1.43494,2.2204,0.0,0.0001539281905439033
audio_text_ln_lrh0.001_e5_s44,2693,5,1.42833,3.6756,0.0,0.000153572698186989
audio_text_ln_lrh0.001_e5_s44,2694,5,1.51126,3.6876,0.0,0.00015321720583007464
audio_text_ln_lrh0.001_e5_s44,2695,5,1.31969,2.4087,0.0,0.00015286171347316034
audio_text_ln_lrh0.001_e5_s44,2696,5,1.12864,2.5161,0.0,0.000152506221116246
audio_text_ln_lrh0.001_e5_s44,2697,5,1.0894,2.7417,0.0,0.00015215072875933167
audio_text_ln_lrh0.001_e5_s44,2698,5,1.51176,3.1275,0.0,0.00015179523640241734
audio_text_ln_lrh0.001_e5_s44,2699,5,1.24865,2.8353,0.0,0.00015143974404550304
audio_text_ln_lrh0.001_e5_s44,2700,5,1.12944,2.711,0.0,0.0001510842516885887
audio_text_ln_lrh0.001_e5_s44,2701,5,1.2551,2.7823,0.0,0.00015072875933167437
audio_text_ln_lrh0.001_e5_s44,2702,5,1.3698,2.5903,0.0,0.00015037326697476007
audio_text_ln_lrh0.001_e5_s44,2703,5,1.05173,2.1292,0.0,0.0001500177746178457
audio_text_ln_lrh0.001_e5_s44,2704,5,0.925,2.5313,0.0,0.0001496622822609314
audio_text_ln_lrh0.001_e5_s44,2705,5,0.85021,2.6193,0.0,0.00014930678990401704
audio_text_ln_lrh0.001_e5_s44,2706,5,1.03646,2.7695,0.0,0.00014895129754710274
audio_text_ln_lrh0.001_e5_s44,2707,5,1.07111,2.2649,0.0,0.00014859580519018843
audio_text_ln_lrh0.001_e5_s44,2708,5,1.62118,3.0924,0.0,0.00014824031283327407
audio_text_ln_lrh0.001_e5_s44,2709,5,1.5559,2.8526,0.0,0.00014788482047635977
audio_text_ln_lrh0.001_e5_s44,2710,5,1.43209,3.1827,0.0,0.00014752932811944544
audio_text_ln_lrh0.001_e5_s44,2711,5,1.68051,3.9138,0.0,0.0001471738357625311
audio_text_ln_lrh0.001_e5_s44,2712,5,1.2446,2.1817,0.0,0.00014681834340561677
audio_text_ln_lrh0.001_e5_s44,2713,5,0.95127,2.0165,0.0,0.00014646285104870247
audio_text_ln_lrh0.001_e5_s44,2714,5,1.44477,2.6158,0.0,0.00014610735869178813
audio_text_ln_lrh0.001_e5_s44,2715,5,1.00717,2.2828,0.0,0.0001457518663348738
audio_text_ln_lrh0.001_e5_s44,2716,5,1.3038,2.7387,0.0,0.0001453963739779595
audio_text_ln_lrh0.001_e5_s44,2717,5,1.12719,2.4212,0.0,0.00014504088162104514
audio_text_ln_lrh0.001_e5_s44,2718,5,1.31051,2.3082,0.0,0.00014468538926413083
audio_text_ln_lrh0.001_e5_s44,2719,5,1.01999,1.9048,0.0,0.00014432989690721647
audio_text_ln_lrh0.001_e5_s44,2720,5,1.44595,3.2256,0.0,0.00014397440455030217
audio_text_ln_lrh0.001_e5_s44,2721,5,1.37683,3.7542,0.0,0.00014361891219338786
audio_text_ln_lrh0.001_e5_s44,2722,5,1.20383,2.6594,0.0,0.0001432634198364735
audio_text_ln_lrh0.001_e5_s44,2723,5,0.68636,3.2463,0.0,0.0001429079274795592
audio_text_ln_lrh0.001_e5_s44,2724,5,1.10708,2.2366,0.0,0.00014255243512264486
audio_text_ln_lrh0.001_e5_s44,2725,5,1.61864,2.5456,0.0,0.00014219694276573053
audio_text_ln_lrh0.001_e5_s44,2726,5,1.30459,2.2713,0.0,0.00014184145040881623
audio_text_ln_lrh0.001_e5_s44,2727,5,1.33705,2.8487,0.0,0.0001414859580519019
audio_text_ln_lrh0.001_e5_s44,2728,5,1.21113,2.3663,0.0,0.00014113046569498756
audio_text_ln_lrh0.001_e5_s44,2729,5,1.28752,2.6513,0.0,0.00014077497333807323
audio_text_ln_lrh0.001_e5_s44,2730,5,1.24579,2.2801,0.0,0.00014041948098115893
audio_text_ln_lrh0.001_e5_s44,2731,5,1.12237,2.7264,0.0,0.00014006398862424457
audio_text_ln_lrh0.001_e5_s44,2732,5,1.49638,2.9078,0.0,0.00013970849626733026
audio_text_ln_lrh0.001_e5_s44,2733,5,1.24027,2.1643,0.0,0.00013935300391041593
audio_text_ln_lrh0.001_e5_s44,2734,5,1.41569,2.733,0.0,0.0001389975115535016
audio_text_ln_lrh0.001_e5_s44,2735,5,1.38408,2.7025,0.0,0.0001386420191965873
audio_text_ln_lrh0.001_e5_s44,2736,5,1.15969,2.5002,0.0,0.00013828652683967293
audio_text_ln_lrh0.001_e5_s44,2737,5,1.08422,3.2866,0.0,0.00013793103448275863
audio_text_ln_lrh0.001_e5_s44,2738,5,1.1581,2.8567,0.0,0.0001375755421258443
audio_text_ln_lrh0.001_e5_s44,2739,5,1.88097,3.0768,0.0,0.00013722004976892996
audio_text_ln_lrh0.001_e5_s44,2740,5,1.21309,2.3303,0.0,0.00013686455741201566
audio_text_ln_lrh0.001_e5_s44,2741,5,2.01235,3.4913,0.0,0.00013650906505510132
audio_text_ln_lrh0.001_e5_s44,2742,5,1.51279,2.3998,0.0,0.000136153572698187
audio_text_ln_lrh0.001_e5_s44,2743,5,1.2284,2.4808,0.0,0.00013579808034127266
audio_text_ln_lrh0.001_e5_s44,2744,5,1.06576,2.2657,0.0,0.00013544258798435835
audio_text_ln_lrh0.001_e5_s44,2745,5,1.68981,3.0508,0.0,0.000135087095627444
audio_text_ln_lrh0.001_e5_s44,2746,5,0.9641,2.3889,0.0,0.0001347316032705297
audio_text_ln_lrh0.001_e5_s44,2747,5,1.34641,2.5038,0.0,0.00013437611091361538
audio_text_ln_lrh0.001_e5_s44,2748,5,1.30902,2.357,0.0,0.00013402061855670103
audio_text_ln_lrh0.001_e5_s44,2749,5,1.47172,3.5218,0.0,0.00013366512619978672
audio_text_ln_lrh0.001_e5_s44,2750,5,1.22171,2.6122,0.0,0.00013330963384287236
audio_text_ln_lrh0.001_e5_s44,2751,5,0.68512,1.9687,0.0,0.00013295414148595806
audio_text_ln_lrh0.001_e5_s44,2752,5,1.17012,2.4488,0.0,0.00013259864912904372
audio_text_ln_lrh0.001_e5_s44,2753,5,1.3277,2.4573,0.0,0.0001322431567721294
audio_text_ln_lrh0.001_e5_s44,2754,5,1.71188,3.6812,0.0,0.00013188766441521509
audio_text_ln_lrh0.001_e5_s44,2755,5,1.31328,2.5179,0.0,0.00013153217205830075
audio_text_ln_lrh0.001_e5_s44,2756,5,1.46689,3.1727,0.0,0.00013117667970138642
audio_text_ln_lrh0.001_e5_s44,2757,5,1.01578,2.5095,0.0,0.0001308211873444721
audio_text_ln_lrh0.001_e5_s44,2758,5,1.49704,2.4863,0.0,0.00013046569498755778
audio_text_ln_lrh0.001_e5_s44,2759,5,1.21599,2.3077,0.0,0.00013011020263064342
audio_text_ln_lrh0.001_e5_s44,2760,5,1.02391,2.0574,0.0,0.00012975471027372912
audio_text_ln_lrh0.001_e5_s44,2761,5,1.12853,2.4435,0.0,0.00012939921791681481
audio_text_ln_lrh0.001_e5_s44,2762,5,1.14208,2.0225,0.0,0.00012904372555990045
audio_text_ln_lrh0.001_e5_s44,2763,5,0.81294,1.7306,0.0,0.00012868823320298615
audio_text_ln_lrh0.001_e5_s44,2764,5,1.53946,2.7659,0.0,0.0001283327408460718
audio_text_ln_lrh0.001_e5_s44,2765,5,1.9204,3.2091,0.0,0.00012797724848915748
audio_text_ln_lrh0.001_e5_s44,2766,5,0.92072,3.2256,0.0,0.00012762175613224318
audio_text_ln_lrh0.001_e5_s44,2767,5,0.98239,2.6533,0.0,0.00012726626377532882
audio_text_ln_lrh0.001_e5_s44,2768,5,1.6784,2.9789,0.0,0.00012691077141841451
audio_text_ln_lrh0.001_e5_s44,2769,5,0.95121,3.9068,0.0,0.00012655527906150018
audio_text_ln_lrh0.001_e5_s44,2770,5,1.33268,2.323,0.0,0.00012619978670458585
audio_text_ln_lrh0.001_e5_s44,2771,5,1.37909,2.1616,0.0,0.00012584429434767152
audio_text_ln_lrh0.001_e5_s44,2772,5,1.5953,2.5512,0.0,0.0001254888019907572
audio_text_ln_lrh0.001_e5_s44,2773,5,1.24794,2.7995,0.0,0.00012513330963384288
audio_text_ln_lrh0.001_e5_s44,2774,5,1.15084,3.1353,0.0,0.00012477781727692855
audio_text_ln_lrh0.001_e5_s44,2775,5,1.33001,2.903,0.0,0.00012442232492001422
audio_text_ln_lrh0.001_e5_s44,2776,5,1.43988,2.5131,0.0,0.00012406683256309988
audio_text_ln_lrh0.001_e5_s44,2777,5,1.35932,2.4338,0.0,0.00012371134020618558
audio_text_ln_lrh0.001_e5_s44,2778,5,1.43817,3.2871,0.0,0.00012335584784927125
audio_text_ln_lrh0.001_e5_s44,2779,5,1.36706,2.1532,0.0,0.00012300035549235691
audio_text_ln_lrh0.001_e5_s44,2780,5,1.59627,3.2547,0.0,0.0001226448631354426
audio_text_ln_lrh0.001_e5_s44,2781,5,1.22544,2.5446,0.0,0.00012228937077852828
audio_text_ln_lrh0.001_e5_s44,2782,5,1.217,2.4761,0.0,0.00012193387842161393
audio_text_ln_lrh0.001_e5_s44,2783,5,0.94398,2.1486,0.0,0.00012157838606469961
audio_text_ln_lrh0.001_e5_s44,2784,5,1.3771,2.3462,0.0,0.00012122289370778529
audio_text_ln_lrh0.001_e5_s44,2785,5,1.55204,2.9671,0.0,0.00012086740135087096
audio_text_ln_lrh0.001_e5_s44,2786,5,1.71701,3.7335,0.0,0.00012051190899395663
audio_text_ln_lrh0.001_e5_s44,2787,5,1.21665,2.437,0.0,0.00012015641663704231
audio_text_ln_lrh0.001_e5_s44,2788,5,1.61407,2.6393,0.0,0.00011980092428012798
audio_text_ln_lrh0.001_e5_s44,2789,5,1.63473,3.4561,0.0,0.00011944543192321365
audio_text_ln_lrh0.001_e5_s44,2790,5,1.22692,2.5442,0.0,0.00011908993956629933
audio_text_ln_lrh0.001_e5_s44,2791,5,1.15183,2.2663,0.0,0.00011873444720938501
audio_text_ln_lrh0.001_e5_s44,2792,5,1.35047,2.6236,0.0,0.00011837895485247068
audio_text_ln_lrh0.001_e5_s44,2793,5,1.03497,2.17,0.0,0.00011802346249555634
audio_text_ln_lrh0.001_e5_s44,2794,5,1.16912,2.3222,0.0,0.00011766797013864202
audio_text_ln_lrh0.001_e5_s44,2795,5,1.52655,3.1398,0.0,0.00011731247778172769
audio_text_ln_lrh0.001_e5_s44,2796,5,1.13785,2.4965,0.0,0.00011695698542481337
audio_text_ln_lrh0.001_e5_s44,2797,5,1.66909,3.3704,0.0,0.00011660149306789904
audio_text_ln_lrh0.001_e5_s44,2798,5,1.50846,4.4717,0.0,0.00011624600071098472
audio_text_ln_lrh0.001_e5_s44,2799,5,1.31687,1.9889,0.0,0.00011589050835407039
audio_text_ln_lrh0.001_e5_s44,2800,5,1.57848,2.4106,0.0,0.00011553501599715606
audio_text_ln_lrh0.001_e5_s44,2801,5,1.1092,2.3155,0.0,0.00011517952364024174
audio_text_ln_lrh0.001_e5_s44,2802,5,1.02216,2.8357,0.0,0.0001148240312833274
audio_text_ln_lrh0.001_e5_s44,2803,5,1.37575,2.515,0.0,0.00011446853892641309
audio_text_ln_lrh0.001_e5_s44,2804,5,1.0312,2.5952,0.0,0.00011411304656949876
audio_text_ln_lrh0.001_e5_s44,2805,5,1.11086,2.2672,0.0,0.00011375755421258444
audio_text_ln_lrh0.001_e5_s44,2806,5,1.21576,2.1373,0.0,0.0001134020618556701
audio_text_ln_lrh0.001_e5_s44,2807,5,1.44422,2.5997,0.0,0.00011304656949875577
audio_text_ln_lrh0.001_e5_s44,2808,5,1.40025,2.697,0.0,0.00011269107714184145
audio_text_ln_lrh0.001_e5_s44,2809,5,1.11487,2.044,0.0,0.00011233558478492712
audio_text_ln_lrh0.001_e5_s44,2810,5,1.13184,2.1857,0.0,0.0001119800924280128
audio_text_ln_lrh0.001_e5_s44,2811,5,1.29566,2.5495,0.0,0.00011162460007109847
audio_text_ln_lrh0.001_e5_s44,2812,5,1.43778,2.6018,0.0,0.00011126910771418415
audio_text_ln_lrh0.001_e5_s44,2813,5,1.50498,3.1003,0.0,0.00011091361535726982
audio_text_ln_lrh0.001_e5_s44,2814,5,1.05635,2.7373,0.0,0.00011055812300035549
audio_text_ln_lrh0.001_e5_s44,2815,5,1.32459,2.9428,0.0,0.00011020263064344117
audio_text_ln_lrh0.001_e5_s44,2816,5,1.29629,2.5066,0.0,0.00010984713828652685
audio_text_ln_lrh0.001_e5_s44,2817,5,1.23337,2.6223,0.0,0.00010949164592961252
audio_text_ln_lrh0.001_e5_s44,2818,5,1.11165,2.1878,0.0,0.00010913615357269818
audio_text_ln_lrh0.001_e5_s44,2819,5,1.16193,2.2372,0.0,0.00010878066121578387
audio_text_ln_lrh0.001_e5_s44,2820,5,1.10864,2.2088,0.0,0.00010842516885886953
audio_text_ln_lrh0.001_e5_s44,2821,5,0.93788,2.6289,0.0,0.0001080696765019552
audio_text_ln_lrh0.001_e5_s44,2822,5,1.0218,2.7788,0.0,0.00010771418414504088
audio_text_ln_lrh0.001_e5_s44,2823,5,1.22206,2.5586,0.0,0.00010735869178812656
audio_text_ln_lrh0.001_e5_s44,2824,5,1.49774,2.5976,0.0,0.00010700319943121223
audio_text_ln_lrh0.001_e5_s44,2825,5,0.99897,2.3806,0.0,0.00010664770707429791
audio_text_ln_lrh0.001_e5_s44,2826,5,1.54114,3.0322,0.0,0.00010629221471738358
audio_text_ln_lrh0.001_e5_s44,2827,5,1.42055,2.3073,0.0,0.00010593672236046925
audio_text_ln_lrh0.001_e5_s44,2828,5,1.18797,2.7608,0.0,0.00010558123000355492
audio_text_ln_lrh0.001_e5_s44,2829,5,1.31566,2.4137,0.0,0.0001052257376466406
audio_text_ln_lrh0.001_e5_s44,2830,5,0.86644,3.3106,0.0,0.00010487024528972628
audio_text_ln_lrh0.001_e5_s44,2831,5,1.58436,3.145,0.0,0.00010451475293281195
audio_text_ln_lrh0.001_e5_s44,2832,5,1.4036,2.873,0.0,0.00010415926057589763
audio_text_ln_lrh0.001_e5_s44,2833,5,0.87914,2.5929,0.0,0.0001038037682189833
audio_text_ln_lrh0.001_e5_s44,2834,5,1.94827,3.2801,0.0,0.00010344827586206896
audio_text_ln_lrh0.001_e5_s44,2835,5,1.46651,2.6589,0.0,0.00010309278350515463
audio_text_ln_lrh0.001_e5_s44,2836,5,1.40512,2.9555,0.0,0.00010273729114824033
audio_text_ln_lrh0.001_e5_s44,2837,5,1.18506,2.1952,0.0,0.00010238179879132599
audio_text_ln_lrh0.001_e5_s44,2838,5,1.167,2.4478,0.0,0.00010202630643441166
audio_text_ln_lrh0.001_e5_s44,2839,5,1.07976,3.049,0.0,0.00010167081407749734
audio_text_ln_lrh0.001_e5_s44,2840,5,1.13551,1.9011,0.0,0.00010131532172058301
audio_text_ln_lrh0.001_e5_s44,2841,5,1.19177,2.0857,0.0,0.00010095982936366868
audio_text_ln_lrh0.001_e5_s44,2842,5,1.48451,2.5415,0.0,0.00010060433700675435
audio_text_ln_lrh0.001_e5_s44,2843,5,1.39858,2.8019,0.0,0.00010024884464984004
audio_text_ln_lrh0.001_e5_s44,2844,5,0.88106,2.5913,0.0,9.989335229292571e-05
audio_text_ln_lrh0.001_e5_s44,2845,5,1.20192,2.6017,0.0,9.953785993601138e-05
audio_text_ln_lrh0.001_e5_s44,2846,5,1.40425,3.0774,0.0,9.918236757909706e-05
audio_text_ln_lrh0.001_e5_s44,2847,5,1.16124,2.8314,0.0,9.882687522218272e-05
audio_text_ln_lrh0.001_e5_s44,2848,5,1.24391,2.1859,0.0,9.847138286526839e-05
audio_text_ln_lrh0.001_e5_s44,2849,5,1.06686,2.4624,0.0,9.811589050835406e-05
audio_text_ln_lrh0.001_e5_s44,2850,5,1.43924,2.3166,0.0,9.776039815143975e-05
audio_text_ln_lrh0.001_e5_s44,2851,5,1.40614,2.3477,0.0,9.740490579452542e-05
audio_text_ln_lrh0.001_e5_s44,2852,5,1.3559,2.2174,0.0,9.704941343761109e-05
audio_text_ln_lrh0.001_e5_s44,2853,5,1.10636,2.2372,0.0,9.669392108069677e-05
audio_text_ln_lrh0.001_e5_s44,2854,5,0.98359,2.4308,0.0,9.633842872378244e-05
audio_text_ln_lrh0.001_e5_s44,2855,5,1.22904,2.2185,0.0,9.598293636686811e-05
audio_text_ln_lrh0.001_e5_s44,2856,5,1.27741,2.4022,0.0,9.562744400995379e-05
audio_text_ln_lrh0.001_e5_s44,2857,5,1.48563,3.3476,0.0,9.527195165303947e-05
audio_text_ln_lrh0.001_e5_s44,2858,5,1.36812,2.0884,0.0,9.491645929612514e-05
audio_text_ln_lrh0.001_e5_s44,2859,5,1.94851,3.2846,0.0,9.45609669392108e-05
audio_text_ln_lrh0.001_e5_s44,2860,5,1.30302,3.6987,0.0,9.420547458229649e-05
audio_text_ln_lrh0.001_e5_s44,2861,5,1.13083,2.5722,0.0,9.384998222538215e-05
audio_text_ln_lrh0.001_e5_s44,2862,5,0.88738,2.7265,0.0,9.349448986846782e-05
audio_text_ln_lrh0.001_e5_s44,2863,5,1.31806,1.9931,0.0,9.31389975115535e-05
audio_text_ln_lrh0.001_e5_s44,2864,5,1.15482,2.0258,0.0,9.278350515463918e-05
audio_text_ln_lrh0.001_e5_s44,2865,5,1.46767,2.6014,0.0,9.242801279772485e-05
audio_text_ln_lrh0.001_e5_s44,2866,5,1.05813,2.4332,0.0,9.207252044081052e-05
audio_text_ln_lrh0.001_e5_s44,2867,5,1.6257,2.8111,0.0,9.17170280838962e-05
audio_text_ln_lrh0.001_e5_s44,2868,5,1.14623,2.3815,0.0,9.136153572698187e-05
audio_text_ln_lrh0.001_e5_s44,2869,5,1.43668,2.6092,0.0,9.100604337006754e-05
audio_text_ln_lrh0.001_e5_s44,2870,5,1.11544,2.0837,0.0,9.065055101315322e-05
audio_text_ln_lrh0.001_e5_s44,2871,5,1.00098,2.0792,0.0,9.02950586562389e-05
audio_text_ln_lrh0.001_e5_s44,2872,5,1.20756,2.5786,0.0,8.993956629932457e-05
audio_text_ln_lrh0.001_e5_s44,2873,5,1.32701,2.3494,0.0,8.958407394241023e-05
audio_text_ln_lrh0.001_e5_s44,2874,5,1.09018,2.6927,0.0,8.922858158549592e-05
audio_text_ln_lrh0.001_e5_s44,2875,5,1.49666,3.2968,0.0,8.887308922858158e-05
audio_text_ln_lrh0.001_e5_s44,2876,5,0.9928,2.7827,0.0,8.851759687166726e-05
audio_text_ln_lrh0.001_e5_s44,2877,5,1.27833,3.1744,0.0,8.816210451475295e-05
audio_text_ln_lrh0.001_e5_s44,2878,5,1.53377,3.0156,0.0,8.780661215783861e-05
audio_text_ln_lrh0.001_e5_s44,2879,5,1.34896,2.2674,0.0,8.745111980092428e-05
audio_text_ln_lrh0.001_e5_s44,2880,5,1.19179,2.3959,0.0,8.709562744400995e-05
audio_text_ln_lrh0.001_e5_s44,2881,5,1.50513,2.6532,0.0,8.674013508709563e-05
audio_text_ln_lrh0.001_e5_s44,2882,5,1.00014,2.8154,0.0,8.63846427301813e-05
audio_text_ln_lrh0.001_e5_s44,2883,5,1.49001,2.8615,0.0,8.602915037326698e-05
audio_text_ln_lrh0.001_e5_s44,2884,5,1.55516,2.5997,0.0,8.567365801635266e-05
audio_text_ln_lrh0.001_e5_s44,2885,5,1.18479,1.9709,0.0,8.531816565943833e-05
audio_text_ln_lrh0.001_e5_s44,2886,5,1.13494,2.2912,0.0,8.4962673302524e-05
audio_text_ln_lrh0.001_e5_s44,2887,5,1.28419,2.6662,0.0,8.460718094560966e-05
audio_text_ln_lrh0.001_e5_s44,2888,5,1.32449,2.381,0.0,8.425168858869534e-05
audio_text_ln_lrh0.001_e5_s44,2889,5,0.9169,2.4996,0.0,8.389619623178103e-05
audio_text_ln_lrh0.001_e5_s44,2890,5,1.17062,2.2129,0.0,8.35407038748667e-05
audio_text_ln_lrh0.001_e5_s44,2891,5,1.38111,2.6103,0.0,8.318521151795237e-05
audio_text_ln_lrh0.001_e5_s44,2892,5,1.3394,2.4633,0.0,8.282971916103804e-05
audio_text_ln_lrh0.001_e5_s44,2893,5,1.45974,2.9627,0.0,8.247422680412371e-05
audio_text_ln_lrh0.001_e5_s44,2894,5,1.12323,2.0143,0.0,8.211873444720938e-05
audio_text_ln_lrh0.001_e5_s44,2895,5,1.03764,2.1206,0.0,8.176324209029506e-05
audio_text_ln_lrh0.001_e5_s44,2896,5,1.35445,2.0349,0.0,8.140774973338074e-05
audio_text_ln_lrh0.001_e5_s44,2897,5,1.17202,2.7969,0.0,8.105225737646641e-05
audio_text_ln_lrh0.001_e5_s44,2898,5,1.21353,2.5286,0.0,8.069676501955209e-05
audio_text_ln_lrh0.001_e5_s44,2899,5,1.04561,2.7251,0.0,8.034127266263776e-05
audio_text_ln_lrh0.001_e5_s44,2900,5,1.34177,2.6646,0.0,7.998578030572342e-05
audio_text_ln_lrh0.001_e5_s44,2901,5,1.21809,2.3136,0.0,7.963028794880909e-05
audio_text_ln_lrh0.001_e5_s44,2902,5,1.25721,2.3199,0.0,7.927479559189477e-05
audio_text_ln_lrh0.001_e5_s44,2903,5,1.03895,2.3342,0.0,7.891930323498045e-05
audio_text_ln_lrh0.001_e5_s44,2904,5,1.28226,2.3274,0.0,7.856381087806612e-05
audio_text_ln_lrh0.001_e5_s44,2905,5,0.7359,2.4268,0.0,7.82083185211518e-05
audio_text_ln_lrh0.001_e5_s44,2906,5,1.19776,2.8591,0.0,7.785282616423747e-05
audio_text_ln_lrh0.001_e5_s44,2907,5,1.24209,2.3774,0.0,7.749733380732314e-05
audio_text_ln_lrh0.001_e5_s44,2908,5,1.50503,2.7257,0.0,7.714184145040881e-05
audio_text_ln_lrh0.001_e5_s44,2909,5,1.35952,2.6178,0.0,7.67863490934945e-05
audio_text_ln_lrh0.001_e5_s44,2910,5,1.19923,2.623,0.0,7.643085673658017e-05
audio_text_ln_lrh0.001_e5_s44,2911,5,1.16628,2.3168,0.0,7.607536437966584e-05
audio_text_ln_lrh0.001_e5_s44,2912,5,1.0936,2.2268,0.0,7.571987202275152e-05
audio_text_ln_lrh0.001_e5_s44,2913,5,1.46468,3.0705,0.0,7.536437966583719e-05
audio_text_ln_lrh0.001_e5_s44,2914,5,1.07227,2.4676,0.0,7.500888730892285e-05
audio_text_ln_lrh0.001_e5_s44,2915,5,1.584,2.9522,0.0,7.465339495200852e-05
audio_text_ln_lrh0.001_e5_s44,2916,5,1.20012,2.1235,0.0,7.429790259509422e-05
audio_text_ln_lrh0.001_e5_s44,2917,5,0.89225,2.1623,0.0,7.394241023817988e-05
audio_text_ln_lrh0.001_e5_s44,2918,5,0.89115,3.016,0.0,7.358691788126555e-05
audio_text_ln_lrh0.001_e5_s44,2919,5,1.09562,2.1985,0.0,7.323142552435123e-05
audio_text_ln_lrh0.001_e5_s44,2920,5,0.96738,3.4723,0.0,7.28759331674369e-05
audio_text_ln_lrh0.001_e5_s44,2921,5,1.33317,3.1894,0.0,7.252044081052257e-05
audio_text_ln_lrh0.001_e5_s44,2922,5,1.38528,2.6072,0.0,7.216494845360824e-05
audio_text_ln_lrh0.001_e5_s44,2923,5,1.10731,2.2605,0.0,7.180945609669393e-05
audio_text_ln_lrh0.001_e5_s44,2924,5,1.36196,2.9243,0.0,7.14539637397796e-05
audio_text_ln_lrh0.001_e5_s44,2925,5,1.66634,3.1231,0.0,7.109847138286527e-05
audio_text_ln_lrh0.001_e5_s44,2926,5,1.02242,2.8984,0.0,7.074297902595095e-05
audio_text_ln_lrh0.001_e5_s44,2927,5,1.44503,2.5492,0.0,7.038748666903662e-05
audio_text_ln_lrh0.001_e5_s44,2928,5,1.13632,1.8934,0.0,7.003199431212228e-05
audio_text_ln_lrh0.001_e5_s44,2929,5,1.59191,3.1847,0.0,6.967650195520796e-05
audio_text_ln_lrh0.001_e5_s44,2930,5,1.42234,2.5044,0.0,6.932100959829365e-05
audio_text_ln_lrh0.001_e5_s44,2931,5,1.20111,2.5271,0.0,6.896551724137931e-05
audio_text_ln_lrh0.001_e5_s44,2932,5,1.45618,3.5142,0.0,6.861002488446498e-05
audio_text_ln_lrh0.001_e5_s44,2933,5,1.75259,3.2955,0.0,6.825453252755066e-05
audio_text_ln_lrh0.001_e5_s44,2934,5,1.82698,3.768,0.0,6.789904017063633e-05
audio_text_ln_lrh0.001_e5_s44,2935,5,1.50185,2.6398,0.0,6.7543547813722e-05
audio_text_ln_lrh0.001_e5_s44,2936,5,1.76673,3.636,0.0,6.718805545680769e-05
audio_text_ln_lrh0.001_e5_s44,2937,5,1.62774,3.0341,0.0,6.683256309989336e-05
audio_text_ln_lrh0.001_e5_s44,2938,5,1.54255,2.7781,0.0,6.647707074297903e-05
audio_text_ln_lrh0.001_e5_s44,2939,5,1.23781,2.3377,0.0,6.61215783860647e-05
audio_text_ln_lrh0.001_e5_s44,2940,5,1.04079,2.7919,0.0,6.576608602915038e-05
audio_text_ln_lrh0.001_e5_s44,2941,5,1.18767,2.3653,0.0,6.541059367223604e-05
audio_text_ln_lrh0.001_e5_s44,2942,5,1.64525,4.0718,0.0,6.505510131532171e-05
audio_text_ln_lrh0.001_e5_s44,2943,5,1.42098,2.4857,0.0,6.469960895840741e-05
audio_text_ln_lrh0.001_e5_s44,2944,5,1.02771,2.3181,0.0,6.434411660149307e-05
audio_text_ln_lrh0.001_e5_s44,2945,5,0.95973,2.1861,0.0,6.398862424457874e-05
audio_text_ln_lrh0.001_e5_s44,2946,5,1.43716,3.4198,0.0,6.363313188766441e-05
audio_text_ln_lrh0.001_e5_s44,2947,5,1.74482,2.883,0.0,6.327763953075009e-05
audio_text_ln_lrh0.001_e5_s44,2948,5,1.30016,2.6574,0.0,6.292214717383576e-05
audio_text_ln_lrh0.001_e5_s44,2949,5,1.00711,2.6415,0.0,6.256665481692144e-05
audio_text_ln_lrh0.001_e5_s44,2950,5,1.05709,2.3608,0.0,6.221116246000711e-05
audio_text_ln_lrh0.001_e5_s44,2951,5,1.23114,2.0626,0.0,6.185567010309279e-05
audio_text_ln_lrh0.001_e5_s44,2952,5,1.95033,4.8744,0.0,6.150017774617846e-05
audio_text_ln_lrh0.001_e5_s44,2953,5,1.22791,2.2709,0.0,6.114468538926414e-05
audio_text_ln_lrh0.001_e5_s44,2954,5,1.33901,3.1021,0.0,6.0789193032349806e-05
audio_text_ln_lrh0.001_e5_s44,2955,5,1.34694,3.4239,0.0,6.043370067543548e-05
audio_text_ln_lrh0.001_e5_s44,2956,5,1.2706,3.4392,0.0,6.0078208318521155e-05
audio_text_ln_lrh0.001_e5_s44,2957,5,1.37979,3.1099,0.0,5.972271596160682e-05
audio_text_ln_lrh0.001_e5_s44,2958,5,1.47037,2.8442,0.0,5.9367223604692504e-05
audio_text_ln_lrh0.001_e5_s44,2959,5,1.96386,4.6336,0.0,5.901173124777817e-05
audio_text_ln_lrh0.001_e5_s44,2960,5,1.47882,2.9126,0.0,5.8656238890863846e-05
audio_text_ln_lrh0.001_e5_s44,2961,5,1.34503,2.4171,0.0,5.830074653394952e-05
audio_text_ln_lrh0.001_e5_s44,2962,5,1.07355,2.4684,0.0,5.7945254177035195e-05
audio_text_ln_lrh0.001_e5_s44,2963,5,1.3482,2.6289,0.0,5.758976182012087e-05
audio_text_ln_lrh0.001_e5_s44,2964,5,1.4126,2.4191,0.0,5.7234269463206544e-05
audio_text_ln_lrh0.001_e5_s44,2965,5,1.32942,2.6173,0.0,5.687877710629222e-05
audio_text_ln_lrh0.001_e5_s44,2966,5,1.25081,2.1292,0.0,5.6523284749377886e-05
audio_text_ln_lrh0.001_e5_s44,2967,5,1.44644,2.8634,0.0,5.616779239246356e-05
audio_text_ln_lrh0.001_e5_s44,2968,5,1.20703,2.6426,0.0,5.5812300035549235e-05
audio_text_ln_lrh0.001_e5_s44,2969,5,1.1714,2.3373,0.0,5.545680767863491e-05
audio_text_ln_lrh0.001_e5_s44,2970,5,1.12838,3.1164,0.0,5.5101315321720584e-05
audio_text_ln_lrh0.001_e5_s44,2971,5,1.45379,2.8736,0.0,5.474582296480626e-05
audio_text_ln_lrh0.001_e5_s44,2972,5,1.29014,2.0919,0.0,5.439033060789193e-05
audio_text_ln_lrh0.001_e5_s44,2973,5,1.31915,3.2135,0.0,5.40348382509776e-05
audio_text_ln_lrh0.001_e5_s44,2974,5,1.46207,2.329,0.0,5.367934589406328e-05
audio_text_ln_lrh0.001_e5_s44,2975,5,1.00717,2.5381,0.0,5.3323853537148956e-05
audio_text_ln_lrh0.001_e5_s44,2976,5,1.21605,2.2015,0.0,5.2968361180234624e-05
audio_text_ln_lrh0.001_e5_s44,2977,5,1.14918,2.0342,0.0,5.26128688233203e-05
audio_text_ln_lrh0.001_e5_s44,2978,5,1.40846,3.1059,0.0,5.225737646640597e-05
audio_text_ln_lrh0.001_e5_s44,2979,5,1.50871,2.828,0.0,5.190188410949165e-05
audio_text_ln_lrh0.001_e5_s44,2980,5,1.23363,2.2165,0.0,5.1546391752577315e-05
audio_text_ln_lrh0.001_e5_s44,2981,5,1.20102,2.4358,0.0,5.1190899395662997e-05
audio_text_ln_lrh0.001_e5_s44,2982,5,1.29274,2.2876,0.0,5.083540703874867e-05
audio_text_ln_lrh0.001_e5_s44,2983,5,1.40809,3.4558,0.0,5.047991468183434e-05
audio_text_ln_lrh0.001_e5_s44,2984,5,1.10703,2.945,0.0,5.012442232492002e-05
audio_text_ln_lrh0.001_e5_s44,2985,5,1.3723,2.874,0.0,4.976892996800569e-05
audio_text_ln_lrh0.001_e5_s44,2986,5,1.0232,2.2807,0.0,4.941343761109136e-05
audio_text_ln_lrh0.001_e5_s44,2987,5,1.3101,2.7718,0.0,4.905794525417703e-05
audio_text_ln_lrh0.001_e5_s44,2988,5,1.35882,2.4117,0.0,4.870245289726271e-05
audio_text_ln_lrh0.001_e5_s44,2989,5,1.30669,2.2726,0.0,4.8346960540348386e-05
audio_text_ln_lrh0.001_e5_s44,2990,5,1.19216,3.0483,0.0,4.7991468183434053e-05
audio_text_ln_lrh0.001_e5_s44,2991,5,1.5319,2.589,0.0,4.7635975826519735e-05
audio_text_ln_lrh0.001_e5_s44,2992,5,1.03965,2.483,0.0,4.72804834696054e-05
audio_text_ln_lrh0.001_e5_s44,2993,5,1.72917,3.838,0.0,4.692499111269108e-05
audio_text_ln_lrh0.001_e5_s44,2994,5,1.05616,2.2063,0.0,4.656949875577675e-05
audio_text_ln_lrh0.001_e5_s44,2995,5,0.87655,2.101,0.0,4.6214006398862426e-05
audio_text_ln_lrh0.001_e5_s44,2996,5,1.04179,2.2502,0.0,4.58585140419481e-05
audio_text_ln_lrh0.001_e5_s44,2997,5,1.1197,2.4367,0.0,4.550302168503377e-05
audio_text_ln_lrh0.001_e5_s44,2998,5,1.356,2.3044,0.0,4.514752932811945e-05
audio_text_ln_lrh0.001_e5_s44,2999,5,1.05705,2.4538,0.0,4.479203697120512e-05
audio_text_ln_lrh0.001_e5_s44,3000,5,1.74247,3.1999,0.0,4.443654461429079e-05
audio_text_ln_lrh0.001_e5_s44,3001,5,1.29663,2.5776,0.0,4.408105225737647e-05
audio_text_ln_lrh0.001_e5_s44,3002,5,1.26776,2.6124,0.0,4.372555990046214e-05
audio_text_ln_lrh0.001_e5_s44,3003,5,1.54439,2.9837,0.0,4.3370067543547815e-05
audio_text_ln_lrh0.001_e5_s44,3004,5,1.0897,2.3301,0.0,4.301457518663349e-05
audio_text_ln_lrh0.001_e5_s44,3005,5,1.81421,4.3062,0.0,4.2659082829719164e-05
audio_text_ln_lrh0.001_e5_s44,3006,5,1.47589,3.3259,0.0,4.230359047280483e-05
audio_text_ln_lrh0.001_e5_s44,3007,5,1.48593,2.536,0.0,4.194809811589051e-05
audio_text_ln_lrh0.001_e5_s44,3008,5,1.8848,3.0417,0.0,4.159260575897619e-05
audio_text_ln_lrh0.001_e5_s44,3009,5,1.3325,2.4696,0.0,4.1237113402061855e-05
audio_text_ln_lrh0.001_e5_s44,3010,5,1.21876,2.3047,0.0,4.088162104514753e-05
audio_text_ln_lrh0.001_e5_s44,3011,5,1.00241,2.0187,0.0,4.0526128688233204e-05
audio_text_ln_lrh0.001_e5_s44,3012,5,0.97865,2.1072,0.0,4.017063633131888e-05
audio_text_ln_lrh0.001_e5_s44,3013,5,1.22134,2.2153,0.0,3.9815143974404546e-05
audio_text_ln_lrh0.001_e5_s44,3014,5,1.19749,3.02,0.0,3.945965161749023e-05
audio_text_ln_lrh0.001_e5_s44,3015,5,0.95589,2.3016,0.0,3.91041592605759e-05
audio_text_ln_lrh0.001_e5_s44,3016,5,1.35549,2.3973,0.0,3.874866690366157e-05
audio_text_ln_lrh0.001_e5_s44,3017,5,1.13973,2.1639,0.0,3.839317454674725e-05
audio_text_ln_lrh0.001_e5_s44,3018,5,1.74692,3.5522,0.0,3.803768218983292e-05
audio_text_ln_lrh0.001_e5_s44,3019,5,0.95018,2.1213,0.0,3.768218983291859e-05
audio_text_ln_lrh0.001_e5_s44,3020,5,1.02892,2.6004,0.0,3.732669747600426e-05
audio_text_ln_lrh0.001_e5_s44,3021,5,1.34283,2.8017,0.0,3.697120511908994e-05
audio_text_ln_lrh0.001_e5_s44,3022,5,1.37827,2.6654,0.0,3.6615712762175616e-05
audio_text_ln_lrh0.001_e5_s44,3023,5,1.27808,2.858,0.0,3.6260220405261284e-05
audio_text_ln_lrh0.001_e5_s44,3024,5,1.44366,2.7697,0.0,3.5904728048346965e-05
audio_text_ln_lrh0.001_e5_s44,3025,5,1.34774,3.8566,0.0,3.554923569143263e-05
audio_text_ln_lrh0.001_e5_s44,3026,5,1.2655,2.6765,0.0,3.519374333451831e-05
audio_text_ln_lrh0.001_e5_s44,3027,5,1.72722,3.4005,0.0,3.483825097760398e-05
audio_text_ln_lrh0.001_e5_s44,3028,5,1.0107,2.155,0.0,3.4482758620689657e-05
audio_text_ln_lrh0.001_e5_s44,3029,5,1.42496,3.0718,0.0,3.412726626377533e-05
audio_text_ln_lrh0.001_e5_s44,3030,5,1.31006,2.1841,0.0,3.3771773906861e-05
audio_text_ln_lrh0.001_e5_s44,3031,5,1.14521,2.6657,0.0,3.341628154994668e-05
audio_text_ln_lrh0.001_e5_s44,3032,5,1.41372,3.7099,0.0,3.306078919303235e-05
audio_text_ln_lrh0.001_e5_s44,3033,5,0.80032,3.152,0.0,3.270529683611802e-05
audio_text_ln_lrh0.001_e5_s44,3034,5,1.07913,1.963,0.0,3.2349804479203703e-05
audio_text_ln_lrh0.001_e5_s44,3035,5,1.6371,4.2336,0.0,3.199431212228937e-05
audio_text_ln_lrh0.001_e5_s44,3036,5,1.21378,2.5205,0.0,3.1638819765375046e-05
audio_text_ln_lrh0.001_e5_s44,3037,5,1.65777,3.126,0.0,3.128332740846072e-05
audio_text_ln_lrh0.001_e5_s44,3038,5,1.22716,2.4253,0.0,3.0927835051546395e-05
audio_text_ln_lrh0.001_e5_s44,3039,5,1.1462,2.3954,0.0,3.057234269463207e-05
audio_text_ln_lrh0.001_e5_s44,3040,5,1.49696,2.6541,0.0,3.021685033771774e-05
audio_text_ln_lrh0.001_e5_s44,3041,5,1.16711,2.3139,0.0,2.986135798080341e-05
audio_text_ln_lrh0.001_e5_s44,3042,5,1.19546,2.4301,0.0,2.9505865623889086e-05
audio_text_ln_lrh0.001_e5_s44,3043,5,1.11204,2.4615,0.0,2.915037326697476e-05
audio_text_ln_lrh0.001_e5_s44,3044,5,1.07514,2.4641,0.0,2.8794880910060435e-05
audio_text_ln_lrh0.001_e5_s44,3045,5,1.07589,1.9438,0.0,2.843938855314611e-05
audio_text_ln_lrh0.001_e5_s44,3046,5,1.9096,3.5158,0.0,2.808389619623178e-05
audio_text_ln_lrh0.001_e5_s44,3047,5,1.2085,2.571,0.0,2.7728403839317455e-05
audio_text_ln_lrh0.001_e5_s44,3048,5,1.0073,2.5008,0.0,2.737291148240313e-05
audio_text_ln_lrh0.001_e5_s44,3049,5,1.56309,2.5499,0.0,2.70174191254888e-05
audio_text_ln_lrh0.001_e5_s44,3050,5,1.36988,2.898,0.0,2.6661926768574478e-05
audio_text_ln_lrh0.001_e5_s44,3051,5,1.03593,2.3456,0.0,2.630643441166015e-05
audio_text_ln_lrh0.001_e5_s44,3052,5,1.08787,2.1557,0.0,2.5950942054745824e-05
audio_text_ln_lrh0.001_e5_s44,3053,5,1.66262,3.0222,0.0,2.5595449697831498e-05
audio_text_ln_lrh0.001_e5_s44,3054,5,0.85168,2.1831,0.0,2.523995734091717e-05
audio_text_ln_lrh0.001_e5_s44,3055,5,1.03631,2.8809,0.0,2.4884464984002844e-05
audio_text_ln_lrh0.001_e5_s44,3056,5,1.51462,3.7974,0.0,2.4528972627088515e-05
audio_text_ln_lrh0.001_e5_s44,3057,5,0.88816,2.1052,0.0,2.4173480270174193e-05
audio_text_ln_lrh0.001_e5_s44,3058,5,0.86541,2.3096,0.0,2.3817987913259867e-05
audio_text_ln_lrh0.001_e5_s44,3059,5,1.49401,2.8665,0.0,2.346249555634554e-05
audio_text_ln_lrh0.001_e5_s44,3060,5,1.04543,2.3681,0.0,2.3107003199431213e-05
audio_text_ln_lrh0.001_e5_s44,3061,5,0.96216,2.1401,0.0,2.2751510842516884e-05
audio_text_ln_lrh0.001_e5_s44,3062,5,1.08487,3.0237,0.0,2.239601848560256e-05
audio_text_ln_lrh0.001_e5_s44,3063,5,1.79617,3.8167,0.0,2.2040526128688236e-05
audio_text_ln_lrh0.001_e5_s44,3064,5,1.01434,2.2377,0.0,2.1685033771773907e-05
audio_text_ln_lrh0.001_e5_s44,3065,5,1.25636,3.1557,0.0,2.1329541414859582e-05
audio_text_ln_lrh0.001_e5_s44,3066,5,0.89418,2.068,0.0,2.0974049057945256e-05
audio_text_ln_lrh0.001_e5_s44,3067,5,0.95805,2.2445,0.0,2.0618556701030927e-05
audio_text_ln_lrh0.001_e5_s44,3068,5,1.43672,2.4561,0.0,2.0263064344116602e-05
audio_text_ln_lrh0.001_e5_s44,3069,5,2.10238,3.6348,0.0,1.9907571987202273e-05
audio_text_ln_lrh0.001_e5_s44,3070,5,1.35125,3.2399,0.0,1.955207963028795e-05
audio_text_ln_lrh0.001_e5_s44,3071,5,1.05954,2.5738,0.0,1.9196587273373625e-05
audio_text_ln_lrh0.001_e5_s44,3072,5,1.43128,2.7077,0.0,1.8841094916459297e-05
audio_text_ln_lrh0.001_e5_s44,3073,5,1.0183,3.3781,0.0,1.848560255954497e-05
audio_text_ln_lrh0.001_e5_s44,3074,5,1.41454,2.6981,0.0,1.8130110202630642e-05
audio_text_ln_lrh0.001_e5_s44,3075,5,1.59621,3.6736,0.0,1.7774617845716317e-05
audio_text_ln_lrh0.001_e5_s44,3076,5,1.51629,2.7903,0.0,1.741912548880199e-05
audio_text_ln_lrh0.001_e5_s44,3077,5,1.03114,2.4445,0.0,1.7063633131887666e-05
audio_text_ln_lrh0.001_e5_s44,3078,5,1.29842,2.2364,0.0,1.670814077497334e-05
audio_text_ln_lrh0.001_e5_s44,3079,5,1.15128,2.7568,0.0,1.635264841805901e-05
audio_text_ln_lrh0.001_e5_s44,3080,5,1.60304,2.9721,0.0,1.5997156061144686e-05
audio_text_ln_lrh0.001_e5_s44,3081,5,1.26489,2.2821,0.0,1.564166370423036e-05
audio_text_ln_lrh0.001_e5_s44,3082,5,1.20504,2.5519,0.0,1.5286171347316035e-05
audio_text_ln_lrh0.001_e5_s44,3083,5,1.03399,2.6471,0.0,1.4930678990401706e-05
audio_text_ln_lrh0.001_e5_s44,3084,5,0.93861,3.1347,0.0,1.457518663348738e-05
audio_text_ln_lrh0.001_e5_s44,3085,5,1.10758,2.2924,0.0,1.4219694276573055e-05
audio_text_ln_lrh0.001_e5_s44,3086,5,1.95988,4.6283,0.0,1.3864201919658727e-05
audio_text_ln_lrh0.001_e5_s44,3087,5,1.10306,2.2945,0.0,1.35087095627444e-05
audio_text_ln_lrh0.001_e5_s44,3088,5,1.30013,2.0788,0.0,1.3153217205830075e-05
audio_text_ln_lrh0.001_e5_s44,3089,5,1.08201,2.048,0.0,1.2797724848915749e-05
audio_text_ln_lrh0.001_e5_s44,3090,5,1.39584,2.657,0.0,1.2442232492001422e-05
audio_text_ln_lrh0.001_e5_s44,3091,5,1.68359,3.0636,0.0,1.2086740135087096e-05
audio_text_ln_lrh0.001_e5_s44,3092,5,1.26306,2.716,0.0,1.173124777817277e-05
audio_text_ln_lrh0.001_e5_s44,3093,5,1.09959,2.3999,0.0,1.1375755421258442e-05
audio_text_ln_lrh0.001_e5_s44,3094,5,1.16033,2.3115,0.0,1.1020263064344118e-05
audio_text_ln_lrh0.001_e5_s44,3095,5,1.52833,2.6603,0.0,1.0664770707429791e-05
audio_text_ln_lrh0.001_e5_s44,3096,5,1.08044,2.752,0.0,1.0309278350515464e-05
audio_text_ln_lrh0.001_e5_s44,3097,5,1.31283,2.1914,0.0,9.953785993601137e-06
audio_text_ln_lrh0.001_e5_s44,3098,5,0.99531,2.7275,0.0,9.598293636686813e-06
audio_text_ln_lrh0.001_e5_s44,3099,5,1.22293,2.2818,0.0,9.242801279772485e-06
audio_text_ln_lrh0.001_e5_s44,3100,5,1.02104,2.2697,0.0,8.887308922858158e-06
audio_text_ln_lrh0.001_e5_s44,3101,5,1.48663,3.5226,0.0,8.531816565943833e-06
audio_text_ln_lrh0.001_e5_s44,3102,5,0.98367,2.2492,0.0,8.176324209029506e-06
audio_text_ln_lrh0.001_e5_s44,3103,5,1.33513,2.8621,0.0,7.82083185211518e-06
audio_text_ln_lrh0.001_e5_s44,3104,5,1.30519,2.3058,0.0,7.465339495200853e-06
audio_text_ln_lrh0.001_e5_s44,3105,5,0.93902,3.3126,0.0,7.109847138286527e-06
audio_text_ln_lrh0.001_e5_s44,3106,5,1.45973,2.7039,0.0,6.7543547813722e-06
audio_text_ln_lrh0.001_e5_s44,3107,5,1.38643,2.9951,0.0,6.3988624244578746e-06
audio_text_ln_lrh0.001_e5_s44,3108,5,1.33262,3.2032,0.0,6.043370067543548e-06
audio_text_ln_lrh0.001_e5_s44,3109,5,1.29448,2.7031,0.0,5.687877710629221e-06
audio_text_ln_lrh0.001_e5_s44,3110,5,1.09592,2.2276,0.0,5.3323853537148955e-06
audio_text_ln_lrh0.001_e5_s44,3111,5,1.5358,2.4712,0.0,4.976892996800568e-06
audio_text_ln_lrh0.001_e5_s44,3112,5,1.20266,3.2,0.0,4.621400639886243e-06
audio_text_ln_lrh0.001_e5_s44,3113,5,1.25122,2.3826,0.0,4.265908282971916e-06
audio_text_ln_lrh0.001_e5_s44,3114,5,2.07339,3.2312,0.0,3.91041592605759e-06
audio_text_ln_lrh0.001_e5_s44,3115,5,1.66583,3.6411,0.0,3.5549235691432637e-06
audio_text_ln_lrh0.001_e5_s44,3116,5,1.45572,3.0367,0.0,3.1994312122289373e-06
audio_text_ln_lrh0.001_e5_s44,3117,5,1.5447,4.0719,0.0,2.8439388553146105e-06
audio_text_ln_lrh0.001_e5_s44,3118,5,1.26381,2.8327,0.0,2.488446498400284e-06
audio_text_ln_lrh0.001_e5_s44,3119,5,0.97155,2.2355,0.0,2.132954141485958e-06
audio_text_ln_lrh0.001_e5_s44,3120,5,1.43904,2.9556,0.0,1.7774617845716318e-06
audio_text_ln_lrh0.001_e5_s44,3121,5,0.90678,2.7826,0.0,1.4219694276573052e-06
audio_text_ln_lrh0.001_e5_s44,3122,5,1.17545,2.8633,0.0,1.066477070742979e-06
audio_text_ln_lrh0.001_e5_s44,3123,5,1.10786,2.2468,0.0,7.109847138286526e-07
audio_text_ln_lrh0.001_e5_s44,3124,5,1.15073,2.6392,0.0,3.554923569143263e-07
audio_text_ln_lrh0.001_e5_s44,3125,5,1.02694,4.5947,0.0,0.0
