run,step,epoch,loss,grad_norm,lr_text,lr_head
text_text_ln_lrh0.001_frozen_e5_s42,1,1,1.91593,7.6448,0.0,3.205128205128205e-06
text_text_ln_lrh0.001_frozen_e5_s42,2,1,1.89535,4.0653,0.0,6.41025641025641e-06
text_text_ln_lrh0.001_frozen_e5_s42,3,1,1.90269,6.7758,0.0,9.615384615384616e-06
text_text_ln_lrh0.001_frozen_e5_s42,4,1,1.89474,4.9347,0.0,1.282051282051282e-05
text_text_ln_lrh0.001_frozen_e5_s42,5,1,1.89004,4.2849,0.0,1.6025641025641026e-05
text_text_ln_lrh0.001_frozen_e5_s42,6,1,1.88525,8.037,0.0,1.923076923076923e-05
text_text_ln_lrh0.001_frozen_e5_s42,7,1,1.86856,7.4143,0.0,2.2435897435897437e-05
text_text_ln_lrh0.001_frozen_e5_s42,8,1,1.88358,6.5337,0.0,2.564102564102564e-05
text_text_ln_lrh0.001_frozen_e5_s42,9,1,1.83897,5.3662,0.0,2.884615384615385e-05
text_text_ln_lrh0.001_frozen_e5_s42,10,1,1.95635,2.9229,0.0,3.205128205128205e-05
text_text_ln_lrh0.001_frozen_e5_s42,11,1,1.90316,2.7877,0.0,3.5256410256410254e-05
text_text_ln_lrh0.001_frozen_e5_s42,12,1,1.82542,8.9709,0.0,3.846153846153846e-05
text_text_ln_lrh0.001_frozen_e5_s42,13,1,1.91269,3.9319,0.0,4.1666666666666665e-05
text_text_ln_lrh0.001_frozen_e5_s42,14,1,1.88583,3.4112,0.0,4.4871794871794874e-05
text_text_ln_lrh0.001_frozen_e5_s42,15,1,1.87712,5.4888,0.0,4.8076923076923084e-05
text_text_ln_lrh0.001_frozen_e5_s42,16,1,1.83521,6.7621,0.0,5.128205128205128e-05
text_text_ln_lrh0.001_frozen_e5_s42,17,1,1.92153,3.8397,0.0,5.448717948717949e-05
text_text_ln_lrh0.001_frozen_e5_s42,18,1,1.90462,5.491,0.0,5.76923076923077e-05
text_text_ln_lrh0.001_frozen_e5_s42,19,1,1.82315,5.3613,0.0,6.08974358974359e-05
text_text_ln_lrh0.001_frozen_e5_s42,20,1,1.79357,4.8686,0.0,6.41025641025641e-05
text_text_ln_lrh0.001_frozen_e5_s42,21,1,1.82258,5.3183,0.0,6.73076923076923e-05
text_text_ln_lrh0.001_frozen_e5_s42,22,1,1.85847,4.3621,0.0,7.051282051282051e-05
text_text_ln_lrh0.001_frozen_e5_s42,23,1,1.82732,3.4807,0.0,7.371794871794872e-05
text_text_ln_lrh0.001_frozen_e5_s42,24,1,1.7346,6.9188,0.0,7.692307692307693e-05
text_text_ln_lrh0.001_frozen_e5_s42,25,1,1.89069,3.7741,0.0,8.012820512820514e-05
text_text_ln_lrh0.001_frozen_e5_s42,26,1,1.7448,5.6367,0.0,8.333333333333333e-05
text_text_ln_lrh0.001_frozen_e5_s42,27,1,1.71881,5.9279,0.0,8.653846153846153e-05
text_text_ln_lrh0.001_frozen_e5_s42,28,1,1.81222,3.5811,0.0,8.974358974358975e-05
text_text_ln_lrh0.001_frozen_e5_s42,29,1,1.73632,3.7725,0.0,9.294871794871795e-05
text_text_ln_lrh0.001_frozen_e5_s42,30,1,1.80097,2.8298,0.0,9.615384615384617e-05
text_text_ln_lrh0.001_frozen_e5_s42,31,1,1.84567,2.2794,0.0,9.935897435897436e-05
text_text_ln_lrh0.001_frozen_e5_s42,32,1,1.74914,4.0928,0.0,0.00010256410256410256
text_text_ln_lrh0.001_frozen_e5_s42,33,1,1.57768,4.8296,0.0,0.00010576923076923077
text_text_ln_lrh0.001_frozen_e5_s42,34,1,1.59406,5.6688,0.0,0.00010897435897435898
text_text_ln_lrh0.001_frozen_e5_s42,35,1,1.62165,4.5212,0.0,0.00011217948717948718
text_text_ln_lrh0.001_frozen_e5_s42,36,1,1.78872,3.6147,0.0,0.0001153846153846154
text_text_ln_lrh0.001_frozen_e5_s42,37,1,1.73538,3.0953,0.0,0.00011858974358974358
text_text_ln_lrh0.001_frozen_e5_s42,38,1,1.88779,3.7833,0.0,0.0001217948717948718
text_text_ln_lrh0.001_frozen_e5_s42,39,1,1.39618,5.8218,0.0,0.000125
text_text_ln_lrh0.001_frozen_e5_s42,40,1,1.57225,4.039,0.0,0.0001282051282051282
text_text_ln_lrh0.001_frozen_e5_s42,41,1,1.60196,3.2519,0.0,0.0001314102564102564
text_text_ln_lrh0.001_frozen_e5_s42,42,1,1.46533,4.1049,0.0,0.0001346153846153846
text_text_ln_lrh0.001_frozen_e5_s42,43,1,1.54477,3.9828,0.0,0.00013782051282051284
text_text_ln_lrh0.001_frozen_e5_s42,44,1,1.4955,3.3652,0.0,0.00014102564102564101
text_text_ln_lrh0.001_frozen_e5_s42,45,1,1.47916,3.4783,0.0,0.00014423076923076922
text_text_ln_lrh0.001_frozen_e5_s42,46,1,1.72788,2.7728,0.0,0.00014743589743589745
text_text_ln_lrh0.001_frozen_e5_s42,47,1,1.83338,3.8891,0.0,0.00015064102564102565
text_text_ln_lrh0.001_frozen_e5_s42,48,1,1.63437,2.6626,0.0,0.00015384615384615385
text_text_ln_lrh0.001_frozen_e5_s42,49,1,1.14534,5.9883,0.0,0.00015705128205128205
text_text_ln_lrh0.001_frozen_e5_s42,50,1,1.57847,1.5346,0.0,0.00016025641025641028
text_text_ln_lrh0.001_frozen_e5_s42,51,1,1.70902,2.5244,0.0,0.00016346153846153846
text_text_ln_lrh0.001_frozen_e5_s42,52,1,1.91841,5.6335,0.0,0.00016666666666666666
text_text_ln_lrh0.001_frozen_e5_s42,53,1,2.03625,4.6112,0.0,0.0001698717948717949
text_text_ln_lrh0.001_frozen_e5_s42,54,1,1.44096,3.2784,0.0,0.00017307692307692307
text_text_ln_lrh0.001_frozen_e5_s42,55,1,1.59474,2.2029,0.0,0.0001762820512820513
text_text_ln_lrh0.001_frozen_e5_s42,56,1,1.7168,2.9736,0.0,0.0001794871794871795
text_text_ln_lrh0.001_frozen_e5_s42,57,1,1.67727,2.2127,0.0,0.00018269230769230767
text_text_ln_lrh0.001_frozen_e5_s42,58,1,1.50164,2.881,0.0,0.0001858974358974359
text_text_ln_lrh0.001_frozen_e5_s42,59,1,1.40953,2.337,0.0,0.0001891025641025641
text_text_ln_lrh0.001_frozen_e5_s42,60,1,1.86408,5.004,0.0,0.00019230769230769233
text_text_ln_lrh0.001_frozen_e5_s42,61,1,1.48256,1.8165,0.0,0.0001955128205128205
text_text_ln_lrh0.001_frozen_e5_s42,62,1,1.56542,2.7339,0.0,0.0001987179487179487
text_text_ln_lrh0.001_frozen_e5_s42,63,1,1.27737,3.3512,0.0,0.00020192307692307694
text_text_ln_lrh0.001_frozen_e5_s42,64,1,1.60526,3.264,0.0,0.00020512820512820512
text_text_ln_lrh0.001_frozen_e5_s42,65,1,1.87741,6.13,0.0,0.00020833333333333335
text_text_ln_lrh0.001_frozen_e5_s42,66,1,1.7825,3.3466,0.0,0.00021153846153846155
text_text_ln_lrh0.001_frozen_e5_s42,67,1,1.54277,2.6818,0.0,0.00021474358974358972
text_text_ln_lrh0.001_frozen_e5_s42,68,1,1.78714,2.4187,0.0,0.00021794871794871795
text_text_ln_lrh0.001_frozen_e5_s42,69,1,1.80949,3.8838,0.0,0.00022115384615384616
text_text_ln_lrh0.001_frozen_e5_s42,70,1,1.5762,2.5602,0.0,0.00022435897435897436
text_text_ln_lrh0.001_frozen_e5_s42,71,1,1.77256,3.9812,0.0,0.00022756410256410256
text_text_ln_lrh0.001_frozen_e5_s42,72,1,1.34229,3.4641,0.0,0.0002307692307692308
text_text_ln_lrh0.001_frozen_e5_s42,73,1,1.82823,6.6988,0.0,0.000233974358974359
text_text_ln_lrh0.001_frozen_e5_s42,74,1,1.59209,2.0816,0.0,0.00023717948717948717
text_text_ln_lrh0.001_frozen_e5_s42,75,1,1.15259,5.0043,0.0,0.0002403846153846154
text_text_ln_lrh0.001_frozen_e5_s42,76,1,1.43756,2.2603,0.0,0.0002435897435897436
text_text_ln_lrh0.001_frozen_e5_s42,77,1,1.35968,1.8173,0.0,0.0002467948717948718
text_text_ln_lrh0.001_frozen_e5_s42,78,1,1.55597,2.5903,0.0,0.00025
text_text_ln_lrh0.001_frozen_e5_s42,79,1,1.42713,1.9473,0.0,0.0002532051282051282
text_text_ln_lrh0.001_frozen_e5_s42,80,1,1.96909,4.3748,0.0,0.0002564102564102564
text_text_ln_lrh0.001_frozen_e5_s42,81,1,1.49974,3.6157,0.0,0.00025961538461538467
text_text_ln_lrh0.001_frozen_e5_s42,82,1,1.59748,2.4967,0.0,0.0002628205128205128
text_text_ln_lrh0.001_frozen_e5_s42,83,1,1.59833,4.2773,0.0,0.000266025641025641
text_text_ln_lrh0.001_frozen_e5_s42,84,1,1.55671,1.9718,0.0,0.0002692307692307692
text_text_ln_lrh0.001_frozen_e5_s42,85,1,1.68403,3.0453,0.0,0.0002724358974358974
text_text_ln_lrh0.001_frozen_e5_s42,86,1,1.6088,2.73,0.0,0.0002756410256410257
text_text_ln_lrh0.001_frozen_e5_s42,87,1,1.47992,2.2631,0.0,0.0002788461538461539
text_text_ln_lrh0.001_frozen_e5_s42,88,1,1.42467,2.6106,0.0,0.00028205128205128203
text_text_ln_lrh0.001_frozen_e5_s42,89,1,1.85441,3.0327,0.0,0.00028525641025641023
text_text_ln_lrh0.001_frozen_e5_s42,90,1,1.68256,4.5656,0.0,0.00028846153846153843
text_text_ln_lrh0.001_frozen_e5_s42,91,1,1.56639,2.3877,0.0,0.0002916666666666667
text_text_ln_lrh0.001_frozen_e5_s42,92,1,1.37571,3.3265,0.0,0.0002948717948717949
text_text_ln_lrh0.001_frozen_e5_s42,93,1,1.52266,3.237,0.0,0.0002980769230769231
text_text_ln_lrh0.001_frozen_e5_s42,94,1,1.30643,2.422,0.0,0.0003012820512820513
text_text_ln_lrh0.001_frozen_e5_s42,95,1,1.22006,3.2598,0.0,0.00030448717948717945
text_text_ln_lrh0.001_frozen_e5_s42,96,1,1.47763,2.9541,0.0,0.0003076923076923077
text_text_ln_lrh0.001_frozen_e5_s42,97,1,1.38413,2.8482,0.0,0.0003108974358974359
text_text_ln_lrh0.001_frozen_e5_s42,98,1,1.75242,3.1083,0.0,0.0003141025641025641
text_text_ln_lrh0.001_frozen_e5_s42,99,1,1.81859,3.7527,0.0,0.0003173076923076923
text_text_ln_lrh0.001_frozen_e5_s42,100,1,1.52584,1.6995,0.0,0.00032051282051282057
text_text_ln_lrh0.001_frozen_e5_s42,101,1,1.59238,3.2494,0.0,0.0003237179487179487
text_text_ln_lrh0.001_frozen_e5_s42,102,1,1.68676,2.6619,0.0,0.0003269230769230769
text_text_ln_lrh0.001_frozen_e5_s42,103,1,1.69445,4.8829,0.0,0.0003301282051282051
text_text_ln_lrh0.001_frozen_e5_s42,104,1,1.81686,3.2988,0.0,0.0003333333333333333
text_text_ln_lrh0.001_frozen_e5_s42,105,1,1.32826,3.1004,0.0,0.0003365384615384616
text_text_ln_lrh0.001_frozen_e5_s42,106,1,1.60211,3.683,0.0,0.0003397435897435898
text_text_ln_lrh0.001_frozen_e5_s42,107,1,1.64666,3.1843,0.0,0.000342948717948718
text_text_ln_lrh0.001_frozen_e5_s42,108,1,1.20965,3.1647,0.0,0.00034615384615384613
text_text_ln_lrh0.001_frozen_e5_s42,109,1,1.34015,2.5812,0.0,0.00034935897435897433
text_text_ln_lrh0.001_frozen_e5_s42,110,1,1.57431,2.8651,0.0,0.0003525641025641026
text_text_ln_lrh0.001_frozen_e5_s42,111,1,1.28615,4.0406,0.0,0.0003557692307692308
text_text_ln_lrh0.001_frozen_e5_s42,112,1,1.56137,1.8204,0.0,0.000358974358974359
text_text_ln_lrh0.001_frozen_e5_s42,113,1,1.76234,3.1487,0.0,0.0003621794871794872
text_text_ln_lrh0.001_frozen_e5_s42,114,1,1.16125,3.0982,0.0,0.00036538461538461535
text_text_ln_lrh0.001_frozen_e5_s42,115,1,1.57334,3.0786,0.0,0.0003685897435897436
text_text_ln_lrh0.001_frozen_e5_s42,116,1,1.29596,3.1727,0.0,0.0003717948717948718
text_text_ln_lrh0.001_frozen_e5_s42,117,1,1.73088,3.919,0.0,0.000375
text_text_ln_lrh0.001_frozen_e5_s42,118,1,1.49413,2.3429,0.0,0.0003782051282051282
text_text_ln_lrh0.001_frozen_e5_s42,119,1,1.41205,3.6627,0.0,0.0003814102564102564
text_text_ln_lrh0.001_frozen_e5_s42,120,1,1.24154,3.6966,0.0,0.00038461538461538467
text_text_ln_lrh0.001_frozen_e5_s42,121,1,1.73164,3.2641,0.0,0.0003878205128205128
text_text_ln_lrh0.001_frozen_e5_s42,122,1,1.40346,2.9832,0.0,0.000391025641025641
text_text_ln_lrh0.001_frozen_e5_s42,123,1,1.28997,1.9292,0.0,0.0003942307692307692
text_text_ln_lrh0.001_frozen_e5_s42,124,1,1.53108,2.1204,0.0,0.0003974358974358974
text_text_ln_lrh0.001_frozen_e5_s42,125,1,1.80175,5.8509,0.0,0.0004006410256410257
text_text_ln_lrh0.001_frozen_e5_s42,126,1,0.95441,5.2775,0.0,0.0004038461538461539
text_text_ln_lrh0.001_frozen_e5_s42,127,1,1.18878,2.391,0.0,0.00040705128205128203
text_text_ln_lrh0.001_frozen_e5_s42,128,1,1.77684,3.6147,0.0,0.00041025641025641023
text_text_ln_lrh0.001_frozen_e5_s42,129,1,1.17445,3.6335,0.0,0.00041346153846153844
text_text_ln_lrh0.001_frozen_e5_s42,130,1,1.46246,2.5465,0.0,0.0004166666666666667
text_text_ln_lrh0.001_frozen_e5_s42,131,1,1.63947,2.1714,0.0,0.0004198717948717949
text_text_ln_lrh0.001_frozen_e5_s42,132,1,1.2459,3.1767,0.0,0.0004230769230769231
text_text_ln_lrh0.001_frozen_e5_s42,133,1,1.82297,6.3233,0.0,0.0004262820512820513
text_text_ln_lrh0.001_frozen_e5_s42,134,1,1.1722,3.0566,0.0,0.00042948717948717945
text_text_ln_lrh0.001_frozen_e5_s42,135,1,1.31224,2.842,0.0,0.0004326923076923077
text_text_ln_lrh0.001_frozen_e5_s42,136,1,1.06043,4.2082,0.0,0.0004358974358974359
text_text_ln_lrh0.001_frozen_e5_s42,137,1,1.45773,2.88,0.0,0.0004391025641025641
text_text_ln_lrh0.001_frozen_e5_s42,138,1,1.21049,1.9479,0.0,0.0004423076923076923
text_text_ln_lrh0.001_frozen_e5_s42,139,1,1.47161,3.4128,0.0,0.00044551282051282057
text_text_ln_lrh0.001_frozen_e5_s42,140,1,1.30654,3.0699,0.0,0.0004487179487179487
text_text_ln_lrh0.001_frozen_e5_s42,141,1,1.67617,3.1973,0.0,0.0004519230769230769
text_text_ln_lrh0.001_frozen_e5_s42,142,1,1.63656,6.1444,0.0,0.0004551282051282051
text_text_ln_lrh0.001_frozen_e5_s42,143,1,1.16267,1.7671,0.0,0.0004583333333333333
text_text_ln_lrh0.001_frozen_e5_s42,144,1,1.49069,4.0762,0.0,0.0004615384615384616
text_text_ln_lrh0.001_frozen_e5_s42,145,1,1.30981,2.4001,0.0,0.0004647435897435898
text_text_ln_lrh0.001_frozen_e5_s42,146,1,1.12124,4.0941,0.0,0.000467948717948718
text_text_ln_lrh0.001_frozen_e5_s42,147,1,1.51912,3.2988,0.0,0.00047115384615384613
text_text_ln_lrh0.001_frozen_e5_s42,148,1,1.70111,3.0562,0.0,0.00047435897435897434
text_text_ln_lrh0.001_frozen_e5_s42,149,1,1.74229,3.8411,0.0,0.0004775641025641026
text_text_ln_lrh0.001_frozen_e5_s42,150,1,1.25697,3.2123,0.0,0.0004807692307692308
text_text_ln_lrh0.001_frozen_e5_s42,151,1,1.77423,4.7277,0.0,0.000483974358974359
text_text_ln_lrh0.001_frozen_e5_s42,152,1,1.50543,4.4881,0.0,0.0004871794871794872
text_text_ln_lrh0.001_frozen_e5_s42,153,1,1.80534,3.5695,0.0,0.0004903846153846154
text_text_ln_lrh0.001_frozen_e5_s42,154,1,1.55113,5.4643,0.0,0.0004935897435897436
text_text_ln_lrh0.001_frozen_e5_s42,155,1,1.15452,4.9007,0.0,0.0004967948717948718
text_text_ln_lrh0.001_frozen_e5_s42,156,1,1.73274,3.2191,0.0,0.0005
text_text_ln_lrh0.001_frozen_e5_s42,157,1,1.43264,3.3329,0.0,0.0005032051282051282
text_text_ln_lrh0.001_frozen_e5_s42,158,1,1.73391,3.5069,0.0,0.0005064102564102564
text_text_ln_lrh0.001_frozen_e5_s42,159,1,1.49082,3.4186,0.0,0.0005096153846153846
text_text_ln_lrh0.001_frozen_e5_s42,160,1,1.42995,4.4067,0.0,0.0005128205128205128
text_text_ln_lrh0.001_frozen_e5_s42,161,1,1.66303,3.6505,0.0,0.0005160256410256411
text_text_ln_lrh0.001_frozen_e5_s42,162,1,2.00994,3.9453,0.0,0.0005192307692307693
text_text_ln_lrh0.001_frozen_e5_s42,163,1,1.41353,2.5878,0.0,0.0005224358974358974
text_text_ln_lrh0.001_frozen_e5_s42,164,1,1.45286,3.3662,0.0,0.0005256410256410256
text_text_ln_lrh0.001_frozen_e5_s42,165,1,1.1698,2.9684,0.0,0.0005288461538461538
text_text_ln_lrh0.001_frozen_e5_s42,166,1,1.33748,3.5248,0.0,0.000532051282051282
text_text_ln_lrh0.001_frozen_e5_s42,167,1,1.93527,3.2399,0.0,0.0005352564102564102
text_text_ln_lrh0.001_frozen_e5_s42,168,1,1.21283,4.2763,0.0,0.0005384615384615384
text_text_ln_lrh0.001_frozen_e5_s42,169,1,1.24277,4.5689,0.0,0.0005416666666666666
text_text_ln_lrh0.001_frozen_e5_s42,170,1,1.42516,1.717,0.0,0.0005448717948717948
text_text_ln_lrh0.001_frozen_e5_s42,171,1,1.56423,2.5838,0.0,0.0005480769230769232
text_text_ln_lrh0.001_frozen_e5_s42,172,1,1.43733,2.6531,0.0,0.0005512820512820514
text_text_ln_lrh0.001_frozen_e5_s42,173,1,1.04961,3.6089,0.0,0.0005544871794871796
text_text_ln_lrh0.001_frozen_e5_s42,174,1,1.51494,2.4605,0.0,0.0005576923076923078
text_text_ln_lrh0.001_frozen_e5_s42,175,1,1.59448,5.2268,0.0,0.000560897435897436
text_text_ln_lrh0.001_frozen_e5_s42,176,1,1.23764,1.9388,0.0,0.0005641025641025641
text_text_ln_lrh0.001_frozen_e5_s42,177,1,1.71709,4.6184,0.0,0.0005673076923076923
text_text_ln_lrh0.001_frozen_e5_s42,178,1,1.17632,3.4589,0.0,0.0005705128205128205
text_text_ln_lrh0.001_frozen_e5_s42,179,1,1.89552,4.8615,0.0,0.0005737179487179487
text_text_ln_lrh0.001_frozen_e5_s42,180,1,1.52134,3.7425,0.0,0.0005769230769230769
text_text_ln_lrh0.001_frozen_e5_s42,181,1,1.53406,3.167,0.0,0.0005801282051282052
text_text_ln_lrh0.001_frozen_e5_s42,182,1,1.69481,3.8859,0.0,0.0005833333333333334
text_text_ln_lrh0.001_frozen_e5_s42,183,1,1.21279,3.5875,0.0,0.0005865384615384616
text_text_ln_lrh0.001_frozen_e5_s42,184,1,1.91462,5.0713,0.0,0.0005897435897435898
text_text_ln_lrh0.001_frozen_e5_s42,185,1,1.70335,3.9346,0.0,0.000592948717948718
text_text_ln_lrh0.001_frozen_e5_s42,186,1,1.33598,3.5915,0.0,0.0005961538461538462
text_text_ln_lrh0.001_frozen_e5_s42,187,1,1.3927,4.7958,0.0,0.0005993589743589744
text_text_ln_lrh0.001_frozen_e5_s42,188,1,1.82865,4.7642,0.0,0.0006025641025641026
text_text_ln_lrh0.001_frozen_e5_s42,189,1,1.45215,4.3329,0.0,0.0006057692307692307
text_text_ln_lrh0.001_frozen_e5_s42,190,1,1.71948,3.1046,0.0,0.0006089743589743589
text_text_ln_lrh0.001_frozen_e5_s42,191,1,1.52045,2.0832,0.0,0.0006121794871794872
text_text_ln_lrh0.001_frozen_e5_s42,192,1,1.26044,3.6175,0.0,0.0006153846153846154
text_text_ln_lrh0.001_frozen_e5_s42,193,1,1.35098,2.9937,0.0,0.0006185897435897436
text_text_ln_lrh0.001_frozen_e5_s42,194,1,1.36813,2.5308,0.0,0.0006217948717948718
text_text_ln_lrh0.001_frozen_e5_s42,195,1,1.62523,3.2142,0.0,0.000625
text_text_ln_lrh0.001_frozen_e5_s42,196,1,1.39702,4.0178,0.0,0.0006282051282051282
text_text_ln_lrh0.001_frozen_e5_s42,197,1,1.47687,5.0582,0.0,0.0006314102564102564
text_text_ln_lrh0.001_frozen_e5_s42,198,1,1.16272,4.2676,0.0,0.0006346153846153846
text_text_ln_lrh0.001_frozen_e5_s42,199,1,1.40254,2.9821,0.0,0.0006378205128205128
text_text_ln_lrh0.001_frozen_e5_s42,200,1,2.15502,6.0389,0.0,0.0006410256410256411
text_text_ln_lrh0.001_frozen_e5_s42,201,1,1.09342,2.5798,0.0,0.0006442307692307693
text_text_ln_lrh0.001_frozen_e5_s42,202,1,1.58361,5.5683,0.0,0.0006474358974358974
text_text_ln_lrh0.001_frozen_e5_s42,203,1,1.72511,5.5945,0.0,0.0006506410256410256
text_text_ln_lrh0.001_frozen_e5_s42,204,1,1.31894,2.2137,0.0,0.0006538461538461538
text_text_ln_lrh0.001_frozen_e5_s42,205,1,1.49084,2.4838,0.0,0.000657051282051282
text_text_ln_lrh0.001_frozen_e5_s42,206,1,1.31518,2.4329,0.0,0.0006602564102564102
text_text_ln_lrh0.001_frozen_e5_s42,207,1,1.15638,3.4091,0.0,0.0006634615384615384
text_text_ln_lrh0.001_frozen_e5_s42,208,1,1.70771,5.9451,0.0,0.0006666666666666666
text_text_ln_lrh0.001_frozen_e5_s42,209,1,1.2601,4.2342,0.0,0.0006698717948717948
text_text_ln_lrh0.001_frozen_e5_s42,210,1,1.41754,2.6292,0.0,0.0006730769230769232
text_text_ln_lrh0.001_frozen_e5_s42,211,1,1.33255,2.4961,0.0,0.0006762820512820514
text_text_ln_lrh0.001_frozen_e5_s42,212,1,0.9437,2.603,0.0,0.0006794871794871796
text_text_ln_lrh0.001_frozen_e5_s42,213,1,1.28686,3.1214,0.0,0.0006826923076923078
text_text_ln_lrh0.001_frozen_e5_s42,214,1,1.55652,2.4736,0.0,0.000685897435897436
text_text_ln_lrh0.001_frozen_e5_s42,215,1,1.30013,2.5184,0.0,0.0006891025641025641
text_text_ln_lrh0.001_frozen_e5_s42,216,1,1.24832,2.0249,0.0,0.0006923076923076923
text_text_ln_lrh0.001_frozen_e5_s42,217,1,1.50324,4.16,0.0,0.0006955128205128205
text_text_ln_lrh0.001_frozen_e5_s42,218,1,1.07556,1.9367,0.0,0.0006987179487179487
text_text_ln_lrh0.001_frozen_e5_s42,219,1,0.93112,4.4823,0.0,0.0007019230769230769
text_text_ln_lrh0.001_frozen_e5_s42,220,1,1.61205,3.3446,0.0,0.0007051282051282052
text_text_ln_lrh0.001_frozen_e5_s42,221,1,1.63674,3.8336,0.0,0.0007083333333333334
text_text_ln_lrh0.001_frozen_e5_s42,222,1,1.59562,3.7419,0.0,0.0007115384615384616
text_text_ln_lrh0.001_frozen_e5_s42,223,1,1.92374,3.9133,0.0,0.0007147435897435898
text_text_ln_lrh0.001_frozen_e5_s42,224,1,1.32764,2.1796,0.0,0.000717948717948718
text_text_ln_lrh0.001_frozen_e5_s42,225,1,1.01558,5.1504,0.0,0.0007211538461538462
text_text_ln_lrh0.001_frozen_e5_s42,226,1,1.51944,3.0252,0.0,0.0007243589743589744
text_text_ln_lrh0.001_frozen_e5_s42,227,1,1.05298,3.4532,0.0,0.0007275641025641026
text_text_ln_lrh0.001_frozen_e5_s42,228,1,1.39645,3.303,0.0,0.0007307692307692307
text_text_ln_lrh0.001_frozen_e5_s42,229,1,1.32271,3.8492,0.0,0.0007339743589743589
text_text_ln_lrh0.001_frozen_e5_s42,230,1,1.23729,2.4298,0.0,0.0007371794871794872
text_text_ln_lrh0.001_frozen_e5_s42,231,1,1.09214,3.8298,0.0,0.0007403846153846154
text_text_ln_lrh0.001_frozen_e5_s42,232,1,1.40939,2.9386,0.0,0.0007435897435897436
text_text_ln_lrh0.001_frozen_e5_s42,233,1,1.23395,3.2263,0.0,0.0007467948717948718
text_text_ln_lrh0.001_frozen_e5_s42,234,1,0.97901,4.233,0.0,0.00075
text_text_ln_lrh0.001_frozen_e5_s42,235,1,1.52166,5.3079,0.0,0.0007532051282051282
text_text_ln_lrh0.001_frozen_e5_s42,236,1,0.95236,3.2414,0.0,0.0007564102564102564
text_text_ln_lrh0.001_frozen_e5_s42,237,1,1.51703,3.7378,0.0,0.0007596153846153846
text_text_ln_lrh0.001_frozen_e5_s42,238,1,1.56515,5.2518,0.0,0.0007628205128205128
text_text_ln_lrh0.001_frozen_e5_s42,239,1,1.17969,3.4659,0.0,0.0007660256410256411
text_text_ln_lrh0.001_frozen_e5_s42,240,1,1.40911,4.1758,0.0,0.0007692307692307693
text_text_ln_lrh0.001_frozen_e5_s42,241,1,1.76014,7.3307,0.0,0.0007724358974358974
text_text_ln_lrh0.001_frozen_e5_s42,242,1,1.25344,1.7532,0.0,0.0007756410256410256
text_text_ln_lrh0.001_frozen_e5_s42,243,1,1.36574,3.0239,0.0,0.0007788461538461538
text_text_ln_lrh0.001_frozen_e5_s42,244,1,1.13601,2.1071,0.0,0.000782051282051282
text_text_ln_lrh0.001_frozen_e5_s42,245,1,0.86708,5.9006,0.0,0.0007852564102564102
text_text_ln_lrh0.001_frozen_e5_s42,246,1,1.28105,1.9065,0.0,0.0007884615384615384
text_text_ln_lrh0.001_frozen_e5_s42,247,1,1.46931,3.2065,0.0,0.0007916666666666666
text_text_ln_lrh0.001_frozen_e5_s42,248,1,1.25161,3.0134,0.0,0.0007948717948717948
text_text_ln_lrh0.001_frozen_e5_s42,249,1,1.99023,4.8283,0.0,0.0007980769230769232
text_text_ln_lrh0.001_frozen_e5_s42,250,1,1.47454,3.3635,0.0,0.0008012820512820514
text_text_ln_lrh0.001_frozen_e5_s42,251,1,1.17864,2.8657,0.0,0.0008044871794871796
text_text_ln_lrh0.001_frozen_e5_s42,252,1,1.33818,2.4441,0.0,0.0008076923076923078
text_text_ln_lrh0.001_frozen_e5_s42,253,1,1.16216,4.1733,0.0,0.000810897435897436
text_text_ln_lrh0.001_frozen_e5_s42,254,1,1.08321,3.5675,0.0,0.0008141025641025641
text_text_ln_lrh0.001_frozen_e5_s42,255,1,1.5044,5.4743,0.0,0.0008173076923076923
text_text_ln_lrh0.001_frozen_e5_s42,256,1,1.17096,4.722,0.0,0.0008205128205128205
text_text_ln_lrh0.001_frozen_e5_s42,257,1,1.19329,2.5242,0.0,0.0008237179487179487
text_text_ln_lrh0.001_frozen_e5_s42,258,1,1.18319,2.9873,0.0,0.0008269230769230769
text_text_ln_lrh0.001_frozen_e5_s42,259,1,1.21731,1.6089,0.0,0.0008301282051282052
text_text_ln_lrh0.001_frozen_e5_s42,260,1,1.12443,3.7624,0.0,0.0008333333333333334
text_text_ln_lrh0.001_frozen_e5_s42,261,1,1.47215,4.4654,0.0,0.0008365384615384616
text_text_ln_lrh0.001_frozen_e5_s42,262,1,1.13256,1.7339,0.0,0.0008397435897435898
text_text_ln_lrh0.001_frozen_e5_s42,263,1,1.45223,4.2642,0.0,0.000842948717948718
text_text_ln_lrh0.001_frozen_e5_s42,264,1,1.30245,3.4747,0.0,0.0008461538461538462
text_text_ln_lrh0.001_frozen_e5_s42,265,1,2.28367,6.4662,0.0,0.0008493589743589744
text_text_ln_lrh0.001_frozen_e5_s42,266,1,1.34908,4.391,0.0,0.0008525641025641026
text_text_ln_lrh0.001_frozen_e5_s42,267,1,1.45388,2.7778,0.0,0.0008557692307692307
text_text_ln_lrh0.001_frozen_e5_s42,268,1,1.03044,3.8188,0.0,0.0008589743589743589
text_text_ln_lrh0.001_frozen_e5_s42,269,1,1.72593,5.2702,0.0,0.0008621794871794872
text_text_ln_lrh0.001_frozen_e5_s42,270,1,1.17404,2.7925,0.0,0.0008653846153846154
text_text_ln_lrh0.001_frozen_e5_s42,271,1,1.06108,3.6955,0.0,0.0008685897435897436
text_text_ln_lrh0.001_frozen_e5_s42,272,1,1.23826,3.1934,0.0,0.0008717948717948718
text_text_ln_lrh0.001_frozen_e5_s42,273,1,1.71104,3.6081,0.0,0.000875
text_text_ln_lrh0.001_frozen_e5_s42,274,1,0.91356,2.9234,0.0,0.0008782051282051282
text_text_ln_lrh0.001_frozen_e5_s42,275,1,1.29303,3.9542,0.0,0.0008814102564102564
text_text_ln_lrh0.001_frozen_e5_s42,276,1,1.07482,4.0058,0.0,0.0008846153846153846
text_text_ln_lrh0.001_frozen_e5_s42,277,1,0.89673,2.7057,0.0,0.0008878205128205128
text_text_ln_lrh0.001_frozen_e5_s42,278,1,1.14491,4.8877,0.0,0.0008910256410256411
text_text_ln_lrh0.001_frozen_e5_s42,279,1,1.44878,3.3327,0.0,0.0008942307692307693
text_text_ln_lrh0.001_frozen_e5_s42,280,1,1.5775,6.0361,0.0,0.0008974358974358974
text_text_ln_lrh0.001_frozen_e5_s42,281,1,0.7603,3.0471,0.0,0.0009006410256410256
text_text_ln_lrh0.001_frozen_e5_s42,282,1,1.76411,7.7629,0.0,0.0009038461538461538
text_text_ln_lrh0.001_frozen_e5_s42,283,1,1.2698,2.2265,0.0,0.000907051282051282
text_text_ln_lrh0.001_frozen_e5_s42,284,1,1.61156,3.0848,0.0,0.0009102564102564102
text_text_ln_lrh0.001_frozen_e5_s42,285,1,1.59081,4.2548,0.0,0.0009134615384615384
text_text_ln_lrh0.001_frozen_e5_s42,286,1,1.34063,3.4788,0.0,0.0009166666666666666
text_text_ln_lrh0.001_frozen_e5_s42,287,1,1.52627,3.3464,0.0,0.0009198717948717949
text_text_ln_lrh0.001_frozen_e5_s42,288,1,1.24327,4.6633,0.0,0.0009230769230769232
text_text_ln_lrh0.001_frozen_e5_s42,289,1,1.30782,2.8954,0.0,0.0009262820512820514
text_text_ln_lrh0.001_frozen_e5_s42,290,1,1.31112,6.4083,0.0,0.0009294871794871796
text_text_ln_lrh0.001_frozen_e5_s42,291,1,1.76855,4.4294,0.0,0.0009326923076923078
text_text_ln_lrh0.001_frozen_e5_s42,292,1,1.24298,2.6521,0.0,0.000935897435897436
text_text_ln_lrh0.001_frozen_e5_s42,293,1,1.08244,3.8521,0.0,0.0009391025641025641
text_text_ln_lrh0.001_frozen_e5_s42,294,1,1.458,3.1129,0.0,0.0009423076923076923
text_text_ln_lrh0.001_frozen_e5_s42,295,1,1.22513,2.4381,0.0,0.0009455128205128205
text_text_ln_lrh0.001_frozen_e5_s42,296,1,1.72427,5.0044,0.0,0.0009487179487179487
text_text_ln_lrh0.001_frozen_e5_s42,297,1,1.69933,6.1434,0.0,0.0009519230769230769
text_text_ln_lrh0.001_frozen_e5_s42,298,1,1.357,4.203,0.0,0.0009551282051282052
text_text_ln_lrh0.001_frozen_e5_s42,299,1,1.5448,5.137,0.0,0.0009583333333333334
text_text_ln_lrh0.001_frozen_e5_s42,300,1,1.40455,3.2216,0.0,0.0009615384615384616
text_text_ln_lrh0.001_frozen_e5_s42,301,1,1.63461,3.6782,0.0,0.0009647435897435898
text_text_ln_lrh0.001_frozen_e5_s42,302,1,1.18652,3.6094,0.0,0.000967948717948718
text_text_ln_lrh0.001_frozen_e5_s42,303,1,1.42229,5.1317,0.0,0.0009711538461538462
text_text_ln_lrh0.001_frozen_e5_s42,304,1,1.31451,2.8963,0.0,0.0009743589743589744
text_text_ln_lrh0.001_frozen_e5_s42,305,1,1.25207,2.6527,0.0,0.0009775641025641026
text_text_ln_lrh0.001_frozen_e5_s42,306,1,1.36298,2.313,0.0,0.0009807692307692308
text_text_ln_lrh0.001_frozen_e5_s42,307,1,1.07439,3.0323,0.0,0.000983974358974359
text_text_ln_lrh0.001_frozen_e5_s42,308,1,1.32072,3.0395,0.0,0.0009871794871794872
text_text_ln_lrh0.001_frozen_e5_s42,309,1,1.03141,3.454,0.0,0.0009903846153846154
text_text_ln_lrh0.001_frozen_e5_s42,310,1,1.48487,2.1322,0.0,0.0009935897435897436
text_text_ln_lrh0.001_frozen_e5_s42,311,1,1.0877,3.024,0.0,0.0009967948717948718
text_text_ln_lrh0.001_frozen_e5_s42,312,1,1.18793,2.9508,0.0,0.001
text_text_ln_lrh0.001_frozen_e5_s42,313,1,1.20946,4.8845,0.0,0.0009996445076430856
text_text_ln_lrh0.001_frozen_e5_s42,314,1,1.47195,4.3394,0.0,0.0009992890152861714
text_text_ln_lrh0.001_frozen_e5_s42,315,1,1.69751,3.1653,0.0,0.000998933522929257
text_text_ln_lrh0.001_frozen_e5_s42,316,1,1.39446,2.5403,0.0,0.0009985780305723428
text_text_ln_lrh0.001_frozen_e5_s42,317,1,0.96305,7.4794,0.0,0.0009982225382154284
text_text_ln_lrh0.001_frozen_e5_s42,318,1,1.44252,1.8325,0.0,0.000997867045858514
text_text_ln_lrh0.001_frozen_e5_s42,319,1,1.28353,2.3291,0.0,0.0009975115535015998
text_text_ln_lrh0.001_frozen_e5_s42,320,1,1.33987,4.8615,0.0,0.0009971560611446854
text_text_ln_lrh0.001_frozen_e5_s42,321,1,1.44222,3.668,0.0,0.000996800568787771
text_text_ln_lrh0.001_frozen_e5_s42,322,1,1.17398,5.2736,0.0,0.0009964450764308568
text_text_ln_lrh0.001_frozen_e5_s42,323,1,1.55448,3.2517,0.0,0.0009960895840739426
text_text_ln_lrh0.001_frozen_e5_s42,324,1,1.54923,3.2875,0.0,0.0009957340917170281
text_text_ln_lrh0.001_frozen_e5_s42,325,1,1.26376,3.6001,0.0,0.0009953785993601137
text_text_ln_lrh0.001_frozen_e5_s42,326,1,1.42314,2.7912,0.0,0.0009950231070031995
text_text_ln_lrh0.001_frozen_e5_s42,327,1,1.3817,2.7472,0.0,0.0009946676146462851
text_text_ln_lrh0.001_frozen_e5_s42,328,1,1.38561,4.2481,0.0,0.000994312122289371
text_text_ln_lrh0.001_frozen_e5_s42,329,1,1.25505,3.3045,0.0,0.0009939566299324565
text_text_ln_lrh0.001_frozen_e5_s42,330,1,1.16075,2.0076,0.0,0.000993601137575542
text_text_ln_lrh0.001_frozen_e5_s42,331,1,1.72458,5.3236,0.0,0.000993245645218628
text_text_ln_lrh0.001_frozen_e5_s42,332,1,1.63733,3.1824,0.0,0.0009928901528617135
text_text_ln_lrh0.001_frozen_e5_s42,333,1,1.20865,3.3316,0.0,0.000992534660504799
text_text_ln_lrh0.001_frozen_e5_s42,334,1,1.10621,2.9178,0.0,0.0009921791681478849
text_text_ln_lrh0.001_frozen_e5_s42,335,1,1.24519,3.3689,0.0,0.0009918236757909705
text_text_ln_lrh0.001_frozen_e5_s42,336,1,1.64622,2.3006,0.0,0.0009914681834340563
text_text_ln_lrh0.001_frozen_e5_s42,337,1,1.10199,3.1083,0.0,0.0009911126910771418
text_text_ln_lrh0.001_frozen_e5_s42,338,1,1.09699,3.1996,0.0,0.0009907571987202274
text_text_ln_lrh0.001_frozen_e5_s42,339,1,1.14071,3.9586,0.0,0.0009904017063633132
text_text_ln_lrh0.001_frozen_e5_s42,340,1,1.37624,2.7972,0.0,0.000990046214006399
text_text_ln_lrh0.001_frozen_e5_s42,341,1,1.51414,3.4759,0.0,0.0009896907216494846
text_text_ln_lrh0.001_frozen_e5_s42,342,1,1.86364,6.6538,0.0,0.0009893352292925702
text_text_ln_lrh0.001_frozen_e5_s42,343,1,1.56924,2.8655,0.0,0.0009889797369356558
text_text_ln_lrh0.001_frozen_e5_s42,344,1,1.12079,2.617,0.0,0.0009886242445787416
text_text_ln_lrh0.001_frozen_e5_s42,345,1,1.36138,3.0897,0.0,0.0009882687522218272
text_text_ln_lrh0.001_frozen_e5_s42,346,1,1.55149,2.3851,0.0,0.0009879132598649128
text_text_ln_lrh0.001_frozen_e5_s42,347,1,1.0432,3.0396,0.0,0.0009875577675079986
text_text_ln_lrh0.001_frozen_e5_s42,348,1,0.92672,2.5018,0.0,0.0009872022751510844
text_text_ln_lrh0.001_frozen_e5_s42,349,1,0.97196,3.0583,0.0,0.00098684678279417
text_text_ln_lrh0.001_frozen_e5_s42,350,1,1.24196,3.8273,0.0,0.0009864912904372556
text_text_ln_lrh0.001_frozen_e5_s42,351,1,0.89175,2.0998,0.0,0.0009861357980803414
text_text_ln_lrh0.001_frozen_e5_s42,352,1,1.11037,4.805,0.0,0.000985780305723427
text_text_ln_lrh0.001_frozen_e5_s42,353,1,0.73241,1.8938,0.0,0.0009854248133665127
text_text_ln_lrh0.001_frozen_e5_s42,354,1,1.15027,4.5379,0.0,0.0009850693210095983
text_text_ln_lrh0.001_frozen_e5_s42,355,1,1.00272,2.8922,0.0,0.000984713828652684
text_text_ln_lrh0.001_frozen_e5_s42,356,1,1.34636,4.6333,0.0,0.0009843583362957697
text_text_ln_lrh0.001_frozen_e5_s42,357,1,1.28509,2.9892,0.0,0.0009840028439388553
text_text_ln_lrh0.001_frozen_e5_s42,358,1,2.00622,6.5496,0.0,0.000983647351581941
text_text_ln_lrh0.001_frozen_e5_s42,359,1,1.55556,4.794,0.0,0.0009832918592250267
text_text_ln_lrh0.001_frozen_e5_s42,360,1,1.32836,4.9892,0.0,0.0009829363668681123
text_text_ln_lrh0.001_frozen_e5_s42,361,1,1.17777,2.0434,0.0,0.000982580874511198
text_text_ln_lrh0.001_frozen_e5_s42,362,1,1.66338,4.4438,0.0,0.0009822253821542837
text_text_ln_lrh0.001_frozen_e5_s42,363,1,1.51896,5.2881,0.0,0.0009818698897973693
text_text_ln_lrh0.001_frozen_e5_s42,364,1,1.30595,5.4495,0.0,0.000981514397440455
text_text_ln_lrh0.001_frozen_e5_s42,365,1,1.55184,3.932,0.0,0.0009811589050835409
text_text_ln_lrh0.001_frozen_e5_s42,366,1,1.45934,2.6359,0.0,0.0009808034127266265
text_text_ln_lrh0.001_frozen_e5_s42,367,1,1.26123,1.7542,0.0,0.000980447920369712
text_text_ln_lrh0.001_frozen_e5_s42,368,1,1.33505,4.1317,0.0,0.0009800924280127978
text_text_ln_lrh0.001_frozen_e5_s42,369,1,1.34323,4.7104,0.0,0.0009797369356558834
text_text_ln_lrh0.001_frozen_e5_s42,370,1,0.81712,3.0339,0.0,0.000979381443298969
text_text_ln_lrh0.001_frozen_e5_s42,371,1,1.5612,2.229,0.0,0.0009790259509420548
text_text_ln_lrh0.001_frozen_e5_s42,372,1,1.37773,2.7181,0.0,0.0009786704585851404
text_text_ln_lrh0.001_frozen_e5_s42,373,1,1.44495,3.4309,0.0,0.0009783149662282262
text_text_ln_lrh0.001_frozen_e5_s42,374,1,1.04845,1.9751,0.0,0.0009779594738713118
text_text_ln_lrh0.001_frozen_e5_s42,375,1,1.14759,2.2558,0.0,0.0009776039815143974
text_text_ln_lrh0.001_frozen_e5_s42,376,1,1.23851,3.4423,0.0,0.0009772484891574832
text_text_ln_lrh0.001_frozen_e5_s42,377,1,1.58528,4.0917,0.0,0.0009768929968005688
text_text_ln_lrh0.001_frozen_e5_s42,378,1,1.27553,2.744,0.0,0.0009765375044436545
text_text_ln_lrh0.001_frozen_e5_s42,379,1,1.14007,5.2203,0.0,0.0009761820120867402
text_text_ln_lrh0.001_frozen_e5_s42,380,1,1.86286,6.3772,0.0,0.0009758265197298259
text_text_ln_lrh0.001_frozen_e5_s42,381,1,1.01521,5.756,0.0,0.0009754710273729114
text_text_ln_lrh0.001_frozen_e5_s42,382,1,1.74603,3.3925,0.0,0.0009751155350159971
text_text_ln_lrh0.001_frozen_e5_s42,383,1,1.26332,5.9169,0.0,0.0009747600426590828
text_text_ln_lrh0.001_frozen_e5_s42,384,1,1.10758,7.0829,0.0,0.0009744045503021685
text_text_ln_lrh0.001_frozen_e5_s42,385,1,1.24352,2.1641,0.0,0.0009740490579452542
text_text_ln_lrh0.001_frozen_e5_s42,386,1,1.44048,3.6537,0.0,0.0009736935655883399
text_text_ln_lrh0.001_frozen_e5_s42,387,1,1.27966,2.6889,0.0,0.0009733380732314255
text_text_ln_lrh0.001_frozen_e5_s42,388,1,1.32069,2.471,0.0,0.0009729825808745112
text_text_ln_lrh0.001_frozen_e5_s42,389,1,1.09549,2.6287,0.0,0.0009726270885175969
text_text_ln_lrh0.001_frozen_e5_s42,390,1,1.02823,2.6059,0.0,0.0009722715961606826
text_text_ln_lrh0.001_frozen_e5_s42,391,1,1.11117,2.2802,0.0,0.0009719161038037683
text_text_ln_lrh0.001_frozen_e5_s42,392,1,1.3745,2.7033,0.0,0.000971560611446854
text_text_ln_lrh0.001_frozen_e5_s42,393,1,1.40639,2.4817,0.0,0.0009712051190899396
text_text_ln_lrh0.001_frozen_e5_s42,394,1,1.40305,3.2773,0.0,0.0009708496267330253
text_text_ln_lrh0.001_frozen_e5_s42,395,1,1.15574,2.2175,0.0,0.0009704941343761108
text_text_ln_lrh0.001_frozen_e5_s42,396,1,1.10126,3.6385,0.0,0.0009701386420191967
text_text_ln_lrh0.001_frozen_e5_s42,397,1,0.99632,5.4178,0.0,0.0009697831496622823
text_text_ln_lrh0.001_frozen_e5_s42,398,1,1.18979,2.3638,0.0,0.0009694276573053679
text_text_ln_lrh0.001_frozen_e5_s42,399,1,1.01302,3.7478,0.0,0.0009690721649484536
text_text_ln_lrh0.001_frozen_e5_s42,400,1,1.73164,7.5141,0.0,0.0009687166725915393
text_text_ln_lrh0.001_frozen_e5_s42,401,1,1.09753,4.6282,0.0,0.0009683611802346249
text_text_ln_lrh0.001_frozen_e5_s42,402,1,1.66018,3.8937,0.0,0.0009680056878777106
text_text_ln_lrh0.001_frozen_e5_s42,403,1,1.9701,4.7557,0.0,0.0009676501955207964
text_text_ln_lrh0.001_frozen_e5_s42,404,1,1.35232,2.719,0.0,0.000967294703163882
text_text_ln_lrh0.001_frozen_e5_s42,405,1,1.03175,2.9699,0.0,0.0009669392108069677
text_text_ln_lrh0.001_frozen_e5_s42,406,1,1.14585,2.5825,0.0,0.0009665837184500534
text_text_ln_lrh0.001_frozen_e5_s42,407,1,1.33143,2.8621,0.0,0.000966228226093139
text_text_ln_lrh0.001_frozen_e5_s42,408,1,1.00327,3.0328,0.0,0.0009658727337362247
text_text_ln_lrh0.001_frozen_e5_s42,409,1,1.25856,4.1513,0.0,0.0009655172413793104
text_text_ln_lrh0.001_frozen_e5_s42,410,1,1.07526,3.2714,0.0,0.000965161749022396
text_text_ln_lrh0.001_frozen_e5_s42,411,1,1.37253,2.6808,0.0,0.0009648062566654817
text_text_ln_lrh0.001_frozen_e5_s42,412,1,1.74156,5.9231,0.0,0.0009644507643085673
text_text_ln_lrh0.001_frozen_e5_s42,413,1,0.98447,2.4135,0.0,0.000964095271951653
text_text_ln_lrh0.001_frozen_e5_s42,414,1,1.7404,4.7103,0.0,0.0009637397795947387
text_text_ln_lrh0.001_frozen_e5_s42,415,1,1.57772,4.7433,0.0,0.0009633842872378244
text_text_ln_lrh0.001_frozen_e5_s42,416,1,1.59301,2.5296,0.0,0.0009630287948809101
text_text_ln_lrh0.001_frozen_e5_s42,417,1,1.61719,3.1041,0.0,0.0009626733025239958
text_text_ln_lrh0.001_frozen_e5_s42,418,1,1.65045,2.4791,0.0,0.0009623178101670814
text_text_ln_lrh0.001_frozen_e5_s42,419,1,1.0851,7.4183,0.0,0.0009619623178101671
text_text_ln_lrh0.001_frozen_e5_s42,420,1,1.12335,5.7434,0.0,0.0009616068254532528
text_text_ln_lrh0.001_frozen_e5_s42,421,1,1.67669,3.7094,0.0,0.0009612513330963385
text_text_ln_lrh0.001_frozen_e5_s42,422,1,1.48866,3.2663,0.0,0.0009608958407394242
text_text_ln_lrh0.001_frozen_e5_s42,423,1,1.64244,2.2677,0.0,0.0009605403483825098
text_text_ln_lrh0.001_frozen_e5_s42,424,1,1.36996,2.2909,0.0,0.0009601848560255955
text_text_ln_lrh0.001_frozen_e5_s42,425,1,0.77829,4.3829,0.0,0.0009598293636686811
text_text_ln_lrh0.001_frozen_e5_s42,426,1,1.35924,3.6088,0.0,0.0009594738713117667
text_text_ln_lrh0.001_frozen_e5_s42,427,1,1.25024,4.0593,0.0,0.0009591183789548525
text_text_ln_lrh0.001_frozen_e5_s42,428,1,1.51216,3.698,0.0,0.0009587628865979382
text_text_ln_lrh0.001_frozen_e5_s42,429,1,1.51444,4.7057,0.0,0.0009584073942410238
text_text_ln_lrh0.001_frozen_e5_s42,430,1,1.19233,3.0352,0.0,0.0009580519018841095
text_text_ln_lrh0.001_frozen_e5_s42,431,1,1.42369,4.1668,0.0,0.0009576964095271952
text_text_ln_lrh0.001_frozen_e5_s42,432,1,0.93277,2.5463,0.0,0.0009573409171702808
text_text_ln_lrh0.001_frozen_e5_s42,433,1,1.41881,3.7496,0.0,0.0009569854248133665
text_text_ln_lrh0.001_frozen_e5_s42,434,1,1.28187,3.2936,0.0,0.0009566299324564523
text_text_ln_lrh0.001_frozen_e5_s42,435,1,0.91023,3.0673,0.0,0.0009562744400995379
text_text_ln_lrh0.001_frozen_e5_s42,436,1,1.71571,2.9689,0.0,0.0009559189477426236
text_text_ln_lrh0.001_frozen_e5_s42,437,1,1.06845,3.3471,0.0,0.0009555634553857092
text_text_ln_lrh0.001_frozen_e5_s42,438,1,1.27976,4.5999,0.0,0.0009552079630287949
text_text_ln_lrh0.001_frozen_e5_s42,439,1,1.40105,3.1194,0.0,0.0009548524706718806
text_text_ln_lrh0.001_frozen_e5_s42,440,1,1.83997,5.1245,0.0,0.0009544969783149662
text_text_ln_lrh0.001_frozen_e5_s42,441,1,1.273,2.272,0.0,0.0009541414859580519
text_text_ln_lrh0.001_frozen_e5_s42,442,1,0.96088,4.1074,0.0,0.0009537859936011376
text_text_ln_lrh0.001_frozen_e5_s42,443,1,1.51514,3.2863,0.0,0.0009534305012442232
text_text_ln_lrh0.001_frozen_e5_s42,444,1,1.17548,2.2038,0.0,0.0009530750088873089
text_text_ln_lrh0.001_frozen_e5_s42,445,1,1.05328,3.3853,0.0,0.0009527195165303946
text_text_ln_lrh0.001_frozen_e5_s42,446,1,1.06936,2.954,0.0,0.0009523640241734803
text_text_ln_lrh0.001_frozen_e5_s42,447,1,1.23532,4.641,0.0,0.000952008531816566
text_text_ln_lrh0.001_frozen_e5_s42,448,1,1.03217,2.4784,0.0,0.0009516530394596517
text_text_ln_lrh0.001_frozen_e5_s42,449,1,1.21321,2.6329,0.0,0.0009512975471027373
text_text_ln_lrh0.001_frozen_e5_s42,450,1,1.10662,3.0882,0.0,0.000950942054745823
text_text_ln_lrh0.001_frozen_e5_s42,451,1,1.31602,5.2317,0.0,0.0009505865623889086
text_text_ln_lrh0.001_frozen_e5_s42,452,1,1.14926,3.1102,0.0,0.0009502310700319944
text_text_ln_lrh0.001_frozen_e5_s42,453,1,0.8929,2.0438,0.0,0.0009498755776750801
text_text_ln_lrh0.001_frozen_e5_s42,454,1,1.79983,5.2339,0.0,0.0009495200853181656
text_text_ln_lrh0.001_frozen_e5_s42,455,1,1.10313,2.8977,0.0,0.0009491645929612513
text_text_ln_lrh0.001_frozen_e5_s42,456,1,1.24022,3.6739,0.0,0.000948809100604337
text_text_ln_lrh0.001_frozen_e5_s42,457,1,1.47661,2.7086,0.0,0.0009484536082474226
text_text_ln_lrh0.001_frozen_e5_s42,458,1,1.50575,2.1975,0.0,0.0009480981158905084
text_text_ln_lrh0.001_frozen_e5_s42,459,1,1.01505,3.0043,0.0,0.0009477426235335941
text_text_ln_lrh0.001_frozen_e5_s42,460,1,0.93091,3.365,0.0,0.0009473871311766797
text_text_ln_lrh0.001_frozen_e5_s42,461,1,1.50944,4.4157,0.0,0.0009470316388197654
text_text_ln_lrh0.001_frozen_e5_s42,462,1,1.50493,4.0277,0.0,0.0009466761464628511
text_text_ln_lrh0.001_frozen_e5_s42,463,1,1.07499,6.3643,0.0,0.0009463206541059367
text_text_ln_lrh0.001_frozen_e5_s42,464,1,1.30391,3.0734,0.0,0.0009459651617490224
text_text_ln_lrh0.001_frozen_e5_s42,465,1,0.98703,2.691,0.0,0.0009456096693921082
text_text_ln_lrh0.001_frozen_e5_s42,466,1,0.97218,4.2328,0.0,0.0009452541770351938
text_text_ln_lrh0.001_frozen_e5_s42,467,1,1.26744,2.4948,0.0,0.0009448986846782795
text_text_ln_lrh0.001_frozen_e5_s42,468,1,1.2859,3.5306,0.0,0.000944543192321365
text_text_ln_lrh0.001_frozen_e5_s42,469,1,1.29232,3.2548,0.0,0.0009441876999644507
text_text_ln_lrh0.001_frozen_e5_s42,470,1,0.75695,4.3124,0.0,0.0009438322076075364
text_text_ln_lrh0.001_frozen_e5_s42,471,1,1.01647,3.6497,0.0,0.0009434767152506221
text_text_ln_lrh0.001_frozen_e5_s42,472,1,1.7068,6.3505,0.0,0.0009431212228937078
text_text_ln_lrh0.001_frozen_e5_s42,473,1,0.94217,3.8603,0.0,0.0009427657305367935
text_text_ln_lrh0.001_frozen_e5_s42,474,1,1.31617,4.5591,0.0,0.0009424102381798791
text_text_ln_lrh0.001_frozen_e5_s42,475,1,1.36965,3.9383,0.0,0.0009420547458229648
text_text_ln_lrh0.001_frozen_e5_s42,476,1,1.83843,6.2208,0.0,0.0009416992534660505
text_text_ln_lrh0.001_frozen_e5_s42,477,1,1.01778,2.6996,0.0,0.0009413437611091362
text_text_ln_lrh0.001_frozen_e5_s42,478,1,1.2595,2.9434,0.0,0.0009409882687522219
text_text_ln_lrh0.001_frozen_e5_s42,479,1,1.37622,5.6782,0.0,0.0009406327763953076
text_text_ln_lrh0.001_frozen_e5_s42,480,1,1.07591,2.9648,0.0,0.0009402772840383932
text_text_ln_lrh0.001_frozen_e5_s42,481,1,1.67418,3.3644,0.0,0.0009399217916814789
text_text_ln_lrh0.001_frozen_e5_s42,482,1,1.19398,3.1535,0.0,0.0009395662993245645
text_text_ln_lrh0.001_frozen_e5_s42,483,1,1.53862,4.1498,0.0,0.0009392108069676503
text_text_ln_lrh0.001_frozen_e5_s42,484,1,1.21829,2.9297,0.0,0.000938855314610736
text_text_ln_lrh0.001_frozen_e5_s42,485,1,1.4056,4.9501,0.0,0.0009384998222538215
text_text_ln_lrh0.001_frozen_e5_s42,486,1,1.14917,3.7198,0.0,0.0009381443298969072
text_text_ln_lrh0.001_frozen_e5_s42,487,1,1.47125,6.0655,0.0,0.0009377888375399929
text_text_ln_lrh0.001_frozen_e5_s42,488,1,1.36133,3.0543,0.0,0.0009374333451830785
text_text_ln_lrh0.001_frozen_e5_s42,489,1,1.34106,3.681,0.0,0.0009370778528261643
text_text_ln_lrh0.001_frozen_e5_s42,490,1,1.17874,3.6947,0.0,0.00093672236046925
text_text_ln_lrh0.001_frozen_e5_s42,491,1,1.40436,4.2638,0.0,0.0009363668681123356
text_text_ln_lrh0.001_frozen_e5_s42,492,1,1.35992,3.6481,0.0,0.0009360113757554213
text_text_ln_lrh0.001_frozen_e5_s42,493,1,1.46962,2.1917,0.0,0.000935655883398507
text_text_ln_lrh0.001_frozen_e5_s42,494,1,1.57763,4.4252,0.0,0.0009353003910415926
text_text_ln_lrh0.001_frozen_e5_s42,495,1,1.3375,3.7319,0.0,0.0009349448986846783
text_text_ln_lrh0.001_frozen_e5_s42,496,1,1.44804,4.1918,0.0,0.000934589406327764
text_text_ln_lrh0.001_frozen_e5_s42,497,1,1.16747,2.7375,0.0,0.0009342339139708497
text_text_ln_lrh0.001_frozen_e5_s42,498,1,1.21462,3.3263,0.0,0.0009338784216139354
text_text_ln_lrh0.001_frozen_e5_s42,499,1,1.44372,4.1245,0.0,0.0009335229292570209
text_text_ln_lrh0.001_frozen_e5_s42,500,1,1.20177,2.8338,0.0,0.0009331674369001066
text_text_ln_lrh0.001_frozen_e5_s42,501,1,1.93039,3.9384,0.0,0.0009328119445431923
text_text_ln_lrh0.001_frozen_e5_s42,502,1,1.34561,3.4453,0.0,0.000932456452186278
text_text_ln_lrh0.001_frozen_e5_s42,503,1,1.14588,2.7033,0.0,0.0009321009598293637
text_text_ln_lrh0.001_frozen_e5_s42,504,1,1.27109,3.7938,0.0,0.0009317454674724494
text_text_ln_lrh0.001_frozen_e5_s42,505,1,0.93958,6.3399,0.0,0.000931389975115535
text_text_ln_lrh0.001_frozen_e5_s42,506,1,1.2157,3.1458,0.0,0.0009310344827586207
text_text_ln_lrh0.001_frozen_e5_s42,507,1,1.85427,5.1159,0.0,0.0009306789904017064
text_text_ln_lrh0.001_frozen_e5_s42,508,1,1.33428,3.3017,0.0,0.0009303234980447921
text_text_ln_lrh0.001_frozen_e5_s42,509,1,1.33869,3.8025,0.0,0.0009299680056878778
text_text_ln_lrh0.001_frozen_e5_s42,510,1,1.37023,3.1674,0.0,0.0009296125133309634
text_text_ln_lrh0.001_frozen_e5_s42,511,1,1.52635,2.7567,0.0,0.0009292570209740491
text_text_ln_lrh0.001_frozen_e5_s42,512,1,1.01293,2.9813,0.0,0.0009289015286171348
text_text_ln_lrh0.001_frozen_e5_s42,513,1,1.08456,4.1567,0.0,0.0009285460362602203
text_text_ln_lrh0.001_frozen_e5_s42,514,1,0.99678,3.1555,0.0,0.0009281905439033061
text_text_ln_lrh0.001_frozen_e5_s42,515,1,0.95686,1.8101,0.0,0.0009278350515463918
text_text_ln_lrh0.001_frozen_e5_s42,516,1,1.06165,2.9889,0.0,0.0009274795591894774
text_text_ln_lrh0.001_frozen_e5_s42,517,1,1.17664,4.9224,0.0,0.0009271240668325631
text_text_ln_lrh0.001_frozen_e5_s42,518,1,1.68581,6.6925,0.0,0.0009267685744756488
text_text_ln_lrh0.001_frozen_e5_s42,519,1,1.3122,4.8911,0.0,0.0009264130821187344
text_text_ln_lrh0.001_frozen_e5_s42,520,1,1.32343,3.6666,0.0,0.0009260575897618201
text_text_ln_lrh0.001_frozen_e5_s42,521,1,1.04817,3.5109,0.0,0.0009257020974049059
text_text_ln_lrh0.001_frozen_e5_s42,522,1,0.92735,3.8419,0.0,0.0009253466050479915
text_text_ln_lrh0.001_frozen_e5_s42,523,1,1.08053,2.4273,0.0,0.0009249911126910772
text_text_ln_lrh0.001_frozen_e5_s42,524,1,0.91723,5.383,0.0,0.0009246356203341628
text_text_ln_lrh0.001_frozen_e5_s42,525,1,1.17338,4.7307,0.0,0.0009242801279772485
text_text_ln_lrh0.001_frozen_e5_s42,526,1,1.4994,3.8994,0.0,0.0009239246356203342
text_text_ln_lrh0.001_frozen_e5_s42,527,1,1.35157,3.5173,0.0,0.0009235691432634199
text_text_ln_lrh0.001_frozen_e5_s42,528,1,1.0239,2.8075,0.0,0.0009232136509065055
text_text_ln_lrh0.001_frozen_e5_s42,529,1,1.54687,2.6814,0.0,0.0009228581585495912
text_text_ln_lrh0.001_frozen_e5_s42,530,1,1.07093,3.1048,0.0,0.0009225026661926768
text_text_ln_lrh0.001_frozen_e5_s42,531,1,1.70072,5.7792,0.0,0.0009221471738357625
text_text_ln_lrh0.001_frozen_e5_s42,532,1,1.11987,2.624,0.0,0.0009217916814788482
text_text_ln_lrh0.001_frozen_e5_s42,533,1,1.32653,5.7068,0.0,0.0009214361891219339
text_text_ln_lrh0.001_frozen_e5_s42,534,1,0.96994,3.9505,0.0,0.0009210806967650196
text_text_ln_lrh0.001_frozen_e5_s42,535,1,1.71935,2.3604,0.0,0.0009207252044081053
text_text_ln_lrh0.001_frozen_e5_s42,536,1,1.14028,4.5083,0.0,0.0009203697120511909
text_text_ln_lrh0.001_frozen_e5_s42,537,1,1.34009,4.5808,0.0,0.0009200142196942766
text_text_ln_lrh0.001_frozen_e5_s42,538,1,1.26652,2.3506,0.0,0.0009196587273373622
text_text_ln_lrh0.001_frozen_e5_s42,539,1,1.12412,1.7081,0.0,0.000919303234980448
text_text_ln_lrh0.001_frozen_e5_s42,540,1,1.3142,2.5312,0.0,0.0009189477426235337
text_text_ln_lrh0.001_frozen_e5_s42,541,1,1.32162,3.0039,0.0,0.0009185922502666193
text_text_ln_lrh0.001_frozen_e5_s42,542,1,1.22803,2.5175,0.0,0.000918236757909705
text_text_ln_lrh0.001_frozen_e5_s42,543,1,1.13592,2.2902,0.0,0.0009178812655527906
text_text_ln_lrh0.001_frozen_e5_s42,544,1,1.22162,3.3637,0.0,0.0009175257731958762
text_text_ln_lrh0.001_frozen_e5_s42,545,1,1.22128,3.3928,0.0,0.000917170280838962
text_text_ln_lrh0.001_frozen_e5_s42,546,1,1.25352,2.595,0.0,0.0009168147884820477
text_text_ln_lrh0.001_frozen_e5_s42,547,1,1.35736,6.1472,0.0,0.0009164592961251333
text_text_ln_lrh0.001_frozen_e5_s42,548,1,1.61703,4.94,0.0,0.000916103803768219
text_text_ln_lrh0.001_frozen_e5_s42,549,1,1.08599,4.5863,0.0,0.0009157483114113047
text_text_ln_lrh0.001_frozen_e5_s42,550,1,1.24151,2.5101,0.0,0.0009153928190543903
text_text_ln_lrh0.001_frozen_e5_s42,551,1,1.32799,4.8939,0.0,0.000915037326697476
text_text_ln_lrh0.001_frozen_e5_s42,552,1,0.98486,1.8336,0.0,0.0009146818343405618
text_text_ln_lrh0.001_frozen_e5_s42,553,1,1.29756,5.6487,0.0,0.0009143263419836474
text_text_ln_lrh0.001_frozen_e5_s42,554,1,1.19364,4.3386,0.0,0.0009139708496267331
text_text_ln_lrh0.001_frozen_e5_s42,555,1,1.26961,2.754,0.0,0.0009136153572698187
text_text_ln_lrh0.001_frozen_e5_s42,556,1,1.56523,3.5452,0.0,0.0009132598649129044
text_text_ln_lrh0.001_frozen_e5_s42,557,1,1.64662,5.1147,0.0,0.00091290437255599
text_text_ln_lrh0.001_frozen_e5_s42,558,1,1.12756,3.9497,0.0,0.0009125488801990757
text_text_ln_lrh0.001_frozen_e5_s42,559,1,1.05454,4.0756,0.0,0.0009121933878421614
text_text_ln_lrh0.001_frozen_e5_s42,560,1,1.42601,3.3728,0.0,0.0009118378954852471
text_text_ln_lrh0.001_frozen_e5_s42,561,1,1.17376,4.5127,0.0,0.0009114824031283327
text_text_ln_lrh0.001_frozen_e5_s42,562,1,1.22124,3.5952,0.0,0.0009111269107714184
text_text_ln_lrh0.001_frozen_e5_s42,563,1,1.21161,4.4184,0.0,0.0009107714184145041
text_text_ln_lrh0.001_frozen_e5_s42,564,1,1.17324,2.8568,0.0,0.0009104159260575898
text_text_ln_lrh0.001_frozen_e5_s42,565,1,1.1012,3.9226,0.0,0.0009100604337006755
text_text_ln_lrh0.001_frozen_e5_s42,566,1,1.40382,2.0613,0.0,0.0009097049413437612
text_text_ln_lrh0.001_frozen_e5_s42,567,1,1.58689,3.689,0.0,0.0009093494489868468
text_text_ln_lrh0.001_frozen_e5_s42,568,1,1.25625,2.7038,0.0,0.0009089939566299325
text_text_ln_lrh0.001_frozen_e5_s42,569,1,1.56792,5.5074,0.0,0.0009086384642730181
text_text_ln_lrh0.001_frozen_e5_s42,570,1,1.48562,2.8844,0.0,0.0009082829719161039
text_text_ln_lrh0.001_frozen_e5_s42,571,1,1.53007,3.0255,0.0,0.0009079274795591896
text_text_ln_lrh0.001_frozen_e5_s42,572,1,1.50925,4.7418,0.0,0.0009075719872022751
text_text_ln_lrh0.001_frozen_e5_s42,573,1,1.13561,4.4328,0.0,0.0009072164948453608
text_text_ln_lrh0.001_frozen_e5_s42,574,1,1.39015,3.153,0.0,0.0009068610024884465
text_text_ln_lrh0.001_frozen_e5_s42,575,1,1.66332,2.9788,0.0,0.0009065055101315321
text_text_ln_lrh0.001_frozen_e5_s42,576,1,0.97361,3.0823,0.0,0.0009061500177746179
text_text_ln_lrh0.001_frozen_e5_s42,577,1,1.00062,2.369,0.0,0.0009057945254177036
text_text_ln_lrh0.001_frozen_e5_s42,578,1,1.1416,3.8458,0.0,0.0009054390330607892
text_text_ln_lrh0.001_frozen_e5_s42,579,1,1.31857,4.2434,0.0,0.0009050835407038749
text_text_ln_lrh0.001_frozen_e5_s42,580,1,1.61824,3.6142,0.0,0.0009047280483469606
text_text_ln_lrh0.001_frozen_e5_s42,581,1,1.204,4.4569,0.0,0.0009043725559900462
text_text_ln_lrh0.001_frozen_e5_s42,582,1,1.46934,3.7042,0.0,0.0009040170636331319
text_text_ln_lrh0.001_frozen_e5_s42,583,1,1.51178,3.7652,0.0,0.0009036615712762176
text_text_ln_lrh0.001_frozen_e5_s42,584,1,1.39732,4.0856,0.0,0.0009033060789193033
text_text_ln_lrh0.001_frozen_e5_s42,585,1,1.19997,2.9257,0.0,0.000902950586562389
text_text_ln_lrh0.001_frozen_e5_s42,586,1,1.56711,4.962,0.0,0.0009025950942054745
text_text_ln_lrh0.001_frozen_e5_s42,587,1,1.36202,3.7613,0.0,0.0009022396018485602
text_text_ln_lrh0.001_frozen_e5_s42,588,1,1.18036,2.5027,0.0,0.0009018841094916459
text_text_ln_lrh0.001_frozen_e5_s42,589,1,1.32193,2.548,0.0,0.0009015286171347316
text_text_ln_lrh0.001_frozen_e5_s42,590,1,1.53443,3.9195,0.0,0.0009011731247778173
text_text_ln_lrh0.001_frozen_e5_s42,591,1,1.29527,2.3205,0.0,0.000900817632420903
text_text_ln_lrh0.001_frozen_e5_s42,592,1,1.56656,2.3015,0.0,0.0009004621400639886
text_text_ln_lrh0.001_frozen_e5_s42,593,1,1.4806,3.2184,0.0,0.0009001066477070743
text_text_ln_lrh0.001_frozen_e5_s42,594,1,1.27691,3.7769,0.0,0.00089975115535016
text_text_ln_lrh0.001_frozen_e5_s42,595,1,1.39341,4.0873,0.0,0.0008993956629932457
text_text_ln_lrh0.001_frozen_e5_s42,596,1,1.42574,3.5561,0.0,0.0008990401706363314
text_text_ln_lrh0.001_frozen_e5_s42,597,1,1.05457,3.1969,0.0,0.000898684678279417
text_text_ln_lrh0.001_frozen_e5_s42,598,1,1.16618,3.7287,0.0,0.0008983291859225027
text_text_ln_lrh0.001_frozen_e5_s42,599,1,1.30093,3.2544,0.0,0.0008979736935655884
text_text_ln_lrh0.001_frozen_e5_s42,600,1,1.7695,3.5446,0.0,0.000897618201208674
text_text_ln_lrh0.001_frozen_e5_s42,601,1,1.34217,4.4557,0.0,0.0008972627088517597
text_text_ln_lrh0.001_frozen_e5_s42,602,1,1.23942,2.9922,0.0,0.0008969072164948454
text_text_ln_lrh0.001_frozen_e5_s42,603,1,1.73878,4.0576,0.0,0.000896551724137931
text_text_ln_lrh0.001_frozen_e5_s42,604,1,1.28781,3.9561,0.0,0.0008961962317810167
text_text_ln_lrh0.001_frozen_e5_s42,605,1,1.84365,3.8458,0.0,0.0008958407394241024
text_text_ln_lrh0.001_frozen_e5_s42,606,1,0.99907,3.452,0.0,0.000895485247067188
text_text_ln_lrh0.001_frozen_e5_s42,607,1,1.02063,4.9403,0.0,0.0008951297547102738
text_text_ln_lrh0.001_frozen_e5_s42,608,1,1.47766,3.6738,0.0,0.0008947742623533595
text_text_ln_lrh0.001_frozen_e5_s42,609,1,1.13087,5.0677,0.0,0.0008944187699964451
text_text_ln_lrh0.001_frozen_e5_s42,610,1,1.50308,2.7067,0.0,0.0008940632776395308
text_text_ln_lrh0.001_frozen_e5_s42,611,1,1.14305,2.6262,0.0,0.0008937077852826164
text_text_ln_lrh0.001_frozen_e5_s42,612,1,1.32752,3.5319,0.0,0.0008933522929257021
text_text_ln_lrh0.001_frozen_e5_s42,613,1,1.65904,6.4729,0.0,0.0008929968005687878
text_text_ln_lrh0.001_frozen_e5_s42,614,1,1.47939,3.9007,0.0,0.0008926413082118735
text_text_ln_lrh0.001_frozen_e5_s42,615,1,1.88007,5.3141,0.0,0.0008922858158549592
text_text_ln_lrh0.001_frozen_e5_s42,616,1,1.69738,4.6096,0.0,0.0008919303234980448
text_text_ln_lrh0.001_frozen_e5_s42,617,1,1.40489,3.5314,0.0,0.0008915748311411304
text_text_ln_lrh0.001_frozen_e5_s42,618,1,1.06152,6.6487,0.0,0.0008912193387842161
text_text_ln_lrh0.001_frozen_e5_s42,619,1,1.36949,3.2297,0.0,0.0008908638464273018
text_text_ln_lrh0.001_frozen_e5_s42,620,1,1.48584,4.6804,0.0,0.0008905083540703875
text_text_ln_lrh0.001_frozen_e5_s42,621,1,1.36607,3.6959,0.0,0.0008901528617134732
text_text_ln_lrh0.001_frozen_e5_s42,622,1,1.29507,5.0635,0.0,0.0008897973693565589
text_text_ln_lrh0.001_frozen_e5_s42,623,1,1.30842,4.878,0.0,0.0008894418769996445
text_text_ln_lrh0.001_frozen_e5_s42,624,1,1.37176,2.3329,0.0,0.0008890863846427302
text_text_ln_lrh0.001_frozen_e5_s42,625,1,1.67412,7.2948,0.0,0.0008887308922858158
text_text_ln_lrh0.001_frozen_e5_s42,626,2,1.59732,3.9973,0.0,0.0008883753999289016
text_text_ln_lrh0.001_frozen_e5_s42,627,2,1.08934,3.6653,0.0,0.0008880199075719873
text_text_ln_lrh0.001_frozen_e5_s42,628,2,0.84862,4.2308,0.0,0.0008876644152150729
text_text_ln_lrh0.001_frozen_e5_s42,629,2,1.51951,3.4846,0.0,0.0008873089228581586
text_text_ln_lrh0.001_frozen_e5_s42,630,2,1.53617,4.354,0.0,0.0008869534305012442
text_text_ln_lrh0.001_frozen_e5_s42,631,2,1.2755,3.5285,0.0,0.0008865979381443298
text_text_ln_lrh0.001_frozen_e5_s42,632,2,1.11238,2.3043,0.0,0.0008862424457874156
text_text_ln_lrh0.001_frozen_e5_s42,633,2,1.07155,2.2441,0.0,0.0008858869534305013
text_text_ln_lrh0.001_frozen_e5_s42,634,2,1.09711,3.4285,0.0,0.0008855314610735869
text_text_ln_lrh0.001_frozen_e5_s42,635,2,1.27947,1.7895,0.0,0.0008851759687166726
text_text_ln_lrh0.001_frozen_e5_s42,636,2,0.89931,3.0712,0.0,0.0008848204763597583
text_text_ln_lrh0.001_frozen_e5_s42,637,2,1.48026,4.6861,0.0,0.0008844649840028439
text_text_ln_lrh0.001_frozen_e5_s42,638,2,0.90313,1.7617,0.0,0.0008841094916459296
text_text_ln_lrh0.001_frozen_e5_s42,639,2,1.51119,3.3839,0.0,0.0008837539992890154
text_text_ln_lrh0.001_frozen_e5_s42,640,2,1.67063,5.1466,0.0,0.000883398506932101
text_text_ln_lrh0.001_frozen_e5_s42,641,2,1.28374,3.5364,0.0,0.0008830430145751867
text_text_ln_lrh0.001_frozen_e5_s42,642,2,1.479,5.2259,0.0,0.0008826875222182723
text_text_ln_lrh0.001_frozen_e5_s42,643,2,1.45694,3.7474,0.0,0.000882332029861358
text_text_ln_lrh0.001_frozen_e5_s42,644,2,0.98903,4.7523,0.0,0.0008819765375044437
text_text_ln_lrh0.001_frozen_e5_s42,645,2,1.14997,3.6329,0.0,0.0008816210451475293
text_text_ln_lrh0.001_frozen_e5_s42,646,2,1.01678,2.7708,0.0,0.000881265552790615
text_text_ln_lrh0.001_frozen_e5_s42,647,2,1.46008,2.8798,0.0,0.0008809100604337007
text_text_ln_lrh0.001_frozen_e5_s42,648,2,1.41668,2.2296,0.0,0.0008805545680767863
text_text_ln_lrh0.001_frozen_e5_s42,649,2,1.2472,6.1504,0.0,0.000880199075719872
text_text_ln_lrh0.001_frozen_e5_s42,650,2,1.25919,3.6234,0.0,0.0008798435833629577
text_text_ln_lrh0.001_frozen_e5_s42,651,2,1.47967,2.9958,0.0,0.0008794880910060434
text_text_ln_lrh0.001_frozen_e5_s42,652,2,1.27956,3.0924,0.0,0.0008791325986491291
text_text_ln_lrh0.001_frozen_e5_s42,653,2,1.22636,3.8697,0.0,0.0008787771062922148
text_text_ln_lrh0.001_frozen_e5_s42,654,2,1.16332,2.9896,0.0,0.0008784216139353004
text_text_ln_lrh0.001_frozen_e5_s42,655,2,1.52958,4.8,0.0,0.0008780661215783861
text_text_ln_lrh0.001_frozen_e5_s42,656,2,1.54316,3.2692,0.0,0.0008777106292214717
text_text_ln_lrh0.001_frozen_e5_s42,657,2,0.8556,4.7398,0.0,0.0008773551368645575
text_text_ln_lrh0.001_frozen_e5_s42,658,2,0.90231,2.1183,0.0,0.0008769996445076432
text_text_ln_lrh0.001_frozen_e5_s42,659,2,1.77716,6.9727,0.0,0.0008766441521507287
text_text_ln_lrh0.001_frozen_e5_s42,660,2,1.08989,2.3884,0.0,0.0008762886597938144
text_text_ln_lrh0.001_frozen_e5_s42,661,2,1.41213,5.6713,0.0,0.0008759331674369001
text_text_ln_lrh0.001_frozen_e5_s42,662,2,1.18546,3.5765,0.0,0.0008755776750799857
text_text_ln_lrh0.001_frozen_e5_s42,663,2,1.42135,4.2523,0.0,0.0008752221827230715
text_text_ln_lrh0.001_frozen_e5_s42,664,2,1.33412,3.7036,0.0,0.0008748666903661572
text_text_ln_lrh0.001_frozen_e5_s42,665,2,0.99172,2.0342,0.0,0.0008745111980092428
text_text_ln_lrh0.001_frozen_e5_s42,666,2,1.09762,2.611,0.0,0.0008741557056523285
text_text_ln_lrh0.001_frozen_e5_s42,667,2,1.35966,2.9382,0.0,0.0008738002132954142
text_text_ln_lrh0.001_frozen_e5_s42,668,2,1.28264,2.8046,0.0,0.0008734447209384998
text_text_ln_lrh0.001_frozen_e5_s42,669,2,1.18032,3.9213,0.0,0.0008730892285815855
text_text_ln_lrh0.001_frozen_e5_s42,670,2,0.91882,5.6489,0.0,0.0008727337362246712
text_text_ln_lrh0.001_frozen_e5_s42,671,2,1.40865,4.1682,0.0,0.0008723782438677569
text_text_ln_lrh0.001_frozen_e5_s42,672,2,1.4603,3.2559,0.0,0.0008720227515108426
text_text_ln_lrh0.001_frozen_e5_s42,673,2,1.2157,2.5418,0.0,0.0008716672591539281
text_text_ln_lrh0.001_frozen_e5_s42,674,2,1.12911,2.0848,0.0,0.0008713117667970138
text_text_ln_lrh0.001_frozen_e5_s42,675,2,0.87988,4.8606,0.0,0.0008709562744400995
text_text_ln_lrh0.001_frozen_e5_s42,676,2,1.11008,3.1737,0.0,0.0008706007820831852
text_text_ln_lrh0.001_frozen_e5_s42,677,2,1.53394,3.5609,0.0,0.0008702452897262709
text_text_ln_lrh0.001_frozen_e5_s42,678,2,1.64813,2.2014,0.0,0.0008698897973693566
text_text_ln_lrh0.001_frozen_e5_s42,679,2,0.90343,2.4069,0.0,0.0008695343050124422
text_text_ln_lrh0.001_frozen_e5_s42,680,2,1.23613,3.4957,0.0,0.0008691788126555279
text_text_ln_lrh0.001_frozen_e5_s42,681,2,1.15475,3.7324,0.0,0.0008688233202986136
text_text_ln_lrh0.001_frozen_e5_s42,682,2,0.90581,3.3418,0.0,0.0008684678279416993
text_text_ln_lrh0.001_frozen_e5_s42,683,2,0.78915,2.7648,0.0,0.000868112335584785
text_text_ln_lrh0.001_frozen_e5_s42,684,2,1.06049,2.0277,0.0,0.0008677568432278706
text_text_ln_lrh0.001_frozen_e5_s42,685,2,0.84743,4.1581,0.0,0.0008674013508709563
text_text_ln_lrh0.001_frozen_e5_s42,686,2,1.35833,4.2242,0.0,0.000867045858514042
text_text_ln_lrh0.001_frozen_e5_s42,687,2,1.58259,6.2387,0.0,0.0008666903661571276
text_text_ln_lrh0.001_frozen_e5_s42,688,2,1.55965,3.6465,0.0,0.0008663348738002134
text_text_ln_lrh0.001_frozen_e5_s42,689,2,1.27878,4.3748,0.0,0.000865979381443299
text_text_ln_lrh0.001_frozen_e5_s42,690,2,1.10472,2.4514,0.0,0.0008656238890863846
text_text_ln_lrh0.001_frozen_e5_s42,691,2,1.17593,4.1764,0.0,0.0008652683967294703
text_text_ln_lrh0.001_frozen_e5_s42,692,2,1.40316,3.565,0.0,0.000864912904372556
text_text_ln_lrh0.001_frozen_e5_s42,693,2,1.74831,5.012,0.0,0.0008645574120156416
text_text_ln_lrh0.001_frozen_e5_s42,694,2,1.62765,3.6465,0.0,0.0008642019196587274
text_text_ln_lrh0.001_frozen_e5_s42,695,2,1.50099,3.3301,0.0,0.0008638464273018131
text_text_ln_lrh0.001_frozen_e5_s42,696,2,1.14343,4.9529,0.0,0.0008634909349448987
text_text_ln_lrh0.001_frozen_e5_s42,697,2,1.27664,2.2517,0.0,0.0008631354425879844
text_text_ln_lrh0.001_frozen_e5_s42,698,2,0.70173,2.412,0.0,0.0008627799502310701
text_text_ln_lrh0.001_frozen_e5_s42,699,2,1.49526,2.838,0.0,0.0008624244578741557
text_text_ln_lrh0.001_frozen_e5_s42,700,2,1.70751,4.2284,0.0,0.0008620689655172414
text_text_ln_lrh0.001_frozen_e5_s42,701,2,1.63265,6.5218,0.0,0.0008617134731603271
text_text_ln_lrh0.001_frozen_e5_s42,702,2,1.5389,4.9302,0.0,0.0008613579808034128
text_text_ln_lrh0.001_frozen_e5_s42,703,2,1.37563,2.1879,0.0,0.0008610024884464985
text_text_ln_lrh0.001_frozen_e5_s42,704,2,1.45775,3.3164,0.0,0.000860646996089584
text_text_ln_lrh0.001_frozen_e5_s42,705,2,1.3429,2.0842,0.0,0.0008602915037326697
text_text_ln_lrh0.001_frozen_e5_s42,706,2,1.38383,4.7829,0.0,0.0008599360113757554
text_text_ln_lrh0.001_frozen_e5_s42,707,2,1.18742,2.2128,0.0,0.0008595805190188411
text_text_ln_lrh0.001_frozen_e5_s42,708,2,1.49442,2.896,0.0,0.0008592250266619268
text_text_ln_lrh0.001_frozen_e5_s42,709,2,1.60205,3.1302,0.0,0.0008588695343050125
text_text_ln_lrh0.001_frozen_e5_s42,710,2,1.83412,4.632,0.0,0.0008585140419480981
text_text_ln_lrh0.001_frozen_e5_s42,711,2,1.19279,2.938,0.0,0.0008581585495911838
text_text_ln_lrh0.001_frozen_e5_s42,712,2,0.96714,4.3407,0.0,0.0008578030572342695
text_text_ln_lrh0.001_frozen_e5_s42,713,2,1.58689,3.4775,0.0,0.0008574475648773552
text_text_ln_lrh0.001_frozen_e5_s42,714,2,1.12705,4.6953,0.0,0.0008570920725204409
text_text_ln_lrh0.001_frozen_e5_s42,715,2,1.13467,3.2119,0.0,0.0008567365801635265
text_text_ln_lrh0.001_frozen_e5_s42,716,2,1.37067,2.41,0.0,0.0008563810878066122
text_text_ln_lrh0.001_frozen_e5_s42,717,2,1.54419,4.9345,0.0,0.0008560255954496979
text_text_ln_lrh0.001_frozen_e5_s42,718,2,1.25806,3.1053,0.0,0.0008556701030927834
text_text_ln_lrh0.001_frozen_e5_s42,719,2,1.39439,3.588,0.0,0.0008553146107358692
text_text_ln_lrh0.001_frozen_e5_s42,720,2,1.26756,2.4877,0.0,0.0008549591183789549
text_text_ln_lrh0.001_frozen_e5_s42,721,2,0.85925,2.6803,0.0,0.0008546036260220405
text_text_ln_lrh0.001_frozen_e5_s42,722,2,1.22482,2.8865,0.0,0.0008542481336651262
text_text_ln_lrh0.001_frozen_e5_s42,723,2,1.32217,2.5083,0.0,0.0008538926413082119
text_text_ln_lrh0.001_frozen_e5_s42,724,2,0.98687,2.7599,0.0,0.0008535371489512975
text_text_ln_lrh0.001_frozen_e5_s42,725,2,0.8997,2.6861,0.0,0.0008531816565943833
text_text_ln_lrh0.001_frozen_e5_s42,726,2,1.03105,2.4484,0.0,0.000852826164237469
text_text_ln_lrh0.001_frozen_e5_s42,727,2,1.10943,4.7527,0.0,0.0008524706718805546
text_text_ln_lrh0.001_frozen_e5_s42,728,2,0.91357,3.6529,0.0,0.0008521151795236403
text_text_ln_lrh0.001_frozen_e5_s42,729,2,1.78835,3.9675,0.0,0.0008517596871667259
text_text_ln_lrh0.001_frozen_e5_s42,730,2,1.15538,4.5574,0.0,0.0008514041948098116
text_text_ln_lrh0.001_frozen_e5_s42,731,2,1.64009,4.3347,0.0,0.0008510487024528973
text_text_ln_lrh0.001_frozen_e5_s42,732,2,1.29865,2.1966,0.0,0.000850693210095983
text_text_ln_lrh0.001_frozen_e5_s42,733,2,0.98164,2.6448,0.0,0.0008503377177390686
text_text_ln_lrh0.001_frozen_e5_s42,734,2,0.86127,3.9407,0.0,0.0008499822253821543
text_text_ln_lrh0.001_frozen_e5_s42,735,2,0.98919,2.8506,0.0,0.0008496267330252399
text_text_ln_lrh0.001_frozen_e5_s42,736,2,1.15103,2.4776,0.0,0.0008492712406683256
text_text_ln_lrh0.001_frozen_e5_s42,737,2,0.9887,2.2214,0.0,0.0008489157483114113
text_text_ln_lrh0.001_frozen_e5_s42,738,2,0.69941,2.0382,0.0,0.000848560255954497
text_text_ln_lrh0.001_frozen_e5_s42,739,2,1.25209,4.5772,0.0,0.0008482047635975827
text_text_ln_lrh0.001_frozen_e5_s42,740,2,1.19317,3.4699,0.0,0.0008478492712406684
text_text_ln_lrh0.001_frozen_e5_s42,741,2,1.39815,3.5307,0.0,0.000847493778883754
text_text_ln_lrh0.001_frozen_e5_s42,742,2,1.16842,3.6384,0.0,0.0008471382865268397
text_text_ln_lrh0.001_frozen_e5_s42,743,2,1.37082,3.0347,0.0,0.0008467827941699253
text_text_ln_lrh0.001_frozen_e5_s42,744,2,1.04256,2.3156,0.0,0.0008464273018130111
text_text_ln_lrh0.001_frozen_e5_s42,745,2,1.11635,3.0048,0.0,0.0008460718094560968
text_text_ln_lrh0.001_frozen_e5_s42,746,2,1.23944,5.4445,0.0,0.0008457163170991824
text_text_ln_lrh0.001_frozen_e5_s42,747,2,1.42331,3.6055,0.0,0.000845360824742268
text_text_ln_lrh0.001_frozen_e5_s42,748,2,1.11881,2.5114,0.0,0.0008450053323853537
text_text_ln_lrh0.001_frozen_e5_s42,749,2,1.65941,2.7161,0.0,0.0008446498400284393
text_text_ln_lrh0.001_frozen_e5_s42,750,2,1.24458,2.6085,0.0,0.0008442943476715251
text_text_ln_lrh0.001_frozen_e5_s42,751,2,1.33706,4.3319,0.0,0.0008439388553146108
text_text_ln_lrh0.001_frozen_e5_s42,752,2,1.13971,3.6047,0.0,0.0008435833629576964
text_text_ln_lrh0.001_frozen_e5_s42,753,2,0.96631,3.4841,0.0,0.0008432278706007821
text_text_ln_lrh0.001_frozen_e5_s42,754,2,1.10936,3.5039,0.0,0.0008428723782438678
text_text_ln_lrh0.001_frozen_e5_s42,755,2,1.31308,4.7712,0.0,0.0008425168858869534
text_text_ln_lrh0.001_frozen_e5_s42,756,2,1.06929,1.7066,0.0,0.0008421613935300392
text_text_ln_lrh0.001_frozen_e5_s42,757,2,1.07544,2.4731,0.0,0.0008418059011731248
text_text_ln_lrh0.001_frozen_e5_s42,758,2,1.27735,2.9989,0.0,0.0008414504088162105
text_text_ln_lrh0.001_frozen_e5_s42,759,2,0.91853,2.8109,0.0,0.0008410949164592962
text_text_ln_lrh0.001_frozen_e5_s42,760,2,1.10369,3.066,0.0,0.0008407394241023818
text_text_ln_lrh0.001_frozen_e5_s42,761,2,0.86874,4.3334,0.0,0.0008403839317454674
text_text_ln_lrh0.001_frozen_e5_s42,762,2,0.85398,1.8349,0.0,0.0008400284393885531
text_text_ln_lrh0.001_frozen_e5_s42,763,2,0.59484,3.8802,0.0,0.0008396729470316388
text_text_ln_lrh0.001_frozen_e5_s42,764,2,1.08501,6.7878,0.0,0.0008393174546747245
text_text_ln_lrh0.001_frozen_e5_s42,765,2,1.04289,3.6351,0.0,0.0008389619623178102
text_text_ln_lrh0.001_frozen_e5_s42,766,2,1.54218,3.9532,0.0,0.0008386064699608958
text_text_ln_lrh0.001_frozen_e5_s42,767,2,1.32262,8.744,0.0,0.0008382509776039815
text_text_ln_lrh0.001_frozen_e5_s42,768,2,0.77452,2.6128,0.0,0.0008378954852470672
text_text_ln_lrh0.001_frozen_e5_s42,769,2,1.36925,5.6828,0.0,0.0008375399928901529
text_text_ln_lrh0.001_frozen_e5_s42,770,2,1.91747,6.6178,0.0,0.0008371845005332386
text_text_ln_lrh0.001_frozen_e5_s42,771,2,0.91115,3.7649,0.0,0.0008368290081763243
text_text_ln_lrh0.001_frozen_e5_s42,772,2,0.86277,4.814,0.0,0.0008364735158194099
text_text_ln_lrh0.001_frozen_e5_s42,773,2,1.10068,3.5027,0.0,0.0008361180234624956
text_text_ln_lrh0.001_frozen_e5_s42,774,2,1.04191,2.0686,0.0,0.0008357625311055812
text_text_ln_lrh0.001_frozen_e5_s42,775,2,1.23528,3.5241,0.0,0.000835407038748667
text_text_ln_lrh0.001_frozen_e5_s42,776,2,1.46188,5.895,0.0,0.0008350515463917527
text_text_ln_lrh0.001_frozen_e5_s42,777,2,1.02461,3.1445,0.0,0.0008346960540348382
text_text_ln_lrh0.001_frozen_e5_s42,778,2,1.08304,4.9541,0.0,0.0008343405616779239
text_text_ln_lrh0.001_frozen_e5_s42,779,2,0.9769,3.5039,0.0,0.0008339850693210096
text_text_ln_lrh0.001_frozen_e5_s42,780,2,0.98463,1.9375,0.0,0.0008336295769640952
text_text_ln_lrh0.001_frozen_e5_s42,781,2,0.89992,4.1122,0.0,0.000833274084607181
text_text_ln_lrh0.001_frozen_e5_s42,782,2,0.83907,5.6513,0.0,0.0008329185922502667
text_text_ln_lrh0.001_frozen_e5_s42,783,2,2.02802,9.423,0.0,0.0008325630998933523
text_text_ln_lrh0.001_frozen_e5_s42,784,2,1.24152,6.3784,0.0,0.000832207607536438
text_text_ln_lrh0.001_frozen_e5_s42,785,2,1.78082,8.2503,0.0,0.0008318521151795237
text_text_ln_lrh0.001_frozen_e5_s42,786,2,2.00388,11.2464,0.0,0.0008314966228226093
text_text_ln_lrh0.001_frozen_e5_s42,787,2,1.49286,4.5057,0.0,0.000831141130465695
text_text_ln_lrh0.001_frozen_e5_s42,788,2,1.16202,4.2374,0.0,0.0008307856381087807
text_text_ln_lrh0.001_frozen_e5_s42,789,2,1.08793,5.5594,0.0,0.0008304301457518664
text_text_ln_lrh0.001_frozen_e5_s42,790,2,0.85716,2.4253,0.0,0.0008300746533949521
text_text_ln_lrh0.001_frozen_e5_s42,791,2,1.08246,2.4667,0.0,0.0008297191610380376
text_text_ln_lrh0.001_frozen_e5_s42,792,2,1.3846,3.3658,0.0,0.0008293636686811233
text_text_ln_lrh0.001_frozen_e5_s42,793,2,1.27147,2.8226,0.0,0.000829008176324209
text_text_ln_lrh0.001_frozen_e5_s42,794,2,1.29826,3.3108,0.0,0.0008286526839672947
text_text_ln_lrh0.001_frozen_e5_s42,795,2,1.30297,5.3787,0.0,0.0008282971916103804
text_text_ln_lrh0.001_frozen_e5_s42,796,2,1.08657,3.2295,0.0,0.0008279416992534661
text_text_ln_lrh0.001_frozen_e5_s42,797,2,1.53078,4.5664,0.0,0.0008275862068965517
text_text_ln_lrh0.001_frozen_e5_s42,798,2,0.9094,2.8138,0.0,0.0008272307145396374
text_text_ln_lrh0.001_frozen_e5_s42,799,2,0.93725,5.1498,0.0,0.0008268752221827231
text_text_ln_lrh0.001_frozen_e5_s42,800,2,1.38511,4.0127,0.0,0.0008265197298258088
text_text_ln_lrh0.001_frozen_e5_s42,801,2,0.95363,3.7083,0.0,0.0008261642374688945
text_text_ln_lrh0.001_frozen_e5_s42,802,2,1.10857,5.0898,0.0,0.0008258087451119801
text_text_ln_lrh0.001_frozen_e5_s42,803,2,1.38125,2.7524,0.0,0.0008254532527550658
text_text_ln_lrh0.001_frozen_e5_s42,804,2,1.48304,4.0465,0.0,0.0008250977603981515
text_text_ln_lrh0.001_frozen_e5_s42,805,2,0.9221,3.6179,0.0,0.000824742268041237
text_text_ln_lrh0.001_frozen_e5_s42,806,2,1.41466,3.274,0.0,0.0008243867756843228
text_text_ln_lrh0.001_frozen_e5_s42,807,2,1.11654,2.2769,0.0,0.0008240312833274085
text_text_ln_lrh0.001_frozen_e5_s42,808,2,1.00169,3.3775,0.0,0.0008236757909704941
text_text_ln_lrh0.001_frozen_e5_s42,809,2,1.29072,4.1861,0.0,0.0008233202986135798
text_text_ln_lrh0.001_frozen_e5_s42,810,2,0.88543,3.3296,0.0,0.0008229648062566655
text_text_ln_lrh0.001_frozen_e5_s42,811,2,1.39514,5.068,0.0,0.0008226093138997511
text_text_ln_lrh0.001_frozen_e5_s42,812,2,1.84373,10.3391,0.0,0.0008222538215428369
text_text_ln_lrh0.001_frozen_e5_s42,813,2,0.7945,2.1162,0.0,0.0008218983291859226
text_text_ln_lrh0.001_frozen_e5_s42,814,2,1.29446,2.244,0.0,0.0008215428368290082
text_text_ln_lrh0.001_frozen_e5_s42,815,2,1.07757,3.3943,0.0,0.0008211873444720939
text_text_ln_lrh0.001_frozen_e5_s42,816,2,1.48037,3.8828,0.0,0.0008208318521151795
text_text_ln_lrh0.001_frozen_e5_s42,817,2,1.34914,2.0556,0.0,0.0008204763597582652
text_text_ln_lrh0.001_frozen_e5_s42,818,2,1.44038,2.777,0.0,0.0008201208674013509
text_text_ln_lrh0.001_frozen_e5_s42,819,2,0.94528,3.0889,0.0,0.0008197653750444366
text_text_ln_lrh0.001_frozen_e5_s42,820,2,1.01758,1.9465,0.0,0.0008194098826875223
text_text_ln_lrh0.001_frozen_e5_s42,821,2,1.30681,4.0345,0.0,0.0008190543903306079
text_text_ln_lrh0.001_frozen_e5_s42,822,2,1.11277,3.8843,0.0,0.0008186988979736935
text_text_ln_lrh0.001_frozen_e5_s42,823,2,1.11714,3.6963,0.0,0.0008183434056167792
text_text_ln_lrh0.001_frozen_e5_s42,824,2,0.94018,1.9563,0.0,0.0008179879132598649
text_text_ln_lrh0.001_frozen_e5_s42,825,2,1.58621,4.1029,0.0,0.0008176324209029506
text_text_ln_lrh0.001_frozen_e5_s42,826,2,1.14499,3.8556,0.0,0.0008172769285460363
text_text_ln_lrh0.001_frozen_e5_s42,827,2,1.15755,2.9089,0.0,0.000816921436189122
text_text_ln_lrh0.001_frozen_e5_s42,828,2,1.57525,6.4374,0.0,0.0008165659438322076
text_text_ln_lrh0.001_frozen_e5_s42,829,2,1.76438,2.3678,0.0,0.0008162104514752933
text_text_ln_lrh0.001_frozen_e5_s42,830,2,1.05993,3.3045,0.0,0.0008158549591183789
text_text_ln_lrh0.001_frozen_e5_s42,831,2,1.60523,8.3271,0.0,0.0008154994667614647
text_text_ln_lrh0.001_frozen_e5_s42,832,2,0.84444,2.1892,0.0,0.0008151439744045504
text_text_ln_lrh0.001_frozen_e5_s42,833,2,1.62818,5.2811,0.0,0.000814788482047636
text_text_ln_lrh0.001_frozen_e5_s42,834,2,1.39349,5.2568,0.0,0.0008144329896907217
text_text_ln_lrh0.001_frozen_e5_s42,835,2,0.79976,2.5794,0.0,0.0008140774973338073
text_text_ln_lrh0.001_frozen_e5_s42,836,2,0.86137,6.8597,0.0,0.0008137220049768929
text_text_ln_lrh0.001_frozen_e5_s42,837,2,1.12885,2.7194,0.0,0.0008133665126199787
text_text_ln_lrh0.001_frozen_e5_s42,838,2,1.36282,3.4363,0.0,0.0008130110202630644
text_text_ln_lrh0.001_frozen_e5_s42,839,2,1.2319,4.5462,0.0,0.00081265552790615
text_text_ln_lrh0.001_frozen_e5_s42,840,2,1.3953,3.3663,0.0,0.0008123000355492357
text_text_ln_lrh0.001_frozen_e5_s42,841,2,1.34806,6.0573,0.0,0.0008119445431923214
text_text_ln_lrh0.001_frozen_e5_s42,842,2,0.7495,4.409,0.0,0.000811589050835407
text_text_ln_lrh0.001_frozen_e5_s42,843,2,1.22247,2.8653,0.0,0.0008112335584784928
text_text_ln_lrh0.001_frozen_e5_s42,844,2,1.23665,3.9083,0.0,0.0008108780661215785
text_text_ln_lrh0.001_frozen_e5_s42,845,2,0.86468,3.0453,0.0,0.0008105225737646641
text_text_ln_lrh0.001_frozen_e5_s42,846,2,1.16625,2.2392,0.0,0.0008101670814077498
text_text_ln_lrh0.001_frozen_e5_s42,847,2,1.12762,5.0917,0.0,0.0008098115890508354
text_text_ln_lrh0.001_frozen_e5_s42,848,2,0.98193,4.6228,0.0,0.0008094560966939211
text_text_ln_lrh0.001_frozen_e5_s42,849,2,1.13084,5.4215,0.0,0.0008091006043370067
text_text_ln_lrh0.001_frozen_e5_s42,850,2,0.83172,4.2557,0.0,0.0008087451119800924
text_text_ln_lrh0.001_frozen_e5_s42,851,2,1.73975,6.3364,0.0,0.0008083896196231781
text_text_ln_lrh0.001_frozen_e5_s42,852,2,1.72958,6.4166,0.0,0.0008080341272662638
text_text_ln_lrh0.001_frozen_e5_s42,853,2,0.99776,2.1048,0.0,0.0008076786349093494
text_text_ln_lrh0.001_frozen_e5_s42,854,2,1.07775,3.1272,0.0,0.0008073231425524351
text_text_ln_lrh0.001_frozen_e5_s42,855,2,1.31769,3.9205,0.0,0.0008069676501955208
text_text_ln_lrh0.001_frozen_e5_s42,856,2,1.17221,4.5693,0.0,0.0008066121578386065
text_text_ln_lrh0.001_frozen_e5_s42,857,2,1.31337,4.8062,0.0,0.0008062566654816922
text_text_ln_lrh0.001_frozen_e5_s42,858,2,1.15635,3.9777,0.0,0.0008059011731247779
text_text_ln_lrh0.001_frozen_e5_s42,859,2,1.10915,7.0362,0.0,0.0008055456807678635
text_text_ln_lrh0.001_frozen_e5_s42,860,2,1.15438,2.0458,0.0,0.0008051901884109492
text_text_ln_lrh0.001_frozen_e5_s42,861,2,1.30421,3.6879,0.0,0.0008048346960540348
text_text_ln_lrh0.001_frozen_e5_s42,862,2,1.05378,4.8028,0.0,0.0008044792036971206
text_text_ln_lrh0.001_frozen_e5_s42,863,2,1.48716,4.017,0.0,0.0008041237113402063
text_text_ln_lrh0.001_frozen_e5_s42,864,2,1.18993,7.3231,0.0,0.0008037682189832918
text_text_ln_lrh0.001_frozen_e5_s42,865,2,1.18177,3.816,0.0,0.0008034127266263775
text_text_ln_lrh0.001_frozen_e5_s42,866,2,1.49724,5.0267,0.0,0.0008030572342694632
text_text_ln_lrh0.001_frozen_e5_s42,867,2,1.35232,3.8552,0.0,0.0008027017419125488
text_text_ln_lrh0.001_frozen_e5_s42,868,2,1.32806,2.4697,0.0,0.0008023462495556346
text_text_ln_lrh0.001_frozen_e5_s42,869,2,1.08148,2.8609,0.0,0.0008019907571987203
text_text_ln_lrh0.001_frozen_e5_s42,870,2,1.23248,3.2603,0.0,0.0008016352648418059
text_text_ln_lrh0.001_frozen_e5_s42,871,2,1.44979,3.2567,0.0,0.0008012797724848916
text_text_ln_lrh0.001_frozen_e5_s42,872,2,1.03178,2.438,0.0,0.0008009242801279773
text_text_ln_lrh0.001_frozen_e5_s42,873,2,1.19657,3.759,0.0,0.0008005687877710629
text_text_ln_lrh0.001_frozen_e5_s42,874,2,1.44938,8.0173,0.0,0.0008002132954141487
text_text_ln_lrh0.001_frozen_e5_s42,875,2,1.60135,3.4869,0.0,0.0007998578030572343
text_text_ln_lrh0.001_frozen_e5_s42,876,2,0.87966,4.8448,0.0,0.00079950231070032
text_text_ln_lrh0.001_frozen_e5_s42,877,2,1.14455,2.9594,0.0,0.0007991468183434057
text_text_ln_lrh0.001_frozen_e5_s42,878,2,1.6915,4.6149,0.0,0.0007987913259864912
text_text_ln_lrh0.001_frozen_e5_s42,879,2,1.11768,2.2596,0.0,0.0007984358336295769
text_text_ln_lrh0.001_frozen_e5_s42,880,2,1.4572,2.9445,0.0,0.0007980803412726626
text_text_ln_lrh0.001_frozen_e5_s42,881,2,1.68667,5.086,0.0,0.0007977248489157483
text_text_ln_lrh0.001_frozen_e5_s42,882,2,0.80259,3.5085,0.0,0.000797369356558834
text_text_ln_lrh0.001_frozen_e5_s42,883,2,1.41369,3.4367,0.0,0.0007970138642019197
text_text_ln_lrh0.001_frozen_e5_s42,884,2,0.68378,4.4586,0.0,0.0007966583718450053
text_text_ln_lrh0.001_frozen_e5_s42,885,2,1.29947,2.8353,0.0,0.000796302879488091
text_text_ln_lrh0.001_frozen_e5_s42,886,2,1.34225,2.9418,0.0,0.0007959473871311767
text_text_ln_lrh0.001_frozen_e5_s42,887,2,0.98001,3.921,0.0,0.0007955918947742624
text_text_ln_lrh0.001_frozen_e5_s42,888,2,1.08627,3.6515,0.0,0.0007952364024173481
text_text_ln_lrh0.001_frozen_e5_s42,889,2,1.45691,5.0706,0.0,0.0007948809100604337
text_text_ln_lrh0.001_frozen_e5_s42,890,2,1.30355,4.0886,0.0,0.0007945254177035194
text_text_ln_lrh0.001_frozen_e5_s42,891,2,1.11277,5.1168,0.0,0.0007941699253466051
text_text_ln_lrh0.001_frozen_e5_s42,892,2,1.17677,3.6315,0.0,0.0007938144329896907
text_text_ln_lrh0.001_frozen_e5_s42,893,2,1.41095,5.3717,0.0,0.0007934589406327765
text_text_ln_lrh0.001_frozen_e5_s42,894,2,1.18725,4.4052,0.0,0.0007931034482758621
text_text_ln_lrh0.001_frozen_e5_s42,895,2,1.47013,4.4923,0.0,0.0007927479559189477
text_text_ln_lrh0.001_frozen_e5_s42,896,2,1.35299,4.87,0.0,0.0007923924635620334
text_text_ln_lrh0.001_frozen_e5_s42,897,2,1.25395,3.7299,0.0,0.0007920369712051191
text_text_ln_lrh0.001_frozen_e5_s42,898,2,1.19141,2.8365,0.0,0.0007916814788482047
text_text_ln_lrh0.001_frozen_e5_s42,899,2,1.07677,3.2473,0.0,0.0007913259864912905
text_text_ln_lrh0.001_frozen_e5_s42,900,2,1.12926,2.5934,0.0,0.0007909704941343762
text_text_ln_lrh0.001_frozen_e5_s42,901,2,1.0394,2.2939,0.0,0.0007906150017774618
text_text_ln_lrh0.001_frozen_e5_s42,902,2,1.52977,2.2207,0.0,0.0007902595094205475
text_text_ln_lrh0.001_frozen_e5_s42,903,2,1.27027,4.7225,0.0,0.0007899040170636331
text_text_ln_lrh0.001_frozen_e5_s42,904,2,1.0875,2.1409,0.0,0.0007895485247067188
text_text_ln_lrh0.001_frozen_e5_s42,905,2,1.22539,3.2224,0.0,0.0007891930323498045
text_text_ln_lrh0.001_frozen_e5_s42,906,2,1.44856,2.5502,0.0,0.0007888375399928902
text_text_ln_lrh0.001_frozen_e5_s42,907,2,1.31105,4.1316,0.0,0.0007884820476359759
text_text_ln_lrh0.001_frozen_e5_s42,908,2,1.26594,5.6362,0.0,0.0007881265552790616
text_text_ln_lrh0.001_frozen_e5_s42,909,2,0.98384,4.1398,0.0,0.0007877710629221471
text_text_ln_lrh0.001_frozen_e5_s42,910,2,1.90612,4.3325,0.0,0.0007874155705652328
text_text_ln_lrh0.001_frozen_e5_s42,911,2,1.75617,2.7658,0.0,0.0007870600782083185
text_text_ln_lrh0.001_frozen_e5_s42,912,2,1.18781,4.5442,0.0,0.0007867045858514042
text_text_ln_lrh0.001_frozen_e5_s42,913,2,0.97238,5.4636,0.0,0.0007863490934944899
text_text_ln_lrh0.001_frozen_e5_s42,914,2,1.31486,2.1591,0.0,0.0007859936011375756
text_text_ln_lrh0.001_frozen_e5_s42,915,2,1.05594,4.8334,0.0,0.0007856381087806612
text_text_ln_lrh0.001_frozen_e5_s42,916,2,1.25704,4.1068,0.0,0.0007852826164237469
text_text_ln_lrh0.001_frozen_e5_s42,917,2,1.00725,4.3036,0.0,0.0007849271240668325
text_text_ln_lrh0.001_frozen_e5_s42,918,2,1.6518,3.0654,0.0,0.0007845716317099183
text_text_ln_lrh0.001_frozen_e5_s42,919,2,1.05498,4.6186,0.0,0.000784216139353004
text_text_ln_lrh0.001_frozen_e5_s42,920,2,0.83777,6.4903,0.0,0.0007838606469960896
text_text_ln_lrh0.001_frozen_e5_s42,921,2,0.86575,4.6095,0.0,0.0007835051546391753
text_text_ln_lrh0.001_frozen_e5_s42,922,2,1.23479,3.3003,0.0,0.000783149662282261
text_text_ln_lrh0.001_frozen_e5_s42,923,2,0.73783,3.0335,0.0,0.0007827941699253465
text_text_ln_lrh0.001_frozen_e5_s42,924,2,1.44373,4.6045,0.0,0.0007824386775684323
text_text_ln_lrh0.001_frozen_e5_s42,925,2,1.6567,4.8389,0.0,0.000782083185211518
text_text_ln_lrh0.001_frozen_e5_s42,926,2,1.78394,6.1887,0.0,0.0007817276928546036
text_text_ln_lrh0.001_frozen_e5_s42,927,2,1.21495,3.6175,0.0,0.0007813722004976893
text_text_ln_lrh0.001_frozen_e5_s42,928,2,0.64209,2.3426,0.0,0.000781016708140775
text_text_ln_lrh0.001_frozen_e5_s42,929,2,1.79651,6.8587,0.0,0.0007806612157838606
text_text_ln_lrh0.001_frozen_e5_s42,930,2,0.75714,1.9197,0.0,0.0007803057234269464
text_text_ln_lrh0.001_frozen_e5_s42,931,2,1.46253,2.8165,0.0,0.0007799502310700321
text_text_ln_lrh0.001_frozen_e5_s42,932,2,1.03939,2.3848,0.0,0.0007795947387131177
text_text_ln_lrh0.001_frozen_e5_s42,933,2,1.18987,2.5974,0.0,0.0007792392463562034
text_text_ln_lrh0.001_frozen_e5_s42,934,2,1.72043,4.6313,0.0,0.000778883753999289
text_text_ln_lrh0.001_frozen_e5_s42,935,2,1.24071,4.3429,0.0,0.0007785282616423747
text_text_ln_lrh0.001_frozen_e5_s42,936,2,1.47906,2.3242,0.0,0.0007781727692854604
text_text_ln_lrh0.001_frozen_e5_s42,937,2,0.91074,3.2475,0.0,0.000777817276928546
text_text_ln_lrh0.001_frozen_e5_s42,938,2,1.10542,3.9235,0.0,0.0007774617845716317
text_text_ln_lrh0.001_frozen_e5_s42,939,2,0.94958,4.1569,0.0,0.0007771062922147174
text_text_ln_lrh0.001_frozen_e5_s42,940,2,1.33265,4.0722,0.0,0.000776750799857803
text_text_ln_lrh0.001_frozen_e5_s42,941,2,1.28051,3.5872,0.0,0.0007763953075008887
text_text_ln_lrh0.001_frozen_e5_s42,942,2,1.2466,5.5278,0.0,0.0007760398151439744
text_text_ln_lrh0.001_frozen_e5_s42,943,2,1.05123,5.0306,0.0,0.0007756843227870601
text_text_ln_lrh0.001_frozen_e5_s42,944,2,1.08816,6.1037,0.0,0.0007753288304301458
text_text_ln_lrh0.001_frozen_e5_s42,945,2,1.18065,3.5599,0.0,0.0007749733380732315
text_text_ln_lrh0.001_frozen_e5_s42,946,2,1.37453,4.0698,0.0,0.0007746178457163171
text_text_ln_lrh0.001_frozen_e5_s42,947,2,0.96387,2.0196,0.0,0.0007742623533594028
text_text_ln_lrh0.001_frozen_e5_s42,948,2,0.7733,2.7808,0.0,0.0007739068610024884
text_text_ln_lrh0.001_frozen_e5_s42,949,2,1.06607,2.2973,0.0,0.0007735513686455742
text_text_ln_lrh0.001_frozen_e5_s42,950,2,2.35579,7.4936,0.0,0.0007731958762886599
text_text_ln_lrh0.001_frozen_e5_s42,951,2,1.0541,3.9076,0.0,0.0007728403839317455
text_text_ln_lrh0.001_frozen_e5_s42,952,2,1.34727,5.9534,0.0,0.0007724848915748311
text_text_ln_lrh0.001_frozen_e5_s42,953,2,1.06119,3.1919,0.0,0.0007721293992179168
text_text_ln_lrh0.001_frozen_e5_s42,954,2,0.65611,2.0906,0.0,0.0007717739068610024
text_text_ln_lrh0.001_frozen_e5_s42,955,2,1.10229,2.1385,0.0,0.0007714184145040882
text_text_ln_lrh0.001_frozen_e5_s42,956,2,1.06204,2.7493,0.0,0.0007710629221471739
text_text_ln_lrh0.001_frozen_e5_s42,957,2,1.47472,5.7645,0.0,0.0007707074297902595
text_text_ln_lrh0.001_frozen_e5_s42,958,2,1.71041,3.6686,0.0,0.0007703519374333452
text_text_ln_lrh0.001_frozen_e5_s42,959,2,1.47589,5.5692,0.0,0.0007699964450764309
text_text_ln_lrh0.001_frozen_e5_s42,960,2,0.77285,2.1668,0.0,0.0007696409527195165
text_text_ln_lrh0.001_frozen_e5_s42,961,2,0.97299,3.6669,0.0,0.0007692854603626023
text_text_ln_lrh0.001_frozen_e5_s42,962,2,1.24937,2.8186,0.0,0.0007689299680056879
text_text_ln_lrh0.001_frozen_e5_s42,963,2,0.744,4.7201,0.0,0.0007685744756487736
text_text_ln_lrh0.001_frozen_e5_s42,964,2,0.61839,3.1819,0.0,0.0007682189832918593
text_text_ln_lrh0.001_frozen_e5_s42,965,2,1.34658,4.7034,0.0,0.0007678634909349449
text_text_ln_lrh0.001_frozen_e5_s42,966,2,1.02593,2.6596,0.0,0.0007675079985780305
text_text_ln_lrh0.001_frozen_e5_s42,967,2,1.09062,2.744,0.0,0.0007671525062211162
text_text_ln_lrh0.001_frozen_e5_s42,968,2,1.56848,5.4242,0.0,0.0007667970138642019
text_text_ln_lrh0.001_frozen_e5_s42,969,2,1.14471,2.1394,0.0,0.0007664415215072876
text_text_ln_lrh0.001_frozen_e5_s42,970,2,1.35073,5.0543,0.0,0.0007660860291503733
text_text_ln_lrh0.001_frozen_e5_s42,971,2,1.04856,4.0373,0.0,0.0007657305367934589
text_text_ln_lrh0.001_frozen_e5_s42,972,2,1.47676,4.9378,0.0,0.0007653750444365446
text_text_ln_lrh0.001_frozen_e5_s42,973,2,0.68465,4.9193,0.0,0.0007650195520796303
text_text_ln_lrh0.001_frozen_e5_s42,974,2,1.01176,3.3895,0.0,0.000764664059722716
text_text_ln_lrh0.001_frozen_e5_s42,975,2,1.30782,3.5301,0.0,0.0007643085673658017
text_text_ln_lrh0.001_frozen_e5_s42,976,2,1.11975,2.5677,0.0,0.0007639530750088873
text_text_ln_lrh0.001_frozen_e5_s42,977,2,1.53924,4.5025,0.0,0.000763597582651973
text_text_ln_lrh0.001_frozen_e5_s42,978,2,1.47532,4.0813,0.0,0.0007632420902950587
text_text_ln_lrh0.001_frozen_e5_s42,979,2,1.03033,4.6408,0.0,0.0007628865979381443
text_text_ln_lrh0.001_frozen_e5_s42,980,2,1.02262,2.2435,0.0,0.0007625311055812301
text_text_ln_lrh0.001_frozen_e5_s42,981,2,1.28071,4.0651,0.0,0.0007621756132243158
text_text_ln_lrh0.001_frozen_e5_s42,982,2,1.28846,2.7905,0.0,0.0007618201208674013
text_text_ln_lrh0.001_frozen_e5_s42,983,2,1.2229,3.1591,0.0,0.000761464628510487
text_text_ln_lrh0.001_frozen_e5_s42,984,2,0.91602,2.1245,0.0,0.0007611091361535727
text_text_ln_lrh0.001_frozen_e5_s42,985,2,0.85405,2.1416,0.0,0.0007607536437966583
text_text_ln_lrh0.001_frozen_e5_s42,986,2,1.40801,3.5744,0.0,0.0007603981514397441
text_text_ln_lrh0.001_frozen_e5_s42,987,2,1.369,2.7952,0.0,0.0007600426590828298
text_text_ln_lrh0.001_frozen_e5_s42,988,2,1.3474,3.4657,0.0,0.0007596871667259154
text_text_ln_lrh0.001_frozen_e5_s42,989,2,1.60947,4.1836,0.0,0.0007593316743690011
text_text_ln_lrh0.001_frozen_e5_s42,990,2,1.16075,3.4369,0.0,0.0007589761820120867
text_text_ln_lrh0.001_frozen_e5_s42,991,2,1.30193,3.5766,0.0,0.0007586206896551724
text_text_ln_lrh0.001_frozen_e5_s42,992,2,0.99523,3.7346,0.0,0.0007582651972982582
text_text_ln_lrh0.001_frozen_e5_s42,993,2,1.10028,2.3358,0.0,0.0007579097049413438
text_text_ln_lrh0.001_frozen_e5_s42,994,2,1.37846,4.1754,0.0,0.0007575542125844295
text_text_ln_lrh0.001_frozen_e5_s42,995,2,1.20635,2.1154,0.0,0.0007571987202275152
text_text_ln_lrh0.001_frozen_e5_s42,996,2,1.75078,6.5469,0.0,0.0007568432278706007
text_text_ln_lrh0.001_frozen_e5_s42,997,2,1.13908,3.2257,0.0,0.0007564877355136864
text_text_ln_lrh0.001_frozen_e5_s42,998,2,1.34707,3.4542,0.0,0.0007561322431567721
text_text_ln_lrh0.001_frozen_e5_s42,999,2,1.51723,2.5244,0.0,0.0007557767507998578
text_text_ln_lrh0.001_frozen_e5_s42,1000,2,0.92296,2.7665,0.0,0.0007554212584429435
text_text_ln_lrh0.001_frozen_e5_s42,1001,2,0.91043,3.1262,0.0,0.0007550657660860292
text_text_ln_lrh0.001_frozen_e5_s42,1002,2,1.14707,2.5144,0.0,0.0007547102737291148
text_text_ln_lrh0.001_frozen_e5_s42,1003,2,0.70337,4.9873,0.0,0.0007543547813722005
text_text_ln_lrh0.001_frozen_e5_s42,1004,2,0.88461,2.0602,0.0,0.0007539992890152861
text_text_ln_lrh0.001_frozen_e5_s42,1005,2,1.64438,5.6711,0.0,0.0007536437966583719
text_text_ln_lrh0.001_frozen_e5_s42,1006,2,1.63459,3.1148,0.0,0.0007532883043014576
text_text_ln_lrh0.001_frozen_e5_s42,1007,2,1.20808,2.2647,0.0,0.0007529328119445432
text_text_ln_lrh0.001_frozen_e5_s42,1008,2,1.17059,2.8761,0.0,0.0007525773195876289
text_text_ln_lrh0.001_frozen_e5_s42,1009,2,1.02373,3.2454,0.0,0.0007522218272307146
text_text_ln_lrh0.001_frozen_e5_s42,1010,2,0.79167,2.2301,0.0,0.0007518663348738001
text_text_ln_lrh0.001_frozen_e5_s42,1011,2,0.93827,2.2084,0.0,0.000751510842516886
text_text_ln_lrh0.001_frozen_e5_s42,1012,2,1.11358,3.7962,0.0,0.0007511553501599716
text_text_ln_lrh0.001_frozen_e5_s42,1013,2,1.26729,3.9064,0.0,0.0007507998578030572
text_text_ln_lrh0.001_frozen_e5_s42,1014,2,0.67294,3.4945,0.0,0.0007504443654461429
text_text_ln_lrh0.001_frozen_e5_s42,1015,2,1.5292,3.3039,0.0,0.0007500888730892286
text_text_ln_lrh0.001_frozen_e5_s42,1016,2,1.1454,3.5892,0.0,0.0007497333807323142
text_text_ln_lrh0.001_frozen_e5_s42,1017,2,1.21911,3.0932,0.0,0.0007493778883754
text_text_ln_lrh0.001_frozen_e5_s42,1018,2,1.3945,3.239,0.0,0.0007490223960184857
text_text_ln_lrh0.001_frozen_e5_s42,1019,2,1.14688,2.7425,0.0,0.0007486669036615713
text_text_ln_lrh0.001_frozen_e5_s42,1020,2,0.74862,3.4692,0.0,0.000748311411304657
text_text_ln_lrh0.001_frozen_e5_s42,1021,2,1.65351,3.5521,0.0,0.0007479559189477426
text_text_ln_lrh0.001_frozen_e5_s42,1022,2,1.15832,2.6513,0.0,0.0007476004265908283
text_text_ln_lrh0.001_frozen_e5_s42,1023,2,1.22804,2.4375,0.0,0.000747244934233914
text_text_ln_lrh0.001_frozen_e5_s42,1024,2,1.23627,3.3849,0.0,0.0007468894418769997
text_text_ln_lrh0.001_frozen_e5_s42,1025,2,0.88161,2.5291,0.0,0.0007465339495200854
text_text_ln_lrh0.001_frozen_e5_s42,1026,2,0.95455,3.3284,0.0,0.000746178457163171
text_text_ln_lrh0.001_frozen_e5_s42,1027,2,1.34854,2.2802,0.0,0.0007458229648062566
text_text_ln_lrh0.001_frozen_e5_s42,1028,2,1.81171,4.7412,0.0,0.0007454674724493423
text_text_ln_lrh0.001_frozen_e5_s42,1029,2,0.91937,3.6328,0.0,0.000745111980092428
text_text_ln_lrh0.001_frozen_e5_s42,1030,2,0.8973,5.2679,0.0,0.0007447564877355137
text_text_ln_lrh0.001_frozen_e5_s42,1031,2,1.0811,2.6487,0.0,0.0007444009953785994
text_text_ln_lrh0.001_frozen_e5_s42,1032,2,1.4051,2.9787,0.0,0.0007440455030216851
text_text_ln_lrh0.001_frozen_e5_s42,1033,2,1.29848,3.348,0.0,0.0007436900106647707
text_text_ln_lrh0.001_frozen_e5_s42,1034,2,1.1592,2.9898,0.0,0.0007433345183078564
text_text_ln_lrh0.001_frozen_e5_s42,1035,2,1.52404,4.202,0.0,0.000742979025950942
text_text_ln_lrh0.001_frozen_e5_s42,1036,2,0.87285,2.3956,0.0,0.0007426235335940278
text_text_ln_lrh0.001_frozen_e5_s42,1037,2,1.2594,2.2716,0.0,0.0007422680412371135
text_text_ln_lrh0.001_frozen_e5_s42,1038,2,1.84781,5.9472,0.0,0.0007419125488801991
text_text_ln_lrh0.001_frozen_e5_s42,1039,2,0.73493,4.4088,0.0,0.0007415570565232848
text_text_ln_lrh0.001_frozen_e5_s42,1040,2,1.00076,2.3913,0.0,0.0007412015641663704
text_text_ln_lrh0.001_frozen_e5_s42,1041,2,1.1826,3.7215,0.0,0.000740846071809456
text_text_ln_lrh0.001_frozen_e5_s42,1042,2,1.08365,4.8828,0.0,0.0007404905794525418
text_text_ln_lrh0.001_frozen_e5_s42,1043,2,0.75986,2.1676,0.0,0.0007401350870956275
text_text_ln_lrh0.001_frozen_e5_s42,1044,2,1.08032,3.3588,0.0,0.0007397795947387131
text_text_ln_lrh0.001_frozen_e5_s42,1045,2,1.00422,1.9233,0.0,0.0007394241023817988
text_text_ln_lrh0.001_frozen_e5_s42,1046,2,1.04837,1.8483,0.0,0.0007390686100248845
text_text_ln_lrh0.001_frozen_e5_s42,1047,2,1.09804,3.3959,0.0,0.0007387131176679701
text_text_ln_lrh0.001_frozen_e5_s42,1048,2,1.80436,8.6782,0.0,0.0007383576253110559
text_text_ln_lrh0.001_frozen_e5_s42,1049,2,1.42491,5.2594,0.0,0.0007380021329541415
text_text_ln_lrh0.001_frozen_e5_s42,1050,2,0.98172,2.4281,0.0,0.0007376466405972272
text_text_ln_lrh0.001_frozen_e5_s42,1051,2,1.19225,2.5968,0.0,0.0007372911482403129
text_text_ln_lrh0.001_frozen_e5_s42,1052,2,0.94108,2.8672,0.0,0.0007369356558833985
text_text_ln_lrh0.001_frozen_e5_s42,1053,2,0.86588,2.9557,0.0,0.0007365801635264842
text_text_ln_lrh0.001_frozen_e5_s42,1054,2,1.05154,4.4127,0.0,0.0007362246711695698
text_text_ln_lrh0.001_frozen_e5_s42,1055,2,1.5353,6.1999,0.0,0.0007358691788126555
text_text_ln_lrh0.001_frozen_e5_s42,1056,2,1.54006,3.9644,0.0,0.0007355136864557412
text_text_ln_lrh0.001_frozen_e5_s42,1057,2,0.87823,5.6603,0.0,0.0007351581940988269
text_text_ln_lrh0.001_frozen_e5_s42,1058,2,1.51958,5.5756,0.0,0.0007348027017419125
text_text_ln_lrh0.001_frozen_e5_s42,1059,2,1.48215,3.9028,0.0,0.0007344472093849982
text_text_ln_lrh0.001_frozen_e5_s42,1060,2,1.54369,3.4954,0.0,0.0007340917170280839
text_text_ln_lrh0.001_frozen_e5_s42,1061,2,1.49522,4.946,0.0,0.0007337362246711696
text_text_ln_lrh0.001_frozen_e5_s42,1062,2,1.03631,3.7979,0.0,0.0007333807323142553
text_text_ln_lrh0.001_frozen_e5_s42,1063,2,0.97489,2.3548,0.0,0.0007330252399573409
text_text_ln_lrh0.001_frozen_e5_s42,1064,2,0.87331,2.7532,0.0,0.0007326697476004266
text_text_ln_lrh0.001_frozen_e5_s42,1065,2,0.97759,3.3833,0.0,0.0007323142552435123
text_text_ln_lrh0.001_frozen_e5_s42,1066,2,0.93032,3.4353,0.0,0.0007319587628865979
text_text_ln_lrh0.001_frozen_e5_s42,1067,2,1.09223,2.9859,0.0,0.0007316032705296837
text_text_ln_lrh0.001_frozen_e5_s42,1068,2,1.06251,2.1215,0.0,0.0007312477781727694
text_text_ln_lrh0.001_frozen_e5_s42,1069,2,1.69995,4.8255,0.0,0.000730892285815855
text_text_ln_lrh0.001_frozen_e5_s42,1070,2,0.82759,4.06,0.0,0.0007305367934589406
text_text_ln_lrh0.001_frozen_e5_s42,1071,2,1.22369,2.7549,0.0,0.0007301813011020263
text_text_ln_lrh0.001_frozen_e5_s42,1072,2,1.18998,3.3916,0.0,0.0007298258087451119
text_text_ln_lrh0.001_frozen_e5_s42,1073,2,0.72488,3.1273,0.0,0.0007294703163881977
text_text_ln_lrh0.001_frozen_e5_s42,1074,2,1.87795,4.8645,0.0,0.0007291148240312834
text_text_ln_lrh0.001_frozen_e5_s42,1075,2,1.1634,2.5661,0.0,0.000728759331674369
text_text_ln_lrh0.001_frozen_e5_s42,1076,2,1.02542,2.9742,0.0,0.0007284038393174547
text_text_ln_lrh0.001_frozen_e5_s42,1077,2,1.22876,2.507,0.0,0.0007280483469605403
text_text_ln_lrh0.001_frozen_e5_s42,1078,2,0.90064,2.1895,0.0,0.000727692854603626
text_text_ln_lrh0.001_frozen_e5_s42,1079,2,1.06494,3.7581,0.0,0.0007273373622467118
text_text_ln_lrh0.001_frozen_e5_s42,1080,2,1.04358,4.5231,0.0,0.0007269818698897974
text_text_ln_lrh0.001_frozen_e5_s42,1081,2,1.3816,4.9731,0.0,0.0007266263775328831
text_text_ln_lrh0.001_frozen_e5_s42,1082,2,0.75277,2.2384,0.0,0.0007262708851759688
text_text_ln_lrh0.001_frozen_e5_s42,1083,2,1.42763,3.7121,0.0,0.0007259153928190543
text_text_ln_lrh0.001_frozen_e5_s42,1084,2,1.10994,1.9404,0.0,0.00072555990046214
text_text_ln_lrh0.001_frozen_e5_s42,1085,2,1.56187,4.2106,0.0,0.0007252044081052257
text_text_ln_lrh0.001_frozen_e5_s42,1086,2,1.94574,7.3481,0.0,0.0007248489157483114
text_text_ln_lrh0.001_frozen_e5_s42,1087,2,1.54757,2.8683,0.0,0.0007244934233913971
text_text_ln_lrh0.001_frozen_e5_s42,1088,2,0.76722,3.6175,0.0,0.0007241379310344828
text_text_ln_lrh0.001_frozen_e5_s42,1089,2,1.33622,4.9767,0.0,0.0007237824386775684
text_text_ln_lrh0.001_frozen_e5_s42,1090,2,1.10353,2.9144,0.0,0.0007234269463206541
text_text_ln_lrh0.001_frozen_e5_s42,1091,2,1.18147,4.2486,0.0,0.0007230714539637398
text_text_ln_lrh0.001_frozen_e5_s42,1092,2,1.53803,3.4403,0.0,0.0007227159616068255
text_text_ln_lrh0.001_frozen_e5_s42,1093,2,0.9388,4.8901,0.0,0.0007223604692499112
text_text_ln_lrh0.001_frozen_e5_s42,1094,2,1.1641,4.4008,0.0,0.0007220049768929968
text_text_ln_lrh0.001_frozen_e5_s42,1095,2,1.3957,4.1448,0.0,0.0007216494845360825
text_text_ln_lrh0.001_frozen_e5_s42,1096,2,1.55791,2.3919,0.0,0.0007212939921791682
text_text_ln_lrh0.001_frozen_e5_s42,1097,2,1.22472,3.3245,0.0,0.0007209384998222538
text_text_ln_lrh0.001_frozen_e5_s42,1098,2,0.66225,2.8209,0.0,0.0007205830074653396
text_text_ln_lrh0.001_frozen_e5_s42,1099,2,1.49303,3.6393,0.0,0.0007202275151084252
text_text_ln_lrh0.001_frozen_e5_s42,1100,2,1.34989,3.7709,0.0,0.0007198720227515108
text_text_ln_lrh0.001_frozen_e5_s42,1101,2,0.86254,1.5259,0.0,0.0007195165303945965
text_text_ln_lrh0.001_frozen_e5_s42,1102,2,1.11287,3.513,0.0,0.0007191610380376822
text_text_ln_lrh0.001_frozen_e5_s42,1103,2,1.22038,3.6789,0.0,0.0007188055456807678
text_text_ln_lrh0.001_frozen_e5_s42,1104,2,1.84418,3.678,0.0,0.0007184500533238536
text_text_ln_lrh0.001_frozen_e5_s42,1105,2,1.41547,4.6782,0.0,0.0007180945609669393
text_text_ln_lrh0.001_frozen_e5_s42,1106,2,1.43072,6.264,0.0,0.0007177390686100249
text_text_ln_lrh0.001_frozen_e5_s42,1107,2,1.64748,4.9256,0.0,0.0007173835762531106
text_text_ln_lrh0.001_frozen_e5_s42,1108,2,1.13507,3.0071,0.0,0.0007170280838961962
text_text_ln_lrh0.001_frozen_e5_s42,1109,2,1.37736,3.7605,0.0,0.0007166725915392819
text_text_ln_lrh0.001_frozen_e5_s42,1110,2,1.20469,4.8039,0.0,0.0007163170991823677
text_text_ln_lrh0.001_frozen_e5_s42,1111,2,1.00821,3.489,0.0,0.0007159616068254533
text_text_ln_lrh0.001_frozen_e5_s42,1112,2,1.11564,5.4226,0.0,0.000715606114468539
text_text_ln_lrh0.001_frozen_e5_s42,1113,2,1.07114,3.2157,0.0,0.0007152506221116247
text_text_ln_lrh0.001_frozen_e5_s42,1114,2,1.1898,4.5603,0.0,0.0007148951297547102
text_text_ln_lrh0.001_frozen_e5_s42,1115,2,0.8059,2.938,0.0,0.0007145396373977959
text_text_ln_lrh0.001_frozen_e5_s42,1116,2,1.23333,3.5059,0.0,0.0007141841450408816
text_text_ln_lrh0.001_frozen_e5_s42,1117,2,1.62754,4.3992,0.0,0.0007138286526839673
text_text_ln_lrh0.001_frozen_e5_s42,1118,2,1.40325,3.2339,0.0,0.000713473160327053
text_text_ln_lrh0.001_frozen_e5_s42,1119,2,1.4183,4.055,0.0,0.0007131176679701387
text_text_ln_lrh0.001_frozen_e5_s42,1120,2,1.33374,2.6558,0.0,0.0007127621756132243
text_text_ln_lrh0.001_frozen_e5_s42,1121,2,0.99717,1.3735,0.0,0.00071240668325631
text_text_ln_lrh0.001_frozen_e5_s42,1122,2,1.46523,4.9965,0.0,0.0007120511908993956
text_text_ln_lrh0.001_frozen_e5_s42,1123,2,1.27384,2.4402,0.0,0.0007116956985424814
text_text_ln_lrh0.001_frozen_e5_s42,1124,2,0.89638,1.8032,0.0,0.0007113402061855671
text_text_ln_lrh0.001_frozen_e5_s42,1125,2,1.05699,2.7627,0.0,0.0007109847138286527
text_text_ln_lrh0.001_frozen_e5_s42,1126,2,1.2047,2.6345,0.0,0.0007106292214717384
text_text_ln_lrh0.001_frozen_e5_s42,1127,2,1.50496,5.1973,0.0,0.000710273729114824
text_text_ln_lrh0.001_frozen_e5_s42,1128,2,1.05377,3.0761,0.0,0.0007099182367579096
text_text_ln_lrh0.001_frozen_e5_s42,1129,2,1.03612,3.7255,0.0,0.0007095627444009954
text_text_ln_lrh0.001_frozen_e5_s42,1130,2,0.97665,2.3433,0.0,0.0007092072520440811
text_text_ln_lrh0.001_frozen_e5_s42,1131,2,1.07218,4.3038,0.0,0.0007088517596871667
text_text_ln_lrh0.001_frozen_e5_s42,1132,2,1.45772,2.8458,0.0,0.0007084962673302524
text_text_ln_lrh0.001_frozen_e5_s42,1133,2,1.07075,3.0108,0.0,0.0007081407749733381
text_text_ln_lrh0.001_frozen_e5_s42,1134,2,1.00914,1.7984,0.0,0.0007077852826164237
text_text_ln_lrh0.001_frozen_e5_s42,1135,2,1.52788,3.1437,0.0,0.0007074297902595095
text_text_ln_lrh0.001_frozen_e5_s42,1136,2,0.76603,3.8154,0.0,0.0007070742979025951
text_text_ln_lrh0.001_frozen_e5_s42,1137,2,1.25924,2.8224,0.0,0.0007067188055456808
text_text_ln_lrh0.001_frozen_e5_s42,1138,2,1.56457,3.5567,0.0,0.0007063633131887665
text_text_ln_lrh0.001_frozen_e5_s42,1139,2,0.9316,2.6982,0.0,0.0007060078208318521
text_text_ln_lrh0.001_frozen_e5_s42,1140,2,1.29491,3.3464,0.0,0.0007056523284749378
text_text_ln_lrh0.001_frozen_e5_s42,1141,2,1.06429,2.4547,0.0,0.0007052968361180236
text_text_ln_lrh0.001_frozen_e5_s42,1142,2,0.90412,1.7315,0.0,0.0007049413437611091
text_text_ln_lrh0.001_frozen_e5_s42,1143,2,1.45311,3.7345,0.0,0.0007045858514041948
text_text_ln_lrh0.001_frozen_e5_s42,1144,2,1.76211,4.3769,0.0,0.0007042303590472805
text_text_ln_lrh0.001_frozen_e5_s42,1145,2,0.99921,3.6235,0.0,0.0007038748666903661
text_text_ln_lrh0.001_frozen_e5_s42,1146,2,1.30046,4.7567,0.0,0.0007035193743334518
text_text_ln_lrh0.001_frozen_e5_s42,1147,2,1.38205,3.1315,0.0,0.0007031638819765375
text_text_ln_lrh0.001_frozen_e5_s42,1148,2,1.29527,2.757,0.0,0.0007028083896196232
text_text_ln_lrh0.001_frozen_e5_s42,1149,2,1.19623,3.5455,0.0,0.0007024528972627089
text_text_ln_lrh0.001_frozen_e5_s42,1150,2,0.79424,2.9787,0.0,0.0007020974049057946
text_text_ln_lrh0.001_frozen_e5_s42,1151,2,0.67653,4.2628,0.0,0.0007017419125488802
text_text_ln_lrh0.001_frozen_e5_s42,1152,2,1.11619,2.8309,0.0,0.0007013864201919659
text_text_ln_lrh0.001_frozen_e5_s42,1153,2,1.40134,4.4747,0.0,0.0007010309278350515
text_text_ln_lrh0.001_frozen_e5_s42,1154,2,0.88431,3.0219,0.0,0.0007006754354781373
text_text_ln_lrh0.001_frozen_e5_s42,1155,2,1.47573,4.2629,0.0,0.000700319943121223
text_text_ln_lrh0.001_frozen_e5_s42,1156,2,0.98726,2.5805,0.0,0.0006999644507643086
text_text_ln_lrh0.001_frozen_e5_s42,1157,2,1.05757,3.1144,0.0,0.0006996089584073942
text_text_ln_lrh0.001_frozen_e5_s42,1158,2,0.66133,5.1862,0.0,0.0006992534660504799
text_text_ln_lrh0.001_frozen_e5_s42,1159,2,1.17362,2.4021,0.0,0.0006988979736935655
text_text_ln_lrh0.001_frozen_e5_s42,1160,2,1.15767,4.3201,0.0,0.0006985424813366513
text_text_ln_lrh0.001_frozen_e5_s42,1161,2,1.58015,4.2004,0.0,0.000698186988979737
text_text_ln_lrh0.001_frozen_e5_s42,1162,2,1.02634,2.6933,0.0,0.0006978314966228226
text_text_ln_lrh0.001_frozen_e5_s42,1163,2,0.98794,2.3642,0.0,0.0006974760042659083
text_text_ln_lrh0.001_frozen_e5_s42,1164,2,1.03116,1.5922,0.0,0.000697120511908994
text_text_ln_lrh0.001_frozen_e5_s42,1165,2,1.18168,3.2448,0.0,0.0006967650195520796
text_text_ln_lrh0.001_frozen_e5_s42,1166,2,0.91337,5.0784,0.0,0.0006964095271951654
text_text_ln_lrh0.001_frozen_e5_s42,1167,2,1.48774,5.4563,0.0,0.000696054034838251
text_text_ln_lrh0.001_frozen_e5_s42,1168,2,1.22522,2.8919,0.0,0.0006956985424813367
text_text_ln_lrh0.001_frozen_e5_s42,1169,2,1.13072,4.7634,0.0,0.0006953430501244224
text_text_ln_lrh0.001_frozen_e5_s42,1170,2,0.61401,4.4543,0.0,0.000694987557767508
text_text_ln_lrh0.001_frozen_e5_s42,1171,2,0.98339,3.2387,0.0,0.0006946320654105936
text_text_ln_lrh0.001_frozen_e5_s42,1172,2,0.92399,2.9991,0.0,0.0006942765730536793
text_text_ln_lrh0.001_frozen_e5_s42,1173,2,0.93522,2.9233,0.0,0.000693921080696765
text_text_ln_lrh0.001_frozen_e5_s42,1174,2,1.71836,4.8796,0.0,0.0006935655883398507
text_text_ln_lrh0.001_frozen_e5_s42,1175,2,0.92462,3.0247,0.0,0.0006932100959829364
text_text_ln_lrh0.001_frozen_e5_s42,1176,2,1.48321,6.3115,0.0,0.000692854603626022
text_text_ln_lrh0.001_frozen_e5_s42,1177,2,1.35554,3.9241,0.0,0.0006924991112691077
text_text_ln_lrh0.001_frozen_e5_s42,1178,2,1.59009,6.7982,0.0,0.0006921436189121934
text_text_ln_lrh0.001_frozen_e5_s42,1179,2,1.5151,4.5667,0.0,0.0006917881265552791
text_text_ln_lrh0.001_frozen_e5_s42,1180,2,0.90979,3.3711,0.0,0.0006914326341983648
text_text_ln_lrh0.001_frozen_e5_s42,1181,2,0.82556,2.7834,0.0,0.0006910771418414504
text_text_ln_lrh0.001_frozen_e5_s42,1182,2,1.20268,2.7461,0.0,0.0006907216494845361
text_text_ln_lrh0.001_frozen_e5_s42,1183,2,1.11943,2.7895,0.0,0.0006903661571276218
text_text_ln_lrh0.001_frozen_e5_s42,1184,2,1.09926,1.6257,0.0,0.0006900106647707074
text_text_ln_lrh0.001_frozen_e5_s42,1185,2,1.2467,4.3668,0.0,0.0006896551724137932
text_text_ln_lrh0.001_frozen_e5_s42,1186,2,1.30999,6.8757,0.0,0.0006892996800568789
text_text_ln_lrh0.001_frozen_e5_s42,1187,2,1.07164,4.2816,0.0,0.0006889441876999644
text_text_ln_lrh0.001_frozen_e5_s42,1188,2,0.88882,3.5359,0.0,0.0006885886953430501
text_text_ln_lrh0.001_frozen_e5_s42,1189,2,1.63528,3.1052,0.0,0.0006882332029861358
text_text_ln_lrh0.001_frozen_e5_s42,1190,2,1.36351,3.4203,0.0,0.0006878777106292214
text_text_ln_lrh0.001_frozen_e5_s42,1191,2,1.14516,3.9707,0.0,0.0006875222182723072
text_text_ln_lrh0.001_frozen_e5_s42,1192,2,0.84028,3.581,0.0,0.0006871667259153929
text_text_ln_lrh0.001_frozen_e5_s42,1193,2,1.27081,3.3463,0.0,0.0006868112335584785
text_text_ln_lrh0.001_frozen_e5_s42,1194,2,1.07171,2.5646,0.0,0.0006864557412015642
text_text_ln_lrh0.001_frozen_e5_s42,1195,2,1.0018,2.3957,0.0,0.0006861002488446498
text_text_ln_lrh0.001_frozen_e5_s42,1196,2,1.17974,5.1315,0.0,0.0006857447564877355
text_text_ln_lrh0.001_frozen_e5_s42,1197,2,1.31779,3.3637,0.0,0.0006853892641308213
text_text_ln_lrh0.001_frozen_e5_s42,1198,2,1.27821,2.6288,0.0,0.0006850337717739069
text_text_ln_lrh0.001_frozen_e5_s42,1199,2,1.03629,2.6124,0.0,0.0006846782794169926
text_text_ln_lrh0.001_frozen_e5_s42,1200,2,0.92854,2.6389,0.0,0.0006843227870600783
text_text_ln_lrh0.001_frozen_e5_s42,1201,2,0.96267,5.307,0.0,0.0006839672947031638
text_text_ln_lrh0.001_frozen_e5_s42,1202,2,1.24292,3.1718,0.0,0.0006836118023462495
text_text_ln_lrh0.001_frozen_e5_s42,1203,2,1.52755,4.0808,0.0,0.0006832563099893352
text_text_ln_lrh0.001_frozen_e5_s42,1204,2,1.19359,2.614,0.0,0.0006829008176324209
text_text_ln_lrh0.001_frozen_e5_s42,1205,2,1.20272,4.2986,0.0,0.0006825453252755066
text_text_ln_lrh0.001_frozen_e5_s42,1206,2,1.52182,5.6109,0.0,0.0006821898329185923
text_text_ln_lrh0.001_frozen_e5_s42,1207,2,1.25536,2.1785,0.0,0.0006818343405616779
text_text_ln_lrh0.001_frozen_e5_s42,1208,2,1.09896,3.3767,0.0,0.0006814788482047636
text_text_ln_lrh0.001_frozen_e5_s42,1209,2,1.25971,2.9175,0.0,0.0006811233558478492
text_text_ln_lrh0.001_frozen_e5_s42,1210,2,1.25501,2.1459,0.0,0.000680767863490935
text_text_ln_lrh0.001_frozen_e5_s42,1211,2,1.20557,5.7748,0.0,0.0006804123711340207
text_text_ln_lrh0.001_frozen_e5_s42,1212,2,1.46529,2.6777,0.0,0.0006800568787771063
text_text_ln_lrh0.001_frozen_e5_s42,1213,2,1.27926,4.2413,0.0,0.000679701386420192
text_text_ln_lrh0.001_frozen_e5_s42,1214,2,0.83387,2.1428,0.0,0.0006793458940632777
text_text_ln_lrh0.001_frozen_e5_s42,1215,2,1.16538,3.1579,0.0,0.0006789904017063632
text_text_ln_lrh0.001_frozen_e5_s42,1216,2,1.01008,3.0967,0.0,0.000678634909349449
text_text_ln_lrh0.001_frozen_e5_s42,1217,2,1.64366,4.8028,0.0,0.0006782794169925347
text_text_ln_lrh0.001_frozen_e5_s42,1218,2,1.70163,4.135,0.0,0.0006779239246356203
text_text_ln_lrh0.001_frozen_e5_s42,1219,2,1.7647,4.9716,0.0,0.000677568432278706
text_text_ln_lrh0.001_frozen_e5_s42,1220,2,1.1188,2.3869,0.0,0.0006772129399217917
text_text_ln_lrh0.001_frozen_e5_s42,1221,2,1.13583,3.0808,0.0,0.0006768574475648773
text_text_ln_lrh0.001_frozen_e5_s42,1222,2,0.80145,3.1563,0.0,0.0006765019552079631
text_text_ln_lrh0.001_frozen_e5_s42,1223,2,0.76396,4.4148,0.0,0.0006761464628510488
text_text_ln_lrh0.001_frozen_e5_s42,1224,2,1.07321,2.758,0.0,0.0006757909704941344
text_text_ln_lrh0.001_frozen_e5_s42,1225,2,1.21363,3.144,0.0,0.0006754354781372201
text_text_ln_lrh0.001_frozen_e5_s42,1226,2,0.97422,2.6972,0.0,0.0006750799857803057
text_text_ln_lrh0.001_frozen_e5_s42,1227,2,0.86922,3.2127,0.0,0.0006747244934233914
text_text_ln_lrh0.001_frozen_e5_s42,1228,2,1.47585,5.2775,0.0,0.0006743690010664772
text_text_ln_lrh0.001_frozen_e5_s42,1229,2,1.32546,2.1855,0.0,0.0006740135087095628
text_text_ln_lrh0.001_frozen_e5_s42,1230,2,1.01242,3.4848,0.0,0.0006736580163526484
text_text_ln_lrh0.001_frozen_e5_s42,1231,2,1.15012,2.0637,0.0,0.0006733025239957341
text_text_ln_lrh0.001_frozen_e5_s42,1232,2,1.3118,3.2709,0.0,0.0006729470316388197
text_text_ln_lrh0.001_frozen_e5_s42,1233,2,1.4083,6.1006,0.0,0.0006725915392819054
text_text_ln_lrh0.001_frozen_e5_s42,1234,2,0.71328,3.6943,0.0,0.0006722360469249911
text_text_ln_lrh0.001_frozen_e5_s42,1235,2,1.28475,2.9609,0.0,0.0006718805545680768
text_text_ln_lrh0.001_frozen_e5_s42,1236,2,1.14366,2.2441,0.0,0.0006715250622111625
text_text_ln_lrh0.001_frozen_e5_s42,1237,2,0.99804,2.757,0.0,0.0006711695698542482
text_text_ln_lrh0.001_frozen_e5_s42,1238,2,1.07436,3.4751,0.0,0.0006708140774973338
text_text_ln_lrh0.001_frozen_e5_s42,1239,2,1.42085,4.4925,0.0,0.0006704585851404195
text_text_ln_lrh0.001_frozen_e5_s42,1240,2,1.00312,3.1966,0.0,0.0006701030927835051
text_text_ln_lrh0.001_frozen_e5_s42,1241,2,0.7761,2.4994,0.0,0.0006697476004265909
text_text_ln_lrh0.001_frozen_e5_s42,1242,2,0.86108,1.977,0.0,0.0006693921080696766
text_text_ln_lrh0.001_frozen_e5_s42,1243,2,1.61894,4.7531,0.0,0.0006690366157127622
text_text_ln_lrh0.001_frozen_e5_s42,1244,2,1.1322,2.0222,0.0,0.0006686811233558479
text_text_ln_lrh0.001_frozen_e5_s42,1245,2,0.9751,2.7749,0.0,0.0006683256309989335
text_text_ln_lrh0.001_frozen_e5_s42,1246,2,1.47489,3.0733,0.0,0.0006679701386420191
text_text_ln_lrh0.001_frozen_e5_s42,1247,2,1.38398,4.8312,0.0,0.0006676146462851049
text_text_ln_lrh0.001_frozen_e5_s42,1248,2,1.02091,2.4694,0.0,0.0006672591539281906
text_text_ln_lrh0.001_frozen_e5_s42,1249,2,0.91913,3.2793,0.0,0.0006669036615712762
text_text_ln_lrh0.001_frozen_e5_s42,1250,2,0.75959,7.0946,0.0,0.0006665481692143619
text_text_ln_lrh0.001_frozen_e5_s42,1251,3,0.89491,4.6026,0.0,0.0006661926768574476
text_text_ln_lrh0.001_frozen_e5_s42,1252,3,1.19246,3.3457,0.0,0.0006658371845005332
text_text_ln_lrh0.001_frozen_e5_s42,1253,3,0.7415,2.2414,0.0,0.000665481692143619
text_text_ln_lrh0.001_frozen_e5_s42,1254,3,1.10483,3.2462,0.0,0.0006651261997867046
text_text_ln_lrh0.001_frozen_e5_s42,1255,3,1.38515,4.8709,0.0,0.0006647707074297903
text_text_ln_lrh0.001_frozen_e5_s42,1256,3,1.50326,2.8668,0.0,0.000664415215072876
text_text_ln_lrh0.001_frozen_e5_s42,1257,3,0.90531,2.0666,0.0,0.0006640597227159616
text_text_ln_lrh0.001_frozen_e5_s42,1258,3,0.76126,1.8928,0.0,0.0006637042303590473
text_text_ln_lrh0.001_frozen_e5_s42,1259,3,1.19314,5.512,0.0,0.0006633487380021331
text_text_ln_lrh0.001_frozen_e5_s42,1260,3,1.07714,2.2903,0.0,0.0006629932456452186
text_text_ln_lrh0.001_frozen_e5_s42,1261,3,1.34975,2.9285,0.0,0.0006626377532883043
text_text_ln_lrh0.001_frozen_e5_s42,1262,3,1.35296,3.2454,0.0,0.00066228226093139
text_text_ln_lrh0.001_frozen_e5_s42,1263,3,1.40901,2.7558,0.0,0.0006619267685744756
text_text_ln_lrh0.001_frozen_e5_s42,1264,3,1.15622,2.7931,0.0,0.0006615712762175613
text_text_ln_lrh0.001_frozen_e5_s42,1265,3,1.04705,3.074,0.0,0.000661215783860647
text_text_ln_lrh0.001_frozen_e5_s42,1266,3,1.88559,3.3713,0.0,0.0006608602915037327
text_text_ln_lrh0.001_frozen_e5_s42,1267,3,0.97152,4.6955,0.0,0.0006605047991468184
text_text_ln_lrh0.001_frozen_e5_s42,1268,3,1.4305,3.1858,0.0,0.000660149306789904
text_text_ln_lrh0.001_frozen_e5_s42,1269,3,0.94821,2.7224,0.0,0.0006597938144329897
text_text_ln_lrh0.001_frozen_e5_s42,1270,3,1.00044,3.1542,0.0,0.0006594383220760754
text_text_ln_lrh0.001_frozen_e5_s42,1271,3,1.52625,2.6374,0.0,0.000659082829719161
text_text_ln_lrh0.001_frozen_e5_s42,1272,3,1.20154,3.8526,0.0,0.0006587273373622468
text_text_ln_lrh0.001_frozen_e5_s42,1273,3,1.08315,2.3842,0.0,0.0006583718450053325
text_text_ln_lrh0.001_frozen_e5_s42,1274,3,1.07331,4.0187,0.0,0.000658016352648418
text_text_ln_lrh0.001_frozen_e5_s42,1275,3,0.58624,2.9745,0.0,0.0006576608602915037
text_text_ln_lrh0.001_frozen_e5_s42,1276,3,0.92474,3.191,0.0,0.0006573053679345894
text_text_ln_lrh0.001_frozen_e5_s42,1277,3,1.35504,4.3941,0.0,0.000656949875577675
text_text_ln_lrh0.001_frozen_e5_s42,1278,3,1.17244,2.4567,0.0,0.0006565943832207608
text_text_ln_lrh0.001_frozen_e5_s42,1279,3,1.03633,3.9034,0.0,0.0006562388908638465
text_text_ln_lrh0.001_frozen_e5_s42,1280,3,1.7384,3.4195,0.0,0.0006558833985069321
text_text_ln_lrh0.001_frozen_e5_s42,1281,3,1.0273,4.0595,0.0,0.0006555279061500178
text_text_ln_lrh0.001_frozen_e5_s42,1282,3,1.3681,4.1956,0.0,0.0006551724137931034
text_text_ln_lrh0.001_frozen_e5_s42,1283,3,1.42088,5.3724,0.0,0.0006548169214361891
text_text_ln_lrh0.001_frozen_e5_s42,1284,3,1.22064,3.6597,0.0,0.0006544614290792749
text_text_ln_lrh0.001_frozen_e5_s42,1285,3,1.70744,3.5918,0.0,0.0006541059367223605
text_text_ln_lrh0.001_frozen_e5_s42,1286,3,0.89835,2.9935,0.0,0.0006537504443654462
text_text_ln_lrh0.001_frozen_e5_s42,1287,3,1.24167,3.1913,0.0,0.0006533949520085319
text_text_ln_lrh0.001_frozen_e5_s42,1288,3,1.11573,1.7634,0.0,0.0006530394596516174
text_text_ln_lrh0.001_frozen_e5_s42,1289,3,1.11238,2.7544,0.0,0.0006526839672947031
text_text_ln_lrh0.001_frozen_e5_s42,1290,3,1.66675,4.4799,0.0,0.0006523284749377888
text_text_ln_lrh0.001_frozen_e5_s42,1291,3,0.98253,1.9305,0.0,0.0006519729825808745
text_text_ln_lrh0.001_frozen_e5_s42,1292,3,1.31509,2.9394,0.0,0.0006516174902239602
text_text_ln_lrh0.001_frozen_e5_s42,1293,3,0.94042,2.4777,0.0,0.0006512619978670459
text_text_ln_lrh0.001_frozen_e5_s42,1294,3,1.24479,3.0003,0.0,0.0006509065055101315
text_text_ln_lrh0.001_frozen_e5_s42,1295,3,0.9537,3.1096,0.0,0.0006505510131532172
text_text_ln_lrh0.001_frozen_e5_s42,1296,3,1.70306,3.0155,0.0,0.0006501955207963028
text_text_ln_lrh0.001_frozen_e5_s42,1297,3,1.08727,2.5779,0.0,0.0006498400284393886
text_text_ln_lrh0.001_frozen_e5_s42,1298,3,1.74436,4.6079,0.0,0.0006494845360824743
text_text_ln_lrh0.001_frozen_e5_s42,1299,3,1.21411,5.5459,0.0,0.0006491290437255599
text_text_ln_lrh0.001_frozen_e5_s42,1300,3,1.14751,2.8978,0.0,0.0006487735513686456
text_text_ln_lrh0.001_frozen_e5_s42,1301,3,1.40551,4.1148,0.0,0.0006484180590117313
text_text_ln_lrh0.001_frozen_e5_s42,1302,3,1.43219,4.2017,0.0,0.0006480625666548168
text_text_ln_lrh0.001_frozen_e5_s42,1303,3,1.33458,2.6386,0.0,0.0006477070742979027
text_text_ln_lrh0.001_frozen_e5_s42,1304,3,1.23897,3.5678,0.0,0.0006473515819409883
text_text_ln_lrh0.001_frozen_e5_s42,1305,3,1.11503,3.7769,0.0,0.0006469960895840739
text_text_ln_lrh0.001_frozen_e5_s42,1306,3,1.35376,4.0095,0.0,0.0006466405972271596
text_text_ln_lrh0.001_frozen_e5_s42,1307,3,1.10174,2.8573,0.0,0.0006462851048702453
text_text_ln_lrh0.001_frozen_e5_s42,1308,3,1.07713,2.2702,0.0,0.0006459296125133309
text_text_ln_lrh0.001_frozen_e5_s42,1309,3,1.13354,2.2396,0.0,0.0006455741201564167
text_text_ln_lrh0.001_frozen_e5_s42,1310,3,0.97921,2.5042,0.0,0.0006452186277995024
text_text_ln_lrh0.001_frozen_e5_s42,1311,3,1.0474,3.2269,0.0,0.000644863135442588
text_text_ln_lrh0.001_frozen_e5_s42,1312,3,1.07039,2.3161,0.0,0.0006445076430856737
text_text_ln_lrh0.001_frozen_e5_s42,1313,3,0.54839,3.0722,0.0,0.0006441521507287593
text_text_ln_lrh0.001_frozen_e5_s42,1314,3,1.50977,5.2063,0.0,0.000643796658371845
text_text_ln_lrh0.001_frozen_e5_s42,1315,3,1.09502,3.0385,0.0,0.0006434411660149308
text_text_ln_lrh0.001_frozen_e5_s42,1316,3,1.03212,2.2927,0.0,0.0006430856736580164
text_text_ln_lrh0.001_frozen_e5_s42,1317,3,1.24207,3.6545,0.0,0.0006427301813011021
text_text_ln_lrh0.001_frozen_e5_s42,1318,3,0.90767,2.8072,0.0,0.0006423746889441877
text_text_ln_lrh0.001_frozen_e5_s42,1319,3,1.16558,2.7338,0.0,0.0006420191965872733
text_text_ln_lrh0.001_frozen_e5_s42,1320,3,1.38584,5.0763,0.0,0.000641663704230359
text_text_ln_lrh0.001_frozen_e5_s42,1321,3,1.06135,2.061,0.0,0.0006413082118734447
text_text_ln_lrh0.001_frozen_e5_s42,1322,3,0.70152,3.1852,0.0,0.0006409527195165304
text_text_ln_lrh0.001_frozen_e5_s42,1323,3,1.38771,2.8335,0.0,0.0006405972271596161
text_text_ln_lrh0.001_frozen_e5_s42,1324,3,0.99832,2.2954,0.0,0.0006402417348027018
text_text_ln_lrh0.001_frozen_e5_s42,1325,3,1.09892,3.395,0.0,0.0006398862424457874
text_text_ln_lrh0.001_frozen_e5_s42,1326,3,1.41785,3.0014,0.0,0.0006395307500888731
text_text_ln_lrh0.001_frozen_e5_s42,1327,3,1.14012,2.1179,0.0,0.0006391752577319587
text_text_ln_lrh0.001_frozen_e5_s42,1328,3,1.06766,3.295,0.0,0.0006388197653750445
text_text_ln_lrh0.001_frozen_e5_s42,1329,3,1.15877,3.1274,0.0,0.0006384642730181302
text_text_ln_lrh0.001_frozen_e5_s42,1330,3,1.05938,2.2859,0.0,0.0006381087806612158
text_text_ln_lrh0.001_frozen_e5_s42,1331,3,1.49642,3.5243,0.0,0.0006377532883043015
text_text_ln_lrh0.001_frozen_e5_s42,1332,3,0.67114,2.7217,0.0,0.0006373977959473872
text_text_ln_lrh0.001_frozen_e5_s42,1333,3,0.63488,3.3868,0.0,0.0006370423035904727
text_text_ln_lrh0.001_frozen_e5_s42,1334,3,1.40099,2.9028,0.0,0.0006366868112335585
text_text_ln_lrh0.001_frozen_e5_s42,1335,3,0.80005,2.4412,0.0,0.0006363313188766442
text_text_ln_lrh0.001_frozen_e5_s42,1336,3,1.15232,3.5946,0.0,0.0006359758265197298
text_text_ln_lrh0.001_frozen_e5_s42,1337,3,1.12988,2.9885,0.0,0.0006356203341628155
text_text_ln_lrh0.001_frozen_e5_s42,1338,3,1.35471,3.3004,0.0,0.0006352648418059012
text_text_ln_lrh0.001_frozen_e5_s42,1339,3,1.42046,4.602,0.0,0.0006349093494489868
text_text_ln_lrh0.001_frozen_e5_s42,1340,3,0.83262,1.7356,0.0,0.0006345538570920726
text_text_ln_lrh0.001_frozen_e5_s42,1341,3,1.66274,7.2734,0.0,0.0006341983647351582
text_text_ln_lrh0.001_frozen_e5_s42,1342,3,0.68293,2.8602,0.0,0.0006338428723782439
text_text_ln_lrh0.001_frozen_e5_s42,1343,3,0.87751,2.2918,0.0,0.0006334873800213296
text_text_ln_lrh0.001_frozen_e5_s42,1344,3,1.36862,2.9145,0.0,0.0006331318876644152
text_text_ln_lrh0.001_frozen_e5_s42,1345,3,0.8774,2.7148,0.0,0.0006327763953075009
text_text_ln_lrh0.001_frozen_e5_s42,1346,3,1.24668,4.6762,0.0,0.0006324209029505867
text_text_ln_lrh0.001_frozen_e5_s42,1347,3,1.04079,1.9991,0.0,0.0006320654105936722
text_text_ln_lrh0.001_frozen_e5_s42,1348,3,0.98889,4.55,0.0,0.0006317099182367579
text_text_ln_lrh0.001_frozen_e5_s42,1349,3,1.29824,4.9786,0.0,0.0006313544258798436
text_text_ln_lrh0.001_frozen_e5_s42,1350,3,1.21774,4.1978,0.0,0.0006309989335229292
text_text_ln_lrh0.001_frozen_e5_s42,1351,3,0.97269,2.8778,0.0,0.0006306434411660149
text_text_ln_lrh0.001_frozen_e5_s42,1352,3,1.68823,7.573,0.0,0.0006302879488091006
text_text_ln_lrh0.001_frozen_e5_s42,1353,3,0.98991,2.6826,0.0,0.0006299324564521863
text_text_ln_lrh0.001_frozen_e5_s42,1354,3,0.92212,2.3596,0.0,0.000629576964095272
text_text_ln_lrh0.001_frozen_e5_s42,1355,3,1.34124,2.7596,0.0,0.0006292214717383576
text_text_ln_lrh0.001_frozen_e5_s42,1356,3,1.12291,4.2798,0.0,0.0006288659793814433
text_text_ln_lrh0.001_frozen_e5_s42,1357,3,1.51417,6.7175,0.0,0.000628510487024529
text_text_ln_lrh0.001_frozen_e5_s42,1358,3,0.91928,1.8557,0.0,0.0006281549946676146
text_text_ln_lrh0.001_frozen_e5_s42,1359,3,1.66247,3.4758,0.0,0.0006277995023107004
text_text_ln_lrh0.001_frozen_e5_s42,1360,3,1.03196,3.5019,0.0,0.0006274440099537861
text_text_ln_lrh0.001_frozen_e5_s42,1361,3,1.29411,2.4349,0.0,0.0006270885175968717
text_text_ln_lrh0.001_frozen_e5_s42,1362,3,1.00924,2.8004,0.0,0.0006267330252399573
text_text_ln_lrh0.001_frozen_e5_s42,1363,3,1.59177,3.6464,0.0,0.000626377532883043
text_text_ln_lrh0.001_frozen_e5_s42,1364,3,1.54296,3.1629,0.0,0.0006260220405261286
text_text_ln_lrh0.001_frozen_e5_s42,1365,3,0.88916,3.5584,0.0,0.0006256665481692144
text_text_ln_lrh0.001_frozen_e5_s42,1366,3,0.87038,4.124,0.0,0.0006253110558123001
text_text_ln_lrh0.001_frozen_e5_s42,1367,3,1.06177,4.0264,0.0,0.0006249555634553857
text_text_ln_lrh0.001_frozen_e5_s42,1368,3,1.25707,2.6097,0.0,0.0006246000710984714
text_text_ln_lrh0.001_frozen_e5_s42,1369,3,0.97863,3.187,0.0,0.000624244578741557
text_text_ln_lrh0.001_frozen_e5_s42,1370,3,1.02536,2.3711,0.0,0.0006238890863846427
text_text_ln_lrh0.001_frozen_e5_s42,1371,3,1.40585,3.406,0.0,0.0006235335940277285
text_text_ln_lrh0.001_frozen_e5_s42,1372,3,0.87759,3.6471,0.0,0.0006231781016708141
text_text_ln_lrh0.001_frozen_e5_s42,1373,3,0.94171,3.5507,0.0,0.0006228226093138998
text_text_ln_lrh0.001_frozen_e5_s42,1374,3,0.99884,3.1829,0.0,0.0006224671169569855
text_text_ln_lrh0.001_frozen_e5_s42,1375,3,1.1547,3.2118,0.0,0.000622111624600071
text_text_ln_lrh0.001_frozen_e5_s42,1376,3,1.22208,3.4005,0.0,0.0006217561322431567
text_text_ln_lrh0.001_frozen_e5_s42,1377,3,1.01091,2.0499,0.0,0.0006214006398862426
text_text_ln_lrh0.001_frozen_e5_s42,1378,3,0.9779,2.4129,0.0,0.0006210451475293281
text_text_ln_lrh0.001_frozen_e5_s42,1379,3,1.09179,3.6277,0.0,0.0006206896551724138
text_text_ln_lrh0.001_frozen_e5_s42,1380,3,1.27501,1.865,0.0,0.0006203341628154995
text_text_ln_lrh0.001_frozen_e5_s42,1381,3,0.88558,1.8115,0.0,0.0006199786704585851
text_text_ln_lrh0.001_frozen_e5_s42,1382,3,0.89901,3.5791,0.0,0.0006196231781016708
text_text_ln_lrh0.001_frozen_e5_s42,1383,3,0.91291,4.0559,0.0,0.0006192676857447564
text_text_ln_lrh0.001_frozen_e5_s42,1384,3,0.98286,5.159,0.0,0.0006189121933878422
text_text_ln_lrh0.001_frozen_e5_s42,1385,3,1.41613,5.0036,0.0,0.0006185567010309279
text_text_ln_lrh0.001_frozen_e5_s42,1386,3,1.0003,3.0676,0.0,0.0006182012086740135
text_text_ln_lrh0.001_frozen_e5_s42,1387,3,1.63755,4.5437,0.0,0.0006178457163170992
text_text_ln_lrh0.001_frozen_e5_s42,1388,3,1.73304,5.3246,0.0,0.0006174902239601849
text_text_ln_lrh0.001_frozen_e5_s42,1389,3,1.61186,3.7085,0.0,0.0006171347316032705
text_text_ln_lrh0.001_frozen_e5_s42,1390,3,1.16573,4.0528,0.0,0.0006167792392463563
text_text_ln_lrh0.001_frozen_e5_s42,1391,3,1.21705,3.7372,0.0,0.000616423746889442
text_text_ln_lrh0.001_frozen_e5_s42,1392,3,1.51478,3.9596,0.0,0.0006160682545325275
text_text_ln_lrh0.001_frozen_e5_s42,1393,3,1.41998,4.2445,0.0,0.0006157127621756132
text_text_ln_lrh0.001_frozen_e5_s42,1394,3,1.59094,7.3363,0.0,0.0006153572698186989
text_text_ln_lrh0.001_frozen_e5_s42,1395,3,1.82652,4.2236,0.0,0.0006150017774617845
text_text_ln_lrh0.001_frozen_e5_s42,1396,3,0.89193,1.9336,0.0,0.0006146462851048703
text_text_ln_lrh0.001_frozen_e5_s42,1397,3,1.21493,2.625,0.0,0.000614290792747956
text_text_ln_lrh0.001_frozen_e5_s42,1398,3,1.1896,3.5714,0.0,0.0006139353003910416
text_text_ln_lrh0.001_frozen_e5_s42,1399,3,1.31755,2.7414,0.0,0.0006135798080341273
text_text_ln_lrh0.001_frozen_e5_s42,1400,3,1.64907,5.0625,0.0,0.0006132243156772129
text_text_ln_lrh0.001_frozen_e5_s42,1401,3,1.33756,3.6256,0.0,0.0006128688233202986
text_text_ln_lrh0.001_frozen_e5_s42,1402,3,1.11267,2.8832,0.0,0.0006125133309633844
text_text_ln_lrh0.001_frozen_e5_s42,1403,3,1.33534,3.6946,0.0,0.00061215783860647
text_text_ln_lrh0.001_frozen_e5_s42,1404,3,1.1233,3.6514,0.0,0.0006118023462495557
text_text_ln_lrh0.001_frozen_e5_s42,1405,3,1.064,6.3582,0.0,0.0006114468538926414
text_text_ln_lrh0.001_frozen_e5_s42,1406,3,1.28741,4.3196,0.0,0.0006110913615357269
text_text_ln_lrh0.001_frozen_e5_s42,1407,3,1.16739,2.0294,0.0,0.0006107358691788126
text_text_ln_lrh0.001_frozen_e5_s42,1408,3,1.35176,3.0395,0.0,0.0006103803768218983
text_text_ln_lrh0.001_frozen_e5_s42,1409,3,1.16957,1.6045,0.0,0.000610024884464984
text_text_ln_lrh0.001_frozen_e5_s42,1410,3,0.75515,2.8545,0.0,0.0006096693921080697
text_text_ln_lrh0.001_frozen_e5_s42,1411,3,0.98647,2.995,0.0,0.0006093138997511554
text_text_ln_lrh0.001_frozen_e5_s42,1412,3,1.1297,2.2143,0.0,0.000608958407394241
text_text_ln_lrh0.001_frozen_e5_s42,1413,3,1.72843,2.8703,0.0,0.0006086029150373267
text_text_ln_lrh0.001_frozen_e5_s42,1414,3,0.91694,3.1085,0.0,0.0006082474226804123
text_text_ln_lrh0.001_frozen_e5_s42,1415,3,1.1949,2.7916,0.0,0.0006078919303234981
text_text_ln_lrh0.001_frozen_e5_s42,1416,3,0.87214,4.0873,0.0,0.0006075364379665838
text_text_ln_lrh0.001_frozen_e5_s42,1417,3,1.6064,3.5283,0.0,0.0006071809456096694
text_text_ln_lrh0.001_frozen_e5_s42,1418,3,1.32093,2.474,0.0,0.0006068254532527551
text_text_ln_lrh0.001_frozen_e5_s42,1419,3,1.15774,2.6996,0.0,0.0006064699608958408
text_text_ln_lrh0.001_frozen_e5_s42,1420,3,1.23697,3.2351,0.0,0.0006061144685389263
text_text_ln_lrh0.001_frozen_e5_s42,1421,3,1.34584,3.5732,0.0,0.0006057589761820121
text_text_ln_lrh0.001_frozen_e5_s42,1422,3,1.10779,1.9105,0.0,0.0006054034838250978
text_text_ln_lrh0.001_frozen_e5_s42,1423,3,0.92794,2.7427,0.0,0.0006050479914681834
text_text_ln_lrh0.001_frozen_e5_s42,1424,3,1.27351,2.3535,0.0,0.0006046924991112691
text_text_ln_lrh0.001_frozen_e5_s42,1425,3,1.51006,3.3842,0.0,0.0006043370067543548
text_text_ln_lrh0.001_frozen_e5_s42,1426,3,1.13066,2.4025,0.0,0.0006039815143974404
text_text_ln_lrh0.001_frozen_e5_s42,1427,3,0.87619,2.2781,0.0,0.0006036260220405262
text_text_ln_lrh0.001_frozen_e5_s42,1428,3,0.91641,2.5028,0.0,0.0006032705296836118
text_text_ln_lrh0.001_frozen_e5_s42,1429,3,0.62423,2.547,0.0,0.0006029150373266975
text_text_ln_lrh0.001_frozen_e5_s42,1430,3,0.89351,3.7904,0.0,0.0006025595449697832
text_text_ln_lrh0.001_frozen_e5_s42,1431,3,1.00037,1.8169,0.0,0.0006022040526128688
text_text_ln_lrh0.001_frozen_e5_s42,1432,3,0.87507,3.7438,0.0,0.0006018485602559545
text_text_ln_lrh0.001_frozen_e5_s42,1433,3,1.09063,2.8201,0.0,0.0006014930678990403
text_text_ln_lrh0.001_frozen_e5_s42,1434,3,1.12369,3.4084,0.0,0.0006011375755421259
text_text_ln_lrh0.001_frozen_e5_s42,1435,3,1.12742,3.5126,0.0,0.0006007820831852115
text_text_ln_lrh0.001_frozen_e5_s42,1436,3,1.61402,4.0963,0.0,0.0006004265908282972
text_text_ln_lrh0.001_frozen_e5_s42,1437,3,1.58532,4.1677,0.0,0.0006000710984713828
text_text_ln_lrh0.001_frozen_e5_s42,1438,3,1.10073,4.6101,0.0,0.0005997156061144685
text_text_ln_lrh0.001_frozen_e5_s42,1439,3,1.20649,4.2148,0.0,0.0005993601137575542
text_text_ln_lrh0.001_frozen_e5_s42,1440,3,1.29189,3.9189,0.0,0.0005990046214006399
text_text_ln_lrh0.001_frozen_e5_s42,1441,3,1.14383,3.6214,0.0,0.0005986491290437256
text_text_ln_lrh0.001_frozen_e5_s42,1442,3,1.54945,5.2683,0.0,0.0005982936366868112
text_text_ln_lrh0.001_frozen_e5_s42,1443,3,1.01969,3.5541,0.0,0.0005979381443298969
text_text_ln_lrh0.001_frozen_e5_s42,1444,3,1.4851,3.3697,0.0,0.0005975826519729826
text_text_ln_lrh0.001_frozen_e5_s42,1445,3,1.11119,3.3105,0.0,0.0005972271596160682
text_text_ln_lrh0.001_frozen_e5_s42,1446,3,0.8587,2.6083,0.0,0.000596871667259154
text_text_ln_lrh0.001_frozen_e5_s42,1447,3,1.00651,2.9977,0.0,0.0005965161749022397
text_text_ln_lrh0.001_frozen_e5_s42,1448,3,0.90646,2.1052,0.0,0.0005961606825453253
text_text_ln_lrh0.001_frozen_e5_s42,1449,3,1.29937,3.4093,0.0,0.000595805190188411
text_text_ln_lrh0.001_frozen_e5_s42,1450,3,1.14949,3.261,0.0,0.0005954496978314966
text_text_ln_lrh0.001_frozen_e5_s42,1451,3,0.70274,4.797,0.0,0.0005950942054745822
text_text_ln_lrh0.001_frozen_e5_s42,1452,3,1.13008,3.9616,0.0,0.000594738713117668
text_text_ln_lrh0.001_frozen_e5_s42,1453,3,1.17224,3.782,0.0,0.0005943832207607537
text_text_ln_lrh0.001_frozen_e5_s42,1454,3,0.96038,2.945,0.0,0.0005940277284038393
text_text_ln_lrh0.001_frozen_e5_s42,1455,3,0.86128,3.3049,0.0,0.000593672236046925
text_text_ln_lrh0.001_frozen_e5_s42,1456,3,1.26856,4.2231,0.0,0.0005933167436900106
text_text_ln_lrh0.001_frozen_e5_s42,1457,3,1.09133,2.105,0.0,0.0005929612513330963
text_text_ln_lrh0.001_frozen_e5_s42,1458,3,1.59631,2.9196,0.0,0.0005926057589761821
text_text_ln_lrh0.001_frozen_e5_s42,1459,3,0.92827,4.6842,0.0,0.0005922502666192677
text_text_ln_lrh0.001_frozen_e5_s42,1460,3,0.65993,1.7269,0.0,0.0005918947742623534
text_text_ln_lrh0.001_frozen_e5_s42,1461,3,1.03872,3.1154,0.0,0.0005915392819054391
text_text_ln_lrh0.001_frozen_e5_s42,1462,3,1.48177,2.5226,0.0,0.0005911837895485247
text_text_ln_lrh0.001_frozen_e5_s42,1463,3,1.19421,3.2371,0.0,0.0005908282971916104
text_text_ln_lrh0.001_frozen_e5_s42,1464,3,1.20971,4.2576,0.0,0.0005904728048346962
text_text_ln_lrh0.001_frozen_e5_s42,1465,3,0.74906,2.3503,0.0,0.0005901173124777817
text_text_ln_lrh0.001_frozen_e5_s42,1466,3,1.66776,4.7647,0.0,0.0005897618201208674
text_text_ln_lrh0.001_frozen_e5_s42,1467,3,1.26,3.3448,0.0,0.0005894063277639531
text_text_ln_lrh0.001_frozen_e5_s42,1468,3,1.22481,3.358,0.0,0.0005890508354070387
text_text_ln_lrh0.001_frozen_e5_s42,1469,3,1.6925,6.5094,0.0,0.0005886953430501244
text_text_ln_lrh0.001_frozen_e5_s42,1470,3,1.18147,2.5075,0.0,0.0005883398506932101
text_text_ln_lrh0.001_frozen_e5_s42,1471,3,0.76604,2.605,0.0,0.0005879843583362958
text_text_ln_lrh0.001_frozen_e5_s42,1472,3,0.58684,4.1191,0.0,0.0005876288659793815
text_text_ln_lrh0.001_frozen_e5_s42,1473,3,0.9834,2.6683,0.0,0.0005872733736224671
text_text_ln_lrh0.001_frozen_e5_s42,1474,3,0.98872,2.48,0.0,0.0005869178812655528
text_text_ln_lrh0.001_frozen_e5_s42,1475,3,1.0721,2.5342,0.0,0.0005865623889086385
text_text_ln_lrh0.001_frozen_e5_s42,1476,3,0.73116,3.0774,0.0,0.0005862068965517241
text_text_ln_lrh0.001_frozen_e5_s42,1477,3,0.88259,3.0131,0.0,0.0005858514041948099
text_text_ln_lrh0.001_frozen_e5_s42,1478,3,0.87578,3.0237,0.0,0.0005854959118378956
text_text_ln_lrh0.001_frozen_e5_s42,1479,3,1.42662,2.7881,0.0,0.0005851404194809811
text_text_ln_lrh0.001_frozen_e5_s42,1480,3,1.48571,4.7075,0.0,0.0005847849271240668
text_text_ln_lrh0.001_frozen_e5_s42,1481,3,1.29825,3.3688,0.0,0.0005844294347671525
text_text_ln_lrh0.001_frozen_e5_s42,1482,3,1.05141,2.4273,0.0,0.0005840739424102381
text_text_ln_lrh0.001_frozen_e5_s42,1483,3,0.80583,7.2857,0.0,0.0005837184500533239
text_text_ln_lrh0.001_frozen_e5_s42,1484,3,0.98214,2.0783,0.0,0.0005833629576964096
text_text_ln_lrh0.001_frozen_e5_s42,1485,3,0.63454,2.969,0.0,0.0005830074653394952
text_text_ln_lrh0.001_frozen_e5_s42,1486,3,1.19408,3.9557,0.0,0.0005826519729825809
text_text_ln_lrh0.001_frozen_e5_s42,1487,3,1.52848,2.7419,0.0,0.0005822964806256665
text_text_ln_lrh0.001_frozen_e5_s42,1488,3,1.54821,3.2053,0.0,0.0005819409882687522
text_text_ln_lrh0.001_frozen_e5_s42,1489,3,1.15842,3.1516,0.0,0.000581585495911838
text_text_ln_lrh0.001_frozen_e5_s42,1490,3,1.26332,3.0948,0.0,0.0005812300035549236
text_text_ln_lrh0.001_frozen_e5_s42,1491,3,0.72481,1.369,0.0,0.0005808745111980093
text_text_ln_lrh0.001_frozen_e5_s42,1492,3,0.98745,4.5182,0.0,0.000580519018841095
text_text_ln_lrh0.001_frozen_e5_s42,1493,3,0.99678,1.7102,0.0,0.0005801635264841805
text_text_ln_lrh0.001_frozen_e5_s42,1494,3,0.95801,2.1467,0.0,0.0005798080341272662
text_text_ln_lrh0.001_frozen_e5_s42,1495,3,0.63869,2.4805,0.0,0.000579452541770352
text_text_ln_lrh0.001_frozen_e5_s42,1496,3,1.43733,2.8998,0.0,0.0005790970494134376
text_text_ln_lrh0.001_frozen_e5_s42,1497,3,1.26603,2.5478,0.0,0.0005787415570565233
text_text_ln_lrh0.001_frozen_e5_s42,1498,3,0.76623,1.9267,0.0,0.000578386064699609
text_text_ln_lrh0.001_frozen_e5_s42,1499,3,0.97254,4.8058,0.0,0.0005780305723426946
text_text_ln_lrh0.001_frozen_e5_s42,1500,3,1.08851,2.4292,0.0,0.0005776750799857803
text_text_ln_lrh0.001_frozen_e5_s42,1501,3,1.34819,3.5844,0.0,0.0005773195876288659
text_text_ln_lrh0.001_frozen_e5_s42,1502,3,1.18386,2.4028,0.0,0.0005769640952719517
text_text_ln_lrh0.001_frozen_e5_s42,1503,3,1.87736,5.6694,0.0,0.0005766086029150374
text_text_ln_lrh0.001_frozen_e5_s42,1504,3,1.43637,4.2297,0.0,0.000576253110558123
text_text_ln_lrh0.001_frozen_e5_s42,1505,3,0.96553,2.3626,0.0,0.0005758976182012087
text_text_ln_lrh0.001_frozen_e5_s42,1506,3,1.37865,4.8524,0.0,0.0005755421258442944
text_text_ln_lrh0.001_frozen_e5_s42,1507,3,1.59153,4.5616,0.0,0.00057518663348738
text_text_ln_lrh0.001_frozen_e5_s42,1508,3,0.85944,3.5467,0.0,0.0005748311411304658
text_text_ln_lrh0.001_frozen_e5_s42,1509,3,1.09797,2.1141,0.0,0.0005744756487735514
text_text_ln_lrh0.001_frozen_e5_s42,1510,3,1.00502,3.5447,0.0,0.000574120156416637
text_text_ln_lrh0.001_frozen_e5_s42,1511,3,1.11922,3.8489,0.0,0.0005737646640597227
text_text_ln_lrh0.001_frozen_e5_s42,1512,3,0.79992,1.991,0.0,0.0005734091717028084
text_text_ln_lrh0.001_frozen_e5_s42,1513,3,0.91854,2.1261,0.0,0.000573053679345894
text_text_ln_lrh0.001_frozen_e5_s42,1514,3,1.3162,3.7161,0.0,0.0005726981869889798
text_text_ln_lrh0.001_frozen_e5_s42,1515,3,1.25434,3.0922,0.0,0.0005723426946320654
text_text_ln_lrh0.001_frozen_e5_s42,1516,3,1.45205,2.6785,0.0,0.0005719872022751511
text_text_ln_lrh0.001_frozen_e5_s42,1517,3,1.02262,2.2919,0.0,0.0005716317099182368
text_text_ln_lrh0.001_frozen_e5_s42,1518,3,1.16186,2.9615,0.0,0.0005712762175613224
text_text_ln_lrh0.001_frozen_e5_s42,1519,3,0.8606,4.1936,0.0,0.0005709207252044081
text_text_ln_lrh0.001_frozen_e5_s42,1520,3,0.85057,2.7336,0.0,0.0005705652328474939
text_text_ln_lrh0.001_frozen_e5_s42,1521,3,1.14024,3.9575,0.0,0.0005702097404905795
text_text_ln_lrh0.001_frozen_e5_s42,1522,3,0.63903,2.2437,0.0,0.0005698542481336652
text_text_ln_lrh0.001_frozen_e5_s42,1523,3,1.20631,4.9864,0.0,0.0005694987557767508
text_text_ln_lrh0.001_frozen_e5_s42,1524,3,0.77089,3.4914,0.0,0.0005691432634198364
text_text_ln_lrh0.001_frozen_e5_s42,1525,3,1.50189,4.1841,0.0,0.0005687877710629221
text_text_ln_lrh0.001_frozen_e5_s42,1526,3,1.08451,1.6513,0.0,0.0005684322787060079
text_text_ln_lrh0.001_frozen_e5_s42,1527,3,1.24737,3.5474,0.0,0.0005680767863490935
text_text_ln_lrh0.001_frozen_e5_s42,1528,3,1.03496,3.1982,0.0,0.0005677212939921792
text_text_ln_lrh0.001_frozen_e5_s42,1529,3,1.15836,1.9996,0.0,0.0005673658016352649
text_text_ln_lrh0.001_frozen_e5_s42,1530,3,1.59445,5.0442,0.0,0.0005670103092783505
text_text_ln_lrh0.001_frozen_e5_s42,1531,3,1.02708,2.9858,0.0,0.0005666548169214362
text_text_ln_lrh0.001_frozen_e5_s42,1532,3,0.73075,2.4302,0.0,0.0005662993245645218
text_text_ln_lrh0.001_frozen_e5_s42,1533,3,1.41873,4.322,0.0,0.0005659438322076076
text_text_ln_lrh0.001_frozen_e5_s42,1534,3,1.3601,3.2143,0.0,0.0005655883398506933
text_text_ln_lrh0.001_frozen_e5_s42,1535,3,1.32691,4.3406,0.0,0.0005652328474937789
text_text_ln_lrh0.001_frozen_e5_s42,1536,3,1.01286,2.7705,0.0,0.0005648773551368646
text_text_ln_lrh0.001_frozen_e5_s42,1537,3,1.29113,3.2366,0.0,0.0005645218627799503
text_text_ln_lrh0.001_frozen_e5_s42,1538,3,1.10945,2.7292,0.0,0.0005641663704230358
text_text_ln_lrh0.001_frozen_e5_s42,1539,3,1.26966,5.2025,0.0,0.0005638108780661216
text_text_ln_lrh0.001_frozen_e5_s42,1540,3,0.9921,4.61,0.0,0.0005634553857092073
text_text_ln_lrh0.001_frozen_e5_s42,1541,3,1.17225,2.1318,0.0,0.0005630998933522929
text_text_ln_lrh0.001_frozen_e5_s42,1542,3,1.04384,2.0297,0.0,0.0005627444009953786
text_text_ln_lrh0.001_frozen_e5_s42,1543,3,0.91368,1.9411,0.0,0.0005623889086384643
text_text_ln_lrh0.001_frozen_e5_s42,1544,3,0.82163,4.7305,0.0,0.0005620334162815499
text_text_ln_lrh0.001_frozen_e5_s42,1545,3,0.96815,3.2647,0.0,0.0005616779239246357
text_text_ln_lrh0.001_frozen_e5_s42,1546,3,1.31005,2.3226,0.0,0.0005613224315677213
text_text_ln_lrh0.001_frozen_e5_s42,1547,3,1.40792,3.6881,0.0,0.000560966939210807
text_text_ln_lrh0.001_frozen_e5_s42,1548,3,0.87761,2.2929,0.0,0.0005606114468538927
text_text_ln_lrh0.001_frozen_e5_s42,1549,3,0.79892,5.5092,0.0,0.0005602559544969783
text_text_ln_lrh0.001_frozen_e5_s42,1550,3,0.70745,2.1888,0.0,0.000559900462140064
text_text_ln_lrh0.001_frozen_e5_s42,1551,3,0.8563,4.3243,0.0,0.0005595449697831498
text_text_ln_lrh0.001_frozen_e5_s42,1552,3,1.04094,3.311,0.0,0.0005591894774262353
text_text_ln_lrh0.001_frozen_e5_s42,1553,3,1.48703,4.8968,0.0,0.000558833985069321
text_text_ln_lrh0.001_frozen_e5_s42,1554,3,1.18526,2.3651,0.0,0.0005584784927124067
text_text_ln_lrh0.001_frozen_e5_s42,1555,3,1.00071,2.8605,0.0,0.0005581230003554923
text_text_ln_lrh0.001_frozen_e5_s42,1556,3,0.45155,2.9488,0.0,0.000557767507998578
text_text_ln_lrh0.001_frozen_e5_s42,1557,3,1.38154,5.283,0.0,0.0005574120156416637
text_text_ln_lrh0.001_frozen_e5_s42,1558,3,1.36389,6.6705,0.0,0.0005570565232847494
text_text_ln_lrh0.001_frozen_e5_s42,1559,3,1.39082,4.5915,0.0,0.0005567010309278351
text_text_ln_lrh0.001_frozen_e5_s42,1560,3,1.86511,8.6051,0.0,0.0005563455385709207
text_text_ln_lrh0.001_frozen_e5_s42,1561,3,1.75812,7.0948,0.0,0.0005559900462140064
text_text_ln_lrh0.001_frozen_e5_s42,1562,3,1.31865,6.667,0.0,0.0005556345538570921
text_text_ln_lrh0.001_frozen_e5_s42,1563,3,1.63963,4.3185,0.0,0.0005552790615001777
text_text_ln_lrh0.001_frozen_e5_s42,1564,3,1.69093,4.8226,0.0,0.0005549235691432635
text_text_ln_lrh0.001_frozen_e5_s42,1565,3,1.12447,5.8359,0.0,0.0005545680767863492
text_text_ln_lrh0.001_frozen_e5_s42,1566,3,0.6472,3.3184,0.0,0.0005542125844294348
text_text_ln_lrh0.001_frozen_e5_s42,1567,3,1.04665,3.0619,0.0,0.0005538570920725204
text_text_ln_lrh0.001_frozen_e5_s42,1568,3,1.10232,2.8231,0.0,0.0005535015997156061
text_text_ln_lrh0.001_frozen_e5_s42,1569,3,1.32819,3.2431,0.0,0.0005531461073586917
text_text_ln_lrh0.001_frozen_e5_s42,1570,3,1.43506,3.7321,0.0,0.0005527906150017775
text_text_ln_lrh0.001_frozen_e5_s42,1571,3,0.96083,4.1098,0.0,0.0005524351226448632
text_text_ln_lrh0.001_frozen_e5_s42,1572,3,1.27039,2.8573,0.0,0.0005520796302879488
text_text_ln_lrh0.001_frozen_e5_s42,1573,3,0.84744,2.9657,0.0,0.0005517241379310345
text_text_ln_lrh0.001_frozen_e5_s42,1574,3,1.3395,4.6489,0.0,0.0005513686455741201
text_text_ln_lrh0.001_frozen_e5_s42,1575,3,1.50014,3.5059,0.0,0.0005510131532172058
text_text_ln_lrh0.001_frozen_e5_s42,1576,3,1.44126,3.8194,0.0,0.0005506576608602916
text_text_ln_lrh0.001_frozen_e5_s42,1577,3,0.77525,2.6437,0.0,0.0005503021685033772
text_text_ln_lrh0.001_frozen_e5_s42,1578,3,1.17192,4.1342,0.0,0.0005499466761464629
text_text_ln_lrh0.001_frozen_e5_s42,1579,3,0.96642,3.9477,0.0,0.0005495911837895486
text_text_ln_lrh0.001_frozen_e5_s42,1580,3,1.58513,5.5993,0.0,0.0005492356914326342
text_text_ln_lrh0.001_frozen_e5_s42,1581,3,1.09067,1.8462,0.0,0.0005488801990757198
text_text_ln_lrh0.001_frozen_e5_s42,1582,3,1.10553,2.3782,0.0,0.0005485247067188057
text_text_ln_lrh0.001_frozen_e5_s42,1583,3,1.49303,2.6262,0.0,0.0005481692143618912
text_text_ln_lrh0.001_frozen_e5_s42,1584,3,1.05474,3.7125,0.0,0.0005478137220049769
text_text_ln_lrh0.001_frozen_e5_s42,1585,3,1.17606,2.8195,0.0,0.0005474582296480626
text_text_ln_lrh0.001_frozen_e5_s42,1586,3,0.86667,2.6641,0.0,0.0005471027372911482
text_text_ln_lrh0.001_frozen_e5_s42,1587,3,1.31216,2.8407,0.0,0.0005467472449342339
text_text_ln_lrh0.001_frozen_e5_s42,1588,3,0.98871,2.0355,0.0,0.0005463917525773195
text_text_ln_lrh0.001_frozen_e5_s42,1589,3,1.31668,3.113,0.0,0.0005460362602204053
text_text_ln_lrh0.001_frozen_e5_s42,1590,3,1.3723,2.4207,0.0,0.000545680767863491
text_text_ln_lrh0.001_frozen_e5_s42,1591,3,0.9921,3.1812,0.0,0.0005453252755065766
text_text_ln_lrh0.001_frozen_e5_s42,1592,3,0.79671,2.1048,0.0,0.0005449697831496623
text_text_ln_lrh0.001_frozen_e5_s42,1593,3,1.17598,3.1019,0.0,0.000544614290792748
text_text_ln_lrh0.001_frozen_e5_s42,1594,3,1.06466,1.9997,0.0,0.0005442587984358336
text_text_ln_lrh0.001_frozen_e5_s42,1595,3,1.64027,4.3519,0.0,0.0005439033060789194
text_text_ln_lrh0.001_frozen_e5_s42,1596,3,0.885,2.0057,0.0,0.000543547813722005
text_text_ln_lrh0.001_frozen_e5_s42,1597,3,0.86749,3.2489,0.0,0.0005431923213650906
text_text_ln_lrh0.001_frozen_e5_s42,1598,3,0.8997,2.4221,0.0,0.0005428368290081763
text_text_ln_lrh0.001_frozen_e5_s42,1599,3,1.0596,2.0562,0.0,0.000542481336651262
text_text_ln_lrh0.001_frozen_e5_s42,1600,3,1.45711,3.9777,0.0,0.0005421258442943476
text_text_ln_lrh0.001_frozen_e5_s42,1601,3,1.3034,1.7375,0.0,0.0005417703519374334
text_text_ln_lrh0.001_frozen_e5_s42,1602,3,1.38298,4.2223,0.0,0.0005414148595805191
text_text_ln_lrh0.001_frozen_e5_s42,1603,3,1.2874,4.1561,0.0,0.0005410593672236047
text_text_ln_lrh0.001_frozen_e5_s42,1604,3,1.47141,3.4454,0.0,0.0005407038748666904
text_text_ln_lrh0.001_frozen_e5_s42,1605,3,1.62837,6.3645,0.0,0.000540348382509776
text_text_ln_lrh0.001_frozen_e5_s42,1606,3,1.0973,3.2832,0.0,0.0005399928901528617
text_text_ln_lrh0.001_frozen_e5_s42,1607,3,1.23445,2.444,0.0,0.0005396373977959475
text_text_ln_lrh0.001_frozen_e5_s42,1608,3,0.86771,2.2519,0.0,0.0005392819054390331
text_text_ln_lrh0.001_frozen_e5_s42,1609,3,1.13844,3.3665,0.0,0.0005389264130821188
text_text_ln_lrh0.001_frozen_e5_s42,1610,3,0.59247,3.3564,0.0,0.0005385709207252045
text_text_ln_lrh0.001_frozen_e5_s42,1611,3,1.43621,3.9547,0.0,0.00053821542836829
text_text_ln_lrh0.001_frozen_e5_s42,1612,3,1.41669,2.1934,0.0,0.0005378599360113757
text_text_ln_lrh0.001_frozen_e5_s42,1613,3,1.54115,3.3598,0.0,0.0005375044436544615
text_text_ln_lrh0.001_frozen_e5_s42,1614,3,1.07101,2.4579,0.0,0.0005371489512975471
text_text_ln_lrh0.001_frozen_e5_s42,1615,3,1.23637,2.5286,0.0,0.0005367934589406328
text_text_ln_lrh0.001_frozen_e5_s42,1616,3,1.23209,2.8001,0.0,0.0005364379665837185
text_text_ln_lrh0.001_frozen_e5_s42,1617,3,1.01966,4.6234,0.0,0.0005360824742268041
text_text_ln_lrh0.001_frozen_e5_s42,1618,3,0.99474,2.4908,0.0,0.0005357269818698898
text_text_ln_lrh0.001_frozen_e5_s42,1619,3,1.09408,3.4329,0.0,0.0005353714895129754
text_text_ln_lrh0.001_frozen_e5_s42,1620,3,1.17296,3.3109,0.0,0.0005350159971560612
text_text_ln_lrh0.001_frozen_e5_s42,1621,3,0.75976,3.0304,0.0,0.0005346605047991469
text_text_ln_lrh0.001_frozen_e5_s42,1622,3,0.66304,2.7586,0.0,0.0005343050124422325
text_text_ln_lrh0.001_frozen_e5_s42,1623,3,1.40887,3.1473,0.0,0.0005339495200853182
text_text_ln_lrh0.001_frozen_e5_s42,1624,3,0.82254,3.1289,0.0,0.0005335940277284039
text_text_ln_lrh0.001_frozen_e5_s42,1625,3,0.81227,2.0456,0.0,0.0005332385353714894
text_text_ln_lrh0.001_frozen_e5_s42,1626,3,1.18261,3.3695,0.0,0.0005328830430145752
text_text_ln_lrh0.001_frozen_e5_s42,1627,3,0.62264,3.1221,0.0,0.0005325275506576609
text_text_ln_lrh0.001_frozen_e5_s42,1628,3,0.94086,3.2173,0.0,0.0005321720583007465
text_text_ln_lrh0.001_frozen_e5_s42,1629,3,1.15291,2.2904,0.0,0.0005318165659438322
text_text_ln_lrh0.001_frozen_e5_s42,1630,3,1.33374,6.3398,0.0,0.0005314610735869179
text_text_ln_lrh0.001_frozen_e5_s42,1631,3,0.97114,4.3657,0.0,0.0005311055812300035
text_text_ln_lrh0.001_frozen_e5_s42,1632,3,0.57987,1.9308,0.0,0.0005307500888730893
text_text_ln_lrh0.001_frozen_e5_s42,1633,3,1.30776,2.282,0.0,0.0005303945965161749
text_text_ln_lrh0.001_frozen_e5_s42,1634,3,1.2739,2.2635,0.0,0.0005300391041592606
text_text_ln_lrh0.001_frozen_e5_s42,1635,3,0.92889,1.8493,0.0,0.0005296836118023463
text_text_ln_lrh0.001_frozen_e5_s42,1636,3,1.29489,2.606,0.0,0.0005293281194454319
text_text_ln_lrh0.001_frozen_e5_s42,1637,3,1.54345,3.3774,0.0,0.0005289726270885176
text_text_ln_lrh0.001_frozen_e5_s42,1638,3,1.11679,2.7058,0.0,0.0005286171347316034
text_text_ln_lrh0.001_frozen_e5_s42,1639,3,1.19299,4.087,0.0,0.000528261642374689
text_text_ln_lrh0.001_frozen_e5_s42,1640,3,0.92267,2.0075,0.0,0.0005279061500177746
text_text_ln_lrh0.001_frozen_e5_s42,1641,3,1.15666,2.0268,0.0,0.0005275506576608603
text_text_ln_lrh0.001_frozen_e5_s42,1642,3,1.57044,4.113,0.0,0.0005271951653039459
text_text_ln_lrh0.001_frozen_e5_s42,1643,3,1.06943,3.7074,0.0,0.0005268396729470316
text_text_ln_lrh0.001_frozen_e5_s42,1644,3,1.26788,3.6394,0.0,0.0005264841805901174
text_text_ln_lrh0.001_frozen_e5_s42,1645,3,0.80475,3.928,0.0,0.000526128688233203
text_text_ln_lrh0.001_frozen_e5_s42,1646,3,1.57256,4.0044,0.0,0.0005257731958762887
text_text_ln_lrh0.001_frozen_e5_s42,1647,3,1.1097,3.0194,0.0,0.0005254177035193743
text_text_ln_lrh0.001_frozen_e5_s42,1648,3,0.9225,3.327,0.0,0.00052506221116246
text_text_ln_lrh0.001_frozen_e5_s42,1649,3,1.29578,2.4538,0.0,0.0005247067188055457
text_text_ln_lrh0.001_frozen_e5_s42,1650,3,1.62414,3.1519,0.0,0.0005243512264486313
text_text_ln_lrh0.001_frozen_e5_s42,1651,3,0.94934,5.0117,0.0,0.0005239957340917171
text_text_ln_lrh0.001_frozen_e5_s42,1652,3,1.31058,3.4193,0.0,0.0005236402417348028
text_text_ln_lrh0.001_frozen_e5_s42,1653,3,1.00921,3.1966,0.0,0.0005232847493778884
text_text_ln_lrh0.001_frozen_e5_s42,1654,3,0.72945,3.0857,0.0,0.000522929257020974
text_text_ln_lrh0.001_frozen_e5_s42,1655,3,0.69759,1.9642,0.0,0.0005225737646640597
text_text_ln_lrh0.001_frozen_e5_s42,1656,3,1.70595,4.5658,0.0,0.0005222182723071453
text_text_ln_lrh0.001_frozen_e5_s42,1657,3,1.71657,3.9147,0.0,0.0005218627799502311
text_text_ln_lrh0.001_frozen_e5_s42,1658,3,1.59404,5.5948,0.0,0.0005215072875933168
text_text_ln_lrh0.001_frozen_e5_s42,1659,3,1.36069,2.7275,0.0,0.0005211517952364024
text_text_ln_lrh0.001_frozen_e5_s42,1660,3,1.45647,2.9178,0.0,0.0005207963028794881
text_text_ln_lrh0.001_frozen_e5_s42,1661,3,1.47384,4.9398,0.0,0.0005204408105225737
text_text_ln_lrh0.001_frozen_e5_s42,1662,3,1.39509,4.2563,0.0,0.0005200853181656594
text_text_ln_lrh0.001_frozen_e5_s42,1663,3,1.3619,3.5474,0.0,0.0005197298258087452
text_text_ln_lrh0.001_frozen_e5_s42,1664,3,1.60956,3.9414,0.0,0.0005193743334518308
text_text_ln_lrh0.001_frozen_e5_s42,1665,3,1.09206,3.2781,0.0,0.0005190188410949165
text_text_ln_lrh0.001_frozen_e5_s42,1666,3,1.76376,3.9379,0.0,0.0005186633487380022
text_text_ln_lrh0.001_frozen_e5_s42,1667,3,1.24009,3.1257,0.0,0.0005183078563810878
text_text_ln_lrh0.001_frozen_e5_s42,1668,3,1.44566,4.4725,0.0,0.0005179523640241735
text_text_ln_lrh0.001_frozen_e5_s42,1669,3,1.11959,3.8246,0.0,0.0005175968716672593
text_text_ln_lrh0.001_frozen_e5_s42,1670,3,0.74964,4.3522,0.0,0.0005172413793103448
text_text_ln_lrh0.001_frozen_e5_s42,1671,3,1.36198,2.659,0.0,0.0005168858869534305
text_text_ln_lrh0.001_frozen_e5_s42,1672,3,1.08486,3.71,0.0,0.0005165303945965162
text_text_ln_lrh0.001_frozen_e5_s42,1673,3,1.24202,4.633,0.0,0.0005161749022396018
text_text_ln_lrh0.001_frozen_e5_s42,1674,3,1.57474,4.8874,0.0,0.0005158194098826875
text_text_ln_lrh0.001_frozen_e5_s42,1675,3,1.1744,4.1927,0.0,0.0005154639175257731
text_text_ln_lrh0.001_frozen_e5_s42,1676,3,1.31761,1.9823,0.0,0.0005151084251688589
text_text_ln_lrh0.001_frozen_e5_s42,1677,3,1.0924,4.2522,0.0,0.0005147529328119446
text_text_ln_lrh0.001_frozen_e5_s42,1678,3,1.11967,6.3385,0.0,0.0005143974404550302
text_text_ln_lrh0.001_frozen_e5_s42,1679,3,0.90676,2.192,0.0,0.0005140419480981159
text_text_ln_lrh0.001_frozen_e5_s42,1680,3,1.14064,2.9241,0.0,0.0005136864557412016
text_text_ln_lrh0.001_frozen_e5_s42,1681,3,1.03374,5.1399,0.0,0.0005133309633842872
text_text_ln_lrh0.001_frozen_e5_s42,1682,3,1.19475,2.0678,0.0,0.000512975471027373
text_text_ln_lrh0.001_frozen_e5_s42,1683,3,0.8634,3.2283,0.0,0.0005126199786704587
text_text_ln_lrh0.001_frozen_e5_s42,1684,3,0.8444,2.8923,0.0,0.0005122644863135442
text_text_ln_lrh0.001_frozen_e5_s42,1685,3,1.40013,3.3733,0.0,0.0005119089939566299
text_text_ln_lrh0.001_frozen_e5_s42,1686,3,1.3034,4.4368,0.0,0.0005115535015997156
text_text_ln_lrh0.001_frozen_e5_s42,1687,3,1.76652,4.1934,0.0,0.0005111980092428012
text_text_ln_lrh0.001_frozen_e5_s42,1688,3,1.72013,5.7502,0.0,0.000510842516885887
text_text_ln_lrh0.001_frozen_e5_s42,1689,3,1.24586,2.8234,0.0,0.0005104870245289727
text_text_ln_lrh0.001_frozen_e5_s42,1690,3,1.29551,2.245,0.0,0.0005101315321720583
text_text_ln_lrh0.001_frozen_e5_s42,1691,3,1.08467,2.8052,0.0,0.000509776039815144
text_text_ln_lrh0.001_frozen_e5_s42,1692,3,0.93585,2.3651,0.0,0.0005094205474582296
text_text_ln_lrh0.001_frozen_e5_s42,1693,3,1.14324,4.6613,0.0,0.0005090650551013153
text_text_ln_lrh0.001_frozen_e5_s42,1694,3,1.30274,2.8251,0.0,0.0005087095627444011
text_text_ln_lrh0.001_frozen_e5_s42,1695,3,0.98729,2.4551,0.0,0.0005083540703874867
text_text_ln_lrh0.001_frozen_e5_s42,1696,3,0.85623,2.9087,0.0,0.0005079985780305724
text_text_ln_lrh0.001_frozen_e5_s42,1697,3,0.96425,2.874,0.0,0.0005076430856736581
text_text_ln_lrh0.001_frozen_e5_s42,1698,3,1.12805,3.7383,0.0,0.0005072875933167436
text_text_ln_lrh0.001_frozen_e5_s42,1699,3,1.16861,2.497,0.0,0.0005069321009598293
text_text_ln_lrh0.001_frozen_e5_s42,1700,3,0.77186,2.3362,0.0,0.0005065766086029151
text_text_ln_lrh0.001_frozen_e5_s42,1701,3,0.71616,2.4174,0.0,0.0005062211162460007
text_text_ln_lrh0.001_frozen_e5_s42,1702,3,1.74647,5.5521,0.0,0.0005058656238890864
text_text_ln_lrh0.001_frozen_e5_s42,1703,3,0.83293,2.5337,0.0,0.0005055101315321721
text_text_ln_lrh0.001_frozen_e5_s42,1704,3,1.27057,3.649,0.0,0.0005051546391752577
text_text_ln_lrh0.001_frozen_e5_s42,1705,3,1.21761,3.1159,0.0,0.0005047991468183434
text_text_ln_lrh0.001_frozen_e5_s42,1706,3,1.38445,3.7694,0.0,0.000504443654461429
text_text_ln_lrh0.001_frozen_e5_s42,1707,3,1.10646,3.3002,0.0,0.0005040881621045148
text_text_ln_lrh0.001_frozen_e5_s42,1708,3,1.67032,4.9409,0.0,0.0005037326697476005
text_text_ln_lrh0.001_frozen_e5_s42,1709,3,1.38288,3.8178,0.0,0.0005033771773906861
text_text_ln_lrh0.001_frozen_e5_s42,1710,3,0.97755,3.634,0.0,0.0005030216850337718
text_text_ln_lrh0.001_frozen_e5_s42,1711,3,1.12162,2.553,0.0,0.0005026661926768575
text_text_ln_lrh0.001_frozen_e5_s42,1712,3,0.97881,2.1779,0.0,0.000502310700319943
text_text_ln_lrh0.001_frozen_e5_s42,1713,3,1.12984,2.2044,0.0,0.0005019552079630289
text_text_ln_lrh0.001_frozen_e5_s42,1714,3,0.98339,2.9345,0.0,0.0005015997156061145
text_text_ln_lrh0.001_frozen_e5_s42,1715,3,0.97881,3.1504,0.0,0.0005012442232492001
text_text_ln_lrh0.001_frozen_e5_s42,1716,3,1.38519,2.8977,0.0,0.0005008887308922858
text_text_ln_lrh0.001_frozen_e5_s42,1717,3,1.24994,4.3164,0.0,0.0005005332385353715
text_text_ln_lrh0.001_frozen_e5_s42,1718,3,1.22213,3.875,0.0,0.0005001777461784571
text_text_ln_lrh0.001_frozen_e5_s42,1719,3,0.9434,2.842,0.0,0.0004998222538215428
text_text_ln_lrh0.001_frozen_e5_s42,1720,3,0.74809,5.9726,0.0,0.0004994667614646285
text_text_ln_lrh0.001_frozen_e5_s42,1721,3,1.60351,4.1706,0.0,0.0004991112691077142
text_text_ln_lrh0.001_frozen_e5_s42,1722,3,1.28126,3.7431,0.0,0.0004987557767507999
text_text_ln_lrh0.001_frozen_e5_s42,1723,3,1.051,2.7687,0.0,0.0004984002843938855
text_text_ln_lrh0.001_frozen_e5_s42,1724,3,0.9539,3.2101,0.0,0.0004980447920369713
text_text_ln_lrh0.001_frozen_e5_s42,1725,3,0.96939,2.4014,0.0,0.0004976892996800569
text_text_ln_lrh0.001_frozen_e5_s42,1726,3,1.44266,3.7275,0.0,0.0004973338073231426
text_text_ln_lrh0.001_frozen_e5_s42,1727,3,0.78412,2.5276,0.0,0.0004969783149662283
text_text_ln_lrh0.001_frozen_e5_s42,1728,3,0.65306,1.9191,0.0,0.000496622822609314
text_text_ln_lrh0.001_frozen_e5_s42,1729,3,0.89347,3.117,0.0,0.0004962673302523995
text_text_ln_lrh0.001_frozen_e5_s42,1730,3,1.37631,3.7441,0.0,0.0004959118378954852
text_text_ln_lrh0.001_frozen_e5_s42,1731,3,0.85661,2.9326,0.0,0.0004955563455385709
text_text_ln_lrh0.001_frozen_e5_s42,1732,3,0.67962,1.9538,0.0,0.0004952008531816566
text_text_ln_lrh0.001_frozen_e5_s42,1733,3,0.86534,2.3912,0.0,0.0004948453608247423
text_text_ln_lrh0.001_frozen_e5_s42,1734,3,1.25601,3.8597,0.0,0.0004944898684678279
text_text_ln_lrh0.001_frozen_e5_s42,1735,3,1.47265,3.1343,0.0,0.0004941343761109136
text_text_ln_lrh0.001_frozen_e5_s42,1736,3,0.95933,2.7801,0.0,0.0004937788837539993
text_text_ln_lrh0.001_frozen_e5_s42,1737,3,1.49486,3.5762,0.0,0.000493423391397085
text_text_ln_lrh0.001_frozen_e5_s42,1738,3,1.38568,2.051,0.0,0.0004930678990401707
text_text_ln_lrh0.001_frozen_e5_s42,1739,3,1.61659,4.4359,0.0,0.0004927124066832564
text_text_ln_lrh0.001_frozen_e5_s42,1740,3,1.17562,4.4465,0.0,0.000492356914326342
text_text_ln_lrh0.001_frozen_e5_s42,1741,3,1.49879,2.6129,0.0,0.0004920014219694277
text_text_ln_lrh0.001_frozen_e5_s42,1742,3,1.28823,2.861,0.0,0.0004916459296125134
text_text_ln_lrh0.001_frozen_e5_s42,1743,3,1.19131,3.8842,0.0,0.000491290437255599
text_text_ln_lrh0.001_frozen_e5_s42,1744,3,1.35475,3.0565,0.0,0.0004909349448986846
text_text_ln_lrh0.001_frozen_e5_s42,1745,3,0.65201,4.7062,0.0,0.0004905794525417704
text_text_ln_lrh0.001_frozen_e5_s42,1746,3,0.9783,1.8112,0.0,0.000490223960184856
text_text_ln_lrh0.001_frozen_e5_s42,1747,3,0.82483,2.8416,0.0,0.0004898684678279417
text_text_ln_lrh0.001_frozen_e5_s42,1748,3,1.73276,3.426,0.0,0.0004895129754710274
text_text_ln_lrh0.001_frozen_e5_s42,1749,3,1.4076,3.7244,0.0,0.0004891574831141131
text_text_ln_lrh0.001_frozen_e5_s42,1750,3,1.33477,2.3974,0.0,0.0004888019907571987
text_text_ln_lrh0.001_frozen_e5_s42,1751,3,0.72805,3.2877,0.0,0.0004884464984002844
text_text_ln_lrh0.001_frozen_e5_s42,1752,3,1.49195,2.9593,0.0,0.0004880910060433701
text_text_ln_lrh0.001_frozen_e5_s42,1753,3,1.25105,2.4224,0.0,0.0004877355136864557
text_text_ln_lrh0.001_frozen_e5_s42,1754,3,1.11287,2.488,0.0,0.0004873800213295414
text_text_ln_lrh0.001_frozen_e5_s42,1755,3,0.66712,2.5917,0.0,0.0004870245289726271
text_text_ln_lrh0.001_frozen_e5_s42,1756,3,1.28373,2.6071,0.0,0.00048666903661571275
text_text_ln_lrh0.001_frozen_e5_s42,1757,3,1.33915,3.522,0.0,0.00048631354425879845
text_text_ln_lrh0.001_frozen_e5_s42,1758,3,0.82329,1.5289,0.0,0.00048595805190188414
text_text_ln_lrh0.001_frozen_e5_s42,1759,3,0.63256,1.7614,0.0,0.0004856025595449698
text_text_ln_lrh0.001_frozen_e5_s42,1760,3,1.50662,3.1294,0.0,0.0004852470671880554
text_text_ln_lrh0.001_frozen_e5_s42,1761,3,1.33586,2.7708,0.0,0.00048489157483114117
text_text_ln_lrh0.001_frozen_e5_s42,1762,3,1.37593,4.4915,0.0,0.0004845360824742268
text_text_ln_lrh0.001_frozen_e5_s42,1763,3,1.42345,2.286,0.0,0.00048418059011731245
text_text_ln_lrh0.001_frozen_e5_s42,1764,3,1.53063,4.6095,0.0,0.0004838250977603982
text_text_ln_lrh0.001_frozen_e5_s42,1765,3,1.23641,4.7357,0.0,0.00048346960540348384
text_text_ln_lrh0.001_frozen_e5_s42,1766,3,1.09714,2.5525,0.0,0.0004831141130465695
text_text_ln_lrh0.001_frozen_e5_s42,1767,3,1.39728,3.164,0.0,0.0004827586206896552
text_text_ln_lrh0.001_frozen_e5_s42,1768,3,0.80308,1.7179,0.0,0.0004824031283327409
text_text_ln_lrh0.001_frozen_e5_s42,1769,3,1.20531,4.3911,0.0,0.0004820476359758265
text_text_ln_lrh0.001_frozen_e5_s42,1770,3,1.21494,2.1447,0.0,0.0004816921436189122
text_text_ln_lrh0.001_frozen_e5_s42,1771,3,0.97216,2.3491,0.0,0.0004813366512619979
text_text_ln_lrh0.001_frozen_e5_s42,1772,3,1.38224,3.1795,0.0,0.00048098115890508354
text_text_ln_lrh0.001_frozen_e5_s42,1773,3,0.81645,3.1757,0.0,0.00048062566654816924
text_text_ln_lrh0.001_frozen_e5_s42,1774,3,1.13681,3.1394,0.0,0.0004802701741912549
text_text_ln_lrh0.001_frozen_e5_s42,1775,3,0.99232,2.9347,0.0,0.0004799146818343406
text_text_ln_lrh0.001_frozen_e5_s42,1776,3,1.1827,2.4472,0.0,0.00047955918947742627
text_text_ln_lrh0.001_frozen_e5_s42,1777,3,0.72169,2.3315,0.0,0.0004792036971205119
text_text_ln_lrh0.001_frozen_e5_s42,1778,3,1.28565,3.5963,0.0,0.0004788482047635976
text_text_ln_lrh0.001_frozen_e5_s42,1779,3,0.80981,1.9462,0.0,0.00047849271240668325
text_text_ln_lrh0.001_frozen_e5_s42,1780,3,1.03203,3.5953,0.0,0.00047813722004976894
text_text_ln_lrh0.001_frozen_e5_s42,1781,3,0.8013,2.8562,0.0,0.0004777817276928546
text_text_ln_lrh0.001_frozen_e5_s42,1782,3,1.19485,4.4414,0.0,0.0004774262353359403
text_text_ln_lrh0.001_frozen_e5_s42,1783,3,0.59619,3.1542,0.0,0.00047707074297902597
text_text_ln_lrh0.001_frozen_e5_s42,1784,3,1.07643,2.2182,0.0,0.0004767152506221116
text_text_ln_lrh0.001_frozen_e5_s42,1785,3,0.90838,1.9764,0.0,0.0004763597582651973
text_text_ln_lrh0.001_frozen_e5_s42,1786,3,1.30231,3.3073,0.0,0.000476004265908283
text_text_ln_lrh0.001_frozen_e5_s42,1787,3,1.92776,5.7867,0.0,0.00047564877355136864
text_text_ln_lrh0.001_frozen_e5_s42,1788,3,1.21799,3.9344,0.0,0.0004752932811944543
text_text_ln_lrh0.001_frozen_e5_s42,1789,3,0.79735,1.8572,0.0,0.00047493778883754003
text_text_ln_lrh0.001_frozen_e5_s42,1790,3,1.27354,2.9308,0.0,0.00047458229648062567
text_text_ln_lrh0.001_frozen_e5_s42,1791,3,1.44105,3.8886,0.0,0.0004742268041237113
text_text_ln_lrh0.001_frozen_e5_s42,1792,3,1.2906,3.5074,0.0,0.00047387131176679706
text_text_ln_lrh0.001_frozen_e5_s42,1793,3,1.17529,1.7176,0.0,0.0004735158194098827
text_text_ln_lrh0.001_frozen_e5_s42,1794,3,1.02861,2.7107,0.0,0.00047316032705296834
text_text_ln_lrh0.001_frozen_e5_s42,1795,3,0.91671,2.7881,0.0,0.0004728048346960541
text_text_ln_lrh0.001_frozen_e5_s42,1796,3,0.75317,2.067,0.0,0.00047244934233913973
text_text_ln_lrh0.001_frozen_e5_s42,1797,3,0.88772,3.6147,0.0,0.00047209384998222537
text_text_ln_lrh0.001_frozen_e5_s42,1798,3,0.9704,2.7201,0.0,0.00047173835762531107
text_text_ln_lrh0.001_frozen_e5_s42,1799,3,0.974,2.0759,0.0,0.00047138286526839676
text_text_ln_lrh0.001_frozen_e5_s42,1800,3,0.96366,2.7989,0.0,0.0004710273729114824
text_text_ln_lrh0.001_frozen_e5_s42,1801,3,1.1585,2.5543,0.0,0.0004706718805545681
text_text_ln_lrh0.001_frozen_e5_s42,1802,3,1.01334,3.6328,0.0,0.0004703163881976538
text_text_ln_lrh0.001_frozen_e5_s42,1803,3,1.32476,3.5757,0.0,0.00046996089584073943
text_text_ln_lrh0.001_frozen_e5_s42,1804,3,1.71073,4.955,0.0,0.00046960540348382513
text_text_ln_lrh0.001_frozen_e5_s42,1805,3,1.82283,4.2326,0.0,0.00046924991112691077
text_text_ln_lrh0.001_frozen_e5_s42,1806,3,1.17274,2.3838,0.0,0.00046889441876999646
text_text_ln_lrh0.001_frozen_e5_s42,1807,3,0.50372,1.9491,0.0,0.00046853892641308216
text_text_ln_lrh0.001_frozen_e5_s42,1808,3,1.15401,2.5185,0.0,0.0004681834340561678
text_text_ln_lrh0.001_frozen_e5_s42,1809,3,0.72054,2.8393,0.0,0.0004678279416992535
text_text_ln_lrh0.001_frozen_e5_s42,1810,3,1.18754,3.1763,0.0,0.00046747244934233913
text_text_ln_lrh0.001_frozen_e5_s42,1811,3,1.10958,4.6241,0.0,0.00046711695698542483
text_text_ln_lrh0.001_frozen_e5_s42,1812,3,1.50415,4.0819,0.0,0.00046676146462851047
text_text_ln_lrh0.001_frozen_e5_s42,1813,3,0.93617,2.4154,0.0,0.00046640597227159616
text_text_ln_lrh0.001_frozen_e5_s42,1814,3,0.74133,2.9041,0.0,0.00046605047991468186
text_text_ln_lrh0.001_frozen_e5_s42,1815,3,1.28247,2.7716,0.0,0.0004656949875577675
text_text_ln_lrh0.001_frozen_e5_s42,1816,3,0.83525,2.5027,0.0,0.0004653394952008532
text_text_ln_lrh0.001_frozen_e5_s42,1817,3,0.94881,2.9779,0.0,0.0004649840028439389
text_text_ln_lrh0.001_frozen_e5_s42,1818,3,1.20614,3.2775,0.0,0.00046462851048702453
text_text_ln_lrh0.001_frozen_e5_s42,1819,3,1.19643,2.669,0.0,0.00046427301813011017
text_text_ln_lrh0.001_frozen_e5_s42,1820,3,1.54289,3.7994,0.0,0.0004639175257731959
text_text_ln_lrh0.001_frozen_e5_s42,1821,3,0.86137,3.0253,0.0,0.00046356203341628156
text_text_ln_lrh0.001_frozen_e5_s42,1822,3,1.94331,3.8252,0.0,0.0004632065410593672
text_text_ln_lrh0.001_frozen_e5_s42,1823,3,1.25629,3.4435,0.0,0.00046285104870245295
text_text_ln_lrh0.001_frozen_e5_s42,1824,3,1.72029,3.7438,0.0,0.0004624955563455386
text_text_ln_lrh0.001_frozen_e5_s42,1825,3,1.1343,2.0765,0.0,0.00046214006398862423
text_text_ln_lrh0.001_frozen_e5_s42,1826,3,0.94291,4.5913,0.0,0.0004617845716317099
text_text_ln_lrh0.001_frozen_e5_s42,1827,3,1.51376,2.879,0.0,0.0004614290792747956
text_text_ln_lrh0.001_frozen_e5_s42,1828,3,1.30124,3.1933,0.0,0.00046107358691788126
text_text_ln_lrh0.001_frozen_e5_s42,1829,3,1.49413,4.1248,0.0,0.00046071809456096696
text_text_ln_lrh0.001_frozen_e5_s42,1830,3,1.1842,4.3961,0.0,0.00046036260220405265
text_text_ln_lrh0.001_frozen_e5_s42,1831,3,0.77647,2.6368,0.0,0.0004600071098471383
text_text_ln_lrh0.001_frozen_e5_s42,1832,3,1.78156,3.6681,0.0,0.000459651617490224
text_text_ln_lrh0.001_frozen_e5_s42,1833,3,1.57062,4.1945,0.0,0.0004592961251333096
text_text_ln_lrh0.001_frozen_e5_s42,1834,3,0.79886,3.2086,0.0,0.0004589406327763953
text_text_ln_lrh0.001_frozen_e5_s42,1835,3,1.12241,3.0111,0.0,0.000458585140419481
text_text_ln_lrh0.001_frozen_e5_s42,1836,3,1.09138,3.6421,0.0,0.00045822964806256666
text_text_ln_lrh0.001_frozen_e5_s42,1837,3,1.21235,3.2813,0.0,0.00045787415570565235
text_text_ln_lrh0.001_frozen_e5_s42,1838,3,1.05582,1.7092,0.0,0.000457518663348738
text_text_ln_lrh0.001_frozen_e5_s42,1839,3,1.22816,2.9381,0.0,0.0004571631709918237
text_text_ln_lrh0.001_frozen_e5_s42,1840,3,1.00217,2.338,0.0,0.00045680767863490933
text_text_ln_lrh0.001_frozen_e5_s42,1841,3,0.86241,2.7617,0.0,0.000456452186277995
text_text_ln_lrh0.001_frozen_e5_s42,1842,3,1.77739,3.3438,0.0,0.0004560966939210807
text_text_ln_lrh0.001_frozen_e5_s42,1843,3,1.03004,1.5902,0.0,0.00045574120156416636
text_text_ln_lrh0.001_frozen_e5_s42,1844,3,1.18019,3.0603,0.0,0.00045538570920725205
text_text_ln_lrh0.001_frozen_e5_s42,1845,3,1.38501,4.0597,0.0,0.00045503021685033775
text_text_ln_lrh0.001_frozen_e5_s42,1846,3,1.25529,2.8939,0.0,0.0004546747244934234
text_text_ln_lrh0.001_frozen_e5_s42,1847,3,1.18781,3.1407,0.0,0.00045431923213650903
text_text_ln_lrh0.001_frozen_e5_s42,1848,3,1.28825,3.5018,0.0,0.0004539637397795948
text_text_ln_lrh0.001_frozen_e5_s42,1849,3,0.91963,2.9897,0.0,0.0004536082474226804
text_text_ln_lrh0.001_frozen_e5_s42,1850,3,1.32519,2.5873,0.0,0.00045325275506576606
text_text_ln_lrh0.001_frozen_e5_s42,1851,3,0.64019,2.7645,0.0,0.0004528972627088518
text_text_ln_lrh0.001_frozen_e5_s42,1852,3,1.23538,2.9562,0.0,0.00045254177035193745
text_text_ln_lrh0.001_frozen_e5_s42,1853,3,0.95681,3.7005,0.0,0.0004521862779950231
text_text_ln_lrh0.001_frozen_e5_s42,1854,3,1.35083,3.4473,0.0,0.0004518307856381088
text_text_ln_lrh0.001_frozen_e5_s42,1855,3,1.03458,3.4024,0.0,0.0004514752932811945
text_text_ln_lrh0.001_frozen_e5_s42,1856,3,1.10142,2.9248,0.0,0.0004511198009242801
text_text_ln_lrh0.001_frozen_e5_s42,1857,3,0.98664,3.2063,0.0,0.0004507643085673658
text_text_ln_lrh0.001_frozen_e5_s42,1858,3,1.04485,2.3545,0.0,0.0004504088162104515
text_text_ln_lrh0.001_frozen_e5_s42,1859,3,0.86224,3.8702,0.0,0.00045005332385353715
text_text_ln_lrh0.001_frozen_e5_s42,1860,3,1.55958,5.4271,0.0,0.00044969783149662284
text_text_ln_lrh0.001_frozen_e5_s42,1861,3,0.82412,1.6257,0.0,0.0004493423391397085
text_text_ln_lrh0.001_frozen_e5_s42,1862,3,1.03568,1.6312,0.0,0.0004489868467827942
text_text_ln_lrh0.001_frozen_e5_s42,1863,3,0.91667,3.7648,0.0,0.0004486313544258799
text_text_ln_lrh0.001_frozen_e5_s42,1864,3,1.33264,3.3991,0.0,0.0004482758620689655
text_text_ln_lrh0.001_frozen_e5_s42,1865,3,1.08749,4.4705,0.0,0.0004479203697120512
text_text_ln_lrh0.001_frozen_e5_s42,1866,3,1.1241,4.0778,0.0,0.0004475648773551369
text_text_ln_lrh0.001_frozen_e5_s42,1867,3,1.29238,3.7854,0.0,0.00044720938499822255
text_text_ln_lrh0.001_frozen_e5_s42,1868,3,1.18478,3.0976,0.0,0.0004468538926413082
text_text_ln_lrh0.001_frozen_e5_s42,1869,3,0.60985,3.6301,0.0,0.0004464984002843939
text_text_ln_lrh0.001_frozen_e5_s42,1870,3,1.34839,2.6591,0.0,0.0004461429079274796
text_text_ln_lrh0.001_frozen_e5_s42,1871,3,0.93971,1.6414,0.0,0.0004457874155705652
text_text_ln_lrh0.001_frozen_e5_s42,1872,3,1.45205,4.5864,0.0,0.0004454319232136509
text_text_ln_lrh0.001_frozen_e5_s42,1873,3,1.14035,2.3558,0.0,0.0004450764308567366
text_text_ln_lrh0.001_frozen_e5_s42,1874,3,1.29277,4.4361,0.0,0.00044472093849982225
text_text_ln_lrh0.001_frozen_e5_s42,1875,3,1.62704,6.6007,0.0,0.0004443654461429079
text_text_ln_lrh0.001_frozen_e5_s42,1876,4,1.1128,2.6364,0.0,0.00044400995378599364
text_text_ln_lrh0.001_frozen_e5_s42,1877,4,0.87699,2.7201,0.0,0.0004436544614290793
text_text_ln_lrh0.001_frozen_e5_s42,1878,4,1.14332,5.9984,0.0,0.0004432989690721649
text_text_ln_lrh0.001_frozen_e5_s42,1879,4,0.76425,1.9814,0.0,0.00044294347671525067
text_text_ln_lrh0.001_frozen_e5_s42,1880,4,1.27207,3.8213,0.0,0.0004425879843583363
text_text_ln_lrh0.001_frozen_e5_s42,1881,4,0.7756,3.211,0.0,0.00044223249200142195
text_text_ln_lrh0.001_frozen_e5_s42,1882,4,1.07241,3.7482,0.0,0.0004418769996445077
text_text_ln_lrh0.001_frozen_e5_s42,1883,4,1.20606,3.4533,0.0,0.00044152150728759334
text_text_ln_lrh0.001_frozen_e5_s42,1884,4,1.41556,3.476,0.0,0.000441166014930679
text_text_ln_lrh0.001_frozen_e5_s42,1885,4,1.02999,3.2446,0.0,0.00044081052257376467
text_text_ln_lrh0.001_frozen_e5_s42,1886,4,1.04954,2.876,0.0,0.00044045503021685037
text_text_ln_lrh0.001_frozen_e5_s42,1887,4,0.59157,1.7798,0.0,0.000440099537859936
text_text_ln_lrh0.001_frozen_e5_s42,1888,4,1.05992,2.766,0.0,0.0004397440455030217
text_text_ln_lrh0.001_frozen_e5_s42,1889,4,0.9273,2.6444,0.0,0.0004393885531461074
text_text_ln_lrh0.001_frozen_e5_s42,1890,4,1.04184,3.6498,0.0,0.00043903306078919304
text_text_ln_lrh0.001_frozen_e5_s42,1891,4,1.43186,4.8869,0.0,0.00043867756843227873
text_text_ln_lrh0.001_frozen_e5_s42,1892,4,0.82288,2.8315,0.0,0.0004383220760753644
text_text_ln_lrh0.001_frozen_e5_s42,1893,4,0.76946,2.2004,0.0,0.00043796658371845007
text_text_ln_lrh0.001_frozen_e5_s42,1894,4,0.76415,1.6468,0.0,0.00043761109136153576
text_text_ln_lrh0.001_frozen_e5_s42,1895,4,1.06972,4.1168,0.0,0.0004372555990046214
text_text_ln_lrh0.001_frozen_e5_s42,1896,4,1.17513,4.4676,0.0,0.0004369001066477071
text_text_ln_lrh0.001_frozen_e5_s42,1897,4,1.27496,3.6174,0.0,0.00043654461429079274
text_text_ln_lrh0.001_frozen_e5_s42,1898,4,1.04483,3.2997,0.0,0.00043618912193387843
text_text_ln_lrh0.001_frozen_e5_s42,1899,4,2.07231,5.87,0.0,0.0004358336295769641
text_text_ln_lrh0.001_frozen_e5_s42,1900,4,1.47696,4.4944,0.0,0.00043547813722004977
text_text_ln_lrh0.001_frozen_e5_s42,1901,4,0.81212,3.0428,0.0,0.00043512264486313546
text_text_ln_lrh0.001_frozen_e5_s42,1902,4,0.89947,3.8457,0.0,0.0004347671525062211
text_text_ln_lrh0.001_frozen_e5_s42,1903,4,1.22843,2.6305,0.0,0.0004344116601493068
text_text_ln_lrh0.001_frozen_e5_s42,1904,4,1.26546,2.4322,0.0,0.0004340561677923925
text_text_ln_lrh0.001_frozen_e5_s42,1905,4,1.02887,1.7318,0.0,0.00043370067543547814
text_text_ln_lrh0.001_frozen_e5_s42,1906,4,1.29511,3.6135,0.0,0.0004333451830785638
text_text_ln_lrh0.001_frozen_e5_s42,1907,4,1.09463,2.5167,0.0,0.0004329896907216495
text_text_ln_lrh0.001_frozen_e5_s42,1908,4,1.22934,2.6053,0.0,0.00043263419836473517
text_text_ln_lrh0.001_frozen_e5_s42,1909,4,0.97183,2.7131,0.0,0.0004322787060078208
text_text_ln_lrh0.001_frozen_e5_s42,1910,4,1.37059,4.5795,0.0,0.00043192321365090656
text_text_ln_lrh0.001_frozen_e5_s42,1911,4,1.3672,2.8438,0.0,0.0004315677212939922
text_text_ln_lrh0.001_frozen_e5_s42,1912,4,1.32331,4.2502,0.0,0.00043121222893707784
text_text_ln_lrh0.001_frozen_e5_s42,1913,4,1.23219,2.9484,0.0,0.00043085673658016353
text_text_ln_lrh0.001_frozen_e5_s42,1914,4,1.32264,4.4244,0.0,0.0004305012442232492
text_text_ln_lrh0.001_frozen_e5_s42,1915,4,0.98535,3.743,0.0,0.00043014575186633487
text_text_ln_lrh0.001_frozen_e5_s42,1916,4,1.1655,2.3857,0.0,0.00042979025950942056
text_text_ln_lrh0.001_frozen_e5_s42,1917,4,0.89995,4.7488,0.0,0.00042943476715250626
text_text_ln_lrh0.001_frozen_e5_s42,1918,4,1.83943,4.0277,0.0,0.0004290792747955919
text_text_ln_lrh0.001_frozen_e5_s42,1919,4,1.13567,2.7356,0.0,0.0004287237824386776
text_text_ln_lrh0.001_frozen_e5_s42,1920,4,1.36743,4.0821,0.0,0.00042836829008176323
text_text_ln_lrh0.001_frozen_e5_s42,1921,4,0.64816,2.7202,0.0,0.0004280127977248489
text_text_ln_lrh0.001_frozen_e5_s42,1922,4,1.21267,2.553,0.0,0.0004276573053679346
text_text_ln_lrh0.001_frozen_e5_s42,1923,4,1.15388,2.5537,0.0,0.00042730181301102026
text_text_ln_lrh0.001_frozen_e5_s42,1924,4,1.19095,3.4134,0.0,0.00042694632065410596
text_text_ln_lrh0.001_frozen_e5_s42,1925,4,0.67507,2.4878,0.0,0.00042659082829719165
text_text_ln_lrh0.001_frozen_e5_s42,1926,4,1.27353,2.547,0.0,0.0004262353359402773
text_text_ln_lrh0.001_frozen_e5_s42,1927,4,1.20078,2.5524,0.0,0.00042587984358336293
text_text_ln_lrh0.001_frozen_e5_s42,1928,4,1.09785,1.9141,0.0,0.00042552435122644863
text_text_ln_lrh0.001_frozen_e5_s42,1929,4,0.87425,2.5171,0.0,0.0004251688588695343
text_text_ln_lrh0.001_frozen_e5_s42,1930,4,1.39381,3.6091,0.0,0.00042481336651261996
text_text_ln_lrh0.001_frozen_e5_s42,1931,4,1.13354,3.0038,0.0,0.00042445787415570566
text_text_ln_lrh0.001_frozen_e5_s42,1932,4,1.3275,2.65,0.0,0.00042410238179879135
text_text_ln_lrh0.001_frozen_e5_s42,1933,4,0.63682,2.9631,0.0,0.000423746889441877
text_text_ln_lrh0.001_frozen_e5_s42,1934,4,1.67469,3.9455,0.0,0.00042339139708496263
text_text_ln_lrh0.001_frozen_e5_s42,1935,4,1.12718,3.2939,0.0,0.0004230359047280484
text_text_ln_lrh0.001_frozen_e5_s42,1936,4,1.35072,3.4037,0.0,0.000422680412371134
text_text_ln_lrh0.001_frozen_e5_s42,1937,4,0.86825,2.5261,0.0,0.00042232492001421966
text_text_ln_lrh0.001_frozen_e5_s42,1938,4,1.04883,3.238,0.0,0.0004219694276573054
text_text_ln_lrh0.001_frozen_e5_s42,1939,4,1.09829,2.1277,0.0,0.00042161393530039105
text_text_ln_lrh0.001_frozen_e5_s42,1940,4,1.03346,2.2989,0.0,0.0004212584429434767
text_text_ln_lrh0.001_frozen_e5_s42,1941,4,1.32825,2.8358,0.0,0.0004209029505865624
text_text_ln_lrh0.001_frozen_e5_s42,1942,4,1.29635,3.1058,0.0,0.0004205474582296481
text_text_ln_lrh0.001_frozen_e5_s42,1943,4,1.04996,3.3102,0.0,0.0004201919658727337
text_text_ln_lrh0.001_frozen_e5_s42,1944,4,1.23342,2.7608,0.0,0.0004198364735158194
text_text_ln_lrh0.001_frozen_e5_s42,1945,4,0.7977,2.2765,0.0,0.0004194809811589051
text_text_ln_lrh0.001_frozen_e5_s42,1946,4,0.89349,3.4228,0.0,0.00041912548880199076
text_text_ln_lrh0.001_frozen_e5_s42,1947,4,1.79859,5.9647,0.0,0.00041876999644507645
text_text_ln_lrh0.001_frozen_e5_s42,1948,4,1.50103,3.7877,0.0,0.00041841450408816214
text_text_ln_lrh0.001_frozen_e5_s42,1949,4,1.37683,4.6075,0.0,0.0004180590117312478
text_text_ln_lrh0.001_frozen_e5_s42,1950,4,0.8238,2.2865,0.0,0.0004177035193743335
text_text_ln_lrh0.001_frozen_e5_s42,1951,4,1.48602,2.9193,0.0,0.0004173480270174191
text_text_ln_lrh0.001_frozen_e5_s42,1952,4,1.12375,3.7148,0.0,0.0004169925346605048
text_text_ln_lrh0.001_frozen_e5_s42,1953,4,1.04222,2.7634,0.0,0.0004166370423035905
text_text_ln_lrh0.001_frozen_e5_s42,1954,4,1.11818,3.3318,0.0,0.00041628154994667615
text_text_ln_lrh0.001_frozen_e5_s42,1955,4,1.16279,2.7765,0.0,0.00041592605758976185
text_text_ln_lrh0.001_frozen_e5_s42,1956,4,1.21513,3.8513,0.0,0.0004155705652328475
text_text_ln_lrh0.001_frozen_e5_s42,1957,4,0.62294,2.9428,0.0,0.0004152150728759332
text_text_ln_lrh0.001_frozen_e5_s42,1958,4,1.44965,2.9637,0.0,0.0004148595805190188
text_text_ln_lrh0.001_frozen_e5_s42,1959,4,1.42114,5.3092,0.0,0.0004145040881621045
text_text_ln_lrh0.001_frozen_e5_s42,1960,4,1.36835,1.9348,0.0,0.0004141485958051902
text_text_ln_lrh0.001_frozen_e5_s42,1961,4,0.69238,2.9648,0.0,0.00041379310344827585
text_text_ln_lrh0.001_frozen_e5_s42,1962,4,1.22601,5.4305,0.0,0.00041343761109136155
text_text_ln_lrh0.001_frozen_e5_s42,1963,4,1.7496,3.8556,0.0,0.00041308211873444724
text_text_ln_lrh0.001_frozen_e5_s42,1964,4,1.92911,3.3728,0.0,0.0004127266263775329
text_text_ln_lrh0.001_frozen_e5_s42,1965,4,1.41956,3.8464,0.0,0.0004123711340206185
text_text_ln_lrh0.001_frozen_e5_s42,1966,4,1.16803,3.7934,0.0,0.00041201564166370427
text_text_ln_lrh0.001_frozen_e5_s42,1967,4,1.05577,4.58,0.0,0.0004116601493067899
text_text_ln_lrh0.001_frozen_e5_s42,1968,4,1.24677,3.2393,0.0,0.00041130465694987555
text_text_ln_lrh0.001_frozen_e5_s42,1969,4,1.4131,2.7819,0.0,0.0004109491645929613
text_text_ln_lrh0.001_frozen_e5_s42,1970,4,1.58955,4.6734,0.0,0.00041059367223604694
text_text_ln_lrh0.001_frozen_e5_s42,1971,4,0.86642,2.9099,0.0,0.0004102381798791326
text_text_ln_lrh0.001_frozen_e5_s42,1972,4,1.34078,3.5579,0.0,0.0004098826875222183
text_text_ln_lrh0.001_frozen_e5_s42,1973,4,0.89937,3.1145,0.0,0.00040952719516530397
text_text_ln_lrh0.001_frozen_e5_s42,1974,4,1.55279,3.422,0.0,0.0004091717028083896
text_text_ln_lrh0.001_frozen_e5_s42,1975,4,1.12813,3.1709,0.0,0.0004088162104514753
text_text_ln_lrh0.001_frozen_e5_s42,1976,4,1.23116,3.2418,0.0,0.000408460718094561
text_text_ln_lrh0.001_frozen_e5_s42,1977,4,1.53859,3.9589,0.0,0.00040810522573764664
text_text_ln_lrh0.001_frozen_e5_s42,1978,4,1.19721,1.9993,0.0,0.00040774973338073234
text_text_ln_lrh0.001_frozen_e5_s42,1979,4,0.92573,3.9927,0.0,0.000407394241023818
text_text_ln_lrh0.001_frozen_e5_s42,1980,4,1.03384,2.9559,0.0,0.0004070387486669037
text_text_ln_lrh0.001_frozen_e5_s42,1981,4,0.91853,1.7135,0.0,0.00040668325630998937
text_text_ln_lrh0.001_frozen_e5_s42,1982,4,1.06452,3.3232,0.0,0.000406327763953075
text_text_ln_lrh0.001_frozen_e5_s42,1983,4,0.85979,2.6382,0.0,0.0004059722715961607
text_text_ln_lrh0.001_frozen_e5_s42,1984,4,1.4803,3.0739,0.0,0.0004056167792392464
text_text_ln_lrh0.001_frozen_e5_s42,1985,4,0.65477,2.5099,0.0,0.00040526128688233204
text_text_ln_lrh0.001_frozen_e5_s42,1986,4,1.18184,2.9778,0.0,0.0004049057945254177
text_text_ln_lrh0.001_frozen_e5_s42,1987,4,1.21258,3.6916,0.0,0.0004045503021685034
text_text_ln_lrh0.001_frozen_e5_s42,1988,4,1.28379,4.3219,0.0,0.00040419480981158907
text_text_ln_lrh0.001_frozen_e5_s42,1989,4,1.26566,4.6973,0.0,0.0004038393174546747
text_text_ln_lrh0.001_frozen_e5_s42,1990,4,1.11864,2.9328,0.0,0.0004034838250977604
text_text_ln_lrh0.001_frozen_e5_s42,1991,4,0.34153,2.7661,0.0,0.0004031283327408461
text_text_ln_lrh0.001_frozen_e5_s42,1992,4,0.90466,2.9064,0.0,0.00040277284038393174
text_text_ln_lrh0.001_frozen_e5_s42,1993,4,1.03933,2.9131,0.0,0.0004024173480270174
text_text_ln_lrh0.001_frozen_e5_s42,1994,4,1.02941,2.2296,0.0,0.00040206185567010313
text_text_ln_lrh0.001_frozen_e5_s42,1995,4,1.45008,3.324,0.0,0.00040170636331318877
text_text_ln_lrh0.001_frozen_e5_s42,1996,4,1.23306,3.508,0.0,0.0004013508709562744
text_text_ln_lrh0.001_frozen_e5_s42,1997,4,1.31809,3.5164,0.0,0.00040099537859936016
text_text_ln_lrh0.001_frozen_e5_s42,1998,4,1.18771,2.4665,0.0,0.0004006398862424458
text_text_ln_lrh0.001_frozen_e5_s42,1999,4,1.53731,2.6124,0.0,0.00040028439388553144
text_text_ln_lrh0.001_frozen_e5_s42,2000,4,1.34989,2.5905,0.0,0.00039992890152861714
text_text_ln_lrh0.001_frozen_e5_s42,2001,4,1.4009,3.4825,0.0,0.00039957340917170283
text_text_ln_lrh0.001_frozen_e5_s42,2002,4,0.70337,3.0641,0.0,0.00039921791681478847
text_text_ln_lrh0.001_frozen_e5_s42,2003,4,0.75879,2.6836,0.0,0.00039886242445787417
text_text_ln_lrh0.001_frozen_e5_s42,2004,4,1.38065,4.2523,0.0,0.00039850693210095986
text_text_ln_lrh0.001_frozen_e5_s42,2005,4,1.24901,4.2465,0.0,0.0003981514397440455
text_text_ln_lrh0.001_frozen_e5_s42,2006,4,0.90508,2.0102,0.0,0.0003977959473871312
text_text_ln_lrh0.001_frozen_e5_s42,2007,4,1.00309,4.1066,0.0,0.00039744045503021684
text_text_ln_lrh0.001_frozen_e5_s42,2008,4,0.58139,3.0979,0.0,0.00039708496267330253
text_text_ln_lrh0.001_frozen_e5_s42,2009,4,1.14646,3.3898,0.0,0.00039672947031638823
text_text_ln_lrh0.001_frozen_e5_s42,2010,4,1.56261,2.2983,0.0,0.00039637397795947387
text_text_ln_lrh0.001_frozen_e5_s42,2011,4,1.11131,1.6645,0.0,0.00039601848560255956
text_text_ln_lrh0.001_frozen_e5_s42,2012,4,1.54866,4.1721,0.0,0.00039566299324564526
text_text_ln_lrh0.001_frozen_e5_s42,2013,4,1.14488,3.1814,0.0,0.0003953075008887309
text_text_ln_lrh0.001_frozen_e5_s42,2014,4,2.02118,5.9878,0.0,0.00039495200853181654
text_text_ln_lrh0.001_frozen_e5_s42,2015,4,0.88173,2.7005,0.0,0.00039459651617490223
text_text_ln_lrh0.001_frozen_e5_s42,2016,4,0.49678,2.1127,0.0,0.00039424102381798793
text_text_ln_lrh0.001_frozen_e5_s42,2017,4,0.83508,1.8594,0.0,0.00039388553146107357
text_text_ln_lrh0.001_frozen_e5_s42,2018,4,0.62882,3.9013,0.0,0.00039353003910415926
text_text_ln_lrh0.001_frozen_e5_s42,2019,4,1.01528,3.0476,0.0,0.00039317454674724496
text_text_ln_lrh0.001_frozen_e5_s42,2020,4,0.88099,1.5437,0.0,0.0003928190543903306
text_text_ln_lrh0.001_frozen_e5_s42,2021,4,0.99564,2.9359,0.0,0.00039246356203341624
text_text_ln_lrh0.001_frozen_e5_s42,2022,4,1.06376,1.9724,0.0,0.000392108069676502
text_text_ln_lrh0.001_frozen_e5_s42,2023,4,1.45726,2.027,0.0,0.00039175257731958763
text_text_ln_lrh0.001_frozen_e5_s42,2024,4,0.98039,2.2137,0.0,0.00039139708496267327
text_text_ln_lrh0.001_frozen_e5_s42,2025,4,1.12836,4.5329,0.0,0.000391041592605759
text_text_ln_lrh0.001_frozen_e5_s42,2026,4,1.20496,3.0906,0.0,0.00039068610024884466
text_text_ln_lrh0.001_frozen_e5_s42,2027,4,1.55026,3.8817,0.0,0.0003903306078919303
text_text_ln_lrh0.001_frozen_e5_s42,2028,4,0.88869,2.3647,0.0,0.00038997511553501605
text_text_ln_lrh0.001_frozen_e5_s42,2029,4,1.26989,4.3294,0.0,0.0003896196231781017
text_text_ln_lrh0.001_frozen_e5_s42,2030,4,0.95122,4.3714,0.0,0.00038926413082118733
text_text_ln_lrh0.001_frozen_e5_s42,2031,4,1.36205,2.5022,0.0,0.000388908638464273
text_text_ln_lrh0.001_frozen_e5_s42,2032,4,1.39508,3.3614,0.0,0.0003885531461073587
text_text_ln_lrh0.001_frozen_e5_s42,2033,4,0.74142,2.0138,0.0,0.00038819765375044436
text_text_ln_lrh0.001_frozen_e5_s42,2034,4,2.21849,5.6385,0.0,0.00038784216139353006
text_text_ln_lrh0.001_frozen_e5_s42,2035,4,1.13319,2.5489,0.0,0.00038748666903661575
text_text_ln_lrh0.001_frozen_e5_s42,2036,4,1.27257,2.2406,0.0,0.0003871311766797014
text_text_ln_lrh0.001_frozen_e5_s42,2037,4,1.17408,2.4224,0.0,0.0003867756843227871
text_text_ln_lrh0.001_frozen_e5_s42,2038,4,0.95725,2.7434,0.0,0.0003864201919658727
text_text_ln_lrh0.001_frozen_e5_s42,2039,4,1.04594,2.0806,0.0,0.0003860646996089584
text_text_ln_lrh0.001_frozen_e5_s42,2040,4,0.81007,2.3592,0.0,0.0003857092072520441
text_text_ln_lrh0.001_frozen_e5_s42,2041,4,1.06841,2.1338,0.0,0.00038535371489512976
text_text_ln_lrh0.001_frozen_e5_s42,2042,4,0.8949,1.5385,0.0,0.00038499822253821545
text_text_ln_lrh0.001_frozen_e5_s42,2043,4,1.21625,2.5942,0.0,0.00038464273018130115
text_text_ln_lrh0.001_frozen_e5_s42,2044,4,1.35436,4.1134,0.0,0.0003842872378243868
text_text_ln_lrh0.001_frozen_e5_s42,2045,4,1.33409,4.4173,0.0,0.00038393174546747243
text_text_ln_lrh0.001_frozen_e5_s42,2046,4,1.07872,2.0188,0.0,0.0003835762531105581
text_text_ln_lrh0.001_frozen_e5_s42,2047,4,0.74057,3.1537,0.0,0.0003832207607536438
text_text_ln_lrh0.001_frozen_e5_s42,2048,4,1.17991,2.129,0.0,0.00038286526839672946
text_text_ln_lrh0.001_frozen_e5_s42,2049,4,1.26895,3.0792,0.0,0.00038250977603981515
text_text_ln_lrh0.001_frozen_e5_s42,2050,4,1.10718,2.2837,0.0,0.00038215428368290085
text_text_ln_lrh0.001_frozen_e5_s42,2051,4,1.45661,2.8972,0.0,0.0003817987913259865
text_text_ln_lrh0.001_frozen_e5_s42,2052,4,0.95446,4.382,0.0,0.00038144329896907213
text_text_ln_lrh0.001_frozen_e5_s42,2053,4,1.35457,2.783,0.0,0.0003810878066121579
text_text_ln_lrh0.001_frozen_e5_s42,2054,4,1.24596,3.0613,0.0,0.0003807323142552435
text_text_ln_lrh0.001_frozen_e5_s42,2055,4,1.1795,2.2515,0.0,0.00038037682189832916
text_text_ln_lrh0.001_frozen_e5_s42,2056,4,1.08674,3.221,0.0,0.0003800213295414149
text_text_ln_lrh0.001_frozen_e5_s42,2057,4,1.46892,3.2252,0.0,0.00037966583718450055
text_text_ln_lrh0.001_frozen_e5_s42,2058,4,1.20459,4.6304,0.0,0.0003793103448275862
text_text_ln_lrh0.001_frozen_e5_s42,2059,4,1.23301,1.9031,0.0,0.0003789548524706719
text_text_ln_lrh0.001_frozen_e5_s42,2060,4,1.69395,3.8621,0.0,0.0003785993601137576
text_text_ln_lrh0.001_frozen_e5_s42,2061,4,0.97612,1.9939,0.0,0.0003782438677568432
text_text_ln_lrh0.001_frozen_e5_s42,2062,4,1.07032,2.4822,0.0,0.0003778883753999289
text_text_ln_lrh0.001_frozen_e5_s42,2063,4,0.9689,3.0829,0.0,0.0003775328830430146
text_text_ln_lrh0.001_frozen_e5_s42,2064,4,0.93309,1.8619,0.0,0.00037717739068610025
text_text_ln_lrh0.001_frozen_e5_s42,2065,4,1.25289,3.7606,0.0,0.00037682189832918594
text_text_ln_lrh0.001_frozen_e5_s42,2066,4,1.02156,3.8529,0.0,0.0003764664059722716
text_text_ln_lrh0.001_frozen_e5_s42,2067,4,1.11417,4.0073,0.0,0.0003761109136153573
text_text_ln_lrh0.001_frozen_e5_s42,2068,4,0.94311,2.174,0.0,0.000375755421258443
text_text_ln_lrh0.001_frozen_e5_s42,2069,4,1.09509,2.4098,0.0,0.0003753999289015286
text_text_ln_lrh0.001_frozen_e5_s42,2070,4,1.11211,3.4389,0.0,0.0003750444365446143
text_text_ln_lrh0.001_frozen_e5_s42,2071,4,1.7737,2.66,0.0,0.0003746889441877
text_text_ln_lrh0.001_frozen_e5_s42,2072,4,0.83113,3.6474,0.0,0.00037433345183078564
text_text_ln_lrh0.001_frozen_e5_s42,2073,4,1.20938,4.2368,0.0,0.0003739779594738713
text_text_ln_lrh0.001_frozen_e5_s42,2074,4,0.65337,1.7645,0.0,0.000373622467116957
text_text_ln_lrh0.001_frozen_e5_s42,2075,4,0.89943,2.1953,0.0,0.0003732669747600427
text_text_ln_lrh0.001_frozen_e5_s42,2076,4,1.0907,2.7373,0.0,0.0003729114824031283
text_text_ln_lrh0.001_frozen_e5_s42,2077,4,1.47554,4.3392,0.0,0.000372555990046214
text_text_ln_lrh0.001_frozen_e5_s42,2078,4,1.14849,2.0492,0.0,0.0003722004976892997
text_text_ln_lrh0.001_frozen_e5_s42,2079,4,0.68816,2.4173,0.0,0.00037184500533238535
text_text_ln_lrh0.001_frozen_e5_s42,2080,4,1.45366,2.7849,0.0,0.000371489512975471
text_text_ln_lrh0.001_frozen_e5_s42,2081,4,1.44287,3.9923,0.0,0.00037113402061855674
text_text_ln_lrh0.001_frozen_e5_s42,2082,4,1.16949,2.1211,0.0,0.0003707785282616424
text_text_ln_lrh0.001_frozen_e5_s42,2083,4,1.04779,2.3375,0.0,0.000370423035904728
text_text_ln_lrh0.001_frozen_e5_s42,2084,4,0.98957,2.352,0.0,0.00037006754354781377
text_text_ln_lrh0.001_frozen_e5_s42,2085,4,0.96629,2.9436,0.0,0.0003697120511908994
text_text_ln_lrh0.001_frozen_e5_s42,2086,4,0.77394,2.3618,0.0,0.00036935655883398505
text_text_ln_lrh0.001_frozen_e5_s42,2087,4,1.47586,4.4503,0.0,0.00036900106647707074
text_text_ln_lrh0.001_frozen_e5_s42,2088,4,0.81463,1.8024,0.0,0.00036864557412015644
text_text_ln_lrh0.001_frozen_e5_s42,2089,4,1.05477,2.7068,0.0,0.0003682900817632421
text_text_ln_lrh0.001_frozen_e5_s42,2090,4,0.94407,1.9282,0.0,0.00036793458940632777
text_text_ln_lrh0.001_frozen_e5_s42,2091,4,0.8006,1.6408,0.0,0.00036757909704941347
text_text_ln_lrh0.001_frozen_e5_s42,2092,4,0.83721,2.1101,0.0,0.0003672236046924991
text_text_ln_lrh0.001_frozen_e5_s42,2093,4,1.46529,2.8781,0.0,0.0003668681123355848
text_text_ln_lrh0.001_frozen_e5_s42,2094,4,0.82677,3.9866,0.0,0.00036651261997867044
text_text_ln_lrh0.001_frozen_e5_s42,2095,4,1.14814,2.8298,0.0,0.00036615712762175614
text_text_ln_lrh0.001_frozen_e5_s42,2096,4,1.58047,3.1307,0.0,0.00036580163526484183
text_text_ln_lrh0.001_frozen_e5_s42,2097,4,1.21072,3.0335,0.0,0.0003654461429079275
text_text_ln_lrh0.001_frozen_e5_s42,2098,4,1.03797,2.4627,0.0,0.00036509065055101317
text_text_ln_lrh0.001_frozen_e5_s42,2099,4,0.85933,2.8718,0.0,0.00036473515819409886
text_text_ln_lrh0.001_frozen_e5_s42,2100,4,1.01455,2.2191,0.0,0.0003643796658371845
text_text_ln_lrh0.001_frozen_e5_s42,2101,4,1.12173,2.7998,0.0,0.00036402417348027014
text_text_ln_lrh0.001_frozen_e5_s42,2102,4,1.14674,3.5524,0.0,0.0003636686811233559
text_text_ln_lrh0.001_frozen_e5_s42,2103,4,1.20582,3.3181,0.0,0.00036331318876644153
text_text_ln_lrh0.001_frozen_e5_s42,2104,4,0.57447,2.5058,0.0,0.0003629576964095272
text_text_ln_lrh0.001_frozen_e5_s42,2105,4,1.33119,3.227,0.0,0.00036260220405261287
text_text_ln_lrh0.001_frozen_e5_s42,2106,4,0.81378,2.5103,0.0,0.00036224671169569856
text_text_ln_lrh0.001_frozen_e5_s42,2107,4,1.14946,3.2745,0.0,0.0003618912193387842
text_text_ln_lrh0.001_frozen_e5_s42,2108,4,1.00523,5.3877,0.0,0.0003615357269818699
text_text_ln_lrh0.001_frozen_e5_s42,2109,4,1.0089,5.6756,0.0,0.0003611802346249556
text_text_ln_lrh0.001_frozen_e5_s42,2110,4,1.16989,3.5629,0.0,0.00036082474226804123
text_text_ln_lrh0.001_frozen_e5_s42,2111,4,0.95302,2.4912,0.0,0.0003604692499111269
text_text_ln_lrh0.001_frozen_e5_s42,2112,4,0.72808,3.1337,0.0,0.0003601137575542126
text_text_ln_lrh0.001_frozen_e5_s42,2113,4,1.0365,2.6325,0.0,0.00035975826519729826
text_text_ln_lrh0.001_frozen_e5_s42,2114,4,0.85733,2.0514,0.0,0.0003594027728403839
text_text_ln_lrh0.001_frozen_e5_s42,2115,4,1.29447,4.5498,0.0,0.00035904728048346965
text_text_ln_lrh0.001_frozen_e5_s42,2116,4,1.17834,3.3612,0.0,0.0003586917881265553
text_text_ln_lrh0.001_frozen_e5_s42,2117,4,1.16658,4.0122,0.0,0.00035833629576964094
text_text_ln_lrh0.001_frozen_e5_s42,2118,4,0.74605,2.6958,0.0,0.00035798080341272663
text_text_ln_lrh0.001_frozen_e5_s42,2119,4,1.5309,2.9567,0.0,0.0003576253110558123
text_text_ln_lrh0.001_frozen_e5_s42,2120,4,0.77843,3.5626,0.0,0.00035726981869889797
text_text_ln_lrh0.001_frozen_e5_s42,2121,4,0.61571,3.2696,0.0,0.00035691432634198366
text_text_ln_lrh0.001_frozen_e5_s42,2122,4,1.22582,2.6529,0.0,0.00035655883398506936
text_text_ln_lrh0.001_frozen_e5_s42,2123,4,1.05617,3.104,0.0,0.000356203341628155
text_text_ln_lrh0.001_frozen_e5_s42,2124,4,1.21994,3.2235,0.0,0.0003558478492712407
text_text_ln_lrh0.001_frozen_e5_s42,2125,4,1.17124,2.6905,0.0,0.00035549235691432633
text_text_ln_lrh0.001_frozen_e5_s42,2126,4,0.93884,2.8706,0.0,0.000355136864557412
text_text_ln_lrh0.001_frozen_e5_s42,2127,4,1.13591,3.7242,0.0,0.0003547813722004977
text_text_ln_lrh0.001_frozen_e5_s42,2128,4,1.15985,2.7972,0.0,0.00035442587984358336
text_text_ln_lrh0.001_frozen_e5_s42,2129,4,1.02866,1.8866,0.0,0.00035407038748666906
text_text_ln_lrh0.001_frozen_e5_s42,2130,4,1.31531,3.6663,0.0,0.00035371489512975475
text_text_ln_lrh0.001_frozen_e5_s42,2131,4,1.25957,3.2657,0.0,0.0003533594027728404
text_text_ln_lrh0.001_frozen_e5_s42,2132,4,1.28095,3.615,0.0,0.00035300391041592603
text_text_ln_lrh0.001_frozen_e5_s42,2133,4,1.2364,2.536,0.0,0.0003526484180590118
text_text_ln_lrh0.001_frozen_e5_s42,2134,4,1.16294,2.3101,0.0,0.0003522929257020974
text_text_ln_lrh0.001_frozen_e5_s42,2135,4,1.17892,2.793,0.0,0.00035193743334518306
text_text_ln_lrh0.001_frozen_e5_s42,2136,4,1.46886,3.9794,0.0,0.00035158194098826876
text_text_ln_lrh0.001_frozen_e5_s42,2137,4,1.68524,4.9357,0.0,0.00035122644863135445
text_text_ln_lrh0.001_frozen_e5_s42,2138,4,1.59764,5.9513,0.0,0.0003508709562744401
text_text_ln_lrh0.001_frozen_e5_s42,2139,4,0.73783,2.6239,0.0,0.00035051546391752573
text_text_ln_lrh0.001_frozen_e5_s42,2140,4,1.85478,6.0579,0.0,0.0003501599715606115
text_text_ln_lrh0.001_frozen_e5_s42,2141,4,1.10349,2.0438,0.0,0.0003498044792036971
text_text_ln_lrh0.001_frozen_e5_s42,2142,4,1.02818,3.6574,0.0,0.00034944898684678276
text_text_ln_lrh0.001_frozen_e5_s42,2143,4,0.74872,1.6752,0.0,0.0003490934944898685
text_text_ln_lrh0.001_frozen_e5_s42,2144,4,1.00368,3.1351,0.0,0.00034873800213295415
text_text_ln_lrh0.001_frozen_e5_s42,2145,4,0.79725,2.8156,0.0,0.0003483825097760398
text_text_ln_lrh0.001_frozen_e5_s42,2146,4,0.94214,4.5698,0.0,0.0003480270174191255
text_text_ln_lrh0.001_frozen_e5_s42,2147,4,1.83139,7.8434,0.0,0.0003476715250622112
text_text_ln_lrh0.001_frozen_e5_s42,2148,4,1.45915,3.5639,0.0,0.0003473160327052968
text_text_ln_lrh0.001_frozen_e5_s42,2149,4,0.88898,2.477,0.0,0.0003469605403483825
text_text_ln_lrh0.001_frozen_e5_s42,2150,4,1.18566,4.1132,0.0,0.0003466050479914682
text_text_ln_lrh0.001_frozen_e5_s42,2151,4,0.99916,2.4415,0.0,0.00034624955563455385
text_text_ln_lrh0.001_frozen_e5_s42,2152,4,1.52777,3.3054,0.0,0.00034589406327763955
text_text_ln_lrh0.001_frozen_e5_s42,2153,4,0.90619,3.2376,0.0,0.0003455385709207252
text_text_ln_lrh0.001_frozen_e5_s42,2154,4,0.79226,2.0536,0.0,0.0003451830785638109
text_text_ln_lrh0.001_frozen_e5_s42,2155,4,1.4512,2.8035,0.0,0.0003448275862068966
text_text_ln_lrh0.001_frozen_e5_s42,2156,4,1.05417,2.6426,0.0,0.0003444720938499822
text_text_ln_lrh0.001_frozen_e5_s42,2157,4,1.51035,1.9967,0.0,0.0003441166014930679
text_text_ln_lrh0.001_frozen_e5_s42,2158,4,1.32987,2.3528,0.0,0.0003437611091361536
text_text_ln_lrh0.001_frozen_e5_s42,2159,4,0.82456,1.6576,0.0,0.00034340561677923925
text_text_ln_lrh0.001_frozen_e5_s42,2160,4,0.77587,1.9323,0.0,0.0003430501244223249
text_text_ln_lrh0.001_frozen_e5_s42,2161,4,1.13908,2.989,0.0,0.00034269463206541064
text_text_ln_lrh0.001_frozen_e5_s42,2162,4,1.34855,2.1176,0.0,0.0003423391397084963
text_text_ln_lrh0.001_frozen_e5_s42,2163,4,0.78464,3.1846,0.0,0.0003419836473515819
text_text_ln_lrh0.001_frozen_e5_s42,2164,4,1.36573,2.5445,0.0,0.0003416281549946676
text_text_ln_lrh0.001_frozen_e5_s42,2165,4,0.81311,3.1233,0.0,0.0003412726626377533
text_text_ln_lrh0.001_frozen_e5_s42,2166,4,1.2266,3.0241,0.0,0.00034091717028083895
text_text_ln_lrh0.001_frozen_e5_s42,2167,4,0.70431,2.1168,0.0,0.0003405616779239246
text_text_ln_lrh0.001_frozen_e5_s42,2168,4,0.88257,4.178,0.0,0.00034020618556701034
text_text_ln_lrh0.001_frozen_e5_s42,2169,4,1.38322,4.4416,0.0,0.000339850693210096
text_text_ln_lrh0.001_frozen_e5_s42,2170,4,1.19774,3.0296,0.0,0.0003394952008531816
text_text_ln_lrh0.001_frozen_e5_s42,2171,4,1.36272,1.875,0.0,0.00033913970849626737
text_text_ln_lrh0.001_frozen_e5_s42,2172,4,0.78467,2.9223,0.0,0.000338784216139353
text_text_ln_lrh0.001_frozen_e5_s42,2173,4,1.2611,6.5641,0.0,0.00033842872378243865
text_text_ln_lrh0.001_frozen_e5_s42,2174,4,1.02483,2.0523,0.0,0.0003380732314255244
text_text_ln_lrh0.001_frozen_e5_s42,2175,4,1.1366,2.8037,0.0,0.00033771773906861004
text_text_ln_lrh0.001_frozen_e5_s42,2176,4,1.37401,3.452,0.0,0.0003373622467116957
text_text_ln_lrh0.001_frozen_e5_s42,2177,4,1.23082,3.8945,0.0,0.0003370067543547814
text_text_ln_lrh0.001_frozen_e5_s42,2178,4,0.89491,2.0497,0.0,0.00033665126199786707
text_text_ln_lrh0.001_frozen_e5_s42,2179,4,0.84324,1.6351,0.0,0.0003362957696409527
text_text_ln_lrh0.001_frozen_e5_s42,2180,4,0.85702,3.4564,0.0,0.0003359402772840384
text_text_ln_lrh0.001_frozen_e5_s42,2181,4,1.27271,2.5981,0.0,0.0003355847849271241
text_text_ln_lrh0.001_frozen_e5_s42,2182,4,0.97508,1.8438,0.0,0.00033522929257020974
text_text_ln_lrh0.001_frozen_e5_s42,2183,4,0.78902,3.1683,0.0,0.00033487380021329544
text_text_ln_lrh0.001_frozen_e5_s42,2184,4,0.74066,1.7202,0.0,0.0003345183078563811
text_text_ln_lrh0.001_frozen_e5_s42,2185,4,0.91673,2.8981,0.0,0.0003341628154994668
text_text_ln_lrh0.001_frozen_e5_s42,2186,4,1.09681,3.8806,0.0,0.00033380732314255247
text_text_ln_lrh0.001_frozen_e5_s42,2187,4,0.91351,3.0172,0.0,0.0003334518307856381
text_text_ln_lrh0.001_frozen_e5_s42,2188,4,1.11219,3.69,0.0,0.0003330963384287238
text_text_ln_lrh0.001_frozen_e5_s42,2189,4,0.72276,2.8308,0.0,0.0003327408460718095
text_text_ln_lrh0.001_frozen_e5_s42,2190,4,0.91278,3.5325,0.0,0.00033238535371489514
text_text_ln_lrh0.001_frozen_e5_s42,2191,4,1.04536,3.8391,0.0,0.0003320298613579808
text_text_ln_lrh0.001_frozen_e5_s42,2192,4,1.10777,3.3324,0.0,0.00033167436900106653
text_text_ln_lrh0.001_frozen_e5_s42,2193,4,1.29552,3.5075,0.0,0.00033131887664415217
text_text_ln_lrh0.001_frozen_e5_s42,2194,4,0.7739,2.3296,0.0,0.0003309633842872378
text_text_ln_lrh0.001_frozen_e5_s42,2195,4,1.30721,4.1078,0.0,0.0003306078919303235
text_text_ln_lrh0.001_frozen_e5_s42,2196,4,1.24863,3.3665,0.0,0.0003302523995734092
text_text_ln_lrh0.001_frozen_e5_s42,2197,4,0.46281,1.2069,0.0,0.00032989690721649484
text_text_ln_lrh0.001_frozen_e5_s42,2198,4,0.82311,2.2754,0.0,0.0003295414148595805
text_text_ln_lrh0.001_frozen_e5_s42,2199,4,0.68154,1.6317,0.0,0.00032918592250266623
text_text_ln_lrh0.001_frozen_e5_s42,2200,4,0.80156,2.2707,0.0,0.00032883043014575187
text_text_ln_lrh0.001_frozen_e5_s42,2201,4,0.95533,3.6748,0.0,0.0003284749377888375
text_text_ln_lrh0.001_frozen_e5_s42,2202,4,0.67852,3.3815,0.0,0.00032811944543192326
text_text_ln_lrh0.001_frozen_e5_s42,2203,4,0.6783,4.7482,0.0,0.0003277639530750089
text_text_ln_lrh0.001_frozen_e5_s42,2204,4,1.03434,2.1369,0.0,0.00032740846071809454
text_text_ln_lrh0.001_frozen_e5_s42,2205,4,0.64664,2.6205,0.0,0.00032705296836118024
text_text_ln_lrh0.001_frozen_e5_s42,2206,4,1.10261,3.4416,0.0,0.00032669747600426593
text_text_ln_lrh0.001_frozen_e5_s42,2207,4,0.78928,2.4703,0.0,0.00032634198364735157
text_text_ln_lrh0.001_frozen_e5_s42,2208,4,1.34594,5.5299,0.0,0.00032598649129043727
text_text_ln_lrh0.001_frozen_e5_s42,2209,4,1.66669,5.7828,0.0,0.00032563099893352296
text_text_ln_lrh0.001_frozen_e5_s42,2210,4,1.00791,1.8636,0.0,0.0003252755065766086
text_text_ln_lrh0.001_frozen_e5_s42,2211,4,1.60231,4.9345,0.0,0.0003249200142196943
text_text_ln_lrh0.001_frozen_e5_s42,2212,4,0.86256,2.5674,0.0,0.00032456452186277994
text_text_ln_lrh0.001_frozen_e5_s42,2213,4,1.27977,4.741,0.0,0.00032420902950586563
text_text_ln_lrh0.001_frozen_e5_s42,2214,4,0.89424,2.7626,0.0,0.0003238535371489513
text_text_ln_lrh0.001_frozen_e5_s42,2215,4,1.4793,5.3988,0.0,0.00032349804479203697
text_text_ln_lrh0.001_frozen_e5_s42,2216,4,1.11684,3.4047,0.0,0.00032314255243512266
text_text_ln_lrh0.001_frozen_e5_s42,2217,4,1.02091,2.7378,0.0,0.00032278706007820836
text_text_ln_lrh0.001_frozen_e5_s42,2218,4,1.48605,3.8723,0.0,0.000322431567721294
text_text_ln_lrh0.001_frozen_e5_s42,2219,4,1.02215,2.3725,0.0,0.00032207607536437964
text_text_ln_lrh0.001_frozen_e5_s42,2220,4,1.19773,3.3308,0.0,0.0003217205830074654
text_text_ln_lrh0.001_frozen_e5_s42,2221,4,1.41796,2.6045,0.0,0.00032136509065055103
text_text_ln_lrh0.001_frozen_e5_s42,2222,4,1.15359,2.946,0.0,0.00032100959829363667
text_text_ln_lrh0.001_frozen_e5_s42,2223,4,1.36437,4.2036,0.0,0.00032065410593672236
text_text_ln_lrh0.001_frozen_e5_s42,2224,4,0.93347,2.0026,0.0,0.00032029861357980806
text_text_ln_lrh0.001_frozen_e5_s42,2225,4,0.78804,3.1945,0.0,0.0003199431212228937
text_text_ln_lrh0.001_frozen_e5_s42,2226,4,1.3362,2.9282,0.0,0.00031958762886597934
text_text_ln_lrh0.001_frozen_e5_s42,2227,4,1.6245,3.6651,0.0,0.0003192321365090651
text_text_ln_lrh0.001_frozen_e5_s42,2228,4,1.28503,5.3764,0.0,0.00031887664415215073
text_text_ln_lrh0.001_frozen_e5_s42,2229,4,1.51739,2.5457,0.0,0.00031852115179523637
text_text_ln_lrh0.001_frozen_e5_s42,2230,4,0.99293,2.8591,0.0,0.0003181656594383221
text_text_ln_lrh0.001_frozen_e5_s42,2231,4,1.43179,3.0566,0.0,0.00031781016708140776
text_text_ln_lrh0.001_frozen_e5_s42,2232,4,1.03052,2.8132,0.0,0.0003174546747244934
text_text_ln_lrh0.001_frozen_e5_s42,2233,4,0.81031,3.0191,0.0,0.0003170991823675791
text_text_ln_lrh0.001_frozen_e5_s42,2234,4,1.00859,3.4904,0.0,0.0003167436900106648
text_text_ln_lrh0.001_frozen_e5_s42,2235,4,1.47613,3.1601,0.0,0.00031638819765375043
text_text_ln_lrh0.001_frozen_e5_s42,2236,4,0.89549,2.4253,0.0,0.0003160327052968361
text_text_ln_lrh0.001_frozen_e5_s42,2237,4,1.25561,3.5797,0.0,0.0003156772129399218
text_text_ln_lrh0.001_frozen_e5_s42,2238,4,0.89292,2.3848,0.0,0.00031532172058300746
text_text_ln_lrh0.001_frozen_e5_s42,2239,4,1.04253,2.0263,0.0,0.00031496622822609315
text_text_ln_lrh0.001_frozen_e5_s42,2240,4,1.16724,3.156,0.0,0.0003146107358691788
text_text_ln_lrh0.001_frozen_e5_s42,2241,4,1.3179,3.1792,0.0,0.0003142552435122645
text_text_ln_lrh0.001_frozen_e5_s42,2242,4,1.13813,3.2245,0.0,0.0003138997511553502
text_text_ln_lrh0.001_frozen_e5_s42,2243,4,1.42255,3.4676,0.0,0.0003135442587984358
text_text_ln_lrh0.001_frozen_e5_s42,2244,4,0.97261,3.3885,0.0,0.0003131887664415215
text_text_ln_lrh0.001_frozen_e5_s42,2245,4,1.34767,2.8505,0.0,0.0003128332740846072
text_text_ln_lrh0.001_frozen_e5_s42,2246,4,1.60401,2.2516,0.0,0.00031247778172769286
text_text_ln_lrh0.001_frozen_e5_s42,2247,4,1.45678,3.5193,0.0,0.0003121222893707785
text_text_ln_lrh0.001_frozen_e5_s42,2248,4,0.73708,4.868,0.0,0.00031176679701386425
text_text_ln_lrh0.001_frozen_e5_s42,2249,4,1.07264,3.0991,0.0,0.0003114113046569499
text_text_ln_lrh0.001_frozen_e5_s42,2250,4,0.68643,3.737,0.0,0.0003110558123000355
text_text_ln_lrh0.001_frozen_e5_s42,2251,4,1.01624,2.2057,0.0,0.0003107003199431213
text_text_ln_lrh0.001_frozen_e5_s42,2252,4,0.92438,1.6964,0.0,0.0003103448275862069
text_text_ln_lrh0.001_frozen_e5_s42,2253,4,1.61341,3.8773,0.0,0.00030998933522929256
text_text_ln_lrh0.001_frozen_e5_s42,2254,4,1.24837,6.038,0.0,0.0003096338428723782
text_text_ln_lrh0.001_frozen_e5_s42,2255,4,1.6575,3.7199,0.0,0.00030927835051546395
text_text_ln_lrh0.001_frozen_e5_s42,2256,4,1.07477,1.5741,0.0,0.0003089228581585496
text_text_ln_lrh0.001_frozen_e5_s42,2257,4,1.37833,3.3758,0.0,0.00030856736580163523
text_text_ln_lrh0.001_frozen_e5_s42,2258,4,1.14579,3.0043,0.0,0.000308211873444721
text_text_ln_lrh0.001_frozen_e5_s42,2259,4,1.29239,2.4091,0.0,0.0003078563810878066
text_text_ln_lrh0.001_frozen_e5_s42,2260,4,1.19731,2.5126,0.0,0.00030750088873089226
text_text_ln_lrh0.001_frozen_e5_s42,2261,4,0.59646,2.4457,0.0,0.000307145396373978
text_text_ln_lrh0.001_frozen_e5_s42,2262,4,1.09876,3.8041,0.0,0.00030678990401706365
text_text_ln_lrh0.001_frozen_e5_s42,2263,4,1.13154,2.5551,0.0,0.0003064344116601493
text_text_ln_lrh0.001_frozen_e5_s42,2264,4,1.01129,2.4654,0.0,0.000306078919303235
text_text_ln_lrh0.001_frozen_e5_s42,2265,4,1.26012,2.5445,0.0,0.0003057234269463207
text_text_ln_lrh0.001_frozen_e5_s42,2266,4,0.94582,1.6929,0.0,0.0003053679345894063
text_text_ln_lrh0.001_frozen_e5_s42,2267,4,1.19135,2.2388,0.0,0.000305012442232492
text_text_ln_lrh0.001_frozen_e5_s42,2268,4,1.48607,3.521,0.0,0.0003046569498755777
text_text_ln_lrh0.001_frozen_e5_s42,2269,4,1.32902,3.1757,0.0,0.00030430145751866335
text_text_ln_lrh0.001_frozen_e5_s42,2270,4,1.09192,2.8843,0.0,0.00030394596516174904
text_text_ln_lrh0.001_frozen_e5_s42,2271,4,1.10714,3.3492,0.0,0.0003035904728048347
text_text_ln_lrh0.001_frozen_e5_s42,2272,4,1.12088,2.3235,0.0,0.0003032349804479204
text_text_ln_lrh0.001_frozen_e5_s42,2273,4,0.80907,2.6323,0.0,0.0003028794880910061
text_text_ln_lrh0.001_frozen_e5_s42,2274,4,0.79029,2.9902,0.0,0.0003025239957340917
text_text_ln_lrh0.001_frozen_e5_s42,2275,4,1.44189,2.1665,0.0,0.0003021685033771774
text_text_ln_lrh0.001_frozen_e5_s42,2276,4,1.10824,2.8569,0.0,0.0003018130110202631
text_text_ln_lrh0.001_frozen_e5_s42,2277,4,0.66072,3.2521,0.0,0.00030145751866334874
text_text_ln_lrh0.001_frozen_e5_s42,2278,4,0.93636,3.4031,0.0,0.0003011020263064344
text_text_ln_lrh0.001_frozen_e5_s42,2279,4,1.16065,2.6255,0.0,0.00030074653394952013
text_text_ln_lrh0.001_frozen_e5_s42,2280,4,1.45337,2.3154,0.0,0.0003003910415926058
text_text_ln_lrh0.001_frozen_e5_s42,2281,4,1.46711,1.8258,0.0,0.0003000355492356914
text_text_ln_lrh0.001_frozen_e5_s42,2282,4,1.2458,4.2483,0.0,0.0002996800568787771
text_text_ln_lrh0.001_frozen_e5_s42,2283,4,1.01812,2.7312,0.0,0.0002993245645218628
text_text_ln_lrh0.001_frozen_e5_s42,2284,4,0.71931,3.2958,0.0,0.00029896907216494845
text_text_ln_lrh0.001_frozen_e5_s42,2285,4,1.50809,3.2388,0.0,0.0002986135798080341
text_text_ln_lrh0.001_frozen_e5_s42,2286,4,0.97426,4.6266,0.0,0.00029825808745111983
text_text_ln_lrh0.001_frozen_e5_s42,2287,4,1.3781,4.0151,0.0,0.0002979025950942055
text_text_ln_lrh0.001_frozen_e5_s42,2288,4,1.06242,3.2872,0.0,0.0002975471027372911
text_text_ln_lrh0.001_frozen_e5_s42,2289,4,1.43816,3.159,0.0,0.00029719161038037687
text_text_ln_lrh0.001_frozen_e5_s42,2290,4,0.98385,2.6882,0.0,0.0002968361180234625
text_text_ln_lrh0.001_frozen_e5_s42,2291,4,1.10983,3.5606,0.0,0.00029648062566654815
text_text_ln_lrh0.001_frozen_e5_s42,2292,4,0.93458,2.5472,0.0,0.00029612513330963384
text_text_ln_lrh0.001_frozen_e5_s42,2293,4,0.67639,2.9397,0.0,0.00029576964095271954
text_text_ln_lrh0.001_frozen_e5_s42,2294,4,1.13721,2.261,0.0,0.0002954141485958052
text_text_ln_lrh0.001_frozen_e5_s42,2295,4,0.94331,1.8451,0.0,0.00029505865623889087
text_text_ln_lrh0.001_frozen_e5_s42,2296,4,0.97421,2.7981,0.0,0.00029470316388197657
text_text_ln_lrh0.001_frozen_e5_s42,2297,4,1.13649,2.4192,0.0,0.0002943476715250622
text_text_ln_lrh0.001_frozen_e5_s42,2298,4,1.03302,4.5265,0.0,0.0002939921791681479
text_text_ln_lrh0.001_frozen_e5_s42,2299,4,1.57608,2.889,0.0,0.00029363668681123354
text_text_ln_lrh0.001_frozen_e5_s42,2300,4,1.25062,2.3854,0.0,0.00029328119445431924
text_text_ln_lrh0.001_frozen_e5_s42,2301,4,0.95145,2.443,0.0,0.00029292570209740493
text_text_ln_lrh0.001_frozen_e5_s42,2302,4,1.22812,2.6276,0.0,0.00029257020974049057
text_text_ln_lrh0.001_frozen_e5_s42,2303,4,1.89722,4.3344,0.0,0.00029221471738357627
text_text_ln_lrh0.001_frozen_e5_s42,2304,4,1.51805,3.4967,0.0,0.00029185922502666196
text_text_ln_lrh0.001_frozen_e5_s42,2305,4,0.9014,3.8586,0.0,0.0002915037326697476
text_text_ln_lrh0.001_frozen_e5_s42,2306,4,1.14726,3.3657,0.0,0.00029114824031283324
text_text_ln_lrh0.001_frozen_e5_s42,2307,4,1.05193,2.3327,0.0,0.000290792747955919
text_text_ln_lrh0.001_frozen_e5_s42,2308,4,1.06236,4.797,0.0,0.00029043725559900463
text_text_ln_lrh0.001_frozen_e5_s42,2309,4,1.16016,3.5947,0.0,0.0002900817632420903
text_text_ln_lrh0.001_frozen_e5_s42,2310,4,0.8694,2.5761,0.0,0.000289726270885176
text_text_ln_lrh0.001_frozen_e5_s42,2311,4,1.04369,1.8508,0.0,0.00028937077852826166
text_text_ln_lrh0.001_frozen_e5_s42,2312,4,1.46847,2.9938,0.0,0.0002890152861713473
text_text_ln_lrh0.001_frozen_e5_s42,2313,4,1.48631,2.2342,0.0,0.00028865979381443294
text_text_ln_lrh0.001_frozen_e5_s42,2314,4,0.92769,2.3036,0.0,0.0002883043014575187
text_text_ln_lrh0.001_frozen_e5_s42,2315,4,1.42472,2.6622,0.0,0.00028794880910060433
text_text_ln_lrh0.001_frozen_e5_s42,2316,4,1.27695,2.9609,0.0,0.00028759331674369
text_text_ln_lrh0.001_frozen_e5_s42,2317,4,1.44248,2.7477,0.0,0.0002872378243867757
text_text_ln_lrh0.001_frozen_e5_s42,2318,4,1.12983,3.7615,0.0,0.00028688233202986136
text_text_ln_lrh0.001_frozen_e5_s42,2319,4,1.09905,3.0257,0.0,0.000286526839672947
text_text_ln_lrh0.001_frozen_e5_s42,2320,4,0.97654,2.3398,0.0,0.0002861713473160327
text_text_ln_lrh0.001_frozen_e5_s42,2321,4,0.99963,2.7897,0.0,0.0002858158549591184
text_text_ln_lrh0.001_frozen_e5_s42,2322,4,0.59622,2.3881,0.0,0.00028546036260220403
text_text_ln_lrh0.001_frozen_e5_s42,2323,4,1.35007,2.6937,0.0,0.00028510487024528973
text_text_ln_lrh0.001_frozen_e5_s42,2324,4,0.98676,1.9154,0.0,0.0002847493778883754
text_text_ln_lrh0.001_frozen_e5_s42,2325,4,0.57633,3.0161,0.0,0.00028439388553146107
text_text_ln_lrh0.001_frozen_e5_s42,2326,4,1.1339,2.8644,0.0,0.00028403839317454676
text_text_ln_lrh0.001_frozen_e5_s42,2327,4,1.03404,1.9173,0.0,0.00028368290081763245
text_text_ln_lrh0.001_frozen_e5_s42,2328,4,1.17409,2.5933,0.0,0.0002833274084607181
text_text_ln_lrh0.001_frozen_e5_s42,2329,4,0.86163,2.728,0.0,0.0002829719161038038
text_text_ln_lrh0.001_frozen_e5_s42,2330,4,0.81344,2.2952,0.0,0.00028261642374688943
text_text_ln_lrh0.001_frozen_e5_s42,2331,4,1.11656,1.9862,0.0,0.0002822609313899751
text_text_ln_lrh0.001_frozen_e5_s42,2332,4,1.29694,3.1566,0.0,0.0002819054390330608
text_text_ln_lrh0.001_frozen_e5_s42,2333,4,1.12164,3.0159,0.0,0.00028154994667614646
text_text_ln_lrh0.001_frozen_e5_s42,2334,4,0.97568,2.5013,0.0,0.00028119445431923216
text_text_ln_lrh0.001_frozen_e5_s42,2335,4,1.0083,3.1568,0.0,0.00028083896196231785
text_text_ln_lrh0.001_frozen_e5_s42,2336,4,1.12886,4.2751,0.0,0.0002804834696054035
text_text_ln_lrh0.001_frozen_e5_s42,2337,4,0.7769,3.0328,0.0,0.00028012797724848913
text_text_ln_lrh0.001_frozen_e5_s42,2338,4,1.27546,1.9952,0.0,0.0002797724848915749
text_text_ln_lrh0.001_frozen_e5_s42,2339,4,1.13805,3.8928,0.0,0.0002794169925346605
text_text_ln_lrh0.001_frozen_e5_s42,2340,4,0.7221,2.3978,0.0,0.00027906150017774616
text_text_ln_lrh0.001_frozen_e5_s42,2341,4,0.90626,2.8906,0.0,0.00027870600782083186
text_text_ln_lrh0.001_frozen_e5_s42,2342,4,0.79727,2.5051,0.0,0.00027835051546391755
text_text_ln_lrh0.001_frozen_e5_s42,2343,4,1.07212,1.9202,0.0,0.0002779950231070032
text_text_ln_lrh0.001_frozen_e5_s42,2344,4,1.29363,2.4028,0.0,0.00027763953075008883
text_text_ln_lrh0.001_frozen_e5_s42,2345,4,1.09852,2.9752,0.0,0.0002772840383931746
text_text_ln_lrh0.001_frozen_e5_s42,2346,4,0.92399,2.7738,0.0,0.0002769285460362602
text_text_ln_lrh0.001_frozen_e5_s42,2347,4,0.84321,2.4985,0.0,0.00027657305367934586
text_text_ln_lrh0.001_frozen_e5_s42,2348,4,0.81622,1.8052,0.0,0.0002762175613224316
text_text_ln_lrh0.001_frozen_e5_s42,2349,4,1.20174,4.5989,0.0,0.00027586206896551725
text_text_ln_lrh0.001_frozen_e5_s42,2350,4,1.54472,2.9164,0.0,0.0002755065766086029
text_text_ln_lrh0.001_frozen_e5_s42,2351,4,1.27033,3.3622,0.0,0.0002751510842516886
text_text_ln_lrh0.001_frozen_e5_s42,2352,4,1.13391,4.222,0.0,0.0002747955918947743
text_text_ln_lrh0.001_frozen_e5_s42,2353,4,1.83076,7.1143,0.0,0.0002744400995378599
text_text_ln_lrh0.001_frozen_e5_s42,2354,4,1.1923,3.5773,0.0,0.0002740846071809456
text_text_ln_lrh0.001_frozen_e5_s42,2355,4,0.98275,3.5158,0.0,0.0002737291148240313
text_text_ln_lrh0.001_frozen_e5_s42,2356,4,0.98508,2.8138,0.0,0.00027337362246711695
text_text_ln_lrh0.001_frozen_e5_s42,2357,4,1.04762,2.9009,0.0,0.00027301813011020265
text_text_ln_lrh0.001_frozen_e5_s42,2358,4,1.5388,3.6271,0.0,0.0002726626377532883
text_text_ln_lrh0.001_frozen_e5_s42,2359,4,1.32189,3.0377,0.0,0.000272307145396374
text_text_ln_lrh0.001_frozen_e5_s42,2360,4,1.02241,2.7189,0.0,0.0002719516530394597
text_text_ln_lrh0.001_frozen_e5_s42,2361,4,1.24931,3.2347,0.0,0.0002715961606825453
text_text_ln_lrh0.001_frozen_e5_s42,2362,4,1.46826,3.5631,0.0,0.000271240668325631
text_text_ln_lrh0.001_frozen_e5_s42,2363,4,1.04847,1.9656,0.0,0.0002708851759687167
text_text_ln_lrh0.001_frozen_e5_s42,2364,4,1.12591,2.1173,0.0,0.00027052968361180235
text_text_ln_lrh0.001_frozen_e5_s42,2365,4,0.90851,2.3631,0.0,0.000270174191254888
text_text_ln_lrh0.001_frozen_e5_s42,2366,4,1.257,4.755,0.0,0.00026981869889797374
text_text_ln_lrh0.001_frozen_e5_s42,2367,4,1.36769,3.2734,0.0,0.0002694632065410594
text_text_ln_lrh0.001_frozen_e5_s42,2368,4,1.56977,2.833,0.0,0.000269107714184145
text_text_ln_lrh0.001_frozen_e5_s42,2369,4,0.7459,2.6437,0.0,0.00026875222182723077
text_text_ln_lrh0.001_frozen_e5_s42,2370,4,1.39218,4.019,0.0,0.0002683967294703164
text_text_ln_lrh0.001_frozen_e5_s42,2371,4,1.06895,1.7951,0.0,0.00026804123711340205
text_text_ln_lrh0.001_frozen_e5_s42,2372,4,0.95513,3.0896,0.0,0.0002676857447564877
text_text_ln_lrh0.001_frozen_e5_s42,2373,4,1.28021,2.5282,0.0,0.00026733025239957344
text_text_ln_lrh0.001_frozen_e5_s42,2374,4,1.16246,3.3576,0.0,0.0002669747600426591
text_text_ln_lrh0.001_frozen_e5_s42,2375,4,1.3761,4.3034,0.0,0.0002666192676857447
text_text_ln_lrh0.001_frozen_e5_s42,2376,4,1.38651,3.0793,0.0,0.00026626377532883047
text_text_ln_lrh0.001_frozen_e5_s42,2377,4,1.1473,2.2875,0.0,0.0002659082829719161
text_text_ln_lrh0.001_frozen_e5_s42,2378,4,2.06184,5.3119,0.0,0.00026555279061500175
text_text_ln_lrh0.001_frozen_e5_s42,2379,4,0.81162,2.6086,0.0,0.00026519729825808745
text_text_ln_lrh0.001_frozen_e5_s42,2380,4,1.29141,2.9933,0.0,0.00026484180590117314
text_text_ln_lrh0.001_frozen_e5_s42,2381,4,1.27218,2.1305,0.0,0.0002644863135442588
text_text_ln_lrh0.001_frozen_e5_s42,2382,4,1.21385,3.0629,0.0,0.0002641308211873445
text_text_ln_lrh0.001_frozen_e5_s42,2383,4,1.24174,1.9974,0.0,0.00026377532883043017
text_text_ln_lrh0.001_frozen_e5_s42,2384,4,1.15705,4.3959,0.0,0.0002634198364735158
text_text_ln_lrh0.001_frozen_e5_s42,2385,4,1.10052,2.48,0.0,0.0002630643441166015
text_text_ln_lrh0.001_frozen_e5_s42,2386,4,0.74165,2.1812,0.0,0.00026270885175968715
text_text_ln_lrh0.001_frozen_e5_s42,2387,4,1.27823,3.8744,0.0,0.00026235335940277284
text_text_ln_lrh0.001_frozen_e5_s42,2388,4,0.93699,2.0053,0.0,0.00026199786704585854
text_text_ln_lrh0.001_frozen_e5_s42,2389,4,1.47498,2.9896,0.0,0.0002616423746889442
text_text_ln_lrh0.001_frozen_e5_s42,2390,4,1.2195,5.0536,0.0,0.00026128688233202987
text_text_ln_lrh0.001_frozen_e5_s42,2391,4,1.07855,3.4393,0.0,0.00026093138997511557
text_text_ln_lrh0.001_frozen_e5_s42,2392,4,0.70574,3.5988,0.0,0.0002605758976182012
text_text_ln_lrh0.001_frozen_e5_s42,2393,4,0.92391,1.8368,0.0,0.00026022040526128685
text_text_ln_lrh0.001_frozen_e5_s42,2394,4,1.33316,6.1584,0.0,0.0002598649129043726
text_text_ln_lrh0.001_frozen_e5_s42,2395,4,0.80471,3.2892,0.0,0.00025950942054745824
text_text_ln_lrh0.001_frozen_e5_s42,2396,4,1.60957,4.0172,0.0,0.0002591539281905439
text_text_ln_lrh0.001_frozen_e5_s42,2397,4,1.20676,3.6505,0.0,0.00025879843583362963
text_text_ln_lrh0.001_frozen_e5_s42,2398,4,1.07808,2.0148,0.0,0.00025844294347671527
text_text_ln_lrh0.001_frozen_e5_s42,2399,4,1.1174,3.0247,0.0,0.0002580874511198009
text_text_ln_lrh0.001_frozen_e5_s42,2400,4,0.65349,1.5794,0.0,0.00025773195876288655
text_text_ln_lrh0.001_frozen_e5_s42,2401,4,0.95733,2.7142,0.0,0.0002573764664059723
text_text_ln_lrh0.001_frozen_e5_s42,2402,4,0.75283,2.1989,0.0,0.00025702097404905794
text_text_ln_lrh0.001_frozen_e5_s42,2403,4,0.9708,1.5715,0.0,0.0002566654816921436
text_text_ln_lrh0.001_frozen_e5_s42,2404,4,1.13252,2.7654,0.0,0.00025630998933522933
text_text_ln_lrh0.001_frozen_e5_s42,2405,4,1.23221,4.085,0.0,0.00025595449697831497
text_text_ln_lrh0.001_frozen_e5_s42,2406,4,1.20905,2.266,0.0,0.0002555990046214006
text_text_ln_lrh0.001_frozen_e5_s42,2407,4,1.30099,4.6403,0.0,0.00025524351226448636
text_text_ln_lrh0.001_frozen_e5_s42,2408,4,1.22392,2.5648,0.0,0.000254888019907572
text_text_ln_lrh0.001_frozen_e5_s42,2409,4,1.23675,3.8493,0.0,0.00025453252755065764
text_text_ln_lrh0.001_frozen_e5_s42,2410,4,1.14508,1.9777,0.0,0.00025417703519374334
text_text_ln_lrh0.001_frozen_e5_s42,2411,4,0.88229,2.4482,0.0,0.00025382154283682903
text_text_ln_lrh0.001_frozen_e5_s42,2412,4,1.33045,3.4735,0.0,0.00025346605047991467
text_text_ln_lrh0.001_frozen_e5_s42,2413,4,0.24584,2.3655,0.0,0.00025311055812300037
text_text_ln_lrh0.001_frozen_e5_s42,2414,4,1.57105,3.85,0.0,0.00025275506576608606
text_text_ln_lrh0.001_frozen_e5_s42,2415,4,0.89038,2.8642,0.0,0.0002523995734091717
text_text_ln_lrh0.001_frozen_e5_s42,2416,4,1.11987,1.9974,0.0,0.0002520440810522574
text_text_ln_lrh0.001_frozen_e5_s42,2417,4,1.23747,2.7987,0.0,0.00025168858869534304
text_text_ln_lrh0.001_frozen_e5_s42,2418,4,1.04744,2.8786,0.0,0.00025133309633842873
text_text_ln_lrh0.001_frozen_e5_s42,2419,4,0.36552,2.0698,0.0,0.0002509776039815144
text_text_ln_lrh0.001_frozen_e5_s42,2420,4,0.9569,4.1107,0.0,0.00025062211162460007
text_text_ln_lrh0.001_frozen_e5_s42,2421,4,1.68467,3.3332,0.0,0.00025026661926768576
text_text_ln_lrh0.001_frozen_e5_s42,2422,4,1.17904,2.5631,0.0,0.0002499111269107714
text_text_ln_lrh0.001_frozen_e5_s42,2423,4,0.88851,2.3281,0.0,0.0002495556345538571
text_text_ln_lrh0.001_frozen_e5_s42,2424,4,0.98388,3.6397,0.0,0.00024920014219694274
text_text_ln_lrh0.001_frozen_e5_s42,2425,4,1.32994,3.7082,0.0,0.00024884464984002843
text_text_ln_lrh0.001_frozen_e5_s42,2426,4,0.98902,2.6699,0.0,0.0002484891574831141
text_text_ln_lrh0.001_frozen_e5_s42,2427,4,1.36864,5.6711,0.0,0.00024813366512619977
text_text_ln_lrh0.001_frozen_e5_s42,2428,4,1.21794,2.5727,0.0,0.00024777817276928546
text_text_ln_lrh0.001_frozen_e5_s42,2429,4,1.64988,3.6927,0.0,0.00024742268041237116
text_text_ln_lrh0.001_frozen_e5_s42,2430,4,1.18138,3.3782,0.0,0.0002470671880554568
text_text_ln_lrh0.001_frozen_e5_s42,2431,4,0.99859,2.7548,0.0,0.0002467116956985425
text_text_ln_lrh0.001_frozen_e5_s42,2432,4,0.48908,2.3112,0.0,0.0002463562033416282
text_text_ln_lrh0.001_frozen_e5_s42,2433,4,0.95508,1.8364,0.0,0.00024600071098471383
text_text_ln_lrh0.001_frozen_e5_s42,2434,4,1.03696,2.3702,0.0,0.0002456452186277995
text_text_ln_lrh0.001_frozen_e5_s42,2435,4,1.0311,2.9897,0.0,0.0002452897262708852
text_text_ln_lrh0.001_frozen_e5_s42,2436,4,1.27075,3.835,0.0,0.00024493423391397086
text_text_ln_lrh0.001_frozen_e5_s42,2437,4,0.91271,2.7906,0.0,0.00024457874155705655
text_text_ln_lrh0.001_frozen_e5_s42,2438,4,1.36606,2.8707,0.0,0.0002442232492001422
text_text_ln_lrh0.001_frozen_e5_s42,2439,4,0.83325,2.8422,0.0,0.00024386775684322786
text_text_ln_lrh0.001_frozen_e5_s42,2440,4,0.8975,2.0273,0.0,0.00024351226448631356
text_text_ln_lrh0.001_frozen_e5_s42,2441,4,1.44567,4.9824,0.0,0.00024315677212939922
text_text_ln_lrh0.001_frozen_e5_s42,2442,4,1.54407,3.7277,0.0,0.0002428012797724849
text_text_ln_lrh0.001_frozen_e5_s42,2443,4,0.62436,1.8316,0.0,0.00024244578741557059
text_text_ln_lrh0.001_frozen_e5_s42,2444,4,1.32743,1.8569,0.0,0.00024209029505865623
text_text_ln_lrh0.001_frozen_e5_s42,2445,4,1.04155,2.0635,0.0,0.00024173480270174192
text_text_ln_lrh0.001_frozen_e5_s42,2446,4,1.21236,3.0716,0.0,0.0002413793103448276
text_text_ln_lrh0.001_frozen_e5_s42,2447,4,1.06679,2.2849,0.0,0.00024102381798791326
text_text_ln_lrh0.001_frozen_e5_s42,2448,4,1.0919,2.461,0.0,0.00024066832563099895
text_text_ln_lrh0.001_frozen_e5_s42,2449,4,0.87078,2.4087,0.0,0.00024031283327408462
text_text_ln_lrh0.001_frozen_e5_s42,2450,4,1.33757,3.8584,0.0,0.0002399573409171703
text_text_ln_lrh0.001_frozen_e5_s42,2451,4,1.27514,2.8872,0.0,0.00023960184856025595
text_text_ln_lrh0.001_frozen_e5_s42,2452,4,1.34227,2.5224,0.0,0.00023924635620334162
text_text_ln_lrh0.001_frozen_e5_s42,2453,4,1.02577,2.3758,0.0,0.0002388908638464273
text_text_ln_lrh0.001_frozen_e5_s42,2454,4,1.23471,2.9857,0.0,0.00023853537148951299
text_text_ln_lrh0.001_frozen_e5_s42,2455,4,0.80636,2.3013,0.0,0.00023817987913259865
text_text_ln_lrh0.001_frozen_e5_s42,2456,4,1.01715,2.8754,0.0,0.00023782438677568432
text_text_ln_lrh0.001_frozen_e5_s42,2457,4,1.23984,3.1466,0.0,0.00023746889441877002
text_text_ln_lrh0.001_frozen_e5_s42,2458,4,0.84295,2.5741,0.0,0.00023711340206185566
text_text_ln_lrh0.001_frozen_e5_s42,2459,4,1.36401,2.5808,0.0,0.00023675790970494135
text_text_ln_lrh0.001_frozen_e5_s42,2460,4,0.73134,2.0374,0.0,0.00023640241734802705
text_text_ln_lrh0.001_frozen_e5_s42,2461,4,1.37437,2.9557,0.0,0.00023604692499111269
text_text_ln_lrh0.001_frozen_e5_s42,2462,4,0.73045,2.3159,0.0,0.00023569143263419838
text_text_ln_lrh0.001_frozen_e5_s42,2463,4,0.73669,2.5146,0.0,0.00023533594027728405
text_text_ln_lrh0.001_frozen_e5_s42,2464,4,1.07899,2.8676,0.0,0.00023498044792036972
text_text_ln_lrh0.001_frozen_e5_s42,2465,4,1.39809,3.1934,0.0,0.00023462495556345538
text_text_ln_lrh0.001_frozen_e5_s42,2466,4,1.15836,2.9477,0.0,0.00023426946320654108
text_text_ln_lrh0.001_frozen_e5_s42,2467,4,1.01057,2.6872,0.0,0.00023391397084962675
text_text_ln_lrh0.001_frozen_e5_s42,2468,4,1.26902,2.332,0.0,0.00023355847849271241
text_text_ln_lrh0.001_frozen_e5_s42,2469,4,1.13918,2.0405,0.0,0.00023320298613579808
text_text_ln_lrh0.001_frozen_e5_s42,2470,4,1.14813,2.4647,0.0,0.00023284749377888375
text_text_ln_lrh0.001_frozen_e5_s42,2471,4,1.8601,5.5265,0.0,0.00023249200142196944
text_text_ln_lrh0.001_frozen_e5_s42,2472,4,0.97777,2.9333,0.0,0.00023213650906505509
text_text_ln_lrh0.001_frozen_e5_s42,2473,4,1.05045,2.5688,0.0,0.00023178101670814078
text_text_ln_lrh0.001_frozen_e5_s42,2474,4,1.82878,4.6368,0.0,0.00023142552435122647
text_text_ln_lrh0.001_frozen_e5_s42,2475,4,1.14914,2.783,0.0,0.00023107003199431212
text_text_ln_lrh0.001_frozen_e5_s42,2476,4,1.53758,4.0995,0.0,0.0002307145396373978
text_text_ln_lrh0.001_frozen_e5_s42,2477,4,0.80137,2.3332,0.0,0.00023035904728048348
text_text_ln_lrh0.001_frozen_e5_s42,2478,4,0.84193,2.6257,0.0,0.00023000355492356915
text_text_ln_lrh0.001_frozen_e5_s42,2479,4,1.45218,3.5021,0.0,0.0002296480625666548
text_text_ln_lrh0.001_frozen_e5_s42,2480,4,1.07439,3.7211,0.0,0.0002292925702097405
text_text_ln_lrh0.001_frozen_e5_s42,2481,4,1.53413,2.8594,0.0,0.00022893707785282618
text_text_ln_lrh0.001_frozen_e5_s42,2482,4,1.41789,2.5004,0.0,0.00022858158549591184
text_text_ln_lrh0.001_frozen_e5_s42,2483,4,0.84436,1.6394,0.0,0.0002282260931389975
text_text_ln_lrh0.001_frozen_e5_s42,2484,4,1.83102,2.9923,0.0,0.00022787060078208318
text_text_ln_lrh0.001_frozen_e5_s42,2485,4,1.32428,3.5165,0.0,0.00022751510842516887
text_text_ln_lrh0.001_frozen_e5_s42,2486,4,0.8613,3.8306,0.0,0.00022715961606825451
text_text_ln_lrh0.001_frozen_e5_s42,2487,4,1.18712,1.5585,0.0,0.0002268041237113402
text_text_ln_lrh0.001_frozen_e5_s42,2488,4,0.88781,2.2488,0.0,0.0002264486313544259
text_text_ln_lrh0.001_frozen_e5_s42,2489,4,1.37723,2.4813,0.0,0.00022609313899751154
text_text_ln_lrh0.001_frozen_e5_s42,2490,4,0.83946,2.4027,0.0,0.00022573764664059724
text_text_ln_lrh0.001_frozen_e5_s42,2491,4,0.9842,2.2877,0.0,0.0002253821542836829
text_text_ln_lrh0.001_frozen_e5_s42,2492,4,1.08931,2.8888,0.0,0.00022502666192676857
text_text_ln_lrh0.001_frozen_e5_s42,2493,4,1.34092,2.7413,0.0,0.00022467116956985424
text_text_ln_lrh0.001_frozen_e5_s42,2494,4,1.26486,2.7032,0.0,0.00022431567721293994
text_text_ln_lrh0.001_frozen_e5_s42,2495,4,0.80288,1.812,0.0,0.0002239601848560256
text_text_ln_lrh0.001_frozen_e5_s42,2496,4,1.09674,3.2913,0.0,0.00022360469249911127
text_text_ln_lrh0.001_frozen_e5_s42,2497,4,0.94143,3.3028,0.0,0.00022324920014219694
text_text_ln_lrh0.001_frozen_e5_s42,2498,4,0.74822,2.0108,0.0,0.0002228937077852826
text_text_ln_lrh0.001_frozen_e5_s42,2499,4,1.08851,3.0458,0.0,0.0002225382154283683
text_text_ln_lrh0.001_frozen_e5_s42,2500,4,0.7799,6.0818,0.0,0.00022218272307145394
text_text_ln_lrh0.001_frozen_e5_s42,2501,5,0.91332,3.5811,0.0,0.00022182723071453964
text_text_ln_lrh0.001_frozen_e5_s42,2502,5,0.94118,2.9175,0.0,0.00022147173835762533
text_text_ln_lrh0.001_frozen_e5_s42,2503,5,0.93271,3.2946,0.0,0.00022111624600071097
text_text_ln_lrh0.001_frozen_e5_s42,2504,5,0.66337,3.3308,0.0,0.00022076075364379667
text_text_ln_lrh0.001_frozen_e5_s42,2505,5,1.14236,3.2592,0.0,0.00022040526128688234
text_text_ln_lrh0.001_frozen_e5_s42,2506,5,1.08501,1.9449,0.0,0.000220049768929968
text_text_ln_lrh0.001_frozen_e5_s42,2507,5,1.0617,3.255,0.0,0.0002196942765730537
text_text_ln_lrh0.001_frozen_e5_s42,2508,5,1.09954,2.073,0.0,0.00021933878421613937
text_text_ln_lrh0.001_frozen_e5_s42,2509,5,1.02794,2.3373,0.0,0.00021898329185922503
text_text_ln_lrh0.001_frozen_e5_s42,2510,5,1.1361,2.5474,0.0,0.0002186277995023107
text_text_ln_lrh0.001_frozen_e5_s42,2511,5,0.96389,1.8005,0.0,0.00021827230714539637
text_text_ln_lrh0.001_frozen_e5_s42,2512,5,0.7005,4.7738,0.0,0.00021791681478848204
text_text_ln_lrh0.001_frozen_e5_s42,2513,5,1.15414,2.1187,0.0,0.00021756132243156773
text_text_ln_lrh0.001_frozen_e5_s42,2514,5,1.29499,3.4516,0.0,0.0002172058300746534
text_text_ln_lrh0.001_frozen_e5_s42,2515,5,0.98757,2.7818,0.0,0.00021685033771773907
text_text_ln_lrh0.001_frozen_e5_s42,2516,5,1.45901,3.2478,0.0,0.00021649484536082476
text_text_ln_lrh0.001_frozen_e5_s42,2517,5,1.40082,5.3825,0.0,0.0002161393530039104
text_text_ln_lrh0.001_frozen_e5_s42,2518,5,0.83653,3.0758,0.0,0.0002157838606469961
text_text_ln_lrh0.001_frozen_e5_s42,2519,5,1.2599,2.8028,0.0,0.00021542836829008177
text_text_ln_lrh0.001_frozen_e5_s42,2520,5,1.35686,2.9215,0.0,0.00021507287593316743
text_text_ln_lrh0.001_frozen_e5_s42,2521,5,1.04753,3.1017,0.0,0.00021471738357625313
text_text_ln_lrh0.001_frozen_e5_s42,2522,5,0.85124,3.4578,0.0,0.0002143618912193388
text_text_ln_lrh0.001_frozen_e5_s42,2523,5,1.35128,4.0743,0.0,0.00021400639886242446
text_text_ln_lrh0.001_frozen_e5_s42,2524,5,0.67433,3.657,0.0,0.00021365090650551013
text_text_ln_lrh0.001_frozen_e5_s42,2525,5,1.21702,3.4797,0.0,0.00021329541414859583
text_text_ln_lrh0.001_frozen_e5_s42,2526,5,1.23864,4.2496,0.0,0.00021293992179168147
text_text_ln_lrh0.001_frozen_e5_s42,2527,5,0.92926,2.667,0.0,0.00021258442943476716
text_text_ln_lrh0.001_frozen_e5_s42,2528,5,1.35295,3.2481,0.0,0.00021222893707785283
text_text_ln_lrh0.001_frozen_e5_s42,2529,5,0.74617,2.5578,0.0,0.0002118734447209385
text_text_ln_lrh0.001_frozen_e5_s42,2530,5,0.84,2.0882,0.0,0.0002115179523640242
text_text_ln_lrh0.001_frozen_e5_s42,2531,5,0.8945,2.0145,0.0,0.00021116246000710983
text_text_ln_lrh0.001_frozen_e5_s42,2532,5,1.51356,5.081,0.0,0.00021080696765019553
text_text_ln_lrh0.001_frozen_e5_s42,2533,5,1.28647,3.8408,0.0,0.0002104514752932812
text_text_ln_lrh0.001_frozen_e5_s42,2534,5,1.23483,4.288,0.0,0.00021009598293636686
text_text_ln_lrh0.001_frozen_e5_s42,2535,5,1.67343,4.6263,0.0,0.00020974049057945256
text_text_ln_lrh0.001_frozen_e5_s42,2536,5,1.6011,3.9572,0.0,0.00020938499822253822
text_text_ln_lrh0.001_frozen_e5_s42,2537,5,1.21335,3.3721,0.0,0.0002090295058656239
text_text_ln_lrh0.001_frozen_e5_s42,2538,5,1.04388,3.1674,0.0,0.00020867401350870956
text_text_ln_lrh0.001_frozen_e5_s42,2539,5,0.94582,5.4141,0.0,0.00020831852115179526
text_text_ln_lrh0.001_frozen_e5_s42,2540,5,1.43596,2.4185,0.0,0.00020796302879488092
text_text_ln_lrh0.001_frozen_e5_s42,2541,5,0.77882,2.0043,0.0,0.0002076075364379666
text_text_ln_lrh0.001_frozen_e5_s42,2542,5,1.13167,3.7749,0.0,0.00020725204408105226
text_text_ln_lrh0.001_frozen_e5_s42,2543,5,1.57469,6.4676,0.0,0.00020689655172413793
text_text_ln_lrh0.001_frozen_e5_s42,2544,5,0.82511,1.7898,0.0,0.00020654105936722362
text_text_ln_lrh0.001_frozen_e5_s42,2545,5,0.85474,3.3646,0.0,0.00020618556701030926
text_text_ln_lrh0.001_frozen_e5_s42,2546,5,0.73116,2.1972,0.0,0.00020583007465339496
text_text_ln_lrh0.001_frozen_e5_s42,2547,5,1.05258,2.295,0.0,0.00020547458229648065
text_text_ln_lrh0.001_frozen_e5_s42,2548,5,1.24864,2.5688,0.0,0.0002051190899395663
text_text_ln_lrh0.001_frozen_e5_s42,2549,5,1.34231,3.4413,0.0,0.00020476359758265199
text_text_ln_lrh0.001_frozen_e5_s42,2550,5,1.40142,2.2902,0.0,0.00020440810522573765
text_text_ln_lrh0.001_frozen_e5_s42,2551,5,0.94536,1.8332,0.0,0.00020405261286882332
text_text_ln_lrh0.001_frozen_e5_s42,2552,5,0.85656,3.6724,0.0,0.000203697120511909
text_text_ln_lrh0.001_frozen_e5_s42,2553,5,1.12305,3.1834,0.0,0.00020334162815499468
text_text_ln_lrh0.001_frozen_e5_s42,2554,5,1.04682,2.7838,0.0,0.00020298613579808035
text_text_ln_lrh0.001_frozen_e5_s42,2555,5,1.44887,4.2864,0.0,0.00020263064344116602
text_text_ln_lrh0.001_frozen_e5_s42,2556,5,0.96337,1.7501,0.0,0.0002022751510842517
text_text_ln_lrh0.001_frozen_e5_s42,2557,5,0.98875,2.8315,0.0,0.00020191965872733736
text_text_ln_lrh0.001_frozen_e5_s42,2558,5,0.97862,2.8362,0.0,0.00020156416637042305
text_text_ln_lrh0.001_frozen_e5_s42,2559,5,0.92633,2.0518,0.0,0.0002012086740135087
text_text_ln_lrh0.001_frozen_e5_s42,2560,5,1.27239,3.0033,0.0,0.00020085318165659439
text_text_ln_lrh0.001_frozen_e5_s42,2561,5,1.36737,2.5834,0.0,0.00020049768929968008
text_text_ln_lrh0.001_frozen_e5_s42,2562,5,1.29264,5.5799,0.0,0.00020014219694276572
text_text_ln_lrh0.001_frozen_e5_s42,2563,5,1.53401,4.0702,0.0,0.00019978670458585142
text_text_ln_lrh0.001_frozen_e5_s42,2564,5,1.25464,2.8013,0.0,0.00019943121222893708
text_text_ln_lrh0.001_frozen_e5_s42,2565,5,1.18866,3.6028,0.0,0.00019907571987202275
text_text_ln_lrh0.001_frozen_e5_s42,2566,5,1.57286,5.2453,0.0,0.00019872022751510842
text_text_ln_lrh0.001_frozen_e5_s42,2567,5,1.59892,2.6095,0.0,0.00019836473515819411
text_text_ln_lrh0.001_frozen_e5_s42,2568,5,1.13411,2.5682,0.0,0.00019800924280127978
text_text_ln_lrh0.001_frozen_e5_s42,2569,5,0.79936,2.3283,0.0,0.00019765375044436545
text_text_ln_lrh0.001_frozen_e5_s42,2570,5,0.89219,2.3671,0.0,0.00019729825808745112
text_text_ln_lrh0.001_frozen_e5_s42,2571,5,1.1718,2.0262,0.0,0.00019694276573053678
text_text_ln_lrh0.001_frozen_e5_s42,2572,5,1.19967,3.0282,0.0,0.00019658727337362248
text_text_ln_lrh0.001_frozen_e5_s42,2573,5,1.43496,2.1429,0.0,0.00019623178101670812
text_text_ln_lrh0.001_frozen_e5_s42,2574,5,1.44509,3.3781,0.0,0.00019587628865979381
text_text_ln_lrh0.001_frozen_e5_s42,2575,5,1.59836,2.6783,0.0,0.0001955207963028795
text_text_ln_lrh0.001_frozen_e5_s42,2576,5,1.39709,3.1507,0.0,0.00019516530394596515
text_text_ln_lrh0.001_frozen_e5_s42,2577,5,1.1669,2.1911,0.0,0.00019480981158905084
text_text_ln_lrh0.001_frozen_e5_s42,2578,5,1.31583,3.5527,0.0,0.0001944543192321365
text_text_ln_lrh0.001_frozen_e5_s42,2579,5,1.35752,3.7424,0.0,0.00019409882687522218
text_text_ln_lrh0.001_frozen_e5_s42,2580,5,1.53467,4.2739,0.0,0.00019374333451830788
text_text_ln_lrh0.001_frozen_e5_s42,2581,5,1.04074,3.1597,0.0,0.00019338784216139354
text_text_ln_lrh0.001_frozen_e5_s42,2582,5,0.62584,2.8108,0.0,0.0001930323498044792
text_text_ln_lrh0.001_frozen_e5_s42,2583,5,1.01157,3.0382,0.0,0.00019267685744756488
text_text_ln_lrh0.001_frozen_e5_s42,2584,5,1.43602,3.1549,0.0,0.00019232136509065057
text_text_ln_lrh0.001_frozen_e5_s42,2585,5,0.97282,1.9687,0.0,0.00019196587273373621
text_text_ln_lrh0.001_frozen_e5_s42,2586,5,1.2766,2.335,0.0,0.0001916103803768219
text_text_ln_lrh0.001_frozen_e5_s42,2587,5,0.70918,2.534,0.0,0.00019125488801990758
text_text_ln_lrh0.001_frozen_e5_s42,2588,5,0.79138,2.7371,0.0,0.00019089939566299324
text_text_ln_lrh0.001_frozen_e5_s42,2589,5,1.01097,1.4869,0.0,0.00019054390330607894
text_text_ln_lrh0.001_frozen_e5_s42,2590,5,1.07785,2.6875,0.0,0.00019018841094916458
text_text_ln_lrh0.001_frozen_e5_s42,2591,5,1.21378,2.6005,0.0,0.00018983291859225027
text_text_ln_lrh0.001_frozen_e5_s42,2592,5,1.40729,2.0087,0.0,0.00018947742623533594
text_text_ln_lrh0.001_frozen_e5_s42,2593,5,1.13248,2.291,0.0,0.0001891219338784216
text_text_ln_lrh0.001_frozen_e5_s42,2594,5,0.99316,2.6124,0.0,0.0001887664415215073
text_text_ln_lrh0.001_frozen_e5_s42,2595,5,1.49013,3.3337,0.0,0.00018841094916459297
text_text_ln_lrh0.001_frozen_e5_s42,2596,5,0.98721,3.8401,0.0,0.00018805545680767864
text_text_ln_lrh0.001_frozen_e5_s42,2597,5,0.99773,2.0901,0.0,0.0001876999644507643
text_text_ln_lrh0.001_frozen_e5_s42,2598,5,1.07892,2.2438,0.0,0.00018734447209385
text_text_ln_lrh0.001_frozen_e5_s42,2599,5,1.23596,2.884,0.0,0.00018698897973693564
text_text_ln_lrh0.001_frozen_e5_s42,2600,5,0.98763,1.9012,0.0,0.00018663348738002134
text_text_ln_lrh0.001_frozen_e5_s42,2601,5,0.6778,2.2863,0.0,0.000186277995023107
text_text_ln_lrh0.001_frozen_e5_s42,2602,5,0.8629,2.0052,0.0,0.00018592250266619267
text_text_ln_lrh0.001_frozen_e5_s42,2603,5,1.83043,3.6873,0.0,0.00018556701030927837
text_text_ln_lrh0.001_frozen_e5_s42,2604,5,0.93749,3.9908,0.0,0.000185211517952364
text_text_ln_lrh0.001_frozen_e5_s42,2605,5,1.06885,3.0753,0.0,0.0001848560255954497
text_text_ln_lrh0.001_frozen_e5_s42,2606,5,1.02618,2.5,0.0,0.00018450053323853537
text_text_ln_lrh0.001_frozen_e5_s42,2607,5,1.80188,6.9554,0.0,0.00018414504088162104
text_text_ln_lrh0.001_frozen_e5_s42,2608,5,1.12721,2.4249,0.0,0.00018378954852470673
text_text_ln_lrh0.001_frozen_e5_s42,2609,5,1.05022,1.7949,0.0,0.0001834340561677924
text_text_ln_lrh0.001_frozen_e5_s42,2610,5,1.13519,3.3611,0.0,0.00018307856381087807
text_text_ln_lrh0.001_frozen_e5_s42,2611,5,1.47222,3.9784,0.0,0.00018272307145396374
text_text_ln_lrh0.001_frozen_e5_s42,2612,5,1.20835,2.2857,0.0,0.00018236757909704943
text_text_ln_lrh0.001_frozen_e5_s42,2613,5,0.88092,1.9996,0.0,0.00018201208674013507
text_text_ln_lrh0.001_frozen_e5_s42,2614,5,1.34756,2.4692,0.0,0.00018165659438322077
text_text_ln_lrh0.001_frozen_e5_s42,2615,5,1.09731,1.756,0.0,0.00018130110202630643
text_text_ln_lrh0.001_frozen_e5_s42,2616,5,1.00304,3.307,0.0,0.0001809456096693921
text_text_ln_lrh0.001_frozen_e5_s42,2617,5,0.71637,2.9219,0.0,0.0001805901173124778
text_text_ln_lrh0.001_frozen_e5_s42,2618,5,1.1304,1.9864,0.0,0.00018023462495556344
text_text_ln_lrh0.001_frozen_e5_s42,2619,5,0.9357,2.2513,0.0,0.00017987913259864913
text_text_ln_lrh0.001_frozen_e5_s42,2620,5,1.3501,2.697,0.0,0.00017952364024173483
text_text_ln_lrh0.001_frozen_e5_s42,2621,5,0.91761,2.5211,0.0,0.00017916814788482047
text_text_ln_lrh0.001_frozen_e5_s42,2622,5,0.96275,2.4689,0.0,0.00017881265552790616
text_text_ln_lrh0.001_frozen_e5_s42,2623,5,1.43068,3.3797,0.0,0.00017845716317099183
text_text_ln_lrh0.001_frozen_e5_s42,2624,5,1.35762,3.7199,0.0,0.0001781016708140775
text_text_ln_lrh0.001_frozen_e5_s42,2625,5,1.38004,2.4127,0.0,0.00017774617845716317
text_text_ln_lrh0.001_frozen_e5_s42,2626,5,0.99196,2.4813,0.0,0.00017739068610024886
text_text_ln_lrh0.001_frozen_e5_s42,2627,5,0.9589,3.3423,0.0,0.00017703519374333453
text_text_ln_lrh0.001_frozen_e5_s42,2628,5,1.15667,2.7467,0.0,0.0001766797013864202
text_text_ln_lrh0.001_frozen_e5_s42,2629,5,1.29968,3.321,0.0,0.0001763242090295059
text_text_ln_lrh0.001_frozen_e5_s42,2630,5,1.12682,2.6052,0.0,0.00017596871667259153
text_text_ln_lrh0.001_frozen_e5_s42,2631,5,1.02387,3.1677,0.0,0.00017561322431567723
text_text_ln_lrh0.001_frozen_e5_s42,2632,5,1.80172,3.6063,0.0,0.00017525773195876287
text_text_ln_lrh0.001_frozen_e5_s42,2633,5,1.19852,2.6664,0.0,0.00017490223960184856
text_text_ln_lrh0.001_frozen_e5_s42,2634,5,0.86095,2.6711,0.0,0.00017454674724493426
text_text_ln_lrh0.001_frozen_e5_s42,2635,5,1.0587,1.8647,0.0,0.0001741912548880199
text_text_ln_lrh0.001_frozen_e5_s42,2636,5,1.00562,1.8185,0.0,0.0001738357625311056
text_text_ln_lrh0.001_frozen_e5_s42,2637,5,0.75178,2.3127,0.0,0.00017348027017419126
text_text_ln_lrh0.001_frozen_e5_s42,2638,5,1.24499,3.4227,0.0,0.00017312477781727693
text_text_ln_lrh0.001_frozen_e5_s42,2639,5,0.76309,2.2563,0.0,0.0001727692854603626
text_text_ln_lrh0.001_frozen_e5_s42,2640,5,1.47163,2.3889,0.0,0.0001724137931034483
text_text_ln_lrh0.001_frozen_e5_s42,2641,5,0.7095,2.2749,0.0,0.00017205830074653396
text_text_ln_lrh0.001_frozen_e5_s42,2642,5,0.8417,3.9501,0.0,0.00017170280838961963
text_text_ln_lrh0.001_frozen_e5_s42,2643,5,0.85022,2.6376,0.0,0.00017134731603270532
text_text_ln_lrh0.001_frozen_e5_s42,2644,5,0.99499,1.8321,0.0,0.00017099182367579096
text_text_ln_lrh0.001_frozen_e5_s42,2645,5,0.89018,2.0028,0.0,0.00017063633131887666
text_text_ln_lrh0.001_frozen_e5_s42,2646,5,1.54753,3.4282,0.0,0.0001702808389619623
text_text_ln_lrh0.001_frozen_e5_s42,2647,5,0.67312,3.0961,0.0,0.000169925346605048
text_text_ln_lrh0.001_frozen_e5_s42,2648,5,1.01829,3.5516,0.0,0.00016956985424813369
text_text_ln_lrh0.001_frozen_e5_s42,2649,5,0.93711,2.412,0.0,0.00016921436189121933
text_text_ln_lrh0.001_frozen_e5_s42,2650,5,1.35576,4.7057,0.0,0.00016885886953430502
text_text_ln_lrh0.001_frozen_e5_s42,2651,5,1.24153,2.1626,0.0,0.0001685033771773907
text_text_ln_lrh0.001_frozen_e5_s42,2652,5,1.2043,2.42,0.0,0.00016814788482047636
text_text_ln_lrh0.001_frozen_e5_s42,2653,5,1.08813,2.1994,0.0,0.00016779239246356205
text_text_ln_lrh0.001_frozen_e5_s42,2654,5,1.1141,2.3666,0.0,0.00016743690010664772
text_text_ln_lrh0.001_frozen_e5_s42,2655,5,1.20953,3.258,0.0,0.0001670814077497334
text_text_ln_lrh0.001_frozen_e5_s42,2656,5,0.99725,2.1256,0.0,0.00016672591539281905
text_text_ln_lrh0.001_frozen_e5_s42,2657,5,1.17212,2.0636,0.0,0.00016637042303590475
text_text_ln_lrh0.001_frozen_e5_s42,2658,5,1.21705,4.4706,0.0,0.0001660149306789904
text_text_ln_lrh0.001_frozen_e5_s42,2659,5,1.04987,2.2273,0.0,0.00016565943832207608
text_text_ln_lrh0.001_frozen_e5_s42,2660,5,0.85453,1.829,0.0,0.00016530394596516175
text_text_ln_lrh0.001_frozen_e5_s42,2661,5,0.48527,2.8227,0.0,0.00016494845360824742
text_text_ln_lrh0.001_frozen_e5_s42,2662,5,1.25557,3.5656,0.0,0.00016459296125133311
text_text_ln_lrh0.001_frozen_e5_s42,2663,5,1.72127,5.2748,0.0,0.00016423746889441876
text_text_ln_lrh0.001_frozen_e5_s42,2664,5,1.03096,2.0929,0.0,0.00016388197653750445
text_text_ln_lrh0.001_frozen_e5_s42,2665,5,0.73195,2.141,0.0,0.00016352648418059012
text_text_ln_lrh0.001_frozen_e5_s42,2666,5,1.05462,2.3632,0.0,0.00016317099182367579
text_text_ln_lrh0.001_frozen_e5_s42,2667,5,0.85942,2.6199,0.0,0.00016281549946676148
text_text_ln_lrh0.001_frozen_e5_s42,2668,5,1.14789,1.7938,0.0,0.00016246000710984715
text_text_ln_lrh0.001_frozen_e5_s42,2669,5,1.18685,2.3325,0.0,0.00016210451475293282
text_text_ln_lrh0.001_frozen_e5_s42,2670,5,0.88171,2.6498,0.0,0.00016174902239601848
text_text_ln_lrh0.001_frozen_e5_s42,2671,5,0.67039,2.6526,0.0,0.00016139353003910418
text_text_ln_lrh0.001_frozen_e5_s42,2672,5,1.41805,3.7941,0.0,0.00016103803768218982
text_text_ln_lrh0.001_frozen_e5_s42,2673,5,0.59036,3.1237,0.0,0.00016068254532527551
text_text_ln_lrh0.001_frozen_e5_s42,2674,5,1.44484,2.8674,0.0,0.00016032705296836118
text_text_ln_lrh0.001_frozen_e5_s42,2675,5,0.82643,2.2412,0.0,0.00015997156061144685
text_text_ln_lrh0.001_frozen_e5_s42,2676,5,1.03665,2.7424,0.0,0.00015961606825453254
text_text_ln_lrh0.001_frozen_e5_s42,2677,5,1.06032,3.0271,0.0,0.00015926057589761818
text_text_ln_lrh0.001_frozen_e5_s42,2678,5,0.89089,3.868,0.0,0.00015890508354070388
text_text_ln_lrh0.001_frozen_e5_s42,2679,5,1.36451,2.4453,0.0,0.00015854959118378955
text_text_ln_lrh0.001_frozen_e5_s42,2680,5,1.19576,3.6902,0.0,0.00015819409882687521
text_text_ln_lrh0.001_frozen_e5_s42,2681,5,1.0914,1.9967,0.0,0.0001578386064699609
text_text_ln_lrh0.001_frozen_e5_s42,2682,5,1.15855,2.5138,0.0,0.00015748311411304658
text_text_ln_lrh0.001_frozen_e5_s42,2683,5,1.05123,1.9772,0.0,0.00015712762175613225
text_text_ln_lrh0.001_frozen_e5_s42,2684,5,1.39256,4.4065,0.0,0.0001567721293992179
text_text_ln_lrh0.001_frozen_e5_s42,2685,5,0.73634,4.1686,0.0,0.0001564166370423036
text_text_ln_lrh0.001_frozen_e5_s42,2686,5,1.02858,1.9592,0.0,0.00015606114468538925
text_text_ln_lrh0.001_frozen_e5_s42,2687,5,0.90461,2.2917,0.0,0.00015570565232847494
text_text_ln_lrh0.001_frozen_e5_s42,2688,5,0.87595,3.1403,0.0,0.00015535015997156064
text_text_ln_lrh0.001_frozen_e5_s42,2689,5,0.88644,2.9087,0.0,0.00015499466761464628
text_text_ln_lrh0.001_frozen_e5_s42,2690,5,0.56748,3.333,0.0,0.00015463917525773197
text_text_ln_lrh0.001_frozen_e5_s42,2691,5,1.44442,4.0536,0.0,0.00015428368290081761
text_text_ln_lrh0.001_frozen_e5_s42,2692,5,0.92862,3.197,0.0,0.0001539281905439033
text_text_ln_lrh0.001_frozen_e5_s42,2693,5,0.82711,2.3826,0.0,0.000153572698186989
text_text_ln_lrh0.001_frozen_e5_s42,2694,5,1.65672,4.8531,0.0,0.00015321720583007464
text_text_ln_lrh0.001_frozen_e5_s42,2695,5,1.23046,2.4981,0.0,0.00015286171347316034
text_text_ln_lrh0.001_frozen_e5_s42,2696,5,1.26952,2.4269,0.0,0.000152506221116246
text_text_ln_lrh0.001_frozen_e5_s42,2697,5,1.34913,2.4964,0.0,0.00015215072875933167
text_text_ln_lrh0.001_frozen_e5_s42,2698,5,1.31119,5.2919,0.0,0.00015179523640241734
text_text_ln_lrh0.001_frozen_e5_s42,2699,5,1.14593,3.9609,0.0,0.00015143974404550304
text_text_ln_lrh0.001_frozen_e5_s42,2700,5,1.38017,4.4281,0.0,0.0001510842516885887
text_text_ln_lrh0.001_frozen_e5_s42,2701,5,1.15833,4.0792,0.0,0.00015072875933167437
text_text_ln_lrh0.001_frozen_e5_s42,2702,5,1.3652,4.0786,0.0,0.00015037326697476007
text_text_ln_lrh0.001_frozen_e5_s42,2703,5,1.09342,2.2476,0.0,0.0001500177746178457
text_text_ln_lrh0.001_frozen_e5_s42,2704,5,0.90891,1.9941,0.0,0.0001496622822609314
text_text_ln_lrh0.001_frozen_e5_s42,2705,5,1.15562,1.9371,0.0,0.00014930678990401704
text_text_ln_lrh0.001_frozen_e5_s42,2706,5,1.00969,2.6731,0.0,0.00014895129754710274
text_text_ln_lrh0.001_frozen_e5_s42,2707,5,1.4512,3.018,0.0,0.00014859580519018843
text_text_ln_lrh0.001_frozen_e5_s42,2708,5,1.07112,2.3616,0.0,0.00014824031283327407
text_text_ln_lrh0.001_frozen_e5_s42,2709,5,0.79352,1.9523,0.0,0.00014788482047635977
text_text_ln_lrh0.001_frozen_e5_s42,2710,5,0.73376,1.6706,0.0,0.00014752932811944544
text_text_ln_lrh0.001_frozen_e5_s42,2711,5,0.61862,2.3963,0.0,0.0001471738357625311
text_text_ln_lrh0.001_frozen_e5_s42,2712,5,1.02205,2.2286,0.0,0.00014681834340561677
text_text_ln_lrh0.001_frozen_e5_s42,2713,5,0.96492,3.6743,0.0,0.00014646285104870247
text_text_ln_lrh0.001_frozen_e5_s42,2714,5,1.2202,2.2089,0.0,0.00014610735869178813
text_text_ln_lrh0.001_frozen_e5_s42,2715,5,1.24383,1.7497,0.0,0.0001457518663348738
text_text_ln_lrh0.001_frozen_e5_s42,2716,5,1.45147,3.4319,0.0,0.0001453963739779595
text_text_ln_lrh0.001_frozen_e5_s42,2717,5,0.97182,2.4864,0.0,0.00014504088162104514
text_text_ln_lrh0.001_frozen_e5_s42,2718,5,0.67723,2.8826,0.0,0.00014468538926413083
text_text_ln_lrh0.001_frozen_e5_s42,2719,5,1.4028,3.1347,0.0,0.00014432989690721647
text_text_ln_lrh0.001_frozen_e5_s42,2720,5,1.09747,2.4094,0.0,0.00014397440455030217
text_text_ln_lrh0.001_frozen_e5_s42,2721,5,0.8464,1.8566,0.0,0.00014361891219338786
text_text_ln_lrh0.001_frozen_e5_s42,2722,5,0.97817,1.9125,0.0,0.0001432634198364735
text_text_ln_lrh0.001_frozen_e5_s42,2723,5,0.92781,2.1141,0.0,0.0001429079274795592
text_text_ln_lrh0.001_frozen_e5_s42,2724,5,1.30767,3.2488,0.0,0.00014255243512264486
text_text_ln_lrh0.001_frozen_e5_s42,2725,5,1.30841,2.2683,0.0,0.00014219694276573053
text_text_ln_lrh0.001_frozen_e5_s42,2726,5,0.95773,3.8837,0.0,0.00014184145040881623
text_text_ln_lrh0.001_frozen_e5_s42,2727,5,0.92132,2.6869,0.0,0.0001414859580519019
text_text_ln_lrh0.001_frozen_e5_s42,2728,5,0.77104,1.7439,0.0,0.00014113046569498756
text_text_ln_lrh0.001_frozen_e5_s42,2729,5,1.34789,5.1913,0.0,0.00014077497333807323
text_text_ln_lrh0.001_frozen_e5_s42,2730,5,1.45838,4.1794,0.0,0.00014041948098115893
text_text_ln_lrh0.001_frozen_e5_s42,2731,5,1.56891,2.814,0.0,0.00014006398862424457
text_text_ln_lrh0.001_frozen_e5_s42,2732,5,1.01178,2.1881,0.0,0.00013970849626733026
text_text_ln_lrh0.001_frozen_e5_s42,2733,5,1.19489,3.0722,0.0,0.00013935300391041593
text_text_ln_lrh0.001_frozen_e5_s42,2734,5,0.91071,3.5198,0.0,0.0001389975115535016
text_text_ln_lrh0.001_frozen_e5_s42,2735,5,0.86539,3.2978,0.0,0.0001386420191965873
text_text_ln_lrh0.001_frozen_e5_s42,2736,5,1.14102,2.9076,0.0,0.00013828652683967293
text_text_ln_lrh0.001_frozen_e5_s42,2737,5,1.11351,2.841,0.0,0.00013793103448275863
text_text_ln_lrh0.001_frozen_e5_s42,2738,5,0.94451,2.8031,0.0,0.0001375755421258443
text_text_ln_lrh0.001_frozen_e5_s42,2739,5,1.14414,2.4125,0.0,0.00013722004976892996
text_text_ln_lrh0.001_frozen_e5_s42,2740,5,1.03735,2.0616,0.0,0.00013686455741201566
text_text_ln_lrh0.001_frozen_e5_s42,2741,5,1.06325,3.9179,0.0,0.00013650906505510132
text_text_ln_lrh0.001_frozen_e5_s42,2742,5,0.9441,2.9576,0.0,0.000136153572698187
text_text_ln_lrh0.001_frozen_e5_s42,2743,5,1.28475,4.3824,0.0,0.00013579808034127266
text_text_ln_lrh0.001_frozen_e5_s42,2744,5,1.39353,3.3935,0.0,0.00013544258798435835
text_text_ln_lrh0.001_frozen_e5_s42,2745,5,0.77541,2.8239,0.0,0.000135087095627444
text_text_ln_lrh0.001_frozen_e5_s42,2746,5,1.11381,2.4278,0.0,0.0001347316032705297
text_text_ln_lrh0.001_frozen_e5_s42,2747,5,1.06301,2.3633,0.0,0.00013437611091361538
text_text_ln_lrh0.001_frozen_e5_s42,2748,5,0.75737,1.6562,0.0,0.00013402061855670103
text_text_ln_lrh0.001_frozen_e5_s42,2749,5,1.01868,2.4211,0.0,0.00013366512619978672
text_text_ln_lrh0.001_frozen_e5_s42,2750,5,0.8006,1.8827,0.0,0.00013330963384287236
text_text_ln_lrh0.001_frozen_e5_s42,2751,5,1.22246,2.3681,0.0,0.00013295414148595806
text_text_ln_lrh0.001_frozen_e5_s42,2752,5,1.11578,3.567,0.0,0.00013259864912904372
text_text_ln_lrh0.001_frozen_e5_s42,2753,5,0.87777,3.0614,0.0,0.0001322431567721294
text_text_ln_lrh0.001_frozen_e5_s42,2754,5,1.17774,2.1136,0.0,0.00013188766441521509
text_text_ln_lrh0.001_frozen_e5_s42,2755,5,1.41163,3.0365,0.0,0.00013153217205830075
text_text_ln_lrh0.001_frozen_e5_s42,2756,5,1.11945,2.6452,0.0,0.00013117667970138642
text_text_ln_lrh0.001_frozen_e5_s42,2757,5,1.31156,2.346,0.0,0.0001308211873444721
text_text_ln_lrh0.001_frozen_e5_s42,2758,5,0.86767,3.1189,0.0,0.00013046569498755778
text_text_ln_lrh0.001_frozen_e5_s42,2759,5,0.96771,3.6877,0.0,0.00013011020263064342
text_text_ln_lrh0.001_frozen_e5_s42,2760,5,0.64089,2.4801,0.0,0.00012975471027372912
text_text_ln_lrh0.001_frozen_e5_s42,2761,5,0.98619,2.6809,0.0,0.00012939921791681481
text_text_ln_lrh0.001_frozen_e5_s42,2762,5,1.32509,3.4915,0.0,0.00012904372555990045
text_text_ln_lrh0.001_frozen_e5_s42,2763,5,1.16358,3.0354,0.0,0.00012868823320298615
text_text_ln_lrh0.001_frozen_e5_s42,2764,5,0.99947,2.0498,0.0,0.0001283327408460718
text_text_ln_lrh0.001_frozen_e5_s42,2765,5,1.16567,2.826,0.0,0.00012797724848915748
text_text_ln_lrh0.001_frozen_e5_s42,2766,5,1.02711,2.6217,0.0,0.00012762175613224318
text_text_ln_lrh0.001_frozen_e5_s42,2767,5,0.91967,2.6158,0.0,0.00012726626377532882
text_text_ln_lrh0.001_frozen_e5_s42,2768,5,1.50394,3.0604,0.0,0.00012691077141841451
text_text_ln_lrh0.001_frozen_e5_s42,2769,5,1.11299,3.3456,0.0,0.00012655527906150018
text_text_ln_lrh0.001_frozen_e5_s42,2770,5,1.60394,3.359,0.0,0.00012619978670458585
text_text_ln_lrh0.001_frozen_e5_s42,2771,5,0.74367,2.813,0.0,0.00012584429434767152
text_text_ln_lrh0.001_frozen_e5_s42,2772,5,1.10916,3.8033,0.0,0.0001254888019907572
text_text_ln_lrh0.001_frozen_e5_s42,2773,5,0.74476,2.7244,0.0,0.00012513330963384288
text_text_ln_lrh0.001_frozen_e5_s42,2774,5,0.64879,3.0964,0.0,0.00012477781727692855
text_text_ln_lrh0.001_frozen_e5_s42,2775,5,1.46178,4.5312,0.0,0.00012442232492001422
text_text_ln_lrh0.001_frozen_e5_s42,2776,5,0.58071,2.3756,0.0,0.00012406683256309988
text_text_ln_lrh0.001_frozen_e5_s42,2777,5,1.11521,1.8623,0.0,0.00012371134020618558
text_text_ln_lrh0.001_frozen_e5_s42,2778,5,0.47928,2.9875,0.0,0.00012335584784927125
text_text_ln_lrh0.001_frozen_e5_s42,2779,5,1.44959,3.0145,0.0,0.00012300035549235691
text_text_ln_lrh0.001_frozen_e5_s42,2780,5,1.22777,2.3852,0.0,0.0001226448631354426
text_text_ln_lrh0.001_frozen_e5_s42,2781,5,1.21987,3.7734,0.0,0.00012228937077852828
text_text_ln_lrh0.001_frozen_e5_s42,2782,5,0.843,1.604,0.0,0.00012193387842161393
text_text_ln_lrh0.001_frozen_e5_s42,2783,5,0.85192,3.399,0.0,0.00012157838606469961
text_text_ln_lrh0.001_frozen_e5_s42,2784,5,1.0861,3.778,0.0,0.00012122289370778529
text_text_ln_lrh0.001_frozen_e5_s42,2785,5,1.46692,3.0717,0.0,0.00012086740135087096
text_text_ln_lrh0.001_frozen_e5_s42,2786,5,0.99688,2.5107,0.0,0.00012051190899395663
text_text_ln_lrh0.001_frozen_e5_s42,2787,5,0.86277,2.2568,0.0,0.00012015641663704231
text_text_ln_lrh0.001_frozen_e5_s42,2788,5,0.93325,2.6033,0.0,0.00011980092428012798
text_text_ln_lrh0.001_frozen_e5_s42,2789,5,1.29518,3.0765,0.0,0.00011944543192321365
text_text_ln_lrh0.001_frozen_e5_s42,2790,5,1.0067,2.7914,0.0,0.00011908993956629933
text_text_ln_lrh0.001_frozen_e5_s42,2791,5,1.07285,2.4619,0.0,0.00011873444720938501
text_text_ln_lrh0.001_frozen_e5_s42,2792,5,1.15734,2.1492,0.0,0.00011837895485247068
text_text_ln_lrh0.001_frozen_e5_s42,2793,5,1.10066,1.6498,0.0,0.00011802346249555634
text_text_ln_lrh0.001_frozen_e5_s42,2794,5,1.11629,2.9216,0.0,0.00011766797013864202
text_text_ln_lrh0.001_frozen_e5_s42,2795,5,1.13677,2.7589,0.0,0.00011731247778172769
text_text_ln_lrh0.001_frozen_e5_s42,2796,5,0.89142,3.0331,0.0,0.00011695698542481337
text_text_ln_lrh0.001_frozen_e5_s42,2797,5,0.82573,2.7092,0.0,0.00011660149306789904
text_text_ln_lrh0.001_frozen_e5_s42,2798,5,1.09653,2.8809,0.0,0.00011624600071098472
text_text_ln_lrh0.001_frozen_e5_s42,2799,5,1.0707,2.4695,0.0,0.00011589050835407039
text_text_ln_lrh0.001_frozen_e5_s42,2800,5,0.93655,2.0825,0.0,0.00011553501599715606
text_text_ln_lrh0.001_frozen_e5_s42,2801,5,1.15266,3.912,0.0,0.00011517952364024174
text_text_ln_lrh0.001_frozen_e5_s42,2802,5,1.09217,3.1921,0.0,0.0001148240312833274
text_text_ln_lrh0.001_frozen_e5_s42,2803,5,0.89503,2.8603,0.0,0.00011446853892641309
text_text_ln_lrh0.001_frozen_e5_s42,2804,5,1.30892,2.2569,0.0,0.00011411304656949876
text_text_ln_lrh0.001_frozen_e5_s42,2805,5,1.16608,2.3696,0.0,0.00011375755421258444
text_text_ln_lrh0.001_frozen_e5_s42,2806,5,1.39541,2.6206,0.0,0.0001134020618556701
text_text_ln_lrh0.001_frozen_e5_s42,2807,5,0.89368,2.5722,0.0,0.00011304656949875577
text_text_ln_lrh0.001_frozen_e5_s42,2808,5,1.09269,2.8424,0.0,0.00011269107714184145
text_text_ln_lrh0.001_frozen_e5_s42,2809,5,0.81817,3.1517,0.0,0.00011233558478492712
text_text_ln_lrh0.001_frozen_e5_s42,2810,5,1.32218,3.104,0.0,0.0001119800924280128
text_text_ln_lrh0.001_frozen_e5_s42,2811,5,0.8892,1.6604,0.0,0.00011162460007109847
text_text_ln_lrh0.001_frozen_e5_s42,2812,5,1.09059,2.9994,0.0,0.00011126910771418415
text_text_ln_lrh0.001_frozen_e5_s42,2813,5,0.83161,2.9492,0.0,0.00011091361535726982
text_text_ln_lrh0.001_frozen_e5_s42,2814,5,1.60152,3.8918,0.0,0.00011055812300035549
text_text_ln_lrh0.001_frozen_e5_s42,2815,5,1.56305,4.8144,0.0,0.00011020263064344117
text_text_ln_lrh0.001_frozen_e5_s42,2816,5,0.81679,2.7515,0.0,0.00010984713828652685
text_text_ln_lrh0.001_frozen_e5_s42,2817,5,1.16538,3.4313,0.0,0.00010949164592961252
text_text_ln_lrh0.001_frozen_e5_s42,2818,5,0.83996,1.8871,0.0,0.00010913615357269818
text_text_ln_lrh0.001_frozen_e5_s42,2819,5,0.67546,2.21,0.0,0.00010878066121578387
text_text_ln_lrh0.001_frozen_e5_s42,2820,5,1.30991,3.033,0.0,0.00010842516885886953
text_text_ln_lrh0.001_frozen_e5_s42,2821,5,1.06664,2.1725,0.0,0.0001080696765019552
text_text_ln_lrh0.001_frozen_e5_s42,2822,5,1.3326,3.2047,0.0,0.00010771418414504088
text_text_ln_lrh0.001_frozen_e5_s42,2823,5,1.01663,2.2376,0.0,0.00010735869178812656
text_text_ln_lrh0.001_frozen_e5_s42,2824,5,1.41548,3.1707,0.0,0.00010700319943121223
text_text_ln_lrh0.001_frozen_e5_s42,2825,5,1.22578,3.692,0.0,0.00010664770707429791
text_text_ln_lrh0.001_frozen_e5_s42,2826,5,1.25955,2.8196,0.0,0.00010629221471738358
text_text_ln_lrh0.001_frozen_e5_s42,2827,5,1.08348,1.7724,0.0,0.00010593672236046925
text_text_ln_lrh0.001_frozen_e5_s42,2828,5,1.03631,2.402,0.0,0.00010558123000355492
text_text_ln_lrh0.001_frozen_e5_s42,2829,5,1.06008,2.4679,0.0,0.0001052257376466406
text_text_ln_lrh0.001_frozen_e5_s42,2830,5,1.34909,2.952,0.0,0.00010487024528972628
text_text_ln_lrh0.001_frozen_e5_s42,2831,5,0.98358,3.0087,0.0,0.00010451475293281195
text_text_ln_lrh0.001_frozen_e5_s42,2832,5,1.29787,3.3797,0.0,0.00010415926057589763
text_text_ln_lrh0.001_frozen_e5_s42,2833,5,1.02572,2.4064,0.0,0.0001038037682189833
text_text_ln_lrh0.001_frozen_e5_s42,2834,5,1.017,2.4397,0.0,0.00010344827586206896
text_text_ln_lrh0.001_frozen_e5_s42,2835,5,0.67767,2.6268,0.0,0.00010309278350515463
text_text_ln_lrh0.001_frozen_e5_s42,2836,5,1.05539,2.7874,0.0,0.00010273729114824033
text_text_ln_lrh0.001_frozen_e5_s42,2837,5,1.04546,2.1063,0.0,0.00010238179879132599
text_text_ln_lrh0.001_frozen_e5_s42,2838,5,0.8859,3.154,0.0,0.00010202630643441166
text_text_ln_lrh0.001_frozen_e5_s42,2839,5,1.43761,3.9785,0.0,0.00010167081407749734
text_text_ln_lrh0.001_frozen_e5_s42,2840,5,1.08374,2.922,0.0,0.00010131532172058301
text_text_ln_lrh0.001_frozen_e5_s42,2841,5,1.1135,2.4205,0.0,0.00010095982936366868
text_text_ln_lrh0.001_frozen_e5_s42,2842,5,0.70004,3.465,0.0,0.00010060433700675435
text_text_ln_lrh0.001_frozen_e5_s42,2843,5,1.15762,2.2653,0.0,0.00010024884464984004
text_text_ln_lrh0.001_frozen_e5_s42,2844,5,1.65502,2.7868,0.0,9.989335229292571e-05
text_text_ln_lrh0.001_frozen_e5_s42,2845,5,1.55965,2.6818,0.0,9.953785993601138e-05
text_text_ln_lrh0.001_frozen_e5_s42,2846,5,0.71499,2.2903,0.0,9.918236757909706e-05
text_text_ln_lrh0.001_frozen_e5_s42,2847,5,0.85611,3.3924,0.0,9.882687522218272e-05
text_text_ln_lrh0.001_frozen_e5_s42,2848,5,0.61745,2.9755,0.0,9.847138286526839e-05
text_text_ln_lrh0.001_frozen_e5_s42,2849,5,0.67853,3.4525,0.0,9.811589050835406e-05
text_text_ln_lrh0.001_frozen_e5_s42,2850,5,1.04682,2.4675,0.0,9.776039815143975e-05
text_text_ln_lrh0.001_frozen_e5_s42,2851,5,1.30188,4.6903,0.0,9.740490579452542e-05
text_text_ln_lrh0.001_frozen_e5_s42,2852,5,1.67392,3.5093,0.0,9.704941343761109e-05
text_text_ln_lrh0.001_frozen_e5_s42,2853,5,1.07281,2.8595,0.0,9.669392108069677e-05
text_text_ln_lrh0.001_frozen_e5_s42,2854,5,1.22455,3.1739,0.0,9.633842872378244e-05
text_text_ln_lrh0.001_frozen_e5_s42,2855,5,1.003,3.141,0.0,9.598293636686811e-05
text_text_ln_lrh0.001_frozen_e5_s42,2856,5,1.44734,3.3328,0.0,9.562744400995379e-05
text_text_ln_lrh0.001_frozen_e5_s42,2857,5,1.20937,2.1137,0.0,9.527195165303947e-05
text_text_ln_lrh0.001_frozen_e5_s42,2858,5,1.27515,2.8354,0.0,9.491645929612514e-05
text_text_ln_lrh0.001_frozen_e5_s42,2859,5,1.25216,2.3396,0.0,9.45609669392108e-05
text_text_ln_lrh0.001_frozen_e5_s42,2860,5,1.25127,2.2999,0.0,9.420547458229649e-05
text_text_ln_lrh0.001_frozen_e5_s42,2861,5,1.21592,3.4438,0.0,9.384998222538215e-05
text_text_ln_lrh0.001_frozen_e5_s42,2862,5,1.08358,2.011,0.0,9.349448986846782e-05
text_text_ln_lrh0.001_frozen_e5_s42,2863,5,1.2531,3.6498,0.0,9.31389975115535e-05
text_text_ln_lrh0.001_frozen_e5_s42,2864,5,1.24007,3.126,0.0,9.278350515463918e-05
text_text_ln_lrh0.001_frozen_e5_s42,2865,5,0.78962,3.4335,0.0,9.242801279772485e-05
text_text_ln_lrh0.001_frozen_e5_s42,2866,5,0.89346,1.553,0.0,9.207252044081052e-05
text_text_ln_lrh0.001_frozen_e5_s42,2867,5,0.7961,2.3884,0.0,9.17170280838962e-05
text_text_ln_lrh0.001_frozen_e5_s42,2868,5,1.52772,2.7052,0.0,9.136153572698187e-05
text_text_ln_lrh0.001_frozen_e5_s42,2869,5,0.7702,2.7111,0.0,9.100604337006754e-05
text_text_ln_lrh0.001_frozen_e5_s42,2870,5,0.84113,2.05,0.0,9.065055101315322e-05
text_text_ln_lrh0.001_frozen_e5_s42,2871,5,0.76523,3.0247,0.0,9.02950586562389e-05
text_text_ln_lrh0.001_frozen_e5_s42,2872,5,1.46274,4.6109,0.0,8.993956629932457e-05
text_text_ln_lrh0.001_frozen_e5_s42,2873,5,1.12185,3.8513,0.0,8.958407394241023e-05
text_text_ln_lrh0.001_frozen_e5_s42,2874,5,1.32129,4.6189,0.0,8.922858158549592e-05
text_text_ln_lrh0.001_frozen_e5_s42,2875,5,0.93384,3.9275,0.0,8.887308922858158e-05
text_text_ln_lrh0.001_frozen_e5_s42,2876,5,0.78284,4.6426,0.0,8.851759687166726e-05
text_text_ln_lrh0.001_frozen_e5_s42,2877,5,1.84914,4.7723,0.0,8.816210451475295e-05
text_text_ln_lrh0.001_frozen_e5_s42,2878,5,0.81917,2.6148,0.0,8.780661215783861e-05
text_text_ln_lrh0.001_frozen_e5_s42,2879,5,0.9322,3.3513,0.0,8.745111980092428e-05
text_text_ln_lrh0.001_frozen_e5_s42,2880,5,1.35796,2.2245,0.0,8.709562744400995e-05
text_text_ln_lrh0.001_frozen_e5_s42,2881,5,1.01694,3.5784,0.0,8.674013508709563e-05
text_text_ln_lrh0.001_frozen_e5_s42,2882,5,0.70648,2.6193,0.0,8.63846427301813e-05
text_text_ln_lrh0.001_frozen_e5_s42,2883,5,0.82276,2.9875,0.0,8.602915037326698e-05
text_text_ln_lrh0.001_frozen_e5_s42,2884,5,1.50896,2.9385,0.0,8.567365801635266e-05
text_text_ln_lrh0.001_frozen_e5_s42,2885,5,0.66495,1.919,0.0,8.531816565943833e-05
text_text_ln_lrh0.001_frozen_e5_s42,2886,5,1.19043,2.3415,0.0,8.4962673302524e-05
text_text_ln_lrh0.001_frozen_e5_s42,2887,5,0.59045,2.2382,0.0,8.460718094560966e-05
text_text_ln_lrh0.001_frozen_e5_s42,2888,5,0.9648,3.0311,0.0,8.425168858869534e-05
text_text_ln_lrh0.001_frozen_e5_s42,2889,5,1.27197,3.2688,0.0,8.389619623178103e-05
text_text_ln_lrh0.001_frozen_e5_s42,2890,5,0.80946,1.9025,0.0,8.35407038748667e-05
text_text_ln_lrh0.001_frozen_e5_s42,2891,5,1.78739,5.4835,0.0,8.318521151795237e-05
text_text_ln_lrh0.001_frozen_e5_s42,2892,5,1.03661,2.5057,0.0,8.282971916103804e-05
text_text_ln_lrh0.001_frozen_e5_s42,2893,5,1.49055,4.0801,0.0,8.247422680412371e-05
text_text_ln_lrh0.001_frozen_e5_s42,2894,5,1.3882,3.013,0.0,8.211873444720938e-05
text_text_ln_lrh0.001_frozen_e5_s42,2895,5,1.71709,5.1374,0.0,8.176324209029506e-05
text_text_ln_lrh0.001_frozen_e5_s42,2896,5,0.85108,1.6313,0.0,8.140774973338074e-05
text_text_ln_lrh0.001_frozen_e5_s42,2897,5,0.92136,2.9166,0.0,8.105225737646641e-05
text_text_ln_lrh0.001_frozen_e5_s42,2898,5,1.20231,3.2961,0.0,8.069676501955209e-05
text_text_ln_lrh0.001_frozen_e5_s42,2899,5,1.15658,3.1208,0.0,8.034127266263776e-05
text_text_ln_lrh0.001_frozen_e5_s42,2900,5,0.99683,2.9215,0.0,7.998578030572342e-05
text_text_ln_lrh0.001_frozen_e5_s42,2901,5,1.14147,3.8373,0.0,7.963028794880909e-05
text_text_ln_lrh0.001_frozen_e5_s42,2902,5,1.29053,4.1955,0.0,7.927479559189477e-05
text_text_ln_lrh0.001_frozen_e5_s42,2903,5,1.00766,2.5921,0.0,7.891930323498045e-05
text_text_ln_lrh0.001_frozen_e5_s42,2904,5,0.68964,2.1978,0.0,7.856381087806612e-05
text_text_ln_lrh0.001_frozen_e5_s42,2905,5,1.0715,3.3459,0.0,7.82083185211518e-05
text_text_ln_lrh0.001_frozen_e5_s42,2906,5,1.36179,3.2726,0.0,7.785282616423747e-05
text_text_ln_lrh0.001_frozen_e5_s42,2907,5,1.50177,4.9135,0.0,7.749733380732314e-05
text_text_ln_lrh0.001_frozen_e5_s42,2908,5,1.45057,4.7929,0.0,7.714184145040881e-05
text_text_ln_lrh0.001_frozen_e5_s42,2909,5,1.09653,3.3223,0.0,7.67863490934945e-05
text_text_ln_lrh0.001_frozen_e5_s42,2910,5,1.11169,2.9468,0.0,7.643085673658017e-05
text_text_ln_lrh0.001_frozen_e5_s42,2911,5,1.08535,2.6671,0.0,7.607536437966584e-05
text_text_ln_lrh0.001_frozen_e5_s42,2912,5,1.30967,2.9236,0.0,7.571987202275152e-05
text_text_ln_lrh0.001_frozen_e5_s42,2913,5,1.22238,3.8141,0.0,7.536437966583719e-05
text_text_ln_lrh0.001_frozen_e5_s42,2914,5,1.06357,2.8168,0.0,7.500888730892285e-05
text_text_ln_lrh0.001_frozen_e5_s42,2915,5,1.21961,4.3064,0.0,7.465339495200852e-05
text_text_ln_lrh0.001_frozen_e5_s42,2916,5,1.09491,2.9594,0.0,7.429790259509422e-05
text_text_ln_lrh0.001_frozen_e5_s42,2917,5,1.04727,2.0554,0.0,7.394241023817988e-05
text_text_ln_lrh0.001_frozen_e5_s42,2918,5,1.20459,3.4944,0.0,7.358691788126555e-05
text_text_ln_lrh0.001_frozen_e5_s42,2919,5,1.12451,3.2543,0.0,7.323142552435123e-05
text_text_ln_lrh0.001_frozen_e5_s42,2920,5,1.10681,2.3671,0.0,7.28759331674369e-05
text_text_ln_lrh0.001_frozen_e5_s42,2921,5,1.07085,3.2711,0.0,7.252044081052257e-05
text_text_ln_lrh0.001_frozen_e5_s42,2922,5,1.05412,2.3038,0.0,7.216494845360824e-05
text_text_ln_lrh0.001_frozen_e5_s42,2923,5,1.28501,2.8838,0.0,7.180945609669393e-05
text_text_ln_lrh0.001_frozen_e5_s42,2924,5,1.42264,2.4993,0.0,7.14539637397796e-05
text_text_ln_lrh0.001_frozen_e5_s42,2925,5,0.88357,3.102,0.0,7.109847138286527e-05
text_text_ln_lrh0.001_frozen_e5_s42,2926,5,0.96177,3.439,0.0,7.074297902595095e-05
text_text_ln_lrh0.001_frozen_e5_s42,2927,5,0.99161,1.933,0.0,7.038748666903662e-05
text_text_ln_lrh0.001_frozen_e5_s42,2928,5,1.0088,2.0273,0.0,7.003199431212228e-05
text_text_ln_lrh0.001_frozen_e5_s42,2929,5,1.65628,2.7379,0.0,6.967650195520796e-05
text_text_ln_lrh0.001_frozen_e5_s42,2930,5,0.71532,2.3727,0.0,6.932100959829365e-05
text_text_ln_lrh0.001_frozen_e5_s42,2931,5,1.0437,2.2163,0.0,6.896551724137931e-05
text_text_ln_lrh0.001_frozen_e5_s42,2932,5,1.34747,1.8405,0.0,6.861002488446498e-05
text_text_ln_lrh0.001_frozen_e5_s42,2933,5,0.90663,2.6505,0.0,6.825453252755066e-05
text_text_ln_lrh0.001_frozen_e5_s42,2934,5,1.07203,2.6439,0.0,6.789904017063633e-05
text_text_ln_lrh0.001_frozen_e5_s42,2935,5,0.7565,2.4394,0.0,6.7543547813722e-05
text_text_ln_lrh0.001_frozen_e5_s42,2936,5,1.07877,2.4327,0.0,6.718805545680769e-05
text_text_ln_lrh0.001_frozen_e5_s42,2937,5,0.98757,1.9395,0.0,6.683256309989336e-05
text_text_ln_lrh0.001_frozen_e5_s42,2938,5,0.98733,1.7217,0.0,6.647707074297903e-05
text_text_ln_lrh0.001_frozen_e5_s42,2939,5,0.97891,3.4624,0.0,6.61215783860647e-05
text_text_ln_lrh0.001_frozen_e5_s42,2940,5,1.03177,1.827,0.0,6.576608602915038e-05
text_text_ln_lrh0.001_frozen_e5_s42,2941,5,0.94161,3.0966,0.0,6.541059367223604e-05
text_text_ln_lrh0.001_frozen_e5_s42,2942,5,0.91122,3.4121,0.0,6.505510131532171e-05
text_text_ln_lrh0.001_frozen_e5_s42,2943,5,0.91169,2.1208,0.0,6.469960895840741e-05
text_text_ln_lrh0.001_frozen_e5_s42,2944,5,1.21739,3.6399,0.0,6.434411660149307e-05
text_text_ln_lrh0.001_frozen_e5_s42,2945,5,0.97057,2.8781,0.0,6.398862424457874e-05
text_text_ln_lrh0.001_frozen_e5_s42,2946,5,1.19016,3.1667,0.0,6.363313188766441e-05
text_text_ln_lrh0.001_frozen_e5_s42,2947,5,1.21112,3.9661,0.0,6.327763953075009e-05
text_text_ln_lrh0.001_frozen_e5_s42,2948,5,1.2371,3.3816,0.0,6.292214717383576e-05
text_text_ln_lrh0.001_frozen_e5_s42,2949,5,1.38846,3.5891,0.0,6.256665481692144e-05
text_text_ln_lrh0.001_frozen_e5_s42,2950,5,0.95773,2.0625,0.0,6.221116246000711e-05
text_text_ln_lrh0.001_frozen_e5_s42,2951,5,1.38234,2.1694,0.0,6.185567010309279e-05
text_text_ln_lrh0.001_frozen_e5_s42,2952,5,0.84281,2.6577,0.0,6.150017774617846e-05
text_text_ln_lrh0.001_frozen_e5_s42,2953,5,1.12624,1.9226,0.0,6.114468538926414e-05
text_text_ln_lrh0.001_frozen_e5_s42,2954,5,1.09402,3.0444,0.0,6.0789193032349806e-05
text_text_ln_lrh0.001_frozen_e5_s42,2955,5,1.128,2.7922,0.0,6.043370067543548e-05
text_text_ln_lrh0.001_frozen_e5_s42,2956,5,0.48465,2.9068,0.0,6.0078208318521155e-05
text_text_ln_lrh0.001_frozen_e5_s42,2957,5,1.24139,6.0287,0.0,5.972271596160682e-05
text_text_ln_lrh0.001_frozen_e5_s42,2958,5,1.19681,4.7337,0.0,5.9367223604692504e-05
text_text_ln_lrh0.001_frozen_e5_s42,2959,5,1.18219,4.1462,0.0,5.901173124777817e-05
text_text_ln_lrh0.001_frozen_e5_s42,2960,5,1.14305,3.2272,0.0,5.8656238890863846e-05
text_text_ln_lrh0.001_frozen_e5_s42,2961,5,1.23957,2.9487,0.0,5.830074653394952e-05
text_text_ln_lrh0.001_frozen_e5_s42,2962,5,1.03957,1.6984,0.0,5.7945254177035195e-05
text_text_ln_lrh0.001_frozen_e5_s42,2963,5,0.92546,2.4598,0.0,5.758976182012087e-05
text_text_ln_lrh0.001_frozen_e5_s42,2964,5,0.98248,1.6677,0.0,5.7234269463206544e-05
text_text_ln_lrh0.001_frozen_e5_s42,2965,5,0.86193,3.0757,0.0,5.687877710629222e-05
text_text_ln_lrh0.001_frozen_e5_s42,2966,5,1.12146,2.4546,0.0,5.6523284749377886e-05
text_text_ln_lrh0.001_frozen_e5_s42,2967,5,1.08541,2.1364,0.0,5.616779239246356e-05
text_text_ln_lrh0.001_frozen_e5_s42,2968,5,0.76588,2.1642,0.0,5.5812300035549235e-05
text_text_ln_lrh0.001_frozen_e5_s42,2969,5,1.56828,3.3498,0.0,5.545680767863491e-05
text_text_ln_lrh0.001_frozen_e5_s42,2970,5,1.3507,2.6972,0.0,5.5101315321720584e-05
text_text_ln_lrh0.001_frozen_e5_s42,2971,5,1.15126,2.1408,0.0,5.474582296480626e-05
text_text_ln_lrh0.001_frozen_e5_s42,2972,5,0.98861,2.7161,0.0,5.439033060789193e-05
text_text_ln_lrh0.001_frozen_e5_s42,2973,5,1.02815,4.0945,0.0,5.40348382509776e-05
text_text_ln_lrh0.001_frozen_e5_s42,2974,5,1.39257,5.3863,0.0,5.367934589406328e-05
text_text_ln_lrh0.001_frozen_e5_s42,2975,5,1.43387,4.24,0.0,5.3323853537148956e-05
text_text_ln_lrh0.001_frozen_e5_s42,2976,5,1.65103,3.3766,0.0,5.2968361180234624e-05
text_text_ln_lrh0.001_frozen_e5_s42,2977,5,1.13038,3.01,0.0,5.26128688233203e-05
text_text_ln_lrh0.001_frozen_e5_s42,2978,5,1.18342,2.9717,0.0,5.225737646640597e-05
text_text_ln_lrh0.001_frozen_e5_s42,2979,5,1.32318,3.5751,0.0,5.190188410949165e-05
text_text_ln_lrh0.001_frozen_e5_s42,2980,5,1.24271,1.9523,0.0,5.1546391752577315e-05
text_text_ln_lrh0.001_frozen_e5_s42,2981,5,1.19792,2.779,0.0,5.1190899395662997e-05
text_text_ln_lrh0.001_frozen_e5_s42,2982,5,1.17585,2.8342,0.0,5.083540703874867e-05
text_text_ln_lrh0.001_frozen_e5_s42,2983,5,1.06575,2.8395,0.0,5.047991468183434e-05
text_text_ln_lrh0.001_frozen_e5_s42,2984,5,1.11906,3.5665,0.0,5.012442232492002e-05
text_text_ln_lrh0.001_frozen_e5_s42,2985,5,1.16181,2.6509,0.0,4.976892996800569e-05
text_text_ln_lrh0.001_frozen_e5_s42,2986,5,0.8134,2.0239,0.0,4.941343761109136e-05
text_text_ln_lrh0.001_frozen_e5_s42,2987,5,1.14761,3.1165,0.0,4.905794525417703e-05
text_text_ln_lrh0.001_frozen_e5_s42,2988,5,1.30972,2.1691,0.0,4.870245289726271e-05
text_text_ln_lrh0.001_frozen_e5_s42,2989,5,1.24874,3.6269,0.0,4.8346960540348386e-05
text_text_ln_lrh0.001_frozen_e5_s42,2990,5,0.8884,2.6167,0.0,4.7991468183434053e-05
text_text_ln_lrh0.001_frozen_e5_s42,2991,5,0.95102,1.6582,0.0,4.7635975826519735e-05
text_text_ln_lrh0.001_frozen_e5_s42,2992,5,1.40198,3.7536,0.0,4.72804834696054e-05
text_text_ln_lrh0.001_frozen_e5_s42,2993,5,0.92854,2.6854,0.0,4.692499111269108e-05
text_text_ln_lrh0.001_frozen_e5_s42,2994,5,1.28605,3.4602,0.0,4.656949875577675e-05
text_text_ln_lrh0.001_frozen_e5_s42,2995,5,1.16016,3.0875,0.0,4.6214006398862426e-05
text_text_ln_lrh0.001_frozen_e5_s42,2996,5,1.23483,2.5786,0.0,4.58585140419481e-05
text_text_ln_lrh0.001_frozen_e5_s42,2997,5,1.09495,2.5298,0.0,4.550302168503377e-05
text_text_ln_lrh0.001_frozen_e5_s42,2998,5,1.09578,2.5444,0.0,4.514752932811945e-05
text_text_ln_lrh0.001_frozen_e5_s42,2999,5,0.8107,4.1051,0.0,4.479203697120512e-05
text_text_ln_lrh0.001_frozen_e5_s42,3000,5,1.28609,1.8619,0.0,4.443654461429079e-05
text_text_ln_lrh0.001_frozen_e5_s42,3001,5,1.30086,3.55,0.0,4.408105225737647e-05
text_text_ln_lrh0.001_frozen_e5_s42,3002,5,1.01697,3.6775,0.0,4.372555990046214e-05
text_text_ln_lrh0.001_frozen_e5_s42,3003,5,0.77335,3.06,0.0,4.3370067543547815e-05
text_text_ln_lrh0.001_frozen_e5_s42,3004,5,1.05006,2.7997,0.0,4.301457518663349e-05
text_text_ln_lrh0.001_frozen_e5_s42,3005,5,1.26367,3.2644,0.0,4.2659082829719164e-05
text_text_ln_lrh0.001_frozen_e5_s42,3006,5,0.92055,2.3872,0.0,4.230359047280483e-05
text_text_ln_lrh0.001_frozen_e5_s42,3007,5,1.35013,3.0749,0.0,4.194809811589051e-05
text_text_ln_lrh0.001_frozen_e5_s42,3008,5,1.35025,2.2354,0.0,4.159260575897619e-05
text_text_ln_lrh0.001_frozen_e5_s42,3009,5,1.08486,2.4098,0.0,4.1237113402061855e-05
text_text_ln_lrh0.001_frozen_e5_s42,3010,5,0.94806,3.3209,0.0,4.088162104514753e-05
text_text_ln_lrh0.001_frozen_e5_s42,3011,5,1.54328,4.157,0.0,4.0526128688233204e-05
text_text_ln_lrh0.001_frozen_e5_s42,3012,5,1.12708,2.7873,0.0,4.017063633131888e-05
text_text_ln_lrh0.001_frozen_e5_s42,3013,5,1.20852,2.751,0.0,3.9815143974404546e-05
text_text_ln_lrh0.001_frozen_e5_s42,3014,5,1.12295,3.3365,0.0,3.945965161749023e-05
text_text_ln_lrh0.001_frozen_e5_s42,3015,5,0.84954,3.1051,0.0,3.91041592605759e-05
text_text_ln_lrh0.001_frozen_e5_s42,3016,5,1.03889,2.8777,0.0,3.874866690366157e-05
text_text_ln_lrh0.001_frozen_e5_s42,3017,5,1.11705,3.3777,0.0,3.839317454674725e-05
text_text_ln_lrh0.001_frozen_e5_s42,3018,5,0.895,2.0822,0.0,3.803768218983292e-05
text_text_ln_lrh0.001_frozen_e5_s42,3019,5,0.73461,2.3459,0.0,3.768218983291859e-05
text_text_ln_lrh0.001_frozen_e5_s42,3020,5,1.13039,1.9142,0.0,3.732669747600426e-05
text_text_ln_lrh0.001_frozen_e5_s42,3021,5,0.98853,1.963,0.0,3.697120511908994e-05
text_text_ln_lrh0.001_frozen_e5_s42,3022,5,1.01162,1.768,0.0,3.6615712762175616e-05
text_text_ln_lrh0.001_frozen_e5_s42,3023,5,1.01493,3.1764,0.0,3.6260220405261284e-05
text_text_ln_lrh0.001_frozen_e5_s42,3024,5,1.49458,4.3629,0.0,3.5904728048346965e-05
text_text_ln_lrh0.001_frozen_e5_s42,3025,5,1.54083,2.2019,0.0,3.554923569143263e-05
text_text_ln_lrh0.001_frozen_e5_s42,3026,5,0.87301,2.7211,0.0,3.519374333451831e-05
text_text_ln_lrh0.001_frozen_e5_s42,3027,5,1.04392,3.3137,0.0,3.483825097760398e-05
text_text_ln_lrh0.001_frozen_e5_s42,3028,5,1.4148,3.8073,0.0,3.4482758620689657e-05
text_text_ln_lrh0.001_frozen_e5_s42,3029,5,0.87872,2.2633,0.0,3.412726626377533e-05
text_text_ln_lrh0.001_frozen_e5_s42,3030,5,1.38437,4.4258,0.0,3.3771773906861e-05
text_text_ln_lrh0.001_frozen_e5_s42,3031,5,0.99017,3.9057,0.0,3.341628154994668e-05
text_text_ln_lrh0.001_frozen_e5_s42,3032,5,1.34519,3.6911,0.0,3.306078919303235e-05
text_text_ln_lrh0.001_frozen_e5_s42,3033,5,1.29985,3.8461,0.0,3.270529683611802e-05
text_text_ln_lrh0.001_frozen_e5_s42,3034,5,0.84193,1.9212,0.0,3.2349804479203703e-05
text_text_ln_lrh0.001_frozen_e5_s42,3035,5,1.23405,2.5215,0.0,3.199431212228937e-05
text_text_ln_lrh0.001_frozen_e5_s42,3036,5,1.11143,2.8352,0.0,3.1638819765375046e-05
text_text_ln_lrh0.001_frozen_e5_s42,3037,5,1.08002,2.2017,0.0,3.128332740846072e-05
text_text_ln_lrh0.001_frozen_e5_s42,3038,5,1.00049,2.5283,0.0,3.0927835051546395e-05
text_text_ln_lrh0.001_frozen_e5_s42,3039,5,0.84145,2.1801,0.0,3.057234269463207e-05
text_text_ln_lrh0.001_frozen_e5_s42,3040,5,1.33338,2.8103,0.0,3.021685033771774e-05
text_text_ln_lrh0.001_frozen_e5_s42,3041,5,1.1397,1.9229,0.0,2.986135798080341e-05
text_text_ln_lrh0.001_frozen_e5_s42,3042,5,1.33885,3.9044,0.0,2.9505865623889086e-05
text_text_ln_lrh0.001_frozen_e5_s42,3043,5,0.34142,3.8728,0.0,2.915037326697476e-05
text_text_ln_lrh0.001_frozen_e5_s42,3044,5,1.49778,3.9228,0.0,2.8794880910060435e-05
text_text_ln_lrh0.001_frozen_e5_s42,3045,5,0.73626,3.4889,0.0,2.843938855314611e-05
text_text_ln_lrh0.001_frozen_e5_s42,3046,5,1.42681,3.6221,0.0,2.808389619623178e-05
text_text_ln_lrh0.001_frozen_e5_s42,3047,5,0.98693,2.9768,0.0,2.7728403839317455e-05
text_text_ln_lrh0.001_frozen_e5_s42,3048,5,0.80922,2.2538,0.0,2.737291148240313e-05
text_text_ln_lrh0.001_frozen_e5_s42,3049,5,0.70314,2.8929,0.0,2.70174191254888e-05
text_text_ln_lrh0.001_frozen_e5_s42,3050,5,1.04075,3.9073,0.0,2.6661926768574478e-05
text_text_ln_lrh0.001_frozen_e5_s42,3051,5,0.58758,2.342,0.0,2.630643441166015e-05
text_text_ln_lrh0.001_frozen_e5_s42,3052,5,0.88968,3.0187,0.0,2.5950942054745824e-05
text_text_ln_lrh0.001_frozen_e5_s42,3053,5,0.94313,3.2364,0.0,2.5595449697831498e-05
text_text_ln_lrh0.001_frozen_e5_s42,3054,5,0.77942,2.9646,0.0,2.523995734091717e-05
text_text_ln_lrh0.001_frozen_e5_s42,3055,5,1.65759,4.6299,0.0,2.4884464984002844e-05
text_text_ln_lrh0.001_frozen_e5_s42,3056,5,0.91177,2.0793,0.0,2.4528972627088515e-05
text_text_ln_lrh0.001_frozen_e5_s42,3057,5,1.74259,3.2291,0.0,2.4173480270174193e-05
text_text_ln_lrh0.001_frozen_e5_s42,3058,5,1.03242,2.5692,0.0,2.3817987913259867e-05
text_text_ln_lrh0.001_frozen_e5_s42,3059,5,1.04322,3.5662,0.0,2.346249555634554e-05
text_text_ln_lrh0.001_frozen_e5_s42,3060,5,0.93606,2.4664,0.0,2.3107003199431213e-05
text_text_ln_lrh0.001_frozen_e5_s42,3061,5,0.85738,3.3295,0.0,2.2751510842516884e-05
text_text_ln_lrh0.001_frozen_e5_s42,3062,5,1.22616,3.1871,0.0,2.239601848560256e-05
text_text_ln_lrh0.001_frozen_e5_s42,3063,5,1.06529,3.5737,0.0,2.2040526128688236e-05
text_text_ln_lrh0.001_frozen_e5_s42,3064,5,1.32474,2.7129,0.0,2.1685033771773907e-05
text_text_ln_lrh0.001_frozen_e5_s42,3065,5,1.64333,3.0393,0.0,2.1329541414859582e-05
text_text_ln_lrh0.001_frozen_e5_s42,3066,5,0.89547,2.8145,0.0,2.0974049057945256e-05
text_text_ln_lrh0.001_frozen_e5_s42,3067,5,1.16474,2.8785,0.0,2.0618556701030927e-05
text_text_ln_lrh0.001_frozen_e5_s42,3068,5,1.5656,3.4998,0.0,2.0263064344116602e-05
text_text_ln_lrh0.001_frozen_e5_s42,3069,5,0.58535,2.9811,0.0,1.9907571987202273e-05
text_text_ln_lrh0.001_frozen_e5_s42,3070,5,1.24097,2.1005,0.0,1.955207963028795e-05
text_text_ln_lrh0.001_frozen_e5_s42,3071,5,1.22763,3.6632,0.0,1.9196587273373625e-05
text_text_ln_lrh0.001_frozen_e5_s42,3072,5,1.02799,3.0581,0.0,1.8841094916459297e-05
text_text_ln_lrh0.001_frozen_e5_s42,3073,5,0.85015,2.0401,0.0,1.848560255954497e-05
text_text_ln_lrh0.001_frozen_e5_s42,3074,5,0.7834,1.7161,0.0,1.8130110202630642e-05
text_text_ln_lrh0.001_frozen_e5_s42,3075,5,0.81151,2.1504,0.0,1.7774617845716317e-05
text_text_ln_lrh0.001_frozen_e5_s42,3076,5,1.02975,2.1539,0.0,1.741912548880199e-05
text_text_ln_lrh0.001_frozen_e5_s42,3077,5,0.94997,2.6056,0.0,1.7063633131887666e-05
text_text_ln_lrh0.001_frozen_e5_s42,3078,5,0.90996,2.4647,0.0,1.670814077497334e-05
text_text_ln_lrh0.001_frozen_e5_s42,3079,5,1.54089,4.8951,0.0,1.635264841805901e-05
text_text_ln_lrh0.001_frozen_e5_s42,3080,5,1.04493,3.2993,0.0,1.5997156061144686e-05
text_text_ln_lrh0.001_frozen_e5_s42,3081,5,1.23648,4.1489,0.0,1.564166370423036e-05
text_text_ln_lrh0.001_frozen_e5_s42,3082,5,1.12743,3.4809,0.0,1.5286171347316035e-05
text_text_ln_lrh0.001_frozen_e5_s42,3083,5,1.07506,3.1069,0.0,1.4930678990401706e-05
text_text_ln_lrh0.001_frozen_e5_s42,3084,5,1.0664,3.1354,0.0,1.457518663348738e-05
text_text_ln_lrh0.001_frozen_e5_s42,3085,5,1.01265,2.1566,0.0,1.4219694276573055e-05
text_text_ln_lrh0.001_frozen_e5_s42,3086,5,1.43997,3.143,0.0,1.3864201919658727e-05
text_text_ln_lrh0.001_frozen_e5_s42,3087,5,1.8833,4.351,0.0,1.35087095627444e-05
text_text_ln_lrh0.001_frozen_e5_s42,3088,5,1.03437,2.4598,0.0,1.3153217205830075e-05
text_text_ln_lrh0.001_frozen_e5_s42,3089,5,1.19563,2.341,0.0,1.2797724848915749e-05
text_text_ln_lrh0.001_frozen_e5_s42,3090,5,1.11113,2.9972,0.0,1.2442232492001422e-05
text_text_ln_lrh0.001_frozen_e5_s42,3091,5,1.04752,2.996,0.0,1.2086740135087096e-05
text_text_ln_lrh0.001_frozen_e5_s42,3092,5,1.34295,3.3258,0.0,1.173124777817277e-05
text_text_ln_lrh0.001_frozen_e5_s42,3093,5,0.91795,2.3203,0.0,1.1375755421258442e-05
text_text_ln_lrh0.001_frozen_e5_s42,3094,5,1.19147,3.5839,0.0,1.1020263064344118e-05
text_text_ln_lrh0.001_frozen_e5_s42,3095,5,1.01774,2.8537,0.0,1.0664770707429791e-05
text_text_ln_lrh0.001_frozen_e5_s42,3096,5,1.19083,1.7381,0.0,1.0309278350515464e-05
text_text_ln_lrh0.001_frozen_e5_s42,3097,5,1.29987,3.3231,0.0,9.953785993601137e-06
text_text_ln_lrh0.001_frozen_e5_s42,3098,5,1.70433,5.8191,0.0,9.598293636686813e-06
text_text_ln_lrh0.001_frozen_e5_s42,3099,5,1.15738,2.4161,0.0,9.242801279772485e-06
text_text_ln_lrh0.001_frozen_e5_s42,3100,5,0.9282,2.6331,0.0,8.887308922858158e-06
text_text_ln_lrh0.001_frozen_e5_s42,3101,5,1.17079,2.1334,0.0,8.531816565943833e-06
text_text_ln_lrh0.001_frozen_e5_s42,3102,5,1.09763,2.5632,0.0,8.176324209029506e-06
text_text_ln_lrh0.001_frozen_e5_s42,3103,5,0.8163,3.0476,0.0,7.82083185211518e-06
text_text_ln_lrh0.001_frozen_e5_s42,3104,5,0.87915,3.1264,0.0,7.465339495200853e-06
text_text_ln_lrh0.001_frozen_e5_s42,3105,5,0.79629,2.1892,0.0,7.109847138286527e-06
text_text_ln_lrh0.001_frozen_e5_s42,3106,5,0.93397,2.6406,0.0,6.7543547813722e-06
text_text_ln_lrh0.001_frozen_e5_s42,3107,5,1.41614,2.484,0.0,6.3988624244578746e-06
text_text_ln_lrh0.001_frozen_e5_s42,3108,5,1.00358,2.9213,0.0,6.043370067543548e-06
text_text_ln_lrh0.001_frozen_e5_s42,3109,5,0.76347,2.6878,0.0,5.687877710629221e-06
text_text_ln_lrh0.001_frozen_e5_s42,3110,5,1.34375,2.2245,0.0,5.3323853537148955e-06
text_text_ln_lrh0.001_frozen_e5_s42,3111,5,0.73638,2.7782,0.0,4.976892996800568e-06
text_text_ln_lrh0.001_frozen_e5_s42,3112,5,1.12547,3.0399,0.0,4.621400639886243e-06
text_text_ln_lrh0.001_frozen_e5_s42,3113,5,1.46273,4.3852,0.0,4.265908282971916e-06
text_text_ln_lrh0.001_frozen_e5_s42,3114,5,0.89916,1.9359,0.0,3.91041592605759e-06
text_text_ln_lrh0.001_frozen_e5_s42,3115,5,0.76613,2.3735,0.0,3.5549235691432637e-06
text_text_ln_lrh0.001_frozen_e5_s42,3116,5,1.01727,2.3887,0.0,3.1994312122289373e-06
text_text_ln_lrh0.001_frozen_e5_s42,3117,5,0.9198,1.7944,0.0,2.8439388553146105e-06
text_text_ln_lrh0.001_frozen_e5_s42,3118,5,1.55945,4.4989,0.0,2.488446498400284e-06
text_text_ln_lrh0.001_frozen_e5_s42,3119,5,1.03969,2.395,0.0,2.132954141485958e-06
text_text_ln_lrh0.001_frozen_e5_s42,3120,5,0.77019,4.0975,0.0,1.7774617845716318e-06
text_text_ln_lrh0.001_frozen_e5_s42,3121,5,0.96036,2.0633,0.0,1.4219694276573052e-06
text_text_ln_lrh0.001_frozen_e5_s42,3122,5,1.49445,4.1533,0.0,1.066477070742979e-06
text_text_ln_lrh0.001_frozen_e5_s42,3123,5,1.02307,3.0236,0.0,7.109847138286526e-07
text_text_ln_lrh0.001_frozen_e5_s42,3124,5,1.43604,2.8375,0.0,3.554923569143263e-07
text_text_ln_lrh0.001_frozen_e5_s42,3125,5,1.03813,5.9193,0.0,0.0
text_text_ln_lrh0.001_frozen_e5_s43,1,1,2.03926,6.6347,0.0,3.205128205128205e-06
text_text_ln_lrh0.001_frozen_e5_s43,2,1,1.97719,6.2252,0.0,6.41025641025641e-06
text_text_ln_lrh0.001_frozen_e5_s43,3,1,1.97584,3.9656,0.0,9.615384615384616e-06
text_text_ln_lrh0.001_frozen_e5_s43,4,1,2.0415,5.2022,0.0,1.282051282051282e-05
text_text_ln_lrh0.001_frozen_e5_s43,5,1,2.10892,6.3085,0.0,1.6025641025641026e-05
text_text_ln_lrh0.001_frozen_e5_s43,6,1,1.9027,4.677,0.0,1.923076923076923e-05
text_text_ln_lrh0.001_frozen_e5_s43,7,1,1.92317,4.5606,0.0,2.2435897435897437e-05
text_text_ln_lrh0.001_frozen_e5_s43,8,1,1.97659,6.6221,0.0,2.564102564102564e-05
text_text_ln_lrh0.001_frozen_e5_s43,9,1,2.01289,6.9539,0.0,2.884615384615385e-05
text_text_ln_lrh0.001_frozen_e5_s43,10,1,1.91849,4.7397,0.0,3.205128205128205e-05
text_text_ln_lrh0.001_frozen_e5_s43,11,1,2.08567,6.8193,0.0,3.5256410256410254e-05
text_text_ln_lrh0.001_frozen_e5_s43,12,1,1.92275,4.4714,0.0,3.846153846153846e-05
text_text_ln_lrh0.001_frozen_e5_s43,13,1,1.85803,6.5778,0.0,4.1666666666666665e-05
text_text_ln_lrh0.001_frozen_e5_s43,14,1,2.0462,6.0949,0.0,4.4871794871794874e-05
text_text_ln_lrh0.001_frozen_e5_s43,15,1,1.87623,7.825,0.0,4.8076923076923084e-05
text_text_ln_lrh0.001_frozen_e5_s43,16,1,1.91519,5.1989,0.0,5.128205128205128e-05
text_text_ln_lrh0.001_frozen_e5_s43,17,1,1.96421,6.1386,0.0,5.448717948717949e-05
text_text_ln_lrh0.001_frozen_e5_s43,18,1,1.9652,3.9,0.0,5.76923076923077e-05
text_text_ln_lrh0.001_frozen_e5_s43,19,1,1.88285,4.5315,0.0,6.08974358974359e-05
text_text_ln_lrh0.001_frozen_e5_s43,20,1,1.84671,4.8861,0.0,6.41025641025641e-05
text_text_ln_lrh0.001_frozen_e5_s43,21,1,1.83618,3.8694,0.0,6.73076923076923e-05
text_text_ln_lrh0.001_frozen_e5_s43,22,1,1.82514,5.0941,0.0,7.051282051282051e-05
text_text_ln_lrh0.001_frozen_e5_s43,23,1,1.75851,7.6537,0.0,7.371794871794872e-05
text_text_ln_lrh0.001_frozen_e5_s43,24,1,1.86014,5.0718,0.0,7.692307692307693e-05
text_text_ln_lrh0.001_frozen_e5_s43,25,1,1.90436,2.7831,0.0,8.012820512820514e-05
text_text_ln_lrh0.001_frozen_e5_s43,26,1,1.76178,7.2264,0.0,8.333333333333333e-05
text_text_ln_lrh0.001_frozen_e5_s43,27,1,1.79635,4.4618,0.0,8.653846153846153e-05
text_text_ln_lrh0.001_frozen_e5_s43,28,1,1.80491,2.5732,0.0,8.974358974358975e-05
text_text_ln_lrh0.001_frozen_e5_s43,29,1,1.80283,5.8939,0.0,9.294871794871795e-05
text_text_ln_lrh0.001_frozen_e5_s43,30,1,1.70873,5.3413,0.0,9.615384615384617e-05
text_text_ln_lrh0.001_frozen_e5_s43,31,1,1.76571,3.8172,0.0,9.935897435897436e-05
text_text_ln_lrh0.001_frozen_e5_s43,32,1,1.75615,5.2335,0.0,0.00010256410256410256
text_text_ln_lrh0.001_frozen_e5_s43,33,1,1.92309,3.3478,0.0,0.00010576923076923077
text_text_ln_lrh0.001_frozen_e5_s43,34,1,1.65011,5.4377,0.0,0.00010897435897435898
text_text_ln_lrh0.001_frozen_e5_s43,35,1,1.90114,2.942,0.0,0.00011217948717948718
text_text_ln_lrh0.001_frozen_e5_s43,36,1,1.68476,3.8268,0.0,0.0001153846153846154
text_text_ln_lrh0.001_frozen_e5_s43,37,1,1.59799,5.4353,0.0,0.00011858974358974358
text_text_ln_lrh0.001_frozen_e5_s43,38,1,1.48077,5.5133,0.0,0.0001217948717948718
text_text_ln_lrh0.001_frozen_e5_s43,39,1,1.80021,4.2153,0.0,0.000125
text_text_ln_lrh0.001_frozen_e5_s43,40,1,1.75489,2.4654,0.0,0.0001282051282051282
text_text_ln_lrh0.001_frozen_e5_s43,41,1,1.63674,4.6762,0.0,0.0001314102564102564
text_text_ln_lrh0.001_frozen_e5_s43,42,1,1.51438,4.7134,0.0,0.0001346153846153846
text_text_ln_lrh0.001_frozen_e5_s43,43,1,1.52918,3.7023,0.0,0.00013782051282051284
text_text_ln_lrh0.001_frozen_e5_s43,44,1,1.61536,3.126,0.0,0.00014102564102564101
text_text_ln_lrh0.001_frozen_e5_s43,45,1,1.52834,4.3225,0.0,0.00014423076923076922
text_text_ln_lrh0.001_frozen_e5_s43,46,1,1.78416,3.3485,0.0,0.00014743589743589745
text_text_ln_lrh0.001_frozen_e5_s43,47,1,1.73942,4.4571,0.0,0.00015064102564102565
text_text_ln_lrh0.001_frozen_e5_s43,48,1,1.3815,4.2233,0.0,0.00015384615384615385
text_text_ln_lrh0.001_frozen_e5_s43,49,1,1.73512,2.2282,0.0,0.00015705128205128205
text_text_ln_lrh0.001_frozen_e5_s43,50,1,1.69751,3.6642,0.0,0.00016025641025641028
text_text_ln_lrh0.001_frozen_e5_s43,51,1,1.46635,2.2865,0.0,0.00016346153846153846
text_text_ln_lrh0.001_frozen_e5_s43,52,1,1.59279,2.3877,0.0,0.00016666666666666666
text_text_ln_lrh0.001_frozen_e5_s43,53,1,1.66193,3.5059,0.0,0.0001698717948717949
text_text_ln_lrh0.001_frozen_e5_s43,54,1,1.6474,3.2234,0.0,0.00017307692307692307
text_text_ln_lrh0.001_frozen_e5_s43,55,1,1.53807,2.3946,0.0,0.0001762820512820513
text_text_ln_lrh0.001_frozen_e5_s43,56,1,1.7899,4.4644,0.0,0.0001794871794871795
text_text_ln_lrh0.001_frozen_e5_s43,57,1,1.64276,2.8229,0.0,0.00018269230769230767
text_text_ln_lrh0.001_frozen_e5_s43,58,1,1.51305,3.1558,0.0,0.0001858974358974359
text_text_ln_lrh0.001_frozen_e5_s43,59,1,1.50493,3.1591,0.0,0.0001891025641025641
text_text_ln_lrh0.001_frozen_e5_s43,60,1,1.61587,2.6413,0.0,0.00019230769230769233
text_text_ln_lrh0.001_frozen_e5_s43,61,1,1.1368,3.7932,0.0,0.0001955128205128205
text_text_ln_lrh0.001_frozen_e5_s43,62,1,1.64713,2.1226,0.0,0.0001987179487179487
text_text_ln_lrh0.001_frozen_e5_s43,63,1,1.36753,2.4968,0.0,0.00020192307692307694
text_text_ln_lrh0.001_frozen_e5_s43,64,1,1.5703,1.7389,0.0,0.00020512820512820512
text_text_ln_lrh0.001_frozen_e5_s43,65,1,1.32546,2.5519,0.0,0.00020833333333333335
text_text_ln_lrh0.001_frozen_e5_s43,66,1,1.57894,1.9682,0.0,0.00021153846153846155
text_text_ln_lrh0.001_frozen_e5_s43,67,1,1.24687,2.4755,0.0,0.00021474358974358972
text_text_ln_lrh0.001_frozen_e5_s43,68,1,1.57175,3.8252,0.0,0.00021794871794871795
text_text_ln_lrh0.001_frozen_e5_s43,69,1,1.62327,2.5269,0.0,0.00022115384615384616
text_text_ln_lrh0.001_frozen_e5_s43,70,1,1.70841,5.4409,0.0,0.00022435897435897436
text_text_ln_lrh0.001_frozen_e5_s43,71,1,1.68656,3.7115,0.0,0.00022756410256410256
text_text_ln_lrh0.001_frozen_e5_s43,72,1,1.36995,3.0158,0.0,0.0002307692307692308
text_text_ln_lrh0.001_frozen_e5_s43,73,1,1.12924,2.5355,0.0,0.000233974358974359
text_text_ln_lrh0.001_frozen_e5_s43,74,1,1.76647,4.7644,0.0,0.00023717948717948717
text_text_ln_lrh0.001_frozen_e5_s43,75,1,1.54857,3.1645,0.0,0.0002403846153846154
text_text_ln_lrh0.001_frozen_e5_s43,76,1,1.65832,3.8011,0.0,0.0002435897435897436
text_text_ln_lrh0.001_frozen_e5_s43,77,1,1.08479,2.6698,0.0,0.0002467948717948718
text_text_ln_lrh0.001_frozen_e5_s43,78,1,1.93485,3.3717,0.0,0.00025
text_text_ln_lrh0.001_frozen_e5_s43,79,1,1.45938,2.6711,0.0,0.0002532051282051282
text_text_ln_lrh0.001_frozen_e5_s43,80,1,2.0804,3.6861,0.0,0.0002564102564102564
text_text_ln_lrh0.001_frozen_e5_s43,81,1,1.57067,3.0251,0.0,0.00025961538461538467
text_text_ln_lrh0.001_frozen_e5_s43,82,1,1.56639,2.9254,0.0,0.0002628205128205128
text_text_ln_lrh0.001_frozen_e5_s43,83,1,1.59595,2.2195,0.0,0.000266025641025641
text_text_ln_lrh0.001_frozen_e5_s43,84,1,1.7444,2.9461,0.0,0.0002692307692307692
text_text_ln_lrh0.001_frozen_e5_s43,85,1,1.46699,2.2149,0.0,0.0002724358974358974
text_text_ln_lrh0.001_frozen_e5_s43,86,1,1.36097,2.0725,0.0,0.0002756410256410257
text_text_ln_lrh0.001_frozen_e5_s43,87,1,1.68794,4.9859,0.0,0.0002788461538461539
text_text_ln_lrh0.001_frozen_e5_s43,88,1,1.67028,2.7359,0.0,0.00028205128205128203
text_text_ln_lrh0.001_frozen_e5_s43,89,1,1.47704,2.8405,0.0,0.00028525641025641023
text_text_ln_lrh0.001_frozen_e5_s43,90,1,1.64099,2.9014,0.0,0.00028846153846153843
text_text_ln_lrh0.001_frozen_e5_s43,91,1,1.66823,2.952,0.0,0.0002916666666666667
text_text_ln_lrh0.001_frozen_e5_s43,92,1,1.77943,3.5029,0.0,0.0002948717948717949
text_text_ln_lrh0.001_frozen_e5_s43,93,1,1.78581,3.4474,0.0,0.0002980769230769231
text_text_ln_lrh0.001_frozen_e5_s43,94,1,1.32487,4.2052,0.0,0.0003012820512820513
text_text_ln_lrh0.001_frozen_e5_s43,95,1,1.63481,3.1344,0.0,0.00030448717948717945
text_text_ln_lrh0.001_frozen_e5_s43,96,1,1.624,2.2883,0.0,0.0003076923076923077
text_text_ln_lrh0.001_frozen_e5_s43,97,1,1.29204,5.5371,0.0,0.0003108974358974359
text_text_ln_lrh0.001_frozen_e5_s43,98,1,1.28337,4.5034,0.0,0.0003141025641025641
text_text_ln_lrh0.001_frozen_e5_s43,99,1,1.49839,2.2831,0.0,0.0003173076923076923
text_text_ln_lrh0.001_frozen_e5_s43,100,1,1.33393,3.038,0.0,0.00032051282051282057
text_text_ln_lrh0.001_frozen_e5_s43,101,1,0.96028,6.3955,0.0,0.0003237179487179487
text_text_ln_lrh0.001_frozen_e5_s43,102,1,1.32975,2.0355,0.0,0.0003269230769230769
text_text_ln_lrh0.001_frozen_e5_s43,103,1,1.62878,2.3559,0.0,0.0003301282051282051
text_text_ln_lrh0.001_frozen_e5_s43,104,1,1.55887,2.6854,0.0,0.0003333333333333333
text_text_ln_lrh0.001_frozen_e5_s43,105,1,1.49311,2.0105,0.0,0.0003365384615384616
text_text_ln_lrh0.001_frozen_e5_s43,106,1,1.2055,3.2779,0.0,0.0003397435897435898
text_text_ln_lrh0.001_frozen_e5_s43,107,1,1.75302,4.1829,0.0,0.000342948717948718
text_text_ln_lrh0.001_frozen_e5_s43,108,1,1.73016,4.8257,0.0,0.00034615384615384613
text_text_ln_lrh0.001_frozen_e5_s43,109,1,1.4037,2.624,0.0,0.00034935897435897433
text_text_ln_lrh0.001_frozen_e5_s43,110,1,1.55363,2.525,0.0,0.0003525641025641026
text_text_ln_lrh0.001_frozen_e5_s43,111,1,1.68499,3.6262,0.0,0.0003557692307692308
text_text_ln_lrh0.001_frozen_e5_s43,112,1,1.46473,3.0434,0.0,0.000358974358974359
text_text_ln_lrh0.001_frozen_e5_s43,113,1,1.51399,2.1146,0.0,0.0003621794871794872
text_text_ln_lrh0.001_frozen_e5_s43,114,1,1.75529,3.5766,0.0,0.00036538461538461535
text_text_ln_lrh0.001_frozen_e5_s43,115,1,1.55978,2.4225,0.0,0.0003685897435897436
text_text_ln_lrh0.001_frozen_e5_s43,116,1,1.47245,3.3329,0.0,0.0003717948717948718
text_text_ln_lrh0.001_frozen_e5_s43,117,1,1.55184,2.3527,0.0,0.000375
text_text_ln_lrh0.001_frozen_e5_s43,118,1,1.50767,2.412,0.0,0.0003782051282051282
text_text_ln_lrh0.001_frozen_e5_s43,119,1,1.41422,2.4139,0.0,0.0003814102564102564
text_text_ln_lrh0.001_frozen_e5_s43,120,1,1.475,2.6782,0.0,0.00038461538461538467
text_text_ln_lrh0.001_frozen_e5_s43,121,1,1.1418,2.9967,0.0,0.0003878205128205128
text_text_ln_lrh0.001_frozen_e5_s43,122,1,1.25094,4.2806,0.0,0.000391025641025641
text_text_ln_lrh0.001_frozen_e5_s43,123,1,1.33889,2.8871,0.0,0.0003942307692307692
text_text_ln_lrh0.001_frozen_e5_s43,124,1,1.65764,3.5124,0.0,0.0003974358974358974
text_text_ln_lrh0.001_frozen_e5_s43,125,1,1.28763,2.2176,0.0,0.0004006410256410257
text_text_ln_lrh0.001_frozen_e5_s43,126,1,1.38698,3.1534,0.0,0.0004038461538461539
text_text_ln_lrh0.001_frozen_e5_s43,127,1,1.43984,3.2539,0.0,0.00040705128205128203
text_text_ln_lrh0.001_frozen_e5_s43,128,1,1.68331,3.7152,0.0,0.00041025641025641023
text_text_ln_lrh0.001_frozen_e5_s43,129,1,1.75567,3.1774,0.0,0.00041346153846153844
text_text_ln_lrh0.001_frozen_e5_s43,130,1,1.64521,3.8695,0.0,0.0004166666666666667
text_text_ln_lrh0.001_frozen_e5_s43,131,1,1.45904,2.9962,0.0,0.0004198717948717949
text_text_ln_lrh0.001_frozen_e5_s43,132,1,1.52392,3.3542,0.0,0.0004230769230769231
text_text_ln_lrh0.001_frozen_e5_s43,133,1,1.6947,2.6367,0.0,0.0004262820512820513
text_text_ln_lrh0.001_frozen_e5_s43,134,1,1.55041,2.4584,0.0,0.00042948717948717945
text_text_ln_lrh0.001_frozen_e5_s43,135,1,1.27299,3.7112,0.0,0.0004326923076923077
text_text_ln_lrh0.001_frozen_e5_s43,136,1,1.36423,1.8146,0.0,0.0004358974358974359
text_text_ln_lrh0.001_frozen_e5_s43,137,1,1.13594,3.6912,0.0,0.0004391025641025641
text_text_ln_lrh0.001_frozen_e5_s43,138,1,1.13961,2.5182,0.0,0.0004423076923076923
text_text_ln_lrh0.001_frozen_e5_s43,139,1,1.4614,3.2007,0.0,0.00044551282051282057
text_text_ln_lrh0.001_frozen_e5_s43,140,1,1.58258,3.1808,0.0,0.0004487179487179487
text_text_ln_lrh0.001_frozen_e5_s43,141,1,1.09609,4.1421,0.0,0.0004519230769230769
text_text_ln_lrh0.001_frozen_e5_s43,142,1,1.33781,2.7962,0.0,0.0004551282051282051
text_text_ln_lrh0.001_frozen_e5_s43,143,1,1.45039,2.6463,0.0,0.0004583333333333333
text_text_ln_lrh0.001_frozen_e5_s43,144,1,1.31707,3.6547,0.0,0.0004615384615384616
text_text_ln_lrh0.001_frozen_e5_s43,145,1,1.57576,3.7617,0.0,0.0004647435897435898
text_text_ln_lrh0.001_frozen_e5_s43,146,1,1.40551,2.0245,0.0,0.000467948717948718
text_text_ln_lrh0.001_frozen_e5_s43,147,1,1.70817,3.2838,0.0,0.00047115384615384613
text_text_ln_lrh0.001_frozen_e5_s43,148,1,1.266,2.1068,0.0,0.00047435897435897434
text_text_ln_lrh0.001_frozen_e5_s43,149,1,1.57582,3.6086,0.0,0.0004775641025641026
text_text_ln_lrh0.001_frozen_e5_s43,150,1,1.61781,3.5485,0.0,0.0004807692307692308
text_text_ln_lrh0.001_frozen_e5_s43,151,1,1.52478,3.0601,0.0,0.000483974358974359
text_text_ln_lrh0.001_frozen_e5_s43,152,1,1.67391,3.6327,0.0,0.0004871794871794872
text_text_ln_lrh0.001_frozen_e5_s43,153,1,1.39221,2.4088,0.0,0.0004903846153846154
text_text_ln_lrh0.001_frozen_e5_s43,154,1,1.38565,3.1091,0.0,0.0004935897435897436
text_text_ln_lrh0.001_frozen_e5_s43,155,1,1.18112,3.0565,0.0,0.0004967948717948718
text_text_ln_lrh0.001_frozen_e5_s43,156,1,1.0169,3.1166,0.0,0.0005
text_text_ln_lrh0.001_frozen_e5_s43,157,1,1.4502,3.5704,0.0,0.0005032051282051282
text_text_ln_lrh0.001_frozen_e5_s43,158,1,1.48703,2.3119,0.0,0.0005064102564102564
text_text_ln_lrh0.001_frozen_e5_s43,159,1,1.56844,3.805,0.0,0.0005096153846153846
text_text_ln_lrh0.001_frozen_e5_s43,160,1,1.44651,1.8029,0.0,0.0005128205128205128
text_text_ln_lrh0.001_frozen_e5_s43,161,1,1.52983,3.362,0.0,0.0005160256410256411
text_text_ln_lrh0.001_frozen_e5_s43,162,1,1.40721,2.3594,0.0,0.0005192307692307693
text_text_ln_lrh0.001_frozen_e5_s43,163,1,1.26988,4.853,0.0,0.0005224358974358974
text_text_ln_lrh0.001_frozen_e5_s43,164,1,1.41727,2.5882,0.0,0.0005256410256410256
text_text_ln_lrh0.001_frozen_e5_s43,165,1,1.06443,3.4799,0.0,0.0005288461538461538
text_text_ln_lrh0.001_frozen_e5_s43,166,1,1.42479,2.8186,0.0,0.000532051282051282
text_text_ln_lrh0.001_frozen_e5_s43,167,1,1.22529,4.1498,0.0,0.0005352564102564102
text_text_ln_lrh0.001_frozen_e5_s43,168,1,1.56658,1.9444,0.0,0.0005384615384615384
text_text_ln_lrh0.001_frozen_e5_s43,169,1,1.23913,2.0886,0.0,0.0005416666666666666
text_text_ln_lrh0.001_frozen_e5_s43,170,1,1.7427,3.1471,0.0,0.0005448717948717948
text_text_ln_lrh0.001_frozen_e5_s43,171,1,1.60281,2.8837,0.0,0.0005480769230769232
text_text_ln_lrh0.001_frozen_e5_s43,172,1,1.55148,4.8633,0.0,0.0005512820512820514
text_text_ln_lrh0.001_frozen_e5_s43,173,1,1.64235,4.097,0.0,0.0005544871794871796
text_text_ln_lrh0.001_frozen_e5_s43,174,1,1.81917,3.7322,0.0,0.0005576923076923078
text_text_ln_lrh0.001_frozen_e5_s43,175,1,1.42578,3.9001,0.0,0.000560897435897436
text_text_ln_lrh0.001_frozen_e5_s43,176,1,1.54444,3.7195,0.0,0.0005641025641025641
text_text_ln_lrh0.001_frozen_e5_s43,177,1,1.36587,4.3836,0.0,0.0005673076923076923
text_text_ln_lrh0.001_frozen_e5_s43,178,1,1.62537,2.9393,0.0,0.0005705128205128205
text_text_ln_lrh0.001_frozen_e5_s43,179,1,1.79342,2.9641,0.0,0.0005737179487179487
text_text_ln_lrh0.001_frozen_e5_s43,180,1,1.5401,2.211,0.0,0.0005769230769230769
text_text_ln_lrh0.001_frozen_e5_s43,181,1,1.50844,2.5603,0.0,0.0005801282051282052
text_text_ln_lrh0.001_frozen_e5_s43,182,1,1.5348,3.3433,0.0,0.0005833333333333334
text_text_ln_lrh0.001_frozen_e5_s43,183,1,1.53199,6.9796,0.0,0.0005865384615384616
text_text_ln_lrh0.001_frozen_e5_s43,184,1,1.68489,3.4225,0.0,0.0005897435897435898
text_text_ln_lrh0.001_frozen_e5_s43,185,1,1.34113,3.9701,0.0,0.000592948717948718
text_text_ln_lrh0.001_frozen_e5_s43,186,1,1.25418,3.6054,0.0,0.0005961538461538462
text_text_ln_lrh0.001_frozen_e5_s43,187,1,1.30196,3.538,0.0,0.0005993589743589744
text_text_ln_lrh0.001_frozen_e5_s43,188,1,1.45206,2.2881,0.0,0.0006025641025641026
text_text_ln_lrh0.001_frozen_e5_s43,189,1,1.49139,5.7437,0.0,0.0006057692307692307
text_text_ln_lrh0.001_frozen_e5_s43,190,1,1.26471,4.3843,0.0,0.0006089743589743589
text_text_ln_lrh0.001_frozen_e5_s43,191,1,1.3489,4.4225,0.0,0.0006121794871794872
text_text_ln_lrh0.001_frozen_e5_s43,192,1,1.7625,3.7975,0.0,0.0006153846153846154
text_text_ln_lrh0.001_frozen_e5_s43,193,1,1.4618,2.4727,0.0,0.0006185897435897436
text_text_ln_lrh0.001_frozen_e5_s43,194,1,1.12457,2.872,0.0,0.0006217948717948718
text_text_ln_lrh0.001_frozen_e5_s43,195,1,1.34804,5.4697,0.0,0.000625
text_text_ln_lrh0.001_frozen_e5_s43,196,1,1.59059,4.7885,0.0,0.0006282051282051282
text_text_ln_lrh0.001_frozen_e5_s43,197,1,1.13517,3.2649,0.0,0.0006314102564102564
text_text_ln_lrh0.001_frozen_e5_s43,198,1,1.7122,6.4523,0.0,0.0006346153846153846
text_text_ln_lrh0.001_frozen_e5_s43,199,1,1.23203,2.6103,0.0,0.0006378205128205128
text_text_ln_lrh0.001_frozen_e5_s43,200,1,1.60188,4.1896,0.0,0.0006410256410256411
text_text_ln_lrh0.001_frozen_e5_s43,201,1,1.33457,1.8792,0.0,0.0006442307692307693
text_text_ln_lrh0.001_frozen_e5_s43,202,1,1.62869,4.5417,0.0,0.0006474358974358974
text_text_ln_lrh0.001_frozen_e5_s43,203,1,1.30111,2.7235,0.0,0.0006506410256410256
text_text_ln_lrh0.001_frozen_e5_s43,204,1,1.36311,3.7055,0.0,0.0006538461538461538
text_text_ln_lrh0.001_frozen_e5_s43,205,1,1.37775,2.0154,0.0,0.000657051282051282
text_text_ln_lrh0.001_frozen_e5_s43,206,1,1.48667,4.6104,0.0,0.0006602564102564102
text_text_ln_lrh0.001_frozen_e5_s43,207,1,1.38741,2.4788,0.0,0.0006634615384615384
text_text_ln_lrh0.001_frozen_e5_s43,208,1,1.58394,2.2545,0.0,0.0006666666666666666
text_text_ln_lrh0.001_frozen_e5_s43,209,1,1.40273,2.107,0.0,0.0006698717948717948
text_text_ln_lrh0.001_frozen_e5_s43,210,1,1.38735,3.5357,0.0,0.0006730769230769232
text_text_ln_lrh0.001_frozen_e5_s43,211,1,1.2565,1.95,0.0,0.0006762820512820514
text_text_ln_lrh0.001_frozen_e5_s43,212,1,1.73088,3.0851,0.0,0.0006794871794871796
text_text_ln_lrh0.001_frozen_e5_s43,213,1,1.49354,4.3454,0.0,0.0006826923076923078
text_text_ln_lrh0.001_frozen_e5_s43,214,1,1.49916,3.3768,0.0,0.000685897435897436
text_text_ln_lrh0.001_frozen_e5_s43,215,1,1.22193,3.753,0.0,0.0006891025641025641
text_text_ln_lrh0.001_frozen_e5_s43,216,1,1.27888,2.919,0.0,0.0006923076923076923
text_text_ln_lrh0.001_frozen_e5_s43,217,1,1.26177,1.9504,0.0,0.0006955128205128205
text_text_ln_lrh0.001_frozen_e5_s43,218,1,1.5945,6.3031,0.0,0.0006987179487179487
text_text_ln_lrh0.001_frozen_e5_s43,219,1,1.75099,6.1315,0.0,0.0007019230769230769
text_text_ln_lrh0.001_frozen_e5_s43,220,1,1.34993,3.6127,0.0,0.0007051282051282052
text_text_ln_lrh0.001_frozen_e5_s43,221,1,1.20402,2.2978,0.0,0.0007083333333333334
text_text_ln_lrh0.001_frozen_e5_s43,222,1,1.49066,3.6385,0.0,0.0007115384615384616
text_text_ln_lrh0.001_frozen_e5_s43,223,1,1.66344,4.2389,0.0,0.0007147435897435898
text_text_ln_lrh0.001_frozen_e5_s43,224,1,1.49384,4.5391,0.0,0.000717948717948718
text_text_ln_lrh0.001_frozen_e5_s43,225,1,1.48767,3.5898,0.0,0.0007211538461538462
text_text_ln_lrh0.001_frozen_e5_s43,226,1,1.63149,2.4325,0.0,0.0007243589743589744
text_text_ln_lrh0.001_frozen_e5_s43,227,1,1.25748,4.8166,0.0,0.0007275641025641026
text_text_ln_lrh0.001_frozen_e5_s43,228,1,1.4223,2.8618,0.0,0.0007307692307692307
text_text_ln_lrh0.001_frozen_e5_s43,229,1,1.36984,2.1594,0.0,0.0007339743589743589
text_text_ln_lrh0.001_frozen_e5_s43,230,1,1.57648,3.4799,0.0,0.0007371794871794872
text_text_ln_lrh0.001_frozen_e5_s43,231,1,1.26507,4.0887,0.0,0.0007403846153846154
text_text_ln_lrh0.001_frozen_e5_s43,232,1,1.5663,2.31,0.0,0.0007435897435897436
text_text_ln_lrh0.001_frozen_e5_s43,233,1,1.58504,3.0016,0.0,0.0007467948717948718
text_text_ln_lrh0.001_frozen_e5_s43,234,1,1.36807,5.0008,0.0,0.00075
text_text_ln_lrh0.001_frozen_e5_s43,235,1,1.12451,2.2056,0.0,0.0007532051282051282
text_text_ln_lrh0.001_frozen_e5_s43,236,1,1.40428,4.0293,0.0,0.0007564102564102564
text_text_ln_lrh0.001_frozen_e5_s43,237,1,0.89411,3.6061,0.0,0.0007596153846153846
text_text_ln_lrh0.001_frozen_e5_s43,238,1,1.35689,3.4619,0.0,0.0007628205128205128
text_text_ln_lrh0.001_frozen_e5_s43,239,1,1.74273,3.5483,0.0,0.0007660256410256411
text_text_ln_lrh0.001_frozen_e5_s43,240,1,1.1683,2.1874,0.0,0.0007692307692307693
text_text_ln_lrh0.001_frozen_e5_s43,241,1,0.72964,2.7675,0.0,0.0007724358974358974
text_text_ln_lrh0.001_frozen_e5_s43,242,1,1.44271,4.5148,0.0,0.0007756410256410256
text_text_ln_lrh0.001_frozen_e5_s43,243,1,1.38785,1.8326,0.0,0.0007788461538461538
text_text_ln_lrh0.001_frozen_e5_s43,244,1,1.33506,3.7042,0.0,0.000782051282051282
text_text_ln_lrh0.001_frozen_e5_s43,245,1,1.21322,4.3477,0.0,0.0007852564102564102
text_text_ln_lrh0.001_frozen_e5_s43,246,1,1.91447,5.6957,0.0,0.0007884615384615384
text_text_ln_lrh0.001_frozen_e5_s43,247,1,1.34081,2.8144,0.0,0.0007916666666666666
text_text_ln_lrh0.001_frozen_e5_s43,248,1,1.19954,2.1446,0.0,0.0007948717948717948
text_text_ln_lrh0.001_frozen_e5_s43,249,1,1.18533,1.614,0.0,0.0007980769230769232
text_text_ln_lrh0.001_frozen_e5_s43,250,1,1.47249,3.2876,0.0,0.0008012820512820514
text_text_ln_lrh0.001_frozen_e5_s43,251,1,1.54987,3.8861,0.0,0.0008044871794871796
text_text_ln_lrh0.001_frozen_e5_s43,252,1,1.22004,2.6479,0.0,0.0008076923076923078
text_text_ln_lrh0.001_frozen_e5_s43,253,1,1.38585,2.326,0.0,0.000810897435897436
text_text_ln_lrh0.001_frozen_e5_s43,254,1,1.42717,2.3097,0.0,0.0008141025641025641
text_text_ln_lrh0.001_frozen_e5_s43,255,1,1.24529,3.0883,0.0,0.0008173076923076923
text_text_ln_lrh0.001_frozen_e5_s43,256,1,1.37183,4.3975,0.0,0.0008205128205128205
text_text_ln_lrh0.001_frozen_e5_s43,257,1,1.18598,3.2649,0.0,0.0008237179487179487
text_text_ln_lrh0.001_frozen_e5_s43,258,1,1.19209,3.17,0.0,0.0008269230769230769
text_text_ln_lrh0.001_frozen_e5_s43,259,1,1.2231,1.8317,0.0,0.0008301282051282052
text_text_ln_lrh0.001_frozen_e5_s43,260,1,1.51891,5.4746,0.0,0.0008333333333333334
text_text_ln_lrh0.001_frozen_e5_s43,261,1,1.88497,5.6436,0.0,0.0008365384615384616
text_text_ln_lrh0.001_frozen_e5_s43,262,1,1.09848,4.0727,0.0,0.0008397435897435898
text_text_ln_lrh0.001_frozen_e5_s43,263,1,1.89368,4.1553,0.0,0.000842948717948718
text_text_ln_lrh0.001_frozen_e5_s43,264,1,0.97246,4.1701,0.0,0.0008461538461538462
text_text_ln_lrh0.001_frozen_e5_s43,265,1,1.69923,7.3001,0.0,0.0008493589743589744
text_text_ln_lrh0.001_frozen_e5_s43,266,1,1.43975,2.0574,0.0,0.0008525641025641026
text_text_ln_lrh0.001_frozen_e5_s43,267,1,1.575,2.7752,0.0,0.0008557692307692307
text_text_ln_lrh0.001_frozen_e5_s43,268,1,1.57862,2.9107,0.0,0.0008589743589743589
text_text_ln_lrh0.001_frozen_e5_s43,269,1,1.65423,2.9084,0.0,0.0008621794871794872
text_text_ln_lrh0.001_frozen_e5_s43,270,1,1.92498,4.1612,0.0,0.0008653846153846154
text_text_ln_lrh0.001_frozen_e5_s43,271,1,1.93305,4.6367,0.0,0.0008685897435897436
text_text_ln_lrh0.001_frozen_e5_s43,272,1,1.41495,3.4197,0.0,0.0008717948717948718
text_text_ln_lrh0.001_frozen_e5_s43,273,1,1.52762,2.4658,0.0,0.000875
text_text_ln_lrh0.001_frozen_e5_s43,274,1,1.46838,3.1945,0.0,0.0008782051282051282
text_text_ln_lrh0.001_frozen_e5_s43,275,1,1.60127,2.656,0.0,0.0008814102564102564
text_text_ln_lrh0.001_frozen_e5_s43,276,1,1.55001,3.4208,0.0,0.0008846153846153846
text_text_ln_lrh0.001_frozen_e5_s43,277,1,1.72115,3.1839,0.0,0.0008878205128205128
text_text_ln_lrh0.001_frozen_e5_s43,278,1,1.37687,4.0777,0.0,0.0008910256410256411
text_text_ln_lrh0.001_frozen_e5_s43,279,1,1.56564,4.5884,0.0,0.0008942307692307693
text_text_ln_lrh0.001_frozen_e5_s43,280,1,1.48642,1.5781,0.0,0.0008974358974358974
text_text_ln_lrh0.001_frozen_e5_s43,281,1,1.35882,3.6695,0.0,0.0009006410256410256
text_text_ln_lrh0.001_frozen_e5_s43,282,1,1.32416,4.6937,0.0,0.0009038461538461538
text_text_ln_lrh0.001_frozen_e5_s43,283,1,1.15094,3.3888,0.0,0.000907051282051282
text_text_ln_lrh0.001_frozen_e5_s43,284,1,1.63345,3.2503,0.0,0.0009102564102564102
text_text_ln_lrh0.001_frozen_e5_s43,285,1,1.33243,2.2059,0.0,0.0009134615384615384
text_text_ln_lrh0.001_frozen_e5_s43,286,1,1.33209,4.6821,0.0,0.0009166666666666666
text_text_ln_lrh0.001_frozen_e5_s43,287,1,1.43084,3.5853,0.0,0.0009198717948717949
text_text_ln_lrh0.001_frozen_e5_s43,288,1,1.8099,4.829,0.0,0.0009230769230769232
text_text_ln_lrh0.001_frozen_e5_s43,289,1,1.13536,3.8032,0.0,0.0009262820512820514
text_text_ln_lrh0.001_frozen_e5_s43,290,1,1.21845,2.4284,0.0,0.0009294871794871796
text_text_ln_lrh0.001_frozen_e5_s43,291,1,1.22024,2.0802,0.0,0.0009326923076923078
text_text_ln_lrh0.001_frozen_e5_s43,292,1,1.49103,2.3707,0.0,0.000935897435897436
text_text_ln_lrh0.001_frozen_e5_s43,293,1,1.36666,5.0373,0.0,0.0009391025641025641
text_text_ln_lrh0.001_frozen_e5_s43,294,1,1.46016,4.6775,0.0,0.0009423076923076923
text_text_ln_lrh0.001_frozen_e5_s43,295,1,1.63103,3.2429,0.0,0.0009455128205128205
text_text_ln_lrh0.001_frozen_e5_s43,296,1,1.19947,4.8878,0.0,0.0009487179487179487
text_text_ln_lrh0.001_frozen_e5_s43,297,1,1.31849,2.2333,0.0,0.0009519230769230769
text_text_ln_lrh0.001_frozen_e5_s43,298,1,1.77616,3.8058,0.0,0.0009551282051282052
text_text_ln_lrh0.001_frozen_e5_s43,299,1,1.12278,6.6549,0.0,0.0009583333333333334
text_text_ln_lrh0.001_frozen_e5_s43,300,1,0.93523,4.1104,0.0,0.0009615384615384616
text_text_ln_lrh0.001_frozen_e5_s43,301,1,1.39239,2.2192,0.0,0.0009647435897435898
text_text_ln_lrh0.001_frozen_e5_s43,302,1,1.79358,4.6443,0.0,0.000967948717948718
text_text_ln_lrh0.001_frozen_e5_s43,303,1,1.34007,4.2358,0.0,0.0009711538461538462
text_text_ln_lrh0.001_frozen_e5_s43,304,1,1.67135,4.2769,0.0,0.0009743589743589744
text_text_ln_lrh0.001_frozen_e5_s43,305,1,1.41613,2.1574,0.0,0.0009775641025641026
text_text_ln_lrh0.001_frozen_e5_s43,306,1,1.58667,2.5842,0.0,0.0009807692307692308
text_text_ln_lrh0.001_frozen_e5_s43,307,1,1.18958,2.8846,0.0,0.000983974358974359
text_text_ln_lrh0.001_frozen_e5_s43,308,1,1.35105,3.4886,0.0,0.0009871794871794872
text_text_ln_lrh0.001_frozen_e5_s43,309,1,1.59449,6.9214,0.0,0.0009903846153846154
text_text_ln_lrh0.001_frozen_e5_s43,310,1,1.61062,6.4655,0.0,0.0009935897435897436
text_text_ln_lrh0.001_frozen_e5_s43,311,1,1.26818,2.1542,0.0,0.0009967948717948718
text_text_ln_lrh0.001_frozen_e5_s43,312,1,1.65542,5.9223,0.0,0.001
text_text_ln_lrh0.001_frozen_e5_s43,313,1,1.48087,3.215,0.0,0.0009996445076430856
text_text_ln_lrh0.001_frozen_e5_s43,314,1,1.34057,2.3083,0.0,0.0009992890152861714
text_text_ln_lrh0.001_frozen_e5_s43,315,1,1.41914,2.4814,0.0,0.000998933522929257
text_text_ln_lrh0.001_frozen_e5_s43,316,1,1.1701,5.5461,0.0,0.0009985780305723428
text_text_ln_lrh0.001_frozen_e5_s43,317,1,1.37393,2.8037,0.0,0.0009982225382154284
text_text_ln_lrh0.001_frozen_e5_s43,318,1,1.79934,4.4981,0.0,0.000997867045858514
text_text_ln_lrh0.001_frozen_e5_s43,319,1,1.42313,4.6512,0.0,0.0009975115535015998
text_text_ln_lrh0.001_frozen_e5_s43,320,1,1.2346,3.9762,0.0,0.0009971560611446854
text_text_ln_lrh0.001_frozen_e5_s43,321,1,1.32268,5.1146,0.0,0.000996800568787771
text_text_ln_lrh0.001_frozen_e5_s43,322,1,1.54312,2.5128,0.0,0.0009964450764308568
text_text_ln_lrh0.001_frozen_e5_s43,323,1,1.02005,3.354,0.0,0.0009960895840739426
text_text_ln_lrh0.001_frozen_e5_s43,324,1,1.33863,2.4262,0.0,0.0009957340917170281
text_text_ln_lrh0.001_frozen_e5_s43,325,1,1.29835,1.5776,0.0,0.0009953785993601137
text_text_ln_lrh0.001_frozen_e5_s43,326,1,1.06156,3.0637,0.0,0.0009950231070031995
text_text_ln_lrh0.001_frozen_e5_s43,327,1,1.37533,4.981,0.0,0.0009946676146462851
text_text_ln_lrh0.001_frozen_e5_s43,328,1,1.74242,5.2175,0.0,0.000994312122289371
text_text_ln_lrh0.001_frozen_e5_s43,329,1,1.58483,5.0846,0.0,0.0009939566299324565
text_text_ln_lrh0.001_frozen_e5_s43,330,1,1.77157,7.1349,0.0,0.000993601137575542
text_text_ln_lrh0.001_frozen_e5_s43,331,1,1.58963,6.5295,0.0,0.000993245645218628
text_text_ln_lrh0.001_frozen_e5_s43,332,1,1.09731,4.679,0.0,0.0009928901528617135
text_text_ln_lrh0.001_frozen_e5_s43,333,1,1.08334,4.9576,0.0,0.000992534660504799
text_text_ln_lrh0.001_frozen_e5_s43,334,1,2.06299,4.4725,0.0,0.0009921791681478849
text_text_ln_lrh0.001_frozen_e5_s43,335,1,1.37287,1.9962,0.0,0.0009918236757909705
text_text_ln_lrh0.001_frozen_e5_s43,336,1,1.66114,3.8785,0.0,0.0009914681834340563
text_text_ln_lrh0.001_frozen_e5_s43,337,1,1.58411,3.3423,0.0,0.0009911126910771418
text_text_ln_lrh0.001_frozen_e5_s43,338,1,1.56978,5.5766,0.0,0.0009907571987202274
text_text_ln_lrh0.001_frozen_e5_s43,339,1,1.34431,4.5884,0.0,0.0009904017063633132
text_text_ln_lrh0.001_frozen_e5_s43,340,1,1.24235,4.783,0.0,0.000990046214006399
text_text_ln_lrh0.001_frozen_e5_s43,341,1,1.50413,4.5386,0.0,0.0009896907216494846
text_text_ln_lrh0.001_frozen_e5_s43,342,1,1.31577,2.7518,0.0,0.0009893352292925702
text_text_ln_lrh0.001_frozen_e5_s43,343,1,1.33322,3.3496,0.0,0.0009889797369356558
text_text_ln_lrh0.001_frozen_e5_s43,344,1,1.12303,3.7298,0.0,0.0009886242445787416
text_text_ln_lrh0.001_frozen_e5_s43,345,1,1.76937,6.9848,0.0,0.0009882687522218272
text_text_ln_lrh0.001_frozen_e5_s43,346,1,1.3224,4.8699,0.0,0.0009879132598649128
text_text_ln_lrh0.001_frozen_e5_s43,347,1,1.34077,4.1404,0.0,0.0009875577675079986
text_text_ln_lrh0.001_frozen_e5_s43,348,1,1.37943,5.0478,0.0,0.0009872022751510844
text_text_ln_lrh0.001_frozen_e5_s43,349,1,1.17257,3.2879,0.0,0.00098684678279417
text_text_ln_lrh0.001_frozen_e5_s43,350,1,2.07609,6.5381,0.0,0.0009864912904372556
text_text_ln_lrh0.001_frozen_e5_s43,351,1,1.1979,2.7463,0.0,0.0009861357980803414
text_text_ln_lrh0.001_frozen_e5_s43,352,1,1.73062,2.5225,0.0,0.000985780305723427
text_text_ln_lrh0.001_frozen_e5_s43,353,1,1.71265,5.4315,0.0,0.0009854248133665127
text_text_ln_lrh0.001_frozen_e5_s43,354,1,1.10336,5.7705,0.0,0.0009850693210095983
text_text_ln_lrh0.001_frozen_e5_s43,355,1,1.4044,3.7565,0.0,0.000984713828652684
text_text_ln_lrh0.001_frozen_e5_s43,356,1,1.36897,5.0635,0.0,0.0009843583362957697
text_text_ln_lrh0.001_frozen_e5_s43,357,1,1.35475,3.3393,0.0,0.0009840028439388553
text_text_ln_lrh0.001_frozen_e5_s43,358,1,1.21565,4.5675,0.0,0.000983647351581941
text_text_ln_lrh0.001_frozen_e5_s43,359,1,1.03829,4.7405,0.0,0.0009832918592250267
text_text_ln_lrh0.001_frozen_e5_s43,360,1,1.15669,3.619,0.0,0.0009829363668681123
text_text_ln_lrh0.001_frozen_e5_s43,361,1,1.35072,1.7754,0.0,0.000982580874511198
text_text_ln_lrh0.001_frozen_e5_s43,362,1,1.24226,3.3746,0.0,0.0009822253821542837
text_text_ln_lrh0.001_frozen_e5_s43,363,1,1.57251,5.7347,0.0,0.0009818698897973693
text_text_ln_lrh0.001_frozen_e5_s43,364,1,1.40383,4.1771,0.0,0.000981514397440455
text_text_ln_lrh0.001_frozen_e5_s43,365,1,1.3328,3.6255,0.0,0.0009811589050835409
text_text_ln_lrh0.001_frozen_e5_s43,366,1,0.93968,2.7695,0.0,0.0009808034127266265
text_text_ln_lrh0.001_frozen_e5_s43,367,1,0.98086,1.9679,0.0,0.000980447920369712
text_text_ln_lrh0.001_frozen_e5_s43,368,1,0.60701,2.141,0.0,0.0009800924280127978
text_text_ln_lrh0.001_frozen_e5_s43,369,1,1.47134,3.1492,0.0,0.0009797369356558834
text_text_ln_lrh0.001_frozen_e5_s43,370,1,1.57632,4.4069,0.0,0.000979381443298969
text_text_ln_lrh0.001_frozen_e5_s43,371,1,1.56365,4.6931,0.0,0.0009790259509420548
text_text_ln_lrh0.001_frozen_e5_s43,372,1,1.63731,2.8784,0.0,0.0009786704585851404
text_text_ln_lrh0.001_frozen_e5_s43,373,1,1.28607,3.4872,0.0,0.0009783149662282262
text_text_ln_lrh0.001_frozen_e5_s43,374,1,1.55284,2.2977,0.0,0.0009779594738713118
text_text_ln_lrh0.001_frozen_e5_s43,375,1,1.20141,2.3637,0.0,0.0009776039815143974
text_text_ln_lrh0.001_frozen_e5_s43,376,1,1.15808,2.625,0.0,0.0009772484891574832
text_text_ln_lrh0.001_frozen_e5_s43,377,1,1.49916,5.5523,0.0,0.0009768929968005688
text_text_ln_lrh0.001_frozen_e5_s43,378,1,1.36147,4.2643,0.0,0.0009765375044436545
text_text_ln_lrh0.001_frozen_e5_s43,379,1,1.1401,3.2612,0.0,0.0009761820120867402
text_text_ln_lrh0.001_frozen_e5_s43,380,1,1.48943,3.1903,0.0,0.0009758265197298259
text_text_ln_lrh0.001_frozen_e5_s43,381,1,1.28427,3.2136,0.0,0.0009754710273729114
text_text_ln_lrh0.001_frozen_e5_s43,382,1,1.42617,3.5225,0.0,0.0009751155350159971
text_text_ln_lrh0.001_frozen_e5_s43,383,1,0.98806,4.3578,0.0,0.0009747600426590828
text_text_ln_lrh0.001_frozen_e5_s43,384,1,1.33273,2.8787,0.0,0.0009744045503021685
text_text_ln_lrh0.001_frozen_e5_s43,385,1,1.08315,2.241,0.0,0.0009740490579452542
text_text_ln_lrh0.001_frozen_e5_s43,386,1,1.2701,3.9509,0.0,0.0009736935655883399
text_text_ln_lrh0.001_frozen_e5_s43,387,1,1.22422,3.5074,0.0,0.0009733380732314255
text_text_ln_lrh0.001_frozen_e5_s43,388,1,1.57743,5.7084,0.0,0.0009729825808745112
text_text_ln_lrh0.001_frozen_e5_s43,389,1,1.05693,2.2767,0.0,0.0009726270885175969
text_text_ln_lrh0.001_frozen_e5_s43,390,1,1.41054,2.0797,0.0,0.0009722715961606826
text_text_ln_lrh0.001_frozen_e5_s43,391,1,1.24353,2.8715,0.0,0.0009719161038037683
text_text_ln_lrh0.001_frozen_e5_s43,392,1,1.37921,4.1204,0.0,0.000971560611446854
text_text_ln_lrh0.001_frozen_e5_s43,393,1,1.59554,4.4587,0.0,0.0009712051190899396
text_text_ln_lrh0.001_frozen_e5_s43,394,1,0.96543,5.1186,0.0,0.0009708496267330253
text_text_ln_lrh0.001_frozen_e5_s43,395,1,1.5132,3.8099,0.0,0.0009704941343761108
text_text_ln_lrh0.001_frozen_e5_s43,396,1,1.19108,4.961,0.0,0.0009701386420191967
text_text_ln_lrh0.001_frozen_e5_s43,397,1,1.4541,3.3731,0.0,0.0009697831496622823
text_text_ln_lrh0.001_frozen_e5_s43,398,1,1.20694,4.3267,0.0,0.0009694276573053679
text_text_ln_lrh0.001_frozen_e5_s43,399,1,1.19992,4.2978,0.0,0.0009690721649484536
text_text_ln_lrh0.001_frozen_e5_s43,400,1,1.38456,2.2723,0.0,0.0009687166725915393
text_text_ln_lrh0.001_frozen_e5_s43,401,1,1.20213,3.5877,0.0,0.0009683611802346249
text_text_ln_lrh0.001_frozen_e5_s43,402,1,1.03765,2.8115,0.0,0.0009680056878777106
text_text_ln_lrh0.001_frozen_e5_s43,403,1,1.77565,7.3449,0.0,0.0009676501955207964
text_text_ln_lrh0.001_frozen_e5_s43,404,1,0.97721,4.3018,0.0,0.000967294703163882
text_text_ln_lrh0.001_frozen_e5_s43,405,1,1.47438,4.2583,0.0,0.0009669392108069677
text_text_ln_lrh0.001_frozen_e5_s43,406,1,1.55266,4.9148,0.0,0.0009665837184500534
text_text_ln_lrh0.001_frozen_e5_s43,407,1,1.61028,4.5578,0.0,0.000966228226093139
text_text_ln_lrh0.001_frozen_e5_s43,408,1,1.16942,3.7365,0.0,0.0009658727337362247
text_text_ln_lrh0.001_frozen_e5_s43,409,1,1.46276,4.1613,0.0,0.0009655172413793104
text_text_ln_lrh0.001_frozen_e5_s43,410,1,1.4441,3.8741,0.0,0.000965161749022396
text_text_ln_lrh0.001_frozen_e5_s43,411,1,1.30123,4.6345,0.0,0.0009648062566654817
text_text_ln_lrh0.001_frozen_e5_s43,412,1,1.20652,6.2522,0.0,0.0009644507643085673
text_text_ln_lrh0.001_frozen_e5_s43,413,1,1.15055,4.8836,0.0,0.000964095271951653
text_text_ln_lrh0.001_frozen_e5_s43,414,1,1.27102,5.7463,0.0,0.0009637397795947387
text_text_ln_lrh0.001_frozen_e5_s43,415,1,1.23998,2.7599,0.0,0.0009633842872378244
text_text_ln_lrh0.001_frozen_e5_s43,416,1,1.53582,5.9074,0.0,0.0009630287948809101
text_text_ln_lrh0.001_frozen_e5_s43,417,1,1.40665,3.6772,0.0,0.0009626733025239958
text_text_ln_lrh0.001_frozen_e5_s43,418,1,1.16892,2.8235,0.0,0.0009623178101670814
text_text_ln_lrh0.001_frozen_e5_s43,419,1,1.5283,4.8408,0.0,0.0009619623178101671
text_text_ln_lrh0.001_frozen_e5_s43,420,1,1.08073,2.5668,0.0,0.0009616068254532528
text_text_ln_lrh0.001_frozen_e5_s43,421,1,1.28236,3.0347,0.0,0.0009612513330963385
text_text_ln_lrh0.001_frozen_e5_s43,422,1,1.29383,3.3855,0.0,0.0009608958407394242
text_text_ln_lrh0.001_frozen_e5_s43,423,1,1.3534,3.2917,0.0,0.0009605403483825098
text_text_ln_lrh0.001_frozen_e5_s43,424,1,1.22916,6.3652,0.0,0.0009601848560255955
text_text_ln_lrh0.001_frozen_e5_s43,425,1,1.28821,3.1405,0.0,0.0009598293636686811
text_text_ln_lrh0.001_frozen_e5_s43,426,1,1.25642,4.4123,0.0,0.0009594738713117667
text_text_ln_lrh0.001_frozen_e5_s43,427,1,1.42821,4.8648,0.0,0.0009591183789548525
text_text_ln_lrh0.001_frozen_e5_s43,428,1,1.20051,2.764,0.0,0.0009587628865979382
text_text_ln_lrh0.001_frozen_e5_s43,429,1,1.93478,4.3613,0.0,0.0009584073942410238
text_text_ln_lrh0.001_frozen_e5_s43,430,1,1.2783,4.2316,0.0,0.0009580519018841095
text_text_ln_lrh0.001_frozen_e5_s43,431,1,1.26907,2.7042,0.0,0.0009576964095271952
text_text_ln_lrh0.001_frozen_e5_s43,432,1,1.08172,3.3025,0.0,0.0009573409171702808
text_text_ln_lrh0.001_frozen_e5_s43,433,1,1.43928,4.3551,0.0,0.0009569854248133665
text_text_ln_lrh0.001_frozen_e5_s43,434,1,1.52159,2.8962,0.0,0.0009566299324564523
text_text_ln_lrh0.001_frozen_e5_s43,435,1,1.51443,2.5135,0.0,0.0009562744400995379
text_text_ln_lrh0.001_frozen_e5_s43,436,1,1.40236,4.1972,0.0,0.0009559189477426236
text_text_ln_lrh0.001_frozen_e5_s43,437,1,1.23567,3.815,0.0,0.0009555634553857092
text_text_ln_lrh0.001_frozen_e5_s43,438,1,1.13463,5.1926,0.0,0.0009552079630287949
text_text_ln_lrh0.001_frozen_e5_s43,439,1,1.66458,2.9864,0.0,0.0009548524706718806
text_text_ln_lrh0.001_frozen_e5_s43,440,1,1.13982,2.6298,0.0,0.0009544969783149662
text_text_ln_lrh0.001_frozen_e5_s43,441,1,1.20269,3.795,0.0,0.0009541414859580519
text_text_ln_lrh0.001_frozen_e5_s43,442,1,1.20457,1.9788,0.0,0.0009537859936011376
text_text_ln_lrh0.001_frozen_e5_s43,443,1,1.57585,5.3872,0.0,0.0009534305012442232
text_text_ln_lrh0.001_frozen_e5_s43,444,1,1.31922,3.1037,0.0,0.0009530750088873089
text_text_ln_lrh0.001_frozen_e5_s43,445,1,0.9349,2.1957,0.0,0.0009527195165303946
text_text_ln_lrh0.001_frozen_e5_s43,446,1,1.29165,2.4685,0.0,0.0009523640241734803
text_text_ln_lrh0.001_frozen_e5_s43,447,1,0.78239,2.8261,0.0,0.000952008531816566
text_text_ln_lrh0.001_frozen_e5_s43,448,1,1.58643,4.0662,0.0,0.0009516530394596517
text_text_ln_lrh0.001_frozen_e5_s43,449,1,1.09458,3.011,0.0,0.0009512975471027373
text_text_ln_lrh0.001_frozen_e5_s43,450,1,1.14869,2.5394,0.0,0.000950942054745823
text_text_ln_lrh0.001_frozen_e5_s43,451,1,1.43796,4.4372,0.0,0.0009505865623889086
text_text_ln_lrh0.001_frozen_e5_s43,452,1,1.8164,6.9251,0.0,0.0009502310700319944
text_text_ln_lrh0.001_frozen_e5_s43,453,1,1.03039,2.6815,0.0,0.0009498755776750801
text_text_ln_lrh0.001_frozen_e5_s43,454,1,1.0446,3.9516,0.0,0.0009495200853181656
text_text_ln_lrh0.001_frozen_e5_s43,455,1,0.93599,4.8711,0.0,0.0009491645929612513
text_text_ln_lrh0.001_frozen_e5_s43,456,1,1.31929,2.6964,0.0,0.000948809100604337
text_text_ln_lrh0.001_frozen_e5_s43,457,1,1.23383,3.7168,0.0,0.0009484536082474226
text_text_ln_lrh0.001_frozen_e5_s43,458,1,1.53368,3.0723,0.0,0.0009480981158905084
text_text_ln_lrh0.001_frozen_e5_s43,459,1,1.38293,3.3305,0.0,0.0009477426235335941
text_text_ln_lrh0.001_frozen_e5_s43,460,1,1.49668,2.4795,0.0,0.0009473871311766797
text_text_ln_lrh0.001_frozen_e5_s43,461,1,1.34504,3.5514,0.0,0.0009470316388197654
text_text_ln_lrh0.001_frozen_e5_s43,462,1,1.30323,2.0294,0.0,0.0009466761464628511
text_text_ln_lrh0.001_frozen_e5_s43,463,1,1.29475,5.9397,0.0,0.0009463206541059367
text_text_ln_lrh0.001_frozen_e5_s43,464,1,1.19465,3.633,0.0,0.0009459651617490224
text_text_ln_lrh0.001_frozen_e5_s43,465,1,1.22593,2.7604,0.0,0.0009456096693921082
text_text_ln_lrh0.001_frozen_e5_s43,466,1,1.2098,5.3367,0.0,0.0009452541770351938
text_text_ln_lrh0.001_frozen_e5_s43,467,1,0.94352,3.3191,0.0,0.0009448986846782795
text_text_ln_lrh0.001_frozen_e5_s43,468,1,1.47936,3.8739,0.0,0.000944543192321365
text_text_ln_lrh0.001_frozen_e5_s43,469,1,1.32807,3.6674,0.0,0.0009441876999644507
text_text_ln_lrh0.001_frozen_e5_s43,470,1,1.28127,2.4216,0.0,0.0009438322076075364
text_text_ln_lrh0.001_frozen_e5_s43,471,1,1.36126,3.2691,0.0,0.0009434767152506221
text_text_ln_lrh0.001_frozen_e5_s43,472,1,0.94121,3.1847,0.0,0.0009431212228937078
text_text_ln_lrh0.001_frozen_e5_s43,473,1,1.26465,2.7835,0.0,0.0009427657305367935
text_text_ln_lrh0.001_frozen_e5_s43,474,1,1.87058,6.7677,0.0,0.0009424102381798791
text_text_ln_lrh0.001_frozen_e5_s43,475,1,1.19613,2.0129,0.0,0.0009420547458229648
text_text_ln_lrh0.001_frozen_e5_s43,476,1,1.06717,2.0504,0.0,0.0009416992534660505
text_text_ln_lrh0.001_frozen_e5_s43,477,1,1.4139,6.5716,0.0,0.0009413437611091362
text_text_ln_lrh0.001_frozen_e5_s43,478,1,1.24551,2.1414,0.0,0.0009409882687522219
text_text_ln_lrh0.001_frozen_e5_s43,479,1,1.36826,2.8496,0.0,0.0009406327763953076
text_text_ln_lrh0.001_frozen_e5_s43,480,1,1.25665,3.5919,0.0,0.0009402772840383932
text_text_ln_lrh0.001_frozen_e5_s43,481,1,1.36379,3.672,0.0,0.0009399217916814789
text_text_ln_lrh0.001_frozen_e5_s43,482,1,1.03305,4.5446,0.0,0.0009395662993245645
text_text_ln_lrh0.001_frozen_e5_s43,483,1,1.20703,4.0759,0.0,0.0009392108069676503
text_text_ln_lrh0.001_frozen_e5_s43,484,1,1.16176,3.9753,0.0,0.000938855314610736
text_text_ln_lrh0.001_frozen_e5_s43,485,1,0.8382,2.6388,0.0,0.0009384998222538215
text_text_ln_lrh0.001_frozen_e5_s43,486,1,1.35199,2.308,0.0,0.0009381443298969072
text_text_ln_lrh0.001_frozen_e5_s43,487,1,1.30919,2.4744,0.0,0.0009377888375399929
text_text_ln_lrh0.001_frozen_e5_s43,488,1,1.07258,2.7122,0.0,0.0009374333451830785
text_text_ln_lrh0.001_frozen_e5_s43,489,1,1.26662,3.8096,0.0,0.0009370778528261643
text_text_ln_lrh0.001_frozen_e5_s43,490,1,1.234,2.4749,0.0,0.00093672236046925
text_text_ln_lrh0.001_frozen_e5_s43,491,1,1.29054,4.7786,0.0,0.0009363668681123356
text_text_ln_lrh0.001_frozen_e5_s43,492,1,0.88901,3.173,0.0,0.0009360113757554213
text_text_ln_lrh0.001_frozen_e5_s43,493,1,1.66424,3.707,0.0,0.000935655883398507
text_text_ln_lrh0.001_frozen_e5_s43,494,1,0.79065,3.5982,0.0,0.0009353003910415926
text_text_ln_lrh0.001_frozen_e5_s43,495,1,1.08405,2.0155,0.0,0.0009349448986846783
text_text_ln_lrh0.001_frozen_e5_s43,496,1,1.72801,6.1769,0.0,0.000934589406327764
text_text_ln_lrh0.001_frozen_e5_s43,497,1,1.56944,4.372,0.0,0.0009342339139708497
text_text_ln_lrh0.001_frozen_e5_s43,498,1,1.34349,2.6315,0.0,0.0009338784216139354
text_text_ln_lrh0.001_frozen_e5_s43,499,1,1.01985,3.0178,0.0,0.0009335229292570209
text_text_ln_lrh0.001_frozen_e5_s43,500,1,1.44415,3.1548,0.0,0.0009331674369001066
text_text_ln_lrh0.001_frozen_e5_s43,501,1,1.18289,1.6185,0.0,0.0009328119445431923
text_text_ln_lrh0.001_frozen_e5_s43,502,1,1.19951,2.827,0.0,0.000932456452186278
text_text_ln_lrh0.001_frozen_e5_s43,503,1,1.19363,2.5188,0.0,0.0009321009598293637
text_text_ln_lrh0.001_frozen_e5_s43,504,1,1.39254,3.5977,0.0,0.0009317454674724494
text_text_ln_lrh0.001_frozen_e5_s43,505,1,1.42172,4.1912,0.0,0.000931389975115535
text_text_ln_lrh0.001_frozen_e5_s43,506,1,1.0763,2.4627,0.0,0.0009310344827586207
text_text_ln_lrh0.001_frozen_e5_s43,507,1,1.55737,3.0496,0.0,0.0009306789904017064
text_text_ln_lrh0.001_frozen_e5_s43,508,1,0.79124,2.1711,0.0,0.0009303234980447921
text_text_ln_lrh0.001_frozen_e5_s43,509,1,1.69735,5.2153,0.0,0.0009299680056878778
text_text_ln_lrh0.001_frozen_e5_s43,510,1,1.03854,2.0211,0.0,0.0009296125133309634
text_text_ln_lrh0.001_frozen_e5_s43,511,1,1.74456,2.2817,0.0,0.0009292570209740491
text_text_ln_lrh0.001_frozen_e5_s43,512,1,1.19649,2.6255,0.0,0.0009289015286171348
text_text_ln_lrh0.001_frozen_e5_s43,513,1,1.25866,3.4657,0.0,0.0009285460362602203
text_text_ln_lrh0.001_frozen_e5_s43,514,1,1.38712,3.2731,0.0,0.0009281905439033061
text_text_ln_lrh0.001_frozen_e5_s43,515,1,0.76508,4.2463,0.0,0.0009278350515463918
text_text_ln_lrh0.001_frozen_e5_s43,516,1,0.96409,4.8257,0.0,0.0009274795591894774
text_text_ln_lrh0.001_frozen_e5_s43,517,1,1.08352,4.8737,0.0,0.0009271240668325631
text_text_ln_lrh0.001_frozen_e5_s43,518,1,1.3684,4.2312,0.0,0.0009267685744756488
text_text_ln_lrh0.001_frozen_e5_s43,519,1,0.95621,8.5599,0.0,0.0009264130821187344
text_text_ln_lrh0.001_frozen_e5_s43,520,1,1.26604,3.2431,0.0,0.0009260575897618201
text_text_ln_lrh0.001_frozen_e5_s43,521,1,1.29428,3.6093,0.0,0.0009257020974049059
text_text_ln_lrh0.001_frozen_e5_s43,522,1,1.57527,3.8055,0.0,0.0009253466050479915
text_text_ln_lrh0.001_frozen_e5_s43,523,1,1.2694,5.0088,0.0,0.0009249911126910772
text_text_ln_lrh0.001_frozen_e5_s43,524,1,0.84105,1.9507,0.0,0.0009246356203341628
text_text_ln_lrh0.001_frozen_e5_s43,525,1,1.12912,3.8225,0.0,0.0009242801279772485
text_text_ln_lrh0.001_frozen_e5_s43,526,1,1.42759,4.804,0.0,0.0009239246356203342
text_text_ln_lrh0.001_frozen_e5_s43,527,1,1.75067,5.54,0.0,0.0009235691432634199
text_text_ln_lrh0.001_frozen_e5_s43,528,1,1.00654,3.7928,0.0,0.0009232136509065055
text_text_ln_lrh0.001_frozen_e5_s43,529,1,1.38433,3.0812,0.0,0.0009228581585495912
text_text_ln_lrh0.001_frozen_e5_s43,530,1,1.05987,2.7712,0.0,0.0009225026661926768
text_text_ln_lrh0.001_frozen_e5_s43,531,1,1.17738,1.7573,0.0,0.0009221471738357625
text_text_ln_lrh0.001_frozen_e5_s43,532,1,1.58655,3.0231,0.0,0.0009217916814788482
text_text_ln_lrh0.001_frozen_e5_s43,533,1,1.11793,1.4124,0.0,0.0009214361891219339
text_text_ln_lrh0.001_frozen_e5_s43,534,1,1.34299,6.5978,0.0,0.0009210806967650196
text_text_ln_lrh0.001_frozen_e5_s43,535,1,1.22828,5.747,0.0,0.0009207252044081053
text_text_ln_lrh0.001_frozen_e5_s43,536,1,1.18922,3.8063,0.0,0.0009203697120511909
text_text_ln_lrh0.001_frozen_e5_s43,537,1,1.146,3.3039,0.0,0.0009200142196942766
text_text_ln_lrh0.001_frozen_e5_s43,538,1,1.23056,2.6286,0.0,0.0009196587273373622
text_text_ln_lrh0.001_frozen_e5_s43,539,1,1.38662,3.8471,0.0,0.000919303234980448
text_text_ln_lrh0.001_frozen_e5_s43,540,1,1.16488,2.8662,0.0,0.0009189477426235337
text_text_ln_lrh0.001_frozen_e5_s43,541,1,0.82309,2.1581,0.0,0.0009185922502666193
text_text_ln_lrh0.001_frozen_e5_s43,542,1,1.07904,4.015,0.0,0.000918236757909705
text_text_ln_lrh0.001_frozen_e5_s43,543,1,1.3854,3.5724,0.0,0.0009178812655527906
text_text_ln_lrh0.001_frozen_e5_s43,544,1,1.12446,2.454,0.0,0.0009175257731958762
text_text_ln_lrh0.001_frozen_e5_s43,545,1,0.90791,3.2366,0.0,0.000917170280838962
text_text_ln_lrh0.001_frozen_e5_s43,546,1,0.88059,3.1515,0.0,0.0009168147884820477
text_text_ln_lrh0.001_frozen_e5_s43,547,1,1.05589,3.25,0.0,0.0009164592961251333
text_text_ln_lrh0.001_frozen_e5_s43,548,1,1.41864,4.6218,0.0,0.000916103803768219
text_text_ln_lrh0.001_frozen_e5_s43,549,1,1.154,3.832,0.0,0.0009157483114113047
text_text_ln_lrh0.001_frozen_e5_s43,550,1,1.47181,5.0959,0.0,0.0009153928190543903
text_text_ln_lrh0.001_frozen_e5_s43,551,1,1.31935,2.8228,0.0,0.000915037326697476
text_text_ln_lrh0.001_frozen_e5_s43,552,1,1.31153,6.5101,0.0,0.0009146818343405618
text_text_ln_lrh0.001_frozen_e5_s43,553,1,1.31404,2.7031,0.0,0.0009143263419836474
text_text_ln_lrh0.001_frozen_e5_s43,554,1,0.92023,3.5317,0.0,0.0009139708496267331
text_text_ln_lrh0.001_frozen_e5_s43,555,1,1.25303,2.0231,0.0,0.0009136153572698187
text_text_ln_lrh0.001_frozen_e5_s43,556,1,0.95696,6.7004,0.0,0.0009132598649129044
text_text_ln_lrh0.001_frozen_e5_s43,557,1,1.17201,3.622,0.0,0.00091290437255599
text_text_ln_lrh0.001_frozen_e5_s43,558,1,1.46455,5.0788,0.0,0.0009125488801990757
text_text_ln_lrh0.001_frozen_e5_s43,559,1,1.24695,3.0824,0.0,0.0009121933878421614
text_text_ln_lrh0.001_frozen_e5_s43,560,1,1.67147,4.599,0.0,0.0009118378954852471
text_text_ln_lrh0.001_frozen_e5_s43,561,1,1.66282,6.8335,0.0,0.0009114824031283327
text_text_ln_lrh0.001_frozen_e5_s43,562,1,1.36854,5.7381,0.0,0.0009111269107714184
text_text_ln_lrh0.001_frozen_e5_s43,563,1,1.37444,6.6134,0.0,0.0009107714184145041
text_text_ln_lrh0.001_frozen_e5_s43,564,1,1.53043,5.0377,0.0,0.0009104159260575898
text_text_ln_lrh0.001_frozen_e5_s43,565,1,1.42533,3.4414,0.0,0.0009100604337006755
text_text_ln_lrh0.001_frozen_e5_s43,566,1,0.86983,4.5214,0.0,0.0009097049413437612
text_text_ln_lrh0.001_frozen_e5_s43,567,1,0.92711,1.9487,0.0,0.0009093494489868468
text_text_ln_lrh0.001_frozen_e5_s43,568,1,1.10696,4.9759,0.0,0.0009089939566299325
text_text_ln_lrh0.001_frozen_e5_s43,569,1,1.45052,5.9385,0.0,0.0009086384642730181
text_text_ln_lrh0.001_frozen_e5_s43,570,1,1.36343,4.1808,0.0,0.0009082829719161039
text_text_ln_lrh0.001_frozen_e5_s43,571,1,1.64043,6.6701,0.0,0.0009079274795591896
text_text_ln_lrh0.001_frozen_e5_s43,572,1,1.26283,2.2726,0.0,0.0009075719872022751
text_text_ln_lrh0.001_frozen_e5_s43,573,1,1.29257,5.6238,0.0,0.0009072164948453608
text_text_ln_lrh0.001_frozen_e5_s43,574,1,1.33562,2.4618,0.0,0.0009068610024884465
text_text_ln_lrh0.001_frozen_e5_s43,575,1,1.1885,2.8904,0.0,0.0009065055101315321
text_text_ln_lrh0.001_frozen_e5_s43,576,1,1.36812,2.762,0.0,0.0009061500177746179
text_text_ln_lrh0.001_frozen_e5_s43,577,1,1.30833,2.8876,0.0,0.0009057945254177036
text_text_ln_lrh0.001_frozen_e5_s43,578,1,1.41884,2.266,0.0,0.0009054390330607892
text_text_ln_lrh0.001_frozen_e5_s43,579,1,1.20671,2.2968,0.0,0.0009050835407038749
text_text_ln_lrh0.001_frozen_e5_s43,580,1,1.53255,2.4633,0.0,0.0009047280483469606
text_text_ln_lrh0.001_frozen_e5_s43,581,1,1.41847,6.828,0.0,0.0009043725559900462
text_text_ln_lrh0.001_frozen_e5_s43,582,1,1.3777,4.4264,0.0,0.0009040170636331319
text_text_ln_lrh0.001_frozen_e5_s43,583,1,1.36747,4.0666,0.0,0.0009036615712762176
text_text_ln_lrh0.001_frozen_e5_s43,584,1,1.38222,6.6334,0.0,0.0009033060789193033
text_text_ln_lrh0.001_frozen_e5_s43,585,1,1.29006,3.4849,0.0,0.000902950586562389
text_text_ln_lrh0.001_frozen_e5_s43,586,1,1.06032,6.407,0.0,0.0009025950942054745
text_text_ln_lrh0.001_frozen_e5_s43,587,1,1.78338,8.7566,0.0,0.0009022396018485602
text_text_ln_lrh0.001_frozen_e5_s43,588,1,1.14399,2.2267,0.0,0.0009018841094916459
text_text_ln_lrh0.001_frozen_e5_s43,589,1,0.92178,2.166,0.0,0.0009015286171347316
text_text_ln_lrh0.001_frozen_e5_s43,590,1,1.24907,2.1612,0.0,0.0009011731247778173
text_text_ln_lrh0.001_frozen_e5_s43,591,1,0.81116,3.6219,0.0,0.000900817632420903
text_text_ln_lrh0.001_frozen_e5_s43,592,1,1.17212,2.9628,0.0,0.0009004621400639886
text_text_ln_lrh0.001_frozen_e5_s43,593,1,1.07216,4.6235,0.0,0.0009001066477070743
text_text_ln_lrh0.001_frozen_e5_s43,594,1,1.38848,4.8641,0.0,0.00089975115535016
text_text_ln_lrh0.001_frozen_e5_s43,595,1,1.4662,4.705,0.0,0.0008993956629932457
text_text_ln_lrh0.001_frozen_e5_s43,596,1,1.17994,1.8984,0.0,0.0008990401706363314
text_text_ln_lrh0.001_frozen_e5_s43,597,1,1.79741,5.704,0.0,0.000898684678279417
text_text_ln_lrh0.001_frozen_e5_s43,598,1,1.34461,4.043,0.0,0.0008983291859225027
text_text_ln_lrh0.001_frozen_e5_s43,599,1,1.5565,2.0628,0.0,0.0008979736935655884
text_text_ln_lrh0.001_frozen_e5_s43,600,1,1.55289,4.5472,0.0,0.000897618201208674
text_text_ln_lrh0.001_frozen_e5_s43,601,1,1.16867,3.8516,0.0,0.0008972627088517597
text_text_ln_lrh0.001_frozen_e5_s43,602,1,1.26789,2.101,0.0,0.0008969072164948454
text_text_ln_lrh0.001_frozen_e5_s43,603,1,1.59647,3.4243,0.0,0.000896551724137931
text_text_ln_lrh0.001_frozen_e5_s43,604,1,1.34582,3.7768,0.0,0.0008961962317810167
text_text_ln_lrh0.001_frozen_e5_s43,605,1,1.72144,4.0416,0.0,0.0008958407394241024
text_text_ln_lrh0.001_frozen_e5_s43,606,1,1.33535,7.9834,0.0,0.000895485247067188
text_text_ln_lrh0.001_frozen_e5_s43,607,1,1.18957,7.5364,0.0,0.0008951297547102738
text_text_ln_lrh0.001_frozen_e5_s43,608,1,1.52024,4.5812,0.0,0.0008947742623533595
text_text_ln_lrh0.001_frozen_e5_s43,609,1,1.2548,3.1344,0.0,0.0008944187699964451
text_text_ln_lrh0.001_frozen_e5_s43,610,1,1.22548,2.6597,0.0,0.0008940632776395308
text_text_ln_lrh0.001_frozen_e5_s43,611,1,1.11342,3.8564,0.0,0.0008937077852826164
text_text_ln_lrh0.001_frozen_e5_s43,612,1,1.11543,2.6786,0.0,0.0008933522929257021
text_text_ln_lrh0.001_frozen_e5_s43,613,1,1.17947,3.6814,0.0,0.0008929968005687878
text_text_ln_lrh0.001_frozen_e5_s43,614,1,0.82441,2.6395,0.0,0.0008926413082118735
text_text_ln_lrh0.001_frozen_e5_s43,615,1,1.67918,4.7797,0.0,0.0008922858158549592
text_text_ln_lrh0.001_frozen_e5_s43,616,1,0.95667,1.9653,0.0,0.0008919303234980448
text_text_ln_lrh0.001_frozen_e5_s43,617,1,1.80001,8.1755,0.0,0.0008915748311411304
text_text_ln_lrh0.001_frozen_e5_s43,618,1,1.15297,2.6561,0.0,0.0008912193387842161
text_text_ln_lrh0.001_frozen_e5_s43,619,1,1.56807,3.4501,0.0,0.0008908638464273018
text_text_ln_lrh0.001_frozen_e5_s43,620,1,0.91447,1.346,0.0,0.0008905083540703875
text_text_ln_lrh0.001_frozen_e5_s43,621,1,1.45262,5.5043,0.0,0.0008901528617134732
text_text_ln_lrh0.001_frozen_e5_s43,622,1,1.57894,3.9513,0.0,0.0008897973693565589
text_text_ln_lrh0.001_frozen_e5_s43,623,1,1.30941,3.9296,0.0,0.0008894418769996445
text_text_ln_lrh0.001_frozen_e5_s43,624,1,1.37102,2.958,0.0,0.0008890863846427302
text_text_ln_lrh0.001_frozen_e5_s43,625,1,1.30102,7.0393,0.0,0.0008887308922858158
text_text_ln_lrh0.001_frozen_e5_s43,626,2,1.21439,3.9905,0.0,0.0008883753999289016
text_text_ln_lrh0.001_frozen_e5_s43,627,2,1.18255,3.5021,0.0,0.0008880199075719873
text_text_ln_lrh0.001_frozen_e5_s43,628,2,1.61325,3.403,0.0,0.0008876644152150729
text_text_ln_lrh0.001_frozen_e5_s43,629,2,1.08042,4.4526,0.0,0.0008873089228581586
text_text_ln_lrh0.001_frozen_e5_s43,630,2,1.09966,2.0193,0.0,0.0008869534305012442
text_text_ln_lrh0.001_frozen_e5_s43,631,2,1.41693,2.0108,0.0,0.0008865979381443298
text_text_ln_lrh0.001_frozen_e5_s43,632,2,1.0105,1.9703,0.0,0.0008862424457874156
text_text_ln_lrh0.001_frozen_e5_s43,633,2,1.43983,1.8074,0.0,0.0008858869534305013
text_text_ln_lrh0.001_frozen_e5_s43,634,2,1.02327,1.9755,0.0,0.0008855314610735869
text_text_ln_lrh0.001_frozen_e5_s43,635,2,1.23341,2.5196,0.0,0.0008851759687166726
text_text_ln_lrh0.001_frozen_e5_s43,636,2,0.9959,3.8554,0.0,0.0008848204763597583
text_text_ln_lrh0.001_frozen_e5_s43,637,2,1.28341,3.6671,0.0,0.0008844649840028439
text_text_ln_lrh0.001_frozen_e5_s43,638,2,1.34749,3.408,0.0,0.0008841094916459296
text_text_ln_lrh0.001_frozen_e5_s43,639,2,1.12521,4.9367,0.0,0.0008837539992890154
text_text_ln_lrh0.001_frozen_e5_s43,640,2,1.31747,2.8911,0.0,0.000883398506932101
text_text_ln_lrh0.001_frozen_e5_s43,641,2,1.13271,3.8752,0.0,0.0008830430145751867
text_text_ln_lrh0.001_frozen_e5_s43,642,2,1.08847,3.202,0.0,0.0008826875222182723
text_text_ln_lrh0.001_frozen_e5_s43,643,2,1.57011,4.5783,0.0,0.000882332029861358
text_text_ln_lrh0.001_frozen_e5_s43,644,2,0.87734,2.1971,0.0,0.0008819765375044437
text_text_ln_lrh0.001_frozen_e5_s43,645,2,1.20487,3.1977,0.0,0.0008816210451475293
text_text_ln_lrh0.001_frozen_e5_s43,646,2,1.26619,3.3027,0.0,0.000881265552790615
text_text_ln_lrh0.001_frozen_e5_s43,647,2,1.13172,4.0128,0.0,0.0008809100604337007
text_text_ln_lrh0.001_frozen_e5_s43,648,2,0.66889,4.5674,0.0,0.0008805545680767863
text_text_ln_lrh0.001_frozen_e5_s43,649,2,1.01104,1.9991,0.0,0.000880199075719872
text_text_ln_lrh0.001_frozen_e5_s43,650,2,1.27326,3.9788,0.0,0.0008798435833629577
text_text_ln_lrh0.001_frozen_e5_s43,651,2,1.63832,5.0163,0.0,0.0008794880910060434
text_text_ln_lrh0.001_frozen_e5_s43,652,2,1.25041,3.1729,0.0,0.0008791325986491291
text_text_ln_lrh0.001_frozen_e5_s43,653,2,0.82399,1.9851,0.0,0.0008787771062922148
text_text_ln_lrh0.001_frozen_e5_s43,654,2,1.2342,2.8318,0.0,0.0008784216139353004
text_text_ln_lrh0.001_frozen_e5_s43,655,2,1.41889,4.0795,0.0,0.0008780661215783861
text_text_ln_lrh0.001_frozen_e5_s43,656,2,1.52031,6.4701,0.0,0.0008777106292214717
text_text_ln_lrh0.001_frozen_e5_s43,657,2,0.96213,4.9106,0.0,0.0008773551368645575
text_text_ln_lrh0.001_frozen_e5_s43,658,2,1.40995,3.7539,0.0,0.0008769996445076432
text_text_ln_lrh0.001_frozen_e5_s43,659,2,0.75195,3.1223,0.0,0.0008766441521507287
text_text_ln_lrh0.001_frozen_e5_s43,660,2,0.83632,2.532,0.0,0.0008762886597938144
text_text_ln_lrh0.001_frozen_e5_s43,661,2,0.9904,2.3459,0.0,0.0008759331674369001
text_text_ln_lrh0.001_frozen_e5_s43,662,2,1.65855,2.4112,0.0,0.0008755776750799857
text_text_ln_lrh0.001_frozen_e5_s43,663,2,1.07575,2.7873,0.0,0.0008752221827230715
text_text_ln_lrh0.001_frozen_e5_s43,664,2,1.22237,2.633,0.0,0.0008748666903661572
text_text_ln_lrh0.001_frozen_e5_s43,665,2,1.04569,2.7368,0.0,0.0008745111980092428
text_text_ln_lrh0.001_frozen_e5_s43,666,2,1.21089,2.405,0.0,0.0008741557056523285
text_text_ln_lrh0.001_frozen_e5_s43,667,2,1.47347,3.834,0.0,0.0008738002132954142
text_text_ln_lrh0.001_frozen_e5_s43,668,2,0.81544,2.0876,0.0,0.0008734447209384998
text_text_ln_lrh0.001_frozen_e5_s43,669,2,1.19007,4.6559,0.0,0.0008730892285815855
text_text_ln_lrh0.001_frozen_e5_s43,670,2,1.07262,3.8599,0.0,0.0008727337362246712
text_text_ln_lrh0.001_frozen_e5_s43,671,2,1.42958,2.8968,0.0,0.0008723782438677569
text_text_ln_lrh0.001_frozen_e5_s43,672,2,1.45697,3.7626,0.0,0.0008720227515108426
text_text_ln_lrh0.001_frozen_e5_s43,673,2,1.03666,2.1146,0.0,0.0008716672591539281
text_text_ln_lrh0.001_frozen_e5_s43,674,2,0.90502,5.3757,0.0,0.0008713117667970138
text_text_ln_lrh0.001_frozen_e5_s43,675,2,1.18378,3.0679,0.0,0.0008709562744400995
text_text_ln_lrh0.001_frozen_e5_s43,676,2,1.1961,3.9674,0.0,0.0008706007820831852
text_text_ln_lrh0.001_frozen_e5_s43,677,2,1.22836,4.0056,0.0,0.0008702452897262709
text_text_ln_lrh0.001_frozen_e5_s43,678,2,1.56788,2.7185,0.0,0.0008698897973693566
text_text_ln_lrh0.001_frozen_e5_s43,679,2,1.94684,4.6631,0.0,0.0008695343050124422
text_text_ln_lrh0.001_frozen_e5_s43,680,2,1.16484,2.2776,0.0,0.0008691788126555279
text_text_ln_lrh0.001_frozen_e5_s43,681,2,1.10596,1.9686,0.0,0.0008688233202986136
text_text_ln_lrh0.001_frozen_e5_s43,682,2,1.51067,5.4885,0.0,0.0008684678279416993
text_text_ln_lrh0.001_frozen_e5_s43,683,2,1.01119,2.9523,0.0,0.000868112335584785
text_text_ln_lrh0.001_frozen_e5_s43,684,2,1.04053,4.5008,0.0,0.0008677568432278706
text_text_ln_lrh0.001_frozen_e5_s43,685,2,1.29302,4.4071,0.0,0.0008674013508709563
text_text_ln_lrh0.001_frozen_e5_s43,686,2,0.96912,1.9442,0.0,0.000867045858514042
text_text_ln_lrh0.001_frozen_e5_s43,687,2,1.16659,2.1002,0.0,0.0008666903661571276
text_text_ln_lrh0.001_frozen_e5_s43,688,2,1.46458,3.3941,0.0,0.0008663348738002134
text_text_ln_lrh0.001_frozen_e5_s43,689,2,0.95036,2.7687,0.0,0.000865979381443299
text_text_ln_lrh0.001_frozen_e5_s43,690,2,1.44392,4.8462,0.0,0.0008656238890863846
text_text_ln_lrh0.001_frozen_e5_s43,691,2,1.58059,7.7252,0.0,0.0008652683967294703
text_text_ln_lrh0.001_frozen_e5_s43,692,2,1.47381,5.1554,0.0,0.000864912904372556
text_text_ln_lrh0.001_frozen_e5_s43,693,2,1.44982,3.4009,0.0,0.0008645574120156416
text_text_ln_lrh0.001_frozen_e5_s43,694,2,1.67307,3.7867,0.0,0.0008642019196587274
text_text_ln_lrh0.001_frozen_e5_s43,695,2,0.91121,3.1038,0.0,0.0008638464273018131
text_text_ln_lrh0.001_frozen_e5_s43,696,2,1.09764,2.8685,0.0,0.0008634909349448987
text_text_ln_lrh0.001_frozen_e5_s43,697,2,1.57076,2.0914,0.0,0.0008631354425879844
text_text_ln_lrh0.001_frozen_e5_s43,698,2,1.15069,3.6182,0.0,0.0008627799502310701
text_text_ln_lrh0.001_frozen_e5_s43,699,2,1.09459,4.6103,0.0,0.0008624244578741557
text_text_ln_lrh0.001_frozen_e5_s43,700,2,1.36715,2.9615,0.0,0.0008620689655172414
text_text_ln_lrh0.001_frozen_e5_s43,701,2,1.0873,1.527,0.0,0.0008617134731603271
text_text_ln_lrh0.001_frozen_e5_s43,702,2,1.2672,4.3268,0.0,0.0008613579808034128
text_text_ln_lrh0.001_frozen_e5_s43,703,2,0.81378,6.1645,0.0,0.0008610024884464985
text_text_ln_lrh0.001_frozen_e5_s43,704,2,1.07477,3.0135,0.0,0.000860646996089584
text_text_ln_lrh0.001_frozen_e5_s43,705,2,1.06894,3.4681,0.0,0.0008602915037326697
text_text_ln_lrh0.001_frozen_e5_s43,706,2,1.48679,3.1398,0.0,0.0008599360113757554
text_text_ln_lrh0.001_frozen_e5_s43,707,2,1.5614,3.9071,0.0,0.0008595805190188411
text_text_ln_lrh0.001_frozen_e5_s43,708,2,1.3353,3.6612,0.0,0.0008592250266619268
text_text_ln_lrh0.001_frozen_e5_s43,709,2,1.48367,3.4658,0.0,0.0008588695343050125
text_text_ln_lrh0.001_frozen_e5_s43,710,2,1.09097,2.3671,0.0,0.0008585140419480981
text_text_ln_lrh0.001_frozen_e5_s43,711,2,1.03438,3.3099,0.0,0.0008581585495911838
text_text_ln_lrh0.001_frozen_e5_s43,712,2,0.91539,3.6087,0.0,0.0008578030572342695
text_text_ln_lrh0.001_frozen_e5_s43,713,2,1.02592,4.9866,0.0,0.0008574475648773552
text_text_ln_lrh0.001_frozen_e5_s43,714,2,1.10147,2.5454,0.0,0.0008570920725204409
text_text_ln_lrh0.001_frozen_e5_s43,715,2,1.3979,3.5814,0.0,0.0008567365801635265
text_text_ln_lrh0.001_frozen_e5_s43,716,2,1.05977,2.9572,0.0,0.0008563810878066122
text_text_ln_lrh0.001_frozen_e5_s43,717,2,1.05051,3.6852,0.0,0.0008560255954496979
text_text_ln_lrh0.001_frozen_e5_s43,718,2,0.8982,3.1,0.0,0.0008556701030927834
text_text_ln_lrh0.001_frozen_e5_s43,719,2,0.68844,2.3563,0.0,0.0008553146107358692
text_text_ln_lrh0.001_frozen_e5_s43,720,2,1.5294,3.4437,0.0,0.0008549591183789549
text_text_ln_lrh0.001_frozen_e5_s43,721,2,0.97157,3.0838,0.0,0.0008546036260220405
text_text_ln_lrh0.001_frozen_e5_s43,722,2,0.74409,3.0991,0.0,0.0008542481336651262
text_text_ln_lrh0.001_frozen_e5_s43,723,2,1.56386,6.798,0.0,0.0008538926413082119
text_text_ln_lrh0.001_frozen_e5_s43,724,2,1.06312,2.8041,0.0,0.0008535371489512975
text_text_ln_lrh0.001_frozen_e5_s43,725,2,1.00124,3.1313,0.0,0.0008531816565943833
text_text_ln_lrh0.001_frozen_e5_s43,726,2,1.14918,2.2016,0.0,0.000852826164237469
text_text_ln_lrh0.001_frozen_e5_s43,727,2,1.263,5.0232,0.0,0.0008524706718805546
text_text_ln_lrh0.001_frozen_e5_s43,728,2,1.25129,3.4686,0.0,0.0008521151795236403
text_text_ln_lrh0.001_frozen_e5_s43,729,2,1.26639,4.7283,0.0,0.0008517596871667259
text_text_ln_lrh0.001_frozen_e5_s43,730,2,1.06883,3.143,0.0,0.0008514041948098116
text_text_ln_lrh0.001_frozen_e5_s43,731,2,1.55611,3.5829,0.0,0.0008510487024528973
text_text_ln_lrh0.001_frozen_e5_s43,732,2,1.52932,3.4454,0.0,0.000850693210095983
text_text_ln_lrh0.001_frozen_e5_s43,733,2,1.36862,6.4689,0.0,0.0008503377177390686
text_text_ln_lrh0.001_frozen_e5_s43,734,2,1.60685,5.3463,0.0,0.0008499822253821543
text_text_ln_lrh0.001_frozen_e5_s43,735,2,1.06658,2.6809,0.0,0.0008496267330252399
text_text_ln_lrh0.001_frozen_e5_s43,736,2,1.11335,4.9472,0.0,0.0008492712406683256
text_text_ln_lrh0.001_frozen_e5_s43,737,2,1.58969,4.1725,0.0,0.0008489157483114113
text_text_ln_lrh0.001_frozen_e5_s43,738,2,1.63497,4.2543,0.0,0.000848560255954497
text_text_ln_lrh0.001_frozen_e5_s43,739,2,1.03714,4.7209,0.0,0.0008482047635975827
text_text_ln_lrh0.001_frozen_e5_s43,740,2,1.39667,2.7584,0.0,0.0008478492712406684
text_text_ln_lrh0.001_frozen_e5_s43,741,2,1.30868,2.1423,0.0,0.000847493778883754
text_text_ln_lrh0.001_frozen_e5_s43,742,2,1.12949,2.8488,0.0,0.0008471382865268397
text_text_ln_lrh0.001_frozen_e5_s43,743,2,0.83532,3.3076,0.0,0.0008467827941699253
text_text_ln_lrh0.001_frozen_e5_s43,744,2,1.2214,3.1593,0.0,0.0008464273018130111
text_text_ln_lrh0.001_frozen_e5_s43,745,2,1.75111,6.6458,0.0,0.0008460718094560968
text_text_ln_lrh0.001_frozen_e5_s43,746,2,1.32396,2.8814,0.0,0.0008457163170991824
text_text_ln_lrh0.001_frozen_e5_s43,747,2,1.23962,5.2449,0.0,0.000845360824742268
text_text_ln_lrh0.001_frozen_e5_s43,748,2,0.84607,2.3318,0.0,0.0008450053323853537
text_text_ln_lrh0.001_frozen_e5_s43,749,2,0.95806,3.8288,0.0,0.0008446498400284393
text_text_ln_lrh0.001_frozen_e5_s43,750,2,1.5568,3.7092,0.0,0.0008442943476715251
text_text_ln_lrh0.001_frozen_e5_s43,751,2,0.91723,2.3035,0.0,0.0008439388553146108
text_text_ln_lrh0.001_frozen_e5_s43,752,2,1.0938,4.7061,0.0,0.0008435833629576964
text_text_ln_lrh0.001_frozen_e5_s43,753,2,1.41452,4.4626,0.0,0.0008432278706007821
text_text_ln_lrh0.001_frozen_e5_s43,754,2,1.1067,3.3372,0.0,0.0008428723782438678
text_text_ln_lrh0.001_frozen_e5_s43,755,2,1.29296,3.1417,0.0,0.0008425168858869534
text_text_ln_lrh0.001_frozen_e5_s43,756,2,1.12544,4.7317,0.0,0.0008421613935300392
text_text_ln_lrh0.001_frozen_e5_s43,757,2,1.43379,4.0718,0.0,0.0008418059011731248
text_text_ln_lrh0.001_frozen_e5_s43,758,2,1.59503,4.6692,0.0,0.0008414504088162105
text_text_ln_lrh0.001_frozen_e5_s43,759,2,0.91994,5.6649,0.0,0.0008410949164592962
text_text_ln_lrh0.001_frozen_e5_s43,760,2,1.1145,7.1656,0.0,0.0008407394241023818
text_text_ln_lrh0.001_frozen_e5_s43,761,2,1.42319,2.9597,0.0,0.0008403839317454674
text_text_ln_lrh0.001_frozen_e5_s43,762,2,1.23672,2.7479,0.0,0.0008400284393885531
text_text_ln_lrh0.001_frozen_e5_s43,763,2,1.24809,3.4025,0.0,0.0008396729470316388
text_text_ln_lrh0.001_frozen_e5_s43,764,2,1.00618,3.7688,0.0,0.0008393174546747245
text_text_ln_lrh0.001_frozen_e5_s43,765,2,1.21946,4.9517,0.0,0.0008389619623178102
text_text_ln_lrh0.001_frozen_e5_s43,766,2,0.6624,2.3376,0.0,0.0008386064699608958
text_text_ln_lrh0.001_frozen_e5_s43,767,2,0.90173,2.8398,0.0,0.0008382509776039815
text_text_ln_lrh0.001_frozen_e5_s43,768,2,1.56984,3.3541,0.0,0.0008378954852470672
text_text_ln_lrh0.001_frozen_e5_s43,769,2,1.01323,4.3714,0.0,0.0008375399928901529
text_text_ln_lrh0.001_frozen_e5_s43,770,2,1.02944,5.4115,0.0,0.0008371845005332386
text_text_ln_lrh0.001_frozen_e5_s43,771,2,0.60902,2.688,0.0,0.0008368290081763243
text_text_ln_lrh0.001_frozen_e5_s43,772,2,1.53802,5.9963,0.0,0.0008364735158194099
text_text_ln_lrh0.001_frozen_e5_s43,773,2,0.71002,1.8373,0.0,0.0008361180234624956
text_text_ln_lrh0.001_frozen_e5_s43,774,2,1.56116,7.3922,0.0,0.0008357625311055812
text_text_ln_lrh0.001_frozen_e5_s43,775,2,0.67756,2.0936,0.0,0.000835407038748667
text_text_ln_lrh0.001_frozen_e5_s43,776,2,1.82303,4.7656,0.0,0.0008350515463917527
text_text_ln_lrh0.001_frozen_e5_s43,777,2,0.7507,3.0041,0.0,0.0008346960540348382
text_text_ln_lrh0.001_frozen_e5_s43,778,2,0.8126,2.3192,0.0,0.0008343405616779239
text_text_ln_lrh0.001_frozen_e5_s43,779,2,1.13902,3.6873,0.0,0.0008339850693210096
text_text_ln_lrh0.001_frozen_e5_s43,780,2,1.14733,2.0495,0.0,0.0008336295769640952
text_text_ln_lrh0.001_frozen_e5_s43,781,2,0.6428,2.4747,0.0,0.000833274084607181
text_text_ln_lrh0.001_frozen_e5_s43,782,2,0.90518,2.8075,0.0,0.0008329185922502667
text_text_ln_lrh0.001_frozen_e5_s43,783,2,0.99989,2.2092,0.0,0.0008325630998933523
text_text_ln_lrh0.001_frozen_e5_s43,784,2,1.01696,2.0085,0.0,0.000832207607536438
text_text_ln_lrh0.001_frozen_e5_s43,785,2,1.62783,5.5688,0.0,0.0008318521151795237
text_text_ln_lrh0.001_frozen_e5_s43,786,2,1.19942,3.5248,0.0,0.0008314966228226093
text_text_ln_lrh0.001_frozen_e5_s43,787,2,1.03797,4.6411,0.0,0.000831141130465695
text_text_ln_lrh0.001_frozen_e5_s43,788,2,0.69828,3.0578,0.0,0.0008307856381087807
text_text_ln_lrh0.001_frozen_e5_s43,789,2,1.68006,5.0117,0.0,0.0008304301457518664
text_text_ln_lrh0.001_frozen_e5_s43,790,2,1.32209,2.7363,0.0,0.0008300746533949521
text_text_ln_lrh0.001_frozen_e5_s43,791,2,0.89945,2.4757,0.0,0.0008297191610380376
text_text_ln_lrh0.001_frozen_e5_s43,792,2,1.31375,4.0021,0.0,0.0008293636686811233
text_text_ln_lrh0.001_frozen_e5_s43,793,2,1.16569,2.3152,0.0,0.000829008176324209
text_text_ln_lrh0.001_frozen_e5_s43,794,2,1.92971,3.4283,0.0,0.0008286526839672947
text_text_ln_lrh0.001_frozen_e5_s43,795,2,0.85075,3.8767,0.0,0.0008282971916103804
text_text_ln_lrh0.001_frozen_e5_s43,796,2,1.08678,2.3444,0.0,0.0008279416992534661
text_text_ln_lrh0.001_frozen_e5_s43,797,2,1.11146,3.5034,0.0,0.0008275862068965517
text_text_ln_lrh0.001_frozen_e5_s43,798,2,0.82595,3.2553,0.0,0.0008272307145396374
text_text_ln_lrh0.001_frozen_e5_s43,799,2,0.99645,3.4239,0.0,0.0008268752221827231
text_text_ln_lrh0.001_frozen_e5_s43,800,2,1.26097,1.9489,0.0,0.0008265197298258088
text_text_ln_lrh0.001_frozen_e5_s43,801,2,0.85161,3.2397,0.0,0.0008261642374688945
text_text_ln_lrh0.001_frozen_e5_s43,802,2,1.26791,2.5594,0.0,0.0008258087451119801
text_text_ln_lrh0.001_frozen_e5_s43,803,2,1.70206,5.7569,0.0,0.0008254532527550658
text_text_ln_lrh0.001_frozen_e5_s43,804,2,1.09348,2.1966,0.0,0.0008250977603981515
text_text_ln_lrh0.001_frozen_e5_s43,805,2,1.53343,4.7827,0.0,0.000824742268041237
text_text_ln_lrh0.001_frozen_e5_s43,806,2,1.5079,3.4429,0.0,0.0008243867756843228
text_text_ln_lrh0.001_frozen_e5_s43,807,2,1.56759,4.0138,0.0,0.0008240312833274085
text_text_ln_lrh0.001_frozen_e5_s43,808,2,1.5087,2.8402,0.0,0.0008236757909704941
text_text_ln_lrh0.001_frozen_e5_s43,809,2,1.22666,4.7025,0.0,0.0008233202986135798
text_text_ln_lrh0.001_frozen_e5_s43,810,2,1.4648,4.2435,0.0,0.0008229648062566655
text_text_ln_lrh0.001_frozen_e5_s43,811,2,0.69319,3.6674,0.0,0.0008226093138997511
text_text_ln_lrh0.001_frozen_e5_s43,812,2,1.13784,2.6059,0.0,0.0008222538215428369
text_text_ln_lrh0.001_frozen_e5_s43,813,2,0.90931,4.3542,0.0,0.0008218983291859226
text_text_ln_lrh0.001_frozen_e5_s43,814,2,1.0581,2.3821,0.0,0.0008215428368290082
text_text_ln_lrh0.001_frozen_e5_s43,815,2,0.88857,4.2228,0.0,0.0008211873444720939
text_text_ln_lrh0.001_frozen_e5_s43,816,2,1.31347,6.2145,0.0,0.0008208318521151795
text_text_ln_lrh0.001_frozen_e5_s43,817,2,1.53243,4.862,0.0,0.0008204763597582652
text_text_ln_lrh0.001_frozen_e5_s43,818,2,1.88754,5.2339,0.0,0.0008201208674013509
text_text_ln_lrh0.001_frozen_e5_s43,819,2,1.4584,3.4515,0.0,0.0008197653750444366
text_text_ln_lrh0.001_frozen_e5_s43,820,2,1.41474,3.4404,0.0,0.0008194098826875223
text_text_ln_lrh0.001_frozen_e5_s43,821,2,0.9913,2.9625,0.0,0.0008190543903306079
text_text_ln_lrh0.001_frozen_e5_s43,822,2,1.61045,3.9844,0.0,0.0008186988979736935
text_text_ln_lrh0.001_frozen_e5_s43,823,2,1.37559,7.8724,0.0,0.0008183434056167792
text_text_ln_lrh0.001_frozen_e5_s43,824,2,0.95984,5.7822,0.0,0.0008179879132598649
text_text_ln_lrh0.001_frozen_e5_s43,825,2,1.11929,5.3866,0.0,0.0008176324209029506
text_text_ln_lrh0.001_frozen_e5_s43,826,2,1.24654,5.2291,0.0,0.0008172769285460363
text_text_ln_lrh0.001_frozen_e5_s43,827,2,1.43525,4.3236,0.0,0.000816921436189122
text_text_ln_lrh0.001_frozen_e5_s43,828,2,1.30374,4.0638,0.0,0.0008165659438322076
text_text_ln_lrh0.001_frozen_e5_s43,829,2,1.55217,3.8234,0.0,0.0008162104514752933
text_text_ln_lrh0.001_frozen_e5_s43,830,2,1.21154,2.1851,0.0,0.0008158549591183789
text_text_ln_lrh0.001_frozen_e5_s43,831,2,0.9158,3.2625,0.0,0.0008154994667614647
text_text_ln_lrh0.001_frozen_e5_s43,832,2,1.13415,2.0821,0.0,0.0008151439744045504
text_text_ln_lrh0.001_frozen_e5_s43,833,2,1.38748,3.3676,0.0,0.000814788482047636
text_text_ln_lrh0.001_frozen_e5_s43,834,2,1.05746,3.0545,0.0,0.0008144329896907217
text_text_ln_lrh0.001_frozen_e5_s43,835,2,0.71634,3.7928,0.0,0.0008140774973338073
text_text_ln_lrh0.001_frozen_e5_s43,836,2,1.17536,2.5255,0.0,0.0008137220049768929
text_text_ln_lrh0.001_frozen_e5_s43,837,2,1.13872,2.1962,0.0,0.0008133665126199787
text_text_ln_lrh0.001_frozen_e5_s43,838,2,1.29167,3.4063,0.0,0.0008130110202630644
text_text_ln_lrh0.001_frozen_e5_s43,839,2,1.50254,4.2098,0.0,0.00081265552790615
text_text_ln_lrh0.001_frozen_e5_s43,840,2,1.52676,4.014,0.0,0.0008123000355492357
text_text_ln_lrh0.001_frozen_e5_s43,841,2,1.33319,3.7332,0.0,0.0008119445431923214
text_text_ln_lrh0.001_frozen_e5_s43,842,2,1.06853,3.0771,0.0,0.000811589050835407
text_text_ln_lrh0.001_frozen_e5_s43,843,2,0.82353,2.0702,0.0,0.0008112335584784928
text_text_ln_lrh0.001_frozen_e5_s43,844,2,1.53669,2.8932,0.0,0.0008108780661215785
text_text_ln_lrh0.001_frozen_e5_s43,845,2,1.1765,4.1554,0.0,0.0008105225737646641
text_text_ln_lrh0.001_frozen_e5_s43,846,2,1.27294,4.2743,0.0,0.0008101670814077498
text_text_ln_lrh0.001_frozen_e5_s43,847,2,1.52656,3.2169,0.0,0.0008098115890508354
text_text_ln_lrh0.001_frozen_e5_s43,848,2,0.96382,1.8441,0.0,0.0008094560966939211
text_text_ln_lrh0.001_frozen_e5_s43,849,2,0.7618,4.2414,0.0,0.0008091006043370067
text_text_ln_lrh0.001_frozen_e5_s43,850,2,1.44099,2.2527,0.0,0.0008087451119800924
text_text_ln_lrh0.001_frozen_e5_s43,851,2,1.54449,3.4083,0.0,0.0008083896196231781
text_text_ln_lrh0.001_frozen_e5_s43,852,2,1.12159,2.4953,0.0,0.0008080341272662638
text_text_ln_lrh0.001_frozen_e5_s43,853,2,1.22437,2.6289,0.0,0.0008076786349093494
text_text_ln_lrh0.001_frozen_e5_s43,854,2,0.9065,2.0336,0.0,0.0008073231425524351
text_text_ln_lrh0.001_frozen_e5_s43,855,2,0.97035,3.0626,0.0,0.0008069676501955208
text_text_ln_lrh0.001_frozen_e5_s43,856,2,1.00117,1.9379,0.0,0.0008066121578386065
text_text_ln_lrh0.001_frozen_e5_s43,857,2,1.05862,2.6359,0.0,0.0008062566654816922
text_text_ln_lrh0.001_frozen_e5_s43,858,2,1.50769,4.3319,0.0,0.0008059011731247779
text_text_ln_lrh0.001_frozen_e5_s43,859,2,1.24012,3.0078,0.0,0.0008055456807678635
text_text_ln_lrh0.001_frozen_e5_s43,860,2,0.94858,2.7151,0.0,0.0008051901884109492
text_text_ln_lrh0.001_frozen_e5_s43,861,2,1.46898,4.3497,0.0,0.0008048346960540348
text_text_ln_lrh0.001_frozen_e5_s43,862,2,1.27936,3.0272,0.0,0.0008044792036971206
text_text_ln_lrh0.001_frozen_e5_s43,863,2,1.23021,2.8732,0.0,0.0008041237113402063
text_text_ln_lrh0.001_frozen_e5_s43,864,2,1.10124,1.8176,0.0,0.0008037682189832918
text_text_ln_lrh0.001_frozen_e5_s43,865,2,1.4169,4.9833,0.0,0.0008034127266263775
text_text_ln_lrh0.001_frozen_e5_s43,866,2,1.10811,3.6412,0.0,0.0008030572342694632
text_text_ln_lrh0.001_frozen_e5_s43,867,2,1.35149,2.3212,0.0,0.0008027017419125488
text_text_ln_lrh0.001_frozen_e5_s43,868,2,1.23226,2.6168,0.0,0.0008023462495556346
text_text_ln_lrh0.001_frozen_e5_s43,869,2,1.13925,2.9672,0.0,0.0008019907571987203
text_text_ln_lrh0.001_frozen_e5_s43,870,2,1.47215,3.8866,0.0,0.0008016352648418059
text_text_ln_lrh0.001_frozen_e5_s43,871,2,1.04573,2.7068,0.0,0.0008012797724848916
text_text_ln_lrh0.001_frozen_e5_s43,872,2,1.32592,2.3036,0.0,0.0008009242801279773
text_text_ln_lrh0.001_frozen_e5_s43,873,2,1.37016,4.3656,0.0,0.0008005687877710629
text_text_ln_lrh0.001_frozen_e5_s43,874,2,1.11676,3.7634,0.0,0.0008002132954141487
text_text_ln_lrh0.001_frozen_e5_s43,875,2,1.01198,2.0367,0.0,0.0007998578030572343
text_text_ln_lrh0.001_frozen_e5_s43,876,2,0.40516,3.1465,0.0,0.00079950231070032
text_text_ln_lrh0.001_frozen_e5_s43,877,2,1.1976,2.1278,0.0,0.0007991468183434057
text_text_ln_lrh0.001_frozen_e5_s43,878,2,1.47267,4.0268,0.0,0.0007987913259864912
text_text_ln_lrh0.001_frozen_e5_s43,879,2,0.77954,2.3126,0.0,0.0007984358336295769
text_text_ln_lrh0.001_frozen_e5_s43,880,2,1.18663,2.9116,0.0,0.0007980803412726626
text_text_ln_lrh0.001_frozen_e5_s43,881,2,1.49199,5.5646,0.0,0.0007977248489157483
text_text_ln_lrh0.001_frozen_e5_s43,882,2,1.32803,6.9604,0.0,0.000797369356558834
text_text_ln_lrh0.001_frozen_e5_s43,883,2,1.58319,6.5997,0.0,0.0007970138642019197
text_text_ln_lrh0.001_frozen_e5_s43,884,2,1.46893,5.0774,0.0,0.0007966583718450053
text_text_ln_lrh0.001_frozen_e5_s43,885,2,0.67875,1.8156,0.0,0.000796302879488091
text_text_ln_lrh0.001_frozen_e5_s43,886,2,1.86528,5.2044,0.0,0.0007959473871311767
text_text_ln_lrh0.001_frozen_e5_s43,887,2,1.33785,4.2746,0.0,0.0007955918947742624
text_text_ln_lrh0.001_frozen_e5_s43,888,2,1.17623,2.6514,0.0,0.0007952364024173481
text_text_ln_lrh0.001_frozen_e5_s43,889,2,1.55605,7.1158,0.0,0.0007948809100604337
text_text_ln_lrh0.001_frozen_e5_s43,890,2,1.20289,2.4381,0.0,0.0007945254177035194
text_text_ln_lrh0.001_frozen_e5_s43,891,2,1.2353,3.1075,0.0,0.0007941699253466051
text_text_ln_lrh0.001_frozen_e5_s43,892,2,1.18151,2.3165,0.0,0.0007938144329896907
text_text_ln_lrh0.001_frozen_e5_s43,893,2,1.12816,1.9352,0.0,0.0007934589406327765
text_text_ln_lrh0.001_frozen_e5_s43,894,2,1.23618,2.7352,0.0,0.0007931034482758621
text_text_ln_lrh0.001_frozen_e5_s43,895,2,1.31458,3.9315,0.0,0.0007927479559189477
text_text_ln_lrh0.001_frozen_e5_s43,896,2,1.17327,5.7087,0.0,0.0007923924635620334
text_text_ln_lrh0.001_frozen_e5_s43,897,2,1.34276,3.0436,0.0,0.0007920369712051191
text_text_ln_lrh0.001_frozen_e5_s43,898,2,1.1411,7.3856,0.0,0.0007916814788482047
text_text_ln_lrh0.001_frozen_e5_s43,899,2,1.378,2.8578,0.0,0.0007913259864912905
text_text_ln_lrh0.001_frozen_e5_s43,900,2,0.97775,2.9335,0.0,0.0007909704941343762
text_text_ln_lrh0.001_frozen_e5_s43,901,2,1.27572,2.985,0.0,0.0007906150017774618
text_text_ln_lrh0.001_frozen_e5_s43,902,2,1.24898,3.1392,0.0,0.0007902595094205475
text_text_ln_lrh0.001_frozen_e5_s43,903,2,1.52658,3.3238,0.0,0.0007899040170636331
text_text_ln_lrh0.001_frozen_e5_s43,904,2,1.09961,1.7585,0.0,0.0007895485247067188
text_text_ln_lrh0.001_frozen_e5_s43,905,2,1.02266,2.091,0.0,0.0007891930323498045
text_text_ln_lrh0.001_frozen_e5_s43,906,2,0.97474,2.3205,0.0,0.0007888375399928902
text_text_ln_lrh0.001_frozen_e5_s43,907,2,1.15478,2.3831,0.0,0.0007884820476359759
text_text_ln_lrh0.001_frozen_e5_s43,908,2,1.44859,3.5656,0.0,0.0007881265552790616
text_text_ln_lrh0.001_frozen_e5_s43,909,2,1.48143,5.6722,0.0,0.0007877710629221471
text_text_ln_lrh0.001_frozen_e5_s43,910,2,1.69299,4.0756,0.0,0.0007874155705652328
text_text_ln_lrh0.001_frozen_e5_s43,911,2,1.08031,5.0115,0.0,0.0007870600782083185
text_text_ln_lrh0.001_frozen_e5_s43,912,2,1.20672,4.7251,0.0,0.0007867045858514042
text_text_ln_lrh0.001_frozen_e5_s43,913,2,1.80797,5.4324,0.0,0.0007863490934944899
text_text_ln_lrh0.001_frozen_e5_s43,914,2,0.80611,1.4862,0.0,0.0007859936011375756
text_text_ln_lrh0.001_frozen_e5_s43,915,2,1.35302,2.4664,0.0,0.0007856381087806612
text_text_ln_lrh0.001_frozen_e5_s43,916,2,0.71248,3.7578,0.0,0.0007852826164237469
text_text_ln_lrh0.001_frozen_e5_s43,917,2,1.33264,4.2279,0.0,0.0007849271240668325
text_text_ln_lrh0.001_frozen_e5_s43,918,2,1.32678,4.1027,0.0,0.0007845716317099183
text_text_ln_lrh0.001_frozen_e5_s43,919,2,1.29592,5.2805,0.0,0.000784216139353004
text_text_ln_lrh0.001_frozen_e5_s43,920,2,2.10927,5.2601,0.0,0.0007838606469960896
text_text_ln_lrh0.001_frozen_e5_s43,921,2,1.03185,5.5871,0.0,0.0007835051546391753
text_text_ln_lrh0.001_frozen_e5_s43,922,2,1.45236,3.1269,0.0,0.000783149662282261
text_text_ln_lrh0.001_frozen_e5_s43,923,2,1.12068,3.7408,0.0,0.0007827941699253465
text_text_ln_lrh0.001_frozen_e5_s43,924,2,1.34469,6.224,0.0,0.0007824386775684323
text_text_ln_lrh0.001_frozen_e5_s43,925,2,1.51305,2.8699,0.0,0.000782083185211518
text_text_ln_lrh0.001_frozen_e5_s43,926,2,1.49047,6.0209,0.0,0.0007817276928546036
text_text_ln_lrh0.001_frozen_e5_s43,927,2,1.51731,2.8932,0.0,0.0007813722004976893
text_text_ln_lrh0.001_frozen_e5_s43,928,2,1.43157,3.4473,0.0,0.000781016708140775
text_text_ln_lrh0.001_frozen_e5_s43,929,2,2.19698,4.6776,0.0,0.0007806612157838606
text_text_ln_lrh0.001_frozen_e5_s43,930,2,1.45379,3.6299,0.0,0.0007803057234269464
text_text_ln_lrh0.001_frozen_e5_s43,931,2,1.60936,3.3665,0.0,0.0007799502310700321
text_text_ln_lrh0.001_frozen_e5_s43,932,2,1.04886,1.9722,0.0,0.0007795947387131177
text_text_ln_lrh0.001_frozen_e5_s43,933,2,1.54423,2.4275,0.0,0.0007792392463562034
text_text_ln_lrh0.001_frozen_e5_s43,934,2,1.02859,1.6595,0.0,0.000778883753999289
text_text_ln_lrh0.001_frozen_e5_s43,935,2,1.54862,3.8706,0.0,0.0007785282616423747
text_text_ln_lrh0.001_frozen_e5_s43,936,2,1.22754,5.4636,0.0,0.0007781727692854604
text_text_ln_lrh0.001_frozen_e5_s43,937,2,1.39929,4.2566,0.0,0.000777817276928546
text_text_ln_lrh0.001_frozen_e5_s43,938,2,0.92176,4.723,0.0,0.0007774617845716317
text_text_ln_lrh0.001_frozen_e5_s43,939,2,0.87442,5.5293,0.0,0.0007771062922147174
text_text_ln_lrh0.001_frozen_e5_s43,940,2,1.35963,4.7658,0.0,0.000776750799857803
text_text_ln_lrh0.001_frozen_e5_s43,941,2,1.36367,2.4236,0.0,0.0007763953075008887
text_text_ln_lrh0.001_frozen_e5_s43,942,2,1.29632,2.8677,0.0,0.0007760398151439744
text_text_ln_lrh0.001_frozen_e5_s43,943,2,1.14124,2.1219,0.0,0.0007756843227870601
text_text_ln_lrh0.001_frozen_e5_s43,944,2,0.85746,2.0589,0.0,0.0007753288304301458
text_text_ln_lrh0.001_frozen_e5_s43,945,2,0.93954,5.8015,0.0,0.0007749733380732315
text_text_ln_lrh0.001_frozen_e5_s43,946,2,1.26359,3.1172,0.0,0.0007746178457163171
text_text_ln_lrh0.001_frozen_e5_s43,947,2,0.69817,1.8617,0.0,0.0007742623533594028
text_text_ln_lrh0.001_frozen_e5_s43,948,2,1.32928,3.4567,0.0,0.0007739068610024884
text_text_ln_lrh0.001_frozen_e5_s43,949,2,0.85549,2.8866,0.0,0.0007735513686455742
text_text_ln_lrh0.001_frozen_e5_s43,950,2,1.60261,4.6187,0.0,0.0007731958762886599
text_text_ln_lrh0.001_frozen_e5_s43,951,2,0.94563,2.3809,0.0,0.0007728403839317455
text_text_ln_lrh0.001_frozen_e5_s43,952,2,1.42799,4.417,0.0,0.0007724848915748311
text_text_ln_lrh0.001_frozen_e5_s43,953,2,0.96777,2.1046,0.0,0.0007721293992179168
text_text_ln_lrh0.001_frozen_e5_s43,954,2,1.49409,5.9844,0.0,0.0007717739068610024
text_text_ln_lrh0.001_frozen_e5_s43,955,2,1.23776,3.6892,0.0,0.0007714184145040882
text_text_ln_lrh0.001_frozen_e5_s43,956,2,1.01958,4.3222,0.0,0.0007710629221471739
text_text_ln_lrh0.001_frozen_e5_s43,957,2,0.99826,2.7464,0.0,0.0007707074297902595
text_text_ln_lrh0.001_frozen_e5_s43,958,2,1.25562,2.5319,0.0,0.0007703519374333452
text_text_ln_lrh0.001_frozen_e5_s43,959,2,1.11884,3.6235,0.0,0.0007699964450764309
text_text_ln_lrh0.001_frozen_e5_s43,960,2,1.43625,4.7367,0.0,0.0007696409527195165
text_text_ln_lrh0.001_frozen_e5_s43,961,2,1.11177,4.3226,0.0,0.0007692854603626023
text_text_ln_lrh0.001_frozen_e5_s43,962,2,1.57428,4.0856,0.0,0.0007689299680056879
text_text_ln_lrh0.001_frozen_e5_s43,963,2,2.06192,4.4808,0.0,0.0007685744756487736
text_text_ln_lrh0.001_frozen_e5_s43,964,2,1.3571,3.1615,0.0,0.0007682189832918593
text_text_ln_lrh0.001_frozen_e5_s43,965,2,1.41885,3.5619,0.0,0.0007678634909349449
text_text_ln_lrh0.001_frozen_e5_s43,966,2,1.01535,2.7423,0.0,0.0007675079985780305
text_text_ln_lrh0.001_frozen_e5_s43,967,2,1.0962,3.3607,0.0,0.0007671525062211162
text_text_ln_lrh0.001_frozen_e5_s43,968,2,0.92429,2.787,0.0,0.0007667970138642019
text_text_ln_lrh0.001_frozen_e5_s43,969,2,0.89661,1.9494,0.0,0.0007664415215072876
text_text_ln_lrh0.001_frozen_e5_s43,970,2,1.56478,3.4252,0.0,0.0007660860291503733
text_text_ln_lrh0.001_frozen_e5_s43,971,2,1.00122,4.5867,0.0,0.0007657305367934589
text_text_ln_lrh0.001_frozen_e5_s43,972,2,1.1759,2.5126,0.0,0.0007653750444365446
text_text_ln_lrh0.001_frozen_e5_s43,973,2,1.00602,2.8727,0.0,0.0007650195520796303
text_text_ln_lrh0.001_frozen_e5_s43,974,2,1.31907,2.0135,0.0,0.000764664059722716
text_text_ln_lrh0.001_frozen_e5_s43,975,2,1.53157,3.4221,0.0,0.0007643085673658017
text_text_ln_lrh0.001_frozen_e5_s43,976,2,1.17234,3.807,0.0,0.0007639530750088873
text_text_ln_lrh0.001_frozen_e5_s43,977,2,1.02222,1.8559,0.0,0.000763597582651973
text_text_ln_lrh0.001_frozen_e5_s43,978,2,1.11236,2.9486,0.0,0.0007632420902950587
text_text_ln_lrh0.001_frozen_e5_s43,979,2,0.82443,2.5049,0.0,0.0007628865979381443
text_text_ln_lrh0.001_frozen_e5_s43,980,2,1.3459,2.8682,0.0,0.0007625311055812301
text_text_ln_lrh0.001_frozen_e5_s43,981,2,0.74818,1.9278,0.0,0.0007621756132243158
text_text_ln_lrh0.001_frozen_e5_s43,982,2,1.33003,2.4123,0.0,0.0007618201208674013
text_text_ln_lrh0.001_frozen_e5_s43,983,2,0.86793,3.5289,0.0,0.000761464628510487
text_text_ln_lrh0.001_frozen_e5_s43,984,2,1.63025,4.3049,0.0,0.0007611091361535727
text_text_ln_lrh0.001_frozen_e5_s43,985,2,1.42635,3.4111,0.0,0.0007607536437966583
text_text_ln_lrh0.001_frozen_e5_s43,986,2,1.45802,3.8675,0.0,0.0007603981514397441
text_text_ln_lrh0.001_frozen_e5_s43,987,2,1.65225,2.8643,0.0,0.0007600426590828298
text_text_ln_lrh0.001_frozen_e5_s43,988,2,0.95368,1.6972,0.0,0.0007596871667259154
text_text_ln_lrh0.001_frozen_e5_s43,989,2,0.7875,2.6251,0.0,0.0007593316743690011
text_text_ln_lrh0.001_frozen_e5_s43,990,2,1.30737,4.2853,0.0,0.0007589761820120867
text_text_ln_lrh0.001_frozen_e5_s43,991,2,1.62161,4.6051,0.0,0.0007586206896551724
text_text_ln_lrh0.001_frozen_e5_s43,992,2,1.87975,4.3741,0.0,0.0007582651972982582
text_text_ln_lrh0.001_frozen_e5_s43,993,2,1.16612,4.0083,0.0,0.0007579097049413438
text_text_ln_lrh0.001_frozen_e5_s43,994,2,1.69015,5.5468,0.0,0.0007575542125844295
text_text_ln_lrh0.001_frozen_e5_s43,995,2,1.36495,4.2722,0.0,0.0007571987202275152
text_text_ln_lrh0.001_frozen_e5_s43,996,2,1.27229,3.8434,0.0,0.0007568432278706007
text_text_ln_lrh0.001_frozen_e5_s43,997,2,1.5488,5.3034,0.0,0.0007564877355136864
text_text_ln_lrh0.001_frozen_e5_s43,998,2,0.86358,2.6059,0.0,0.0007561322431567721
text_text_ln_lrh0.001_frozen_e5_s43,999,2,1.31072,4.6813,0.0,0.0007557767507998578
text_text_ln_lrh0.001_frozen_e5_s43,1000,2,1.05202,2.0875,0.0,0.0007554212584429435
text_text_ln_lrh0.001_frozen_e5_s43,1001,2,1.1612,3.9196,0.0,0.0007550657660860292
text_text_ln_lrh0.001_frozen_e5_s43,1002,2,1.41478,3.1745,0.0,0.0007547102737291148
text_text_ln_lrh0.001_frozen_e5_s43,1003,2,1.21629,3.6027,0.0,0.0007543547813722005
text_text_ln_lrh0.001_frozen_e5_s43,1004,2,1.27275,2.8396,0.0,0.0007539992890152861
text_text_ln_lrh0.001_frozen_e5_s43,1005,2,1.2174,3.747,0.0,0.0007536437966583719
text_text_ln_lrh0.001_frozen_e5_s43,1006,2,1.48627,3.3579,0.0,0.0007532883043014576
text_text_ln_lrh0.001_frozen_e5_s43,1007,2,0.95126,5.1818,0.0,0.0007529328119445432
text_text_ln_lrh0.001_frozen_e5_s43,1008,2,0.98654,1.9953,0.0,0.0007525773195876289
text_text_ln_lrh0.001_frozen_e5_s43,1009,2,1.21464,2.236,0.0,0.0007522218272307146
text_text_ln_lrh0.001_frozen_e5_s43,1010,2,0.93134,2.6796,0.0,0.0007518663348738001
text_text_ln_lrh0.001_frozen_e5_s43,1011,2,0.93943,3.0008,0.0,0.000751510842516886
text_text_ln_lrh0.001_frozen_e5_s43,1012,2,1.50767,5.5348,0.0,0.0007511553501599716
text_text_ln_lrh0.001_frozen_e5_s43,1013,2,1.43805,2.5649,0.0,0.0007507998578030572
text_text_ln_lrh0.001_frozen_e5_s43,1014,2,1.11321,2.6861,0.0,0.0007504443654461429
text_text_ln_lrh0.001_frozen_e5_s43,1015,2,0.9088,2.0994,0.0,0.0007500888730892286
text_text_ln_lrh0.001_frozen_e5_s43,1016,2,0.78321,3.8146,0.0,0.0007497333807323142
text_text_ln_lrh0.001_frozen_e5_s43,1017,2,1.84672,4.7316,0.0,0.0007493778883754
text_text_ln_lrh0.001_frozen_e5_s43,1018,2,1.21518,3.4503,0.0,0.0007490223960184857
text_text_ln_lrh0.001_frozen_e5_s43,1019,2,1.5533,3.7293,0.0,0.0007486669036615713
text_text_ln_lrh0.001_frozen_e5_s43,1020,2,1.31607,3.162,0.0,0.000748311411304657
text_text_ln_lrh0.001_frozen_e5_s43,1021,2,0.99469,3.6973,0.0,0.0007479559189477426
text_text_ln_lrh0.001_frozen_e5_s43,1022,2,0.87752,3.623,0.0,0.0007476004265908283
text_text_ln_lrh0.001_frozen_e5_s43,1023,2,0.89594,3.0562,0.0,0.000747244934233914
text_text_ln_lrh0.001_frozen_e5_s43,1024,2,1.01884,2.8276,0.0,0.0007468894418769997
text_text_ln_lrh0.001_frozen_e5_s43,1025,2,1.72878,4.9169,0.0,0.0007465339495200854
text_text_ln_lrh0.001_frozen_e5_s43,1026,2,1.83769,3.9524,0.0,0.000746178457163171
text_text_ln_lrh0.001_frozen_e5_s43,1027,2,1.08845,1.821,0.0,0.0007458229648062566
text_text_ln_lrh0.001_frozen_e5_s43,1028,2,0.99639,2.7594,0.0,0.0007454674724493423
text_text_ln_lrh0.001_frozen_e5_s43,1029,2,1.18077,2.2211,0.0,0.000745111980092428
text_text_ln_lrh0.001_frozen_e5_s43,1030,2,1.37877,3.3255,0.0,0.0007447564877355137
text_text_ln_lrh0.001_frozen_e5_s43,1031,2,1.33143,2.8425,0.0,0.0007444009953785994
text_text_ln_lrh0.001_frozen_e5_s43,1032,2,0.9796,3.099,0.0,0.0007440455030216851
text_text_ln_lrh0.001_frozen_e5_s43,1033,2,0.9165,3.8938,0.0,0.0007436900106647707
text_text_ln_lrh0.001_frozen_e5_s43,1034,2,0.72402,5.6065,0.0,0.0007433345183078564
text_text_ln_lrh0.001_frozen_e5_s43,1035,2,1.18475,2.8185,0.0,0.000742979025950942
text_text_ln_lrh0.001_frozen_e5_s43,1036,2,1.08148,4.1861,0.0,0.0007426235335940278
text_text_ln_lrh0.001_frozen_e5_s43,1037,2,1.08388,4.3136,0.0,0.0007422680412371135
text_text_ln_lrh0.001_frozen_e5_s43,1038,2,0.87649,3.4233,0.0,0.0007419125488801991
text_text_ln_lrh0.001_frozen_e5_s43,1039,2,1.43932,4.8531,0.0,0.0007415570565232848
text_text_ln_lrh0.001_frozen_e5_s43,1040,2,1.08022,3.9412,0.0,0.0007412015641663704
text_text_ln_lrh0.001_frozen_e5_s43,1041,2,0.72605,2.5566,0.0,0.000740846071809456
text_text_ln_lrh0.001_frozen_e5_s43,1042,2,1.43541,5.4292,0.0,0.0007404905794525418
text_text_ln_lrh0.001_frozen_e5_s43,1043,2,0.98815,2.0789,0.0,0.0007401350870956275
text_text_ln_lrh0.001_frozen_e5_s43,1044,2,1.39424,2.7353,0.0,0.0007397795947387131
text_text_ln_lrh0.001_frozen_e5_s43,1045,2,1.65255,3.6623,0.0,0.0007394241023817988
text_text_ln_lrh0.001_frozen_e5_s43,1046,2,0.7,1.7495,0.0,0.0007390686100248845
text_text_ln_lrh0.001_frozen_e5_s43,1047,2,1.2478,2.7162,0.0,0.0007387131176679701
text_text_ln_lrh0.001_frozen_e5_s43,1048,2,0.90332,2.553,0.0,0.0007383576253110559
text_text_ln_lrh0.001_frozen_e5_s43,1049,2,0.66053,3.8099,0.0,0.0007380021329541415
text_text_ln_lrh0.001_frozen_e5_s43,1050,2,1.03638,1.7961,0.0,0.0007376466405972272
text_text_ln_lrh0.001_frozen_e5_s43,1051,2,0.81644,2.7744,0.0,0.0007372911482403129
text_text_ln_lrh0.001_frozen_e5_s43,1052,2,1.21367,2.4044,0.0,0.0007369356558833985
text_text_ln_lrh0.001_frozen_e5_s43,1053,2,1.39941,2.5241,0.0,0.0007365801635264842
text_text_ln_lrh0.001_frozen_e5_s43,1054,2,1.19657,2.6313,0.0,0.0007362246711695698
text_text_ln_lrh0.001_frozen_e5_s43,1055,2,0.87149,2.3827,0.0,0.0007358691788126555
text_text_ln_lrh0.001_frozen_e5_s43,1056,2,0.76842,2.8119,0.0,0.0007355136864557412
text_text_ln_lrh0.001_frozen_e5_s43,1057,2,1.50097,4.7928,0.0,0.0007351581940988269
text_text_ln_lrh0.001_frozen_e5_s43,1058,2,1.01006,4.4226,0.0,0.0007348027017419125
text_text_ln_lrh0.001_frozen_e5_s43,1059,2,1.78783,4.4556,0.0,0.0007344472093849982
text_text_ln_lrh0.001_frozen_e5_s43,1060,2,1.59058,6.1615,0.0,0.0007340917170280839
text_text_ln_lrh0.001_frozen_e5_s43,1061,2,0.80589,2.1318,0.0,0.0007337362246711696
text_text_ln_lrh0.001_frozen_e5_s43,1062,2,0.94208,2.9148,0.0,0.0007333807323142553
text_text_ln_lrh0.001_frozen_e5_s43,1063,2,0.58357,4.5863,0.0,0.0007330252399573409
text_text_ln_lrh0.001_frozen_e5_s43,1064,2,1.38248,3.058,0.0,0.0007326697476004266
text_text_ln_lrh0.001_frozen_e5_s43,1065,2,0.8487,2.0342,0.0,0.0007323142552435123
text_text_ln_lrh0.001_frozen_e5_s43,1066,2,1.09348,3.8179,0.0,0.0007319587628865979
text_text_ln_lrh0.001_frozen_e5_s43,1067,2,0.92447,2.5735,0.0,0.0007316032705296837
text_text_ln_lrh0.001_frozen_e5_s43,1068,2,1.14643,3.8178,0.0,0.0007312477781727694
text_text_ln_lrh0.001_frozen_e5_s43,1069,2,1.33628,3.3398,0.0,0.000730892285815855
text_text_ln_lrh0.001_frozen_e5_s43,1070,2,0.90265,3.24,0.0,0.0007305367934589406
text_text_ln_lrh0.001_frozen_e5_s43,1071,2,1.49171,2.8883,0.0,0.0007301813011020263
text_text_ln_lrh0.001_frozen_e5_s43,1072,2,1.34594,4.2918,0.0,0.0007298258087451119
text_text_ln_lrh0.001_frozen_e5_s43,1073,2,0.98947,3.2209,0.0,0.0007294703163881977
text_text_ln_lrh0.001_frozen_e5_s43,1074,2,1.05159,3.0048,0.0,0.0007291148240312834
text_text_ln_lrh0.001_frozen_e5_s43,1075,2,1.9489,3.5776,0.0,0.000728759331674369
text_text_ln_lrh0.001_frozen_e5_s43,1076,2,1.21619,2.5899,0.0,0.0007284038393174547
text_text_ln_lrh0.001_frozen_e5_s43,1077,2,1.53833,3.7552,0.0,0.0007280483469605403
text_text_ln_lrh0.001_frozen_e5_s43,1078,2,1.10062,4.5776,0.0,0.000727692854603626
text_text_ln_lrh0.001_frozen_e5_s43,1079,2,1.47329,2.4427,0.0,0.0007273373622467118
text_text_ln_lrh0.001_frozen_e5_s43,1080,2,1.13493,3.0701,0.0,0.0007269818698897974
text_text_ln_lrh0.001_frozen_e5_s43,1081,2,1.5028,3.9658,0.0,0.0007266263775328831
text_text_ln_lrh0.001_frozen_e5_s43,1082,2,1.22707,4.1784,0.0,0.0007262708851759688
text_text_ln_lrh0.001_frozen_e5_s43,1083,2,0.96909,5.2462,0.0,0.0007259153928190543
text_text_ln_lrh0.001_frozen_e5_s43,1084,2,0.79569,1.8305,0.0,0.00072555990046214
text_text_ln_lrh0.001_frozen_e5_s43,1085,2,1.23482,4.1156,0.0,0.0007252044081052257
text_text_ln_lrh0.001_frozen_e5_s43,1086,2,0.96374,3.4741,0.0,0.0007248489157483114
text_text_ln_lrh0.001_frozen_e5_s43,1087,2,1.13173,2.1737,0.0,0.0007244934233913971
text_text_ln_lrh0.001_frozen_e5_s43,1088,2,0.86771,2.2357,0.0,0.0007241379310344828
text_text_ln_lrh0.001_frozen_e5_s43,1089,2,1.06724,5.406,0.0,0.0007237824386775684
text_text_ln_lrh0.001_frozen_e5_s43,1090,2,1.27125,3.5885,0.0,0.0007234269463206541
text_text_ln_lrh0.001_frozen_e5_s43,1091,2,0.94645,1.9431,0.0,0.0007230714539637398
text_text_ln_lrh0.001_frozen_e5_s43,1092,2,0.96851,3.0544,0.0,0.0007227159616068255
text_text_ln_lrh0.001_frozen_e5_s43,1093,2,1.51916,3.5533,0.0,0.0007223604692499112
text_text_ln_lrh0.001_frozen_e5_s43,1094,2,1.20387,4.466,0.0,0.0007220049768929968
text_text_ln_lrh0.001_frozen_e5_s43,1095,2,1.51545,5.4582,0.0,0.0007216494845360825
text_text_ln_lrh0.001_frozen_e5_s43,1096,2,0.97608,4.0378,0.0,0.0007212939921791682
text_text_ln_lrh0.001_frozen_e5_s43,1097,2,1.43711,3.0026,0.0,0.0007209384998222538
text_text_ln_lrh0.001_frozen_e5_s43,1098,2,1.68355,4.9965,0.0,0.0007205830074653396
text_text_ln_lrh0.001_frozen_e5_s43,1099,2,1.0824,3.7155,0.0,0.0007202275151084252
text_text_ln_lrh0.001_frozen_e5_s43,1100,2,1.39437,3.0403,0.0,0.0007198720227515108
text_text_ln_lrh0.001_frozen_e5_s43,1101,2,1.62719,4.6027,0.0,0.0007195165303945965
text_text_ln_lrh0.001_frozen_e5_s43,1102,2,1.32615,4.6281,0.0,0.0007191610380376822
text_text_ln_lrh0.001_frozen_e5_s43,1103,2,0.99263,3.1594,0.0,0.0007188055456807678
text_text_ln_lrh0.001_frozen_e5_s43,1104,2,1.23756,2.4706,0.0,0.0007184500533238536
text_text_ln_lrh0.001_frozen_e5_s43,1105,2,1.09929,2.256,0.0,0.0007180945609669393
text_text_ln_lrh0.001_frozen_e5_s43,1106,2,1.59173,3.6245,0.0,0.0007177390686100249
text_text_ln_lrh0.001_frozen_e5_s43,1107,2,1.04179,5.3154,0.0,0.0007173835762531106
text_text_ln_lrh0.001_frozen_e5_s43,1108,2,1.16248,2.091,0.0,0.0007170280838961962
text_text_ln_lrh0.001_frozen_e5_s43,1109,2,1.18355,4.9165,0.0,0.0007166725915392819
text_text_ln_lrh0.001_frozen_e5_s43,1110,2,1.53454,4.0458,0.0,0.0007163170991823677
text_text_ln_lrh0.001_frozen_e5_s43,1111,2,1.01801,2.4819,0.0,0.0007159616068254533
text_text_ln_lrh0.001_frozen_e5_s43,1112,2,1.31306,3.0595,0.0,0.000715606114468539
text_text_ln_lrh0.001_frozen_e5_s43,1113,2,1.79464,3.8994,0.0,0.0007152506221116247
text_text_ln_lrh0.001_frozen_e5_s43,1114,2,1.50521,3.9291,0.0,0.0007148951297547102
text_text_ln_lrh0.001_frozen_e5_s43,1115,2,1.34112,3.4757,0.0,0.0007145396373977959
text_text_ln_lrh0.001_frozen_e5_s43,1116,2,0.88177,3.1271,0.0,0.0007141841450408816
text_text_ln_lrh0.001_frozen_e5_s43,1117,2,1.30226,3.9822,0.0,0.0007138286526839673
text_text_ln_lrh0.001_frozen_e5_s43,1118,2,0.9733,2.433,0.0,0.000713473160327053
text_text_ln_lrh0.001_frozen_e5_s43,1119,2,1.13554,2.5091,0.0,0.0007131176679701387
text_text_ln_lrh0.001_frozen_e5_s43,1120,2,1.06312,3.7684,0.0,0.0007127621756132243
text_text_ln_lrh0.001_frozen_e5_s43,1121,2,1.01265,1.8233,0.0,0.00071240668325631
text_text_ln_lrh0.001_frozen_e5_s43,1122,2,1.38341,3.472,0.0,0.0007120511908993956
text_text_ln_lrh0.001_frozen_e5_s43,1123,2,1.23095,2.2647,0.0,0.0007116956985424814
text_text_ln_lrh0.001_frozen_e5_s43,1124,2,1.19444,3.0302,0.0,0.0007113402061855671
text_text_ln_lrh0.001_frozen_e5_s43,1125,2,0.51255,2.8481,0.0,0.0007109847138286527
text_text_ln_lrh0.001_frozen_e5_s43,1126,2,1.57976,2.8084,0.0,0.0007106292214717384
text_text_ln_lrh0.001_frozen_e5_s43,1127,2,1.13985,1.8896,0.0,0.000710273729114824
text_text_ln_lrh0.001_frozen_e5_s43,1128,2,1.50836,3.906,0.0,0.0007099182367579096
text_text_ln_lrh0.001_frozen_e5_s43,1129,2,1.54254,3.1831,0.0,0.0007095627444009954
text_text_ln_lrh0.001_frozen_e5_s43,1130,2,1.25387,3.646,0.0,0.0007092072520440811
text_text_ln_lrh0.001_frozen_e5_s43,1131,2,0.71719,2.1777,0.0,0.0007088517596871667
text_text_ln_lrh0.001_frozen_e5_s43,1132,2,1.21327,3.6015,0.0,0.0007084962673302524
text_text_ln_lrh0.001_frozen_e5_s43,1133,2,1.23,3.2786,0.0,0.0007081407749733381
text_text_ln_lrh0.001_frozen_e5_s43,1134,2,0.85346,1.7056,0.0,0.0007077852826164237
text_text_ln_lrh0.001_frozen_e5_s43,1135,2,1.06096,2.4051,0.0,0.0007074297902595095
text_text_ln_lrh0.001_frozen_e5_s43,1136,2,1.51103,5.4725,0.0,0.0007070742979025951
text_text_ln_lrh0.001_frozen_e5_s43,1137,2,1.37901,2.1669,0.0,0.0007067188055456808
text_text_ln_lrh0.001_frozen_e5_s43,1138,2,1.79631,3.565,0.0,0.0007063633131887665
text_text_ln_lrh0.001_frozen_e5_s43,1139,2,1.01787,1.8746,0.0,0.0007060078208318521
text_text_ln_lrh0.001_frozen_e5_s43,1140,2,1.25494,3.8251,0.0,0.0007056523284749378
text_text_ln_lrh0.001_frozen_e5_s43,1141,2,0.78155,3.678,0.0,0.0007052968361180236
text_text_ln_lrh0.001_frozen_e5_s43,1142,2,1.05918,2.1321,0.0,0.0007049413437611091
text_text_ln_lrh0.001_frozen_e5_s43,1143,2,1.28772,2.9397,0.0,0.0007045858514041948
text_text_ln_lrh0.001_frozen_e5_s43,1144,2,1.16249,2.8088,0.0,0.0007042303590472805
text_text_ln_lrh0.001_frozen_e5_s43,1145,2,0.92649,1.7317,0.0,0.0007038748666903661
text_text_ln_lrh0.001_frozen_e5_s43,1146,2,1.0787,3.0666,0.0,0.0007035193743334518
text_text_ln_lrh0.001_frozen_e5_s43,1147,2,1.04176,4.2262,0.0,0.0007031638819765375
text_text_ln_lrh0.001_frozen_e5_s43,1148,2,1.39748,2.7824,0.0,0.0007028083896196232
text_text_ln_lrh0.001_frozen_e5_s43,1149,2,1.12235,3.6531,0.0,0.0007024528972627089
text_text_ln_lrh0.001_frozen_e5_s43,1150,2,0.84043,2.7207,0.0,0.0007020974049057946
text_text_ln_lrh0.001_frozen_e5_s43,1151,2,0.79575,2.8208,0.0,0.0007017419125488802
text_text_ln_lrh0.001_frozen_e5_s43,1152,2,0.50703,4.0806,0.0,0.0007013864201919659
text_text_ln_lrh0.001_frozen_e5_s43,1153,2,0.63559,1.9922,0.0,0.0007010309278350515
text_text_ln_lrh0.001_frozen_e5_s43,1154,2,1.11106,2.7862,0.0,0.0007006754354781373
text_text_ln_lrh0.001_frozen_e5_s43,1155,2,0.65362,1.6206,0.0,0.000700319943121223
text_text_ln_lrh0.001_frozen_e5_s43,1156,2,1.34329,4.8011,0.0,0.0006999644507643086
text_text_ln_lrh0.001_frozen_e5_s43,1157,2,0.96684,3.9793,0.0,0.0006996089584073942
text_text_ln_lrh0.001_frozen_e5_s43,1158,2,1.98228,6.7475,0.0,0.0006992534660504799
text_text_ln_lrh0.001_frozen_e5_s43,1159,2,1.18768,2.5492,0.0,0.0006988979736935655
text_text_ln_lrh0.001_frozen_e5_s43,1160,2,1.57129,3.5883,0.0,0.0006985424813366513
text_text_ln_lrh0.001_frozen_e5_s43,1161,2,1.54398,5.0747,0.0,0.000698186988979737
text_text_ln_lrh0.001_frozen_e5_s43,1162,2,1.28569,4.531,0.0,0.0006978314966228226
text_text_ln_lrh0.001_frozen_e5_s43,1163,2,2.01054,4.1218,0.0,0.0006974760042659083
text_text_ln_lrh0.001_frozen_e5_s43,1164,2,0.78775,2.018,0.0,0.000697120511908994
text_text_ln_lrh0.001_frozen_e5_s43,1165,2,1.0277,3.0425,0.0,0.0006967650195520796
text_text_ln_lrh0.001_frozen_e5_s43,1166,2,1.19128,2.6911,0.0,0.0006964095271951654
text_text_ln_lrh0.001_frozen_e5_s43,1167,2,1.18456,3.9202,0.0,0.000696054034838251
text_text_ln_lrh0.001_frozen_e5_s43,1168,2,0.93688,3.4253,0.0,0.0006956985424813367
text_text_ln_lrh0.001_frozen_e5_s43,1169,2,1.18009,3.5267,0.0,0.0006953430501244224
text_text_ln_lrh0.001_frozen_e5_s43,1170,2,1.53724,4.1613,0.0,0.000694987557767508
text_text_ln_lrh0.001_frozen_e5_s43,1171,2,1.66508,3.6173,0.0,0.0006946320654105936
text_text_ln_lrh0.001_frozen_e5_s43,1172,2,0.85538,3.0861,0.0,0.0006942765730536793
text_text_ln_lrh0.001_frozen_e5_s43,1173,2,1.0476,3.8131,0.0,0.000693921080696765
text_text_ln_lrh0.001_frozen_e5_s43,1174,2,1.2406,2.0944,0.0,0.0006935655883398507
text_text_ln_lrh0.001_frozen_e5_s43,1175,2,1.2894,2.5097,0.0,0.0006932100959829364
text_text_ln_lrh0.001_frozen_e5_s43,1176,2,1.37019,3.5124,0.0,0.000692854603626022
text_text_ln_lrh0.001_frozen_e5_s43,1177,2,0.76502,3.0541,0.0,0.0006924991112691077
text_text_ln_lrh0.001_frozen_e5_s43,1178,2,1.12839,2.9919,0.0,0.0006921436189121934
text_text_ln_lrh0.001_frozen_e5_s43,1179,2,0.95971,2.2563,0.0,0.0006917881265552791
text_text_ln_lrh0.001_frozen_e5_s43,1180,2,1.13508,2.0628,0.0,0.0006914326341983648
text_text_ln_lrh0.001_frozen_e5_s43,1181,2,0.8273,2.8467,0.0,0.0006910771418414504
text_text_ln_lrh0.001_frozen_e5_s43,1182,2,1.17968,2.1886,0.0,0.0006907216494845361
text_text_ln_lrh0.001_frozen_e5_s43,1183,2,1.54001,4.9948,0.0,0.0006903661571276218
text_text_ln_lrh0.001_frozen_e5_s43,1184,2,1.21799,4.4342,0.0,0.0006900106647707074
text_text_ln_lrh0.001_frozen_e5_s43,1185,2,1.05201,2.0786,0.0,0.0006896551724137932
text_text_ln_lrh0.001_frozen_e5_s43,1186,2,0.91239,3.5026,0.0,0.0006892996800568789
text_text_ln_lrh0.001_frozen_e5_s43,1187,2,0.90361,4.2678,0.0,0.0006889441876999644
text_text_ln_lrh0.001_frozen_e5_s43,1188,2,1.03807,2.6101,0.0,0.0006885886953430501
text_text_ln_lrh0.001_frozen_e5_s43,1189,2,1.35009,4.4022,0.0,0.0006882332029861358
text_text_ln_lrh0.001_frozen_e5_s43,1190,2,1.00336,2.6205,0.0,0.0006878777106292214
text_text_ln_lrh0.001_frozen_e5_s43,1191,2,1.19601,3.2416,0.0,0.0006875222182723072
text_text_ln_lrh0.001_frozen_e5_s43,1192,2,1.13405,3.2562,0.0,0.0006871667259153929
text_text_ln_lrh0.001_frozen_e5_s43,1193,2,1.38175,3.5501,0.0,0.0006868112335584785
text_text_ln_lrh0.001_frozen_e5_s43,1194,2,0.76796,2.7199,0.0,0.0006864557412015642
text_text_ln_lrh0.001_frozen_e5_s43,1195,2,1.25182,2.5888,0.0,0.0006861002488446498
text_text_ln_lrh0.001_frozen_e5_s43,1196,2,1.37384,3.4053,0.0,0.0006857447564877355
text_text_ln_lrh0.001_frozen_e5_s43,1197,2,1.46118,2.7544,0.0,0.0006853892641308213
text_text_ln_lrh0.001_frozen_e5_s43,1198,2,1.25388,2.702,0.0,0.0006850337717739069
text_text_ln_lrh0.001_frozen_e5_s43,1199,2,1.17956,2.4494,0.0,0.0006846782794169926
text_text_ln_lrh0.001_frozen_e5_s43,1200,2,0.83332,3.3475,0.0,0.0006843227870600783
text_text_ln_lrh0.001_frozen_e5_s43,1201,2,1.61794,3.1503,0.0,0.0006839672947031638
text_text_ln_lrh0.001_frozen_e5_s43,1202,2,0.77707,4.3158,0.0,0.0006836118023462495
text_text_ln_lrh0.001_frozen_e5_s43,1203,2,2.04329,7.331,0.0,0.0006832563099893352
text_text_ln_lrh0.001_frozen_e5_s43,1204,2,1.11095,2.6373,0.0,0.0006829008176324209
text_text_ln_lrh0.001_frozen_e5_s43,1205,2,0.91404,3.4477,0.0,0.0006825453252755066
text_text_ln_lrh0.001_frozen_e5_s43,1206,2,2.07789,5.8365,0.0,0.0006821898329185923
text_text_ln_lrh0.001_frozen_e5_s43,1207,2,1.22678,3.1796,0.0,0.0006818343405616779
text_text_ln_lrh0.001_frozen_e5_s43,1208,2,1.60103,3.2722,0.0,0.0006814788482047636
text_text_ln_lrh0.001_frozen_e5_s43,1209,2,1.14232,3.4025,0.0,0.0006811233558478492
text_text_ln_lrh0.001_frozen_e5_s43,1210,2,1.44365,3.0252,0.0,0.000680767863490935
text_text_ln_lrh0.001_frozen_e5_s43,1211,2,1.37782,4.036,0.0,0.0006804123711340207
text_text_ln_lrh0.001_frozen_e5_s43,1212,2,1.16964,3.1649,0.0,0.0006800568787771063
text_text_ln_lrh0.001_frozen_e5_s43,1213,2,0.90027,3.1793,0.0,0.000679701386420192
text_text_ln_lrh0.001_frozen_e5_s43,1214,2,1.30683,3.369,0.0,0.0006793458940632777
text_text_ln_lrh0.001_frozen_e5_s43,1215,2,1.16992,3.07,0.0,0.0006789904017063632
text_text_ln_lrh0.001_frozen_e5_s43,1216,2,1.44319,3.2571,0.0,0.000678634909349449
text_text_ln_lrh0.001_frozen_e5_s43,1217,2,0.88698,2.3199,0.0,0.0006782794169925347
text_text_ln_lrh0.001_frozen_e5_s43,1218,2,0.66575,3.363,0.0,0.0006779239246356203
text_text_ln_lrh0.001_frozen_e5_s43,1219,2,0.95809,2.4012,0.0,0.000677568432278706
text_text_ln_lrh0.001_frozen_e5_s43,1220,2,0.82381,2.6102,0.0,0.0006772129399217917
text_text_ln_lrh0.001_frozen_e5_s43,1221,2,1.21638,2.4333,0.0,0.0006768574475648773
text_text_ln_lrh0.001_frozen_e5_s43,1222,2,1.25769,3.4855,0.0,0.0006765019552079631
text_text_ln_lrh0.001_frozen_e5_s43,1223,2,1.33035,4.1481,0.0,0.0006761464628510488
text_text_ln_lrh0.001_frozen_e5_s43,1224,2,1.07689,3.3122,0.0,0.0006757909704941344
text_text_ln_lrh0.001_frozen_e5_s43,1225,2,1.12626,3.7683,0.0,0.0006754354781372201
text_text_ln_lrh0.001_frozen_e5_s43,1226,2,1.59113,3.8797,0.0,0.0006750799857803057
text_text_ln_lrh0.001_frozen_e5_s43,1227,2,0.69002,3.8561,0.0,0.0006747244934233914
text_text_ln_lrh0.001_frozen_e5_s43,1228,2,1.50764,4.6296,0.0,0.0006743690010664772
text_text_ln_lrh0.001_frozen_e5_s43,1229,2,1.26888,4.3531,0.0,0.0006740135087095628
text_text_ln_lrh0.001_frozen_e5_s43,1230,2,0.87128,1.4697,0.0,0.0006736580163526484
text_text_ln_lrh0.001_frozen_e5_s43,1231,2,1.52006,5.2779,0.0,0.0006733025239957341
text_text_ln_lrh0.001_frozen_e5_s43,1232,2,1.03765,1.9079,0.0,0.0006729470316388197
text_text_ln_lrh0.001_frozen_e5_s43,1233,2,1.3247,4.3721,0.0,0.0006725915392819054
text_text_ln_lrh0.001_frozen_e5_s43,1234,2,1.03379,2.3976,0.0,0.0006722360469249911
text_text_ln_lrh0.001_frozen_e5_s43,1235,2,1.34024,2.3725,0.0,0.0006718805545680768
text_text_ln_lrh0.001_frozen_e5_s43,1236,2,1.60376,3.1043,0.0,0.0006715250622111625
text_text_ln_lrh0.001_frozen_e5_s43,1237,2,1.08905,2.6779,0.0,0.0006711695698542482
text_text_ln_lrh0.001_frozen_e5_s43,1238,2,0.99438,2.0473,0.0,0.0006708140774973338
text_text_ln_lrh0.001_frozen_e5_s43,1239,2,1.42401,2.4302,0.0,0.0006704585851404195
text_text_ln_lrh0.001_frozen_e5_s43,1240,2,1.33358,3.5306,0.0,0.0006701030927835051
text_text_ln_lrh0.001_frozen_e5_s43,1241,2,1.38111,5.3,0.0,0.0006697476004265909
text_text_ln_lrh0.001_frozen_e5_s43,1242,2,0.84465,3.7754,0.0,0.0006693921080696766
text_text_ln_lrh0.001_frozen_e5_s43,1243,2,1.05052,2.2808,0.0,0.0006690366157127622
text_text_ln_lrh0.001_frozen_e5_s43,1244,2,1.189,3.9331,0.0,0.0006686811233558479
text_text_ln_lrh0.001_frozen_e5_s43,1245,2,0.84789,1.5552,0.0,0.0006683256309989335
text_text_ln_lrh0.001_frozen_e5_s43,1246,2,1.2591,3.3175,0.0,0.0006679701386420191
text_text_ln_lrh0.001_frozen_e5_s43,1247,2,1.18495,2.3093,0.0,0.0006676146462851049
text_text_ln_lrh0.001_frozen_e5_s43,1248,2,1.66914,4.2693,0.0,0.0006672591539281906
text_text_ln_lrh0.001_frozen_e5_s43,1249,2,1.67281,2.8889,0.0,0.0006669036615712762
text_text_ln_lrh0.001_frozen_e5_s43,1250,2,0.72948,5.936,0.0,0.0006665481692143619
text_text_ln_lrh0.001_frozen_e5_s43,1251,3,1.00609,3.305,0.0,0.0006661926768574476
text_text_ln_lrh0.001_frozen_e5_s43,1252,3,1.05244,3.1021,0.0,0.0006658371845005332
text_text_ln_lrh0.001_frozen_e5_s43,1253,3,1.03013,2.5489,0.0,0.000665481692143619
text_text_ln_lrh0.001_frozen_e5_s43,1254,3,1.30459,3.2516,0.0,0.0006651261997867046
text_text_ln_lrh0.001_frozen_e5_s43,1255,3,0.78572,3.4666,0.0,0.0006647707074297903
text_text_ln_lrh0.001_frozen_e5_s43,1256,3,1.22429,3.607,0.0,0.000664415215072876
text_text_ln_lrh0.001_frozen_e5_s43,1257,3,1.21206,2.5107,0.0,0.0006640597227159616
text_text_ln_lrh0.001_frozen_e5_s43,1258,3,1.20393,3.3101,0.0,0.0006637042303590473
text_text_ln_lrh0.001_frozen_e5_s43,1259,3,1.15049,2.5622,0.0,0.0006633487380021331
text_text_ln_lrh0.001_frozen_e5_s43,1260,3,0.71386,4.0461,0.0,0.0006629932456452186
text_text_ln_lrh0.001_frozen_e5_s43,1261,3,1.42301,4.2451,0.0,0.0006626377532883043
text_text_ln_lrh0.001_frozen_e5_s43,1262,3,1.3862,5.5922,0.0,0.00066228226093139
text_text_ln_lrh0.001_frozen_e5_s43,1263,3,1.43954,4.2102,0.0,0.0006619267685744756
text_text_ln_lrh0.001_frozen_e5_s43,1264,3,1.51153,3.5144,0.0,0.0006615712762175613
text_text_ln_lrh0.001_frozen_e5_s43,1265,3,0.64293,2.0865,0.0,0.000661215783860647
text_text_ln_lrh0.001_frozen_e5_s43,1266,3,1.06748,5.0075,0.0,0.0006608602915037327
text_text_ln_lrh0.001_frozen_e5_s43,1267,3,1.12941,4.6197,0.0,0.0006605047991468184
text_text_ln_lrh0.001_frozen_e5_s43,1268,3,1.27655,3.1428,0.0,0.000660149306789904
text_text_ln_lrh0.001_frozen_e5_s43,1269,3,0.6021,3.8213,0.0,0.0006597938144329897
text_text_ln_lrh0.001_frozen_e5_s43,1270,3,1.22081,2.9434,0.0,0.0006594383220760754
text_text_ln_lrh0.001_frozen_e5_s43,1271,3,0.60182,3.8327,0.0,0.000659082829719161
text_text_ln_lrh0.001_frozen_e5_s43,1272,3,1.4066,4.9745,0.0,0.0006587273373622468
text_text_ln_lrh0.001_frozen_e5_s43,1273,3,0.99242,3.6839,0.0,0.0006583718450053325
text_text_ln_lrh0.001_frozen_e5_s43,1274,3,0.70538,3.0488,0.0,0.000658016352648418
text_text_ln_lrh0.001_frozen_e5_s43,1275,3,1.32273,4.0049,0.0,0.0006576608602915037
text_text_ln_lrh0.001_frozen_e5_s43,1276,3,0.69512,2.3644,0.0,0.0006573053679345894
text_text_ln_lrh0.001_frozen_e5_s43,1277,3,1.21921,3.4393,0.0,0.000656949875577675
text_text_ln_lrh0.001_frozen_e5_s43,1278,3,1.28507,6.6983,0.0,0.0006565943832207608
text_text_ln_lrh0.001_frozen_e5_s43,1279,3,1.26871,2.091,0.0,0.0006562388908638465
text_text_ln_lrh0.001_frozen_e5_s43,1280,3,0.86371,4.3889,0.0,0.0006558833985069321
text_text_ln_lrh0.001_frozen_e5_s43,1281,3,1.28442,5.0852,0.0,0.0006555279061500178
text_text_ln_lrh0.001_frozen_e5_s43,1282,3,1.36406,5.0004,0.0,0.0006551724137931034
text_text_ln_lrh0.001_frozen_e5_s43,1283,3,0.87784,2.735,0.0,0.0006548169214361891
text_text_ln_lrh0.001_frozen_e5_s43,1284,3,1.32739,3.3927,0.0,0.0006544614290792749
text_text_ln_lrh0.001_frozen_e5_s43,1285,3,0.97468,3.0229,0.0,0.0006541059367223605
text_text_ln_lrh0.001_frozen_e5_s43,1286,3,1.00081,4.9672,0.0,0.0006537504443654462
text_text_ln_lrh0.001_frozen_e5_s43,1287,3,1.20589,3.2409,0.0,0.0006533949520085319
text_text_ln_lrh0.001_frozen_e5_s43,1288,3,1.09109,2.3771,0.0,0.0006530394596516174
text_text_ln_lrh0.001_frozen_e5_s43,1289,3,1.19079,3.3286,0.0,0.0006526839672947031
text_text_ln_lrh0.001_frozen_e5_s43,1290,3,1.39356,3.0706,0.0,0.0006523284749377888
text_text_ln_lrh0.001_frozen_e5_s43,1291,3,1.14848,3.1959,0.0,0.0006519729825808745
text_text_ln_lrh0.001_frozen_e5_s43,1292,3,1.44419,2.2916,0.0,0.0006516174902239602
text_text_ln_lrh0.001_frozen_e5_s43,1293,3,1.29395,5.077,0.0,0.0006512619978670459
text_text_ln_lrh0.001_frozen_e5_s43,1294,3,1.20753,1.8242,0.0,0.0006509065055101315
text_text_ln_lrh0.001_frozen_e5_s43,1295,3,1.26112,2.6623,0.0,0.0006505510131532172
text_text_ln_lrh0.001_frozen_e5_s43,1296,3,1.15824,2.0124,0.0,0.0006501955207963028
text_text_ln_lrh0.001_frozen_e5_s43,1297,3,1.48876,3.7725,0.0,0.0006498400284393886
text_text_ln_lrh0.001_frozen_e5_s43,1298,3,1.5085,3.5625,0.0,0.0006494845360824743
text_text_ln_lrh0.001_frozen_e5_s43,1299,3,1.53435,3.1441,0.0,0.0006491290437255599
text_text_ln_lrh0.001_frozen_e5_s43,1300,3,1.06319,2.0599,0.0,0.0006487735513686456
text_text_ln_lrh0.001_frozen_e5_s43,1301,3,0.80576,4.478,0.0,0.0006484180590117313
text_text_ln_lrh0.001_frozen_e5_s43,1302,3,0.7536,4.0709,0.0,0.0006480625666548168
text_text_ln_lrh0.001_frozen_e5_s43,1303,3,1.26307,2.2093,0.0,0.0006477070742979027
text_text_ln_lrh0.001_frozen_e5_s43,1304,3,1.1397,3.2198,0.0,0.0006473515819409883
text_text_ln_lrh0.001_frozen_e5_s43,1305,3,0.86556,2.1083,0.0,0.0006469960895840739
text_text_ln_lrh0.001_frozen_e5_s43,1306,3,1.19745,1.9824,0.0,0.0006466405972271596
text_text_ln_lrh0.001_frozen_e5_s43,1307,3,0.85323,2.2897,0.0,0.0006462851048702453
text_text_ln_lrh0.001_frozen_e5_s43,1308,3,1.19784,4.6787,0.0,0.0006459296125133309
text_text_ln_lrh0.001_frozen_e5_s43,1309,3,1.07673,3.3013,0.0,0.0006455741201564167
text_text_ln_lrh0.001_frozen_e5_s43,1310,3,0.96309,2.2064,0.0,0.0006452186277995024
text_text_ln_lrh0.001_frozen_e5_s43,1311,3,0.90977,2.3354,0.0,0.000644863135442588
text_text_ln_lrh0.001_frozen_e5_s43,1312,3,1.4268,4.3935,0.0,0.0006445076430856737
text_text_ln_lrh0.001_frozen_e5_s43,1313,3,1.42859,5.4908,0.0,0.0006441521507287593
text_text_ln_lrh0.001_frozen_e5_s43,1314,3,1.09794,5.1883,0.0,0.000643796658371845
text_text_ln_lrh0.001_frozen_e5_s43,1315,3,0.7159,2.1383,0.0,0.0006434411660149308
text_text_ln_lrh0.001_frozen_e5_s43,1316,3,1.11694,4.0556,0.0,0.0006430856736580164
text_text_ln_lrh0.001_frozen_e5_s43,1317,3,0.97538,2.8285,0.0,0.0006427301813011021
text_text_ln_lrh0.001_frozen_e5_s43,1318,3,1.43451,2.4944,0.0,0.0006423746889441877
text_text_ln_lrh0.001_frozen_e5_s43,1319,3,0.92012,2.2901,0.0,0.0006420191965872733
text_text_ln_lrh0.001_frozen_e5_s43,1320,3,1.49105,2.9538,0.0,0.000641663704230359
text_text_ln_lrh0.001_frozen_e5_s43,1321,3,1.02442,3.4745,0.0,0.0006413082118734447
text_text_ln_lrh0.001_frozen_e5_s43,1322,3,0.87555,2.3595,0.0,0.0006409527195165304
text_text_ln_lrh0.001_frozen_e5_s43,1323,3,0.87665,2.8592,0.0,0.0006405972271596161
text_text_ln_lrh0.001_frozen_e5_s43,1324,3,0.84987,3.4667,0.0,0.0006402417348027018
text_text_ln_lrh0.001_frozen_e5_s43,1325,3,1.18456,2.9728,0.0,0.0006398862424457874
text_text_ln_lrh0.001_frozen_e5_s43,1326,3,0.79538,3.2877,0.0,0.0006395307500888731
text_text_ln_lrh0.001_frozen_e5_s43,1327,3,1.40091,2.5026,0.0,0.0006391752577319587
text_text_ln_lrh0.001_frozen_e5_s43,1328,3,1.18899,6.7665,0.0,0.0006388197653750445
text_text_ln_lrh0.001_frozen_e5_s43,1329,3,1.29645,3.2386,0.0,0.0006384642730181302
text_text_ln_lrh0.001_frozen_e5_s43,1330,3,0.88845,2.2542,0.0,0.0006381087806612158
text_text_ln_lrh0.001_frozen_e5_s43,1331,3,1.3435,4.868,0.0,0.0006377532883043015
text_text_ln_lrh0.001_frozen_e5_s43,1332,3,1.36554,4.4702,0.0,0.0006373977959473872
text_text_ln_lrh0.001_frozen_e5_s43,1333,3,1.10822,1.8807,0.0,0.0006370423035904727
text_text_ln_lrh0.001_frozen_e5_s43,1334,3,1.01684,3.4977,0.0,0.0006366868112335585
text_text_ln_lrh0.001_frozen_e5_s43,1335,3,1.18237,2.0293,0.0,0.0006363313188766442
text_text_ln_lrh0.001_frozen_e5_s43,1336,3,1.52008,4.3504,0.0,0.0006359758265197298
text_text_ln_lrh0.001_frozen_e5_s43,1337,3,0.75941,2.5263,0.0,0.0006356203341628155
text_text_ln_lrh0.001_frozen_e5_s43,1338,3,1.09001,2.308,0.0,0.0006352648418059012
text_text_ln_lrh0.001_frozen_e5_s43,1339,3,1.2447,2.1648,0.0,0.0006349093494489868
text_text_ln_lrh0.001_frozen_e5_s43,1340,3,1.06738,2.444,0.0,0.0006345538570920726
text_text_ln_lrh0.001_frozen_e5_s43,1341,3,1.38815,3.0925,0.0,0.0006341983647351582
text_text_ln_lrh0.001_frozen_e5_s43,1342,3,0.87951,3.1771,0.0,0.0006338428723782439
text_text_ln_lrh0.001_frozen_e5_s43,1343,3,1.31959,3.1579,0.0,0.0006334873800213296
text_text_ln_lrh0.001_frozen_e5_s43,1344,3,1.15497,3.0957,0.0,0.0006331318876644152
text_text_ln_lrh0.001_frozen_e5_s43,1345,3,1.15262,2.0973,0.0,0.0006327763953075009
text_text_ln_lrh0.001_frozen_e5_s43,1346,3,1.37892,1.9892,0.0,0.0006324209029505867
text_text_ln_lrh0.001_frozen_e5_s43,1347,3,0.91511,2.2143,0.0,0.0006320654105936722
text_text_ln_lrh0.001_frozen_e5_s43,1348,3,0.77878,2.3546,0.0,0.0006317099182367579
text_text_ln_lrh0.001_frozen_e5_s43,1349,3,1.20459,3.1386,0.0,0.0006313544258798436
text_text_ln_lrh0.001_frozen_e5_s43,1350,3,1.38924,3.7998,0.0,0.0006309989335229292
text_text_ln_lrh0.001_frozen_e5_s43,1351,3,1.65946,3.248,0.0,0.0006306434411660149
text_text_ln_lrh0.001_frozen_e5_s43,1352,3,0.99329,3.8189,0.0,0.0006302879488091006
text_text_ln_lrh0.001_frozen_e5_s43,1353,3,0.93514,3.4299,0.0,0.0006299324564521863
text_text_ln_lrh0.001_frozen_e5_s43,1354,3,1.76575,3.1659,0.0,0.000629576964095272
text_text_ln_lrh0.001_frozen_e5_s43,1355,3,0.8407,1.7324,0.0,0.0006292214717383576
text_text_ln_lrh0.001_frozen_e5_s43,1356,3,1.03836,3.7592,0.0,0.0006288659793814433
text_text_ln_lrh0.001_frozen_e5_s43,1357,3,0.94997,2.7322,0.0,0.000628510487024529
text_text_ln_lrh0.001_frozen_e5_s43,1358,3,1.50908,3.4747,0.0,0.0006281549946676146
text_text_ln_lrh0.001_frozen_e5_s43,1359,3,1.45674,4.4021,0.0,0.0006277995023107004
text_text_ln_lrh0.001_frozen_e5_s43,1360,3,1.05871,2.1325,0.0,0.0006274440099537861
text_text_ln_lrh0.001_frozen_e5_s43,1361,3,0.85993,2.4685,0.0,0.0006270885175968717
text_text_ln_lrh0.001_frozen_e5_s43,1362,3,1.06348,2.9533,0.0,0.0006267330252399573
text_text_ln_lrh0.001_frozen_e5_s43,1363,3,0.98969,3.5593,0.0,0.000626377532883043
text_text_ln_lrh0.001_frozen_e5_s43,1364,3,1.03605,2.896,0.0,0.0006260220405261286
text_text_ln_lrh0.001_frozen_e5_s43,1365,3,0.92973,2.3939,0.0,0.0006256665481692144
text_text_ln_lrh0.001_frozen_e5_s43,1366,3,1.34997,3.2612,0.0,0.0006253110558123001
text_text_ln_lrh0.001_frozen_e5_s43,1367,3,0.90139,4.2051,0.0,0.0006249555634553857
text_text_ln_lrh0.001_frozen_e5_s43,1368,3,1.41527,2.5473,0.0,0.0006246000710984714
text_text_ln_lrh0.001_frozen_e5_s43,1369,3,1.02759,2.6708,0.0,0.000624244578741557
text_text_ln_lrh0.001_frozen_e5_s43,1370,3,1.35254,4.6368,0.0,0.0006238890863846427
text_text_ln_lrh0.001_frozen_e5_s43,1371,3,1.30557,2.3754,0.0,0.0006235335940277285
text_text_ln_lrh0.001_frozen_e5_s43,1372,3,0.70492,2.413,0.0,0.0006231781016708141
text_text_ln_lrh0.001_frozen_e5_s43,1373,3,1.24894,3.4512,0.0,0.0006228226093138998
text_text_ln_lrh0.001_frozen_e5_s43,1374,3,1.27663,2.4338,0.0,0.0006224671169569855
text_text_ln_lrh0.001_frozen_e5_s43,1375,3,1.28824,3.2273,0.0,0.000622111624600071
text_text_ln_lrh0.001_frozen_e5_s43,1376,3,0.86917,3.4704,0.0,0.0006217561322431567
text_text_ln_lrh0.001_frozen_e5_s43,1377,3,1.72665,7.9889,0.0,0.0006214006398862426
text_text_ln_lrh0.001_frozen_e5_s43,1378,3,0.91782,3.6723,0.0,0.0006210451475293281
text_text_ln_lrh0.001_frozen_e5_s43,1379,3,1.27219,2.0704,0.0,0.0006206896551724138
text_text_ln_lrh0.001_frozen_e5_s43,1380,3,1.5423,3.7322,0.0,0.0006203341628154995
text_text_ln_lrh0.001_frozen_e5_s43,1381,3,1.05343,2.8405,0.0,0.0006199786704585851
text_text_ln_lrh0.001_frozen_e5_s43,1382,3,1.33071,4.0388,0.0,0.0006196231781016708
text_text_ln_lrh0.001_frozen_e5_s43,1383,3,1.06259,3.0076,0.0,0.0006192676857447564
text_text_ln_lrh0.001_frozen_e5_s43,1384,3,0.9149,2.8075,0.0,0.0006189121933878422
text_text_ln_lrh0.001_frozen_e5_s43,1385,3,1.02176,3.9606,0.0,0.0006185567010309279
text_text_ln_lrh0.001_frozen_e5_s43,1386,3,1.23813,2.3555,0.0,0.0006182012086740135
text_text_ln_lrh0.001_frozen_e5_s43,1387,3,1.227,2.4076,0.0,0.0006178457163170992
text_text_ln_lrh0.001_frozen_e5_s43,1388,3,0.99598,1.7732,0.0,0.0006174902239601849
text_text_ln_lrh0.001_frozen_e5_s43,1389,3,1.26536,4.3161,0.0,0.0006171347316032705
text_text_ln_lrh0.001_frozen_e5_s43,1390,3,1.37083,2.5041,0.0,0.0006167792392463563
text_text_ln_lrh0.001_frozen_e5_s43,1391,3,1.23635,3.8841,0.0,0.000616423746889442
text_text_ln_lrh0.001_frozen_e5_s43,1392,3,1.74618,5.1924,0.0,0.0006160682545325275
text_text_ln_lrh0.001_frozen_e5_s43,1393,3,1.58917,5.053,0.0,0.0006157127621756132
text_text_ln_lrh0.001_frozen_e5_s43,1394,3,1.2731,3.3055,0.0,0.0006153572698186989
text_text_ln_lrh0.001_frozen_e5_s43,1395,3,1.55553,3.86,0.0,0.0006150017774617845
text_text_ln_lrh0.001_frozen_e5_s43,1396,3,1.41952,3.7818,0.0,0.0006146462851048703
text_text_ln_lrh0.001_frozen_e5_s43,1397,3,1.27036,3.6096,0.0,0.000614290792747956
text_text_ln_lrh0.001_frozen_e5_s43,1398,3,1.1513,2.9085,0.0,0.0006139353003910416
text_text_ln_lrh0.001_frozen_e5_s43,1399,3,1.26361,2.8508,0.0,0.0006135798080341273
text_text_ln_lrh0.001_frozen_e5_s43,1400,3,1.22546,2.3065,0.0,0.0006132243156772129
text_text_ln_lrh0.001_frozen_e5_s43,1401,3,1.25409,2.2371,0.0,0.0006128688233202986
text_text_ln_lrh0.001_frozen_e5_s43,1402,3,0.85543,2.5563,0.0,0.0006125133309633844
text_text_ln_lrh0.001_frozen_e5_s43,1403,3,1.0775,3.2759,0.0,0.00061215783860647
text_text_ln_lrh0.001_frozen_e5_s43,1404,3,1.07025,4.1049,0.0,0.0006118023462495557
text_text_ln_lrh0.001_frozen_e5_s43,1405,3,1.46027,3.5763,0.0,0.0006114468538926414
text_text_ln_lrh0.001_frozen_e5_s43,1406,3,1.42822,3.5724,0.0,0.0006110913615357269
text_text_ln_lrh0.001_frozen_e5_s43,1407,3,1.01607,3.2677,0.0,0.0006107358691788126
text_text_ln_lrh0.001_frozen_e5_s43,1408,3,1.091,2.0743,0.0,0.0006103803768218983
text_text_ln_lrh0.001_frozen_e5_s43,1409,3,1.11991,3.0586,0.0,0.000610024884464984
text_text_ln_lrh0.001_frozen_e5_s43,1410,3,0.94797,2.7671,0.0,0.0006096693921080697
text_text_ln_lrh0.001_frozen_e5_s43,1411,3,0.88093,2.5621,0.0,0.0006093138997511554
text_text_ln_lrh0.001_frozen_e5_s43,1412,3,1.66096,3.3098,0.0,0.000608958407394241
text_text_ln_lrh0.001_frozen_e5_s43,1413,3,1.14466,3.376,0.0,0.0006086029150373267
text_text_ln_lrh0.001_frozen_e5_s43,1414,3,2.01447,6.0247,0.0,0.0006082474226804123
text_text_ln_lrh0.001_frozen_e5_s43,1415,3,0.98627,4.4404,0.0,0.0006078919303234981
text_text_ln_lrh0.001_frozen_e5_s43,1416,3,1.44725,2.5281,0.0,0.0006075364379665838
text_text_ln_lrh0.001_frozen_e5_s43,1417,3,1.63965,4.5914,0.0,0.0006071809456096694
text_text_ln_lrh0.001_frozen_e5_s43,1418,3,1.27829,3.088,0.0,0.0006068254532527551
text_text_ln_lrh0.001_frozen_e5_s43,1419,3,1.05295,2.0291,0.0,0.0006064699608958408
text_text_ln_lrh0.001_frozen_e5_s43,1420,3,1.51001,4.2827,0.0,0.0006061144685389263
text_text_ln_lrh0.001_frozen_e5_s43,1421,3,0.57208,2.5733,0.0,0.0006057589761820121
text_text_ln_lrh0.001_frozen_e5_s43,1422,3,1.15793,3.8611,0.0,0.0006054034838250978
text_text_ln_lrh0.001_frozen_e5_s43,1423,3,1.08812,4.5859,0.0,0.0006050479914681834
text_text_ln_lrh0.001_frozen_e5_s43,1424,3,1.35218,2.0389,0.0,0.0006046924991112691
text_text_ln_lrh0.001_frozen_e5_s43,1425,3,0.86512,1.8809,0.0,0.0006043370067543548
text_text_ln_lrh0.001_frozen_e5_s43,1426,3,1.48245,4.0002,0.0,0.0006039815143974404
text_text_ln_lrh0.001_frozen_e5_s43,1427,3,1.1372,3.3784,0.0,0.0006036260220405262
text_text_ln_lrh0.001_frozen_e5_s43,1428,3,0.97506,1.8733,0.0,0.0006032705296836118
text_text_ln_lrh0.001_frozen_e5_s43,1429,3,1.52229,3.5797,0.0,0.0006029150373266975
text_text_ln_lrh0.001_frozen_e5_s43,1430,3,1.51922,3.6034,0.0,0.0006025595449697832
text_text_ln_lrh0.001_frozen_e5_s43,1431,3,1.57617,2.7135,0.0,0.0006022040526128688
text_text_ln_lrh0.001_frozen_e5_s43,1432,3,1.08781,2.8286,0.0,0.0006018485602559545
text_text_ln_lrh0.001_frozen_e5_s43,1433,3,1.22887,2.7516,0.0,0.0006014930678990403
text_text_ln_lrh0.001_frozen_e5_s43,1434,3,0.8102,3.2219,0.0,0.0006011375755421259
text_text_ln_lrh0.001_frozen_e5_s43,1435,3,1.15144,3.263,0.0,0.0006007820831852115
text_text_ln_lrh0.001_frozen_e5_s43,1436,3,1.45218,3.549,0.0,0.0006004265908282972
text_text_ln_lrh0.001_frozen_e5_s43,1437,3,1.69088,3.6039,0.0,0.0006000710984713828
text_text_ln_lrh0.001_frozen_e5_s43,1438,3,1.34599,4.4189,0.0,0.0005997156061144685
text_text_ln_lrh0.001_frozen_e5_s43,1439,3,0.83383,3.2007,0.0,0.0005993601137575542
text_text_ln_lrh0.001_frozen_e5_s43,1440,3,1.40321,2.2954,0.0,0.0005990046214006399
text_text_ln_lrh0.001_frozen_e5_s43,1441,3,1.05668,2.4213,0.0,0.0005986491290437256
text_text_ln_lrh0.001_frozen_e5_s43,1442,3,1.68409,4.9397,0.0,0.0005982936366868112
text_text_ln_lrh0.001_frozen_e5_s43,1443,3,1.09041,2.7827,0.0,0.0005979381443298969
text_text_ln_lrh0.001_frozen_e5_s43,1444,3,1.32089,3.471,0.0,0.0005975826519729826
text_text_ln_lrh0.001_frozen_e5_s43,1445,3,1.32698,3.9212,0.0,0.0005972271596160682
text_text_ln_lrh0.001_frozen_e5_s43,1446,3,1.1042,3.8356,0.0,0.000596871667259154
text_text_ln_lrh0.001_frozen_e5_s43,1447,3,1.13087,2.8189,0.0,0.0005965161749022397
text_text_ln_lrh0.001_frozen_e5_s43,1448,3,1.51604,3.4538,0.0,0.0005961606825453253
text_text_ln_lrh0.001_frozen_e5_s43,1449,3,1.23978,3.1503,0.0,0.000595805190188411
text_text_ln_lrh0.001_frozen_e5_s43,1450,3,1.13538,3.1569,0.0,0.0005954496978314966
text_text_ln_lrh0.001_frozen_e5_s43,1451,3,1.07336,2.5437,0.0,0.0005950942054745822
text_text_ln_lrh0.001_frozen_e5_s43,1452,3,1.03081,2.5438,0.0,0.000594738713117668
text_text_ln_lrh0.001_frozen_e5_s43,1453,3,1.26405,2.1812,0.0,0.0005943832207607537
text_text_ln_lrh0.001_frozen_e5_s43,1454,3,1.26203,3.0167,0.0,0.0005940277284038393
text_text_ln_lrh0.001_frozen_e5_s43,1455,3,1.33593,3.0241,0.0,0.000593672236046925
text_text_ln_lrh0.001_frozen_e5_s43,1456,3,1.37278,3.7492,0.0,0.0005933167436900106
text_text_ln_lrh0.001_frozen_e5_s43,1457,3,1.5402,4.5219,0.0,0.0005929612513330963
text_text_ln_lrh0.001_frozen_e5_s43,1458,3,0.90318,2.4466,0.0,0.0005926057589761821
text_text_ln_lrh0.001_frozen_e5_s43,1459,3,0.82754,1.735,0.0,0.0005922502666192677
text_text_ln_lrh0.001_frozen_e5_s43,1460,3,1.1797,3.3475,0.0,0.0005918947742623534
text_text_ln_lrh0.001_frozen_e5_s43,1461,3,0.82067,3.7271,0.0,0.0005915392819054391
text_text_ln_lrh0.001_frozen_e5_s43,1462,3,0.90064,2.0348,0.0,0.0005911837895485247
text_text_ln_lrh0.001_frozen_e5_s43,1463,3,1.21087,3.038,0.0,0.0005908282971916104
text_text_ln_lrh0.001_frozen_e5_s43,1464,3,1.09798,3.4229,0.0,0.0005904728048346962
text_text_ln_lrh0.001_frozen_e5_s43,1465,3,1.23292,2.5872,0.0,0.0005901173124777817
text_text_ln_lrh0.001_frozen_e5_s43,1466,3,1.27883,2.8944,0.0,0.0005897618201208674
text_text_ln_lrh0.001_frozen_e5_s43,1467,3,1.1304,3.7341,0.0,0.0005894063277639531
text_text_ln_lrh0.001_frozen_e5_s43,1468,3,1.20712,2.5846,0.0,0.0005890508354070387
text_text_ln_lrh0.001_frozen_e5_s43,1469,3,1.02918,4.0275,0.0,0.0005886953430501244
text_text_ln_lrh0.001_frozen_e5_s43,1470,3,0.9805,3.4976,0.0,0.0005883398506932101
text_text_ln_lrh0.001_frozen_e5_s43,1471,3,0.7675,2.3874,0.0,0.0005879843583362958
text_text_ln_lrh0.001_frozen_e5_s43,1472,3,0.98144,2.6985,0.0,0.0005876288659793815
text_text_ln_lrh0.001_frozen_e5_s43,1473,3,1.97319,5.5552,0.0,0.0005872733736224671
text_text_ln_lrh0.001_frozen_e5_s43,1474,3,0.80486,1.7615,0.0,0.0005869178812655528
text_text_ln_lrh0.001_frozen_e5_s43,1475,3,1.68024,4.8716,0.0,0.0005865623889086385
text_text_ln_lrh0.001_frozen_e5_s43,1476,3,1.72899,4.3421,0.0,0.0005862068965517241
text_text_ln_lrh0.001_frozen_e5_s43,1477,3,1.25924,2.3992,0.0,0.0005858514041948099
text_text_ln_lrh0.001_frozen_e5_s43,1478,3,1.21033,2.3041,0.0,0.0005854959118378956
text_text_ln_lrh0.001_frozen_e5_s43,1479,3,1.0927,3.3405,0.0,0.0005851404194809811
text_text_ln_lrh0.001_frozen_e5_s43,1480,3,1.08789,3.1679,0.0,0.0005847849271240668
text_text_ln_lrh0.001_frozen_e5_s43,1481,3,0.87161,2.0594,0.0,0.0005844294347671525
text_text_ln_lrh0.001_frozen_e5_s43,1482,3,1.01109,2.5804,0.0,0.0005840739424102381
text_text_ln_lrh0.001_frozen_e5_s43,1483,3,0.85598,2.6569,0.0,0.0005837184500533239
text_text_ln_lrh0.001_frozen_e5_s43,1484,3,1.39777,3.5201,0.0,0.0005833629576964096
text_text_ln_lrh0.001_frozen_e5_s43,1485,3,1.39314,3.4097,0.0,0.0005830074653394952
text_text_ln_lrh0.001_frozen_e5_s43,1486,3,1.01627,2.417,0.0,0.0005826519729825809
text_text_ln_lrh0.001_frozen_e5_s43,1487,3,1.28633,3.5021,0.0,0.0005822964806256665
text_text_ln_lrh0.001_frozen_e5_s43,1488,3,1.08318,1.8722,0.0,0.0005819409882687522
text_text_ln_lrh0.001_frozen_e5_s43,1489,3,1.22556,4.146,0.0,0.000581585495911838
text_text_ln_lrh0.001_frozen_e5_s43,1490,3,1.10025,2.7014,0.0,0.0005812300035549236
text_text_ln_lrh0.001_frozen_e5_s43,1491,3,0.93365,1.886,0.0,0.0005808745111980093
text_text_ln_lrh0.001_frozen_e5_s43,1492,3,1.13892,2.9989,0.0,0.000580519018841095
text_text_ln_lrh0.001_frozen_e5_s43,1493,3,1.23705,1.9059,0.0,0.0005801635264841805
text_text_ln_lrh0.001_frozen_e5_s43,1494,3,0.68618,4.5816,0.0,0.0005798080341272662
text_text_ln_lrh0.001_frozen_e5_s43,1495,3,0.68613,2.9554,0.0,0.000579452541770352
text_text_ln_lrh0.001_frozen_e5_s43,1496,3,1.31015,2.0283,0.0,0.0005790970494134376
text_text_ln_lrh0.001_frozen_e5_s43,1497,3,1.70151,3.4155,0.0,0.0005787415570565233
text_text_ln_lrh0.001_frozen_e5_s43,1498,3,1.16495,2.0423,0.0,0.000578386064699609
text_text_ln_lrh0.001_frozen_e5_s43,1499,3,1.25408,3.6346,0.0,0.0005780305723426946
text_text_ln_lrh0.001_frozen_e5_s43,1500,3,1.41039,2.7123,0.0,0.0005776750799857803
text_text_ln_lrh0.001_frozen_e5_s43,1501,3,1.27248,3.5642,0.0,0.0005773195876288659
text_text_ln_lrh0.001_frozen_e5_s43,1502,3,1.52166,5.2473,0.0,0.0005769640952719517
text_text_ln_lrh0.001_frozen_e5_s43,1503,3,1.02665,1.8484,0.0,0.0005766086029150374
text_text_ln_lrh0.001_frozen_e5_s43,1504,3,0.95411,2.6046,0.0,0.000576253110558123
text_text_ln_lrh0.001_frozen_e5_s43,1505,3,1.33,5.1484,0.0,0.0005758976182012087
text_text_ln_lrh0.001_frozen_e5_s43,1506,3,1.33075,2.1171,0.0,0.0005755421258442944
text_text_ln_lrh0.001_frozen_e5_s43,1507,3,0.91166,3.9461,0.0,0.00057518663348738
text_text_ln_lrh0.001_frozen_e5_s43,1508,3,0.89199,2.9599,0.0,0.0005748311411304658
text_text_ln_lrh0.001_frozen_e5_s43,1509,3,1.61515,4.2282,0.0,0.0005744756487735514
text_text_ln_lrh0.001_frozen_e5_s43,1510,3,0.66841,2.3505,0.0,0.000574120156416637
text_text_ln_lrh0.001_frozen_e5_s43,1511,3,0.71986,2.9257,0.0,0.0005737646640597227
text_text_ln_lrh0.001_frozen_e5_s43,1512,3,1.25075,2.7286,0.0,0.0005734091717028084
text_text_ln_lrh0.001_frozen_e5_s43,1513,3,1.35901,2.8056,0.0,0.000573053679345894
text_text_ln_lrh0.001_frozen_e5_s43,1514,3,1.58719,4.1747,0.0,0.0005726981869889798
text_text_ln_lrh0.001_frozen_e5_s43,1515,3,1.48468,3.7223,0.0,0.0005723426946320654
text_text_ln_lrh0.001_frozen_e5_s43,1516,3,1.41362,3.8594,0.0,0.0005719872022751511
text_text_ln_lrh0.001_frozen_e5_s43,1517,3,0.86838,1.748,0.0,0.0005716317099182368
text_text_ln_lrh0.001_frozen_e5_s43,1518,3,0.75478,2.3423,0.0,0.0005712762175613224
text_text_ln_lrh0.001_frozen_e5_s43,1519,3,0.86707,2.2567,0.0,0.0005709207252044081
text_text_ln_lrh0.001_frozen_e5_s43,1520,3,0.81141,2.0609,0.0,0.0005705652328474939
text_text_ln_lrh0.001_frozen_e5_s43,1521,3,1.47229,2.5521,0.0,0.0005702097404905795
text_text_ln_lrh0.001_frozen_e5_s43,1522,3,0.98423,2.5636,0.0,0.0005698542481336652
text_text_ln_lrh0.001_frozen_e5_s43,1523,3,1.40077,2.7821,0.0,0.0005694987557767508
text_text_ln_lrh0.001_frozen_e5_s43,1524,3,1.13755,3.6229,0.0,0.0005691432634198364
text_text_ln_lrh0.001_frozen_e5_s43,1525,3,1.29302,4.4237,0.0,0.0005687877710629221
text_text_ln_lrh0.001_frozen_e5_s43,1526,3,0.93536,3.6199,0.0,0.0005684322787060079
text_text_ln_lrh0.001_frozen_e5_s43,1527,3,1.08386,2.5914,0.0,0.0005680767863490935
text_text_ln_lrh0.001_frozen_e5_s43,1528,3,1.20194,3.8465,0.0,0.0005677212939921792
text_text_ln_lrh0.001_frozen_e5_s43,1529,3,1.55392,3.5092,0.0,0.0005673658016352649
text_text_ln_lrh0.001_frozen_e5_s43,1530,3,0.90634,2.4526,0.0,0.0005670103092783505
text_text_ln_lrh0.001_frozen_e5_s43,1531,3,0.93558,4.5739,0.0,0.0005666548169214362
text_text_ln_lrh0.001_frozen_e5_s43,1532,3,1.16729,2.7466,0.0,0.0005662993245645218
text_text_ln_lrh0.001_frozen_e5_s43,1533,3,1.09367,1.6878,0.0,0.0005659438322076076
text_text_ln_lrh0.001_frozen_e5_s43,1534,3,1.18551,5.0585,0.0,0.0005655883398506933
text_text_ln_lrh0.001_frozen_e5_s43,1535,3,1.2233,2.0222,0.0,0.0005652328474937789
text_text_ln_lrh0.001_frozen_e5_s43,1536,3,1.25715,3.0348,0.0,0.0005648773551368646
text_text_ln_lrh0.001_frozen_e5_s43,1537,3,1.28103,3.2874,0.0,0.0005645218627799503
text_text_ln_lrh0.001_frozen_e5_s43,1538,3,0.90407,4.7913,0.0,0.0005641663704230358
text_text_ln_lrh0.001_frozen_e5_s43,1539,3,1.5034,3.587,0.0,0.0005638108780661216
text_text_ln_lrh0.001_frozen_e5_s43,1540,3,0.98469,3.1924,0.0,0.0005634553857092073
text_text_ln_lrh0.001_frozen_e5_s43,1541,3,0.84321,2.4295,0.0,0.0005630998933522929
text_text_ln_lrh0.001_frozen_e5_s43,1542,3,1.54486,4.0059,0.0,0.0005627444009953786
text_text_ln_lrh0.001_frozen_e5_s43,1543,3,0.9883,3.4099,0.0,0.0005623889086384643
text_text_ln_lrh0.001_frozen_e5_s43,1544,3,0.9444,2.5986,0.0,0.0005620334162815499
text_text_ln_lrh0.001_frozen_e5_s43,1545,3,0.96875,1.9447,0.0,0.0005616779239246357
text_text_ln_lrh0.001_frozen_e5_s43,1546,3,1.23017,2.3553,0.0,0.0005613224315677213
text_text_ln_lrh0.001_frozen_e5_s43,1547,3,0.78386,1.9927,0.0,0.000560966939210807
text_text_ln_lrh0.001_frozen_e5_s43,1548,3,1.56687,5.2264,0.0,0.0005606114468538927
text_text_ln_lrh0.001_frozen_e5_s43,1549,3,1.11045,4.3324,0.0,0.0005602559544969783
text_text_ln_lrh0.001_frozen_e5_s43,1550,3,1.1488,2.5926,0.0,0.000559900462140064
text_text_ln_lrh0.001_frozen_e5_s43,1551,3,0.98517,2.1066,0.0,0.0005595449697831498
text_text_ln_lrh0.001_frozen_e5_s43,1552,3,1.18719,3.2967,0.0,0.0005591894774262353
text_text_ln_lrh0.001_frozen_e5_s43,1553,3,0.89927,1.7492,0.0,0.000558833985069321
text_text_ln_lrh0.001_frozen_e5_s43,1554,3,0.70716,1.7897,0.0,0.0005584784927124067
text_text_ln_lrh0.001_frozen_e5_s43,1555,3,0.94845,3.0245,0.0,0.0005581230003554923
text_text_ln_lrh0.001_frozen_e5_s43,1556,3,1.36177,2.9963,0.0,0.000557767507998578
text_text_ln_lrh0.001_frozen_e5_s43,1557,3,1.46002,6.7769,0.0,0.0005574120156416637
text_text_ln_lrh0.001_frozen_e5_s43,1558,3,1.37385,3.643,0.0,0.0005570565232847494
text_text_ln_lrh0.001_frozen_e5_s43,1559,3,1.09609,2.9176,0.0,0.0005567010309278351
text_text_ln_lrh0.001_frozen_e5_s43,1560,3,0.8411,2.3715,0.0,0.0005563455385709207
text_text_ln_lrh0.001_frozen_e5_s43,1561,3,0.94484,2.3135,0.0,0.0005559900462140064
text_text_ln_lrh0.001_frozen_e5_s43,1562,3,1.24188,2.7385,0.0,0.0005556345538570921
text_text_ln_lrh0.001_frozen_e5_s43,1563,3,1.26878,2.7347,0.0,0.0005552790615001777
text_text_ln_lrh0.001_frozen_e5_s43,1564,3,1.01196,5.3636,0.0,0.0005549235691432635
text_text_ln_lrh0.001_frozen_e5_s43,1565,3,1.38467,3.1277,0.0,0.0005545680767863492
text_text_ln_lrh0.001_frozen_e5_s43,1566,3,1.31063,2.0622,0.0,0.0005542125844294348
text_text_ln_lrh0.001_frozen_e5_s43,1567,3,1.16261,3.6426,0.0,0.0005538570920725204
text_text_ln_lrh0.001_frozen_e5_s43,1568,3,1.18938,2.7962,0.0,0.0005535015997156061
text_text_ln_lrh0.001_frozen_e5_s43,1569,3,0.95347,3.1659,0.0,0.0005531461073586917
text_text_ln_lrh0.001_frozen_e5_s43,1570,3,1.10521,2.9839,0.0,0.0005527906150017775
text_text_ln_lrh0.001_frozen_e5_s43,1571,3,0.82053,2.1883,0.0,0.0005524351226448632
text_text_ln_lrh0.001_frozen_e5_s43,1572,3,1.03491,2.765,0.0,0.0005520796302879488
text_text_ln_lrh0.001_frozen_e5_s43,1573,3,1.17708,2.6072,0.0,0.0005517241379310345
text_text_ln_lrh0.001_frozen_e5_s43,1574,3,1.0654,2.0768,0.0,0.0005513686455741201
text_text_ln_lrh0.001_frozen_e5_s43,1575,3,0.84806,3.7914,0.0,0.0005510131532172058
text_text_ln_lrh0.001_frozen_e5_s43,1576,3,1.31139,3.1439,0.0,0.0005506576608602916
text_text_ln_lrh0.001_frozen_e5_s43,1577,3,0.93374,3.5957,0.0,0.0005503021685033772
text_text_ln_lrh0.001_frozen_e5_s43,1578,3,1.07051,3.8728,0.0,0.0005499466761464629
text_text_ln_lrh0.001_frozen_e5_s43,1579,3,0.87473,1.9775,0.0,0.0005495911837895486
text_text_ln_lrh0.001_frozen_e5_s43,1580,3,1.20185,4.0511,0.0,0.0005492356914326342
text_text_ln_lrh0.001_frozen_e5_s43,1581,3,1.15913,2.3553,0.0,0.0005488801990757198
text_text_ln_lrh0.001_frozen_e5_s43,1582,3,0.90343,3.0149,0.0,0.0005485247067188057
text_text_ln_lrh0.001_frozen_e5_s43,1583,3,1.31685,3.7307,0.0,0.0005481692143618912
text_text_ln_lrh0.001_frozen_e5_s43,1584,3,0.99993,3.1816,0.0,0.0005478137220049769
text_text_ln_lrh0.001_frozen_e5_s43,1585,3,0.82324,3.0816,0.0,0.0005474582296480626
text_text_ln_lrh0.001_frozen_e5_s43,1586,3,1.08367,1.9271,0.0,0.0005471027372911482
text_text_ln_lrh0.001_frozen_e5_s43,1587,3,0.93763,3.5554,0.0,0.0005467472449342339
text_text_ln_lrh0.001_frozen_e5_s43,1588,3,0.90873,2.5432,0.0,0.0005463917525773195
text_text_ln_lrh0.001_frozen_e5_s43,1589,3,0.69048,2.5006,0.0,0.0005460362602204053
text_text_ln_lrh0.001_frozen_e5_s43,1590,3,1.43135,5.8763,0.0,0.000545680767863491
text_text_ln_lrh0.001_frozen_e5_s43,1591,3,1.11824,3.2459,0.0,0.0005453252755065766
text_text_ln_lrh0.001_frozen_e5_s43,1592,3,1.61439,3.8523,0.0,0.0005449697831496623
text_text_ln_lrh0.001_frozen_e5_s43,1593,3,1.08441,4.2005,0.0,0.000544614290792748
text_text_ln_lrh0.001_frozen_e5_s43,1594,3,0.65602,2.1152,0.0,0.0005442587984358336
text_text_ln_lrh0.001_frozen_e5_s43,1595,3,1.80964,5.7172,0.0,0.0005439033060789194
text_text_ln_lrh0.001_frozen_e5_s43,1596,3,0.75538,2.199,0.0,0.000543547813722005
text_text_ln_lrh0.001_frozen_e5_s43,1597,3,1.00265,3.8888,0.0,0.0005431923213650906
text_text_ln_lrh0.001_frozen_e5_s43,1598,3,1.27184,3.5457,0.0,0.0005428368290081763
text_text_ln_lrh0.001_frozen_e5_s43,1599,3,1.16381,2.25,0.0,0.000542481336651262
text_text_ln_lrh0.001_frozen_e5_s43,1600,3,0.99842,4.7947,0.0,0.0005421258442943476
text_text_ln_lrh0.001_frozen_e5_s43,1601,3,0.69302,5.6361,0.0,0.0005417703519374334
text_text_ln_lrh0.001_frozen_e5_s43,1602,3,0.96396,2.6634,0.0,0.0005414148595805191
text_text_ln_lrh0.001_frozen_e5_s43,1603,3,1.04997,2.118,0.0,0.0005410593672236047
text_text_ln_lrh0.001_frozen_e5_s43,1604,3,1.43228,3.0703,0.0,0.0005407038748666904
text_text_ln_lrh0.001_frozen_e5_s43,1605,3,0.78978,2.4289,0.0,0.000540348382509776
text_text_ln_lrh0.001_frozen_e5_s43,1606,3,1.24061,3.6722,0.0,0.0005399928901528617
text_text_ln_lrh0.001_frozen_e5_s43,1607,3,0.94037,2.179,0.0,0.0005396373977959475
text_text_ln_lrh0.001_frozen_e5_s43,1608,3,1.08238,2.4602,0.0,0.0005392819054390331
text_text_ln_lrh0.001_frozen_e5_s43,1609,3,1.07067,2.4925,0.0,0.0005389264130821188
text_text_ln_lrh0.001_frozen_e5_s43,1610,3,1.10106,5.543,0.0,0.0005385709207252045
text_text_ln_lrh0.001_frozen_e5_s43,1611,3,1.06688,2.5025,0.0,0.00053821542836829
text_text_ln_lrh0.001_frozen_e5_s43,1612,3,0.76181,3.0588,0.0,0.0005378599360113757
text_text_ln_lrh0.001_frozen_e5_s43,1613,3,0.92566,1.8319,0.0,0.0005375044436544615
text_text_ln_lrh0.001_frozen_e5_s43,1614,3,1.33389,3.8515,0.0,0.0005371489512975471
text_text_ln_lrh0.001_frozen_e5_s43,1615,3,1.00517,7.6188,0.0,0.0005367934589406328
text_text_ln_lrh0.001_frozen_e5_s43,1616,3,1.03106,4.2198,0.0,0.0005364379665837185
text_text_ln_lrh0.001_frozen_e5_s43,1617,3,0.8974,2.4635,0.0,0.0005360824742268041
text_text_ln_lrh0.001_frozen_e5_s43,1618,3,1.422,3.3339,0.0,0.0005357269818698898
text_text_ln_lrh0.001_frozen_e5_s43,1619,3,1.26862,4.2855,0.0,0.0005353714895129754
text_text_ln_lrh0.001_frozen_e5_s43,1620,3,1.63933,4.1405,0.0,0.0005350159971560612
text_text_ln_lrh0.001_frozen_e5_s43,1621,3,0.9941,2.3631,0.0,0.0005346605047991469
text_text_ln_lrh0.001_frozen_e5_s43,1622,3,1.1857,3.1467,0.0,0.0005343050124422325
text_text_ln_lrh0.001_frozen_e5_s43,1623,3,0.75055,2.8804,0.0,0.0005339495200853182
text_text_ln_lrh0.001_frozen_e5_s43,1624,3,0.98565,2.5075,0.0,0.0005335940277284039
text_text_ln_lrh0.001_frozen_e5_s43,1625,3,1.45083,3.8351,0.0,0.0005332385353714894
text_text_ln_lrh0.001_frozen_e5_s43,1626,3,1.16099,2.8186,0.0,0.0005328830430145752
text_text_ln_lrh0.001_frozen_e5_s43,1627,3,1.69584,2.3752,0.0,0.0005325275506576609
text_text_ln_lrh0.001_frozen_e5_s43,1628,3,1.24678,2.6818,0.0,0.0005321720583007465
text_text_ln_lrh0.001_frozen_e5_s43,1629,3,1.21459,3.9957,0.0,0.0005318165659438322
text_text_ln_lrh0.001_frozen_e5_s43,1630,3,1.03594,2.763,0.0,0.0005314610735869179
text_text_ln_lrh0.001_frozen_e5_s43,1631,3,1.01133,2.9289,0.0,0.0005311055812300035
text_text_ln_lrh0.001_frozen_e5_s43,1632,3,1.59538,5.0932,0.0,0.0005307500888730893
text_text_ln_lrh0.001_frozen_e5_s43,1633,3,0.98646,3.9155,0.0,0.0005303945965161749
text_text_ln_lrh0.001_frozen_e5_s43,1634,3,0.95068,2.3328,0.0,0.0005300391041592606
text_text_ln_lrh0.001_frozen_e5_s43,1635,3,1.09501,2.7236,0.0,0.0005296836118023463
text_text_ln_lrh0.001_frozen_e5_s43,1636,3,1.42227,4.9914,0.0,0.0005293281194454319
text_text_ln_lrh0.001_frozen_e5_s43,1637,3,0.95567,2.5107,0.0,0.0005289726270885176
text_text_ln_lrh0.001_frozen_e5_s43,1638,3,1.4204,4.3644,0.0,0.0005286171347316034
text_text_ln_lrh0.001_frozen_e5_s43,1639,3,1.06804,3.2474,0.0,0.000528261642374689
text_text_ln_lrh0.001_frozen_e5_s43,1640,3,1.18112,3.4046,0.0,0.0005279061500177746
text_text_ln_lrh0.001_frozen_e5_s43,1641,3,1.21404,2.9915,0.0,0.0005275506576608603
text_text_ln_lrh0.001_frozen_e5_s43,1642,3,1.24414,2.5968,0.0,0.0005271951653039459
text_text_ln_lrh0.001_frozen_e5_s43,1643,3,1.26048,3.819,0.0,0.0005268396729470316
text_text_ln_lrh0.001_frozen_e5_s43,1644,3,1.36877,2.65,0.0,0.0005264841805901174
text_text_ln_lrh0.001_frozen_e5_s43,1645,3,1.24589,3.4701,0.0,0.000526128688233203
text_text_ln_lrh0.001_frozen_e5_s43,1646,3,1.46352,2.9476,0.0,0.0005257731958762887
text_text_ln_lrh0.001_frozen_e5_s43,1647,3,1.33395,2.2665,0.0,0.0005254177035193743
text_text_ln_lrh0.001_frozen_e5_s43,1648,3,1.14272,5.2737,0.0,0.00052506221116246
text_text_ln_lrh0.001_frozen_e5_s43,1649,3,0.93813,2.3612,0.0,0.0005247067188055457
text_text_ln_lrh0.001_frozen_e5_s43,1650,3,1.06742,2.6978,0.0,0.0005243512264486313
text_text_ln_lrh0.001_frozen_e5_s43,1651,3,0.79161,2.9503,0.0,0.0005239957340917171
text_text_ln_lrh0.001_frozen_e5_s43,1652,3,1.29383,2.0727,0.0,0.0005236402417348028
text_text_ln_lrh0.001_frozen_e5_s43,1653,3,0.75709,4.1488,0.0,0.0005232847493778884
text_text_ln_lrh0.001_frozen_e5_s43,1654,3,1.62261,5.8792,0.0,0.000522929257020974
text_text_ln_lrh0.001_frozen_e5_s43,1655,3,0.68103,1.5168,0.0,0.0005225737646640597
text_text_ln_lrh0.001_frozen_e5_s43,1656,3,1.13366,3.044,0.0,0.0005222182723071453
text_text_ln_lrh0.001_frozen_e5_s43,1657,3,1.46658,4.5146,0.0,0.0005218627799502311
text_text_ln_lrh0.001_frozen_e5_s43,1658,3,1.14723,3.1066,0.0,0.0005215072875933168
text_text_ln_lrh0.001_frozen_e5_s43,1659,3,1.02619,2.5839,0.0,0.0005211517952364024
text_text_ln_lrh0.001_frozen_e5_s43,1660,3,1.24046,2.4835,0.0,0.0005207963028794881
text_text_ln_lrh0.001_frozen_e5_s43,1661,3,1.45786,3.7461,0.0,0.0005204408105225737
text_text_ln_lrh0.001_frozen_e5_s43,1662,3,1.09553,2.6912,0.0,0.0005200853181656594
text_text_ln_lrh0.001_frozen_e5_s43,1663,3,1.2029,3.7085,0.0,0.0005197298258087452
text_text_ln_lrh0.001_frozen_e5_s43,1664,3,1.43804,2.8938,0.0,0.0005193743334518308
text_text_ln_lrh0.001_frozen_e5_s43,1665,3,1.25138,3.7613,0.0,0.0005190188410949165
text_text_ln_lrh0.001_frozen_e5_s43,1666,3,1.8657,3.8527,0.0,0.0005186633487380022
text_text_ln_lrh0.001_frozen_e5_s43,1667,3,1.57424,2.4068,0.0,0.0005183078563810878
text_text_ln_lrh0.001_frozen_e5_s43,1668,3,1.64551,3.2286,0.0,0.0005179523640241735
text_text_ln_lrh0.001_frozen_e5_s43,1669,3,1.26021,3.3618,0.0,0.0005175968716672593
text_text_ln_lrh0.001_frozen_e5_s43,1670,3,1.04268,3.9273,0.0,0.0005172413793103448
text_text_ln_lrh0.001_frozen_e5_s43,1671,3,1.35149,2.9207,0.0,0.0005168858869534305
text_text_ln_lrh0.001_frozen_e5_s43,1672,3,1.17618,2.5514,0.0,0.0005165303945965162
text_text_ln_lrh0.001_frozen_e5_s43,1673,3,1.06108,3.1199,0.0,0.0005161749022396018
text_text_ln_lrh0.001_frozen_e5_s43,1674,3,1.12769,2.6541,0.0,0.0005158194098826875
text_text_ln_lrh0.001_frozen_e5_s43,1675,3,1.33035,3.9993,0.0,0.0005154639175257731
text_text_ln_lrh0.001_frozen_e5_s43,1676,3,1.28446,3.4561,0.0,0.0005151084251688589
text_text_ln_lrh0.001_frozen_e5_s43,1677,3,0.90284,2.7064,0.0,0.0005147529328119446
text_text_ln_lrh0.001_frozen_e5_s43,1678,3,1.18099,2.2501,0.0,0.0005143974404550302
text_text_ln_lrh0.001_frozen_e5_s43,1679,3,0.82753,2.5642,0.0,0.0005140419480981159
text_text_ln_lrh0.001_frozen_e5_s43,1680,3,1.03646,4.2247,0.0,0.0005136864557412016
text_text_ln_lrh0.001_frozen_e5_s43,1681,3,0.81962,4.4227,0.0,0.0005133309633842872
text_text_ln_lrh0.001_frozen_e5_s43,1682,3,1.16539,3.387,0.0,0.000512975471027373
text_text_ln_lrh0.001_frozen_e5_s43,1683,3,1.05696,2.2799,0.0,0.0005126199786704587
text_text_ln_lrh0.001_frozen_e5_s43,1684,3,0.88179,2.6308,0.0,0.0005122644863135442
text_text_ln_lrh0.001_frozen_e5_s43,1685,3,1.22881,3.8347,0.0,0.0005119089939566299
text_text_ln_lrh0.001_frozen_e5_s43,1686,3,1.047,1.5784,0.0,0.0005115535015997156
text_text_ln_lrh0.001_frozen_e5_s43,1687,3,1.1703,2.4692,0.0,0.0005111980092428012
text_text_ln_lrh0.001_frozen_e5_s43,1688,3,1.08892,2.2521,0.0,0.000510842516885887
text_text_ln_lrh0.001_frozen_e5_s43,1689,3,1.10836,2.4186,0.0,0.0005104870245289727
text_text_ln_lrh0.001_frozen_e5_s43,1690,3,1.31882,3.3954,0.0,0.0005101315321720583
text_text_ln_lrh0.001_frozen_e5_s43,1691,3,1.38894,3.5189,0.0,0.000509776039815144
text_text_ln_lrh0.001_frozen_e5_s43,1692,3,0.85448,5.2955,0.0,0.0005094205474582296
text_text_ln_lrh0.001_frozen_e5_s43,1693,3,0.94251,2.0422,0.0,0.0005090650551013153
text_text_ln_lrh0.001_frozen_e5_s43,1694,3,0.89359,1.8837,0.0,0.0005087095627444011
text_text_ln_lrh0.001_frozen_e5_s43,1695,3,1.16534,2.3721,0.0,0.0005083540703874867
text_text_ln_lrh0.001_frozen_e5_s43,1696,3,1.22082,3.413,0.0,0.0005079985780305724
text_text_ln_lrh0.001_frozen_e5_s43,1697,3,0.83401,3.4352,0.0,0.0005076430856736581
text_text_ln_lrh0.001_frozen_e5_s43,1698,3,1.18303,2.4323,0.0,0.0005072875933167436
text_text_ln_lrh0.001_frozen_e5_s43,1699,3,1.49403,4.1516,0.0,0.0005069321009598293
text_text_ln_lrh0.001_frozen_e5_s43,1700,3,0.89884,1.702,0.0,0.0005065766086029151
text_text_ln_lrh0.001_frozen_e5_s43,1701,3,1.29902,2.5423,0.0,0.0005062211162460007
text_text_ln_lrh0.001_frozen_e5_s43,1702,3,1.32454,4.2575,0.0,0.0005058656238890864
text_text_ln_lrh0.001_frozen_e5_s43,1703,3,1.22207,3.0255,0.0,0.0005055101315321721
text_text_ln_lrh0.001_frozen_e5_s43,1704,3,1.15654,2.6496,0.0,0.0005051546391752577
text_text_ln_lrh0.001_frozen_e5_s43,1705,3,1.5411,4.4934,0.0,0.0005047991468183434
text_text_ln_lrh0.001_frozen_e5_s43,1706,3,1.06823,3.4756,0.0,0.000504443654461429
text_text_ln_lrh0.001_frozen_e5_s43,1707,3,1.19385,2.615,0.0,0.0005040881621045148
text_text_ln_lrh0.001_frozen_e5_s43,1708,3,1.06241,2.794,0.0,0.0005037326697476005
text_text_ln_lrh0.001_frozen_e5_s43,1709,3,1.26949,3.6598,0.0,0.0005033771773906861
text_text_ln_lrh0.001_frozen_e5_s43,1710,3,1.16943,2.5358,0.0,0.0005030216850337718
text_text_ln_lrh0.001_frozen_e5_s43,1711,3,1.0328,2.93,0.0,0.0005026661926768575
text_text_ln_lrh0.001_frozen_e5_s43,1712,3,0.559,2.3092,0.0,0.000502310700319943
text_text_ln_lrh0.001_frozen_e5_s43,1713,3,1.02602,2.2915,0.0,0.0005019552079630289
text_text_ln_lrh0.001_frozen_e5_s43,1714,3,0.67314,2.2541,0.0,0.0005015997156061145
text_text_ln_lrh0.001_frozen_e5_s43,1715,3,0.89155,2.1345,0.0,0.0005012442232492001
text_text_ln_lrh0.001_frozen_e5_s43,1716,3,0.80218,4.1937,0.0,0.0005008887308922858
text_text_ln_lrh0.001_frozen_e5_s43,1717,3,1.1959,6.0691,0.0,0.0005005332385353715
text_text_ln_lrh0.001_frozen_e5_s43,1718,3,0.83685,2.9895,0.0,0.0005001777461784571
text_text_ln_lrh0.001_frozen_e5_s43,1719,3,1.42169,3.3809,0.0,0.0004998222538215428
text_text_ln_lrh0.001_frozen_e5_s43,1720,3,1.49288,2.2221,0.0,0.0004994667614646285
text_text_ln_lrh0.001_frozen_e5_s43,1721,3,1.09791,2.6633,0.0,0.0004991112691077142
text_text_ln_lrh0.001_frozen_e5_s43,1722,3,1.21264,2.4894,0.0,0.0004987557767507999
text_text_ln_lrh0.001_frozen_e5_s43,1723,3,0.99161,2.8208,0.0,0.0004984002843938855
text_text_ln_lrh0.001_frozen_e5_s43,1724,3,1.38789,3.5956,0.0,0.0004980447920369713
text_text_ln_lrh0.001_frozen_e5_s43,1725,3,1.03782,4.7095,0.0,0.0004976892996800569
text_text_ln_lrh0.001_frozen_e5_s43,1726,3,1.54499,3.4792,0.0,0.0004973338073231426
text_text_ln_lrh0.001_frozen_e5_s43,1727,3,1.49293,3.1866,0.0,0.0004969783149662283
text_text_ln_lrh0.001_frozen_e5_s43,1728,3,1.71694,3.8829,0.0,0.000496622822609314
text_text_ln_lrh0.001_frozen_e5_s43,1729,3,1.16866,2.9038,0.0,0.0004962673302523995
text_text_ln_lrh0.001_frozen_e5_s43,1730,3,1.41802,2.9545,0.0,0.0004959118378954852
text_text_ln_lrh0.001_frozen_e5_s43,1731,3,1.13016,2.6464,0.0,0.0004955563455385709
text_text_ln_lrh0.001_frozen_e5_s43,1732,3,1.04168,4.5514,0.0,0.0004952008531816566
text_text_ln_lrh0.001_frozen_e5_s43,1733,3,1.23897,3.8281,0.0,0.0004948453608247423
text_text_ln_lrh0.001_frozen_e5_s43,1734,3,1.30337,3.9222,0.0,0.0004944898684678279
text_text_ln_lrh0.001_frozen_e5_s43,1735,3,0.95693,1.7957,0.0,0.0004941343761109136
text_text_ln_lrh0.001_frozen_e5_s43,1736,3,0.77802,2.9526,0.0,0.0004937788837539993
text_text_ln_lrh0.001_frozen_e5_s43,1737,3,1.0496,4.135,0.0,0.000493423391397085
text_text_ln_lrh0.001_frozen_e5_s43,1738,3,0.86159,4.1874,0.0,0.0004930678990401707
text_text_ln_lrh0.001_frozen_e5_s43,1739,3,1.20345,3.3113,0.0,0.0004927124066832564
text_text_ln_lrh0.001_frozen_e5_s43,1740,3,1.04367,2.3754,0.0,0.000492356914326342
text_text_ln_lrh0.001_frozen_e5_s43,1741,3,1.52723,4.9951,0.0,0.0004920014219694277
text_text_ln_lrh0.001_frozen_e5_s43,1742,3,1.14057,4.222,0.0,0.0004916459296125134
text_text_ln_lrh0.001_frozen_e5_s43,1743,3,1.29529,2.615,0.0,0.000491290437255599
text_text_ln_lrh0.001_frozen_e5_s43,1744,3,1.25467,3.4858,0.0,0.0004909349448986846
text_text_ln_lrh0.001_frozen_e5_s43,1745,3,1.12584,3.6476,0.0,0.0004905794525417704
text_text_ln_lrh0.001_frozen_e5_s43,1746,3,0.86108,2.8637,0.0,0.000490223960184856
text_text_ln_lrh0.001_frozen_e5_s43,1747,3,0.6903,2.748,0.0,0.0004898684678279417
text_text_ln_lrh0.001_frozen_e5_s43,1748,3,1.44702,4.7932,0.0,0.0004895129754710274
text_text_ln_lrh0.001_frozen_e5_s43,1749,3,1.17443,2.112,0.0,0.0004891574831141131
text_text_ln_lrh0.001_frozen_e5_s43,1750,3,0.87767,2.0388,0.0,0.0004888019907571987
text_text_ln_lrh0.001_frozen_e5_s43,1751,3,1.1286,2.3418,0.0,0.0004884464984002844
text_text_ln_lrh0.001_frozen_e5_s43,1752,3,1.34053,3.4357,0.0,0.0004880910060433701
text_text_ln_lrh0.001_frozen_e5_s43,1753,3,1.38556,4.4009,0.0,0.0004877355136864557
text_text_ln_lrh0.001_frozen_e5_s43,1754,3,0.96479,2.6243,0.0,0.0004873800213295414
text_text_ln_lrh0.001_frozen_e5_s43,1755,3,1.36094,2.9133,0.0,0.0004870245289726271
text_text_ln_lrh0.001_frozen_e5_s43,1756,3,1.11043,2.7602,0.0,0.00048666903661571275
text_text_ln_lrh0.001_frozen_e5_s43,1757,3,1.00926,1.9559,0.0,0.00048631354425879845
text_text_ln_lrh0.001_frozen_e5_s43,1758,3,1.08366,2.7546,0.0,0.00048595805190188414
text_text_ln_lrh0.001_frozen_e5_s43,1759,3,1.56628,5.9154,0.0,0.0004856025595449698
text_text_ln_lrh0.001_frozen_e5_s43,1760,3,1.22466,2.9882,0.0,0.0004852470671880554
text_text_ln_lrh0.001_frozen_e5_s43,1761,3,1.57049,2.7549,0.0,0.00048489157483114117
text_text_ln_lrh0.001_frozen_e5_s43,1762,3,1.43213,3.2435,0.0,0.0004845360824742268
text_text_ln_lrh0.001_frozen_e5_s43,1763,3,1.21124,3.6524,0.0,0.00048418059011731245
text_text_ln_lrh0.001_frozen_e5_s43,1764,3,1.26408,5.0724,0.0,0.0004838250977603982
text_text_ln_lrh0.001_frozen_e5_s43,1765,3,1.37173,4.186,0.0,0.00048346960540348384
text_text_ln_lrh0.001_frozen_e5_s43,1766,3,1.35836,3.623,0.0,0.0004831141130465695
text_text_ln_lrh0.001_frozen_e5_s43,1767,3,0.97594,2.8363,0.0,0.0004827586206896552
text_text_ln_lrh0.001_frozen_e5_s43,1768,3,0.94385,3.8141,0.0,0.0004824031283327409
text_text_ln_lrh0.001_frozen_e5_s43,1769,3,1.53252,2.2749,0.0,0.0004820476359758265
text_text_ln_lrh0.001_frozen_e5_s43,1770,3,1.25462,3.9564,0.0,0.0004816921436189122
text_text_ln_lrh0.001_frozen_e5_s43,1771,3,1.20884,3.5169,0.0,0.0004813366512619979
text_text_ln_lrh0.001_frozen_e5_s43,1772,3,1.40598,1.9662,0.0,0.00048098115890508354
text_text_ln_lrh0.001_frozen_e5_s43,1773,3,1.01768,2.3032,0.0,0.00048062566654816924
text_text_ln_lrh0.001_frozen_e5_s43,1774,3,1.0427,3.8686,0.0,0.0004802701741912549
text_text_ln_lrh0.001_frozen_e5_s43,1775,3,0.93558,3.103,0.0,0.0004799146818343406
text_text_ln_lrh0.001_frozen_e5_s43,1776,3,1.26409,3.0054,0.0,0.00047955918947742627
text_text_ln_lrh0.001_frozen_e5_s43,1777,3,1.66346,4.5618,0.0,0.0004792036971205119
text_text_ln_lrh0.001_frozen_e5_s43,1778,3,1.28077,3.5574,0.0,0.0004788482047635976
text_text_ln_lrh0.001_frozen_e5_s43,1779,3,1.01911,1.6003,0.0,0.00047849271240668325
text_text_ln_lrh0.001_frozen_e5_s43,1780,3,1.26086,1.6185,0.0,0.00047813722004976894
text_text_ln_lrh0.001_frozen_e5_s43,1781,3,1.21658,3.2052,0.0,0.0004777817276928546
text_text_ln_lrh0.001_frozen_e5_s43,1782,3,1.27023,3.8841,0.0,0.0004774262353359403
text_text_ln_lrh0.001_frozen_e5_s43,1783,3,1.20749,3.4699,0.0,0.00047707074297902597
text_text_ln_lrh0.001_frozen_e5_s43,1784,3,0.82094,2.4895,0.0,0.0004767152506221116
text_text_ln_lrh0.001_frozen_e5_s43,1785,3,1.30794,2.8418,0.0,0.0004763597582651973
text_text_ln_lrh0.001_frozen_e5_s43,1786,3,0.82573,2.1964,0.0,0.000476004265908283
text_text_ln_lrh0.001_frozen_e5_s43,1787,3,0.92289,2.3178,0.0,0.00047564877355136864
text_text_ln_lrh0.001_frozen_e5_s43,1788,3,1.6079,2.969,0.0,0.0004752932811944543
text_text_ln_lrh0.001_frozen_e5_s43,1789,3,0.7936,2.2901,0.0,0.00047493778883754003
text_text_ln_lrh0.001_frozen_e5_s43,1790,3,1.15345,2.9496,0.0,0.00047458229648062567
text_text_ln_lrh0.001_frozen_e5_s43,1791,3,0.98859,2.2162,0.0,0.0004742268041237113
text_text_ln_lrh0.001_frozen_e5_s43,1792,3,0.89283,2.2,0.0,0.00047387131176679706
text_text_ln_lrh0.001_frozen_e5_s43,1793,3,0.96256,1.7642,0.0,0.0004735158194098827
text_text_ln_lrh0.001_frozen_e5_s43,1794,3,1.68136,3.0141,0.0,0.00047316032705296834
text_text_ln_lrh0.001_frozen_e5_s43,1795,3,0.99048,2.6455,0.0,0.0004728048346960541
text_text_ln_lrh0.001_frozen_e5_s43,1796,3,1.30107,3.0647,0.0,0.00047244934233913973
text_text_ln_lrh0.001_frozen_e5_s43,1797,3,1.01034,5.0892,0.0,0.00047209384998222537
text_text_ln_lrh0.001_frozen_e5_s43,1798,3,1.19624,1.8727,0.0,0.00047173835762531107
text_text_ln_lrh0.001_frozen_e5_s43,1799,3,1.3144,1.7971,0.0,0.00047138286526839676
text_text_ln_lrh0.001_frozen_e5_s43,1800,3,0.98657,2.6489,0.0,0.0004710273729114824
text_text_ln_lrh0.001_frozen_e5_s43,1801,3,0.89552,2.3912,0.0,0.0004706718805545681
text_text_ln_lrh0.001_frozen_e5_s43,1802,3,1.41673,2.1002,0.0,0.0004703163881976538
text_text_ln_lrh0.001_frozen_e5_s43,1803,3,1.68901,3.2304,0.0,0.00046996089584073943
text_text_ln_lrh0.001_frozen_e5_s43,1804,3,1.15584,2.1739,0.0,0.00046960540348382513
text_text_ln_lrh0.001_frozen_e5_s43,1805,3,1.03764,4.7511,0.0,0.00046924991112691077
text_text_ln_lrh0.001_frozen_e5_s43,1806,3,1.23668,2.0173,0.0,0.00046889441876999646
text_text_ln_lrh0.001_frozen_e5_s43,1807,3,1.24682,3.8887,0.0,0.00046853892641308216
text_text_ln_lrh0.001_frozen_e5_s43,1808,3,1.25605,2.8957,0.0,0.0004681834340561678
text_text_ln_lrh0.001_frozen_e5_s43,1809,3,0.77704,3.8051,0.0,0.0004678279416992535
text_text_ln_lrh0.001_frozen_e5_s43,1810,3,1.35666,4.7703,0.0,0.00046747244934233913
text_text_ln_lrh0.001_frozen_e5_s43,1811,3,0.99699,2.6396,0.0,0.00046711695698542483
text_text_ln_lrh0.001_frozen_e5_s43,1812,3,0.78156,3.8172,0.0,0.00046676146462851047
text_text_ln_lrh0.001_frozen_e5_s43,1813,3,1.36387,3.0339,0.0,0.00046640597227159616
text_text_ln_lrh0.001_frozen_e5_s43,1814,3,1.23146,3.9794,0.0,0.00046605047991468186
text_text_ln_lrh0.001_frozen_e5_s43,1815,3,1.28683,3.0496,0.0,0.0004656949875577675
text_text_ln_lrh0.001_frozen_e5_s43,1816,3,0.65936,1.9937,0.0,0.0004653394952008532
text_text_ln_lrh0.001_frozen_e5_s43,1817,3,0.71767,2.9529,0.0,0.0004649840028439389
text_text_ln_lrh0.001_frozen_e5_s43,1818,3,0.8555,2.0027,0.0,0.00046462851048702453
text_text_ln_lrh0.001_frozen_e5_s43,1819,3,1.04592,3.1457,0.0,0.00046427301813011017
text_text_ln_lrh0.001_frozen_e5_s43,1820,3,1.39907,2.3433,0.0,0.0004639175257731959
text_text_ln_lrh0.001_frozen_e5_s43,1821,3,1.10843,2.9939,0.0,0.00046356203341628156
text_text_ln_lrh0.001_frozen_e5_s43,1822,3,1.58057,3.3173,0.0,0.0004632065410593672
text_text_ln_lrh0.001_frozen_e5_s43,1823,3,0.73507,2.6767,0.0,0.00046285104870245295
text_text_ln_lrh0.001_frozen_e5_s43,1824,3,1.32799,4.4241,0.0,0.0004624955563455386
text_text_ln_lrh0.001_frozen_e5_s43,1825,3,0.85999,3.4856,0.0,0.00046214006398862423
text_text_ln_lrh0.001_frozen_e5_s43,1826,3,1.06732,3.4744,0.0,0.0004617845716317099
text_text_ln_lrh0.001_frozen_e5_s43,1827,3,0.95287,2.2771,0.0,0.0004614290792747956
text_text_ln_lrh0.001_frozen_e5_s43,1828,3,1.56547,3.9586,0.0,0.00046107358691788126
text_text_ln_lrh0.001_frozen_e5_s43,1829,3,0.88074,2.0622,0.0,0.00046071809456096696
text_text_ln_lrh0.001_frozen_e5_s43,1830,3,1.54087,6.7415,0.0,0.00046036260220405265
text_text_ln_lrh0.001_frozen_e5_s43,1831,3,1.19451,2.5215,0.0,0.0004600071098471383
text_text_ln_lrh0.001_frozen_e5_s43,1832,3,1.56856,2.9847,0.0,0.000459651617490224
text_text_ln_lrh0.001_frozen_e5_s43,1833,3,0.7129,2.3319,0.0,0.0004592961251333096
text_text_ln_lrh0.001_frozen_e5_s43,1834,3,0.93878,3.3046,0.0,0.0004589406327763953
text_text_ln_lrh0.001_frozen_e5_s43,1835,3,1.1206,2.0239,0.0,0.000458585140419481
text_text_ln_lrh0.001_frozen_e5_s43,1836,3,1.12185,2.2053,0.0,0.00045822964806256666
text_text_ln_lrh0.001_frozen_e5_s43,1837,3,1.07245,3.2842,0.0,0.00045787415570565235
text_text_ln_lrh0.001_frozen_e5_s43,1838,3,1.48499,2.5101,0.0,0.000457518663348738
text_text_ln_lrh0.001_frozen_e5_s43,1839,3,1.18976,3.6597,0.0,0.0004571631709918237
text_text_ln_lrh0.001_frozen_e5_s43,1840,3,1.2127,2.8951,0.0,0.00045680767863490933
text_text_ln_lrh0.001_frozen_e5_s43,1841,3,1.24838,2.1141,0.0,0.000456452186277995
text_text_ln_lrh0.001_frozen_e5_s43,1842,3,1.27865,2.3183,0.0,0.0004560966939210807
text_text_ln_lrh0.001_frozen_e5_s43,1843,3,0.66392,2.5418,0.0,0.00045574120156416636
text_text_ln_lrh0.001_frozen_e5_s43,1844,3,0.99184,2.725,0.0,0.00045538570920725205
text_text_ln_lrh0.001_frozen_e5_s43,1845,3,0.98954,2.2107,0.0,0.00045503021685033775
text_text_ln_lrh0.001_frozen_e5_s43,1846,3,0.93056,2.3931,0.0,0.0004546747244934234
text_text_ln_lrh0.001_frozen_e5_s43,1847,3,1.42777,3.2941,0.0,0.00045431923213650903
text_text_ln_lrh0.001_frozen_e5_s43,1848,3,1.25579,3.6785,0.0,0.0004539637397795948
text_text_ln_lrh0.001_frozen_e5_s43,1849,3,1.33966,2.2815,0.0,0.0004536082474226804
text_text_ln_lrh0.001_frozen_e5_s43,1850,3,0.93343,2.1053,0.0,0.00045325275506576606
text_text_ln_lrh0.001_frozen_e5_s43,1851,3,0.44442,2.0925,0.0,0.0004528972627088518
text_text_ln_lrh0.001_frozen_e5_s43,1852,3,1.19048,2.6708,0.0,0.00045254177035193745
text_text_ln_lrh0.001_frozen_e5_s43,1853,3,1.35005,3.1981,0.0,0.0004521862779950231
text_text_ln_lrh0.001_frozen_e5_s43,1854,3,1.29577,2.3507,0.0,0.0004518307856381088
text_text_ln_lrh0.001_frozen_e5_s43,1855,3,0.77448,1.548,0.0,0.0004514752932811945
text_text_ln_lrh0.001_frozen_e5_s43,1856,3,1.03414,4.0085,0.0,0.0004511198009242801
text_text_ln_lrh0.001_frozen_e5_s43,1857,3,0.99788,2.3397,0.0,0.0004507643085673658
text_text_ln_lrh0.001_frozen_e5_s43,1858,3,1.3046,3.3887,0.0,0.0004504088162104515
text_text_ln_lrh0.001_frozen_e5_s43,1859,3,1.10066,2.8579,0.0,0.00045005332385353715
text_text_ln_lrh0.001_frozen_e5_s43,1860,3,1.53357,3.721,0.0,0.00044969783149662284
text_text_ln_lrh0.001_frozen_e5_s43,1861,3,0.85691,4.0358,0.0,0.0004493423391397085
text_text_ln_lrh0.001_frozen_e5_s43,1862,3,1.55338,3.2385,0.0,0.0004489868467827942
text_text_ln_lrh0.001_frozen_e5_s43,1863,3,1.35174,4.554,0.0,0.0004486313544258799
text_text_ln_lrh0.001_frozen_e5_s43,1864,3,1.42099,3.4762,0.0,0.0004482758620689655
text_text_ln_lrh0.001_frozen_e5_s43,1865,3,1.32834,3.5313,0.0,0.0004479203697120512
text_text_ln_lrh0.001_frozen_e5_s43,1866,3,0.80024,3.1438,0.0,0.0004475648773551369
text_text_ln_lrh0.001_frozen_e5_s43,1867,3,0.54662,3.9578,0.0,0.00044720938499822255
text_text_ln_lrh0.001_frozen_e5_s43,1868,3,0.88445,1.4929,0.0,0.0004468538926413082
text_text_ln_lrh0.001_frozen_e5_s43,1869,3,0.9207,2.501,0.0,0.0004464984002843939
text_text_ln_lrh0.001_frozen_e5_s43,1870,3,1.3638,3.0358,0.0,0.0004461429079274796
text_text_ln_lrh0.001_frozen_e5_s43,1871,3,1.47474,2.6889,0.0,0.0004457874155705652
text_text_ln_lrh0.001_frozen_e5_s43,1872,3,0.99608,2.5466,0.0,0.0004454319232136509
text_text_ln_lrh0.001_frozen_e5_s43,1873,3,1.38893,3.3736,0.0,0.0004450764308567366
text_text_ln_lrh0.001_frozen_e5_s43,1874,3,1.41866,3.129,0.0,0.00044472093849982225
text_text_ln_lrh0.001_frozen_e5_s43,1875,3,0.94543,6.1482,0.0,0.0004443654461429079
text_text_ln_lrh0.001_frozen_e5_s43,1876,4,1.24474,2.4605,0.0,0.00044400995378599364
text_text_ln_lrh0.001_frozen_e5_s43,1877,4,0.67324,2.6334,0.0,0.0004436544614290793
text_text_ln_lrh0.001_frozen_e5_s43,1878,4,1.62888,3.0291,0.0,0.0004432989690721649
text_text_ln_lrh0.001_frozen_e5_s43,1879,4,0.86789,3.3299,0.0,0.00044294347671525067
text_text_ln_lrh0.001_frozen_e5_s43,1880,4,0.89695,2.2074,0.0,0.0004425879843583363
text_text_ln_lrh0.001_frozen_e5_s43,1881,4,0.52171,3.3952,0.0,0.00044223249200142195
text_text_ln_lrh0.001_frozen_e5_s43,1882,4,1.52432,4.7048,0.0,0.0004418769996445077
text_text_ln_lrh0.001_frozen_e5_s43,1883,4,1.20214,2.9198,0.0,0.00044152150728759334
text_text_ln_lrh0.001_frozen_e5_s43,1884,4,0.80789,2.6447,0.0,0.000441166014930679
text_text_ln_lrh0.001_frozen_e5_s43,1885,4,0.63561,2.7991,0.0,0.00044081052257376467
text_text_ln_lrh0.001_frozen_e5_s43,1886,4,1.5077,4.7489,0.0,0.00044045503021685037
text_text_ln_lrh0.001_frozen_e5_s43,1887,4,1.29497,2.8976,0.0,0.000440099537859936
text_text_ln_lrh0.001_frozen_e5_s43,1888,4,1.26983,2.8642,0.0,0.0004397440455030217
text_text_ln_lrh0.001_frozen_e5_s43,1889,4,1.09769,2.2574,0.0,0.0004393885531461074
text_text_ln_lrh0.001_frozen_e5_s43,1890,4,1.21001,2.6478,0.0,0.00043903306078919304
text_text_ln_lrh0.001_frozen_e5_s43,1891,4,1.09141,2.3366,0.0,0.00043867756843227873
text_text_ln_lrh0.001_frozen_e5_s43,1892,4,1.30741,3.1056,0.0,0.0004383220760753644
text_text_ln_lrh0.001_frozen_e5_s43,1893,4,0.94069,2.716,0.0,0.00043796658371845007
text_text_ln_lrh0.001_frozen_e5_s43,1894,4,0.87528,4.0884,0.0,0.00043761109136153576
text_text_ln_lrh0.001_frozen_e5_s43,1895,4,1.58773,3.4753,0.0,0.0004372555990046214
text_text_ln_lrh0.001_frozen_e5_s43,1896,4,0.82376,2.7475,0.0,0.0004369001066477071
text_text_ln_lrh0.001_frozen_e5_s43,1897,4,0.73697,2.6487,0.0,0.00043654461429079274
text_text_ln_lrh0.001_frozen_e5_s43,1898,4,0.98281,2.6258,0.0,0.00043618912193387843
text_text_ln_lrh0.001_frozen_e5_s43,1899,4,1.30066,2.683,0.0,0.0004358336295769641
text_text_ln_lrh0.001_frozen_e5_s43,1900,4,0.99685,1.9357,0.0,0.00043547813722004977
text_text_ln_lrh0.001_frozen_e5_s43,1901,4,0.88665,2.3659,0.0,0.00043512264486313546
text_text_ln_lrh0.001_frozen_e5_s43,1902,4,1.19011,4.997,0.0,0.0004347671525062211
text_text_ln_lrh0.001_frozen_e5_s43,1903,4,0.93931,3.6391,0.0,0.0004344116601493068
text_text_ln_lrh0.001_frozen_e5_s43,1904,4,1.22225,1.9588,0.0,0.0004340561677923925
text_text_ln_lrh0.001_frozen_e5_s43,1905,4,0.89724,1.6713,0.0,0.00043370067543547814
text_text_ln_lrh0.001_frozen_e5_s43,1906,4,1.59213,3.6935,0.0,0.0004333451830785638
text_text_ln_lrh0.001_frozen_e5_s43,1907,4,0.93831,2.8732,0.0,0.0004329896907216495
text_text_ln_lrh0.001_frozen_e5_s43,1908,4,1.75711,5.8597,0.0,0.00043263419836473517
text_text_ln_lrh0.001_frozen_e5_s43,1909,4,1.23982,1.9949,0.0,0.0004322787060078208
text_text_ln_lrh0.001_frozen_e5_s43,1910,4,0.96492,2.8696,0.0,0.00043192321365090656
text_text_ln_lrh0.001_frozen_e5_s43,1911,4,1.00057,2.775,0.0,0.0004315677212939922
text_text_ln_lrh0.001_frozen_e5_s43,1912,4,1.23819,4.5075,0.0,0.00043121222893707784
text_text_ln_lrh0.001_frozen_e5_s43,1913,4,1.10518,1.848,0.0,0.00043085673658016353
text_text_ln_lrh0.001_frozen_e5_s43,1914,4,1.73737,3.8948,0.0,0.0004305012442232492
text_text_ln_lrh0.001_frozen_e5_s43,1915,4,1.33737,3.8809,0.0,0.00043014575186633487
text_text_ln_lrh0.001_frozen_e5_s43,1916,4,1.06176,1.8334,0.0,0.00042979025950942056
text_text_ln_lrh0.001_frozen_e5_s43,1917,4,1.33055,2.3049,0.0,0.00042943476715250626
text_text_ln_lrh0.001_frozen_e5_s43,1918,4,1.42004,2.7524,0.0,0.0004290792747955919
text_text_ln_lrh0.001_frozen_e5_s43,1919,4,1.49544,3.7819,0.0,0.0004287237824386776
text_text_ln_lrh0.001_frozen_e5_s43,1920,4,1.6287,3.2546,0.0,0.00042836829008176323
text_text_ln_lrh0.001_frozen_e5_s43,1921,4,0.97524,2.7644,0.0,0.0004280127977248489
text_text_ln_lrh0.001_frozen_e5_s43,1922,4,0.76591,3.6785,0.0,0.0004276573053679346
text_text_ln_lrh0.001_frozen_e5_s43,1923,4,1.11199,2.6818,0.0,0.00042730181301102026
text_text_ln_lrh0.001_frozen_e5_s43,1924,4,0.55652,3.6564,0.0,0.00042694632065410596
text_text_ln_lrh0.001_frozen_e5_s43,1925,4,1.07807,4.9294,0.0,0.00042659082829719165
text_text_ln_lrh0.001_frozen_e5_s43,1926,4,1.19314,2.0764,0.0,0.0004262353359402773
text_text_ln_lrh0.001_frozen_e5_s43,1927,4,1.22304,4.8634,0.0,0.00042587984358336293
text_text_ln_lrh0.001_frozen_e5_s43,1928,4,1.16313,2.5497,0.0,0.00042552435122644863
text_text_ln_lrh0.001_frozen_e5_s43,1929,4,1.37779,2.7215,0.0,0.0004251688588695343
text_text_ln_lrh0.001_frozen_e5_s43,1930,4,1.6972,3.3614,0.0,0.00042481336651261996
text_text_ln_lrh0.001_frozen_e5_s43,1931,4,1.19982,2.8359,0.0,0.00042445787415570566
text_text_ln_lrh0.001_frozen_e5_s43,1932,4,1.36753,3.085,0.0,0.00042410238179879135
text_text_ln_lrh0.001_frozen_e5_s43,1933,4,1.2559,2.9075,0.0,0.000423746889441877
text_text_ln_lrh0.001_frozen_e5_s43,1934,4,1.02057,1.7102,0.0,0.00042339139708496263
text_text_ln_lrh0.001_frozen_e5_s43,1935,4,0.80858,2.9627,0.0,0.0004230359047280484
text_text_ln_lrh0.001_frozen_e5_s43,1936,4,0.92918,2.4757,0.0,0.000422680412371134
text_text_ln_lrh0.001_frozen_e5_s43,1937,4,1.41032,2.1807,0.0,0.00042232492001421966
text_text_ln_lrh0.001_frozen_e5_s43,1938,4,1.17452,3.373,0.0,0.0004219694276573054
text_text_ln_lrh0.001_frozen_e5_s43,1939,4,1.22382,2.745,0.0,0.00042161393530039105
text_text_ln_lrh0.001_frozen_e5_s43,1940,4,1.10771,3.1809,0.0,0.0004212584429434767
text_text_ln_lrh0.001_frozen_e5_s43,1941,4,1.15437,2.3345,0.0,0.0004209029505865624
text_text_ln_lrh0.001_frozen_e5_s43,1942,4,1.08605,2.9402,0.0,0.0004205474582296481
text_text_ln_lrh0.001_frozen_e5_s43,1943,4,1.5418,5.2883,0.0,0.0004201919658727337
text_text_ln_lrh0.001_frozen_e5_s43,1944,4,1.12577,3.1857,0.0,0.0004198364735158194
text_text_ln_lrh0.001_frozen_e5_s43,1945,4,0.82894,3.3322,0.0,0.0004194809811589051
text_text_ln_lrh0.001_frozen_e5_s43,1946,4,1.23392,2.2167,0.0,0.00041912548880199076
text_text_ln_lrh0.001_frozen_e5_s43,1947,4,1.55618,4.2459,0.0,0.00041876999644507645
text_text_ln_lrh0.001_frozen_e5_s43,1948,4,0.8414,3.4461,0.0,0.00041841450408816214
text_text_ln_lrh0.001_frozen_e5_s43,1949,4,1.33801,3.1332,0.0,0.0004180590117312478
text_text_ln_lrh0.001_frozen_e5_s43,1950,4,1.00964,4.1884,0.0,0.0004177035193743335
text_text_ln_lrh0.001_frozen_e5_s43,1951,4,1.11494,2.3781,0.0,0.0004173480270174191
text_text_ln_lrh0.001_frozen_e5_s43,1952,4,1.08356,3.8637,0.0,0.0004169925346605048
text_text_ln_lrh0.001_frozen_e5_s43,1953,4,0.9009,1.7919,0.0,0.0004166370423035905
text_text_ln_lrh0.001_frozen_e5_s43,1954,4,1.34547,3.0172,0.0,0.00041628154994667615
text_text_ln_lrh0.001_frozen_e5_s43,1955,4,1.2703,3.1375,0.0,0.00041592605758976185
text_text_ln_lrh0.001_frozen_e5_s43,1956,4,1.27397,1.9428,0.0,0.0004155705652328475
text_text_ln_lrh0.001_frozen_e5_s43,1957,4,1.27539,3.8727,0.0,0.0004152150728759332
text_text_ln_lrh0.001_frozen_e5_s43,1958,4,1.2299,4.7011,0.0,0.0004148595805190188
text_text_ln_lrh0.001_frozen_e5_s43,1959,4,1.08418,1.8093,0.0,0.0004145040881621045
text_text_ln_lrh0.001_frozen_e5_s43,1960,4,1.15683,2.0611,0.0,0.0004141485958051902
text_text_ln_lrh0.001_frozen_e5_s43,1961,4,0.83716,2.0602,0.0,0.00041379310344827585
text_text_ln_lrh0.001_frozen_e5_s43,1962,4,1.20947,2.9647,0.0,0.00041343761109136155
text_text_ln_lrh0.001_frozen_e5_s43,1963,4,0.88644,2.5394,0.0,0.00041308211873444724
text_text_ln_lrh0.001_frozen_e5_s43,1964,4,1.06363,3.5122,0.0,0.0004127266263775329
text_text_ln_lrh0.001_frozen_e5_s43,1965,4,0.72646,2.5896,0.0,0.0004123711340206185
text_text_ln_lrh0.001_frozen_e5_s43,1966,4,0.90906,2.6342,0.0,0.00041201564166370427
text_text_ln_lrh0.001_frozen_e5_s43,1967,4,1.08537,2.8042,0.0,0.0004116601493067899
text_text_ln_lrh0.001_frozen_e5_s43,1968,4,1.21429,2.0009,0.0,0.00041130465694987555
text_text_ln_lrh0.001_frozen_e5_s43,1969,4,0.87323,3.0259,0.0,0.0004109491645929613
text_text_ln_lrh0.001_frozen_e5_s43,1970,4,1.29542,2.8901,0.0,0.00041059367223604694
text_text_ln_lrh0.001_frozen_e5_s43,1971,4,0.77558,1.8963,0.0,0.0004102381798791326
text_text_ln_lrh0.001_frozen_e5_s43,1972,4,1.71146,3.537,0.0,0.0004098826875222183
text_text_ln_lrh0.001_frozen_e5_s43,1973,4,1.11813,3.0568,0.0,0.00040952719516530397
text_text_ln_lrh0.001_frozen_e5_s43,1974,4,1.63334,7.778,0.0,0.0004091717028083896
text_text_ln_lrh0.001_frozen_e5_s43,1975,4,0.92349,2.344,0.0,0.0004088162104514753
text_text_ln_lrh0.001_frozen_e5_s43,1976,4,0.87875,2.3565,0.0,0.000408460718094561
text_text_ln_lrh0.001_frozen_e5_s43,1977,4,0.8414,4.0802,0.0,0.00040810522573764664
text_text_ln_lrh0.001_frozen_e5_s43,1978,4,0.74364,2.1387,0.0,0.00040774973338073234
text_text_ln_lrh0.001_frozen_e5_s43,1979,4,1.17018,3.0978,0.0,0.000407394241023818
text_text_ln_lrh0.001_frozen_e5_s43,1980,4,0.84705,2.8887,0.0,0.0004070387486669037
text_text_ln_lrh0.001_frozen_e5_s43,1981,4,0.87789,1.5273,0.0,0.00040668325630998937
text_text_ln_lrh0.001_frozen_e5_s43,1982,4,1.32401,4.4216,0.0,0.000406327763953075
text_text_ln_lrh0.001_frozen_e5_s43,1983,4,1.36129,2.6559,0.0,0.0004059722715961607
text_text_ln_lrh0.001_frozen_e5_s43,1984,4,0.70683,2.1133,0.0,0.0004056167792392464
text_text_ln_lrh0.001_frozen_e5_s43,1985,4,1.13848,1.9733,0.0,0.00040526128688233204
text_text_ln_lrh0.001_frozen_e5_s43,1986,4,1.21043,2.8503,0.0,0.0004049057945254177
text_text_ln_lrh0.001_frozen_e5_s43,1987,4,1.24514,1.7465,0.0,0.0004045503021685034
text_text_ln_lrh0.001_frozen_e5_s43,1988,4,0.90556,2.6966,0.0,0.00040419480981158907
text_text_ln_lrh0.001_frozen_e5_s43,1989,4,1.2738,3.4391,0.0,0.0004038393174546747
text_text_ln_lrh0.001_frozen_e5_s43,1990,4,0.79668,2.568,0.0,0.0004034838250977604
text_text_ln_lrh0.001_frozen_e5_s43,1991,4,1.27832,3.923,0.0,0.0004031283327408461
text_text_ln_lrh0.001_frozen_e5_s43,1992,4,1.14306,3.7014,0.0,0.00040277284038393174
text_text_ln_lrh0.001_frozen_e5_s43,1993,4,1.37625,2.4466,0.0,0.0004024173480270174
text_text_ln_lrh0.001_frozen_e5_s43,1994,4,0.9515,3.3709,0.0,0.00040206185567010313
text_text_ln_lrh0.001_frozen_e5_s43,1995,4,1.29124,3.6841,0.0,0.00040170636331318877
text_text_ln_lrh0.001_frozen_e5_s43,1996,4,1.09808,2.3566,0.0,0.0004013508709562744
text_text_ln_lrh0.001_frozen_e5_s43,1997,4,1.11631,3.0749,0.0,0.00040099537859936016
text_text_ln_lrh0.001_frozen_e5_s43,1998,4,1.4249,2.8659,0.0,0.0004006398862424458
text_text_ln_lrh0.001_frozen_e5_s43,1999,4,1.15514,3.0349,0.0,0.00040028439388553144
text_text_ln_lrh0.001_frozen_e5_s43,2000,4,0.79039,4.4764,0.0,0.00039992890152861714
text_text_ln_lrh0.001_frozen_e5_s43,2001,4,0.97225,2.7796,0.0,0.00039957340917170283
text_text_ln_lrh0.001_frozen_e5_s43,2002,4,0.85531,2.2083,0.0,0.00039921791681478847
text_text_ln_lrh0.001_frozen_e5_s43,2003,4,1.28002,2.8142,0.0,0.00039886242445787417
text_text_ln_lrh0.001_frozen_e5_s43,2004,4,1.29748,2.7271,0.0,0.00039850693210095986
text_text_ln_lrh0.001_frozen_e5_s43,2005,4,1.10886,2.1242,0.0,0.0003981514397440455
text_text_ln_lrh0.001_frozen_e5_s43,2006,4,1.35589,5.8048,0.0,0.0003977959473871312
text_text_ln_lrh0.001_frozen_e5_s43,2007,4,0.93836,4.0725,0.0,0.00039744045503021684
text_text_ln_lrh0.001_frozen_e5_s43,2008,4,0.71871,4.364,0.0,0.00039708496267330253
text_text_ln_lrh0.001_frozen_e5_s43,2009,4,1.07501,3.1395,0.0,0.00039672947031638823
text_text_ln_lrh0.001_frozen_e5_s43,2010,4,0.83167,2.864,0.0,0.00039637397795947387
text_text_ln_lrh0.001_frozen_e5_s43,2011,4,0.85789,2.1245,0.0,0.00039601848560255956
text_text_ln_lrh0.001_frozen_e5_s43,2012,4,0.95712,3.6299,0.0,0.00039566299324564526
text_text_ln_lrh0.001_frozen_e5_s43,2013,4,1.50914,4.4497,0.0,0.0003953075008887309
text_text_ln_lrh0.001_frozen_e5_s43,2014,4,1.51837,4.2269,0.0,0.00039495200853181654
text_text_ln_lrh0.001_frozen_e5_s43,2015,4,1.21784,2.9536,0.0,0.00039459651617490223
text_text_ln_lrh0.001_frozen_e5_s43,2016,4,0.88801,2.1662,0.0,0.00039424102381798793
text_text_ln_lrh0.001_frozen_e5_s43,2017,4,1.10977,2.49,0.0,0.00039388553146107357
text_text_ln_lrh0.001_frozen_e5_s43,2018,4,1.04893,2.5326,0.0,0.00039353003910415926
text_text_ln_lrh0.001_frozen_e5_s43,2019,4,1.25163,2.3603,0.0,0.00039317454674724496
text_text_ln_lrh0.001_frozen_e5_s43,2020,4,1.35286,2.2402,0.0,0.0003928190543903306
text_text_ln_lrh0.001_frozen_e5_s43,2021,4,1.54701,3.7327,0.0,0.00039246356203341624
text_text_ln_lrh0.001_frozen_e5_s43,2022,4,1.27916,2.184,0.0,0.000392108069676502
text_text_ln_lrh0.001_frozen_e5_s43,2023,4,1.57153,4.1411,0.0,0.00039175257731958763
text_text_ln_lrh0.001_frozen_e5_s43,2024,4,0.94092,2.7051,0.0,0.00039139708496267327
text_text_ln_lrh0.001_frozen_e5_s43,2025,4,1.36664,4.0059,0.0,0.000391041592605759
text_text_ln_lrh0.001_frozen_e5_s43,2026,4,0.95127,2.2768,0.0,0.00039068610024884466
text_text_ln_lrh0.001_frozen_e5_s43,2027,4,0.82107,3.6446,0.0,0.0003903306078919303
text_text_ln_lrh0.001_frozen_e5_s43,2028,4,0.95578,3.7426,0.0,0.00038997511553501605
text_text_ln_lrh0.001_frozen_e5_s43,2029,4,0.91378,2.7981,0.0,0.0003896196231781017
text_text_ln_lrh0.001_frozen_e5_s43,2030,4,0.95221,2.9055,0.0,0.00038926413082118733
text_text_ln_lrh0.001_frozen_e5_s43,2031,4,1.54241,2.8048,0.0,0.000388908638464273
text_text_ln_lrh0.001_frozen_e5_s43,2032,4,0.86919,2.4837,0.0,0.0003885531461073587
text_text_ln_lrh0.001_frozen_e5_s43,2033,4,1.07454,2.439,0.0,0.00038819765375044436
text_text_ln_lrh0.001_frozen_e5_s43,2034,4,0.97975,2.0545,0.0,0.00038784216139353006
text_text_ln_lrh0.001_frozen_e5_s43,2035,4,1.02036,2.428,0.0,0.00038748666903661575
text_text_ln_lrh0.001_frozen_e5_s43,2036,4,1.83416,4.6505,0.0,0.0003871311766797014
text_text_ln_lrh0.001_frozen_e5_s43,2037,4,1.20392,2.6431,0.0,0.0003867756843227871
text_text_ln_lrh0.001_frozen_e5_s43,2038,4,1.3277,3.2152,0.0,0.0003864201919658727
text_text_ln_lrh0.001_frozen_e5_s43,2039,4,1.14484,4.4472,0.0,0.0003860646996089584
text_text_ln_lrh0.001_frozen_e5_s43,2040,4,0.99473,3.0462,0.0,0.0003857092072520441
text_text_ln_lrh0.001_frozen_e5_s43,2041,4,0.91618,2.3415,0.0,0.00038535371489512976
text_text_ln_lrh0.001_frozen_e5_s43,2042,4,1.18477,3.2711,0.0,0.00038499822253821545
text_text_ln_lrh0.001_frozen_e5_s43,2043,4,0.88985,2.4977,0.0,0.00038464273018130115
text_text_ln_lrh0.001_frozen_e5_s43,2044,4,1.22579,5.697,0.0,0.0003842872378243868
text_text_ln_lrh0.001_frozen_e5_s43,2045,4,1.066,2.6593,0.0,0.00038393174546747243
text_text_ln_lrh0.001_frozen_e5_s43,2046,4,1.39572,3.1473,0.0,0.0003835762531105581
text_text_ln_lrh0.001_frozen_e5_s43,2047,4,1.19608,3.3982,0.0,0.0003832207607536438
text_text_ln_lrh0.001_frozen_e5_s43,2048,4,0.6992,3.3939,0.0,0.00038286526839672946
text_text_ln_lrh0.001_frozen_e5_s43,2049,4,1.04234,2.4762,0.0,0.00038250977603981515
text_text_ln_lrh0.001_frozen_e5_s43,2050,4,1.40548,2.89,0.0,0.00038215428368290085
text_text_ln_lrh0.001_frozen_e5_s43,2051,4,0.8043,2.9973,0.0,0.0003817987913259865
text_text_ln_lrh0.001_frozen_e5_s43,2052,4,1.76284,4.3876,0.0,0.00038144329896907213
text_text_ln_lrh0.001_frozen_e5_s43,2053,4,0.92581,2.8317,0.0,0.0003810878066121579
text_text_ln_lrh0.001_frozen_e5_s43,2054,4,1.063,3.2254,0.0,0.0003807323142552435
text_text_ln_lrh0.001_frozen_e5_s43,2055,4,1.38114,2.6922,0.0,0.00038037682189832916
text_text_ln_lrh0.001_frozen_e5_s43,2056,4,0.81245,3.3461,0.0,0.0003800213295414149
text_text_ln_lrh0.001_frozen_e5_s43,2057,4,1.07528,2.5585,0.0,0.00037966583718450055
text_text_ln_lrh0.001_frozen_e5_s43,2058,4,1.07301,2.972,0.0,0.0003793103448275862
text_text_ln_lrh0.001_frozen_e5_s43,2059,4,0.75001,2.0404,0.0,0.0003789548524706719
text_text_ln_lrh0.001_frozen_e5_s43,2060,4,1.24471,5.5628,0.0,0.0003785993601137576
text_text_ln_lrh0.001_frozen_e5_s43,2061,4,0.91363,1.7945,0.0,0.0003782438677568432
text_text_ln_lrh0.001_frozen_e5_s43,2062,4,0.82147,2.4574,0.0,0.0003778883753999289
text_text_ln_lrh0.001_frozen_e5_s43,2063,4,1.74205,4.1312,0.0,0.0003775328830430146
text_text_ln_lrh0.001_frozen_e5_s43,2064,4,0.99534,2.3812,0.0,0.00037717739068610025
text_text_ln_lrh0.001_frozen_e5_s43,2065,4,1.15033,2.5285,0.0,0.00037682189832918594
text_text_ln_lrh0.001_frozen_e5_s43,2066,4,1.39659,3.7004,0.0,0.0003764664059722716
text_text_ln_lrh0.001_frozen_e5_s43,2067,4,0.80765,3.6567,0.0,0.0003761109136153573
text_text_ln_lrh0.001_frozen_e5_s43,2068,4,1.39147,2.7107,0.0,0.000375755421258443
text_text_ln_lrh0.001_frozen_e5_s43,2069,4,1.04996,2.4103,0.0,0.0003753999289015286
text_text_ln_lrh0.001_frozen_e5_s43,2070,4,0.92413,3.8695,0.0,0.0003750444365446143
text_text_ln_lrh0.001_frozen_e5_s43,2071,4,1.65316,4.4155,0.0,0.0003746889441877
text_text_ln_lrh0.001_frozen_e5_s43,2072,4,1.02108,3.1518,0.0,0.00037433345183078564
text_text_ln_lrh0.001_frozen_e5_s43,2073,4,0.89828,2.1077,0.0,0.0003739779594738713
text_text_ln_lrh0.001_frozen_e5_s43,2074,4,1.21078,2.385,0.0,0.000373622467116957
text_text_ln_lrh0.001_frozen_e5_s43,2075,4,1.76394,2.8462,0.0,0.0003732669747600427
text_text_ln_lrh0.001_frozen_e5_s43,2076,4,0.81844,2.2069,0.0,0.0003729114824031283
text_text_ln_lrh0.001_frozen_e5_s43,2077,4,1.36884,1.9244,0.0,0.000372555990046214
text_text_ln_lrh0.001_frozen_e5_s43,2078,4,1.4966,2.3677,0.0,0.0003722004976892997
text_text_ln_lrh0.001_frozen_e5_s43,2079,4,1.22763,3.7935,0.0,0.00037184500533238535
text_text_ln_lrh0.001_frozen_e5_s43,2080,4,0.69865,3.3826,0.0,0.000371489512975471
text_text_ln_lrh0.001_frozen_e5_s43,2081,4,0.94802,3.4807,0.0,0.00037113402061855674
text_text_ln_lrh0.001_frozen_e5_s43,2082,4,0.81274,2.4651,0.0,0.0003707785282616424
text_text_ln_lrh0.001_frozen_e5_s43,2083,4,0.93043,2.4851,0.0,0.000370423035904728
text_text_ln_lrh0.001_frozen_e5_s43,2084,4,1.33844,2.1049,0.0,0.00037006754354781377
text_text_ln_lrh0.001_frozen_e5_s43,2085,4,0.83845,3.3772,0.0,0.0003697120511908994
text_text_ln_lrh0.001_frozen_e5_s43,2086,4,1.1425,3.1975,0.0,0.00036935655883398505
text_text_ln_lrh0.001_frozen_e5_s43,2087,4,0.99812,3.2665,0.0,0.00036900106647707074
text_text_ln_lrh0.001_frozen_e5_s43,2088,4,1.11166,2.5467,0.0,0.00036864557412015644
text_text_ln_lrh0.001_frozen_e5_s43,2089,4,1.19257,2.4048,0.0,0.0003682900817632421
text_text_ln_lrh0.001_frozen_e5_s43,2090,4,1.18967,3.3796,0.0,0.00036793458940632777
text_text_ln_lrh0.001_frozen_e5_s43,2091,4,1.31773,3.2144,0.0,0.00036757909704941347
text_text_ln_lrh0.001_frozen_e5_s43,2092,4,1.38834,3.3184,0.0,0.0003672236046924991
text_text_ln_lrh0.001_frozen_e5_s43,2093,4,0.86403,1.9052,0.0,0.0003668681123355848
text_text_ln_lrh0.001_frozen_e5_s43,2094,4,1.26615,3.1783,0.0,0.00036651261997867044
text_text_ln_lrh0.001_frozen_e5_s43,2095,4,0.92933,2.9439,0.0,0.00036615712762175614
text_text_ln_lrh0.001_frozen_e5_s43,2096,4,1.90308,4.3167,0.0,0.00036580163526484183
text_text_ln_lrh0.001_frozen_e5_s43,2097,4,1.05139,3.1658,0.0,0.0003654461429079275
text_text_ln_lrh0.001_frozen_e5_s43,2098,4,1.66619,3.0977,0.0,0.00036509065055101317
text_text_ln_lrh0.001_frozen_e5_s43,2099,4,1.02274,4.2236,0.0,0.00036473515819409886
text_text_ln_lrh0.001_frozen_e5_s43,2100,4,1.49098,3.3614,0.0,0.0003643796658371845
text_text_ln_lrh0.001_frozen_e5_s43,2101,4,0.74299,3.5438,0.0,0.00036402417348027014
text_text_ln_lrh0.001_frozen_e5_s43,2102,4,0.85588,1.8877,0.0,0.0003636686811233559
text_text_ln_lrh0.001_frozen_e5_s43,2103,4,1.36802,4.0329,0.0,0.00036331318876644153
text_text_ln_lrh0.001_frozen_e5_s43,2104,4,0.94385,2.4653,0.0,0.0003629576964095272
text_text_ln_lrh0.001_frozen_e5_s43,2105,4,0.95056,2.6244,0.0,0.00036260220405261287
text_text_ln_lrh0.001_frozen_e5_s43,2106,4,0.78042,2.4847,0.0,0.00036224671169569856
text_text_ln_lrh0.001_frozen_e5_s43,2107,4,1.18068,4.0269,0.0,0.0003618912193387842
text_text_ln_lrh0.001_frozen_e5_s43,2108,4,1.04292,3.4736,0.0,0.0003615357269818699
text_text_ln_lrh0.001_frozen_e5_s43,2109,4,1.2063,4.5982,0.0,0.0003611802346249556
text_text_ln_lrh0.001_frozen_e5_s43,2110,4,1.1293,2.2491,0.0,0.00036082474226804123
text_text_ln_lrh0.001_frozen_e5_s43,2111,4,1.22199,2.0662,0.0,0.0003604692499111269
text_text_ln_lrh0.001_frozen_e5_s43,2112,4,0.8843,1.8236,0.0,0.0003601137575542126
text_text_ln_lrh0.001_frozen_e5_s43,2113,4,1.12241,2.8954,0.0,0.00035975826519729826
text_text_ln_lrh0.001_frozen_e5_s43,2114,4,1.12361,2.8509,0.0,0.0003594027728403839
text_text_ln_lrh0.001_frozen_e5_s43,2115,4,0.9571,2.9328,0.0,0.00035904728048346965
text_text_ln_lrh0.001_frozen_e5_s43,2116,4,1.00224,3.2589,0.0,0.0003586917881265553
text_text_ln_lrh0.001_frozen_e5_s43,2117,4,1.01859,2.994,0.0,0.00035833629576964094
text_text_ln_lrh0.001_frozen_e5_s43,2118,4,1.1622,3.6254,0.0,0.00035798080341272663
text_text_ln_lrh0.001_frozen_e5_s43,2119,4,0.78093,2.2143,0.0,0.0003576253110558123
text_text_ln_lrh0.001_frozen_e5_s43,2120,4,1.11743,2.5916,0.0,0.00035726981869889797
text_text_ln_lrh0.001_frozen_e5_s43,2121,4,0.91079,2.6915,0.0,0.00035691432634198366
text_text_ln_lrh0.001_frozen_e5_s43,2122,4,0.90118,2.0962,0.0,0.00035655883398506936
text_text_ln_lrh0.001_frozen_e5_s43,2123,4,1.48064,4.529,0.0,0.000356203341628155
text_text_ln_lrh0.001_frozen_e5_s43,2124,4,1.10963,3.4895,0.0,0.0003558478492712407
text_text_ln_lrh0.001_frozen_e5_s43,2125,4,1.35912,3.1583,0.0,0.00035549235691432633
text_text_ln_lrh0.001_frozen_e5_s43,2126,4,0.99584,4.1336,0.0,0.000355136864557412
text_text_ln_lrh0.001_frozen_e5_s43,2127,4,1.52417,3.0807,0.0,0.0003547813722004977
text_text_ln_lrh0.001_frozen_e5_s43,2128,4,1.06079,2.8954,0.0,0.00035442587984358336
text_text_ln_lrh0.001_frozen_e5_s43,2129,4,1.251,4.0075,0.0,0.00035407038748666906
text_text_ln_lrh0.001_frozen_e5_s43,2130,4,1.54024,5.5124,0.0,0.00035371489512975475
text_text_ln_lrh0.001_frozen_e5_s43,2131,4,1.42729,2.3886,0.0,0.0003533594027728404
text_text_ln_lrh0.001_frozen_e5_s43,2132,4,1.40181,2.6528,0.0,0.00035300391041592603
text_text_ln_lrh0.001_frozen_e5_s43,2133,4,1.2732,2.6646,0.0,0.0003526484180590118
text_text_ln_lrh0.001_frozen_e5_s43,2134,4,1.41971,3.7078,0.0,0.0003522929257020974
text_text_ln_lrh0.001_frozen_e5_s43,2135,4,1.7537,4.5264,0.0,0.00035193743334518306
text_text_ln_lrh0.001_frozen_e5_s43,2136,4,1.10444,4.16,0.0,0.00035158194098826876
text_text_ln_lrh0.001_frozen_e5_s43,2137,4,1.09,2.3478,0.0,0.00035122644863135445
text_text_ln_lrh0.001_frozen_e5_s43,2138,4,1.17705,2.7072,0.0,0.0003508709562744401
text_text_ln_lrh0.001_frozen_e5_s43,2139,4,1.07386,2.5352,0.0,0.00035051546391752573
text_text_ln_lrh0.001_frozen_e5_s43,2140,4,1.34947,4.0327,0.0,0.0003501599715606115
text_text_ln_lrh0.001_frozen_e5_s43,2141,4,1.20299,2.8129,0.0,0.0003498044792036971
text_text_ln_lrh0.001_frozen_e5_s43,2142,4,1.51399,3.0452,0.0,0.00034944898684678276
text_text_ln_lrh0.001_frozen_e5_s43,2143,4,0.83242,2.5981,0.0,0.0003490934944898685
text_text_ln_lrh0.001_frozen_e5_s43,2144,4,1.02356,2.5273,0.0,0.00034873800213295415
text_text_ln_lrh0.001_frozen_e5_s43,2145,4,1.03699,2.5064,0.0,0.0003483825097760398
text_text_ln_lrh0.001_frozen_e5_s43,2146,4,0.78881,3.7682,0.0,0.0003480270174191255
text_text_ln_lrh0.001_frozen_e5_s43,2147,4,0.92129,1.8687,0.0,0.0003476715250622112
text_text_ln_lrh0.001_frozen_e5_s43,2148,4,1.11119,2.8688,0.0,0.0003473160327052968
text_text_ln_lrh0.001_frozen_e5_s43,2149,4,0.91236,2.5697,0.0,0.0003469605403483825
text_text_ln_lrh0.001_frozen_e5_s43,2150,4,1.52494,2.9646,0.0,0.0003466050479914682
text_text_ln_lrh0.001_frozen_e5_s43,2151,4,1.44945,5.2034,0.0,0.00034624955563455385
text_text_ln_lrh0.001_frozen_e5_s43,2152,4,1.24352,2.0657,0.0,0.00034589406327763955
text_text_ln_lrh0.001_frozen_e5_s43,2153,4,0.93794,2.5575,0.0,0.0003455385709207252
text_text_ln_lrh0.001_frozen_e5_s43,2154,4,1.37337,4.0828,0.0,0.0003451830785638109
text_text_ln_lrh0.001_frozen_e5_s43,2155,4,1.17198,1.7376,0.0,0.0003448275862068966
text_text_ln_lrh0.001_frozen_e5_s43,2156,4,1.28383,2.3672,0.0,0.0003444720938499822
text_text_ln_lrh0.001_frozen_e5_s43,2157,4,0.99592,3.4254,0.0,0.0003441166014930679
text_text_ln_lrh0.001_frozen_e5_s43,2158,4,0.89051,3.8095,0.0,0.0003437611091361536
text_text_ln_lrh0.001_frozen_e5_s43,2159,4,1.02286,1.71,0.0,0.00034340561677923925
text_text_ln_lrh0.001_frozen_e5_s43,2160,4,1.19165,3.454,0.0,0.0003430501244223249
text_text_ln_lrh0.001_frozen_e5_s43,2161,4,1.57854,2.4323,0.0,0.00034269463206541064
text_text_ln_lrh0.001_frozen_e5_s43,2162,4,0.97866,3.5467,0.0,0.0003423391397084963
text_text_ln_lrh0.001_frozen_e5_s43,2163,4,0.91482,2.6572,0.0,0.0003419836473515819
text_text_ln_lrh0.001_frozen_e5_s43,2164,4,0.87267,3.4741,0.0,0.0003416281549946676
text_text_ln_lrh0.001_frozen_e5_s43,2165,4,1.1156,3.2967,0.0,0.0003412726626377533
text_text_ln_lrh0.001_frozen_e5_s43,2166,4,1.22741,3.647,0.0,0.00034091717028083895
text_text_ln_lrh0.001_frozen_e5_s43,2167,4,1.18889,2.3524,0.0,0.0003405616779239246
text_text_ln_lrh0.001_frozen_e5_s43,2168,4,0.97785,2.8992,0.0,0.00034020618556701034
text_text_ln_lrh0.001_frozen_e5_s43,2169,4,1.42613,2.1088,0.0,0.000339850693210096
text_text_ln_lrh0.001_frozen_e5_s43,2170,4,1.17682,2.6645,0.0,0.0003394952008531816
text_text_ln_lrh0.001_frozen_e5_s43,2171,4,0.90429,2.8497,0.0,0.00033913970849626737
text_text_ln_lrh0.001_frozen_e5_s43,2172,4,0.78133,2.9541,0.0,0.000338784216139353
text_text_ln_lrh0.001_frozen_e5_s43,2173,4,1.33909,2.0826,0.0,0.00033842872378243865
text_text_ln_lrh0.001_frozen_e5_s43,2174,4,1.49759,3.0255,0.0,0.0003380732314255244
text_text_ln_lrh0.001_frozen_e5_s43,2175,4,1.09262,3.0234,0.0,0.00033771773906861004
text_text_ln_lrh0.001_frozen_e5_s43,2176,4,1.106,2.7491,0.0,0.0003373622467116957
text_text_ln_lrh0.001_frozen_e5_s43,2177,4,1.24935,3.3238,0.0,0.0003370067543547814
text_text_ln_lrh0.001_frozen_e5_s43,2178,4,1.05834,2.575,0.0,0.00033665126199786707
text_text_ln_lrh0.001_frozen_e5_s43,2179,4,1.27642,3.0029,0.0,0.0003362957696409527
text_text_ln_lrh0.001_frozen_e5_s43,2180,4,1.09533,2.6963,0.0,0.0003359402772840384
text_text_ln_lrh0.001_frozen_e5_s43,2181,4,1.06728,2.6689,0.0,0.0003355847849271241
text_text_ln_lrh0.001_frozen_e5_s43,2182,4,1.30484,4.1553,0.0,0.00033522929257020974
text_text_ln_lrh0.001_frozen_e5_s43,2183,4,1.11687,2.1854,0.0,0.00033487380021329544
text_text_ln_lrh0.001_frozen_e5_s43,2184,4,1.45423,4.3222,0.0,0.0003345183078563811
text_text_ln_lrh0.001_frozen_e5_s43,2185,4,1.09539,3.4882,0.0,0.0003341628154994668
text_text_ln_lrh0.001_frozen_e5_s43,2186,4,0.95235,3.8013,0.0,0.00033380732314255247
text_text_ln_lrh0.001_frozen_e5_s43,2187,4,0.92677,3.0025,0.0,0.0003334518307856381
text_text_ln_lrh0.001_frozen_e5_s43,2188,4,1.41031,3.976,0.0,0.0003330963384287238
text_text_ln_lrh0.001_frozen_e5_s43,2189,4,1.04022,2.3713,0.0,0.0003327408460718095
text_text_ln_lrh0.001_frozen_e5_s43,2190,4,1.46319,3.6941,0.0,0.00033238535371489514
text_text_ln_lrh0.001_frozen_e5_s43,2191,4,1.11581,2.5569,0.0,0.0003320298613579808
text_text_ln_lrh0.001_frozen_e5_s43,2192,4,1.16795,1.9025,0.0,0.00033167436900106653
text_text_ln_lrh0.001_frozen_e5_s43,2193,4,1.15565,2.1168,0.0,0.00033131887664415217
text_text_ln_lrh0.001_frozen_e5_s43,2194,4,1.11332,2.5023,0.0,0.0003309633842872378
text_text_ln_lrh0.001_frozen_e5_s43,2195,4,0.54018,2.8717,0.0,0.0003306078919303235
text_text_ln_lrh0.001_frozen_e5_s43,2196,4,1.00783,1.8285,0.0,0.0003302523995734092
text_text_ln_lrh0.001_frozen_e5_s43,2197,4,0.94912,2.8256,0.0,0.00032989690721649484
text_text_ln_lrh0.001_frozen_e5_s43,2198,4,1.06738,2.367,0.0,0.0003295414148595805
text_text_ln_lrh0.001_frozen_e5_s43,2199,4,0.67502,2.5822,0.0,0.00032918592250266623
text_text_ln_lrh0.001_frozen_e5_s43,2200,4,0.68045,2.5658,0.0,0.00032883043014575187
text_text_ln_lrh0.001_frozen_e5_s43,2201,4,1.23701,4.4933,0.0,0.0003284749377888375
text_text_ln_lrh0.001_frozen_e5_s43,2202,4,0.98448,3.1474,0.0,0.00032811944543192326
text_text_ln_lrh0.001_frozen_e5_s43,2203,4,0.75444,3.483,0.0,0.0003277639530750089
text_text_ln_lrh0.001_frozen_e5_s43,2204,4,0.73193,2.3629,0.0,0.00032740846071809454
text_text_ln_lrh0.001_frozen_e5_s43,2205,4,1.32782,3.3895,0.0,0.00032705296836118024
text_text_ln_lrh0.001_frozen_e5_s43,2206,4,1.33721,4.6866,0.0,0.00032669747600426593
text_text_ln_lrh0.001_frozen_e5_s43,2207,4,0.81048,3.2814,0.0,0.00032634198364735157
text_text_ln_lrh0.001_frozen_e5_s43,2208,4,1.25275,3.1606,0.0,0.00032598649129043727
text_text_ln_lrh0.001_frozen_e5_s43,2209,4,1.37995,3.3263,0.0,0.00032563099893352296
text_text_ln_lrh0.001_frozen_e5_s43,2210,4,1.22534,3.856,0.0,0.0003252755065766086
text_text_ln_lrh0.001_frozen_e5_s43,2211,4,1.0855,3.0621,0.0,0.0003249200142196943
text_text_ln_lrh0.001_frozen_e5_s43,2212,4,1.03586,3.4969,0.0,0.00032456452186277994
text_text_ln_lrh0.001_frozen_e5_s43,2213,4,0.78952,3.1734,0.0,0.00032420902950586563
text_text_ln_lrh0.001_frozen_e5_s43,2214,4,0.88986,2.2291,0.0,0.0003238535371489513
text_text_ln_lrh0.001_frozen_e5_s43,2215,4,1.40512,3.1883,0.0,0.00032349804479203697
text_text_ln_lrh0.001_frozen_e5_s43,2216,4,1.26462,5.4729,0.0,0.00032314255243512266
text_text_ln_lrh0.001_frozen_e5_s43,2217,4,0.69394,1.6279,0.0,0.00032278706007820836
text_text_ln_lrh0.001_frozen_e5_s43,2218,4,1.20687,3.531,0.0,0.000322431567721294
text_text_ln_lrh0.001_frozen_e5_s43,2219,4,1.05746,3.3671,0.0,0.00032207607536437964
text_text_ln_lrh0.001_frozen_e5_s43,2220,4,0.69399,2.9032,0.0,0.0003217205830074654
text_text_ln_lrh0.001_frozen_e5_s43,2221,4,1.08542,2.5582,0.0,0.00032136509065055103
text_text_ln_lrh0.001_frozen_e5_s43,2222,4,1.31789,3.4888,0.0,0.00032100959829363667
text_text_ln_lrh0.001_frozen_e5_s43,2223,4,1.23066,4.1605,0.0,0.00032065410593672236
text_text_ln_lrh0.001_frozen_e5_s43,2224,4,1.18136,3.2231,0.0,0.00032029861357980806
text_text_ln_lrh0.001_frozen_e5_s43,2225,4,1.25674,2.9207,0.0,0.0003199431212228937
text_text_ln_lrh0.001_frozen_e5_s43,2226,4,0.97094,2.0588,0.0,0.00031958762886597934
text_text_ln_lrh0.001_frozen_e5_s43,2227,4,0.96281,2.0351,0.0,0.0003192321365090651
text_text_ln_lrh0.001_frozen_e5_s43,2228,4,0.72794,3.175,0.0,0.00031887664415215073
text_text_ln_lrh0.001_frozen_e5_s43,2229,4,1.43019,2.9983,0.0,0.00031852115179523637
text_text_ln_lrh0.001_frozen_e5_s43,2230,4,0.86224,3.1123,0.0,0.0003181656594383221
text_text_ln_lrh0.001_frozen_e5_s43,2231,4,0.66405,3.6466,0.0,0.00031781016708140776
text_text_ln_lrh0.001_frozen_e5_s43,2232,4,1.44459,4.9655,0.0,0.0003174546747244934
text_text_ln_lrh0.001_frozen_e5_s43,2233,4,1.75822,4.2018,0.0,0.0003170991823675791
text_text_ln_lrh0.001_frozen_e5_s43,2234,4,0.97512,2.4185,0.0,0.0003167436900106648
text_text_ln_lrh0.001_frozen_e5_s43,2235,4,1.33703,6.1893,0.0,0.00031638819765375043
text_text_ln_lrh0.001_frozen_e5_s43,2236,4,1.52655,3.2771,0.0,0.0003160327052968361
text_text_ln_lrh0.001_frozen_e5_s43,2237,4,1.04651,2.5716,0.0,0.0003156772129399218
text_text_ln_lrh0.001_frozen_e5_s43,2238,4,0.64101,3.6522,0.0,0.00031532172058300746
text_text_ln_lrh0.001_frozen_e5_s43,2239,4,1.27071,2.859,0.0,0.00031496622822609315
text_text_ln_lrh0.001_frozen_e5_s43,2240,4,1.17792,2.8056,0.0,0.0003146107358691788
text_text_ln_lrh0.001_frozen_e5_s43,2241,4,1.02621,4.2436,0.0,0.0003142552435122645
text_text_ln_lrh0.001_frozen_e5_s43,2242,4,1.3432,2.6068,0.0,0.0003138997511553502
text_text_ln_lrh0.001_frozen_e5_s43,2243,4,0.92124,1.9858,0.0,0.0003135442587984358
text_text_ln_lrh0.001_frozen_e5_s43,2244,4,1.0303,3.0797,0.0,0.0003131887664415215
text_text_ln_lrh0.001_frozen_e5_s43,2245,4,1.19169,2.607,0.0,0.0003128332740846072
text_text_ln_lrh0.001_frozen_e5_s43,2246,4,1.26771,2.885,0.0,0.00031247778172769286
text_text_ln_lrh0.001_frozen_e5_s43,2247,4,1.39018,4.5799,0.0,0.0003121222893707785
text_text_ln_lrh0.001_frozen_e5_s43,2248,4,0.75117,3.359,0.0,0.00031176679701386425
text_text_ln_lrh0.001_frozen_e5_s43,2249,4,1.10895,3.6984,0.0,0.0003114113046569499
text_text_ln_lrh0.001_frozen_e5_s43,2250,4,1.2501,2.437,0.0,0.0003110558123000355
text_text_ln_lrh0.001_frozen_e5_s43,2251,4,1.5113,4.9599,0.0,0.0003107003199431213
text_text_ln_lrh0.001_frozen_e5_s43,2252,4,0.90912,2.6944,0.0,0.0003103448275862069
text_text_ln_lrh0.001_frozen_e5_s43,2253,4,1.36116,3.5336,0.0,0.00030998933522929256
text_text_ln_lrh0.001_frozen_e5_s43,2254,4,1.04157,2.7628,0.0,0.0003096338428723782
text_text_ln_lrh0.001_frozen_e5_s43,2255,4,1.25299,4.8032,0.0,0.00030927835051546395
text_text_ln_lrh0.001_frozen_e5_s43,2256,4,0.67997,2.3603,0.0,0.0003089228581585496
text_text_ln_lrh0.001_frozen_e5_s43,2257,4,0.57937,3.2844,0.0,0.00030856736580163523
text_text_ln_lrh0.001_frozen_e5_s43,2258,4,1.40827,2.6745,0.0,0.000308211873444721
text_text_ln_lrh0.001_frozen_e5_s43,2259,4,1.81623,3.9137,0.0,0.0003078563810878066
text_text_ln_lrh0.001_frozen_e5_s43,2260,4,1.46124,2.0969,0.0,0.00030750088873089226
text_text_ln_lrh0.001_frozen_e5_s43,2261,4,0.91104,2.1872,0.0,0.000307145396373978
text_text_ln_lrh0.001_frozen_e5_s43,2262,4,0.91258,2.4863,0.0,0.00030678990401706365
text_text_ln_lrh0.001_frozen_e5_s43,2263,4,0.8045,2.9002,0.0,0.0003064344116601493
text_text_ln_lrh0.001_frozen_e5_s43,2264,4,1.28379,3.0857,0.0,0.000306078919303235
text_text_ln_lrh0.001_frozen_e5_s43,2265,4,1.3437,2.7886,0.0,0.0003057234269463207
text_text_ln_lrh0.001_frozen_e5_s43,2266,4,0.86342,2.6083,0.0,0.0003053679345894063
text_text_ln_lrh0.001_frozen_e5_s43,2267,4,0.92666,1.5941,0.0,0.000305012442232492
text_text_ln_lrh0.001_frozen_e5_s43,2268,4,1.18427,3.9128,0.0,0.0003046569498755777
text_text_ln_lrh0.001_frozen_e5_s43,2269,4,1.11289,2.0525,0.0,0.00030430145751866335
text_text_ln_lrh0.001_frozen_e5_s43,2270,4,0.82342,2.8254,0.0,0.00030394596516174904
text_text_ln_lrh0.001_frozen_e5_s43,2271,4,1.0145,1.9362,0.0,0.0003035904728048347
text_text_ln_lrh0.001_frozen_e5_s43,2272,4,0.98997,2.8958,0.0,0.0003032349804479204
text_text_ln_lrh0.001_frozen_e5_s43,2273,4,0.93916,1.8924,0.0,0.0003028794880910061
text_text_ln_lrh0.001_frozen_e5_s43,2274,4,1.0409,1.7723,0.0,0.0003025239957340917
text_text_ln_lrh0.001_frozen_e5_s43,2275,4,1.04489,3.1707,0.0,0.0003021685033771774
text_text_ln_lrh0.001_frozen_e5_s43,2276,4,1.07652,2.1321,0.0,0.0003018130110202631
text_text_ln_lrh0.001_frozen_e5_s43,2277,4,1.17746,3.8837,0.0,0.00030145751866334874
text_text_ln_lrh0.001_frozen_e5_s43,2278,4,1.42926,3.3842,0.0,0.0003011020263064344
text_text_ln_lrh0.001_frozen_e5_s43,2279,4,1.0024,3.2748,0.0,0.00030074653394952013
text_text_ln_lrh0.001_frozen_e5_s43,2280,4,1.22731,2.9882,0.0,0.0003003910415926058
text_text_ln_lrh0.001_frozen_e5_s43,2281,4,1.69773,4.5675,0.0,0.0003000355492356914
text_text_ln_lrh0.001_frozen_e5_s43,2282,4,1.36989,3.0746,0.0,0.0002996800568787771
text_text_ln_lrh0.001_frozen_e5_s43,2283,4,1.18169,3.219,0.0,0.0002993245645218628
text_text_ln_lrh0.001_frozen_e5_s43,2284,4,1.14475,1.6959,0.0,0.00029896907216494845
text_text_ln_lrh0.001_frozen_e5_s43,2285,4,1.2951,3.0405,0.0,0.0002986135798080341
text_text_ln_lrh0.001_frozen_e5_s43,2286,4,1.43005,6.7729,0.0,0.00029825808745111983
text_text_ln_lrh0.001_frozen_e5_s43,2287,4,1.15492,3.5471,0.0,0.0002979025950942055
text_text_ln_lrh0.001_frozen_e5_s43,2288,4,1.02037,2.481,0.0,0.0002975471027372911
text_text_ln_lrh0.001_frozen_e5_s43,2289,4,1.11284,2.7253,0.0,0.00029719161038037687
text_text_ln_lrh0.001_frozen_e5_s43,2290,4,1.34414,3.9121,0.0,0.0002968361180234625
text_text_ln_lrh0.001_frozen_e5_s43,2291,4,1.11877,3.5816,0.0,0.00029648062566654815
text_text_ln_lrh0.001_frozen_e5_s43,2292,4,0.98451,2.0104,0.0,0.00029612513330963384
text_text_ln_lrh0.001_frozen_e5_s43,2293,4,1.09756,2.9034,0.0,0.00029576964095271954
text_text_ln_lrh0.001_frozen_e5_s43,2294,4,1.22069,2.6372,0.0,0.0002954141485958052
text_text_ln_lrh0.001_frozen_e5_s43,2295,4,1.1122,2.3941,0.0,0.00029505865623889087
text_text_ln_lrh0.001_frozen_e5_s43,2296,4,1.03002,2.9224,0.0,0.00029470316388197657
text_text_ln_lrh0.001_frozen_e5_s43,2297,4,0.96202,2.4802,0.0,0.0002943476715250622
text_text_ln_lrh0.001_frozen_e5_s43,2298,4,0.86558,3.1261,0.0,0.0002939921791681479
text_text_ln_lrh0.001_frozen_e5_s43,2299,4,1.07116,2.5876,0.0,0.00029363668681123354
text_text_ln_lrh0.001_frozen_e5_s43,2300,4,0.87359,3.8183,0.0,0.00029328119445431924
text_text_ln_lrh0.001_frozen_e5_s43,2301,4,0.80331,1.4966,0.0,0.00029292570209740493
text_text_ln_lrh0.001_frozen_e5_s43,2302,4,0.83929,3.2728,0.0,0.00029257020974049057
text_text_ln_lrh0.001_frozen_e5_s43,2303,4,1.6289,3.9542,0.0,0.00029221471738357627
text_text_ln_lrh0.001_frozen_e5_s43,2304,4,1.20261,2.9443,0.0,0.00029185922502666196
text_text_ln_lrh0.001_frozen_e5_s43,2305,4,0.97082,3.6739,0.0,0.0002915037326697476
text_text_ln_lrh0.001_frozen_e5_s43,2306,4,1.11394,3.1845,0.0,0.00029114824031283324
text_text_ln_lrh0.001_frozen_e5_s43,2307,4,1.5301,2.6798,0.0,0.000290792747955919
text_text_ln_lrh0.001_frozen_e5_s43,2308,4,1.04329,2.7035,0.0,0.00029043725559900463
text_text_ln_lrh0.001_frozen_e5_s43,2309,4,0.93651,1.5901,0.0,0.0002900817632420903
text_text_ln_lrh0.001_frozen_e5_s43,2310,4,0.7885,1.5623,0.0,0.000289726270885176
text_text_ln_lrh0.001_frozen_e5_s43,2311,4,1.347,1.7186,0.0,0.00028937077852826166
text_text_ln_lrh0.001_frozen_e5_s43,2312,4,0.97876,1.8356,0.0,0.0002890152861713473
text_text_ln_lrh0.001_frozen_e5_s43,2313,4,1.09217,3.6241,0.0,0.00028865979381443294
text_text_ln_lrh0.001_frozen_e5_s43,2314,4,1.30871,1.8433,0.0,0.0002883043014575187
text_text_ln_lrh0.001_frozen_e5_s43,2315,4,1.06374,3.1017,0.0,0.00028794880910060433
text_text_ln_lrh0.001_frozen_e5_s43,2316,4,0.90459,2.5927,0.0,0.00028759331674369
text_text_ln_lrh0.001_frozen_e5_s43,2317,4,0.76416,3.9545,0.0,0.0002872378243867757
text_text_ln_lrh0.001_frozen_e5_s43,2318,4,0.8408,2.4396,0.0,0.00028688233202986136
text_text_ln_lrh0.001_frozen_e5_s43,2319,4,1.39584,3.1189,0.0,0.000286526839672947
text_text_ln_lrh0.001_frozen_e5_s43,2320,4,0.8613,2.417,0.0,0.0002861713473160327
text_text_ln_lrh0.001_frozen_e5_s43,2321,4,0.79702,1.8613,0.0,0.0002858158549591184
text_text_ln_lrh0.001_frozen_e5_s43,2322,4,1.06424,3.635,0.0,0.00028546036260220403
text_text_ln_lrh0.001_frozen_e5_s43,2323,4,1.59316,3.1799,0.0,0.00028510487024528973
text_text_ln_lrh0.001_frozen_e5_s43,2324,4,1.21611,3.7013,0.0,0.0002847493778883754
text_text_ln_lrh0.001_frozen_e5_s43,2325,4,1.0772,3.1864,0.0,0.00028439388553146107
text_text_ln_lrh0.001_frozen_e5_s43,2326,4,1.08516,3.8828,0.0,0.00028403839317454676
text_text_ln_lrh0.001_frozen_e5_s43,2327,4,0.74285,2.4665,0.0,0.00028368290081763245
text_text_ln_lrh0.001_frozen_e5_s43,2328,4,0.89363,2.8561,0.0,0.0002833274084607181
text_text_ln_lrh0.001_frozen_e5_s43,2329,4,0.87055,2.0458,0.0,0.0002829719161038038
text_text_ln_lrh0.001_frozen_e5_s43,2330,4,0.9375,2.3361,0.0,0.00028261642374688943
text_text_ln_lrh0.001_frozen_e5_s43,2331,4,1.08952,2.3203,0.0,0.0002822609313899751
text_text_ln_lrh0.001_frozen_e5_s43,2332,4,1.46461,3.184,0.0,0.0002819054390330608
text_text_ln_lrh0.001_frozen_e5_s43,2333,4,1.30156,2.8984,0.0,0.00028154994667614646
text_text_ln_lrh0.001_frozen_e5_s43,2334,4,1.57732,1.9037,0.0,0.00028119445431923216
text_text_ln_lrh0.001_frozen_e5_s43,2335,4,1.41665,2.2717,0.0,0.00028083896196231785
text_text_ln_lrh0.001_frozen_e5_s43,2336,4,0.98514,2.6964,0.0,0.0002804834696054035
text_text_ln_lrh0.001_frozen_e5_s43,2337,4,1.38098,3.5835,0.0,0.00028012797724848913
text_text_ln_lrh0.001_frozen_e5_s43,2338,4,0.99421,3.0538,0.0,0.0002797724848915749
text_text_ln_lrh0.001_frozen_e5_s43,2339,4,0.91802,2.2193,0.0,0.0002794169925346605
text_text_ln_lrh0.001_frozen_e5_s43,2340,4,0.9962,2.1556,0.0,0.00027906150017774616
text_text_ln_lrh0.001_frozen_e5_s43,2341,4,1.24319,3.0055,0.0,0.00027870600782083186
text_text_ln_lrh0.001_frozen_e5_s43,2342,4,1.0973,4.2966,0.0,0.00027835051546391755
text_text_ln_lrh0.001_frozen_e5_s43,2343,4,1.31997,3.858,0.0,0.0002779950231070032
text_text_ln_lrh0.001_frozen_e5_s43,2344,4,1.4863,3.4308,0.0,0.00027763953075008883
text_text_ln_lrh0.001_frozen_e5_s43,2345,4,1.11831,3.3092,0.0,0.0002772840383931746
text_text_ln_lrh0.001_frozen_e5_s43,2346,4,1.22282,2.9126,0.0,0.0002769285460362602
text_text_ln_lrh0.001_frozen_e5_s43,2347,4,1.66294,3.5837,0.0,0.00027657305367934586
text_text_ln_lrh0.001_frozen_e5_s43,2348,4,0.82784,2.4725,0.0,0.0002762175613224316
text_text_ln_lrh0.001_frozen_e5_s43,2349,4,0.76219,3.4843,0.0,0.00027586206896551725
text_text_ln_lrh0.001_frozen_e5_s43,2350,4,0.98832,2.357,0.0,0.0002755065766086029
text_text_ln_lrh0.001_frozen_e5_s43,2351,4,1.07048,2.9723,0.0,0.0002751510842516886
text_text_ln_lrh0.001_frozen_e5_s43,2352,4,1.20607,2.4197,0.0,0.0002747955918947743
text_text_ln_lrh0.001_frozen_e5_s43,2353,4,0.96506,1.979,0.0,0.0002744400995378599
text_text_ln_lrh0.001_frozen_e5_s43,2354,4,0.56647,2.7641,0.0,0.0002740846071809456
text_text_ln_lrh0.001_frozen_e5_s43,2355,4,1.01909,3.1798,0.0,0.0002737291148240313
text_text_ln_lrh0.001_frozen_e5_s43,2356,4,1.16054,3.4161,0.0,0.00027337362246711695
text_text_ln_lrh0.001_frozen_e5_s43,2357,4,1.38716,3.3248,0.0,0.00027301813011020265
text_text_ln_lrh0.001_frozen_e5_s43,2358,4,0.66072,3.6418,0.0,0.0002726626377532883
text_text_ln_lrh0.001_frozen_e5_s43,2359,4,1.41293,2.7727,0.0,0.000272307145396374
text_text_ln_lrh0.001_frozen_e5_s43,2360,4,1.26493,3.0266,0.0,0.0002719516530394597
text_text_ln_lrh0.001_frozen_e5_s43,2361,4,1.36271,2.9094,0.0,0.0002715961606825453
text_text_ln_lrh0.001_frozen_e5_s43,2362,4,1.1452,2.8333,0.0,0.000271240668325631
text_text_ln_lrh0.001_frozen_e5_s43,2363,4,1.21446,2.0579,0.0,0.0002708851759687167
text_text_ln_lrh0.001_frozen_e5_s43,2364,4,1.13628,3.3174,0.0,0.00027052968361180235
text_text_ln_lrh0.001_frozen_e5_s43,2365,4,1.25174,3.0322,0.0,0.000270174191254888
text_text_ln_lrh0.001_frozen_e5_s43,2366,4,0.97991,1.8146,0.0,0.00026981869889797374
text_text_ln_lrh0.001_frozen_e5_s43,2367,4,0.88767,2.4269,0.0,0.0002694632065410594
text_text_ln_lrh0.001_frozen_e5_s43,2368,4,1.20495,4.1557,0.0,0.000269107714184145
text_text_ln_lrh0.001_frozen_e5_s43,2369,4,0.64525,3.2473,0.0,0.00026875222182723077
text_text_ln_lrh0.001_frozen_e5_s43,2370,4,0.97358,2.6156,0.0,0.0002683967294703164
text_text_ln_lrh0.001_frozen_e5_s43,2371,4,1.02548,3.2765,0.0,0.00026804123711340205
text_text_ln_lrh0.001_frozen_e5_s43,2372,4,1.07464,3.5375,0.0,0.0002676857447564877
text_text_ln_lrh0.001_frozen_e5_s43,2373,4,1.19634,3.2925,0.0,0.00026733025239957344
text_text_ln_lrh0.001_frozen_e5_s43,2374,4,1.16498,1.6154,0.0,0.0002669747600426591
text_text_ln_lrh0.001_frozen_e5_s43,2375,4,0.71347,3.1021,0.0,0.0002666192676857447
text_text_ln_lrh0.001_frozen_e5_s43,2376,4,1.012,1.8909,0.0,0.00026626377532883047
text_text_ln_lrh0.001_frozen_e5_s43,2377,4,0.79233,3.7533,0.0,0.0002659082829719161
text_text_ln_lrh0.001_frozen_e5_s43,2378,4,1.15477,2.2613,0.0,0.00026555279061500175
text_text_ln_lrh0.001_frozen_e5_s43,2379,4,0.88317,2.935,0.0,0.00026519729825808745
text_text_ln_lrh0.001_frozen_e5_s43,2380,4,1.01634,5.5297,0.0,0.00026484180590117314
text_text_ln_lrh0.001_frozen_e5_s43,2381,4,0.93993,2.7516,0.0,0.0002644863135442588
text_text_ln_lrh0.001_frozen_e5_s43,2382,4,1.22014,2.2236,0.0,0.0002641308211873445
text_text_ln_lrh0.001_frozen_e5_s43,2383,4,0.73814,1.5727,0.0,0.00026377532883043017
text_text_ln_lrh0.001_frozen_e5_s43,2384,4,0.9079,3.1984,0.0,0.0002634198364735158
text_text_ln_lrh0.001_frozen_e5_s43,2385,4,1.16488,3.2198,0.0,0.0002630643441166015
text_text_ln_lrh0.001_frozen_e5_s43,2386,4,1.30997,2.0061,0.0,0.00026270885175968715
text_text_ln_lrh0.001_frozen_e5_s43,2387,4,1.2242,3.5524,0.0,0.00026235335940277284
text_text_ln_lrh0.001_frozen_e5_s43,2388,4,0.76829,3.2943,0.0,0.00026199786704585854
text_text_ln_lrh0.001_frozen_e5_s43,2389,4,1.39309,2.6923,0.0,0.0002616423746889442
text_text_ln_lrh0.001_frozen_e5_s43,2390,4,0.73629,2.7575,0.0,0.00026128688233202987
text_text_ln_lrh0.001_frozen_e5_s43,2391,4,1.17769,3.5055,0.0,0.00026093138997511557
text_text_ln_lrh0.001_frozen_e5_s43,2392,4,1.33504,3.8558,0.0,0.0002605758976182012
text_text_ln_lrh0.001_frozen_e5_s43,2393,4,0.54122,3.0146,0.0,0.00026022040526128685
text_text_ln_lrh0.001_frozen_e5_s43,2394,4,0.97849,3.2613,0.0,0.0002598649129043726
text_text_ln_lrh0.001_frozen_e5_s43,2395,4,1.62916,4.8251,0.0,0.00025950942054745824
text_text_ln_lrh0.001_frozen_e5_s43,2396,4,1.1223,3.4651,0.0,0.0002591539281905439
text_text_ln_lrh0.001_frozen_e5_s43,2397,4,1.07892,2.0589,0.0,0.00025879843583362963
text_text_ln_lrh0.001_frozen_e5_s43,2398,4,0.84116,2.6388,0.0,0.00025844294347671527
text_text_ln_lrh0.001_frozen_e5_s43,2399,4,1.03968,3.2305,0.0,0.0002580874511198009
text_text_ln_lrh0.001_frozen_e5_s43,2400,4,1.21069,3.0571,0.0,0.00025773195876288655
text_text_ln_lrh0.001_frozen_e5_s43,2401,4,1.15637,3.7712,0.0,0.0002573764664059723
text_text_ln_lrh0.001_frozen_e5_s43,2402,4,0.82596,2.0496,0.0,0.00025702097404905794
text_text_ln_lrh0.001_frozen_e5_s43,2403,4,0.92086,2.1619,0.0,0.0002566654816921436
text_text_ln_lrh0.001_frozen_e5_s43,2404,4,0.88381,2.6017,0.0,0.00025630998933522933
text_text_ln_lrh0.001_frozen_e5_s43,2405,4,1.39482,5.2094,0.0,0.00025595449697831497
text_text_ln_lrh0.001_frozen_e5_s43,2406,4,0.93691,2.7811,0.0,0.0002555990046214006
text_text_ln_lrh0.001_frozen_e5_s43,2407,4,1.24064,3.0903,0.0,0.00025524351226448636
text_text_ln_lrh0.001_frozen_e5_s43,2408,4,1.29747,4.6429,0.0,0.000254888019907572
text_text_ln_lrh0.001_frozen_e5_s43,2409,4,0.78409,2.1946,0.0,0.00025453252755065764
text_text_ln_lrh0.001_frozen_e5_s43,2410,4,1.38538,3.7651,0.0,0.00025417703519374334
text_text_ln_lrh0.001_frozen_e5_s43,2411,4,0.95878,3.9905,0.0,0.00025382154283682903
text_text_ln_lrh0.001_frozen_e5_s43,2412,4,1.61895,3.8942,0.0,0.00025346605047991467
text_text_ln_lrh0.001_frozen_e5_s43,2413,4,0.70894,1.9645,0.0,0.00025311055812300037
text_text_ln_lrh0.001_frozen_e5_s43,2414,4,1.14798,4.4035,0.0,0.00025275506576608606
text_text_ln_lrh0.001_frozen_e5_s43,2415,4,0.99616,3.2465,0.0,0.0002523995734091717
text_text_ln_lrh0.001_frozen_e5_s43,2416,4,1.65824,2.5888,0.0,0.0002520440810522574
text_text_ln_lrh0.001_frozen_e5_s43,2417,4,1.35152,2.6587,0.0,0.00025168858869534304
text_text_ln_lrh0.001_frozen_e5_s43,2418,4,1.31241,2.4418,0.0,0.00025133309633842873
text_text_ln_lrh0.001_frozen_e5_s43,2419,4,1.33944,2.1707,0.0,0.0002509776039815144
text_text_ln_lrh0.001_frozen_e5_s43,2420,4,1.17528,3.4592,0.0,0.00025062211162460007
text_text_ln_lrh0.001_frozen_e5_s43,2421,4,1.45586,2.633,0.0,0.00025026661926768576
text_text_ln_lrh0.001_frozen_e5_s43,2422,4,0.96565,3.1006,0.0,0.0002499111269107714
text_text_ln_lrh0.001_frozen_e5_s43,2423,4,1.52649,4.1626,0.0,0.0002495556345538571
text_text_ln_lrh0.001_frozen_e5_s43,2424,4,1.10996,2.9881,0.0,0.00024920014219694274
text_text_ln_lrh0.001_frozen_e5_s43,2425,4,0.91138,2.4543,0.0,0.00024884464984002843
text_text_ln_lrh0.001_frozen_e5_s43,2426,4,0.66052,1.7537,0.0,0.0002484891574831141
text_text_ln_lrh0.001_frozen_e5_s43,2427,4,1.51173,2.9147,0.0,0.00024813366512619977
text_text_ln_lrh0.001_frozen_e5_s43,2428,4,1.08218,2.6449,0.0,0.00024777817276928546
text_text_ln_lrh0.001_frozen_e5_s43,2429,4,1.15301,3.0085,0.0,0.00024742268041237116
text_text_ln_lrh0.001_frozen_e5_s43,2430,4,1.03149,3.0438,0.0,0.0002470671880554568
text_text_ln_lrh0.001_frozen_e5_s43,2431,4,1.22008,2.4247,0.0,0.0002467116956985425
text_text_ln_lrh0.001_frozen_e5_s43,2432,4,1.2883,3.6743,0.0,0.0002463562033416282
text_text_ln_lrh0.001_frozen_e5_s43,2433,4,0.68976,1.9151,0.0,0.00024600071098471383
text_text_ln_lrh0.001_frozen_e5_s43,2434,4,1.55849,2.3077,0.0,0.0002456452186277995
text_text_ln_lrh0.001_frozen_e5_s43,2435,4,1.22157,3.2086,0.0,0.0002452897262708852
text_text_ln_lrh0.001_frozen_e5_s43,2436,4,1.44812,3.1912,0.0,0.00024493423391397086
text_text_ln_lrh0.001_frozen_e5_s43,2437,4,1.82564,5.3433,0.0,0.00024457874155705655
text_text_ln_lrh0.001_frozen_e5_s43,2438,4,0.97412,2.0416,0.0,0.0002442232492001422
text_text_ln_lrh0.001_frozen_e5_s43,2439,4,1.02582,2.5313,0.0,0.00024386775684322786
text_text_ln_lrh0.001_frozen_e5_s43,2440,4,0.91106,2.0956,0.0,0.00024351226448631356
text_text_ln_lrh0.001_frozen_e5_s43,2441,4,0.96039,2.9933,0.0,0.00024315677212939922
text_text_ln_lrh0.001_frozen_e5_s43,2442,4,1.17809,2.8345,0.0,0.0002428012797724849
text_text_ln_lrh0.001_frozen_e5_s43,2443,4,1.15135,2.1538,0.0,0.00024244578741557059
text_text_ln_lrh0.001_frozen_e5_s43,2444,4,1.16388,1.8428,0.0,0.00024209029505865623
text_text_ln_lrh0.001_frozen_e5_s43,2445,4,0.78152,3.5553,0.0,0.00024173480270174192
text_text_ln_lrh0.001_frozen_e5_s43,2446,4,1.04915,2.7813,0.0,0.0002413793103448276
text_text_ln_lrh0.001_frozen_e5_s43,2447,4,1.06598,3.332,0.0,0.00024102381798791326
text_text_ln_lrh0.001_frozen_e5_s43,2448,4,1.33209,2.9458,0.0,0.00024066832563099895
text_text_ln_lrh0.001_frozen_e5_s43,2449,4,1.32638,2.3883,0.0,0.00024031283327408462
text_text_ln_lrh0.001_frozen_e5_s43,2450,4,0.90016,2.7143,0.0,0.0002399573409171703
text_text_ln_lrh0.001_frozen_e5_s43,2451,4,0.98224,4.8058,0.0,0.00023960184856025595
text_text_ln_lrh0.001_frozen_e5_s43,2452,4,1.06164,1.918,0.0,0.00023924635620334162
text_text_ln_lrh0.001_frozen_e5_s43,2453,4,1.35409,3.1024,0.0,0.0002388908638464273
text_text_ln_lrh0.001_frozen_e5_s43,2454,4,1.27021,2.9476,0.0,0.00023853537148951299
text_text_ln_lrh0.001_frozen_e5_s43,2455,4,0.96763,2.9684,0.0,0.00023817987913259865
text_text_ln_lrh0.001_frozen_e5_s43,2456,4,1.37827,3.1757,0.0,0.00023782438677568432
text_text_ln_lrh0.001_frozen_e5_s43,2457,4,1.35666,3.3906,0.0,0.00023746889441877002
text_text_ln_lrh0.001_frozen_e5_s43,2458,4,1.23359,3.969,0.0,0.00023711340206185566
text_text_ln_lrh0.001_frozen_e5_s43,2459,4,1.46237,3.1052,0.0,0.00023675790970494135
text_text_ln_lrh0.001_frozen_e5_s43,2460,4,0.98584,1.6597,0.0,0.00023640241734802705
text_text_ln_lrh0.001_frozen_e5_s43,2461,4,1.58598,5.5739,0.0,0.00023604692499111269
text_text_ln_lrh0.001_frozen_e5_s43,2462,4,1.07984,2.5712,0.0,0.00023569143263419838
text_text_ln_lrh0.001_frozen_e5_s43,2463,4,1.46218,2.9632,0.0,0.00023533594027728405
text_text_ln_lrh0.001_frozen_e5_s43,2464,4,0.86363,2.2195,0.0,0.00023498044792036972
text_text_ln_lrh0.001_frozen_e5_s43,2465,4,1.35165,2.9129,0.0,0.00023462495556345538
text_text_ln_lrh0.001_frozen_e5_s43,2466,4,1.40347,2.715,0.0,0.00023426946320654108
text_text_ln_lrh0.001_frozen_e5_s43,2467,4,1.15027,2.7854,0.0,0.00023391397084962675
text_text_ln_lrh0.001_frozen_e5_s43,2468,4,1.03454,2.2861,0.0,0.00023355847849271241
text_text_ln_lrh0.001_frozen_e5_s43,2469,4,0.86092,2.2916,0.0,0.00023320298613579808
text_text_ln_lrh0.001_frozen_e5_s43,2470,4,1.07782,2.8808,0.0,0.00023284749377888375
text_text_ln_lrh0.001_frozen_e5_s43,2471,4,0.98914,2.4193,0.0,0.00023249200142196944
text_text_ln_lrh0.001_frozen_e5_s43,2472,4,0.97806,3.1465,0.0,0.00023213650906505509
text_text_ln_lrh0.001_frozen_e5_s43,2473,4,1.18892,2.3488,0.0,0.00023178101670814078
text_text_ln_lrh0.001_frozen_e5_s43,2474,4,0.59541,1.8465,0.0,0.00023142552435122647
text_text_ln_lrh0.001_frozen_e5_s43,2475,4,1.04682,2.3991,0.0,0.00023107003199431212
text_text_ln_lrh0.001_frozen_e5_s43,2476,4,0.71331,2.0249,0.0,0.0002307145396373978
text_text_ln_lrh0.001_frozen_e5_s43,2477,4,1.11295,1.7094,0.0,0.00023035904728048348
text_text_ln_lrh0.001_frozen_e5_s43,2478,4,1.38526,2.0471,0.0,0.00023000355492356915
text_text_ln_lrh0.001_frozen_e5_s43,2479,4,1.27988,3.4843,0.0,0.0002296480625666548
text_text_ln_lrh0.001_frozen_e5_s43,2480,4,0.89427,1.7742,0.0,0.0002292925702097405
text_text_ln_lrh0.001_frozen_e5_s43,2481,4,1.21779,2.7366,0.0,0.00022893707785282618
text_text_ln_lrh0.001_frozen_e5_s43,2482,4,0.90212,3.133,0.0,0.00022858158549591184
text_text_ln_lrh0.001_frozen_e5_s43,2483,4,1.02378,2.6001,0.0,0.0002282260931389975
text_text_ln_lrh0.001_frozen_e5_s43,2484,4,1.2865,1.908,0.0,0.00022787060078208318
text_text_ln_lrh0.001_frozen_e5_s43,2485,4,1.25548,2.0681,0.0,0.00022751510842516887
text_text_ln_lrh0.001_frozen_e5_s43,2486,4,1.10384,2.8686,0.0,0.00022715961606825451
text_text_ln_lrh0.001_frozen_e5_s43,2487,4,1.26554,1.801,0.0,0.0002268041237113402
text_text_ln_lrh0.001_frozen_e5_s43,2488,4,1.4948,2.3303,0.0,0.0002264486313544259
text_text_ln_lrh0.001_frozen_e5_s43,2489,4,1.49296,3.5822,0.0,0.00022609313899751154
text_text_ln_lrh0.001_frozen_e5_s43,2490,4,1.4809,2.2198,0.0,0.00022573764664059724
text_text_ln_lrh0.001_frozen_e5_s43,2491,4,1.45878,2.4219,0.0,0.0002253821542836829
text_text_ln_lrh0.001_frozen_e5_s43,2492,4,1.04591,4.0306,0.0,0.00022502666192676857
text_text_ln_lrh0.001_frozen_e5_s43,2493,4,1.30682,2.1247,0.0,0.00022467116956985424
text_text_ln_lrh0.001_frozen_e5_s43,2494,4,1.38612,3.2502,0.0,0.00022431567721293994
text_text_ln_lrh0.001_frozen_e5_s43,2495,4,0.9135,1.5839,0.0,0.0002239601848560256
text_text_ln_lrh0.001_frozen_e5_s43,2496,4,1.27237,2.8493,0.0,0.00022360469249911127
text_text_ln_lrh0.001_frozen_e5_s43,2497,4,1.03836,2.0828,0.0,0.00022324920014219694
text_text_ln_lrh0.001_frozen_e5_s43,2498,4,1.43501,3.018,0.0,0.0002228937077852826
text_text_ln_lrh0.001_frozen_e5_s43,2499,4,0.74126,1.6486,0.0,0.0002225382154283683
text_text_ln_lrh0.001_frozen_e5_s43,2500,4,2.19653,7.5437,0.0,0.00022218272307145394
text_text_ln_lrh0.001_frozen_e5_s43,2501,5,1.21403,2.887,0.0,0.00022182723071453964
text_text_ln_lrh0.001_frozen_e5_s43,2502,5,1.18312,3.0945,0.0,0.00022147173835762533
text_text_ln_lrh0.001_frozen_e5_s43,2503,5,0.98012,3.5525,0.0,0.00022111624600071097
text_text_ln_lrh0.001_frozen_e5_s43,2504,5,0.98676,2.0602,0.0,0.00022076075364379667
text_text_ln_lrh0.001_frozen_e5_s43,2505,5,1.07348,1.9965,0.0,0.00022040526128688234
text_text_ln_lrh0.001_frozen_e5_s43,2506,5,1.01979,2.6145,0.0,0.000220049768929968
text_text_ln_lrh0.001_frozen_e5_s43,2507,5,1.39437,3.2836,0.0,0.0002196942765730537
text_text_ln_lrh0.001_frozen_e5_s43,2508,5,1.42934,3.1296,0.0,0.00021933878421613937
text_text_ln_lrh0.001_frozen_e5_s43,2509,5,0.66885,3.425,0.0,0.00021898329185922503
text_text_ln_lrh0.001_frozen_e5_s43,2510,5,1.16443,3.6619,0.0,0.0002186277995023107
text_text_ln_lrh0.001_frozen_e5_s43,2511,5,1.0745,2.275,0.0,0.00021827230714539637
text_text_ln_lrh0.001_frozen_e5_s43,2512,5,1.10953,2.9304,0.0,0.00021791681478848204
text_text_ln_lrh0.001_frozen_e5_s43,2513,5,1.64958,5.3375,0.0,0.00021756132243156773
text_text_ln_lrh0.001_frozen_e5_s43,2514,5,1.25058,3.7922,0.0,0.0002172058300746534
text_text_ln_lrh0.001_frozen_e5_s43,2515,5,1.50762,3.4893,0.0,0.00021685033771773907
text_text_ln_lrh0.001_frozen_e5_s43,2516,5,1.29474,3.091,0.0,0.00021649484536082476
text_text_ln_lrh0.001_frozen_e5_s43,2517,5,0.84726,3.501,0.0,0.0002161393530039104
text_text_ln_lrh0.001_frozen_e5_s43,2518,5,1.48509,3.1469,0.0,0.0002157838606469961
text_text_ln_lrh0.001_frozen_e5_s43,2519,5,1.01351,2.4751,0.0,0.00021542836829008177
text_text_ln_lrh0.001_frozen_e5_s43,2520,5,0.91063,1.9919,0.0,0.00021507287593316743
text_text_ln_lrh0.001_frozen_e5_s43,2521,5,1.00489,2.1872,0.0,0.00021471738357625313
text_text_ln_lrh0.001_frozen_e5_s43,2522,5,1.31709,2.377,0.0,0.0002143618912193388
text_text_ln_lrh0.001_frozen_e5_s43,2523,5,1.14582,2.2419,0.0,0.00021400639886242446
text_text_ln_lrh0.001_frozen_e5_s43,2524,5,1.14983,2.4231,0.0,0.00021365090650551013
text_text_ln_lrh0.001_frozen_e5_s43,2525,5,1.61293,3.6063,0.0,0.00021329541414859583
text_text_ln_lrh0.001_frozen_e5_s43,2526,5,1.28227,3.4378,0.0,0.00021293992179168147
text_text_ln_lrh0.001_frozen_e5_s43,2527,5,1.09942,1.9777,0.0,0.00021258442943476716
text_text_ln_lrh0.001_frozen_e5_s43,2528,5,1.0997,3.097,0.0,0.00021222893707785283
text_text_ln_lrh0.001_frozen_e5_s43,2529,5,1.1451,1.9163,0.0,0.0002118734447209385
text_text_ln_lrh0.001_frozen_e5_s43,2530,5,1.22439,3.5879,0.0,0.0002115179523640242
text_text_ln_lrh0.001_frozen_e5_s43,2531,5,1.47964,3.8606,0.0,0.00021116246000710983
text_text_ln_lrh0.001_frozen_e5_s43,2532,5,0.93159,2.0878,0.0,0.00021080696765019553
text_text_ln_lrh0.001_frozen_e5_s43,2533,5,1.05997,2.2416,0.0,0.0002104514752932812
text_text_ln_lrh0.001_frozen_e5_s43,2534,5,1.16553,3.2119,0.0,0.00021009598293636686
text_text_ln_lrh0.001_frozen_e5_s43,2535,5,1.40683,2.2314,0.0,0.00020974049057945256
text_text_ln_lrh0.001_frozen_e5_s43,2536,5,0.67509,2.7071,0.0,0.00020938499822253822
text_text_ln_lrh0.001_frozen_e5_s43,2537,5,0.87506,2.9239,0.0,0.0002090295058656239
text_text_ln_lrh0.001_frozen_e5_s43,2538,5,1.03887,3.3132,0.0,0.00020867401350870956
text_text_ln_lrh0.001_frozen_e5_s43,2539,5,1.56942,4.2745,0.0,0.00020831852115179526
text_text_ln_lrh0.001_frozen_e5_s43,2540,5,1.17548,2.646,0.0,0.00020796302879488092
text_text_ln_lrh0.001_frozen_e5_s43,2541,5,1.58599,4.2746,0.0,0.0002076075364379666
text_text_ln_lrh0.001_frozen_e5_s43,2542,5,1.26136,3.2705,0.0,0.00020725204408105226
text_text_ln_lrh0.001_frozen_e5_s43,2543,5,1.15821,2.168,0.0,0.00020689655172413793
text_text_ln_lrh0.001_frozen_e5_s43,2544,5,1.09316,2.9067,0.0,0.00020654105936722362
text_text_ln_lrh0.001_frozen_e5_s43,2545,5,1.11987,1.9776,0.0,0.00020618556701030926
text_text_ln_lrh0.001_frozen_e5_s43,2546,5,0.73756,2.6987,0.0,0.00020583007465339496
text_text_ln_lrh0.001_frozen_e5_s43,2547,5,0.90507,2.2301,0.0,0.00020547458229648065
text_text_ln_lrh0.001_frozen_e5_s43,2548,5,1.11959,2.8471,0.0,0.0002051190899395663
text_text_ln_lrh0.001_frozen_e5_s43,2549,5,0.82989,2.8886,0.0,0.00020476359758265199
text_text_ln_lrh0.001_frozen_e5_s43,2550,5,1.23302,2.1132,0.0,0.00020440810522573765
text_text_ln_lrh0.001_frozen_e5_s43,2551,5,1.09226,3.022,0.0,0.00020405261286882332
text_text_ln_lrh0.001_frozen_e5_s43,2552,5,1.0445,3.7054,0.0,0.000203697120511909
text_text_ln_lrh0.001_frozen_e5_s43,2553,5,1.17999,2.5191,0.0,0.00020334162815499468
text_text_ln_lrh0.001_frozen_e5_s43,2554,5,0.87898,3.0312,0.0,0.00020298613579808035
text_text_ln_lrh0.001_frozen_e5_s43,2555,5,1.32695,3.5642,0.0,0.00020263064344116602
text_text_ln_lrh0.001_frozen_e5_s43,2556,5,1.6478,2.081,0.0,0.0002022751510842517
text_text_ln_lrh0.001_frozen_e5_s43,2557,5,1.23368,2.9405,0.0,0.00020191965872733736
text_text_ln_lrh0.001_frozen_e5_s43,2558,5,0.74584,2.3034,0.0,0.00020156416637042305
text_text_ln_lrh0.001_frozen_e5_s43,2559,5,1.38845,3.4285,0.0,0.0002012086740135087
text_text_ln_lrh0.001_frozen_e5_s43,2560,5,0.98822,2.5066,0.0,0.00020085318165659439
text_text_ln_lrh0.001_frozen_e5_s43,2561,5,1.02642,2.2945,0.0,0.00020049768929968008
text_text_ln_lrh0.001_frozen_e5_s43,2562,5,0.66657,2.6037,0.0,0.00020014219694276572
text_text_ln_lrh0.001_frozen_e5_s43,2563,5,1.05403,2.2134,0.0,0.00019978670458585142
text_text_ln_lrh0.001_frozen_e5_s43,2564,5,1.52562,4.288,0.0,0.00019943121222893708
text_text_ln_lrh0.001_frozen_e5_s43,2565,5,1.00641,3.226,0.0,0.00019907571987202275
text_text_ln_lrh0.001_frozen_e5_s43,2566,5,1.28653,2.4057,0.0,0.00019872022751510842
text_text_ln_lrh0.001_frozen_e5_s43,2567,5,0.8214,3.2445,0.0,0.00019836473515819411
text_text_ln_lrh0.001_frozen_e5_s43,2568,5,1.40045,2.6373,0.0,0.00019800924280127978
text_text_ln_lrh0.001_frozen_e5_s43,2569,5,1.18603,3.9424,0.0,0.00019765375044436545
text_text_ln_lrh0.001_frozen_e5_s43,2570,5,1.55804,2.4199,0.0,0.00019729825808745112
text_text_ln_lrh0.001_frozen_e5_s43,2571,5,1.26153,2.3906,0.0,0.00019694276573053678
text_text_ln_lrh0.001_frozen_e5_s43,2572,5,1.23959,3.9158,0.0,0.00019658727337362248
text_text_ln_lrh0.001_frozen_e5_s43,2573,5,1.01694,3.3934,0.0,0.00019623178101670812
text_text_ln_lrh0.001_frozen_e5_s43,2574,5,0.7952,1.7154,0.0,0.00019587628865979381
text_text_ln_lrh0.001_frozen_e5_s43,2575,5,1.10483,3.0412,0.0,0.0001955207963028795
text_text_ln_lrh0.001_frozen_e5_s43,2576,5,1.23024,2.2945,0.0,0.00019516530394596515
text_text_ln_lrh0.001_frozen_e5_s43,2577,5,0.76217,1.955,0.0,0.00019480981158905084
text_text_ln_lrh0.001_frozen_e5_s43,2578,5,0.66159,1.2592,0.0,0.0001944543192321365
text_text_ln_lrh0.001_frozen_e5_s43,2579,5,1.04306,4.6238,0.0,0.00019409882687522218
text_text_ln_lrh0.001_frozen_e5_s43,2580,5,1.32077,3.3131,0.0,0.00019374333451830788
text_text_ln_lrh0.001_frozen_e5_s43,2581,5,0.88546,2.4013,0.0,0.00019338784216139354
text_text_ln_lrh0.001_frozen_e5_s43,2582,5,1.42367,4.7018,0.0,0.0001930323498044792
text_text_ln_lrh0.001_frozen_e5_s43,2583,5,1.07848,3.8999,0.0,0.00019267685744756488
text_text_ln_lrh0.001_frozen_e5_s43,2584,5,1.29036,3.0652,0.0,0.00019232136509065057
text_text_ln_lrh0.001_frozen_e5_s43,2585,5,0.98424,2.5429,0.0,0.00019196587273373621
text_text_ln_lrh0.001_frozen_e5_s43,2586,5,1.35885,5.491,0.0,0.0001916103803768219
text_text_ln_lrh0.001_frozen_e5_s43,2587,5,1.01602,2.3184,0.0,0.00019125488801990758
text_text_ln_lrh0.001_frozen_e5_s43,2588,5,0.83833,2.4246,0.0,0.00019089939566299324
text_text_ln_lrh0.001_frozen_e5_s43,2589,5,1.70522,5.52,0.0,0.00019054390330607894
text_text_ln_lrh0.001_frozen_e5_s43,2590,5,1.15369,4.0675,0.0,0.00019018841094916458
text_text_ln_lrh0.001_frozen_e5_s43,2591,5,1.17545,2.8488,0.0,0.00018983291859225027
text_text_ln_lrh0.001_frozen_e5_s43,2592,5,1.36944,1.9531,0.0,0.00018947742623533594
text_text_ln_lrh0.001_frozen_e5_s43,2593,5,1.09875,2.6167,0.0,0.0001891219338784216
text_text_ln_lrh0.001_frozen_e5_s43,2594,5,1.36144,4.0117,0.0,0.0001887664415215073
text_text_ln_lrh0.001_frozen_e5_s43,2595,5,0.96461,2.3472,0.0,0.00018841094916459297
text_text_ln_lrh0.001_frozen_e5_s43,2596,5,0.84596,3.0468,0.0,0.00018805545680767864
text_text_ln_lrh0.001_frozen_e5_s43,2597,5,1.61234,2.6176,0.0,0.0001876999644507643
text_text_ln_lrh0.001_frozen_e5_s43,2598,5,0.68372,4.0356,0.0,0.00018734447209385
text_text_ln_lrh0.001_frozen_e5_s43,2599,5,1.08238,3.3111,0.0,0.00018698897973693564
text_text_ln_lrh0.001_frozen_e5_s43,2600,5,1.33197,2.173,0.0,0.00018663348738002134
text_text_ln_lrh0.001_frozen_e5_s43,2601,5,1.33494,3.9809,0.0,0.000186277995023107
text_text_ln_lrh0.001_frozen_e5_s43,2602,5,1.1134,2.8069,0.0,0.00018592250266619267
text_text_ln_lrh0.001_frozen_e5_s43,2603,5,1.13492,3.5732,0.0,0.00018556701030927837
text_text_ln_lrh0.001_frozen_e5_s43,2604,5,0.87228,2.1724,0.0,0.000185211517952364
text_text_ln_lrh0.001_frozen_e5_s43,2605,5,1.04958,3.3648,0.0,0.0001848560255954497
text_text_ln_lrh0.001_frozen_e5_s43,2606,5,0.62571,4.2755,0.0,0.00018450053323853537
text_text_ln_lrh0.001_frozen_e5_s43,2607,5,1.0341,3.0271,0.0,0.00018414504088162104
text_text_ln_lrh0.001_frozen_e5_s43,2608,5,1.02833,3.8164,0.0,0.00018378954852470673
text_text_ln_lrh0.001_frozen_e5_s43,2609,5,1.062,2.0746,0.0,0.0001834340561677924
text_text_ln_lrh0.001_frozen_e5_s43,2610,5,0.86231,2.696,0.0,0.00018307856381087807
text_text_ln_lrh0.001_frozen_e5_s43,2611,5,1.22104,3.4981,0.0,0.00018272307145396374
text_text_ln_lrh0.001_frozen_e5_s43,2612,5,1.9331,6.5516,0.0,0.00018236757909704943
text_text_ln_lrh0.001_frozen_e5_s43,2613,5,1.26313,3.6968,0.0,0.00018201208674013507
text_text_ln_lrh0.001_frozen_e5_s43,2614,5,0.59391,2.9315,0.0,0.00018165659438322077
text_text_ln_lrh0.001_frozen_e5_s43,2615,5,1.14729,2.5633,0.0,0.00018130110202630643
text_text_ln_lrh0.001_frozen_e5_s43,2616,5,1.47128,3.9934,0.0,0.0001809456096693921
text_text_ln_lrh0.001_frozen_e5_s43,2617,5,1.04168,2.403,0.0,0.0001805901173124778
text_text_ln_lrh0.001_frozen_e5_s43,2618,5,1.05374,2.0131,0.0,0.00018023462495556344
text_text_ln_lrh0.001_frozen_e5_s43,2619,5,1.13024,3.203,0.0,0.00017987913259864913
text_text_ln_lrh0.001_frozen_e5_s43,2620,5,1.05626,3.2055,0.0,0.00017952364024173483
text_text_ln_lrh0.001_frozen_e5_s43,2621,5,0.70277,2.1115,0.0,0.00017916814788482047
text_text_ln_lrh0.001_frozen_e5_s43,2622,5,1.41435,4.0991,0.0,0.00017881265552790616
text_text_ln_lrh0.001_frozen_e5_s43,2623,5,0.9233,3.1059,0.0,0.00017845716317099183
text_text_ln_lrh0.001_frozen_e5_s43,2624,5,0.91398,2.7381,0.0,0.0001781016708140775
text_text_ln_lrh0.001_frozen_e5_s43,2625,5,0.87864,2.5067,0.0,0.00017774617845716317
text_text_ln_lrh0.001_frozen_e5_s43,2626,5,1.3414,2.779,0.0,0.00017739068610024886
text_text_ln_lrh0.001_frozen_e5_s43,2627,5,0.87656,4.9077,0.0,0.00017703519374333453
text_text_ln_lrh0.001_frozen_e5_s43,2628,5,0.8984,1.835,0.0,0.0001766797013864202
text_text_ln_lrh0.001_frozen_e5_s43,2629,5,0.84198,2.7971,0.0,0.0001763242090295059
text_text_ln_lrh0.001_frozen_e5_s43,2630,5,1.12892,2.7044,0.0,0.00017596871667259153
text_text_ln_lrh0.001_frozen_e5_s43,2631,5,1.25212,2.9851,0.0,0.00017561322431567723
text_text_ln_lrh0.001_frozen_e5_s43,2632,5,1.32516,2.4003,0.0,0.00017525773195876287
text_text_ln_lrh0.001_frozen_e5_s43,2633,5,0.89094,2.7562,0.0,0.00017490223960184856
text_text_ln_lrh0.001_frozen_e5_s43,2634,5,0.97162,1.5254,0.0,0.00017454674724493426
text_text_ln_lrh0.001_frozen_e5_s43,2635,5,1.49673,3.2372,0.0,0.0001741912548880199
text_text_ln_lrh0.001_frozen_e5_s43,2636,5,1.09526,2.73,0.0,0.0001738357625311056
text_text_ln_lrh0.001_frozen_e5_s43,2637,5,0.72425,2.3099,0.0,0.00017348027017419126
text_text_ln_lrh0.001_frozen_e5_s43,2638,5,1.11424,2.2502,0.0,0.00017312477781727693
text_text_ln_lrh0.001_frozen_e5_s43,2639,5,1.52939,3.2309,0.0,0.0001727692854603626
text_text_ln_lrh0.001_frozen_e5_s43,2640,5,1.58605,2.5998,0.0,0.0001724137931034483
text_text_ln_lrh0.001_frozen_e5_s43,2641,5,0.56529,3.486,0.0,0.00017205830074653396
text_text_ln_lrh0.001_frozen_e5_s43,2642,5,0.95172,3.3025,0.0,0.00017170280838961963
text_text_ln_lrh0.001_frozen_e5_s43,2643,5,1.29245,2.2298,0.0,0.00017134731603270532
text_text_ln_lrh0.001_frozen_e5_s43,2644,5,0.54441,3.2689,0.0,0.00017099182367579096
text_text_ln_lrh0.001_frozen_e5_s43,2645,5,0.76703,3.7076,0.0,0.00017063633131887666
text_text_ln_lrh0.001_frozen_e5_s43,2646,5,1.14629,2.5578,0.0,0.0001702808389619623
text_text_ln_lrh0.001_frozen_e5_s43,2647,5,0.75625,2.1165,0.0,0.000169925346605048
text_text_ln_lrh0.001_frozen_e5_s43,2648,5,0.9154,2.0936,0.0,0.00016956985424813369
text_text_ln_lrh0.001_frozen_e5_s43,2649,5,1.08372,2.3765,0.0,0.00016921436189121933
text_text_ln_lrh0.001_frozen_e5_s43,2650,5,0.92109,2.1034,0.0,0.00016885886953430502
text_text_ln_lrh0.001_frozen_e5_s43,2651,5,1.35057,2.897,0.0,0.0001685033771773907
text_text_ln_lrh0.001_frozen_e5_s43,2652,5,0.82574,2.752,0.0,0.00016814788482047636
text_text_ln_lrh0.001_frozen_e5_s43,2653,5,1.06757,2.2324,0.0,0.00016779239246356205
text_text_ln_lrh0.001_frozen_e5_s43,2654,5,0.92128,2.7074,0.0,0.00016743690010664772
text_text_ln_lrh0.001_frozen_e5_s43,2655,5,0.51362,2.9187,0.0,0.0001670814077497334
text_text_ln_lrh0.001_frozen_e5_s43,2656,5,0.76826,2.5259,0.0,0.00016672591539281905
text_text_ln_lrh0.001_frozen_e5_s43,2657,5,1.52376,5.5082,0.0,0.00016637042303590475
text_text_ln_lrh0.001_frozen_e5_s43,2658,5,0.82095,2.5873,0.0,0.0001660149306789904
text_text_ln_lrh0.001_frozen_e5_s43,2659,5,1.08216,3.0472,0.0,0.00016565943832207608
text_text_ln_lrh0.001_frozen_e5_s43,2660,5,1.08351,4.5431,0.0,0.00016530394596516175
text_text_ln_lrh0.001_frozen_e5_s43,2661,5,0.99091,4.3402,0.0,0.00016494845360824742
text_text_ln_lrh0.001_frozen_e5_s43,2662,5,1.00622,2.1196,0.0,0.00016459296125133311
text_text_ln_lrh0.001_frozen_e5_s43,2663,5,1.55813,4.2472,0.0,0.00016423746889441876
text_text_ln_lrh0.001_frozen_e5_s43,2664,5,1.23755,3.3404,0.0,0.00016388197653750445
text_text_ln_lrh0.001_frozen_e5_s43,2665,5,0.94119,2.7881,0.0,0.00016352648418059012
text_text_ln_lrh0.001_frozen_e5_s43,2666,5,0.89781,1.9841,0.0,0.00016317099182367579
text_text_ln_lrh0.001_frozen_e5_s43,2667,5,1.67118,4.8541,0.0,0.00016281549946676148
text_text_ln_lrh0.001_frozen_e5_s43,2668,5,1.02465,2.0875,0.0,0.00016246000710984715
text_text_ln_lrh0.001_frozen_e5_s43,2669,5,1.14672,2.1889,0.0,0.00016210451475293282
text_text_ln_lrh0.001_frozen_e5_s43,2670,5,0.87493,2.5797,0.0,0.00016174902239601848
text_text_ln_lrh0.001_frozen_e5_s43,2671,5,1.38389,2.977,0.0,0.00016139353003910418
text_text_ln_lrh0.001_frozen_e5_s43,2672,5,1.47666,5.149,0.0,0.00016103803768218982
text_text_ln_lrh0.001_frozen_e5_s43,2673,5,0.79032,3.1621,0.0,0.00016068254532527551
text_text_ln_lrh0.001_frozen_e5_s43,2674,5,0.87287,2.8951,0.0,0.00016032705296836118
text_text_ln_lrh0.001_frozen_e5_s43,2675,5,1.23995,4.0396,0.0,0.00015997156061144685
text_text_ln_lrh0.001_frozen_e5_s43,2676,5,1.29847,3.311,0.0,0.00015961606825453254
text_text_ln_lrh0.001_frozen_e5_s43,2677,5,1.37767,2.9496,0.0,0.00015926057589761818
text_text_ln_lrh0.001_frozen_e5_s43,2678,5,1.15812,1.854,0.0,0.00015890508354070388
text_text_ln_lrh0.001_frozen_e5_s43,2679,5,1.84953,4.1578,0.0,0.00015854959118378955
text_text_ln_lrh0.001_frozen_e5_s43,2680,5,1.33104,4.0116,0.0,0.00015819409882687521
text_text_ln_lrh0.001_frozen_e5_s43,2681,5,1.33781,2.4214,0.0,0.0001578386064699609
text_text_ln_lrh0.001_frozen_e5_s43,2682,5,0.84698,1.9586,0.0,0.00015748311411304658
text_text_ln_lrh0.001_frozen_e5_s43,2683,5,0.97005,4.3927,0.0,0.00015712762175613225
text_text_ln_lrh0.001_frozen_e5_s43,2684,5,1.43281,3.8726,0.0,0.0001567721293992179
text_text_ln_lrh0.001_frozen_e5_s43,2685,5,1.12842,1.7082,0.0,0.0001564166370423036
text_text_ln_lrh0.001_frozen_e5_s43,2686,5,1.07134,1.5392,0.0,0.00015606114468538925
text_text_ln_lrh0.001_frozen_e5_s43,2687,5,0.97544,2.9405,0.0,0.00015570565232847494
text_text_ln_lrh0.001_frozen_e5_s43,2688,5,0.95408,3.3155,0.0,0.00015535015997156064
text_text_ln_lrh0.001_frozen_e5_s43,2689,5,0.91192,1.8579,0.0,0.00015499466761464628
text_text_ln_lrh0.001_frozen_e5_s43,2690,5,0.93383,2.9742,0.0,0.00015463917525773197
text_text_ln_lrh0.001_frozen_e5_s43,2691,5,0.92233,2.8352,0.0,0.00015428368290081761
text_text_ln_lrh0.001_frozen_e5_s43,2692,5,1.08028,1.908,0.0,0.0001539281905439033
text_text_ln_lrh0.001_frozen_e5_s43,2693,5,1.08086,2.224,0.0,0.000153572698186989
text_text_ln_lrh0.001_frozen_e5_s43,2694,5,1.33063,2.8826,0.0,0.00015321720583007464
text_text_ln_lrh0.001_frozen_e5_s43,2695,5,1.08118,2.4298,0.0,0.00015286171347316034
text_text_ln_lrh0.001_frozen_e5_s43,2696,5,0.79649,2.1665,0.0,0.000152506221116246
text_text_ln_lrh0.001_frozen_e5_s43,2697,5,1.09391,2.8628,0.0,0.00015215072875933167
text_text_ln_lrh0.001_frozen_e5_s43,2698,5,1.42221,3.3546,0.0,0.00015179523640241734
text_text_ln_lrh0.001_frozen_e5_s43,2699,5,1.39161,2.9848,0.0,0.00015143974404550304
text_text_ln_lrh0.001_frozen_e5_s43,2700,5,1.19796,2.1015,0.0,0.0001510842516885887
text_text_ln_lrh0.001_frozen_e5_s43,2701,5,1.5613,4.8707,0.0,0.00015072875933167437
text_text_ln_lrh0.001_frozen_e5_s43,2702,5,0.86303,2.2818,0.0,0.00015037326697476007
text_text_ln_lrh0.001_frozen_e5_s43,2703,5,0.79749,2.0743,0.0,0.0001500177746178457
text_text_ln_lrh0.001_frozen_e5_s43,2704,5,0.86092,3.3773,0.0,0.0001496622822609314
text_text_ln_lrh0.001_frozen_e5_s43,2705,5,0.85495,2.3433,0.0,0.00014930678990401704
text_text_ln_lrh0.001_frozen_e5_s43,2706,5,0.80244,2.1476,0.0,0.00014895129754710274
text_text_ln_lrh0.001_frozen_e5_s43,2707,5,1.13077,3.8406,0.0,0.00014859580519018843
text_text_ln_lrh0.001_frozen_e5_s43,2708,5,1.1709,2.1146,0.0,0.00014824031283327407
text_text_ln_lrh0.001_frozen_e5_s43,2709,5,1.06882,2.6514,0.0,0.00014788482047635977
text_text_ln_lrh0.001_frozen_e5_s43,2710,5,1.23012,2.4371,0.0,0.00014752932811944544
text_text_ln_lrh0.001_frozen_e5_s43,2711,5,0.60174,1.5332,0.0,0.0001471738357625311
text_text_ln_lrh0.001_frozen_e5_s43,2712,5,0.87405,2.483,0.0,0.00014681834340561677
text_text_ln_lrh0.001_frozen_e5_s43,2713,5,1.28466,3.3057,0.0,0.00014646285104870247
text_text_ln_lrh0.001_frozen_e5_s43,2714,5,1.02013,3.564,0.0,0.00014610735869178813
text_text_ln_lrh0.001_frozen_e5_s43,2715,5,1.48002,4.173,0.0,0.0001457518663348738
text_text_ln_lrh0.001_frozen_e5_s43,2716,5,0.68015,1.6521,0.0,0.0001453963739779595
text_text_ln_lrh0.001_frozen_e5_s43,2717,5,1.54999,4.5461,0.0,0.00014504088162104514
text_text_ln_lrh0.001_frozen_e5_s43,2718,5,0.59832,2.9109,0.0,0.00014468538926413083
text_text_ln_lrh0.001_frozen_e5_s43,2719,5,1.19537,2.8948,0.0,0.00014432989690721647
text_text_ln_lrh0.001_frozen_e5_s43,2720,5,1.08435,3.7955,0.0,0.00014397440455030217
text_text_ln_lrh0.001_frozen_e5_s43,2721,5,1.1609,2.3423,0.0,0.00014361891219338786
text_text_ln_lrh0.001_frozen_e5_s43,2722,5,1.20144,2.2629,0.0,0.0001432634198364735
text_text_ln_lrh0.001_frozen_e5_s43,2723,5,1.08839,4.5477,0.0,0.0001429079274795592
text_text_ln_lrh0.001_frozen_e5_s43,2724,5,0.86324,1.8771,0.0,0.00014255243512264486
text_text_ln_lrh0.001_frozen_e5_s43,2725,5,1.36372,3.9214,0.0,0.00014219694276573053
text_text_ln_lrh0.001_frozen_e5_s43,2726,5,0.85353,2.6643,0.0,0.00014184145040881623
text_text_ln_lrh0.001_frozen_e5_s43,2727,5,1.17524,4.2549,0.0,0.0001414859580519019
text_text_ln_lrh0.001_frozen_e5_s43,2728,5,1.4278,2.4727,0.0,0.00014113046569498756
text_text_ln_lrh0.001_frozen_e5_s43,2729,5,1.35469,3.3388,0.0,0.00014077497333807323
text_text_ln_lrh0.001_frozen_e5_s43,2730,5,1.07416,3.043,0.0,0.00014041948098115893
text_text_ln_lrh0.001_frozen_e5_s43,2731,5,1.26401,2.6874,0.0,0.00014006398862424457
text_text_ln_lrh0.001_frozen_e5_s43,2732,5,1.39255,2.7361,0.0,0.00013970849626733026
text_text_ln_lrh0.001_frozen_e5_s43,2733,5,1.11597,2.9154,0.0,0.00013935300391041593
text_text_ln_lrh0.001_frozen_e5_s43,2734,5,1.03882,1.781,0.0,0.0001389975115535016
text_text_ln_lrh0.001_frozen_e5_s43,2735,5,0.77745,3.0074,0.0,0.0001386420191965873
text_text_ln_lrh0.001_frozen_e5_s43,2736,5,0.96338,2.5324,0.0,0.00013828652683967293
text_text_ln_lrh0.001_frozen_e5_s43,2737,5,0.9925,1.8465,0.0,0.00013793103448275863
text_text_ln_lrh0.001_frozen_e5_s43,2738,5,1.13951,2.2628,0.0,0.0001375755421258443
text_text_ln_lrh0.001_frozen_e5_s43,2739,5,1.03775,3.3419,0.0,0.00013722004976892996
text_text_ln_lrh0.001_frozen_e5_s43,2740,5,1.05365,3.5487,0.0,0.00013686455741201566
text_text_ln_lrh0.001_frozen_e5_s43,2741,5,1.10559,2.2471,0.0,0.00013650906505510132
text_text_ln_lrh0.001_frozen_e5_s43,2742,5,0.90335,2.5361,0.0,0.000136153572698187
text_text_ln_lrh0.001_frozen_e5_s43,2743,5,1.03478,2.2418,0.0,0.00013579808034127266
text_text_ln_lrh0.001_frozen_e5_s43,2744,5,0.61502,3.3459,0.0,0.00013544258798435835
text_text_ln_lrh0.001_frozen_e5_s43,2745,5,1.25141,2.7492,0.0,0.000135087095627444
text_text_ln_lrh0.001_frozen_e5_s43,2746,5,0.97084,3.0131,0.0,0.0001347316032705297
text_text_ln_lrh0.001_frozen_e5_s43,2747,5,1.3596,2.775,0.0,0.00013437611091361538
text_text_ln_lrh0.001_frozen_e5_s43,2748,5,0.92528,2.4659,0.0,0.00013402061855670103
text_text_ln_lrh0.001_frozen_e5_s43,2749,5,0.91128,2.859,0.0,0.00013366512619978672
text_text_ln_lrh0.001_frozen_e5_s43,2750,5,1.23632,3.6849,0.0,0.00013330963384287236
text_text_ln_lrh0.001_frozen_e5_s43,2751,5,1.19246,3.283,0.0,0.00013295414148595806
text_text_ln_lrh0.001_frozen_e5_s43,2752,5,0.71994,2.5959,0.0,0.00013259864912904372
text_text_ln_lrh0.001_frozen_e5_s43,2753,5,1.09896,2.3842,0.0,0.0001322431567721294
text_text_ln_lrh0.001_frozen_e5_s43,2754,5,0.91791,3.693,0.0,0.00013188766441521509
text_text_ln_lrh0.001_frozen_e5_s43,2755,5,1.27748,2.7066,0.0,0.00013153217205830075
text_text_ln_lrh0.001_frozen_e5_s43,2756,5,1.35745,4.1999,0.0,0.00013117667970138642
text_text_ln_lrh0.001_frozen_e5_s43,2757,5,1.04149,2.5254,0.0,0.0001308211873444721
text_text_ln_lrh0.001_frozen_e5_s43,2758,5,1.50519,2.5131,0.0,0.00013046569498755778
text_text_ln_lrh0.001_frozen_e5_s43,2759,5,0.7727,3.542,0.0,0.00013011020263064342
text_text_ln_lrh0.001_frozen_e5_s43,2760,5,1.29434,3.6411,0.0,0.00012975471027372912
text_text_ln_lrh0.001_frozen_e5_s43,2761,5,0.97591,2.224,0.0,0.00012939921791681481
text_text_ln_lrh0.001_frozen_e5_s43,2762,5,0.97726,2.9581,0.0,0.00012904372555990045
text_text_ln_lrh0.001_frozen_e5_s43,2763,5,0.86651,2.4136,0.0,0.00012868823320298615
text_text_ln_lrh0.001_frozen_e5_s43,2764,5,0.91818,3.1848,0.0,0.0001283327408460718
text_text_ln_lrh0.001_frozen_e5_s43,2765,5,1.12485,4.1303,0.0,0.00012797724848915748
text_text_ln_lrh0.001_frozen_e5_s43,2766,5,1.69764,3.7414,0.0,0.00012762175613224318
text_text_ln_lrh0.001_frozen_e5_s43,2767,5,0.83382,2.7042,0.0,0.00012726626377532882
text_text_ln_lrh0.001_frozen_e5_s43,2768,5,0.51221,2.0694,0.0,0.00012691077141841451
text_text_ln_lrh0.001_frozen_e5_s43,2769,5,1.74041,5.1765,0.0,0.00012655527906150018
text_text_ln_lrh0.001_frozen_e5_s43,2770,5,1.16979,3.528,0.0,0.00012619978670458585
text_text_ln_lrh0.001_frozen_e5_s43,2771,5,0.99732,2.3786,0.0,0.00012584429434767152
text_text_ln_lrh0.001_frozen_e5_s43,2772,5,1.26633,2.4931,0.0,0.0001254888019907572
text_text_ln_lrh0.001_frozen_e5_s43,2773,5,1.74492,2.937,0.0,0.00012513330963384288
text_text_ln_lrh0.001_frozen_e5_s43,2774,5,0.84305,1.8977,0.0,0.00012477781727692855
text_text_ln_lrh0.001_frozen_e5_s43,2775,5,0.91684,2.2481,0.0,0.00012442232492001422
text_text_ln_lrh0.001_frozen_e5_s43,2776,5,0.91428,1.9901,0.0,0.00012406683256309988
text_text_ln_lrh0.001_frozen_e5_s43,2777,5,0.6857,2.5504,0.0,0.00012371134020618558
text_text_ln_lrh0.001_frozen_e5_s43,2778,5,1.38201,3.0138,0.0,0.00012335584784927125
text_text_ln_lrh0.001_frozen_e5_s43,2779,5,0.86955,2.4463,0.0,0.00012300035549235691
text_text_ln_lrh0.001_frozen_e5_s43,2780,5,1.31665,6.5794,0.0,0.0001226448631354426
text_text_ln_lrh0.001_frozen_e5_s43,2781,5,1.06773,4.3417,0.0,0.00012228937077852828
text_text_ln_lrh0.001_frozen_e5_s43,2782,5,1.15513,1.8107,0.0,0.00012193387842161393
text_text_ln_lrh0.001_frozen_e5_s43,2783,5,1.439,4.3645,0.0,0.00012157838606469961
text_text_ln_lrh0.001_frozen_e5_s43,2784,5,0.88674,2.3788,0.0,0.00012122289370778529
text_text_ln_lrh0.001_frozen_e5_s43,2785,5,0.67992,4.1684,0.0,0.00012086740135087096
text_text_ln_lrh0.001_frozen_e5_s43,2786,5,0.77364,2.4392,0.0,0.00012051190899395663
text_text_ln_lrh0.001_frozen_e5_s43,2787,5,0.90637,3.8842,0.0,0.00012015641663704231
text_text_ln_lrh0.001_frozen_e5_s43,2788,5,0.79753,2.2488,0.0,0.00011980092428012798
text_text_ln_lrh0.001_frozen_e5_s43,2789,5,1.25642,2.7665,0.0,0.00011944543192321365
text_text_ln_lrh0.001_frozen_e5_s43,2790,5,0.83596,3.3639,0.0,0.00011908993956629933
text_text_ln_lrh0.001_frozen_e5_s43,2791,5,1.0618,2.3257,0.0,0.00011873444720938501
text_text_ln_lrh0.001_frozen_e5_s43,2792,5,1.10736,2.4856,0.0,0.00011837895485247068
text_text_ln_lrh0.001_frozen_e5_s43,2793,5,0.99257,1.9423,0.0,0.00011802346249555634
text_text_ln_lrh0.001_frozen_e5_s43,2794,5,0.90987,2.1629,0.0,0.00011766797013864202
text_text_ln_lrh0.001_frozen_e5_s43,2795,5,0.7242,2.9012,0.0,0.00011731247778172769
text_text_ln_lrh0.001_frozen_e5_s43,2796,5,1.29254,2.7389,0.0,0.00011695698542481337
text_text_ln_lrh0.001_frozen_e5_s43,2797,5,0.81057,3.669,0.0,0.00011660149306789904
text_text_ln_lrh0.001_frozen_e5_s43,2798,5,1.23685,3.173,0.0,0.00011624600071098472
text_text_ln_lrh0.001_frozen_e5_s43,2799,5,0.89868,2.0569,0.0,0.00011589050835407039
text_text_ln_lrh0.001_frozen_e5_s43,2800,5,1.27334,2.6269,0.0,0.00011553501599715606
text_text_ln_lrh0.001_frozen_e5_s43,2801,5,0.88994,3.2752,0.0,0.00011517952364024174
text_text_ln_lrh0.001_frozen_e5_s43,2802,5,1.07618,2.5466,0.0,0.0001148240312833274
text_text_ln_lrh0.001_frozen_e5_s43,2803,5,1.31395,2.3054,0.0,0.00011446853892641309
text_text_ln_lrh0.001_frozen_e5_s43,2804,5,1.15274,3.6875,0.0,0.00011411304656949876
text_text_ln_lrh0.001_frozen_e5_s43,2805,5,1.37467,2.4536,0.0,0.00011375755421258444
text_text_ln_lrh0.001_frozen_e5_s43,2806,5,1.42338,4.0891,0.0,0.0001134020618556701
text_text_ln_lrh0.001_frozen_e5_s43,2807,5,1.19178,2.4212,0.0,0.00011304656949875577
text_text_ln_lrh0.001_frozen_e5_s43,2808,5,0.73076,1.593,0.0,0.00011269107714184145
text_text_ln_lrh0.001_frozen_e5_s43,2809,5,0.93592,2.0849,0.0,0.00011233558478492712
text_text_ln_lrh0.001_frozen_e5_s43,2810,5,0.873,2.5989,0.0,0.0001119800924280128
text_text_ln_lrh0.001_frozen_e5_s43,2811,5,0.91875,2.1531,0.0,0.00011162460007109847
text_text_ln_lrh0.001_frozen_e5_s43,2812,5,1.70259,3.4848,0.0,0.00011126910771418415
text_text_ln_lrh0.001_frozen_e5_s43,2813,5,1.20784,4.5586,0.0,0.00011091361535726982
text_text_ln_lrh0.001_frozen_e5_s43,2814,5,0.96828,2.2395,0.0,0.00011055812300035549
text_text_ln_lrh0.001_frozen_e5_s43,2815,5,1.54437,2.2721,0.0,0.00011020263064344117
text_text_ln_lrh0.001_frozen_e5_s43,2816,5,0.67119,2.6576,0.0,0.00010984713828652685
text_text_ln_lrh0.001_frozen_e5_s43,2817,5,1.17337,4.5929,0.0,0.00010949164592961252
text_text_ln_lrh0.001_frozen_e5_s43,2818,5,1.04955,2.3598,0.0,0.00010913615357269818
text_text_ln_lrh0.001_frozen_e5_s43,2819,5,1.18338,3.2023,0.0,0.00010878066121578387
text_text_ln_lrh0.001_frozen_e5_s43,2820,5,0.7598,2.126,0.0,0.00010842516885886953
text_text_ln_lrh0.001_frozen_e5_s43,2821,5,1.20111,3.297,0.0,0.0001080696765019552
text_text_ln_lrh0.001_frozen_e5_s43,2822,5,1.27595,3.0849,0.0,0.00010771418414504088
text_text_ln_lrh0.001_frozen_e5_s43,2823,5,1.33023,3.3903,0.0,0.00010735869178812656
text_text_ln_lrh0.001_frozen_e5_s43,2824,5,0.8761,2.8991,0.0,0.00010700319943121223
text_text_ln_lrh0.001_frozen_e5_s43,2825,5,0.61594,2.0209,0.0,0.00010664770707429791
text_text_ln_lrh0.001_frozen_e5_s43,2826,5,0.97541,2.0121,0.0,0.00010629221471738358
text_text_ln_lrh0.001_frozen_e5_s43,2827,5,1.05001,2.2555,0.0,0.00010593672236046925
text_text_ln_lrh0.001_frozen_e5_s43,2828,5,1.37757,4.5912,0.0,0.00010558123000355492
text_text_ln_lrh0.001_frozen_e5_s43,2829,5,1.95479,4.1441,0.0,0.0001052257376466406
text_text_ln_lrh0.001_frozen_e5_s43,2830,5,1.47475,3.0403,0.0,0.00010487024528972628
text_text_ln_lrh0.001_frozen_e5_s43,2831,5,1.26706,4.4463,0.0,0.00010451475293281195
text_text_ln_lrh0.001_frozen_e5_s43,2832,5,1.07595,2.042,0.0,0.00010415926057589763
text_text_ln_lrh0.001_frozen_e5_s43,2833,5,0.57163,2.9076,0.0,0.0001038037682189833
text_text_ln_lrh0.001_frozen_e5_s43,2834,5,1.0072,1.939,0.0,0.00010344827586206896
text_text_ln_lrh0.001_frozen_e5_s43,2835,5,1.31756,3.6173,0.0,0.00010309278350515463
text_text_ln_lrh0.001_frozen_e5_s43,2836,5,1.27943,2.1212,0.0,0.00010273729114824033
text_text_ln_lrh0.001_frozen_e5_s43,2837,5,1.18449,3.1443,0.0,0.00010238179879132599
text_text_ln_lrh0.001_frozen_e5_s43,2838,5,0.63716,2.8019,0.0,0.00010202630643441166
text_text_ln_lrh0.001_frozen_e5_s43,2839,5,1.00409,3.6988,0.0,0.00010167081407749734
text_text_ln_lrh0.001_frozen_e5_s43,2840,5,0.84951,4.3212,0.0,0.00010131532172058301
text_text_ln_lrh0.001_frozen_e5_s43,2841,5,1.48305,3.8765,0.0,0.00010095982936366868
text_text_ln_lrh0.001_frozen_e5_s43,2842,5,1.06801,2.4373,0.0,0.00010060433700675435
text_text_ln_lrh0.001_frozen_e5_s43,2843,5,1.17864,2.2961,0.0,0.00010024884464984004
text_text_ln_lrh0.001_frozen_e5_s43,2844,5,0.81646,5.0943,0.0,9.989335229292571e-05
text_text_ln_lrh0.001_frozen_e5_s43,2845,5,0.86242,3.7216,0.0,9.953785993601138e-05
text_text_ln_lrh0.001_frozen_e5_s43,2846,5,1.41394,2.3433,0.0,9.918236757909706e-05
text_text_ln_lrh0.001_frozen_e5_s43,2847,5,1.21378,3.3993,0.0,9.882687522218272e-05
text_text_ln_lrh0.001_frozen_e5_s43,2848,5,1.26867,2.6245,0.0,9.847138286526839e-05
text_text_ln_lrh0.001_frozen_e5_s43,2849,5,1.12457,2.9265,0.0,9.811589050835406e-05
text_text_ln_lrh0.001_frozen_e5_s43,2850,5,1.18524,2.5088,0.0,9.776039815143975e-05
text_text_ln_lrh0.001_frozen_e5_s43,2851,5,0.8202,3.1307,0.0,9.740490579452542e-05
text_text_ln_lrh0.001_frozen_e5_s43,2852,5,0.97055,1.9536,0.0,9.704941343761109e-05
text_text_ln_lrh0.001_frozen_e5_s43,2853,5,1.05517,1.7659,0.0,9.669392108069677e-05
text_text_ln_lrh0.001_frozen_e5_s43,2854,5,0.95229,2.885,0.0,9.633842872378244e-05
text_text_ln_lrh0.001_frozen_e5_s43,2855,5,1.32732,2.3435,0.0,9.598293636686811e-05
text_text_ln_lrh0.001_frozen_e5_s43,2856,5,1.36313,4.2229,0.0,9.562744400995379e-05
text_text_ln_lrh0.001_frozen_e5_s43,2857,5,0.98037,1.9867,0.0,9.527195165303947e-05
text_text_ln_lrh0.001_frozen_e5_s43,2858,5,1.55247,3.1316,0.0,9.491645929612514e-05
text_text_ln_lrh0.001_frozen_e5_s43,2859,5,0.81113,1.4223,0.0,9.45609669392108e-05
text_text_ln_lrh0.001_frozen_e5_s43,2860,5,1.19632,2.366,0.0,9.420547458229649e-05
text_text_ln_lrh0.001_frozen_e5_s43,2861,5,1.05931,2.6245,0.0,9.384998222538215e-05
text_text_ln_lrh0.001_frozen_e5_s43,2862,5,1.36991,3.4672,0.0,9.349448986846782e-05
text_text_ln_lrh0.001_frozen_e5_s43,2863,5,0.77165,2.8759,0.0,9.31389975115535e-05
text_text_ln_lrh0.001_frozen_e5_s43,2864,5,1.2712,3.6551,0.0,9.278350515463918e-05
text_text_ln_lrh0.001_frozen_e5_s43,2865,5,0.87679,2.0353,0.0,9.242801279772485e-05
text_text_ln_lrh0.001_frozen_e5_s43,2866,5,0.96606,1.8463,0.0,9.207252044081052e-05
text_text_ln_lrh0.001_frozen_e5_s43,2867,5,1.36432,2.9726,0.0,9.17170280838962e-05
text_text_ln_lrh0.001_frozen_e5_s43,2868,5,1.52874,3.4006,0.0,9.136153572698187e-05
text_text_ln_lrh0.001_frozen_e5_s43,2869,5,1.26566,2.0217,0.0,9.100604337006754e-05
text_text_ln_lrh0.001_frozen_e5_s43,2870,5,1.00899,2.839,0.0,9.065055101315322e-05
text_text_ln_lrh0.001_frozen_e5_s43,2871,5,0.9709,2.5704,0.0,9.02950586562389e-05
text_text_ln_lrh0.001_frozen_e5_s43,2872,5,1.46338,4.7044,0.0,8.993956629932457e-05
text_text_ln_lrh0.001_frozen_e5_s43,2873,5,0.84663,2.3828,0.0,8.958407394241023e-05
text_text_ln_lrh0.001_frozen_e5_s43,2874,5,0.91127,1.9413,0.0,8.922858158549592e-05
text_text_ln_lrh0.001_frozen_e5_s43,2875,5,1.30466,5.3615,0.0,8.887308922858158e-05
text_text_ln_lrh0.001_frozen_e5_s43,2876,5,1.19122,3.802,0.0,8.851759687166726e-05
text_text_ln_lrh0.001_frozen_e5_s43,2877,5,1.60396,2.7018,0.0,8.816210451475295e-05
text_text_ln_lrh0.001_frozen_e5_s43,2878,5,0.93148,1.8114,0.0,8.780661215783861e-05
text_text_ln_lrh0.001_frozen_e5_s43,2879,5,0.8549,1.8101,0.0,8.745111980092428e-05
text_text_ln_lrh0.001_frozen_e5_s43,2880,5,1.31866,3.611,0.0,8.709562744400995e-05
text_text_ln_lrh0.001_frozen_e5_s43,2881,5,1.03352,3.4861,0.0,8.674013508709563e-05
text_text_ln_lrh0.001_frozen_e5_s43,2882,5,0.84611,3.1334,0.0,8.63846427301813e-05
text_text_ln_lrh0.001_frozen_e5_s43,2883,5,0.72786,2.3611,0.0,8.602915037326698e-05
text_text_ln_lrh0.001_frozen_e5_s43,2884,5,1.19508,2.2758,0.0,8.567365801635266e-05
text_text_ln_lrh0.001_frozen_e5_s43,2885,5,1.057,2.0061,0.0,8.531816565943833e-05
text_text_ln_lrh0.001_frozen_e5_s43,2886,5,0.90718,2.298,0.0,8.4962673302524e-05
text_text_ln_lrh0.001_frozen_e5_s43,2887,5,1.32708,2.4371,0.0,8.460718094560966e-05
text_text_ln_lrh0.001_frozen_e5_s43,2888,5,1.34949,4.6176,0.0,8.425168858869534e-05
text_text_ln_lrh0.001_frozen_e5_s43,2889,5,0.75996,2.5197,0.0,8.389619623178103e-05
text_text_ln_lrh0.001_frozen_e5_s43,2890,5,1.31482,2.024,0.0,8.35407038748667e-05
text_text_ln_lrh0.001_frozen_e5_s43,2891,5,1.42409,2.9727,0.0,8.318521151795237e-05
text_text_ln_lrh0.001_frozen_e5_s43,2892,5,0.79871,2.1701,0.0,8.282971916103804e-05
text_text_ln_lrh0.001_frozen_e5_s43,2893,5,1.03112,4.0903,0.0,8.247422680412371e-05
text_text_ln_lrh0.001_frozen_e5_s43,2894,5,0.86193,2.2826,0.0,8.211873444720938e-05
text_text_ln_lrh0.001_frozen_e5_s43,2895,5,0.83683,3.077,0.0,8.176324209029506e-05
text_text_ln_lrh0.001_frozen_e5_s43,2896,5,1.29828,3.9771,0.0,8.140774973338074e-05
text_text_ln_lrh0.001_frozen_e5_s43,2897,5,1.33034,2.6415,0.0,8.105225737646641e-05
text_text_ln_lrh0.001_frozen_e5_s43,2898,5,1.17567,3.9617,0.0,8.069676501955209e-05
text_text_ln_lrh0.001_frozen_e5_s43,2899,5,1.53668,3.36,0.0,8.034127266263776e-05
text_text_ln_lrh0.001_frozen_e5_s43,2900,5,1.32659,2.6587,0.0,7.998578030572342e-05
text_text_ln_lrh0.001_frozen_e5_s43,2901,5,1.16897,2.4482,0.0,7.963028794880909e-05
text_text_ln_lrh0.001_frozen_e5_s43,2902,5,1.27035,2.8637,0.0,7.927479559189477e-05
text_text_ln_lrh0.001_frozen_e5_s43,2903,5,0.8326,4.2962,0.0,7.891930323498045e-05
text_text_ln_lrh0.001_frozen_e5_s43,2904,5,1.15318,2.1361,0.0,7.856381087806612e-05
text_text_ln_lrh0.001_frozen_e5_s43,2905,5,0.89668,2.3372,0.0,7.82083185211518e-05
text_text_ln_lrh0.001_frozen_e5_s43,2906,5,1.56276,4.5233,0.0,7.785282616423747e-05
text_text_ln_lrh0.001_frozen_e5_s43,2907,5,1.30059,2.7173,0.0,7.749733380732314e-05
text_text_ln_lrh0.001_frozen_e5_s43,2908,5,1.37537,3.5719,0.0,7.714184145040881e-05
text_text_ln_lrh0.001_frozen_e5_s43,2909,5,1.88479,4.3379,0.0,7.67863490934945e-05
text_text_ln_lrh0.001_frozen_e5_s43,2910,5,0.9453,2.3069,0.0,7.643085673658017e-05
text_text_ln_lrh0.001_frozen_e5_s43,2911,5,0.94926,3.7815,0.0,7.607536437966584e-05
text_text_ln_lrh0.001_frozen_e5_s43,2912,5,1.19737,2.3047,0.0,7.571987202275152e-05
text_text_ln_lrh0.001_frozen_e5_s43,2913,5,1.64488,3.0032,0.0,7.536437966583719e-05
text_text_ln_lrh0.001_frozen_e5_s43,2914,5,1.06443,1.8903,0.0,7.500888730892285e-05
text_text_ln_lrh0.001_frozen_e5_s43,2915,5,0.80158,3.6131,0.0,7.465339495200852e-05
text_text_ln_lrh0.001_frozen_e5_s43,2916,5,1.12458,2.7423,0.0,7.429790259509422e-05
text_text_ln_lrh0.001_frozen_e5_s43,2917,5,1.04566,3.481,0.0,7.394241023817988e-05
text_text_ln_lrh0.001_frozen_e5_s43,2918,5,0.94027,3.7093,0.0,7.358691788126555e-05
text_text_ln_lrh0.001_frozen_e5_s43,2919,5,1.41314,3.6958,0.0,7.323142552435123e-05
text_text_ln_lrh0.001_frozen_e5_s43,2920,5,1.41543,2.9311,0.0,7.28759331674369e-05
text_text_ln_lrh0.001_frozen_e5_s43,2921,5,1.55309,2.8711,0.0,7.252044081052257e-05
text_text_ln_lrh0.001_frozen_e5_s43,2922,5,0.89905,3.4571,0.0,7.216494845360824e-05
text_text_ln_lrh0.001_frozen_e5_s43,2923,5,1.48637,2.3805,0.0,7.180945609669393e-05
text_text_ln_lrh0.001_frozen_e5_s43,2924,5,1.25424,4.2878,0.0,7.14539637397796e-05
text_text_ln_lrh0.001_frozen_e5_s43,2925,5,1.06508,3.318,0.0,7.109847138286527e-05
text_text_ln_lrh0.001_frozen_e5_s43,2926,5,1.1747,2.6658,0.0,7.074297902595095e-05
text_text_ln_lrh0.001_frozen_e5_s43,2927,5,0.7865,3.4714,0.0,7.038748666903662e-05
text_text_ln_lrh0.001_frozen_e5_s43,2928,5,0.76368,2.3348,0.0,7.003199431212228e-05
text_text_ln_lrh0.001_frozen_e5_s43,2929,5,1.89851,3.95,0.0,6.967650195520796e-05
text_text_ln_lrh0.001_frozen_e5_s43,2930,5,1.00914,4.7159,0.0,6.932100959829365e-05
text_text_ln_lrh0.001_frozen_e5_s43,2931,5,0.85115,2.0487,0.0,6.896551724137931e-05
text_text_ln_lrh0.001_frozen_e5_s43,2932,5,0.97649,4.1183,0.0,6.861002488446498e-05
text_text_ln_lrh0.001_frozen_e5_s43,2933,5,1.31447,2.18,0.0,6.825453252755066e-05
text_text_ln_lrh0.001_frozen_e5_s43,2934,5,1.37963,2.4519,0.0,6.789904017063633e-05
text_text_ln_lrh0.001_frozen_e5_s43,2935,5,0.86948,2.2632,0.0,6.7543547813722e-05
text_text_ln_lrh0.001_frozen_e5_s43,2936,5,1.19746,3.3773,0.0,6.718805545680769e-05
text_text_ln_lrh0.001_frozen_e5_s43,2937,5,1.1822,2.4621,0.0,6.683256309989336e-05
text_text_ln_lrh0.001_frozen_e5_s43,2938,5,1.30297,3.5535,0.0,6.647707074297903e-05
text_text_ln_lrh0.001_frozen_e5_s43,2939,5,1.28201,3.4396,0.0,6.61215783860647e-05
text_text_ln_lrh0.001_frozen_e5_s43,2940,5,1.49461,4.1135,0.0,6.576608602915038e-05
text_text_ln_lrh0.001_frozen_e5_s43,2941,5,0.80052,2.493,0.0,6.541059367223604e-05
text_text_ln_lrh0.001_frozen_e5_s43,2942,5,0.89631,3.1081,0.0,6.505510131532171e-05
text_text_ln_lrh0.001_frozen_e5_s43,2943,5,1.16466,3.2733,0.0,6.469960895840741e-05
text_text_ln_lrh0.001_frozen_e5_s43,2944,5,1.13919,3.0726,0.0,6.434411660149307e-05
text_text_ln_lrh0.001_frozen_e5_s43,2945,5,0.87045,2.2726,0.0,6.398862424457874e-05
text_text_ln_lrh0.001_frozen_e5_s43,2946,5,1.08025,3.025,0.0,6.363313188766441e-05
text_text_ln_lrh0.001_frozen_e5_s43,2947,5,1.00542,2.1135,0.0,6.327763953075009e-05
text_text_ln_lrh0.001_frozen_e5_s43,2948,5,0.78845,2.5126,0.0,6.292214717383576e-05
text_text_ln_lrh0.001_frozen_e5_s43,2949,5,1.08232,2.7378,0.0,6.256665481692144e-05
text_text_ln_lrh0.001_frozen_e5_s43,2950,5,1.32168,2.2272,0.0,6.221116246000711e-05
text_text_ln_lrh0.001_frozen_e5_s43,2951,5,1.19049,2.4726,0.0,6.185567010309279e-05
text_text_ln_lrh0.001_frozen_e5_s43,2952,5,1.54735,6.0476,0.0,6.150017774617846e-05
text_text_ln_lrh0.001_frozen_e5_s43,2953,5,1.72261,4.0927,0.0,6.114468538926414e-05
text_text_ln_lrh0.001_frozen_e5_s43,2954,5,1.09789,2.2875,0.0,6.0789193032349806e-05
text_text_ln_lrh0.001_frozen_e5_s43,2955,5,1.29606,1.883,0.0,6.043370067543548e-05
text_text_ln_lrh0.001_frozen_e5_s43,2956,5,0.97083,1.9086,0.0,6.0078208318521155e-05
text_text_ln_lrh0.001_frozen_e5_s43,2957,5,1.23963,3.6664,0.0,5.972271596160682e-05
text_text_ln_lrh0.001_frozen_e5_s43,2958,5,0.85582,2.8875,0.0,5.9367223604692504e-05
text_text_ln_lrh0.001_frozen_e5_s43,2959,5,1.07495,3.0521,0.0,5.901173124777817e-05
text_text_ln_lrh0.001_frozen_e5_s43,2960,5,0.85853,2.762,0.0,5.8656238890863846e-05
text_text_ln_lrh0.001_frozen_e5_s43,2961,5,1.05486,2.1511,0.0,5.830074653394952e-05
text_text_ln_lrh0.001_frozen_e5_s43,2962,5,0.84049,3.8025,0.0,5.7945254177035195e-05
text_text_ln_lrh0.001_frozen_e5_s43,2963,5,0.63192,2.088,0.0,5.758976182012087e-05
text_text_ln_lrh0.001_frozen_e5_s43,2964,5,1.68601,4.2713,0.0,5.7234269463206544e-05
text_text_ln_lrh0.001_frozen_e5_s43,2965,5,1.07319,3.0327,0.0,5.687877710629222e-05
text_text_ln_lrh0.001_frozen_e5_s43,2966,5,1.18295,3.4813,0.0,5.6523284749377886e-05
text_text_ln_lrh0.001_frozen_e5_s43,2967,5,1.07698,6.1176,0.0,5.616779239246356e-05
text_text_ln_lrh0.001_frozen_e5_s43,2968,5,0.67775,2.7942,0.0,5.5812300035549235e-05
text_text_ln_lrh0.001_frozen_e5_s43,2969,5,0.96598,3.6005,0.0,5.545680767863491e-05
text_text_ln_lrh0.001_frozen_e5_s43,2970,5,0.76245,2.4018,0.0,5.5101315321720584e-05
text_text_ln_lrh0.001_frozen_e5_s43,2971,5,1.63618,4.5812,0.0,5.474582296480626e-05
text_text_ln_lrh0.001_frozen_e5_s43,2972,5,1.4125,4.4463,0.0,5.439033060789193e-05
text_text_ln_lrh0.001_frozen_e5_s43,2973,5,1.42362,2.9908,0.0,5.40348382509776e-05
text_text_ln_lrh0.001_frozen_e5_s43,2974,5,1.47737,3.368,0.0,5.367934589406328e-05
text_text_ln_lrh0.001_frozen_e5_s43,2975,5,0.96642,2.072,0.0,5.3323853537148956e-05
text_text_ln_lrh0.001_frozen_e5_s43,2976,5,1.04225,2.8455,0.0,5.2968361180234624e-05
text_text_ln_lrh0.001_frozen_e5_s43,2977,5,1.4588,4.167,0.0,5.26128688233203e-05
text_text_ln_lrh0.001_frozen_e5_s43,2978,5,0.55978,2.0165,0.0,5.225737646640597e-05
text_text_ln_lrh0.001_frozen_e5_s43,2979,5,1.12497,2.4335,0.0,5.190188410949165e-05
text_text_ln_lrh0.001_frozen_e5_s43,2980,5,0.88179,2.4093,0.0,5.1546391752577315e-05
text_text_ln_lrh0.001_frozen_e5_s43,2981,5,0.71976,2.4532,0.0,5.1190899395662997e-05
text_text_ln_lrh0.001_frozen_e5_s43,2982,5,0.80418,1.9664,0.0,5.083540703874867e-05
text_text_ln_lrh0.001_frozen_e5_s43,2983,5,1.31674,3.0489,0.0,5.047991468183434e-05
text_text_ln_lrh0.001_frozen_e5_s43,2984,5,1.19027,1.9966,0.0,5.012442232492002e-05
text_text_ln_lrh0.001_frozen_e5_s43,2985,5,0.99219,2.5072,0.0,4.976892996800569e-05
text_text_ln_lrh0.001_frozen_e5_s43,2986,5,1.22692,2.9051,0.0,4.941343761109136e-05
text_text_ln_lrh0.001_frozen_e5_s43,2987,5,1.22935,3.155,0.0,4.905794525417703e-05
text_text_ln_lrh0.001_frozen_e5_s43,2988,5,1.02246,2.7274,0.0,4.870245289726271e-05
text_text_ln_lrh0.001_frozen_e5_s43,2989,5,1.31476,2.2041,0.0,4.8346960540348386e-05
text_text_ln_lrh0.001_frozen_e5_s43,2990,5,1.40839,2.9162,0.0,4.7991468183434053e-05
text_text_ln_lrh0.001_frozen_e5_s43,2991,5,1.29205,2.6911,0.0,4.7635975826519735e-05
text_text_ln_lrh0.001_frozen_e5_s43,2992,5,1.27858,3.1767,0.0,4.72804834696054e-05
text_text_ln_lrh0.001_frozen_e5_s43,2993,5,0.88813,2.4479,0.0,4.692499111269108e-05
text_text_ln_lrh0.001_frozen_e5_s43,2994,5,1.1035,3.5736,0.0,4.656949875577675e-05
text_text_ln_lrh0.001_frozen_e5_s43,2995,5,0.91992,2.5375,0.0,4.6214006398862426e-05
text_text_ln_lrh0.001_frozen_e5_s43,2996,5,0.63075,1.613,0.0,4.58585140419481e-05
text_text_ln_lrh0.001_frozen_e5_s43,2997,5,0.88724,2.5506,0.0,4.550302168503377e-05
text_text_ln_lrh0.001_frozen_e5_s43,2998,5,1.25746,2.5752,0.0,4.514752932811945e-05
text_text_ln_lrh0.001_frozen_e5_s43,2999,5,0.9635,3.0395,0.0,4.479203697120512e-05
text_text_ln_lrh0.001_frozen_e5_s43,3000,5,1.05377,2.0789,0.0,4.443654461429079e-05
text_text_ln_lrh0.001_frozen_e5_s43,3001,5,0.7946,1.9841,0.0,4.408105225737647e-05
text_text_ln_lrh0.001_frozen_e5_s43,3002,5,1.00048,3.3956,0.0,4.372555990046214e-05
text_text_ln_lrh0.001_frozen_e5_s43,3003,5,0.77503,2.4773,0.0,4.3370067543547815e-05
text_text_ln_lrh0.001_frozen_e5_s43,3004,5,0.74722,2.8307,0.0,4.301457518663349e-05
text_text_ln_lrh0.001_frozen_e5_s43,3005,5,1.15951,3.1792,0.0,4.2659082829719164e-05
text_text_ln_lrh0.001_frozen_e5_s43,3006,5,1.15955,2.2607,0.0,4.230359047280483e-05
text_text_ln_lrh0.001_frozen_e5_s43,3007,5,1.19622,3.5413,0.0,4.194809811589051e-05
text_text_ln_lrh0.001_frozen_e5_s43,3008,5,1.20397,2.1768,0.0,4.159260575897619e-05
text_text_ln_lrh0.001_frozen_e5_s43,3009,5,0.87746,2.357,0.0,4.1237113402061855e-05
text_text_ln_lrh0.001_frozen_e5_s43,3010,5,0.92937,3.6359,0.0,4.088162104514753e-05
text_text_ln_lrh0.001_frozen_e5_s43,3011,5,1.36753,2.8642,0.0,4.0526128688233204e-05
text_text_ln_lrh0.001_frozen_e5_s43,3012,5,1.05739,3.4583,0.0,4.017063633131888e-05
text_text_ln_lrh0.001_frozen_e5_s43,3013,5,0.96854,2.3215,0.0,3.9815143974404546e-05
text_text_ln_lrh0.001_frozen_e5_s43,3014,5,0.91114,2.9067,0.0,3.945965161749023e-05
text_text_ln_lrh0.001_frozen_e5_s43,3015,5,1.13496,3.359,0.0,3.91041592605759e-05
text_text_ln_lrh0.001_frozen_e5_s43,3016,5,1.26435,2.7543,0.0,3.874866690366157e-05
text_text_ln_lrh0.001_frozen_e5_s43,3017,5,1.25186,2.0542,0.0,3.839317454674725e-05
text_text_ln_lrh0.001_frozen_e5_s43,3018,5,1.41244,4.0215,0.0,3.803768218983292e-05
text_text_ln_lrh0.001_frozen_e5_s43,3019,5,0.90842,3.666,0.0,3.768218983291859e-05
text_text_ln_lrh0.001_frozen_e5_s43,3020,5,1.22245,2.0615,0.0,3.732669747600426e-05
text_text_ln_lrh0.001_frozen_e5_s43,3021,5,0.99721,2.4271,0.0,3.697120511908994e-05
text_text_ln_lrh0.001_frozen_e5_s43,3022,5,0.7995,3.1501,0.0,3.6615712762175616e-05
text_text_ln_lrh0.001_frozen_e5_s43,3023,5,0.50723,2.6554,0.0,3.6260220405261284e-05
text_text_ln_lrh0.001_frozen_e5_s43,3024,5,0.92171,3.4157,0.0,3.5904728048346965e-05
text_text_ln_lrh0.001_frozen_e5_s43,3025,5,1.26292,4.6001,0.0,3.554923569143263e-05
text_text_ln_lrh0.001_frozen_e5_s43,3026,5,0.71617,1.7507,0.0,3.519374333451831e-05
text_text_ln_lrh0.001_frozen_e5_s43,3027,5,1.05668,3.0311,0.0,3.483825097760398e-05
text_text_ln_lrh0.001_frozen_e5_s43,3028,5,1.06442,2.5411,0.0,3.4482758620689657e-05
text_text_ln_lrh0.001_frozen_e5_s43,3029,5,1.03018,3.7726,0.0,3.412726626377533e-05
text_text_ln_lrh0.001_frozen_e5_s43,3030,5,0.83404,2.3371,0.0,3.3771773906861e-05
text_text_ln_lrh0.001_frozen_e5_s43,3031,5,1.4976,5.2958,0.0,3.341628154994668e-05
text_text_ln_lrh0.001_frozen_e5_s43,3032,5,1.80845,4.2613,0.0,3.306078919303235e-05
text_text_ln_lrh0.001_frozen_e5_s43,3033,5,1.1765,1.663,0.0,3.270529683611802e-05
text_text_ln_lrh0.001_frozen_e5_s43,3034,5,0.68445,2.7449,0.0,3.2349804479203703e-05
text_text_ln_lrh0.001_frozen_e5_s43,3035,5,1.43473,2.5604,0.0,3.199431212228937e-05
text_text_ln_lrh0.001_frozen_e5_s43,3036,5,0.9659,2.1471,0.0,3.1638819765375046e-05
text_text_ln_lrh0.001_frozen_e5_s43,3037,5,0.88336,2.7188,0.0,3.128332740846072e-05
text_text_ln_lrh0.001_frozen_e5_s43,3038,5,1.4972,3.7195,0.0,3.0927835051546395e-05
text_text_ln_lrh0.001_frozen_e5_s43,3039,5,1.28276,1.9633,0.0,3.057234269463207e-05
text_text_ln_lrh0.001_frozen_e5_s43,3040,5,0.70015,3.1959,0.0,3.021685033771774e-05
text_text_ln_lrh0.001_frozen_e5_s43,3041,5,1.21349,3.171,0.0,2.986135798080341e-05
text_text_ln_lrh0.001_frozen_e5_s43,3042,5,1.05886,2.9463,0.0,2.9505865623889086e-05
text_text_ln_lrh0.001_frozen_e5_s43,3043,5,1.17274,3.1817,0.0,2.915037326697476e-05
text_text_ln_lrh0.001_frozen_e5_s43,3044,5,1.86994,3.7728,0.0,2.8794880910060435e-05
text_text_ln_lrh0.001_frozen_e5_s43,3045,5,1.43425,3.9013,0.0,2.843938855314611e-05
text_text_ln_lrh0.001_frozen_e5_s43,3046,5,1.01005,2.249,0.0,2.808389619623178e-05
text_text_ln_lrh0.001_frozen_e5_s43,3047,5,1.14816,3.9572,0.0,2.7728403839317455e-05
text_text_ln_lrh0.001_frozen_e5_s43,3048,5,1.79811,3.5525,0.0,2.737291148240313e-05
text_text_ln_lrh0.001_frozen_e5_s43,3049,5,0.74976,2.192,0.0,2.70174191254888e-05
text_text_ln_lrh0.001_frozen_e5_s43,3050,5,1.09683,2.6202,0.0,2.6661926768574478e-05
text_text_ln_lrh0.001_frozen_e5_s43,3051,5,1.01105,2.7878,0.0,2.630643441166015e-05
text_text_ln_lrh0.001_frozen_e5_s43,3052,5,0.95828,3.3235,0.0,2.5950942054745824e-05
text_text_ln_lrh0.001_frozen_e5_s43,3053,5,0.95434,2.9662,0.0,2.5595449697831498e-05
text_text_ln_lrh0.001_frozen_e5_s43,3054,5,1.11097,1.9047,0.0,2.523995734091717e-05
text_text_ln_lrh0.001_frozen_e5_s43,3055,5,1.17952,3.0254,0.0,2.4884464984002844e-05
text_text_ln_lrh0.001_frozen_e5_s43,3056,5,1.24037,3.7511,0.0,2.4528972627088515e-05
text_text_ln_lrh0.001_frozen_e5_s43,3057,5,1.09582,3.3283,0.0,2.4173480270174193e-05
text_text_ln_lrh0.001_frozen_e5_s43,3058,5,1.04893,2.4301,0.0,2.3817987913259867e-05
text_text_ln_lrh0.001_frozen_e5_s43,3059,5,0.97313,4.0033,0.0,2.346249555634554e-05
text_text_ln_lrh0.001_frozen_e5_s43,3060,5,0.98956,3.4077,0.0,2.3107003199431213e-05
text_text_ln_lrh0.001_frozen_e5_s43,3061,5,0.80328,1.9701,0.0,2.2751510842516884e-05
text_text_ln_lrh0.001_frozen_e5_s43,3062,5,0.90786,3.7023,0.0,2.239601848560256e-05
text_text_ln_lrh0.001_frozen_e5_s43,3063,5,0.80118,3.1248,0.0,2.2040526128688236e-05
text_text_ln_lrh0.001_frozen_e5_s43,3064,5,0.74375,2.6724,0.0,2.1685033771773907e-05
text_text_ln_lrh0.001_frozen_e5_s43,3065,5,1.16804,4.291,0.0,2.1329541414859582e-05
text_text_ln_lrh0.001_frozen_e5_s43,3066,5,1.24,3.8312,0.0,2.0974049057945256e-05
text_text_ln_lrh0.001_frozen_e5_s43,3067,5,0.88054,2.0361,0.0,2.0618556701030927e-05
text_text_ln_lrh0.001_frozen_e5_s43,3068,5,0.95722,2.8323,0.0,2.0263064344116602e-05
text_text_ln_lrh0.001_frozen_e5_s43,3069,5,1.13949,3.5771,0.0,1.9907571987202273e-05
text_text_ln_lrh0.001_frozen_e5_s43,3070,5,1.23121,4.072,0.0,1.955207963028795e-05
text_text_ln_lrh0.001_frozen_e5_s43,3071,5,1.29684,3.4379,0.0,1.9196587273373625e-05
text_text_ln_lrh0.001_frozen_e5_s43,3072,5,1.13719,2.1618,0.0,1.8841094916459297e-05
text_text_ln_lrh0.001_frozen_e5_s43,3073,5,0.86966,2.5019,0.0,1.848560255954497e-05
text_text_ln_lrh0.001_frozen_e5_s43,3074,5,1.47431,4.2054,0.0,1.8130110202630642e-05
text_text_ln_lrh0.001_frozen_e5_s43,3075,5,0.71,2.594,0.0,1.7774617845716317e-05
text_text_ln_lrh0.001_frozen_e5_s43,3076,5,0.7907,2.2602,0.0,1.741912548880199e-05
text_text_ln_lrh0.001_frozen_e5_s43,3077,5,1.23187,5.3211,0.0,1.7063633131887666e-05
text_text_ln_lrh0.001_frozen_e5_s43,3078,5,1.12234,3.3777,0.0,1.670814077497334e-05
text_text_ln_lrh0.001_frozen_e5_s43,3079,5,1.08742,3.171,0.0,1.635264841805901e-05
text_text_ln_lrh0.001_frozen_e5_s43,3080,5,1.00161,3.0928,0.0,1.5997156061144686e-05
text_text_ln_lrh0.001_frozen_e5_s43,3081,5,0.88583,2.1219,0.0,1.564166370423036e-05
text_text_ln_lrh0.001_frozen_e5_s43,3082,5,1.01433,2.5283,0.0,1.5286171347316035e-05
text_text_ln_lrh0.001_frozen_e5_s43,3083,5,0.82464,2.2179,0.0,1.4930678990401706e-05
text_text_ln_lrh0.001_frozen_e5_s43,3084,5,1.10356,3.8157,0.0,1.457518663348738e-05
text_text_ln_lrh0.001_frozen_e5_s43,3085,5,1.16716,2.4694,0.0,1.4219694276573055e-05
text_text_ln_lrh0.001_frozen_e5_s43,3086,5,0.97823,1.995,0.0,1.3864201919658727e-05
text_text_ln_lrh0.001_frozen_e5_s43,3087,5,1.31175,3.8631,0.0,1.35087095627444e-05
text_text_ln_lrh0.001_frozen_e5_s43,3088,5,1.22434,3.7958,0.0,1.3153217205830075e-05
text_text_ln_lrh0.001_frozen_e5_s43,3089,5,0.63435,2.3622,0.0,1.2797724848915749e-05
text_text_ln_lrh0.001_frozen_e5_s43,3090,5,1.01675,2.2365,0.0,1.2442232492001422e-05
text_text_ln_lrh0.001_frozen_e5_s43,3091,5,0.86594,4.3581,0.0,1.2086740135087096e-05
text_text_ln_lrh0.001_frozen_e5_s43,3092,5,1.17839,2.9137,0.0,1.173124777817277e-05
text_text_ln_lrh0.001_frozen_e5_s43,3093,5,1.06614,2.931,0.0,1.1375755421258442e-05
text_text_ln_lrh0.001_frozen_e5_s43,3094,5,1.08015,1.9949,0.0,1.1020263064344118e-05
text_text_ln_lrh0.001_frozen_e5_s43,3095,5,1.35655,3.8139,0.0,1.0664770707429791e-05
text_text_ln_lrh0.001_frozen_e5_s43,3096,5,1.24881,2.1865,0.0,1.0309278350515464e-05
text_text_ln_lrh0.001_frozen_e5_s43,3097,5,1.00989,2.2955,0.0,9.953785993601137e-06
text_text_ln_lrh0.001_frozen_e5_s43,3098,5,1.09519,2.1263,0.0,9.598293636686813e-06
text_text_ln_lrh0.001_frozen_e5_s43,3099,5,0.94884,4.1691,0.0,9.242801279772485e-06
text_text_ln_lrh0.001_frozen_e5_s43,3100,5,0.92386,2.8421,0.0,8.887308922858158e-06
text_text_ln_lrh0.001_frozen_e5_s43,3101,5,1.19902,2.3254,0.0,8.531816565943833e-06
text_text_ln_lrh0.001_frozen_e5_s43,3102,5,0.62569,3.5468,0.0,8.176324209029506e-06
text_text_ln_lrh0.001_frozen_e5_s43,3103,5,1.82942,5.0247,0.0,7.82083185211518e-06
text_text_ln_lrh0.001_frozen_e5_s43,3104,5,1.22027,4.9126,0.0,7.465339495200853e-06
text_text_ln_lrh0.001_frozen_e5_s43,3105,5,1.03863,1.9991,0.0,7.109847138286527e-06
text_text_ln_lrh0.001_frozen_e5_s43,3106,5,1.41385,2.6139,0.0,6.7543547813722e-06
text_text_ln_lrh0.001_frozen_e5_s43,3107,5,1.00004,2.455,0.0,6.3988624244578746e-06
text_text_ln_lrh0.001_frozen_e5_s43,3108,5,1.0439,2.6968,0.0,6.043370067543548e-06
text_text_ln_lrh0.001_frozen_e5_s43,3109,5,1.17337,2.7626,0.0,5.687877710629221e-06
text_text_ln_lrh0.001_frozen_e5_s43,3110,5,0.65739,2.1187,0.0,5.3323853537148955e-06
text_text_ln_lrh0.001_frozen_e5_s43,3111,5,1.31387,2.7084,0.0,4.976892996800568e-06
text_text_ln_lrh0.001_frozen_e5_s43,3112,5,0.99466,3.4989,0.0,4.621400639886243e-06
text_text_ln_lrh0.001_frozen_e5_s43,3113,5,0.78582,3.2476,0.0,4.265908282971916e-06
text_text_ln_lrh0.001_frozen_e5_s43,3114,5,1.15535,3.4146,0.0,3.91041592605759e-06
text_text_ln_lrh0.001_frozen_e5_s43,3115,5,1.04554,2.4276,0.0,3.5549235691432637e-06
text_text_ln_lrh0.001_frozen_e5_s43,3116,5,0.7482,1.8964,0.0,3.1994312122289373e-06
text_text_ln_lrh0.001_frozen_e5_s43,3117,5,0.94758,2.1795,0.0,2.8439388553146105e-06
text_text_ln_lrh0.001_frozen_e5_s43,3118,5,0.87353,4.26,0.0,2.488446498400284e-06
text_text_ln_lrh0.001_frozen_e5_s43,3119,5,1.13114,3.4568,0.0,2.132954141485958e-06
text_text_ln_lrh0.001_frozen_e5_s43,3120,5,1.14995,3.7919,0.0,1.7774617845716318e-06
text_text_ln_lrh0.001_frozen_e5_s43,3121,5,0.75055,2.6816,0.0,1.4219694276573052e-06
text_text_ln_lrh0.001_frozen_e5_s43,3122,5,1.26847,4.8354,0.0,1.066477070742979e-06
text_text_ln_lrh0.001_frozen_e5_s43,3123,5,0.89537,2.2181,0.0,7.109847138286526e-07
text_text_ln_lrh0.001_frozen_e5_s43,3124,5,0.95857,3.741,0.0,3.554923569143263e-07
text_text_ln_lrh0.001_frozen_e5_s43,3125,5,0.52724,4.7674,0.0,0.0
text_text_ln_lrh0.001_frozen_e5_s44,1,1,2.11406,8.3365,0.0,3.205128205128205e-06
text_text_ln_lrh0.001_frozen_e5_s44,2,1,2.05038,8.3639,0.0,6.41025641025641e-06
text_text_ln_lrh0.001_frozen_e5_s44,3,1,2.03805,5.0387,0.0,9.615384615384616e-06
text_text_ln_lrh0.001_frozen_e5_s44,4,1,1.98793,6.2182,0.0,1.282051282051282e-05
text_text_ln_lrh0.001_frozen_e5_s44,5,1,1.96145,4.2532,0.0,1.6025641025641026e-05
text_text_ln_lrh0.001_frozen_e5_s44,6,1,2.08042,9.9215,0.0,1.923076923076923e-05
text_text_ln_lrh0.001_frozen_e5_s44,7,1,2.04244,7.3664,0.0,2.2435897435897437e-05
text_text_ln_lrh0.001_frozen_e5_s44,8,1,2.03604,5.1697,0.0,2.564102564102564e-05
text_text_ln_lrh0.001_frozen_e5_s44,9,1,2.05024,8.0065,0.0,2.884615384615385e-05
text_text_ln_lrh0.001_frozen_e5_s44,10,1,2.03973,6.7568,0.0,3.205128205128205e-05
text_text_ln_lrh0.001_frozen_e5_s44,11,1,2.03982,5.0789,0.0,3.5256410256410254e-05
text_text_ln_lrh0.001_frozen_e5_s44,12,1,2.00709,6.5748,0.0,3.846153846153846e-05
text_text_ln_lrh0.001_frozen_e5_s44,13,1,1.94461,5.677,0.0,4.1666666666666665e-05
text_text_ln_lrh0.001_frozen_e5_s44,14,1,2.03324,7.5602,0.0,4.4871794871794874e-05
text_text_ln_lrh0.001_frozen_e5_s44,15,1,1.98377,4.8454,0.0,4.8076923076923084e-05
text_text_ln_lrh0.001_frozen_e5_s44,16,1,2.00756,6.2191,0.0,5.128205128205128e-05
text_text_ln_lrh0.001_frozen_e5_s44,17,1,1.94269,4.9643,0.0,5.448717948717949e-05
text_text_ln_lrh0.001_frozen_e5_s44,18,1,1.92878,5.4978,0.0,5.76923076923077e-05
text_text_ln_lrh0.001_frozen_e5_s44,19,1,1.94874,8.2665,0.0,6.08974358974359e-05
text_text_ln_lrh0.001_frozen_e5_s44,20,1,1.89782,9.2878,0.0,6.41025641025641e-05
text_text_ln_lrh0.001_frozen_e5_s44,21,1,1.91335,4.4464,0.0,6.73076923076923e-05
text_text_ln_lrh0.001_frozen_e5_s44,22,1,1.90485,5.5751,0.0,7.051282051282051e-05
text_text_ln_lrh0.001_frozen_e5_s44,23,1,1.92182,3.2016,0.0,7.371794871794872e-05
text_text_ln_lrh0.001_frozen_e5_s44,24,1,1.88372,6.6737,0.0,7.692307692307693e-05
text_text_ln_lrh0.001_frozen_e5_s44,25,1,1.89932,5.401,0.0,8.012820512820514e-05
text_text_ln_lrh0.001_frozen_e5_s44,26,1,1.81414,7.2959,0.0,8.333333333333333e-05
text_text_ln_lrh0.001_frozen_e5_s44,27,1,1.85424,4.3187,0.0,8.653846153846153e-05
text_text_ln_lrh0.001_frozen_e5_s44,28,1,1.8311,4.829,0.0,8.974358974358975e-05
text_text_ln_lrh0.001_frozen_e5_s44,29,1,1.84555,5.074,0.0,9.294871794871795e-05
text_text_ln_lrh0.001_frozen_e5_s44,30,1,1.78546,5.8706,0.0,9.615384615384617e-05
text_text_ln_lrh0.001_frozen_e5_s44,31,1,1.81187,4.1965,0.0,9.935897435897436e-05
text_text_ln_lrh0.001_frozen_e5_s44,32,1,1.83067,4.5224,0.0,0.00010256410256410256
text_text_ln_lrh0.001_frozen_e5_s44,33,1,1.76917,3.7488,0.0,0.00010576923076923077
text_text_ln_lrh0.001_frozen_e5_s44,34,1,1.80527,3.4819,0.0,0.00010897435897435898
text_text_ln_lrh0.001_frozen_e5_s44,35,1,1.70055,5.0345,0.0,0.00011217948717948718
text_text_ln_lrh0.001_frozen_e5_s44,36,1,1.78846,3.5447,0.0,0.0001153846153846154
text_text_ln_lrh0.001_frozen_e5_s44,37,1,1.75278,3.6977,0.0,0.00011858974358974358
text_text_ln_lrh0.001_frozen_e5_s44,38,1,1.62155,5.3783,0.0,0.0001217948717948718
text_text_ln_lrh0.001_frozen_e5_s44,39,1,1.68438,4.0649,0.0,0.000125
text_text_ln_lrh0.001_frozen_e5_s44,40,1,1.6057,4.1205,0.0,0.0001282051282051282
text_text_ln_lrh0.001_frozen_e5_s44,41,1,1.75758,5.6088,0.0,0.0001314102564102564
text_text_ln_lrh0.001_frozen_e5_s44,42,1,1.69716,2.8575,0.0,0.0001346153846153846
text_text_ln_lrh0.001_frozen_e5_s44,43,1,1.62798,4.6857,0.0,0.00013782051282051284
text_text_ln_lrh0.001_frozen_e5_s44,44,1,1.8036,2.8323,0.0,0.00014102564102564101
text_text_ln_lrh0.001_frozen_e5_s44,45,1,1.17023,8.6244,0.0,0.00014423076923076922
text_text_ln_lrh0.001_frozen_e5_s44,46,1,1.55592,2.7172,0.0,0.00014743589743589745
text_text_ln_lrh0.001_frozen_e5_s44,47,1,1.69594,3.895,0.0,0.00015064102564102565
text_text_ln_lrh0.001_frozen_e5_s44,48,1,1.84875,2.9541,0.0,0.00015384615384615385
text_text_ln_lrh0.001_frozen_e5_s44,49,1,1.57824,3.4611,0.0,0.00015705128205128205
text_text_ln_lrh0.001_frozen_e5_s44,50,1,1.54923,2.5857,0.0,0.00016025641025641028
text_text_ln_lrh0.001_frozen_e5_s44,51,1,1.67038,2.6701,0.0,0.00016346153846153846
text_text_ln_lrh0.001_frozen_e5_s44,52,1,1.78079,2.6466,0.0,0.00016666666666666666
text_text_ln_lrh0.001_frozen_e5_s44,53,1,1.61564,2.2126,0.0,0.0001698717948717949
text_text_ln_lrh0.001_frozen_e5_s44,54,1,1.46264,3.4577,0.0,0.00017307692307692307
text_text_ln_lrh0.001_frozen_e5_s44,55,1,1.31227,3.6552,0.0,0.0001762820512820513
text_text_ln_lrh0.001_frozen_e5_s44,56,1,1.33002,3.0629,0.0,0.0001794871794871795
text_text_ln_lrh0.001_frozen_e5_s44,57,1,2.09441,5.6569,0.0,0.00018269230769230767
text_text_ln_lrh0.001_frozen_e5_s44,58,1,1.57282,2.1851,0.0,0.0001858974358974359
text_text_ln_lrh0.001_frozen_e5_s44,59,1,1.08675,5.0162,0.0,0.0001891025641025641
text_text_ln_lrh0.001_frozen_e5_s44,60,1,1.61258,1.8837,0.0,0.00019230769230769233
text_text_ln_lrh0.001_frozen_e5_s44,61,1,1.70654,3.3495,0.0,0.0001955128205128205
text_text_ln_lrh0.001_frozen_e5_s44,62,1,1.43687,2.059,0.0,0.0001987179487179487
text_text_ln_lrh0.001_frozen_e5_s44,63,1,1.52289,3.1694,0.0,0.00020192307692307694
text_text_ln_lrh0.001_frozen_e5_s44,64,1,1.72896,5.2032,0.0,0.00020512820512820512
text_text_ln_lrh0.001_frozen_e5_s44,65,1,1.33071,1.9455,0.0,0.00020833333333333335
text_text_ln_lrh0.001_frozen_e5_s44,66,1,1.85644,4.9859,0.0,0.00021153846153846155
text_text_ln_lrh0.001_frozen_e5_s44,67,1,1.28803,3.1601,0.0,0.00021474358974358972
text_text_ln_lrh0.001_frozen_e5_s44,68,1,1.62495,4.1328,0.0,0.00021794871794871795
text_text_ln_lrh0.001_frozen_e5_s44,69,1,1.60471,1.999,0.0,0.00022115384615384616
text_text_ln_lrh0.001_frozen_e5_s44,70,1,1.67631,4.0878,0.0,0.00022435897435897436
text_text_ln_lrh0.001_frozen_e5_s44,71,1,1.33893,3.904,0.0,0.00022756410256410256
text_text_ln_lrh0.001_frozen_e5_s44,72,1,1.40735,1.9799,0.0,0.0002307692307692308
text_text_ln_lrh0.001_frozen_e5_s44,73,1,1.38416,2.1204,0.0,0.000233974358974359
text_text_ln_lrh0.001_frozen_e5_s44,74,1,1.21246,3.2287,0.0,0.00023717948717948717
text_text_ln_lrh0.001_frozen_e5_s44,75,1,1.25747,2.9375,0.0,0.0002403846153846154
text_text_ln_lrh0.001_frozen_e5_s44,76,1,1.64041,3.2704,0.0,0.0002435897435897436
text_text_ln_lrh0.001_frozen_e5_s44,77,1,1.22295,2.2072,0.0,0.0002467948717948718
text_text_ln_lrh0.001_frozen_e5_s44,78,1,1.89127,5.868,0.0,0.00025
text_text_ln_lrh0.001_frozen_e5_s44,79,1,1.2746,3.2329,0.0,0.0002532051282051282
text_text_ln_lrh0.001_frozen_e5_s44,80,1,1.28216,4.0382,0.0,0.0002564102564102564
text_text_ln_lrh0.001_frozen_e5_s44,81,1,1.53242,3.0631,0.0,0.00025961538461538467
text_text_ln_lrh0.001_frozen_e5_s44,82,1,1.3261,2.1335,0.0,0.0002628205128205128
text_text_ln_lrh0.001_frozen_e5_s44,83,1,1.40584,2.9028,0.0,0.000266025641025641
text_text_ln_lrh0.001_frozen_e5_s44,84,1,2.16363,4.825,0.0,0.0002692307692307692
text_text_ln_lrh0.001_frozen_e5_s44,85,1,1.59586,3.2499,0.0,0.0002724358974358974
text_text_ln_lrh0.001_frozen_e5_s44,86,1,1.46931,2.3599,0.0,0.0002756410256410257
text_text_ln_lrh0.001_frozen_e5_s44,87,1,1.52927,3.4067,0.0,0.0002788461538461539
text_text_ln_lrh0.001_frozen_e5_s44,88,1,1.67966,3.7312,0.0,0.00028205128205128203
text_text_ln_lrh0.001_frozen_e5_s44,89,1,1.2716,3.3462,0.0,0.00028525641025641023
text_text_ln_lrh0.001_frozen_e5_s44,90,1,1.57683,2.1264,0.0,0.00028846153846153843
text_text_ln_lrh0.001_frozen_e5_s44,91,1,1.43195,2.0078,0.0,0.0002916666666666667
text_text_ln_lrh0.001_frozen_e5_s44,92,1,1.16673,3.7562,0.0,0.0002948717948717949
text_text_ln_lrh0.001_frozen_e5_s44,93,1,1.29943,1.9824,0.0,0.0002980769230769231
text_text_ln_lrh0.001_frozen_e5_s44,94,1,1.30969,3.0923,0.0,0.0003012820512820513
text_text_ln_lrh0.001_frozen_e5_s44,95,1,1.31407,4.0033,0.0,0.00030448717948717945
text_text_ln_lrh0.001_frozen_e5_s44,96,1,1.57895,2.6539,0.0,0.0003076923076923077
text_text_ln_lrh0.001_frozen_e5_s44,97,1,1.35095,1.8853,0.0,0.0003108974358974359
text_text_ln_lrh0.001_frozen_e5_s44,98,1,1.49832,2.9385,0.0,0.0003141025641025641
text_text_ln_lrh0.001_frozen_e5_s44,99,1,1.31496,2.6043,0.0,0.0003173076923076923
text_text_ln_lrh0.001_frozen_e5_s44,100,1,1.68991,3.8353,0.0,0.00032051282051282057
text_text_ln_lrh0.001_frozen_e5_s44,101,1,1.3139,1.9697,0.0,0.0003237179487179487
text_text_ln_lrh0.001_frozen_e5_s44,102,1,1.53568,2.517,0.0,0.0003269230769230769
text_text_ln_lrh0.001_frozen_e5_s44,103,1,1.06123,2.1824,0.0,0.0003301282051282051
text_text_ln_lrh0.001_frozen_e5_s44,104,1,1.53427,3.5787,0.0,0.0003333333333333333
text_text_ln_lrh0.001_frozen_e5_s44,105,1,1.68981,4.862,0.0,0.0003365384615384616
text_text_ln_lrh0.001_frozen_e5_s44,106,1,1.83097,5.5065,0.0,0.0003397435897435898
text_text_ln_lrh0.001_frozen_e5_s44,107,1,1.15025,3.07,0.0,0.000342948717948718
text_text_ln_lrh0.001_frozen_e5_s44,108,1,1.31296,3.8174,0.0,0.00034615384615384613
text_text_ln_lrh0.001_frozen_e5_s44,109,1,1.82185,4.462,0.0,0.00034935897435897433
text_text_ln_lrh0.001_frozen_e5_s44,110,1,1.19519,2.7739,0.0,0.0003525641025641026
text_text_ln_lrh0.001_frozen_e5_s44,111,1,1.52625,1.8572,0.0,0.0003557692307692308
text_text_ln_lrh0.001_frozen_e5_s44,112,1,1.57273,2.8515,0.0,0.000358974358974359
text_text_ln_lrh0.001_frozen_e5_s44,113,1,1.46933,2.7932,0.0,0.0003621794871794872
text_text_ln_lrh0.001_frozen_e5_s44,114,1,1.4013,2.6527,0.0,0.00036538461538461535
text_text_ln_lrh0.001_frozen_e5_s44,115,1,1.40562,2.4702,0.0,0.0003685897435897436
text_text_ln_lrh0.001_frozen_e5_s44,116,1,1.60457,4.9217,0.0,0.0003717948717948718
text_text_ln_lrh0.001_frozen_e5_s44,117,1,1.01378,3.4668,0.0,0.000375
text_text_ln_lrh0.001_frozen_e5_s44,118,1,1.19315,2.691,0.0,0.0003782051282051282
text_text_ln_lrh0.001_frozen_e5_s44,119,1,1.40294,2.9422,0.0,0.0003814102564102564
text_text_ln_lrh0.001_frozen_e5_s44,120,1,1.60895,2.38,0.0,0.00038461538461538467
text_text_ln_lrh0.001_frozen_e5_s44,121,1,1.31004,4.0132,0.0,0.0003878205128205128
text_text_ln_lrh0.001_frozen_e5_s44,122,1,1.66869,6.5135,0.0,0.000391025641025641
text_text_ln_lrh0.001_frozen_e5_s44,123,1,1.39332,3.4067,0.0,0.0003942307692307692
text_text_ln_lrh0.001_frozen_e5_s44,124,1,1.7492,5.0525,0.0,0.0003974358974358974
text_text_ln_lrh0.001_frozen_e5_s44,125,1,1.4273,3.822,0.0,0.0004006410256410257
text_text_ln_lrh0.001_frozen_e5_s44,126,1,1.62163,2.3161,0.0,0.0004038461538461539
text_text_ln_lrh0.001_frozen_e5_s44,127,1,0.86648,4.4448,0.0,0.00040705128205128203
text_text_ln_lrh0.001_frozen_e5_s44,128,1,1.24883,1.4993,0.0,0.00041025641025641023
text_text_ln_lrh0.001_frozen_e5_s44,129,1,1.47466,4.9002,0.0,0.00041346153846153844
text_text_ln_lrh0.001_frozen_e5_s44,130,1,1.40585,3.4355,0.0,0.0004166666666666667
text_text_ln_lrh0.001_frozen_e5_s44,131,1,1.30003,2.0088,0.0,0.0004198717948717949
text_text_ln_lrh0.001_frozen_e5_s44,132,1,1.22898,1.7842,0.0,0.0004230769230769231
text_text_ln_lrh0.001_frozen_e5_s44,133,1,1.42425,3.4283,0.0,0.0004262820512820513
text_text_ln_lrh0.001_frozen_e5_s44,134,1,1.98975,4.6899,0.0,0.00042948717948717945
text_text_ln_lrh0.001_frozen_e5_s44,135,1,1.28717,2.4428,0.0,0.0004326923076923077
text_text_ln_lrh0.001_frozen_e5_s44,136,1,1.7743,4.1184,0.0,0.0004358974358974359
text_text_ln_lrh0.001_frozen_e5_s44,137,1,1.19556,2.9852,0.0,0.0004391025641025641
text_text_ln_lrh0.001_frozen_e5_s44,138,1,1.71263,3.8835,0.0,0.0004423076923076923
text_text_ln_lrh0.001_frozen_e5_s44,139,1,1.8446,4.3927,0.0,0.00044551282051282057
text_text_ln_lrh0.001_frozen_e5_s44,140,1,0.95444,4.5749,0.0,0.0004487179487179487
text_text_ln_lrh0.001_frozen_e5_s44,141,1,1.71109,3.603,0.0,0.0004519230769230769
text_text_ln_lrh0.001_frozen_e5_s44,142,1,1.30185,2.589,0.0,0.0004551282051282051
text_text_ln_lrh0.001_frozen_e5_s44,143,1,2.06425,7.8377,0.0,0.0004583333333333333
text_text_ln_lrh0.001_frozen_e5_s44,144,1,1.55008,2.9089,0.0,0.0004615384615384616
text_text_ln_lrh0.001_frozen_e5_s44,145,1,1.34668,2.0299,0.0,0.0004647435897435898
text_text_ln_lrh0.001_frozen_e5_s44,146,1,1.23712,2.7639,0.0,0.000467948717948718
text_text_ln_lrh0.001_frozen_e5_s44,147,1,1.57239,6.2251,0.0,0.00047115384615384613
text_text_ln_lrh0.001_frozen_e5_s44,148,1,1.50139,4.6762,0.0,0.00047435897435897434
text_text_ln_lrh0.001_frozen_e5_s44,149,1,1.5386,1.9321,0.0,0.0004775641025641026
text_text_ln_lrh0.001_frozen_e5_s44,150,1,1.77225,3.2999,0.0,0.0004807692307692308
text_text_ln_lrh0.001_frozen_e5_s44,151,1,1.66974,4.0323,0.0,0.000483974358974359
text_text_ln_lrh0.001_frozen_e5_s44,152,1,1.27299,3.3248,0.0,0.0004871794871794872
text_text_ln_lrh0.001_frozen_e5_s44,153,1,1.6259,2.7395,0.0,0.0004903846153846154
text_text_ln_lrh0.001_frozen_e5_s44,154,1,1.47803,6.7853,0.0,0.0004935897435897436
text_text_ln_lrh0.001_frozen_e5_s44,155,1,1.66908,2.5756,0.0,0.0004967948717948718
text_text_ln_lrh0.001_frozen_e5_s44,156,1,1.44087,2.8802,0.0,0.0005
text_text_ln_lrh0.001_frozen_e5_s44,157,1,1.46275,2.772,0.0,0.0005032051282051282
text_text_ln_lrh0.001_frozen_e5_s44,158,1,1.39582,3.4805,0.0,0.0005064102564102564
text_text_ln_lrh0.001_frozen_e5_s44,159,1,1.76715,4.7353,0.0,0.0005096153846153846
text_text_ln_lrh0.001_frozen_e5_s44,160,1,1.55563,2.8576,0.0,0.0005128205128205128
text_text_ln_lrh0.001_frozen_e5_s44,161,1,1.63995,3.1095,0.0,0.0005160256410256411
text_text_ln_lrh0.001_frozen_e5_s44,162,1,1.43401,3.468,0.0,0.0005192307692307693
text_text_ln_lrh0.001_frozen_e5_s44,163,1,1.35366,2.7168,0.0,0.0005224358974358974
text_text_ln_lrh0.001_frozen_e5_s44,164,1,1.74081,2.6854,0.0,0.0005256410256410256
text_text_ln_lrh0.001_frozen_e5_s44,165,1,1.44259,2.5316,0.0,0.0005288461538461538
text_text_ln_lrh0.001_frozen_e5_s44,166,1,1.2869,2.7316,0.0,0.000532051282051282
text_text_ln_lrh0.001_frozen_e5_s44,167,1,1.57704,2.6305,0.0,0.0005352564102564102
text_text_ln_lrh0.001_frozen_e5_s44,168,1,1.92027,4.893,0.0,0.0005384615384615384
text_text_ln_lrh0.001_frozen_e5_s44,169,1,1.70909,4.6384,0.0,0.0005416666666666666
text_text_ln_lrh0.001_frozen_e5_s44,170,1,1.34257,3.2828,0.0,0.0005448717948717948
text_text_ln_lrh0.001_frozen_e5_s44,171,1,1.28717,4.5783,0.0,0.0005480769230769232
text_text_ln_lrh0.001_frozen_e5_s44,172,1,1.25726,3.6722,0.0,0.0005512820512820514
text_text_ln_lrh0.001_frozen_e5_s44,173,1,1.67121,3.0253,0.0,0.0005544871794871796
text_text_ln_lrh0.001_frozen_e5_s44,174,1,1.34374,5.2924,0.0,0.0005576923076923078
text_text_ln_lrh0.001_frozen_e5_s44,175,1,1.2628,3.7171,0.0,0.000560897435897436
text_text_ln_lrh0.001_frozen_e5_s44,176,1,1.17961,2.8066,0.0,0.0005641025641025641
text_text_ln_lrh0.001_frozen_e5_s44,177,1,1.60205,5.2367,0.0,0.0005673076923076923
text_text_ln_lrh0.001_frozen_e5_s44,178,1,1.5185,3.4618,0.0,0.0005705128205128205
text_text_ln_lrh0.001_frozen_e5_s44,179,1,1.64606,3.8109,0.0,0.0005737179487179487
text_text_ln_lrh0.001_frozen_e5_s44,180,1,1.8591,3.0807,0.0,0.0005769230769230769
text_text_ln_lrh0.001_frozen_e5_s44,181,1,1.24189,1.7261,0.0,0.0005801282051282052
text_text_ln_lrh0.001_frozen_e5_s44,182,1,1.87471,5.0611,0.0,0.0005833333333333334
text_text_ln_lrh0.001_frozen_e5_s44,183,1,1.00722,2.7496,0.0,0.0005865384615384616
text_text_ln_lrh0.001_frozen_e5_s44,184,1,1.37248,1.5571,0.0,0.0005897435897435898
text_text_ln_lrh0.001_frozen_e5_s44,185,1,0.91719,2.8961,0.0,0.000592948717948718
text_text_ln_lrh0.001_frozen_e5_s44,186,1,1.27014,3.2572,0.0,0.0005961538461538462
text_text_ln_lrh0.001_frozen_e5_s44,187,1,1.54891,4.7235,0.0,0.0005993589743589744
text_text_ln_lrh0.001_frozen_e5_s44,188,1,1.39782,5.3369,0.0,0.0006025641025641026
text_text_ln_lrh0.001_frozen_e5_s44,189,1,1.74807,5.0349,0.0,0.0006057692307692307
text_text_ln_lrh0.001_frozen_e5_s44,190,1,1.2082,3.5895,0.0,0.0006089743589743589
text_text_ln_lrh0.001_frozen_e5_s44,191,1,1.85983,4.9032,0.0,0.0006121794871794872
text_text_ln_lrh0.001_frozen_e5_s44,192,1,1.8169,4.5002,0.0,0.0006153846153846154
text_text_ln_lrh0.001_frozen_e5_s44,193,1,1.65782,3.642,0.0,0.0006185897435897436
text_text_ln_lrh0.001_frozen_e5_s44,194,1,1.84556,4.8337,0.0,0.0006217948717948718
text_text_ln_lrh0.001_frozen_e5_s44,195,1,1.23875,3.1916,0.0,0.000625
text_text_ln_lrh0.001_frozen_e5_s44,196,1,1.24435,3.167,0.0,0.0006282051282051282
text_text_ln_lrh0.001_frozen_e5_s44,197,1,1.26037,2.4874,0.0,0.0006314102564102564
text_text_ln_lrh0.001_frozen_e5_s44,198,1,1.28909,4.4276,0.0,0.0006346153846153846
text_text_ln_lrh0.001_frozen_e5_s44,199,1,1.43914,2.4573,0.0,0.0006378205128205128
text_text_ln_lrh0.001_frozen_e5_s44,200,1,1.19102,2.3797,0.0,0.0006410256410256411
text_text_ln_lrh0.001_frozen_e5_s44,201,1,1.52971,4.3715,0.0,0.0006442307692307693
text_text_ln_lrh0.001_frozen_e5_s44,202,1,1.75256,3.9606,0.0,0.0006474358974358974
text_text_ln_lrh0.001_frozen_e5_s44,203,1,1.35034,4.1613,0.0,0.0006506410256410256
text_text_ln_lrh0.001_frozen_e5_s44,204,1,1.43415,2.7619,0.0,0.0006538461538461538
text_text_ln_lrh0.001_frozen_e5_s44,205,1,1.63122,3.2813,0.0,0.000657051282051282
text_text_ln_lrh0.001_frozen_e5_s44,206,1,1.35315,2.0596,0.0,0.0006602564102564102
text_text_ln_lrh0.001_frozen_e5_s44,207,1,1.49676,1.7686,0.0,0.0006634615384615384
text_text_ln_lrh0.001_frozen_e5_s44,208,1,1.88572,5.0445,0.0,0.0006666666666666666
text_text_ln_lrh0.001_frozen_e5_s44,209,1,1.59306,4.1338,0.0,0.0006698717948717948
text_text_ln_lrh0.001_frozen_e5_s44,210,1,1.39686,4.4885,0.0,0.0006730769230769232
text_text_ln_lrh0.001_frozen_e5_s44,211,1,1.30865,3.8183,0.0,0.0006762820512820514
text_text_ln_lrh0.001_frozen_e5_s44,212,1,1.62124,3.3915,0.0,0.0006794871794871796
text_text_ln_lrh0.001_frozen_e5_s44,213,1,1.51818,2.0733,0.0,0.0006826923076923078
text_text_ln_lrh0.001_frozen_e5_s44,214,1,1.79246,3.7009,0.0,0.000685897435897436
text_text_ln_lrh0.001_frozen_e5_s44,215,1,1.72733,2.5342,0.0,0.0006891025641025641
text_text_ln_lrh0.001_frozen_e5_s44,216,1,1.38392,4.032,0.0,0.0006923076923076923
text_text_ln_lrh0.001_frozen_e5_s44,217,1,1.36555,2.8446,0.0,0.0006955128205128205
text_text_ln_lrh0.001_frozen_e5_s44,218,1,1.59718,3.0078,0.0,0.0006987179487179487
text_text_ln_lrh0.001_frozen_e5_s44,219,1,1.52169,4.3634,0.0,0.0007019230769230769
text_text_ln_lrh0.001_frozen_e5_s44,220,1,1.38664,2.2384,0.0,0.0007051282051282052
text_text_ln_lrh0.001_frozen_e5_s44,221,1,1.21389,2.6346,0.0,0.0007083333333333334
text_text_ln_lrh0.001_frozen_e5_s44,222,1,1.71553,3.2081,0.0,0.0007115384615384616
text_text_ln_lrh0.001_frozen_e5_s44,223,1,1.24527,1.7102,0.0,0.0007147435897435898
text_text_ln_lrh0.001_frozen_e5_s44,224,1,1.49123,3.0029,0.0,0.000717948717948718
text_text_ln_lrh0.001_frozen_e5_s44,225,1,1.71508,3.6544,0.0,0.0007211538461538462
text_text_ln_lrh0.001_frozen_e5_s44,226,1,0.96043,4.2791,0.0,0.0007243589743589744
text_text_ln_lrh0.001_frozen_e5_s44,227,1,1.42367,2.2962,0.0,0.0007275641025641026
text_text_ln_lrh0.001_frozen_e5_s44,228,1,1.50109,3.1906,0.0,0.0007307692307692307
text_text_ln_lrh0.001_frozen_e5_s44,229,1,1.29146,2.0325,0.0,0.0007339743589743589
text_text_ln_lrh0.001_frozen_e5_s44,230,1,1.13665,3.1977,0.0,0.0007371794871794872
text_text_ln_lrh0.001_frozen_e5_s44,231,1,1.62943,2.8687,0.0,0.0007403846153846154
text_text_ln_lrh0.001_frozen_e5_s44,232,1,1.37498,4.4569,0.0,0.0007435897435897436
text_text_ln_lrh0.001_frozen_e5_s44,233,1,1.35184,4.5587,0.0,0.0007467948717948718
text_text_ln_lrh0.001_frozen_e5_s44,234,1,1.30138,3.1364,0.0,0.00075
text_text_ln_lrh0.001_frozen_e5_s44,235,1,1.37121,3.8133,0.0,0.0007532051282051282
text_text_ln_lrh0.001_frozen_e5_s44,236,1,1.02234,2.4724,0.0,0.0007564102564102564
text_text_ln_lrh0.001_frozen_e5_s44,237,1,1.53492,3.0491,0.0,0.0007596153846153846
text_text_ln_lrh0.001_frozen_e5_s44,238,1,1.69028,4.3226,0.0,0.0007628205128205128
text_text_ln_lrh0.001_frozen_e5_s44,239,1,1.64178,3.3312,0.0,0.0007660256410256411
text_text_ln_lrh0.001_frozen_e5_s44,240,1,1.49554,4.8522,0.0,0.0007692307692307693
text_text_ln_lrh0.001_frozen_e5_s44,241,1,1.39721,3.2494,0.0,0.0007724358974358974
text_text_ln_lrh0.001_frozen_e5_s44,242,1,1.14029,2.3363,0.0,0.0007756410256410256
text_text_ln_lrh0.001_frozen_e5_s44,243,1,1.49812,2.632,0.0,0.0007788461538461538
text_text_ln_lrh0.001_frozen_e5_s44,244,1,1.54425,3.0663,0.0,0.000782051282051282
text_text_ln_lrh0.001_frozen_e5_s44,245,1,1.34923,4.9497,0.0,0.0007852564102564102
text_text_ln_lrh0.001_frozen_e5_s44,246,1,1.59085,3.9656,0.0,0.0007884615384615384
text_text_ln_lrh0.001_frozen_e5_s44,247,1,1.51698,3.1704,0.0,0.0007916666666666666
text_text_ln_lrh0.001_frozen_e5_s44,248,1,1.45577,3.6355,0.0,0.0007948717948717948
text_text_ln_lrh0.001_frozen_e5_s44,249,1,1.43513,3.5967,0.0,0.0007980769230769232
text_text_ln_lrh0.001_frozen_e5_s44,250,1,1.31804,2.4457,0.0,0.0008012820512820514
text_text_ln_lrh0.001_frozen_e5_s44,251,1,1.5543,2.996,0.0,0.0008044871794871796
text_text_ln_lrh0.001_frozen_e5_s44,252,1,1.40266,2.9965,0.0,0.0008076923076923078
text_text_ln_lrh0.001_frozen_e5_s44,253,1,1.57916,4.5368,0.0,0.000810897435897436
text_text_ln_lrh0.001_frozen_e5_s44,254,1,1.47372,3.1803,0.0,0.0008141025641025641
text_text_ln_lrh0.001_frozen_e5_s44,255,1,1.21015,2.6135,0.0,0.0008173076923076923
text_text_ln_lrh0.001_frozen_e5_s44,256,1,1.741,3.37,0.0,0.0008205128205128205
text_text_ln_lrh0.001_frozen_e5_s44,257,1,1.16105,4.003,0.0,0.0008237179487179487
text_text_ln_lrh0.001_frozen_e5_s44,258,1,1.27703,3.2628,0.0,0.0008269230769230769
text_text_ln_lrh0.001_frozen_e5_s44,259,1,1.75489,3.3713,0.0,0.0008301282051282052
text_text_ln_lrh0.001_frozen_e5_s44,260,1,1.24043,2.3409,0.0,0.0008333333333333334
text_text_ln_lrh0.001_frozen_e5_s44,261,1,2.10195,7.2924,0.0,0.0008365384615384616
text_text_ln_lrh0.001_frozen_e5_s44,262,1,1.3977,3.9602,0.0,0.0008397435897435898
text_text_ln_lrh0.001_frozen_e5_s44,263,1,1.17307,1.8905,0.0,0.000842948717948718
text_text_ln_lrh0.001_frozen_e5_s44,264,1,1.09692,6.4813,0.0,0.0008461538461538462
text_text_ln_lrh0.001_frozen_e5_s44,265,1,1.62475,3.0673,0.0,0.0008493589743589744
text_text_ln_lrh0.001_frozen_e5_s44,266,1,1.78355,3.1682,0.0,0.0008525641025641026
text_text_ln_lrh0.001_frozen_e5_s44,267,1,1.68439,3.6792,0.0,0.0008557692307692307
text_text_ln_lrh0.001_frozen_e5_s44,268,1,1.34569,4.2602,0.0,0.0008589743589743589
text_text_ln_lrh0.001_frozen_e5_s44,269,1,1.41572,3.8164,0.0,0.0008621794871794872
text_text_ln_lrh0.001_frozen_e5_s44,270,1,1.41868,2.8597,0.0,0.0008653846153846154
text_text_ln_lrh0.001_frozen_e5_s44,271,1,1.17105,4.391,0.0,0.0008685897435897436
text_text_ln_lrh0.001_frozen_e5_s44,272,1,1.31924,3.8799,0.0,0.0008717948717948718
text_text_ln_lrh0.001_frozen_e5_s44,273,1,1.43101,3.2928,0.0,0.000875
text_text_ln_lrh0.001_frozen_e5_s44,274,1,1.78422,4.4002,0.0,0.0008782051282051282
text_text_ln_lrh0.001_frozen_e5_s44,275,1,1.14104,3.0373,0.0,0.0008814102564102564
text_text_ln_lrh0.001_frozen_e5_s44,276,1,1.33346,2.0641,0.0,0.0008846153846153846
text_text_ln_lrh0.001_frozen_e5_s44,277,1,1.57555,4.3369,0.0,0.0008878205128205128
text_text_ln_lrh0.001_frozen_e5_s44,278,1,1.41852,3.9741,0.0,0.0008910256410256411
text_text_ln_lrh0.001_frozen_e5_s44,279,1,1.24429,3.0328,0.0,0.0008942307692307693
text_text_ln_lrh0.001_frozen_e5_s44,280,1,0.98385,2.8032,0.0,0.0008974358974358974
text_text_ln_lrh0.001_frozen_e5_s44,281,1,1.61888,5.782,0.0,0.0009006410256410256
text_text_ln_lrh0.001_frozen_e5_s44,282,1,1.16998,5.3814,0.0,0.0009038461538461538
text_text_ln_lrh0.001_frozen_e5_s44,283,1,1.17082,3.4724,0.0,0.000907051282051282
text_text_ln_lrh0.001_frozen_e5_s44,284,1,1.18523,1.9597,0.0,0.0009102564102564102
text_text_ln_lrh0.001_frozen_e5_s44,285,1,1.4685,2.2761,0.0,0.0009134615384615384
text_text_ln_lrh0.001_frozen_e5_s44,286,1,1.50055,3.1414,0.0,0.0009166666666666666
text_text_ln_lrh0.001_frozen_e5_s44,287,1,1.43356,2.6731,0.0,0.0009198717948717949
text_text_ln_lrh0.001_frozen_e5_s44,288,1,1.19181,1.8394,0.0,0.0009230769230769232
text_text_ln_lrh0.001_frozen_e5_s44,289,1,1.37869,2.4588,0.0,0.0009262820512820514
text_text_ln_lrh0.001_frozen_e5_s44,290,1,1.51029,4.4992,0.0,0.0009294871794871796
text_text_ln_lrh0.001_frozen_e5_s44,291,1,1.18796,2.9312,0.0,0.0009326923076923078
text_text_ln_lrh0.001_frozen_e5_s44,292,1,1.5035,6.4824,0.0,0.000935897435897436
text_text_ln_lrh0.001_frozen_e5_s44,293,1,1.3923,6.1788,0.0,0.0009391025641025641
text_text_ln_lrh0.001_frozen_e5_s44,294,1,1.41254,3.9596,0.0,0.0009423076923076923
text_text_ln_lrh0.001_frozen_e5_s44,295,1,0.93452,2.3281,0.0,0.0009455128205128205
text_text_ln_lrh0.001_frozen_e5_s44,296,1,1.23127,3.0607,0.0,0.0009487179487179487
text_text_ln_lrh0.001_frozen_e5_s44,297,1,1.61406,2.9149,0.0,0.0009519230769230769
text_text_ln_lrh0.001_frozen_e5_s44,298,1,1.54063,5.4051,0.0,0.0009551282051282052
text_text_ln_lrh0.001_frozen_e5_s44,299,1,1.08519,2.4748,0.0,0.0009583333333333334
text_text_ln_lrh0.001_frozen_e5_s44,300,1,1.51393,4.7389,0.0,0.0009615384615384616
text_text_ln_lrh0.001_frozen_e5_s44,301,1,1.30174,6.2684,0.0,0.0009647435897435898
text_text_ln_lrh0.001_frozen_e5_s44,302,1,1.21429,3.2258,0.0,0.000967948717948718
text_text_ln_lrh0.001_frozen_e5_s44,303,1,1.40613,3.018,0.0,0.0009711538461538462
text_text_ln_lrh0.001_frozen_e5_s44,304,1,1.26338,4.4495,0.0,0.0009743589743589744
text_text_ln_lrh0.001_frozen_e5_s44,305,1,1.22653,4.4838,0.0,0.0009775641025641026
text_text_ln_lrh0.001_frozen_e5_s44,306,1,1.36537,4.6777,0.0,0.0009807692307692308
text_text_ln_lrh0.001_frozen_e5_s44,307,1,1.40853,3.2548,0.0,0.000983974358974359
text_text_ln_lrh0.001_frozen_e5_s44,308,1,1.18257,5.6933,0.0,0.0009871794871794872
text_text_ln_lrh0.001_frozen_e5_s44,309,1,1.35572,3.2016,0.0,0.0009903846153846154
text_text_ln_lrh0.001_frozen_e5_s44,310,1,1.52483,3.0791,0.0,0.0009935897435897436
text_text_ln_lrh0.001_frozen_e5_s44,311,1,1.42944,1.8076,0.0,0.0009967948717948718
text_text_ln_lrh0.001_frozen_e5_s44,312,1,1.24883,1.9884,0.0,0.001
text_text_ln_lrh0.001_frozen_e5_s44,313,1,1.42836,3.83,0.0,0.0009996445076430856
text_text_ln_lrh0.001_frozen_e5_s44,314,1,1.47349,4.9047,0.0,0.0009992890152861714
text_text_ln_lrh0.001_frozen_e5_s44,315,1,1.55465,4.7525,0.0,0.000998933522929257
text_text_ln_lrh0.001_frozen_e5_s44,316,1,1.51935,2.6111,0.0,0.0009985780305723428
text_text_ln_lrh0.001_frozen_e5_s44,317,1,1.30917,2.4255,0.0,0.0009982225382154284
text_text_ln_lrh0.001_frozen_e5_s44,318,1,1.08353,2.9383,0.0,0.000997867045858514
text_text_ln_lrh0.001_frozen_e5_s44,319,1,1.18707,2.457,0.0,0.0009975115535015998
text_text_ln_lrh0.001_frozen_e5_s44,320,1,1.05102,2.5476,0.0,0.0009971560611446854
text_text_ln_lrh0.001_frozen_e5_s44,321,1,1.69572,5.3565,0.0,0.000996800568787771
text_text_ln_lrh0.001_frozen_e5_s44,322,1,1.39765,3.1152,0.0,0.0009964450764308568
text_text_ln_lrh0.001_frozen_e5_s44,323,1,1.12881,2.5099,0.0,0.0009960895840739426
text_text_ln_lrh0.001_frozen_e5_s44,324,1,1.17962,2.1386,0.0,0.0009957340917170281
text_text_ln_lrh0.001_frozen_e5_s44,325,1,1.18809,3.2386,0.0,0.0009953785993601137
text_text_ln_lrh0.001_frozen_e5_s44,326,1,1.23307,1.7982,0.0,0.0009950231070031995
text_text_ln_lrh0.001_frozen_e5_s44,327,1,1.27504,5.7514,0.0,0.0009946676146462851
text_text_ln_lrh0.001_frozen_e5_s44,328,1,1.3515,2.0688,0.0,0.000994312122289371
text_text_ln_lrh0.001_frozen_e5_s44,329,1,0.9731,1.75,0.0,0.0009939566299324565
text_text_ln_lrh0.001_frozen_e5_s44,330,1,1.55965,2.3115,0.0,0.000993601137575542
text_text_ln_lrh0.001_frozen_e5_s44,331,1,1.1468,3.7315,0.0,0.000993245645218628
text_text_ln_lrh0.001_frozen_e5_s44,332,1,1.02359,3.7069,0.0,0.0009928901528617135
text_text_ln_lrh0.001_frozen_e5_s44,333,1,1.09518,2.4937,0.0,0.000992534660504799
text_text_ln_lrh0.001_frozen_e5_s44,334,1,1.63843,5.0817,0.0,0.0009921791681478849
text_text_ln_lrh0.001_frozen_e5_s44,335,1,1.49426,3.6517,0.0,0.0009918236757909705
text_text_ln_lrh0.001_frozen_e5_s44,336,1,1.31431,3.8241,0.0,0.0009914681834340563
text_text_ln_lrh0.001_frozen_e5_s44,337,1,1.1665,1.9662,0.0,0.0009911126910771418
text_text_ln_lrh0.001_frozen_e5_s44,338,1,1.4811,1.9787,0.0,0.0009907571987202274
text_text_ln_lrh0.001_frozen_e5_s44,339,1,1.31049,2.3973,0.0,0.0009904017063633132
text_text_ln_lrh0.001_frozen_e5_s44,340,1,1.58041,2.6374,0.0,0.000990046214006399
text_text_ln_lrh0.001_frozen_e5_s44,341,1,1.181,4.261,0.0,0.0009896907216494846
text_text_ln_lrh0.001_frozen_e5_s44,342,1,0.98023,3.596,0.0,0.0009893352292925702
text_text_ln_lrh0.001_frozen_e5_s44,343,1,1.02422,3.9276,0.0,0.0009889797369356558
text_text_ln_lrh0.001_frozen_e5_s44,344,1,1.21352,2.8782,0.0,0.0009886242445787416
text_text_ln_lrh0.001_frozen_e5_s44,345,1,1.76539,4.7465,0.0,0.0009882687522218272
text_text_ln_lrh0.001_frozen_e5_s44,346,1,1.40887,4.4762,0.0,0.0009879132598649128
text_text_ln_lrh0.001_frozen_e5_s44,347,1,0.85494,2.966,0.0,0.0009875577675079986
text_text_ln_lrh0.001_frozen_e5_s44,348,1,0.98541,3.1332,0.0,0.0009872022751510844
text_text_ln_lrh0.001_frozen_e5_s44,349,1,1.15335,3.0428,0.0,0.00098684678279417
text_text_ln_lrh0.001_frozen_e5_s44,350,1,0.99907,3.9696,0.0,0.0009864912904372556
text_text_ln_lrh0.001_frozen_e5_s44,351,1,1.10383,2.8979,0.0,0.0009861357980803414
text_text_ln_lrh0.001_frozen_e5_s44,352,1,1.175,2.7094,0.0,0.000985780305723427
text_text_ln_lrh0.001_frozen_e5_s44,353,1,1.25207,3.3883,0.0,0.0009854248133665127
text_text_ln_lrh0.001_frozen_e5_s44,354,1,1.06059,2.6006,0.0,0.0009850693210095983
text_text_ln_lrh0.001_frozen_e5_s44,355,1,1.65485,2.5227,0.0,0.000984713828652684
text_text_ln_lrh0.001_frozen_e5_s44,356,1,1.08038,3.5306,0.0,0.0009843583362957697
text_text_ln_lrh0.001_frozen_e5_s44,357,1,1.32719,2.0391,0.0,0.0009840028439388553
text_text_ln_lrh0.001_frozen_e5_s44,358,1,1.0379,3.1415,0.0,0.000983647351581941
text_text_ln_lrh0.001_frozen_e5_s44,359,1,1.2444,6.1188,0.0,0.0009832918592250267
text_text_ln_lrh0.001_frozen_e5_s44,360,1,1.2379,4.6946,0.0,0.0009829363668681123
text_text_ln_lrh0.001_frozen_e5_s44,361,1,1.63158,3.4588,0.0,0.000982580874511198
text_text_ln_lrh0.001_frozen_e5_s44,362,1,0.97647,4.0239,0.0,0.0009822253821542837
text_text_ln_lrh0.001_frozen_e5_s44,363,1,0.90862,2.0206,0.0,0.0009818698897973693
text_text_ln_lrh0.001_frozen_e5_s44,364,1,1.23445,2.7507,0.0,0.000981514397440455
text_text_ln_lrh0.001_frozen_e5_s44,365,1,1.44255,3.5117,0.0,0.0009811589050835409
text_text_ln_lrh0.001_frozen_e5_s44,366,1,1.49113,4.7519,0.0,0.0009808034127266265
text_text_ln_lrh0.001_frozen_e5_s44,367,1,1.49319,3.6093,0.0,0.000980447920369712
text_text_ln_lrh0.001_frozen_e5_s44,368,1,1.58787,4.5972,0.0,0.0009800924280127978
text_text_ln_lrh0.001_frozen_e5_s44,369,1,1.81701,6.2007,0.0,0.0009797369356558834
text_text_ln_lrh0.001_frozen_e5_s44,370,1,1.41687,3.7311,0.0,0.000979381443298969
text_text_ln_lrh0.001_frozen_e5_s44,371,1,1.35792,3.8985,0.0,0.0009790259509420548
text_text_ln_lrh0.001_frozen_e5_s44,372,1,1.26533,4.6944,0.0,0.0009786704585851404
text_text_ln_lrh0.001_frozen_e5_s44,373,1,1.2961,5.2922,0.0,0.0009783149662282262
text_text_ln_lrh0.001_frozen_e5_s44,374,1,1.41936,2.8983,0.0,0.0009779594738713118
text_text_ln_lrh0.001_frozen_e5_s44,375,1,1.437,3.8267,0.0,0.0009776039815143974
text_text_ln_lrh0.001_frozen_e5_s44,376,1,1.2474,3.0397,0.0,0.0009772484891574832
text_text_ln_lrh0.001_frozen_e5_s44,377,1,1.16626,5.2601,0.0,0.0009768929968005688
text_text_ln_lrh0.001_frozen_e5_s44,378,1,1.28734,2.4527,0.0,0.0009765375044436545
text_text_ln_lrh0.001_frozen_e5_s44,379,1,1.23626,3.7622,0.0,0.0009761820120867402
text_text_ln_lrh0.001_frozen_e5_s44,380,1,1.38623,4.7525,0.0,0.0009758265197298259
text_text_ln_lrh0.001_frozen_e5_s44,381,1,1.40708,2.1172,0.0,0.0009754710273729114
text_text_ln_lrh0.001_frozen_e5_s44,382,1,1.16237,1.7828,0.0,0.0009751155350159971
text_text_ln_lrh0.001_frozen_e5_s44,383,1,1.35488,3.3564,0.0,0.0009747600426590828
text_text_ln_lrh0.001_frozen_e5_s44,384,1,1.12865,1.5156,0.0,0.0009744045503021685
text_text_ln_lrh0.001_frozen_e5_s44,385,1,1.71592,4.4801,0.0,0.0009740490579452542
text_text_ln_lrh0.001_frozen_e5_s44,386,1,1.47266,3.5036,0.0,0.0009736935655883399
text_text_ln_lrh0.001_frozen_e5_s44,387,1,1.46426,2.4073,0.0,0.0009733380732314255
text_text_ln_lrh0.001_frozen_e5_s44,388,1,1.21105,2.5271,0.0,0.0009729825808745112
text_text_ln_lrh0.001_frozen_e5_s44,389,1,1.14509,4.8294,0.0,0.0009726270885175969
text_text_ln_lrh0.001_frozen_e5_s44,390,1,1.20624,2.7998,0.0,0.0009722715961606826
text_text_ln_lrh0.001_frozen_e5_s44,391,1,1.33496,1.9496,0.0,0.0009719161038037683
text_text_ln_lrh0.001_frozen_e5_s44,392,1,1.2831,3.194,0.0,0.000971560611446854
text_text_ln_lrh0.001_frozen_e5_s44,393,1,1.11317,3.3291,0.0,0.0009712051190899396
text_text_ln_lrh0.001_frozen_e5_s44,394,1,1.4716,3.8824,0.0,0.0009708496267330253
text_text_ln_lrh0.001_frozen_e5_s44,395,1,1.49363,3.9346,0.0,0.0009704941343761108
text_text_ln_lrh0.001_frozen_e5_s44,396,1,1.49488,5.1983,0.0,0.0009701386420191967
text_text_ln_lrh0.001_frozen_e5_s44,397,1,1.55133,3.1443,0.0,0.0009697831496622823
text_text_ln_lrh0.001_frozen_e5_s44,398,1,1.58346,4.9365,0.0,0.0009694276573053679
text_text_ln_lrh0.001_frozen_e5_s44,399,1,1.07648,2.1355,0.0,0.0009690721649484536
text_text_ln_lrh0.001_frozen_e5_s44,400,1,1.45347,2.4394,0.0,0.0009687166725915393
text_text_ln_lrh0.001_frozen_e5_s44,401,1,1.029,3.6078,0.0,0.0009683611802346249
text_text_ln_lrh0.001_frozen_e5_s44,402,1,1.73314,4.2371,0.0,0.0009680056878777106
text_text_ln_lrh0.001_frozen_e5_s44,403,1,1.37411,3.0742,0.0,0.0009676501955207964
text_text_ln_lrh0.001_frozen_e5_s44,404,1,1.48351,2.2812,0.0,0.000967294703163882
text_text_ln_lrh0.001_frozen_e5_s44,405,1,1.22999,3.2043,0.0,0.0009669392108069677
text_text_ln_lrh0.001_frozen_e5_s44,406,1,1.10359,3.3115,0.0,0.0009665837184500534
text_text_ln_lrh0.001_frozen_e5_s44,407,1,1.05493,2.2311,0.0,0.000966228226093139
text_text_ln_lrh0.001_frozen_e5_s44,408,1,1.27766,2.4489,0.0,0.0009658727337362247
text_text_ln_lrh0.001_frozen_e5_s44,409,1,1.27384,3.5139,0.0,0.0009655172413793104
text_text_ln_lrh0.001_frozen_e5_s44,410,1,1.05385,2.778,0.0,0.000965161749022396
text_text_ln_lrh0.001_frozen_e5_s44,411,1,1.25571,3.0445,0.0,0.0009648062566654817
text_text_ln_lrh0.001_frozen_e5_s44,412,1,1.23115,1.6301,0.0,0.0009644507643085673
text_text_ln_lrh0.001_frozen_e5_s44,413,1,1.08177,2.9063,0.0,0.000964095271951653
text_text_ln_lrh0.001_frozen_e5_s44,414,1,1.00762,1.7475,0.0,0.0009637397795947387
text_text_ln_lrh0.001_frozen_e5_s44,415,1,0.92758,3.6498,0.0,0.0009633842872378244
text_text_ln_lrh0.001_frozen_e5_s44,416,1,1.48267,5.5832,0.0,0.0009630287948809101
text_text_ln_lrh0.001_frozen_e5_s44,417,1,1.13563,2.5412,0.0,0.0009626733025239958
text_text_ln_lrh0.001_frozen_e5_s44,418,1,1.03664,2.6868,0.0,0.0009623178101670814
text_text_ln_lrh0.001_frozen_e5_s44,419,1,1.25406,2.6464,0.0,0.0009619623178101671
text_text_ln_lrh0.001_frozen_e5_s44,420,1,1.25967,2.7637,0.0,0.0009616068254532528
text_text_ln_lrh0.001_frozen_e5_s44,421,1,1.21079,3.166,0.0,0.0009612513330963385
text_text_ln_lrh0.001_frozen_e5_s44,422,1,1.16605,2.7879,0.0,0.0009608958407394242
text_text_ln_lrh0.001_frozen_e5_s44,423,1,1.19147,2.8782,0.0,0.0009605403483825098
text_text_ln_lrh0.001_frozen_e5_s44,424,1,1.52199,4.6003,0.0,0.0009601848560255955
text_text_ln_lrh0.001_frozen_e5_s44,425,1,1.22021,4.8412,0.0,0.0009598293636686811
text_text_ln_lrh0.001_frozen_e5_s44,426,1,1.26248,3.4206,0.0,0.0009594738713117667
text_text_ln_lrh0.001_frozen_e5_s44,427,1,1.22288,2.6111,0.0,0.0009591183789548525
text_text_ln_lrh0.001_frozen_e5_s44,428,1,1.42788,5.3553,0.0,0.0009587628865979382
text_text_ln_lrh0.001_frozen_e5_s44,429,1,1.24109,5.1177,0.0,0.0009584073942410238
text_text_ln_lrh0.001_frozen_e5_s44,430,1,1.04447,3.1521,0.0,0.0009580519018841095
text_text_ln_lrh0.001_frozen_e5_s44,431,1,1.01023,2.8163,0.0,0.0009576964095271952
text_text_ln_lrh0.001_frozen_e5_s44,432,1,1.15786,1.5499,0.0,0.0009573409171702808
text_text_ln_lrh0.001_frozen_e5_s44,433,1,1.16355,2.5688,0.0,0.0009569854248133665
text_text_ln_lrh0.001_frozen_e5_s44,434,1,1.07913,2.0917,0.0,0.0009566299324564523
text_text_ln_lrh0.001_frozen_e5_s44,435,1,1.51369,2.2687,0.0,0.0009562744400995379
text_text_ln_lrh0.001_frozen_e5_s44,436,1,1.09323,2.6827,0.0,0.0009559189477426236
text_text_ln_lrh0.001_frozen_e5_s44,437,1,1.34049,5.0017,0.0,0.0009555634553857092
text_text_ln_lrh0.001_frozen_e5_s44,438,1,0.69811,8.1884,0.0,0.0009552079630287949
text_text_ln_lrh0.001_frozen_e5_s44,439,1,1.31866,4.9122,0.0,0.0009548524706718806
text_text_ln_lrh0.001_frozen_e5_s44,440,1,1.14161,2.5138,0.0,0.0009544969783149662
text_text_ln_lrh0.001_frozen_e5_s44,441,1,1.84265,4.2138,0.0,0.0009541414859580519
text_text_ln_lrh0.001_frozen_e5_s44,442,1,0.89378,1.9617,0.0,0.0009537859936011376
text_text_ln_lrh0.001_frozen_e5_s44,443,1,1.25575,3.0466,0.0,0.0009534305012442232
text_text_ln_lrh0.001_frozen_e5_s44,444,1,1.28473,2.4383,0.0,0.0009530750088873089
text_text_ln_lrh0.001_frozen_e5_s44,445,1,0.96668,4.9117,0.0,0.0009527195165303946
text_text_ln_lrh0.001_frozen_e5_s44,446,1,1.28207,3.5321,0.0,0.0009523640241734803
text_text_ln_lrh0.001_frozen_e5_s44,447,1,0.91359,3.4,0.0,0.000952008531816566
text_text_ln_lrh0.001_frozen_e5_s44,448,1,1.5111,4.3495,0.0,0.0009516530394596517
text_text_ln_lrh0.001_frozen_e5_s44,449,1,1.22954,5.5518,0.0,0.0009512975471027373
text_text_ln_lrh0.001_frozen_e5_s44,450,1,1.09912,2.6784,0.0,0.000950942054745823
text_text_ln_lrh0.001_frozen_e5_s44,451,1,1.15125,4.2369,0.0,0.0009505865623889086
text_text_ln_lrh0.001_frozen_e5_s44,452,1,1.67729,5.9374,0.0,0.0009502310700319944
text_text_ln_lrh0.001_frozen_e5_s44,453,1,1.11941,2.2732,0.0,0.0009498755776750801
text_text_ln_lrh0.001_frozen_e5_s44,454,1,0.91928,3.4674,0.0,0.0009495200853181656
text_text_ln_lrh0.001_frozen_e5_s44,455,1,1.32341,3.1596,0.0,0.0009491645929612513
text_text_ln_lrh0.001_frozen_e5_s44,456,1,1.57615,4.325,0.0,0.000948809100604337
text_text_ln_lrh0.001_frozen_e5_s44,457,1,1.23285,2.6693,0.0,0.0009484536082474226
text_text_ln_lrh0.001_frozen_e5_s44,458,1,1.42864,3.5731,0.0,0.0009480981158905084
text_text_ln_lrh0.001_frozen_e5_s44,459,1,1.25469,4.8331,0.0,0.0009477426235335941
text_text_ln_lrh0.001_frozen_e5_s44,460,1,1.07377,5.3762,0.0,0.0009473871311766797
text_text_ln_lrh0.001_frozen_e5_s44,461,1,1.16591,2.7049,0.0,0.0009470316388197654
text_text_ln_lrh0.001_frozen_e5_s44,462,1,1.01241,3.9254,0.0,0.0009466761464628511
text_text_ln_lrh0.001_frozen_e5_s44,463,1,0.91359,2.9868,0.0,0.0009463206541059367
text_text_ln_lrh0.001_frozen_e5_s44,464,1,1.19723,5.0098,0.0,0.0009459651617490224
text_text_ln_lrh0.001_frozen_e5_s44,465,1,0.92358,3.049,0.0,0.0009456096693921082
text_text_ln_lrh0.001_frozen_e5_s44,466,1,1.17809,6.9036,0.0,0.0009452541770351938
text_text_ln_lrh0.001_frozen_e5_s44,467,1,1.45069,4.0293,0.0,0.0009448986846782795
text_text_ln_lrh0.001_frozen_e5_s44,468,1,1.14941,1.7648,0.0,0.000944543192321365
text_text_ln_lrh0.001_frozen_e5_s44,469,1,1.78288,7.9848,0.0,0.0009441876999644507
text_text_ln_lrh0.001_frozen_e5_s44,470,1,1.44309,3.8326,0.0,0.0009438322076075364
text_text_ln_lrh0.001_frozen_e5_s44,471,1,1.27046,1.992,0.0,0.0009434767152506221
text_text_ln_lrh0.001_frozen_e5_s44,472,1,1.64828,3.7268,0.0,0.0009431212228937078
text_text_ln_lrh0.001_frozen_e5_s44,473,1,1.50953,6.8334,0.0,0.0009427657305367935
text_text_ln_lrh0.001_frozen_e5_s44,474,1,1.7858,4.3893,0.0,0.0009424102381798791
text_text_ln_lrh0.001_frozen_e5_s44,475,1,1.07576,3.6408,0.0,0.0009420547458229648
text_text_ln_lrh0.001_frozen_e5_s44,476,1,1.65473,5.4211,0.0,0.0009416992534660505
text_text_ln_lrh0.001_frozen_e5_s44,477,1,1.36458,4.8174,0.0,0.0009413437611091362
text_text_ln_lrh0.001_frozen_e5_s44,478,1,1.1949,5.4532,0.0,0.0009409882687522219
text_text_ln_lrh0.001_frozen_e5_s44,479,1,1.30955,2.4922,0.0,0.0009406327763953076
text_text_ln_lrh0.001_frozen_e5_s44,480,1,1.44116,3.987,0.0,0.0009402772840383932
text_text_ln_lrh0.001_frozen_e5_s44,481,1,1.27959,2.2514,0.0,0.0009399217916814789
text_text_ln_lrh0.001_frozen_e5_s44,482,1,1.58792,4.0369,0.0,0.0009395662993245645
text_text_ln_lrh0.001_frozen_e5_s44,483,1,1.16807,5.2338,0.0,0.0009392108069676503
text_text_ln_lrh0.001_frozen_e5_s44,484,1,1.51061,4.9858,0.0,0.000938855314610736
text_text_ln_lrh0.001_frozen_e5_s44,485,1,1.00325,2.2456,0.0,0.0009384998222538215
text_text_ln_lrh0.001_frozen_e5_s44,486,1,1.40984,4.6706,0.0,0.0009381443298969072
text_text_ln_lrh0.001_frozen_e5_s44,487,1,1.72623,9.1347,0.0,0.0009377888375399929
text_text_ln_lrh0.001_frozen_e5_s44,488,1,1.32321,4.2752,0.0,0.0009374333451830785
text_text_ln_lrh0.001_frozen_e5_s44,489,1,1.79676,4.2143,0.0,0.0009370778528261643
text_text_ln_lrh0.001_frozen_e5_s44,490,1,1.41586,2.8644,0.0,0.00093672236046925
text_text_ln_lrh0.001_frozen_e5_s44,491,1,1.34713,2.8581,0.0,0.0009363668681123356
text_text_ln_lrh0.001_frozen_e5_s44,492,1,1.95401,5.4146,0.0,0.0009360113757554213
text_text_ln_lrh0.001_frozen_e5_s44,493,1,1.43036,3.0766,0.0,0.000935655883398507
text_text_ln_lrh0.001_frozen_e5_s44,494,1,1.78807,5.3894,0.0,0.0009353003910415926
text_text_ln_lrh0.001_frozen_e5_s44,495,1,1.64034,3.6889,0.0,0.0009349448986846783
text_text_ln_lrh0.001_frozen_e5_s44,496,1,1.33394,2.5812,0.0,0.000934589406327764
text_text_ln_lrh0.001_frozen_e5_s44,497,1,1.25838,5.4897,0.0,0.0009342339139708497
text_text_ln_lrh0.001_frozen_e5_s44,498,1,1.18012,3.9086,0.0,0.0009338784216139354
text_text_ln_lrh0.001_frozen_e5_s44,499,1,1.07747,4.7161,0.0,0.0009335229292570209
text_text_ln_lrh0.001_frozen_e5_s44,500,1,1.22131,4.5674,0.0,0.0009331674369001066
text_text_ln_lrh0.001_frozen_e5_s44,501,1,1.58693,3.1925,0.0,0.0009328119445431923
text_text_ln_lrh0.001_frozen_e5_s44,502,1,1.30899,4.594,0.0,0.000932456452186278
text_text_ln_lrh0.001_frozen_e5_s44,503,1,1.12198,2.9126,0.0,0.0009321009598293637
text_text_ln_lrh0.001_frozen_e5_s44,504,1,1.07125,3.6093,0.0,0.0009317454674724494
text_text_ln_lrh0.001_frozen_e5_s44,505,1,1.24375,5.015,0.0,0.000931389975115535
text_text_ln_lrh0.001_frozen_e5_s44,506,1,1.5423,4.4037,0.0,0.0009310344827586207
text_text_ln_lrh0.001_frozen_e5_s44,507,1,1.81638,3.9377,0.0,0.0009306789904017064
text_text_ln_lrh0.001_frozen_e5_s44,508,1,1.3797,3.8734,0.0,0.0009303234980447921
text_text_ln_lrh0.001_frozen_e5_s44,509,1,0.8987,3.2372,0.0,0.0009299680056878778
text_text_ln_lrh0.001_frozen_e5_s44,510,1,1.83748,7.9415,0.0,0.0009296125133309634
text_text_ln_lrh0.001_frozen_e5_s44,511,1,1.7004,3.8648,0.0,0.0009292570209740491
text_text_ln_lrh0.001_frozen_e5_s44,512,1,1.34822,4.4229,0.0,0.0009289015286171348
text_text_ln_lrh0.001_frozen_e5_s44,513,1,1.46509,4.7007,0.0,0.0009285460362602203
text_text_ln_lrh0.001_frozen_e5_s44,514,1,1.10357,1.9983,0.0,0.0009281905439033061
text_text_ln_lrh0.001_frozen_e5_s44,515,1,1.25916,3.7206,0.0,0.0009278350515463918
text_text_ln_lrh0.001_frozen_e5_s44,516,1,1.56829,2.9131,0.0,0.0009274795591894774
text_text_ln_lrh0.001_frozen_e5_s44,517,1,1.61239,3.1562,0.0,0.0009271240668325631
text_text_ln_lrh0.001_frozen_e5_s44,518,1,1.02346,4.4387,0.0,0.0009267685744756488
text_text_ln_lrh0.001_frozen_e5_s44,519,1,1.32529,1.9048,0.0,0.0009264130821187344
text_text_ln_lrh0.001_frozen_e5_s44,520,1,1.41821,4.9091,0.0,0.0009260575897618201
text_text_ln_lrh0.001_frozen_e5_s44,521,1,1.32432,3.3782,0.0,0.0009257020974049059
text_text_ln_lrh0.001_frozen_e5_s44,522,1,1.34708,3.9351,0.0,0.0009253466050479915
text_text_ln_lrh0.001_frozen_e5_s44,523,1,1.38495,3.2988,0.0,0.0009249911126910772
text_text_ln_lrh0.001_frozen_e5_s44,524,1,1.24136,3.1481,0.0,0.0009246356203341628
text_text_ln_lrh0.001_frozen_e5_s44,525,1,0.7706,2.9693,0.0,0.0009242801279772485
text_text_ln_lrh0.001_frozen_e5_s44,526,1,0.95748,3.4923,0.0,0.0009239246356203342
text_text_ln_lrh0.001_frozen_e5_s44,527,1,1.33238,2.9123,0.0,0.0009235691432634199
text_text_ln_lrh0.001_frozen_e5_s44,528,1,2.04362,8.8374,0.0,0.0009232136509065055
text_text_ln_lrh0.001_frozen_e5_s44,529,1,1.17103,3.9623,0.0,0.0009228581585495912
text_text_ln_lrh0.001_frozen_e5_s44,530,1,0.87606,1.9551,0.0,0.0009225026661926768
text_text_ln_lrh0.001_frozen_e5_s44,531,1,1.18516,3.0696,0.0,0.0009221471738357625
text_text_ln_lrh0.001_frozen_e5_s44,532,1,1.36126,2.8871,0.0,0.0009217916814788482
text_text_ln_lrh0.001_frozen_e5_s44,533,1,1.27391,2.8952,0.0,0.0009214361891219339
text_text_ln_lrh0.001_frozen_e5_s44,534,1,1.28277,2.8894,0.0,0.0009210806967650196
text_text_ln_lrh0.001_frozen_e5_s44,535,1,1.42954,3.9431,0.0,0.0009207252044081053
text_text_ln_lrh0.001_frozen_e5_s44,536,1,1.53324,4.195,0.0,0.0009203697120511909
text_text_ln_lrh0.001_frozen_e5_s44,537,1,1.3379,3.7657,0.0,0.0009200142196942766
text_text_ln_lrh0.001_frozen_e5_s44,538,1,1.28946,3.0055,0.0,0.0009196587273373622
text_text_ln_lrh0.001_frozen_e5_s44,539,1,1.30561,2.025,0.0,0.000919303234980448
text_text_ln_lrh0.001_frozen_e5_s44,540,1,1.41256,3.9705,0.0,0.0009189477426235337
text_text_ln_lrh0.001_frozen_e5_s44,541,1,1.07682,2.8845,0.0,0.0009185922502666193
text_text_ln_lrh0.001_frozen_e5_s44,542,1,1.29222,3.3458,0.0,0.000918236757909705
text_text_ln_lrh0.001_frozen_e5_s44,543,1,1.08652,3.1784,0.0,0.0009178812655527906
text_text_ln_lrh0.001_frozen_e5_s44,544,1,1.10205,3.3366,0.0,0.0009175257731958762
text_text_ln_lrh0.001_frozen_e5_s44,545,1,1.11976,3.6216,0.0,0.000917170280838962
text_text_ln_lrh0.001_frozen_e5_s44,546,1,1.47964,3.4996,0.0,0.0009168147884820477
text_text_ln_lrh0.001_frozen_e5_s44,547,1,1.21839,4.171,0.0,0.0009164592961251333
text_text_ln_lrh0.001_frozen_e5_s44,548,1,1.18333,2.0896,0.0,0.000916103803768219
text_text_ln_lrh0.001_frozen_e5_s44,549,1,1.0435,1.8524,0.0,0.0009157483114113047
text_text_ln_lrh0.001_frozen_e5_s44,550,1,1.27634,3.9887,0.0,0.0009153928190543903
text_text_ln_lrh0.001_frozen_e5_s44,551,1,1.63522,3.3653,0.0,0.000915037326697476
text_text_ln_lrh0.001_frozen_e5_s44,552,1,1.48382,4.4509,0.0,0.0009146818343405618
text_text_ln_lrh0.001_frozen_e5_s44,553,1,1.67954,7.3306,0.0,0.0009143263419836474
text_text_ln_lrh0.001_frozen_e5_s44,554,1,1.15009,2.8601,0.0,0.0009139708496267331
text_text_ln_lrh0.001_frozen_e5_s44,555,1,1.42509,2.5817,0.0,0.0009136153572698187
text_text_ln_lrh0.001_frozen_e5_s44,556,1,1.13623,2.1375,0.0,0.0009132598649129044
text_text_ln_lrh0.001_frozen_e5_s44,557,1,1.01101,4.4784,0.0,0.00091290437255599
text_text_ln_lrh0.001_frozen_e5_s44,558,1,1.24106,3.6516,0.0,0.0009125488801990757
text_text_ln_lrh0.001_frozen_e5_s44,559,1,1.2876,3.1465,0.0,0.0009121933878421614
text_text_ln_lrh0.001_frozen_e5_s44,560,1,1.23497,2.5072,0.0,0.0009118378954852471
text_text_ln_lrh0.001_frozen_e5_s44,561,1,1.17242,3.2094,0.0,0.0009114824031283327
text_text_ln_lrh0.001_frozen_e5_s44,562,1,1.18816,2.8563,0.0,0.0009111269107714184
text_text_ln_lrh0.001_frozen_e5_s44,563,1,1.81188,3.1869,0.0,0.0009107714184145041
text_text_ln_lrh0.001_frozen_e5_s44,564,1,0.79712,2.0714,0.0,0.0009104159260575898
text_text_ln_lrh0.001_frozen_e5_s44,565,1,1.50656,3.0646,0.0,0.0009100604337006755
text_text_ln_lrh0.001_frozen_e5_s44,566,1,1.50461,4.925,0.0,0.0009097049413437612
text_text_ln_lrh0.001_frozen_e5_s44,567,1,1.03961,2.3067,0.0,0.0009093494489868468
text_text_ln_lrh0.001_frozen_e5_s44,568,1,1.73219,4.9847,0.0,0.0009089939566299325
text_text_ln_lrh0.001_frozen_e5_s44,569,1,1.29909,4.364,0.0,0.0009086384642730181
text_text_ln_lrh0.001_frozen_e5_s44,570,1,1.06355,4.9787,0.0,0.0009082829719161039
text_text_ln_lrh0.001_frozen_e5_s44,571,1,1.19123,4.1214,0.0,0.0009079274795591896
text_text_ln_lrh0.001_frozen_e5_s44,572,1,1.19823,4.5399,0.0,0.0009075719872022751
text_text_ln_lrh0.001_frozen_e5_s44,573,1,1.32338,4.5648,0.0,0.0009072164948453608
text_text_ln_lrh0.001_frozen_e5_s44,574,1,1.16693,4.8248,0.0,0.0009068610024884465
text_text_ln_lrh0.001_frozen_e5_s44,575,1,1.34998,3.9281,0.0,0.0009065055101315321
text_text_ln_lrh0.001_frozen_e5_s44,576,1,1.66938,4.1348,0.0,0.0009061500177746179
text_text_ln_lrh0.001_frozen_e5_s44,577,1,0.90336,4.4451,0.0,0.0009057945254177036
text_text_ln_lrh0.001_frozen_e5_s44,578,1,1.08547,3.906,0.0,0.0009054390330607892
text_text_ln_lrh0.001_frozen_e5_s44,579,1,1.03832,3.7829,0.0,0.0009050835407038749
text_text_ln_lrh0.001_frozen_e5_s44,580,1,1.47181,3.7832,0.0,0.0009047280483469606
text_text_ln_lrh0.001_frozen_e5_s44,581,1,1.03426,3.9427,0.0,0.0009043725559900462
text_text_ln_lrh0.001_frozen_e5_s44,582,1,1.27733,3.576,0.0,0.0009040170636331319
text_text_ln_lrh0.001_frozen_e5_s44,583,1,1.32108,3.4906,0.0,0.0009036615712762176
text_text_ln_lrh0.001_frozen_e5_s44,584,1,1.53544,4.7748,0.0,0.0009033060789193033
text_text_ln_lrh0.001_frozen_e5_s44,585,1,1.71773,4.7108,0.0,0.000902950586562389
text_text_ln_lrh0.001_frozen_e5_s44,586,1,1.49511,2.882,0.0,0.0009025950942054745
text_text_ln_lrh0.001_frozen_e5_s44,587,1,1.07048,3.0903,0.0,0.0009022396018485602
text_text_ln_lrh0.001_frozen_e5_s44,588,1,1.35366,3.956,0.0,0.0009018841094916459
text_text_ln_lrh0.001_frozen_e5_s44,589,1,1.65692,2.7819,0.0,0.0009015286171347316
text_text_ln_lrh0.001_frozen_e5_s44,590,1,1.1546,2.8491,0.0,0.0009011731247778173
text_text_ln_lrh0.001_frozen_e5_s44,591,1,1.14879,5.4086,0.0,0.000900817632420903
text_text_ln_lrh0.001_frozen_e5_s44,592,1,1.38958,3.8114,0.0,0.0009004621400639886
text_text_ln_lrh0.001_frozen_e5_s44,593,1,1.00091,3.2981,0.0,0.0009001066477070743
text_text_ln_lrh0.001_frozen_e5_s44,594,1,1.23458,4.1704,0.0,0.00089975115535016
text_text_ln_lrh0.001_frozen_e5_s44,595,1,1.63097,2.7445,0.0,0.0008993956629932457
text_text_ln_lrh0.001_frozen_e5_s44,596,1,1.04001,2.387,0.0,0.0008990401706363314
text_text_ln_lrh0.001_frozen_e5_s44,597,1,1.35583,3.4237,0.0,0.000898684678279417
text_text_ln_lrh0.001_frozen_e5_s44,598,1,0.97895,4.8257,0.0,0.0008983291859225027
text_text_ln_lrh0.001_frozen_e5_s44,599,1,0.97997,4.0545,0.0,0.0008979736935655884
text_text_ln_lrh0.001_frozen_e5_s44,600,1,1.27122,4.1579,0.0,0.000897618201208674
text_text_ln_lrh0.001_frozen_e5_s44,601,1,1.5637,4.0408,0.0,0.0008972627088517597
text_text_ln_lrh0.001_frozen_e5_s44,602,1,1.03216,1.8522,0.0,0.0008969072164948454
text_text_ln_lrh0.001_frozen_e5_s44,603,1,1.38691,3.5756,0.0,0.000896551724137931
text_text_ln_lrh0.001_frozen_e5_s44,604,1,0.99703,1.8747,0.0,0.0008961962317810167
text_text_ln_lrh0.001_frozen_e5_s44,605,1,0.83526,2.1285,0.0,0.0008958407394241024
text_text_ln_lrh0.001_frozen_e5_s44,606,1,1.04256,4.9499,0.0,0.000895485247067188
text_text_ln_lrh0.001_frozen_e5_s44,607,1,1.33707,4.3248,0.0,0.0008951297547102738
text_text_ln_lrh0.001_frozen_e5_s44,608,1,0.98083,3.7583,0.0,0.0008947742623533595
text_text_ln_lrh0.001_frozen_e5_s44,609,1,1.64315,2.6154,0.0,0.0008944187699964451
text_text_ln_lrh0.001_frozen_e5_s44,610,1,1.32709,3.7734,0.0,0.0008940632776395308
text_text_ln_lrh0.001_frozen_e5_s44,611,1,1.17898,2.3971,0.0,0.0008937077852826164
text_text_ln_lrh0.001_frozen_e5_s44,612,1,1.27423,2.7873,0.0,0.0008933522929257021
text_text_ln_lrh0.001_frozen_e5_s44,613,1,1.18523,3.8297,0.0,0.0008929968005687878
text_text_ln_lrh0.001_frozen_e5_s44,614,1,1.7048,3.8946,0.0,0.0008926413082118735
text_text_ln_lrh0.001_frozen_e5_s44,615,1,1.02442,3.2375,0.0,0.0008922858158549592
text_text_ln_lrh0.001_frozen_e5_s44,616,1,1.26059,3.3313,0.0,0.0008919303234980448
text_text_ln_lrh0.001_frozen_e5_s44,617,1,1.46197,4.1631,0.0,0.0008915748311411304
text_text_ln_lrh0.001_frozen_e5_s44,618,1,1.49218,3.398,0.0,0.0008912193387842161
text_text_ln_lrh0.001_frozen_e5_s44,619,1,1.28548,3.1878,0.0,0.0008908638464273018
text_text_ln_lrh0.001_frozen_e5_s44,620,1,1.20642,2.4162,0.0,0.0008905083540703875
text_text_ln_lrh0.001_frozen_e5_s44,621,1,1.10595,3.4714,0.0,0.0008901528617134732
text_text_ln_lrh0.001_frozen_e5_s44,622,1,0.84336,4.3683,0.0,0.0008897973693565589
text_text_ln_lrh0.001_frozen_e5_s44,623,1,2.03611,4.9988,0.0,0.0008894418769996445
text_text_ln_lrh0.001_frozen_e5_s44,624,1,1.39308,3.4993,0.0,0.0008890863846427302
text_text_ln_lrh0.001_frozen_e5_s44,625,1,1.3921,6.6862,0.0,0.0008887308922858158
text_text_ln_lrh0.001_frozen_e5_s44,626,2,1.54966,2.718,0.0,0.0008883753999289016
text_text_ln_lrh0.001_frozen_e5_s44,627,2,1.29762,3.1181,0.0,0.0008880199075719873
text_text_ln_lrh0.001_frozen_e5_s44,628,2,1.00243,2.7359,0.0,0.0008876644152150729
text_text_ln_lrh0.001_frozen_e5_s44,629,2,1.49395,3.4044,0.0,0.0008873089228581586
text_text_ln_lrh0.001_frozen_e5_s44,630,2,1.07764,3.129,0.0,0.0008869534305012442
text_text_ln_lrh0.001_frozen_e5_s44,631,2,1.26458,3.0065,0.0,0.0008865979381443298
text_text_ln_lrh0.001_frozen_e5_s44,632,2,1.04725,2.171,0.0,0.0008862424457874156
text_text_ln_lrh0.001_frozen_e5_s44,633,2,1.33045,3.108,0.0,0.0008858869534305013
text_text_ln_lrh0.001_frozen_e5_s44,634,2,1.05111,2.2214,0.0,0.0008855314610735869
text_text_ln_lrh0.001_frozen_e5_s44,635,2,1.53206,3.2949,0.0,0.0008851759687166726
text_text_ln_lrh0.001_frozen_e5_s44,636,2,1.2637,2.8904,0.0,0.0008848204763597583
text_text_ln_lrh0.001_frozen_e5_s44,637,2,1.21363,5.061,0.0,0.0008844649840028439
text_text_ln_lrh0.001_frozen_e5_s44,638,2,1.57583,3.5222,0.0,0.0008841094916459296
text_text_ln_lrh0.001_frozen_e5_s44,639,2,0.75195,4.026,0.0,0.0008837539992890154
text_text_ln_lrh0.001_frozen_e5_s44,640,2,1.48067,2.5053,0.0,0.000883398506932101
text_text_ln_lrh0.001_frozen_e5_s44,641,2,1.45517,3.5448,0.0,0.0008830430145751867
text_text_ln_lrh0.001_frozen_e5_s44,642,2,1.1186,2.473,0.0,0.0008826875222182723
text_text_ln_lrh0.001_frozen_e5_s44,643,2,1.70229,6.7122,0.0,0.000882332029861358
text_text_ln_lrh0.001_frozen_e5_s44,644,2,1.59876,5.1877,0.0,0.0008819765375044437
text_text_ln_lrh0.001_frozen_e5_s44,645,2,1.51224,3.1086,0.0,0.0008816210451475293
text_text_ln_lrh0.001_frozen_e5_s44,646,2,1.20113,3.1229,0.0,0.000881265552790615
text_text_ln_lrh0.001_frozen_e5_s44,647,2,1.21498,2.9771,0.0,0.0008809100604337007
text_text_ln_lrh0.001_frozen_e5_s44,648,2,1.33738,2.9861,0.0,0.0008805545680767863
text_text_ln_lrh0.001_frozen_e5_s44,649,2,0.69575,2.939,0.0,0.000880199075719872
text_text_ln_lrh0.001_frozen_e5_s44,650,2,1.32487,3.0216,0.0,0.0008798435833629577
text_text_ln_lrh0.001_frozen_e5_s44,651,2,0.88184,4.6408,0.0,0.0008794880910060434
text_text_ln_lrh0.001_frozen_e5_s44,652,2,0.98216,3.5625,0.0,0.0008791325986491291
text_text_ln_lrh0.001_frozen_e5_s44,653,2,1.42239,2.8934,0.0,0.0008787771062922148
text_text_ln_lrh0.001_frozen_e5_s44,654,2,1.25452,4.9515,0.0,0.0008784216139353004
text_text_ln_lrh0.001_frozen_e5_s44,655,2,0.95889,4.2562,0.0,0.0008780661215783861
text_text_ln_lrh0.001_frozen_e5_s44,656,2,1.13463,1.925,0.0,0.0008777106292214717
text_text_ln_lrh0.001_frozen_e5_s44,657,2,1.48549,2.6475,0.0,0.0008773551368645575
text_text_ln_lrh0.001_frozen_e5_s44,658,2,1.55297,2.9523,0.0,0.0008769996445076432
text_text_ln_lrh0.001_frozen_e5_s44,659,2,1.22182,5.2444,0.0,0.0008766441521507287
text_text_ln_lrh0.001_frozen_e5_s44,660,2,1.19812,2.615,0.0,0.0008762886597938144
text_text_ln_lrh0.001_frozen_e5_s44,661,2,1.10385,4.2391,0.0,0.0008759331674369001
text_text_ln_lrh0.001_frozen_e5_s44,662,2,1.27086,3.4854,0.0,0.0008755776750799857
text_text_ln_lrh0.001_frozen_e5_s44,663,2,1.37574,5.0543,0.0,0.0008752221827230715
text_text_ln_lrh0.001_frozen_e5_s44,664,2,1.12632,2.3042,0.0,0.0008748666903661572
text_text_ln_lrh0.001_frozen_e5_s44,665,2,0.74909,1.7551,0.0,0.0008745111980092428
text_text_ln_lrh0.001_frozen_e5_s44,666,2,1.57013,4.1253,0.0,0.0008741557056523285
text_text_ln_lrh0.001_frozen_e5_s44,667,2,1.30075,3.7185,0.0,0.0008738002132954142
text_text_ln_lrh0.001_frozen_e5_s44,668,2,1.26414,1.936,0.0,0.0008734447209384998
text_text_ln_lrh0.001_frozen_e5_s44,669,2,1.00391,4.0387,0.0,0.0008730892285815855
text_text_ln_lrh0.001_frozen_e5_s44,670,2,1.15697,4.994,0.0,0.0008727337362246712
text_text_ln_lrh0.001_frozen_e5_s44,671,2,1.33589,3.4283,0.0,0.0008723782438677569
text_text_ln_lrh0.001_frozen_e5_s44,672,2,1.12242,2.4188,0.0,0.0008720227515108426
text_text_ln_lrh0.001_frozen_e5_s44,673,2,1.64378,4.4168,0.0,0.0008716672591539281
text_text_ln_lrh0.001_frozen_e5_s44,674,2,1.32505,2.8743,0.0,0.0008713117667970138
text_text_ln_lrh0.001_frozen_e5_s44,675,2,0.9474,2.3162,0.0,0.0008709562744400995
text_text_ln_lrh0.001_frozen_e5_s44,676,2,1.27979,3.9646,0.0,0.0008706007820831852
text_text_ln_lrh0.001_frozen_e5_s44,677,2,1.16389,3.0664,0.0,0.0008702452897262709
text_text_ln_lrh0.001_frozen_e5_s44,678,2,1.1707,2.3661,0.0,0.0008698897973693566
text_text_ln_lrh0.001_frozen_e5_s44,679,2,1.00732,4.3252,0.0,0.0008695343050124422
text_text_ln_lrh0.001_frozen_e5_s44,680,2,1.27955,3.1096,0.0,0.0008691788126555279
text_text_ln_lrh0.001_frozen_e5_s44,681,2,1.05873,2.078,0.0,0.0008688233202986136
text_text_ln_lrh0.001_frozen_e5_s44,682,2,0.95821,1.9334,0.0,0.0008684678279416993
text_text_ln_lrh0.001_frozen_e5_s44,683,2,1.01722,3.5542,0.0,0.000868112335584785
text_text_ln_lrh0.001_frozen_e5_s44,684,2,0.90856,4.2314,0.0,0.0008677568432278706
text_text_ln_lrh0.001_frozen_e5_s44,685,2,1.40573,2.3648,0.0,0.0008674013508709563
text_text_ln_lrh0.001_frozen_e5_s44,686,2,1.30075,4.696,0.0,0.000867045858514042
text_text_ln_lrh0.001_frozen_e5_s44,687,2,0.99268,2.7698,0.0,0.0008666903661571276
text_text_ln_lrh0.001_frozen_e5_s44,688,2,1.12955,4.4778,0.0,0.0008663348738002134
text_text_ln_lrh0.001_frozen_e5_s44,689,2,1.83023,7.0877,0.0,0.000865979381443299
text_text_ln_lrh0.001_frozen_e5_s44,690,2,1.53489,3.2712,0.0,0.0008656238890863846
text_text_ln_lrh0.001_frozen_e5_s44,691,2,0.8418,4.2934,0.0,0.0008652683967294703
text_text_ln_lrh0.001_frozen_e5_s44,692,2,1.32979,3.2146,0.0,0.000864912904372556
text_text_ln_lrh0.001_frozen_e5_s44,693,2,1.17735,4.3899,0.0,0.0008645574120156416
text_text_ln_lrh0.001_frozen_e5_s44,694,2,0.98393,4.9693,0.0,0.0008642019196587274
text_text_ln_lrh0.001_frozen_e5_s44,695,2,1.11247,2.1131,0.0,0.0008638464273018131
text_text_ln_lrh0.001_frozen_e5_s44,696,2,1.02888,1.7538,0.0,0.0008634909349448987
text_text_ln_lrh0.001_frozen_e5_s44,697,2,0.76228,4.2922,0.0,0.0008631354425879844
text_text_ln_lrh0.001_frozen_e5_s44,698,2,1.2844,3.0119,0.0,0.0008627799502310701
text_text_ln_lrh0.001_frozen_e5_s44,699,2,1.54665,6.2087,0.0,0.0008624244578741557
text_text_ln_lrh0.001_frozen_e5_s44,700,2,1.10196,2.5866,0.0,0.0008620689655172414
text_text_ln_lrh0.001_frozen_e5_s44,701,2,1.31519,5.152,0.0,0.0008617134731603271
text_text_ln_lrh0.001_frozen_e5_s44,702,2,1.14508,5.5182,0.0,0.0008613579808034128
text_text_ln_lrh0.001_frozen_e5_s44,703,2,1.37898,2.4318,0.0,0.0008610024884464985
text_text_ln_lrh0.001_frozen_e5_s44,704,2,1.23619,3.639,0.0,0.000860646996089584
text_text_ln_lrh0.001_frozen_e5_s44,705,2,1.42244,3.8427,0.0,0.0008602915037326697
text_text_ln_lrh0.001_frozen_e5_s44,706,2,1.26711,4.8798,0.0,0.0008599360113757554
text_text_ln_lrh0.001_frozen_e5_s44,707,2,1.02965,7.2789,0.0,0.0008595805190188411
text_text_ln_lrh0.001_frozen_e5_s44,708,2,1.1008,3.8096,0.0,0.0008592250266619268
text_text_ln_lrh0.001_frozen_e5_s44,709,2,0.90341,3.2378,0.0,0.0008588695343050125
text_text_ln_lrh0.001_frozen_e5_s44,710,2,1.14432,2.7819,0.0,0.0008585140419480981
text_text_ln_lrh0.001_frozen_e5_s44,711,2,1.26589,4.1912,0.0,0.0008581585495911838
text_text_ln_lrh0.001_frozen_e5_s44,712,2,1.44818,3.1119,0.0,0.0008578030572342695
text_text_ln_lrh0.001_frozen_e5_s44,713,2,0.94297,2.3876,0.0,0.0008574475648773552
text_text_ln_lrh0.001_frozen_e5_s44,714,2,1.74051,2.5388,0.0,0.0008570920725204409
text_text_ln_lrh0.001_frozen_e5_s44,715,2,1.63378,7.9947,0.0,0.0008567365801635265
text_text_ln_lrh0.001_frozen_e5_s44,716,2,1.20263,2.1618,0.0,0.0008563810878066122
text_text_ln_lrh0.001_frozen_e5_s44,717,2,1.28364,2.8805,0.0,0.0008560255954496979
text_text_ln_lrh0.001_frozen_e5_s44,718,2,1.6165,3.9689,0.0,0.0008556701030927834
text_text_ln_lrh0.001_frozen_e5_s44,719,2,1.08942,2.0153,0.0,0.0008553146107358692
text_text_ln_lrh0.001_frozen_e5_s44,720,2,0.99477,2.5043,0.0,0.0008549591183789549
text_text_ln_lrh0.001_frozen_e5_s44,721,2,1.60608,4.0795,0.0,0.0008546036260220405
text_text_ln_lrh0.001_frozen_e5_s44,722,2,0.97357,4.2099,0.0,0.0008542481336651262
text_text_ln_lrh0.001_frozen_e5_s44,723,2,2.01327,5.6869,0.0,0.0008538926413082119
text_text_ln_lrh0.001_frozen_e5_s44,724,2,1.19481,2.3957,0.0,0.0008535371489512975
text_text_ln_lrh0.001_frozen_e5_s44,725,2,1.07975,6.1257,0.0,0.0008531816565943833
text_text_ln_lrh0.001_frozen_e5_s44,726,2,1.26418,3.1936,0.0,0.000852826164237469
text_text_ln_lrh0.001_frozen_e5_s44,727,2,1.41195,2.8155,0.0,0.0008524706718805546
text_text_ln_lrh0.001_frozen_e5_s44,728,2,1.15343,2.6977,0.0,0.0008521151795236403
text_text_ln_lrh0.001_frozen_e5_s44,729,2,0.98724,2.178,0.0,0.0008517596871667259
text_text_ln_lrh0.001_frozen_e5_s44,730,2,1.20769,4.7927,0.0,0.0008514041948098116
text_text_ln_lrh0.001_frozen_e5_s44,731,2,1.51781,4.2827,0.0,0.0008510487024528973
text_text_ln_lrh0.001_frozen_e5_s44,732,2,1.42482,2.5113,0.0,0.000850693210095983
text_text_ln_lrh0.001_frozen_e5_s44,733,2,1.52659,3.006,0.0,0.0008503377177390686
text_text_ln_lrh0.001_frozen_e5_s44,734,2,1.5151,4.1154,0.0,0.0008499822253821543
text_text_ln_lrh0.001_frozen_e5_s44,735,2,1.39425,2.4006,0.0,0.0008496267330252399
text_text_ln_lrh0.001_frozen_e5_s44,736,2,1.17296,2.4747,0.0,0.0008492712406683256
text_text_ln_lrh0.001_frozen_e5_s44,737,2,1.18034,3.2663,0.0,0.0008489157483114113
text_text_ln_lrh0.001_frozen_e5_s44,738,2,1.67649,3.2828,0.0,0.000848560255954497
text_text_ln_lrh0.001_frozen_e5_s44,739,2,1.01827,4.0801,0.0,0.0008482047635975827
text_text_ln_lrh0.001_frozen_e5_s44,740,2,0.95215,5.1132,0.0,0.0008478492712406684
text_text_ln_lrh0.001_frozen_e5_s44,741,2,1.42331,3.3387,0.0,0.000847493778883754
text_text_ln_lrh0.001_frozen_e5_s44,742,2,1.13961,4.6292,0.0,0.0008471382865268397
text_text_ln_lrh0.001_frozen_e5_s44,743,2,1.50807,4.2366,0.0,0.0008467827941699253
text_text_ln_lrh0.001_frozen_e5_s44,744,2,1.31591,3.3551,0.0,0.0008464273018130111
text_text_ln_lrh0.001_frozen_e5_s44,745,2,1.26477,4.6135,0.0,0.0008460718094560968
text_text_ln_lrh0.001_frozen_e5_s44,746,2,1.41026,5.4394,0.0,0.0008457163170991824
text_text_ln_lrh0.001_frozen_e5_s44,747,2,1.57015,3.4465,0.0,0.000845360824742268
text_text_ln_lrh0.001_frozen_e5_s44,748,2,1.34415,4.4168,0.0,0.0008450053323853537
text_text_ln_lrh0.001_frozen_e5_s44,749,2,1.21404,2.8858,0.0,0.0008446498400284393
text_text_ln_lrh0.001_frozen_e5_s44,750,2,1.04575,2.7589,0.0,0.0008442943476715251
text_text_ln_lrh0.001_frozen_e5_s44,751,2,1.44406,4.1877,0.0,0.0008439388553146108
text_text_ln_lrh0.001_frozen_e5_s44,752,2,1.504,3.6076,0.0,0.0008435833629576964
text_text_ln_lrh0.001_frozen_e5_s44,753,2,1.58866,3.1345,0.0,0.0008432278706007821
text_text_ln_lrh0.001_frozen_e5_s44,754,2,1.4717,3.3199,0.0,0.0008428723782438678
text_text_ln_lrh0.001_frozen_e5_s44,755,2,1.0176,2.477,0.0,0.0008425168858869534
text_text_ln_lrh0.001_frozen_e5_s44,756,2,1.34091,4.2669,0.0,0.0008421613935300392
text_text_ln_lrh0.001_frozen_e5_s44,757,2,1.05626,5.077,0.0,0.0008418059011731248
text_text_ln_lrh0.001_frozen_e5_s44,758,2,1.17091,2.9532,0.0,0.0008414504088162105
text_text_ln_lrh0.001_frozen_e5_s44,759,2,0.99623,4.4146,0.0,0.0008410949164592962
text_text_ln_lrh0.001_frozen_e5_s44,760,2,1.19566,2.6276,0.0,0.0008407394241023818
text_text_ln_lrh0.001_frozen_e5_s44,761,2,1.1221,6.0219,0.0,0.0008403839317454674
text_text_ln_lrh0.001_frozen_e5_s44,762,2,1.38867,4.0121,0.0,0.0008400284393885531
text_text_ln_lrh0.001_frozen_e5_s44,763,2,1.34692,4.0096,0.0,0.0008396729470316388
text_text_ln_lrh0.001_frozen_e5_s44,764,2,0.93476,6.8315,0.0,0.0008393174546747245
text_text_ln_lrh0.001_frozen_e5_s44,765,2,1.19618,4.373,0.0,0.0008389619623178102
text_text_ln_lrh0.001_frozen_e5_s44,766,2,1.06248,2.378,0.0,0.0008386064699608958
text_text_ln_lrh0.001_frozen_e5_s44,767,2,1.47001,4.6019,0.0,0.0008382509776039815
text_text_ln_lrh0.001_frozen_e5_s44,768,2,0.96305,3.6481,0.0,0.0008378954852470672
text_text_ln_lrh0.001_frozen_e5_s44,769,2,1.1418,3.299,0.0,0.0008375399928901529
text_text_ln_lrh0.001_frozen_e5_s44,770,2,1.04064,2.3453,0.0,0.0008371845005332386
text_text_ln_lrh0.001_frozen_e5_s44,771,2,1.57425,6.2612,0.0,0.0008368290081763243
text_text_ln_lrh0.001_frozen_e5_s44,772,2,0.92313,4.7841,0.0,0.0008364735158194099
text_text_ln_lrh0.001_frozen_e5_s44,773,2,1.51212,3.7751,0.0,0.0008361180234624956
text_text_ln_lrh0.001_frozen_e5_s44,774,2,1.45209,7.3562,0.0,0.0008357625311055812
text_text_ln_lrh0.001_frozen_e5_s44,775,2,1.24102,5.3036,0.0,0.000835407038748667
text_text_ln_lrh0.001_frozen_e5_s44,776,2,0.98227,4.4395,0.0,0.0008350515463917527
text_text_ln_lrh0.001_frozen_e5_s44,777,2,1.23894,2.4766,0.0,0.0008346960540348382
text_text_ln_lrh0.001_frozen_e5_s44,778,2,0.89093,2.9233,0.0,0.0008343405616779239
text_text_ln_lrh0.001_frozen_e5_s44,779,2,1.42137,3.1611,0.0,0.0008339850693210096
text_text_ln_lrh0.001_frozen_e5_s44,780,2,1.37537,2.8165,0.0,0.0008336295769640952
text_text_ln_lrh0.001_frozen_e5_s44,781,2,1.4091,2.6472,0.0,0.000833274084607181
text_text_ln_lrh0.001_frozen_e5_s44,782,2,1.37229,2.9908,0.0,0.0008329185922502667
text_text_ln_lrh0.001_frozen_e5_s44,783,2,0.9434,4.6402,0.0,0.0008325630998933523
text_text_ln_lrh0.001_frozen_e5_s44,784,2,1.67385,2.2507,0.0,0.000832207607536438
text_text_ln_lrh0.001_frozen_e5_s44,785,2,0.88494,3.4223,0.0,0.0008318521151795237
text_text_ln_lrh0.001_frozen_e5_s44,786,2,1.51623,6.385,0.0,0.0008314966228226093
text_text_ln_lrh0.001_frozen_e5_s44,787,2,1.0442,2.3573,0.0,0.000831141130465695
text_text_ln_lrh0.001_frozen_e5_s44,788,2,0.92749,5.5918,0.0,0.0008307856381087807
text_text_ln_lrh0.001_frozen_e5_s44,789,2,1.69881,3.7188,0.0,0.0008304301457518664
text_text_ln_lrh0.001_frozen_e5_s44,790,2,1.33505,2.1427,0.0,0.0008300746533949521
text_text_ln_lrh0.001_frozen_e5_s44,791,2,0.94825,3.0326,0.0,0.0008297191610380376
text_text_ln_lrh0.001_frozen_e5_s44,792,2,0.86454,3.1344,0.0,0.0008293636686811233
text_text_ln_lrh0.001_frozen_e5_s44,793,2,1.12753,3.092,0.0,0.000829008176324209
text_text_ln_lrh0.001_frozen_e5_s44,794,2,1.00864,2.4968,0.0,0.0008286526839672947
text_text_ln_lrh0.001_frozen_e5_s44,795,2,1.54414,4.6509,0.0,0.0008282971916103804
text_text_ln_lrh0.001_frozen_e5_s44,796,2,1.42248,4.6014,0.0,0.0008279416992534661
text_text_ln_lrh0.001_frozen_e5_s44,797,2,0.82853,2.4498,0.0,0.0008275862068965517
text_text_ln_lrh0.001_frozen_e5_s44,798,2,1.42052,7.0345,0.0,0.0008272307145396374
text_text_ln_lrh0.001_frozen_e5_s44,799,2,0.51948,3.4551,0.0,0.0008268752221827231
text_text_ln_lrh0.001_frozen_e5_s44,800,2,0.91283,2.8971,0.0,0.0008265197298258088
text_text_ln_lrh0.001_frozen_e5_s44,801,2,1.54949,4.9926,0.0,0.0008261642374688945
text_text_ln_lrh0.001_frozen_e5_s44,802,2,0.98386,4.5589,0.0,0.0008258087451119801
text_text_ln_lrh0.001_frozen_e5_s44,803,2,0.98139,4.625,0.0,0.0008254532527550658
text_text_ln_lrh0.001_frozen_e5_s44,804,2,1.06812,3.8721,0.0,0.0008250977603981515
text_text_ln_lrh0.001_frozen_e5_s44,805,2,1.03326,5.1891,0.0,0.000824742268041237
text_text_ln_lrh0.001_frozen_e5_s44,806,2,0.85645,2.3918,0.0,0.0008243867756843228
text_text_ln_lrh0.001_frozen_e5_s44,807,2,1.77474,2.7408,0.0,0.0008240312833274085
text_text_ln_lrh0.001_frozen_e5_s44,808,2,1.16246,3.3653,0.0,0.0008236757909704941
text_text_ln_lrh0.001_frozen_e5_s44,809,2,1.14554,4.577,0.0,0.0008233202986135798
text_text_ln_lrh0.001_frozen_e5_s44,810,2,1.22038,4.5957,0.0,0.0008229648062566655
text_text_ln_lrh0.001_frozen_e5_s44,811,2,1.03774,3.3655,0.0,0.0008226093138997511
text_text_ln_lrh0.001_frozen_e5_s44,812,2,1.90926,3.5342,0.0,0.0008222538215428369
text_text_ln_lrh0.001_frozen_e5_s44,813,2,0.75451,3.5784,0.0,0.0008218983291859226
text_text_ln_lrh0.001_frozen_e5_s44,814,2,1.00466,3.7469,0.0,0.0008215428368290082
text_text_ln_lrh0.001_frozen_e5_s44,815,2,1.12646,3.0819,0.0,0.0008211873444720939
text_text_ln_lrh0.001_frozen_e5_s44,816,2,1.30326,3.4357,0.0,0.0008208318521151795
text_text_ln_lrh0.001_frozen_e5_s44,817,2,1.09285,4.234,0.0,0.0008204763597582652
text_text_ln_lrh0.001_frozen_e5_s44,818,2,1.08312,4.3027,0.0,0.0008201208674013509
text_text_ln_lrh0.001_frozen_e5_s44,819,2,1.20199,4.8338,0.0,0.0008197653750444366
text_text_ln_lrh0.001_frozen_e5_s44,820,2,0.88838,3.1096,0.0,0.0008194098826875223
text_text_ln_lrh0.001_frozen_e5_s44,821,2,0.86582,3.3566,0.0,0.0008190543903306079
text_text_ln_lrh0.001_frozen_e5_s44,822,2,1.11076,2.3444,0.0,0.0008186988979736935
text_text_ln_lrh0.001_frozen_e5_s44,823,2,1.53915,5.19,0.0,0.0008183434056167792
text_text_ln_lrh0.001_frozen_e5_s44,824,2,1.64579,3.3547,0.0,0.0008179879132598649
text_text_ln_lrh0.001_frozen_e5_s44,825,2,1.02456,2.3867,0.0,0.0008176324209029506
text_text_ln_lrh0.001_frozen_e5_s44,826,2,0.61328,3.0304,0.0,0.0008172769285460363
text_text_ln_lrh0.001_frozen_e5_s44,827,2,1.57588,5.4124,0.0,0.000816921436189122
text_text_ln_lrh0.001_frozen_e5_s44,828,2,1.63025,3.6918,0.0,0.0008165659438322076
text_text_ln_lrh0.001_frozen_e5_s44,829,2,0.84522,2.1873,0.0,0.0008162104514752933
text_text_ln_lrh0.001_frozen_e5_s44,830,2,1.51216,3.7169,0.0,0.0008158549591183789
text_text_ln_lrh0.001_frozen_e5_s44,831,2,1.26337,4.2712,0.0,0.0008154994667614647
text_text_ln_lrh0.001_frozen_e5_s44,832,2,1.41053,4.3877,0.0,0.0008151439744045504
text_text_ln_lrh0.001_frozen_e5_s44,833,2,1.58809,4.3192,0.0,0.000814788482047636
text_text_ln_lrh0.001_frozen_e5_s44,834,2,1.03038,3.219,0.0,0.0008144329896907217
text_text_ln_lrh0.001_frozen_e5_s44,835,2,1.06797,2.7566,0.0,0.0008140774973338073
text_text_ln_lrh0.001_frozen_e5_s44,836,2,0.86113,5.1909,0.0,0.0008137220049768929
text_text_ln_lrh0.001_frozen_e5_s44,837,2,1.53669,5.822,0.0,0.0008133665126199787
text_text_ln_lrh0.001_frozen_e5_s44,838,2,0.88437,3.873,0.0,0.0008130110202630644
text_text_ln_lrh0.001_frozen_e5_s44,839,2,1.12632,4.0835,0.0,0.00081265552790615
text_text_ln_lrh0.001_frozen_e5_s44,840,2,1.29801,4.0851,0.0,0.0008123000355492357
text_text_ln_lrh0.001_frozen_e5_s44,841,2,0.82408,3.1352,0.0,0.0008119445431923214
text_text_ln_lrh0.001_frozen_e5_s44,842,2,0.94282,3.5999,0.0,0.000811589050835407
text_text_ln_lrh0.001_frozen_e5_s44,843,2,1.68402,6.0377,0.0,0.0008112335584784928
text_text_ln_lrh0.001_frozen_e5_s44,844,2,1.26196,2.3762,0.0,0.0008108780661215785
text_text_ln_lrh0.001_frozen_e5_s44,845,2,1.40947,4.013,0.0,0.0008105225737646641
text_text_ln_lrh0.001_frozen_e5_s44,846,2,1.072,2.9917,0.0,0.0008101670814077498
text_text_ln_lrh0.001_frozen_e5_s44,847,2,1.17118,3.1646,0.0,0.0008098115890508354
text_text_ln_lrh0.001_frozen_e5_s44,848,2,1.33267,2.4541,0.0,0.0008094560966939211
text_text_ln_lrh0.001_frozen_e5_s44,849,2,0.95144,4.4359,0.0,0.0008091006043370067
text_text_ln_lrh0.001_frozen_e5_s44,850,2,0.97727,1.8498,0.0,0.0008087451119800924
text_text_ln_lrh0.001_frozen_e5_s44,851,2,1.28288,4.5696,0.0,0.0008083896196231781
text_text_ln_lrh0.001_frozen_e5_s44,852,2,1.50785,2.9639,0.0,0.0008080341272662638
text_text_ln_lrh0.001_frozen_e5_s44,853,2,1.40868,3.3234,0.0,0.0008076786349093494
text_text_ln_lrh0.001_frozen_e5_s44,854,2,1.30788,4.8348,0.0,0.0008073231425524351
text_text_ln_lrh0.001_frozen_e5_s44,855,2,1.2905,4.8204,0.0,0.0008069676501955208
text_text_ln_lrh0.001_frozen_e5_s44,856,2,1.30014,2.7768,0.0,0.0008066121578386065
text_text_ln_lrh0.001_frozen_e5_s44,857,2,0.90328,3.1124,0.0,0.0008062566654816922
text_text_ln_lrh0.001_frozen_e5_s44,858,2,0.97433,2.726,0.0,0.0008059011731247779
text_text_ln_lrh0.001_frozen_e5_s44,859,2,1.24742,1.9625,0.0,0.0008055456807678635
text_text_ln_lrh0.001_frozen_e5_s44,860,2,1.07801,2.4682,0.0,0.0008051901884109492
text_text_ln_lrh0.001_frozen_e5_s44,861,2,1.55709,2.5534,0.0,0.0008048346960540348
text_text_ln_lrh0.001_frozen_e5_s44,862,2,1.02711,2.1992,0.0,0.0008044792036971206
text_text_ln_lrh0.001_frozen_e5_s44,863,2,1.02144,2.4403,0.0,0.0008041237113402063
text_text_ln_lrh0.001_frozen_e5_s44,864,2,1.62158,6.0657,0.0,0.0008037682189832918
text_text_ln_lrh0.001_frozen_e5_s44,865,2,1.52977,3.0654,0.0,0.0008034127266263775
text_text_ln_lrh0.001_frozen_e5_s44,866,2,1.02263,2.412,0.0,0.0008030572342694632
text_text_ln_lrh0.001_frozen_e5_s44,867,2,0.78606,2.0062,0.0,0.0008027017419125488
text_text_ln_lrh0.001_frozen_e5_s44,868,2,1.13436,1.8479,0.0,0.0008023462495556346
text_text_ln_lrh0.001_frozen_e5_s44,869,2,1.03894,4.7658,0.0,0.0008019907571987203
text_text_ln_lrh0.001_frozen_e5_s44,870,2,1.08439,2.8991,0.0,0.0008016352648418059
text_text_ln_lrh0.001_frozen_e5_s44,871,2,1.04386,3.9561,0.0,0.0008012797724848916
text_text_ln_lrh0.001_frozen_e5_s44,872,2,1.42723,2.9281,0.0,0.0008009242801279773
text_text_ln_lrh0.001_frozen_e5_s44,873,2,0.77405,2.0577,0.0,0.0008005687877710629
text_text_ln_lrh0.001_frozen_e5_s44,874,2,0.86437,2.5782,0.0,0.0008002132954141487
text_text_ln_lrh0.001_frozen_e5_s44,875,2,1.66416,5.8097,0.0,0.0007998578030572343
text_text_ln_lrh0.001_frozen_e5_s44,876,2,1.0577,3.0358,0.0,0.00079950231070032
text_text_ln_lrh0.001_frozen_e5_s44,877,2,1.56627,4.5799,0.0,0.0007991468183434057
text_text_ln_lrh0.001_frozen_e5_s44,878,2,1.02263,4.1972,0.0,0.0007987913259864912
text_text_ln_lrh0.001_frozen_e5_s44,879,2,1.47878,3.6202,0.0,0.0007984358336295769
text_text_ln_lrh0.001_frozen_e5_s44,880,2,1.15349,3.0534,0.0,0.0007980803412726626
text_text_ln_lrh0.001_frozen_e5_s44,881,2,0.81483,2.5876,0.0,0.0007977248489157483
text_text_ln_lrh0.001_frozen_e5_s44,882,2,1.41422,6.8687,0.0,0.000797369356558834
text_text_ln_lrh0.001_frozen_e5_s44,883,2,1.30795,3.5712,0.0,0.0007970138642019197
text_text_ln_lrh0.001_frozen_e5_s44,884,2,1.27337,2.5523,0.0,0.0007966583718450053
text_text_ln_lrh0.001_frozen_e5_s44,885,2,1.37615,4.0055,0.0,0.000796302879488091
text_text_ln_lrh0.001_frozen_e5_s44,886,2,1.30329,2.7372,0.0,0.0007959473871311767
text_text_ln_lrh0.001_frozen_e5_s44,887,2,1.14004,2.9801,0.0,0.0007955918947742624
text_text_ln_lrh0.001_frozen_e5_s44,888,2,0.98877,3.2256,0.0,0.0007952364024173481
text_text_ln_lrh0.001_frozen_e5_s44,889,2,0.98577,2.4726,0.0,0.0007948809100604337
text_text_ln_lrh0.001_frozen_e5_s44,890,2,1.23748,3.7896,0.0,0.0007945254177035194
text_text_ln_lrh0.001_frozen_e5_s44,891,2,1.33238,4.0303,0.0,0.0007941699253466051
text_text_ln_lrh0.001_frozen_e5_s44,892,2,1.24373,3.005,0.0,0.0007938144329896907
text_text_ln_lrh0.001_frozen_e5_s44,893,2,1.12393,1.951,0.0,0.0007934589406327765
text_text_ln_lrh0.001_frozen_e5_s44,894,2,0.94999,1.8841,0.0,0.0007931034482758621
text_text_ln_lrh0.001_frozen_e5_s44,895,2,0.9344,3.8176,0.0,0.0007927479559189477
text_text_ln_lrh0.001_frozen_e5_s44,896,2,1.60597,2.8749,0.0,0.0007923924635620334
text_text_ln_lrh0.001_frozen_e5_s44,897,2,0.95796,2.7648,0.0,0.0007920369712051191
text_text_ln_lrh0.001_frozen_e5_s44,898,2,1.21044,3.1448,0.0,0.0007916814788482047
text_text_ln_lrh0.001_frozen_e5_s44,899,2,1.24059,4.452,0.0,0.0007913259864912905
text_text_ln_lrh0.001_frozen_e5_s44,900,2,0.72303,4.9474,0.0,0.0007909704941343762
text_text_ln_lrh0.001_frozen_e5_s44,901,2,1.26085,3.0054,0.0,0.0007906150017774618
text_text_ln_lrh0.001_frozen_e5_s44,902,2,1.33339,3.7372,0.0,0.0007902595094205475
text_text_ln_lrh0.001_frozen_e5_s44,903,2,1.51388,5.2527,0.0,0.0007899040170636331
text_text_ln_lrh0.001_frozen_e5_s44,904,2,1.2134,2.7795,0.0,0.0007895485247067188
text_text_ln_lrh0.001_frozen_e5_s44,905,2,1.12516,3.796,0.0,0.0007891930323498045
text_text_ln_lrh0.001_frozen_e5_s44,906,2,1.00745,2.129,0.0,0.0007888375399928902
text_text_ln_lrh0.001_frozen_e5_s44,907,2,1.36901,2.0876,0.0,0.0007884820476359759
text_text_ln_lrh0.001_frozen_e5_s44,908,2,1.29518,5.7492,0.0,0.0007881265552790616
text_text_ln_lrh0.001_frozen_e5_s44,909,2,1.15593,3.9367,0.0,0.0007877710629221471
text_text_ln_lrh0.001_frozen_e5_s44,910,2,0.97272,3.2179,0.0,0.0007874155705652328
text_text_ln_lrh0.001_frozen_e5_s44,911,2,0.84095,2.7409,0.0,0.0007870600782083185
text_text_ln_lrh0.001_frozen_e5_s44,912,2,1.37832,5.5938,0.0,0.0007867045858514042
text_text_ln_lrh0.001_frozen_e5_s44,913,2,1.15865,2.8699,0.0,0.0007863490934944899
text_text_ln_lrh0.001_frozen_e5_s44,914,2,1.11742,1.8015,0.0,0.0007859936011375756
text_text_ln_lrh0.001_frozen_e5_s44,915,2,1.37409,3.421,0.0,0.0007856381087806612
text_text_ln_lrh0.001_frozen_e5_s44,916,2,1.02584,2.7835,0.0,0.0007852826164237469
text_text_ln_lrh0.001_frozen_e5_s44,917,2,1.21712,4.0539,0.0,0.0007849271240668325
text_text_ln_lrh0.001_frozen_e5_s44,918,2,1.45145,5.2493,0.0,0.0007845716317099183
text_text_ln_lrh0.001_frozen_e5_s44,919,2,1.13266,4.8149,0.0,0.000784216139353004
text_text_ln_lrh0.001_frozen_e5_s44,920,2,0.7496,4.5645,0.0,0.0007838606469960896
text_text_ln_lrh0.001_frozen_e5_s44,921,2,1.59329,3.0853,0.0,0.0007835051546391753
text_text_ln_lrh0.001_frozen_e5_s44,922,2,0.96657,3.9694,0.0,0.000783149662282261
text_text_ln_lrh0.001_frozen_e5_s44,923,2,1.08658,3.2394,0.0,0.0007827941699253465
text_text_ln_lrh0.001_frozen_e5_s44,924,2,1.22542,2.3065,0.0,0.0007824386775684323
text_text_ln_lrh0.001_frozen_e5_s44,925,2,1.02776,2.7262,0.0,0.000782083185211518
text_text_ln_lrh0.001_frozen_e5_s44,926,2,1.05077,3.3629,0.0,0.0007817276928546036
text_text_ln_lrh0.001_frozen_e5_s44,927,2,0.68771,2.6052,0.0,0.0007813722004976893
text_text_ln_lrh0.001_frozen_e5_s44,928,2,1.14779,5.8995,0.0,0.000781016708140775
text_text_ln_lrh0.001_frozen_e5_s44,929,2,0.48678,1.8811,0.0,0.0007806612157838606
text_text_ln_lrh0.001_frozen_e5_s44,930,2,1.19128,3.382,0.0,0.0007803057234269464
text_text_ln_lrh0.001_frozen_e5_s44,931,2,1.15604,1.9669,0.0,0.0007799502310700321
text_text_ln_lrh0.001_frozen_e5_s44,932,2,1.03844,2.5944,0.0,0.0007795947387131177
text_text_ln_lrh0.001_frozen_e5_s44,933,2,1.67656,5.6945,0.0,0.0007792392463562034
text_text_ln_lrh0.001_frozen_e5_s44,934,2,1.11152,3.3693,0.0,0.000778883753999289
text_text_ln_lrh0.001_frozen_e5_s44,935,2,0.93737,1.4578,0.0,0.0007785282616423747
text_text_ln_lrh0.001_frozen_e5_s44,936,2,1.10409,3.3478,0.0,0.0007781727692854604
text_text_ln_lrh0.001_frozen_e5_s44,937,2,1.28949,4.6521,0.0,0.000777817276928546
text_text_ln_lrh0.001_frozen_e5_s44,938,2,0.98503,2.8442,0.0,0.0007774617845716317
text_text_ln_lrh0.001_frozen_e5_s44,939,2,1.2675,4.4048,0.0,0.0007771062922147174
text_text_ln_lrh0.001_frozen_e5_s44,940,2,0.98429,3.3665,0.0,0.000776750799857803
text_text_ln_lrh0.001_frozen_e5_s44,941,2,0.95966,4.1771,0.0,0.0007763953075008887
text_text_ln_lrh0.001_frozen_e5_s44,942,2,1.10114,6.2329,0.0,0.0007760398151439744
text_text_ln_lrh0.001_frozen_e5_s44,943,2,1.30605,4.3943,0.0,0.0007756843227870601
text_text_ln_lrh0.001_frozen_e5_s44,944,2,1.58072,2.6536,0.0,0.0007753288304301458
text_text_ln_lrh0.001_frozen_e5_s44,945,2,1.26903,4.7937,0.0,0.0007749733380732315
text_text_ln_lrh0.001_frozen_e5_s44,946,2,0.97597,2.1545,0.0,0.0007746178457163171
text_text_ln_lrh0.001_frozen_e5_s44,947,2,1.23002,5.326,0.0,0.0007742623533594028
text_text_ln_lrh0.001_frozen_e5_s44,948,2,1.07989,1.9616,0.0,0.0007739068610024884
text_text_ln_lrh0.001_frozen_e5_s44,949,2,0.97347,2.3556,0.0,0.0007735513686455742
text_text_ln_lrh0.001_frozen_e5_s44,950,2,1.10505,3.1301,0.0,0.0007731958762886599
text_text_ln_lrh0.001_frozen_e5_s44,951,2,1.3215,2.7103,0.0,0.0007728403839317455
text_text_ln_lrh0.001_frozen_e5_s44,952,2,0.93966,2.1798,0.0,0.0007724848915748311
text_text_ln_lrh0.001_frozen_e5_s44,953,2,1.14329,2.7569,0.0,0.0007721293992179168
text_text_ln_lrh0.001_frozen_e5_s44,954,2,1.65911,5.3766,0.0,0.0007717739068610024
text_text_ln_lrh0.001_frozen_e5_s44,955,2,1.03175,2.9827,0.0,0.0007714184145040882
text_text_ln_lrh0.001_frozen_e5_s44,956,2,1.05763,2.6489,0.0,0.0007710629221471739
text_text_ln_lrh0.001_frozen_e5_s44,957,2,1.28044,3.4523,0.0,0.0007707074297902595
text_text_ln_lrh0.001_frozen_e5_s44,958,2,0.89548,2.2217,0.0,0.0007703519374333452
text_text_ln_lrh0.001_frozen_e5_s44,959,2,1.02308,4.0127,0.0,0.0007699964450764309
text_text_ln_lrh0.001_frozen_e5_s44,960,2,1.74856,4.8672,0.0,0.0007696409527195165
text_text_ln_lrh0.001_frozen_e5_s44,961,2,1.52897,2.5926,0.0,0.0007692854603626023
text_text_ln_lrh0.001_frozen_e5_s44,962,2,1.31425,3.4867,0.0,0.0007689299680056879
text_text_ln_lrh0.001_frozen_e5_s44,963,2,1.33769,2.9931,0.0,0.0007685744756487736
text_text_ln_lrh0.001_frozen_e5_s44,964,2,1.08919,2.1416,0.0,0.0007682189832918593
text_text_ln_lrh0.001_frozen_e5_s44,965,2,1.48066,3.9942,0.0,0.0007678634909349449
text_text_ln_lrh0.001_frozen_e5_s44,966,2,1.26846,2.3508,0.0,0.0007675079985780305
text_text_ln_lrh0.001_frozen_e5_s44,967,2,0.99834,2.5974,0.0,0.0007671525062211162
text_text_ln_lrh0.001_frozen_e5_s44,968,2,0.95519,2.0159,0.0,0.0007667970138642019
text_text_ln_lrh0.001_frozen_e5_s44,969,2,1.09754,4.4617,0.0,0.0007664415215072876
text_text_ln_lrh0.001_frozen_e5_s44,970,2,1.15731,4.2801,0.0,0.0007660860291503733
text_text_ln_lrh0.001_frozen_e5_s44,971,2,1.13932,3.666,0.0,0.0007657305367934589
text_text_ln_lrh0.001_frozen_e5_s44,972,2,1.24894,3.6399,0.0,0.0007653750444365446
text_text_ln_lrh0.001_frozen_e5_s44,973,2,1.22847,2.8287,0.0,0.0007650195520796303
text_text_ln_lrh0.001_frozen_e5_s44,974,2,0.81901,2.2183,0.0,0.000764664059722716
text_text_ln_lrh0.001_frozen_e5_s44,975,2,1.10992,3.1036,0.0,0.0007643085673658017
text_text_ln_lrh0.001_frozen_e5_s44,976,2,1.24951,4.3398,0.0,0.0007639530750088873
text_text_ln_lrh0.001_frozen_e5_s44,977,2,1.0371,2.2802,0.0,0.000763597582651973
text_text_ln_lrh0.001_frozen_e5_s44,978,2,1.63293,2.2986,0.0,0.0007632420902950587
text_text_ln_lrh0.001_frozen_e5_s44,979,2,1.5658,4.7297,0.0,0.0007628865979381443
text_text_ln_lrh0.001_frozen_e5_s44,980,2,1.11548,2.8693,0.0,0.0007625311055812301
text_text_ln_lrh0.001_frozen_e5_s44,981,2,1.75189,4.3563,0.0,0.0007621756132243158
text_text_ln_lrh0.001_frozen_e5_s44,982,2,1.10781,2.9809,0.0,0.0007618201208674013
text_text_ln_lrh0.001_frozen_e5_s44,983,2,1.25537,3.1589,0.0,0.000761464628510487
text_text_ln_lrh0.001_frozen_e5_s44,984,2,1.22132,2.9596,0.0,0.0007611091361535727
text_text_ln_lrh0.001_frozen_e5_s44,985,2,1.49042,3.1312,0.0,0.0007607536437966583
text_text_ln_lrh0.001_frozen_e5_s44,986,2,1.15447,3.0553,0.0,0.0007603981514397441
text_text_ln_lrh0.001_frozen_e5_s44,987,2,1.5145,7.4648,0.0,0.0007600426590828298
text_text_ln_lrh0.001_frozen_e5_s44,988,2,1.38797,7.8029,0.0,0.0007596871667259154
text_text_ln_lrh0.001_frozen_e5_s44,989,2,1.50718,3.5067,0.0,0.0007593316743690011
text_text_ln_lrh0.001_frozen_e5_s44,990,2,1.27702,9.4986,0.0,0.0007589761820120867
text_text_ln_lrh0.001_frozen_e5_s44,991,2,1.75084,2.4521,0.0,0.0007586206896551724
text_text_ln_lrh0.001_frozen_e5_s44,992,2,1.36121,4.3514,0.0,0.0007582651972982582
text_text_ln_lrh0.001_frozen_e5_s44,993,2,0.89515,4.5385,0.0,0.0007579097049413438
text_text_ln_lrh0.001_frozen_e5_s44,994,2,0.88978,3.6367,0.0,0.0007575542125844295
text_text_ln_lrh0.001_frozen_e5_s44,995,2,1.22669,2.0403,0.0,0.0007571987202275152
text_text_ln_lrh0.001_frozen_e5_s44,996,2,0.89701,2.7798,0.0,0.0007568432278706007
text_text_ln_lrh0.001_frozen_e5_s44,997,2,1.6066,4.2824,0.0,0.0007564877355136864
text_text_ln_lrh0.001_frozen_e5_s44,998,2,1.49622,8.1349,0.0,0.0007561322431567721
text_text_ln_lrh0.001_frozen_e5_s44,999,2,1.12437,4.3534,0.0,0.0007557767507998578
text_text_ln_lrh0.001_frozen_e5_s44,1000,2,1.12447,2.1866,0.0,0.0007554212584429435
text_text_ln_lrh0.001_frozen_e5_s44,1001,2,1.41179,3.3604,0.0,0.0007550657660860292
text_text_ln_lrh0.001_frozen_e5_s44,1002,2,1.3271,5.4257,0.0,0.0007547102737291148
text_text_ln_lrh0.001_frozen_e5_s44,1003,2,1.10496,3.0669,0.0,0.0007543547813722005
text_text_ln_lrh0.001_frozen_e5_s44,1004,2,0.82983,2.9254,0.0,0.0007539992890152861
text_text_ln_lrh0.001_frozen_e5_s44,1005,2,1.51094,3.9887,0.0,0.0007536437966583719
text_text_ln_lrh0.001_frozen_e5_s44,1006,2,1.55518,3.8346,0.0,0.0007532883043014576
text_text_ln_lrh0.001_frozen_e5_s44,1007,2,1.21272,2.4218,0.0,0.0007529328119445432
text_text_ln_lrh0.001_frozen_e5_s44,1008,2,1.53032,3.5793,0.0,0.0007525773195876289
text_text_ln_lrh0.001_frozen_e5_s44,1009,2,1.35706,4.3589,0.0,0.0007522218272307146
text_text_ln_lrh0.001_frozen_e5_s44,1010,2,1.25258,2.2203,0.0,0.0007518663348738001
text_text_ln_lrh0.001_frozen_e5_s44,1011,2,1.44318,3.092,0.0,0.000751510842516886
text_text_ln_lrh0.001_frozen_e5_s44,1012,2,1.18275,3.0465,0.0,0.0007511553501599716
text_text_ln_lrh0.001_frozen_e5_s44,1013,2,0.88049,3.8916,0.0,0.0007507998578030572
text_text_ln_lrh0.001_frozen_e5_s44,1014,2,1.67461,4.7181,0.0,0.0007504443654461429
text_text_ln_lrh0.001_frozen_e5_s44,1015,2,1.26463,5.2318,0.0,0.0007500888730892286
text_text_ln_lrh0.001_frozen_e5_s44,1016,2,1.45494,5.5753,0.0,0.0007497333807323142
text_text_ln_lrh0.001_frozen_e5_s44,1017,2,1.48572,3.3168,0.0,0.0007493778883754
text_text_ln_lrh0.001_frozen_e5_s44,1018,2,1.09781,4.6218,0.0,0.0007490223960184857
text_text_ln_lrh0.001_frozen_e5_s44,1019,2,1.22742,2.7272,0.0,0.0007486669036615713
text_text_ln_lrh0.001_frozen_e5_s44,1020,2,0.97861,3.2728,0.0,0.000748311411304657
text_text_ln_lrh0.001_frozen_e5_s44,1021,2,1.1455,2.4254,0.0,0.0007479559189477426
text_text_ln_lrh0.001_frozen_e5_s44,1022,2,1.11082,3.0936,0.0,0.0007476004265908283
text_text_ln_lrh0.001_frozen_e5_s44,1023,2,1.21192,2.2686,0.0,0.000747244934233914
text_text_ln_lrh0.001_frozen_e5_s44,1024,2,1.13133,2.9105,0.0,0.0007468894418769997
text_text_ln_lrh0.001_frozen_e5_s44,1025,2,0.69279,5.6815,0.0,0.0007465339495200854
text_text_ln_lrh0.001_frozen_e5_s44,1026,2,1.09758,2.2124,0.0,0.000746178457163171
text_text_ln_lrh0.001_frozen_e5_s44,1027,2,1.20207,4.953,0.0,0.0007458229648062566
text_text_ln_lrh0.001_frozen_e5_s44,1028,2,0.64485,1.8058,0.0,0.0007454674724493423
text_text_ln_lrh0.001_frozen_e5_s44,1029,2,1.18473,2.3284,0.0,0.000745111980092428
text_text_ln_lrh0.001_frozen_e5_s44,1030,2,1.42185,3.8607,0.0,0.0007447564877355137
text_text_ln_lrh0.001_frozen_e5_s44,1031,2,0.99971,2.4063,0.0,0.0007444009953785994
text_text_ln_lrh0.001_frozen_e5_s44,1032,2,1.22336,2.669,0.0,0.0007440455030216851
text_text_ln_lrh0.001_frozen_e5_s44,1033,2,1.6696,6.177,0.0,0.0007436900106647707
text_text_ln_lrh0.001_frozen_e5_s44,1034,2,1.3,4.3477,0.0,0.0007433345183078564
text_text_ln_lrh0.001_frozen_e5_s44,1035,2,1.59776,5.9221,0.0,0.000742979025950942
text_text_ln_lrh0.001_frozen_e5_s44,1036,2,0.76134,3.8864,0.0,0.0007426235335940278
text_text_ln_lrh0.001_frozen_e5_s44,1037,2,1.54507,3.5386,0.0,0.0007422680412371135
text_text_ln_lrh0.001_frozen_e5_s44,1038,2,1.12749,2.3427,0.0,0.0007419125488801991
text_text_ln_lrh0.001_frozen_e5_s44,1039,2,0.88115,2.1607,0.0,0.0007415570565232848
text_text_ln_lrh0.001_frozen_e5_s44,1040,2,0.99429,2.8115,0.0,0.0007412015641663704
text_text_ln_lrh0.001_frozen_e5_s44,1041,2,1.25546,4.0739,0.0,0.000740846071809456
text_text_ln_lrh0.001_frozen_e5_s44,1042,2,1.41089,2.9095,0.0,0.0007404905794525418
text_text_ln_lrh0.001_frozen_e5_s44,1043,2,0.81624,2.4339,0.0,0.0007401350870956275
text_text_ln_lrh0.001_frozen_e5_s44,1044,2,1.17814,3.5463,0.0,0.0007397795947387131
text_text_ln_lrh0.001_frozen_e5_s44,1045,2,1.24855,2.5205,0.0,0.0007394241023817988
text_text_ln_lrh0.001_frozen_e5_s44,1046,2,1.18997,3.955,0.0,0.0007390686100248845
text_text_ln_lrh0.001_frozen_e5_s44,1047,2,1.11957,2.2417,0.0,0.0007387131176679701
text_text_ln_lrh0.001_frozen_e5_s44,1048,2,1.46521,2.567,0.0,0.0007383576253110559
text_text_ln_lrh0.001_frozen_e5_s44,1049,2,0.84803,5.4444,0.0,0.0007380021329541415
text_text_ln_lrh0.001_frozen_e5_s44,1050,2,1.36696,2.6566,0.0,0.0007376466405972272
text_text_ln_lrh0.001_frozen_e5_s44,1051,2,0.96263,2.761,0.0,0.0007372911482403129
text_text_ln_lrh0.001_frozen_e5_s44,1052,2,1.30691,2.7048,0.0,0.0007369356558833985
text_text_ln_lrh0.001_frozen_e5_s44,1053,2,1.22366,3.5958,0.0,0.0007365801635264842
text_text_ln_lrh0.001_frozen_e5_s44,1054,2,1.30886,3.5354,0.0,0.0007362246711695698
text_text_ln_lrh0.001_frozen_e5_s44,1055,2,0.82419,2.8134,0.0,0.0007358691788126555
text_text_ln_lrh0.001_frozen_e5_s44,1056,2,0.88191,1.9285,0.0,0.0007355136864557412
text_text_ln_lrh0.001_frozen_e5_s44,1057,2,0.76754,3.1362,0.0,0.0007351581940988269
text_text_ln_lrh0.001_frozen_e5_s44,1058,2,0.6295,2.4676,0.0,0.0007348027017419125
text_text_ln_lrh0.001_frozen_e5_s44,1059,2,1.35286,5.2555,0.0,0.0007344472093849982
text_text_ln_lrh0.001_frozen_e5_s44,1060,2,1.30077,2.6238,0.0,0.0007340917170280839
text_text_ln_lrh0.001_frozen_e5_s44,1061,2,1.72736,5.0942,0.0,0.0007337362246711696
text_text_ln_lrh0.001_frozen_e5_s44,1062,2,1.24868,3.2382,0.0,0.0007333807323142553
text_text_ln_lrh0.001_frozen_e5_s44,1063,2,1.25038,2.2176,0.0,0.0007330252399573409
text_text_ln_lrh0.001_frozen_e5_s44,1064,2,1.02277,3.9045,0.0,0.0007326697476004266
text_text_ln_lrh0.001_frozen_e5_s44,1065,2,1.37233,3.1473,0.0,0.0007323142552435123
text_text_ln_lrh0.001_frozen_e5_s44,1066,2,1.17253,2.8676,0.0,0.0007319587628865979
text_text_ln_lrh0.001_frozen_e5_s44,1067,2,1.15937,2.9986,0.0,0.0007316032705296837
text_text_ln_lrh0.001_frozen_e5_s44,1068,2,1.26144,3.0326,0.0,0.0007312477781727694
text_text_ln_lrh0.001_frozen_e5_s44,1069,2,0.95641,1.6453,0.0,0.000730892285815855
text_text_ln_lrh0.001_frozen_e5_s44,1070,2,1.08736,2.3911,0.0,0.0007305367934589406
text_text_ln_lrh0.001_frozen_e5_s44,1071,2,1.578,2.4378,0.0,0.0007301813011020263
text_text_ln_lrh0.001_frozen_e5_s44,1072,2,0.87875,2.9274,0.0,0.0007298258087451119
text_text_ln_lrh0.001_frozen_e5_s44,1073,2,1.47951,4.2731,0.0,0.0007294703163881977
text_text_ln_lrh0.001_frozen_e5_s44,1074,2,1.39558,4.3382,0.0,0.0007291148240312834
text_text_ln_lrh0.001_frozen_e5_s44,1075,2,1.35761,2.4527,0.0,0.000728759331674369
text_text_ln_lrh0.001_frozen_e5_s44,1076,2,1.05664,2.579,0.0,0.0007284038393174547
text_text_ln_lrh0.001_frozen_e5_s44,1077,2,1.60666,4.1795,0.0,0.0007280483469605403
text_text_ln_lrh0.001_frozen_e5_s44,1078,2,1.25445,3.592,0.0,0.000727692854603626
text_text_ln_lrh0.001_frozen_e5_s44,1079,2,0.82574,3.6434,0.0,0.0007273373622467118
text_text_ln_lrh0.001_frozen_e5_s44,1080,2,1.2145,4.3165,0.0,0.0007269818698897974
text_text_ln_lrh0.001_frozen_e5_s44,1081,2,1.26327,4.1042,0.0,0.0007266263775328831
text_text_ln_lrh0.001_frozen_e5_s44,1082,2,1.3393,2.5497,0.0,0.0007262708851759688
text_text_ln_lrh0.001_frozen_e5_s44,1083,2,1.29216,2.5993,0.0,0.0007259153928190543
text_text_ln_lrh0.001_frozen_e5_s44,1084,2,0.86002,5.1901,0.0,0.00072555990046214
text_text_ln_lrh0.001_frozen_e5_s44,1085,2,1.67041,4.0363,0.0,0.0007252044081052257
text_text_ln_lrh0.001_frozen_e5_s44,1086,2,1.94302,5.4304,0.0,0.0007248489157483114
text_text_ln_lrh0.001_frozen_e5_s44,1087,2,1.26499,2.959,0.0,0.0007244934233913971
text_text_ln_lrh0.001_frozen_e5_s44,1088,2,1.09483,1.9182,0.0,0.0007241379310344828
text_text_ln_lrh0.001_frozen_e5_s44,1089,2,0.8853,2.5853,0.0,0.0007237824386775684
text_text_ln_lrh0.001_frozen_e5_s44,1090,2,1.19401,2.5838,0.0,0.0007234269463206541
text_text_ln_lrh0.001_frozen_e5_s44,1091,2,0.72499,2.358,0.0,0.0007230714539637398
text_text_ln_lrh0.001_frozen_e5_s44,1092,2,1.13259,3.3261,0.0,0.0007227159616068255
text_text_ln_lrh0.001_frozen_e5_s44,1093,2,1.22706,1.9205,0.0,0.0007223604692499112
text_text_ln_lrh0.001_frozen_e5_s44,1094,2,1.37898,5.022,0.0,0.0007220049768929968
text_text_ln_lrh0.001_frozen_e5_s44,1095,2,0.76585,2.1379,0.0,0.0007216494845360825
text_text_ln_lrh0.001_frozen_e5_s44,1096,2,1.17939,4.3757,0.0,0.0007212939921791682
text_text_ln_lrh0.001_frozen_e5_s44,1097,2,1.07399,2.4629,0.0,0.0007209384998222538
text_text_ln_lrh0.001_frozen_e5_s44,1098,2,0.8934,2.1343,0.0,0.0007205830074653396
text_text_ln_lrh0.001_frozen_e5_s44,1099,2,1.2152,3.2912,0.0,0.0007202275151084252
text_text_ln_lrh0.001_frozen_e5_s44,1100,2,1.17867,1.8053,0.0,0.0007198720227515108
text_text_ln_lrh0.001_frozen_e5_s44,1101,2,1.46391,2.3434,0.0,0.0007195165303945965
text_text_ln_lrh0.001_frozen_e5_s44,1102,2,1.36065,2.2707,0.0,0.0007191610380376822
text_text_ln_lrh0.001_frozen_e5_s44,1103,2,0.87127,3.0364,0.0,0.0007188055456807678
text_text_ln_lrh0.001_frozen_e5_s44,1104,2,1.11648,2.6084,0.0,0.0007184500533238536
text_text_ln_lrh0.001_frozen_e5_s44,1105,2,1.42288,3.8202,0.0,0.0007180945609669393
text_text_ln_lrh0.001_frozen_e5_s44,1106,2,1.59848,2.8186,0.0,0.0007177390686100249
text_text_ln_lrh0.001_frozen_e5_s44,1107,2,1.23002,4.9705,0.0,0.0007173835762531106
text_text_ln_lrh0.001_frozen_e5_s44,1108,2,0.94642,2.5317,0.0,0.0007170280838961962
text_text_ln_lrh0.001_frozen_e5_s44,1109,2,1.17025,2.6693,0.0,0.0007166725915392819
text_text_ln_lrh0.001_frozen_e5_s44,1110,2,1.0486,3.8159,0.0,0.0007163170991823677
text_text_ln_lrh0.001_frozen_e5_s44,1111,2,1.10005,2.4326,0.0,0.0007159616068254533
text_text_ln_lrh0.001_frozen_e5_s44,1112,2,1.48757,4.4367,0.0,0.000715606114468539
text_text_ln_lrh0.001_frozen_e5_s44,1113,2,1.03055,4.651,0.0,0.0007152506221116247
text_text_ln_lrh0.001_frozen_e5_s44,1114,2,0.9158,1.8068,0.0,0.0007148951297547102
text_text_ln_lrh0.001_frozen_e5_s44,1115,2,0.9755,2.7776,0.0,0.0007145396373977959
text_text_ln_lrh0.001_frozen_e5_s44,1116,2,1.47647,2.0121,0.0,0.0007141841450408816
text_text_ln_lrh0.001_frozen_e5_s44,1117,2,1.36904,3.6541,0.0,0.0007138286526839673
text_text_ln_lrh0.001_frozen_e5_s44,1118,2,1.08937,3.1706,0.0,0.000713473160327053
text_text_ln_lrh0.001_frozen_e5_s44,1119,2,0.77546,2.9151,0.0,0.0007131176679701387
text_text_ln_lrh0.001_frozen_e5_s44,1120,2,1.1507,3.2514,0.0,0.0007127621756132243
text_text_ln_lrh0.001_frozen_e5_s44,1121,2,1.19283,2.6173,0.0,0.00071240668325631
text_text_ln_lrh0.001_frozen_e5_s44,1122,2,1.11173,2.1023,0.0,0.0007120511908993956
text_text_ln_lrh0.001_frozen_e5_s44,1123,2,1.05018,4.1276,0.0,0.0007116956985424814
text_text_ln_lrh0.001_frozen_e5_s44,1124,2,1.16472,3.0147,0.0,0.0007113402061855671
text_text_ln_lrh0.001_frozen_e5_s44,1125,2,1.59714,4.7393,0.0,0.0007109847138286527
text_text_ln_lrh0.001_frozen_e5_s44,1126,2,0.89781,2.6374,0.0,0.0007106292214717384
text_text_ln_lrh0.001_frozen_e5_s44,1127,2,1.0761,3.1463,0.0,0.000710273729114824
text_text_ln_lrh0.001_frozen_e5_s44,1128,2,1.19984,4.5127,0.0,0.0007099182367579096
text_text_ln_lrh0.001_frozen_e5_s44,1129,2,1.03908,3.1679,0.0,0.0007095627444009954
text_text_ln_lrh0.001_frozen_e5_s44,1130,2,1.00728,3.0662,0.0,0.0007092072520440811
text_text_ln_lrh0.001_frozen_e5_s44,1131,2,1.17367,2.4934,0.0,0.0007088517596871667
text_text_ln_lrh0.001_frozen_e5_s44,1132,2,1.43125,3.0446,0.0,0.0007084962673302524
text_text_ln_lrh0.001_frozen_e5_s44,1133,2,1.33285,4.7314,0.0,0.0007081407749733381
text_text_ln_lrh0.001_frozen_e5_s44,1134,2,1.20926,2.5193,0.0,0.0007077852826164237
text_text_ln_lrh0.001_frozen_e5_s44,1135,2,1.21767,3.205,0.0,0.0007074297902595095
text_text_ln_lrh0.001_frozen_e5_s44,1136,2,0.82626,2.4813,0.0,0.0007070742979025951
text_text_ln_lrh0.001_frozen_e5_s44,1137,2,1.00049,2.9025,0.0,0.0007067188055456808
text_text_ln_lrh0.001_frozen_e5_s44,1138,2,1.05218,2.6074,0.0,0.0007063633131887665
text_text_ln_lrh0.001_frozen_e5_s44,1139,2,1.24902,3.8653,0.0,0.0007060078208318521
text_text_ln_lrh0.001_frozen_e5_s44,1140,2,1.22963,3.2696,0.0,0.0007056523284749378
text_text_ln_lrh0.001_frozen_e5_s44,1141,2,0.87501,2.3109,0.0,0.0007052968361180236
text_text_ln_lrh0.001_frozen_e5_s44,1142,2,0.97296,3.5658,0.0,0.0007049413437611091
text_text_ln_lrh0.001_frozen_e5_s44,1143,2,1.14149,3.0993,0.0,0.0007045858514041948
text_text_ln_lrh0.001_frozen_e5_s44,1144,2,1.08995,5.0368,0.0,0.0007042303590472805
text_text_ln_lrh0.001_frozen_e5_s44,1145,2,0.6587,3.5712,0.0,0.0007038748666903661
text_text_ln_lrh0.001_frozen_e5_s44,1146,2,1.68016,2.968,0.0,0.0007035193743334518
text_text_ln_lrh0.001_frozen_e5_s44,1147,2,1.30519,5.0151,0.0,0.0007031638819765375
text_text_ln_lrh0.001_frozen_e5_s44,1148,2,1.61312,4.2416,0.0,0.0007028083896196232
text_text_ln_lrh0.001_frozen_e5_s44,1149,2,1.13369,4.6143,0.0,0.0007024528972627089
text_text_ln_lrh0.001_frozen_e5_s44,1150,2,1.71763,7.3432,0.0,0.0007020974049057946
text_text_ln_lrh0.001_frozen_e5_s44,1151,2,1.24326,3.3022,0.0,0.0007017419125488802
text_text_ln_lrh0.001_frozen_e5_s44,1152,2,0.92938,2.5519,0.0,0.0007013864201919659
text_text_ln_lrh0.001_frozen_e5_s44,1153,2,1.4974,3.0226,0.0,0.0007010309278350515
text_text_ln_lrh0.001_frozen_e5_s44,1154,2,1.16767,2.4268,0.0,0.0007006754354781373
text_text_ln_lrh0.001_frozen_e5_s44,1155,2,1.3622,4.5119,0.0,0.000700319943121223
text_text_ln_lrh0.001_frozen_e5_s44,1156,2,1.47498,4.6506,0.0,0.0006999644507643086
text_text_ln_lrh0.001_frozen_e5_s44,1157,2,1.61063,2.4308,0.0,0.0006996089584073942
text_text_ln_lrh0.001_frozen_e5_s44,1158,2,1.40435,2.5801,0.0,0.0006992534660504799
text_text_ln_lrh0.001_frozen_e5_s44,1159,2,1.03224,4.1861,0.0,0.0006988979736935655
text_text_ln_lrh0.001_frozen_e5_s44,1160,2,1.47362,2.8097,0.0,0.0006985424813366513
text_text_ln_lrh0.001_frozen_e5_s44,1161,2,1.68431,3.3043,0.0,0.000698186988979737
text_text_ln_lrh0.001_frozen_e5_s44,1162,2,0.96142,4.2362,0.0,0.0006978314966228226
text_text_ln_lrh0.001_frozen_e5_s44,1163,2,1.10001,3.2794,0.0,0.0006974760042659083
text_text_ln_lrh0.001_frozen_e5_s44,1164,2,1.1487,2.6299,0.0,0.000697120511908994
text_text_ln_lrh0.001_frozen_e5_s44,1165,2,0.77167,2.9141,0.0,0.0006967650195520796
text_text_ln_lrh0.001_frozen_e5_s44,1166,2,0.76368,2.4523,0.0,0.0006964095271951654
text_text_ln_lrh0.001_frozen_e5_s44,1167,2,1.38455,2.1003,0.0,0.000696054034838251
text_text_ln_lrh0.001_frozen_e5_s44,1168,2,1.43182,4.0977,0.0,0.0006956985424813367
text_text_ln_lrh0.001_frozen_e5_s44,1169,2,1.04084,2.2563,0.0,0.0006953430501244224
text_text_ln_lrh0.001_frozen_e5_s44,1170,2,0.92013,2.4468,0.0,0.000694987557767508
text_text_ln_lrh0.001_frozen_e5_s44,1171,2,1.3687,2.9014,0.0,0.0006946320654105936
text_text_ln_lrh0.001_frozen_e5_s44,1172,2,1.26388,3.0868,0.0,0.0006942765730536793
text_text_ln_lrh0.001_frozen_e5_s44,1173,2,1.19752,2.9909,0.0,0.000693921080696765
text_text_ln_lrh0.001_frozen_e5_s44,1174,2,1.24851,2.8403,0.0,0.0006935655883398507
text_text_ln_lrh0.001_frozen_e5_s44,1175,2,0.59331,1.706,0.0,0.0006932100959829364
text_text_ln_lrh0.001_frozen_e5_s44,1176,2,0.9976,3.2098,0.0,0.000692854603626022
text_text_ln_lrh0.001_frozen_e5_s44,1177,2,1.15403,3.1417,0.0,0.0006924991112691077
text_text_ln_lrh0.001_frozen_e5_s44,1178,2,1.74826,6.283,0.0,0.0006921436189121934
text_text_ln_lrh0.001_frozen_e5_s44,1179,2,1.1849,3.2158,0.0,0.0006917881265552791
text_text_ln_lrh0.001_frozen_e5_s44,1180,2,1.00089,4.2858,0.0,0.0006914326341983648
text_text_ln_lrh0.001_frozen_e5_s44,1181,2,1.38596,2.9323,0.0,0.0006910771418414504
text_text_ln_lrh0.001_frozen_e5_s44,1182,2,1.64482,4.974,0.0,0.0006907216494845361
text_text_ln_lrh0.001_frozen_e5_s44,1183,2,1.13017,1.8828,0.0,0.0006903661571276218
text_text_ln_lrh0.001_frozen_e5_s44,1184,2,1.37611,3.6215,0.0,0.0006900106647707074
text_text_ln_lrh0.001_frozen_e5_s44,1185,2,1.13966,3.449,0.0,0.0006896551724137932
text_text_ln_lrh0.001_frozen_e5_s44,1186,2,1.51334,3.6789,0.0,0.0006892996800568789
text_text_ln_lrh0.001_frozen_e5_s44,1187,2,0.81744,2.9013,0.0,0.0006889441876999644
text_text_ln_lrh0.001_frozen_e5_s44,1188,2,1.36414,2.5362,0.0,0.0006885886953430501
text_text_ln_lrh0.001_frozen_e5_s44,1189,2,1.14626,3.3204,0.0,0.0006882332029861358
text_text_ln_lrh0.001_frozen_e5_s44,1190,2,1.51929,4.5645,0.0,0.0006878777106292214
text_text_ln_lrh0.001_frozen_e5_s44,1191,2,0.92559,5.215,0.0,0.0006875222182723072
text_text_ln_lrh0.001_frozen_e5_s44,1192,2,1.48262,2.7211,0.0,0.0006871667259153929
text_text_ln_lrh0.001_frozen_e5_s44,1193,2,1.3869,2.986,0.0,0.0006868112335584785
text_text_ln_lrh0.001_frozen_e5_s44,1194,2,1.49688,3.8398,0.0,0.0006864557412015642
text_text_ln_lrh0.001_frozen_e5_s44,1195,2,1.53947,3.938,0.0,0.0006861002488446498
text_text_ln_lrh0.001_frozen_e5_s44,1196,2,0.98526,2.713,0.0,0.0006857447564877355
text_text_ln_lrh0.001_frozen_e5_s44,1197,2,1.00669,2.5261,0.0,0.0006853892641308213
text_text_ln_lrh0.001_frozen_e5_s44,1198,2,1.67525,2.9317,0.0,0.0006850337717739069
text_text_ln_lrh0.001_frozen_e5_s44,1199,2,1.20363,3.1652,0.0,0.0006846782794169926
text_text_ln_lrh0.001_frozen_e5_s44,1200,2,1.03515,2.3488,0.0,0.0006843227870600783
text_text_ln_lrh0.001_frozen_e5_s44,1201,2,1.53355,2.8185,0.0,0.0006839672947031638
text_text_ln_lrh0.001_frozen_e5_s44,1202,2,1.43564,3.072,0.0,0.0006836118023462495
text_text_ln_lrh0.001_frozen_e5_s44,1203,2,0.69968,3.7611,0.0,0.0006832563099893352
text_text_ln_lrh0.001_frozen_e5_s44,1204,2,1.40331,2.9076,0.0,0.0006829008176324209
text_text_ln_lrh0.001_frozen_e5_s44,1205,2,1.11591,2.6011,0.0,0.0006825453252755066
text_text_ln_lrh0.001_frozen_e5_s44,1206,2,1.19907,2.6683,0.0,0.0006821898329185923
text_text_ln_lrh0.001_frozen_e5_s44,1207,2,1.8753,5.1059,0.0,0.0006818343405616779
text_text_ln_lrh0.001_frozen_e5_s44,1208,2,1.09053,3.7779,0.0,0.0006814788482047636
text_text_ln_lrh0.001_frozen_e5_s44,1209,2,1.08813,2.9298,0.0,0.0006811233558478492
text_text_ln_lrh0.001_frozen_e5_s44,1210,2,1.5259,4.2097,0.0,0.000680767863490935
text_text_ln_lrh0.001_frozen_e5_s44,1211,2,1.06483,3.6603,0.0,0.0006804123711340207
text_text_ln_lrh0.001_frozen_e5_s44,1212,2,1.37423,4.7014,0.0,0.0006800568787771063
text_text_ln_lrh0.001_frozen_e5_s44,1213,2,1.31276,2.0586,0.0,0.000679701386420192
text_text_ln_lrh0.001_frozen_e5_s44,1214,2,1.00621,2.5827,0.0,0.0006793458940632777
text_text_ln_lrh0.001_frozen_e5_s44,1215,2,0.89059,3.9343,0.0,0.0006789904017063632
text_text_ln_lrh0.001_frozen_e5_s44,1216,2,1.40671,2.5019,0.0,0.000678634909349449
text_text_ln_lrh0.001_frozen_e5_s44,1217,2,1.35284,2.2264,0.0,0.0006782794169925347
text_text_ln_lrh0.001_frozen_e5_s44,1218,2,0.8441,4.749,0.0,0.0006779239246356203
text_text_ln_lrh0.001_frozen_e5_s44,1219,2,1.14311,3.0629,0.0,0.000677568432278706
text_text_ln_lrh0.001_frozen_e5_s44,1220,2,1.10022,3.6086,0.0,0.0006772129399217917
text_text_ln_lrh0.001_frozen_e5_s44,1221,2,1.43392,3.5073,0.0,0.0006768574475648773
text_text_ln_lrh0.001_frozen_e5_s44,1222,2,1.34523,3.2705,0.0,0.0006765019552079631
text_text_ln_lrh0.001_frozen_e5_s44,1223,2,1.14785,4.9524,0.0,0.0006761464628510488
text_text_ln_lrh0.001_frozen_e5_s44,1224,2,1.12076,2.1416,0.0,0.0006757909704941344
text_text_ln_lrh0.001_frozen_e5_s44,1225,2,1.05251,3.8701,0.0,0.0006754354781372201
text_text_ln_lrh0.001_frozen_e5_s44,1226,2,0.93062,1.6713,0.0,0.0006750799857803057
text_text_ln_lrh0.001_frozen_e5_s44,1227,2,0.80642,3.217,0.0,0.0006747244934233914
text_text_ln_lrh0.001_frozen_e5_s44,1228,2,1.01407,1.8264,0.0,0.0006743690010664772
text_text_ln_lrh0.001_frozen_e5_s44,1229,2,1.1252,2.1862,0.0,0.0006740135087095628
text_text_ln_lrh0.001_frozen_e5_s44,1230,2,1.23575,3.845,0.0,0.0006736580163526484
text_text_ln_lrh0.001_frozen_e5_s44,1231,2,1.60545,5.0507,0.0,0.0006733025239957341
text_text_ln_lrh0.001_frozen_e5_s44,1232,2,1.17105,2.8957,0.0,0.0006729470316388197
text_text_ln_lrh0.001_frozen_e5_s44,1233,2,0.87493,2.7011,0.0,0.0006725915392819054
text_text_ln_lrh0.001_frozen_e5_s44,1234,2,1.43831,4.505,0.0,0.0006722360469249911
text_text_ln_lrh0.001_frozen_e5_s44,1235,2,0.90467,2.5439,0.0,0.0006718805545680768
text_text_ln_lrh0.001_frozen_e5_s44,1236,2,0.9881,1.5652,0.0,0.0006715250622111625
text_text_ln_lrh0.001_frozen_e5_s44,1237,2,1.14872,2.5976,0.0,0.0006711695698542482
text_text_ln_lrh0.001_frozen_e5_s44,1238,2,1.32188,2.6886,0.0,0.0006708140774973338
text_text_ln_lrh0.001_frozen_e5_s44,1239,2,1.47202,2.7473,0.0,0.0006704585851404195
text_text_ln_lrh0.001_frozen_e5_s44,1240,2,0.92911,1.7135,0.0,0.0006701030927835051
text_text_ln_lrh0.001_frozen_e5_s44,1241,2,1.68909,4.9532,0.0,0.0006697476004265909
text_text_ln_lrh0.001_frozen_e5_s44,1242,2,1.46155,3.0383,0.0,0.0006693921080696766
text_text_ln_lrh0.001_frozen_e5_s44,1243,2,1.53291,3.1884,0.0,0.0006690366157127622
text_text_ln_lrh0.001_frozen_e5_s44,1244,2,1.24211,2.722,0.0,0.0006686811233558479
text_text_ln_lrh0.001_frozen_e5_s44,1245,2,1.2757,3.7034,0.0,0.0006683256309989335
text_text_ln_lrh0.001_frozen_e5_s44,1246,2,1.12025,4.2616,0.0,0.0006679701386420191
text_text_ln_lrh0.001_frozen_e5_s44,1247,2,1.15625,2.6236,0.0,0.0006676146462851049
text_text_ln_lrh0.001_frozen_e5_s44,1248,2,0.99334,2.7135,0.0,0.0006672591539281906
text_text_ln_lrh0.001_frozen_e5_s44,1249,2,0.70803,5.3073,0.0,0.0006669036615712762
text_text_ln_lrh0.001_frozen_e5_s44,1250,2,1.85577,8.9931,0.0,0.0006665481692143619
text_text_ln_lrh0.001_frozen_e5_s44,1251,3,1.04488,4.0767,0.0,0.0006661926768574476
text_text_ln_lrh0.001_frozen_e5_s44,1252,3,1.12403,3.1003,0.0,0.0006658371845005332
text_text_ln_lrh0.001_frozen_e5_s44,1253,3,1.08705,3.8194,0.0,0.000665481692143619
text_text_ln_lrh0.001_frozen_e5_s44,1254,3,1.46751,2.3474,0.0,0.0006651261997867046
text_text_ln_lrh0.001_frozen_e5_s44,1255,3,1.27215,2.4614,0.0,0.0006647707074297903
text_text_ln_lrh0.001_frozen_e5_s44,1256,3,1.12219,3.4118,0.0,0.000664415215072876
text_text_ln_lrh0.001_frozen_e5_s44,1257,3,1.60462,3.3937,0.0,0.0006640597227159616
text_text_ln_lrh0.001_frozen_e5_s44,1258,3,1.12129,3.0319,0.0,0.0006637042303590473
text_text_ln_lrh0.001_frozen_e5_s44,1259,3,0.98394,3.1777,0.0,0.0006633487380021331
text_text_ln_lrh0.001_frozen_e5_s44,1260,3,1.21313,3.7258,0.0,0.0006629932456452186
text_text_ln_lrh0.001_frozen_e5_s44,1261,3,0.98458,4.2293,0.0,0.0006626377532883043
text_text_ln_lrh0.001_frozen_e5_s44,1262,3,1.36385,3.3353,0.0,0.00066228226093139
text_text_ln_lrh0.001_frozen_e5_s44,1263,3,1.42983,6.5452,0.0,0.0006619267685744756
text_text_ln_lrh0.001_frozen_e5_s44,1264,3,1.40803,3.2524,0.0,0.0006615712762175613
text_text_ln_lrh0.001_frozen_e5_s44,1265,3,0.62606,2.0593,0.0,0.000661215783860647
text_text_ln_lrh0.001_frozen_e5_s44,1266,3,1.42531,3.7571,0.0,0.0006608602915037327
text_text_ln_lrh0.001_frozen_e5_s44,1267,3,1.44427,4.4708,0.0,0.0006605047991468184
text_text_ln_lrh0.001_frozen_e5_s44,1268,3,1.40823,3.608,0.0,0.000660149306789904
text_text_ln_lrh0.001_frozen_e5_s44,1269,3,1.13547,1.9927,0.0,0.0006597938144329897
text_text_ln_lrh0.001_frozen_e5_s44,1270,3,0.95905,3.5508,0.0,0.0006594383220760754
text_text_ln_lrh0.001_frozen_e5_s44,1271,3,1.31018,4.1954,0.0,0.000659082829719161
text_text_ln_lrh0.001_frozen_e5_s44,1272,3,1.55639,4.4794,0.0,0.0006587273373622468
text_text_ln_lrh0.001_frozen_e5_s44,1273,3,1.11831,2.4338,0.0,0.0006583718450053325
text_text_ln_lrh0.001_frozen_e5_s44,1274,3,1.30519,4.622,0.0,0.000658016352648418
text_text_ln_lrh0.001_frozen_e5_s44,1275,3,0.95828,1.7235,0.0,0.0006576608602915037
text_text_ln_lrh0.001_frozen_e5_s44,1276,3,1.20747,4.5056,0.0,0.0006573053679345894
text_text_ln_lrh0.001_frozen_e5_s44,1277,3,1.25782,3.9257,0.0,0.000656949875577675
text_text_ln_lrh0.001_frozen_e5_s44,1278,3,0.87107,3.5454,0.0,0.0006565943832207608
text_text_ln_lrh0.001_frozen_e5_s44,1279,3,1.60583,3.5903,0.0,0.0006562388908638465
text_text_ln_lrh0.001_frozen_e5_s44,1280,3,1.74314,5.7983,0.0,0.0006558833985069321
text_text_ln_lrh0.001_frozen_e5_s44,1281,3,1.07187,1.8506,0.0,0.0006555279061500178
text_text_ln_lrh0.001_frozen_e5_s44,1282,3,1.47269,2.4355,0.0,0.0006551724137931034
text_text_ln_lrh0.001_frozen_e5_s44,1283,3,1.17797,3.3002,0.0,0.0006548169214361891
text_text_ln_lrh0.001_frozen_e5_s44,1284,3,1.04833,2.8959,0.0,0.0006544614290792749
text_text_ln_lrh0.001_frozen_e5_s44,1285,3,1.24893,3.4462,0.0,0.0006541059367223605
text_text_ln_lrh0.001_frozen_e5_s44,1286,3,1.3889,3.0804,0.0,0.0006537504443654462
text_text_ln_lrh0.001_frozen_e5_s44,1287,3,1.62547,2.2758,0.0,0.0006533949520085319
text_text_ln_lrh0.001_frozen_e5_s44,1288,3,0.59719,5.2317,0.0,0.0006530394596516174
text_text_ln_lrh0.001_frozen_e5_s44,1289,3,1.21102,3.8578,0.0,0.0006526839672947031
text_text_ln_lrh0.001_frozen_e5_s44,1290,3,0.92241,4.0455,0.0,0.0006523284749377888
text_text_ln_lrh0.001_frozen_e5_s44,1291,3,1.46809,1.7879,0.0,0.0006519729825808745
text_text_ln_lrh0.001_frozen_e5_s44,1292,3,0.94928,3.2965,0.0,0.0006516174902239602
text_text_ln_lrh0.001_frozen_e5_s44,1293,3,1.1932,2.658,0.0,0.0006512619978670459
text_text_ln_lrh0.001_frozen_e5_s44,1294,3,1.4411,3.0103,0.0,0.0006509065055101315
text_text_ln_lrh0.001_frozen_e5_s44,1295,3,0.96764,1.52,0.0,0.0006505510131532172
text_text_ln_lrh0.001_frozen_e5_s44,1296,3,1.30814,4.057,0.0,0.0006501955207963028
text_text_ln_lrh0.001_frozen_e5_s44,1297,3,1.41407,4.2182,0.0,0.0006498400284393886
text_text_ln_lrh0.001_frozen_e5_s44,1298,3,0.94162,2.2106,0.0,0.0006494845360824743
text_text_ln_lrh0.001_frozen_e5_s44,1299,3,0.93647,3.2065,0.0,0.0006491290437255599
text_text_ln_lrh0.001_frozen_e5_s44,1300,3,1.11373,2.5572,0.0,0.0006487735513686456
text_text_ln_lrh0.001_frozen_e5_s44,1301,3,0.86765,1.7696,0.0,0.0006484180590117313
text_text_ln_lrh0.001_frozen_e5_s44,1302,3,1.14905,2.3188,0.0,0.0006480625666548168
text_text_ln_lrh0.001_frozen_e5_s44,1303,3,1.09238,2.3326,0.0,0.0006477070742979027
text_text_ln_lrh0.001_frozen_e5_s44,1304,3,1.36883,4.0687,0.0,0.0006473515819409883
text_text_ln_lrh0.001_frozen_e5_s44,1305,3,1.1635,5.5267,0.0,0.0006469960895840739
text_text_ln_lrh0.001_frozen_e5_s44,1306,3,1.06203,2.2862,0.0,0.0006466405972271596
text_text_ln_lrh0.001_frozen_e5_s44,1307,3,0.96395,2.1765,0.0,0.0006462851048702453
text_text_ln_lrh0.001_frozen_e5_s44,1308,3,1.15053,2.4381,0.0,0.0006459296125133309
text_text_ln_lrh0.001_frozen_e5_s44,1309,3,1.43986,2.7666,0.0,0.0006455741201564167
text_text_ln_lrh0.001_frozen_e5_s44,1310,3,1.66919,3.4436,0.0,0.0006452186277995024
text_text_ln_lrh0.001_frozen_e5_s44,1311,3,1.1955,2.7589,0.0,0.000644863135442588
text_text_ln_lrh0.001_frozen_e5_s44,1312,3,0.86097,1.9519,0.0,0.0006445076430856737
text_text_ln_lrh0.001_frozen_e5_s44,1313,3,1.0523,2.6082,0.0,0.0006441521507287593
text_text_ln_lrh0.001_frozen_e5_s44,1314,3,1.21619,4.8885,0.0,0.000643796658371845
text_text_ln_lrh0.001_frozen_e5_s44,1315,3,1.53212,3.5105,0.0,0.0006434411660149308
text_text_ln_lrh0.001_frozen_e5_s44,1316,3,1.08305,4.532,0.0,0.0006430856736580164
text_text_ln_lrh0.001_frozen_e5_s44,1317,3,0.9966,1.6146,0.0,0.0006427301813011021
text_text_ln_lrh0.001_frozen_e5_s44,1318,3,1.27928,2.4217,0.0,0.0006423746889441877
text_text_ln_lrh0.001_frozen_e5_s44,1319,3,1.39085,3.5032,0.0,0.0006420191965872733
text_text_ln_lrh0.001_frozen_e5_s44,1320,3,1.1754,2.4573,0.0,0.000641663704230359
text_text_ln_lrh0.001_frozen_e5_s44,1321,3,0.83292,5.284,0.0,0.0006413082118734447
text_text_ln_lrh0.001_frozen_e5_s44,1322,3,0.86933,4.4549,0.0,0.0006409527195165304
text_text_ln_lrh0.001_frozen_e5_s44,1323,3,1.02131,2.1598,0.0,0.0006405972271596161
text_text_ln_lrh0.001_frozen_e5_s44,1324,3,0.7825,3.2895,0.0,0.0006402417348027018
text_text_ln_lrh0.001_frozen_e5_s44,1325,3,1.4889,3.1569,0.0,0.0006398862424457874
text_text_ln_lrh0.001_frozen_e5_s44,1326,3,1.38024,3.025,0.0,0.0006395307500888731
text_text_ln_lrh0.001_frozen_e5_s44,1327,3,0.62953,4.2003,0.0,0.0006391752577319587
text_text_ln_lrh0.001_frozen_e5_s44,1328,3,0.97565,4.3161,0.0,0.0006388197653750445
text_text_ln_lrh0.001_frozen_e5_s44,1329,3,1.65048,4.087,0.0,0.0006384642730181302
text_text_ln_lrh0.001_frozen_e5_s44,1330,3,1.37347,3.5605,0.0,0.0006381087806612158
text_text_ln_lrh0.001_frozen_e5_s44,1331,3,1.52205,3.7197,0.0,0.0006377532883043015
text_text_ln_lrh0.001_frozen_e5_s44,1332,3,1.4532,4.4163,0.0,0.0006373977959473872
text_text_ln_lrh0.001_frozen_e5_s44,1333,3,1.84904,5.2788,0.0,0.0006370423035904727
text_text_ln_lrh0.001_frozen_e5_s44,1334,3,1.04805,3.157,0.0,0.0006366868112335585
text_text_ln_lrh0.001_frozen_e5_s44,1335,3,0.99956,2.4607,0.0,0.0006363313188766442
text_text_ln_lrh0.001_frozen_e5_s44,1336,3,1.52058,3.9342,0.0,0.0006359758265197298
text_text_ln_lrh0.001_frozen_e5_s44,1337,3,1.31753,3.448,0.0,0.0006356203341628155
text_text_ln_lrh0.001_frozen_e5_s44,1338,3,0.67315,4.4541,0.0,0.0006352648418059012
text_text_ln_lrh0.001_frozen_e5_s44,1339,3,1.14929,1.7852,0.0,0.0006349093494489868
text_text_ln_lrh0.001_frozen_e5_s44,1340,3,0.73748,4.2553,0.0,0.0006345538570920726
text_text_ln_lrh0.001_frozen_e5_s44,1341,3,0.79117,4.4233,0.0,0.0006341983647351582
text_text_ln_lrh0.001_frozen_e5_s44,1342,3,1.23412,1.921,0.0,0.0006338428723782439
text_text_ln_lrh0.001_frozen_e5_s44,1343,3,1.4017,1.8314,0.0,0.0006334873800213296
text_text_ln_lrh0.001_frozen_e5_s44,1344,3,1.18526,2.5892,0.0,0.0006331318876644152
text_text_ln_lrh0.001_frozen_e5_s44,1345,3,1.34633,3.6326,0.0,0.0006327763953075009
text_text_ln_lrh0.001_frozen_e5_s44,1346,3,1.2151,3.2569,0.0,0.0006324209029505867
text_text_ln_lrh0.001_frozen_e5_s44,1347,3,0.87405,3.1075,0.0,0.0006320654105936722
text_text_ln_lrh0.001_frozen_e5_s44,1348,3,1.49545,4.6315,0.0,0.0006317099182367579
text_text_ln_lrh0.001_frozen_e5_s44,1349,3,1.12572,2.7226,0.0,0.0006313544258798436
text_text_ln_lrh0.001_frozen_e5_s44,1350,3,0.78149,3.8209,0.0,0.0006309989335229292
text_text_ln_lrh0.001_frozen_e5_s44,1351,3,1.35384,2.5394,0.0,0.0006306434411660149
text_text_ln_lrh0.001_frozen_e5_s44,1352,3,0.91204,2.5116,0.0,0.0006302879488091006
text_text_ln_lrh0.001_frozen_e5_s44,1353,3,0.8612,2.8668,0.0,0.0006299324564521863
text_text_ln_lrh0.001_frozen_e5_s44,1354,3,1.55343,4.8062,0.0,0.000629576964095272
text_text_ln_lrh0.001_frozen_e5_s44,1355,3,1.0144,4.4517,0.0,0.0006292214717383576
text_text_ln_lrh0.001_frozen_e5_s44,1356,3,0.91296,3.2395,0.0,0.0006288659793814433
text_text_ln_lrh0.001_frozen_e5_s44,1357,3,1.58713,4.1436,0.0,0.000628510487024529
text_text_ln_lrh0.001_frozen_e5_s44,1358,3,1.24067,3.1776,0.0,0.0006281549946676146
text_text_ln_lrh0.001_frozen_e5_s44,1359,3,0.95403,4.7065,0.0,0.0006277995023107004
text_text_ln_lrh0.001_frozen_e5_s44,1360,3,0.59997,1.754,0.0,0.0006274440099537861
text_text_ln_lrh0.001_frozen_e5_s44,1361,3,1.14346,3.3247,0.0,0.0006270885175968717
text_text_ln_lrh0.001_frozen_e5_s44,1362,3,1.61261,3.984,0.0,0.0006267330252399573
text_text_ln_lrh0.001_frozen_e5_s44,1363,3,1.25595,3.5785,0.0,0.000626377532883043
text_text_ln_lrh0.001_frozen_e5_s44,1364,3,1.28264,4.4983,0.0,0.0006260220405261286
text_text_ln_lrh0.001_frozen_e5_s44,1365,3,1.18608,4.1215,0.0,0.0006256665481692144
text_text_ln_lrh0.001_frozen_e5_s44,1366,3,0.90386,2.0279,0.0,0.0006253110558123001
text_text_ln_lrh0.001_frozen_e5_s44,1367,3,1.4939,3.06,0.0,0.0006249555634553857
text_text_ln_lrh0.001_frozen_e5_s44,1368,3,1.46393,2.4587,0.0,0.0006246000710984714
text_text_ln_lrh0.001_frozen_e5_s44,1369,3,0.9234,2.8891,0.0,0.000624244578741557
text_text_ln_lrh0.001_frozen_e5_s44,1370,3,1.24427,5.4236,0.0,0.0006238890863846427
text_text_ln_lrh0.001_frozen_e5_s44,1371,3,1.5241,3.5963,0.0,0.0006235335940277285
text_text_ln_lrh0.001_frozen_e5_s44,1372,3,1.11674,2.8181,0.0,0.0006231781016708141
text_text_ln_lrh0.001_frozen_e5_s44,1373,3,0.96923,2.4626,0.0,0.0006228226093138998
text_text_ln_lrh0.001_frozen_e5_s44,1374,3,1.14323,3.7912,0.0,0.0006224671169569855
text_text_ln_lrh0.001_frozen_e5_s44,1375,3,1.46037,5.5214,0.0,0.000622111624600071
text_text_ln_lrh0.001_frozen_e5_s44,1376,3,0.79385,4.4917,0.0,0.0006217561322431567
text_text_ln_lrh0.001_frozen_e5_s44,1377,3,1.30788,2.232,0.0,0.0006214006398862426
text_text_ln_lrh0.001_frozen_e5_s44,1378,3,1.31068,2.1741,0.0,0.0006210451475293281
text_text_ln_lrh0.001_frozen_e5_s44,1379,3,1.27269,3.0045,0.0,0.0006206896551724138
text_text_ln_lrh0.001_frozen_e5_s44,1380,3,0.82409,3.4914,0.0,0.0006203341628154995
text_text_ln_lrh0.001_frozen_e5_s44,1381,3,0.77086,4.5111,0.0,0.0006199786704585851
text_text_ln_lrh0.001_frozen_e5_s44,1382,3,1.17651,2.5204,0.0,0.0006196231781016708
text_text_ln_lrh0.001_frozen_e5_s44,1383,3,0.98589,3.1041,0.0,0.0006192676857447564
text_text_ln_lrh0.001_frozen_e5_s44,1384,3,1.42321,7.276,0.0,0.0006189121933878422
text_text_ln_lrh0.001_frozen_e5_s44,1385,3,1.10801,2.3603,0.0,0.0006185567010309279
text_text_ln_lrh0.001_frozen_e5_s44,1386,3,1.45339,7.87,0.0,0.0006182012086740135
text_text_ln_lrh0.001_frozen_e5_s44,1387,3,1.33023,3.7282,0.0,0.0006178457163170992
text_text_ln_lrh0.001_frozen_e5_s44,1388,3,1.27241,2.0019,0.0,0.0006174902239601849
text_text_ln_lrh0.001_frozen_e5_s44,1389,3,1.47797,3.3112,0.0,0.0006171347316032705
text_text_ln_lrh0.001_frozen_e5_s44,1390,3,1.20514,4.5042,0.0,0.0006167792392463563
text_text_ln_lrh0.001_frozen_e5_s44,1391,3,1.43912,5.2226,0.0,0.000616423746889442
text_text_ln_lrh0.001_frozen_e5_s44,1392,3,1.50056,2.6659,0.0,0.0006160682545325275
text_text_ln_lrh0.001_frozen_e5_s44,1393,3,1.16784,3.0435,0.0,0.0006157127621756132
text_text_ln_lrh0.001_frozen_e5_s44,1394,3,1.18994,3.0961,0.0,0.0006153572698186989
text_text_ln_lrh0.001_frozen_e5_s44,1395,3,1.09752,2.5029,0.0,0.0006150017774617845
text_text_ln_lrh0.001_frozen_e5_s44,1396,3,1.09243,4.7538,0.0,0.0006146462851048703
text_text_ln_lrh0.001_frozen_e5_s44,1397,3,0.88137,2.293,0.0,0.000614290792747956
text_text_ln_lrh0.001_frozen_e5_s44,1398,3,1.11071,2.1849,0.0,0.0006139353003910416
text_text_ln_lrh0.001_frozen_e5_s44,1399,3,1.0407,2.1194,0.0,0.0006135798080341273
text_text_ln_lrh0.001_frozen_e5_s44,1400,3,1.34649,2.3935,0.0,0.0006132243156772129
text_text_ln_lrh0.001_frozen_e5_s44,1401,3,1.74135,3.2776,0.0,0.0006128688233202986
text_text_ln_lrh0.001_frozen_e5_s44,1402,3,0.95774,2.1817,0.0,0.0006125133309633844
text_text_ln_lrh0.001_frozen_e5_s44,1403,3,1.01803,2.9944,0.0,0.00061215783860647
text_text_ln_lrh0.001_frozen_e5_s44,1404,3,0.8424,2.6266,0.0,0.0006118023462495557
text_text_ln_lrh0.001_frozen_e5_s44,1405,3,0.92685,2.6523,0.0,0.0006114468538926414
text_text_ln_lrh0.001_frozen_e5_s44,1406,3,1.277,2.8545,0.0,0.0006110913615357269
text_text_ln_lrh0.001_frozen_e5_s44,1407,3,1.18475,4.3002,0.0,0.0006107358691788126
text_text_ln_lrh0.001_frozen_e5_s44,1408,3,0.94482,4.0926,0.0,0.0006103803768218983
text_text_ln_lrh0.001_frozen_e5_s44,1409,3,1.45946,3.5409,0.0,0.000610024884464984
text_text_ln_lrh0.001_frozen_e5_s44,1410,3,1.27779,4.2303,0.0,0.0006096693921080697
text_text_ln_lrh0.001_frozen_e5_s44,1411,3,1.06281,2.2338,0.0,0.0006093138997511554
text_text_ln_lrh0.001_frozen_e5_s44,1412,3,1.09395,1.9024,0.0,0.000608958407394241
text_text_ln_lrh0.001_frozen_e5_s44,1413,3,1.12113,3.5999,0.0,0.0006086029150373267
text_text_ln_lrh0.001_frozen_e5_s44,1414,3,0.86393,2.8164,0.0,0.0006082474226804123
text_text_ln_lrh0.001_frozen_e5_s44,1415,3,1.01892,2.669,0.0,0.0006078919303234981
text_text_ln_lrh0.001_frozen_e5_s44,1416,3,1.5048,3.2485,0.0,0.0006075364379665838
text_text_ln_lrh0.001_frozen_e5_s44,1417,3,1.07113,3.9395,0.0,0.0006071809456096694
text_text_ln_lrh0.001_frozen_e5_s44,1418,3,1.13658,2.2943,0.0,0.0006068254532527551
text_text_ln_lrh0.001_frozen_e5_s44,1419,3,0.91129,3.0685,0.0,0.0006064699608958408
text_text_ln_lrh0.001_frozen_e5_s44,1420,3,1.55864,4.4877,0.0,0.0006061144685389263
text_text_ln_lrh0.001_frozen_e5_s44,1421,3,1.16969,2.6715,0.0,0.0006057589761820121
text_text_ln_lrh0.001_frozen_e5_s44,1422,3,1.16355,2.8347,0.0,0.0006054034838250978
text_text_ln_lrh0.001_frozen_e5_s44,1423,3,0.88619,2.4449,0.0,0.0006050479914681834
text_text_ln_lrh0.001_frozen_e5_s44,1424,3,1.24634,2.2049,0.0,0.0006046924991112691
text_text_ln_lrh0.001_frozen_e5_s44,1425,3,1.01519,2.1898,0.0,0.0006043370067543548
text_text_ln_lrh0.001_frozen_e5_s44,1426,3,0.94914,2.6133,0.0,0.0006039815143974404
text_text_ln_lrh0.001_frozen_e5_s44,1427,3,1.32182,3.0715,0.0,0.0006036260220405262
text_text_ln_lrh0.001_frozen_e5_s44,1428,3,1.77881,5.2128,0.0,0.0006032705296836118
text_text_ln_lrh0.001_frozen_e5_s44,1429,3,1.2981,2.504,0.0,0.0006029150373266975
text_text_ln_lrh0.001_frozen_e5_s44,1430,3,1.09778,1.9991,0.0,0.0006025595449697832
text_text_ln_lrh0.001_frozen_e5_s44,1431,3,1.82298,3.5967,0.0,0.0006022040526128688
text_text_ln_lrh0.001_frozen_e5_s44,1432,3,0.82731,4.529,0.0,0.0006018485602559545
text_text_ln_lrh0.001_frozen_e5_s44,1433,3,1.14016,2.1302,0.0,0.0006014930678990403
text_text_ln_lrh0.001_frozen_e5_s44,1434,3,1.05301,4.487,0.0,0.0006011375755421259
text_text_ln_lrh0.001_frozen_e5_s44,1435,3,1.18861,2.0432,0.0,0.0006007820831852115
text_text_ln_lrh0.001_frozen_e5_s44,1436,3,1.42682,2.0638,0.0,0.0006004265908282972
text_text_ln_lrh0.001_frozen_e5_s44,1437,3,0.64773,4.6348,0.0,0.0006000710984713828
text_text_ln_lrh0.001_frozen_e5_s44,1438,3,1.25721,2.8366,0.0,0.0005997156061144685
text_text_ln_lrh0.001_frozen_e5_s44,1439,3,1.22071,1.5638,0.0,0.0005993601137575542
text_text_ln_lrh0.001_frozen_e5_s44,1440,3,1.56247,3.6023,0.0,0.0005990046214006399
text_text_ln_lrh0.001_frozen_e5_s44,1441,3,1.10929,3.2379,0.0,0.0005986491290437256
text_text_ln_lrh0.001_frozen_e5_s44,1442,3,0.89601,2.4498,0.0,0.0005982936366868112
text_text_ln_lrh0.001_frozen_e5_s44,1443,3,0.97399,2.9624,0.0,0.0005979381443298969
text_text_ln_lrh0.001_frozen_e5_s44,1444,3,1.03815,2.1533,0.0,0.0005975826519729826
text_text_ln_lrh0.001_frozen_e5_s44,1445,3,1.67326,6.3796,0.0,0.0005972271596160682
text_text_ln_lrh0.001_frozen_e5_s44,1446,3,0.98113,2.3544,0.0,0.000596871667259154
text_text_ln_lrh0.001_frozen_e5_s44,1447,3,1.1547,4.0831,0.0,0.0005965161749022397
text_text_ln_lrh0.001_frozen_e5_s44,1448,3,1.27326,2.7519,0.0,0.0005961606825453253
text_text_ln_lrh0.001_frozen_e5_s44,1449,3,1.05182,3.3822,0.0,0.000595805190188411
text_text_ln_lrh0.001_frozen_e5_s44,1450,3,1.02116,2.261,0.0,0.0005954496978314966
text_text_ln_lrh0.001_frozen_e5_s44,1451,3,1.05858,1.9126,0.0,0.0005950942054745822
text_text_ln_lrh0.001_frozen_e5_s44,1452,3,0.76777,2.3336,0.0,0.000594738713117668
text_text_ln_lrh0.001_frozen_e5_s44,1453,3,0.95564,2.2974,0.0,0.0005943832207607537
text_text_ln_lrh0.001_frozen_e5_s44,1454,3,1.18546,2.2451,0.0,0.0005940277284038393
text_text_ln_lrh0.001_frozen_e5_s44,1455,3,1.16394,2.0703,0.0,0.000593672236046925
text_text_ln_lrh0.001_frozen_e5_s44,1456,3,0.97367,4.8862,0.0,0.0005933167436900106
text_text_ln_lrh0.001_frozen_e5_s44,1457,3,1.13392,2.802,0.0,0.0005929612513330963
text_text_ln_lrh0.001_frozen_e5_s44,1458,3,0.60916,3.8466,0.0,0.0005926057589761821
text_text_ln_lrh0.001_frozen_e5_s44,1459,3,0.93581,3.9641,0.0,0.0005922502666192677
text_text_ln_lrh0.001_frozen_e5_s44,1460,3,1.47959,2.4779,0.0,0.0005918947742623534
text_text_ln_lrh0.001_frozen_e5_s44,1461,3,1.2175,3.9167,0.0,0.0005915392819054391
text_text_ln_lrh0.001_frozen_e5_s44,1462,3,1.42744,6.9582,0.0,0.0005911837895485247
text_text_ln_lrh0.001_frozen_e5_s44,1463,3,1.49639,2.8065,0.0,0.0005908282971916104
text_text_ln_lrh0.001_frozen_e5_s44,1464,3,0.66735,1.7268,0.0,0.0005904728048346962
text_text_ln_lrh0.001_frozen_e5_s44,1465,3,1.34728,3.7062,0.0,0.0005901173124777817
text_text_ln_lrh0.001_frozen_e5_s44,1466,3,1.31667,3.2717,0.0,0.0005897618201208674
text_text_ln_lrh0.001_frozen_e5_s44,1467,3,1.74559,4.8706,0.0,0.0005894063277639531
text_text_ln_lrh0.001_frozen_e5_s44,1468,3,1.01025,3.8532,0.0,0.0005890508354070387
text_text_ln_lrh0.001_frozen_e5_s44,1469,3,0.85796,1.8789,0.0,0.0005886953430501244
text_text_ln_lrh0.001_frozen_e5_s44,1470,3,1.30359,4.5184,0.0,0.0005883398506932101
text_text_ln_lrh0.001_frozen_e5_s44,1471,3,0.81881,2.5508,0.0,0.0005879843583362958
text_text_ln_lrh0.001_frozen_e5_s44,1472,3,0.59216,2.6785,0.0,0.0005876288659793815
text_text_ln_lrh0.001_frozen_e5_s44,1473,3,1.34304,3.5001,0.0,0.0005872733736224671
text_text_ln_lrh0.001_frozen_e5_s44,1474,3,1.23103,2.5304,0.0,0.0005869178812655528
text_text_ln_lrh0.001_frozen_e5_s44,1475,3,0.76483,4.6013,0.0,0.0005865623889086385
text_text_ln_lrh0.001_frozen_e5_s44,1476,3,1.12784,3.8053,0.0,0.0005862068965517241
text_text_ln_lrh0.001_frozen_e5_s44,1477,3,1.01295,2.7691,0.0,0.0005858514041948099
text_text_ln_lrh0.001_frozen_e5_s44,1478,3,1.12988,2.8483,0.0,0.0005854959118378956
text_text_ln_lrh0.001_frozen_e5_s44,1479,3,1.92638,3.6254,0.0,0.0005851404194809811
text_text_ln_lrh0.001_frozen_e5_s44,1480,3,1.42362,2.8509,0.0,0.0005847849271240668
text_text_ln_lrh0.001_frozen_e5_s44,1481,3,1.25328,3.2953,0.0,0.0005844294347671525
text_text_ln_lrh0.001_frozen_e5_s44,1482,3,1.33274,3.4186,0.0,0.0005840739424102381
text_text_ln_lrh0.001_frozen_e5_s44,1483,3,1.07408,2.8914,0.0,0.0005837184500533239
text_text_ln_lrh0.001_frozen_e5_s44,1484,3,0.78006,3.3693,0.0,0.0005833629576964096
text_text_ln_lrh0.001_frozen_e5_s44,1485,3,1.28877,2.9478,0.0,0.0005830074653394952
text_text_ln_lrh0.001_frozen_e5_s44,1486,3,1.1048,1.6322,0.0,0.0005826519729825809
text_text_ln_lrh0.001_frozen_e5_s44,1487,3,1.17562,2.2806,0.0,0.0005822964806256665
text_text_ln_lrh0.001_frozen_e5_s44,1488,3,0.96713,3.8557,0.0,0.0005819409882687522
text_text_ln_lrh0.001_frozen_e5_s44,1489,3,1.06598,2.4641,0.0,0.000581585495911838
text_text_ln_lrh0.001_frozen_e5_s44,1490,3,0.61172,2.2356,0.0,0.0005812300035549236
text_text_ln_lrh0.001_frozen_e5_s44,1491,3,0.8497,1.6361,0.0,0.0005808745111980093
text_text_ln_lrh0.001_frozen_e5_s44,1492,3,1.16933,3.4591,0.0,0.000580519018841095
text_text_ln_lrh0.001_frozen_e5_s44,1493,3,1.07525,2.0371,0.0,0.0005801635264841805
text_text_ln_lrh0.001_frozen_e5_s44,1494,3,1.71674,2.4863,0.0,0.0005798080341272662
text_text_ln_lrh0.001_frozen_e5_s44,1495,3,1.36276,4.0169,0.0,0.000579452541770352
text_text_ln_lrh0.001_frozen_e5_s44,1496,3,1.30176,2.637,0.0,0.0005790970494134376
text_text_ln_lrh0.001_frozen_e5_s44,1497,3,1.06694,2.9945,0.0,0.0005787415570565233
text_text_ln_lrh0.001_frozen_e5_s44,1498,3,1.129,1.8136,0.0,0.000578386064699609
text_text_ln_lrh0.001_frozen_e5_s44,1499,3,1.06065,2.2734,0.0,0.0005780305723426946
text_text_ln_lrh0.001_frozen_e5_s44,1500,3,1.23964,3.3479,0.0,0.0005776750799857803
text_text_ln_lrh0.001_frozen_e5_s44,1501,3,1.19457,3.6341,0.0,0.0005773195876288659
text_text_ln_lrh0.001_frozen_e5_s44,1502,3,1.05717,2.9178,0.0,0.0005769640952719517
text_text_ln_lrh0.001_frozen_e5_s44,1503,3,0.81316,2.4753,0.0,0.0005766086029150374
text_text_ln_lrh0.001_frozen_e5_s44,1504,3,0.99567,2.6435,0.0,0.000576253110558123
text_text_ln_lrh0.001_frozen_e5_s44,1505,3,0.98152,3.2417,0.0,0.0005758976182012087
text_text_ln_lrh0.001_frozen_e5_s44,1506,3,0.97161,3.1706,0.0,0.0005755421258442944
text_text_ln_lrh0.001_frozen_e5_s44,1507,3,1.51672,4.1671,0.0,0.00057518663348738
text_text_ln_lrh0.001_frozen_e5_s44,1508,3,1.5213,4.2353,0.0,0.0005748311411304658
text_text_ln_lrh0.001_frozen_e5_s44,1509,3,1.23977,3.8979,0.0,0.0005744756487735514
text_text_ln_lrh0.001_frozen_e5_s44,1510,3,0.81203,2.6399,0.0,0.000574120156416637
text_text_ln_lrh0.001_frozen_e5_s44,1511,3,1.48172,2.6108,0.0,0.0005737646640597227
text_text_ln_lrh0.001_frozen_e5_s44,1512,3,0.9088,2.5868,0.0,0.0005734091717028084
text_text_ln_lrh0.001_frozen_e5_s44,1513,3,1.0857,3.8318,0.0,0.000573053679345894
text_text_ln_lrh0.001_frozen_e5_s44,1514,3,1.08609,3.8212,0.0,0.0005726981869889798
text_text_ln_lrh0.001_frozen_e5_s44,1515,3,1.44767,4.496,0.0,0.0005723426946320654
text_text_ln_lrh0.001_frozen_e5_s44,1516,3,1.15247,2.1171,0.0,0.0005719872022751511
text_text_ln_lrh0.001_frozen_e5_s44,1517,3,1.03656,2.3007,0.0,0.0005716317099182368
text_text_ln_lrh0.001_frozen_e5_s44,1518,3,0.80729,4.0874,0.0,0.0005712762175613224
text_text_ln_lrh0.001_frozen_e5_s44,1519,3,1.46044,3.7684,0.0,0.0005709207252044081
text_text_ln_lrh0.001_frozen_e5_s44,1520,3,1.29915,3.4567,0.0,0.0005705652328474939
text_text_ln_lrh0.001_frozen_e5_s44,1521,3,1.28813,3.1146,0.0,0.0005702097404905795
text_text_ln_lrh0.001_frozen_e5_s44,1522,3,1.47521,3.4616,0.0,0.0005698542481336652
text_text_ln_lrh0.001_frozen_e5_s44,1523,3,1.08669,3.2834,0.0,0.0005694987557767508
text_text_ln_lrh0.001_frozen_e5_s44,1524,3,1.0648,2.4887,0.0,0.0005691432634198364
text_text_ln_lrh0.001_frozen_e5_s44,1525,3,0.81713,3.3371,0.0,0.0005687877710629221
text_text_ln_lrh0.001_frozen_e5_s44,1526,3,1.19785,2.9908,0.0,0.0005684322787060079
text_text_ln_lrh0.001_frozen_e5_s44,1527,3,1.64671,4.6625,0.0,0.0005680767863490935
text_text_ln_lrh0.001_frozen_e5_s44,1528,3,1.64601,4.122,0.0,0.0005677212939921792
text_text_ln_lrh0.001_frozen_e5_s44,1529,3,1.0805,1.8531,0.0,0.0005673658016352649
text_text_ln_lrh0.001_frozen_e5_s44,1530,3,1.0276,2.6769,0.0,0.0005670103092783505
text_text_ln_lrh0.001_frozen_e5_s44,1531,3,0.80846,2.6142,0.0,0.0005666548169214362
text_text_ln_lrh0.001_frozen_e5_s44,1532,3,1.06179,2.0469,0.0,0.0005662993245645218
text_text_ln_lrh0.001_frozen_e5_s44,1533,3,1.34641,2.6403,0.0,0.0005659438322076076
text_text_ln_lrh0.001_frozen_e5_s44,1534,3,1.1394,2.7943,0.0,0.0005655883398506933
text_text_ln_lrh0.001_frozen_e5_s44,1535,3,1.37382,3.1247,0.0,0.0005652328474937789
text_text_ln_lrh0.001_frozen_e5_s44,1536,3,1.04198,4.6899,0.0,0.0005648773551368646
text_text_ln_lrh0.001_frozen_e5_s44,1537,3,1.25057,3.1059,0.0,0.0005645218627799503
text_text_ln_lrh0.001_frozen_e5_s44,1538,3,1.37058,2.7703,0.0,0.0005641663704230358
text_text_ln_lrh0.001_frozen_e5_s44,1539,3,1.0797,2.0705,0.0,0.0005638108780661216
text_text_ln_lrh0.001_frozen_e5_s44,1540,3,1.23895,2.5241,0.0,0.0005634553857092073
text_text_ln_lrh0.001_frozen_e5_s44,1541,3,1.27256,2.0922,0.0,0.0005630998933522929
text_text_ln_lrh0.001_frozen_e5_s44,1542,3,0.99829,2.1438,0.0,0.0005627444009953786
text_text_ln_lrh0.001_frozen_e5_s44,1543,3,1.20399,2.6901,0.0,0.0005623889086384643
text_text_ln_lrh0.001_frozen_e5_s44,1544,3,1.35329,1.9261,0.0,0.0005620334162815499
text_text_ln_lrh0.001_frozen_e5_s44,1545,3,1.18679,1.968,0.0,0.0005616779239246357
text_text_ln_lrh0.001_frozen_e5_s44,1546,3,1.1328,3.1159,0.0,0.0005613224315677213
text_text_ln_lrh0.001_frozen_e5_s44,1547,3,1.68831,4.4474,0.0,0.000560966939210807
text_text_ln_lrh0.001_frozen_e5_s44,1548,3,1.40378,2.5373,0.0,0.0005606114468538927
text_text_ln_lrh0.001_frozen_e5_s44,1549,3,1.11103,3.516,0.0,0.0005602559544969783
text_text_ln_lrh0.001_frozen_e5_s44,1550,3,1.12391,1.9889,0.0,0.000559900462140064
text_text_ln_lrh0.001_frozen_e5_s44,1551,3,1.03732,1.7458,0.0,0.0005595449697831498
text_text_ln_lrh0.001_frozen_e5_s44,1552,3,1.30939,4.7983,0.0,0.0005591894774262353
text_text_ln_lrh0.001_frozen_e5_s44,1553,3,2.15983,5.0612,0.0,0.000558833985069321
text_text_ln_lrh0.001_frozen_e5_s44,1554,3,1.21733,4.3319,0.0,0.0005584784927124067
text_text_ln_lrh0.001_frozen_e5_s44,1555,3,1.42332,2.8128,0.0,0.0005581230003554923
text_text_ln_lrh0.001_frozen_e5_s44,1556,3,1.35271,3.5943,0.0,0.000557767507998578
text_text_ln_lrh0.001_frozen_e5_s44,1557,3,0.87385,1.917,0.0,0.0005574120156416637
text_text_ln_lrh0.001_frozen_e5_s44,1558,3,1.22841,2.3688,0.0,0.0005570565232847494
text_text_ln_lrh0.001_frozen_e5_s44,1559,3,1.41097,2.894,0.0,0.0005567010309278351
text_text_ln_lrh0.001_frozen_e5_s44,1560,3,0.91806,2.0096,0.0,0.0005563455385709207
text_text_ln_lrh0.001_frozen_e5_s44,1561,3,0.77239,3.4862,0.0,0.0005559900462140064
text_text_ln_lrh0.001_frozen_e5_s44,1562,3,0.85562,3.8653,0.0,0.0005556345538570921
text_text_ln_lrh0.001_frozen_e5_s44,1563,3,1.14915,1.8967,0.0,0.0005552790615001777
text_text_ln_lrh0.001_frozen_e5_s44,1564,3,0.96385,4.3151,0.0,0.0005549235691432635
text_text_ln_lrh0.001_frozen_e5_s44,1565,3,1.32169,4.432,0.0,0.0005545680767863492
text_text_ln_lrh0.001_frozen_e5_s44,1566,3,1.26964,3.1235,0.0,0.0005542125844294348
text_text_ln_lrh0.001_frozen_e5_s44,1567,3,0.83298,3.2679,0.0,0.0005538570920725204
text_text_ln_lrh0.001_frozen_e5_s44,1568,3,1.12301,4.361,0.0,0.0005535015997156061
text_text_ln_lrh0.001_frozen_e5_s44,1569,3,1.03753,3.553,0.0,0.0005531461073586917
text_text_ln_lrh0.001_frozen_e5_s44,1570,3,1.1384,2.527,0.0,0.0005527906150017775
text_text_ln_lrh0.001_frozen_e5_s44,1571,3,1.13025,2.4999,0.0,0.0005524351226448632
text_text_ln_lrh0.001_frozen_e5_s44,1572,3,1.37264,2.8656,0.0,0.0005520796302879488
text_text_ln_lrh0.001_frozen_e5_s44,1573,3,0.85453,2.8982,0.0,0.0005517241379310345
text_text_ln_lrh0.001_frozen_e5_s44,1574,3,1.39604,3.9647,0.0,0.0005513686455741201
text_text_ln_lrh0.001_frozen_e5_s44,1575,3,1.88596,4.2511,0.0,0.0005510131532172058
text_text_ln_lrh0.001_frozen_e5_s44,1576,3,1.19635,4.8828,0.0,0.0005506576608602916
text_text_ln_lrh0.001_frozen_e5_s44,1577,3,1.31881,2.4167,0.0,0.0005503021685033772
text_text_ln_lrh0.001_frozen_e5_s44,1578,3,1.21804,4.9431,0.0,0.0005499466761464629
text_text_ln_lrh0.001_frozen_e5_s44,1579,3,1.33318,2.5955,0.0,0.0005495911837895486
text_text_ln_lrh0.001_frozen_e5_s44,1580,3,1.24936,2.3587,0.0,0.0005492356914326342
text_text_ln_lrh0.001_frozen_e5_s44,1581,3,1.19972,4.2128,0.0,0.0005488801990757198
text_text_ln_lrh0.001_frozen_e5_s44,1582,3,1.11867,3.8096,0.0,0.0005485247067188057
text_text_ln_lrh0.001_frozen_e5_s44,1583,3,1.33283,3.7844,0.0,0.0005481692143618912
text_text_ln_lrh0.001_frozen_e5_s44,1584,3,1.18153,2.0639,0.0,0.0005478137220049769
text_text_ln_lrh0.001_frozen_e5_s44,1585,3,0.77857,2.0831,0.0,0.0005474582296480626
text_text_ln_lrh0.001_frozen_e5_s44,1586,3,1.38034,4.008,0.0,0.0005471027372911482
text_text_ln_lrh0.001_frozen_e5_s44,1587,3,0.9826,2.5726,0.0,0.0005467472449342339
text_text_ln_lrh0.001_frozen_e5_s44,1588,3,1.43792,2.2407,0.0,0.0005463917525773195
text_text_ln_lrh0.001_frozen_e5_s44,1589,3,0.76192,3.4823,0.0,0.0005460362602204053
text_text_ln_lrh0.001_frozen_e5_s44,1590,3,1.54158,2.9908,0.0,0.000545680767863491
text_text_ln_lrh0.001_frozen_e5_s44,1591,3,1.1124,2.8455,0.0,0.0005453252755065766
text_text_ln_lrh0.001_frozen_e5_s44,1592,3,1.26275,2.7265,0.0,0.0005449697831496623
text_text_ln_lrh0.001_frozen_e5_s44,1593,3,1.38907,2.8382,0.0,0.000544614290792748
text_text_ln_lrh0.001_frozen_e5_s44,1594,3,0.78031,3.8037,0.0,0.0005442587984358336
text_text_ln_lrh0.001_frozen_e5_s44,1595,3,1.07157,1.499,0.0,0.0005439033060789194
text_text_ln_lrh0.001_frozen_e5_s44,1596,3,0.70673,2.5917,0.0,0.000543547813722005
text_text_ln_lrh0.001_frozen_e5_s44,1597,3,0.76983,2.0178,0.0,0.0005431923213650906
text_text_ln_lrh0.001_frozen_e5_s44,1598,3,0.97105,2.449,0.0,0.0005428368290081763
text_text_ln_lrh0.001_frozen_e5_s44,1599,3,1.21093,3.2775,0.0,0.000542481336651262
text_text_ln_lrh0.001_frozen_e5_s44,1600,3,1.53028,5.8373,0.0,0.0005421258442943476
text_text_ln_lrh0.001_frozen_e5_s44,1601,3,0.72367,2.7979,0.0,0.0005417703519374334
text_text_ln_lrh0.001_frozen_e5_s44,1602,3,0.95087,2.3687,0.0,0.0005414148595805191
text_text_ln_lrh0.001_frozen_e5_s44,1603,3,1.07582,3.97,0.0,0.0005410593672236047
text_text_ln_lrh0.001_frozen_e5_s44,1604,3,0.92939,2.1661,0.0,0.0005407038748666904
text_text_ln_lrh0.001_frozen_e5_s44,1605,3,1.14928,3.2093,0.0,0.000540348382509776
text_text_ln_lrh0.001_frozen_e5_s44,1606,3,1.35642,2.7156,0.0,0.0005399928901528617
text_text_ln_lrh0.001_frozen_e5_s44,1607,3,1.71213,4.9626,0.0,0.0005396373977959475
text_text_ln_lrh0.001_frozen_e5_s44,1608,3,1.4331,2.7088,0.0,0.0005392819054390331
text_text_ln_lrh0.001_frozen_e5_s44,1609,3,1.59672,4.491,0.0,0.0005389264130821188
text_text_ln_lrh0.001_frozen_e5_s44,1610,3,0.79262,2.2266,0.0,0.0005385709207252045
text_text_ln_lrh0.001_frozen_e5_s44,1611,3,0.68592,4.5196,0.0,0.00053821542836829
text_text_ln_lrh0.001_frozen_e5_s44,1612,3,1.49813,2.4833,0.0,0.0005378599360113757
text_text_ln_lrh0.001_frozen_e5_s44,1613,3,1.3497,2.4208,0.0,0.0005375044436544615
text_text_ln_lrh0.001_frozen_e5_s44,1614,3,1.47194,2.3572,0.0,0.0005371489512975471
text_text_ln_lrh0.001_frozen_e5_s44,1615,3,1.30728,2.4484,0.0,0.0005367934589406328
text_text_ln_lrh0.001_frozen_e5_s44,1616,3,1.26912,1.8853,0.0,0.0005364379665837185
text_text_ln_lrh0.001_frozen_e5_s44,1617,3,1.28999,2.6249,0.0,0.0005360824742268041
text_text_ln_lrh0.001_frozen_e5_s44,1618,3,1.33049,2.715,0.0,0.0005357269818698898
text_text_ln_lrh0.001_frozen_e5_s44,1619,3,1.23994,1.9996,0.0,0.0005353714895129754
text_text_ln_lrh0.001_frozen_e5_s44,1620,3,0.69937,2.2092,0.0,0.0005350159971560612
text_text_ln_lrh0.001_frozen_e5_s44,1621,3,1.20073,4.1437,0.0,0.0005346605047991469
text_text_ln_lrh0.001_frozen_e5_s44,1622,3,1.0421,2.3566,0.0,0.0005343050124422325
text_text_ln_lrh0.001_frozen_e5_s44,1623,3,1.40539,2.9499,0.0,0.0005339495200853182
text_text_ln_lrh0.001_frozen_e5_s44,1624,3,1.6894,2.4766,0.0,0.0005335940277284039
text_text_ln_lrh0.001_frozen_e5_s44,1625,3,1.44616,3.6081,0.0,0.0005332385353714894
text_text_ln_lrh0.001_frozen_e5_s44,1626,3,0.95584,2.3825,0.0,0.0005328830430145752
text_text_ln_lrh0.001_frozen_e5_s44,1627,3,1.38612,3.4987,0.0,0.0005325275506576609
text_text_ln_lrh0.001_frozen_e5_s44,1628,3,1.14782,2.8614,0.0,0.0005321720583007465
text_text_ln_lrh0.001_frozen_e5_s44,1629,3,1.08391,3.3826,0.0,0.0005318165659438322
text_text_ln_lrh0.001_frozen_e5_s44,1630,3,1.52174,1.8872,0.0,0.0005314610735869179
text_text_ln_lrh0.001_frozen_e5_s44,1631,3,1.11572,2.6337,0.0,0.0005311055812300035
text_text_ln_lrh0.001_frozen_e5_s44,1632,3,1.0281,4.44,0.0,0.0005307500888730893
text_text_ln_lrh0.001_frozen_e5_s44,1633,3,1.00031,4.6825,0.0,0.0005303945965161749
text_text_ln_lrh0.001_frozen_e5_s44,1634,3,1.16264,1.8207,0.0,0.0005300391041592606
text_text_ln_lrh0.001_frozen_e5_s44,1635,3,1.35682,2.0946,0.0,0.0005296836118023463
text_text_ln_lrh0.001_frozen_e5_s44,1636,3,1.42037,3.503,0.0,0.0005293281194454319
text_text_ln_lrh0.001_frozen_e5_s44,1637,3,0.99973,3.6204,0.0,0.0005289726270885176
text_text_ln_lrh0.001_frozen_e5_s44,1638,3,1.68566,5.8109,0.0,0.0005286171347316034
text_text_ln_lrh0.001_frozen_e5_s44,1639,3,1.27465,2.042,0.0,0.000528261642374689
text_text_ln_lrh0.001_frozen_e5_s44,1640,3,0.86957,1.8026,0.0,0.0005279061500177746
text_text_ln_lrh0.001_frozen_e5_s44,1641,3,1.91604,5.4518,0.0,0.0005275506576608603
text_text_ln_lrh0.001_frozen_e5_s44,1642,3,1.18496,2.9038,0.0,0.0005271951653039459
text_text_ln_lrh0.001_frozen_e5_s44,1643,3,0.76218,2.5067,0.0,0.0005268396729470316
text_text_ln_lrh0.001_frozen_e5_s44,1644,3,0.90624,1.6817,0.0,0.0005264841805901174
text_text_ln_lrh0.001_frozen_e5_s44,1645,3,1.26622,2.0724,0.0,0.000526128688233203
text_text_ln_lrh0.001_frozen_e5_s44,1646,3,1.15461,3.1351,0.0,0.0005257731958762887
text_text_ln_lrh0.001_frozen_e5_s44,1647,3,0.99483,3.9308,0.0,0.0005254177035193743
text_text_ln_lrh0.001_frozen_e5_s44,1648,3,0.92496,3.0158,0.0,0.00052506221116246
text_text_ln_lrh0.001_frozen_e5_s44,1649,3,1.45407,3.4289,0.0,0.0005247067188055457
text_text_ln_lrh0.001_frozen_e5_s44,1650,3,0.68393,3.6269,0.0,0.0005243512264486313
text_text_ln_lrh0.001_frozen_e5_s44,1651,3,1.61862,2.6976,0.0,0.0005239957340917171
text_text_ln_lrh0.001_frozen_e5_s44,1652,3,1.35617,2.7629,0.0,0.0005236402417348028
text_text_ln_lrh0.001_frozen_e5_s44,1653,3,1.15043,2.7486,0.0,0.0005232847493778884
text_text_ln_lrh0.001_frozen_e5_s44,1654,3,1.14078,2.1135,0.0,0.000522929257020974
text_text_ln_lrh0.001_frozen_e5_s44,1655,3,0.69901,2.4138,0.0,0.0005225737646640597
text_text_ln_lrh0.001_frozen_e5_s44,1656,3,0.85069,3.9695,0.0,0.0005222182723071453
text_text_ln_lrh0.001_frozen_e5_s44,1657,3,1.10148,2.8826,0.0,0.0005218627799502311
text_text_ln_lrh0.001_frozen_e5_s44,1658,3,1.54581,5.0319,0.0,0.0005215072875933168
text_text_ln_lrh0.001_frozen_e5_s44,1659,3,1.37908,3.1178,0.0,0.0005211517952364024
text_text_ln_lrh0.001_frozen_e5_s44,1660,3,1.32413,3.9329,0.0,0.0005207963028794881
text_text_ln_lrh0.001_frozen_e5_s44,1661,3,1.37698,1.964,0.0,0.0005204408105225737
text_text_ln_lrh0.001_frozen_e5_s44,1662,3,1.12057,3.9859,0.0,0.0005200853181656594
text_text_ln_lrh0.001_frozen_e5_s44,1663,3,1.55106,3.0225,0.0,0.0005197298258087452
text_text_ln_lrh0.001_frozen_e5_s44,1664,3,0.63234,2.7318,0.0,0.0005193743334518308
text_text_ln_lrh0.001_frozen_e5_s44,1665,3,1.07267,2.5189,0.0,0.0005190188410949165
text_text_ln_lrh0.001_frozen_e5_s44,1666,3,1.20213,3.1218,0.0,0.0005186633487380022
text_text_ln_lrh0.001_frozen_e5_s44,1667,3,1.00149,2.0603,0.0,0.0005183078563810878
text_text_ln_lrh0.001_frozen_e5_s44,1668,3,1.56173,4.6018,0.0,0.0005179523640241735
text_text_ln_lrh0.001_frozen_e5_s44,1669,3,0.90057,2.2013,0.0,0.0005175968716672593
text_text_ln_lrh0.001_frozen_e5_s44,1670,3,0.89675,2.6054,0.0,0.0005172413793103448
text_text_ln_lrh0.001_frozen_e5_s44,1671,3,0.95197,2.5394,0.0,0.0005168858869534305
text_text_ln_lrh0.001_frozen_e5_s44,1672,3,0.70469,3.0987,0.0,0.0005165303945965162
text_text_ln_lrh0.001_frozen_e5_s44,1673,3,0.62723,2.9611,0.0,0.0005161749022396018
text_text_ln_lrh0.001_frozen_e5_s44,1674,3,0.98963,2.3445,0.0,0.0005158194098826875
text_text_ln_lrh0.001_frozen_e5_s44,1675,3,1.37567,2.9132,0.0,0.0005154639175257731
text_text_ln_lrh0.001_frozen_e5_s44,1676,3,1.00182,2.1046,0.0,0.0005151084251688589
text_text_ln_lrh0.001_frozen_e5_s44,1677,3,1.58228,3.4155,0.0,0.0005147529328119446
text_text_ln_lrh0.001_frozen_e5_s44,1678,3,1.08441,3.6014,0.0,0.0005143974404550302
text_text_ln_lrh0.001_frozen_e5_s44,1679,3,0.80046,2.1314,0.0,0.0005140419480981159
text_text_ln_lrh0.001_frozen_e5_s44,1680,3,0.9941,2.1954,0.0,0.0005136864557412016
text_text_ln_lrh0.001_frozen_e5_s44,1681,3,0.89671,2.6003,0.0,0.0005133309633842872
text_text_ln_lrh0.001_frozen_e5_s44,1682,3,1.15409,2.1943,0.0,0.000512975471027373
text_text_ln_lrh0.001_frozen_e5_s44,1683,3,1.26055,6.4123,0.0,0.0005126199786704587
text_text_ln_lrh0.001_frozen_e5_s44,1684,3,0.91962,2.0809,0.0,0.0005122644863135442
text_text_ln_lrh0.001_frozen_e5_s44,1685,3,1.37185,5.2672,0.0,0.0005119089939566299
text_text_ln_lrh0.001_frozen_e5_s44,1686,3,0.8876,1.6969,0.0,0.0005115535015997156
text_text_ln_lrh0.001_frozen_e5_s44,1687,3,1.04692,4.0183,0.0,0.0005111980092428012
text_text_ln_lrh0.001_frozen_e5_s44,1688,3,0.44193,1.7902,0.0,0.000510842516885887
text_text_ln_lrh0.001_frozen_e5_s44,1689,3,1.69744,6.5001,0.0,0.0005104870245289727
text_text_ln_lrh0.001_frozen_e5_s44,1690,3,0.98454,3.5756,0.0,0.0005101315321720583
text_text_ln_lrh0.001_frozen_e5_s44,1691,3,1.26706,4.6338,0.0,0.000509776039815144
text_text_ln_lrh0.001_frozen_e5_s44,1692,3,0.76875,2.5356,0.0,0.0005094205474582296
text_text_ln_lrh0.001_frozen_e5_s44,1693,3,0.87914,3.1275,0.0,0.0005090650551013153
text_text_ln_lrh0.001_frozen_e5_s44,1694,3,0.86606,2.0011,0.0,0.0005087095627444011
text_text_ln_lrh0.001_frozen_e5_s44,1695,3,0.78711,2.8764,0.0,0.0005083540703874867
text_text_ln_lrh0.001_frozen_e5_s44,1696,3,1.26425,2.4509,0.0,0.0005079985780305724
text_text_ln_lrh0.001_frozen_e5_s44,1697,3,1.27347,2.2726,0.0,0.0005076430856736581
text_text_ln_lrh0.001_frozen_e5_s44,1698,3,1.15318,2.5551,0.0,0.0005072875933167436
text_text_ln_lrh0.001_frozen_e5_s44,1699,3,1.12961,3.329,0.0,0.0005069321009598293
text_text_ln_lrh0.001_frozen_e5_s44,1700,3,1.46708,3.2177,0.0,0.0005065766086029151
text_text_ln_lrh0.001_frozen_e5_s44,1701,3,1.47544,4.2413,0.0,0.0005062211162460007
text_text_ln_lrh0.001_frozen_e5_s44,1702,3,0.75637,4.1461,0.0,0.0005058656238890864
text_text_ln_lrh0.001_frozen_e5_s44,1703,3,1.42222,3.356,0.0,0.0005055101315321721
text_text_ln_lrh0.001_frozen_e5_s44,1704,3,0.96542,2.1089,0.0,0.0005051546391752577
text_text_ln_lrh0.001_frozen_e5_s44,1705,3,1.19241,3.4516,0.0,0.0005047991468183434
text_text_ln_lrh0.001_frozen_e5_s44,1706,3,1.05024,3.1974,0.0,0.000504443654461429
text_text_ln_lrh0.001_frozen_e5_s44,1707,3,1.52017,2.6809,0.0,0.0005040881621045148
text_text_ln_lrh0.001_frozen_e5_s44,1708,3,1.29521,3.6549,0.0,0.0005037326697476005
text_text_ln_lrh0.001_frozen_e5_s44,1709,3,1.27825,5.4484,0.0,0.0005033771773906861
text_text_ln_lrh0.001_frozen_e5_s44,1710,3,0.91378,2.0393,0.0,0.0005030216850337718
text_text_ln_lrh0.001_frozen_e5_s44,1711,3,1.1081,2.1661,0.0,0.0005026661926768575
text_text_ln_lrh0.001_frozen_e5_s44,1712,3,1.19054,2.6221,0.0,0.000502310700319943
text_text_ln_lrh0.001_frozen_e5_s44,1713,3,0.99716,3.543,0.0,0.0005019552079630289
text_text_ln_lrh0.001_frozen_e5_s44,1714,3,1.05062,2.4412,0.0,0.0005015997156061145
text_text_ln_lrh0.001_frozen_e5_s44,1715,3,1.61615,4.4569,0.0,0.0005012442232492001
text_text_ln_lrh0.001_frozen_e5_s44,1716,3,1.49398,3.8435,0.0,0.0005008887308922858
text_text_ln_lrh0.001_frozen_e5_s44,1717,3,1.39319,2.9733,0.0,0.0005005332385353715
text_text_ln_lrh0.001_frozen_e5_s44,1718,3,0.85025,2.8015,0.0,0.0005001777461784571
text_text_ln_lrh0.001_frozen_e5_s44,1719,3,0.73362,2.8691,0.0,0.0004998222538215428
text_text_ln_lrh0.001_frozen_e5_s44,1720,3,0.94191,3.6531,0.0,0.0004994667614646285
text_text_ln_lrh0.001_frozen_e5_s44,1721,3,1.19678,2.8576,0.0,0.0004991112691077142
text_text_ln_lrh0.001_frozen_e5_s44,1722,3,1.1197,3.3397,0.0,0.0004987557767507999
text_text_ln_lrh0.001_frozen_e5_s44,1723,3,1.26563,4.7492,0.0,0.0004984002843938855
text_text_ln_lrh0.001_frozen_e5_s44,1724,3,0.60748,2.6082,0.0,0.0004980447920369713
text_text_ln_lrh0.001_frozen_e5_s44,1725,3,0.66813,2.5759,0.0,0.0004976892996800569
text_text_ln_lrh0.001_frozen_e5_s44,1726,3,1.59566,5.4325,0.0,0.0004973338073231426
text_text_ln_lrh0.001_frozen_e5_s44,1727,3,0.90619,2.623,0.0,0.0004969783149662283
text_text_ln_lrh0.001_frozen_e5_s44,1728,3,0.76376,1.8878,0.0,0.000496622822609314
text_text_ln_lrh0.001_frozen_e5_s44,1729,3,1.11184,2.9863,0.0,0.0004962673302523995
text_text_ln_lrh0.001_frozen_e5_s44,1730,3,0.74436,2.9734,0.0,0.0004959118378954852
text_text_ln_lrh0.001_frozen_e5_s44,1731,3,0.75292,2.6319,0.0,0.0004955563455385709
text_text_ln_lrh0.001_frozen_e5_s44,1732,3,1.50832,5.458,0.0,0.0004952008531816566
text_text_ln_lrh0.001_frozen_e5_s44,1733,3,0.92467,2.4459,0.0,0.0004948453608247423
text_text_ln_lrh0.001_frozen_e5_s44,1734,3,1.35118,4.7746,0.0,0.0004944898684678279
text_text_ln_lrh0.001_frozen_e5_s44,1735,3,1.50441,3.0096,0.0,0.0004941343761109136
text_text_ln_lrh0.001_frozen_e5_s44,1736,3,1.23054,3.5524,0.0,0.0004937788837539993
text_text_ln_lrh0.001_frozen_e5_s44,1737,3,1.2397,2.8233,0.0,0.000493423391397085
text_text_ln_lrh0.001_frozen_e5_s44,1738,3,1.30516,2.415,0.0,0.0004930678990401707
text_text_ln_lrh0.001_frozen_e5_s44,1739,3,0.8769,2.4848,0.0,0.0004927124066832564
text_text_ln_lrh0.001_frozen_e5_s44,1740,3,1.04288,2.3316,0.0,0.000492356914326342
text_text_ln_lrh0.001_frozen_e5_s44,1741,3,0.75194,3.6005,0.0,0.0004920014219694277
text_text_ln_lrh0.001_frozen_e5_s44,1742,3,1.13344,2.5329,0.0,0.0004916459296125134
text_text_ln_lrh0.001_frozen_e5_s44,1743,3,1.16761,4.316,0.0,0.000491290437255599
text_text_ln_lrh0.001_frozen_e5_s44,1744,3,0.82962,1.7603,0.0,0.0004909349448986846
text_text_ln_lrh0.001_frozen_e5_s44,1745,3,0.9874,4.9321,0.0,0.0004905794525417704
text_text_ln_lrh0.001_frozen_e5_s44,1746,3,0.94551,2.1128,0.0,0.000490223960184856
text_text_ln_lrh0.001_frozen_e5_s44,1747,3,1.20739,3.4721,0.0,0.0004898684678279417
text_text_ln_lrh0.001_frozen_e5_s44,1748,3,1.27092,3.0547,0.0,0.0004895129754710274
text_text_ln_lrh0.001_frozen_e5_s44,1749,3,1.16144,2.1124,0.0,0.0004891574831141131
text_text_ln_lrh0.001_frozen_e5_s44,1750,3,1.14159,1.9503,0.0,0.0004888019907571987
text_text_ln_lrh0.001_frozen_e5_s44,1751,3,0.71874,2.7995,0.0,0.0004884464984002844
text_text_ln_lrh0.001_frozen_e5_s44,1752,3,1.0762,2.8223,0.0,0.0004880910060433701
text_text_ln_lrh0.001_frozen_e5_s44,1753,3,0.89727,2.4752,0.0,0.0004877355136864557
text_text_ln_lrh0.001_frozen_e5_s44,1754,3,0.96477,4.4237,0.0,0.0004873800213295414
text_text_ln_lrh0.001_frozen_e5_s44,1755,3,1.67384,4.0942,0.0,0.0004870245289726271
text_text_ln_lrh0.001_frozen_e5_s44,1756,3,0.89129,2.3554,0.0,0.00048666903661571275
text_text_ln_lrh0.001_frozen_e5_s44,1757,3,0.99364,3.5409,0.0,0.00048631354425879845
text_text_ln_lrh0.001_frozen_e5_s44,1758,3,1.27789,3.6283,0.0,0.00048595805190188414
text_text_ln_lrh0.001_frozen_e5_s44,1759,3,1.3198,4.9545,0.0,0.0004856025595449698
text_text_ln_lrh0.001_frozen_e5_s44,1760,3,1.1113,3.2798,0.0,0.0004852470671880554
text_text_ln_lrh0.001_frozen_e5_s44,1761,3,0.97594,2.8849,0.0,0.00048489157483114117
text_text_ln_lrh0.001_frozen_e5_s44,1762,3,1.05919,2.3874,0.0,0.0004845360824742268
text_text_ln_lrh0.001_frozen_e5_s44,1763,3,1.41326,2.9412,0.0,0.00048418059011731245
text_text_ln_lrh0.001_frozen_e5_s44,1764,3,0.94264,3.16,0.0,0.0004838250977603982
text_text_ln_lrh0.001_frozen_e5_s44,1765,3,1.20824,2.9345,0.0,0.00048346960540348384
text_text_ln_lrh0.001_frozen_e5_s44,1766,3,0.87114,3.2047,0.0,0.0004831141130465695
text_text_ln_lrh0.001_frozen_e5_s44,1767,3,0.82662,2.4629,0.0,0.0004827586206896552
text_text_ln_lrh0.001_frozen_e5_s44,1768,3,0.95476,3.6306,0.0,0.0004824031283327409
text_text_ln_lrh0.001_frozen_e5_s44,1769,3,1.3192,2.9502,0.0,0.0004820476359758265
text_text_ln_lrh0.001_frozen_e5_s44,1770,3,1.13853,5.2825,0.0,0.0004816921436189122
text_text_ln_lrh0.001_frozen_e5_s44,1771,3,0.72507,3.8788,0.0,0.0004813366512619979
text_text_ln_lrh0.001_frozen_e5_s44,1772,3,1.27902,3.993,0.0,0.00048098115890508354
text_text_ln_lrh0.001_frozen_e5_s44,1773,3,1.44288,4.7762,0.0,0.00048062566654816924
text_text_ln_lrh0.001_frozen_e5_s44,1774,3,1.16985,4.7111,0.0,0.0004802701741912549
text_text_ln_lrh0.001_frozen_e5_s44,1775,3,0.4954,2.4736,0.0,0.0004799146818343406
text_text_ln_lrh0.001_frozen_e5_s44,1776,3,0.94038,2.6567,0.0,0.00047955918947742627
text_text_ln_lrh0.001_frozen_e5_s44,1777,3,1.24395,5.3858,0.0,0.0004792036971205119
text_text_ln_lrh0.001_frozen_e5_s44,1778,3,1.23991,3.9561,0.0,0.0004788482047635976
text_text_ln_lrh0.001_frozen_e5_s44,1779,3,1.25628,3.3413,0.0,0.00047849271240668325
text_text_ln_lrh0.001_frozen_e5_s44,1780,3,1.0255,4.2402,0.0,0.00047813722004976894
text_text_ln_lrh0.001_frozen_e5_s44,1781,3,1.12192,4.8766,0.0,0.0004777817276928546
text_text_ln_lrh0.001_frozen_e5_s44,1782,3,1.28712,2.5233,0.0,0.0004774262353359403
text_text_ln_lrh0.001_frozen_e5_s44,1783,3,0.55218,4.4018,0.0,0.00047707074297902597
text_text_ln_lrh0.001_frozen_e5_s44,1784,3,0.97799,1.7578,0.0,0.0004767152506221116
text_text_ln_lrh0.001_frozen_e5_s44,1785,3,1.28037,2.8291,0.0,0.0004763597582651973
text_text_ln_lrh0.001_frozen_e5_s44,1786,3,1.00576,2.1964,0.0,0.000476004265908283
text_text_ln_lrh0.001_frozen_e5_s44,1787,3,1.52721,3.2429,0.0,0.00047564877355136864
text_text_ln_lrh0.001_frozen_e5_s44,1788,3,1.3437,2.4924,0.0,0.0004752932811944543
text_text_ln_lrh0.001_frozen_e5_s44,1789,3,1.20642,2.5169,0.0,0.00047493778883754003
text_text_ln_lrh0.001_frozen_e5_s44,1790,3,1.31038,2.5758,0.0,0.00047458229648062567
text_text_ln_lrh0.001_frozen_e5_s44,1791,3,1.13508,3.3062,0.0,0.0004742268041237113
text_text_ln_lrh0.001_frozen_e5_s44,1792,3,1.00412,3.0081,0.0,0.00047387131176679706
text_text_ln_lrh0.001_frozen_e5_s44,1793,3,1.48246,2.7461,0.0,0.0004735158194098827
text_text_ln_lrh0.001_frozen_e5_s44,1794,3,0.92843,1.8117,0.0,0.00047316032705296834
text_text_ln_lrh0.001_frozen_e5_s44,1795,3,0.6593,1.8157,0.0,0.0004728048346960541
text_text_ln_lrh0.001_frozen_e5_s44,1796,3,0.77432,3.5718,0.0,0.00047244934233913973
text_text_ln_lrh0.001_frozen_e5_s44,1797,3,0.8279,3.2635,0.0,0.00047209384998222537
text_text_ln_lrh0.001_frozen_e5_s44,1798,3,0.90585,2.5271,0.0,0.00047173835762531107
text_text_ln_lrh0.001_frozen_e5_s44,1799,3,1.1526,2.5264,0.0,0.00047138286526839676
text_text_ln_lrh0.001_frozen_e5_s44,1800,3,1.55969,2.584,0.0,0.0004710273729114824
text_text_ln_lrh0.001_frozen_e5_s44,1801,3,0.96369,1.6908,0.0,0.0004706718805545681
text_text_ln_lrh0.001_frozen_e5_s44,1802,3,0.96222,1.9967,0.0,0.0004703163881976538
text_text_ln_lrh0.001_frozen_e5_s44,1803,3,1.31188,1.8471,0.0,0.00046996089584073943
text_text_ln_lrh0.001_frozen_e5_s44,1804,3,1.42021,3.7242,0.0,0.00046960540348382513
text_text_ln_lrh0.001_frozen_e5_s44,1805,3,1.15615,2.7156,0.0,0.00046924991112691077
text_text_ln_lrh0.001_frozen_e5_s44,1806,3,0.87673,1.7872,0.0,0.00046889441876999646
text_text_ln_lrh0.001_frozen_e5_s44,1807,3,1.31666,4.3706,0.0,0.00046853892641308216
text_text_ln_lrh0.001_frozen_e5_s44,1808,3,1.07448,2.3018,0.0,0.0004681834340561678
text_text_ln_lrh0.001_frozen_e5_s44,1809,3,1.36496,2.7427,0.0,0.0004678279416992535
text_text_ln_lrh0.001_frozen_e5_s44,1810,3,1.37869,3.5054,0.0,0.00046747244934233913
text_text_ln_lrh0.001_frozen_e5_s44,1811,3,1.29317,3.8929,0.0,0.00046711695698542483
text_text_ln_lrh0.001_frozen_e5_s44,1812,3,1.48314,4.0423,0.0,0.00046676146462851047
text_text_ln_lrh0.001_frozen_e5_s44,1813,3,1.30762,3.1353,0.0,0.00046640597227159616
text_text_ln_lrh0.001_frozen_e5_s44,1814,3,0.91853,4.1245,0.0,0.00046605047991468186
text_text_ln_lrh0.001_frozen_e5_s44,1815,3,1.30463,2.3828,0.0,0.0004656949875577675
text_text_ln_lrh0.001_frozen_e5_s44,1816,3,0.70803,2.2125,0.0,0.0004653394952008532
text_text_ln_lrh0.001_frozen_e5_s44,1817,3,1.30189,2.5345,0.0,0.0004649840028439389
text_text_ln_lrh0.001_frozen_e5_s44,1818,3,0.81487,2.8258,0.0,0.00046462851048702453
text_text_ln_lrh0.001_frozen_e5_s44,1819,3,0.80684,2.3551,0.0,0.00046427301813011017
text_text_ln_lrh0.001_frozen_e5_s44,1820,3,0.75183,2.2716,0.0,0.0004639175257731959
text_text_ln_lrh0.001_frozen_e5_s44,1821,3,1.67523,5.3764,0.0,0.00046356203341628156
text_text_ln_lrh0.001_frozen_e5_s44,1822,3,0.90139,2.3975,0.0,0.0004632065410593672
text_text_ln_lrh0.001_frozen_e5_s44,1823,3,0.94266,1.9865,0.0,0.00046285104870245295
text_text_ln_lrh0.001_frozen_e5_s44,1824,3,1.08609,3.9749,0.0,0.0004624955563455386
text_text_ln_lrh0.001_frozen_e5_s44,1825,3,1.33002,5.3104,0.0,0.00046214006398862423
text_text_ln_lrh0.001_frozen_e5_s44,1826,3,0.95763,2.457,0.0,0.0004617845716317099
text_text_ln_lrh0.001_frozen_e5_s44,1827,3,0.9911,3.5002,0.0,0.0004614290792747956
text_text_ln_lrh0.001_frozen_e5_s44,1828,3,1.10991,2.0323,0.0,0.00046107358691788126
text_text_ln_lrh0.001_frozen_e5_s44,1829,3,1.28301,4.6419,0.0,0.00046071809456096696
text_text_ln_lrh0.001_frozen_e5_s44,1830,3,1.2086,3.2719,0.0,0.00046036260220405265
text_text_ln_lrh0.001_frozen_e5_s44,1831,3,1.55623,2.8237,0.0,0.0004600071098471383
text_text_ln_lrh0.001_frozen_e5_s44,1832,3,1.05356,4.0564,0.0,0.000459651617490224
text_text_ln_lrh0.001_frozen_e5_s44,1833,3,1.08517,4.2575,0.0,0.0004592961251333096
text_text_ln_lrh0.001_frozen_e5_s44,1834,3,1.06185,1.8113,0.0,0.0004589406327763953
text_text_ln_lrh0.001_frozen_e5_s44,1835,3,1.00988,2.7946,0.0,0.000458585140419481
text_text_ln_lrh0.001_frozen_e5_s44,1836,3,1.36868,4.9445,0.0,0.00045822964806256666
text_text_ln_lrh0.001_frozen_e5_s44,1837,3,1.14362,2.6529,0.0,0.00045787415570565235
text_text_ln_lrh0.001_frozen_e5_s44,1838,3,0.86226,1.757,0.0,0.000457518663348738
text_text_ln_lrh0.001_frozen_e5_s44,1839,3,0.73326,1.8006,0.0,0.0004571631709918237
text_text_ln_lrh0.001_frozen_e5_s44,1840,3,1.15318,1.9842,0.0,0.00045680767863490933
text_text_ln_lrh0.001_frozen_e5_s44,1841,3,1.4439,2.9616,0.0,0.000456452186277995
text_text_ln_lrh0.001_frozen_e5_s44,1842,3,0.83792,1.7711,0.0,0.0004560966939210807
text_text_ln_lrh0.001_frozen_e5_s44,1843,3,1.30225,3.1437,0.0,0.00045574120156416636
text_text_ln_lrh0.001_frozen_e5_s44,1844,3,1.23602,3.0366,0.0,0.00045538570920725205
text_text_ln_lrh0.001_frozen_e5_s44,1845,3,1.53847,2.0472,0.0,0.00045503021685033775
text_text_ln_lrh0.001_frozen_e5_s44,1846,3,0.92589,3.1353,0.0,0.0004546747244934234
text_text_ln_lrh0.001_frozen_e5_s44,1847,3,1.4388,2.3871,0.0,0.00045431923213650903
text_text_ln_lrh0.001_frozen_e5_s44,1848,3,1.12945,2.0259,0.0,0.0004539637397795948
text_text_ln_lrh0.001_frozen_e5_s44,1849,3,1.76269,3.6154,0.0,0.0004536082474226804
text_text_ln_lrh0.001_frozen_e5_s44,1850,3,0.66689,3.0356,0.0,0.00045325275506576606
text_text_ln_lrh0.001_frozen_e5_s44,1851,3,0.70696,1.7424,0.0,0.0004528972627088518
text_text_ln_lrh0.001_frozen_e5_s44,1852,3,1.4192,3.4148,0.0,0.00045254177035193745
text_text_ln_lrh0.001_frozen_e5_s44,1853,3,1.25901,3.239,0.0,0.0004521862779950231
text_text_ln_lrh0.001_frozen_e5_s44,1854,3,0.86008,2.3228,0.0,0.0004518307856381088
text_text_ln_lrh0.001_frozen_e5_s44,1855,3,1.49036,3.5754,0.0,0.0004514752932811945
text_text_ln_lrh0.001_frozen_e5_s44,1856,3,1.14322,4.4053,0.0,0.0004511198009242801
text_text_ln_lrh0.001_frozen_e5_s44,1857,3,1.02019,3.4288,0.0,0.0004507643085673658
text_text_ln_lrh0.001_frozen_e5_s44,1858,3,0.80751,1.8946,0.0,0.0004504088162104515
text_text_ln_lrh0.001_frozen_e5_s44,1859,3,1.86552,5.8076,0.0,0.00045005332385353715
text_text_ln_lrh0.001_frozen_e5_s44,1860,3,1.12124,4.1902,0.0,0.00044969783149662284
text_text_ln_lrh0.001_frozen_e5_s44,1861,3,0.92319,2.8938,0.0,0.0004493423391397085
text_text_ln_lrh0.001_frozen_e5_s44,1862,3,0.94404,2.8045,0.0,0.0004489868467827942
text_text_ln_lrh0.001_frozen_e5_s44,1863,3,0.63849,2.3532,0.0,0.0004486313544258799
text_text_ln_lrh0.001_frozen_e5_s44,1864,3,1.40074,4.3281,0.0,0.0004482758620689655
text_text_ln_lrh0.001_frozen_e5_s44,1865,3,0.98979,2.4746,0.0,0.0004479203697120512
text_text_ln_lrh0.001_frozen_e5_s44,1866,3,1.18492,3.6935,0.0,0.0004475648773551369
text_text_ln_lrh0.001_frozen_e5_s44,1867,3,1.13642,3.3668,0.0,0.00044720938499822255
text_text_ln_lrh0.001_frozen_e5_s44,1868,3,1.05815,3.1452,0.0,0.0004468538926413082
text_text_ln_lrh0.001_frozen_e5_s44,1869,3,0.97512,3.3591,0.0,0.0004464984002843939
text_text_ln_lrh0.001_frozen_e5_s44,1870,3,1.25543,3.3153,0.0,0.0004461429079274796
text_text_ln_lrh0.001_frozen_e5_s44,1871,3,1.10484,3.2987,0.0,0.0004457874155705652
text_text_ln_lrh0.001_frozen_e5_s44,1872,3,1.4267,2.8784,0.0,0.0004454319232136509
text_text_ln_lrh0.001_frozen_e5_s44,1873,3,0.66794,1.7022,0.0,0.0004450764308567366
text_text_ln_lrh0.001_frozen_e5_s44,1874,3,1.14494,2.9228,0.0,0.00044472093849982225
text_text_ln_lrh0.001_frozen_e5_s44,1875,3,1.27925,4.9403,0.0,0.0004443654461429079
text_text_ln_lrh0.001_frozen_e5_s44,1876,4,1.26599,2.8554,0.0,0.00044400995378599364
text_text_ln_lrh0.001_frozen_e5_s44,1877,4,0.95186,1.6543,0.0,0.0004436544614290793
text_text_ln_lrh0.001_frozen_e5_s44,1878,4,1.14111,3.5795,0.0,0.0004432989690721649
text_text_ln_lrh0.001_frozen_e5_s44,1879,4,0.60919,3.7038,0.0,0.00044294347671525067
text_text_ln_lrh0.001_frozen_e5_s44,1880,4,1.21202,2.0385,0.0,0.0004425879843583363
text_text_ln_lrh0.001_frozen_e5_s44,1881,4,1.33046,3.4241,0.0,0.00044223249200142195
text_text_ln_lrh0.001_frozen_e5_s44,1882,4,0.97345,3.2734,0.0,0.0004418769996445077
text_text_ln_lrh0.001_frozen_e5_s44,1883,4,1.17757,3.0,0.0,0.00044152150728759334
text_text_ln_lrh0.001_frozen_e5_s44,1884,4,0.82157,2.2681,0.0,0.000441166014930679
text_text_ln_lrh0.001_frozen_e5_s44,1885,4,1.32921,2.8651,0.0,0.00044081052257376467
text_text_ln_lrh0.001_frozen_e5_s44,1886,4,1.31058,2.4392,0.0,0.00044045503021685037
text_text_ln_lrh0.001_frozen_e5_s44,1887,4,0.76504,2.0568,0.0,0.000440099537859936
text_text_ln_lrh0.001_frozen_e5_s44,1888,4,1.42287,3.7017,0.0,0.0004397440455030217
text_text_ln_lrh0.001_frozen_e5_s44,1889,4,1.15933,3.1821,0.0,0.0004393885531461074
text_text_ln_lrh0.001_frozen_e5_s44,1890,4,0.9538,2.8733,0.0,0.00043903306078919304
text_text_ln_lrh0.001_frozen_e5_s44,1891,4,1.01576,2.2228,0.0,0.00043867756843227873
text_text_ln_lrh0.001_frozen_e5_s44,1892,4,1.15554,2.7305,0.0,0.0004383220760753644
text_text_ln_lrh0.001_frozen_e5_s44,1893,4,1.17863,5.0416,0.0,0.00043796658371845007
text_text_ln_lrh0.001_frozen_e5_s44,1894,4,0.83387,2.9033,0.0,0.00043761109136153576
text_text_ln_lrh0.001_frozen_e5_s44,1895,4,0.7468,2.7393,0.0,0.0004372555990046214
text_text_ln_lrh0.001_frozen_e5_s44,1896,4,0.88767,1.6879,0.0,0.0004369001066477071
text_text_ln_lrh0.001_frozen_e5_s44,1897,4,1.19559,2.4044,0.0,0.00043654461429079274
text_text_ln_lrh0.001_frozen_e5_s44,1898,4,0.98469,1.8684,0.0,0.00043618912193387843
text_text_ln_lrh0.001_frozen_e5_s44,1899,4,1.36928,2.3341,0.0,0.0004358336295769641
text_text_ln_lrh0.001_frozen_e5_s44,1900,4,1.41262,3.3073,0.0,0.00043547813722004977
text_text_ln_lrh0.001_frozen_e5_s44,1901,4,1.59757,4.0187,0.0,0.00043512264486313546
text_text_ln_lrh0.001_frozen_e5_s44,1902,4,0.95519,3.177,0.0,0.0004347671525062211
text_text_ln_lrh0.001_frozen_e5_s44,1903,4,1.26641,3.2888,0.0,0.0004344116601493068
text_text_ln_lrh0.001_frozen_e5_s44,1904,4,1.20213,3.638,0.0,0.0004340561677923925
text_text_ln_lrh0.001_frozen_e5_s44,1905,4,1.35526,3.1289,0.0,0.00043370067543547814
text_text_ln_lrh0.001_frozen_e5_s44,1906,4,1.34943,2.0526,0.0,0.0004333451830785638
text_text_ln_lrh0.001_frozen_e5_s44,1907,4,1.49597,4.1792,0.0,0.0004329896907216495
text_text_ln_lrh0.001_frozen_e5_s44,1908,4,1.31625,1.8562,0.0,0.00043263419836473517
text_text_ln_lrh0.001_frozen_e5_s44,1909,4,0.86896,2.3536,0.0,0.0004322787060078208
text_text_ln_lrh0.001_frozen_e5_s44,1910,4,0.97987,2.7171,0.0,0.00043192321365090656
text_text_ln_lrh0.001_frozen_e5_s44,1911,4,1.10154,3.7728,0.0,0.0004315677212939922
text_text_ln_lrh0.001_frozen_e5_s44,1912,4,1.14305,2.2042,0.0,0.00043121222893707784
text_text_ln_lrh0.001_frozen_e5_s44,1913,4,1.34197,2.9562,0.0,0.00043085673658016353
text_text_ln_lrh0.001_frozen_e5_s44,1914,4,0.95674,2.7672,0.0,0.0004305012442232492
text_text_ln_lrh0.001_frozen_e5_s44,1915,4,1.54059,2.6007,0.0,0.00043014575186633487
text_text_ln_lrh0.001_frozen_e5_s44,1916,4,1.31532,4.1484,0.0,0.00042979025950942056
text_text_ln_lrh0.001_frozen_e5_s44,1917,4,0.98729,3.3235,0.0,0.00042943476715250626
text_text_ln_lrh0.001_frozen_e5_s44,1918,4,0.97045,2.1702,0.0,0.0004290792747955919
text_text_ln_lrh0.001_frozen_e5_s44,1919,4,0.95986,1.7876,0.0,0.0004287237824386776
text_text_ln_lrh0.001_frozen_e5_s44,1920,4,1.02009,2.168,0.0,0.00042836829008176323
text_text_ln_lrh0.001_frozen_e5_s44,1921,4,1.01677,2.4824,0.0,0.0004280127977248489
text_text_ln_lrh0.001_frozen_e5_s44,1922,4,1.05932,2.1445,0.0,0.0004276573053679346
text_text_ln_lrh0.001_frozen_e5_s44,1923,4,0.89397,2.5018,0.0,0.00042730181301102026
text_text_ln_lrh0.001_frozen_e5_s44,1924,4,0.86536,2.9496,0.0,0.00042694632065410596
text_text_ln_lrh0.001_frozen_e5_s44,1925,4,1.18727,2.6516,0.0,0.00042659082829719165
text_text_ln_lrh0.001_frozen_e5_s44,1926,4,0.6215,2.3456,0.0,0.0004262353359402773
text_text_ln_lrh0.001_frozen_e5_s44,1927,4,1.14434,2.6081,0.0,0.00042587984358336293
text_text_ln_lrh0.001_frozen_e5_s44,1928,4,0.94174,1.7373,0.0,0.00042552435122644863
text_text_ln_lrh0.001_frozen_e5_s44,1929,4,0.95692,2.3347,0.0,0.0004251688588695343
text_text_ln_lrh0.001_frozen_e5_s44,1930,4,1.16318,2.4306,0.0,0.00042481336651261996
text_text_ln_lrh0.001_frozen_e5_s44,1931,4,1.21793,2.3238,0.0,0.00042445787415570566
text_text_ln_lrh0.001_frozen_e5_s44,1932,4,1.57485,7.6136,0.0,0.00042410238179879135
text_text_ln_lrh0.001_frozen_e5_s44,1933,4,0.9129,3.3524,0.0,0.000423746889441877
text_text_ln_lrh0.001_frozen_e5_s44,1934,4,1.11142,2.6195,0.0,0.00042339139708496263
text_text_ln_lrh0.001_frozen_e5_s44,1935,4,1.14275,3.184,0.0,0.0004230359047280484
text_text_ln_lrh0.001_frozen_e5_s44,1936,4,1.25602,3.978,0.0,0.000422680412371134
text_text_ln_lrh0.001_frozen_e5_s44,1937,4,1.68509,3.7036,0.0,0.00042232492001421966
text_text_ln_lrh0.001_frozen_e5_s44,1938,4,1.29304,2.4765,0.0,0.0004219694276573054
text_text_ln_lrh0.001_frozen_e5_s44,1939,4,0.92636,3.1767,0.0,0.00042161393530039105
text_text_ln_lrh0.001_frozen_e5_s44,1940,4,1.14655,3.7943,0.0,0.0004212584429434767
text_text_ln_lrh0.001_frozen_e5_s44,1941,4,1.16252,2.2518,0.0,0.0004209029505865624
text_text_ln_lrh0.001_frozen_e5_s44,1942,4,1.15068,2.6221,0.0,0.0004205474582296481
text_text_ln_lrh0.001_frozen_e5_s44,1943,4,0.94027,2.09,0.0,0.0004201919658727337
text_text_ln_lrh0.001_frozen_e5_s44,1944,4,1.25833,5.2741,0.0,0.0004198364735158194
text_text_ln_lrh0.001_frozen_e5_s44,1945,4,1.09632,4.0522,0.0,0.0004194809811589051
text_text_ln_lrh0.001_frozen_e5_s44,1946,4,1.19155,2.4331,0.0,0.00041912548880199076
text_text_ln_lrh0.001_frozen_e5_s44,1947,4,1.01195,2.5274,0.0,0.00041876999644507645
text_text_ln_lrh0.001_frozen_e5_s44,1948,4,1.25325,3.464,0.0,0.00041841450408816214
text_text_ln_lrh0.001_frozen_e5_s44,1949,4,1.25328,2.2021,0.0,0.0004180590117312478
text_text_ln_lrh0.001_frozen_e5_s44,1950,4,1.47178,4.6706,0.0,0.0004177035193743335
text_text_ln_lrh0.001_frozen_e5_s44,1951,4,1.08633,2.544,0.0,0.0004173480270174191
text_text_ln_lrh0.001_frozen_e5_s44,1952,4,0.76307,1.9891,0.0,0.0004169925346605048
text_text_ln_lrh0.001_frozen_e5_s44,1953,4,1.49825,3.6509,0.0,0.0004166370423035905
text_text_ln_lrh0.001_frozen_e5_s44,1954,4,1.02136,1.7152,0.0,0.00041628154994667615
text_text_ln_lrh0.001_frozen_e5_s44,1955,4,1.24168,3.2394,0.0,0.00041592605758976185
text_text_ln_lrh0.001_frozen_e5_s44,1956,4,1.73323,3.4279,0.0,0.0004155705652328475
text_text_ln_lrh0.001_frozen_e5_s44,1957,4,1.07546,5.5535,0.0,0.0004152150728759332
text_text_ln_lrh0.001_frozen_e5_s44,1958,4,0.93939,1.6013,0.0,0.0004148595805190188
text_text_ln_lrh0.001_frozen_e5_s44,1959,4,1.25858,2.2717,0.0,0.0004145040881621045
text_text_ln_lrh0.001_frozen_e5_s44,1960,4,0.85202,2.7702,0.0,0.0004141485958051902
text_text_ln_lrh0.001_frozen_e5_s44,1961,4,1.51197,2.1727,0.0,0.00041379310344827585
text_text_ln_lrh0.001_frozen_e5_s44,1962,4,1.25999,2.1763,0.0,0.00041343761109136155
text_text_ln_lrh0.001_frozen_e5_s44,1963,4,1.16653,3.3231,0.0,0.00041308211873444724
text_text_ln_lrh0.001_frozen_e5_s44,1964,4,0.51437,2.9659,0.0,0.0004127266263775329
text_text_ln_lrh0.001_frozen_e5_s44,1965,4,0.80383,3.909,0.0,0.0004123711340206185
text_text_ln_lrh0.001_frozen_e5_s44,1966,4,1.42572,2.7772,0.0,0.00041201564166370427
text_text_ln_lrh0.001_frozen_e5_s44,1967,4,1.51277,2.6951,0.0,0.0004116601493067899
text_text_ln_lrh0.001_frozen_e5_s44,1968,4,1.17527,3.7904,0.0,0.00041130465694987555
text_text_ln_lrh0.001_frozen_e5_s44,1969,4,0.99679,3.0566,0.0,0.0004109491645929613
text_text_ln_lrh0.001_frozen_e5_s44,1970,4,1.45643,2.0303,0.0,0.00041059367223604694
text_text_ln_lrh0.001_frozen_e5_s44,1971,4,1.07127,2.2669,0.0,0.0004102381798791326
text_text_ln_lrh0.001_frozen_e5_s44,1972,4,1.09362,5.0863,0.0,0.0004098826875222183
text_text_ln_lrh0.001_frozen_e5_s44,1973,4,1.00466,2.5724,0.0,0.00040952719516530397
text_text_ln_lrh0.001_frozen_e5_s44,1974,4,0.50971,2.0434,0.0,0.0004091717028083896
text_text_ln_lrh0.001_frozen_e5_s44,1975,4,0.86113,2.9057,0.0,0.0004088162104514753
text_text_ln_lrh0.001_frozen_e5_s44,1976,4,1.14744,2.098,0.0,0.000408460718094561
text_text_ln_lrh0.001_frozen_e5_s44,1977,4,0.69105,2.3748,0.0,0.00040810522573764664
text_text_ln_lrh0.001_frozen_e5_s44,1978,4,1.40153,1.9436,0.0,0.00040774973338073234
text_text_ln_lrh0.001_frozen_e5_s44,1979,4,1.77385,6.748,0.0,0.000407394241023818
text_text_ln_lrh0.001_frozen_e5_s44,1980,4,1.16528,1.8762,0.0,0.0004070387486669037
text_text_ln_lrh0.001_frozen_e5_s44,1981,4,1.50871,2.4713,0.0,0.00040668325630998937
text_text_ln_lrh0.001_frozen_e5_s44,1982,4,1.65264,2.9266,0.0,0.000406327763953075
text_text_ln_lrh0.001_frozen_e5_s44,1983,4,1.17434,2.6205,0.0,0.0004059722715961607
text_text_ln_lrh0.001_frozen_e5_s44,1984,4,1.2281,2.6166,0.0,0.0004056167792392464
text_text_ln_lrh0.001_frozen_e5_s44,1985,4,1.18473,3.6368,0.0,0.00040526128688233204
text_text_ln_lrh0.001_frozen_e5_s44,1986,4,0.81094,1.9716,0.0,0.0004049057945254177
text_text_ln_lrh0.001_frozen_e5_s44,1987,4,1.00867,3.5924,0.0,0.0004045503021685034
text_text_ln_lrh0.001_frozen_e5_s44,1988,4,1.1849,3.9817,0.0,0.00040419480981158907
text_text_ln_lrh0.001_frozen_e5_s44,1989,4,0.8108,2.1868,0.0,0.0004038393174546747
text_text_ln_lrh0.001_frozen_e5_s44,1990,4,0.96842,2.307,0.0,0.0004034838250977604
text_text_ln_lrh0.001_frozen_e5_s44,1991,4,0.88484,3.7569,0.0,0.0004031283327408461
text_text_ln_lrh0.001_frozen_e5_s44,1992,4,1.13338,2.3407,0.0,0.00040277284038393174
text_text_ln_lrh0.001_frozen_e5_s44,1993,4,1.26734,2.3584,0.0,0.0004024173480270174
text_text_ln_lrh0.001_frozen_e5_s44,1994,4,1.09021,1.8148,0.0,0.00040206185567010313
text_text_ln_lrh0.001_frozen_e5_s44,1995,4,1.41646,2.1099,0.0,0.00040170636331318877
text_text_ln_lrh0.001_frozen_e5_s44,1996,4,0.83849,5.2736,0.0,0.0004013508709562744
text_text_ln_lrh0.001_frozen_e5_s44,1997,4,1.77516,2.9417,0.0,0.00040099537859936016
text_text_ln_lrh0.001_frozen_e5_s44,1998,4,1.48717,2.9679,0.0,0.0004006398862424458
text_text_ln_lrh0.001_frozen_e5_s44,1999,4,1.20563,1.6187,0.0,0.00040028439388553144
text_text_ln_lrh0.001_frozen_e5_s44,2000,4,1.52056,3.9188,0.0,0.00039992890152861714
text_text_ln_lrh0.001_frozen_e5_s44,2001,4,0.94696,4.5531,0.0,0.00039957340917170283
text_text_ln_lrh0.001_frozen_e5_s44,2002,4,0.95477,2.0187,0.0,0.00039921791681478847
text_text_ln_lrh0.001_frozen_e5_s44,2003,4,0.90051,4.1145,0.0,0.00039886242445787417
text_text_ln_lrh0.001_frozen_e5_s44,2004,4,1.24722,3.9917,0.0,0.00039850693210095986
text_text_ln_lrh0.001_frozen_e5_s44,2005,4,1.2833,3.748,0.0,0.0003981514397440455
text_text_ln_lrh0.001_frozen_e5_s44,2006,4,0.98975,2.0697,0.0,0.0003977959473871312
text_text_ln_lrh0.001_frozen_e5_s44,2007,4,1.08248,2.8871,0.0,0.00039744045503021684
text_text_ln_lrh0.001_frozen_e5_s44,2008,4,0.99389,3.0464,0.0,0.00039708496267330253
text_text_ln_lrh0.001_frozen_e5_s44,2009,4,1.17206,3.4772,0.0,0.00039672947031638823
text_text_ln_lrh0.001_frozen_e5_s44,2010,4,1.41017,3.9776,0.0,0.00039637397795947387
text_text_ln_lrh0.001_frozen_e5_s44,2011,4,1.31255,2.7124,0.0,0.00039601848560255956
text_text_ln_lrh0.001_frozen_e5_s44,2012,4,0.90944,3.6348,0.0,0.00039566299324564526
text_text_ln_lrh0.001_frozen_e5_s44,2013,4,1.37348,4.205,0.0,0.0003953075008887309
text_text_ln_lrh0.001_frozen_e5_s44,2014,4,1.08964,5.2319,0.0,0.00039495200853181654
text_text_ln_lrh0.001_frozen_e5_s44,2015,4,1.3499,5.068,0.0,0.00039459651617490223
text_text_ln_lrh0.001_frozen_e5_s44,2016,4,0.89599,4.5628,0.0,0.00039424102381798793
text_text_ln_lrh0.001_frozen_e5_s44,2017,4,0.94254,1.9326,0.0,0.00039388553146107357
text_text_ln_lrh0.001_frozen_e5_s44,2018,4,1.22679,2.8055,0.0,0.00039353003910415926
text_text_ln_lrh0.001_frozen_e5_s44,2019,4,0.89761,1.5915,0.0,0.00039317454674724496
text_text_ln_lrh0.001_frozen_e5_s44,2020,4,1.56986,2.579,0.0,0.0003928190543903306
text_text_ln_lrh0.001_frozen_e5_s44,2021,4,1.19882,3.0701,0.0,0.00039246356203341624
text_text_ln_lrh0.001_frozen_e5_s44,2022,4,1.58468,3.7953,0.0,0.000392108069676502
text_text_ln_lrh0.001_frozen_e5_s44,2023,4,1.37033,4.2878,0.0,0.00039175257731958763
text_text_ln_lrh0.001_frozen_e5_s44,2024,4,1.3068,2.3939,0.0,0.00039139708496267327
text_text_ln_lrh0.001_frozen_e5_s44,2025,4,0.99354,3.1622,0.0,0.000391041592605759
text_text_ln_lrh0.001_frozen_e5_s44,2026,4,1.4264,3.1144,0.0,0.00039068610024884466
text_text_ln_lrh0.001_frozen_e5_s44,2027,4,1.12334,1.8127,0.0,0.0003903306078919303
text_text_ln_lrh0.001_frozen_e5_s44,2028,4,1.20929,2.5809,0.0,0.00038997511553501605
text_text_ln_lrh0.001_frozen_e5_s44,2029,4,1.14474,2.9488,0.0,0.0003896196231781017
text_text_ln_lrh0.001_frozen_e5_s44,2030,4,1.35652,4.3672,0.0,0.00038926413082118733
text_text_ln_lrh0.001_frozen_e5_s44,2031,4,1.21022,2.6188,0.0,0.000388908638464273
text_text_ln_lrh0.001_frozen_e5_s44,2032,4,1.08579,2.1858,0.0,0.0003885531461073587
text_text_ln_lrh0.001_frozen_e5_s44,2033,4,1.54898,2.3548,0.0,0.00038819765375044436
text_text_ln_lrh0.001_frozen_e5_s44,2034,4,1.21863,2.6715,0.0,0.00038784216139353006
text_text_ln_lrh0.001_frozen_e5_s44,2035,4,0.81999,3.479,0.0,0.00038748666903661575
text_text_ln_lrh0.001_frozen_e5_s44,2036,4,1.35936,3.3228,0.0,0.0003871311766797014
text_text_ln_lrh0.001_frozen_e5_s44,2037,4,0.9068,1.6721,0.0,0.0003867756843227871
text_text_ln_lrh0.001_frozen_e5_s44,2038,4,0.95209,4.1759,0.0,0.0003864201919658727
text_text_ln_lrh0.001_frozen_e5_s44,2039,4,1.31006,3.1527,0.0,0.0003860646996089584
text_text_ln_lrh0.001_frozen_e5_s44,2040,4,1.45909,4.6301,0.0,0.0003857092072520441
text_text_ln_lrh0.001_frozen_e5_s44,2041,4,0.76588,3.3746,0.0,0.00038535371489512976
text_text_ln_lrh0.001_frozen_e5_s44,2042,4,1.66139,3.0452,0.0,0.00038499822253821545
text_text_ln_lrh0.001_frozen_e5_s44,2043,4,1.08211,2.6079,0.0,0.00038464273018130115
text_text_ln_lrh0.001_frozen_e5_s44,2044,4,1.14953,2.4387,0.0,0.0003842872378243868
text_text_ln_lrh0.001_frozen_e5_s44,2045,4,0.88302,2.4904,0.0,0.00038393174546747243
text_text_ln_lrh0.001_frozen_e5_s44,2046,4,0.97712,2.632,0.0,0.0003835762531105581
text_text_ln_lrh0.001_frozen_e5_s44,2047,4,0.79639,3.1553,0.0,0.0003832207607536438
text_text_ln_lrh0.001_frozen_e5_s44,2048,4,1.20258,2.9459,0.0,0.00038286526839672946
text_text_ln_lrh0.001_frozen_e5_s44,2049,4,1.25815,3.2346,0.0,0.00038250977603981515
text_text_ln_lrh0.001_frozen_e5_s44,2050,4,1.12274,2.482,0.0,0.00038215428368290085
text_text_ln_lrh0.001_frozen_e5_s44,2051,4,1.35993,3.019,0.0,0.0003817987913259865
text_text_ln_lrh0.001_frozen_e5_s44,2052,4,0.8921,2.4247,0.0,0.00038144329896907213
text_text_ln_lrh0.001_frozen_e5_s44,2053,4,1.17772,2.4389,0.0,0.0003810878066121579
text_text_ln_lrh0.001_frozen_e5_s44,2054,4,1.58647,6.5867,0.0,0.0003807323142552435
text_text_ln_lrh0.001_frozen_e5_s44,2055,4,1.40982,2.7114,0.0,0.00038037682189832916
text_text_ln_lrh0.001_frozen_e5_s44,2056,4,1.14064,2.3072,0.0,0.0003800213295414149
text_text_ln_lrh0.001_frozen_e5_s44,2057,4,1.00219,2.2496,0.0,0.00037966583718450055
text_text_ln_lrh0.001_frozen_e5_s44,2058,4,1.09884,2.2888,0.0,0.0003793103448275862
text_text_ln_lrh0.001_frozen_e5_s44,2059,4,1.2629,2.0821,0.0,0.0003789548524706719
text_text_ln_lrh0.001_frozen_e5_s44,2060,4,0.91459,2.2961,0.0,0.0003785993601137576
text_text_ln_lrh0.001_frozen_e5_s44,2061,4,1.03684,2.8369,0.0,0.0003782438677568432
text_text_ln_lrh0.001_frozen_e5_s44,2062,4,0.81378,3.0599,0.0,0.0003778883753999289
text_text_ln_lrh0.001_frozen_e5_s44,2063,4,1.55443,4.0449,0.0,0.0003775328830430146
text_text_ln_lrh0.001_frozen_e5_s44,2064,4,1.26964,2.0707,0.0,0.00037717739068610025
text_text_ln_lrh0.001_frozen_e5_s44,2065,4,0.77555,1.8041,0.0,0.00037682189832918594
text_text_ln_lrh0.001_frozen_e5_s44,2066,4,1.28783,1.9019,0.0,0.0003764664059722716
text_text_ln_lrh0.001_frozen_e5_s44,2067,4,0.9662,1.7988,0.0,0.0003761109136153573
text_text_ln_lrh0.001_frozen_e5_s44,2068,4,1.1432,3.7351,0.0,0.000375755421258443
text_text_ln_lrh0.001_frozen_e5_s44,2069,4,1.0542,2.7746,0.0,0.0003753999289015286
text_text_ln_lrh0.001_frozen_e5_s44,2070,4,0.97062,2.97,0.0,0.0003750444365446143
text_text_ln_lrh0.001_frozen_e5_s44,2071,4,0.96379,2.1724,0.0,0.0003746889441877
text_text_ln_lrh0.001_frozen_e5_s44,2072,4,1.05635,3.7876,0.0,0.00037433345183078564
text_text_ln_lrh0.001_frozen_e5_s44,2073,4,1.18026,2.6852,0.0,0.0003739779594738713
text_text_ln_lrh0.001_frozen_e5_s44,2074,4,1.24639,3.1509,0.0,0.000373622467116957
text_text_ln_lrh0.001_frozen_e5_s44,2075,4,0.9987,2.4818,0.0,0.0003732669747600427
text_text_ln_lrh0.001_frozen_e5_s44,2076,4,1.5846,3.2217,0.0,0.0003729114824031283
text_text_ln_lrh0.001_frozen_e5_s44,2077,4,1.30824,4.6943,0.0,0.000372555990046214
text_text_ln_lrh0.001_frozen_e5_s44,2078,4,1.68705,4.1135,0.0,0.0003722004976892997
text_text_ln_lrh0.001_frozen_e5_s44,2079,4,1.08173,4.0457,0.0,0.00037184500533238535
text_text_ln_lrh0.001_frozen_e5_s44,2080,4,1.29124,2.3353,0.0,0.000371489512975471
text_text_ln_lrh0.001_frozen_e5_s44,2081,4,1.32931,3.7135,0.0,0.00037113402061855674
text_text_ln_lrh0.001_frozen_e5_s44,2082,4,0.83477,2.7447,0.0,0.0003707785282616424
text_text_ln_lrh0.001_frozen_e5_s44,2083,4,0.78535,2.1195,0.0,0.000370423035904728
text_text_ln_lrh0.001_frozen_e5_s44,2084,4,1.28534,2.0454,0.0,0.00037006754354781377
text_text_ln_lrh0.001_frozen_e5_s44,2085,4,1.35775,3.9289,0.0,0.0003697120511908994
text_text_ln_lrh0.001_frozen_e5_s44,2086,4,0.92192,3.0921,0.0,0.00036935655883398505
text_text_ln_lrh0.001_frozen_e5_s44,2087,4,1.0212,2.7546,0.0,0.00036900106647707074
text_text_ln_lrh0.001_frozen_e5_s44,2088,4,0.89948,2.2319,0.0,0.00036864557412015644
text_text_ln_lrh0.001_frozen_e5_s44,2089,4,1.32656,2.3188,0.0,0.0003682900817632421
text_text_ln_lrh0.001_frozen_e5_s44,2090,4,1.45637,3.4565,0.0,0.00036793458940632777
text_text_ln_lrh0.001_frozen_e5_s44,2091,4,1.20896,2.8974,0.0,0.00036757909704941347
text_text_ln_lrh0.001_frozen_e5_s44,2092,4,1.60467,2.9754,0.0,0.0003672236046924991
text_text_ln_lrh0.001_frozen_e5_s44,2093,4,1.11898,3.4082,0.0,0.0003668681123355848
text_text_ln_lrh0.001_frozen_e5_s44,2094,4,0.63629,3.2339,0.0,0.00036651261997867044
text_text_ln_lrh0.001_frozen_e5_s44,2095,4,1.44902,3.2576,0.0,0.00036615712762175614
text_text_ln_lrh0.001_frozen_e5_s44,2096,4,1.42619,1.9314,0.0,0.00036580163526484183
text_text_ln_lrh0.001_frozen_e5_s44,2097,4,1.02404,3.2316,0.0,0.0003654461429079275
text_text_ln_lrh0.001_frozen_e5_s44,2098,4,1.18152,2.4867,0.0,0.00036509065055101317
text_text_ln_lrh0.001_frozen_e5_s44,2099,4,1.42112,2.7418,0.0,0.00036473515819409886
text_text_ln_lrh0.001_frozen_e5_s44,2100,4,0.62657,2.7419,0.0,0.0003643796658371845
text_text_ln_lrh0.001_frozen_e5_s44,2101,4,1.24805,3.0453,0.0,0.00036402417348027014
text_text_ln_lrh0.001_frozen_e5_s44,2102,4,1.02206,2.3465,0.0,0.0003636686811233559
text_text_ln_lrh0.001_frozen_e5_s44,2103,4,0.92388,1.6727,0.0,0.00036331318876644153
text_text_ln_lrh0.001_frozen_e5_s44,2104,4,1.21752,2.4514,0.0,0.0003629576964095272
text_text_ln_lrh0.001_frozen_e5_s44,2105,4,1.05087,2.1612,0.0,0.00036260220405261287
text_text_ln_lrh0.001_frozen_e5_s44,2106,4,1.00662,3.7715,0.0,0.00036224671169569856
text_text_ln_lrh0.001_frozen_e5_s44,2107,4,1.63093,4.0171,0.0,0.0003618912193387842
text_text_ln_lrh0.001_frozen_e5_s44,2108,4,1.01135,2.2676,0.0,0.0003615357269818699
text_text_ln_lrh0.001_frozen_e5_s44,2109,4,0.78135,2.2258,0.0,0.0003611802346249556
text_text_ln_lrh0.001_frozen_e5_s44,2110,4,1.05002,2.4691,0.0,0.00036082474226804123
text_text_ln_lrh0.001_frozen_e5_s44,2111,4,0.87521,1.9196,0.0,0.0003604692499111269
text_text_ln_lrh0.001_frozen_e5_s44,2112,4,1.12679,4.0392,0.0,0.0003601137575542126
text_text_ln_lrh0.001_frozen_e5_s44,2113,4,1.21506,2.6323,0.0,0.00035975826519729826
text_text_ln_lrh0.001_frozen_e5_s44,2114,4,0.95782,1.836,0.0,0.0003594027728403839
text_text_ln_lrh0.001_frozen_e5_s44,2115,4,0.90525,2.22,0.0,0.00035904728048346965
text_text_ln_lrh0.001_frozen_e5_s44,2116,4,1.55861,3.1272,0.0,0.0003586917881265553
text_text_ln_lrh0.001_frozen_e5_s44,2117,4,1.71538,3.9921,0.0,0.00035833629576964094
text_text_ln_lrh0.001_frozen_e5_s44,2118,4,1.20502,2.7391,0.0,0.00035798080341272663
text_text_ln_lrh0.001_frozen_e5_s44,2119,4,1.0158,1.6388,0.0,0.0003576253110558123
text_text_ln_lrh0.001_frozen_e5_s44,2120,4,0.91386,2.8713,0.0,0.00035726981869889797
text_text_ln_lrh0.001_frozen_e5_s44,2121,4,1.59085,3.9959,0.0,0.00035691432634198366
text_text_ln_lrh0.001_frozen_e5_s44,2122,4,0.60208,1.872,0.0,0.00035655883398506936
text_text_ln_lrh0.001_frozen_e5_s44,2123,4,1.3847,3.9026,0.0,0.000356203341628155
text_text_ln_lrh0.001_frozen_e5_s44,2124,4,1.2572,4.7523,0.0,0.0003558478492712407
text_text_ln_lrh0.001_frozen_e5_s44,2125,4,1.4207,2.2708,0.0,0.00035549235691432633
text_text_ln_lrh0.001_frozen_e5_s44,2126,4,1.15632,3.5441,0.0,0.000355136864557412
text_text_ln_lrh0.001_frozen_e5_s44,2127,4,1.11986,2.7072,0.0,0.0003547813722004977
text_text_ln_lrh0.001_frozen_e5_s44,2128,4,0.89569,5.0234,0.0,0.00035442587984358336
text_text_ln_lrh0.001_frozen_e5_s44,2129,4,0.94332,3.3053,0.0,0.00035407038748666906
text_text_ln_lrh0.001_frozen_e5_s44,2130,4,0.57883,2.9623,0.0,0.00035371489512975475
text_text_ln_lrh0.001_frozen_e5_s44,2131,4,1.50231,2.5362,0.0,0.0003533594027728404
text_text_ln_lrh0.001_frozen_e5_s44,2132,4,0.99861,3.5148,0.0,0.00035300391041592603
text_text_ln_lrh0.001_frozen_e5_s44,2133,4,0.88339,3.2512,0.0,0.0003526484180590118
text_text_ln_lrh0.001_frozen_e5_s44,2134,4,0.66144,3.6857,0.0,0.0003522929257020974
text_text_ln_lrh0.001_frozen_e5_s44,2135,4,0.96911,2.6092,0.0,0.00035193743334518306
text_text_ln_lrh0.001_frozen_e5_s44,2136,4,1.40035,3.0096,0.0,0.00035158194098826876
text_text_ln_lrh0.001_frozen_e5_s44,2137,4,1.7426,4.2514,0.0,0.00035122644863135445
text_text_ln_lrh0.001_frozen_e5_s44,2138,4,1.1585,2.169,0.0,0.0003508709562744401
text_text_ln_lrh0.001_frozen_e5_s44,2139,4,1.14973,3.4305,0.0,0.00035051546391752573
text_text_ln_lrh0.001_frozen_e5_s44,2140,4,1.12396,2.1173,0.0,0.0003501599715606115
text_text_ln_lrh0.001_frozen_e5_s44,2141,4,1.37023,3.7473,0.0,0.0003498044792036971
text_text_ln_lrh0.001_frozen_e5_s44,2142,4,1.6535,5.297,0.0,0.00034944898684678276
text_text_ln_lrh0.001_frozen_e5_s44,2143,4,1.04963,2.6656,0.0,0.0003490934944898685
text_text_ln_lrh0.001_frozen_e5_s44,2144,4,1.44836,7.0099,0.0,0.00034873800213295415
text_text_ln_lrh0.001_frozen_e5_s44,2145,4,1.00246,3.2119,0.0,0.0003483825097760398
text_text_ln_lrh0.001_frozen_e5_s44,2146,4,1.33889,3.6294,0.0,0.0003480270174191255
text_text_ln_lrh0.001_frozen_e5_s44,2147,4,1.05747,2.6004,0.0,0.0003476715250622112
text_text_ln_lrh0.001_frozen_e5_s44,2148,4,1.08456,2.864,0.0,0.0003473160327052968
text_text_ln_lrh0.001_frozen_e5_s44,2149,4,0.94126,2.3801,0.0,0.0003469605403483825
text_text_ln_lrh0.001_frozen_e5_s44,2150,4,1.30727,2.6272,0.0,0.0003466050479914682
text_text_ln_lrh0.001_frozen_e5_s44,2151,4,1.36495,2.8169,0.0,0.00034624955563455385
text_text_ln_lrh0.001_frozen_e5_s44,2152,4,0.79004,2.0311,0.0,0.00034589406327763955
text_text_ln_lrh0.001_frozen_e5_s44,2153,4,1.04701,2.9593,0.0,0.0003455385709207252
text_text_ln_lrh0.001_frozen_e5_s44,2154,4,1.11284,1.7076,0.0,0.0003451830785638109
text_text_ln_lrh0.001_frozen_e5_s44,2155,4,1.25294,1.5364,0.0,0.0003448275862068966
text_text_ln_lrh0.001_frozen_e5_s44,2156,4,0.61703,2.7421,0.0,0.0003444720938499822
text_text_ln_lrh0.001_frozen_e5_s44,2157,4,0.9242,2.6783,0.0,0.0003441166014930679
text_text_ln_lrh0.001_frozen_e5_s44,2158,4,1.14091,3.081,0.0,0.0003437611091361536
text_text_ln_lrh0.001_frozen_e5_s44,2159,4,1.08549,2.6843,0.0,0.00034340561677923925
text_text_ln_lrh0.001_frozen_e5_s44,2160,4,0.93531,2.8456,0.0,0.0003430501244223249
text_text_ln_lrh0.001_frozen_e5_s44,2161,4,0.96071,2.3183,0.0,0.00034269463206541064
text_text_ln_lrh0.001_frozen_e5_s44,2162,4,1.11998,2.969,0.0,0.0003423391397084963
text_text_ln_lrh0.001_frozen_e5_s44,2163,4,1.01247,2.0601,0.0,0.0003419836473515819
text_text_ln_lrh0.001_frozen_e5_s44,2164,4,1.08054,4.1529,0.0,0.0003416281549946676
text_text_ln_lrh0.001_frozen_e5_s44,2165,4,0.89607,2.89,0.0,0.0003412726626377533
text_text_ln_lrh0.001_frozen_e5_s44,2166,4,1.34897,2.828,0.0,0.00034091717028083895
text_text_ln_lrh0.001_frozen_e5_s44,2167,4,0.91968,1.8669,0.0,0.0003405616779239246
text_text_ln_lrh0.001_frozen_e5_s44,2168,4,1.17535,2.77,0.0,0.00034020618556701034
text_text_ln_lrh0.001_frozen_e5_s44,2169,4,1.25967,2.6832,0.0,0.000339850693210096
text_text_ln_lrh0.001_frozen_e5_s44,2170,4,0.94153,2.1667,0.0,0.0003394952008531816
text_text_ln_lrh0.001_frozen_e5_s44,2171,4,1.67016,2.7189,0.0,0.00033913970849626737
text_text_ln_lrh0.001_frozen_e5_s44,2172,4,1.00164,2.0936,0.0,0.000338784216139353
text_text_ln_lrh0.001_frozen_e5_s44,2173,4,0.57992,3.4959,0.0,0.00033842872378243865
text_text_ln_lrh0.001_frozen_e5_s44,2174,4,0.44209,3.4704,0.0,0.0003380732314255244
text_text_ln_lrh0.001_frozen_e5_s44,2175,4,0.84673,2.013,0.0,0.00033771773906861004
text_text_ln_lrh0.001_frozen_e5_s44,2176,4,0.92612,2.079,0.0,0.0003373622467116957
text_text_ln_lrh0.001_frozen_e5_s44,2177,4,1.14348,1.9934,0.0,0.0003370067543547814
text_text_ln_lrh0.001_frozen_e5_s44,2178,4,1.72442,2.9741,0.0,0.00033665126199786707
text_text_ln_lrh0.001_frozen_e5_s44,2179,4,0.7008,1.9436,0.0,0.0003362957696409527
text_text_ln_lrh0.001_frozen_e5_s44,2180,4,0.73565,1.9052,0.0,0.0003359402772840384
text_text_ln_lrh0.001_frozen_e5_s44,2181,4,0.61684,2.1581,0.0,0.0003355847849271241
text_text_ln_lrh0.001_frozen_e5_s44,2182,4,1.26624,2.4313,0.0,0.00033522929257020974
text_text_ln_lrh0.001_frozen_e5_s44,2183,4,0.59529,1.7724,0.0,0.00033487380021329544
text_text_ln_lrh0.001_frozen_e5_s44,2184,4,1.34571,2.1168,0.0,0.0003345183078563811
text_text_ln_lrh0.001_frozen_e5_s44,2185,4,0.55108,3.7375,0.0,0.0003341628154994668
text_text_ln_lrh0.001_frozen_e5_s44,2186,4,0.68779,1.4577,0.0,0.00033380732314255247
text_text_ln_lrh0.001_frozen_e5_s44,2187,4,1.32382,4.0913,0.0,0.0003334518307856381
text_text_ln_lrh0.001_frozen_e5_s44,2188,4,1.85981,5.8447,0.0,0.0003330963384287238
text_text_ln_lrh0.001_frozen_e5_s44,2189,4,1.75261,2.9296,0.0,0.0003327408460718095
text_text_ln_lrh0.001_frozen_e5_s44,2190,4,1.02498,2.8096,0.0,0.00033238535371489514
text_text_ln_lrh0.001_frozen_e5_s44,2191,4,0.90732,2.745,0.0,0.0003320298613579808
text_text_ln_lrh0.001_frozen_e5_s44,2192,4,1.04065,2.5912,0.0,0.00033167436900106653
text_text_ln_lrh0.001_frozen_e5_s44,2193,4,1.48971,3.7572,0.0,0.00033131887664415217
text_text_ln_lrh0.001_frozen_e5_s44,2194,4,1.03216,1.6708,0.0,0.0003309633842872378
text_text_ln_lrh0.001_frozen_e5_s44,2195,4,0.79331,2.0559,0.0,0.0003306078919303235
text_text_ln_lrh0.001_frozen_e5_s44,2196,4,1.83499,4.9606,0.0,0.0003302523995734092
text_text_ln_lrh0.001_frozen_e5_s44,2197,4,0.63178,3.9995,0.0,0.00032989690721649484
text_text_ln_lrh0.001_frozen_e5_s44,2198,4,1.46094,2.7744,0.0,0.0003295414148595805
text_text_ln_lrh0.001_frozen_e5_s44,2199,4,0.79354,2.9591,0.0,0.00032918592250266623
text_text_ln_lrh0.001_frozen_e5_s44,2200,4,0.64076,1.3585,0.0,0.00032883043014575187
text_text_ln_lrh0.001_frozen_e5_s44,2201,4,1.02782,3.5457,0.0,0.0003284749377888375
text_text_ln_lrh0.001_frozen_e5_s44,2202,4,1.11812,2.3816,0.0,0.00032811944543192326
text_text_ln_lrh0.001_frozen_e5_s44,2203,4,1.00378,2.2716,0.0,0.0003277639530750089
text_text_ln_lrh0.001_frozen_e5_s44,2204,4,1.33116,2.188,0.0,0.00032740846071809454
text_text_ln_lrh0.001_frozen_e5_s44,2205,4,0.93385,4.4097,0.0,0.00032705296836118024
text_text_ln_lrh0.001_frozen_e5_s44,2206,4,1.36857,3.3388,0.0,0.00032669747600426593
text_text_ln_lrh0.001_frozen_e5_s44,2207,4,0.91958,3.8845,0.0,0.00032634198364735157
text_text_ln_lrh0.001_frozen_e5_s44,2208,4,0.73913,3.3708,0.0,0.00032598649129043727
text_text_ln_lrh0.001_frozen_e5_s44,2209,4,1.04725,3.6512,0.0,0.00032563099893352296
text_text_ln_lrh0.001_frozen_e5_s44,2210,4,1.24602,3.4741,0.0,0.0003252755065766086
text_text_ln_lrh0.001_frozen_e5_s44,2211,4,1.35172,4.2041,0.0,0.0003249200142196943
text_text_ln_lrh0.001_frozen_e5_s44,2212,4,1.14975,1.7021,0.0,0.00032456452186277994
text_text_ln_lrh0.001_frozen_e5_s44,2213,4,1.15504,3.0877,0.0,0.00032420902950586563
text_text_ln_lrh0.001_frozen_e5_s44,2214,4,1.30137,2.0971,0.0,0.0003238535371489513
text_text_ln_lrh0.001_frozen_e5_s44,2215,4,0.88356,3.7047,0.0,0.00032349804479203697
text_text_ln_lrh0.001_frozen_e5_s44,2216,4,0.84413,1.7903,0.0,0.00032314255243512266
text_text_ln_lrh0.001_frozen_e5_s44,2217,4,1.19918,3.5619,0.0,0.00032278706007820836
text_text_ln_lrh0.001_frozen_e5_s44,2218,4,1.46707,3.05,0.0,0.000322431567721294
text_text_ln_lrh0.001_frozen_e5_s44,2219,4,1.65932,4.6668,0.0,0.00032207607536437964
text_text_ln_lrh0.001_frozen_e5_s44,2220,4,1.09176,3.1793,0.0,0.0003217205830074654
text_text_ln_lrh0.001_frozen_e5_s44,2221,4,0.76234,1.8451,0.0,0.00032136509065055103
text_text_ln_lrh0.001_frozen_e5_s44,2222,4,0.93828,4.047,0.0,0.00032100959829363667
text_text_ln_lrh0.001_frozen_e5_s44,2223,4,0.87849,2.7838,0.0,0.00032065410593672236
text_text_ln_lrh0.001_frozen_e5_s44,2224,4,0.99367,3.3365,0.0,0.00032029861357980806
text_text_ln_lrh0.001_frozen_e5_s44,2225,4,0.78713,3.1657,0.0,0.0003199431212228937
text_text_ln_lrh0.001_frozen_e5_s44,2226,4,0.87052,3.7874,0.0,0.00031958762886597934
text_text_ln_lrh0.001_frozen_e5_s44,2227,4,0.78799,3.2824,0.0,0.0003192321365090651
text_text_ln_lrh0.001_frozen_e5_s44,2228,4,0.9378,3.3338,0.0,0.00031887664415215073
text_text_ln_lrh0.001_frozen_e5_s44,2229,4,1.16747,3.0666,0.0,0.00031852115179523637
text_text_ln_lrh0.001_frozen_e5_s44,2230,4,1.46163,4.4402,0.0,0.0003181656594383221
text_text_ln_lrh0.001_frozen_e5_s44,2231,4,1.32659,4.433,0.0,0.00031781016708140776
text_text_ln_lrh0.001_frozen_e5_s44,2232,4,0.65778,1.5324,0.0,0.0003174546747244934
text_text_ln_lrh0.001_frozen_e5_s44,2233,4,0.90592,3.1948,0.0,0.0003170991823675791
text_text_ln_lrh0.001_frozen_e5_s44,2234,4,1.4676,4.997,0.0,0.0003167436900106648
text_text_ln_lrh0.001_frozen_e5_s44,2235,4,1.33367,3.149,0.0,0.00031638819765375043
text_text_ln_lrh0.001_frozen_e5_s44,2236,4,1.0038,2.5236,0.0,0.0003160327052968361
text_text_ln_lrh0.001_frozen_e5_s44,2237,4,1.01063,2.8105,0.0,0.0003156772129399218
text_text_ln_lrh0.001_frozen_e5_s44,2238,4,1.31597,3.1554,0.0,0.00031532172058300746
text_text_ln_lrh0.001_frozen_e5_s44,2239,4,0.69409,3.744,0.0,0.00031496622822609315
text_text_ln_lrh0.001_frozen_e5_s44,2240,4,0.9326,3.4102,0.0,0.0003146107358691788
text_text_ln_lrh0.001_frozen_e5_s44,2241,4,0.87809,1.961,0.0,0.0003142552435122645
text_text_ln_lrh0.001_frozen_e5_s44,2242,4,1.23398,6.987,0.0,0.0003138997511553502
text_text_ln_lrh0.001_frozen_e5_s44,2243,4,0.80357,2.9646,0.0,0.0003135442587984358
text_text_ln_lrh0.001_frozen_e5_s44,2244,4,1.0613,2.1986,0.0,0.0003131887664415215
text_text_ln_lrh0.001_frozen_e5_s44,2245,4,1.25027,2.0857,0.0,0.0003128332740846072
text_text_ln_lrh0.001_frozen_e5_s44,2246,4,1.3223,2.5681,0.0,0.00031247778172769286
text_text_ln_lrh0.001_frozen_e5_s44,2247,4,0.81928,2.7558,0.0,0.0003121222893707785
text_text_ln_lrh0.001_frozen_e5_s44,2248,4,1.03958,3.5596,0.0,0.00031176679701386425
text_text_ln_lrh0.001_frozen_e5_s44,2249,4,1.33805,2.5453,0.0,0.0003114113046569499
text_text_ln_lrh0.001_frozen_e5_s44,2250,4,0.81455,3.7285,0.0,0.0003110558123000355
text_text_ln_lrh0.001_frozen_e5_s44,2251,4,1.57468,4.5162,0.0,0.0003107003199431213
text_text_ln_lrh0.001_frozen_e5_s44,2252,4,1.26249,3.5842,0.0,0.0003103448275862069
text_text_ln_lrh0.001_frozen_e5_s44,2253,4,1.30218,2.7324,0.0,0.00030998933522929256
text_text_ln_lrh0.001_frozen_e5_s44,2254,4,1.05791,3.8188,0.0,0.0003096338428723782
text_text_ln_lrh0.001_frozen_e5_s44,2255,4,1.61667,3.3031,0.0,0.00030927835051546395
text_text_ln_lrh0.001_frozen_e5_s44,2256,4,1.68887,3.5776,0.0,0.0003089228581585496
text_text_ln_lrh0.001_frozen_e5_s44,2257,4,0.92897,2.616,0.0,0.00030856736580163523
text_text_ln_lrh0.001_frozen_e5_s44,2258,4,1.23989,3.1693,0.0,0.000308211873444721
text_text_ln_lrh0.001_frozen_e5_s44,2259,4,1.36109,1.9282,0.0,0.0003078563810878066
text_text_ln_lrh0.001_frozen_e5_s44,2260,4,1.36327,3.1471,0.0,0.00030750088873089226
text_text_ln_lrh0.001_frozen_e5_s44,2261,4,0.99305,2.1601,0.0,0.000307145396373978
text_text_ln_lrh0.001_frozen_e5_s44,2262,4,1.2825,3.3141,0.0,0.00030678990401706365
text_text_ln_lrh0.001_frozen_e5_s44,2263,4,1.21618,3.9465,0.0,0.0003064344116601493
text_text_ln_lrh0.001_frozen_e5_s44,2264,4,1.04575,3.0115,0.0,0.000306078919303235
text_text_ln_lrh0.001_frozen_e5_s44,2265,4,1.30012,2.7429,0.0,0.0003057234269463207
text_text_ln_lrh0.001_frozen_e5_s44,2266,4,0.94862,2.7379,0.0,0.0003053679345894063
text_text_ln_lrh0.001_frozen_e5_s44,2267,4,1.17123,2.3187,0.0,0.000305012442232492
text_text_ln_lrh0.001_frozen_e5_s44,2268,4,0.97917,1.9027,0.0,0.0003046569498755777
text_text_ln_lrh0.001_frozen_e5_s44,2269,4,1.33857,3.2215,0.0,0.00030430145751866335
text_text_ln_lrh0.001_frozen_e5_s44,2270,4,1.74732,2.8308,0.0,0.00030394596516174904
text_text_ln_lrh0.001_frozen_e5_s44,2271,4,0.59862,2.986,0.0,0.0003035904728048347
text_text_ln_lrh0.001_frozen_e5_s44,2272,4,1.51207,2.9998,0.0,0.0003032349804479204
text_text_ln_lrh0.001_frozen_e5_s44,2273,4,1.06642,2.5306,0.0,0.0003028794880910061
text_text_ln_lrh0.001_frozen_e5_s44,2274,4,1.36097,2.6734,0.0,0.0003025239957340917
text_text_ln_lrh0.001_frozen_e5_s44,2275,4,0.92723,3.4362,0.0,0.0003021685033771774
text_text_ln_lrh0.001_frozen_e5_s44,2276,4,0.98207,3.3098,0.0,0.0003018130110202631
text_text_ln_lrh0.001_frozen_e5_s44,2277,4,1.23969,2.0766,0.0,0.00030145751866334874
text_text_ln_lrh0.001_frozen_e5_s44,2278,4,0.94126,2.3258,0.0,0.0003011020263064344
text_text_ln_lrh0.001_frozen_e5_s44,2279,4,1.27122,3.569,0.0,0.00030074653394952013
text_text_ln_lrh0.001_frozen_e5_s44,2280,4,1.15887,2.5188,0.0,0.0003003910415926058
text_text_ln_lrh0.001_frozen_e5_s44,2281,4,1.20397,3.4599,0.0,0.0003000355492356914
text_text_ln_lrh0.001_frozen_e5_s44,2282,4,0.79997,1.9539,0.0,0.0002996800568787771
text_text_ln_lrh0.001_frozen_e5_s44,2283,4,1.38546,3.8507,0.0,0.0002993245645218628
text_text_ln_lrh0.001_frozen_e5_s44,2284,4,1.3775,2.4033,0.0,0.00029896907216494845
text_text_ln_lrh0.001_frozen_e5_s44,2285,4,1.20625,3.5278,0.0,0.0002986135798080341
text_text_ln_lrh0.001_frozen_e5_s44,2286,4,0.92188,2.2481,0.0,0.00029825808745111983
text_text_ln_lrh0.001_frozen_e5_s44,2287,4,0.90018,3.2912,0.0,0.0002979025950942055
text_text_ln_lrh0.001_frozen_e5_s44,2288,4,0.95173,2.4241,0.0,0.0002975471027372911
text_text_ln_lrh0.001_frozen_e5_s44,2289,4,1.41739,5.337,0.0,0.00029719161038037687
text_text_ln_lrh0.001_frozen_e5_s44,2290,4,1.50185,3.5062,0.0,0.0002968361180234625
text_text_ln_lrh0.001_frozen_e5_s44,2291,4,0.67706,2.0385,0.0,0.00029648062566654815
text_text_ln_lrh0.001_frozen_e5_s44,2292,4,1.45669,3.0631,0.0,0.00029612513330963384
text_text_ln_lrh0.001_frozen_e5_s44,2293,4,1.32553,3.6883,0.0,0.00029576964095271954
text_text_ln_lrh0.001_frozen_e5_s44,2294,4,0.637,1.6319,0.0,0.0002954141485958052
text_text_ln_lrh0.001_frozen_e5_s44,2295,4,0.76978,4.8886,0.0,0.00029505865623889087
text_text_ln_lrh0.001_frozen_e5_s44,2296,4,1.48727,4.343,0.0,0.00029470316388197657
text_text_ln_lrh0.001_frozen_e5_s44,2297,4,0.88683,3.1173,0.0,0.0002943476715250622
text_text_ln_lrh0.001_frozen_e5_s44,2298,4,1.13079,2.5205,0.0,0.0002939921791681479
text_text_ln_lrh0.001_frozen_e5_s44,2299,4,1.11854,3.9562,0.0,0.00029363668681123354
text_text_ln_lrh0.001_frozen_e5_s44,2300,4,1.56932,3.8982,0.0,0.00029328119445431924
text_text_ln_lrh0.001_frozen_e5_s44,2301,4,1.51057,3.5254,0.0,0.00029292570209740493
text_text_ln_lrh0.001_frozen_e5_s44,2302,4,1.33786,3.7336,0.0,0.00029257020974049057
text_text_ln_lrh0.001_frozen_e5_s44,2303,4,1.43303,2.8522,0.0,0.00029221471738357627
text_text_ln_lrh0.001_frozen_e5_s44,2304,4,0.93172,5.3644,0.0,0.00029185922502666196
text_text_ln_lrh0.001_frozen_e5_s44,2305,4,1.47333,3.2815,0.0,0.0002915037326697476
text_text_ln_lrh0.001_frozen_e5_s44,2306,4,2.05223,4.8728,0.0,0.00029114824031283324
text_text_ln_lrh0.001_frozen_e5_s44,2307,4,1.01774,4.1071,0.0,0.000290792747955919
text_text_ln_lrh0.001_frozen_e5_s44,2308,4,0.5821,2.6171,0.0,0.00029043725559900463
text_text_ln_lrh0.001_frozen_e5_s44,2309,4,1.60135,4.1549,0.0,0.0002900817632420903
text_text_ln_lrh0.001_frozen_e5_s44,2310,4,1.04376,2.4655,0.0,0.000289726270885176
text_text_ln_lrh0.001_frozen_e5_s44,2311,4,1.02791,2.8451,0.0,0.00028937077852826166
text_text_ln_lrh0.001_frozen_e5_s44,2312,4,1.78537,2.7937,0.0,0.0002890152861713473
text_text_ln_lrh0.001_frozen_e5_s44,2313,4,1.0618,2.5503,0.0,0.00028865979381443294
text_text_ln_lrh0.001_frozen_e5_s44,2314,4,1.35905,2.5993,0.0,0.0002883043014575187
text_text_ln_lrh0.001_frozen_e5_s44,2315,4,1.29139,3.1094,0.0,0.00028794880910060433
text_text_ln_lrh0.001_frozen_e5_s44,2316,4,1.24803,3.7756,0.0,0.00028759331674369
text_text_ln_lrh0.001_frozen_e5_s44,2317,4,0.8331,1.8678,0.0,0.0002872378243867757
text_text_ln_lrh0.001_frozen_e5_s44,2318,4,1.31766,2.4458,0.0,0.00028688233202986136
text_text_ln_lrh0.001_frozen_e5_s44,2319,4,0.95416,3.2211,0.0,0.000286526839672947
text_text_ln_lrh0.001_frozen_e5_s44,2320,4,0.90551,3.0157,0.0,0.0002861713473160327
text_text_ln_lrh0.001_frozen_e5_s44,2321,4,1.11372,1.6658,0.0,0.0002858158549591184
text_text_ln_lrh0.001_frozen_e5_s44,2322,4,1.01808,2.4249,0.0,0.00028546036260220403
text_text_ln_lrh0.001_frozen_e5_s44,2323,4,0.92488,2.2434,0.0,0.00028510487024528973
text_text_ln_lrh0.001_frozen_e5_s44,2324,4,1.5289,4.0863,0.0,0.0002847493778883754
text_text_ln_lrh0.001_frozen_e5_s44,2325,4,0.85625,2.6439,0.0,0.00028439388553146107
text_text_ln_lrh0.001_frozen_e5_s44,2326,4,1.04881,2.6977,0.0,0.00028403839317454676
text_text_ln_lrh0.001_frozen_e5_s44,2327,4,1.36989,3.717,0.0,0.00028368290081763245
text_text_ln_lrh0.001_frozen_e5_s44,2328,4,1.081,3.2566,0.0,0.0002833274084607181
text_text_ln_lrh0.001_frozen_e5_s44,2329,4,1.54114,3.7617,0.0,0.0002829719161038038
text_text_ln_lrh0.001_frozen_e5_s44,2330,4,1.12713,4.1448,0.0,0.00028261642374688943
text_text_ln_lrh0.001_frozen_e5_s44,2331,4,0.81948,3.4643,0.0,0.0002822609313899751
text_text_ln_lrh0.001_frozen_e5_s44,2332,4,1.2325,3.8697,0.0,0.0002819054390330608
text_text_ln_lrh0.001_frozen_e5_s44,2333,4,1.2468,2.7506,0.0,0.00028154994667614646
text_text_ln_lrh0.001_frozen_e5_s44,2334,4,1.02489,1.9959,0.0,0.00028119445431923216
text_text_ln_lrh0.001_frozen_e5_s44,2335,4,0.75099,3.4662,0.0,0.00028083896196231785
text_text_ln_lrh0.001_frozen_e5_s44,2336,4,1.31198,3.8807,0.0,0.0002804834696054035
text_text_ln_lrh0.001_frozen_e5_s44,2337,4,1.17371,2.9597,0.0,0.00028012797724848913
text_text_ln_lrh0.001_frozen_e5_s44,2338,4,0.91721,2.7097,0.0,0.0002797724848915749
text_text_ln_lrh0.001_frozen_e5_s44,2339,4,1.18155,2.3717,0.0,0.0002794169925346605
text_text_ln_lrh0.001_frozen_e5_s44,2340,4,0.96776,4.3878,0.0,0.00027906150017774616
text_text_ln_lrh0.001_frozen_e5_s44,2341,4,1.33215,2.0023,0.0,0.00027870600782083186
text_text_ln_lrh0.001_frozen_e5_s44,2342,4,0.82384,2.1938,0.0,0.00027835051546391755
text_text_ln_lrh0.001_frozen_e5_s44,2343,4,1.28295,2.8801,0.0,0.0002779950231070032
text_text_ln_lrh0.001_frozen_e5_s44,2344,4,1.2297,1.8692,0.0,0.00027763953075008883
text_text_ln_lrh0.001_frozen_e5_s44,2345,4,0.68059,2.6435,0.0,0.0002772840383931746
text_text_ln_lrh0.001_frozen_e5_s44,2346,4,1.22124,2.2828,0.0,0.0002769285460362602
text_text_ln_lrh0.001_frozen_e5_s44,2347,4,1.00719,3.0382,0.0,0.00027657305367934586
text_text_ln_lrh0.001_frozen_e5_s44,2348,4,1.62213,2.9978,0.0,0.0002762175613224316
text_text_ln_lrh0.001_frozen_e5_s44,2349,4,1.29267,2.4596,0.0,0.00027586206896551725
text_text_ln_lrh0.001_frozen_e5_s44,2350,4,1.16715,2.0696,0.0,0.0002755065766086029
text_text_ln_lrh0.001_frozen_e5_s44,2351,4,0.98193,2.2269,0.0,0.0002751510842516886
text_text_ln_lrh0.001_frozen_e5_s44,2352,4,0.79772,2.6143,0.0,0.0002747955918947743
text_text_ln_lrh0.001_frozen_e5_s44,2353,4,0.99009,2.2185,0.0,0.0002744400995378599
text_text_ln_lrh0.001_frozen_e5_s44,2354,4,1.52288,2.9044,0.0,0.0002740846071809456
text_text_ln_lrh0.001_frozen_e5_s44,2355,4,0.61589,2.3718,0.0,0.0002737291148240313
text_text_ln_lrh0.001_frozen_e5_s44,2356,4,1.17076,2.0572,0.0,0.00027337362246711695
text_text_ln_lrh0.001_frozen_e5_s44,2357,4,0.99318,2.4685,0.0,0.00027301813011020265
text_text_ln_lrh0.001_frozen_e5_s44,2358,4,0.92151,3.4929,0.0,0.0002726626377532883
text_text_ln_lrh0.001_frozen_e5_s44,2359,4,1.46014,2.9725,0.0,0.000272307145396374
text_text_ln_lrh0.001_frozen_e5_s44,2360,4,1.3421,2.3565,0.0,0.0002719516530394597
text_text_ln_lrh0.001_frozen_e5_s44,2361,4,1.21538,3.7912,0.0,0.0002715961606825453
text_text_ln_lrh0.001_frozen_e5_s44,2362,4,1.02446,2.267,0.0,0.000271240668325631
text_text_ln_lrh0.001_frozen_e5_s44,2363,4,1.0269,2.3625,0.0,0.0002708851759687167
text_text_ln_lrh0.001_frozen_e5_s44,2364,4,0.83814,2.7124,0.0,0.00027052968361180235
text_text_ln_lrh0.001_frozen_e5_s44,2365,4,1.91376,3.737,0.0,0.000270174191254888
text_text_ln_lrh0.001_frozen_e5_s44,2366,4,1.57155,4.0094,0.0,0.00026981869889797374
text_text_ln_lrh0.001_frozen_e5_s44,2367,4,0.80945,1.578,0.0,0.0002694632065410594
text_text_ln_lrh0.001_frozen_e5_s44,2368,4,1.23947,4.4879,0.0,0.000269107714184145
text_text_ln_lrh0.001_frozen_e5_s44,2369,4,1.48987,2.7211,0.0,0.00026875222182723077
text_text_ln_lrh0.001_frozen_e5_s44,2370,4,1.06785,3.8212,0.0,0.0002683967294703164
text_text_ln_lrh0.001_frozen_e5_s44,2371,4,1.71294,3.2031,0.0,0.00026804123711340205
text_text_ln_lrh0.001_frozen_e5_s44,2372,4,0.99679,2.5712,0.0,0.0002676857447564877
text_text_ln_lrh0.001_frozen_e5_s44,2373,4,1.1344,3.2476,0.0,0.00026733025239957344
text_text_ln_lrh0.001_frozen_e5_s44,2374,4,1.01196,2.6875,0.0,0.0002669747600426591
text_text_ln_lrh0.001_frozen_e5_s44,2375,4,0.76928,4.9432,0.0,0.0002666192676857447
text_text_ln_lrh0.001_frozen_e5_s44,2376,4,0.64783,2.8547,0.0,0.00026626377532883047
text_text_ln_lrh0.001_frozen_e5_s44,2377,4,0.95454,2.5938,0.0,0.0002659082829719161
text_text_ln_lrh0.001_frozen_e5_s44,2378,4,1.26774,3.9724,0.0,0.00026555279061500175
text_text_ln_lrh0.001_frozen_e5_s44,2379,4,1.11613,3.2095,0.0,0.00026519729825808745
text_text_ln_lrh0.001_frozen_e5_s44,2380,4,1.01779,4.5068,0.0,0.00026484180590117314
text_text_ln_lrh0.001_frozen_e5_s44,2381,4,1.28392,3.7892,0.0,0.0002644863135442588
text_text_ln_lrh0.001_frozen_e5_s44,2382,4,0.91744,3.8532,0.0,0.0002641308211873445
text_text_ln_lrh0.001_frozen_e5_s44,2383,4,1.09885,2.043,0.0,0.00026377532883043017
text_text_ln_lrh0.001_frozen_e5_s44,2384,4,0.7376,4.4955,0.0,0.0002634198364735158
text_text_ln_lrh0.001_frozen_e5_s44,2385,4,1.12457,2.4597,0.0,0.0002630643441166015
text_text_ln_lrh0.001_frozen_e5_s44,2386,4,0.6198,2.2644,0.0,0.00026270885175968715
text_text_ln_lrh0.001_frozen_e5_s44,2387,4,1.01737,2.5997,0.0,0.00026235335940277284
text_text_ln_lrh0.001_frozen_e5_s44,2388,4,1.10453,2.8793,0.0,0.00026199786704585854
text_text_ln_lrh0.001_frozen_e5_s44,2389,4,0.78036,1.646,0.0,0.0002616423746889442
text_text_ln_lrh0.001_frozen_e5_s44,2390,4,0.90406,1.4236,0.0,0.00026128688233202987
text_text_ln_lrh0.001_frozen_e5_s44,2391,4,0.68708,2.9388,0.0,0.00026093138997511557
text_text_ln_lrh0.001_frozen_e5_s44,2392,4,1.25397,4.7371,0.0,0.0002605758976182012
text_text_ln_lrh0.001_frozen_e5_s44,2393,4,1.37138,3.5398,0.0,0.00026022040526128685
text_text_ln_lrh0.001_frozen_e5_s44,2394,4,0.81159,2.2318,0.0,0.0002598649129043726
text_text_ln_lrh0.001_frozen_e5_s44,2395,4,1.22615,3.2606,0.0,0.00025950942054745824
text_text_ln_lrh0.001_frozen_e5_s44,2396,4,1.05348,2.9858,0.0,0.0002591539281905439
text_text_ln_lrh0.001_frozen_e5_s44,2397,4,1.18919,4.2578,0.0,0.00025879843583362963
text_text_ln_lrh0.001_frozen_e5_s44,2398,4,1.36949,4.1485,0.0,0.00025844294347671527
text_text_ln_lrh0.001_frozen_e5_s44,2399,4,0.74968,2.7243,0.0,0.0002580874511198009
text_text_ln_lrh0.001_frozen_e5_s44,2400,4,1.24842,3.0371,0.0,0.00025773195876288655
text_text_ln_lrh0.001_frozen_e5_s44,2401,4,0.52461,2.1529,0.0,0.0002573764664059723
text_text_ln_lrh0.001_frozen_e5_s44,2402,4,1.17087,2.6079,0.0,0.00025702097404905794
text_text_ln_lrh0.001_frozen_e5_s44,2403,4,0.96593,2.3495,0.0,0.0002566654816921436
text_text_ln_lrh0.001_frozen_e5_s44,2404,4,0.98122,1.8405,0.0,0.00025630998933522933
text_text_ln_lrh0.001_frozen_e5_s44,2405,4,1.06626,2.1478,0.0,0.00025595449697831497
text_text_ln_lrh0.001_frozen_e5_s44,2406,4,0.99134,2.1171,0.0,0.0002555990046214006
text_text_ln_lrh0.001_frozen_e5_s44,2407,4,1.25678,3.0579,0.0,0.00025524351226448636
text_text_ln_lrh0.001_frozen_e5_s44,2408,4,1.07015,2.7251,0.0,0.000254888019907572
text_text_ln_lrh0.001_frozen_e5_s44,2409,4,1.39314,3.7499,0.0,0.00025453252755065764
text_text_ln_lrh0.001_frozen_e5_s44,2410,4,1.30313,3.0291,0.0,0.00025417703519374334
text_text_ln_lrh0.001_frozen_e5_s44,2411,4,0.81318,2.0576,0.0,0.00025382154283682903
text_text_ln_lrh0.001_frozen_e5_s44,2412,4,1.14593,4.3141,0.0,0.00025346605047991467
text_text_ln_lrh0.001_frozen_e5_s44,2413,4,0.97982,4.7416,0.0,0.00025311055812300037
text_text_ln_lrh0.001_frozen_e5_s44,2414,4,1.46703,3.8471,0.0,0.00025275506576608606
text_text_ln_lrh0.001_frozen_e5_s44,2415,4,1.00149,2.9022,0.0,0.0002523995734091717
text_text_ln_lrh0.001_frozen_e5_s44,2416,4,0.67601,3.5939,0.0,0.0002520440810522574
text_text_ln_lrh0.001_frozen_e5_s44,2417,4,1.15022,2.5808,0.0,0.00025168858869534304
text_text_ln_lrh0.001_frozen_e5_s44,2418,4,1.03999,4.5951,0.0,0.00025133309633842873
text_text_ln_lrh0.001_frozen_e5_s44,2419,4,0.90448,2.151,0.0,0.0002509776039815144
text_text_ln_lrh0.001_frozen_e5_s44,2420,4,1.12126,3.2807,0.0,0.00025062211162460007
text_text_ln_lrh0.001_frozen_e5_s44,2421,4,1.30845,3.2798,0.0,0.00025026661926768576
text_text_ln_lrh0.001_frozen_e5_s44,2422,4,1.92128,3.8852,0.0,0.0002499111269107714
text_text_ln_lrh0.001_frozen_e5_s44,2423,4,0.88704,3.8172,0.0,0.0002495556345538571
text_text_ln_lrh0.001_frozen_e5_s44,2424,4,1.157,2.43,0.0,0.00024920014219694274
text_text_ln_lrh0.001_frozen_e5_s44,2425,4,0.74854,2.9961,0.0,0.00024884464984002843
text_text_ln_lrh0.001_frozen_e5_s44,2426,4,0.71225,2.6125,0.0,0.0002484891574831141
text_text_ln_lrh0.001_frozen_e5_s44,2427,4,1.07569,3.9849,0.0,0.00024813366512619977
text_text_ln_lrh0.001_frozen_e5_s44,2428,4,1.06886,3.0493,0.0,0.00024777817276928546
text_text_ln_lrh0.001_frozen_e5_s44,2429,4,1.30372,2.6057,0.0,0.00024742268041237116
text_text_ln_lrh0.001_frozen_e5_s44,2430,4,0.80773,2.3224,0.0,0.0002470671880554568
text_text_ln_lrh0.001_frozen_e5_s44,2431,4,1.28842,3.8146,0.0,0.0002467116956985425
text_text_ln_lrh0.001_frozen_e5_s44,2432,4,0.9477,3.0438,0.0,0.0002463562033416282
text_text_ln_lrh0.001_frozen_e5_s44,2433,4,1.0096,3.6658,0.0,0.00024600071098471383
text_text_ln_lrh0.001_frozen_e5_s44,2434,4,1.08284,2.3427,0.0,0.0002456452186277995
text_text_ln_lrh0.001_frozen_e5_s44,2435,4,0.80892,1.9622,0.0,0.0002452897262708852
text_text_ln_lrh0.001_frozen_e5_s44,2436,4,1.36753,2.9989,0.0,0.00024493423391397086
text_text_ln_lrh0.001_frozen_e5_s44,2437,4,1.13881,2.102,0.0,0.00024457874155705655
text_text_ln_lrh0.001_frozen_e5_s44,2438,4,1.56378,2.8479,0.0,0.0002442232492001422
text_text_ln_lrh0.001_frozen_e5_s44,2439,4,0.99117,3.8499,0.0,0.00024386775684322786
text_text_ln_lrh0.001_frozen_e5_s44,2440,4,0.67912,2.4912,0.0,0.00024351226448631356
text_text_ln_lrh0.001_frozen_e5_s44,2441,4,0.96572,2.6642,0.0,0.00024315677212939922
text_text_ln_lrh0.001_frozen_e5_s44,2442,4,0.96056,1.8034,0.0,0.0002428012797724849
text_text_ln_lrh0.001_frozen_e5_s44,2443,4,0.9871,3.8014,0.0,0.00024244578741557059
text_text_ln_lrh0.001_frozen_e5_s44,2444,4,1.1813,1.6938,0.0,0.00024209029505865623
text_text_ln_lrh0.001_frozen_e5_s44,2445,4,0.74279,4.7402,0.0,0.00024173480270174192
text_text_ln_lrh0.001_frozen_e5_s44,2446,4,1.32066,3.3125,0.0,0.0002413793103448276
text_text_ln_lrh0.001_frozen_e5_s44,2447,4,1.41207,4.0527,0.0,0.00024102381798791326
text_text_ln_lrh0.001_frozen_e5_s44,2448,4,1.16907,2.5256,0.0,0.00024066832563099895
text_text_ln_lrh0.001_frozen_e5_s44,2449,4,0.64299,2.8192,0.0,0.00024031283327408462
text_text_ln_lrh0.001_frozen_e5_s44,2450,4,1.37786,4.7129,0.0,0.0002399573409171703
text_text_ln_lrh0.001_frozen_e5_s44,2451,4,1.05305,2.5467,0.0,0.00023960184856025595
text_text_ln_lrh0.001_frozen_e5_s44,2452,4,0.87823,1.7641,0.0,0.00023924635620334162
text_text_ln_lrh0.001_frozen_e5_s44,2453,4,1.47283,3.6611,0.0,0.0002388908638464273
text_text_ln_lrh0.001_frozen_e5_s44,2454,4,0.60699,1.8617,0.0,0.00023853537148951299
text_text_ln_lrh0.001_frozen_e5_s44,2455,4,1.05483,2.8497,0.0,0.00023817987913259865
text_text_ln_lrh0.001_frozen_e5_s44,2456,4,0.98373,3.4946,0.0,0.00023782438677568432
text_text_ln_lrh0.001_frozen_e5_s44,2457,4,1.10632,2.7165,0.0,0.00023746889441877002
text_text_ln_lrh0.001_frozen_e5_s44,2458,4,1.38245,4.9256,0.0,0.00023711340206185566
text_text_ln_lrh0.001_frozen_e5_s44,2459,4,1.25888,4.5031,0.0,0.00023675790970494135
text_text_ln_lrh0.001_frozen_e5_s44,2460,4,1.41998,2.6143,0.0,0.00023640241734802705
text_text_ln_lrh0.001_frozen_e5_s44,2461,4,1.19573,3.7483,0.0,0.00023604692499111269
text_text_ln_lrh0.001_frozen_e5_s44,2462,4,1.22023,2.3072,0.0,0.00023569143263419838
text_text_ln_lrh0.001_frozen_e5_s44,2463,4,0.83484,2.399,0.0,0.00023533594027728405
text_text_ln_lrh0.001_frozen_e5_s44,2464,4,1.04486,2.8033,0.0,0.00023498044792036972
text_text_ln_lrh0.001_frozen_e5_s44,2465,4,1.24112,4.727,0.0,0.00023462495556345538
text_text_ln_lrh0.001_frozen_e5_s44,2466,4,1.40707,3.2188,0.0,0.00023426946320654108
text_text_ln_lrh0.001_frozen_e5_s44,2467,4,0.92439,2.8432,0.0,0.00023391397084962675
text_text_ln_lrh0.001_frozen_e5_s44,2468,4,1.47634,3.2429,0.0,0.00023355847849271241
text_text_ln_lrh0.001_frozen_e5_s44,2469,4,0.99579,2.3178,0.0,0.00023320298613579808
text_text_ln_lrh0.001_frozen_e5_s44,2470,4,1.38983,2.4503,0.0,0.00023284749377888375
text_text_ln_lrh0.001_frozen_e5_s44,2471,4,1.11194,1.9325,0.0,0.00023249200142196944
text_text_ln_lrh0.001_frozen_e5_s44,2472,4,1.44958,4.2981,0.0,0.00023213650906505509
text_text_ln_lrh0.001_frozen_e5_s44,2473,4,0.9822,2.9183,0.0,0.00023178101670814078
text_text_ln_lrh0.001_frozen_e5_s44,2474,4,1.12929,1.4849,0.0,0.00023142552435122647
text_text_ln_lrh0.001_frozen_e5_s44,2475,4,1.23161,4.2678,0.0,0.00023107003199431212
text_text_ln_lrh0.001_frozen_e5_s44,2476,4,0.97675,2.7437,0.0,0.0002307145396373978
text_text_ln_lrh0.001_frozen_e5_s44,2477,4,0.89173,2.0406,0.0,0.00023035904728048348
text_text_ln_lrh0.001_frozen_e5_s44,2478,4,1.02993,3.2693,0.0,0.00023000355492356915
text_text_ln_lrh0.001_frozen_e5_s44,2479,4,0.7722,3.5352,0.0,0.0002296480625666548
text_text_ln_lrh0.001_frozen_e5_s44,2480,4,0.88148,2.9626,0.0,0.0002292925702097405
text_text_ln_lrh0.001_frozen_e5_s44,2481,4,1.25129,2.1421,0.0,0.00022893707785282618
text_text_ln_lrh0.001_frozen_e5_s44,2482,4,1.12655,2.508,0.0,0.00022858158549591184
text_text_ln_lrh0.001_frozen_e5_s44,2483,4,1.44427,2.6018,0.0,0.0002282260931389975
text_text_ln_lrh0.001_frozen_e5_s44,2484,4,0.81062,4.4282,0.0,0.00022787060078208318
text_text_ln_lrh0.001_frozen_e5_s44,2485,4,1.746,3.7961,0.0,0.00022751510842516887
text_text_ln_lrh0.001_frozen_e5_s44,2486,4,1.2577,1.8505,0.0,0.00022715961606825451
text_text_ln_lrh0.001_frozen_e5_s44,2487,4,1.74646,3.5615,0.0,0.0002268041237113402
text_text_ln_lrh0.001_frozen_e5_s44,2488,4,1.22443,2.2476,0.0,0.0002264486313544259
text_text_ln_lrh0.001_frozen_e5_s44,2489,4,0.86636,1.9424,0.0,0.00022609313899751154
text_text_ln_lrh0.001_frozen_e5_s44,2490,4,1.18104,4.8769,0.0,0.00022573764664059724
text_text_ln_lrh0.001_frozen_e5_s44,2491,4,0.69981,1.9765,0.0,0.0002253821542836829
text_text_ln_lrh0.001_frozen_e5_s44,2492,4,1.36248,3.7428,0.0,0.00022502666192676857
text_text_ln_lrh0.001_frozen_e5_s44,2493,4,0.82571,2.5098,0.0,0.00022467116956985424
text_text_ln_lrh0.001_frozen_e5_s44,2494,4,0.80637,1.9902,0.0,0.00022431567721293994
text_text_ln_lrh0.001_frozen_e5_s44,2495,4,1.27223,2.9975,0.0,0.0002239601848560256
text_text_ln_lrh0.001_frozen_e5_s44,2496,4,1.01955,2.4551,0.0,0.00022360469249911127
text_text_ln_lrh0.001_frozen_e5_s44,2497,4,0.98599,1.8918,0.0,0.00022324920014219694
text_text_ln_lrh0.001_frozen_e5_s44,2498,4,0.69566,1.6187,0.0,0.0002228937077852826
text_text_ln_lrh0.001_frozen_e5_s44,2499,4,0.74564,2.3085,0.0,0.0002225382154283683
text_text_ln_lrh0.001_frozen_e5_s44,2500,4,0.46078,4.1649,0.0,0.00022218272307145394
text_text_ln_lrh0.001_frozen_e5_s44,2501,5,1.05028,2.5667,0.0,0.00022182723071453964
text_text_ln_lrh0.001_frozen_e5_s44,2502,5,0.8609,2.9476,0.0,0.00022147173835762533
text_text_ln_lrh0.001_frozen_e5_s44,2503,5,0.73534,1.9525,0.0,0.00022111624600071097
text_text_ln_lrh0.001_frozen_e5_s44,2504,5,1.16386,3.4448,0.0,0.00022076075364379667
text_text_ln_lrh0.001_frozen_e5_s44,2505,5,0.79874,4.6233,0.0,0.00022040526128688234
text_text_ln_lrh0.001_frozen_e5_s44,2506,5,0.84792,1.6358,0.0,0.000220049768929968
text_text_ln_lrh0.001_frozen_e5_s44,2507,5,0.8736,2.0576,0.0,0.0002196942765730537
text_text_ln_lrh0.001_frozen_e5_s44,2508,5,0.92892,2.0886,0.0,0.00021933878421613937
text_text_ln_lrh0.001_frozen_e5_s44,2509,5,1.26436,2.9316,0.0,0.00021898329185922503
text_text_ln_lrh0.001_frozen_e5_s44,2510,5,1.28717,2.8908,0.0,0.0002186277995023107
text_text_ln_lrh0.001_frozen_e5_s44,2511,5,1.23425,3.1211,0.0,0.00021827230714539637
text_text_ln_lrh0.001_frozen_e5_s44,2512,5,0.9674,2.8622,0.0,0.00021791681478848204
text_text_ln_lrh0.001_frozen_e5_s44,2513,5,1.60464,3.0122,0.0,0.00021756132243156773
text_text_ln_lrh0.001_frozen_e5_s44,2514,5,1.14775,2.1828,0.0,0.0002172058300746534
text_text_ln_lrh0.001_frozen_e5_s44,2515,5,1.08675,2.3662,0.0,0.00021685033771773907
text_text_ln_lrh0.001_frozen_e5_s44,2516,5,1.06269,2.1918,0.0,0.00021649484536082476
text_text_ln_lrh0.001_frozen_e5_s44,2517,5,1.18298,2.4751,0.0,0.0002161393530039104
text_text_ln_lrh0.001_frozen_e5_s44,2518,5,0.86988,2.2309,0.0,0.0002157838606469961
text_text_ln_lrh0.001_frozen_e5_s44,2519,5,0.73288,2.4611,0.0,0.00021542836829008177
text_text_ln_lrh0.001_frozen_e5_s44,2520,5,1.29968,2.1332,0.0,0.00021507287593316743
text_text_ln_lrh0.001_frozen_e5_s44,2521,5,0.87242,2.6904,0.0,0.00021471738357625313
text_text_ln_lrh0.001_frozen_e5_s44,2522,5,1.30524,2.991,0.0,0.0002143618912193388
text_text_ln_lrh0.001_frozen_e5_s44,2523,5,1.41468,2.2747,0.0,0.00021400639886242446
text_text_ln_lrh0.001_frozen_e5_s44,2524,5,1.10877,2.1981,0.0,0.00021365090650551013
text_text_ln_lrh0.001_frozen_e5_s44,2525,5,1.31183,2.8558,0.0,0.00021329541414859583
text_text_ln_lrh0.001_frozen_e5_s44,2526,5,1.12112,4.5849,0.0,0.00021293992179168147
text_text_ln_lrh0.001_frozen_e5_s44,2527,5,1.0058,2.4521,0.0,0.00021258442943476716
text_text_ln_lrh0.001_frozen_e5_s44,2528,5,2.14013,5.8687,0.0,0.00021222893707785283
text_text_ln_lrh0.001_frozen_e5_s44,2529,5,1.15132,2.2605,0.0,0.0002118734447209385
text_text_ln_lrh0.001_frozen_e5_s44,2530,5,0.80163,3.0272,0.0,0.0002115179523640242
text_text_ln_lrh0.001_frozen_e5_s44,2531,5,1.22224,2.0098,0.0,0.00021116246000710983
text_text_ln_lrh0.001_frozen_e5_s44,2532,5,1.63292,3.1126,0.0,0.00021080696765019553
text_text_ln_lrh0.001_frozen_e5_s44,2533,5,0.95841,3.1596,0.0,0.0002104514752932812
text_text_ln_lrh0.001_frozen_e5_s44,2534,5,0.89489,2.0028,0.0,0.00021009598293636686
text_text_ln_lrh0.001_frozen_e5_s44,2535,5,1.11189,2.1662,0.0,0.00020974049057945256
text_text_ln_lrh0.001_frozen_e5_s44,2536,5,0.94318,3.1535,0.0,0.00020938499822253822
text_text_ln_lrh0.001_frozen_e5_s44,2537,5,1.20448,2.46,0.0,0.0002090295058656239
text_text_ln_lrh0.001_frozen_e5_s44,2538,5,0.74632,2.3774,0.0,0.00020867401350870956
text_text_ln_lrh0.001_frozen_e5_s44,2539,5,1.26875,3.0901,0.0,0.00020831852115179526
text_text_ln_lrh0.001_frozen_e5_s44,2540,5,1.23851,2.508,0.0,0.00020796302879488092
text_text_ln_lrh0.001_frozen_e5_s44,2541,5,0.68926,2.7616,0.0,0.0002076075364379666
text_text_ln_lrh0.001_frozen_e5_s44,2542,5,1.00936,3.7019,0.0,0.00020725204408105226
text_text_ln_lrh0.001_frozen_e5_s44,2543,5,1.17132,2.8185,0.0,0.00020689655172413793
text_text_ln_lrh0.001_frozen_e5_s44,2544,5,1.11267,1.5937,0.0,0.00020654105936722362
text_text_ln_lrh0.001_frozen_e5_s44,2545,5,0.99511,2.7966,0.0,0.00020618556701030926
text_text_ln_lrh0.001_frozen_e5_s44,2546,5,0.63877,2.9312,0.0,0.00020583007465339496
text_text_ln_lrh0.001_frozen_e5_s44,2547,5,1.29753,3.9233,0.0,0.00020547458229648065
text_text_ln_lrh0.001_frozen_e5_s44,2548,5,1.13603,1.9689,0.0,0.0002051190899395663
text_text_ln_lrh0.001_frozen_e5_s44,2549,5,1.64749,5.2039,0.0,0.00020476359758265199
text_text_ln_lrh0.001_frozen_e5_s44,2550,5,0.91988,1.5987,0.0,0.00020440810522573765
text_text_ln_lrh0.001_frozen_e5_s44,2551,5,1.23615,3.5025,0.0,0.00020405261286882332
text_text_ln_lrh0.001_frozen_e5_s44,2552,5,1.42859,4.3336,0.0,0.000203697120511909
text_text_ln_lrh0.001_frozen_e5_s44,2553,5,0.9216,3.5467,0.0,0.00020334162815499468
text_text_ln_lrh0.001_frozen_e5_s44,2554,5,1.10191,2.421,0.0,0.00020298613579808035
text_text_ln_lrh0.001_frozen_e5_s44,2555,5,0.82492,3.4159,0.0,0.00020263064344116602
text_text_ln_lrh0.001_frozen_e5_s44,2556,5,1.39554,3.6025,0.0,0.0002022751510842517
text_text_ln_lrh0.001_frozen_e5_s44,2557,5,1.47013,2.8638,0.0,0.00020191965872733736
text_text_ln_lrh0.001_frozen_e5_s44,2558,5,0.827,1.9128,0.0,0.00020156416637042305
text_text_ln_lrh0.001_frozen_e5_s44,2559,5,1.19115,2.6912,0.0,0.0002012086740135087
text_text_ln_lrh0.001_frozen_e5_s44,2560,5,1.04618,2.8281,0.0,0.00020085318165659439
text_text_ln_lrh0.001_frozen_e5_s44,2561,5,0.81333,2.9795,0.0,0.00020049768929968008
text_text_ln_lrh0.001_frozen_e5_s44,2562,5,0.62579,1.9971,0.0,0.00020014219694276572
text_text_ln_lrh0.001_frozen_e5_s44,2563,5,1.38535,4.6183,0.0,0.00019978670458585142
text_text_ln_lrh0.001_frozen_e5_s44,2564,5,0.6739,2.0626,0.0,0.00019943121222893708
text_text_ln_lrh0.001_frozen_e5_s44,2565,5,0.70571,2.9311,0.0,0.00019907571987202275
text_text_ln_lrh0.001_frozen_e5_s44,2566,5,0.88569,2.1539,0.0,0.00019872022751510842
text_text_ln_lrh0.001_frozen_e5_s44,2567,5,1.38675,2.621,0.0,0.00019836473515819411
text_text_ln_lrh0.001_frozen_e5_s44,2568,5,1.15394,3.3017,0.0,0.00019800924280127978
text_text_ln_lrh0.001_frozen_e5_s44,2569,5,1.15825,2.105,0.0,0.00019765375044436545
text_text_ln_lrh0.001_frozen_e5_s44,2570,5,0.69936,1.8054,0.0,0.00019729825808745112
text_text_ln_lrh0.001_frozen_e5_s44,2571,5,0.65621,2.6515,0.0,0.00019694276573053678
text_text_ln_lrh0.001_frozen_e5_s44,2572,5,0.76504,2.6607,0.0,0.00019658727337362248
text_text_ln_lrh0.001_frozen_e5_s44,2573,5,1.39735,3.5654,0.0,0.00019623178101670812
text_text_ln_lrh0.001_frozen_e5_s44,2574,5,0.87072,3.6925,0.0,0.00019587628865979381
text_text_ln_lrh0.001_frozen_e5_s44,2575,5,1.17803,4.0514,0.0,0.0001955207963028795
text_text_ln_lrh0.001_frozen_e5_s44,2576,5,0.88053,3.3668,0.0,0.00019516530394596515
text_text_ln_lrh0.001_frozen_e5_s44,2577,5,1.68319,4.229,0.0,0.00019480981158905084
text_text_ln_lrh0.001_frozen_e5_s44,2578,5,1.02152,2.3256,0.0,0.0001944543192321365
text_text_ln_lrh0.001_frozen_e5_s44,2579,5,0.6043,1.6771,0.0,0.00019409882687522218
text_text_ln_lrh0.001_frozen_e5_s44,2580,5,1.87432,3.3145,0.0,0.00019374333451830788
text_text_ln_lrh0.001_frozen_e5_s44,2581,5,1.22953,2.1574,0.0,0.00019338784216139354
text_text_ln_lrh0.001_frozen_e5_s44,2582,5,0.6603,1.573,0.0,0.0001930323498044792
text_text_ln_lrh0.001_frozen_e5_s44,2583,5,1.10965,2.1166,0.0,0.00019267685744756488
text_text_ln_lrh0.001_frozen_e5_s44,2584,5,1.23479,2.5815,0.0,0.00019232136509065057
text_text_ln_lrh0.001_frozen_e5_s44,2585,5,0.95687,1.7782,0.0,0.00019196587273373621
text_text_ln_lrh0.001_frozen_e5_s44,2586,5,0.93573,1.5878,0.0,0.0001916103803768219
text_text_ln_lrh0.001_frozen_e5_s44,2587,5,0.67555,2.1923,0.0,0.00019125488801990758
text_text_ln_lrh0.001_frozen_e5_s44,2588,5,1.45825,2.7019,0.0,0.00019089939566299324
text_text_ln_lrh0.001_frozen_e5_s44,2589,5,1.04672,3.3524,0.0,0.00019054390330607894
text_text_ln_lrh0.001_frozen_e5_s44,2590,5,1.24687,2.9042,0.0,0.00019018841094916458
text_text_ln_lrh0.001_frozen_e5_s44,2591,5,0.78781,2.658,0.0,0.00018983291859225027
text_text_ln_lrh0.001_frozen_e5_s44,2592,5,0.97454,2.6174,0.0,0.00018947742623533594
text_text_ln_lrh0.001_frozen_e5_s44,2593,5,1.04571,2.08,0.0,0.0001891219338784216
text_text_ln_lrh0.001_frozen_e5_s44,2594,5,0.9826,2.0529,0.0,0.0001887664415215073
text_text_ln_lrh0.001_frozen_e5_s44,2595,5,1.01512,3.7994,0.0,0.00018841094916459297
text_text_ln_lrh0.001_frozen_e5_s44,2596,5,0.98364,2.7938,0.0,0.00018805545680767864
text_text_ln_lrh0.001_frozen_e5_s44,2597,5,1.34803,2.4577,0.0,0.0001876999644507643
text_text_ln_lrh0.001_frozen_e5_s44,2598,5,1.12001,4.2937,0.0,0.00018734447209385
text_text_ln_lrh0.001_frozen_e5_s44,2599,5,1.37634,2.9993,0.0,0.00018698897973693564
text_text_ln_lrh0.001_frozen_e5_s44,2600,5,1.45126,3.4276,0.0,0.00018663348738002134
text_text_ln_lrh0.001_frozen_e5_s44,2601,5,0.37251,2.0801,0.0,0.000186277995023107
text_text_ln_lrh0.001_frozen_e5_s44,2602,5,0.8806,1.8752,0.0,0.00018592250266619267
text_text_ln_lrh0.001_frozen_e5_s44,2603,5,0.8802,4.6373,0.0,0.00018556701030927837
text_text_ln_lrh0.001_frozen_e5_s44,2604,5,1.08594,2.2916,0.0,0.000185211517952364
text_text_ln_lrh0.001_frozen_e5_s44,2605,5,0.61135,2.8955,0.0,0.0001848560255954497
text_text_ln_lrh0.001_frozen_e5_s44,2606,5,0.90012,3.1175,0.0,0.00018450053323853537
text_text_ln_lrh0.001_frozen_e5_s44,2607,5,1.6761,4.1723,0.0,0.00018414504088162104
text_text_ln_lrh0.001_frozen_e5_s44,2608,5,0.85157,1.7938,0.0,0.00018378954852470673
text_text_ln_lrh0.001_frozen_e5_s44,2609,5,1.01105,2.8973,0.0,0.0001834340561677924
text_text_ln_lrh0.001_frozen_e5_s44,2610,5,1.42118,2.3822,0.0,0.00018307856381087807
text_text_ln_lrh0.001_frozen_e5_s44,2611,5,1.04661,2.1009,0.0,0.00018272307145396374
text_text_ln_lrh0.001_frozen_e5_s44,2612,5,0.76002,2.2645,0.0,0.00018236757909704943
text_text_ln_lrh0.001_frozen_e5_s44,2613,5,1.70978,4.1253,0.0,0.00018201208674013507
text_text_ln_lrh0.001_frozen_e5_s44,2614,5,1.65058,4.4942,0.0,0.00018165659438322077
text_text_ln_lrh0.001_frozen_e5_s44,2615,5,0.63341,3.7759,0.0,0.00018130110202630643
text_text_ln_lrh0.001_frozen_e5_s44,2616,5,0.96671,3.6667,0.0,0.0001809456096693921
text_text_ln_lrh0.001_frozen_e5_s44,2617,5,1.20729,2.7953,0.0,0.0001805901173124778
text_text_ln_lrh0.001_frozen_e5_s44,2618,5,1.31108,2.2569,0.0,0.00018023462495556344
text_text_ln_lrh0.001_frozen_e5_s44,2619,5,1.45303,2.1488,0.0,0.00017987913259864913
text_text_ln_lrh0.001_frozen_e5_s44,2620,5,1.25534,2.4118,0.0,0.00017952364024173483
text_text_ln_lrh0.001_frozen_e5_s44,2621,5,1.25214,3.3014,0.0,0.00017916814788482047
text_text_ln_lrh0.001_frozen_e5_s44,2622,5,0.86958,1.5828,0.0,0.00017881265552790616
text_text_ln_lrh0.001_frozen_e5_s44,2623,5,1.00785,2.4241,0.0,0.00017845716317099183
text_text_ln_lrh0.001_frozen_e5_s44,2624,5,0.77092,3.7027,0.0,0.0001781016708140775
text_text_ln_lrh0.001_frozen_e5_s44,2625,5,1.56154,3.9486,0.0,0.00017774617845716317
text_text_ln_lrh0.001_frozen_e5_s44,2626,5,0.74323,2.9928,0.0,0.00017739068610024886
text_text_ln_lrh0.001_frozen_e5_s44,2627,5,1.02718,2.7439,0.0,0.00017703519374333453
text_text_ln_lrh0.001_frozen_e5_s44,2628,5,0.64718,2.0571,0.0,0.0001766797013864202
text_text_ln_lrh0.001_frozen_e5_s44,2629,5,1.16034,2.3686,0.0,0.0001763242090295059
text_text_ln_lrh0.001_frozen_e5_s44,2630,5,0.83447,2.1102,0.0,0.00017596871667259153
text_text_ln_lrh0.001_frozen_e5_s44,2631,5,0.76793,2.4797,0.0,0.00017561322431567723
text_text_ln_lrh0.001_frozen_e5_s44,2632,5,1.71164,3.8689,0.0,0.00017525773195876287
text_text_ln_lrh0.001_frozen_e5_s44,2633,5,1.43538,3.1518,0.0,0.00017490223960184856
text_text_ln_lrh0.001_frozen_e5_s44,2634,5,0.89872,4.1836,0.0,0.00017454674724493426
text_text_ln_lrh0.001_frozen_e5_s44,2635,5,0.83085,3.5007,0.0,0.0001741912548880199
text_text_ln_lrh0.001_frozen_e5_s44,2636,5,1.18094,3.7971,0.0,0.0001738357625311056
text_text_ln_lrh0.001_frozen_e5_s44,2637,5,1.07372,4.0005,0.0,0.00017348027017419126
text_text_ln_lrh0.001_frozen_e5_s44,2638,5,1.47045,5.0064,0.0,0.00017312477781727693
text_text_ln_lrh0.001_frozen_e5_s44,2639,5,0.5808,2.8009,0.0,0.0001727692854603626
text_text_ln_lrh0.001_frozen_e5_s44,2640,5,1.369,2.8524,0.0,0.0001724137931034483
text_text_ln_lrh0.001_frozen_e5_s44,2641,5,1.18604,2.5547,0.0,0.00017205830074653396
text_text_ln_lrh0.001_frozen_e5_s44,2642,5,1.08679,3.1887,0.0,0.00017170280838961963
text_text_ln_lrh0.001_frozen_e5_s44,2643,5,1.2161,3.1628,0.0,0.00017134731603270532
text_text_ln_lrh0.001_frozen_e5_s44,2644,5,0.7034,3.437,0.0,0.00017099182367579096
text_text_ln_lrh0.001_frozen_e5_s44,2645,5,1.35007,3.359,0.0,0.00017063633131887666
text_text_ln_lrh0.001_frozen_e5_s44,2646,5,1.40912,2.8381,0.0,0.0001702808389619623
text_text_ln_lrh0.001_frozen_e5_s44,2647,5,1.05066,3.3253,0.0,0.000169925346605048
text_text_ln_lrh0.001_frozen_e5_s44,2648,5,1.36669,3.2529,0.0,0.00016956985424813369
text_text_ln_lrh0.001_frozen_e5_s44,2649,5,1.35708,2.6953,0.0,0.00016921436189121933
text_text_ln_lrh0.001_frozen_e5_s44,2650,5,1.13938,2.6557,0.0,0.00016885886953430502
text_text_ln_lrh0.001_frozen_e5_s44,2651,5,0.96837,3.9553,0.0,0.0001685033771773907
text_text_ln_lrh0.001_frozen_e5_s44,2652,5,1.61043,3.808,0.0,0.00016814788482047636
text_text_ln_lrh0.001_frozen_e5_s44,2653,5,0.89607,2.8559,0.0,0.00016779239246356205
text_text_ln_lrh0.001_frozen_e5_s44,2654,5,1.47234,2.7411,0.0,0.00016743690010664772
text_text_ln_lrh0.001_frozen_e5_s44,2655,5,0.69084,2.0811,0.0,0.0001670814077497334
text_text_ln_lrh0.001_frozen_e5_s44,2656,5,0.53904,3.5977,0.0,0.00016672591539281905
text_text_ln_lrh0.001_frozen_e5_s44,2657,5,1.23369,2.1301,0.0,0.00016637042303590475
text_text_ln_lrh0.001_frozen_e5_s44,2658,5,1.18638,2.7984,0.0,0.0001660149306789904
text_text_ln_lrh0.001_frozen_e5_s44,2659,5,1.37011,4.8882,0.0,0.00016565943832207608
text_text_ln_lrh0.001_frozen_e5_s44,2660,5,0.94202,2.156,0.0,0.00016530394596516175
text_text_ln_lrh0.001_frozen_e5_s44,2661,5,0.87219,2.2009,0.0,0.00016494845360824742
text_text_ln_lrh0.001_frozen_e5_s44,2662,5,1.16865,2.2565,0.0,0.00016459296125133311
text_text_ln_lrh0.001_frozen_e5_s44,2663,5,1.29944,2.371,0.0,0.00016423746889441876
text_text_ln_lrh0.001_frozen_e5_s44,2664,5,1.24252,1.993,0.0,0.00016388197653750445
text_text_ln_lrh0.001_frozen_e5_s44,2665,5,1.48461,3.6813,0.0,0.00016352648418059012
text_text_ln_lrh0.001_frozen_e5_s44,2666,5,0.99972,2.9267,0.0,0.00016317099182367579
text_text_ln_lrh0.001_frozen_e5_s44,2667,5,0.60258,2.3079,0.0,0.00016281549946676148
text_text_ln_lrh0.001_frozen_e5_s44,2668,5,1.34334,4.13,0.0,0.00016246000710984715
text_text_ln_lrh0.001_frozen_e5_s44,2669,5,1.00272,3.3496,0.0,0.00016210451475293282
text_text_ln_lrh0.001_frozen_e5_s44,2670,5,1.02742,2.2085,0.0,0.00016174902239601848
text_text_ln_lrh0.001_frozen_e5_s44,2671,5,1.1422,3.9912,0.0,0.00016139353003910418
text_text_ln_lrh0.001_frozen_e5_s44,2672,5,1.1726,2.8297,0.0,0.00016103803768218982
text_text_ln_lrh0.001_frozen_e5_s44,2673,5,0.89253,2.4393,0.0,0.00016068254532527551
text_text_ln_lrh0.001_frozen_e5_s44,2674,5,1.04466,2.0599,0.0,0.00016032705296836118
text_text_ln_lrh0.001_frozen_e5_s44,2675,5,1.34137,3.1837,0.0,0.00015997156061144685
text_text_ln_lrh0.001_frozen_e5_s44,2676,5,0.98051,1.5638,0.0,0.00015961606825453254
text_text_ln_lrh0.001_frozen_e5_s44,2677,5,1.05782,3.3067,0.0,0.00015926057589761818
text_text_ln_lrh0.001_frozen_e5_s44,2678,5,0.97449,3.3784,0.0,0.00015890508354070388
text_text_ln_lrh0.001_frozen_e5_s44,2679,5,1.04697,2.7164,0.0,0.00015854959118378955
text_text_ln_lrh0.001_frozen_e5_s44,2680,5,1.26831,2.2555,0.0,0.00015819409882687521
text_text_ln_lrh0.001_frozen_e5_s44,2681,5,1.06485,3.1191,0.0,0.0001578386064699609
text_text_ln_lrh0.001_frozen_e5_s44,2682,5,0.92368,2.7343,0.0,0.00015748311411304658
text_text_ln_lrh0.001_frozen_e5_s44,2683,5,1.04958,2.7414,0.0,0.00015712762175613225
text_text_ln_lrh0.001_frozen_e5_s44,2684,5,1.46778,2.603,0.0,0.0001567721293992179
text_text_ln_lrh0.001_frozen_e5_s44,2685,5,0.84761,2.36,0.0,0.0001564166370423036
text_text_ln_lrh0.001_frozen_e5_s44,2686,5,1.29884,3.0112,0.0,0.00015606114468538925
text_text_ln_lrh0.001_frozen_e5_s44,2687,5,1.22027,3.523,0.0,0.00015570565232847494
text_text_ln_lrh0.001_frozen_e5_s44,2688,5,1.37951,3.371,0.0,0.00015535015997156064
text_text_ln_lrh0.001_frozen_e5_s44,2689,5,0.88773,1.8161,0.0,0.00015499466761464628
text_text_ln_lrh0.001_frozen_e5_s44,2690,5,0.82931,2.6045,0.0,0.00015463917525773197
text_text_ln_lrh0.001_frozen_e5_s44,2691,5,0.8691,2.2354,0.0,0.00015428368290081761
text_text_ln_lrh0.001_frozen_e5_s44,2692,5,1.0543,2.6614,0.0,0.0001539281905439033
text_text_ln_lrh0.001_frozen_e5_s44,2693,5,1.39411,3.2,0.0,0.000153572698186989
text_text_ln_lrh0.001_frozen_e5_s44,2694,5,1.82827,5.1853,0.0,0.00015321720583007464
text_text_ln_lrh0.001_frozen_e5_s44,2695,5,1.23903,2.1947,0.0,0.00015286171347316034
text_text_ln_lrh0.001_frozen_e5_s44,2696,5,1.06087,2.4742,0.0,0.000152506221116246
text_text_ln_lrh0.001_frozen_e5_s44,2697,5,0.9928,2.1267,0.0,0.00015215072875933167
text_text_ln_lrh0.001_frozen_e5_s44,2698,5,1.24704,5.6387,0.0,0.00015179523640241734
text_text_ln_lrh0.001_frozen_e5_s44,2699,5,1.14008,2.6775,0.0,0.00015143974404550304
text_text_ln_lrh0.001_frozen_e5_s44,2700,5,0.59408,1.815,0.0,0.0001510842516885887
text_text_ln_lrh0.001_frozen_e5_s44,2701,5,0.73291,3.0651,0.0,0.00015072875933167437
text_text_ln_lrh0.001_frozen_e5_s44,2702,5,1.10242,4.1262,0.0,0.00015037326697476007
text_text_ln_lrh0.001_frozen_e5_s44,2703,5,1.18753,3.8432,0.0,0.0001500177746178457
text_text_ln_lrh0.001_frozen_e5_s44,2704,5,0.82541,3.2364,0.0,0.0001496622822609314
text_text_ln_lrh0.001_frozen_e5_s44,2705,5,0.95433,3.6753,0.0,0.00014930678990401704
text_text_ln_lrh0.001_frozen_e5_s44,2706,5,0.99977,2.6687,0.0,0.00014895129754710274
text_text_ln_lrh0.001_frozen_e5_s44,2707,5,1.17937,2.2384,0.0,0.00014859580519018843
text_text_ln_lrh0.001_frozen_e5_s44,2708,5,1.26299,4.3856,0.0,0.00014824031283327407
text_text_ln_lrh0.001_frozen_e5_s44,2709,5,1.45413,3.2303,0.0,0.00014788482047635977
text_text_ln_lrh0.001_frozen_e5_s44,2710,5,1.14037,5.5853,0.0,0.00014752932811944544
text_text_ln_lrh0.001_frozen_e5_s44,2711,5,1.63125,2.8724,0.0,0.0001471738357625311
text_text_ln_lrh0.001_frozen_e5_s44,2712,5,0.84672,2.1657,0.0,0.00014681834340561677
text_text_ln_lrh0.001_frozen_e5_s44,2713,5,1.11834,2.648,0.0,0.00014646285104870247
text_text_ln_lrh0.001_frozen_e5_s44,2714,5,1.2491,2.2673,0.0,0.00014610735869178813
text_text_ln_lrh0.001_frozen_e5_s44,2715,5,1.02897,2.9887,0.0,0.0001457518663348738
text_text_ln_lrh0.001_frozen_e5_s44,2716,5,1.29836,3.7318,0.0,0.0001453963739779595
text_text_ln_lrh0.001_frozen_e5_s44,2717,5,1.03019,1.9491,0.0,0.00014504088162104514
text_text_ln_lrh0.001_frozen_e5_s44,2718,5,1.32052,2.511,0.0,0.00014468538926413083
text_text_ln_lrh0.001_frozen_e5_s44,2719,5,1.2019,2.4361,0.0,0.00014432989690721647
text_text_ln_lrh0.001_frozen_e5_s44,2720,5,1.18325,1.9227,0.0,0.00014397440455030217
text_text_ln_lrh0.001_frozen_e5_s44,2721,5,0.94979,5.4734,0.0,0.00014361891219338786
text_text_ln_lrh0.001_frozen_e5_s44,2722,5,1.04689,2.0167,0.0,0.0001432634198364735
text_text_ln_lrh0.001_frozen_e5_s44,2723,5,0.59407,4.5928,0.0,0.0001429079274795592
text_text_ln_lrh0.001_frozen_e5_s44,2724,5,0.78839,2.1564,0.0,0.00014255243512264486
text_text_ln_lrh0.001_frozen_e5_s44,2725,5,2.09927,3.2675,0.0,0.00014219694276573053
text_text_ln_lrh0.001_frozen_e5_s44,2726,5,1.20168,1.858,0.0,0.00014184145040881623
text_text_ln_lrh0.001_frozen_e5_s44,2727,5,1.17903,2.0402,0.0,0.0001414859580519019
text_text_ln_lrh0.001_frozen_e5_s44,2728,5,0.806,2.7949,0.0,0.00014113046569498756
text_text_ln_lrh0.001_frozen_e5_s44,2729,5,1.26719,2.7443,0.0,0.00014077497333807323
text_text_ln_lrh0.001_frozen_e5_s44,2730,5,1.01342,1.6833,0.0,0.00014041948098115893
text_text_ln_lrh0.001_frozen_e5_s44,2731,5,0.74258,2.0551,0.0,0.00014006398862424457
text_text_ln_lrh0.001_frozen_e5_s44,2732,5,1.26998,3.1837,0.0,0.00013970849626733026
text_text_ln_lrh0.001_frozen_e5_s44,2733,5,1.1752,2.6744,0.0,0.00013935300391041593
text_text_ln_lrh0.001_frozen_e5_s44,2734,5,1.2207,2.0875,0.0,0.0001389975115535016
text_text_ln_lrh0.001_frozen_e5_s44,2735,5,1.16508,2.8191,0.0,0.0001386420191965873
text_text_ln_lrh0.001_frozen_e5_s44,2736,5,1.54509,2.8947,0.0,0.00013828652683967293
text_text_ln_lrh0.001_frozen_e5_s44,2737,5,0.68588,4.2632,0.0,0.00013793103448275863
text_text_ln_lrh0.001_frozen_e5_s44,2738,5,1.00322,2.819,0.0,0.0001375755421258443
text_text_ln_lrh0.001_frozen_e5_s44,2739,5,1.86872,3.2809,0.0,0.00013722004976892996
text_text_ln_lrh0.001_frozen_e5_s44,2740,5,1.13168,3.0248,0.0,0.00013686455741201566
text_text_ln_lrh0.001_frozen_e5_s44,2741,5,1.57335,3.2313,0.0,0.00013650906505510132
text_text_ln_lrh0.001_frozen_e5_s44,2742,5,1.4709,2.2788,0.0,0.000136153572698187
text_text_ln_lrh0.001_frozen_e5_s44,2743,5,0.99388,2.3836,0.0,0.00013579808034127266
text_text_ln_lrh0.001_frozen_e5_s44,2744,5,0.89293,3.6986,0.0,0.00013544258798435835
text_text_ln_lrh0.001_frozen_e5_s44,2745,5,1.57279,4.1759,0.0,0.000135087095627444
text_text_ln_lrh0.001_frozen_e5_s44,2746,5,0.80344,2.2727,0.0,0.0001347316032705297
text_text_ln_lrh0.001_frozen_e5_s44,2747,5,1.24535,2.7027,0.0,0.00013437611091361538
text_text_ln_lrh0.001_frozen_e5_s44,2748,5,1.34765,4.0392,0.0,0.00013402061855670103
text_text_ln_lrh0.001_frozen_e5_s44,2749,5,1.45308,5.5049,0.0,0.00013366512619978672
text_text_ln_lrh0.001_frozen_e5_s44,2750,5,1.10269,4.5178,0.0,0.00013330963384287236
text_text_ln_lrh0.001_frozen_e5_s44,2751,5,0.65315,2.1292,0.0,0.00013295414148595806
text_text_ln_lrh0.001_frozen_e5_s44,2752,5,1.25678,3.5872,0.0,0.00013259864912904372
text_text_ln_lrh0.001_frozen_e5_s44,2753,5,1.02171,2.1509,0.0,0.0001322431567721294
text_text_ln_lrh0.001_frozen_e5_s44,2754,5,1.31815,2.8223,0.0,0.00013188766441521509
text_text_ln_lrh0.001_frozen_e5_s44,2755,5,0.89444,2.4411,0.0,0.00013153217205830075
text_text_ln_lrh0.001_frozen_e5_s44,2756,5,1.27269,3.2282,0.0,0.00013117667970138642
text_text_ln_lrh0.001_frozen_e5_s44,2757,5,0.74669,3.0727,0.0,0.0001308211873444721
text_text_ln_lrh0.001_frozen_e5_s44,2758,5,1.23738,2.7901,0.0,0.00013046569498755778
text_text_ln_lrh0.001_frozen_e5_s44,2759,5,1.14986,2.9271,0.0,0.00013011020263064342
text_text_ln_lrh0.001_frozen_e5_s44,2760,5,0.87879,2.3529,0.0,0.00012975471027372912
text_text_ln_lrh0.001_frozen_e5_s44,2761,5,0.89187,2.2377,0.0,0.00012939921791681481
text_text_ln_lrh0.001_frozen_e5_s44,2762,5,1.10099,3.4456,0.0,0.00012904372555990045
text_text_ln_lrh0.001_frozen_e5_s44,2763,5,0.87517,2.4391,0.0,0.00012868823320298615
text_text_ln_lrh0.001_frozen_e5_s44,2764,5,1.018,3.318,0.0,0.0001283327408460718
text_text_ln_lrh0.001_frozen_e5_s44,2765,5,1.47157,3.7377,0.0,0.00012797724848915748
text_text_ln_lrh0.001_frozen_e5_s44,2766,5,0.90509,3.9864,0.0,0.00012762175613224318
text_text_ln_lrh0.001_frozen_e5_s44,2767,5,0.73202,4.0742,0.0,0.00012726626377532882
text_text_ln_lrh0.001_frozen_e5_s44,2768,5,1.42463,2.1716,0.0,0.00012691077141841451
text_text_ln_lrh0.001_frozen_e5_s44,2769,5,0.40711,3.9324,0.0,0.00012655527906150018
text_text_ln_lrh0.001_frozen_e5_s44,2770,5,0.75132,2.0589,0.0,0.00012619978670458585
text_text_ln_lrh0.001_frozen_e5_s44,2771,5,0.95915,1.9679,0.0,0.00012584429434767152
text_text_ln_lrh0.001_frozen_e5_s44,2772,5,1.48976,3.097,0.0,0.0001254888019907572
text_text_ln_lrh0.001_frozen_e5_s44,2773,5,1.15307,3.8874,0.0,0.00012513330963384288
text_text_ln_lrh0.001_frozen_e5_s44,2774,5,1.00899,4.4718,0.0,0.00012477781727692855
text_text_ln_lrh0.001_frozen_e5_s44,2775,5,1.21203,3.1308,0.0,0.00012442232492001422
text_text_ln_lrh0.001_frozen_e5_s44,2776,5,1.01995,2.1172,0.0,0.00012406683256309988
text_text_ln_lrh0.001_frozen_e5_s44,2777,5,1.09199,3.02,0.0,0.00012371134020618558
text_text_ln_lrh0.001_frozen_e5_s44,2778,5,0.83239,2.1208,0.0,0.00012335584784927125
text_text_ln_lrh0.001_frozen_e5_s44,2779,5,0.8472,2.0501,0.0,0.00012300035549235691
text_text_ln_lrh0.001_frozen_e5_s44,2780,5,1.35841,5.3004,0.0,0.0001226448631354426
text_text_ln_lrh0.001_frozen_e5_s44,2781,5,1.09173,2.8722,0.0,0.00012228937077852828
text_text_ln_lrh0.001_frozen_e5_s44,2782,5,1.53332,2.9903,0.0,0.00012193387842161393
text_text_ln_lrh0.001_frozen_e5_s44,2783,5,0.72141,3.706,0.0,0.00012157838606469961
text_text_ln_lrh0.001_frozen_e5_s44,2784,5,1.07785,2.5985,0.0,0.00012122289370778529
text_text_ln_lrh0.001_frozen_e5_s44,2785,5,1.44023,3.2127,0.0,0.00012086740135087096
text_text_ln_lrh0.001_frozen_e5_s44,2786,5,1.19957,3.5772,0.0,0.00012051190899395663
text_text_ln_lrh0.001_frozen_e5_s44,2787,5,1.44526,3.2991,0.0,0.00012015641663704231
text_text_ln_lrh0.001_frozen_e5_s44,2788,5,1.35431,2.5164,0.0,0.00011980092428012798
text_text_ln_lrh0.001_frozen_e5_s44,2789,5,1.35359,4.8477,0.0,0.00011944543192321365
text_text_ln_lrh0.001_frozen_e5_s44,2790,5,0.80849,2.8519,0.0,0.00011908993956629933
text_text_ln_lrh0.001_frozen_e5_s44,2791,5,1.1379,1.7184,0.0,0.00011873444720938501
text_text_ln_lrh0.001_frozen_e5_s44,2792,5,1.30658,4.9307,0.0,0.00011837895485247068
text_text_ln_lrh0.001_frozen_e5_s44,2793,5,0.63763,2.0138,0.0,0.00011802346249555634
text_text_ln_lrh0.001_frozen_e5_s44,2794,5,1.00979,2.6588,0.0,0.00011766797013864202
text_text_ln_lrh0.001_frozen_e5_s44,2795,5,1.06869,2.9856,0.0,0.00011731247778172769
text_text_ln_lrh0.001_frozen_e5_s44,2796,5,0.99718,2.8587,0.0,0.00011695698542481337
text_text_ln_lrh0.001_frozen_e5_s44,2797,5,1.37983,3.0813,0.0,0.00011660149306789904
text_text_ln_lrh0.001_frozen_e5_s44,2798,5,1.2312,5.1241,0.0,0.00011624600071098472
text_text_ln_lrh0.001_frozen_e5_s44,2799,5,1.17913,1.6616,0.0,0.00011589050835407039
text_text_ln_lrh0.001_frozen_e5_s44,2800,5,1.1591,2.3912,0.0,0.00011553501599715606
text_text_ln_lrh0.001_frozen_e5_s44,2801,5,0.98571,1.585,0.0,0.00011517952364024174
text_text_ln_lrh0.001_frozen_e5_s44,2802,5,1.31866,5.1672,0.0,0.0001148240312833274
text_text_ln_lrh0.001_frozen_e5_s44,2803,5,1.25409,2.0563,0.0,0.00011446853892641309
text_text_ln_lrh0.001_frozen_e5_s44,2804,5,0.61284,2.5063,0.0,0.00011411304656949876
text_text_ln_lrh0.001_frozen_e5_s44,2805,5,0.93046,2.3964,0.0,0.00011375755421258444
text_text_ln_lrh0.001_frozen_e5_s44,2806,5,1.00821,2.1674,0.0,0.0001134020618556701
text_text_ln_lrh0.001_frozen_e5_s44,2807,5,1.49855,3.4108,0.0,0.00011304656949875577
text_text_ln_lrh0.001_frozen_e5_s44,2808,5,1.14719,2.9804,0.0,0.00011269107714184145
text_text_ln_lrh0.001_frozen_e5_s44,2809,5,0.90687,1.5545,0.0,0.00011233558478492712
text_text_ln_lrh0.001_frozen_e5_s44,2810,5,1.08215,2.4973,0.0,0.0001119800924280128
text_text_ln_lrh0.001_frozen_e5_s44,2811,5,1.3952,3.2779,0.0,0.00011162460007109847
text_text_ln_lrh0.001_frozen_e5_s44,2812,5,0.82835,2.3017,0.0,0.00011126910771418415
text_text_ln_lrh0.001_frozen_e5_s44,2813,5,1.13844,3.0548,0.0,0.00011091361535726982
text_text_ln_lrh0.001_frozen_e5_s44,2814,5,0.94914,2.9925,0.0,0.00011055812300035549
text_text_ln_lrh0.001_frozen_e5_s44,2815,5,1.3146,2.7434,0.0,0.00011020263064344117
text_text_ln_lrh0.001_frozen_e5_s44,2816,5,1.04747,3.309,0.0,0.00010984713828652685
text_text_ln_lrh0.001_frozen_e5_s44,2817,5,1.29794,3.6345,0.0,0.00010949164592961252
text_text_ln_lrh0.001_frozen_e5_s44,2818,5,1.23083,2.0029,0.0,0.00010913615357269818
text_text_ln_lrh0.001_frozen_e5_s44,2819,5,1.06385,2.9909,0.0,0.00010878066121578387
text_text_ln_lrh0.001_frozen_e5_s44,2820,5,0.92251,2.2008,0.0,0.00010842516885886953
text_text_ln_lrh0.001_frozen_e5_s44,2821,5,0.98289,2.8622,0.0,0.0001080696765019552
text_text_ln_lrh0.001_frozen_e5_s44,2822,5,0.8005,2.0217,0.0,0.00010771418414504088
text_text_ln_lrh0.001_frozen_e5_s44,2823,5,0.7119,2.0577,0.0,0.00010735869178812656
text_text_ln_lrh0.001_frozen_e5_s44,2824,5,0.98906,3.3032,0.0,0.00010700319943121223
text_text_ln_lrh0.001_frozen_e5_s44,2825,5,1.05289,3.1853,0.0,0.00010664770707429791
text_text_ln_lrh0.001_frozen_e5_s44,2826,5,1.34147,3.1238,0.0,0.00010629221471738358
text_text_ln_lrh0.001_frozen_e5_s44,2827,5,1.35537,1.9707,0.0,0.00010593672236046925
text_text_ln_lrh0.001_frozen_e5_s44,2828,5,1.18281,3.6569,0.0,0.00010558123000355492
text_text_ln_lrh0.001_frozen_e5_s44,2829,5,1.43119,3.3765,0.0,0.0001052257376466406
text_text_ln_lrh0.001_frozen_e5_s44,2830,5,0.76126,3.8917,0.0,0.00010487024528972628
text_text_ln_lrh0.001_frozen_e5_s44,2831,5,1.05183,1.8365,0.0,0.00010451475293281195
text_text_ln_lrh0.001_frozen_e5_s44,2832,5,1.82444,4.9041,0.0,0.00010415926057589763
text_text_ln_lrh0.001_frozen_e5_s44,2833,5,0.71238,2.0853,0.0,0.0001038037682189833
text_text_ln_lrh0.001_frozen_e5_s44,2834,5,1.37186,3.8421,0.0,0.00010344827586206896
text_text_ln_lrh0.001_frozen_e5_s44,2835,5,1.20339,2.333,0.0,0.00010309278350515463
text_text_ln_lrh0.001_frozen_e5_s44,2836,5,1.25294,3.3552,0.0,0.00010273729114824033
text_text_ln_lrh0.001_frozen_e5_s44,2837,5,1.06562,1.805,0.0,0.00010238179879132599
text_text_ln_lrh0.001_frozen_e5_s44,2838,5,1.02163,2.9339,0.0,0.00010202630643441166
text_text_ln_lrh0.001_frozen_e5_s44,2839,5,0.87499,2.8696,0.0,0.00010167081407749734
text_text_ln_lrh0.001_frozen_e5_s44,2840,5,0.80586,2.0058,0.0,0.00010131532172058301
text_text_ln_lrh0.001_frozen_e5_s44,2841,5,0.96146,2.4607,0.0,0.00010095982936366868
text_text_ln_lrh0.001_frozen_e5_s44,2842,5,1.42762,2.7323,0.0,0.00010060433700675435
text_text_ln_lrh0.001_frozen_e5_s44,2843,5,1.40514,3.112,0.0,0.00010024884464984004
text_text_ln_lrh0.001_frozen_e5_s44,2844,5,0.7352,2.6323,0.0,9.989335229292571e-05
text_text_ln_lrh0.001_frozen_e5_s44,2845,5,1.03159,2.4633,0.0,9.953785993601138e-05
text_text_ln_lrh0.001_frozen_e5_s44,2846,5,1.03018,3.1281,0.0,9.918236757909706e-05
text_text_ln_lrh0.001_frozen_e5_s44,2847,5,0.89321,2.1155,0.0,9.882687522218272e-05
text_text_ln_lrh0.001_frozen_e5_s44,2848,5,0.95047,2.6221,0.0,9.847138286526839e-05
text_text_ln_lrh0.001_frozen_e5_s44,2849,5,0.6974,2.3376,0.0,9.811589050835406e-05
text_text_ln_lrh0.001_frozen_e5_s44,2850,5,1.42024,3.1467,0.0,9.776039815143975e-05
text_text_ln_lrh0.001_frozen_e5_s44,2851,5,1.29386,2.5254,0.0,9.740490579452542e-05
text_text_ln_lrh0.001_frozen_e5_s44,2852,5,1.60832,2.9391,0.0,9.704941343761109e-05
text_text_ln_lrh0.001_frozen_e5_s44,2853,5,0.88608,2.8164,0.0,9.669392108069677e-05
text_text_ln_lrh0.001_frozen_e5_s44,2854,5,0.89957,2.6612,0.0,9.633842872378244e-05
text_text_ln_lrh0.001_frozen_e5_s44,2855,5,0.91703,2.1643,0.0,9.598293636686811e-05
text_text_ln_lrh0.001_frozen_e5_s44,2856,5,0.81493,2.313,0.0,9.562744400995379e-05
text_text_ln_lrh0.001_frozen_e5_s44,2857,5,1.66338,5.2699,0.0,9.527195165303947e-05
text_text_ln_lrh0.001_frozen_e5_s44,2858,5,1.04685,2.6849,0.0,9.491645929612514e-05
text_text_ln_lrh0.001_frozen_e5_s44,2859,5,1.29801,3.1366,0.0,9.45609669392108e-05
text_text_ln_lrh0.001_frozen_e5_s44,2860,5,1.38001,4.3201,0.0,9.420547458229649e-05
text_text_ln_lrh0.001_frozen_e5_s44,2861,5,1.13022,4.121,0.0,9.384998222538215e-05
text_text_ln_lrh0.001_frozen_e5_s44,2862,5,0.9889,2.4605,0.0,9.349448986846782e-05
text_text_ln_lrh0.001_frozen_e5_s44,2863,5,1.03809,1.5812,0.0,9.31389975115535e-05
text_text_ln_lrh0.001_frozen_e5_s44,2864,5,0.82073,1.8545,0.0,9.278350515463918e-05
text_text_ln_lrh0.001_frozen_e5_s44,2865,5,1.37405,3.6472,0.0,9.242801279772485e-05
text_text_ln_lrh0.001_frozen_e5_s44,2866,5,1.14806,2.4754,0.0,9.207252044081052e-05
text_text_ln_lrh0.001_frozen_e5_s44,2867,5,1.65243,3.7458,0.0,9.17170280838962e-05
text_text_ln_lrh0.001_frozen_e5_s44,2868,5,1.11975,2.9603,0.0,9.136153572698187e-05
text_text_ln_lrh0.001_frozen_e5_s44,2869,5,1.55356,3.6001,0.0,9.100604337006754e-05
text_text_ln_lrh0.001_frozen_e5_s44,2870,5,0.90995,2.1477,0.0,9.065055101315322e-05
text_text_ln_lrh0.001_frozen_e5_s44,2871,5,0.69298,2.5483,0.0,9.02950586562389e-05
text_text_ln_lrh0.001_frozen_e5_s44,2872,5,1.05013,3.8164,0.0,8.993956629932457e-05
text_text_ln_lrh0.001_frozen_e5_s44,2873,5,1.05376,2.4933,0.0,8.958407394241023e-05
text_text_ln_lrh0.001_frozen_e5_s44,2874,5,0.91326,1.6639,0.0,8.922858158549592e-05
text_text_ln_lrh0.001_frozen_e5_s44,2875,5,1.42667,2.792,0.0,8.887308922858158e-05
text_text_ln_lrh0.001_frozen_e5_s44,2876,5,0.95723,2.3654,0.0,8.851759687166726e-05
text_text_ln_lrh0.001_frozen_e5_s44,2877,5,0.91999,3.3783,0.0,8.816210451475295e-05
text_text_ln_lrh0.001_frozen_e5_s44,2878,5,1.32488,3.9523,0.0,8.780661215783861e-05
text_text_ln_lrh0.001_frozen_e5_s44,2879,5,1.33978,3.1775,0.0,8.745111980092428e-05
text_text_ln_lrh0.001_frozen_e5_s44,2880,5,0.97718,2.3593,0.0,8.709562744400995e-05
text_text_ln_lrh0.001_frozen_e5_s44,2881,5,0.94857,2.8307,0.0,8.674013508709563e-05
text_text_ln_lrh0.001_frozen_e5_s44,2882,5,0.66546,2.2428,0.0,8.63846427301813e-05
text_text_ln_lrh0.001_frozen_e5_s44,2883,5,1.77805,3.9471,0.0,8.602915037326698e-05
text_text_ln_lrh0.001_frozen_e5_s44,2884,5,1.23275,1.8975,0.0,8.567365801635266e-05
text_text_ln_lrh0.001_frozen_e5_s44,2885,5,1.13523,2.3446,0.0,8.531816565943833e-05
text_text_ln_lrh0.001_frozen_e5_s44,2886,5,0.98522,2.6404,0.0,8.4962673302524e-05
text_text_ln_lrh0.001_frozen_e5_s44,2887,5,0.95924,3.4615,0.0,8.460718094560966e-05
text_text_ln_lrh0.001_frozen_e5_s44,2888,5,1.101,2.8513,0.0,8.425168858869534e-05
text_text_ln_lrh0.001_frozen_e5_s44,2889,5,0.83484,2.6545,0.0,8.389619623178103e-05
text_text_ln_lrh0.001_frozen_e5_s44,2890,5,1.25297,2.2998,0.0,8.35407038748667e-05
text_text_ln_lrh0.001_frozen_e5_s44,2891,5,1.53105,3.5925,0.0,8.318521151795237e-05
text_text_ln_lrh0.001_frozen_e5_s44,2892,5,1.03377,3.1678,0.0,8.282971916103804e-05
text_text_ln_lrh0.001_frozen_e5_s44,2893,5,0.99547,2.8271,0.0,8.247422680412371e-05
text_text_ln_lrh0.001_frozen_e5_s44,2894,5,1.0706,1.5718,0.0,8.211873444720938e-05
text_text_ln_lrh0.001_frozen_e5_s44,2895,5,0.99604,2.6931,0.0,8.176324209029506e-05
text_text_ln_lrh0.001_frozen_e5_s44,2896,5,0.96667,1.9117,0.0,8.140774973338074e-05
text_text_ln_lrh0.001_frozen_e5_s44,2897,5,0.96501,3.5161,0.0,8.105225737646641e-05
text_text_ln_lrh0.001_frozen_e5_s44,2898,5,1.11082,3.4872,0.0,8.069676501955209e-05
text_text_ln_lrh0.001_frozen_e5_s44,2899,5,0.81098,2.7991,0.0,8.034127266263776e-05
text_text_ln_lrh0.001_frozen_e5_s44,2900,5,1.16265,2.8894,0.0,7.998578030572342e-05
text_text_ln_lrh0.001_frozen_e5_s44,2901,5,1.3929,2.0974,0.0,7.963028794880909e-05
text_text_ln_lrh0.001_frozen_e5_s44,2902,5,1.10528,1.8592,0.0,7.927479559189477e-05
text_text_ln_lrh0.001_frozen_e5_s44,2903,5,0.94674,3.4467,0.0,7.891930323498045e-05
text_text_ln_lrh0.001_frozen_e5_s44,2904,5,1.28079,2.5125,0.0,7.856381087806612e-05
text_text_ln_lrh0.001_frozen_e5_s44,2905,5,0.81299,3.4745,0.0,7.82083185211518e-05
text_text_ln_lrh0.001_frozen_e5_s44,2906,5,0.78737,2.2941,0.0,7.785282616423747e-05
text_text_ln_lrh0.001_frozen_e5_s44,2907,5,1.17156,1.7569,0.0,7.749733380732314e-05
text_text_ln_lrh0.001_frozen_e5_s44,2908,5,1.0334,2.1825,0.0,7.714184145040881e-05
text_text_ln_lrh0.001_frozen_e5_s44,2909,5,1.23054,3.1635,0.0,7.67863490934945e-05
text_text_ln_lrh0.001_frozen_e5_s44,2910,5,0.9417,3.0103,0.0,7.643085673658017e-05
text_text_ln_lrh0.001_frozen_e5_s44,2911,5,1.04986,2.8266,0.0,7.607536437966584e-05
text_text_ln_lrh0.001_frozen_e5_s44,2912,5,1.1052,2.344,0.0,7.571987202275152e-05
text_text_ln_lrh0.001_frozen_e5_s44,2913,5,1.15908,4.2709,0.0,7.536437966583719e-05
text_text_ln_lrh0.001_frozen_e5_s44,2914,5,0.99007,2.6189,0.0,7.500888730892285e-05
text_text_ln_lrh0.001_frozen_e5_s44,2915,5,1.57862,3.6958,0.0,7.465339495200852e-05
text_text_ln_lrh0.001_frozen_e5_s44,2916,5,0.88933,2.1996,0.0,7.429790259509422e-05
text_text_ln_lrh0.001_frozen_e5_s44,2917,5,0.71402,2.9923,0.0,7.394241023817988e-05
text_text_ln_lrh0.001_frozen_e5_s44,2918,5,0.9505,1.9135,0.0,7.358691788126555e-05
text_text_ln_lrh0.001_frozen_e5_s44,2919,5,1.09934,1.8759,0.0,7.323142552435123e-05
text_text_ln_lrh0.001_frozen_e5_s44,2920,5,0.55866,2.7627,0.0,7.28759331674369e-05
text_text_ln_lrh0.001_frozen_e5_s44,2921,5,1.41821,3.616,0.0,7.252044081052257e-05
text_text_ln_lrh0.001_frozen_e5_s44,2922,5,1.38619,3.494,0.0,7.216494845360824e-05
text_text_ln_lrh0.001_frozen_e5_s44,2923,5,0.68406,2.4414,0.0,7.180945609669393e-05
text_text_ln_lrh0.001_frozen_e5_s44,2924,5,0.87878,4.0026,0.0,7.14539637397796e-05
text_text_ln_lrh0.001_frozen_e5_s44,2925,5,1.27656,3.4069,0.0,7.109847138286527e-05
text_text_ln_lrh0.001_frozen_e5_s44,2926,5,1.16734,4.1427,0.0,7.074297902595095e-05
text_text_ln_lrh0.001_frozen_e5_s44,2927,5,1.53894,3.0615,0.0,7.038748666903662e-05
text_text_ln_lrh0.001_frozen_e5_s44,2928,5,1.06643,2.1777,0.0,7.003199431212228e-05
text_text_ln_lrh0.001_frozen_e5_s44,2929,5,1.1194,4.2487,0.0,6.967650195520796e-05
text_text_ln_lrh0.001_frozen_e5_s44,2930,5,0.92049,2.0676,0.0,6.932100959829365e-05
text_text_ln_lrh0.001_frozen_e5_s44,2931,5,1.25592,2.939,0.0,6.896551724137931e-05
text_text_ln_lrh0.001_frozen_e5_s44,2932,5,1.46391,3.761,0.0,6.861002488446498e-05
text_text_ln_lrh0.001_frozen_e5_s44,2933,5,1.36582,3.9527,0.0,6.825453252755066e-05
text_text_ln_lrh0.001_frozen_e5_s44,2934,5,1.63799,5.1172,0.0,6.789904017063633e-05
text_text_ln_lrh0.001_frozen_e5_s44,2935,5,1.41779,2.6689,0.0,6.7543547813722e-05
text_text_ln_lrh0.001_frozen_e5_s44,2936,5,1.37239,3.8257,0.0,6.718805545680769e-05
text_text_ln_lrh0.001_frozen_e5_s44,2937,5,1.03853,2.8784,0.0,6.683256309989336e-05
text_text_ln_lrh0.001_frozen_e5_s44,2938,5,1.26349,2.4564,0.0,6.647707074297903e-05
text_text_ln_lrh0.001_frozen_e5_s44,2939,5,0.85517,3.5103,0.0,6.61215783860647e-05
text_text_ln_lrh0.001_frozen_e5_s44,2940,5,0.80988,2.5017,0.0,6.576608602915038e-05
text_text_ln_lrh0.001_frozen_e5_s44,2941,5,0.88055,2.153,0.0,6.541059367223604e-05
text_text_ln_lrh0.001_frozen_e5_s44,2942,5,1.86293,5.5575,0.0,6.505510131532171e-05
text_text_ln_lrh0.001_frozen_e5_s44,2943,5,1.26589,2.4673,0.0,6.469960895840741e-05
text_text_ln_lrh0.001_frozen_e5_s44,2944,5,1.07375,3.0938,0.0,6.434411660149307e-05
text_text_ln_lrh0.001_frozen_e5_s44,2945,5,0.69373,1.5168,0.0,6.398862424457874e-05
text_text_ln_lrh0.001_frozen_e5_s44,2946,5,1.21532,3.6202,0.0,6.363313188766441e-05
text_text_ln_lrh0.001_frozen_e5_s44,2947,5,0.96269,3.1249,0.0,6.327763953075009e-05
text_text_ln_lrh0.001_frozen_e5_s44,2948,5,1.10127,4.4222,0.0,6.292214717383576e-05
text_text_ln_lrh0.001_frozen_e5_s44,2949,5,1.0972,3.4297,0.0,6.256665481692144e-05
text_text_ln_lrh0.001_frozen_e5_s44,2950,5,0.64886,2.0929,0.0,6.221116246000711e-05
text_text_ln_lrh0.001_frozen_e5_s44,2951,5,1.05442,2.2243,0.0,6.185567010309279e-05
text_text_ln_lrh0.001_frozen_e5_s44,2952,5,1.78534,6.4585,0.0,6.150017774617846e-05
text_text_ln_lrh0.001_frozen_e5_s44,2953,5,1.1251,2.818,0.0,6.114468538926414e-05
text_text_ln_lrh0.001_frozen_e5_s44,2954,5,1.20064,3.6628,0.0,6.0789193032349806e-05
text_text_ln_lrh0.001_frozen_e5_s44,2955,5,0.82789,3.2304,0.0,6.043370067543548e-05
text_text_ln_lrh0.001_frozen_e5_s44,2956,5,1.01381,3.4446,0.0,6.0078208318521155e-05
text_text_ln_lrh0.001_frozen_e5_s44,2957,5,1.23189,2.7083,0.0,5.972271596160682e-05
text_text_ln_lrh0.001_frozen_e5_s44,2958,5,1.10507,2.4436,0.0,5.9367223604692504e-05
text_text_ln_lrh0.001_frozen_e5_s44,2959,5,1.51148,6.2365,0.0,5.901173124777817e-05
text_text_ln_lrh0.001_frozen_e5_s44,2960,5,1.12153,2.4497,0.0,5.8656238890863846e-05
text_text_ln_lrh0.001_frozen_e5_s44,2961,5,1.01823,1.8685,0.0,5.830074653394952e-05
text_text_ln_lrh0.001_frozen_e5_s44,2962,5,0.9388,2.7024,0.0,5.7945254177035195e-05
text_text_ln_lrh0.001_frozen_e5_s44,2963,5,1.47354,4.2018,0.0,5.758976182012087e-05
text_text_ln_lrh0.001_frozen_e5_s44,2964,5,1.12177,2.8197,0.0,5.7234269463206544e-05
text_text_ln_lrh0.001_frozen_e5_s44,2965,5,1.11775,2.3501,0.0,5.687877710629222e-05
text_text_ln_lrh0.001_frozen_e5_s44,2966,5,0.94918,2.8067,0.0,5.6523284749377886e-05
text_text_ln_lrh0.001_frozen_e5_s44,2967,5,1.2254,4.8711,0.0,5.616779239246356e-05
text_text_ln_lrh0.001_frozen_e5_s44,2968,5,1.41346,1.9184,0.0,5.5812300035549235e-05
text_text_ln_lrh0.001_frozen_e5_s44,2969,5,1.1705,2.0414,0.0,5.545680767863491e-05
text_text_ln_lrh0.001_frozen_e5_s44,2970,5,0.84317,2.2605,0.0,5.5101315321720584e-05
text_text_ln_lrh0.001_frozen_e5_s44,2971,5,1.6422,3.6645,0.0,5.474582296480626e-05
text_text_ln_lrh0.001_frozen_e5_s44,2972,5,1.11114,2.4267,0.0,5.439033060789193e-05
text_text_ln_lrh0.001_frozen_e5_s44,2973,5,1.17862,2.6791,0.0,5.40348382509776e-05
text_text_ln_lrh0.001_frozen_e5_s44,2974,5,1.00993,2.0708,0.0,5.367934589406328e-05
text_text_ln_lrh0.001_frozen_e5_s44,2975,5,0.91135,2.6166,0.0,5.3323853537148956e-05
text_text_ln_lrh0.001_frozen_e5_s44,2976,5,1.30254,2.2382,0.0,5.2968361180234624e-05
text_text_ln_lrh0.001_frozen_e5_s44,2977,5,1.17791,1.8995,0.0,5.26128688233203e-05
text_text_ln_lrh0.001_frozen_e5_s44,2978,5,1.56686,3.9678,0.0,5.225737646640597e-05
text_text_ln_lrh0.001_frozen_e5_s44,2979,5,1.2624,3.0311,0.0,5.190188410949165e-05
text_text_ln_lrh0.001_frozen_e5_s44,2980,5,1.40843,4.3665,0.0,5.1546391752577315e-05
text_text_ln_lrh0.001_frozen_e5_s44,2981,5,0.87741,2.4633,0.0,5.1190899395662997e-05
text_text_ln_lrh0.001_frozen_e5_s44,2982,5,1.23677,2.7119,0.0,5.083540703874867e-05
text_text_ln_lrh0.001_frozen_e5_s44,2983,5,1.28973,4.9925,0.0,5.047991468183434e-05
text_text_ln_lrh0.001_frozen_e5_s44,2984,5,1.16004,4.4138,0.0,5.012442232492002e-05
text_text_ln_lrh0.001_frozen_e5_s44,2985,5,1.30308,2.3645,0.0,4.976892996800569e-05
text_text_ln_lrh0.001_frozen_e5_s44,2986,5,0.88631,3.4698,0.0,4.941343761109136e-05
text_text_ln_lrh0.001_frozen_e5_s44,2987,5,0.89757,2.1032,0.0,4.905794525417703e-05
text_text_ln_lrh0.001_frozen_e5_s44,2988,5,0.87176,1.7722,0.0,4.870245289726271e-05
text_text_ln_lrh0.001_frozen_e5_s44,2989,5,0.84247,1.773,0.0,4.8346960540348386e-05
text_text_ln_lrh0.001_frozen_e5_s44,2990,5,0.90046,3.1778,0.0,4.7991468183434053e-05
text_text_ln_lrh0.001_frozen_e5_s44,2991,5,1.05799,3.2093,0.0,4.7635975826519735e-05
text_text_ln_lrh0.001_frozen_e5_s44,2992,5,0.94674,2.3109,0.0,4.72804834696054e-05
text_text_ln_lrh0.001_frozen_e5_s44,2993,5,1.49191,4.8086,0.0,4.692499111269108e-05
text_text_ln_lrh0.001_frozen_e5_s44,2994,5,0.94948,2.6673,0.0,4.656949875577675e-05
text_text_ln_lrh0.001_frozen_e5_s44,2995,5,0.59692,2.101,0.0,4.6214006398862426e-05
text_text_ln_lrh0.001_frozen_e5_s44,2996,5,1.00025,1.7987,0.0,4.58585140419481e-05
text_text_ln_lrh0.001_frozen_e5_s44,2997,5,1.00264,2.0366,0.0,4.550302168503377e-05
text_text_ln_lrh0.001_frozen_e5_s44,2998,5,0.88169,1.801,0.0,4.514752932811945e-05
text_text_ln_lrh0.001_frozen_e5_s44,2999,5,1.02067,2.9817,0.0,4.479203697120512e-05
text_text_ln_lrh0.001_frozen_e5_s44,3000,5,1.51351,3.912,0.0,4.443654461429079e-05
text_text_ln_lrh0.001_frozen_e5_s44,3001,5,1.10776,3.6818,0.0,4.408105225737647e-05
text_text_ln_lrh0.001_frozen_e5_s44,3002,5,1.13301,2.1747,0.0,4.372555990046214e-05
text_text_ln_lrh0.001_frozen_e5_s44,3003,5,1.49536,3.7107,0.0,4.3370067543547815e-05
text_text_ln_lrh0.001_frozen_e5_s44,3004,5,0.98557,1.9157,0.0,4.301457518663349e-05
text_text_ln_lrh0.001_frozen_e5_s44,3005,5,1.83851,4.8828,0.0,4.2659082829719164e-05
text_text_ln_lrh0.001_frozen_e5_s44,3006,5,1.10094,4.7229,0.0,4.230359047280483e-05
text_text_ln_lrh0.001_frozen_e5_s44,3007,5,1.09317,2.8703,0.0,4.194809811589051e-05
text_text_ln_lrh0.001_frozen_e5_s44,3008,5,1.3774,2.3551,0.0,4.159260575897619e-05
text_text_ln_lrh0.001_frozen_e5_s44,3009,5,1.18437,3.2608,0.0,4.1237113402061855e-05
text_text_ln_lrh0.001_frozen_e5_s44,3010,5,1.35304,4.2008,0.0,4.088162104514753e-05
text_text_ln_lrh0.001_frozen_e5_s44,3011,5,1.06384,1.9393,0.0,4.0526128688233204e-05
text_text_ln_lrh0.001_frozen_e5_s44,3012,5,0.62568,3.1324,0.0,4.017063633131888e-05
text_text_ln_lrh0.001_frozen_e5_s44,3013,5,1.13276,1.8559,0.0,3.9815143974404546e-05
text_text_ln_lrh0.001_frozen_e5_s44,3014,5,1.38377,4.6197,0.0,3.945965161749023e-05
text_text_ln_lrh0.001_frozen_e5_s44,3015,5,1.04548,3.2368,0.0,3.91041592605759e-05
text_text_ln_lrh0.001_frozen_e5_s44,3016,5,0.93115,1.9299,0.0,3.874866690366157e-05
text_text_ln_lrh0.001_frozen_e5_s44,3017,5,0.85903,2.1896,0.0,3.839317454674725e-05
text_text_ln_lrh0.001_frozen_e5_s44,3018,5,1.66792,4.3965,0.0,3.803768218983292e-05
text_text_ln_lrh0.001_frozen_e5_s44,3019,5,0.69548,1.9293,0.0,3.768218983291859e-05
text_text_ln_lrh0.001_frozen_e5_s44,3020,5,0.83148,3.4041,0.0,3.732669747600426e-05
text_text_ln_lrh0.001_frozen_e5_s44,3021,5,1.36481,3.9975,0.0,3.697120511908994e-05
text_text_ln_lrh0.001_frozen_e5_s44,3022,5,0.99901,3.7868,0.0,3.6615712762175616e-05
text_text_ln_lrh0.001_frozen_e5_s44,3023,5,0.81443,2.5229,0.0,3.6260220405261284e-05
text_text_ln_lrh0.001_frozen_e5_s44,3024,5,1.00768,1.8936,0.0,3.5904728048346965e-05
text_text_ln_lrh0.001_frozen_e5_s44,3025,5,1.15251,4.7203,0.0,3.554923569143263e-05
text_text_ln_lrh0.001_frozen_e5_s44,3026,5,1.41617,2.4773,0.0,3.519374333451831e-05
text_text_ln_lrh0.001_frozen_e5_s44,3027,5,1.40883,4.0535,0.0,3.483825097760398e-05
text_text_ln_lrh0.001_frozen_e5_s44,3028,5,0.70844,2.33,0.0,3.4482758620689657e-05
text_text_ln_lrh0.001_frozen_e5_s44,3029,5,1.52944,3.5646,0.0,3.412726626377533e-05
text_text_ln_lrh0.001_frozen_e5_s44,3030,5,0.89622,2.01,0.0,3.3771773906861e-05
text_text_ln_lrh0.001_frozen_e5_s44,3031,5,1.09352,3.0528,0.0,3.341628154994668e-05
text_text_ln_lrh0.001_frozen_e5_s44,3032,5,1.36309,3.4284,0.0,3.306078919303235e-05
text_text_ln_lrh0.001_frozen_e5_s44,3033,5,0.52176,3.84,0.0,3.270529683611802e-05
text_text_ln_lrh0.001_frozen_e5_s44,3034,5,1.15559,2.8757,0.0,3.2349804479203703e-05
text_text_ln_lrh0.001_frozen_e5_s44,3035,5,1.70679,6.0492,0.0,3.199431212228937e-05
text_text_ln_lrh0.001_frozen_e5_s44,3036,5,1.36592,3.0787,0.0,3.1638819765375046e-05
text_text_ln_lrh0.001_frozen_e5_s44,3037,5,1.2496,3.9408,0.0,3.128332740846072e-05
text_text_ln_lrh0.001_frozen_e5_s44,3038,5,0.87205,2.0281,0.0,3.0927835051546395e-05
text_text_ln_lrh0.001_frozen_e5_s44,3039,5,0.82925,1.839,0.0,3.057234269463207e-05
text_text_ln_lrh0.001_frozen_e5_s44,3040,5,1.1865,2.7745,0.0,3.021685033771774e-05
text_text_ln_lrh0.001_frozen_e5_s44,3041,5,0.94966,3.4771,0.0,2.986135798080341e-05
text_text_ln_lrh0.001_frozen_e5_s44,3042,5,0.94687,2.0797,0.0,2.9505865623889086e-05
text_text_ln_lrh0.001_frozen_e5_s44,3043,5,0.89926,1.8164,0.0,2.915037326697476e-05
text_text_ln_lrh0.001_frozen_e5_s44,3044,5,0.85132,2.1988,0.0,2.8794880910060435e-05
text_text_ln_lrh0.001_frozen_e5_s44,3045,5,1.27815,1.8635,0.0,2.843938855314611e-05
text_text_ln_lrh0.001_frozen_e5_s44,3046,5,1.58561,5.199,0.0,2.808389619623178e-05
text_text_ln_lrh0.001_frozen_e5_s44,3047,5,0.97189,2.7665,0.0,2.7728403839317455e-05
text_text_ln_lrh0.001_frozen_e5_s44,3048,5,1.12485,2.737,0.0,2.737291148240313e-05
text_text_ln_lrh0.001_frozen_e5_s44,3049,5,1.54117,2.0284,0.0,2.70174191254888e-05
text_text_ln_lrh0.001_frozen_e5_s44,3050,5,1.1877,2.4833,0.0,2.6661926768574478e-05
text_text_ln_lrh0.001_frozen_e5_s44,3051,5,0.72093,2.4099,0.0,2.630643441166015e-05
text_text_ln_lrh0.001_frozen_e5_s44,3052,5,1.04005,1.8861,0.0,2.5950942054745824e-05
text_text_ln_lrh0.001_frozen_e5_s44,3053,5,1.56943,3.5496,0.0,2.5595449697831498e-05
text_text_ln_lrh0.001_frozen_e5_s44,3054,5,0.80552,1.8561,0.0,2.523995734091717e-05
text_text_ln_lrh0.001_frozen_e5_s44,3055,5,0.9616,3.3943,0.0,2.4884464984002844e-05
text_text_ln_lrh0.001_frozen_e5_s44,3056,5,1.07981,3.2218,0.0,2.4528972627088515e-05
text_text_ln_lrh0.001_frozen_e5_s44,3057,5,0.93399,2.7604,0.0,2.4173480270174193e-05
text_text_ln_lrh0.001_frozen_e5_s44,3058,5,0.79763,3.8278,0.0,2.3817987913259867e-05
text_text_ln_lrh0.001_frozen_e5_s44,3059,5,1.13477,2.7002,0.0,2.346249555634554e-05
text_text_ln_lrh0.001_frozen_e5_s44,3060,5,1.40259,3.0642,0.0,2.3107003199431213e-05
text_text_ln_lrh0.001_frozen_e5_s44,3061,5,0.93444,2.1119,0.0,2.2751510842516884e-05
text_text_ln_lrh0.001_frozen_e5_s44,3062,5,0.90163,3.6266,0.0,2.239601848560256e-05
text_text_ln_lrh0.001_frozen_e5_s44,3063,5,1.1525,3.2284,0.0,2.2040526128688236e-05
text_text_ln_lrh0.001_frozen_e5_s44,3064,5,0.85915,3.8787,0.0,2.1685033771773907e-05
text_text_ln_lrh0.001_frozen_e5_s44,3065,5,1.40258,3.7493,0.0,2.1329541414859582e-05
text_text_ln_lrh0.001_frozen_e5_s44,3066,5,1.03423,1.9078,0.0,2.0974049057945256e-05
text_text_ln_lrh0.001_frozen_e5_s44,3067,5,0.92238,2.8345,0.0,2.0618556701030927e-05
text_text_ln_lrh0.001_frozen_e5_s44,3068,5,1.31039,2.995,0.0,2.0263064344116602e-05
text_text_ln_lrh0.001_frozen_e5_s44,3069,5,1.24615,4.0577,0.0,1.9907571987202273e-05
text_text_ln_lrh0.001_frozen_e5_s44,3070,5,0.85377,3.1218,0.0,1.955207963028795e-05
text_text_ln_lrh0.001_frozen_e5_s44,3071,5,0.76182,2.4233,0.0,1.9196587273373625e-05
text_text_ln_lrh0.001_frozen_e5_s44,3072,5,1.1045,3.4371,0.0,1.8841094916459297e-05
text_text_ln_lrh0.001_frozen_e5_s44,3073,5,0.89205,3.8249,0.0,1.848560255954497e-05
text_text_ln_lrh0.001_frozen_e5_s44,3074,5,0.87165,2.7372,0.0,1.8130110202630642e-05
text_text_ln_lrh0.001_frozen_e5_s44,3075,5,1.14521,3.2105,0.0,1.7774617845716317e-05
text_text_ln_lrh0.001_frozen_e5_s44,3076,5,1.44078,2.0598,0.0,1.741912548880199e-05
text_text_ln_lrh0.001_frozen_e5_s44,3077,5,0.84504,2.2907,0.0,1.7063633131887666e-05
text_text_ln_lrh0.001_frozen_e5_s44,3078,5,0.92985,2.3746,0.0,1.670814077497334e-05
text_text_ln_lrh0.001_frozen_e5_s44,3079,5,0.96342,1.5399,0.0,1.635264841805901e-05
text_text_ln_lrh0.001_frozen_e5_s44,3080,5,1.37307,4.4305,0.0,1.5997156061144686e-05
text_text_ln_lrh0.001_frozen_e5_s44,3081,5,0.97862,1.5051,0.0,1.564166370423036e-05
text_text_ln_lrh0.001_frozen_e5_s44,3082,5,1.11806,2.5299,0.0,1.5286171347316035e-05
text_text_ln_lrh0.001_frozen_e5_s44,3083,5,0.95611,3.4842,0.0,1.4930678990401706e-05
text_text_ln_lrh0.001_frozen_e5_s44,3084,5,0.56385,2.949,0.0,1.457518663348738e-05
text_text_ln_lrh0.001_frozen_e5_s44,3085,5,0.89769,2.349,0.0,1.4219694276573055e-05
text_text_ln_lrh0.001_frozen_e5_s44,3086,5,1.51282,7.0006,0.0,1.3864201919658727e-05
text_text_ln_lrh0.001_frozen_e5_s44,3087,5,0.54744,1.567,0.0,1.35087095627444e-05
text_text_ln_lrh0.001_frozen_e5_s44,3088,5,1.3623,2.4335,0.0,1.3153217205830075e-05
text_text_ln_lrh0.001_frozen_e5_s44,3089,5,0.92829,2.1044,0.0,1.2797724848915749e-05
text_text_ln_lrh0.001_frozen_e5_s44,3090,5,1.19959,3.0974,0.0,1.2442232492001422e-05
text_text_ln_lrh0.001_frozen_e5_s44,3091,5,1.56998,4.7824,0.0,1.2086740135087096e-05
text_text_ln_lrh0.001_frozen_e5_s44,3092,5,0.87568,2.7377,0.0,1.173124777817277e-05
text_text_ln_lrh0.001_frozen_e5_s44,3093,5,1.31335,3.6922,0.0,1.1375755421258442e-05
text_text_ln_lrh0.001_frozen_e5_s44,3094,5,0.90589,2.0744,0.0,1.1020263064344118e-05
text_text_ln_lrh0.001_frozen_e5_s44,3095,5,1.54472,1.7932,0.0,1.0664770707429791e-05
text_text_ln_lrh0.001_frozen_e5_s44,3096,5,0.84947,2.4834,0.0,1.0309278350515464e-05
text_text_ln_lrh0.001_frozen_e5_s44,3097,5,1.03627,2.1971,0.0,9.953785993601137e-06
text_text_ln_lrh0.001_frozen_e5_s44,3098,5,0.68313,2.9811,0.0,9.598293636686813e-06
text_text_ln_lrh0.001_frozen_e5_s44,3099,5,1.06602,1.9629,0.0,9.242801279772485e-06
text_text_ln_lrh0.001_frozen_e5_s44,3100,5,1.02649,2.4064,0.0,8.887308922858158e-06
text_text_ln_lrh0.001_frozen_e5_s44,3101,5,1.14319,2.669,0.0,8.531816565943833e-06
text_text_ln_lrh0.001_frozen_e5_s44,3102,5,0.77662,1.7346,0.0,8.176324209029506e-06
text_text_ln_lrh0.001_frozen_e5_s44,3103,5,0.66109,2.3724,0.0,7.82083185211518e-06
text_text_ln_lrh0.001_frozen_e5_s44,3104,5,0.81689,1.9022,0.0,7.465339495200853e-06
text_text_ln_lrh0.001_frozen_e5_s44,3105,5,0.73836,2.8521,0.0,7.109847138286527e-06
text_text_ln_lrh0.001_frozen_e5_s44,3106,5,1.22531,2.6864,0.0,6.7543547813722e-06
text_text_ln_lrh0.001_frozen_e5_s44,3107,5,1.52909,4.4234,0.0,6.3988624244578746e-06
text_text_ln_lrh0.001_frozen_e5_s44,3108,5,1.13695,4.2874,0.0,6.043370067543548e-06
text_text_ln_lrh0.001_frozen_e5_s44,3109,5,0.8419,2.8773,0.0,5.687877710629221e-06
text_text_ln_lrh0.001_frozen_e5_s44,3110,5,0.78465,2.1941,0.0,5.3323853537148955e-06
text_text_ln_lrh0.001_frozen_e5_s44,3111,5,1.64711,2.8049,0.0,4.976892996800568e-06
text_text_ln_lrh0.001_frozen_e5_s44,3112,5,1.03215,3.2709,0.0,4.621400639886243e-06
text_text_ln_lrh0.001_frozen_e5_s44,3113,5,1.02284,2.9395,0.0,4.265908282971916e-06
text_text_ln_lrh0.001_frozen_e5_s44,3114,5,1.4944,3.9867,0.0,3.91041592605759e-06
text_text_ln_lrh0.001_frozen_e5_s44,3115,5,1.09014,3.6834,0.0,3.5549235691432637e-06
text_text_ln_lrh0.001_frozen_e5_s44,3116,5,1.68188,3.8771,0.0,3.1994312122289373e-06
text_text_ln_lrh0.001_frozen_e5_s44,3117,5,1.49978,4.0687,0.0,2.8439388553146105e-06
text_text_ln_lrh0.001_frozen_e5_s44,3118,5,0.94472,2.7872,0.0,2.488446498400284e-06
text_text_ln_lrh0.001_frozen_e5_s44,3119,5,0.6368,1.7421,0.0,2.132954141485958e-06
text_text_ln_lrh0.001_frozen_e5_s44,3120,5,1.44391,2.8899,0.0,1.7774617845716318e-06
text_text_ln_lrh0.001_frozen_e5_s44,3121,5,0.71792,3.1421,0.0,1.4219694276573052e-06
text_text_ln_lrh0.001_frozen_e5_s44,3122,5,1.24807,2.9858,0.0,1.066477070742979e-06
text_text_ln_lrh0.001_frozen_e5_s44,3123,5,1.07206,2.027,0.0,7.109847138286526e-07
text_text_ln_lrh0.001_frozen_e5_s44,3124,5,0.87778,2.575,0.0,3.554923569143263e-07
text_text_ln_lrh0.001_frozen_e5_s44,3125,5,0.4909,5.1877,0.0,0.0
