run,step,epoch,loss,grad_norm,lr_text,lr_head
text+audio_text_ln_lrh0.001_frozen_e5_s42,1,1,1.87569,9.1298,0.0,3.205128205128205e-06
text+audio_text_ln_lrh0.001_frozen_e5_s42,2,1,1.89782,5.0065,0.0,6.41025641025641e-06
text+audio_text_ln_lrh0.001_frozen_e5_s42,3,1,1.91957,8.0829,0.0,9.615384615384616e-06
text+audio_text_ln_lrh0.001_frozen_e5_s42,4,1,1.9053,4.6802,0.0,1.282051282051282e-05
text+audio_text_ln_lrh0.001_frozen_e5_s42,5,1,1.88941,4.5657,0.0,1.6025641025641026e-05
text+audio_text_ln_lrh0.001_frozen_e5_s42,6,1,1.93991,9.1335,0.0,1.923076923076923e-05
text+audio_text_ln_lrh0.001_frozen_e5_s42,7,1,1.83824,8.1991,0.0,2.2435897435897437e-05
text+audio_text_ln_lrh0.001_frozen_e5_s42,8,1,1.91508,7.1396,0.0,2.564102564102564e-05
text+audio_text_ln_lrh0.001_frozen_e5_s42,9,1,1.86448,5.885,0.0,2.884615384615385e-05
text+audio_text_ln_lrh0.001_frozen_e5_s42,10,1,1.85024,4.881,0.0,3.205128205128205e-05
text+audio_text_ln_lrh0.001_frozen_e5_s42,11,1,1.864,4.6606,0.0,3.5256410256410254e-05
text+audio_text_ln_lrh0.001_frozen_e5_s42,12,1,1.82416,9.3829,0.0,3.846153846153846e-05
text+audio_text_ln_lrh0.001_frozen_e5_s42,13,1,1.8933,4.954,0.0,4.1666666666666665e-05
text+audio_text_ln_lrh0.001_frozen_e5_s42,14,1,1.81449,3.9869,0.0,4.4871794871794874e-05
text+audio_text_ln_lrh0.001_frozen_e5_s42,15,1,1.75652,5.6468,0.0,4.8076923076923084e-05
text+audio_text_ln_lrh0.001_frozen_e5_s42,16,1,1.75337,7.2181,0.0,5.128205128205128e-05
text+audio_text_ln_lrh0.001_frozen_e5_s42,17,1,1.81649,4.8793,0.0,5.448717948717949e-05
text+audio_text_ln_lrh0.001_frozen_e5_s42,18,1,1.80166,4.9025,0.0,5.76923076923077e-05
text+audio_text_ln_lrh0.001_frozen_e5_s42,19,1,1.74954,5.1504,0.0,6.08974358974359e-05
text+audio_text_ln_lrh0.001_frozen_e5_s42,20,1,1.77057,5.6306,0.0,6.41025641025641e-05
text+audio_text_ln_lrh0.001_frozen_e5_s42,21,1,1.67507,4.4941,0.0,6.73076923076923e-05
text+audio_text_ln_lrh0.001_frozen_e5_s42,22,1,1.74753,4.3288,0.0,7.051282051282051e-05
text+audio_text_ln_lrh0.001_frozen_e5_s42,23,1,1.72578,3.9074,0.0,7.371794871794872e-05
text+audio_text_ln_lrh0.001_frozen_e5_s42,24,1,1.55973,6.0489,0.0,7.692307692307693e-05
text+audio_text_ln_lrh0.001_frozen_e5_s42,25,1,1.7066,4.1214,0.0,8.012820512820514e-05
text+audio_text_ln_lrh0.001_frozen_e5_s42,26,1,1.57227,4.7092,0.0,8.333333333333333e-05
text+audio_text_ln_lrh0.001_frozen_e5_s42,27,1,1.55095,4.6503,0.0,8.653846153846153e-05
text+audio_text_ln_lrh0.001_frozen_e5_s42,28,1,1.74865,3.8181,0.0,8.974358974358975e-05
text+audio_text_ln_lrh0.001_frozen_e5_s42,29,1,1.69007,2.8345,0.0,9.294871794871795e-05
text+audio_text_ln_lrh0.001_frozen_e5_s42,30,1,1.67428,2.86,0.0,9.615384615384617e-05
text+audio_text_ln_lrh0.001_frozen_e5_s42,31,1,1.86762,3.6271,0.0,9.935897435897436e-05
text+audio_text_ln_lrh0.001_frozen_e5_s42,32,1,1.6512,3.5597,0.0,0.00010256410256410256
text+audio_text_ln_lrh0.001_frozen_e5_s42,33,1,1.24369,5.0421,0.0,0.00010576923076923077
text+audio_text_ln_lrh0.001_frozen_e5_s42,34,1,1.51168,3.558,0.0,0.00010897435897435898
text+audio_text_ln_lrh0.001_frozen_e5_s42,35,1,1.38647,3.902,0.0,0.00011217948717948718
text+audio_text_ln_lrh0.001_frozen_e5_s42,36,1,1.73379,4.233,0.0,0.0001153846153846154
text+audio_text_ln_lrh0.001_frozen_e5_s42,37,1,1.65331,3.9103,0.0,0.00011858974358974358
text+audio_text_ln_lrh0.001_frozen_e5_s42,38,1,1.96312,6.8474,0.0,0.0001217948717948718
text+audio_text_ln_lrh0.001_frozen_e5_s42,39,1,1.22924,3.6699,0.0,0.000125
text+audio_text_ln_lrh0.001_frozen_e5_s42,40,1,1.46967,4.1352,0.0,0.0001282051282051282
text+audio_text_ln_lrh0.001_frozen_e5_s42,41,1,1.64651,3.5281,0.0,0.0001314102564102564
text+audio_text_ln_lrh0.001_frozen_e5_s42,42,1,1.30503,2.8773,0.0,0.0001346153846153846
text+audio_text_ln_lrh0.001_frozen_e5_s42,43,1,1.34941,3.7123,0.0,0.00013782051282051284
text+audio_text_ln_lrh0.001_frozen_e5_s42,44,1,1.2245,3.8055,0.0,0.00014102564102564101
text+audio_text_ln_lrh0.001_frozen_e5_s42,45,1,1.30647,3.1553,0.0,0.00014423076923076922
text+audio_text_ln_lrh0.001_frozen_e5_s42,46,1,1.8745,5.6833,0.0,0.00014743589743589745
text+audio_text_ln_lrh0.001_frozen_e5_s42,47,1,1.76319,5.1479,0.0,0.00015064102564102565
text+audio_text_ln_lrh0.001_frozen_e5_s42,48,1,1.64065,4.3517,0.0,0.00015384615384615385
text+audio_text_ln_lrh0.001_frozen_e5_s42,49,1,0.9946,4.6236,0.0,0.00015705128205128205
text+audio_text_ln_lrh0.001_frozen_e5_s42,50,1,1.60826,3.2064,0.0,0.00016025641025641028
text+audio_text_ln_lrh0.001_frozen_e5_s42,51,1,1.73987,4.2772,0.0,0.00016346153846153846
text+audio_text_ln_lrh0.001_frozen_e5_s42,52,1,2.04161,7.9947,0.0,0.00016666666666666666
text+audio_text_ln_lrh0.001_frozen_e5_s42,53,1,2.10384,7.0534,0.0,0.0001698717948717949
text+audio_text_ln_lrh0.001_frozen_e5_s42,54,1,1.43056,3.5958,0.0,0.00017307692307692307
text+audio_text_ln_lrh0.001_frozen_e5_s42,55,1,1.55877,3.4134,0.0,0.0001762820512820513
text+audio_text_ln_lrh0.001_frozen_e5_s42,56,1,1.57616,3.4801,0.0,0.0001794871794871795
text+audio_text_ln_lrh0.001_frozen_e5_s42,57,1,1.71216,3.2284,0.0,0.00018269230769230767
text+audio_text_ln_lrh0.001_frozen_e5_s42,58,1,1.54645,4.3622,0.0,0.0001858974358974359
text+audio_text_ln_lrh0.001_frozen_e5_s42,59,1,1.44927,3.5476,0.0,0.0001891025641025641
text+audio_text_ln_lrh0.001_frozen_e5_s42,60,1,1.90118,5.7688,0.0,0.00019230769230769233
text+audio_text_ln_lrh0.001_frozen_e5_s42,61,1,1.38574,2.5689,0.0,0.0001955128205128205
text+audio_text_ln_lrh0.001_frozen_e5_s42,62,1,1.56585,3.9479,0.0,0.0001987179487179487
text+audio_text_ln_lrh0.001_frozen_e5_s42,63,1,1.25988,4.6963,0.0,0.00020192307692307694
text+audio_text_ln_lrh0.001_frozen_e5_s42,64,1,1.55643,4.6279,0.0,0.00020512820512820512
text+audio_text_ln_lrh0.001_frozen_e5_s42,65,1,1.68673,5.4592,0.0,0.00020833333333333335
text+audio_text_ln_lrh0.001_frozen_e5_s42,66,1,1.66117,3.6058,0.0,0.00021153846153846155
text+audio_text_ln_lrh0.001_frozen_e5_s42,67,1,1.57112,4.4752,0.0,0.00021474358974358972
text+audio_text_ln_lrh0.001_frozen_e5_s42,68,1,1.75398,3.0291,0.0,0.00021794871794871795
text+audio_text_ln_lrh0.001_frozen_e5_s42,69,1,1.80345,5.1083,0.0,0.00022115384615384616
text+audio_text_ln_lrh0.001_frozen_e5_s42,70,1,1.66202,3.538,0.0,0.00022435897435897436
text+audio_text_ln_lrh0.001_frozen_e5_s42,71,1,1.68506,2.9944,0.0,0.00022756410256410256
text+audio_text_ln_lrh0.001_frozen_e5_s42,72,1,1.27027,4.3201,0.0,0.0002307692307692308
text+audio_text_ln_lrh0.001_frozen_e5_s42,73,1,1.75558,6.8697,0.0,0.000233974358974359
text+audio_text_ln_lrh0.001_frozen_e5_s42,74,1,1.57538,3.6974,0.0,0.00023717948717948717
text+audio_text_ln_lrh0.001_frozen_e5_s42,75,1,1.15039,6.0676,0.0,0.0002403846153846154
text+audio_text_ln_lrh0.001_frozen_e5_s42,76,1,1.56416,4.0531,0.0,0.0002435897435897436
text+audio_text_ln_lrh0.001_frozen_e5_s42,77,1,1.3249,3.2483,0.0,0.0002467948717948718
text+audio_text_ln_lrh0.001_frozen_e5_s42,78,1,1.43319,2.9366,0.0,0.00025
text+audio_text_ln_lrh0.001_frozen_e5_s42,79,1,1.50984,3.1216,0.0,0.0002532051282051282
text+audio_text_ln_lrh0.001_frozen_e5_s42,80,1,2.02849,5.3632,0.0,0.0002564102564102564
text+audio_text_ln_lrh0.001_frozen_e5_s42,81,1,1.38025,3.8433,0.0,0.00025961538461538467
text+audio_text_ln_lrh0.001_frozen_e5_s42,82,1,1.55728,3.1634,0.0,0.0002628205128205128
text+audio_text_ln_lrh0.001_frozen_e5_s42,83,1,1.67947,4.4078,0.0,0.000266025641025641
text+audio_text_ln_lrh0.001_frozen_e5_s42,84,1,1.53469,3.0456,0.0,0.0002692307692307692
text+audio_text_ln_lrh0.001_frozen_e5_s42,85,1,1.62563,3.5099,0.0,0.0002724358974358974
text+audio_text_ln_lrh0.001_frozen_e5_s42,86,1,1.60663,3.8241,0.0,0.0002756410256410257
text+audio_text_ln_lrh0.001_frozen_e5_s42,87,1,1.49985,3.2128,0.0,0.0002788461538461539
text+audio_text_ln_lrh0.001_frozen_e5_s42,88,1,1.31266,3.0615,0.0,0.00028205128205128203
text+audio_text_ln_lrh0.001_frozen_e5_s42,89,1,1.86627,4.8226,0.0,0.00028525641025641023
text+audio_text_ln_lrh0.001_frozen_e5_s42,90,1,1.87147,7.2573,0.0,0.00028846153846153843
text+audio_text_ln_lrh0.001_frozen_e5_s42,91,1,1.533,3.4411,0.0,0.0002916666666666667
text+audio_text_ln_lrh0.001_frozen_e5_s42,92,1,1.4164,2.695,0.0,0.0002948717948717949
text+audio_text_ln_lrh0.001_frozen_e5_s42,93,1,1.44627,5.5074,0.0,0.0002980769230769231
text+audio_text_ln_lrh0.001_frozen_e5_s42,94,1,1.25931,2.6118,0.0,0.0003012820512820513
text+audio_text_ln_lrh0.001_frozen_e5_s42,95,1,1.15994,3.7071,0.0,0.00030448717948717945
text+audio_text_ln_lrh0.001_frozen_e5_s42,96,1,1.42168,3.2716,0.0,0.0003076923076923077
text+audio_text_ln_lrh0.001_frozen_e5_s42,97,1,1.40993,3.7656,0.0,0.0003108974358974359
text+audio_text_ln_lrh0.001_frozen_e5_s42,98,1,1.73061,4.2289,0.0,0.0003141025641025641
text+audio_text_ln_lrh0.001_frozen_e5_s42,99,1,1.6895,4.9645,0.0,0.0003173076923076923
text+audio_text_ln_lrh0.001_frozen_e5_s42,100,1,1.36602,2.6057,0.0,0.00032051282051282057
text+audio_text_ln_lrh0.001_frozen_e5_s42,101,1,1.54433,3.9166,0.0,0.0003237179487179487
text+audio_text_ln_lrh0.001_frozen_e5_s42,102,1,1.73361,3.5634,0.0,0.0003269230769230769
text+audio_text_ln_lrh0.001_frozen_e5_s42,103,1,1.67033,6.6075,0.0,0.0003301282051282051
text+audio_text_ln_lrh0.001_frozen_e5_s42,104,1,1.66324,4.3594,0.0,0.0003333333333333333
text+audio_text_ln_lrh0.001_frozen_e5_s42,105,1,1.3249,3.4679,0.0,0.0003365384615384616
text+audio_text_ln_lrh0.001_frozen_e5_s42,106,1,1.61207,3.9198,0.0,0.0003397435897435898
text+audio_text_ln_lrh0.001_frozen_e5_s42,107,1,1.5932,4.1359,0.0,0.000342948717948718
text+audio_text_ln_lrh0.001_frozen_e5_s42,108,1,1.18166,4.4237,0.0,0.00034615384615384613
text+audio_text_ln_lrh0.001_frozen_e5_s42,109,1,1.30801,3.2516,0.0,0.00034935897435897433
text+audio_text_ln_lrh0.001_frozen_e5_s42,110,1,1.50689,3.9835,0.0,0.0003525641025641026
text+audio_text_ln_lrh0.001_frozen_e5_s42,111,1,1.29469,5.4485,0.0,0.0003557692307692308
text+audio_text_ln_lrh0.001_frozen_e5_s42,112,1,1.58401,2.7589,0.0,0.000358974358974359
text+audio_text_ln_lrh0.001_frozen_e5_s42,113,1,1.74244,4.0666,0.0,0.0003621794871794872
text+audio_text_ln_lrh0.001_frozen_e5_s42,114,1,1.11889,4.5618,0.0,0.00036538461538461535
text+audio_text_ln_lrh0.001_frozen_e5_s42,115,1,1.60431,4.3957,0.0,0.0003685897435897436
text+audio_text_ln_lrh0.001_frozen_e5_s42,116,1,1.16554,3.7563,0.0,0.0003717948717948718
text+audio_text_ln_lrh0.001_frozen_e5_s42,117,1,1.8394,5.154,0.0,0.000375
text+audio_text_ln_lrh0.001_frozen_e5_s42,118,1,1.34057,3.6844,0.0,0.0003782051282051282
text+audio_text_ln_lrh0.001_frozen_e5_s42,119,1,1.44605,4.6365,0.0,0.0003814102564102564
text+audio_text_ln_lrh0.001_frozen_e5_s42,120,1,1.2793,4.0132,0.0,0.00038461538461538467
text+audio_text_ln_lrh0.001_frozen_e5_s42,121,1,1.66076,4.1727,0.0,0.0003878205128205128
text+audio_text_ln_lrh0.001_frozen_e5_s42,122,1,1.41609,4.2036,0.0,0.000391025641025641
text+audio_text_ln_lrh0.001_frozen_e5_s42,123,1,1.31675,3.1082,0.0,0.0003942307692307692
text+audio_text_ln_lrh0.001_frozen_e5_s42,124,1,1.44316,3.6502,0.0,0.0003974358974358974
text+audio_text_ln_lrh0.001_frozen_e5_s42,125,1,1.79927,7.379,0.0,0.0004006410256410257
text+audio_text_ln_lrh0.001_frozen_e5_s42,126,1,0.9095,5.582,0.0,0.0004038461538461539
text+audio_text_ln_lrh0.001_frozen_e5_s42,127,1,1.09965,3.1827,0.0,0.00040705128205128203
text+audio_text_ln_lrh0.001_frozen_e5_s42,128,1,1.66237,3.9254,0.0,0.00041025641025641023
text+audio_text_ln_lrh0.001_frozen_e5_s42,129,1,1.31384,5.1915,0.0,0.00041346153846153844
text+audio_text_ln_lrh0.001_frozen_e5_s42,130,1,1.35071,3.1551,0.0,0.0004166666666666667
text+audio_text_ln_lrh0.001_frozen_e5_s42,131,1,1.58568,2.9479,0.0,0.0004198717948717949
text+audio_text_ln_lrh0.001_frozen_e5_s42,132,1,1.13328,4.4932,0.0,0.0004230769230769231
text+audio_text_ln_lrh0.001_frozen_e5_s42,133,1,1.80502,6.5388,0.0,0.0004262820512820513
text+audio_text_ln_lrh0.001_frozen_e5_s42,134,1,1.19029,3.7105,0.0,0.00042948717948717945
text+audio_text_ln_lrh0.001_frozen_e5_s42,135,1,1.32327,4.5331,0.0,0.0004326923076923077
text+audio_text_ln_lrh0.001_frozen_e5_s42,136,1,0.926,4.6272,0.0,0.0004358974358974359
text+audio_text_ln_lrh0.001_frozen_e5_s42,137,1,1.39018,3.8201,0.0,0.0004391025641025641
text+audio_text_ln_lrh0.001_frozen_e5_s42,138,1,1.22812,2.6026,0.0,0.0004423076923076923
text+audio_text_ln_lrh0.001_frozen_e5_s42,139,1,1.34026,3.837,0.0,0.00044551282051282057
text+audio_text_ln_lrh0.001_frozen_e5_s42,140,1,1.41457,4.155,0.0,0.0004487179487179487
text+audio_text_ln_lrh0.001_frozen_e5_s42,141,1,1.63323,4.7801,0.0,0.0004519230769230769
text+audio_text_ln_lrh0.001_frozen_e5_s42,142,1,1.55443,7.1488,0.0,0.0004551282051282051
text+audio_text_ln_lrh0.001_frozen_e5_s42,143,1,1.10201,3.1001,0.0,0.0004583333333333333
text+audio_text_ln_lrh0.001_frozen_e5_s42,144,1,1.42589,4.7013,0.0,0.0004615384615384616
text+audio_text_ln_lrh0.001_frozen_e5_s42,145,1,1.45943,4.5281,0.0,0.0004647435897435898
text+audio_text_ln_lrh0.001_frozen_e5_s42,146,1,1.2453,6.0258,0.0,0.000467948717948718
text+audio_text_ln_lrh0.001_frozen_e5_s42,147,1,1.60117,4.4543,0.0,0.00047115384615384613
text+audio_text_ln_lrh0.001_frozen_e5_s42,148,1,1.86452,5.9349,0.0,0.00047435897435897434
text+audio_text_ln_lrh0.001_frozen_e5_s42,149,1,1.6585,4.4523,0.0,0.0004775641025641026
text+audio_text_ln_lrh0.001_frozen_e5_s42,150,1,1.18496,4.7511,0.0,0.0004807692307692308
text+audio_text_ln_lrh0.001_frozen_e5_s42,151,1,1.71149,6.2293,0.0,0.000483974358974359
text+audio_text_ln_lrh0.001_frozen_e5_s42,152,1,1.5762,7.1657,0.0,0.0004871794871794872
text+audio_text_ln_lrh0.001_frozen_e5_s42,153,1,1.76215,3.8297,0.0,0.0004903846153846154
text+audio_text_ln_lrh0.001_frozen_e5_s42,154,1,1.45976,4.7111,0.0,0.0004935897435897436
text+audio_text_ln_lrh0.001_frozen_e5_s42,155,1,1.12587,5.4576,0.0,0.0004967948717948718
text+audio_text_ln_lrh0.001_frozen_e5_s42,156,1,1.82333,4.785,0.0,0.0005
text+audio_text_ln_lrh0.001_frozen_e5_s42,157,1,1.49376,4.8616,0.0,0.0005032051282051282
text+audio_text_ln_lrh0.001_frozen_e5_s42,158,1,1.94232,5.4424,0.0,0.0005064102564102564
text+audio_text_ln_lrh0.001_frozen_e5_s42,159,1,1.45766,4.6586,0.0,0.0005096153846153846
text+audio_text_ln_lrh0.001_frozen_e5_s42,160,1,1.45346,5.3751,0.0,0.0005128205128205128
text+audio_text_ln_lrh0.001_frozen_e5_s42,161,1,1.65575,4.0928,0.0,0.0005160256410256411
text+audio_text_ln_lrh0.001_frozen_e5_s42,162,1,1.98378,4.7556,0.0,0.0005192307692307693
text+audio_text_ln_lrh0.001_frozen_e5_s42,163,1,1.47791,2.7836,0.0,0.0005224358974358974
text+audio_text_ln_lrh0.001_frozen_e5_s42,164,1,1.34199,3.2722,0.0,0.0005256410256410256
text+audio_text_ln_lrh0.001_frozen_e5_s42,165,1,1.26645,3.3946,0.0,0.0005288461538461538
text+audio_text_ln_lrh0.001_frozen_e5_s42,166,1,1.36311,4.6113,0.0,0.000532051282051282
text+audio_text_ln_lrh0.001_frozen_e5_s42,167,1,1.93484,5.0253,0.0,0.0005352564102564102
text+audio_text_ln_lrh0.001_frozen_e5_s42,168,1,1.17983,3.7862,0.0,0.0005384615384615384
text+audio_text_ln_lrh0.001_frozen_e5_s42,169,1,1.36277,4.6619,0.0,0.0005416666666666666
text+audio_text_ln_lrh0.001_frozen_e5_s42,170,1,1.28697,2.6233,0.0,0.0005448717948717948
text+audio_text_ln_lrh0.001_frozen_e5_s42,171,1,1.59484,3.4403,0.0,0.0005480769230769232
text+audio_text_ln_lrh0.001_frozen_e5_s42,172,1,1.37985,3.7252,0.0,0.0005512820512820514
text+audio_text_ln_lrh0.001_frozen_e5_s42,173,1,1.11487,4.4848,0.0,0.0005544871794871796
text+audio_text_ln_lrh0.001_frozen_e5_s42,174,1,1.51674,3.2756,0.0,0.0005576923076923078
text+audio_text_ln_lrh0.001_frozen_e5_s42,175,1,1.61876,5.4075,0.0,0.000560897435897436
text+audio_text_ln_lrh0.001_frozen_e5_s42,176,1,1.08345,2.4928,0.0,0.0005641025641025641
text+audio_text_ln_lrh0.001_frozen_e5_s42,177,1,1.59639,3.9942,0.0,0.0005673076923076923
text+audio_text_ln_lrh0.001_frozen_e5_s42,178,1,1.21878,5.2503,0.0,0.0005705128205128205
text+audio_text_ln_lrh0.001_frozen_e5_s42,179,1,1.82381,6.3332,0.0,0.0005737179487179487
text+audio_text_ln_lrh0.001_frozen_e5_s42,180,1,1.63401,2.6596,0.0,0.0005769230769230769
text+audio_text_ln_lrh0.001_frozen_e5_s42,181,1,1.26534,4.1551,0.0,0.0005801282051282052
text+audio_text_ln_lrh0.001_frozen_e5_s42,182,1,1.67924,3.969,0.0,0.0005833333333333334
text+audio_text_ln_lrh0.001_frozen_e5_s42,183,1,1.20529,3.733,0.0,0.0005865384615384616
text+audio_text_ln_lrh0.001_frozen_e5_s42,184,1,1.91943,5.3738,0.0,0.0005897435897435898
text+audio_text_ln_lrh0.001_frozen_e5_s42,185,1,1.60605,4.5185,0.0,0.000592948717948718
text+audio_text_ln_lrh0.001_frozen_e5_s42,186,1,1.1858,3.1745,0.0,0.0005961538461538462
text+audio_text_ln_lrh0.001_frozen_e5_s42,187,1,1.85353,7.8839,0.0,0.0005993589743589744
text+audio_text_ln_lrh0.001_frozen_e5_s42,188,1,1.92188,6.7782,0.0,0.0006025641025641026
text+audio_text_ln_lrh0.001_frozen_e5_s42,189,1,1.59369,7.2507,0.0,0.0006057692307692307
text+audio_text_ln_lrh0.001_frozen_e5_s42,190,1,1.56505,4.3476,0.0,0.0006089743589743589
text+audio_text_ln_lrh0.001_frozen_e5_s42,191,1,1.44523,3.1217,0.0,0.0006121794871794872
text+audio_text_ln_lrh0.001_frozen_e5_s42,192,1,1.17652,3.7855,0.0,0.0006153846153846154
text+audio_text_ln_lrh0.001_frozen_e5_s42,193,1,1.30793,4.2134,0.0,0.0006185897435897436
text+audio_text_ln_lrh0.001_frozen_e5_s42,194,1,1.34865,3.8397,0.0,0.0006217948717948718
text+audio_text_ln_lrh0.001_frozen_e5_s42,195,1,1.64144,5.6992,0.0,0.000625
text+audio_text_ln_lrh0.001_frozen_e5_s42,196,1,1.29238,3.93,0.0,0.0006282051282051282
text+audio_text_ln_lrh0.001_frozen_e5_s42,197,1,1.46802,6.2495,0.0,0.0006314102564102564
text+audio_text_ln_lrh0.001_frozen_e5_s42,198,1,1.04162,4.6636,0.0,0.0006346153846153846
text+audio_text_ln_lrh0.001_frozen_e5_s42,199,1,1.36998,2.7759,0.0,0.0006378205128205128
text+audio_text_ln_lrh0.001_frozen_e5_s42,200,1,2.15031,6.3884,0.0,0.0006410256410256411
text+audio_text_ln_lrh0.001_frozen_e5_s42,201,1,1.24389,4.8166,0.0,0.0006442307692307693
text+audio_text_ln_lrh0.001_frozen_e5_s42,202,1,1.25624,4.7362,0.0,0.0006474358974358974
text+audio_text_ln_lrh0.001_frozen_e5_s42,203,1,1.72474,5.9946,0.0,0.0006506410256410256
text+audio_text_ln_lrh0.001_frozen_e5_s42,204,1,1.36108,4.2247,0.0,0.0006538461538461538
text+audio_text_ln_lrh0.001_frozen_e5_s42,205,1,1.31231,2.9831,0.0,0.000657051282051282
text+audio_text_ln_lrh0.001_frozen_e5_s42,206,1,1.28095,3.7612,0.0,0.0006602564102564102
text+audio_text_ln_lrh0.001_frozen_e5_s42,207,1,1.14322,5.6559,0.0,0.0006634615384615384
text+audio_text_ln_lrh0.001_frozen_e5_s42,208,1,1.78074,6.5084,0.0,0.0006666666666666666
text+audio_text_ln_lrh0.001_frozen_e5_s42,209,1,1.34266,5.2278,0.0,0.0006698717948717948
text+audio_text_ln_lrh0.001_frozen_e5_s42,210,1,1.39394,3.365,0.0,0.0006730769230769232
text+audio_text_ln_lrh0.001_frozen_e5_s42,211,1,1.39767,2.9156,0.0,0.0006762820512820514
text+audio_text_ln_lrh0.001_frozen_e5_s42,212,1,0.92832,3.1532,0.0,0.0006794871794871796
text+audio_text_ln_lrh0.001_frozen_e5_s42,213,1,1.213,3.3331,0.0,0.0006826923076923078
text+audio_text_ln_lrh0.001_frozen_e5_s42,214,1,1.85143,5.1859,0.0,0.000685897435897436
text+audio_text_ln_lrh0.001_frozen_e5_s42,215,1,1.33151,3.4127,0.0,0.0006891025641025641
text+audio_text_ln_lrh0.001_frozen_e5_s42,216,1,1.20492,2.5909,0.0,0.0006923076923076923
text+audio_text_ln_lrh0.001_frozen_e5_s42,217,1,1.43954,4.196,0.0,0.0006955128205128205
text+audio_text_ln_lrh0.001_frozen_e5_s42,218,1,1.08198,2.511,0.0,0.0006987179487179487
text+audio_text_ln_lrh0.001_frozen_e5_s42,219,1,1.03221,5.7317,0.0,0.0007019230769230769
text+audio_text_ln_lrh0.001_frozen_e5_s42,220,1,1.49716,3.5401,0.0,0.0007051282051282052
text+audio_text_ln_lrh0.001_frozen_e5_s42,221,1,1.65055,3.8457,0.0,0.0007083333333333334
text+audio_text_ln_lrh0.001_frozen_e5_s42,222,1,1.51535,4.5464,0.0,0.0007115384615384616
text+audio_text_ln_lrh0.001_frozen_e5_s42,223,1,1.8519,4.2087,0.0,0.0007147435897435898
text+audio_text_ln_lrh0.001_frozen_e5_s42,224,1,1.35957,4.1245,0.0,0.000717948717948718
text+audio_text_ln_lrh0.001_frozen_e5_s42,225,1,1.19448,5.3313,0.0,0.0007211538461538462
text+audio_text_ln_lrh0.001_frozen_e5_s42,226,1,1.45455,3.8233,0.0,0.0007243589743589744
text+audio_text_ln_lrh0.001_frozen_e5_s42,227,1,0.90041,3.2079,0.0,0.0007275641025641026
text+audio_text_ln_lrh0.001_frozen_e5_s42,228,1,1.40245,4.6235,0.0,0.0007307692307692307
text+audio_text_ln_lrh0.001_frozen_e5_s42,229,1,1.39209,5.4632,0.0,0.0007339743589743589
text+audio_text_ln_lrh0.001_frozen_e5_s42,230,1,1.33335,2.7919,0.0,0.0007371794871794872
text+audio_text_ln_lrh0.001_frozen_e5_s42,231,1,0.98384,3.5683,0.0,0.0007403846153846154
text+audio_text_ln_lrh0.001_frozen_e5_s42,232,1,1.32735,3.7893,0.0,0.0007435897435897436
text+audio_text_ln_lrh0.001_frozen_e5_s42,233,1,1.30132,4.2651,0.0,0.0007467948717948718
text+audio_text_ln_lrh0.001_frozen_e5_s42,234,1,1.13571,5.4095,0.0,0.00075
text+audio_text_ln_lrh0.001_frozen_e5_s42,235,1,1.55014,6.8914,0.0,0.0007532051282051282
text+audio_text_ln_lrh0.001_frozen_e5_s42,236,1,0.92583,3.5862,0.0,0.0007564102564102564
text+audio_text_ln_lrh0.001_frozen_e5_s42,237,1,1.54602,4.2002,0.0,0.0007596153846153846
text+audio_text_ln_lrh0.001_frozen_e5_s42,238,1,1.66925,6.9887,0.0,0.0007628205128205128
text+audio_text_ln_lrh0.001_frozen_e5_s42,239,1,1.17815,4.7267,0.0,0.0007660256410256411
text+audio_text_ln_lrh0.001_frozen_e5_s42,240,1,1.17343,3.7795,0.0,0.0007692307692307693
text+audio_text_ln_lrh0.001_frozen_e5_s42,241,1,1.74594,6.6799,0.0,0.0007724358974358974
text+audio_text_ln_lrh0.001_frozen_e5_s42,242,1,1.34088,3.1212,0.0,0.0007756410256410256
text+audio_text_ln_lrh0.001_frozen_e5_s42,243,1,1.35619,3.603,0.0,0.0007788461538461538
text+audio_text_ln_lrh0.001_frozen_e5_s42,244,1,1.30847,3.88,0.0,0.000782051282051282
text+audio_text_ln_lrh0.001_frozen_e5_s42,245,1,0.93418,6.6151,0.0,0.0007852564102564102
text+audio_text_ln_lrh0.001_frozen_e5_s42,246,1,1.4559,3.6062,0.0,0.0007884615384615384
text+audio_text_ln_lrh0.001_frozen_e5_s42,247,1,1.40637,3.711,0.0,0.0007916666666666666
text+audio_text_ln_lrh0.001_frozen_e5_s42,248,1,1.34586,3.3741,0.0,0.0007948717948717948
text+audio_text_ln_lrh0.001_frozen_e5_s42,249,1,2.16267,6.711,0.0,0.0007980769230769232
text+audio_text_ln_lrh0.001_frozen_e5_s42,250,1,1.65547,5.2534,0.0,0.0008012820512820514
text+audio_text_ln_lrh0.001_frozen_e5_s42,251,1,1.07295,4.3442,0.0,0.0008044871794871796
text+audio_text_ln_lrh0.001_frozen_e5_s42,252,1,1.46908,3.9335,0.0,0.0008076923076923078
text+audio_text_ln_lrh0.001_frozen_e5_s42,253,1,1.18035,3.7481,0.0,0.000810897435897436
text+audio_text_ln_lrh0.001_frozen_e5_s42,254,1,0.98961,3.7748,0.0,0.0008141025641025641
text+audio_text_ln_lrh0.001_frozen_e5_s42,255,1,1.3547,4.2771,0.0,0.0008173076923076923
text+audio_text_ln_lrh0.001_frozen_e5_s42,256,1,1.07258,4.3204,0.0,0.0008205128205128205
text+audio_text_ln_lrh0.001_frozen_e5_s42,257,1,1.08639,2.6899,0.0,0.0008237179487179487
text+audio_text_ln_lrh0.001_frozen_e5_s42,258,1,1.39016,4.3833,0.0,0.0008269230769230769
text+audio_text_ln_lrh0.001_frozen_e5_s42,259,1,1.25813,3.0216,0.0,0.0008301282051282052
text+audio_text_ln_lrh0.001_frozen_e5_s42,260,1,1.18744,3.8594,0.0,0.0008333333333333334
text+audio_text_ln_lrh0.001_frozen_e5_s42,261,1,1.50962,3.8928,0.0,0.0008365384615384616
text+audio_text_ln_lrh0.001_frozen_e5_s42,262,1,1.08753,2.4832,0.0,0.0008397435897435898
text+audio_text_ln_lrh0.001_frozen_e5_s42,263,1,1.43059,6.0596,0.0,0.000842948717948718
text+audio_text_ln_lrh0.001_frozen_e5_s42,264,1,1.38542,3.5635,0.0,0.0008461538461538462
text+audio_text_ln_lrh0.001_frozen_e5_s42,265,1,2.47738,8.0105,0.0,0.0008493589743589744
text+audio_text_ln_lrh0.001_frozen_e5_s42,266,1,1.263,3.4284,0.0,0.0008525641025641026
text+audio_text_ln_lrh0.001_frozen_e5_s42,267,1,1.54246,5.0347,0.0,0.0008557692307692307
text+audio_text_ln_lrh0.001_frozen_e5_s42,268,1,0.92687,3.8029,0.0,0.0008589743589743589
text+audio_text_ln_lrh0.001_frozen_e5_s42,269,1,1.75881,4.9775,0.0,0.0008621794871794872
text+audio_text_ln_lrh0.001_frozen_e5_s42,270,1,1.17951,3.1983,0.0,0.0008653846153846154
text+audio_text_ln_lrh0.001_frozen_e5_s42,271,1,1.00103,4.0156,0.0,0.0008685897435897436
text+audio_text_ln_lrh0.001_frozen_e5_s42,272,1,1.38119,4.8446,0.0,0.0008717948717948718
text+audio_text_ln_lrh0.001_frozen_e5_s42,273,1,1.71608,5.8237,0.0,0.000875
text+audio_text_ln_lrh0.001_frozen_e5_s42,274,1,0.8826,2.7071,0.0,0.0008782051282051282
text+audio_text_ln_lrh0.001_frozen_e5_s42,275,1,1.37634,2.7398,0.0,0.0008814102564102564
text+audio_text_ln_lrh0.001_frozen_e5_s42,276,1,0.98834,3.9181,0.0,0.0008846153846153846
text+audio_text_ln_lrh0.001_frozen_e5_s42,277,1,1.17217,3.8872,0.0,0.0008878205128205128
text+audio_text_ln_lrh0.001_frozen_e5_s42,278,1,1.17768,4.5422,0.0,0.0008910256410256411
text+audio_text_ln_lrh0.001_frozen_e5_s42,279,1,1.54366,3.7254,0.0,0.0008942307692307693
text+audio_text_ln_lrh0.001_frozen_e5_s42,280,1,1.6112,5.2013,0.0,0.0008974358974358974
text+audio_text_ln_lrh0.001_frozen_e5_s42,281,1,0.82513,3.7529,0.0,0.0009006410256410256
text+audio_text_ln_lrh0.001_frozen_e5_s42,282,1,1.64102,6.2797,0.0,0.0009038461538461538
text+audio_text_ln_lrh0.001_frozen_e5_s42,283,1,1.37037,3.7048,0.0,0.000907051282051282
text+audio_text_ln_lrh0.001_frozen_e5_s42,284,1,1.71912,4.3953,0.0,0.0009102564102564102
text+audio_text_ln_lrh0.001_frozen_e5_s42,285,1,1.63992,3.6075,0.0,0.0009134615384615384
text+audio_text_ln_lrh0.001_frozen_e5_s42,286,1,1.3256,3.0718,0.0,0.0009166666666666666
text+audio_text_ln_lrh0.001_frozen_e5_s42,287,1,1.68176,3.4325,0.0,0.0009198717948717949
text+audio_text_ln_lrh0.001_frozen_e5_s42,288,1,1.31865,5.2318,0.0,0.0009230769230769232
text+audio_text_ln_lrh0.001_frozen_e5_s42,289,1,1.18386,2.6792,0.0,0.0009262820512820514
text+audio_text_ln_lrh0.001_frozen_e5_s42,290,1,1.24834,5.1615,0.0,0.0009294871794871796
text+audio_text_ln_lrh0.001_frozen_e5_s42,291,1,1.83419,4.7498,0.0,0.0009326923076923078
text+audio_text_ln_lrh0.001_frozen_e5_s42,292,1,1.37288,3.9482,0.0,0.000935897435897436
text+audio_text_ln_lrh0.001_frozen_e5_s42,293,1,0.99249,2.8477,0.0,0.0009391025641025641
text+audio_text_ln_lrh0.001_frozen_e5_s42,294,1,1.5647,4.3476,0.0,0.0009423076923076923
text+audio_text_ln_lrh0.001_frozen_e5_s42,295,1,1.28159,3.7995,0.0,0.0009455128205128205
text+audio_text_ln_lrh0.001_frozen_e5_s42,296,1,1.62164,5.3888,0.0,0.0009487179487179487
text+audio_text_ln_lrh0.001_frozen_e5_s42,297,1,1.68444,6.8156,0.0,0.0009519230769230769
text+audio_text_ln_lrh0.001_frozen_e5_s42,298,1,1.36616,3.5961,0.0,0.0009551282051282052
text+audio_text_ln_lrh0.001_frozen_e5_s42,299,1,1.84884,5.8889,0.0,0.0009583333333333334
text+audio_text_ln_lrh0.001_frozen_e5_s42,300,1,1.57094,3.86,0.0,0.0009615384615384616
text+audio_text_ln_lrh0.001_frozen_e5_s42,301,1,1.72852,3.7813,0.0,0.0009647435897435898
text+audio_text_ln_lrh0.001_frozen_e5_s42,302,1,1.35821,4.3457,0.0,0.000967948717948718
text+audio_text_ln_lrh0.001_frozen_e5_s42,303,1,1.50187,5.7142,0.0,0.0009711538461538462
text+audio_text_ln_lrh0.001_frozen_e5_s42,304,1,1.27254,3.1082,0.0,0.0009743589743589744
text+audio_text_ln_lrh0.001_frozen_e5_s42,305,1,1.10583,2.9116,0.0,0.0009775641025641026
text+audio_text_ln_lrh0.001_frozen_e5_s42,306,1,1.54462,3.7531,0.0,0.0009807692307692308
text+audio_text_ln_lrh0.001_frozen_e5_s42,307,1,1.18503,4.0359,0.0,0.000983974358974359
text+audio_text_ln_lrh0.001_frozen_e5_s42,308,1,1.33418,4.8287,0.0,0.0009871794871794872
text+audio_text_ln_lrh0.001_frozen_e5_s42,309,1,0.97959,3.6297,0.0,0.0009903846153846154
text+audio_text_ln_lrh0.001_frozen_e5_s42,310,1,1.47183,4.5433,0.0,0.0009935897435897436
text+audio_text_ln_lrh0.001_frozen_e5_s42,311,1,1.08528,4.258,0.0,0.0009967948717948718
text+audio_text_ln_lrh0.001_frozen_e5_s42,312,1,1.17428,2.6578,0.0,0.001
text+audio_text_ln_lrh0.001_frozen_e5_s42,313,1,1.29034,5.4151,0.0,0.0009996445076430856
text+audio_text_ln_lrh0.001_frozen_e5_s42,314,1,1.53391,3.7373,0.0,0.0009992890152861714
text+audio_text_ln_lrh0.001_frozen_e5_s42,315,1,1.60851,3.4993,0.0,0.000998933522929257
text+audio_text_ln_lrh0.001_frozen_e5_s42,316,1,1.46884,3.3911,0.0,0.0009985780305723428
text+audio_text_ln_lrh0.001_frozen_e5_s42,317,1,1.23038,8.2451,0.0,0.0009982225382154284
text+audio_text_ln_lrh0.001_frozen_e5_s42,318,1,1.53978,3.1029,0.0,0.000997867045858514
text+audio_text_ln_lrh0.001_frozen_e5_s42,319,1,1.2734,3.0038,0.0,0.0009975115535015998
text+audio_text_ln_lrh0.001_frozen_e5_s42,320,1,1.335,4.2186,0.0,0.0009971560611446854
text+audio_text_ln_lrh0.001_frozen_e5_s42,321,1,1.50926,3.9052,0.0,0.000996800568787771
text+audio_text_ln_lrh0.001_frozen_e5_s42,322,1,1.21454,4.1447,0.0,0.0009964450764308568
text+audio_text_ln_lrh0.001_frozen_e5_s42,323,1,1.65678,5.0004,0.0,0.0009960895840739426
text+audio_text_ln_lrh0.001_frozen_e5_s42,324,1,1.64453,4.1447,0.0,0.0009957340917170281
text+audio_text_ln_lrh0.001_frozen_e5_s42,325,1,1.29254,3.5542,0.0,0.0009953785993601137
text+audio_text_ln_lrh0.001_frozen_e5_s42,326,1,1.55774,3.3915,0.0,0.0009950231070031995
text+audio_text_ln_lrh0.001_frozen_e5_s42,327,1,1.49176,3.9708,0.0,0.0009946676146462851
text+audio_text_ln_lrh0.001_frozen_e5_s42,328,1,1.4102,3.5624,0.0,0.000994312122289371
text+audio_text_ln_lrh0.001_frozen_e5_s42,329,1,1.38933,3.6258,0.0,0.0009939566299324565
text+audio_text_ln_lrh0.001_frozen_e5_s42,330,1,1.13238,4.0052,0.0,0.000993601137575542
text+audio_text_ln_lrh0.001_frozen_e5_s42,331,1,1.64765,4.8235,0.0,0.000993245645218628
text+audio_text_ln_lrh0.001_frozen_e5_s42,332,1,1.58309,2.9026,0.0,0.0009928901528617135
text+audio_text_ln_lrh0.001_frozen_e5_s42,333,1,1.18367,3.1448,0.0,0.000992534660504799
text+audio_text_ln_lrh0.001_frozen_e5_s42,334,1,1.13567,3.1792,0.0,0.0009921791681478849
text+audio_text_ln_lrh0.001_frozen_e5_s42,335,1,1.60197,4.6282,0.0,0.0009918236757909705
text+audio_text_ln_lrh0.001_frozen_e5_s42,336,1,1.66281,3.5134,0.0,0.0009914681834340563
text+audio_text_ln_lrh0.001_frozen_e5_s42,337,1,1.05211,3.673,0.0,0.0009911126910771418
text+audio_text_ln_lrh0.001_frozen_e5_s42,338,1,1.1077,3.4317,0.0,0.0009907571987202274
text+audio_text_ln_lrh0.001_frozen_e5_s42,339,1,1.14394,3.8974,0.0,0.0009904017063633132
text+audio_text_ln_lrh0.001_frozen_e5_s42,340,1,1.46887,3.552,0.0,0.000990046214006399
text+audio_text_ln_lrh0.001_frozen_e5_s42,341,1,1.67849,4.538,0.0,0.0009896907216494846
text+audio_text_ln_lrh0.001_frozen_e5_s42,342,1,2.2459,8.542,0.0,0.0009893352292925702
text+audio_text_ln_lrh0.001_frozen_e5_s42,343,1,1.51637,3.4011,0.0,0.0009889797369356558
text+audio_text_ln_lrh0.001_frozen_e5_s42,344,1,1.23724,4.1314,0.0,0.0009886242445787416
text+audio_text_ln_lrh0.001_frozen_e5_s42,345,1,1.50021,3.4642,0.0,0.0009882687522218272
text+audio_text_ln_lrh0.001_frozen_e5_s42,346,1,1.60559,2.8002,0.0,0.0009879132598649128
text+audio_text_ln_lrh0.001_frozen_e5_s42,347,1,1.06381,3.9613,0.0,0.0009875577675079986
text+audio_text_ln_lrh0.001_frozen_e5_s42,348,1,0.82177,3.1538,0.0,0.0009872022751510844
text+audio_text_ln_lrh0.001_frozen_e5_s42,349,1,1.04993,3.549,0.0,0.00098684678279417
text+audio_text_ln_lrh0.001_frozen_e5_s42,350,1,1.33619,3.4295,0.0,0.0009864912904372556
text+audio_text_ln_lrh0.001_frozen_e5_s42,351,1,0.86389,3.4131,0.0,0.0009861357980803414
text+audio_text_ln_lrh0.001_frozen_e5_s42,352,1,1.02377,3.8605,0.0,0.000985780305723427
text+audio_text_ln_lrh0.001_frozen_e5_s42,353,1,0.71361,3.275,0.0,0.0009854248133665127
text+audio_text_ln_lrh0.001_frozen_e5_s42,354,1,1.45044,6.5661,0.0,0.0009850693210095983
text+audio_text_ln_lrh0.001_frozen_e5_s42,355,1,0.9856,3.4948,0.0,0.000984713828652684
text+audio_text_ln_lrh0.001_frozen_e5_s42,356,1,1.17981,5.1333,0.0,0.0009843583362957697
text+audio_text_ln_lrh0.001_frozen_e5_s42,357,1,1.81641,5.2689,0.0,0.0009840028439388553
text+audio_text_ln_lrh0.001_frozen_e5_s42,358,1,2.21723,9.2166,0.0,0.000983647351581941
text+audio_text_ln_lrh0.001_frozen_e5_s42,359,1,1.66457,5.164,0.0,0.0009832918592250267
text+audio_text_ln_lrh0.001_frozen_e5_s42,360,1,1.51288,4.2088,0.0,0.0009829363668681123
text+audio_text_ln_lrh0.001_frozen_e5_s42,361,1,1.14807,2.347,0.0,0.000982580874511198
text+audio_text_ln_lrh0.001_frozen_e5_s42,362,1,1.65498,4.7379,0.0,0.0009822253821542837
text+audio_text_ln_lrh0.001_frozen_e5_s42,363,1,1.43536,4.9322,0.0,0.0009818698897973693
text+audio_text_ln_lrh0.001_frozen_e5_s42,364,1,1.2342,4.1299,0.0,0.000981514397440455
text+audio_text_ln_lrh0.001_frozen_e5_s42,365,1,1.57818,4.3753,0.0,0.0009811589050835409
text+audio_text_ln_lrh0.001_frozen_e5_s42,366,1,1.57988,3.0863,0.0,0.0009808034127266265
text+audio_text_ln_lrh0.001_frozen_e5_s42,367,1,1.30378,2.4951,0.0,0.000980447920369712
text+audio_text_ln_lrh0.001_frozen_e5_s42,368,1,1.3211,3.2083,0.0,0.0009800924280127978
text+audio_text_ln_lrh0.001_frozen_e5_s42,369,1,1.16143,3.4942,0.0,0.0009797369356558834
text+audio_text_ln_lrh0.001_frozen_e5_s42,370,1,1.04069,4.4436,0.0,0.000979381443298969
text+audio_text_ln_lrh0.001_frozen_e5_s42,371,1,1.52145,3.146,0.0,0.0009790259509420548
text+audio_text_ln_lrh0.001_frozen_e5_s42,372,1,1.60623,3.773,0.0,0.0009786704585851404
text+audio_text_ln_lrh0.001_frozen_e5_s42,373,1,1.41618,4.1303,0.0,0.0009783149662282262
text+audio_text_ln_lrh0.001_frozen_e5_s42,374,1,1.09712,2.5881,0.0,0.0009779594738713118
text+audio_text_ln_lrh0.001_frozen_e5_s42,375,1,1.12061,3.494,0.0,0.0009776039815143974
text+audio_text_ln_lrh0.001_frozen_e5_s42,376,1,1.28152,3.4161,0.0,0.0009772484891574832
text+audio_text_ln_lrh0.001_frozen_e5_s42,377,1,1.48218,3.2209,0.0,0.0009768929968005688
text+audio_text_ln_lrh0.001_frozen_e5_s42,378,1,1.33161,5.3086,0.0,0.0009765375044436545
text+audio_text_ln_lrh0.001_frozen_e5_s42,379,1,1.26705,4.2978,0.0,0.0009761820120867402
text+audio_text_ln_lrh0.001_frozen_e5_s42,380,1,2.0421,7.9728,0.0,0.0009758265197298259
text+audio_text_ln_lrh0.001_frozen_e5_s42,381,1,1.16336,5.3,0.0,0.0009754710273729114
text+audio_text_ln_lrh0.001_frozen_e5_s42,382,1,1.77249,3.6671,0.0,0.0009751155350159971
text+audio_text_ln_lrh0.001_frozen_e5_s42,383,1,1.23256,5.9513,0.0,0.0009747600426590828
text+audio_text_ln_lrh0.001_frozen_e5_s42,384,1,1.06225,5.3051,0.0,0.0009744045503021685
text+audio_text_ln_lrh0.001_frozen_e5_s42,385,1,1.35836,2.7672,0.0,0.0009740490579452542
text+audio_text_ln_lrh0.001_frozen_e5_s42,386,1,1.50235,3.8811,0.0,0.0009736935655883399
text+audio_text_ln_lrh0.001_frozen_e5_s42,387,1,1.25132,2.8657,0.0,0.0009733380732314255
text+audio_text_ln_lrh0.001_frozen_e5_s42,388,1,1.42473,2.9956,0.0,0.0009729825808745112
text+audio_text_ln_lrh0.001_frozen_e5_s42,389,1,1.1623,3.0787,0.0,0.0009726270885175969
text+audio_text_ln_lrh0.001_frozen_e5_s42,390,1,1.06376,2.7098,0.0,0.0009722715961606826
text+audio_text_ln_lrh0.001_frozen_e5_s42,391,1,1.02365,2.2433,0.0,0.0009719161038037683
text+audio_text_ln_lrh0.001_frozen_e5_s42,392,1,1.48131,3.9134,0.0,0.000971560611446854
text+audio_text_ln_lrh0.001_frozen_e5_s42,393,1,1.6356,3.3373,0.0,0.0009712051190899396
text+audio_text_ln_lrh0.001_frozen_e5_s42,394,1,1.50698,3.8891,0.0,0.0009708496267330253
text+audio_text_ln_lrh0.001_frozen_e5_s42,395,1,1.18187,2.3549,0.0,0.0009704941343761108
text+audio_text_ln_lrh0.001_frozen_e5_s42,396,1,1.03853,2.8637,0.0,0.0009701386420191967
text+audio_text_ln_lrh0.001_frozen_e5_s42,397,1,1.13309,6.9033,0.0,0.0009697831496622823
text+audio_text_ln_lrh0.001_frozen_e5_s42,398,1,1.54924,3.7869,0.0,0.0009694276573053679
text+audio_text_ln_lrh0.001_frozen_e5_s42,399,1,0.93562,5.0287,0.0,0.0009690721649484536
text+audio_text_ln_lrh0.001_frozen_e5_s42,400,1,1.98627,7.6741,0.0,0.0009687166725915393
text+audio_text_ln_lrh0.001_frozen_e5_s42,401,1,1.10318,4.7578,0.0,0.0009683611802346249
text+audio_text_ln_lrh0.001_frozen_e5_s42,402,1,1.67592,5.2741,0.0,0.0009680056878777106
text+audio_text_ln_lrh0.001_frozen_e5_s42,403,1,1.87748,5.6218,0.0,0.0009676501955207964
text+audio_text_ln_lrh0.001_frozen_e5_s42,404,1,1.17031,2.7187,0.0,0.000967294703163882
text+audio_text_ln_lrh0.001_frozen_e5_s42,405,1,1.08962,4.435,0.0,0.0009669392108069677
text+audio_text_ln_lrh0.001_frozen_e5_s42,406,1,1.39854,3.9553,0.0,0.0009665837184500534
text+audio_text_ln_lrh0.001_frozen_e5_s42,407,1,1.26353,3.2507,0.0,0.000966228226093139
text+audio_text_ln_lrh0.001_frozen_e5_s42,408,1,0.97019,2.9252,0.0,0.0009658727337362247
text+audio_text_ln_lrh0.001_frozen_e5_s42,409,1,1.4289,4.4932,0.0,0.0009655172413793104
text+audio_text_ln_lrh0.001_frozen_e5_s42,410,1,1.20097,5.1968,0.0,0.000965161749022396
text+audio_text_ln_lrh0.001_frozen_e5_s42,411,1,1.10797,2.5221,0.0,0.0009648062566654817
text+audio_text_ln_lrh0.001_frozen_e5_s42,412,1,1.74839,4.6268,0.0,0.0009644507643085673
text+audio_text_ln_lrh0.001_frozen_e5_s42,413,1,0.92065,2.5675,0.0,0.000964095271951653
text+audio_text_ln_lrh0.001_frozen_e5_s42,414,1,1.6997,6.2564,0.0,0.0009637397795947387
text+audio_text_ln_lrh0.001_frozen_e5_s42,415,1,1.58284,5.0965,0.0,0.0009633842872378244
text+audio_text_ln_lrh0.001_frozen_e5_s42,416,1,1.43417,2.5694,0.0,0.0009630287948809101
text+audio_text_ln_lrh0.001_frozen_e5_s42,417,1,1.76733,3.8096,0.0,0.0009626733025239958
text+audio_text_ln_lrh0.001_frozen_e5_s42,418,1,1.62318,3.1243,0.0,0.0009623178101670814
text+audio_text_ln_lrh0.001_frozen_e5_s42,419,1,1.07919,6.6919,0.0,0.0009619623178101671
text+audio_text_ln_lrh0.001_frozen_e5_s42,420,1,1.34731,6.308,0.0,0.0009616068254532528
text+audio_text_ln_lrh0.001_frozen_e5_s42,421,1,1.74377,5.0865,0.0,0.0009612513330963385
text+audio_text_ln_lrh0.001_frozen_e5_s42,422,1,1.43643,4.0259,0.0,0.0009608958407394242
text+audio_text_ln_lrh0.001_frozen_e5_s42,423,1,1.62582,3.0695,0.0,0.0009605403483825098
text+audio_text_ln_lrh0.001_frozen_e5_s42,424,1,1.44491,3.046,0.0,0.0009601848560255955
text+audio_text_ln_lrh0.001_frozen_e5_s42,425,1,0.76205,3.7651,0.0,0.0009598293636686811
text+audio_text_ln_lrh0.001_frozen_e5_s42,426,1,1.39048,4.4011,0.0,0.0009594738713117667
text+audio_text_ln_lrh0.001_frozen_e5_s42,427,1,1.39502,5.6253,0.0,0.0009591183789548525
text+audio_text_ln_lrh0.001_frozen_e5_s42,428,1,1.77163,4.995,0.0,0.0009587628865979382
text+audio_text_ln_lrh0.001_frozen_e5_s42,429,1,1.61577,6.261,0.0,0.0009584073942410238
text+audio_text_ln_lrh0.001_frozen_e5_s42,430,1,1.35941,3.8855,0.0,0.0009580519018841095
text+audio_text_ln_lrh0.001_frozen_e5_s42,431,1,1.40484,5.1268,0.0,0.0009576964095271952
text+audio_text_ln_lrh0.001_frozen_e5_s42,432,1,1.08359,5.5236,0.0,0.0009573409171702808
text+audio_text_ln_lrh0.001_frozen_e5_s42,433,1,1.46508,3.5708,0.0,0.0009569854248133665
text+audio_text_ln_lrh0.001_frozen_e5_s42,434,1,1.33036,5.2531,0.0,0.0009566299324564523
text+audio_text_ln_lrh0.001_frozen_e5_s42,435,1,1.08488,4.5975,0.0,0.0009562744400995379
text+audio_text_ln_lrh0.001_frozen_e5_s42,436,1,1.56914,3.5059,0.0,0.0009559189477426236
text+audio_text_ln_lrh0.001_frozen_e5_s42,437,1,1.13729,3.1579,0.0,0.0009555634553857092
text+audio_text_ln_lrh0.001_frozen_e5_s42,438,1,1.33634,5.5165,0.0,0.0009552079630287949
text+audio_text_ln_lrh0.001_frozen_e5_s42,439,1,1.41829,3.7046,0.0,0.0009548524706718806
text+audio_text_ln_lrh0.001_frozen_e5_s42,440,1,1.86324,6.6324,0.0,0.0009544969783149662
text+audio_text_ln_lrh0.001_frozen_e5_s42,441,1,1.05576,2.9348,0.0,0.0009541414859580519
text+audio_text_ln_lrh0.001_frozen_e5_s42,442,1,0.97318,2.1413,0.0,0.0009537859936011376
text+audio_text_ln_lrh0.001_frozen_e5_s42,443,1,1.67984,3.4941,0.0,0.0009534305012442232
text+audio_text_ln_lrh0.001_frozen_e5_s42,444,1,1.21589,3.1159,0.0,0.0009530750088873089
text+audio_text_ln_lrh0.001_frozen_e5_s42,445,1,1.19371,2.9986,0.0,0.0009527195165303946
text+audio_text_ln_lrh0.001_frozen_e5_s42,446,1,1.22176,3.9993,0.0,0.0009523640241734803
text+audio_text_ln_lrh0.001_frozen_e5_s42,447,1,1.53911,4.8283,0.0,0.000952008531816566
text+audio_text_ln_lrh0.001_frozen_e5_s42,448,1,0.99571,2.4406,0.0,0.0009516530394596517
text+audio_text_ln_lrh0.001_frozen_e5_s42,449,1,1.36332,3.7848,0.0,0.0009512975471027373
text+audio_text_ln_lrh0.001_frozen_e5_s42,450,1,1.14245,2.3639,0.0,0.000950942054745823
text+audio_text_ln_lrh0.001_frozen_e5_s42,451,1,1.36731,4.5598,0.0,0.0009505865623889086
text+audio_text_ln_lrh0.001_frozen_e5_s42,452,1,1.17009,2.962,0.0,0.0009502310700319944
text+audio_text_ln_lrh0.001_frozen_e5_s42,453,1,0.97533,3.3142,0.0,0.0009498755776750801
text+audio_text_ln_lrh0.001_frozen_e5_s42,454,1,1.93693,4.3115,0.0,0.0009495200853181656
text+audio_text_ln_lrh0.001_frozen_e5_s42,455,1,1.09938,3.016,0.0,0.0009491645929612513
text+audio_text_ln_lrh0.001_frozen_e5_s42,456,1,1.33511,3.7996,0.0,0.000948809100604337
text+audio_text_ln_lrh0.001_frozen_e5_s42,457,1,1.26726,2.5828,0.0,0.0009484536082474226
text+audio_text_ln_lrh0.001_frozen_e5_s42,458,1,1.42977,2.3096,0.0,0.0009480981158905084
text+audio_text_ln_lrh0.001_frozen_e5_s42,459,1,1.11662,3.1435,0.0,0.0009477426235335941
text+audio_text_ln_lrh0.001_frozen_e5_s42,460,1,1.03506,3.8842,0.0,0.0009473871311766797
text+audio_text_ln_lrh0.001_frozen_e5_s42,461,1,1.51711,4.1027,0.0,0.0009470316388197654
text+audio_text_ln_lrh0.001_frozen_e5_s42,462,1,1.38748,4.8889,0.0,0.0009466761464628511
text+audio_text_ln_lrh0.001_frozen_e5_s42,463,1,1.01048,4.5171,0.0,0.0009463206541059367
text+audio_text_ln_lrh0.001_frozen_e5_s42,464,1,1.3206,4.2357,0.0,0.0009459651617490224
text+audio_text_ln_lrh0.001_frozen_e5_s42,465,1,0.99718,2.4367,0.0,0.0009456096693921082
text+audio_text_ln_lrh0.001_frozen_e5_s42,466,1,0.94575,3.3678,0.0,0.0009452541770351938
text+audio_text_ln_lrh0.001_frozen_e5_s42,467,1,1.18047,3.328,0.0,0.0009448986846782795
text+audio_text_ln_lrh0.001_frozen_e5_s42,468,1,1.22353,3.7704,0.0,0.000944543192321365
text+audio_text_ln_lrh0.001_frozen_e5_s42,469,1,1.33849,4.488,0.0,0.0009441876999644507
text+audio_text_ln_lrh0.001_frozen_e5_s42,470,1,0.63047,2.5825,0.0,0.0009438322076075364
text+audio_text_ln_lrh0.001_frozen_e5_s42,471,1,1.03901,2.4329,0.0,0.0009434767152506221
text+audio_text_ln_lrh0.001_frozen_e5_s42,472,1,1.67182,5.2442,0.0,0.0009431212228937078
text+audio_text_ln_lrh0.001_frozen_e5_s42,473,1,1.17086,4.9821,0.0,0.0009427657305367935
text+audio_text_ln_lrh0.001_frozen_e5_s42,474,1,1.49007,4.9702,0.0,0.0009424102381798791
text+audio_text_ln_lrh0.001_frozen_e5_s42,475,1,1.30948,3.0757,0.0,0.0009420547458229648
text+audio_text_ln_lrh0.001_frozen_e5_s42,476,1,1.68089,5.2818,0.0,0.0009416992534660505
text+audio_text_ln_lrh0.001_frozen_e5_s42,477,1,1.11335,2.9073,0.0,0.0009413437611091362
text+audio_text_ln_lrh0.001_frozen_e5_s42,478,1,1.43343,3.8784,0.0,0.0009409882687522219
text+audio_text_ln_lrh0.001_frozen_e5_s42,479,1,1.28599,4.4945,0.0,0.0009406327763953076
text+audio_text_ln_lrh0.001_frozen_e5_s42,480,1,1.11022,3.158,0.0,0.0009402772840383932
text+audio_text_ln_lrh0.001_frozen_e5_s42,481,1,1.48038,2.7053,0.0,0.0009399217916814789
text+audio_text_ln_lrh0.001_frozen_e5_s42,482,1,1.39328,3.2258,0.0,0.0009395662993245645
text+audio_text_ln_lrh0.001_frozen_e5_s42,483,1,1.55699,4.3975,0.0,0.0009392108069676503
text+audio_text_ln_lrh0.001_frozen_e5_s42,484,1,1.27898,2.9449,0.0,0.000938855314610736
text+audio_text_ln_lrh0.001_frozen_e5_s42,485,1,1.52599,4.0889,0.0,0.0009384998222538215
text+audio_text_ln_lrh0.001_frozen_e5_s42,486,1,1.11166,3.8273,0.0,0.0009381443298969072
text+audio_text_ln_lrh0.001_frozen_e5_s42,487,1,1.46279,5.708,0.0,0.0009377888375399929
text+audio_text_ln_lrh0.001_frozen_e5_s42,488,1,1.39449,3.225,0.0,0.0009374333451830785
text+audio_text_ln_lrh0.001_frozen_e5_s42,489,1,1.33426,2.5764,0.0,0.0009370778528261643
text+audio_text_ln_lrh0.001_frozen_e5_s42,490,1,1.15431,3.7283,0.0,0.00093672236046925
text+audio_text_ln_lrh0.001_frozen_e5_s42,491,1,1.40365,6.4145,0.0,0.0009363668681123356
text+audio_text_ln_lrh0.001_frozen_e5_s42,492,1,1.35455,3.6069,0.0,0.0009360113757554213
text+audio_text_ln_lrh0.001_frozen_e5_s42,493,1,1.42579,3.4743,0.0,0.000935655883398507
text+audio_text_ln_lrh0.001_frozen_e5_s42,494,1,1.65849,4.3921,0.0,0.0009353003910415926
text+audio_text_ln_lrh0.001_frozen_e5_s42,495,1,1.5529,3.9807,0.0,0.0009349448986846783
text+audio_text_ln_lrh0.001_frozen_e5_s42,496,1,1.53615,4.8867,0.0,0.000934589406327764
text+audio_text_ln_lrh0.001_frozen_e5_s42,497,1,1.19747,3.0604,0.0,0.0009342339139708497
text+audio_text_ln_lrh0.001_frozen_e5_s42,498,1,1.22272,2.9531,0.0,0.0009338784216139354
text+audio_text_ln_lrh0.001_frozen_e5_s42,499,1,1.46167,3.6805,0.0,0.0009335229292570209
text+audio_text_ln_lrh0.001_frozen_e5_s42,500,1,1.23368,4.6708,0.0,0.0009331674369001066
text+audio_text_ln_lrh0.001_frozen_e5_s42,501,1,2.03286,3.5961,0.0,0.0009328119445431923
text+audio_text_ln_lrh0.001_frozen_e5_s42,502,1,1.5849,6.5291,0.0,0.000932456452186278
text+audio_text_ln_lrh0.001_frozen_e5_s42,503,1,1.29268,3.6,0.0,0.0009321009598293637
text+audio_text_ln_lrh0.001_frozen_e5_s42,504,1,1.2543,4.6542,0.0,0.0009317454674724494
text+audio_text_ln_lrh0.001_frozen_e5_s42,505,1,1.06871,5.5442,0.0,0.000931389975115535
text+audio_text_ln_lrh0.001_frozen_e5_s42,506,1,1.36172,3.3182,0.0,0.0009310344827586207
text+audio_text_ln_lrh0.001_frozen_e5_s42,507,1,1.85294,5.4327,0.0,0.0009306789904017064
text+audio_text_ln_lrh0.001_frozen_e5_s42,508,1,1.39663,4.9371,0.0,0.0009303234980447921
text+audio_text_ln_lrh0.001_frozen_e5_s42,509,1,1.19663,3.5252,0.0,0.0009299680056878778
text+audio_text_ln_lrh0.001_frozen_e5_s42,510,1,1.40771,4.4776,0.0,0.0009296125133309634
text+audio_text_ln_lrh0.001_frozen_e5_s42,511,1,1.40905,3.2094,0.0,0.0009292570209740491
text+audio_text_ln_lrh0.001_frozen_e5_s42,512,1,1.14147,3.1958,0.0,0.0009289015286171348
text+audio_text_ln_lrh0.001_frozen_e5_s42,513,1,1.01533,3.3462,0.0,0.0009285460362602203
text+audio_text_ln_lrh0.001_frozen_e5_s42,514,1,1.15164,2.5651,0.0,0.0009281905439033061
text+audio_text_ln_lrh0.001_frozen_e5_s42,515,1,1.02732,2.4251,0.0,0.0009278350515463918
text+audio_text_ln_lrh0.001_frozen_e5_s42,516,1,1.38196,5.1684,0.0,0.0009274795591894774
text+audio_text_ln_lrh0.001_frozen_e5_s42,517,1,1.3126,4.5306,0.0,0.0009271240668325631
text+audio_text_ln_lrh0.001_frozen_e5_s42,518,1,1.57376,4.6627,0.0,0.0009267685744756488
text+audio_text_ln_lrh0.001_frozen_e5_s42,519,1,1.14913,3.3163,0.0,0.0009264130821187344
text+audio_text_ln_lrh0.001_frozen_e5_s42,520,1,1.34326,3.5215,0.0,0.0009260575897618201
text+audio_text_ln_lrh0.001_frozen_e5_s42,521,1,1.24503,5.1708,0.0,0.0009257020974049059
text+audio_text_ln_lrh0.001_frozen_e5_s42,522,1,1.27131,5.3533,0.0,0.0009253466050479915
text+audio_text_ln_lrh0.001_frozen_e5_s42,523,1,1.13063,3.5077,0.0,0.0009249911126910772
text+audio_text_ln_lrh0.001_frozen_e5_s42,524,1,0.99058,4.9654,0.0,0.0009246356203341628
text+audio_text_ln_lrh0.001_frozen_e5_s42,525,1,1.33408,5.0341,0.0,0.0009242801279772485
text+audio_text_ln_lrh0.001_frozen_e5_s42,526,1,1.77583,4.3307,0.0,0.0009239246356203342
text+audio_text_ln_lrh0.001_frozen_e5_s42,527,1,1.44634,3.6394,0.0,0.0009235691432634199
text+audio_text_ln_lrh0.001_frozen_e5_s42,528,1,1.10284,3.1209,0.0,0.0009232136509065055
text+audio_text_ln_lrh0.001_frozen_e5_s42,529,1,1.61108,3.1841,0.0,0.0009228581585495912
text+audio_text_ln_lrh0.001_frozen_e5_s42,530,1,1.00023,3.1695,0.0,0.0009225026661926768
text+audio_text_ln_lrh0.001_frozen_e5_s42,531,1,1.77923,5.6967,0.0,0.0009221471738357625
text+audio_text_ln_lrh0.001_frozen_e5_s42,532,1,1.16764,2.692,0.0,0.0009217916814788482
text+audio_text_ln_lrh0.001_frozen_e5_s42,533,1,1.4429,4.3076,0.0,0.0009214361891219339
text+audio_text_ln_lrh0.001_frozen_e5_s42,534,1,0.8939,2.9334,0.0,0.0009210806967650196
text+audio_text_ln_lrh0.001_frozen_e5_s42,535,1,1.84965,4.014,0.0,0.0009207252044081053
text+audio_text_ln_lrh0.001_frozen_e5_s42,536,1,1.32435,4.3016,0.0,0.0009203697120511909
text+audio_text_ln_lrh0.001_frozen_e5_s42,537,1,1.43465,4.1602,0.0,0.0009200142196942766
text+audio_text_ln_lrh0.001_frozen_e5_s42,538,1,1.3008,3.1125,0.0,0.0009196587273373622
text+audio_text_ln_lrh0.001_frozen_e5_s42,539,1,1.26923,2.4404,0.0,0.000919303234980448
text+audio_text_ln_lrh0.001_frozen_e5_s42,540,1,1.36031,3.6926,0.0,0.0009189477426235337
text+audio_text_ln_lrh0.001_frozen_e5_s42,541,1,1.22363,2.6971,0.0,0.0009185922502666193
text+audio_text_ln_lrh0.001_frozen_e5_s42,542,1,1.12908,2.4041,0.0,0.000918236757909705
text+audio_text_ln_lrh0.001_frozen_e5_s42,543,1,0.99466,2.7356,0.0,0.0009178812655527906
text+audio_text_ln_lrh0.001_frozen_e5_s42,544,1,1.40572,3.346,0.0,0.0009175257731958762
text+audio_text_ln_lrh0.001_frozen_e5_s42,545,1,1.17158,3.9976,0.0,0.000917170280838962
text+audio_text_ln_lrh0.001_frozen_e5_s42,546,1,1.3496,3.4311,0.0,0.0009168147884820477
text+audio_text_ln_lrh0.001_frozen_e5_s42,547,1,1.43939,5.3557,0.0,0.0009164592961251333
text+audio_text_ln_lrh0.001_frozen_e5_s42,548,1,1.75904,4.8732,0.0,0.000916103803768219
text+audio_text_ln_lrh0.001_frozen_e5_s42,549,1,1.12988,3.7856,0.0,0.0009157483114113047
text+audio_text_ln_lrh0.001_frozen_e5_s42,550,1,1.32428,3.5436,0.0,0.0009153928190543903
text+audio_text_ln_lrh0.001_frozen_e5_s42,551,1,1.43241,4.9965,0.0,0.000915037326697476
text+audio_text_ln_lrh0.001_frozen_e5_s42,552,1,1.00926,2.1658,0.0,0.0009146818343405618
text+audio_text_ln_lrh0.001_frozen_e5_s42,553,1,1.37735,4.4681,0.0,0.0009143263419836474
text+audio_text_ln_lrh0.001_frozen_e5_s42,554,1,1.21487,2.8291,0.0,0.0009139708496267331
text+audio_text_ln_lrh0.001_frozen_e5_s42,555,1,1.24591,2.9986,0.0,0.0009136153572698187
text+audio_text_ln_lrh0.001_frozen_e5_s42,556,1,1.56342,2.9256,0.0,0.0009132598649129044
text+audio_text_ln_lrh0.001_frozen_e5_s42,557,1,1.60154,5.8407,0.0,0.00091290437255599
text+audio_text_ln_lrh0.001_frozen_e5_s42,558,1,1.12527,3.215,0.0,0.0009125488801990757
text+audio_text_ln_lrh0.001_frozen_e5_s42,559,1,1.14898,4.1366,0.0,0.0009121933878421614
text+audio_text_ln_lrh0.001_frozen_e5_s42,560,1,1.5012,2.9592,0.0,0.0009118378954852471
text+audio_text_ln_lrh0.001_frozen_e5_s42,561,1,1.28212,3.8453,0.0,0.0009114824031283327
text+audio_text_ln_lrh0.001_frozen_e5_s42,562,1,1.45431,4.456,0.0,0.0009111269107714184
text+audio_text_ln_lrh0.001_frozen_e5_s42,563,1,1.16626,2.9612,0.0,0.0009107714184145041
text+audio_text_ln_lrh0.001_frozen_e5_s42,564,1,1.32783,4.6168,0.0,0.0009104159260575898
text+audio_text_ln_lrh0.001_frozen_e5_s42,565,1,1.34659,5.5578,0.0,0.0009100604337006755
text+audio_text_ln_lrh0.001_frozen_e5_s42,566,1,1.58533,3.7054,0.0,0.0009097049413437612
text+audio_text_ln_lrh0.001_frozen_e5_s42,567,1,1.70693,5.4939,0.0,0.0009093494489868468
text+audio_text_ln_lrh0.001_frozen_e5_s42,568,1,1.56962,3.1638,0.0,0.0009089939566299325
text+audio_text_ln_lrh0.001_frozen_e5_s42,569,1,1.45472,5.0243,0.0,0.0009086384642730181
text+audio_text_ln_lrh0.001_frozen_e5_s42,570,1,1.49297,3.8016,0.0,0.0009082829719161039
text+audio_text_ln_lrh0.001_frozen_e5_s42,571,1,1.58381,4.0642,0.0,0.0009079274795591896
text+audio_text_ln_lrh0.001_frozen_e5_s42,572,1,1.4641,3.3501,0.0,0.0009075719872022751
text+audio_text_ln_lrh0.001_frozen_e5_s42,573,1,1.22535,4.1298,0.0,0.0009072164948453608
text+audio_text_ln_lrh0.001_frozen_e5_s42,574,1,1.54773,2.8479,0.0,0.0009068610024884465
text+audio_text_ln_lrh0.001_frozen_e5_s42,575,1,1.61636,3.2895,0.0,0.0009065055101315321
text+audio_text_ln_lrh0.001_frozen_e5_s42,576,1,1.12503,2.9751,0.0,0.0009061500177746179
text+audio_text_ln_lrh0.001_frozen_e5_s42,577,1,1.10786,2.6224,0.0,0.0009057945254177036
text+audio_text_ln_lrh0.001_frozen_e5_s42,578,1,1.2678,3.9885,0.0,0.0009054390330607892
text+audio_text_ln_lrh0.001_frozen_e5_s42,579,1,1.3976,2.7668,0.0,0.0009050835407038749
text+audio_text_ln_lrh0.001_frozen_e5_s42,580,1,1.47505,3.5999,0.0,0.0009047280483469606
text+audio_text_ln_lrh0.001_frozen_e5_s42,581,1,1.25969,3.5597,0.0,0.0009043725559900462
text+audio_text_ln_lrh0.001_frozen_e5_s42,582,1,1.48139,3.8089,0.0,0.0009040170636331319
text+audio_text_ln_lrh0.001_frozen_e5_s42,583,1,1.70532,4.4787,0.0,0.0009036615712762176
text+audio_text_ln_lrh0.001_frozen_e5_s42,584,1,1.49435,3.7573,0.0,0.0009033060789193033
text+audio_text_ln_lrh0.001_frozen_e5_s42,585,1,1.41884,3.5638,0.0,0.000902950586562389
text+audio_text_ln_lrh0.001_frozen_e5_s42,586,1,1.49834,3.6686,0.0,0.0009025950942054745
text+audio_text_ln_lrh0.001_frozen_e5_s42,587,1,1.58195,4.1375,0.0,0.0009022396018485602
text+audio_text_ln_lrh0.001_frozen_e5_s42,588,1,1.21546,2.6185,0.0,0.0009018841094916459
text+audio_text_ln_lrh0.001_frozen_e5_s42,589,1,1.49986,3.9054,0.0,0.0009015286171347316
text+audio_text_ln_lrh0.001_frozen_e5_s42,590,1,1.72509,3.7018,0.0,0.0009011731247778173
text+audio_text_ln_lrh0.001_frozen_e5_s42,591,1,1.3406,2.606,0.0,0.000900817632420903
text+audio_text_ln_lrh0.001_frozen_e5_s42,592,1,1.72529,3.1295,0.0,0.0009004621400639886
text+audio_text_ln_lrh0.001_frozen_e5_s42,593,1,1.29325,3.0104,0.0,0.0009001066477070743
text+audio_text_ln_lrh0.001_frozen_e5_s42,594,1,1.22324,3.6868,0.0,0.00089975115535016
text+audio_text_ln_lrh0.001_frozen_e5_s42,595,1,1.3092,4.6704,0.0,0.0008993956629932457
text+audio_text_ln_lrh0.001_frozen_e5_s42,596,1,1.7323,4.0709,0.0,0.0008990401706363314
text+audio_text_ln_lrh0.001_frozen_e5_s42,597,1,1.08084,3.4919,0.0,0.000898684678279417
text+audio_text_ln_lrh0.001_frozen_e5_s42,598,1,1.18613,3.4294,0.0,0.0008983291859225027
text+audio_text_ln_lrh0.001_frozen_e5_s42,599,1,1.28913,3.5128,0.0,0.0008979736935655884
text+audio_text_ln_lrh0.001_frozen_e5_s42,600,1,1.70234,4.0297,0.0,0.000897618201208674
text+audio_text_ln_lrh0.001_frozen_e5_s42,601,1,1.76978,5.3565,0.0,0.0008972627088517597
text+audio_text_ln_lrh0.001_frozen_e5_s42,602,1,1.22676,4.1797,0.0,0.0008969072164948454
text+audio_text_ln_lrh0.001_frozen_e5_s42,603,1,1.61323,4.4874,0.0,0.000896551724137931
text+audio_text_ln_lrh0.001_frozen_e5_s42,604,1,1.27578,4.4354,0.0,0.0008961962317810167
text+audio_text_ln_lrh0.001_frozen_e5_s42,605,1,1.66535,3.3817,0.0,0.0008958407394241024
text+audio_text_ln_lrh0.001_frozen_e5_s42,606,1,1.13352,4.1718,0.0,0.000895485247067188
text+audio_text_ln_lrh0.001_frozen_e5_s42,607,1,1.0359,5.9854,0.0,0.0008951297547102738
text+audio_text_ln_lrh0.001_frozen_e5_s42,608,1,1.45826,3.4429,0.0,0.0008947742623533595
text+audio_text_ln_lrh0.001_frozen_e5_s42,609,1,1.18929,5.553,0.0,0.0008944187699964451
text+audio_text_ln_lrh0.001_frozen_e5_s42,610,1,1.53052,2.9141,0.0,0.0008940632776395308
text+audio_text_ln_lrh0.001_frozen_e5_s42,611,1,1.23089,3.2223,0.0,0.0008937077852826164
text+audio_text_ln_lrh0.001_frozen_e5_s42,612,1,1.37002,3.3496,0.0,0.0008933522929257021
text+audio_text_ln_lrh0.001_frozen_e5_s42,613,1,1.70061,6.3907,0.0,0.0008929968005687878
text+audio_text_ln_lrh0.001_frozen_e5_s42,614,1,1.40288,3.1481,0.0,0.0008926413082118735
text+audio_text_ln_lrh0.001_frozen_e5_s42,615,1,1.75383,4.3216,0.0,0.0008922858158549592
text+audio_text_ln_lrh0.001_frozen_e5_s42,616,1,1.86518,6.5623,0.0,0.0008919303234980448
text+audio_text_ln_lrh0.001_frozen_e5_s42,617,1,1.33745,3.8216,0.0,0.0008915748311411304
text+audio_text_ln_lrh0.001_frozen_e5_s42,618,1,1.09662,3.9194,0.0,0.0008912193387842161
text+audio_text_ln_lrh0.001_frozen_e5_s42,619,1,1.22685,2.8928,0.0,0.0008908638464273018
text+audio_text_ln_lrh0.001_frozen_e5_s42,620,1,1.79887,4.3206,0.0,0.0008905083540703875
text+audio_text_ln_lrh0.001_frozen_e5_s42,621,1,1.6158,4.7535,0.0,0.0008901528617134732
text+audio_text_ln_lrh0.001_frozen_e5_s42,622,1,1.41015,3.9899,0.0,0.0008897973693565589
text+audio_text_ln_lrh0.001_frozen_e5_s42,623,1,1.30669,3.3754,0.0,0.0008894418769996445
text+audio_text_ln_lrh0.001_frozen_e5_s42,624,1,1.51309,2.8238,0.0,0.0008890863846427302
text+audio_text_ln_lrh0.001_frozen_e5_s42,625,1,1.86306,7.4689,0.0,0.0008887308922858158
text+audio_text_ln_lrh0.001_frozen_e5_s42,626,2,1.41114,4.0078,0.0,0.0008883753999289016
text+audio_text_ln_lrh0.001_frozen_e5_s42,627,2,1.05693,3.1977,0.0,0.0008880199075719873
text+audio_text_ln_lrh0.001_frozen_e5_s42,628,2,0.78178,3.5674,0.0,0.0008876644152150729
text+audio_text_ln_lrh0.001_frozen_e5_s42,629,2,1.49279,3.855,0.0,0.0008873089228581586
text+audio_text_ln_lrh0.001_frozen_e5_s42,630,2,1.65959,6.4658,0.0,0.0008869534305012442
text+audio_text_ln_lrh0.001_frozen_e5_s42,631,2,1.23511,3.9629,0.0,0.0008865979381443298
text+audio_text_ln_lrh0.001_frozen_e5_s42,632,2,1.21198,2.3235,0.0,0.0008862424457874156
text+audio_text_ln_lrh0.001_frozen_e5_s42,633,2,1.05593,2.6254,0.0,0.0008858869534305013
text+audio_text_ln_lrh0.001_frozen_e5_s42,634,2,1.18373,2.4528,0.0,0.0008855314610735869
text+audio_text_ln_lrh0.001_frozen_e5_s42,635,2,1.28037,2.6094,0.0,0.0008851759687166726
text+audio_text_ln_lrh0.001_frozen_e5_s42,636,2,0.84173,3.3784,0.0,0.0008848204763597583
text+audio_text_ln_lrh0.001_frozen_e5_s42,637,2,1.49052,3.5199,0.0,0.0008844649840028439
text+audio_text_ln_lrh0.001_frozen_e5_s42,638,2,0.86431,2.5541,0.0,0.0008841094916459296
text+audio_text_ln_lrh0.001_frozen_e5_s42,639,2,1.44951,3.3084,0.0,0.0008837539992890154
text+audio_text_ln_lrh0.001_frozen_e5_s42,640,2,1.67304,4.5866,0.0,0.000883398506932101
text+audio_text_ln_lrh0.001_frozen_e5_s42,641,2,1.37686,2.7322,0.0,0.0008830430145751867
text+audio_text_ln_lrh0.001_frozen_e5_s42,642,2,1.52958,4.3289,0.0,0.0008826875222182723
text+audio_text_ln_lrh0.001_frozen_e5_s42,643,2,1.3914,2.7296,0.0,0.000882332029861358
text+audio_text_ln_lrh0.001_frozen_e5_s42,644,2,1.15513,3.9129,0.0,0.0008819765375044437
text+audio_text_ln_lrh0.001_frozen_e5_s42,645,2,1.29154,4.2314,0.0,0.0008816210451475293
text+audio_text_ln_lrh0.001_frozen_e5_s42,646,2,1.09231,3.5402,0.0,0.000881265552790615
text+audio_text_ln_lrh0.001_frozen_e5_s42,647,2,1.67787,3.1809,0.0,0.0008809100604337007
text+audio_text_ln_lrh0.001_frozen_e5_s42,648,2,1.44248,2.4544,0.0,0.0008805545680767863
text+audio_text_ln_lrh0.001_frozen_e5_s42,649,2,1.35378,5.4072,0.0,0.000880199075719872
text+audio_text_ln_lrh0.001_frozen_e5_s42,650,2,1.04437,2.3554,0.0,0.0008798435833629577
text+audio_text_ln_lrh0.001_frozen_e5_s42,651,2,1.5155,3.0332,0.0,0.0008794880910060434
text+audio_text_ln_lrh0.001_frozen_e5_s42,652,2,1.25246,2.9255,0.0,0.0008791325986491291
text+audio_text_ln_lrh0.001_frozen_e5_s42,653,2,1.45758,3.3265,0.0,0.0008787771062922148
text+audio_text_ln_lrh0.001_frozen_e5_s42,654,2,1.18772,3.1653,0.0,0.0008784216139353004
text+audio_text_ln_lrh0.001_frozen_e5_s42,655,2,1.34738,3.6125,0.0,0.0008780661215783861
text+audio_text_ln_lrh0.001_frozen_e5_s42,656,2,1.57105,3.2705,0.0,0.0008777106292214717
text+audio_text_ln_lrh0.001_frozen_e5_s42,657,2,0.66737,2.7232,0.0,0.0008773551368645575
text+audio_text_ln_lrh0.001_frozen_e5_s42,658,2,1.04026,2.8497,0.0,0.0008769996445076432
text+audio_text_ln_lrh0.001_frozen_e5_s42,659,2,1.74485,6.724,0.0,0.0008766441521507287
text+audio_text_ln_lrh0.001_frozen_e5_s42,660,2,0.90801,2.7163,0.0,0.0008762886597938144
text+audio_text_ln_lrh0.001_frozen_e5_s42,661,2,1.61142,6.1782,0.0,0.0008759331674369001
text+audio_text_ln_lrh0.001_frozen_e5_s42,662,2,0.95165,3.1761,0.0,0.0008755776750799857
text+audio_text_ln_lrh0.001_frozen_e5_s42,663,2,1.21096,3.5171,0.0,0.0008752221827230715
text+audio_text_ln_lrh0.001_frozen_e5_s42,664,2,1.39776,3.329,0.0,0.0008748666903661572
text+audio_text_ln_lrh0.001_frozen_e5_s42,665,2,1.13437,2.8825,0.0,0.0008745111980092428
text+audio_text_ln_lrh0.001_frozen_e5_s42,666,2,1.24552,3.4487,0.0,0.0008741557056523285
text+audio_text_ln_lrh0.001_frozen_e5_s42,667,2,1.32555,3.2017,0.0,0.0008738002132954142
text+audio_text_ln_lrh0.001_frozen_e5_s42,668,2,1.26517,3.0078,0.0,0.0008734447209384998
text+audio_text_ln_lrh0.001_frozen_e5_s42,669,2,0.99962,3.4703,0.0,0.0008730892285815855
text+audio_text_ln_lrh0.001_frozen_e5_s42,670,2,1.18311,5.2772,0.0,0.0008727337362246712
text+audio_text_ln_lrh0.001_frozen_e5_s42,671,2,1.58915,5.3897,0.0,0.0008723782438677569
text+audio_text_ln_lrh0.001_frozen_e5_s42,672,2,1.5211,3.5906,0.0,0.0008720227515108426
text+audio_text_ln_lrh0.001_frozen_e5_s42,673,2,1.39438,2.4053,0.0,0.0008716672591539281
text+audio_text_ln_lrh0.001_frozen_e5_s42,674,2,1.11951,2.891,0.0,0.0008713117667970138
text+audio_text_ln_lrh0.001_frozen_e5_s42,675,2,0.89685,3.9104,0.0,0.0008709562744400995
text+audio_text_ln_lrh0.001_frozen_e5_s42,676,2,1.09924,2.6032,0.0,0.0008706007820831852
text+audio_text_ln_lrh0.001_frozen_e5_s42,677,2,1.3466,3.0554,0.0,0.0008702452897262709
text+audio_text_ln_lrh0.001_frozen_e5_s42,678,2,1.87736,4.4524,0.0,0.0008698897973693566
text+audio_text_ln_lrh0.001_frozen_e5_s42,679,2,0.88197,2.2339,0.0,0.0008695343050124422
text+audio_text_ln_lrh0.001_frozen_e5_s42,680,2,1.28099,4.1417,0.0,0.0008691788126555279
text+audio_text_ln_lrh0.001_frozen_e5_s42,681,2,1.10703,3.8076,0.0,0.0008688233202986136
text+audio_text_ln_lrh0.001_frozen_e5_s42,682,2,0.86745,4.2284,0.0,0.0008684678279416993
text+audio_text_ln_lrh0.001_frozen_e5_s42,683,2,0.81855,3.4488,0.0,0.000868112335584785
text+audio_text_ln_lrh0.001_frozen_e5_s42,684,2,1.13858,2.3302,0.0,0.0008677568432278706
text+audio_text_ln_lrh0.001_frozen_e5_s42,685,2,1.06148,4.0953,0.0,0.0008674013508709563
text+audio_text_ln_lrh0.001_frozen_e5_s42,686,2,1.27104,3.7115,0.0,0.000867045858514042
text+audio_text_ln_lrh0.001_frozen_e5_s42,687,2,1.55516,5.5993,0.0,0.0008666903661571276
text+audio_text_ln_lrh0.001_frozen_e5_s42,688,2,1.6047,4.2402,0.0,0.0008663348738002134
text+audio_text_ln_lrh0.001_frozen_e5_s42,689,2,1.32953,3.9212,0.0,0.000865979381443299
text+audio_text_ln_lrh0.001_frozen_e5_s42,690,2,1.00679,3.1726,0.0,0.0008656238890863846
text+audio_text_ln_lrh0.001_frozen_e5_s42,691,2,1.22393,5.8651,0.0,0.0008652683967294703
text+audio_text_ln_lrh0.001_frozen_e5_s42,692,2,1.552,3.9307,0.0,0.000864912904372556
text+audio_text_ln_lrh0.001_frozen_e5_s42,693,2,1.65414,4.4449,0.0,0.0008645574120156416
text+audio_text_ln_lrh0.001_frozen_e5_s42,694,2,1.5559,4.2128,0.0,0.0008642019196587274
text+audio_text_ln_lrh0.001_frozen_e5_s42,695,2,1.38312,3.7677,0.0,0.0008638464273018131
text+audio_text_ln_lrh0.001_frozen_e5_s42,696,2,1.29563,5.3518,0.0,0.0008634909349448987
text+audio_text_ln_lrh0.001_frozen_e5_s42,697,2,1.27237,3.7943,0.0,0.0008631354425879844
text+audio_text_ln_lrh0.001_frozen_e5_s42,698,2,0.80171,2.632,0.0,0.0008627799502310701
text+audio_text_ln_lrh0.001_frozen_e5_s42,699,2,1.57652,3.46,0.0,0.0008624244578741557
text+audio_text_ln_lrh0.001_frozen_e5_s42,700,2,1.58123,3.7962,0.0,0.0008620689655172414
text+audio_text_ln_lrh0.001_frozen_e5_s42,701,2,1.67539,5.9182,0.0,0.0008617134731603271
text+audio_text_ln_lrh0.001_frozen_e5_s42,702,2,1.56153,4.7762,0.0,0.0008613579808034128
text+audio_text_ln_lrh0.001_frozen_e5_s42,703,2,1.45001,3.2688,0.0,0.0008610024884464985
text+audio_text_ln_lrh0.001_frozen_e5_s42,704,2,1.30188,2.8381,0.0,0.000860646996089584
text+audio_text_ln_lrh0.001_frozen_e5_s42,705,2,1.31588,2.6727,0.0,0.0008602915037326697
text+audio_text_ln_lrh0.001_frozen_e5_s42,706,2,1.2635,4.0527,0.0,0.0008599360113757554
text+audio_text_ln_lrh0.001_frozen_e5_s42,707,2,1.1755,2.6519,0.0,0.0008595805190188411
text+audio_text_ln_lrh0.001_frozen_e5_s42,708,2,1.54278,3.6822,0.0,0.0008592250266619268
text+audio_text_ln_lrh0.001_frozen_e5_s42,709,2,1.45865,4.3544,0.0,0.0008588695343050125
text+audio_text_ln_lrh0.001_frozen_e5_s42,710,2,1.8877,5.7828,0.0,0.0008585140419480981
text+audio_text_ln_lrh0.001_frozen_e5_s42,711,2,1.20148,2.7917,0.0,0.0008581585495911838
text+audio_text_ln_lrh0.001_frozen_e5_s42,712,2,1.14044,5.7004,0.0,0.0008578030572342695
text+audio_text_ln_lrh0.001_frozen_e5_s42,713,2,1.50328,3.3896,0.0,0.0008574475648773552
text+audio_text_ln_lrh0.001_frozen_e5_s42,714,2,1.14038,3.3731,0.0,0.0008570920725204409
text+audio_text_ln_lrh0.001_frozen_e5_s42,715,2,1.24788,3.3073,0.0,0.0008567365801635265
text+audio_text_ln_lrh0.001_frozen_e5_s42,716,2,1.36762,3.4396,0.0,0.0008563810878066122
text+audio_text_ln_lrh0.001_frozen_e5_s42,717,2,1.44863,5.1034,0.0,0.0008560255954496979
text+audio_text_ln_lrh0.001_frozen_e5_s42,718,2,1.215,2.6081,0.0,0.0008556701030927834
text+audio_text_ln_lrh0.001_frozen_e5_s42,719,2,1.38259,3.1866,0.0,0.0008553146107358692
text+audio_text_ln_lrh0.001_frozen_e5_s42,720,2,1.04198,3.0232,0.0,0.0008549591183789549
text+audio_text_ln_lrh0.001_frozen_e5_s42,721,2,1.01638,3.5111,0.0,0.0008546036260220405
text+audio_text_ln_lrh0.001_frozen_e5_s42,722,2,1.28675,3.9189,0.0,0.0008542481336651262
text+audio_text_ln_lrh0.001_frozen_e5_s42,723,2,1.26214,2.6686,0.0,0.0008538926413082119
text+audio_text_ln_lrh0.001_frozen_e5_s42,724,2,1.17625,3.9253,0.0,0.0008535371489512975
text+audio_text_ln_lrh0.001_frozen_e5_s42,725,2,0.92671,3.7139,0.0,0.0008531816565943833
text+audio_text_ln_lrh0.001_frozen_e5_s42,726,2,1.03677,2.7761,0.0,0.000852826164237469
text+audio_text_ln_lrh0.001_frozen_e5_s42,727,2,1.11811,2.9806,0.0,0.0008524706718805546
text+audio_text_ln_lrh0.001_frozen_e5_s42,728,2,0.89515,2.7495,0.0,0.0008521151795236403
text+audio_text_ln_lrh0.001_frozen_e5_s42,729,2,1.73987,4.5951,0.0,0.0008517596871667259
text+audio_text_ln_lrh0.001_frozen_e5_s42,730,2,1.20909,4.2284,0.0,0.0008514041948098116
text+audio_text_ln_lrh0.001_frozen_e5_s42,731,2,1.59782,7.4519,0.0,0.0008510487024528973
text+audio_text_ln_lrh0.001_frozen_e5_s42,732,2,1.29774,4.0041,0.0,0.000850693210095983
text+audio_text_ln_lrh0.001_frozen_e5_s42,733,2,1.17124,4.7013,0.0,0.0008503377177390686
text+audio_text_ln_lrh0.001_frozen_e5_s42,734,2,0.81418,3.3473,0.0,0.0008499822253821543
text+audio_text_ln_lrh0.001_frozen_e5_s42,735,2,0.86145,3.2126,0.0,0.0008496267330252399
text+audio_text_ln_lrh0.001_frozen_e5_s42,736,2,1.12217,2.4988,0.0,0.0008492712406683256
text+audio_text_ln_lrh0.001_frozen_e5_s42,737,2,1.04073,2.6981,0.0,0.0008489157483114113
text+audio_text_ln_lrh0.001_frozen_e5_s42,738,2,0.81782,3.3926,0.0,0.000848560255954497
text+audio_text_ln_lrh0.001_frozen_e5_s42,739,2,1.14898,4.7494,0.0,0.0008482047635975827
text+audio_text_ln_lrh0.001_frozen_e5_s42,740,2,1.15201,3.1518,0.0,0.0008478492712406684
text+audio_text_ln_lrh0.001_frozen_e5_s42,741,2,1.59496,4.2959,0.0,0.000847493778883754
text+audio_text_ln_lrh0.001_frozen_e5_s42,742,2,1.16818,3.235,0.0,0.0008471382865268397
text+audio_text_ln_lrh0.001_frozen_e5_s42,743,2,1.42049,2.9526,0.0,0.0008467827941699253
text+audio_text_ln_lrh0.001_frozen_e5_s42,744,2,1.19549,4.1527,0.0,0.0008464273018130111
text+audio_text_ln_lrh0.001_frozen_e5_s42,745,2,1.14164,3.1868,0.0,0.0008460718094560968
text+audio_text_ln_lrh0.001_frozen_e5_s42,746,2,1.52243,5.925,0.0,0.0008457163170991824
text+audio_text_ln_lrh0.001_frozen_e5_s42,747,2,1.40528,4.1522,0.0,0.000845360824742268
text+audio_text_ln_lrh0.001_frozen_e5_s42,748,2,1.2087,3.0563,0.0,0.0008450053323853537
text+audio_text_ln_lrh0.001_frozen_e5_s42,749,2,1.6912,3.4506,0.0,0.0008446498400284393
text+audio_text_ln_lrh0.001_frozen_e5_s42,750,2,1.06096,2.9664,0.0,0.0008442943476715251
text+audio_text_ln_lrh0.001_frozen_e5_s42,751,2,1.31309,3.4133,0.0,0.0008439388553146108
text+audio_text_ln_lrh0.001_frozen_e5_s42,752,2,1.3701,3.4594,0.0,0.0008435833629576964
text+audio_text_ln_lrh0.001_frozen_e5_s42,753,2,1.03176,3.3856,0.0,0.0008432278706007821
text+audio_text_ln_lrh0.001_frozen_e5_s42,754,2,1.13353,4.7046,0.0,0.0008428723782438678
text+audio_text_ln_lrh0.001_frozen_e5_s42,755,2,1.32417,4.5245,0.0,0.0008425168858869534
text+audio_text_ln_lrh0.001_frozen_e5_s42,756,2,1.07325,2.8593,0.0,0.0008421613935300392
text+audio_text_ln_lrh0.001_frozen_e5_s42,757,2,1.07066,2.571,0.0,0.0008418059011731248
text+audio_text_ln_lrh0.001_frozen_e5_s42,758,2,1.15532,2.8719,0.0,0.0008414504088162105
text+audio_text_ln_lrh0.001_frozen_e5_s42,759,2,0.94253,3.2058,0.0,0.0008410949164592962
text+audio_text_ln_lrh0.001_frozen_e5_s42,760,2,1.21969,2.9146,0.0,0.0008407394241023818
text+audio_text_ln_lrh0.001_frozen_e5_s42,761,2,0.88353,4.8196,0.0,0.0008403839317454674
text+audio_text_ln_lrh0.001_frozen_e5_s42,762,2,1.07929,2.9403,0.0,0.0008400284393885531
text+audio_text_ln_lrh0.001_frozen_e5_s42,763,2,0.87376,3.695,0.0,0.0008396729470316388
text+audio_text_ln_lrh0.001_frozen_e5_s42,764,2,1.27516,6.4338,0.0,0.0008393174546747245
text+audio_text_ln_lrh0.001_frozen_e5_s42,765,2,0.99848,3.7182,0.0,0.0008389619623178102
text+audio_text_ln_lrh0.001_frozen_e5_s42,766,2,1.5663,4.3094,0.0,0.0008386064699608958
text+audio_text_ln_lrh0.001_frozen_e5_s42,767,2,1.4063,7.9585,0.0,0.0008382509776039815
text+audio_text_ln_lrh0.001_frozen_e5_s42,768,2,0.76971,2.4358,0.0,0.0008378954852470672
text+audio_text_ln_lrh0.001_frozen_e5_s42,769,2,1.36498,3.9829,0.0,0.0008375399928901529
text+audio_text_ln_lrh0.001_frozen_e5_s42,770,2,1.78671,4.6518,0.0,0.0008371845005332386
text+audio_text_ln_lrh0.001_frozen_e5_s42,771,2,0.83246,3.8618,0.0,0.0008368290081763243
text+audio_text_ln_lrh0.001_frozen_e5_s42,772,2,0.99774,6.6779,0.0,0.0008364735158194099
text+audio_text_ln_lrh0.001_frozen_e5_s42,773,2,1.10721,4.5405,0.0,0.0008361180234624956
text+audio_text_ln_lrh0.001_frozen_e5_s42,774,2,0.99568,2.6312,0.0,0.0008357625311055812
text+audio_text_ln_lrh0.001_frozen_e5_s42,775,2,1.2708,3.4328,0.0,0.000835407038748667
text+audio_text_ln_lrh0.001_frozen_e5_s42,776,2,1.44086,6.6931,0.0,0.0008350515463917527
text+audio_text_ln_lrh0.001_frozen_e5_s42,777,2,1.26687,5.6515,0.0,0.0008346960540348382
text+audio_text_ln_lrh0.001_frozen_e5_s42,778,2,1.24848,4.4662,0.0,0.0008343405616779239
text+audio_text_ln_lrh0.001_frozen_e5_s42,779,2,1.08378,2.407,0.0,0.0008339850693210096
text+audio_text_ln_lrh0.001_frozen_e5_s42,780,2,1.07772,2.36,0.0,0.0008336295769640952
text+audio_text_ln_lrh0.001_frozen_e5_s42,781,2,0.81317,3.1691,0.0,0.000833274084607181
text+audio_text_ln_lrh0.001_frozen_e5_s42,782,2,0.79883,1.9175,0.0,0.0008329185922502667
text+audio_text_ln_lrh0.001_frozen_e5_s42,783,2,2.44826,11.3937,0.0,0.0008325630998933523
text+audio_text_ln_lrh0.001_frozen_e5_s42,784,2,1.44618,7.1123,0.0,0.000832207607536438
text+audio_text_ln_lrh0.001_frozen_e5_s42,785,2,1.82875,9.4207,0.0,0.0008318521151795237
text+audio_text_ln_lrh0.001_frozen_e5_s42,786,2,2.16303,11.641,0.0,0.0008314966228226093
text+audio_text_ln_lrh0.001_frozen_e5_s42,787,2,1.55738,5.7508,0.0,0.000831141130465695
text+audio_text_ln_lrh0.001_frozen_e5_s42,788,2,1.07407,3.8565,0.0,0.0008307856381087807
text+audio_text_ln_lrh0.001_frozen_e5_s42,789,2,1.10968,4.3519,0.0,0.0008304301457518664
text+audio_text_ln_lrh0.001_frozen_e5_s42,790,2,0.81198,2.8913,0.0,0.0008300746533949521
text+audio_text_ln_lrh0.001_frozen_e5_s42,791,2,1.06606,2.7659,0.0,0.0008297191610380376
text+audio_text_ln_lrh0.001_frozen_e5_s42,792,2,1.4076,4.0252,0.0,0.0008293636686811233
text+audio_text_ln_lrh0.001_frozen_e5_s42,793,2,1.33675,3.1269,0.0,0.000829008176324209
text+audio_text_ln_lrh0.001_frozen_e5_s42,794,2,1.23162,3.5695,0.0,0.0008286526839672947
text+audio_text_ln_lrh0.001_frozen_e5_s42,795,2,1.44729,7.3984,0.0,0.0008282971916103804
text+audio_text_ln_lrh0.001_frozen_e5_s42,796,2,1.07297,3.4543,0.0,0.0008279416992534661
text+audio_text_ln_lrh0.001_frozen_e5_s42,797,2,1.4946,3.3958,0.0,0.0008275862068965517
text+audio_text_ln_lrh0.001_frozen_e5_s42,798,2,1.0494,3.7082,0.0,0.0008272307145396374
text+audio_text_ln_lrh0.001_frozen_e5_s42,799,2,1.02242,5.1179,0.0,0.0008268752221827231
text+audio_text_ln_lrh0.001_frozen_e5_s42,800,2,1.49928,4.1434,0.0,0.0008265197298258088
text+audio_text_ln_lrh0.001_frozen_e5_s42,801,2,0.94213,2.4238,0.0,0.0008261642374688945
text+audio_text_ln_lrh0.001_frozen_e5_s42,802,2,0.8726,2.4882,0.0,0.0008258087451119801
text+audio_text_ln_lrh0.001_frozen_e5_s42,803,2,1.44074,3.3452,0.0,0.0008254532527550658
text+audio_text_ln_lrh0.001_frozen_e5_s42,804,2,1.61492,4.0747,0.0,0.0008250977603981515
text+audio_text_ln_lrh0.001_frozen_e5_s42,805,2,1.08111,3.515,0.0,0.000824742268041237
text+audio_text_ln_lrh0.001_frozen_e5_s42,806,2,1.32832,3.5131,0.0,0.0008243867756843228
text+audio_text_ln_lrh0.001_frozen_e5_s42,807,2,1.2857,2.4324,0.0,0.0008240312833274085
text+audio_text_ln_lrh0.001_frozen_e5_s42,808,2,0.9561,3.1011,0.0,0.0008236757909704941
text+audio_text_ln_lrh0.001_frozen_e5_s42,809,2,1.29975,4.7535,0.0,0.0008233202986135798
text+audio_text_ln_lrh0.001_frozen_e5_s42,810,2,1.00682,3.318,0.0,0.0008229648062566655
text+audio_text_ln_lrh0.001_frozen_e5_s42,811,2,1.20245,4.7545,0.0,0.0008226093138997511
text+audio_text_ln_lrh0.001_frozen_e5_s42,812,2,1.59478,6.5651,0.0,0.0008222538215428369
text+audio_text_ln_lrh0.001_frozen_e5_s42,813,2,0.83398,3.3308,0.0,0.0008218983291859226
text+audio_text_ln_lrh0.001_frozen_e5_s42,814,2,1.34725,3.209,0.0,0.0008215428368290082
text+audio_text_ln_lrh0.001_frozen_e5_s42,815,2,1.1108,4.1096,0.0,0.0008211873444720939
text+audio_text_ln_lrh0.001_frozen_e5_s42,816,2,1.35309,3.3571,0.0,0.0008208318521151795
text+audio_text_ln_lrh0.001_frozen_e5_s42,817,2,1.20331,2.4007,0.0,0.0008204763597582652
text+audio_text_ln_lrh0.001_frozen_e5_s42,818,2,1.15505,3.2047,0.0,0.0008201208674013509
text+audio_text_ln_lrh0.001_frozen_e5_s42,819,2,0.97538,3.2291,0.0,0.0008197653750444366
text+audio_text_ln_lrh0.001_frozen_e5_s42,820,2,1.11169,3.8358,0.0,0.0008194098826875223
text+audio_text_ln_lrh0.001_frozen_e5_s42,821,2,1.49481,3.8923,0.0,0.0008190543903306079
text+audio_text_ln_lrh0.001_frozen_e5_s42,822,2,1.26639,3.0984,0.0,0.0008186988979736935
text+audio_text_ln_lrh0.001_frozen_e5_s42,823,2,1.07952,4.1779,0.0,0.0008183434056167792
text+audio_text_ln_lrh0.001_frozen_e5_s42,824,2,1.0586,2.8165,0.0,0.0008179879132598649
text+audio_text_ln_lrh0.001_frozen_e5_s42,825,2,1.56282,4.7655,0.0,0.0008176324209029506
text+audio_text_ln_lrh0.001_frozen_e5_s42,826,2,1.14737,3.8012,0.0,0.0008172769285460363
text+audio_text_ln_lrh0.001_frozen_e5_s42,827,2,1.07395,3.0544,0.0,0.000816921436189122
text+audio_text_ln_lrh0.001_frozen_e5_s42,828,2,1.55456,6.324,0.0,0.0008165659438322076
text+audio_text_ln_lrh0.001_frozen_e5_s42,829,2,1.57619,2.7335,0.0,0.0008162104514752933
text+audio_text_ln_lrh0.001_frozen_e5_s42,830,2,1.00247,2.9926,0.0,0.0008158549591183789
text+audio_text_ln_lrh0.001_frozen_e5_s42,831,2,1.47837,6.9422,0.0,0.0008154994667614647
text+audio_text_ln_lrh0.001_frozen_e5_s42,832,2,0.90579,2.7404,0.0,0.0008151439744045504
text+audio_text_ln_lrh0.001_frozen_e5_s42,833,2,1.65719,6.9223,0.0,0.000814788482047636
text+audio_text_ln_lrh0.001_frozen_e5_s42,834,2,1.36663,4.1322,0.0,0.0008144329896907217
text+audio_text_ln_lrh0.001_frozen_e5_s42,835,2,0.94738,3.4822,0.0,0.0008140774973338073
text+audio_text_ln_lrh0.001_frozen_e5_s42,836,2,0.94226,7.3094,0.0,0.0008137220049768929
text+audio_text_ln_lrh0.001_frozen_e5_s42,837,2,1.11756,3.4997,0.0,0.0008133665126199787
text+audio_text_ln_lrh0.001_frozen_e5_s42,838,2,1.13639,2.9764,0.0,0.0008130110202630644
text+audio_text_ln_lrh0.001_frozen_e5_s42,839,2,1.25926,4.472,0.0,0.00081265552790615
text+audio_text_ln_lrh0.001_frozen_e5_s42,840,2,1.34075,3.2314,0.0,0.0008123000355492357
text+audio_text_ln_lrh0.001_frozen_e5_s42,841,2,1.00783,4.8569,0.0,0.0008119445431923214
text+audio_text_ln_lrh0.001_frozen_e5_s42,842,2,0.76798,2.6916,0.0,0.000811589050835407
text+audio_text_ln_lrh0.001_frozen_e5_s42,843,2,1.10494,3.3379,0.0,0.0008112335584784928
text+audio_text_ln_lrh0.001_frozen_e5_s42,844,2,1.26058,3.6141,0.0,0.0008108780661215785
text+audio_text_ln_lrh0.001_frozen_e5_s42,845,2,0.85952,3.5109,0.0,0.0008105225737646641
text+audio_text_ln_lrh0.001_frozen_e5_s42,846,2,1.15296,3.8621,0.0,0.0008101670814077498
text+audio_text_ln_lrh0.001_frozen_e5_s42,847,2,1.24212,2.3643,0.0,0.0008098115890508354
text+audio_text_ln_lrh0.001_frozen_e5_s42,848,2,1.11663,3.0415,0.0,0.0008094560966939211
text+audio_text_ln_lrh0.001_frozen_e5_s42,849,2,1.43736,4.5441,0.0,0.0008091006043370067
text+audio_text_ln_lrh0.001_frozen_e5_s42,850,2,0.79728,3.7382,0.0,0.0008087451119800924
text+audio_text_ln_lrh0.001_frozen_e5_s42,851,2,1.81299,6.7505,0.0,0.0008083896196231781
text+audio_text_ln_lrh0.001_frozen_e5_s42,852,2,1.63989,6.7825,0.0,0.0008080341272662638
text+audio_text_ln_lrh0.001_frozen_e5_s42,853,2,0.92795,2.8091,0.0,0.0008076786349093494
text+audio_text_ln_lrh0.001_frozen_e5_s42,854,2,0.97201,2.307,0.0,0.0008073231425524351
text+audio_text_ln_lrh0.001_frozen_e5_s42,855,2,1.34891,3.4974,0.0,0.0008069676501955208
text+audio_text_ln_lrh0.001_frozen_e5_s42,856,2,1.22367,4.034,0.0,0.0008066121578386065
text+audio_text_ln_lrh0.001_frozen_e5_s42,857,2,1.40919,4.2424,0.0,0.0008062566654816922
text+audio_text_ln_lrh0.001_frozen_e5_s42,858,2,1.20063,3.978,0.0,0.0008059011731247779
text+audio_text_ln_lrh0.001_frozen_e5_s42,859,2,0.86693,4.8261,0.0,0.0008055456807678635
text+audio_text_ln_lrh0.001_frozen_e5_s42,860,2,1.36998,3.0182,0.0,0.0008051901884109492
text+audio_text_ln_lrh0.001_frozen_e5_s42,861,2,1.24882,3.9035,0.0,0.0008048346960540348
text+audio_text_ln_lrh0.001_frozen_e5_s42,862,2,1.05098,5.413,0.0,0.0008044792036971206
text+audio_text_ln_lrh0.001_frozen_e5_s42,863,2,1.36717,3.5654,0.0,0.0008041237113402063
text+audio_text_ln_lrh0.001_frozen_e5_s42,864,2,1.22454,7.0383,0.0,0.0008037682189832918
text+audio_text_ln_lrh0.001_frozen_e5_s42,865,2,1.28101,4.4297,0.0,0.0008034127266263775
text+audio_text_ln_lrh0.001_frozen_e5_s42,866,2,1.60898,4.6182,0.0,0.0008030572342694632
text+audio_text_ln_lrh0.001_frozen_e5_s42,867,2,1.38675,4.8412,0.0,0.0008027017419125488
text+audio_text_ln_lrh0.001_frozen_e5_s42,868,2,1.1849,3.2833,0.0,0.0008023462495556346
text+audio_text_ln_lrh0.001_frozen_e5_s42,869,2,1.22359,4.5548,0.0,0.0008019907571987203
text+audio_text_ln_lrh0.001_frozen_e5_s42,870,2,1.03322,2.4125,0.0,0.0008016352648418059
text+audio_text_ln_lrh0.001_frozen_e5_s42,871,2,1.45768,3.6653,0.0,0.0008012797724848916
text+audio_text_ln_lrh0.001_frozen_e5_s42,872,2,1.22281,3.3143,0.0,0.0008009242801279773
text+audio_text_ln_lrh0.001_frozen_e5_s42,873,2,1.3424,4.8594,0.0,0.0008005687877710629
text+audio_text_ln_lrh0.001_frozen_e5_s42,874,2,1.35567,7.3031,0.0,0.0008002132954141487
text+audio_text_ln_lrh0.001_frozen_e5_s42,875,2,1.50061,3.1437,0.0,0.0007998578030572343
text+audio_text_ln_lrh0.001_frozen_e5_s42,876,2,0.83156,3.2241,0.0,0.00079950231070032
text+audio_text_ln_lrh0.001_frozen_e5_s42,877,2,1.07494,2.3897,0.0,0.0007991468183434057
text+audio_text_ln_lrh0.001_frozen_e5_s42,878,2,1.70858,4.0781,0.0,0.0007987913259864912
text+audio_text_ln_lrh0.001_frozen_e5_s42,879,2,1.27517,3.521,0.0,0.0007984358336295769
text+audio_text_ln_lrh0.001_frozen_e5_s42,880,2,1.51632,3.2906,0.0,0.0007980803412726626
text+audio_text_ln_lrh0.001_frozen_e5_s42,881,2,1.76254,3.7311,0.0,0.0007977248489157483
text+audio_text_ln_lrh0.001_frozen_e5_s42,882,2,1.12259,6.5437,0.0,0.000797369356558834
text+audio_text_ln_lrh0.001_frozen_e5_s42,883,2,1.49284,3.4308,0.0,0.0007970138642019197
text+audio_text_ln_lrh0.001_frozen_e5_s42,884,2,0.69351,3.9072,0.0,0.0007966583718450053
text+audio_text_ln_lrh0.001_frozen_e5_s42,885,2,1.37508,2.9681,0.0,0.000796302879488091
text+audio_text_ln_lrh0.001_frozen_e5_s42,886,2,1.43863,2.9879,0.0,0.0007959473871311767
text+audio_text_ln_lrh0.001_frozen_e5_s42,887,2,0.99357,3.8678,0.0,0.0007955918947742624
text+audio_text_ln_lrh0.001_frozen_e5_s42,888,2,1.09944,2.8649,0.0,0.0007952364024173481
text+audio_text_ln_lrh0.001_frozen_e5_s42,889,2,1.52208,4.5062,0.0,0.0007948809100604337
text+audio_text_ln_lrh0.001_frozen_e5_s42,890,2,1.45234,4.7056,0.0,0.0007945254177035194
text+audio_text_ln_lrh0.001_frozen_e5_s42,891,2,1.00677,3.0791,0.0,0.0007941699253466051
text+audio_text_ln_lrh0.001_frozen_e5_s42,892,2,1.46371,6.6502,0.0,0.0007938144329896907
text+audio_text_ln_lrh0.001_frozen_e5_s42,893,2,1.82837,8.0547,0.0,0.0007934589406327765
text+audio_text_ln_lrh0.001_frozen_e5_s42,894,2,1.3613,7.0675,0.0,0.0007931034482758621
text+audio_text_ln_lrh0.001_frozen_e5_s42,895,2,1.44508,5.0289,0.0,0.0007927479559189477
text+audio_text_ln_lrh0.001_frozen_e5_s42,896,2,1.57963,5.4903,0.0,0.0007923924635620334
text+audio_text_ln_lrh0.001_frozen_e5_s42,897,2,1.27258,2.9838,0.0,0.0007920369712051191
text+audio_text_ln_lrh0.001_frozen_e5_s42,898,2,1.17293,3.1207,0.0,0.0007916814788482047
text+audio_text_ln_lrh0.001_frozen_e5_s42,899,2,1.15372,3.4098,0.0,0.0007913259864912905
text+audio_text_ln_lrh0.001_frozen_e5_s42,900,2,1.22495,3.7245,0.0,0.0007909704941343762
text+audio_text_ln_lrh0.001_frozen_e5_s42,901,2,0.97086,4.4828,0.0,0.0007906150017774618
text+audio_text_ln_lrh0.001_frozen_e5_s42,902,2,1.5718,2.7229,0.0,0.0007902595094205475
text+audio_text_ln_lrh0.001_frozen_e5_s42,903,2,1.32645,3.346,0.0,0.0007899040170636331
text+audio_text_ln_lrh0.001_frozen_e5_s42,904,2,1.14465,3.1283,0.0,0.0007895485247067188
text+audio_text_ln_lrh0.001_frozen_e5_s42,905,2,1.51535,4.0658,0.0,0.0007891930323498045
text+audio_text_ln_lrh0.001_frozen_e5_s42,906,2,1.50119,3.8336,0.0,0.0007888375399928902
text+audio_text_ln_lrh0.001_frozen_e5_s42,907,2,1.31699,4.2864,0.0,0.0007884820476359759
text+audio_text_ln_lrh0.001_frozen_e5_s42,908,2,1.39065,6.347,0.0,0.0007881265552790616
text+audio_text_ln_lrh0.001_frozen_e5_s42,909,2,0.89263,3.3062,0.0,0.0007877710629221471
text+audio_text_ln_lrh0.001_frozen_e5_s42,910,2,1.80126,5.1418,0.0,0.0007874155705652328
text+audio_text_ln_lrh0.001_frozen_e5_s42,911,2,1.65211,3.0777,0.0,0.0007870600782083185
text+audio_text_ln_lrh0.001_frozen_e5_s42,912,2,1.27057,5.2251,0.0,0.0007867045858514042
text+audio_text_ln_lrh0.001_frozen_e5_s42,913,2,0.98355,3.46,0.0,0.0007863490934944899
text+audio_text_ln_lrh0.001_frozen_e5_s42,914,2,1.40278,2.8469,0.0,0.0007859936011375756
text+audio_text_ln_lrh0.001_frozen_e5_s42,915,2,1.28194,4.2237,0.0,0.0007856381087806612
text+audio_text_ln_lrh0.001_frozen_e5_s42,916,2,1.41421,5.9852,0.0,0.0007852826164237469
text+audio_text_ln_lrh0.001_frozen_e5_s42,917,2,1.17049,3.7752,0.0,0.0007849271240668325
text+audio_text_ln_lrh0.001_frozen_e5_s42,918,2,1.78586,5.8638,0.0,0.0007845716317099183
text+audio_text_ln_lrh0.001_frozen_e5_s42,919,2,1.26124,6.4615,0.0,0.000784216139353004
text+audio_text_ln_lrh0.001_frozen_e5_s42,920,2,0.74352,3.638,0.0,0.0007838606469960896
text+audio_text_ln_lrh0.001_frozen_e5_s42,921,2,0.75479,3.7906,0.0,0.0007835051546391753
text+audio_text_ln_lrh0.001_frozen_e5_s42,922,2,1.32756,3.9809,0.0,0.000783149662282261
text+audio_text_ln_lrh0.001_frozen_e5_s42,923,2,0.79374,2.5937,0.0,0.0007827941699253465
text+audio_text_ln_lrh0.001_frozen_e5_s42,924,2,1.47378,4.3171,0.0,0.0007824386775684323
text+audio_text_ln_lrh0.001_frozen_e5_s42,925,2,1.8053,5.956,0.0,0.000782083185211518
text+audio_text_ln_lrh0.001_frozen_e5_s42,926,2,1.74091,5.9521,0.0,0.0007817276928546036
text+audio_text_ln_lrh0.001_frozen_e5_s42,927,2,1.30447,4.0929,0.0,0.0007813722004976893
text+audio_text_ln_lrh0.001_frozen_e5_s42,928,2,0.80213,3.7711,0.0,0.000781016708140775
text+audio_text_ln_lrh0.001_frozen_e5_s42,929,2,1.82294,6.1216,0.0,0.0007806612157838606
text+audio_text_ln_lrh0.001_frozen_e5_s42,930,2,0.81572,2.454,0.0,0.0007803057234269464
text+audio_text_ln_lrh0.001_frozen_e5_s42,931,2,1.43925,3.258,0.0,0.0007799502310700321
text+audio_text_ln_lrh0.001_frozen_e5_s42,932,2,1.09295,3.5142,0.0,0.0007795947387131177
text+audio_text_ln_lrh0.001_frozen_e5_s42,933,2,1.15734,2.163,0.0,0.0007792392463562034
text+audio_text_ln_lrh0.001_frozen_e5_s42,934,2,1.51732,3.744,0.0,0.000778883753999289
text+audio_text_ln_lrh0.001_frozen_e5_s42,935,2,1.2954,3.5375,0.0,0.0007785282616423747
text+audio_text_ln_lrh0.001_frozen_e5_s42,936,2,1.54207,3.052,0.0,0.0007781727692854604
text+audio_text_ln_lrh0.001_frozen_e5_s42,937,2,0.88226,3.2443,0.0,0.000777817276928546
text+audio_text_ln_lrh0.001_frozen_e5_s42,938,2,1.00656,3.8776,0.0,0.0007774617845716317
text+audio_text_ln_lrh0.001_frozen_e5_s42,939,2,1.05474,3.8132,0.0,0.0007771062922147174
text+audio_text_ln_lrh0.001_frozen_e5_s42,940,2,1.18284,3.8496,0.0,0.000776750799857803
text+audio_text_ln_lrh0.001_frozen_e5_s42,941,2,1.45073,4.081,0.0,0.0007763953075008887
text+audio_text_ln_lrh0.001_frozen_e5_s42,942,2,1.14785,3.3499,0.0,0.0007760398151439744
text+audio_text_ln_lrh0.001_frozen_e5_s42,943,2,0.97011,4.4897,0.0,0.0007756843227870601
text+audio_text_ln_lrh0.001_frozen_e5_s42,944,2,0.7926,3.4562,0.0,0.0007753288304301458
text+audio_text_ln_lrh0.001_frozen_e5_s42,945,2,1.28211,3.3493,0.0,0.0007749733380732315
text+audio_text_ln_lrh0.001_frozen_e5_s42,946,2,1.03454,2.6019,0.0,0.0007746178457163171
text+audio_text_ln_lrh0.001_frozen_e5_s42,947,2,1.05041,3.6042,0.0,0.0007742623533594028
text+audio_text_ln_lrh0.001_frozen_e5_s42,948,2,0.81571,3.0563,0.0,0.0007739068610024884
text+audio_text_ln_lrh0.001_frozen_e5_s42,949,2,1.12548,3.7393,0.0,0.0007735513686455742
text+audio_text_ln_lrh0.001_frozen_e5_s42,950,2,2.49196,8.3939,0.0,0.0007731958762886599
text+audio_text_ln_lrh0.001_frozen_e5_s42,951,2,1.09652,3.4756,0.0,0.0007728403839317455
text+audio_text_ln_lrh0.001_frozen_e5_s42,952,2,1.59014,7.2656,0.0,0.0007724848915748311
text+audio_text_ln_lrh0.001_frozen_e5_s42,953,2,0.96905,2.7176,0.0,0.0007721293992179168
text+audio_text_ln_lrh0.001_frozen_e5_s42,954,2,0.72884,4.3096,0.0,0.0007717739068610024
text+audio_text_ln_lrh0.001_frozen_e5_s42,955,2,1.07329,3.2993,0.0,0.0007714184145040882
text+audio_text_ln_lrh0.001_frozen_e5_s42,956,2,0.83594,2.4271,0.0,0.0007710629221471739
text+audio_text_ln_lrh0.001_frozen_e5_s42,957,2,1.25604,5.1107,0.0,0.0007707074297902595
text+audio_text_ln_lrh0.001_frozen_e5_s42,958,2,1.7366,4.0394,0.0,0.0007703519374333452
text+audio_text_ln_lrh0.001_frozen_e5_s42,959,2,1.4425,4.8679,0.0,0.0007699964450764309
text+audio_text_ln_lrh0.001_frozen_e5_s42,960,2,0.89744,3.3563,0.0,0.0007696409527195165
text+audio_text_ln_lrh0.001_frozen_e5_s42,961,2,1.01799,3.6002,0.0,0.0007692854603626023
text+audio_text_ln_lrh0.001_frozen_e5_s42,962,2,1.35368,3.689,0.0,0.0007689299680056879
text+audio_text_ln_lrh0.001_frozen_e5_s42,963,2,0.74409,5.2907,0.0,0.0007685744756487736
text+audio_text_ln_lrh0.001_frozen_e5_s42,964,2,0.77807,4.25,0.0,0.0007682189832918593
text+audio_text_ln_lrh0.001_frozen_e5_s42,965,2,1.39976,5.1041,0.0,0.0007678634909349449
text+audio_text_ln_lrh0.001_frozen_e5_s42,966,2,1.09158,3.0719,0.0,0.0007675079985780305
text+audio_text_ln_lrh0.001_frozen_e5_s42,967,2,1.12556,3.3928,0.0,0.0007671525062211162
text+audio_text_ln_lrh0.001_frozen_e5_s42,968,2,1.4064,5.593,0.0,0.0007667970138642019
text+audio_text_ln_lrh0.001_frozen_e5_s42,969,2,1.23002,3.6529,0.0,0.0007664415215072876
text+audio_text_ln_lrh0.001_frozen_e5_s42,970,2,1.61707,6.0964,0.0,0.0007660860291503733
text+audio_text_ln_lrh0.001_frozen_e5_s42,971,2,1.03626,3.0668,0.0,0.0007657305367934589
text+audio_text_ln_lrh0.001_frozen_e5_s42,972,2,1.50024,4.2432,0.0,0.0007653750444365446
text+audio_text_ln_lrh0.001_frozen_e5_s42,973,2,0.55951,4.5605,0.0,0.0007650195520796303
text+audio_text_ln_lrh0.001_frozen_e5_s42,974,2,1.03116,3.7705,0.0,0.000764664059722716
text+audio_text_ln_lrh0.001_frozen_e5_s42,975,2,1.17548,3.13,0.0,0.0007643085673658017
text+audio_text_ln_lrh0.001_frozen_e5_s42,976,2,1.20364,2.9255,0.0,0.0007639530750088873
text+audio_text_ln_lrh0.001_frozen_e5_s42,977,2,1.4156,3.8265,0.0,0.000763597582651973
text+audio_text_ln_lrh0.001_frozen_e5_s42,978,2,1.51808,4.0823,0.0,0.0007632420902950587
text+audio_text_ln_lrh0.001_frozen_e5_s42,979,2,1.14727,4.84,0.0,0.0007628865979381443
text+audio_text_ln_lrh0.001_frozen_e5_s42,980,2,1.1438,2.898,0.0,0.0007625311055812301
text+audio_text_ln_lrh0.001_frozen_e5_s42,981,2,1.34442,4.836,0.0,0.0007621756132243158
text+audio_text_ln_lrh0.001_frozen_e5_s42,982,2,1.32976,3.8172,0.0,0.0007618201208674013
text+audio_text_ln_lrh0.001_frozen_e5_s42,983,2,1.2473,3.2619,0.0,0.000761464628510487
text+audio_text_ln_lrh0.001_frozen_e5_s42,984,2,0.99055,2.6565,0.0,0.0007611091361535727
text+audio_text_ln_lrh0.001_frozen_e5_s42,985,2,1.00432,2.8953,0.0,0.0007607536437966583
text+audio_text_ln_lrh0.001_frozen_e5_s42,986,2,1.45459,3.3707,0.0,0.0007603981514397441
text+audio_text_ln_lrh0.001_frozen_e5_s42,987,2,1.30805,3.7313,0.0,0.0007600426590828298
text+audio_text_ln_lrh0.001_frozen_e5_s42,988,2,1.45562,4.0196,0.0,0.0007596871667259154
text+audio_text_ln_lrh0.001_frozen_e5_s42,989,2,1.54572,3.5632,0.0,0.0007593316743690011
text+audio_text_ln_lrh0.001_frozen_e5_s42,990,2,1.22874,2.7182,0.0,0.0007589761820120867
text+audio_text_ln_lrh0.001_frozen_e5_s42,991,2,1.24353,3.2056,0.0,0.0007586206896551724
text+audio_text_ln_lrh0.001_frozen_e5_s42,992,2,0.98973,3.3578,0.0,0.0007582651972982582
text+audio_text_ln_lrh0.001_frozen_e5_s42,993,2,1.09252,2.6956,0.0,0.0007579097049413438
text+audio_text_ln_lrh0.001_frozen_e5_s42,994,2,1.2779,4.599,0.0,0.0007575542125844295
text+audio_text_ln_lrh0.001_frozen_e5_s42,995,2,1.24982,2.3725,0.0,0.0007571987202275152
text+audio_text_ln_lrh0.001_frozen_e5_s42,996,2,1.43936,4.7655,0.0,0.0007568432278706007
text+audio_text_ln_lrh0.001_frozen_e5_s42,997,2,1.19793,3.6185,0.0,0.0007564877355136864
text+audio_text_ln_lrh0.001_frozen_e5_s42,998,2,1.17089,3.5748,0.0,0.0007561322431567721
text+audio_text_ln_lrh0.001_frozen_e5_s42,999,2,1.37545,3.3494,0.0,0.0007557767507998578
text+audio_text_ln_lrh0.001_frozen_e5_s42,1000,2,0.72089,2.7322,0.0,0.0007554212584429435
text+audio_text_ln_lrh0.001_frozen_e5_s42,1001,2,0.98358,2.9323,0.0,0.0007550657660860292
text+audio_text_ln_lrh0.001_frozen_e5_s42,1002,2,1.13148,3.0088,0.0,0.0007547102737291148
text+audio_text_ln_lrh0.001_frozen_e5_s42,1003,2,0.75669,4.7695,0.0,0.0007543547813722005
text+audio_text_ln_lrh0.001_frozen_e5_s42,1004,2,1.00958,2.4771,0.0,0.0007539992890152861
text+audio_text_ln_lrh0.001_frozen_e5_s42,1005,2,1.50425,6.4702,0.0,0.0007536437966583719
text+audio_text_ln_lrh0.001_frozen_e5_s42,1006,2,1.62133,3.0657,0.0,0.0007532883043014576
text+audio_text_ln_lrh0.001_frozen_e5_s42,1007,2,1.18183,2.9875,0.0,0.0007529328119445432
text+audio_text_ln_lrh0.001_frozen_e5_s42,1008,2,1.22554,3.1552,0.0,0.0007525773195876289
text+audio_text_ln_lrh0.001_frozen_e5_s42,1009,2,0.96367,4.4018,0.0,0.0007522218272307146
text+audio_text_ln_lrh0.001_frozen_e5_s42,1010,2,0.76972,2.3003,0.0,0.0007518663348738001
text+audio_text_ln_lrh0.001_frozen_e5_s42,1011,2,0.95123,2.9355,0.0,0.000751510842516886
text+audio_text_ln_lrh0.001_frozen_e5_s42,1012,2,1.10951,4.6335,0.0,0.0007511553501599716
text+audio_text_ln_lrh0.001_frozen_e5_s42,1013,2,1.15097,3.8598,0.0,0.0007507998578030572
text+audio_text_ln_lrh0.001_frozen_e5_s42,1014,2,0.68066,3.1269,0.0,0.0007504443654461429
text+audio_text_ln_lrh0.001_frozen_e5_s42,1015,2,1.68671,4.3261,0.0,0.0007500888730892286
text+audio_text_ln_lrh0.001_frozen_e5_s42,1016,2,1.08184,4.8799,0.0,0.0007497333807323142
text+audio_text_ln_lrh0.001_frozen_e5_s42,1017,2,1.13143,3.7321,0.0,0.0007493778883754
text+audio_text_ln_lrh0.001_frozen_e5_s42,1018,2,1.34059,3.0733,0.0,0.0007490223960184857
text+audio_text_ln_lrh0.001_frozen_e5_s42,1019,2,1.25441,3.6591,0.0,0.0007486669036615713
text+audio_text_ln_lrh0.001_frozen_e5_s42,1020,2,0.73883,3.4425,0.0,0.000748311411304657
text+audio_text_ln_lrh0.001_frozen_e5_s42,1021,2,1.6168,3.9818,0.0,0.0007479559189477426
text+audio_text_ln_lrh0.001_frozen_e5_s42,1022,2,0.97595,2.6971,0.0,0.0007476004265908283
text+audio_text_ln_lrh0.001_frozen_e5_s42,1023,2,1.25772,3.1012,0.0,0.000747244934233914
text+audio_text_ln_lrh0.001_frozen_e5_s42,1024,2,1.21681,3.5975,0.0,0.0007468894418769997
text+audio_text_ln_lrh0.001_frozen_e5_s42,1025,2,0.9519,3.1927,0.0,0.0007465339495200854
text+audio_text_ln_lrh0.001_frozen_e5_s42,1026,2,1.23138,3.8688,0.0,0.000746178457163171
text+audio_text_ln_lrh0.001_frozen_e5_s42,1027,2,1.35529,2.5515,0.0,0.0007458229648062566
text+audio_text_ln_lrh0.001_frozen_e5_s42,1028,2,1.82386,4.7576,0.0,0.0007454674724493423
text+audio_text_ln_lrh0.001_frozen_e5_s42,1029,2,0.99775,4.232,0.0,0.000745111980092428
text+audio_text_ln_lrh0.001_frozen_e5_s42,1030,2,0.97297,5.2282,0.0,0.0007447564877355137
text+audio_text_ln_lrh0.001_frozen_e5_s42,1031,2,0.98096,2.7905,0.0,0.0007444009953785994
text+audio_text_ln_lrh0.001_frozen_e5_s42,1032,2,1.46737,2.9586,0.0,0.0007440455030216851
text+audio_text_ln_lrh0.001_frozen_e5_s42,1033,2,1.32454,2.7188,0.0,0.0007436900106647707
text+audio_text_ln_lrh0.001_frozen_e5_s42,1034,2,1.19288,3.4049,0.0,0.0007433345183078564
text+audio_text_ln_lrh0.001_frozen_e5_s42,1035,2,1.67617,4.4567,0.0,0.000742979025950942
text+audio_text_ln_lrh0.001_frozen_e5_s42,1036,2,0.96577,2.947,0.0,0.0007426235335940278
text+audio_text_ln_lrh0.001_frozen_e5_s42,1037,2,1.26204,2.6199,0.0,0.0007422680412371135
text+audio_text_ln_lrh0.001_frozen_e5_s42,1038,2,2.02537,7.072,0.0,0.0007419125488801991
text+audio_text_ln_lrh0.001_frozen_e5_s42,1039,2,0.70112,5.2066,0.0,0.0007415570565232848
text+audio_text_ln_lrh0.001_frozen_e5_s42,1040,2,1.2714,3.3872,0.0,0.0007412015641663704
text+audio_text_ln_lrh0.001_frozen_e5_s42,1041,2,1.16018,3.4072,0.0,0.000740846071809456
text+audio_text_ln_lrh0.001_frozen_e5_s42,1042,2,1.20163,5.0909,0.0,0.0007404905794525418
text+audio_text_ln_lrh0.001_frozen_e5_s42,1043,2,0.82923,3.272,0.0,0.0007401350870956275
text+audio_text_ln_lrh0.001_frozen_e5_s42,1044,2,1.10162,3.7829,0.0,0.0007397795947387131
text+audio_text_ln_lrh0.001_frozen_e5_s42,1045,2,1.19348,2.7686,0.0,0.0007394241023817988
text+audio_text_ln_lrh0.001_frozen_e5_s42,1046,2,1.07217,2.4406,0.0,0.0007390686100248845
text+audio_text_ln_lrh0.001_frozen_e5_s42,1047,2,1.08933,2.8749,0.0,0.0007387131176679701
text+audio_text_ln_lrh0.001_frozen_e5_s42,1048,2,1.90957,7.5357,0.0,0.0007383576253110559
text+audio_text_ln_lrh0.001_frozen_e5_s42,1049,2,1.73898,7.0401,0.0,0.0007380021329541415
text+audio_text_ln_lrh0.001_frozen_e5_s42,1050,2,1.06433,3.7026,0.0,0.0007376466405972272
text+audio_text_ln_lrh0.001_frozen_e5_s42,1051,2,1.0704,2.8877,0.0,0.0007372911482403129
text+audio_text_ln_lrh0.001_frozen_e5_s42,1052,2,1.13866,3.5698,0.0,0.0007369356558833985
text+audio_text_ln_lrh0.001_frozen_e5_s42,1053,2,0.84504,3.4983,0.0,0.0007365801635264842
text+audio_text_ln_lrh0.001_frozen_e5_s42,1054,2,0.84608,2.8193,0.0,0.0007362246711695698
text+audio_text_ln_lrh0.001_frozen_e5_s42,1055,2,1.47061,5.6002,0.0,0.0007358691788126555
text+audio_text_ln_lrh0.001_frozen_e5_s42,1056,2,1.49023,4.134,0.0,0.0007355136864557412
text+audio_text_ln_lrh0.001_frozen_e5_s42,1057,2,1.0026,5.0058,0.0,0.0007351581940988269
text+audio_text_ln_lrh0.001_frozen_e5_s42,1058,2,1.60691,4.5478,0.0,0.0007348027017419125
text+audio_text_ln_lrh0.001_frozen_e5_s42,1059,2,1.48296,3.8452,0.0,0.0007344472093849982
text+audio_text_ln_lrh0.001_frozen_e5_s42,1060,2,1.67965,4.6658,0.0,0.0007340917170280839
text+audio_text_ln_lrh0.001_frozen_e5_s42,1061,2,1.57564,5.3211,0.0,0.0007337362246711696
text+audio_text_ln_lrh0.001_frozen_e5_s42,1062,2,1.08936,3.358,0.0,0.0007333807323142553
text+audio_text_ln_lrh0.001_frozen_e5_s42,1063,2,1.05432,2.4602,0.0,0.0007330252399573409
text+audio_text_ln_lrh0.001_frozen_e5_s42,1064,2,0.93746,3.4295,0.0,0.0007326697476004266
text+audio_text_ln_lrh0.001_frozen_e5_s42,1065,2,0.92601,3.9395,0.0,0.0007323142552435123
text+audio_text_ln_lrh0.001_frozen_e5_s42,1066,2,1.13475,4.4557,0.0,0.0007319587628865979
text+audio_text_ln_lrh0.001_frozen_e5_s42,1067,2,1.1358,4.0464,0.0,0.0007316032705296837
text+audio_text_ln_lrh0.001_frozen_e5_s42,1068,2,1.03482,2.7649,0.0,0.0007312477781727694
text+audio_text_ln_lrh0.001_frozen_e5_s42,1069,2,1.67763,4.7973,0.0,0.000730892285815855
text+audio_text_ln_lrh0.001_frozen_e5_s42,1070,2,0.96195,3.5703,0.0,0.0007305367934589406
text+audio_text_ln_lrh0.001_frozen_e5_s42,1071,2,1.071,2.7691,0.0,0.0007301813011020263
text+audio_text_ln_lrh0.001_frozen_e5_s42,1072,2,1.14029,4.1641,0.0,0.0007298258087451119
text+audio_text_ln_lrh0.001_frozen_e5_s42,1073,2,0.67651,3.0743,0.0,0.0007294703163881977
text+audio_text_ln_lrh0.001_frozen_e5_s42,1074,2,1.79159,6.7498,0.0,0.0007291148240312834
text+audio_text_ln_lrh0.001_frozen_e5_s42,1075,2,1.18246,2.9321,0.0,0.000728759331674369
text+audio_text_ln_lrh0.001_frozen_e5_s42,1076,2,1.13138,2.9164,0.0,0.0007284038393174547
text+audio_text_ln_lrh0.001_frozen_e5_s42,1077,2,1.33682,3.459,0.0,0.0007280483469605403
text+audio_text_ln_lrh0.001_frozen_e5_s42,1078,2,0.92909,2.4458,0.0,0.000727692854603626
text+audio_text_ln_lrh0.001_frozen_e5_s42,1079,2,1.03135,3.4113,0.0,0.0007273373622467118
text+audio_text_ln_lrh0.001_frozen_e5_s42,1080,2,0.92643,4.959,0.0,0.0007269818698897974
text+audio_text_ln_lrh0.001_frozen_e5_s42,1081,2,1.39244,4.6036,0.0,0.0007266263775328831
text+audio_text_ln_lrh0.001_frozen_e5_s42,1082,2,0.93546,2.5743,0.0,0.0007262708851759688
text+audio_text_ln_lrh0.001_frozen_e5_s42,1083,2,1.12461,3.0584,0.0,0.0007259153928190543
text+audio_text_ln_lrh0.001_frozen_e5_s42,1084,2,1.4382,2.9802,0.0,0.00072555990046214
text+audio_text_ln_lrh0.001_frozen_e5_s42,1085,2,1.29989,3.7316,0.0,0.0007252044081052257
text+audio_text_ln_lrh0.001_frozen_e5_s42,1086,2,1.70976,4.8144,0.0,0.0007248489157483114
text+audio_text_ln_lrh0.001_frozen_e5_s42,1087,2,1.54689,3.2544,0.0,0.0007244934233913971
text+audio_text_ln_lrh0.001_frozen_e5_s42,1088,2,0.75592,3.9721,0.0,0.0007241379310344828
text+audio_text_ln_lrh0.001_frozen_e5_s42,1089,2,1.33147,3.7801,0.0,0.0007237824386775684
text+audio_text_ln_lrh0.001_frozen_e5_s42,1090,2,1.18088,2.8732,0.0,0.0007234269463206541
text+audio_text_ln_lrh0.001_frozen_e5_s42,1091,2,1.14625,3.4287,0.0,0.0007230714539637398
text+audio_text_ln_lrh0.001_frozen_e5_s42,1092,2,1.29364,2.9397,0.0,0.0007227159616068255
text+audio_text_ln_lrh0.001_frozen_e5_s42,1093,2,1.23409,5.8421,0.0,0.0007223604692499112
text+audio_text_ln_lrh0.001_frozen_e5_s42,1094,2,1.2365,3.2481,0.0,0.0007220049768929968
text+audio_text_ln_lrh0.001_frozen_e5_s42,1095,2,1.25282,4.4503,0.0,0.0007216494845360825
text+audio_text_ln_lrh0.001_frozen_e5_s42,1096,2,1.45328,2.8656,0.0,0.0007212939921791682
text+audio_text_ln_lrh0.001_frozen_e5_s42,1097,2,1.26168,3.501,0.0,0.0007209384998222538
text+audio_text_ln_lrh0.001_frozen_e5_s42,1098,2,0.88957,3.0927,0.0,0.0007205830074653396
text+audio_text_ln_lrh0.001_frozen_e5_s42,1099,2,1.63703,4.4409,0.0,0.0007202275151084252
text+audio_text_ln_lrh0.001_frozen_e5_s42,1100,2,1.40722,4.0617,0.0,0.0007198720227515108
text+audio_text_ln_lrh0.001_frozen_e5_s42,1101,2,0.8054,2.1104,0.0,0.0007195165303945965
text+audio_text_ln_lrh0.001_frozen_e5_s42,1102,2,1.06704,2.954,0.0,0.0007191610380376822
text+audio_text_ln_lrh0.001_frozen_e5_s42,1103,2,1.2555,4.3548,0.0,0.0007188055456807678
text+audio_text_ln_lrh0.001_frozen_e5_s42,1104,2,1.70444,3.9161,0.0,0.0007184500533238536
text+audio_text_ln_lrh0.001_frozen_e5_s42,1105,2,1.5015,4.4967,0.0,0.0007180945609669393
text+audio_text_ln_lrh0.001_frozen_e5_s42,1106,2,1.29387,5.4905,0.0,0.0007177390686100249
text+audio_text_ln_lrh0.001_frozen_e5_s42,1107,2,1.47255,6.6213,0.0,0.0007173835762531106
text+audio_text_ln_lrh0.001_frozen_e5_s42,1108,2,1.20583,3.1794,0.0,0.0007170280838961962
text+audio_text_ln_lrh0.001_frozen_e5_s42,1109,2,1.07435,3.31,0.0,0.0007166725915392819
text+audio_text_ln_lrh0.001_frozen_e5_s42,1110,2,0.96242,4.2137,0.0,0.0007163170991823677
text+audio_text_ln_lrh0.001_frozen_e5_s42,1111,2,0.95224,3.5191,0.0,0.0007159616068254533
text+audio_text_ln_lrh0.001_frozen_e5_s42,1112,2,1.26496,4.7852,0.0,0.000715606114468539
text+audio_text_ln_lrh0.001_frozen_e5_s42,1113,2,0.80336,2.7468,0.0,0.0007152506221116247
text+audio_text_ln_lrh0.001_frozen_e5_s42,1114,2,1.26067,4.1207,0.0,0.0007148951297547102
text+audio_text_ln_lrh0.001_frozen_e5_s42,1115,2,1.00255,3.1387,0.0,0.0007145396373977959
text+audio_text_ln_lrh0.001_frozen_e5_s42,1116,2,1.06979,3.0363,0.0,0.0007141841450408816
text+audio_text_ln_lrh0.001_frozen_e5_s42,1117,2,1.74428,4.9339,0.0,0.0007138286526839673
text+audio_text_ln_lrh0.001_frozen_e5_s42,1118,2,1.5733,4.0891,0.0,0.000713473160327053
text+audio_text_ln_lrh0.001_frozen_e5_s42,1119,2,1.38352,4.8258,0.0,0.0007131176679701387
text+audio_text_ln_lrh0.001_frozen_e5_s42,1120,2,1.53265,3.3587,0.0,0.0007127621756132243
text+audio_text_ln_lrh0.001_frozen_e5_s42,1121,2,1.04608,2.0069,0.0,0.00071240668325631
text+audio_text_ln_lrh0.001_frozen_e5_s42,1122,2,1.44758,5.0029,0.0,0.0007120511908993956
text+audio_text_ln_lrh0.001_frozen_e5_s42,1123,2,1.1695,3.145,0.0,0.0007116956985424814
text+audio_text_ln_lrh0.001_frozen_e5_s42,1124,2,0.84562,2.7086,0.0,0.0007113402061855671
text+audio_text_ln_lrh0.001_frozen_e5_s42,1125,2,1.22885,3.9018,0.0,0.0007109847138286527
text+audio_text_ln_lrh0.001_frozen_e5_s42,1126,2,1.10056,2.2622,0.0,0.0007106292214717384
text+audio_text_ln_lrh0.001_frozen_e5_s42,1127,2,1.32957,3.331,0.0,0.000710273729114824
text+audio_text_ln_lrh0.001_frozen_e5_s42,1128,2,1.05431,4.0349,0.0,0.0007099182367579096
text+audio_text_ln_lrh0.001_frozen_e5_s42,1129,2,1.22512,3.8638,0.0,0.0007095627444009954
text+audio_text_ln_lrh0.001_frozen_e5_s42,1130,2,1.02703,2.8154,0.0,0.0007092072520440811
text+audio_text_ln_lrh0.001_frozen_e5_s42,1131,2,1.06474,4.7215,0.0,0.0007088517596871667
text+audio_text_ln_lrh0.001_frozen_e5_s42,1132,2,1.47898,3.6172,0.0,0.0007084962673302524
text+audio_text_ln_lrh0.001_frozen_e5_s42,1133,2,1.32771,4.6693,0.0,0.0007081407749733381
text+audio_text_ln_lrh0.001_frozen_e5_s42,1134,2,0.92495,2.2071,0.0,0.0007077852826164237
text+audio_text_ln_lrh0.001_frozen_e5_s42,1135,2,1.5007,3.5797,0.0,0.0007074297902595095
text+audio_text_ln_lrh0.001_frozen_e5_s42,1136,2,0.87212,4.0761,0.0,0.0007070742979025951
text+audio_text_ln_lrh0.001_frozen_e5_s42,1137,2,1.35012,3.0309,0.0,0.0007067188055456808
text+audio_text_ln_lrh0.001_frozen_e5_s42,1138,2,1.54376,3.3847,0.0,0.0007063633131887665
text+audio_text_ln_lrh0.001_frozen_e5_s42,1139,2,0.82705,2.5082,0.0,0.0007060078208318521
text+audio_text_ln_lrh0.001_frozen_e5_s42,1140,2,1.25037,3.4232,0.0,0.0007056523284749378
text+audio_text_ln_lrh0.001_frozen_e5_s42,1141,2,1.02662,2.601,0.0,0.0007052968361180236
text+audio_text_ln_lrh0.001_frozen_e5_s42,1142,2,1.04672,2.7552,0.0,0.0007049413437611091
text+audio_text_ln_lrh0.001_frozen_e5_s42,1143,2,1.68865,4.5144,0.0,0.0007045858514041948
text+audio_text_ln_lrh0.001_frozen_e5_s42,1144,2,1.90348,4.6929,0.0,0.0007042303590472805
text+audio_text_ln_lrh0.001_frozen_e5_s42,1145,2,1.13937,3.782,0.0,0.0007038748666903661
text+audio_text_ln_lrh0.001_frozen_e5_s42,1146,2,1.34608,4.2147,0.0,0.0007035193743334518
text+audio_text_ln_lrh0.001_frozen_e5_s42,1147,2,1.19574,2.8185,0.0,0.0007031638819765375
text+audio_text_ln_lrh0.001_frozen_e5_s42,1148,2,1.23674,3.8327,0.0,0.0007028083896196232
text+audio_text_ln_lrh0.001_frozen_e5_s42,1149,2,1.2949,3.7186,0.0,0.0007024528972627089
text+audio_text_ln_lrh0.001_frozen_e5_s42,1150,2,0.92369,3.9472,0.0,0.0007020974049057946
text+audio_text_ln_lrh0.001_frozen_e5_s42,1151,2,0.71219,4.6205,0.0,0.0007017419125488802
text+audio_text_ln_lrh0.001_frozen_e5_s42,1152,2,1.21664,2.894,0.0,0.0007013864201919659
text+audio_text_ln_lrh0.001_frozen_e5_s42,1153,2,1.38442,4.1546,0.0,0.0007010309278350515
text+audio_text_ln_lrh0.001_frozen_e5_s42,1154,2,0.91467,3.1637,0.0,0.0007006754354781373
text+audio_text_ln_lrh0.001_frozen_e5_s42,1155,2,1.49498,3.3848,0.0,0.000700319943121223
text+audio_text_ln_lrh0.001_frozen_e5_s42,1156,2,0.95492,2.607,0.0,0.0006999644507643086
text+audio_text_ln_lrh0.001_frozen_e5_s42,1157,2,1.13509,3.1387,0.0,0.0006996089584073942
text+audio_text_ln_lrh0.001_frozen_e5_s42,1158,2,0.73447,4.1435,0.0,0.0006992534660504799
text+audio_text_ln_lrh0.001_frozen_e5_s42,1159,2,1.04643,3.059,0.0,0.0006988979736935655
text+audio_text_ln_lrh0.001_frozen_e5_s42,1160,2,1.04944,3.3847,0.0,0.0006985424813366513
text+audio_text_ln_lrh0.001_frozen_e5_s42,1161,2,1.53754,3.8324,0.0,0.000698186988979737
text+audio_text_ln_lrh0.001_frozen_e5_s42,1162,2,1.08838,2.6408,0.0,0.0006978314966228226
text+audio_text_ln_lrh0.001_frozen_e5_s42,1163,2,0.93311,2.1906,0.0,0.0006974760042659083
text+audio_text_ln_lrh0.001_frozen_e5_s42,1164,2,1.05324,2.3827,0.0,0.000697120511908994
text+audio_text_ln_lrh0.001_frozen_e5_s42,1165,2,1.14948,3.2976,0.0,0.0006967650195520796
text+audio_text_ln_lrh0.001_frozen_e5_s42,1166,2,1.00304,4.231,0.0,0.0006964095271951654
text+audio_text_ln_lrh0.001_frozen_e5_s42,1167,2,1.34895,5.3363,0.0,0.000696054034838251
text+audio_text_ln_lrh0.001_frozen_e5_s42,1168,2,1.35567,3.1938,0.0,0.0006956985424813367
text+audio_text_ln_lrh0.001_frozen_e5_s42,1169,2,1.32791,4.3615,0.0,0.0006953430501244224
text+audio_text_ln_lrh0.001_frozen_e5_s42,1170,2,0.67498,3.7763,0.0,0.000694987557767508
text+audio_text_ln_lrh0.001_frozen_e5_s42,1171,2,0.95232,3.3863,0.0,0.0006946320654105936
text+audio_text_ln_lrh0.001_frozen_e5_s42,1172,2,0.94068,3.4862,0.0,0.0006942765730536793
text+audio_text_ln_lrh0.001_frozen_e5_s42,1173,2,1.03266,3.4362,0.0,0.000693921080696765
text+audio_text_ln_lrh0.001_frozen_e5_s42,1174,2,1.83133,5.4399,0.0,0.0006935655883398507
text+audio_text_ln_lrh0.001_frozen_e5_s42,1175,2,1.10732,2.8391,0.0,0.0006932100959829364
text+audio_text_ln_lrh0.001_frozen_e5_s42,1176,2,1.30133,5.4992,0.0,0.000692854603626022
text+audio_text_ln_lrh0.001_frozen_e5_s42,1177,2,1.38319,3.2487,0.0,0.0006924991112691077
text+audio_text_ln_lrh0.001_frozen_e5_s42,1178,2,1.28902,5.1079,0.0,0.0006921436189121934
text+audio_text_ln_lrh0.001_frozen_e5_s42,1179,2,1.37642,3.8192,0.0,0.0006917881265552791
text+audio_text_ln_lrh0.001_frozen_e5_s42,1180,2,1.0078,3.2266,0.0,0.0006914326341983648
text+audio_text_ln_lrh0.001_frozen_e5_s42,1181,2,1.14969,4.2761,0.0,0.0006910771418414504
text+audio_text_ln_lrh0.001_frozen_e5_s42,1182,2,1.39671,3.6605,0.0,0.0006907216494845361
text+audio_text_ln_lrh0.001_frozen_e5_s42,1183,2,1.3092,3.2307,0.0,0.0006903661571276218
text+audio_text_ln_lrh0.001_frozen_e5_s42,1184,2,0.91894,2.3908,0.0,0.0006900106647707074
text+audio_text_ln_lrh0.001_frozen_e5_s42,1185,2,1.28672,3.5294,0.0,0.0006896551724137932
text+audio_text_ln_lrh0.001_frozen_e5_s42,1186,2,1.27903,5.7783,0.0,0.0006892996800568789
text+audio_text_ln_lrh0.001_frozen_e5_s42,1187,2,1.03153,3.3349,0.0,0.0006889441876999644
text+audio_text_ln_lrh0.001_frozen_e5_s42,1188,2,1.0991,3.9919,0.0,0.0006885886953430501
text+audio_text_ln_lrh0.001_frozen_e5_s42,1189,2,1.74291,3.5039,0.0,0.0006882332029861358
text+audio_text_ln_lrh0.001_frozen_e5_s42,1190,2,1.14339,3.5089,0.0,0.0006878777106292214
text+audio_text_ln_lrh0.001_frozen_e5_s42,1191,2,1.05121,3.9676,0.0,0.0006875222182723072
text+audio_text_ln_lrh0.001_frozen_e5_s42,1192,2,0.88849,2.851,0.0,0.0006871667259153929
text+audio_text_ln_lrh0.001_frozen_e5_s42,1193,2,1.24751,3.7944,0.0,0.0006868112335584785
text+audio_text_ln_lrh0.001_frozen_e5_s42,1194,2,1.02548,2.6836,0.0,0.0006864557412015642
text+audio_text_ln_lrh0.001_frozen_e5_s42,1195,2,1.04453,3.0388,0.0,0.0006861002488446498
text+audio_text_ln_lrh0.001_frozen_e5_s42,1196,2,1.14035,4.3616,0.0,0.0006857447564877355
text+audio_text_ln_lrh0.001_frozen_e5_s42,1197,2,1.07769,3.677,0.0,0.0006853892641308213
text+audio_text_ln_lrh0.001_frozen_e5_s42,1198,2,1.11072,2.5717,0.0,0.0006850337717739069
text+audio_text_ln_lrh0.001_frozen_e5_s42,1199,2,1.09699,3.5048,0.0,0.0006846782794169926
text+audio_text_ln_lrh0.001_frozen_e5_s42,1200,2,0.97975,3.6223,0.0,0.0006843227870600783
text+audio_text_ln_lrh0.001_frozen_e5_s42,1201,2,1.24351,5.4576,0.0,0.0006839672947031638
text+audio_text_ln_lrh0.001_frozen_e5_s42,1202,2,1.2785,3.5338,0.0,0.0006836118023462495
text+audio_text_ln_lrh0.001_frozen_e5_s42,1203,2,1.48789,4.0711,0.0,0.0006832563099893352
text+audio_text_ln_lrh0.001_frozen_e5_s42,1204,2,1.27517,3.0816,0.0,0.0006829008176324209
text+audio_text_ln_lrh0.001_frozen_e5_s42,1205,2,1.33168,5.5387,0.0,0.0006825453252755066
text+audio_text_ln_lrh0.001_frozen_e5_s42,1206,2,1.43586,3.6397,0.0,0.0006821898329185923
text+audio_text_ln_lrh0.001_frozen_e5_s42,1207,2,1.38011,2.6672,0.0,0.0006818343405616779
text+audio_text_ln_lrh0.001_frozen_e5_s42,1208,2,1.00347,3.348,0.0,0.0006814788482047636
text+audio_text_ln_lrh0.001_frozen_e5_s42,1209,2,1.20623,3.3639,0.0,0.0006811233558478492
text+audio_text_ln_lrh0.001_frozen_e5_s42,1210,2,1.41194,3.3678,0.0,0.000680767863490935
text+audio_text_ln_lrh0.001_frozen_e5_s42,1211,2,1.2281,3.9397,0.0,0.0006804123711340207
text+audio_text_ln_lrh0.001_frozen_e5_s42,1212,2,1.6444,3.1672,0.0,0.0006800568787771063
text+audio_text_ln_lrh0.001_frozen_e5_s42,1213,2,1.39593,4.5804,0.0,0.000679701386420192
text+audio_text_ln_lrh0.001_frozen_e5_s42,1214,2,0.73489,2.4449,0.0,0.0006793458940632777
text+audio_text_ln_lrh0.001_frozen_e5_s42,1215,2,1.14887,3.5747,0.0,0.0006789904017063632
text+audio_text_ln_lrh0.001_frozen_e5_s42,1216,2,1.15205,3.1546,0.0,0.000678634909349449
text+audio_text_ln_lrh0.001_frozen_e5_s42,1217,2,1.53071,4.6449,0.0,0.0006782794169925347
text+audio_text_ln_lrh0.001_frozen_e5_s42,1218,2,1.67267,4.7169,0.0,0.0006779239246356203
text+audio_text_ln_lrh0.001_frozen_e5_s42,1219,2,1.97359,6.3435,0.0,0.000677568432278706
text+audio_text_ln_lrh0.001_frozen_e5_s42,1220,2,1.45859,3.3288,0.0,0.0006772129399217917
text+audio_text_ln_lrh0.001_frozen_e5_s42,1221,2,1.07231,3.1045,0.0,0.0006768574475648773
text+audio_text_ln_lrh0.001_frozen_e5_s42,1222,2,0.76606,3.5676,0.0,0.0006765019552079631
text+audio_text_ln_lrh0.001_frozen_e5_s42,1223,2,0.83457,4.4642,0.0,0.0006761464628510488
text+audio_text_ln_lrh0.001_frozen_e5_s42,1224,2,0.89768,2.7237,0.0,0.0006757909704941344
text+audio_text_ln_lrh0.001_frozen_e5_s42,1225,2,1.09828,3.2621,0.0,0.0006754354781372201
text+audio_text_ln_lrh0.001_frozen_e5_s42,1226,2,1.14672,2.8794,0.0,0.0006750799857803057
text+audio_text_ln_lrh0.001_frozen_e5_s42,1227,2,0.88875,3.0789,0.0,0.0006747244934233914
text+audio_text_ln_lrh0.001_frozen_e5_s42,1228,2,1.17859,3.2448,0.0,0.0006743690010664772
text+audio_text_ln_lrh0.001_frozen_e5_s42,1229,2,1.35348,2.5078,0.0,0.0006740135087095628
text+audio_text_ln_lrh0.001_frozen_e5_s42,1230,2,1.02162,2.5317,0.0,0.0006736580163526484
text+audio_text_ln_lrh0.001_frozen_e5_s42,1231,2,1.20249,2.6655,0.0,0.0006733025239957341
text+audio_text_ln_lrh0.001_frozen_e5_s42,1232,2,1.46781,3.4511,0.0,0.0006729470316388197
text+audio_text_ln_lrh0.001_frozen_e5_s42,1233,2,1.50028,5.8113,0.0,0.0006725915392819054
text+audio_text_ln_lrh0.001_frozen_e5_s42,1234,2,0.66642,3.6916,0.0,0.0006722360469249911
text+audio_text_ln_lrh0.001_frozen_e5_s42,1235,2,1.20359,2.7089,0.0,0.0006718805545680768
text+audio_text_ln_lrh0.001_frozen_e5_s42,1236,2,1.17188,2.9802,0.0,0.0006715250622111625
text+audio_text_ln_lrh0.001_frozen_e5_s42,1237,2,1.16547,3.835,0.0,0.0006711695698542482
text+audio_text_ln_lrh0.001_frozen_e5_s42,1238,2,1.24123,3.7137,0.0,0.0006708140774973338
text+audio_text_ln_lrh0.001_frozen_e5_s42,1239,2,1.28643,3.6253,0.0,0.0006704585851404195
text+audio_text_ln_lrh0.001_frozen_e5_s42,1240,2,1.09895,3.0966,0.0,0.0006701030927835051
text+audio_text_ln_lrh0.001_frozen_e5_s42,1241,2,0.6532,2.9174,0.0,0.0006697476004265909
text+audio_text_ln_lrh0.001_frozen_e5_s42,1242,2,0.89877,2.1993,0.0,0.0006693921080696766
text+audio_text_ln_lrh0.001_frozen_e5_s42,1243,2,1.60098,4.6088,0.0,0.0006690366157127622
text+audio_text_ln_lrh0.001_frozen_e5_s42,1244,2,1.06262,2.3693,0.0,0.0006686811233558479
text+audio_text_ln_lrh0.001_frozen_e5_s42,1245,2,0.85099,2.5507,0.0,0.0006683256309989335
text+audio_text_ln_lrh0.001_frozen_e5_s42,1246,2,1.53234,4.047,0.0,0.0006679701386420191
text+audio_text_ln_lrh0.001_frozen_e5_s42,1247,2,1.27451,3.7356,0.0,0.0006676146462851049
text+audio_text_ln_lrh0.001_frozen_e5_s42,1248,2,1.02905,2.8905,0.0,0.0006672591539281906
text+audio_text_ln_lrh0.001_frozen_e5_s42,1249,2,0.99371,3.4427,0.0,0.0006669036615712762
text+audio_text_ln_lrh0.001_frozen_e5_s42,1250,2,0.70928,6.9114,0.0,0.0006665481692143619
text+audio_text_ln_lrh0.001_frozen_e5_s42,1251,3,0.86269,3.7484,0.0,0.0006661926768574476
text+audio_text_ln_lrh0.001_frozen_e5_s42,1252,3,1.19366,3.1056,0.0,0.0006658371845005332
text+audio_text_ln_lrh0.001_frozen_e5_s42,1253,3,0.85602,2.6253,0.0,0.000665481692143619
text+audio_text_ln_lrh0.001_frozen_e5_s42,1254,3,0.96027,2.8877,0.0,0.0006651261997867046
text+audio_text_ln_lrh0.001_frozen_e5_s42,1255,3,1.19485,3.9372,0.0,0.0006647707074297903
text+audio_text_ln_lrh0.001_frozen_e5_s42,1256,3,1.25911,2.7443,0.0,0.000664415215072876
text+audio_text_ln_lrh0.001_frozen_e5_s42,1257,3,0.95949,3.2674,0.0,0.0006640597227159616
text+audio_text_ln_lrh0.001_frozen_e5_s42,1258,3,0.81982,2.2412,0.0,0.0006637042303590473
text+audio_text_ln_lrh0.001_frozen_e5_s42,1259,3,1.1544,5.2779,0.0,0.0006633487380021331
text+audio_text_ln_lrh0.001_frozen_e5_s42,1260,3,1.13677,2.9597,0.0,0.0006629932456452186
text+audio_text_ln_lrh0.001_frozen_e5_s42,1261,3,1.12336,2.4686,0.0,0.0006626377532883043
text+audio_text_ln_lrh0.001_frozen_e5_s42,1262,3,1.48901,4.0503,0.0,0.00066228226093139
text+audio_text_ln_lrh0.001_frozen_e5_s42,1263,3,1.44462,4.7125,0.0,0.0006619267685744756
text+audio_text_ln_lrh0.001_frozen_e5_s42,1264,3,1.00361,2.8733,0.0,0.0006615712762175613
text+audio_text_ln_lrh0.001_frozen_e5_s42,1265,3,1.12583,3.5797,0.0,0.000661215783860647
text+audio_text_ln_lrh0.001_frozen_e5_s42,1266,3,1.77276,4.6977,0.0,0.0006608602915037327
text+audio_text_ln_lrh0.001_frozen_e5_s42,1267,3,0.98605,4.6422,0.0,0.0006605047991468184
text+audio_text_ln_lrh0.001_frozen_e5_s42,1268,3,1.21817,3.0642,0.0,0.000660149306789904
text+audio_text_ln_lrh0.001_frozen_e5_s42,1269,3,1.05779,3.1566,0.0,0.0006597938144329897
text+audio_text_ln_lrh0.001_frozen_e5_s42,1270,3,1.05493,4.2233,0.0,0.0006594383220760754
text+audio_text_ln_lrh0.001_frozen_e5_s42,1271,3,1.28004,2.8246,0.0,0.000659082829719161
text+audio_text_ln_lrh0.001_frozen_e5_s42,1272,3,1.05793,4.4721,0.0,0.0006587273373622468
text+audio_text_ln_lrh0.001_frozen_e5_s42,1273,3,1.24952,3.0309,0.0,0.0006583718450053325
text+audio_text_ln_lrh0.001_frozen_e5_s42,1274,3,0.9277,3.4686,0.0,0.000658016352648418
text+audio_text_ln_lrh0.001_frozen_e5_s42,1275,3,0.94201,5.0535,0.0,0.0006576608602915037
text+audio_text_ln_lrh0.001_frozen_e5_s42,1276,3,0.90773,3.2756,0.0,0.0006573053679345894
text+audio_text_ln_lrh0.001_frozen_e5_s42,1277,3,1.25875,4.1113,0.0,0.000656949875577675
text+audio_text_ln_lrh0.001_frozen_e5_s42,1278,3,1.13885,2.9554,0.0,0.0006565943832207608
text+audio_text_ln_lrh0.001_frozen_e5_s42,1279,3,1.01934,3.1432,0.0,0.0006562388908638465
text+audio_text_ln_lrh0.001_frozen_e5_s42,1280,3,1.78458,4.9254,0.0,0.0006558833985069321
text+audio_text_ln_lrh0.001_frozen_e5_s42,1281,3,0.86249,3.4478,0.0,0.0006555279061500178
text+audio_text_ln_lrh0.001_frozen_e5_s42,1282,3,1.29078,5.1689,0.0,0.0006551724137931034
text+audio_text_ln_lrh0.001_frozen_e5_s42,1283,3,1.44626,6.0077,0.0,0.0006548169214361891
text+audio_text_ln_lrh0.001_frozen_e5_s42,1284,3,1.15772,3.5108,0.0,0.0006544614290792749
text+audio_text_ln_lrh0.001_frozen_e5_s42,1285,3,1.74035,3.8736,0.0,0.0006541059367223605
text+audio_text_ln_lrh0.001_frozen_e5_s42,1286,3,0.91493,2.8347,0.0,0.0006537504443654462
text+audio_text_ln_lrh0.001_frozen_e5_s42,1287,3,1.30607,3.5043,0.0,0.0006533949520085319
text+audio_text_ln_lrh0.001_frozen_e5_s42,1288,3,0.97117,2.929,0.0,0.0006530394596516174
text+audio_text_ln_lrh0.001_frozen_e5_s42,1289,3,1.33448,3.2944,0.0,0.0006526839672947031
text+audio_text_ln_lrh0.001_frozen_e5_s42,1290,3,1.73441,4.0879,0.0,0.0006523284749377888
text+audio_text_ln_lrh0.001_frozen_e5_s42,1291,3,0.93167,2.7629,0.0,0.0006519729825808745
text+audio_text_ln_lrh0.001_frozen_e5_s42,1292,3,1.17877,3.8316,0.0,0.0006516174902239602
text+audio_text_ln_lrh0.001_frozen_e5_s42,1293,3,0.97305,3.1786,0.0,0.0006512619978670459
text+audio_text_ln_lrh0.001_frozen_e5_s42,1294,3,1.25828,3.2828,0.0,0.0006509065055101315
text+audio_text_ln_lrh0.001_frozen_e5_s42,1295,3,0.92784,2.8151,0.0,0.0006505510131532172
text+audio_text_ln_lrh0.001_frozen_e5_s42,1296,3,1.76137,3.6304,0.0,0.0006501955207963028
text+audio_text_ln_lrh0.001_frozen_e5_s42,1297,3,1.15211,2.6429,0.0,0.0006498400284393886
text+audio_text_ln_lrh0.001_frozen_e5_s42,1298,3,1.54465,4.3705,0.0,0.0006494845360824743
text+audio_text_ln_lrh0.001_frozen_e5_s42,1299,3,1.02444,3.0552,0.0,0.0006491290437255599
text+audio_text_ln_lrh0.001_frozen_e5_s42,1300,3,1.12383,2.822,0.0,0.0006487735513686456
text+audio_text_ln_lrh0.001_frozen_e5_s42,1301,3,1.2814,4.6915,0.0,0.0006484180590117313
text+audio_text_ln_lrh0.001_frozen_e5_s42,1302,3,1.3931,4.2219,0.0,0.0006480625666548168
text+audio_text_ln_lrh0.001_frozen_e5_s42,1303,3,1.49982,4.1655,0.0,0.0006477070742979027
text+audio_text_ln_lrh0.001_frozen_e5_s42,1304,3,0.96605,2.6678,0.0,0.0006473515819409883
text+audio_text_ln_lrh0.001_frozen_e5_s42,1305,3,0.97904,2.4807,0.0,0.0006469960895840739
text+audio_text_ln_lrh0.001_frozen_e5_s42,1306,3,1.50284,3.6477,0.0,0.0006466405972271596
text+audio_text_ln_lrh0.001_frozen_e5_s42,1307,3,1.00431,3.5983,0.0,0.0006462851048702453
text+audio_text_ln_lrh0.001_frozen_e5_s42,1308,3,1.15568,2.8104,0.0,0.0006459296125133309
text+audio_text_ln_lrh0.001_frozen_e5_s42,1309,3,1.07345,2.9285,0.0,0.0006455741201564167
text+audio_text_ln_lrh0.001_frozen_e5_s42,1310,3,1.08449,3.2712,0.0,0.0006452186277995024
text+audio_text_ln_lrh0.001_frozen_e5_s42,1311,3,1.04822,2.388,0.0,0.000644863135442588
text+audio_text_ln_lrh0.001_frozen_e5_s42,1312,3,1.06786,2.6992,0.0,0.0006445076430856737
text+audio_text_ln_lrh0.001_frozen_e5_s42,1313,3,0.71366,3.6101,0.0,0.0006441521507287593
text+audio_text_ln_lrh0.001_frozen_e5_s42,1314,3,1.57694,3.9414,0.0,0.000643796658371845
text+audio_text_ln_lrh0.001_frozen_e5_s42,1315,3,0.9945,2.7285,0.0,0.0006434411660149308
text+audio_text_ln_lrh0.001_frozen_e5_s42,1316,3,1.1413,2.4695,0.0,0.0006430856736580164
text+audio_text_ln_lrh0.001_frozen_e5_s42,1317,3,1.15554,3.0952,0.0,0.0006427301813011021
text+audio_text_ln_lrh0.001_frozen_e5_s42,1318,3,1.10952,4.0187,0.0,0.0006423746889441877
text+audio_text_ln_lrh0.001_frozen_e5_s42,1319,3,1.41468,3.182,0.0,0.0006420191965872733
text+audio_text_ln_lrh0.001_frozen_e5_s42,1320,3,1.53108,3.9971,0.0,0.000641663704230359
text+audio_text_ln_lrh0.001_frozen_e5_s42,1321,3,1.15034,2.5867,0.0,0.0006413082118734447
text+audio_text_ln_lrh0.001_frozen_e5_s42,1322,3,0.72443,3.2604,0.0,0.0006409527195165304
text+audio_text_ln_lrh0.001_frozen_e5_s42,1323,3,1.45056,3.58,0.0,0.0006405972271596161
text+audio_text_ln_lrh0.001_frozen_e5_s42,1324,3,1.02065,2.439,0.0,0.0006402417348027018
text+audio_text_ln_lrh0.001_frozen_e5_s42,1325,3,0.92405,3.4032,0.0,0.0006398862424457874
text+audio_text_ln_lrh0.001_frozen_e5_s42,1326,3,1.33634,3.4521,0.0,0.0006395307500888731
text+audio_text_ln_lrh0.001_frozen_e5_s42,1327,3,1.15666,2.6978,0.0,0.0006391752577319587
text+audio_text_ln_lrh0.001_frozen_e5_s42,1328,3,1.02491,2.9944,0.0,0.0006388197653750445
text+audio_text_ln_lrh0.001_frozen_e5_s42,1329,3,1.0936,3.0306,0.0,0.0006384642730181302
text+audio_text_ln_lrh0.001_frozen_e5_s42,1330,3,1.04274,2.5339,0.0,0.0006381087806612158
text+audio_text_ln_lrh0.001_frozen_e5_s42,1331,3,1.55876,4.8815,0.0,0.0006377532883043015
text+audio_text_ln_lrh0.001_frozen_e5_s42,1332,3,0.84972,3.192,0.0,0.0006373977959473872
text+audio_text_ln_lrh0.001_frozen_e5_s42,1333,3,0.62135,3.1439,0.0,0.0006370423035904727
text+audio_text_ln_lrh0.001_frozen_e5_s42,1334,3,1.32257,2.9504,0.0,0.0006366868112335585
text+audio_text_ln_lrh0.001_frozen_e5_s42,1335,3,0.76652,2.0751,0.0,0.0006363313188766442
text+audio_text_ln_lrh0.001_frozen_e5_s42,1336,3,1.38457,4.1948,0.0,0.0006359758265197298
text+audio_text_ln_lrh0.001_frozen_e5_s42,1337,3,0.98367,3.4752,0.0,0.0006356203341628155
text+audio_text_ln_lrh0.001_frozen_e5_s42,1338,3,1.2231,3.6497,0.0,0.0006352648418059012
text+audio_text_ln_lrh0.001_frozen_e5_s42,1339,3,1.33484,4.696,0.0,0.0006349093494489868
text+audio_text_ln_lrh0.001_frozen_e5_s42,1340,3,0.70536,2.419,0.0,0.0006345538570920726
text+audio_text_ln_lrh0.001_frozen_e5_s42,1341,3,1.53988,5.3408,0.0,0.0006341983647351582
text+audio_text_ln_lrh0.001_frozen_e5_s42,1342,3,0.76734,4.7635,0.0,0.0006338428723782439
text+audio_text_ln_lrh0.001_frozen_e5_s42,1343,3,0.81413,2.8433,0.0,0.0006334873800213296
text+audio_text_ln_lrh0.001_frozen_e5_s42,1344,3,1.46424,3.3575,0.0,0.0006331318876644152
text+audio_text_ln_lrh0.001_frozen_e5_s42,1345,3,0.93583,3.7028,0.0,0.0006327763953075009
text+audio_text_ln_lrh0.001_frozen_e5_s42,1346,3,1.2179,3.8556,0.0,0.0006324209029505867
text+audio_text_ln_lrh0.001_frozen_e5_s42,1347,3,0.93326,2.4417,0.0,0.0006320654105936722
text+audio_text_ln_lrh0.001_frozen_e5_s42,1348,3,1.08756,4.2976,0.0,0.0006317099182367579
text+audio_text_ln_lrh0.001_frozen_e5_s42,1349,3,1.22654,3.7029,0.0,0.0006313544258798436
text+audio_text_ln_lrh0.001_frozen_e5_s42,1350,3,1.32559,4.4124,0.0,0.0006309989335229292
text+audio_text_ln_lrh0.001_frozen_e5_s42,1351,3,1.21443,2.7667,0.0,0.0006306434411660149
text+audio_text_ln_lrh0.001_frozen_e5_s42,1352,3,1.4815,5.5143,0.0,0.0006302879488091006
text+audio_text_ln_lrh0.001_frozen_e5_s42,1353,3,1.12281,3.687,0.0,0.0006299324564521863
text+audio_text_ln_lrh0.001_frozen_e5_s42,1354,3,0.9935,3.8525,0.0,0.000629576964095272
text+audio_text_ln_lrh0.001_frozen_e5_s42,1355,3,1.48248,3.8695,0.0,0.0006292214717383576
text+audio_text_ln_lrh0.001_frozen_e5_s42,1356,3,1.08303,3.5026,0.0,0.0006288659793814433
text+audio_text_ln_lrh0.001_frozen_e5_s42,1357,3,1.13836,4.7414,0.0,0.000628510487024529
text+audio_text_ln_lrh0.001_frozen_e5_s42,1358,3,0.82792,3.1561,0.0,0.0006281549946676146
text+audio_text_ln_lrh0.001_frozen_e5_s42,1359,3,1.56772,3.9992,0.0,0.0006277995023107004
text+audio_text_ln_lrh0.001_frozen_e5_s42,1360,3,1.14922,3.6697,0.0,0.0006274440099537861
text+audio_text_ln_lrh0.001_frozen_e5_s42,1361,3,1.39001,3.3743,0.0,0.0006270885175968717
text+audio_text_ln_lrh0.001_frozen_e5_s42,1362,3,0.74858,3.5449,0.0,0.0006267330252399573
text+audio_text_ln_lrh0.001_frozen_e5_s42,1363,3,1.53966,4.4999,0.0,0.000626377532883043
text+audio_text_ln_lrh0.001_frozen_e5_s42,1364,3,1.5424,3.222,0.0,0.0006260220405261286
text+audio_text_ln_lrh0.001_frozen_e5_s42,1365,3,0.77534,3.1157,0.0,0.0006256665481692144
text+audio_text_ln_lrh0.001_frozen_e5_s42,1366,3,0.95836,3.8374,0.0,0.0006253110558123001
text+audio_text_ln_lrh0.001_frozen_e5_s42,1367,3,1.23815,3.6894,0.0,0.0006249555634553857
text+audio_text_ln_lrh0.001_frozen_e5_s42,1368,3,1.14724,3.462,0.0,0.0006246000710984714
text+audio_text_ln_lrh0.001_frozen_e5_s42,1369,3,1.02943,4.3509,0.0,0.000624244578741557
text+audio_text_ln_lrh0.001_frozen_e5_s42,1370,3,1.32362,3.2339,0.0,0.0006238890863846427
text+audio_text_ln_lrh0.001_frozen_e5_s42,1371,3,1.62411,5.0965,0.0,0.0006235335940277285
text+audio_text_ln_lrh0.001_frozen_e5_s42,1372,3,0.97512,3.6553,0.0,0.0006231781016708141
text+audio_text_ln_lrh0.001_frozen_e5_s42,1373,3,1.08109,3.598,0.0,0.0006228226093138998
text+audio_text_ln_lrh0.001_frozen_e5_s42,1374,3,0.97905,3.0568,0.0,0.0006224671169569855
text+audio_text_ln_lrh0.001_frozen_e5_s42,1375,3,1.21371,4.68,0.0,0.000622111624600071
text+audio_text_ln_lrh0.001_frozen_e5_s42,1376,3,1.07981,3.149,0.0,0.0006217561322431567
text+audio_text_ln_lrh0.001_frozen_e5_s42,1377,3,0.98881,2.5686,0.0,0.0006214006398862426
text+audio_text_ln_lrh0.001_frozen_e5_s42,1378,3,1.12326,3.0201,0.0,0.0006210451475293281
text+audio_text_ln_lrh0.001_frozen_e5_s42,1379,3,1.13502,3.9544,0.0,0.0006206896551724138
text+audio_text_ln_lrh0.001_frozen_e5_s42,1380,3,1.09134,2.6991,0.0,0.0006203341628154995
text+audio_text_ln_lrh0.001_frozen_e5_s42,1381,3,0.84646,2.3559,0.0,0.0006199786704585851
text+audio_text_ln_lrh0.001_frozen_e5_s42,1382,3,0.94388,4.0952,0.0,0.0006196231781016708
text+audio_text_ln_lrh0.001_frozen_e5_s42,1383,3,0.89415,3.7445,0.0,0.0006192676857447564
text+audio_text_ln_lrh0.001_frozen_e5_s42,1384,3,1.10364,3.7249,0.0,0.0006189121933878422
text+audio_text_ln_lrh0.001_frozen_e5_s42,1385,3,1.49792,5.0631,0.0,0.0006185567010309279
text+audio_text_ln_lrh0.001_frozen_e5_s42,1386,3,1.16072,3.5994,0.0,0.0006182012086740135
text+audio_text_ln_lrh0.001_frozen_e5_s42,1387,3,1.58117,6.2535,0.0,0.0006178457163170992
text+audio_text_ln_lrh0.001_frozen_e5_s42,1388,3,1.51594,6.3172,0.0,0.0006174902239601849
text+audio_text_ln_lrh0.001_frozen_e5_s42,1389,3,1.62025,5.021,0.0,0.0006171347316032705
text+audio_text_ln_lrh0.001_frozen_e5_s42,1390,3,1.20396,4.1589,0.0,0.0006167792392463563
text+audio_text_ln_lrh0.001_frozen_e5_s42,1391,3,1.33008,3.9837,0.0,0.000616423746889442
text+audio_text_ln_lrh0.001_frozen_e5_s42,1392,3,1.72247,5.3305,0.0,0.0006160682545325275
text+audio_text_ln_lrh0.001_frozen_e5_s42,1393,3,1.65417,5.3699,0.0,0.0006157127621756132
text+audio_text_ln_lrh0.001_frozen_e5_s42,1394,3,1.45363,5.1087,0.0,0.0006153572698186989
text+audio_text_ln_lrh0.001_frozen_e5_s42,1395,3,1.57827,3.7141,0.0,0.0006150017774617845
text+audio_text_ln_lrh0.001_frozen_e5_s42,1396,3,0.88091,2.1674,0.0,0.0006146462851048703
text+audio_text_ln_lrh0.001_frozen_e5_s42,1397,3,1.2459,3.168,0.0,0.000614290792747956
text+audio_text_ln_lrh0.001_frozen_e5_s42,1398,3,1.18762,3.0421,0.0,0.0006139353003910416
text+audio_text_ln_lrh0.001_frozen_e5_s42,1399,3,1.29193,3.1959,0.0,0.0006135798080341273
text+audio_text_ln_lrh0.001_frozen_e5_s42,1400,3,1.90531,5.3507,0.0,0.0006132243156772129
text+audio_text_ln_lrh0.001_frozen_e5_s42,1401,3,1.34261,4.1596,0.0,0.0006128688233202986
text+audio_text_ln_lrh0.001_frozen_e5_s42,1402,3,1.12197,3.0884,0.0,0.0006125133309633844
text+audio_text_ln_lrh0.001_frozen_e5_s42,1403,3,1.34413,3.222,0.0,0.00061215783860647
text+audio_text_ln_lrh0.001_frozen_e5_s42,1404,3,1.0923,4.274,0.0,0.0006118023462495557
text+audio_text_ln_lrh0.001_frozen_e5_s42,1405,3,1.03575,5.8112,0.0,0.0006114468538926414
text+audio_text_ln_lrh0.001_frozen_e5_s42,1406,3,1.03981,3.3887,0.0,0.0006110913615357269
text+audio_text_ln_lrh0.001_frozen_e5_s42,1407,3,1.3644,3.2733,0.0,0.0006107358691788126
text+audio_text_ln_lrh0.001_frozen_e5_s42,1408,3,1.37312,3.6235,0.0,0.0006103803768218983
text+audio_text_ln_lrh0.001_frozen_e5_s42,1409,3,1.22208,2.2791,0.0,0.000610024884464984
text+audio_text_ln_lrh0.001_frozen_e5_s42,1410,3,0.70635,2.6044,0.0,0.0006096693921080697
text+audio_text_ln_lrh0.001_frozen_e5_s42,1411,3,0.98465,2.6567,0.0,0.0006093138997511554
text+audio_text_ln_lrh0.001_frozen_e5_s42,1412,3,1.01128,2.5979,0.0,0.000608958407394241
text+audio_text_ln_lrh0.001_frozen_e5_s42,1413,3,1.85885,4.4083,0.0,0.0006086029150373267
text+audio_text_ln_lrh0.001_frozen_e5_s42,1414,3,1.0738,3.3902,0.0,0.0006082474226804123
text+audio_text_ln_lrh0.001_frozen_e5_s42,1415,3,1.22683,2.7679,0.0,0.0006078919303234981
text+audio_text_ln_lrh0.001_frozen_e5_s42,1416,3,0.81206,3.6363,0.0,0.0006075364379665838
text+audio_text_ln_lrh0.001_frozen_e5_s42,1417,3,1.44526,3.8986,0.0,0.0006071809456096694
text+audio_text_ln_lrh0.001_frozen_e5_s42,1418,3,1.25578,3.2395,0.0,0.0006068254532527551
text+audio_text_ln_lrh0.001_frozen_e5_s42,1419,3,1.12795,3.1432,0.0,0.0006064699608958408
text+audio_text_ln_lrh0.001_frozen_e5_s42,1420,3,1.47112,4.2317,0.0,0.0006061144685389263
text+audio_text_ln_lrh0.001_frozen_e5_s42,1421,3,1.22066,4.1667,0.0,0.0006057589761820121
text+audio_text_ln_lrh0.001_frozen_e5_s42,1422,3,1.23331,3.2022,0.0,0.0006054034838250978
text+audio_text_ln_lrh0.001_frozen_e5_s42,1423,3,0.90533,4.0012,0.0,0.0006050479914681834
text+audio_text_ln_lrh0.001_frozen_e5_s42,1424,3,1.39489,2.9185,0.0,0.0006046924991112691
text+audio_text_ln_lrh0.001_frozen_e5_s42,1425,3,1.45001,4.0994,0.0,0.0006043370067543548
text+audio_text_ln_lrh0.001_frozen_e5_s42,1426,3,1.33862,3.309,0.0,0.0006039815143974404
text+audio_text_ln_lrh0.001_frozen_e5_s42,1427,3,0.84903,2.5818,0.0,0.0006036260220405262
text+audio_text_ln_lrh0.001_frozen_e5_s42,1428,3,1.01873,3.2563,0.0,0.0006032705296836118
text+audio_text_ln_lrh0.001_frozen_e5_s42,1429,3,0.66006,2.9414,0.0,0.0006029150373266975
text+audio_text_ln_lrh0.001_frozen_e5_s42,1430,3,0.87398,4.2429,0.0,0.0006025595449697832
text+audio_text_ln_lrh0.001_frozen_e5_s42,1431,3,1.08562,3.1904,0.0,0.0006022040526128688
text+audio_text_ln_lrh0.001_frozen_e5_s42,1432,3,0.9021,4.295,0.0,0.0006018485602559545
text+audio_text_ln_lrh0.001_frozen_e5_s42,1433,3,1.13039,2.8646,0.0,0.0006014930678990403
text+audio_text_ln_lrh0.001_frozen_e5_s42,1434,3,1.04843,3.8275,0.0,0.0006011375755421259
text+audio_text_ln_lrh0.001_frozen_e5_s42,1435,3,1.04819,2.7574,0.0,0.0006007820831852115
text+audio_text_ln_lrh0.001_frozen_e5_s42,1436,3,1.4337,4.1995,0.0,0.0006004265908282972
text+audio_text_ln_lrh0.001_frozen_e5_s42,1437,3,1.55116,3.8339,0.0,0.0006000710984713828
text+audio_text_ln_lrh0.001_frozen_e5_s42,1438,3,0.98457,3.775,0.0,0.0005997156061144685
text+audio_text_ln_lrh0.001_frozen_e5_s42,1439,3,1.08692,3.226,0.0,0.0005993601137575542
text+audio_text_ln_lrh0.001_frozen_e5_s42,1440,3,1.3215,4.1187,0.0,0.0005990046214006399
text+audio_text_ln_lrh0.001_frozen_e5_s42,1441,3,0.92147,2.4962,0.0,0.0005986491290437256
text+audio_text_ln_lrh0.001_frozen_e5_s42,1442,3,1.46198,4.1886,0.0,0.0005982936366868112
text+audio_text_ln_lrh0.001_frozen_e5_s42,1443,3,0.9896,2.5085,0.0,0.0005979381443298969
text+audio_text_ln_lrh0.001_frozen_e5_s42,1444,3,1.82898,3.9924,0.0,0.0005975826519729826
text+audio_text_ln_lrh0.001_frozen_e5_s42,1445,3,1.01287,2.7101,0.0,0.0005972271596160682
text+audio_text_ln_lrh0.001_frozen_e5_s42,1446,3,0.94612,3.9065,0.0,0.000596871667259154
text+audio_text_ln_lrh0.001_frozen_e5_s42,1447,3,0.95798,2.8092,0.0,0.0005965161749022397
text+audio_text_ln_lrh0.001_frozen_e5_s42,1448,3,0.79797,2.0542,0.0,0.0005961606825453253
text+audio_text_ln_lrh0.001_frozen_e5_s42,1449,3,1.22125,3.4832,0.0,0.000595805190188411
text+audio_text_ln_lrh0.001_frozen_e5_s42,1450,3,1.22052,3.8265,0.0,0.0005954496978314966
text+audio_text_ln_lrh0.001_frozen_e5_s42,1451,3,0.86566,5.3239,0.0,0.0005950942054745822
text+audio_text_ln_lrh0.001_frozen_e5_s42,1452,3,0.8392,4.0387,0.0,0.000594738713117668
text+audio_text_ln_lrh0.001_frozen_e5_s42,1453,3,1.24166,3.8697,0.0,0.0005943832207607537
text+audio_text_ln_lrh0.001_frozen_e5_s42,1454,3,0.78792,2.8066,0.0,0.0005940277284038393
text+audio_text_ln_lrh0.001_frozen_e5_s42,1455,3,0.61554,2.595,0.0,0.000593672236046925
text+audio_text_ln_lrh0.001_frozen_e5_s42,1456,3,1.23483,3.6732,0.0,0.0005933167436900106
text+audio_text_ln_lrh0.001_frozen_e5_s42,1457,3,1.17908,2.677,0.0,0.0005929612513330963
text+audio_text_ln_lrh0.001_frozen_e5_s42,1458,3,1.68836,5.1875,0.0,0.0005926057589761821
text+audio_text_ln_lrh0.001_frozen_e5_s42,1459,3,1.30121,6.0146,0.0,0.0005922502666192677
text+audio_text_ln_lrh0.001_frozen_e5_s42,1460,3,0.84114,3.8948,0.0,0.0005918947742623534
text+audio_text_ln_lrh0.001_frozen_e5_s42,1461,3,0.92517,3.2738,0.0,0.0005915392819054391
text+audio_text_ln_lrh0.001_frozen_e5_s42,1462,3,1.49685,3.8611,0.0,0.0005911837895485247
text+audio_text_ln_lrh0.001_frozen_e5_s42,1463,3,1.21199,3.89,0.0,0.0005908282971916104
text+audio_text_ln_lrh0.001_frozen_e5_s42,1464,3,1.21288,4.2266,0.0,0.0005904728048346962
text+audio_text_ln_lrh0.001_frozen_e5_s42,1465,3,0.75786,2.5051,0.0,0.0005901173124777817
text+audio_text_ln_lrh0.001_frozen_e5_s42,1466,3,1.58594,4.6626,0.0,0.0005897618201208674
text+audio_text_ln_lrh0.001_frozen_e5_s42,1467,3,1.08394,3.5753,0.0,0.0005894063277639531
text+audio_text_ln_lrh0.001_frozen_e5_s42,1468,3,1.14685,3.4662,0.0,0.0005890508354070387
text+audio_text_ln_lrh0.001_frozen_e5_s42,1469,3,1.66217,5.8239,0.0,0.0005886953430501244
text+audio_text_ln_lrh0.001_frozen_e5_s42,1470,3,1.15206,2.723,0.0,0.0005883398506932101
text+audio_text_ln_lrh0.001_frozen_e5_s42,1471,3,0.78715,4.1408,0.0,0.0005879843583362958
text+audio_text_ln_lrh0.001_frozen_e5_s42,1472,3,0.77353,5.2008,0.0,0.0005876288659793815
text+audio_text_ln_lrh0.001_frozen_e5_s42,1473,3,0.94084,2.4358,0.0,0.0005872733736224671
text+audio_text_ln_lrh0.001_frozen_e5_s42,1474,3,1.0028,2.7262,0.0,0.0005869178812655528
text+audio_text_ln_lrh0.001_frozen_e5_s42,1475,3,1.15904,3.3357,0.0,0.0005865623889086385
text+audio_text_ln_lrh0.001_frozen_e5_s42,1476,3,0.80765,3.4117,0.0,0.0005862068965517241
text+audio_text_ln_lrh0.001_frozen_e5_s42,1477,3,0.81295,3.5368,0.0,0.0005858514041948099
text+audio_text_ln_lrh0.001_frozen_e5_s42,1478,3,0.87824,2.8752,0.0,0.0005854959118378956
text+audio_text_ln_lrh0.001_frozen_e5_s42,1479,3,1.11253,3.7442,0.0,0.0005851404194809811
text+audio_text_ln_lrh0.001_frozen_e5_s42,1480,3,1.36049,5.0463,0.0,0.0005847849271240668
text+audio_text_ln_lrh0.001_frozen_e5_s42,1481,3,1.36736,3.6627,0.0,0.0005844294347671525
text+audio_text_ln_lrh0.001_frozen_e5_s42,1482,3,1.19419,5.1989,0.0,0.0005840739424102381
text+audio_text_ln_lrh0.001_frozen_e5_s42,1483,3,0.63598,6.2092,0.0,0.0005837184500533239
text+audio_text_ln_lrh0.001_frozen_e5_s42,1484,3,0.87568,2.5934,0.0,0.0005833629576964096
text+audio_text_ln_lrh0.001_frozen_e5_s42,1485,3,0.81489,2.9401,0.0,0.0005830074653394952
text+audio_text_ln_lrh0.001_frozen_e5_s42,1486,3,1.48428,3.6159,0.0,0.0005826519729825809
text+audio_text_ln_lrh0.001_frozen_e5_s42,1487,3,1.41344,2.952,0.0,0.0005822964806256665
text+audio_text_ln_lrh0.001_frozen_e5_s42,1488,3,1.46963,4.2989,0.0,0.0005819409882687522
text+audio_text_ln_lrh0.001_frozen_e5_s42,1489,3,1.11694,4.0412,0.0,0.000581585495911838
text+audio_text_ln_lrh0.001_frozen_e5_s42,1490,3,1.1712,4.1295,0.0,0.0005812300035549236
text+audio_text_ln_lrh0.001_frozen_e5_s42,1491,3,0.63235,2.2113,0.0,0.0005808745111980093
text+audio_text_ln_lrh0.001_frozen_e5_s42,1492,3,0.91431,3.1851,0.0,0.000580519018841095
text+audio_text_ln_lrh0.001_frozen_e5_s42,1493,3,1.05564,2.2369,0.0,0.0005801635264841805
text+audio_text_ln_lrh0.001_frozen_e5_s42,1494,3,0.88639,2.9365,0.0,0.0005798080341272662
text+audio_text_ln_lrh0.001_frozen_e5_s42,1495,3,0.59782,2.2928,0.0,0.000579452541770352
text+audio_text_ln_lrh0.001_frozen_e5_s42,1496,3,1.53749,3.3976,0.0,0.0005790970494134376
text+audio_text_ln_lrh0.001_frozen_e5_s42,1497,3,1.16923,3.1643,0.0,0.0005787415570565233
text+audio_text_ln_lrh0.001_frozen_e5_s42,1498,3,0.82388,2.65,0.0,0.000578386064699609
text+audio_text_ln_lrh0.001_frozen_e5_s42,1499,3,0.80464,3.8458,0.0,0.0005780305723426946
text+audio_text_ln_lrh0.001_frozen_e5_s42,1500,3,1.0486,3.1225,0.0,0.0005776750799857803
text+audio_text_ln_lrh0.001_frozen_e5_s42,1501,3,1.40861,3.6873,0.0,0.0005773195876288659
text+audio_text_ln_lrh0.001_frozen_e5_s42,1502,3,1.1189,2.7451,0.0,0.0005769640952719517
text+audio_text_ln_lrh0.001_frozen_e5_s42,1503,3,1.7029,5.4981,0.0,0.0005766086029150374
text+audio_text_ln_lrh0.001_frozen_e5_s42,1504,3,1.6498,4.9539,0.0,0.000576253110558123
text+audio_text_ln_lrh0.001_frozen_e5_s42,1505,3,0.97343,2.6771,0.0,0.0005758976182012087
text+audio_text_ln_lrh0.001_frozen_e5_s42,1506,3,1.05925,3.9568,0.0,0.0005755421258442944
text+audio_text_ln_lrh0.001_frozen_e5_s42,1507,3,1.59253,3.6907,0.0,0.00057518663348738
text+audio_text_ln_lrh0.001_frozen_e5_s42,1508,3,0.69803,4.0253,0.0,0.0005748311411304658
text+audio_text_ln_lrh0.001_frozen_e5_s42,1509,3,1.09558,2.7425,0.0,0.0005744756487735514
text+audio_text_ln_lrh0.001_frozen_e5_s42,1510,3,1.00766,4.2054,0.0,0.000574120156416637
text+audio_text_ln_lrh0.001_frozen_e5_s42,1511,3,1.00898,4.0554,0.0,0.0005737646640597227
text+audio_text_ln_lrh0.001_frozen_e5_s42,1512,3,0.84311,2.7987,0.0,0.0005734091717028084
text+audio_text_ln_lrh0.001_frozen_e5_s42,1513,3,1.02993,2.5146,0.0,0.000573053679345894
text+audio_text_ln_lrh0.001_frozen_e5_s42,1514,3,1.28483,3.231,0.0,0.0005726981869889798
text+audio_text_ln_lrh0.001_frozen_e5_s42,1515,3,1.36209,2.9516,0.0,0.0005723426946320654
text+audio_text_ln_lrh0.001_frozen_e5_s42,1516,3,1.63077,3.7132,0.0,0.0005719872022751511
text+audio_text_ln_lrh0.001_frozen_e5_s42,1517,3,1.16314,3.1854,0.0,0.0005716317099182368
text+audio_text_ln_lrh0.001_frozen_e5_s42,1518,3,1.16784,3.3876,0.0,0.0005712762175613224
text+audio_text_ln_lrh0.001_frozen_e5_s42,1519,3,0.81127,3.6183,0.0,0.0005709207252044081
text+audio_text_ln_lrh0.001_frozen_e5_s42,1520,3,0.81976,2.7189,0.0,0.0005705652328474939
text+audio_text_ln_lrh0.001_frozen_e5_s42,1521,3,1.18021,4.2003,0.0,0.0005702097404905795
text+audio_text_ln_lrh0.001_frozen_e5_s42,1522,3,0.4404,1.9239,0.0,0.0005698542481336652
text+audio_text_ln_lrh0.001_frozen_e5_s42,1523,3,1.27389,3.8504,0.0,0.0005694987557767508
text+audio_text_ln_lrh0.001_frozen_e5_s42,1524,3,0.94399,4.1812,0.0,0.0005691432634198364
text+audio_text_ln_lrh0.001_frozen_e5_s42,1525,3,1.46146,5.4329,0.0,0.0005687877710629221
text+audio_text_ln_lrh0.001_frozen_e5_s42,1526,3,1.13873,2.3027,0.0,0.0005684322787060079
text+audio_text_ln_lrh0.001_frozen_e5_s42,1527,3,1.30782,3.9476,0.0,0.0005680767863490935
text+audio_text_ln_lrh0.001_frozen_e5_s42,1528,3,0.96795,3.7306,0.0,0.0005677212939921792
text+audio_text_ln_lrh0.001_frozen_e5_s42,1529,3,0.97705,2.3686,0.0,0.0005673658016352649
text+audio_text_ln_lrh0.001_frozen_e5_s42,1530,3,1.47559,4.0928,0.0,0.0005670103092783505
text+audio_text_ln_lrh0.001_frozen_e5_s42,1531,3,0.94799,3.0646,0.0,0.0005666548169214362
text+audio_text_ln_lrh0.001_frozen_e5_s42,1532,3,0.77416,2.7511,0.0,0.0005662993245645218
text+audio_text_ln_lrh0.001_frozen_e5_s42,1533,3,1.4087,3.5194,0.0,0.0005659438322076076
text+audio_text_ln_lrh0.001_frozen_e5_s42,1534,3,1.08749,2.2353,0.0,0.0005655883398506933
text+audio_text_ln_lrh0.001_frozen_e5_s42,1535,3,1.25989,3.4952,0.0,0.0005652328474937789
text+audio_text_ln_lrh0.001_frozen_e5_s42,1536,3,1.0784,3.6142,0.0,0.0005648773551368646
text+audio_text_ln_lrh0.001_frozen_e5_s42,1537,3,1.20039,3.4576,0.0,0.0005645218627799503
text+audio_text_ln_lrh0.001_frozen_e5_s42,1538,3,0.8694,2.552,0.0,0.0005641663704230358
text+audio_text_ln_lrh0.001_frozen_e5_s42,1539,3,1.26424,4.6771,0.0,0.0005638108780661216
text+audio_text_ln_lrh0.001_frozen_e5_s42,1540,3,0.98412,4.4759,0.0,0.0005634553857092073
text+audio_text_ln_lrh0.001_frozen_e5_s42,1541,3,1.23776,2.9816,0.0,0.0005630998933522929
text+audio_text_ln_lrh0.001_frozen_e5_s42,1542,3,1.00894,3.7448,0.0,0.0005627444009953786
text+audio_text_ln_lrh0.001_frozen_e5_s42,1543,3,0.87118,2.2621,0.0,0.0005623889086384643
text+audio_text_ln_lrh0.001_frozen_e5_s42,1544,3,0.9433,4.5757,0.0,0.0005620334162815499
text+audio_text_ln_lrh0.001_frozen_e5_s42,1545,3,0.83205,2.4104,0.0,0.0005616779239246357
text+audio_text_ln_lrh0.001_frozen_e5_s42,1546,3,1.27002,2.9175,0.0,0.0005613224315677213
text+audio_text_ln_lrh0.001_frozen_e5_s42,1547,3,1.37895,4.9921,0.0,0.000560966939210807
text+audio_text_ln_lrh0.001_frozen_e5_s42,1548,3,0.94965,2.6559,0.0,0.0005606114468538927
text+audio_text_ln_lrh0.001_frozen_e5_s42,1549,3,0.70353,4.485,0.0,0.0005602559544969783
text+audio_text_ln_lrh0.001_frozen_e5_s42,1550,3,0.80552,2.3755,0.0,0.000559900462140064
text+audio_text_ln_lrh0.001_frozen_e5_s42,1551,3,0.80836,2.8435,0.0,0.0005595449697831498
text+audio_text_ln_lrh0.001_frozen_e5_s42,1552,3,0.87351,2.7397,0.0,0.0005591894774262353
text+audio_text_ln_lrh0.001_frozen_e5_s42,1553,3,1.55785,5.6314,0.0,0.000558833985069321
text+audio_text_ln_lrh0.001_frozen_e5_s42,1554,3,1.35433,4.2397,0.0,0.0005584784927124067
text+audio_text_ln_lrh0.001_frozen_e5_s42,1555,3,0.8812,2.8158,0.0,0.0005581230003554923
text+audio_text_ln_lrh0.001_frozen_e5_s42,1556,3,0.53727,2.5245,0.0,0.000557767507998578
text+audio_text_ln_lrh0.001_frozen_e5_s42,1557,3,1.522,5.0166,0.0,0.0005574120156416637
text+audio_text_ln_lrh0.001_frozen_e5_s42,1558,3,1.37349,6.6905,0.0,0.0005570565232847494
text+audio_text_ln_lrh0.001_frozen_e5_s42,1559,3,1.35693,4.5148,0.0,0.0005567010309278351
text+audio_text_ln_lrh0.001_frozen_e5_s42,1560,3,1.84806,6.956,0.0,0.0005563455385709207
text+audio_text_ln_lrh0.001_frozen_e5_s42,1561,3,1.53644,5.2288,0.0,0.0005559900462140064
text+audio_text_ln_lrh0.001_frozen_e5_s42,1562,3,1.17233,4.8807,0.0,0.0005556345538570921
text+audio_text_ln_lrh0.001_frozen_e5_s42,1563,3,1.86911,4.7337,0.0,0.0005552790615001777
text+audio_text_ln_lrh0.001_frozen_e5_s42,1564,3,1.61532,3.9604,0.0,0.0005549235691432635
text+audio_text_ln_lrh0.001_frozen_e5_s42,1565,3,1.03642,4.5344,0.0,0.0005545680767863492
text+audio_text_ln_lrh0.001_frozen_e5_s42,1566,3,0.78156,4.5007,0.0,0.0005542125844294348
text+audio_text_ln_lrh0.001_frozen_e5_s42,1567,3,0.83311,2.6649,0.0,0.0005538570920725204
text+audio_text_ln_lrh0.001_frozen_e5_s42,1568,3,1.11177,3.5541,0.0,0.0005535015997156061
text+audio_text_ln_lrh0.001_frozen_e5_s42,1569,3,1.37755,4.2108,0.0,0.0005531461073586917
text+audio_text_ln_lrh0.001_frozen_e5_s42,1570,3,1.38222,3.4218,0.0,0.0005527906150017775
text+audio_text_ln_lrh0.001_frozen_e5_s42,1571,3,1.01105,5.0352,0.0,0.0005524351226448632
text+audio_text_ln_lrh0.001_frozen_e5_s42,1572,3,1.19096,4.4368,0.0,0.0005520796302879488
text+audio_text_ln_lrh0.001_frozen_e5_s42,1573,3,0.86172,3.0691,0.0,0.0005517241379310345
text+audio_text_ln_lrh0.001_frozen_e5_s42,1574,3,1.17507,4.4714,0.0,0.0005513686455741201
text+audio_text_ln_lrh0.001_frozen_e5_s42,1575,3,1.39761,2.8292,0.0,0.0005510131532172058
text+audio_text_ln_lrh0.001_frozen_e5_s42,1576,3,1.2881,3.4699,0.0,0.0005506576608602916
text+audio_text_ln_lrh0.001_frozen_e5_s42,1577,3,0.80619,2.322,0.0,0.0005503021685033772
text+audio_text_ln_lrh0.001_frozen_e5_s42,1578,3,0.9118,2.6233,0.0,0.0005499466761464629
text+audio_text_ln_lrh0.001_frozen_e5_s42,1579,3,0.88466,2.9049,0.0,0.0005495911837895486
text+audio_text_ln_lrh0.001_frozen_e5_s42,1580,3,1.51468,5.6011,0.0,0.0005492356914326342
text+audio_text_ln_lrh0.001_frozen_e5_s42,1581,3,1.03413,2.7618,0.0,0.0005488801990757198
text+audio_text_ln_lrh0.001_frozen_e5_s42,1582,3,1.04715,2.5568,0.0,0.0005485247067188057
text+audio_text_ln_lrh0.001_frozen_e5_s42,1583,3,1.53344,3.4898,0.0,0.0005481692143618912
text+audio_text_ln_lrh0.001_frozen_e5_s42,1584,3,0.99871,2.9223,0.0,0.0005478137220049769
text+audio_text_ln_lrh0.001_frozen_e5_s42,1585,3,0.86595,2.2986,0.0,0.0005474582296480626
text+audio_text_ln_lrh0.001_frozen_e5_s42,1586,3,0.89845,2.7867,0.0,0.0005471027372911482
text+audio_text_ln_lrh0.001_frozen_e5_s42,1587,3,1.13477,2.6774,0.0,0.0005467472449342339
text+audio_text_ln_lrh0.001_frozen_e5_s42,1588,3,1.05205,3.2346,0.0,0.0005463917525773195
text+audio_text_ln_lrh0.001_frozen_e5_s42,1589,3,1.42837,3.7227,0.0,0.0005460362602204053
text+audio_text_ln_lrh0.001_frozen_e5_s42,1590,3,1.59024,3.2017,0.0,0.000545680767863491
text+audio_text_ln_lrh0.001_frozen_e5_s42,1591,3,0.91836,3.0679,0.0,0.0005453252755065766
text+audio_text_ln_lrh0.001_frozen_e5_s42,1592,3,0.86906,2.5978,0.0,0.0005449697831496623
text+audio_text_ln_lrh0.001_frozen_e5_s42,1593,3,1.22283,3.3673,0.0,0.000544614290792748
text+audio_text_ln_lrh0.001_frozen_e5_s42,1594,3,1.10397,2.7,0.0,0.0005442587984358336
text+audio_text_ln_lrh0.001_frozen_e5_s42,1595,3,1.47652,3.9658,0.0,0.0005439033060789194
text+audio_text_ln_lrh0.001_frozen_e5_s42,1596,3,0.85616,3.0216,0.0,0.000543547813722005
text+audio_text_ln_lrh0.001_frozen_e5_s42,1597,3,0.80954,3.0632,0.0,0.0005431923213650906
text+audio_text_ln_lrh0.001_frozen_e5_s42,1598,3,0.84796,2.9918,0.0,0.0005428368290081763
text+audio_text_ln_lrh0.001_frozen_e5_s42,1599,3,1.10419,2.7223,0.0,0.000542481336651262
text+audio_text_ln_lrh0.001_frozen_e5_s42,1600,3,1.15236,3.6183,0.0,0.0005421258442943476
text+audio_text_ln_lrh0.001_frozen_e5_s42,1601,3,1.4152,2.5632,0.0,0.0005417703519374334
text+audio_text_ln_lrh0.001_frozen_e5_s42,1602,3,1.30092,4.3658,0.0,0.0005414148595805191
text+audio_text_ln_lrh0.001_frozen_e5_s42,1603,3,1.23492,3.8575,0.0,0.0005410593672236047
text+audio_text_ln_lrh0.001_frozen_e5_s42,1604,3,1.4496,3.4033,0.0,0.0005407038748666904
text+audio_text_ln_lrh0.001_frozen_e5_s42,1605,3,1.52829,5.3126,0.0,0.000540348382509776
text+audio_text_ln_lrh0.001_frozen_e5_s42,1606,3,1.04896,3.3449,0.0,0.0005399928901528617
text+audio_text_ln_lrh0.001_frozen_e5_s42,1607,3,1.33311,3.3719,0.0,0.0005396373977959475
text+audio_text_ln_lrh0.001_frozen_e5_s42,1608,3,0.91788,2.9043,0.0,0.0005392819054390331
text+audio_text_ln_lrh0.001_frozen_e5_s42,1609,3,1.02274,3.9447,0.0,0.0005389264130821188
text+audio_text_ln_lrh0.001_frozen_e5_s42,1610,3,0.68073,3.0099,0.0,0.0005385709207252045
text+audio_text_ln_lrh0.001_frozen_e5_s42,1611,3,1.46817,4.4908,0.0,0.00053821542836829
text+audio_text_ln_lrh0.001_frozen_e5_s42,1612,3,1.38542,3.2627,0.0,0.0005378599360113757
text+audio_text_ln_lrh0.001_frozen_e5_s42,1613,3,1.51456,3.5297,0.0,0.0005375044436544615
text+audio_text_ln_lrh0.001_frozen_e5_s42,1614,3,1.09203,3.1342,0.0,0.0005371489512975471
text+audio_text_ln_lrh0.001_frozen_e5_s42,1615,3,1.50558,3.1996,0.0,0.0005367934589406328
text+audio_text_ln_lrh0.001_frozen_e5_s42,1616,3,1.37241,3.6406,0.0,0.0005364379665837185
text+audio_text_ln_lrh0.001_frozen_e5_s42,1617,3,0.93148,3.9467,0.0,0.0005360824742268041
text+audio_text_ln_lrh0.001_frozen_e5_s42,1618,3,0.95516,2.7823,0.0,0.0005357269818698898
text+audio_text_ln_lrh0.001_frozen_e5_s42,1619,3,0.95224,2.7543,0.0,0.0005353714895129754
text+audio_text_ln_lrh0.001_frozen_e5_s42,1620,3,1.02275,3.8055,0.0,0.0005350159971560612
text+audio_text_ln_lrh0.001_frozen_e5_s42,1621,3,0.72466,3.739,0.0,0.0005346605047991469
text+audio_text_ln_lrh0.001_frozen_e5_s42,1622,3,0.79068,3.0372,0.0,0.0005343050124422325
text+audio_text_ln_lrh0.001_frozen_e5_s42,1623,3,1.19837,2.7585,0.0,0.0005339495200853182
text+audio_text_ln_lrh0.001_frozen_e5_s42,1624,3,0.96441,3.4014,0.0,0.0005335940277284039
text+audio_text_ln_lrh0.001_frozen_e5_s42,1625,3,0.93168,2.4163,0.0,0.0005332385353714894
text+audio_text_ln_lrh0.001_frozen_e5_s42,1626,3,1.13638,3.4156,0.0,0.0005328830430145752
text+audio_text_ln_lrh0.001_frozen_e5_s42,1627,3,0.60581,2.741,0.0,0.0005325275506576609
text+audio_text_ln_lrh0.001_frozen_e5_s42,1628,3,1.049,4.0169,0.0,0.0005321720583007465
text+audio_text_ln_lrh0.001_frozen_e5_s42,1629,3,1.07817,2.5732,0.0,0.0005318165659438322
text+audio_text_ln_lrh0.001_frozen_e5_s42,1630,3,1.33436,6.3954,0.0,0.0005314610735869179
text+audio_text_ln_lrh0.001_frozen_e5_s42,1631,3,1.10021,4.8309,0.0,0.0005311055812300035
text+audio_text_ln_lrh0.001_frozen_e5_s42,1632,3,0.57736,2.4479,0.0,0.0005307500888730893
text+audio_text_ln_lrh0.001_frozen_e5_s42,1633,3,1.33745,2.8355,0.0,0.0005303945965161749
text+audio_text_ln_lrh0.001_frozen_e5_s42,1634,3,1.16584,2.7903,0.0,0.0005300391041592606
text+audio_text_ln_lrh0.001_frozen_e5_s42,1635,3,0.65508,1.9692,0.0,0.0005296836118023463
text+audio_text_ln_lrh0.001_frozen_e5_s42,1636,3,1.13324,3.1839,0.0,0.0005293281194454319
text+audio_text_ln_lrh0.001_frozen_e5_s42,1637,3,1.75591,3.8008,0.0,0.0005289726270885176
text+audio_text_ln_lrh0.001_frozen_e5_s42,1638,3,0.83991,3.0775,0.0,0.0005286171347316034
text+audio_text_ln_lrh0.001_frozen_e5_s42,1639,3,0.95513,4.1891,0.0,0.000528261642374689
text+audio_text_ln_lrh0.001_frozen_e5_s42,1640,3,0.83894,2.3634,0.0,0.0005279061500177746
text+audio_text_ln_lrh0.001_frozen_e5_s42,1641,3,1.06073,3.1663,0.0,0.0005275506576608603
text+audio_text_ln_lrh0.001_frozen_e5_s42,1642,3,1.99278,4.8027,0.0,0.0005271951653039459
text+audio_text_ln_lrh0.001_frozen_e5_s42,1643,3,0.95533,3.6788,0.0,0.0005268396729470316
text+audio_text_ln_lrh0.001_frozen_e5_s42,1644,3,1.2018,3.5822,0.0,0.0005264841805901174
text+audio_text_ln_lrh0.001_frozen_e5_s42,1645,3,0.71822,3.6923,0.0,0.000526128688233203
text+audio_text_ln_lrh0.001_frozen_e5_s42,1646,3,1.56669,4.7983,0.0,0.0005257731958762887
text+audio_text_ln_lrh0.001_frozen_e5_s42,1647,3,1.15979,3.7207,0.0,0.0005254177035193743
text+audio_text_ln_lrh0.001_frozen_e5_s42,1648,3,0.90688,3.2341,0.0,0.00052506221116246
text+audio_text_ln_lrh0.001_frozen_e5_s42,1649,3,1.35805,2.8865,0.0,0.0005247067188055457
text+audio_text_ln_lrh0.001_frozen_e5_s42,1650,3,1.50954,3.349,0.0,0.0005243512264486313
text+audio_text_ln_lrh0.001_frozen_e5_s42,1651,3,0.77497,4.4658,0.0,0.0005239957340917171
text+audio_text_ln_lrh0.001_frozen_e5_s42,1652,3,1.23125,3.8912,0.0,0.0005236402417348028
text+audio_text_ln_lrh0.001_frozen_e5_s42,1653,3,0.96867,2.9716,0.0,0.0005232847493778884
text+audio_text_ln_lrh0.001_frozen_e5_s42,1654,3,0.70931,2.7466,0.0,0.000522929257020974
text+audio_text_ln_lrh0.001_frozen_e5_s42,1655,3,0.86599,2.797,0.0,0.0005225737646640597
text+audio_text_ln_lrh0.001_frozen_e5_s42,1656,3,1.44008,4.7538,0.0,0.0005222182723071453
text+audio_text_ln_lrh0.001_frozen_e5_s42,1657,3,1.67809,4.3566,0.0,0.0005218627799502311
text+audio_text_ln_lrh0.001_frozen_e5_s42,1658,3,1.72211,6.291,0.0,0.0005215072875933168
text+audio_text_ln_lrh0.001_frozen_e5_s42,1659,3,1.34048,3.9932,0.0,0.0005211517952364024
text+audio_text_ln_lrh0.001_frozen_e5_s42,1660,3,1.33788,3.5746,0.0,0.0005207963028794881
text+audio_text_ln_lrh0.001_frozen_e5_s42,1661,3,1.41329,5.2493,0.0,0.0005204408105225737
text+audio_text_ln_lrh0.001_frozen_e5_s42,1662,3,1.29148,3.8435,0.0,0.0005200853181656594
text+audio_text_ln_lrh0.001_frozen_e5_s42,1663,3,1.19415,3.7336,0.0,0.0005197298258087452
text+audio_text_ln_lrh0.001_frozen_e5_s42,1664,3,1.52976,3.9361,0.0,0.0005193743334518308
text+audio_text_ln_lrh0.001_frozen_e5_s42,1665,3,0.94583,3.1156,0.0,0.0005190188410949165
text+audio_text_ln_lrh0.001_frozen_e5_s42,1666,3,1.87617,3.9277,0.0,0.0005186633487380022
text+audio_text_ln_lrh0.001_frozen_e5_s42,1667,3,1.32265,3.7558,0.0,0.0005183078563810878
text+audio_text_ln_lrh0.001_frozen_e5_s42,1668,3,1.65508,3.9953,0.0,0.0005179523640241735
text+audio_text_ln_lrh0.001_frozen_e5_s42,1669,3,1.24365,4.013,0.0,0.0005175968716672593
text+audio_text_ln_lrh0.001_frozen_e5_s42,1670,3,0.77634,4.0234,0.0,0.0005172413793103448
text+audio_text_ln_lrh0.001_frozen_e5_s42,1671,3,1.25458,2.6156,0.0,0.0005168858869534305
text+audio_text_ln_lrh0.001_frozen_e5_s42,1672,3,1.08592,3.3489,0.0,0.0005165303945965162
text+audio_text_ln_lrh0.001_frozen_e5_s42,1673,3,1.18441,4.1093,0.0,0.0005161749022396018
text+audio_text_ln_lrh0.001_frozen_e5_s42,1674,3,1.47971,4.812,0.0,0.0005158194098826875
text+audio_text_ln_lrh0.001_frozen_e5_s42,1675,3,1.30082,4.4471,0.0,0.0005154639175257731
text+audio_text_ln_lrh0.001_frozen_e5_s42,1676,3,1.40302,3.2437,0.0,0.0005151084251688589
text+audio_text_ln_lrh0.001_frozen_e5_s42,1677,3,0.95992,3.9508,0.0,0.0005147529328119446
text+audio_text_ln_lrh0.001_frozen_e5_s42,1678,3,1.09915,4.3441,0.0,0.0005143974404550302
text+audio_text_ln_lrh0.001_frozen_e5_s42,1679,3,1.04466,2.5803,0.0,0.0005140419480981159
text+audio_text_ln_lrh0.001_frozen_e5_s42,1680,3,1.22622,3.2904,0.0,0.0005136864557412016
text+audio_text_ln_lrh0.001_frozen_e5_s42,1681,3,0.95562,3.7853,0.0,0.0005133309633842872
text+audio_text_ln_lrh0.001_frozen_e5_s42,1682,3,1.32057,2.9344,0.0,0.000512975471027373
text+audio_text_ln_lrh0.001_frozen_e5_s42,1683,3,0.94047,2.7228,0.0,0.0005126199786704587
text+audio_text_ln_lrh0.001_frozen_e5_s42,1684,3,0.80738,2.7733,0.0,0.0005122644863135442
text+audio_text_ln_lrh0.001_frozen_e5_s42,1685,3,1.37458,4.5399,0.0,0.0005119089939566299
text+audio_text_ln_lrh0.001_frozen_e5_s42,1686,3,1.41389,5.478,0.0,0.0005115535015997156
text+audio_text_ln_lrh0.001_frozen_e5_s42,1687,3,1.6109,5.0816,0.0,0.0005111980092428012
text+audio_text_ln_lrh0.001_frozen_e5_s42,1688,3,1.68547,5.3902,0.0,0.000510842516885887
text+audio_text_ln_lrh0.001_frozen_e5_s42,1689,3,1.17389,3.5491,0.0,0.0005104870245289727
text+audio_text_ln_lrh0.001_frozen_e5_s42,1690,3,1.37359,2.9011,0.0,0.0005101315321720583
text+audio_text_ln_lrh0.001_frozen_e5_s42,1691,3,1.00466,3.4795,0.0,0.000509776039815144
text+audio_text_ln_lrh0.001_frozen_e5_s42,1692,3,1.17667,3.0339,0.0,0.0005094205474582296
text+audio_text_ln_lrh0.001_frozen_e5_s42,1693,3,1.40451,5.741,0.0,0.0005090650551013153
text+audio_text_ln_lrh0.001_frozen_e5_s42,1694,3,1.2507,2.4983,0.0,0.0005087095627444011
text+audio_text_ln_lrh0.001_frozen_e5_s42,1695,3,0.82312,2.8069,0.0,0.0005083540703874867
text+audio_text_ln_lrh0.001_frozen_e5_s42,1696,3,0.72765,2.4446,0.0,0.0005079985780305724
text+audio_text_ln_lrh0.001_frozen_e5_s42,1697,3,0.80112,2.5187,0.0,0.0005076430856736581
text+audio_text_ln_lrh0.001_frozen_e5_s42,1698,3,0.9522,3.1019,0.0,0.0005072875933167436
text+audio_text_ln_lrh0.001_frozen_e5_s42,1699,3,1.23839,3.444,0.0,0.0005069321009598293
text+audio_text_ln_lrh0.001_frozen_e5_s42,1700,3,0.61148,2.2387,0.0,0.0005065766086029151
text+audio_text_ln_lrh0.001_frozen_e5_s42,1701,3,0.71002,2.843,0.0,0.0005062211162460007
text+audio_text_ln_lrh0.001_frozen_e5_s42,1702,3,1.63229,5.9313,0.0,0.0005058656238890864
text+audio_text_ln_lrh0.001_frozen_e5_s42,1703,3,0.99579,3.7134,0.0,0.0005055101315321721
text+audio_text_ln_lrh0.001_frozen_e5_s42,1704,3,1.40559,4.6209,0.0,0.0005051546391752577
text+audio_text_ln_lrh0.001_frozen_e5_s42,1705,3,1.36596,3.757,0.0,0.0005047991468183434
text+audio_text_ln_lrh0.001_frozen_e5_s42,1706,3,1.53771,3.5167,0.0,0.000504443654461429
text+audio_text_ln_lrh0.001_frozen_e5_s42,1707,3,1.19777,4.28,0.0,0.0005040881621045148
text+audio_text_ln_lrh0.001_frozen_e5_s42,1708,3,1.52422,4.9788,0.0,0.0005037326697476005
text+audio_text_ln_lrh0.001_frozen_e5_s42,1709,3,1.35066,3.8282,0.0,0.0005033771773906861
text+audio_text_ln_lrh0.001_frozen_e5_s42,1710,3,1.00329,3.2295,0.0,0.0005030216850337718
text+audio_text_ln_lrh0.001_frozen_e5_s42,1711,3,1.22237,2.5751,0.0,0.0005026661926768575
text+audio_text_ln_lrh0.001_frozen_e5_s42,1712,3,1.09208,3.0063,0.0,0.000502310700319943
text+audio_text_ln_lrh0.001_frozen_e5_s42,1713,3,1.24887,2.6236,0.0,0.0005019552079630289
text+audio_text_ln_lrh0.001_frozen_e5_s42,1714,3,0.90353,3.0416,0.0,0.0005015997156061145
text+audio_text_ln_lrh0.001_frozen_e5_s42,1715,3,1.00018,2.9824,0.0,0.0005012442232492001
text+audio_text_ln_lrh0.001_frozen_e5_s42,1716,3,1.16729,2.585,0.0,0.0005008887308922858
text+audio_text_ln_lrh0.001_frozen_e5_s42,1717,3,1.32446,4.2768,0.0,0.0005005332385353715
text+audio_text_ln_lrh0.001_frozen_e5_s42,1718,3,1.35201,3.9052,0.0,0.0005001777461784571
text+audio_text_ln_lrh0.001_frozen_e5_s42,1719,3,0.90503,3.1125,0.0,0.0004998222538215428
text+audio_text_ln_lrh0.001_frozen_e5_s42,1720,3,0.71921,5.2228,0.0,0.0004994667614646285
text+audio_text_ln_lrh0.001_frozen_e5_s42,1721,3,1.53643,4.3254,0.0,0.0004991112691077142
text+audio_text_ln_lrh0.001_frozen_e5_s42,1722,3,1.56241,5.1513,0.0,0.0004987557767507999
text+audio_text_ln_lrh0.001_frozen_e5_s42,1723,3,1.02614,3.5682,0.0,0.0004984002843938855
text+audio_text_ln_lrh0.001_frozen_e5_s42,1724,3,0.92795,3.1305,0.0,0.0004980447920369713
text+audio_text_ln_lrh0.001_frozen_e5_s42,1725,3,1.15094,3.4006,0.0,0.0004976892996800569
text+audio_text_ln_lrh0.001_frozen_e5_s42,1726,3,1.26634,3.7687,0.0,0.0004973338073231426
text+audio_text_ln_lrh0.001_frozen_e5_s42,1727,3,0.78065,2.6083,0.0,0.0004969783149662283
text+audio_text_ln_lrh0.001_frozen_e5_s42,1728,3,0.65726,2.4134,0.0,0.000496622822609314
text+audio_text_ln_lrh0.001_frozen_e5_s42,1729,3,0.86947,3.5789,0.0,0.0004962673302523995
text+audio_text_ln_lrh0.001_frozen_e5_s42,1730,3,1.28096,4.0004,0.0,0.0004959118378954852
text+audio_text_ln_lrh0.001_frozen_e5_s42,1731,3,0.76457,2.8466,0.0,0.0004955563455385709
text+audio_text_ln_lrh0.001_frozen_e5_s42,1732,3,0.74038,2.2333,0.0,0.0004952008531816566
text+audio_text_ln_lrh0.001_frozen_e5_s42,1733,3,0.8941,2.5078,0.0,0.0004948453608247423
text+audio_text_ln_lrh0.001_frozen_e5_s42,1734,3,1.18811,3.4481,0.0,0.0004944898684678279
text+audio_text_ln_lrh0.001_frozen_e5_s42,1735,3,1.55958,3.6473,0.0,0.0004941343761109136
text+audio_text_ln_lrh0.001_frozen_e5_s42,1736,3,0.80336,3.6258,0.0,0.0004937788837539993
text+audio_text_ln_lrh0.001_frozen_e5_s42,1737,3,1.55329,4.5371,0.0,0.000493423391397085
text+audio_text_ln_lrh0.001_frozen_e5_s42,1738,3,1.69965,3.3917,0.0,0.0004930678990401707
text+audio_text_ln_lrh0.001_frozen_e5_s42,1739,3,1.55119,4.8211,0.0,0.0004927124066832564
text+audio_text_ln_lrh0.001_frozen_e5_s42,1740,3,1.26902,4.3879,0.0,0.000492356914326342
text+audio_text_ln_lrh0.001_frozen_e5_s42,1741,3,1.56577,3.6108,0.0,0.0004920014219694277
text+audio_text_ln_lrh0.001_frozen_e5_s42,1742,3,1.36808,3.1174,0.0,0.0004916459296125134
text+audio_text_ln_lrh0.001_frozen_e5_s42,1743,3,1.23268,3.4348,0.0,0.000491290437255599
text+audio_text_ln_lrh0.001_frozen_e5_s42,1744,3,1.24816,3.6045,0.0,0.0004909349448986846
text+audio_text_ln_lrh0.001_frozen_e5_s42,1745,3,0.89843,5.8453,0.0,0.0004905794525417704
text+audio_text_ln_lrh0.001_frozen_e5_s42,1746,3,1.0299,2.1258,0.0,0.000490223960184856
text+audio_text_ln_lrh0.001_frozen_e5_s42,1747,3,0.8718,2.9811,0.0,0.0004898684678279417
text+audio_text_ln_lrh0.001_frozen_e5_s42,1748,3,1.86828,4.2852,0.0,0.0004895129754710274
text+audio_text_ln_lrh0.001_frozen_e5_s42,1749,3,1.30511,3.9024,0.0,0.0004891574831141131
text+audio_text_ln_lrh0.001_frozen_e5_s42,1750,3,1.28184,2.4296,0.0,0.0004888019907571987
text+audio_text_ln_lrh0.001_frozen_e5_s42,1751,3,0.87183,3.811,0.0,0.0004884464984002844
text+audio_text_ln_lrh0.001_frozen_e5_s42,1752,3,1.60862,4.4578,0.0,0.0004880910060433701
text+audio_text_ln_lrh0.001_frozen_e5_s42,1753,3,1.19665,3.3977,0.0,0.0004877355136864557
text+audio_text_ln_lrh0.001_frozen_e5_s42,1754,3,1.18161,2.9069,0.0,0.0004873800213295414
text+audio_text_ln_lrh0.001_frozen_e5_s42,1755,3,0.71221,2.6806,0.0,0.0004870245289726271
text+audio_text_ln_lrh0.001_frozen_e5_s42,1756,3,1.28969,3.1182,0.0,0.00048666903661571275
text+audio_text_ln_lrh0.001_frozen_e5_s42,1757,3,1.26569,3.8681,0.0,0.00048631354425879845
text+audio_text_ln_lrh0.001_frozen_e5_s42,1758,3,0.91559,2.2698,0.0,0.00048595805190188414
text+audio_text_ln_lrh0.001_frozen_e5_s42,1759,3,0.65752,2.5965,0.0,0.0004856025595449698
text+audio_text_ln_lrh0.001_frozen_e5_s42,1760,3,1.16983,3.0858,0.0,0.0004852470671880554
text+audio_text_ln_lrh0.001_frozen_e5_s42,1761,3,1.1504,3.4611,0.0,0.00048489157483114117
text+audio_text_ln_lrh0.001_frozen_e5_s42,1762,3,1.32568,3.3731,0.0,0.0004845360824742268
text+audio_text_ln_lrh0.001_frozen_e5_s42,1763,3,1.23808,2.5612,0.0,0.00048418059011731245
text+audio_text_ln_lrh0.001_frozen_e5_s42,1764,3,1.25091,3.9341,0.0,0.0004838250977603982
text+audio_text_ln_lrh0.001_frozen_e5_s42,1765,3,1.31269,4.6659,0.0,0.00048346960540348384
text+audio_text_ln_lrh0.001_frozen_e5_s42,1766,3,1.08954,2.761,0.0,0.0004831141130465695
text+audio_text_ln_lrh0.001_frozen_e5_s42,1767,3,1.43721,3.7074,0.0,0.0004827586206896552
text+audio_text_ln_lrh0.001_frozen_e5_s42,1768,3,0.94941,3.0076,0.0,0.0004824031283327409
text+audio_text_ln_lrh0.001_frozen_e5_s42,1769,3,1.29468,5.0668,0.0,0.0004820476359758265
text+audio_text_ln_lrh0.001_frozen_e5_s42,1770,3,1.25581,3.1456,0.0,0.0004816921436189122
text+audio_text_ln_lrh0.001_frozen_e5_s42,1771,3,1.05569,2.8234,0.0,0.0004813366512619979
text+audio_text_ln_lrh0.001_frozen_e5_s42,1772,3,1.46154,4.3104,0.0,0.00048098115890508354
text+audio_text_ln_lrh0.001_frozen_e5_s42,1773,3,0.74856,3.5019,0.0,0.00048062566654816924
text+audio_text_ln_lrh0.001_frozen_e5_s42,1774,3,0.93663,3.5032,0.0,0.0004802701741912549
text+audio_text_ln_lrh0.001_frozen_e5_s42,1775,3,1.12926,3.6915,0.0,0.0004799146818343406
text+audio_text_ln_lrh0.001_frozen_e5_s42,1776,3,1.0442,2.7469,0.0,0.00047955918947742627
text+audio_text_ln_lrh0.001_frozen_e5_s42,1777,3,0.87007,3.38,0.0,0.0004792036971205119
text+audio_text_ln_lrh0.001_frozen_e5_s42,1778,3,1.47648,4.2251,0.0,0.0004788482047635976
text+audio_text_ln_lrh0.001_frozen_e5_s42,1779,3,0.83357,2.6319,0.0,0.00047849271240668325
text+audio_text_ln_lrh0.001_frozen_e5_s42,1780,3,1.19217,3.8235,0.0,0.00047813722004976894
text+audio_text_ln_lrh0.001_frozen_e5_s42,1781,3,0.8609,2.6449,0.0,0.0004777817276928546
text+audio_text_ln_lrh0.001_frozen_e5_s42,1782,3,1.20213,3.7885,0.0,0.0004774262353359403
text+audio_text_ln_lrh0.001_frozen_e5_s42,1783,3,0.6288,3.4775,0.0,0.00047707074297902597
text+audio_text_ln_lrh0.001_frozen_e5_s42,1784,3,0.97813,2.8251,0.0,0.0004767152506221116
text+audio_text_ln_lrh0.001_frozen_e5_s42,1785,3,1.05959,2.4529,0.0,0.0004763597582651973
text+audio_text_ln_lrh0.001_frozen_e5_s42,1786,3,1.52033,3.9732,0.0,0.000476004265908283
text+audio_text_ln_lrh0.001_frozen_e5_s42,1787,3,1.5883,6.1001,0.0,0.00047564877355136864
text+audio_text_ln_lrh0.001_frozen_e5_s42,1788,3,1.07039,4.0041,0.0,0.0004752932811944543
text+audio_text_ln_lrh0.001_frozen_e5_s42,1789,3,0.71446,2.1051,0.0,0.00047493778883754003
text+audio_text_ln_lrh0.001_frozen_e5_s42,1790,3,1.59075,3.4083,0.0,0.00047458229648062567
text+audio_text_ln_lrh0.001_frozen_e5_s42,1791,3,1.43191,4.0818,0.0,0.0004742268041237113
text+audio_text_ln_lrh0.001_frozen_e5_s42,1792,3,1.16847,3.083,0.0,0.00047387131176679706
text+audio_text_ln_lrh0.001_frozen_e5_s42,1793,3,0.97539,2.3284,0.0,0.0004735158194098827
text+audio_text_ln_lrh0.001_frozen_e5_s42,1794,3,0.87948,2.2016,0.0,0.00047316032705296834
text+audio_text_ln_lrh0.001_frozen_e5_s42,1795,3,1.04581,3.2308,0.0,0.0004728048346960541
text+audio_text_ln_lrh0.001_frozen_e5_s42,1796,3,0.80603,2.3692,0.0,0.00047244934233913973
text+audio_text_ln_lrh0.001_frozen_e5_s42,1797,3,0.8948,3.4262,0.0,0.00047209384998222537
text+audio_text_ln_lrh0.001_frozen_e5_s42,1798,3,0.92688,3.0353,0.0,0.00047173835762531107
text+audio_text_ln_lrh0.001_frozen_e5_s42,1799,3,0.9671,3.1514,0.0,0.00047138286526839676
text+audio_text_ln_lrh0.001_frozen_e5_s42,1800,3,1.0222,2.8529,0.0,0.0004710273729114824
text+audio_text_ln_lrh0.001_frozen_e5_s42,1801,3,1.24676,3.0449,0.0,0.0004706718805545681
text+audio_text_ln_lrh0.001_frozen_e5_s42,1802,3,1.01407,3.5332,0.0,0.0004703163881976538
text+audio_text_ln_lrh0.001_frozen_e5_s42,1803,3,1.04659,3.1663,0.0,0.00046996089584073943
text+audio_text_ln_lrh0.001_frozen_e5_s42,1804,3,1.42534,4.7447,0.0,0.00046960540348382513
text+audio_text_ln_lrh0.001_frozen_e5_s42,1805,3,1.72818,3.8545,0.0,0.00046924991112691077
text+audio_text_ln_lrh0.001_frozen_e5_s42,1806,3,1.15058,2.875,0.0,0.00046889441876999646
text+audio_text_ln_lrh0.001_frozen_e5_s42,1807,3,0.61413,3.0365,0.0,0.00046853892641308216
text+audio_text_ln_lrh0.001_frozen_e5_s42,1808,3,1.1339,2.4202,0.0,0.0004681834340561678
text+audio_text_ln_lrh0.001_frozen_e5_s42,1809,3,0.71777,2.5303,0.0,0.0004678279416992535
text+audio_text_ln_lrh0.001_frozen_e5_s42,1810,3,1.18111,2.9583,0.0,0.00046747244934233913
text+audio_text_ln_lrh0.001_frozen_e5_s42,1811,3,1.09967,4.0294,0.0,0.00046711695698542483
text+audio_text_ln_lrh0.001_frozen_e5_s42,1812,3,1.48916,4.2644,0.0,0.00046676146462851047
text+audio_text_ln_lrh0.001_frozen_e5_s42,1813,3,0.90485,2.728,0.0,0.00046640597227159616
text+audio_text_ln_lrh0.001_frozen_e5_s42,1814,3,0.70686,3.289,0.0,0.00046605047991468186
text+audio_text_ln_lrh0.001_frozen_e5_s42,1815,3,1.28728,3.1823,0.0,0.0004656949875577675
text+audio_text_ln_lrh0.001_frozen_e5_s42,1816,3,0.99333,2.9359,0.0,0.0004653394952008532
text+audio_text_ln_lrh0.001_frozen_e5_s42,1817,3,0.9047,2.3993,0.0,0.0004649840028439389
text+audio_text_ln_lrh0.001_frozen_e5_s42,1818,3,1.41681,4.3167,0.0,0.00046462851048702453
text+audio_text_ln_lrh0.001_frozen_e5_s42,1819,3,1.0061,2.799,0.0,0.00046427301813011017
text+audio_text_ln_lrh0.001_frozen_e5_s42,1820,3,1.43248,4.1309,0.0,0.0004639175257731959
text+audio_text_ln_lrh0.001_frozen_e5_s42,1821,3,0.75548,2.9126,0.0,0.00046356203341628156
text+audio_text_ln_lrh0.001_frozen_e5_s42,1822,3,1.97781,4.366,0.0,0.0004632065410593672
text+audio_text_ln_lrh0.001_frozen_e5_s42,1823,3,1.16434,2.7577,0.0,0.00046285104870245295
text+audio_text_ln_lrh0.001_frozen_e5_s42,1824,3,1.67695,5.0112,0.0,0.0004624955563455386
text+audio_text_ln_lrh0.001_frozen_e5_s42,1825,3,1.09338,2.8229,0.0,0.00046214006398862423
text+audio_text_ln_lrh0.001_frozen_e5_s42,1826,3,0.81712,3.7058,0.0,0.0004617845716317099
text+audio_text_ln_lrh0.001_frozen_e5_s42,1827,3,1.50384,2.6676,0.0,0.0004614290792747956
text+audio_text_ln_lrh0.001_frozen_e5_s42,1828,3,1.3412,5.5683,0.0,0.00046107358691788126
text+audio_text_ln_lrh0.001_frozen_e5_s42,1829,3,1.71392,5.4079,0.0,0.00046071809456096696
text+audio_text_ln_lrh0.001_frozen_e5_s42,1830,3,1.19884,4.0725,0.0,0.00046036260220405265
text+audio_text_ln_lrh0.001_frozen_e5_s42,1831,3,0.73459,3.2335,0.0,0.0004600071098471383
text+audio_text_ln_lrh0.001_frozen_e5_s42,1832,3,1.65928,4.4897,0.0,0.000459651617490224
text+audio_text_ln_lrh0.001_frozen_e5_s42,1833,3,1.54135,4.0962,0.0,0.0004592961251333096
text+audio_text_ln_lrh0.001_frozen_e5_s42,1834,3,0.81946,3.3851,0.0,0.0004589406327763953
text+audio_text_ln_lrh0.001_frozen_e5_s42,1835,3,1.17065,2.7932,0.0,0.000458585140419481
text+audio_text_ln_lrh0.001_frozen_e5_s42,1836,3,1.17503,4.6767,0.0,0.00045822964806256666
text+audio_text_ln_lrh0.001_frozen_e5_s42,1837,3,1.11611,3.684,0.0,0.00045787415570565235
text+audio_text_ln_lrh0.001_frozen_e5_s42,1838,3,0.96609,2.4109,0.0,0.000457518663348738
text+audio_text_ln_lrh0.001_frozen_e5_s42,1839,3,0.95915,2.8884,0.0,0.0004571631709918237
text+audio_text_ln_lrh0.001_frozen_e5_s42,1840,3,0.95308,2.8759,0.0,0.00045680767863490933
text+audio_text_ln_lrh0.001_frozen_e5_s42,1841,3,0.8673,3.2131,0.0,0.000456452186277995
text+audio_text_ln_lrh0.001_frozen_e5_s42,1842,3,1.81088,3.765,0.0,0.0004560966939210807
text+audio_text_ln_lrh0.001_frozen_e5_s42,1843,3,1.24118,2.6368,0.0,0.00045574120156416636
text+audio_text_ln_lrh0.001_frozen_e5_s42,1844,3,1.11674,2.8248,0.0,0.00045538570920725205
text+audio_text_ln_lrh0.001_frozen_e5_s42,1845,3,1.30644,4.5403,0.0,0.00045503021685033775
text+audio_text_ln_lrh0.001_frozen_e5_s42,1846,3,1.20363,2.788,0.0,0.0004546747244934234
text+audio_text_ln_lrh0.001_frozen_e5_s42,1847,3,1.01667,3.3138,0.0,0.00045431923213650903
text+audio_text_ln_lrh0.001_frozen_e5_s42,1848,3,1.31934,3.6503,0.0,0.0004539637397795948
text+audio_text_ln_lrh0.001_frozen_e5_s42,1849,3,0.86428,2.8126,0.0,0.0004536082474226804
text+audio_text_ln_lrh0.001_frozen_e5_s42,1850,3,1.27964,2.8884,0.0,0.00045325275506576606
text+audio_text_ln_lrh0.001_frozen_e5_s42,1851,3,0.60219,2.7605,0.0,0.0004528972627088518
text+audio_text_ln_lrh0.001_frozen_e5_s42,1852,3,1.06874,2.8369,0.0,0.00045254177035193745
text+audio_text_ln_lrh0.001_frozen_e5_s42,1853,3,0.93898,3.6644,0.0,0.0004521862779950231
text+audio_text_ln_lrh0.001_frozen_e5_s42,1854,3,1.3771,3.9195,0.0,0.0004518307856381088
text+audio_text_ln_lrh0.001_frozen_e5_s42,1855,3,1.03247,4.0126,0.0,0.0004514752932811945
text+audio_text_ln_lrh0.001_frozen_e5_s42,1856,3,0.87578,2.7176,0.0,0.0004511198009242801
text+audio_text_ln_lrh0.001_frozen_e5_s42,1857,3,0.93694,3.4678,0.0,0.0004507643085673658
text+audio_text_ln_lrh0.001_frozen_e5_s42,1858,3,1.1245,3.6072,0.0,0.0004504088162104515
text+audio_text_ln_lrh0.001_frozen_e5_s42,1859,3,0.93282,3.2251,0.0,0.00045005332385353715
text+audio_text_ln_lrh0.001_frozen_e5_s42,1860,3,1.58585,4.6005,0.0,0.00044969783149662284
text+audio_text_ln_lrh0.001_frozen_e5_s42,1861,3,0.76544,2.1994,0.0,0.0004493423391397085
text+audio_text_ln_lrh0.001_frozen_e5_s42,1862,3,1.02955,2.4889,0.0,0.0004489868467827942
text+audio_text_ln_lrh0.001_frozen_e5_s42,1863,3,1.00198,4.3639,0.0,0.0004486313544258799
text+audio_text_ln_lrh0.001_frozen_e5_s42,1864,3,1.45484,3.55,0.0,0.0004482758620689655
text+audio_text_ln_lrh0.001_frozen_e5_s42,1865,3,1.08467,3.7965,0.0,0.0004479203697120512
text+audio_text_ln_lrh0.001_frozen_e5_s42,1866,3,1.02114,3.2376,0.0,0.0004475648773551369
text+audio_text_ln_lrh0.001_frozen_e5_s42,1867,3,1.3991,3.8779,0.0,0.00044720938499822255
text+audio_text_ln_lrh0.001_frozen_e5_s42,1868,3,1.09428,3.4963,0.0,0.0004468538926413082
text+audio_text_ln_lrh0.001_frozen_e5_s42,1869,3,0.67729,3.4716,0.0,0.0004464984002843939
text+audio_text_ln_lrh0.001_frozen_e5_s42,1870,3,1.10776,2.9494,0.0,0.0004461429079274796
text+audio_text_ln_lrh0.001_frozen_e5_s42,1871,3,0.91018,2.4151,0.0,0.0004457874155705652
text+audio_text_ln_lrh0.001_frozen_e5_s42,1872,3,1.27692,4.2497,0.0,0.0004454319232136509
text+audio_text_ln_lrh0.001_frozen_e5_s42,1873,3,1.13811,3.4164,0.0,0.0004450764308567366
text+audio_text_ln_lrh0.001_frozen_e5_s42,1874,3,1.28913,4.6164,0.0,0.00044472093849982225
text+audio_text_ln_lrh0.001_frozen_e5_s42,1875,3,1.33722,6.3911,0.0,0.0004443654461429079
text+audio_text_ln_lrh0.001_frozen_e5_s42,1876,4,0.90176,4.3614,0.0,0.00044400995378599364
text+audio_text_ln_lrh0.001_frozen_e5_s42,1877,4,0.94483,2.6942,0.0,0.0004436544614290793
text+audio_text_ln_lrh0.001_frozen_e5_s42,1878,4,1.19414,5.2583,0.0,0.0004432989690721649
text+audio_text_ln_lrh0.001_frozen_e5_s42,1879,4,0.80413,2.7131,0.0,0.00044294347671525067
text+audio_text_ln_lrh0.001_frozen_e5_s42,1880,4,0.89714,3.0411,0.0,0.0004425879843583363
text+audio_text_ln_lrh0.001_frozen_e5_s42,1881,4,0.6909,2.9096,0.0,0.00044223249200142195
text+audio_text_ln_lrh0.001_frozen_e5_s42,1882,4,1.00762,4.0417,0.0,0.0004418769996445077
text+audio_text_ln_lrh0.001_frozen_e5_s42,1883,4,1.22388,3.5078,0.0,0.00044152150728759334
text+audio_text_ln_lrh0.001_frozen_e5_s42,1884,4,1.27932,3.9829,0.0,0.000441166014930679
text+audio_text_ln_lrh0.001_frozen_e5_s42,1885,4,0.97651,3.6161,0.0,0.00044081052257376467
text+audio_text_ln_lrh0.001_frozen_e5_s42,1886,4,0.99357,2.9666,0.0,0.00044045503021685037
text+audio_text_ln_lrh0.001_frozen_e5_s42,1887,4,0.57818,2.3617,0.0,0.000440099537859936
text+audio_text_ln_lrh0.001_frozen_e5_s42,1888,4,1.03968,3.2733,0.0,0.0004397440455030217
text+audio_text_ln_lrh0.001_frozen_e5_s42,1889,4,0.81189,3.4447,0.0,0.0004393885531461074
text+audio_text_ln_lrh0.001_frozen_e5_s42,1890,4,1.11148,4.0694,0.0,0.00043903306078919304
text+audio_text_ln_lrh0.001_frozen_e5_s42,1891,4,1.13972,3.4503,0.0,0.00043867756843227873
text+audio_text_ln_lrh0.001_frozen_e5_s42,1892,4,0.68209,3.2305,0.0,0.0004383220760753644
text+audio_text_ln_lrh0.001_frozen_e5_s42,1893,4,0.89724,2.8934,0.0,0.00043796658371845007
text+audio_text_ln_lrh0.001_frozen_e5_s42,1894,4,0.88648,2.8325,0.0,0.00043761109136153576
text+audio_text_ln_lrh0.001_frozen_e5_s42,1895,4,1.11152,5.1873,0.0,0.0004372555990046214
text+audio_text_ln_lrh0.001_frozen_e5_s42,1896,4,1.10969,4.4428,0.0,0.0004369001066477071
text+audio_text_ln_lrh0.001_frozen_e5_s42,1897,4,1.58855,5.0915,0.0,0.00043654461429079274
text+audio_text_ln_lrh0.001_frozen_e5_s42,1898,4,0.95468,3.4661,0.0,0.00043618912193387843
text+audio_text_ln_lrh0.001_frozen_e5_s42,1899,4,1.93424,5.8343,0.0,0.0004358336295769641
text+audio_text_ln_lrh0.001_frozen_e5_s42,1900,4,1.58538,5.9404,0.0,0.00043547813722004977
text+audio_text_ln_lrh0.001_frozen_e5_s42,1901,4,0.80952,3.0899,0.0,0.00043512264486313546
text+audio_text_ln_lrh0.001_frozen_e5_s42,1902,4,0.90446,3.8446,0.0,0.0004347671525062211
text+audio_text_ln_lrh0.001_frozen_e5_s42,1903,4,1.19989,3.0677,0.0,0.0004344116601493068
text+audio_text_ln_lrh0.001_frozen_e5_s42,1904,4,1.32218,3.4748,0.0,0.0004340561677923925
text+audio_text_ln_lrh0.001_frozen_e5_s42,1905,4,1.12015,2.334,0.0,0.00043370067543547814
text+audio_text_ln_lrh0.001_frozen_e5_s42,1906,4,1.21827,3.1188,0.0,0.0004333451830785638
text+audio_text_ln_lrh0.001_frozen_e5_s42,1907,4,1.05846,3.0375,0.0,0.0004329896907216495
text+audio_text_ln_lrh0.001_frozen_e5_s42,1908,4,1.17199,3.6184,0.0,0.00043263419836473517
text+audio_text_ln_lrh0.001_frozen_e5_s42,1909,4,0.90465,2.9269,0.0,0.0004322787060078208
text+audio_text_ln_lrh0.001_frozen_e5_s42,1910,4,1.26532,5.2559,0.0,0.00043192321365090656
text+audio_text_ln_lrh0.001_frozen_e5_s42,1911,4,1.45882,3.5443,0.0,0.0004315677212939922
text+audio_text_ln_lrh0.001_frozen_e5_s42,1912,4,1.33107,3.9099,0.0,0.00043121222893707784
text+audio_text_ln_lrh0.001_frozen_e5_s42,1913,4,1.27755,3.3032,0.0,0.00043085673658016353
text+audio_text_ln_lrh0.001_frozen_e5_s42,1914,4,1.1282,3.5466,0.0,0.0004305012442232492
text+audio_text_ln_lrh0.001_frozen_e5_s42,1915,4,0.93056,3.5209,0.0,0.00043014575186633487
text+audio_text_ln_lrh0.001_frozen_e5_s42,1916,4,1.14708,3.07,0.0,0.00042979025950942056
text+audio_text_ln_lrh0.001_frozen_e5_s42,1917,4,0.86322,3.5891,0.0,0.00042943476715250626
text+audio_text_ln_lrh0.001_frozen_e5_s42,1918,4,1.76659,3.7893,0.0,0.0004290792747955919
text+audio_text_ln_lrh0.001_frozen_e5_s42,1919,4,1.09225,3.1316,0.0,0.0004287237824386776
text+audio_text_ln_lrh0.001_frozen_e5_s42,1920,4,1.22909,4.1335,0.0,0.00042836829008176323
text+audio_text_ln_lrh0.001_frozen_e5_s42,1921,4,0.63962,3.2789,0.0,0.0004280127977248489
text+audio_text_ln_lrh0.001_frozen_e5_s42,1922,4,1.13465,3.378,0.0,0.0004276573053679346
text+audio_text_ln_lrh0.001_frozen_e5_s42,1923,4,1.10544,3.2035,0.0,0.00042730181301102026
text+audio_text_ln_lrh0.001_frozen_e5_s42,1924,4,1.22767,2.932,0.0,0.00042694632065410596
text+audio_text_ln_lrh0.001_frozen_e5_s42,1925,4,0.66541,2.5464,0.0,0.00042659082829719165
text+audio_text_ln_lrh0.001_frozen_e5_s42,1926,4,1.15911,3.293,0.0,0.0004262353359402773
text+audio_text_ln_lrh0.001_frozen_e5_s42,1927,4,1.28785,3.841,0.0,0.00042587984358336293
text+audio_text_ln_lrh0.001_frozen_e5_s42,1928,4,0.9368,2.6229,0.0,0.00042552435122644863
text+audio_text_ln_lrh0.001_frozen_e5_s42,1929,4,0.78446,2.2559,0.0,0.0004251688588695343
text+audio_text_ln_lrh0.001_frozen_e5_s42,1930,4,1.30835,3.3656,0.0,0.00042481336651261996
text+audio_text_ln_lrh0.001_frozen_e5_s42,1931,4,1.27413,3.3719,0.0,0.00042445787415570566
text+audio_text_ln_lrh0.001_frozen_e5_s42,1932,4,1.38304,3.3074,0.0,0.00042410238179879135
text+audio_text_ln_lrh0.001_frozen_e5_s42,1933,4,0.80467,3.6504,0.0,0.000423746889441877
text+audio_text_ln_lrh0.001_frozen_e5_s42,1934,4,1.48328,4.2933,0.0,0.00042339139708496263
text+audio_text_ln_lrh0.001_frozen_e5_s42,1935,4,1.08369,3.6214,0.0,0.0004230359047280484
text+audio_text_ln_lrh0.001_frozen_e5_s42,1936,4,1.45979,4.0882,0.0,0.000422680412371134
text+audio_text_ln_lrh0.001_frozen_e5_s42,1937,4,0.80636,2.5423,0.0,0.00042232492001421966
text+audio_text_ln_lrh0.001_frozen_e5_s42,1938,4,1.02553,3.7127,0.0,0.0004219694276573054
text+audio_text_ln_lrh0.001_frozen_e5_s42,1939,4,0.99885,2.6461,0.0,0.00042161393530039105
text+audio_text_ln_lrh0.001_frozen_e5_s42,1940,4,1.03884,3.256,0.0,0.0004212584429434767
text+audio_text_ln_lrh0.001_frozen_e5_s42,1941,4,1.32093,4.012,0.0,0.0004209029505865624
text+audio_text_ln_lrh0.001_frozen_e5_s42,1942,4,1.17878,3.5644,0.0,0.0004205474582296481
text+audio_text_ln_lrh0.001_frozen_e5_s42,1943,4,0.82662,3.6035,0.0,0.0004201919658727337
text+audio_text_ln_lrh0.001_frozen_e5_s42,1944,4,1.16161,3.1669,0.0,0.0004198364735158194
text+audio_text_ln_lrh0.001_frozen_e5_s42,1945,4,0.80483,3.0456,0.0,0.0004194809811589051
text+audio_text_ln_lrh0.001_frozen_e5_s42,1946,4,0.67643,2.9858,0.0,0.00041912548880199076
text+audio_text_ln_lrh0.001_frozen_e5_s42,1947,4,1.66345,5.2669,0.0,0.00041876999644507645
text+audio_text_ln_lrh0.001_frozen_e5_s42,1948,4,1.36592,3.5107,0.0,0.00041841450408816214
text+audio_text_ln_lrh0.001_frozen_e5_s42,1949,4,1.44324,4.4381,0.0,0.0004180590117312478
text+audio_text_ln_lrh0.001_frozen_e5_s42,1950,4,0.84481,3.1218,0.0,0.0004177035193743335
text+audio_text_ln_lrh0.001_frozen_e5_s42,1951,4,1.49728,4.8741,0.0,0.0004173480270174191
text+audio_text_ln_lrh0.001_frozen_e5_s42,1952,4,0.83011,4.0805,0.0,0.0004169925346605048
text+audio_text_ln_lrh0.001_frozen_e5_s42,1953,4,0.94186,3.0096,0.0,0.0004166370423035905
text+audio_text_ln_lrh0.001_frozen_e5_s42,1954,4,0.98538,3.0684,0.0,0.00041628154994667615
text+audio_text_ln_lrh0.001_frozen_e5_s42,1955,4,0.98316,3.8563,0.0,0.00041592605758976185
text+audio_text_ln_lrh0.001_frozen_e5_s42,1956,4,0.94847,3.4637,0.0,0.0004155705652328475
text+audio_text_ln_lrh0.001_frozen_e5_s42,1957,4,0.64034,2.9691,0.0,0.0004152150728759332
text+audio_text_ln_lrh0.001_frozen_e5_s42,1958,4,1.52254,4.548,0.0,0.0004148595805190188
text+audio_text_ln_lrh0.001_frozen_e5_s42,1959,4,1.20255,5.7175,0.0,0.0004145040881621045
text+audio_text_ln_lrh0.001_frozen_e5_s42,1960,4,1.31666,3.5176,0.0,0.0004141485958051902
text+audio_text_ln_lrh0.001_frozen_e5_s42,1961,4,0.74075,3.7204,0.0,0.00041379310344827585
text+audio_text_ln_lrh0.001_frozen_e5_s42,1962,4,1.37462,6.4327,0.0,0.00041343761109136155
text+audio_text_ln_lrh0.001_frozen_e5_s42,1963,4,1.69397,4.1358,0.0,0.00041308211873444724
text+audio_text_ln_lrh0.001_frozen_e5_s42,1964,4,1.64851,4.0461,0.0,0.0004127266263775329
text+audio_text_ln_lrh0.001_frozen_e5_s42,1965,4,1.35537,4.0894,0.0,0.0004123711340206185
text+audio_text_ln_lrh0.001_frozen_e5_s42,1966,4,0.96868,3.1167,0.0,0.00041201564166370427
text+audio_text_ln_lrh0.001_frozen_e5_s42,1967,4,1.08159,3.5685,0.0,0.0004116601493067899
text+audio_text_ln_lrh0.001_frozen_e5_s42,1968,4,1.06972,3.4369,0.0,0.00041130465694987555
text+audio_text_ln_lrh0.001_frozen_e5_s42,1969,4,1.24288,3.2514,0.0,0.0004109491645929613
text+audio_text_ln_lrh0.001_frozen_e5_s42,1970,4,1.46134,5.2639,0.0,0.00041059367223604694
text+audio_text_ln_lrh0.001_frozen_e5_s42,1971,4,0.73798,2.4428,0.0,0.0004102381798791326
text+audio_text_ln_lrh0.001_frozen_e5_s42,1972,4,1.34031,4.0829,0.0,0.0004098826875222183
text+audio_text_ln_lrh0.001_frozen_e5_s42,1973,4,1.05958,3.4847,0.0,0.00040952719516530397
text+audio_text_ln_lrh0.001_frozen_e5_s42,1974,4,1.48728,3.9313,0.0,0.0004091717028083896
text+audio_text_ln_lrh0.001_frozen_e5_s42,1975,4,1.01397,3.1245,0.0,0.0004088162104514753
text+audio_text_ln_lrh0.001_frozen_e5_s42,1976,4,1.23581,3.3484,0.0,0.000408460718094561
text+audio_text_ln_lrh0.001_frozen_e5_s42,1977,4,1.51685,3.8744,0.0,0.00040810522573764664
text+audio_text_ln_lrh0.001_frozen_e5_s42,1978,4,1.10637,2.7491,0.0,0.00040774973338073234
text+audio_text_ln_lrh0.001_frozen_e5_s42,1979,4,1.03817,4.3174,0.0,0.000407394241023818
text+audio_text_ln_lrh0.001_frozen_e5_s42,1980,4,1.00931,2.5119,0.0,0.0004070387486669037
text+audio_text_ln_lrh0.001_frozen_e5_s42,1981,4,1.08344,2.2754,0.0,0.00040668325630998937
text+audio_text_ln_lrh0.001_frozen_e5_s42,1982,4,0.82107,3.4057,0.0,0.000406327763953075
text+audio_text_ln_lrh0.001_frozen_e5_s42,1983,4,1.00744,3.1199,0.0,0.0004059722715961607
text+audio_text_ln_lrh0.001_frozen_e5_s42,1984,4,2.03005,5.2511,0.0,0.0004056167792392464
text+audio_text_ln_lrh0.001_frozen_e5_s42,1985,4,0.67683,2.8148,0.0,0.00040526128688233204
text+audio_text_ln_lrh0.001_frozen_e5_s42,1986,4,1.11525,3.5452,0.0,0.0004049057945254177
text+audio_text_ln_lrh0.001_frozen_e5_s42,1987,4,1.37247,3.2451,0.0,0.0004045503021685034
text+audio_text_ln_lrh0.001_frozen_e5_s42,1988,4,1.14518,5.0291,0.0,0.00040419480981158907
text+audio_text_ln_lrh0.001_frozen_e5_s42,1989,4,1.37955,4.5704,0.0,0.0004038393174546747
text+audio_text_ln_lrh0.001_frozen_e5_s42,1990,4,1.19188,3.3289,0.0,0.0004034838250977604
text+audio_text_ln_lrh0.001_frozen_e5_s42,1991,4,0.34801,3.198,0.0,0.0004031283327408461
text+audio_text_ln_lrh0.001_frozen_e5_s42,1992,4,1.01959,2.9062,0.0,0.00040277284038393174
text+audio_text_ln_lrh0.001_frozen_e5_s42,1993,4,0.92269,3.5873,0.0,0.0004024173480270174
text+audio_text_ln_lrh0.001_frozen_e5_s42,1994,4,1.12856,2.5366,0.0,0.00040206185567010313
text+audio_text_ln_lrh0.001_frozen_e5_s42,1995,4,1.52309,3.3441,0.0,0.00040170636331318877
text+audio_text_ln_lrh0.001_frozen_e5_s42,1996,4,1.20229,3.7431,0.0,0.0004013508709562744
text+audio_text_ln_lrh0.001_frozen_e5_s42,1997,4,1.21445,3.418,0.0,0.00040099537859936016
text+audio_text_ln_lrh0.001_frozen_e5_s42,1998,4,1.1364,2.9554,0.0,0.0004006398862424458
text+audio_text_ln_lrh0.001_frozen_e5_s42,1999,4,1.15976,2.774,0.0,0.00040028439388553144
text+audio_text_ln_lrh0.001_frozen_e5_s42,2000,4,1.38815,3.4254,0.0,0.00039992890152861714
text+audio_text_ln_lrh0.001_frozen_e5_s42,2001,4,1.51627,4.1393,0.0,0.00039957340917170283
text+audio_text_ln_lrh0.001_frozen_e5_s42,2002,4,0.68844,3.3236,0.0,0.00039921791681478847
text+audio_text_ln_lrh0.001_frozen_e5_s42,2003,4,0.70176,2.6798,0.0,0.00039886242445787417
text+audio_text_ln_lrh0.001_frozen_e5_s42,2004,4,1.22839,3.6484,0.0,0.00039850693210095986
text+audio_text_ln_lrh0.001_frozen_e5_s42,2005,4,1.06916,3.8712,0.0,0.0003981514397440455
text+audio_text_ln_lrh0.001_frozen_e5_s42,2006,4,0.88166,3.8525,0.0,0.0003977959473871312
text+audio_text_ln_lrh0.001_frozen_e5_s42,2007,4,1.07949,4.1239,0.0,0.00039744045503021684
text+audio_text_ln_lrh0.001_frozen_e5_s42,2008,4,0.57976,3.7668,0.0,0.00039708496267330253
text+audio_text_ln_lrh0.001_frozen_e5_s42,2009,4,1.18708,4.1829,0.0,0.00039672947031638823
text+audio_text_ln_lrh0.001_frozen_e5_s42,2010,4,1.26566,2.9602,0.0,0.00039637397795947387
text+audio_text_ln_lrh0.001_frozen_e5_s42,2011,4,1.09889,2.2879,0.0,0.00039601848560255956
text+audio_text_ln_lrh0.001_frozen_e5_s42,2012,4,1.60404,5.1345,0.0,0.00039566299324564526
text+audio_text_ln_lrh0.001_frozen_e5_s42,2013,4,1.21593,4.158,0.0,0.0003953075008887309
text+audio_text_ln_lrh0.001_frozen_e5_s42,2014,4,1.7468,6.4054,0.0,0.00039495200853181654
text+audio_text_ln_lrh0.001_frozen_e5_s42,2015,4,0.89855,3.1369,0.0,0.00039459651617490223
text+audio_text_ln_lrh0.001_frozen_e5_s42,2016,4,0.531,2.5059,0.0,0.00039424102381798793
text+audio_text_ln_lrh0.001_frozen_e5_s42,2017,4,0.84382,2.4478,0.0,0.00039388553146107357
text+audio_text_ln_lrh0.001_frozen_e5_s42,2018,4,0.51815,3.6469,0.0,0.00039353003910415926
text+audio_text_ln_lrh0.001_frozen_e5_s42,2019,4,0.78087,2.7651,0.0,0.00039317454674724496
text+audio_text_ln_lrh0.001_frozen_e5_s42,2020,4,0.96932,2.4157,0.0,0.0003928190543903306
text+audio_text_ln_lrh0.001_frozen_e5_s42,2021,4,0.95465,2.7354,0.0,0.00039246356203341624
text+audio_text_ln_lrh0.001_frozen_e5_s42,2022,4,1.04793,3.4016,0.0,0.000392108069676502
text+audio_text_ln_lrh0.001_frozen_e5_s42,2023,4,1.5855,3.6927,0.0,0.00039175257731958763
text+audio_text_ln_lrh0.001_frozen_e5_s42,2024,4,0.97901,2.8457,0.0,0.00039139708496267327
text+audio_text_ln_lrh0.001_frozen_e5_s42,2025,4,1.27071,4.1715,0.0,0.000391041592605759
text+audio_text_ln_lrh0.001_frozen_e5_s42,2026,4,1.22702,3.8285,0.0,0.00039068610024884466
text+audio_text_ln_lrh0.001_frozen_e5_s42,2027,4,1.2376,4.0169,0.0,0.0003903306078919303
text+audio_text_ln_lrh0.001_frozen_e5_s42,2028,4,0.86191,2.4914,0.0,0.00038997511553501605
text+audio_text_ln_lrh0.001_frozen_e5_s42,2029,4,1.27939,4.7199,0.0,0.0003896196231781017
text+audio_text_ln_lrh0.001_frozen_e5_s42,2030,4,0.99436,3.7567,0.0,0.00038926413082118733
text+audio_text_ln_lrh0.001_frozen_e5_s42,2031,4,1.59067,3.7138,0.0,0.000388908638464273
text+audio_text_ln_lrh0.001_frozen_e5_s42,2032,4,1.29148,3.3685,0.0,0.0003885531461073587
text+audio_text_ln_lrh0.001_frozen_e5_s42,2033,4,0.73715,3.3374,0.0,0.00038819765375044436
text+audio_text_ln_lrh0.001_frozen_e5_s42,2034,4,1.94795,6.3333,0.0,0.00038784216139353006
text+audio_text_ln_lrh0.001_frozen_e5_s42,2035,4,1.03185,2.7711,0.0,0.00038748666903661575
text+audio_text_ln_lrh0.001_frozen_e5_s42,2036,4,1.23675,2.7765,0.0,0.0003871311766797014
text+audio_text_ln_lrh0.001_frozen_e5_s42,2037,4,1.10869,3.0888,0.0,0.0003867756843227871
text+audio_text_ln_lrh0.001_frozen_e5_s42,2038,4,0.75286,2.4527,0.0,0.0003864201919658727
text+audio_text_ln_lrh0.001_frozen_e5_s42,2039,4,0.98111,2.551,0.0,0.0003860646996089584
text+audio_text_ln_lrh0.001_frozen_e5_s42,2040,4,0.71208,2.4273,0.0,0.0003857092072520441
text+audio_text_ln_lrh0.001_frozen_e5_s42,2041,4,0.90014,2.6419,0.0,0.00038535371489512976
text+audio_text_ln_lrh0.001_frozen_e5_s42,2042,4,0.85807,2.2752,0.0,0.00038499822253821545
text+audio_text_ln_lrh0.001_frozen_e5_s42,2043,4,1.26498,3.238,0.0,0.00038464273018130115
text+audio_text_ln_lrh0.001_frozen_e5_s42,2044,4,1.14944,5.4502,0.0,0.0003842872378243868
text+audio_text_ln_lrh0.001_frozen_e5_s42,2045,4,1.25472,4.3613,0.0,0.00038393174546747243
text+audio_text_ln_lrh0.001_frozen_e5_s42,2046,4,1.24338,3.4974,0.0,0.0003835762531105581
text+audio_text_ln_lrh0.001_frozen_e5_s42,2047,4,0.77031,3.084,0.0,0.0003832207607536438
text+audio_text_ln_lrh0.001_frozen_e5_s42,2048,4,1.00679,2.7738,0.0,0.00038286526839672946
text+audio_text_ln_lrh0.001_frozen_e5_s42,2049,4,1.27107,4.0364,0.0,0.00038250977603981515
text+audio_text_ln_lrh0.001_frozen_e5_s42,2050,4,1.1312,3.2126,0.0,0.00038215428368290085
text+audio_text_ln_lrh0.001_frozen_e5_s42,2051,4,1.51484,4.5826,0.0,0.0003817987913259865
text+audio_text_ln_lrh0.001_frozen_e5_s42,2052,4,1.20474,4.2012,0.0,0.00038144329896907213
text+audio_text_ln_lrh0.001_frozen_e5_s42,2053,4,1.35282,3.7928,0.0,0.0003810878066121579
text+audio_text_ln_lrh0.001_frozen_e5_s42,2054,4,1.23259,4.1796,0.0,0.0003807323142552435
text+audio_text_ln_lrh0.001_frozen_e5_s42,2055,4,1.12601,2.8843,0.0,0.00038037682189832916
text+audio_text_ln_lrh0.001_frozen_e5_s42,2056,4,1.06487,3.4053,0.0,0.0003800213295414149
text+audio_text_ln_lrh0.001_frozen_e5_s42,2057,4,1.51638,4.2835,0.0,0.00037966583718450055
text+audio_text_ln_lrh0.001_frozen_e5_s42,2058,4,1.28756,4.2924,0.0,0.0003793103448275862
text+audio_text_ln_lrh0.001_frozen_e5_s42,2059,4,1.25308,2.48,0.0,0.0003789548524706719
text+audio_text_ln_lrh0.001_frozen_e5_s42,2060,4,1.62719,4.2505,0.0,0.0003785993601137576
text+audio_text_ln_lrh0.001_frozen_e5_s42,2061,4,0.92017,2.3641,0.0,0.0003782438677568432
text+audio_text_ln_lrh0.001_frozen_e5_s42,2062,4,0.99353,2.8521,0.0,0.0003778883753999289
text+audio_text_ln_lrh0.001_frozen_e5_s42,2063,4,0.8136,3.028,0.0,0.0003775328830430146
text+audio_text_ln_lrh0.001_frozen_e5_s42,2064,4,0.92654,2.64,0.0,0.00037717739068610025
text+audio_text_ln_lrh0.001_frozen_e5_s42,2065,4,1.14436,4.3898,0.0,0.00037682189832918594
text+audio_text_ln_lrh0.001_frozen_e5_s42,2066,4,0.94129,3.8663,0.0,0.0003764664059722716
text+audio_text_ln_lrh0.001_frozen_e5_s42,2067,4,1.08941,3.9962,0.0,0.0003761109136153573
text+audio_text_ln_lrh0.001_frozen_e5_s42,2068,4,0.80953,2.7766,0.0,0.000375755421258443
text+audio_text_ln_lrh0.001_frozen_e5_s42,2069,4,1.13788,2.9613,0.0,0.0003753999289015286
text+audio_text_ln_lrh0.001_frozen_e5_s42,2070,4,1.06652,3.9497,0.0,0.0003750444365446143
text+audio_text_ln_lrh0.001_frozen_e5_s42,2071,4,1.70079,3.7505,0.0,0.0003746889441877
text+audio_text_ln_lrh0.001_frozen_e5_s42,2072,4,0.77002,3.5082,0.0,0.00037433345183078564
text+audio_text_ln_lrh0.001_frozen_e5_s42,2073,4,1.1623,4.5588,0.0,0.0003739779594738713
text+audio_text_ln_lrh0.001_frozen_e5_s42,2074,4,0.79805,2.7163,0.0,0.000373622467116957
text+audio_text_ln_lrh0.001_frozen_e5_s42,2075,4,0.90277,2.3368,0.0,0.0003732669747600427
text+audio_text_ln_lrh0.001_frozen_e5_s42,2076,4,0.87456,2.7409,0.0,0.0003729114824031283
text+audio_text_ln_lrh0.001_frozen_e5_s42,2077,4,1.56922,5.4012,0.0,0.000372555990046214
text+audio_text_ln_lrh0.001_frozen_e5_s42,2078,4,1.18351,2.3321,0.0,0.0003722004976892997
text+audio_text_ln_lrh0.001_frozen_e5_s42,2079,4,0.69716,2.2781,0.0,0.00037184500533238535
text+audio_text_ln_lrh0.001_frozen_e5_s42,2080,4,1.41409,2.9142,0.0,0.000371489512975471
text+audio_text_ln_lrh0.001_frozen_e5_s42,2081,4,1.26556,3.55,0.0,0.00037113402061855674
text+audio_text_ln_lrh0.001_frozen_e5_s42,2082,4,1.04429,2.6965,0.0,0.0003707785282616424
text+audio_text_ln_lrh0.001_frozen_e5_s42,2083,4,1.0603,3.0352,0.0,0.000370423035904728
text+audio_text_ln_lrh0.001_frozen_e5_s42,2084,4,1.03429,3.1046,0.0,0.00037006754354781377
text+audio_text_ln_lrh0.001_frozen_e5_s42,2085,4,1.124,3.4755,0.0,0.0003697120511908994
text+audio_text_ln_lrh0.001_frozen_e5_s42,2086,4,0.77389,2.9084,0.0,0.00036935655883398505
text+audio_text_ln_lrh0.001_frozen_e5_s42,2087,4,1.29533,3.6156,0.0,0.00036900106647707074
text+audio_text_ln_lrh0.001_frozen_e5_s42,2088,4,0.78354,1.944,0.0,0.00036864557412015644
text+audio_text_ln_lrh0.001_frozen_e5_s42,2089,4,0.91456,3.1965,0.0,0.0003682900817632421
text+audio_text_ln_lrh0.001_frozen_e5_s42,2090,4,1.04805,3.0711,0.0,0.00036793458940632777
text+audio_text_ln_lrh0.001_frozen_e5_s42,2091,4,0.52523,2.1682,0.0,0.00036757909704941347
text+audio_text_ln_lrh0.001_frozen_e5_s42,2092,4,0.66824,1.9473,0.0,0.0003672236046924991
text+audio_text_ln_lrh0.001_frozen_e5_s42,2093,4,1.19824,3.1426,0.0,0.0003668681123355848
text+audio_text_ln_lrh0.001_frozen_e5_s42,2094,4,0.81719,4.0199,0.0,0.00036651261997867044
text+audio_text_ln_lrh0.001_frozen_e5_s42,2095,4,1.07532,2.8194,0.0,0.00036615712762175614
text+audio_text_ln_lrh0.001_frozen_e5_s42,2096,4,1.44802,3.4539,0.0,0.00036580163526484183
text+audio_text_ln_lrh0.001_frozen_e5_s42,2097,4,1.06065,3.3987,0.0,0.0003654461429079275
text+audio_text_ln_lrh0.001_frozen_e5_s42,2098,4,1.04915,2.8609,0.0,0.00036509065055101317
text+audio_text_ln_lrh0.001_frozen_e5_s42,2099,4,0.80575,2.8916,0.0,0.00036473515819409886
text+audio_text_ln_lrh0.001_frozen_e5_s42,2100,4,1.08425,2.6607,0.0,0.0003643796658371845
text+audio_text_ln_lrh0.001_frozen_e5_s42,2101,4,1.15516,2.6993,0.0,0.00036402417348027014
text+audio_text_ln_lrh0.001_frozen_e5_s42,2102,4,1.14793,3.5998,0.0,0.0003636686811233559
text+audio_text_ln_lrh0.001_frozen_e5_s42,2103,4,0.89903,3.1678,0.0,0.00036331318876644153
text+audio_text_ln_lrh0.001_frozen_e5_s42,2104,4,0.55567,2.7397,0.0,0.0003629576964095272
text+audio_text_ln_lrh0.001_frozen_e5_s42,2105,4,1.38566,4.0678,0.0,0.00036260220405261287
text+audio_text_ln_lrh0.001_frozen_e5_s42,2106,4,0.77865,2.0424,0.0,0.00036224671169569856
text+audio_text_ln_lrh0.001_frozen_e5_s42,2107,4,1.16002,3.3745,0.0,0.0003618912193387842
text+audio_text_ln_lrh0.001_frozen_e5_s42,2108,4,1.09409,4.8812,0.0,0.0003615357269818699
text+audio_text_ln_lrh0.001_frozen_e5_s42,2109,4,1.35349,6.21,0.0,0.0003611802346249556
text+audio_text_ln_lrh0.001_frozen_e5_s42,2110,4,1.03252,3.3112,0.0,0.00036082474226804123
text+audio_text_ln_lrh0.001_frozen_e5_s42,2111,4,1.08101,2.6534,0.0,0.0003604692499111269
text+audio_text_ln_lrh0.001_frozen_e5_s42,2112,4,0.91505,3.4038,0.0,0.0003601137575542126
text+audio_text_ln_lrh0.001_frozen_e5_s42,2113,4,0.96981,3.0795,0.0,0.00035975826519729826
text+audio_text_ln_lrh0.001_frozen_e5_s42,2114,4,0.78565,2.551,0.0,0.0003594027728403839
text+audio_text_ln_lrh0.001_frozen_e5_s42,2115,4,1.1869,3.856,0.0,0.00035904728048346965
text+audio_text_ln_lrh0.001_frozen_e5_s42,2116,4,1.0737,2.7356,0.0,0.0003586917881265553
text+audio_text_ln_lrh0.001_frozen_e5_s42,2117,4,1.03484,3.5628,0.0,0.00035833629576964094
text+audio_text_ln_lrh0.001_frozen_e5_s42,2118,4,0.66821,3.5233,0.0,0.00035798080341272663
text+audio_text_ln_lrh0.001_frozen_e5_s42,2119,4,1.21562,2.9252,0.0,0.0003576253110558123
text+audio_text_ln_lrh0.001_frozen_e5_s42,2120,4,0.83649,3.2078,0.0,0.00035726981869889797
text+audio_text_ln_lrh0.001_frozen_e5_s42,2121,4,0.78582,3.7065,0.0,0.00035691432634198366
text+audio_text_ln_lrh0.001_frozen_e5_s42,2122,4,1.27498,2.804,0.0,0.00035655883398506936
text+audio_text_ln_lrh0.001_frozen_e5_s42,2123,4,0.87511,2.9994,0.0,0.000356203341628155
text+audio_text_ln_lrh0.001_frozen_e5_s42,2124,4,1.19752,3.0258,0.0,0.0003558478492712407
text+audio_text_ln_lrh0.001_frozen_e5_s42,2125,4,1.28251,3.3018,0.0,0.00035549235691432633
text+audio_text_ln_lrh0.001_frozen_e5_s42,2126,4,0.93032,2.6674,0.0,0.000355136864557412
text+audio_text_ln_lrh0.001_frozen_e5_s42,2127,4,1.30752,4.213,0.0,0.0003547813722004977
text+audio_text_ln_lrh0.001_frozen_e5_s42,2128,4,1.05509,3.0476,0.0,0.00035442587984358336
text+audio_text_ln_lrh0.001_frozen_e5_s42,2129,4,1.17366,2.4619,0.0,0.00035407038748666906
text+audio_text_ln_lrh0.001_frozen_e5_s42,2130,4,1.10431,4.3053,0.0,0.00035371489512975475
text+audio_text_ln_lrh0.001_frozen_e5_s42,2131,4,1.16357,2.8757,0.0,0.0003533594027728404
text+audio_text_ln_lrh0.001_frozen_e5_s42,2132,4,1.26692,3.4118,0.0,0.00035300391041592603
text+audio_text_ln_lrh0.001_frozen_e5_s42,2133,4,1.22183,2.8633,0.0,0.0003526484180590118
text+audio_text_ln_lrh0.001_frozen_e5_s42,2134,4,0.95364,2.9215,0.0,0.0003522929257020974
text+audio_text_ln_lrh0.001_frozen_e5_s42,2135,4,1.30324,3.6798,0.0,0.00035193743334518306
text+audio_text_ln_lrh0.001_frozen_e5_s42,2136,4,1.40668,4.7218,0.0,0.00035158194098826876
text+audio_text_ln_lrh0.001_frozen_e5_s42,2137,4,1.53866,4.9102,0.0,0.00035122644863135445
text+audio_text_ln_lrh0.001_frozen_e5_s42,2138,4,1.70554,5.8929,0.0,0.0003508709562744401
text+audio_text_ln_lrh0.001_frozen_e5_s42,2139,4,0.68797,2.6812,0.0,0.00035051546391752573
text+audio_text_ln_lrh0.001_frozen_e5_s42,2140,4,1.53459,5.0946,0.0,0.0003501599715606115
text+audio_text_ln_lrh0.001_frozen_e5_s42,2141,4,1.04179,2.6755,0.0,0.0003498044792036971
text+audio_text_ln_lrh0.001_frozen_e5_s42,2142,4,1.06274,4.0114,0.0,0.00034944898684678276
text+audio_text_ln_lrh0.001_frozen_e5_s42,2143,4,0.97468,2.634,0.0,0.0003490934944898685
text+audio_text_ln_lrh0.001_frozen_e5_s42,2144,4,0.83156,3.4133,0.0,0.00034873800213295415
text+audio_text_ln_lrh0.001_frozen_e5_s42,2145,4,0.73731,3.12,0.0,0.0003483825097760398
text+audio_text_ln_lrh0.001_frozen_e5_s42,2146,4,1.25764,5.294,0.0,0.0003480270174191255
text+audio_text_ln_lrh0.001_frozen_e5_s42,2147,4,1.54593,6.7731,0.0,0.0003476715250622112
text+audio_text_ln_lrh0.001_frozen_e5_s42,2148,4,1.2545,3.1552,0.0,0.0003473160327052968
text+audio_text_ln_lrh0.001_frozen_e5_s42,2149,4,0.76403,2.2948,0.0,0.0003469605403483825
text+audio_text_ln_lrh0.001_frozen_e5_s42,2150,4,1.27619,4.2708,0.0,0.0003466050479914682
text+audio_text_ln_lrh0.001_frozen_e5_s42,2151,4,1.14484,2.9843,0.0,0.00034624955563455385
text+audio_text_ln_lrh0.001_frozen_e5_s42,2152,4,1.55595,4.1349,0.0,0.00034589406327763955
text+audio_text_ln_lrh0.001_frozen_e5_s42,2153,4,0.89385,3.0215,0.0,0.0003455385709207252
text+audio_text_ln_lrh0.001_frozen_e5_s42,2154,4,0.92422,2.5703,0.0,0.0003451830785638109
text+audio_text_ln_lrh0.001_frozen_e5_s42,2155,4,1.35702,3.2353,0.0,0.0003448275862068966
text+audio_text_ln_lrh0.001_frozen_e5_s42,2156,4,1.25711,3.6229,0.0,0.0003444720938499822
text+audio_text_ln_lrh0.001_frozen_e5_s42,2157,4,1.4097,3.0263,0.0,0.0003441166014930679
text+audio_text_ln_lrh0.001_frozen_e5_s42,2158,4,1.21329,3.0798,0.0,0.0003437611091361536
text+audio_text_ln_lrh0.001_frozen_e5_s42,2159,4,0.89553,2.7214,0.0,0.00034340561677923925
text+audio_text_ln_lrh0.001_frozen_e5_s42,2160,4,0.72984,2.6121,0.0,0.0003430501244223249
text+audio_text_ln_lrh0.001_frozen_e5_s42,2161,4,1.01621,2.8271,0.0,0.00034269463206541064
text+audio_text_ln_lrh0.001_frozen_e5_s42,2162,4,1.17276,2.9455,0.0,0.0003423391397084963
text+audio_text_ln_lrh0.001_frozen_e5_s42,2163,4,0.84851,2.8313,0.0,0.0003419836473515819
text+audio_text_ln_lrh0.001_frozen_e5_s42,2164,4,1.38502,4.1062,0.0,0.0003416281549946676
text+audio_text_ln_lrh0.001_frozen_e5_s42,2165,4,0.59113,2.7855,0.0,0.0003412726626377533
text+audio_text_ln_lrh0.001_frozen_e5_s42,2166,4,1.24535,3.7969,0.0,0.00034091717028083895
text+audio_text_ln_lrh0.001_frozen_e5_s42,2167,4,0.81685,2.5313,0.0,0.0003405616779239246
text+audio_text_ln_lrh0.001_frozen_e5_s42,2168,4,0.67727,3.6955,0.0,0.00034020618556701034
text+audio_text_ln_lrh0.001_frozen_e5_s42,2169,4,1.24633,4.0099,0.0,0.000339850693210096
text+audio_text_ln_lrh0.001_frozen_e5_s42,2170,4,1.18421,3.5867,0.0,0.0003394952008531816
text+audio_text_ln_lrh0.001_frozen_e5_s42,2171,4,1.25931,2.642,0.0,0.00033913970849626737
text+audio_text_ln_lrh0.001_frozen_e5_s42,2172,4,0.81825,3.156,0.0,0.000338784216139353
text+audio_text_ln_lrh0.001_frozen_e5_s42,2173,4,1.29707,7.3832,0.0,0.00033842872378243865
text+audio_text_ln_lrh0.001_frozen_e5_s42,2174,4,0.90206,2.5293,0.0,0.0003380732314255244
text+audio_text_ln_lrh0.001_frozen_e5_s42,2175,4,1.08401,2.5466,0.0,0.00033771773906861004
text+audio_text_ln_lrh0.001_frozen_e5_s42,2176,4,1.28488,3.5979,0.0,0.0003373622467116957
text+audio_text_ln_lrh0.001_frozen_e5_s42,2177,4,1.13755,4.2616,0.0,0.0003370067543547814
text+audio_text_ln_lrh0.001_frozen_e5_s42,2178,4,0.95951,2.6589,0.0,0.00033665126199786707
text+audio_text_ln_lrh0.001_frozen_e5_s42,2179,4,0.79524,2.6036,0.0,0.0003362957696409527
text+audio_text_ln_lrh0.001_frozen_e5_s42,2180,4,0.85702,3.2949,0.0,0.0003359402772840384
text+audio_text_ln_lrh0.001_frozen_e5_s42,2181,4,1.09404,2.369,0.0,0.0003355847849271241
text+audio_text_ln_lrh0.001_frozen_e5_s42,2182,4,0.87384,2.5917,0.0,0.00033522929257020974
text+audio_text_ln_lrh0.001_frozen_e5_s42,2183,4,0.60276,3.5078,0.0,0.00033487380021329544
text+audio_text_ln_lrh0.001_frozen_e5_s42,2184,4,0.69544,2.2043,0.0,0.0003345183078563811
text+audio_text_ln_lrh0.001_frozen_e5_s42,2185,4,0.94706,3.6665,0.0,0.0003341628154994668
text+audio_text_ln_lrh0.001_frozen_e5_s42,2186,4,1.06715,3.7592,0.0,0.00033380732314255247
text+audio_text_ln_lrh0.001_frozen_e5_s42,2187,4,1.04273,3.2933,0.0,0.0003334518307856381
text+audio_text_ln_lrh0.001_frozen_e5_s42,2188,4,1.26843,4.486,0.0,0.0003330963384287238
text+audio_text_ln_lrh0.001_frozen_e5_s42,2189,4,0.73978,2.5831,0.0,0.0003327408460718095
text+audio_text_ln_lrh0.001_frozen_e5_s42,2190,4,0.84688,4.007,0.0,0.00033238535371489514
text+audio_text_ln_lrh0.001_frozen_e5_s42,2191,4,1.14149,4.7837,0.0,0.0003320298613579808
text+audio_text_ln_lrh0.001_frozen_e5_s42,2192,4,1.04402,3.369,0.0,0.00033167436900106653
text+audio_text_ln_lrh0.001_frozen_e5_s42,2193,4,1.04368,3.5168,0.0,0.00033131887664415217
text+audio_text_ln_lrh0.001_frozen_e5_s42,2194,4,0.67608,2.1551,0.0,0.0003309633842872378
text+audio_text_ln_lrh0.001_frozen_e5_s42,2195,4,1.07904,3.8064,0.0,0.0003306078919303235
text+audio_text_ln_lrh0.001_frozen_e5_s42,2196,4,1.42897,4.4124,0.0,0.0003302523995734092
text+audio_text_ln_lrh0.001_frozen_e5_s42,2197,4,0.47118,1.8115,0.0,0.00032989690721649484
text+audio_text_ln_lrh0.001_frozen_e5_s42,2198,4,0.82521,2.7743,0.0,0.0003295414148595805
text+audio_text_ln_lrh0.001_frozen_e5_s42,2199,4,1.02324,2.9506,0.0,0.00032918592250266623
text+audio_text_ln_lrh0.001_frozen_e5_s42,2200,4,0.7271,2.4767,0.0,0.00032883043014575187
text+audio_text_ln_lrh0.001_frozen_e5_s42,2201,4,1.07486,3.9756,0.0,0.0003284749377888375
text+audio_text_ln_lrh0.001_frozen_e5_s42,2202,4,0.68921,3.5076,0.0,0.00032811944543192326
text+audio_text_ln_lrh0.001_frozen_e5_s42,2203,4,0.72292,4.742,0.0,0.0003277639530750089
text+audio_text_ln_lrh0.001_frozen_e5_s42,2204,4,0.95943,2.8758,0.0,0.00032740846071809454
text+audio_text_ln_lrh0.001_frozen_e5_s42,2205,4,0.60823,2.3053,0.0,0.00032705296836118024
text+audio_text_ln_lrh0.001_frozen_e5_s42,2206,4,0.9668,3.4907,0.0,0.00032669747600426593
text+audio_text_ln_lrh0.001_frozen_e5_s42,2207,4,0.82031,2.697,0.0,0.00032634198364735157
text+audio_text_ln_lrh0.001_frozen_e5_s42,2208,4,1.00331,3.7845,0.0,0.00032598649129043727
text+audio_text_ln_lrh0.001_frozen_e5_s42,2209,4,1.53982,5.1373,0.0,0.00032563099893352296
text+audio_text_ln_lrh0.001_frozen_e5_s42,2210,4,0.80285,2.4438,0.0,0.0003252755065766086
text+audio_text_ln_lrh0.001_frozen_e5_s42,2211,4,1.43553,4.8939,0.0,0.0003249200142196943
text+audio_text_ln_lrh0.001_frozen_e5_s42,2212,4,0.99426,3.1593,0.0,0.00032456452186277994
text+audio_text_ln_lrh0.001_frozen_e5_s42,2213,4,1.16395,4.9345,0.0,0.00032420902950586563
text+audio_text_ln_lrh0.001_frozen_e5_s42,2214,4,0.74811,2.9103,0.0,0.0003238535371489513
text+audio_text_ln_lrh0.001_frozen_e5_s42,2215,4,1.49309,5.4085,0.0,0.00032349804479203697
text+audio_text_ln_lrh0.001_frozen_e5_s42,2216,4,0.98627,3.9907,0.0,0.00032314255243512266
text+audio_text_ln_lrh0.001_frozen_e5_s42,2217,4,1.08842,3.346,0.0,0.00032278706007820836
text+audio_text_ln_lrh0.001_frozen_e5_s42,2218,4,1.60052,4.69,0.0,0.000322431567721294
text+audio_text_ln_lrh0.001_frozen_e5_s42,2219,4,1.1443,4.2614,0.0,0.00032207607536437964
text+audio_text_ln_lrh0.001_frozen_e5_s42,2220,4,1.05504,3.6212,0.0,0.0003217205830074654
text+audio_text_ln_lrh0.001_frozen_e5_s42,2221,4,1.30926,3.5138,0.0,0.00032136509065055103
text+audio_text_ln_lrh0.001_frozen_e5_s42,2222,4,1.14881,3.429,0.0,0.00032100959829363667
text+audio_text_ln_lrh0.001_frozen_e5_s42,2223,4,1.13215,4.0675,0.0,0.00032065410593672236
text+audio_text_ln_lrh0.001_frozen_e5_s42,2224,4,0.99344,3.1096,0.0,0.00032029861357980806
text+audio_text_ln_lrh0.001_frozen_e5_s42,2225,4,1.05703,3.5789,0.0,0.0003199431212228937
text+audio_text_ln_lrh0.001_frozen_e5_s42,2226,4,1.39059,4.1239,0.0,0.00031958762886597934
text+audio_text_ln_lrh0.001_frozen_e5_s42,2227,4,1.46633,3.6498,0.0,0.0003192321365090651
text+audio_text_ln_lrh0.001_frozen_e5_s42,2228,4,1.28309,5.5577,0.0,0.00031887664415215073
text+audio_text_ln_lrh0.001_frozen_e5_s42,2229,4,1.48813,3.5896,0.0,0.00031852115179523637
text+audio_text_ln_lrh0.001_frozen_e5_s42,2230,4,0.8962,3.3369,0.0,0.0003181656594383221
text+audio_text_ln_lrh0.001_frozen_e5_s42,2231,4,1.50534,3.6874,0.0,0.00031781016708140776
text+audio_text_ln_lrh0.001_frozen_e5_s42,2232,4,0.92913,2.2392,0.0,0.0003174546747244934
text+audio_text_ln_lrh0.001_frozen_e5_s42,2233,4,0.73229,2.7429,0.0,0.0003170991823675791
text+audio_text_ln_lrh0.001_frozen_e5_s42,2234,4,0.95409,3.7288,0.0,0.0003167436900106648
text+audio_text_ln_lrh0.001_frozen_e5_s42,2235,4,1.50181,3.0578,0.0,0.00031638819765375043
text+audio_text_ln_lrh0.001_frozen_e5_s42,2236,4,0.84357,2.2557,0.0,0.0003160327052968361
text+audio_text_ln_lrh0.001_frozen_e5_s42,2237,4,1.10135,3.8064,0.0,0.0003156772129399218
text+audio_text_ln_lrh0.001_frozen_e5_s42,2238,4,0.74389,2.6739,0.0,0.00031532172058300746
text+audio_text_ln_lrh0.001_frozen_e5_s42,2239,4,0.96674,2.8671,0.0,0.00031496622822609315
text+audio_text_ln_lrh0.001_frozen_e5_s42,2240,4,1.26271,4.1235,0.0,0.0003146107358691788
text+audio_text_ln_lrh0.001_frozen_e5_s42,2241,4,1.21649,3.7706,0.0,0.0003142552435122645
text+audio_text_ln_lrh0.001_frozen_e5_s42,2242,4,1.03814,2.7312,0.0,0.0003138997511553502
text+audio_text_ln_lrh0.001_frozen_e5_s42,2243,4,1.44107,3.9398,0.0,0.0003135442587984358
text+audio_text_ln_lrh0.001_frozen_e5_s42,2244,4,0.85466,3.2211,0.0,0.0003131887664415215
text+audio_text_ln_lrh0.001_frozen_e5_s42,2245,4,1.38281,4.3779,0.0,0.0003128332740846072
text+audio_text_ln_lrh0.001_frozen_e5_s42,2246,4,1.64911,3.3768,0.0,0.00031247778172769286
text+audio_text_ln_lrh0.001_frozen_e5_s42,2247,4,1.37812,3.6681,0.0,0.0003121222893707785
text+audio_text_ln_lrh0.001_frozen_e5_s42,2248,4,0.78994,4.3434,0.0,0.00031176679701386425
text+audio_text_ln_lrh0.001_frozen_e5_s42,2249,4,0.97246,3.2814,0.0,0.0003114113046569499
text+audio_text_ln_lrh0.001_frozen_e5_s42,2250,4,0.73652,3.3066,0.0,0.0003110558123000355
text+audio_text_ln_lrh0.001_frozen_e5_s42,2251,4,0.88673,2.7237,0.0,0.0003107003199431213
text+audio_text_ln_lrh0.001_frozen_e5_s42,2252,4,0.93084,2.5268,0.0,0.0003103448275862069
text+audio_text_ln_lrh0.001_frozen_e5_s42,2253,4,1.50494,4.8276,0.0,0.00030998933522929256
text+audio_text_ln_lrh0.001_frozen_e5_s42,2254,4,1.05386,5.5826,0.0,0.0003096338428723782
text+audio_text_ln_lrh0.001_frozen_e5_s42,2255,4,1.83525,4.622,0.0,0.00030927835051546395
text+audio_text_ln_lrh0.001_frozen_e5_s42,2256,4,0.99297,2.6276,0.0,0.0003089228581585496
text+audio_text_ln_lrh0.001_frozen_e5_s42,2257,4,1.28335,3.8106,0.0,0.00030856736580163523
text+audio_text_ln_lrh0.001_frozen_e5_s42,2258,4,1.1166,3.0278,0.0,0.000308211873444721
text+audio_text_ln_lrh0.001_frozen_e5_s42,2259,4,1.24343,2.6471,0.0,0.0003078563810878066
text+audio_text_ln_lrh0.001_frozen_e5_s42,2260,4,1.04192,3.0055,0.0,0.00030750088873089226
text+audio_text_ln_lrh0.001_frozen_e5_s42,2261,4,0.52975,2.4949,0.0,0.000307145396373978
text+audio_text_ln_lrh0.001_frozen_e5_s42,2262,4,1.15087,4.1593,0.0,0.00030678990401706365
text+audio_text_ln_lrh0.001_frozen_e5_s42,2263,4,1.01342,2.8177,0.0,0.0003064344116601493
text+audio_text_ln_lrh0.001_frozen_e5_s42,2264,4,0.86741,2.5886,0.0,0.000306078919303235
text+audio_text_ln_lrh0.001_frozen_e5_s42,2265,4,1.16486,3.4362,0.0,0.0003057234269463207
text+audio_text_ln_lrh0.001_frozen_e5_s42,2266,4,0.93606,2.6164,0.0,0.0003053679345894063
text+audio_text_ln_lrh0.001_frozen_e5_s42,2267,4,1.20522,2.8179,0.0,0.000305012442232492
text+audio_text_ln_lrh0.001_frozen_e5_s42,2268,4,1.41629,3.9583,0.0,0.0003046569498755777
text+audio_text_ln_lrh0.001_frozen_e5_s42,2269,4,1.20983,3.0284,0.0,0.00030430145751866335
text+audio_text_ln_lrh0.001_frozen_e5_s42,2270,4,1.12523,2.8018,0.0,0.00030394596516174904
text+audio_text_ln_lrh0.001_frozen_e5_s42,2271,4,1.08152,3.7581,0.0,0.0003035904728048347
text+audio_text_ln_lrh0.001_frozen_e5_s42,2272,4,1.17016,3.5093,0.0,0.0003032349804479204
text+audio_text_ln_lrh0.001_frozen_e5_s42,2273,4,0.61643,2.6276,0.0,0.0003028794880910061
text+audio_text_ln_lrh0.001_frozen_e5_s42,2274,4,0.80053,2.6135,0.0,0.0003025239957340917
text+audio_text_ln_lrh0.001_frozen_e5_s42,2275,4,1.4043,4.0511,0.0,0.0003021685033771774
text+audio_text_ln_lrh0.001_frozen_e5_s42,2276,4,1.05441,4.0387,0.0,0.0003018130110202631
text+audio_text_ln_lrh0.001_frozen_e5_s42,2277,4,0.70315,3.2713,0.0,0.00030145751866334874
text+audio_text_ln_lrh0.001_frozen_e5_s42,2278,4,1.023,3.1835,0.0,0.0003011020263064344
text+audio_text_ln_lrh0.001_frozen_e5_s42,2279,4,1.15574,2.87,0.0,0.00030074653394952013
text+audio_text_ln_lrh0.001_frozen_e5_s42,2280,4,1.3244,3.0431,0.0,0.0003003910415926058
text+audio_text_ln_lrh0.001_frozen_e5_s42,2281,4,1.28623,2.8839,0.0,0.0003000355492356914
text+audio_text_ln_lrh0.001_frozen_e5_s42,2282,4,0.95535,4.3316,0.0,0.0002996800568787771
text+audio_text_ln_lrh0.001_frozen_e5_s42,2283,4,0.98759,2.9137,0.0,0.0002993245645218628
text+audio_text_ln_lrh0.001_frozen_e5_s42,2284,4,0.68054,3.744,0.0,0.00029896907216494845
text+audio_text_ln_lrh0.001_frozen_e5_s42,2285,4,1.48699,3.9864,0.0,0.0002986135798080341
text+audio_text_ln_lrh0.001_frozen_e5_s42,2286,4,0.84025,3.9324,0.0,0.00029825808745111983
text+audio_text_ln_lrh0.001_frozen_e5_s42,2287,4,1.44044,4.6436,0.0,0.0002979025950942055
text+audio_text_ln_lrh0.001_frozen_e5_s42,2288,4,1.14822,3.8986,0.0,0.0002975471027372911
text+audio_text_ln_lrh0.001_frozen_e5_s42,2289,4,1.48055,3.2726,0.0,0.00029719161038037687
text+audio_text_ln_lrh0.001_frozen_e5_s42,2290,4,0.92338,2.9796,0.0,0.0002968361180234625
text+audio_text_ln_lrh0.001_frozen_e5_s42,2291,4,1.09234,2.9125,0.0,0.00029648062566654815
text+audio_text_ln_lrh0.001_frozen_e5_s42,2292,4,1.02443,3.1792,0.0,0.00029612513330963384
text+audio_text_ln_lrh0.001_frozen_e5_s42,2293,4,0.71784,2.8357,0.0,0.00029576964095271954
text+audio_text_ln_lrh0.001_frozen_e5_s42,2294,4,1.26596,2.8109,0.0,0.0002954141485958052
text+audio_text_ln_lrh0.001_frozen_e5_s42,2295,4,0.84921,2.2821,0.0,0.00029505865623889087
text+audio_text_ln_lrh0.001_frozen_e5_s42,2296,4,1.01828,2.7886,0.0,0.00029470316388197657
text+audio_text_ln_lrh0.001_frozen_e5_s42,2297,4,1.0958,3.2423,0.0,0.0002943476715250622
text+audio_text_ln_lrh0.001_frozen_e5_s42,2298,4,1.07944,5.2413,0.0,0.0002939921791681479
text+audio_text_ln_lrh0.001_frozen_e5_s42,2299,4,1.38319,3.2866,0.0,0.00029363668681123354
text+audio_text_ln_lrh0.001_frozen_e5_s42,2300,4,1.31254,3.0698,0.0,0.00029328119445431924
text+audio_text_ln_lrh0.001_frozen_e5_s42,2301,4,1.00654,3.123,0.0,0.00029292570209740493
text+audio_text_ln_lrh0.001_frozen_e5_s42,2302,4,1.14354,3.2097,0.0,0.00029257020974049057
text+audio_text_ln_lrh0.001_frozen_e5_s42,2303,4,1.89413,5.6274,0.0,0.00029221471738357627
text+audio_text_ln_lrh0.001_frozen_e5_s42,2304,4,1.46232,3.8325,0.0,0.00029185922502666196
text+audio_text_ln_lrh0.001_frozen_e5_s42,2305,4,0.84536,3.943,0.0,0.0002915037326697476
text+audio_text_ln_lrh0.001_frozen_e5_s42,2306,4,1.25496,4.3222,0.0,0.00029114824031283324
text+audio_text_ln_lrh0.001_frozen_e5_s42,2307,4,1.05322,2.8087,0.0,0.000290792747955919
text+audio_text_ln_lrh0.001_frozen_e5_s42,2308,4,0.98202,4.256,0.0,0.00029043725559900463
text+audio_text_ln_lrh0.001_frozen_e5_s42,2309,4,1.06604,3.9513,0.0,0.0002900817632420903
text+audio_text_ln_lrh0.001_frozen_e5_s42,2310,4,0.89348,3.1557,0.0,0.000289726270885176
text+audio_text_ln_lrh0.001_frozen_e5_s42,2311,4,1.02707,2.77,0.0,0.00028937077852826166
text+audio_text_ln_lrh0.001_frozen_e5_s42,2312,4,1.3058,3.3054,0.0,0.0002890152861713473
text+audio_text_ln_lrh0.001_frozen_e5_s42,2313,4,1.33517,2.7945,0.0,0.00028865979381443294
text+audio_text_ln_lrh0.001_frozen_e5_s42,2314,4,0.90867,2.5408,0.0,0.0002883043014575187
text+audio_text_ln_lrh0.001_frozen_e5_s42,2315,4,1.50835,4.0506,0.0,0.00028794880910060433
text+audio_text_ln_lrh0.001_frozen_e5_s42,2316,4,1.249,3.1986,0.0,0.00028759331674369
text+audio_text_ln_lrh0.001_frozen_e5_s42,2317,4,1.53758,3.6749,0.0,0.0002872378243867757
text+audio_text_ln_lrh0.001_frozen_e5_s42,2318,4,0.82881,2.9262,0.0,0.00028688233202986136
text+audio_text_ln_lrh0.001_frozen_e5_s42,2319,4,0.88138,3.7426,0.0,0.000286526839672947
text+audio_text_ln_lrh0.001_frozen_e5_s42,2320,4,0.76799,2.4061,0.0,0.0002861713473160327
text+audio_text_ln_lrh0.001_frozen_e5_s42,2321,4,1.12463,3.5973,0.0,0.0002858158549591184
text+audio_text_ln_lrh0.001_frozen_e5_s42,2322,4,0.53351,2.9142,0.0,0.00028546036260220403
text+audio_text_ln_lrh0.001_frozen_e5_s42,2323,4,1.33274,3.2961,0.0,0.00028510487024528973
text+audio_text_ln_lrh0.001_frozen_e5_s42,2324,4,0.9337,2.5071,0.0,0.0002847493778883754
text+audio_text_ln_lrh0.001_frozen_e5_s42,2325,4,0.6072,3.9349,0.0,0.00028439388553146107
text+audio_text_ln_lrh0.001_frozen_e5_s42,2326,4,1.16454,3.3823,0.0,0.00028403839317454676
text+audio_text_ln_lrh0.001_frozen_e5_s42,2327,4,0.86811,2.25,0.0,0.00028368290081763245
text+audio_text_ln_lrh0.001_frozen_e5_s42,2328,4,1.057,3.284,0.0,0.0002833274084607181
text+audio_text_ln_lrh0.001_frozen_e5_s42,2329,4,0.91189,3.4029,0.0,0.0002829719161038038
text+audio_text_ln_lrh0.001_frozen_e5_s42,2330,4,0.69836,2.9622,0.0,0.00028261642374688943
text+audio_text_ln_lrh0.001_frozen_e5_s42,2331,4,1.02959,3.1511,0.0,0.0002822609313899751
text+audio_text_ln_lrh0.001_frozen_e5_s42,2332,4,1.23567,4.9073,0.0,0.0002819054390330608
text+audio_text_ln_lrh0.001_frozen_e5_s42,2333,4,0.98356,3.1409,0.0,0.00028154994667614646
text+audio_text_ln_lrh0.001_frozen_e5_s42,2334,4,1.08849,2.5286,0.0,0.00028119445431923216
text+audio_text_ln_lrh0.001_frozen_e5_s42,2335,4,1.05707,3.717,0.0,0.00028083896196231785
text+audio_text_ln_lrh0.001_frozen_e5_s42,2336,4,1.09419,4.1008,0.0,0.0002804834696054035
text+audio_text_ln_lrh0.001_frozen_e5_s42,2337,4,0.62123,2.728,0.0,0.00028012797724848913
text+audio_text_ln_lrh0.001_frozen_e5_s42,2338,4,1.41959,2.8449,0.0,0.0002797724848915749
text+audio_text_ln_lrh0.001_frozen_e5_s42,2339,4,1.14386,3.5537,0.0,0.0002794169925346605
text+audio_text_ln_lrh0.001_frozen_e5_s42,2340,4,0.70079,3.0603,0.0,0.00027906150017774616
text+audio_text_ln_lrh0.001_frozen_e5_s42,2341,4,0.94318,2.6802,0.0,0.00027870600782083186
text+audio_text_ln_lrh0.001_frozen_e5_s42,2342,4,0.7949,2.4195,0.0,0.00027835051546391755
text+audio_text_ln_lrh0.001_frozen_e5_s42,2343,4,1.05769,3.1924,0.0,0.0002779950231070032
text+audio_text_ln_lrh0.001_frozen_e5_s42,2344,4,1.27234,2.9848,0.0,0.00027763953075008883
text+audio_text_ln_lrh0.001_frozen_e5_s42,2345,4,1.05287,3.2803,0.0,0.0002772840383931746
text+audio_text_ln_lrh0.001_frozen_e5_s42,2346,4,0.87009,2.7618,0.0,0.0002769285460362602
text+audio_text_ln_lrh0.001_frozen_e5_s42,2347,4,0.79147,2.4368,0.0,0.00027657305367934586
text+audio_text_ln_lrh0.001_frozen_e5_s42,2348,4,0.81512,2.8254,0.0,0.0002762175613224316
text+audio_text_ln_lrh0.001_frozen_e5_s42,2349,4,1.2786,4.356,0.0,0.00027586206896551725
text+audio_text_ln_lrh0.001_frozen_e5_s42,2350,4,1.33372,3.9766,0.0,0.0002755065766086029
text+audio_text_ln_lrh0.001_frozen_e5_s42,2351,4,1.04327,3.4543,0.0,0.0002751510842516886
text+audio_text_ln_lrh0.001_frozen_e5_s42,2352,4,1.12024,3.6034,0.0,0.0002747955918947743
text+audio_text_ln_lrh0.001_frozen_e5_s42,2353,4,1.81799,5.9305,0.0,0.0002744400995378599
text+audio_text_ln_lrh0.001_frozen_e5_s42,2354,4,1.1427,3.7428,0.0,0.0002740846071809456
text+audio_text_ln_lrh0.001_frozen_e5_s42,2355,4,1.03657,4.4233,0.0,0.0002737291148240313
text+audio_text_ln_lrh0.001_frozen_e5_s42,2356,4,1.0102,3.3069,0.0,0.00027337362246711695
text+audio_text_ln_lrh0.001_frozen_e5_s42,2357,4,1.03869,3.9179,0.0,0.00027301813011020265
text+audio_text_ln_lrh0.001_frozen_e5_s42,2358,4,1.48467,4.6566,0.0,0.0002726626377532883
text+audio_text_ln_lrh0.001_frozen_e5_s42,2359,4,1.30675,3.217,0.0,0.000272307145396374
text+audio_text_ln_lrh0.001_frozen_e5_s42,2360,4,0.97707,2.6217,0.0,0.0002719516530394597
text+audio_text_ln_lrh0.001_frozen_e5_s42,2361,4,1.16179,3.1385,0.0,0.0002715961606825453
text+audio_text_ln_lrh0.001_frozen_e5_s42,2362,4,1.24652,3.5,0.0,0.000271240668325631
text+audio_text_ln_lrh0.001_frozen_e5_s42,2363,4,1.36551,3.509,0.0,0.0002708851759687167
text+audio_text_ln_lrh0.001_frozen_e5_s42,2364,4,1.11745,2.9636,0.0,0.00027052968361180235
text+audio_text_ln_lrh0.001_frozen_e5_s42,2365,4,0.79448,2.7138,0.0,0.000270174191254888
text+audio_text_ln_lrh0.001_frozen_e5_s42,2366,4,1.07908,4.0803,0.0,0.00026981869889797374
text+audio_text_ln_lrh0.001_frozen_e5_s42,2367,4,1.23446,3.4565,0.0,0.0002694632065410594
text+audio_text_ln_lrh0.001_frozen_e5_s42,2368,4,1.3389,3.0996,0.0,0.000269107714184145
text+audio_text_ln_lrh0.001_frozen_e5_s42,2369,4,0.71221,3.492,0.0,0.00026875222182723077
text+audio_text_ln_lrh0.001_frozen_e5_s42,2370,4,1.41207,5.1351,0.0,0.0002683967294703164
text+audio_text_ln_lrh0.001_frozen_e5_s42,2371,4,0.97856,3.5374,0.0,0.00026804123711340205
text+audio_text_ln_lrh0.001_frozen_e5_s42,2372,4,0.94829,2.809,0.0,0.0002676857447564877
text+audio_text_ln_lrh0.001_frozen_e5_s42,2373,4,1.33515,3.2651,0.0,0.00026733025239957344
text+audio_text_ln_lrh0.001_frozen_e5_s42,2374,4,0.95575,3.575,0.0,0.0002669747600426591
text+audio_text_ln_lrh0.001_frozen_e5_s42,2375,4,1.29374,4.6374,0.0,0.0002666192676857447
text+audio_text_ln_lrh0.001_frozen_e5_s42,2376,4,1.57643,3.3738,0.0,0.00026626377532883047
text+audio_text_ln_lrh0.001_frozen_e5_s42,2377,4,1.0156,3.1802,0.0,0.0002659082829719161
text+audio_text_ln_lrh0.001_frozen_e5_s42,2378,4,1.83964,5.1604,0.0,0.00026555279061500175
text+audio_text_ln_lrh0.001_frozen_e5_s42,2379,4,0.92437,3.2209,0.0,0.00026519729825808745
text+audio_text_ln_lrh0.001_frozen_e5_s42,2380,4,1.11211,3.6117,0.0,0.00026484180590117314
text+audio_text_ln_lrh0.001_frozen_e5_s42,2381,4,1.05926,3.1263,0.0,0.0002644863135442588
text+audio_text_ln_lrh0.001_frozen_e5_s42,2382,4,1.19507,2.9782,0.0,0.0002641308211873445
text+audio_text_ln_lrh0.001_frozen_e5_s42,2383,4,0.94335,2.251,0.0,0.00026377532883043017
text+audio_text_ln_lrh0.001_frozen_e5_s42,2384,4,1.00184,3.7271,0.0,0.0002634198364735158
text+audio_text_ln_lrh0.001_frozen_e5_s42,2385,4,1.02515,2.5056,0.0,0.0002630643441166015
text+audio_text_ln_lrh0.001_frozen_e5_s42,2386,4,0.62895,2.0829,0.0,0.00026270885175968715
text+audio_text_ln_lrh0.001_frozen_e5_s42,2387,4,1.24367,3.7716,0.0,0.00026235335940277284
text+audio_text_ln_lrh0.001_frozen_e5_s42,2388,4,0.89227,2.5934,0.0,0.00026199786704585854
text+audio_text_ln_lrh0.001_frozen_e5_s42,2389,4,1.54314,3.2618,0.0,0.0002616423746889442
text+audio_text_ln_lrh0.001_frozen_e5_s42,2390,4,1.06411,5.6463,0.0,0.00026128688233202987
text+audio_text_ln_lrh0.001_frozen_e5_s42,2391,4,0.93906,3.3661,0.0,0.00026093138997511557
text+audio_text_ln_lrh0.001_frozen_e5_s42,2392,4,0.63888,3.2869,0.0,0.0002605758976182012
text+audio_text_ln_lrh0.001_frozen_e5_s42,2393,4,0.85756,2.5817,0.0,0.00026022040526128685
text+audio_text_ln_lrh0.001_frozen_e5_s42,2394,4,1.65913,6.6478,0.0,0.0002598649129043726
text+audio_text_ln_lrh0.001_frozen_e5_s42,2395,4,0.72912,3.069,0.0,0.00025950942054745824
text+audio_text_ln_lrh0.001_frozen_e5_s42,2396,4,1.50575,4.7314,0.0,0.0002591539281905439
text+audio_text_ln_lrh0.001_frozen_e5_s42,2397,4,1.08583,3.6743,0.0,0.00025879843583362963
text+audio_text_ln_lrh0.001_frozen_e5_s42,2398,4,1.14919,2.7789,0.0,0.00025844294347671527
text+audio_text_ln_lrh0.001_frozen_e5_s42,2399,4,1.14062,3.049,0.0,0.0002580874511198009
text+audio_text_ln_lrh0.001_frozen_e5_s42,2400,4,0.73259,2.569,0.0,0.00025773195876288655
text+audio_text_ln_lrh0.001_frozen_e5_s42,2401,4,1.03385,3.2303,0.0,0.0002573764664059723
text+audio_text_ln_lrh0.001_frozen_e5_s42,2402,4,0.7191,2.367,0.0,0.00025702097404905794
text+audio_text_ln_lrh0.001_frozen_e5_s42,2403,4,0.91175,2.3788,0.0,0.0002566654816921436
text+audio_text_ln_lrh0.001_frozen_e5_s42,2404,4,1.039,3.3353,0.0,0.00025630998933522933
text+audio_text_ln_lrh0.001_frozen_e5_s42,2405,4,1.32728,4.4455,0.0,0.00025595449697831497
text+audio_text_ln_lrh0.001_frozen_e5_s42,2406,4,1.14113,3.2144,0.0,0.0002555990046214006
text+audio_text_ln_lrh0.001_frozen_e5_s42,2407,4,1.39262,4.161,0.0,0.00025524351226448636
text+audio_text_ln_lrh0.001_frozen_e5_s42,2408,4,1.27437,4.2131,0.0,0.000254888019907572
text+audio_text_ln_lrh0.001_frozen_e5_s42,2409,4,1.20621,4.108,0.0,0.00025453252755065764
text+audio_text_ln_lrh0.001_frozen_e5_s42,2410,4,0.96351,2.3941,0.0,0.00025417703519374334
text+audio_text_ln_lrh0.001_frozen_e5_s42,2411,4,0.86152,2.9221,0.0,0.00025382154283682903
text+audio_text_ln_lrh0.001_frozen_e5_s42,2412,4,1.25263,4.5052,0.0,0.00025346605047991467
text+audio_text_ln_lrh0.001_frozen_e5_s42,2413,4,0.28701,3.0127,0.0,0.00025311055812300037
text+audio_text_ln_lrh0.001_frozen_e5_s42,2414,4,1.4052,3.4427,0.0,0.00025275506576608606
text+audio_text_ln_lrh0.001_frozen_e5_s42,2415,4,0.70082,2.7163,0.0,0.0002523995734091717
text+audio_text_ln_lrh0.001_frozen_e5_s42,2416,4,0.9429,2.2542,0.0,0.0002520440810522574
text+audio_text_ln_lrh0.001_frozen_e5_s42,2417,4,1.27811,3.5405,0.0,0.00025168858869534304
text+audio_text_ln_lrh0.001_frozen_e5_s42,2418,4,0.92532,3.6333,0.0,0.00025133309633842873
text+audio_text_ln_lrh0.001_frozen_e5_s42,2419,4,0.30138,1.9288,0.0,0.0002509776039815144
text+audio_text_ln_lrh0.001_frozen_e5_s42,2420,4,0.99825,3.6591,0.0,0.00025062211162460007
text+audio_text_ln_lrh0.001_frozen_e5_s42,2421,4,1.68136,4.0392,0.0,0.00025026661926768576
text+audio_text_ln_lrh0.001_frozen_e5_s42,2422,4,1.30939,3.3215,0.0,0.0002499111269107714
text+audio_text_ln_lrh0.001_frozen_e5_s42,2423,4,1.00081,2.7224,0.0,0.0002495556345538571
text+audio_text_ln_lrh0.001_frozen_e5_s42,2424,4,0.76592,2.8196,0.0,0.00024920014219694274
text+audio_text_ln_lrh0.001_frozen_e5_s42,2425,4,1.34782,3.4926,0.0,0.00024884464984002843
text+audio_text_ln_lrh0.001_frozen_e5_s42,2426,4,0.75482,2.8952,0.0,0.0002484891574831141
text+audio_text_ln_lrh0.001_frozen_e5_s42,2427,4,1.27028,5.5388,0.0,0.00024813366512619977
text+audio_text_ln_lrh0.001_frozen_e5_s42,2428,4,1.15087,3.5553,0.0,0.00024777817276928546
text+audio_text_ln_lrh0.001_frozen_e5_s42,2429,4,1.62516,4.2407,0.0,0.00024742268041237116
text+audio_text_ln_lrh0.001_frozen_e5_s42,2430,4,1.19364,3.9314,0.0,0.0002470671880554568
text+audio_text_ln_lrh0.001_frozen_e5_s42,2431,4,0.86705,2.8636,0.0,0.0002467116956985425
text+audio_text_ln_lrh0.001_frozen_e5_s42,2432,4,0.4974,2.4205,0.0,0.0002463562033416282
text+audio_text_ln_lrh0.001_frozen_e5_s42,2433,4,1.11432,3.097,0.0,0.00024600071098471383
text+audio_text_ln_lrh0.001_frozen_e5_s42,2434,4,1.11279,2.7641,0.0,0.0002456452186277995
text+audio_text_ln_lrh0.001_frozen_e5_s42,2435,4,0.87464,3.1722,0.0,0.0002452897262708852
text+audio_text_ln_lrh0.001_frozen_e5_s42,2436,4,1.27479,3.8047,0.0,0.00024493423391397086
text+audio_text_ln_lrh0.001_frozen_e5_s42,2437,4,1.01137,3.6056,0.0,0.00024457874155705655
text+audio_text_ln_lrh0.001_frozen_e5_s42,2438,4,1.32147,3.6399,0.0,0.0002442232492001422
text+audio_text_ln_lrh0.001_frozen_e5_s42,2439,4,0.90069,3.3998,0.0,0.00024386775684322786
text+audio_text_ln_lrh0.001_frozen_e5_s42,2440,4,0.82448,2.5692,0.0,0.00024351226448631356
text+audio_text_ln_lrh0.001_frozen_e5_s42,2441,4,1.30871,4.426,0.0,0.00024315677212939922
text+audio_text_ln_lrh0.001_frozen_e5_s42,2442,4,1.56252,4.937,0.0,0.0002428012797724849
text+audio_text_ln_lrh0.001_frozen_e5_s42,2443,4,0.68959,2.7875,0.0,0.00024244578741557059
text+audio_text_ln_lrh0.001_frozen_e5_s42,2444,4,1.49715,3.4289,0.0,0.00024209029505865623
text+audio_text_ln_lrh0.001_frozen_e5_s42,2445,4,0.97264,3.859,0.0,0.00024173480270174192
text+audio_text_ln_lrh0.001_frozen_e5_s42,2446,4,1.14641,2.9207,0.0,0.0002413793103448276
text+audio_text_ln_lrh0.001_frozen_e5_s42,2447,4,1.30035,3.2974,0.0,0.00024102381798791326
text+audio_text_ln_lrh0.001_frozen_e5_s42,2448,4,0.93186,3.2161,0.0,0.00024066832563099895
text+audio_text_ln_lrh0.001_frozen_e5_s42,2449,4,0.6809,2.6963,0.0,0.00024031283327408462
text+audio_text_ln_lrh0.001_frozen_e5_s42,2450,4,0.95674,3.2505,0.0,0.0002399573409171703
text+audio_text_ln_lrh0.001_frozen_e5_s42,2451,4,1.21034,3.0342,0.0,0.00023960184856025595
text+audio_text_ln_lrh0.001_frozen_e5_s42,2452,4,1.10616,2.9718,0.0,0.00023924635620334162
text+audio_text_ln_lrh0.001_frozen_e5_s42,2453,4,0.97587,2.3664,0.0,0.0002388908638464273
text+audio_text_ln_lrh0.001_frozen_e5_s42,2454,4,0.99682,2.6177,0.0,0.00023853537148951299
text+audio_text_ln_lrh0.001_frozen_e5_s42,2455,4,0.81779,2.9399,0.0,0.00023817987913259865
text+audio_text_ln_lrh0.001_frozen_e5_s42,2456,4,1.09665,4.0441,0.0,0.00023782438677568432
text+audio_text_ln_lrh0.001_frozen_e5_s42,2457,4,1.08602,2.7747,0.0,0.00023746889441877002
text+audio_text_ln_lrh0.001_frozen_e5_s42,2458,4,0.8223,2.5774,0.0,0.00023711340206185566
text+audio_text_ln_lrh0.001_frozen_e5_s42,2459,4,1.30818,2.7568,0.0,0.00023675790970494135
text+audio_text_ln_lrh0.001_frozen_e5_s42,2460,4,0.85763,2.5586,0.0,0.00023640241734802705
text+audio_text_ln_lrh0.001_frozen_e5_s42,2461,4,1.07627,3.4906,0.0,0.00023604692499111269
text+audio_text_ln_lrh0.001_frozen_e5_s42,2462,4,0.9508,2.8912,0.0,0.00023569143263419838
text+audio_text_ln_lrh0.001_frozen_e5_s42,2463,4,0.8184,3.1768,0.0,0.00023533594027728405
text+audio_text_ln_lrh0.001_frozen_e5_s42,2464,4,1.04212,4.1849,0.0,0.00023498044792036972
text+audio_text_ln_lrh0.001_frozen_e5_s42,2465,4,1.15901,3.8296,0.0,0.00023462495556345538
text+audio_text_ln_lrh0.001_frozen_e5_s42,2466,4,1.16614,3.4586,0.0,0.00023426946320654108
text+audio_text_ln_lrh0.001_frozen_e5_s42,2467,4,0.907,2.3501,0.0,0.00023391397084962675
text+audio_text_ln_lrh0.001_frozen_e5_s42,2468,4,1.51079,3.5455,0.0,0.00023355847849271241
text+audio_text_ln_lrh0.001_frozen_e5_s42,2469,4,1.22974,2.9929,0.0,0.00023320298613579808
text+audio_text_ln_lrh0.001_frozen_e5_s42,2470,4,0.95875,2.0642,0.0,0.00023284749377888375
text+audio_text_ln_lrh0.001_frozen_e5_s42,2471,4,1.58735,4.3175,0.0,0.00023249200142196944
text+audio_text_ln_lrh0.001_frozen_e5_s42,2472,4,0.85015,2.4948,0.0,0.00023213650906505509
text+audio_text_ln_lrh0.001_frozen_e5_s42,2473,4,1.06509,2.7722,0.0,0.00023178101670814078
text+audio_text_ln_lrh0.001_frozen_e5_s42,2474,4,1.59493,3.5203,0.0,0.00023142552435122647
text+audio_text_ln_lrh0.001_frozen_e5_s42,2475,4,1.05391,3.0279,0.0,0.00023107003199431212
text+audio_text_ln_lrh0.001_frozen_e5_s42,2476,4,1.26583,3.2667,0.0,0.0002307145396373978
text+audio_text_ln_lrh0.001_frozen_e5_s42,2477,4,0.82217,2.8916,0.0,0.00023035904728048348
text+audio_text_ln_lrh0.001_frozen_e5_s42,2478,4,0.71218,2.4976,0.0,0.00023000355492356915
text+audio_text_ln_lrh0.001_frozen_e5_s42,2479,4,1.49696,4.3869,0.0,0.0002296480625666548
text+audio_text_ln_lrh0.001_frozen_e5_s42,2480,4,1.08523,3.9667,0.0,0.0002292925702097405
text+audio_text_ln_lrh0.001_frozen_e5_s42,2481,4,1.66081,3.5176,0.0,0.00022893707785282618
text+audio_text_ln_lrh0.001_frozen_e5_s42,2482,4,1.26322,2.8694,0.0,0.00022858158549591184
text+audio_text_ln_lrh0.001_frozen_e5_s42,2483,4,0.77571,2.3914,0.0,0.0002282260931389975
text+audio_text_ln_lrh0.001_frozen_e5_s42,2484,4,1.61998,4.0162,0.0,0.00022787060078208318
text+audio_text_ln_lrh0.001_frozen_e5_s42,2485,4,1.12743,3.2543,0.0,0.00022751510842516887
text+audio_text_ln_lrh0.001_frozen_e5_s42,2486,4,0.9677,4.8434,0.0,0.00022715961606825451
text+audio_text_ln_lrh0.001_frozen_e5_s42,2487,4,1.00415,2.49,0.0,0.0002268041237113402
text+audio_text_ln_lrh0.001_frozen_e5_s42,2488,4,1.10689,3.3628,0.0,0.0002264486313544259
text+audio_text_ln_lrh0.001_frozen_e5_s42,2489,4,1.42066,3.3926,0.0,0.00022609313899751154
text+audio_text_ln_lrh0.001_frozen_e5_s42,2490,4,0.79467,2.5724,0.0,0.00022573764664059724
text+audio_text_ln_lrh0.001_frozen_e5_s42,2491,4,0.85634,2.9947,0.0,0.0002253821542836829
text+audio_text_ln_lrh0.001_frozen_e5_s42,2492,4,1.08224,2.52,0.0,0.00022502666192676857
text+audio_text_ln_lrh0.001_frozen_e5_s42,2493,4,1.14524,3.3183,0.0,0.00022467116956985424
text+audio_text_ln_lrh0.001_frozen_e5_s42,2494,4,1.22841,2.8482,0.0,0.00022431567721293994
text+audio_text_ln_lrh0.001_frozen_e5_s42,2495,4,0.90121,2.4032,0.0,0.0002239601848560256
text+audio_text_ln_lrh0.001_frozen_e5_s42,2496,4,0.9891,3.4761,0.0,0.00022360469249911127
text+audio_text_ln_lrh0.001_frozen_e5_s42,2497,4,0.84413,2.7696,0.0,0.00022324920014219694
text+audio_text_ln_lrh0.001_frozen_e5_s42,2498,4,0.91026,3.5067,0.0,0.0002228937077852826
text+audio_text_ln_lrh0.001_frozen_e5_s42,2499,4,1.18854,3.588,0.0,0.0002225382154283683
text+audio_text_ln_lrh0.001_frozen_e5_s42,2500,4,0.55897,5.6738,0.0,0.00022218272307145394
text+audio_text_ln_lrh0.001_frozen_e5_s42,2501,5,0.6663,3.9917,0.0,0.00022182723071453964
text+audio_text_ln_lrh0.001_frozen_e5_s42,2502,5,1.12306,4.3832,0.0,0.00022147173835762533
text+audio_text_ln_lrh0.001_frozen_e5_s42,2503,5,0.76457,3.1524,0.0,0.00022111624600071097
text+audio_text_ln_lrh0.001_frozen_e5_s42,2504,5,0.46985,2.2828,0.0,0.00022076075364379667
text+audio_text_ln_lrh0.001_frozen_e5_s42,2505,5,1.023,3.3418,0.0,0.00022040526128688234
text+audio_text_ln_lrh0.001_frozen_e5_s42,2506,5,0.99076,2.4863,0.0,0.000220049768929968
text+audio_text_ln_lrh0.001_frozen_e5_s42,2507,5,0.91261,3.304,0.0,0.0002196942765730537
text+audio_text_ln_lrh0.001_frozen_e5_s42,2508,5,1.09742,3.0429,0.0,0.00021933878421613937
text+audio_text_ln_lrh0.001_frozen_e5_s42,2509,5,1.08647,3.4954,0.0,0.00021898329185922503
text+audio_text_ln_lrh0.001_frozen_e5_s42,2510,5,0.97663,2.8715,0.0,0.0002186277995023107
text+audio_text_ln_lrh0.001_frozen_e5_s42,2511,5,0.99888,2.3755,0.0,0.00021827230714539637
text+audio_text_ln_lrh0.001_frozen_e5_s42,2512,5,0.55047,3.523,0.0,0.00021791681478848204
text+audio_text_ln_lrh0.001_frozen_e5_s42,2513,5,1.22668,3.0391,0.0,0.00021756132243156773
text+audio_text_ln_lrh0.001_frozen_e5_s42,2514,5,1.20132,4.2077,0.0,0.0002172058300746534
text+audio_text_ln_lrh0.001_frozen_e5_s42,2515,5,0.82981,2.8171,0.0,0.00021685033771773907
text+audio_text_ln_lrh0.001_frozen_e5_s42,2516,5,1.33659,3.4422,0.0,0.00021649484536082476
text+audio_text_ln_lrh0.001_frozen_e5_s42,2517,5,1.36145,5.9009,0.0,0.0002161393530039104
text+audio_text_ln_lrh0.001_frozen_e5_s42,2518,5,0.66335,3.6614,0.0,0.0002157838606469961
text+audio_text_ln_lrh0.001_frozen_e5_s42,2519,5,1.28999,3.0053,0.0,0.00021542836829008177
text+audio_text_ln_lrh0.001_frozen_e5_s42,2520,5,1.17731,3.0814,0.0,0.00021507287593316743
text+audio_text_ln_lrh0.001_frozen_e5_s42,2521,5,0.94042,3.6442,0.0,0.00021471738357625313
text+audio_text_ln_lrh0.001_frozen_e5_s42,2522,5,0.76047,3.7482,0.0,0.0002143618912193388
text+audio_text_ln_lrh0.001_frozen_e5_s42,2523,5,1.54532,3.6336,0.0,0.00021400639886242446
text+audio_text_ln_lrh0.001_frozen_e5_s42,2524,5,0.59081,2.5958,0.0,0.00021365090650551013
text+audio_text_ln_lrh0.001_frozen_e5_s42,2525,5,1.08072,3.1031,0.0,0.00021329541414859583
text+audio_text_ln_lrh0.001_frozen_e5_s42,2526,5,1.10235,4.3329,0.0,0.00021293992179168147
text+audio_text_ln_lrh0.001_frozen_e5_s42,2527,5,0.8935,3.1633,0.0,0.00021258442943476716
text+audio_text_ln_lrh0.001_frozen_e5_s42,2528,5,1.54809,4.3023,0.0,0.00021222893707785283
text+audio_text_ln_lrh0.001_frozen_e5_s42,2529,5,0.59374,2.8903,0.0,0.0002118734447209385
text+audio_text_ln_lrh0.001_frozen_e5_s42,2530,5,0.55516,1.9245,0.0,0.0002115179523640242
text+audio_text_ln_lrh0.001_frozen_e5_s42,2531,5,0.85769,2.4372,0.0,0.00021116246000710983
text+audio_text_ln_lrh0.001_frozen_e5_s42,2532,5,1.19257,4.4927,0.0,0.00021080696765019553
text+audio_text_ln_lrh0.001_frozen_e5_s42,2533,5,1.05897,3.7721,0.0,0.0002104514752932812
text+audio_text_ln_lrh0.001_frozen_e5_s42,2534,5,1.08568,4.0408,0.0,0.00021009598293636686
text+audio_text_ln_lrh0.001_frozen_e5_s42,2535,5,1.37579,4.5521,0.0,0.00020974049057945256
text+audio_text_ln_lrh0.001_frozen_e5_s42,2536,5,1.43734,4.5107,0.0,0.00020938499822253822
text+audio_text_ln_lrh0.001_frozen_e5_s42,2537,5,1.15384,3.1048,0.0,0.0002090295058656239
text+audio_text_ln_lrh0.001_frozen_e5_s42,2538,5,1.10188,3.3837,0.0,0.00020867401350870956
text+audio_text_ln_lrh0.001_frozen_e5_s42,2539,5,0.91775,3.4535,0.0,0.00020831852115179526
text+audio_text_ln_lrh0.001_frozen_e5_s42,2540,5,1.32255,3.0014,0.0,0.00020796302879488092
text+audio_text_ln_lrh0.001_frozen_e5_s42,2541,5,0.64974,2.5084,0.0,0.0002076075364379666
text+audio_text_ln_lrh0.001_frozen_e5_s42,2542,5,0.90938,4.0316,0.0,0.00020725204408105226
text+audio_text_ln_lrh0.001_frozen_e5_s42,2543,5,1.4838,4.9634,0.0,0.00020689655172413793
text+audio_text_ln_lrh0.001_frozen_e5_s42,2544,5,0.71295,2.1745,0.0,0.00020654105936722362
text+audio_text_ln_lrh0.001_frozen_e5_s42,2545,5,0.65722,3.6052,0.0,0.00020618556701030926
text+audio_text_ln_lrh0.001_frozen_e5_s42,2546,5,0.94749,3.1572,0.0,0.00020583007465339496
text+audio_text_ln_lrh0.001_frozen_e5_s42,2547,5,1.01152,3.1018,0.0,0.00020547458229648065
text+audio_text_ln_lrh0.001_frozen_e5_s42,2548,5,1.14737,3.2277,0.0,0.0002051190899395663
text+audio_text_ln_lrh0.001_frozen_e5_s42,2549,5,1.26789,4.2091,0.0,0.00020476359758265199
text+audio_text_ln_lrh0.001_frozen_e5_s42,2550,5,1.4882,3.0934,0.0,0.00020440810522573765
text+audio_text_ln_lrh0.001_frozen_e5_s42,2551,5,1.11984,3.1356,0.0,0.00020405261286882332
text+audio_text_ln_lrh0.001_frozen_e5_s42,2552,5,0.78758,3.6171,0.0,0.000203697120511909
text+audio_text_ln_lrh0.001_frozen_e5_s42,2553,5,1.25755,3.5621,0.0,0.00020334162815499468
text+audio_text_ln_lrh0.001_frozen_e5_s42,2554,5,1.09723,2.8997,0.0,0.00020298613579808035
text+audio_text_ln_lrh0.001_frozen_e5_s42,2555,5,1.31118,4.1207,0.0,0.00020263064344116602
text+audio_text_ln_lrh0.001_frozen_e5_s42,2556,5,1.07386,2.7595,0.0,0.0002022751510842517
text+audio_text_ln_lrh0.001_frozen_e5_s42,2557,5,0.93858,3.053,0.0,0.00020191965872733736
text+audio_text_ln_lrh0.001_frozen_e5_s42,2558,5,1.04292,2.9979,0.0,0.00020156416637042305
text+audio_text_ln_lrh0.001_frozen_e5_s42,2559,5,0.76506,2.6118,0.0,0.0002012086740135087
text+audio_text_ln_lrh0.001_frozen_e5_s42,2560,5,1.1511,3.8106,0.0,0.00020085318165659439
text+audio_text_ln_lrh0.001_frozen_e5_s42,2561,5,1.31873,2.7686,0.0,0.00020049768929968008
text+audio_text_ln_lrh0.001_frozen_e5_s42,2562,5,1.1164,4.9044,0.0,0.00020014219694276572
text+audio_text_ln_lrh0.001_frozen_e5_s42,2563,5,1.39104,3.9738,0.0,0.00019978670458585142
text+audio_text_ln_lrh0.001_frozen_e5_s42,2564,5,1.31574,3.2643,0.0,0.00019943121222893708
text+audio_text_ln_lrh0.001_frozen_e5_s42,2565,5,1.19234,4.1381,0.0,0.00019907571987202275
text+audio_text_ln_lrh0.001_frozen_e5_s42,2566,5,1.6027,5.6433,0.0,0.00019872022751510842
text+audio_text_ln_lrh0.001_frozen_e5_s42,2567,5,1.37638,3.2263,0.0,0.00019836473515819411
text+audio_text_ln_lrh0.001_frozen_e5_s42,2568,5,1.10632,2.6699,0.0,0.00019800924280127978
text+audio_text_ln_lrh0.001_frozen_e5_s42,2569,5,0.79838,2.6464,0.0,0.00019765375044436545
text+audio_text_ln_lrh0.001_frozen_e5_s42,2570,5,0.802,2.4271,0.0,0.00019729825808745112
text+audio_text_ln_lrh0.001_frozen_e5_s42,2571,5,1.3434,3.6037,0.0,0.00019694276573053678
text+audio_text_ln_lrh0.001_frozen_e5_s42,2572,5,1.16317,3.6058,0.0,0.00019658727337362248
text+audio_text_ln_lrh0.001_frozen_e5_s42,2573,5,1.35022,3.2533,0.0,0.00019623178101670812
text+audio_text_ln_lrh0.001_frozen_e5_s42,2574,5,1.29792,3.576,0.0,0.00019587628865979381
text+audio_text_ln_lrh0.001_frozen_e5_s42,2575,5,1.2783,2.899,0.0,0.0001955207963028795
text+audio_text_ln_lrh0.001_frozen_e5_s42,2576,5,1.05576,2.8941,0.0,0.00019516530394596515
text+audio_text_ln_lrh0.001_frozen_e5_s42,2577,5,1.1641,3.511,0.0,0.00019480981158905084
text+audio_text_ln_lrh0.001_frozen_e5_s42,2578,5,1.35323,4.3078,0.0,0.0001944543192321365
text+audio_text_ln_lrh0.001_frozen_e5_s42,2579,5,1.27392,3.3221,0.0,0.00019409882687522218
text+audio_text_ln_lrh0.001_frozen_e5_s42,2580,5,1.50433,3.8529,0.0,0.00019374333451830788
text+audio_text_ln_lrh0.001_frozen_e5_s42,2581,5,0.91795,3.5684,0.0,0.00019338784216139354
text+audio_text_ln_lrh0.001_frozen_e5_s42,2582,5,0.53128,3.2144,0.0,0.0001930323498044792
text+audio_text_ln_lrh0.001_frozen_e5_s42,2583,5,0.90575,3.4242,0.0,0.00019267685744756488
text+audio_text_ln_lrh0.001_frozen_e5_s42,2584,5,1.30094,3.712,0.0,0.00019232136509065057
text+audio_text_ln_lrh0.001_frozen_e5_s42,2585,5,0.8888,2.6275,0.0,0.00019196587273373621
text+audio_text_ln_lrh0.001_frozen_e5_s42,2586,5,1.01386,2.8309,0.0,0.0001916103803768219
text+audio_text_ln_lrh0.001_frozen_e5_s42,2587,5,0.76609,2.6294,0.0,0.00019125488801990758
text+audio_text_ln_lrh0.001_frozen_e5_s42,2588,5,0.67677,2.942,0.0,0.00019089939566299324
text+audio_text_ln_lrh0.001_frozen_e5_s42,2589,5,0.97655,2.0881,0.0,0.00019054390330607894
text+audio_text_ln_lrh0.001_frozen_e5_s42,2590,5,0.8514,2.5636,0.0,0.00019018841094916458
text+audio_text_ln_lrh0.001_frozen_e5_s42,2591,5,1.0737,2.8722,0.0,0.00018983291859225027
text+audio_text_ln_lrh0.001_frozen_e5_s42,2592,5,1.30952,2.621,0.0,0.00018947742623533594
text+audio_text_ln_lrh0.001_frozen_e5_s42,2593,5,1.05735,2.784,0.0,0.0001891219338784216
text+audio_text_ln_lrh0.001_frozen_e5_s42,2594,5,1.06611,2.8878,0.0,0.0001887664415215073
text+audio_text_ln_lrh0.001_frozen_e5_s42,2595,5,1.22435,3.4477,0.0,0.00018841094916459297
text+audio_text_ln_lrh0.001_frozen_e5_s42,2596,5,0.76659,3.7105,0.0,0.00018805545680767864
text+audio_text_ln_lrh0.001_frozen_e5_s42,2597,5,0.92009,2.459,0.0,0.0001876999644507643
text+audio_text_ln_lrh0.001_frozen_e5_s42,2598,5,0.83044,2.7145,0.0,0.00018734447209385
text+audio_text_ln_lrh0.001_frozen_e5_s42,2599,5,1.12595,3.1992,0.0,0.00018698897973693564
text+audio_text_ln_lrh0.001_frozen_e5_s42,2600,5,1.19587,2.7468,0.0,0.00018663348738002134
text+audio_text_ln_lrh0.001_frozen_e5_s42,2601,5,0.65754,2.8761,0.0,0.000186277995023107
text+audio_text_ln_lrh0.001_frozen_e5_s42,2602,5,0.83013,2.4544,0.0,0.00018592250266619267
text+audio_text_ln_lrh0.001_frozen_e5_s42,2603,5,1.44816,4.3881,0.0,0.00018556701030927837
text+audio_text_ln_lrh0.001_frozen_e5_s42,2604,5,0.92421,3.9992,0.0,0.000185211517952364
text+audio_text_ln_lrh0.001_frozen_e5_s42,2605,5,1.0653,3.978,0.0,0.0001848560255954497
text+audio_text_ln_lrh0.001_frozen_e5_s42,2606,5,1.04935,3.0075,0.0,0.00018450053323853537
text+audio_text_ln_lrh0.001_frozen_e5_s42,2607,5,1.75124,6.2508,0.0,0.00018414504088162104
text+audio_text_ln_lrh0.001_frozen_e5_s42,2608,5,1.00619,2.9711,0.0,0.00018378954852470673
text+audio_text_ln_lrh0.001_frozen_e5_s42,2609,5,1.03805,2.8503,0.0,0.0001834340561677924
text+audio_text_ln_lrh0.001_frozen_e5_s42,2610,5,1.09195,3.6003,0.0,0.00018307856381087807
text+audio_text_ln_lrh0.001_frozen_e5_s42,2611,5,1.31152,3.8397,0.0,0.00018272307145396374
text+audio_text_ln_lrh0.001_frozen_e5_s42,2612,5,1.05293,3.1107,0.0,0.00018236757909704943
text+audio_text_ln_lrh0.001_frozen_e5_s42,2613,5,1.12086,2.4984,0.0,0.00018201208674013507
text+audio_text_ln_lrh0.001_frozen_e5_s42,2614,5,1.35849,2.8741,0.0,0.00018165659438322077
text+audio_text_ln_lrh0.001_frozen_e5_s42,2615,5,0.99356,2.5168,0.0,0.00018130110202630643
text+audio_text_ln_lrh0.001_frozen_e5_s42,2616,5,1.15057,4.0039,0.0,0.0001809456096693921
text+audio_text_ln_lrh0.001_frozen_e5_s42,2617,5,0.76201,2.5369,0.0,0.0001805901173124778
text+audio_text_ln_lrh0.001_frozen_e5_s42,2618,5,1.28901,3.1929,0.0,0.00018023462495556344
text+audio_text_ln_lrh0.001_frozen_e5_s42,2619,5,0.99325,3.0095,0.0,0.00017987913259864913
text+audio_text_ln_lrh0.001_frozen_e5_s42,2620,5,1.04008,3.0149,0.0,0.00017952364024173483
text+audio_text_ln_lrh0.001_frozen_e5_s42,2621,5,1.01604,2.6861,0.0,0.00017916814788482047
text+audio_text_ln_lrh0.001_frozen_e5_s42,2622,5,0.95273,3.015,0.0,0.00017881265552790616
text+audio_text_ln_lrh0.001_frozen_e5_s42,2623,5,1.40821,3.5284,0.0,0.00017845716317099183
text+audio_text_ln_lrh0.001_frozen_e5_s42,2624,5,1.09899,3.8443,0.0,0.0001781016708140775
text+audio_text_ln_lrh0.001_frozen_e5_s42,2625,5,1.3258,2.7876,0.0,0.00017774617845716317
text+audio_text_ln_lrh0.001_frozen_e5_s42,2626,5,0.84517,2.5318,0.0,0.00017739068610024886
text+audio_text_ln_lrh0.001_frozen_e5_s42,2627,5,1.101,4.0586,0.0,0.00017703519374333453
text+audio_text_ln_lrh0.001_frozen_e5_s42,2628,5,1.31218,3.3807,0.0,0.0001766797013864202
text+audio_text_ln_lrh0.001_frozen_e5_s42,2629,5,1.14423,3.0261,0.0,0.0001763242090295059
text+audio_text_ln_lrh0.001_frozen_e5_s42,2630,5,0.96882,2.8422,0.0,0.00017596871667259153
text+audio_text_ln_lrh0.001_frozen_e5_s42,2631,5,0.85411,2.6906,0.0,0.00017561322431567723
text+audio_text_ln_lrh0.001_frozen_e5_s42,2632,5,1.57905,3.5591,0.0,0.00017525773195876287
text+audio_text_ln_lrh0.001_frozen_e5_s42,2633,5,1.18548,2.9334,0.0,0.00017490223960184856
text+audio_text_ln_lrh0.001_frozen_e5_s42,2634,5,0.80602,2.6314,0.0,0.00017454674724493426
text+audio_text_ln_lrh0.001_frozen_e5_s42,2635,5,0.99868,2.4714,0.0,0.0001741912548880199
text+audio_text_ln_lrh0.001_frozen_e5_s42,2636,5,0.94033,2.313,0.0,0.0001738357625311056
text+audio_text_ln_lrh0.001_frozen_e5_s42,2637,5,0.68052,2.6637,0.0,0.00017348027017419126
text+audio_text_ln_lrh0.001_frozen_e5_s42,2638,5,1.05336,3.0809,0.0,0.00017312477781727693
text+audio_text_ln_lrh0.001_frozen_e5_s42,2639,5,0.67268,2.5254,0.0,0.0001727692854603626
text+audio_text_ln_lrh0.001_frozen_e5_s42,2640,5,1.45482,3.3485,0.0,0.0001724137931034483
text+audio_text_ln_lrh0.001_frozen_e5_s42,2641,5,0.8886,2.745,0.0,0.00017205830074653396
text+audio_text_ln_lrh0.001_frozen_e5_s42,2642,5,0.84296,3.4438,0.0,0.00017170280838961963
text+audio_text_ln_lrh0.001_frozen_e5_s42,2643,5,0.8005,2.6154,0.0,0.00017134731603270532
text+audio_text_ln_lrh0.001_frozen_e5_s42,2644,5,0.89162,1.9937,0.0,0.00017099182367579096
text+audio_text_ln_lrh0.001_frozen_e5_s42,2645,5,0.78883,2.3479,0.0,0.00017063633131887666
text+audio_text_ln_lrh0.001_frozen_e5_s42,2646,5,1.38762,3.4257,0.0,0.0001702808389619623
text+audio_text_ln_lrh0.001_frozen_e5_s42,2647,5,0.55728,3.0342,0.0,0.000169925346605048
text+audio_text_ln_lrh0.001_frozen_e5_s42,2648,5,0.77607,3.139,0.0,0.00016956985424813369
text+audio_text_ln_lrh0.001_frozen_e5_s42,2649,5,0.79886,3.1836,0.0,0.00016921436189121933
text+audio_text_ln_lrh0.001_frozen_e5_s42,2650,5,1.32296,5.1742,0.0,0.00016885886953430502
text+audio_text_ln_lrh0.001_frozen_e5_s42,2651,5,1.34764,3.7708,0.0,0.0001685033771773907
text+audio_text_ln_lrh0.001_frozen_e5_s42,2652,5,1.06506,3.5873,0.0,0.00016814788482047636
text+audio_text_ln_lrh0.001_frozen_e5_s42,2653,5,0.95965,2.8116,0.0,0.00016779239246356205
text+audio_text_ln_lrh0.001_frozen_e5_s42,2654,5,1.33274,3.1201,0.0,0.00016743690010664772
text+audio_text_ln_lrh0.001_frozen_e5_s42,2655,5,0.89261,3.101,0.0,0.0001670814077497334
text+audio_text_ln_lrh0.001_frozen_e5_s42,2656,5,1.00985,2.7727,0.0,0.00016672591539281905
text+audio_text_ln_lrh0.001_frozen_e5_s42,2657,5,1.18766,3.944,0.0,0.00016637042303590475
text+audio_text_ln_lrh0.001_frozen_e5_s42,2658,5,1.30457,4.4197,0.0,0.0001660149306789904
text+audio_text_ln_lrh0.001_frozen_e5_s42,2659,5,1.0572,2.8582,0.0,0.00016565943832207608
text+audio_text_ln_lrh0.001_frozen_e5_s42,2660,5,0.72441,2.1285,0.0,0.00016530394596516175
text+audio_text_ln_lrh0.001_frozen_e5_s42,2661,5,0.51733,2.5743,0.0,0.00016494845360824742
text+audio_text_ln_lrh0.001_frozen_e5_s42,2662,5,1.03202,2.9631,0.0,0.00016459296125133311
text+audio_text_ln_lrh0.001_frozen_e5_s42,2663,5,1.60122,5.6616,0.0,0.00016423746889441876
text+audio_text_ln_lrh0.001_frozen_e5_s42,2664,5,1.00552,2.5366,0.0,0.00016388197653750445
text+audio_text_ln_lrh0.001_frozen_e5_s42,2665,5,0.69555,2.9585,0.0,0.00016352648418059012
text+audio_text_ln_lrh0.001_frozen_e5_s42,2666,5,0.95388,2.6585,0.0,0.00016317099182367579
text+audio_text_ln_lrh0.001_frozen_e5_s42,2667,5,0.86882,2.8961,0.0,0.00016281549946676148
text+audio_text_ln_lrh0.001_frozen_e5_s42,2668,5,1.20716,2.5902,0.0,0.00016246000710984715
text+audio_text_ln_lrh0.001_frozen_e5_s42,2669,5,1.19672,2.6511,0.0,0.00016210451475293282
text+audio_text_ln_lrh0.001_frozen_e5_s42,2670,5,0.6719,2.4759,0.0,0.00016174902239601848
text+audio_text_ln_lrh0.001_frozen_e5_s42,2671,5,0.58626,2.6835,0.0,0.00016139353003910418
text+audio_text_ln_lrh0.001_frozen_e5_s42,2672,5,0.9424,2.8909,0.0,0.00016103803768218982
text+audio_text_ln_lrh0.001_frozen_e5_s42,2673,5,0.51144,3.4716,0.0,0.00016068254532527551
text+audio_text_ln_lrh0.001_frozen_e5_s42,2674,5,1.50726,3.763,0.0,0.00016032705296836118
text+audio_text_ln_lrh0.001_frozen_e5_s42,2675,5,0.7778,2.8147,0.0,0.00015997156061144685
text+audio_text_ln_lrh0.001_frozen_e5_s42,2676,5,1.07069,3.303,0.0,0.00015961606825453254
text+audio_text_ln_lrh0.001_frozen_e5_s42,2677,5,0.83723,2.8441,0.0,0.00015926057589761818
text+audio_text_ln_lrh0.001_frozen_e5_s42,2678,5,0.80901,3.9916,0.0,0.00015890508354070388
text+audio_text_ln_lrh0.001_frozen_e5_s42,2679,5,1.21967,3.349,0.0,0.00015854959118378955
text+audio_text_ln_lrh0.001_frozen_e5_s42,2680,5,1.21816,3.299,0.0,0.00015819409882687521
text+audio_text_ln_lrh0.001_frozen_e5_s42,2681,5,1.01193,2.7046,0.0,0.0001578386064699609
text+audio_text_ln_lrh0.001_frozen_e5_s42,2682,5,1.00991,2.6886,0.0,0.00015748311411304658
text+audio_text_ln_lrh0.001_frozen_e5_s42,2683,5,0.91507,2.9694,0.0,0.00015712762175613225
text+audio_text_ln_lrh0.001_frozen_e5_s42,2684,5,1.42588,4.5206,0.0,0.0001567721293992179
text+audio_text_ln_lrh0.001_frozen_e5_s42,2685,5,0.77669,4.367,0.0,0.0001564166370423036
text+audio_text_ln_lrh0.001_frozen_e5_s42,2686,5,0.94056,3.2204,0.0,0.00015606114468538925
text+audio_text_ln_lrh0.001_frozen_e5_s42,2687,5,0.63044,2.5237,0.0,0.00015570565232847494
text+audio_text_ln_lrh0.001_frozen_e5_s42,2688,5,0.93969,4.3189,0.0,0.00015535015997156064
text+audio_text_ln_lrh0.001_frozen_e5_s42,2689,5,0.85714,2.7815,0.0,0.00015499466761464628
text+audio_text_ln_lrh0.001_frozen_e5_s42,2690,5,0.45571,2.7416,0.0,0.00015463917525773197
text+audio_text_ln_lrh0.001_frozen_e5_s42,2691,5,1.50002,3.7275,0.0,0.00015428368290081761
text+audio_text_ln_lrh0.001_frozen_e5_s42,2692,5,0.86129,2.9826,0.0,0.0001539281905439033
text+audio_text_ln_lrh0.001_frozen_e5_s42,2693,5,0.85406,2.4234,0.0,0.000153572698186989
text+audio_text_ln_lrh0.001_frozen_e5_s42,2694,5,1.42068,4.2344,0.0,0.00015321720583007464
text+audio_text_ln_lrh0.001_frozen_e5_s42,2695,5,0.96855,2.6332,0.0,0.00015286171347316034
text+audio_text_ln_lrh0.001_frozen_e5_s42,2696,5,1.39044,3.8375,0.0,0.000152506221116246
text+audio_text_ln_lrh0.001_frozen_e5_s42,2697,5,1.30174,3.3066,0.0,0.00015215072875933167
text+audio_text_ln_lrh0.001_frozen_e5_s42,2698,5,1.30829,5.4855,0.0,0.00015179523640241734
text+audio_text_ln_lrh0.001_frozen_e5_s42,2699,5,0.99761,4.5673,0.0,0.00015143974404550304
text+audio_text_ln_lrh0.001_frozen_e5_s42,2700,5,1.26779,4.4421,0.0,0.0001510842516885887
text+audio_text_ln_lrh0.001_frozen_e5_s42,2701,5,1.11594,4.6213,0.0,0.00015072875933167437
text+audio_text_ln_lrh0.001_frozen_e5_s42,2702,5,1.09393,4.0199,0.0,0.00015037326697476007
text+audio_text_ln_lrh0.001_frozen_e5_s42,2703,5,1.0239,2.8962,0.0,0.0001500177746178457
text+audio_text_ln_lrh0.001_frozen_e5_s42,2704,5,0.77387,2.0645,0.0,0.0001496622822609314
text+audio_text_ln_lrh0.001_frozen_e5_s42,2705,5,1.15627,2.5141,0.0,0.00014930678990401704
text+audio_text_ln_lrh0.001_frozen_e5_s42,2706,5,0.85782,2.6981,0.0,0.00014895129754710274
text+audio_text_ln_lrh0.001_frozen_e5_s42,2707,5,1.30387,3.5367,0.0,0.00014859580519018843
text+audio_text_ln_lrh0.001_frozen_e5_s42,2708,5,1.04362,2.8265,0.0,0.00014824031283327407
text+audio_text_ln_lrh0.001_frozen_e5_s42,2709,5,0.62448,2.5485,0.0,0.00014788482047635977
text+audio_text_ln_lrh0.001_frozen_e5_s42,2710,5,0.66834,2.1443,0.0,0.00014752932811944544
text+audio_text_ln_lrh0.001_frozen_e5_s42,2711,5,0.74062,2.7209,0.0,0.0001471738357625311
text+audio_text_ln_lrh0.001_frozen_e5_s42,2712,5,0.72284,2.4927,0.0,0.00014681834340561677
text+audio_text_ln_lrh0.001_frozen_e5_s42,2713,5,1.00404,4.5497,0.0,0.00014646285104870247
text+audio_text_ln_lrh0.001_frozen_e5_s42,2714,5,1.29722,3.352,0.0,0.00014610735869178813
text+audio_text_ln_lrh0.001_frozen_e5_s42,2715,5,1.212,2.8843,0.0,0.0001457518663348738
text+audio_text_ln_lrh0.001_frozen_e5_s42,2716,5,1.17399,3.5072,0.0,0.0001453963739779595
text+audio_text_ln_lrh0.001_frozen_e5_s42,2717,5,0.91535,3.1814,0.0,0.00014504088162104514
text+audio_text_ln_lrh0.001_frozen_e5_s42,2718,5,0.8129,3.0347,0.0,0.00014468538926413083
text+audio_text_ln_lrh0.001_frozen_e5_s42,2719,5,1.44302,4.0051,0.0,0.00014432989690721647
text+audio_text_ln_lrh0.001_frozen_e5_s42,2720,5,0.92376,3.1776,0.0,0.00014397440455030217
text+audio_text_ln_lrh0.001_frozen_e5_s42,2721,5,0.66305,2.0847,0.0,0.00014361891219338786
text+audio_text_ln_lrh0.001_frozen_e5_s42,2722,5,0.92454,2.1753,0.0,0.0001432634198364735
text+audio_text_ln_lrh0.001_frozen_e5_s42,2723,5,0.79601,2.8509,0.0,0.0001429079274795592
text+audio_text_ln_lrh0.001_frozen_e5_s42,2724,5,1.46351,4.0461,0.0,0.00014255243512264486
text+audio_text_ln_lrh0.001_frozen_e5_s42,2725,5,0.96964,2.8785,0.0,0.00014219694276573053
text+audio_text_ln_lrh0.001_frozen_e5_s42,2726,5,1.00805,3.7794,0.0,0.00014184145040881623
text+audio_text_ln_lrh0.001_frozen_e5_s42,2727,5,0.70926,2.8025,0.0,0.0001414859580519019
text+audio_text_ln_lrh0.001_frozen_e5_s42,2728,5,0.69849,2.2865,0.0,0.00014113046569498756
text+audio_text_ln_lrh0.001_frozen_e5_s42,2729,5,1.31354,4.7939,0.0,0.00014077497333807323
text+audio_text_ln_lrh0.001_frozen_e5_s42,2730,5,1.34724,4.1735,0.0,0.00014041948098115893
text+audio_text_ln_lrh0.001_frozen_e5_s42,2731,5,1.53344,3.2252,0.0,0.00014006398862424457
text+audio_text_ln_lrh0.001_frozen_e5_s42,2732,5,1.10967,3.3114,0.0,0.00013970849626733026
text+audio_text_ln_lrh0.001_frozen_e5_s42,2733,5,1.02946,2.5661,0.0,0.00013935300391041593
text+audio_text_ln_lrh0.001_frozen_e5_s42,2734,5,0.84994,3.497,0.0,0.0001389975115535016
text+audio_text_ln_lrh0.001_frozen_e5_s42,2735,5,0.91671,3.3903,0.0,0.0001386420191965873
text+audio_text_ln_lrh0.001_frozen_e5_s42,2736,5,1.26026,3.8837,0.0,0.00013828652683967293
text+audio_text_ln_lrh0.001_frozen_e5_s42,2737,5,1.02921,3.2931,0.0,0.00013793103448275863
text+audio_text_ln_lrh0.001_frozen_e5_s42,2738,5,0.71551,2.8777,0.0,0.0001375755421258443
text+audio_text_ln_lrh0.001_frozen_e5_s42,2739,5,1.04029,3.9147,0.0,0.00013722004976892996
text+audio_text_ln_lrh0.001_frozen_e5_s42,2740,5,0.97634,2.538,0.0,0.00013686455741201566
text+audio_text_ln_lrh0.001_frozen_e5_s42,2741,5,0.97793,4.2321,0.0,0.00013650906505510132
text+audio_text_ln_lrh0.001_frozen_e5_s42,2742,5,0.97367,3.2015,0.0,0.000136153572698187
text+audio_text_ln_lrh0.001_frozen_e5_s42,2743,5,1.24469,3.9984,0.0,0.00013579808034127266
text+audio_text_ln_lrh0.001_frozen_e5_s42,2744,5,1.30042,4.2424,0.0,0.00013544258798435835
text+audio_text_ln_lrh0.001_frozen_e5_s42,2745,5,0.82898,3.0225,0.0,0.000135087095627444
text+audio_text_ln_lrh0.001_frozen_e5_s42,2746,5,1.08048,3.0088,0.0,0.0001347316032705297
text+audio_text_ln_lrh0.001_frozen_e5_s42,2747,5,0.99305,3.1001,0.0,0.00013437611091361538
text+audio_text_ln_lrh0.001_frozen_e5_s42,2748,5,0.90438,2.2422,0.0,0.00013402061855670103
text+audio_text_ln_lrh0.001_frozen_e5_s42,2749,5,1.0826,3.0334,0.0,0.00013366512619978672
text+audio_text_ln_lrh0.001_frozen_e5_s42,2750,5,0.76918,2.2656,0.0,0.00013330963384287236
text+audio_text_ln_lrh0.001_frozen_e5_s42,2751,5,1.13103,2.8561,0.0,0.00013295414148595806
text+audio_text_ln_lrh0.001_frozen_e5_s42,2752,5,1.15364,3.5613,0.0,0.00013259864912904372
text+audio_text_ln_lrh0.001_frozen_e5_s42,2753,5,0.73573,2.8762,0.0,0.0001322431567721294
text+audio_text_ln_lrh0.001_frozen_e5_s42,2754,5,1.269,3.2147,0.0,0.00013188766441521509
text+audio_text_ln_lrh0.001_frozen_e5_s42,2755,5,1.15478,3.771,0.0,0.00013153217205830075
text+audio_text_ln_lrh0.001_frozen_e5_s42,2756,5,1.2015,3.8503,0.0,0.00013117667970138642
text+audio_text_ln_lrh0.001_frozen_e5_s42,2757,5,1.15093,2.8134,0.0,0.0001308211873444721
text+audio_text_ln_lrh0.001_frozen_e5_s42,2758,5,0.70761,3.8412,0.0,0.00013046569498755778
text+audio_text_ln_lrh0.001_frozen_e5_s42,2759,5,0.99185,3.9562,0.0,0.00013011020263064342
text+audio_text_ln_lrh0.001_frozen_e5_s42,2760,5,0.63513,2.5533,0.0,0.00012975471027372912
text+audio_text_ln_lrh0.001_frozen_e5_s42,2761,5,1.15672,3.2685,0.0,0.00012939921791681481
text+audio_text_ln_lrh0.001_frozen_e5_s42,2762,5,1.38139,3.8149,0.0,0.00012904372555990045
text+audio_text_ln_lrh0.001_frozen_e5_s42,2763,5,0.77459,2.6871,0.0,0.00012868823320298615
text+audio_text_ln_lrh0.001_frozen_e5_s42,2764,5,1.03786,2.7403,0.0,0.0001283327408460718
text+audio_text_ln_lrh0.001_frozen_e5_s42,2765,5,0.98105,2.9226,0.0,0.00012797724848915748
text+audio_text_ln_lrh0.001_frozen_e5_s42,2766,5,0.97752,3.3269,0.0,0.00012762175613224318
text+audio_text_ln_lrh0.001_frozen_e5_s42,2767,5,0.89812,2.8917,0.0,0.00012726626377532882
text+audio_text_ln_lrh0.001_frozen_e5_s42,2768,5,1.57381,3.7604,0.0,0.00012691077141841451
text+audio_text_ln_lrh0.001_frozen_e5_s42,2769,5,1.14253,3.7429,0.0,0.00012655527906150018
text+audio_text_ln_lrh0.001_frozen_e5_s42,2770,5,1.42076,4.1801,0.0,0.00012619978670458585
text+audio_text_ln_lrh0.001_frozen_e5_s42,2771,5,0.74007,3.3894,0.0,0.00012584429434767152
text+audio_text_ln_lrh0.001_frozen_e5_s42,2772,5,1.07052,3.918,0.0,0.0001254888019907572
text+audio_text_ln_lrh0.001_frozen_e5_s42,2773,5,0.72046,3.0487,0.0,0.00012513330963384288
text+audio_text_ln_lrh0.001_frozen_e5_s42,2774,5,0.80178,2.964,0.0,0.00012477781727692855
text+audio_text_ln_lrh0.001_frozen_e5_s42,2775,5,1.23454,3.8702,0.0,0.00012442232492001422
text+audio_text_ln_lrh0.001_frozen_e5_s42,2776,5,0.56654,2.4334,0.0,0.00012406683256309988
text+audio_text_ln_lrh0.001_frozen_e5_s42,2777,5,1.0245,3.0423,0.0,0.00012371134020618558
text+audio_text_ln_lrh0.001_frozen_e5_s42,2778,5,0.46499,2.7486,0.0,0.00012335584784927125
text+audio_text_ln_lrh0.001_frozen_e5_s42,2779,5,1.56365,3.7234,0.0,0.00012300035549235691
text+audio_text_ln_lrh0.001_frozen_e5_s42,2780,5,1.25273,2.8562,0.0,0.0001226448631354426
text+audio_text_ln_lrh0.001_frozen_e5_s42,2781,5,1.29328,4.7106,0.0,0.00012228937077852828
text+audio_text_ln_lrh0.001_frozen_e5_s42,2782,5,0.84462,2.2856,0.0,0.00012193387842161393
text+audio_text_ln_lrh0.001_frozen_e5_s42,2783,5,0.86901,3.9921,0.0,0.00012157838606469961
text+audio_text_ln_lrh0.001_frozen_e5_s42,2784,5,1.05593,4.2854,0.0,0.00012122289370778529
text+audio_text_ln_lrh0.001_frozen_e5_s42,2785,5,1.36492,3.8516,0.0,0.00012086740135087096
text+audio_text_ln_lrh0.001_frozen_e5_s42,2786,5,0.79722,2.5133,0.0,0.00012051190899395663
text+audio_text_ln_lrh0.001_frozen_e5_s42,2787,5,0.92914,2.9451,0.0,0.00012015641663704231
text+audio_text_ln_lrh0.001_frozen_e5_s42,2788,5,0.72535,2.7202,0.0,0.00011980092428012798
text+audio_text_ln_lrh0.001_frozen_e5_s42,2789,5,1.50267,3.5947,0.0,0.00011944543192321365
text+audio_text_ln_lrh0.001_frozen_e5_s42,2790,5,0.86265,2.9865,0.0,0.00011908993956629933
text+audio_text_ln_lrh0.001_frozen_e5_s42,2791,5,1.06046,2.7103,0.0,0.00011873444720938501
text+audio_text_ln_lrh0.001_frozen_e5_s42,2792,5,1.05502,3.0589,0.0,0.00011837895485247068
text+audio_text_ln_lrh0.001_frozen_e5_s42,2793,5,1.01814,2.6517,0.0,0.00011802346249555634
text+audio_text_ln_lrh0.001_frozen_e5_s42,2794,5,0.88157,2.8248,0.0,0.00011766797013864202
text+audio_text_ln_lrh0.001_frozen_e5_s42,2795,5,0.97866,2.926,0.0,0.00011731247778172769
text+audio_text_ln_lrh0.001_frozen_e5_s42,2796,5,0.82204,3.2053,0.0,0.00011695698542481337
text+audio_text_ln_lrh0.001_frozen_e5_s42,2797,5,0.77311,4.1804,0.0,0.00011660149306789904
text+audio_text_ln_lrh0.001_frozen_e5_s42,2798,5,0.92285,2.4207,0.0,0.00011624600071098472
text+audio_text_ln_lrh0.001_frozen_e5_s42,2799,5,1.00859,2.8828,0.0,0.00011589050835407039
text+audio_text_ln_lrh0.001_frozen_e5_s42,2800,5,0.99394,3.3721,0.0,0.00011553501599715606
text+audio_text_ln_lrh0.001_frozen_e5_s42,2801,5,1.32307,3.8093,0.0,0.00011517952364024174
text+audio_text_ln_lrh0.001_frozen_e5_s42,2802,5,1.17659,2.8911,0.0,0.0001148240312833274
text+audio_text_ln_lrh0.001_frozen_e5_s42,2803,5,0.9567,3.5118,0.0,0.00011446853892641309
text+audio_text_ln_lrh0.001_frozen_e5_s42,2804,5,1.08559,3.4766,0.0,0.00011411304656949876
text+audio_text_ln_lrh0.001_frozen_e5_s42,2805,5,1.33298,4.0509,0.0,0.00011375755421258444
text+audio_text_ln_lrh0.001_frozen_e5_s42,2806,5,1.2523,3.2613,0.0,0.0001134020618556701
text+audio_text_ln_lrh0.001_frozen_e5_s42,2807,5,1.10461,3.4918,0.0,0.00011304656949875577
text+audio_text_ln_lrh0.001_frozen_e5_s42,2808,5,1.14339,3.1557,0.0,0.00011269107714184145
text+audio_text_ln_lrh0.001_frozen_e5_s42,2809,5,0.81219,3.2816,0.0,0.00011233558478492712
text+audio_text_ln_lrh0.001_frozen_e5_s42,2810,5,1.31317,3.1776,0.0,0.0001119800924280128
text+audio_text_ln_lrh0.001_frozen_e5_s42,2811,5,0.75428,2.131,0.0,0.00011162460007109847
text+audio_text_ln_lrh0.001_frozen_e5_s42,2812,5,0.92134,3.1639,0.0,0.00011126910771418415
text+audio_text_ln_lrh0.001_frozen_e5_s42,2813,5,0.81003,3.2207,0.0,0.00011091361535726982
text+audio_text_ln_lrh0.001_frozen_e5_s42,2814,5,1.222,3.312,0.0,0.00011055812300035549
text+audio_text_ln_lrh0.001_frozen_e5_s42,2815,5,1.67775,4.5269,0.0,0.00011020263064344117
text+audio_text_ln_lrh0.001_frozen_e5_s42,2816,5,0.7553,2.9311,0.0,0.00010984713828652685
text+audio_text_ln_lrh0.001_frozen_e5_s42,2817,5,1.17631,3.8399,0.0,0.00010949164592961252
text+audio_text_ln_lrh0.001_frozen_e5_s42,2818,5,0.96904,2.5819,0.0,0.00010913615357269818
text+audio_text_ln_lrh0.001_frozen_e5_s42,2819,5,0.47882,2.8821,0.0,0.00010878066121578387
text+audio_text_ln_lrh0.001_frozen_e5_s42,2820,5,1.37208,4.0435,0.0,0.00010842516885886953
text+audio_text_ln_lrh0.001_frozen_e5_s42,2821,5,1.26731,2.9727,0.0,0.0001080696765019552
text+audio_text_ln_lrh0.001_frozen_e5_s42,2822,5,0.96641,3.5564,0.0,0.00010771418414504088
text+audio_text_ln_lrh0.001_frozen_e5_s42,2823,5,0.88601,2.6793,0.0,0.00010735869178812656
text+audio_text_ln_lrh0.001_frozen_e5_s42,2824,5,1.39521,3.5124,0.0,0.00010700319943121223
text+audio_text_ln_lrh0.001_frozen_e5_s42,2825,5,0.94415,3.3182,0.0,0.00010664770707429791
text+audio_text_ln_lrh0.001_frozen_e5_s42,2826,5,1.25065,3.011,0.0,0.00010629221471738358
text+audio_text_ln_lrh0.001_frozen_e5_s42,2827,5,0.90545,2.4957,0.0,0.00010593672236046925
text+audio_text_ln_lrh0.001_frozen_e5_s42,2828,5,0.78791,2.9155,0.0,0.00010558123000355492
text+audio_text_ln_lrh0.001_frozen_e5_s42,2829,5,0.91458,3.2182,0.0,0.0001052257376466406
text+audio_text_ln_lrh0.001_frozen_e5_s42,2830,5,1.16135,3.1828,0.0,0.00010487024528972628
text+audio_text_ln_lrh0.001_frozen_e5_s42,2831,5,1.01923,3.0658,0.0,0.00010451475293281195
text+audio_text_ln_lrh0.001_frozen_e5_s42,2832,5,1.29376,3.1041,0.0,0.00010415926057589763
text+audio_text_ln_lrh0.001_frozen_e5_s42,2833,5,1.04318,3.7891,0.0,0.0001038037682189833
text+audio_text_ln_lrh0.001_frozen_e5_s42,2834,5,0.97336,2.6625,0.0,0.00010344827586206896
text+audio_text_ln_lrh0.001_frozen_e5_s42,2835,5,0.59899,2.4972,0.0,0.00010309278350515463
text+audio_text_ln_lrh0.001_frozen_e5_s42,2836,5,0.86548,2.8778,0.0,0.00010273729114824033
text+audio_text_ln_lrh0.001_frozen_e5_s42,2837,5,1.08078,3.4994,0.0,0.00010238179879132599
text+audio_text_ln_lrh0.001_frozen_e5_s42,2838,5,0.75792,3.625,0.0,0.00010202630643441166
text+audio_text_ln_lrh0.001_frozen_e5_s42,2839,5,1.25758,4.2901,0.0,0.00010167081407749734
text+audio_text_ln_lrh0.001_frozen_e5_s42,2840,5,1.00016,2.7232,0.0,0.00010131532172058301
text+audio_text_ln_lrh0.001_frozen_e5_s42,2841,5,1.01554,2.435,0.0,0.00010095982936366868
text+audio_text_ln_lrh0.001_frozen_e5_s42,2842,5,0.74656,3.8147,0.0,0.00010060433700675435
text+audio_text_ln_lrh0.001_frozen_e5_s42,2843,5,1.10937,3.0005,0.0,0.00010024884464984004
text+audio_text_ln_lrh0.001_frozen_e5_s42,2844,5,1.19727,2.9272,0.0,9.989335229292571e-05
text+audio_text_ln_lrh0.001_frozen_e5_s42,2845,5,1.33982,3.0178,0.0,9.953785993601138e-05
text+audio_text_ln_lrh0.001_frozen_e5_s42,2846,5,0.6957,2.2134,0.0,9.918236757909706e-05
text+audio_text_ln_lrh0.001_frozen_e5_s42,2847,5,0.70821,3.8797,0.0,9.882687522218272e-05
text+audio_text_ln_lrh0.001_frozen_e5_s42,2848,5,0.74191,3.2376,0.0,9.847138286526839e-05
text+audio_text_ln_lrh0.001_frozen_e5_s42,2849,5,0.8146,4.017,0.0,9.811589050835406e-05
text+audio_text_ln_lrh0.001_frozen_e5_s42,2850,5,1.12751,2.9581,0.0,9.776039815143975e-05
text+audio_text_ln_lrh0.001_frozen_e5_s42,2851,5,1.28947,4.0688,0.0,9.740490579452542e-05
text+audio_text_ln_lrh0.001_frozen_e5_s42,2852,5,1.59826,4.9056,0.0,9.704941343761109e-05
text+audio_text_ln_lrh0.001_frozen_e5_s42,2853,5,1.22096,4.265,0.0,9.669392108069677e-05
text+audio_text_ln_lrh0.001_frozen_e5_s42,2854,5,1.20518,3.8754,0.0,9.633842872378244e-05
text+audio_text_ln_lrh0.001_frozen_e5_s42,2855,5,1.11423,3.7779,0.0,9.598293636686811e-05
text+audio_text_ln_lrh0.001_frozen_e5_s42,2856,5,1.50605,4.0288,0.0,9.562744400995379e-05
text+audio_text_ln_lrh0.001_frozen_e5_s42,2857,5,1.13472,3.4754,0.0,9.527195165303947e-05
text+audio_text_ln_lrh0.001_frozen_e5_s42,2858,5,1.15485,2.8901,0.0,9.491645929612514e-05
text+audio_text_ln_lrh0.001_frozen_e5_s42,2859,5,1.14508,3.2796,0.0,9.45609669392108e-05
text+audio_text_ln_lrh0.001_frozen_e5_s42,2860,5,1.03486,2.7676,0.0,9.420547458229649e-05
text+audio_text_ln_lrh0.001_frozen_e5_s42,2861,5,1.12107,4.191,0.0,9.384998222538215e-05
text+audio_text_ln_lrh0.001_frozen_e5_s42,2862,5,0.9527,3.1106,0.0,9.349448986846782e-05
text+audio_text_ln_lrh0.001_frozen_e5_s42,2863,5,1.21335,4.4376,0.0,9.31389975115535e-05
text+audio_text_ln_lrh0.001_frozen_e5_s42,2864,5,1.21793,5.2874,0.0,9.278350515463918e-05
text+audio_text_ln_lrh0.001_frozen_e5_s42,2865,5,0.79009,2.6067,0.0,9.242801279772485e-05
text+audio_text_ln_lrh0.001_frozen_e5_s42,2866,5,0.88511,2.5417,0.0,9.207252044081052e-05
text+audio_text_ln_lrh0.001_frozen_e5_s42,2867,5,0.84481,2.634,0.0,9.17170280838962e-05
text+audio_text_ln_lrh0.001_frozen_e5_s42,2868,5,1.38953,3.4705,0.0,9.136153572698187e-05
text+audio_text_ln_lrh0.001_frozen_e5_s42,2869,5,0.69342,2.5175,0.0,9.100604337006754e-05
text+audio_text_ln_lrh0.001_frozen_e5_s42,2870,5,0.76599,2.9565,0.0,9.065055101315322e-05
text+audio_text_ln_lrh0.001_frozen_e5_s42,2871,5,0.71555,2.4321,0.0,9.02950586562389e-05
text+audio_text_ln_lrh0.001_frozen_e5_s42,2872,5,1.45655,4.8669,0.0,8.993956629932457e-05
text+audio_text_ln_lrh0.001_frozen_e5_s42,2873,5,0.95522,4.037,0.0,8.958407394241023e-05
text+audio_text_ln_lrh0.001_frozen_e5_s42,2874,5,1.34036,4.998,0.0,8.922858158549592e-05
text+audio_text_ln_lrh0.001_frozen_e5_s42,2875,5,0.87072,4.4833,0.0,8.887308922858158e-05
text+audio_text_ln_lrh0.001_frozen_e5_s42,2876,5,0.71942,3.9823,0.0,8.851759687166726e-05
text+audio_text_ln_lrh0.001_frozen_e5_s42,2877,5,1.71899,5.2344,0.0,8.816210451475295e-05
text+audio_text_ln_lrh0.001_frozen_e5_s42,2878,5,0.65659,2.6297,0.0,8.780661215783861e-05
text+audio_text_ln_lrh0.001_frozen_e5_s42,2879,5,0.85733,3.3837,0.0,8.745111980092428e-05
text+audio_text_ln_lrh0.001_frozen_e5_s42,2880,5,0.94732,2.4898,0.0,8.709562744400995e-05
text+audio_text_ln_lrh0.001_frozen_e5_s42,2881,5,0.86377,3.257,0.0,8.674013508709563e-05
text+audio_text_ln_lrh0.001_frozen_e5_s42,2882,5,0.73338,3.0164,0.0,8.63846427301813e-05
text+audio_text_ln_lrh0.001_frozen_e5_s42,2883,5,1.01439,3.078,0.0,8.602915037326698e-05
text+audio_text_ln_lrh0.001_frozen_e5_s42,2884,5,1.34036,3.3779,0.0,8.567365801635266e-05
text+audio_text_ln_lrh0.001_frozen_e5_s42,2885,5,0.67812,2.207,0.0,8.531816565943833e-05
text+audio_text_ln_lrh0.001_frozen_e5_s42,2886,5,0.82908,2.7373,0.0,8.4962673302524e-05
text+audio_text_ln_lrh0.001_frozen_e5_s42,2887,5,0.54888,2.9365,0.0,8.460718094560966e-05
text+audio_text_ln_lrh0.001_frozen_e5_s42,2888,5,0.80664,3.0213,0.0,8.425168858869534e-05
text+audio_text_ln_lrh0.001_frozen_e5_s42,2889,5,1.09002,3.1103,0.0,8.389619623178103e-05
text+audio_text_ln_lrh0.001_frozen_e5_s42,2890,5,0.76386,2.2623,0.0,8.35407038748667e-05
text+audio_text_ln_lrh0.001_frozen_e5_s42,2891,5,1.58858,4.5861,0.0,8.318521151795237e-05
text+audio_text_ln_lrh0.001_frozen_e5_s42,2892,5,0.85358,2.9664,0.0,8.282971916103804e-05
text+audio_text_ln_lrh0.001_frozen_e5_s42,2893,5,1.44536,4.6552,0.0,8.247422680412371e-05
text+audio_text_ln_lrh0.001_frozen_e5_s42,2894,5,1.2179,3.7947,0.0,8.211873444720938e-05
text+audio_text_ln_lrh0.001_frozen_e5_s42,2895,5,1.4923,5.6627,0.0,8.176324209029506e-05
text+audio_text_ln_lrh0.001_frozen_e5_s42,2896,5,0.91433,2.6133,0.0,8.140774973338074e-05
text+audio_text_ln_lrh0.001_frozen_e5_s42,2897,5,0.71274,3.2987,0.0,8.105225737646641e-05
text+audio_text_ln_lrh0.001_frozen_e5_s42,2898,5,1.32058,4.0021,0.0,8.069676501955209e-05
text+audio_text_ln_lrh0.001_frozen_e5_s42,2899,5,0.97272,3.2791,0.0,8.034127266263776e-05
text+audio_text_ln_lrh0.001_frozen_e5_s42,2900,5,0.80197,3.4864,0.0,7.998578030572342e-05
text+audio_text_ln_lrh0.001_frozen_e5_s42,2901,5,1.07609,3.9548,0.0,7.963028794880909e-05
text+audio_text_ln_lrh0.001_frozen_e5_s42,2902,5,1.16799,3.7905,0.0,7.927479559189477e-05
text+audio_text_ln_lrh0.001_frozen_e5_s42,2903,5,0.93193,3.3442,0.0,7.891930323498045e-05
text+audio_text_ln_lrh0.001_frozen_e5_s42,2904,5,0.71183,2.8732,0.0,7.856381087806612e-05
text+audio_text_ln_lrh0.001_frozen_e5_s42,2905,5,1.08212,2.8007,0.0,7.82083185211518e-05
text+audio_text_ln_lrh0.001_frozen_e5_s42,2906,5,1.09881,3.0713,0.0,7.785282616423747e-05
text+audio_text_ln_lrh0.001_frozen_e5_s42,2907,5,1.50402,4.6679,0.0,7.749733380732314e-05
text+audio_text_ln_lrh0.001_frozen_e5_s42,2908,5,1.4714,4.8135,0.0,7.714184145040881e-05
text+audio_text_ln_lrh0.001_frozen_e5_s42,2909,5,1.00752,3.5863,0.0,7.67863490934945e-05
text+audio_text_ln_lrh0.001_frozen_e5_s42,2910,5,0.93377,2.9584,0.0,7.643085673658017e-05
text+audio_text_ln_lrh0.001_frozen_e5_s42,2911,5,1.1102,2.8673,0.0,7.607536437966584e-05
text+audio_text_ln_lrh0.001_frozen_e5_s42,2912,5,1.21528,3.3232,0.0,7.571987202275152e-05
text+audio_text_ln_lrh0.001_frozen_e5_s42,2913,5,0.88628,3.3853,0.0,7.536437966583719e-05
text+audio_text_ln_lrh0.001_frozen_e5_s42,2914,5,1.13682,3.4531,0.0,7.500888730892285e-05
text+audio_text_ln_lrh0.001_frozen_e5_s42,2915,5,1.17595,4.3496,0.0,7.465339495200852e-05
text+audio_text_ln_lrh0.001_frozen_e5_s42,2916,5,1.05568,2.703,0.0,7.429790259509422e-05
text+audio_text_ln_lrh0.001_frozen_e5_s42,2917,5,0.87351,2.9751,0.0,7.394241023817988e-05
text+audio_text_ln_lrh0.001_frozen_e5_s42,2918,5,1.1335,3.2887,0.0,7.358691788126555e-05
text+audio_text_ln_lrh0.001_frozen_e5_s42,2919,5,1.01965,3.3858,0.0,7.323142552435123e-05
text+audio_text_ln_lrh0.001_frozen_e5_s42,2920,5,1.10747,3.1671,0.0,7.28759331674369e-05
text+audio_text_ln_lrh0.001_frozen_e5_s42,2921,5,1.06844,3.2701,0.0,7.252044081052257e-05
text+audio_text_ln_lrh0.001_frozen_e5_s42,2922,5,0.98262,3.102,0.0,7.216494845360824e-05
text+audio_text_ln_lrh0.001_frozen_e5_s42,2923,5,1.41153,3.6001,0.0,7.180945609669393e-05
text+audio_text_ln_lrh0.001_frozen_e5_s42,2924,5,1.36928,3.2442,0.0,7.14539637397796e-05
text+audio_text_ln_lrh0.001_frozen_e5_s42,2925,5,0.94336,3.63,0.0,7.109847138286527e-05
text+audio_text_ln_lrh0.001_frozen_e5_s42,2926,5,1.0169,4.7567,0.0,7.074297902595095e-05
text+audio_text_ln_lrh0.001_frozen_e5_s42,2927,5,1.00195,3.1647,0.0,7.038748666903662e-05
text+audio_text_ln_lrh0.001_frozen_e5_s42,2928,5,0.85555,3.0306,0.0,7.003199431212228e-05
text+audio_text_ln_lrh0.001_frozen_e5_s42,2929,5,1.48961,3.304,0.0,6.967650195520796e-05
text+audio_text_ln_lrh0.001_frozen_e5_s42,2930,5,0.59453,2.4791,0.0,6.932100959829365e-05
text+audio_text_ln_lrh0.001_frozen_e5_s42,2931,5,0.92736,3.1093,0.0,6.896551724137931e-05
text+audio_text_ln_lrh0.001_frozen_e5_s42,2932,5,1.3225,2.6343,0.0,6.861002488446498e-05
text+audio_text_ln_lrh0.001_frozen_e5_s42,2933,5,0.72425,2.6505,0.0,6.825453252755066e-05
text+audio_text_ln_lrh0.001_frozen_e5_s42,2934,5,1.02559,3.2208,0.0,6.789904017063633e-05
text+audio_text_ln_lrh0.001_frozen_e5_s42,2935,5,0.75121,3.2649,0.0,6.7543547813722e-05
text+audio_text_ln_lrh0.001_frozen_e5_s42,2936,5,0.97175,3.4818,0.0,6.718805545680769e-05
text+audio_text_ln_lrh0.001_frozen_e5_s42,2937,5,0.8615,2.3644,0.0,6.683256309989336e-05
text+audio_text_ln_lrh0.001_frozen_e5_s42,2938,5,1.14154,2.6626,0.0,6.647707074297903e-05
text+audio_text_ln_lrh0.001_frozen_e5_s42,2939,5,0.96964,4.0494,0.0,6.61215783860647e-05
text+audio_text_ln_lrh0.001_frozen_e5_s42,2940,5,0.88204,2.4594,0.0,6.576608602915038e-05
text+audio_text_ln_lrh0.001_frozen_e5_s42,2941,5,0.92897,3.6008,0.0,6.541059367223604e-05
text+audio_text_ln_lrh0.001_frozen_e5_s42,2942,5,0.84301,3.7553,0.0,6.505510131532171e-05
text+audio_text_ln_lrh0.001_frozen_e5_s42,2943,5,0.84721,2.416,0.0,6.469960895840741e-05
text+audio_text_ln_lrh0.001_frozen_e5_s42,2944,5,1.20254,4.0286,0.0,6.434411660149307e-05
text+audio_text_ln_lrh0.001_frozen_e5_s42,2945,5,0.92955,2.6171,0.0,6.398862424457874e-05
text+audio_text_ln_lrh0.001_frozen_e5_s42,2946,5,1.01558,3.0555,0.0,6.363313188766441e-05
text+audio_text_ln_lrh0.001_frozen_e5_s42,2947,5,0.99156,3.6991,0.0,6.327763953075009e-05
text+audio_text_ln_lrh0.001_frozen_e5_s42,2948,5,1.30088,3.1647,0.0,6.292214717383576e-05
text+audio_text_ln_lrh0.001_frozen_e5_s42,2949,5,1.08822,4.274,0.0,6.256665481692144e-05
text+audio_text_ln_lrh0.001_frozen_e5_s42,2950,5,0.82658,3.1954,0.0,6.221116246000711e-05
text+audio_text_ln_lrh0.001_frozen_e5_s42,2951,5,1.29391,2.9336,0.0,6.185567010309279e-05
text+audio_text_ln_lrh0.001_frozen_e5_s42,2952,5,0.67467,2.2437,0.0,6.150017774617846e-05
text+audio_text_ln_lrh0.001_frozen_e5_s42,2953,5,1.13806,2.3625,0.0,6.114468538926414e-05
text+audio_text_ln_lrh0.001_frozen_e5_s42,2954,5,1.17366,3.3757,0.0,6.0789193032349806e-05
text+audio_text_ln_lrh0.001_frozen_e5_s42,2955,5,0.8997,2.6336,0.0,6.043370067543548e-05
text+audio_text_ln_lrh0.001_frozen_e5_s42,2956,5,0.47998,3.1471,0.0,6.0078208318521155e-05
text+audio_text_ln_lrh0.001_frozen_e5_s42,2957,5,0.95151,4.6054,0.0,5.972271596160682e-05
text+audio_text_ln_lrh0.001_frozen_e5_s42,2958,5,1.03631,4.8396,0.0,5.9367223604692504e-05
text+audio_text_ln_lrh0.001_frozen_e5_s42,2959,5,1.10221,3.1692,0.0,5.901173124777817e-05
text+audio_text_ln_lrh0.001_frozen_e5_s42,2960,5,1.06967,3.3899,0.0,5.8656238890863846e-05
text+audio_text_ln_lrh0.001_frozen_e5_s42,2961,5,1.11943,3.3744,0.0,5.830074653394952e-05
text+audio_text_ln_lrh0.001_frozen_e5_s42,2962,5,1.06912,2.6569,0.0,5.7945254177035195e-05
text+audio_text_ln_lrh0.001_frozen_e5_s42,2963,5,1.1466,3.4254,0.0,5.758976182012087e-05
text+audio_text_ln_lrh0.001_frozen_e5_s42,2964,5,0.9709,2.7994,0.0,5.7234269463206544e-05
text+audio_text_ln_lrh0.001_frozen_e5_s42,2965,5,0.8774,3.3255,0.0,5.687877710629222e-05
text+audio_text_ln_lrh0.001_frozen_e5_s42,2966,5,1.01816,2.889,0.0,5.6523284749377886e-05
text+audio_text_ln_lrh0.001_frozen_e5_s42,2967,5,1.12538,2.5622,0.0,5.616779239246356e-05
text+audio_text_ln_lrh0.001_frozen_e5_s42,2968,5,0.80774,2.548,0.0,5.5812300035549235e-05
text+audio_text_ln_lrh0.001_frozen_e5_s42,2969,5,1.5772,5.6191,0.0,5.545680767863491e-05
text+audio_text_ln_lrh0.001_frozen_e5_s42,2970,5,1.47504,3.3393,0.0,5.5101315321720584e-05
text+audio_text_ln_lrh0.001_frozen_e5_s42,2971,5,1.0003,2.4592,0.0,5.474582296480626e-05
text+audio_text_ln_lrh0.001_frozen_e5_s42,2972,5,0.92243,3.3797,0.0,5.439033060789193e-05
text+audio_text_ln_lrh0.001_frozen_e5_s42,2973,5,0.86722,4.2213,0.0,5.40348382509776e-05
text+audio_text_ln_lrh0.001_frozen_e5_s42,2974,5,1.34922,5.5812,0.0,5.367934589406328e-05
text+audio_text_ln_lrh0.001_frozen_e5_s42,2975,5,1.18008,3.6039,0.0,5.3323853537148956e-05
text+audio_text_ln_lrh0.001_frozen_e5_s42,2976,5,1.50717,4.4533,0.0,5.2968361180234624e-05
text+audio_text_ln_lrh0.001_frozen_e5_s42,2977,5,1.01556,3.6886,0.0,5.26128688233203e-05
text+audio_text_ln_lrh0.001_frozen_e5_s42,2978,5,1.03498,4.0292,0.0,5.225737646640597e-05
text+audio_text_ln_lrh0.001_frozen_e5_s42,2979,5,1.11207,3.4629,0.0,5.190188410949165e-05
text+audio_text_ln_lrh0.001_frozen_e5_s42,2980,5,1.06516,2.6655,0.0,5.1546391752577315e-05
text+audio_text_ln_lrh0.001_frozen_e5_s42,2981,5,0.95642,2.8133,0.0,5.1190899395662997e-05
text+audio_text_ln_lrh0.001_frozen_e5_s42,2982,5,0.897,2.8774,0.0,5.083540703874867e-05
text+audio_text_ln_lrh0.001_frozen_e5_s42,2983,5,1.10392,3.5983,0.0,5.047991468183434e-05
text+audio_text_ln_lrh0.001_frozen_e5_s42,2984,5,1.15017,4.1908,0.0,5.012442232492002e-05
text+audio_text_ln_lrh0.001_frozen_e5_s42,2985,5,1.00642,2.7556,0.0,4.976892996800569e-05
text+audio_text_ln_lrh0.001_frozen_e5_s42,2986,5,0.73378,2.4275,0.0,4.941343761109136e-05
text+audio_text_ln_lrh0.001_frozen_e5_s42,2987,5,1.37368,3.2432,0.0,4.905794525417703e-05
text+audio_text_ln_lrh0.001_frozen_e5_s42,2988,5,1.27383,2.9513,0.0,4.870245289726271e-05
text+audio_text_ln_lrh0.001_frozen_e5_s42,2989,5,1.23554,3.844,0.0,4.8346960540348386e-05
text+audio_text_ln_lrh0.001_frozen_e5_s42,2990,5,0.81041,3.3113,0.0,4.7991468183434053e-05
text+audio_text_ln_lrh0.001_frozen_e5_s42,2991,5,0.90897,2.6068,0.0,4.7635975826519735e-05
text+audio_text_ln_lrh0.001_frozen_e5_s42,2992,5,1.47819,4.1941,0.0,4.72804834696054e-05
text+audio_text_ln_lrh0.001_frozen_e5_s42,2993,5,0.89532,3.2411,0.0,4.692499111269108e-05
text+audio_text_ln_lrh0.001_frozen_e5_s42,2994,5,0.9896,3.2607,0.0,4.656949875577675e-05
text+audio_text_ln_lrh0.001_frozen_e5_s42,2995,5,1.13244,3.4949,0.0,4.6214006398862426e-05
text+audio_text_ln_lrh0.001_frozen_e5_s42,2996,5,0.90929,2.6805,0.0,4.58585140419481e-05
text+audio_text_ln_lrh0.001_frozen_e5_s42,2997,5,1.26418,3.5673,0.0,4.550302168503377e-05
text+audio_text_ln_lrh0.001_frozen_e5_s42,2998,5,1.12304,2.7473,0.0,4.514752932811945e-05
text+audio_text_ln_lrh0.001_frozen_e5_s42,2999,5,1.0317,4.2275,0.0,4.479203697120512e-05
text+audio_text_ln_lrh0.001_frozen_e5_s42,3000,5,1.22505,2.7112,0.0,4.443654461429079e-05
text+audio_text_ln_lrh0.001_frozen_e5_s42,3001,5,1.06263,3.7937,0.0,4.408105225737647e-05
text+audio_text_ln_lrh0.001_frozen_e5_s42,3002,5,0.98665,4.7633,0.0,4.372555990046214e-05
text+audio_text_ln_lrh0.001_frozen_e5_s42,3003,5,0.64962,2.828,0.0,4.3370067543547815e-05
text+audio_text_ln_lrh0.001_frozen_e5_s42,3004,5,1.03772,3.2949,0.0,4.301457518663349e-05
text+audio_text_ln_lrh0.001_frozen_e5_s42,3005,5,1.08341,3.4784,0.0,4.2659082829719164e-05
text+audio_text_ln_lrh0.001_frozen_e5_s42,3006,5,0.84386,2.8034,0.0,4.230359047280483e-05
text+audio_text_ln_lrh0.001_frozen_e5_s42,3007,5,1.35466,3.2456,0.0,4.194809811589051e-05
text+audio_text_ln_lrh0.001_frozen_e5_s42,3008,5,1.31956,3.3717,0.0,4.159260575897619e-05
text+audio_text_ln_lrh0.001_frozen_e5_s42,3009,5,1.0662,3.3765,0.0,4.1237113402061855e-05
text+audio_text_ln_lrh0.001_frozen_e5_s42,3010,5,0.93608,3.0317,0.0,4.088162104514753e-05
text+audio_text_ln_lrh0.001_frozen_e5_s42,3011,5,1.31381,3.5941,0.0,4.0526128688233204e-05
text+audio_text_ln_lrh0.001_frozen_e5_s42,3012,5,1.13223,2.8711,0.0,4.017063633131888e-05
text+audio_text_ln_lrh0.001_frozen_e5_s42,3013,5,1.13458,3.502,0.0,3.9815143974404546e-05
text+audio_text_ln_lrh0.001_frozen_e5_s42,3014,5,1.04577,2.7042,0.0,3.945965161749023e-05
text+audio_text_ln_lrh0.001_frozen_e5_s42,3015,5,0.98335,4.0832,0.0,3.91041592605759e-05
text+audio_text_ln_lrh0.001_frozen_e5_s42,3016,5,1.09509,3.9244,0.0,3.874866690366157e-05
text+audio_text_ln_lrh0.001_frozen_e5_s42,3017,5,1.05596,3.5334,0.0,3.839317454674725e-05
text+audio_text_ln_lrh0.001_frozen_e5_s42,3018,5,0.9229,2.7044,0.0,3.803768218983292e-05
text+audio_text_ln_lrh0.001_frozen_e5_s42,3019,5,0.75273,2.7213,0.0,3.768218983291859e-05
text+audio_text_ln_lrh0.001_frozen_e5_s42,3020,5,1.06773,2.9604,0.0,3.732669747600426e-05
text+audio_text_ln_lrh0.001_frozen_e5_s42,3021,5,0.92454,2.8995,0.0,3.697120511908994e-05
text+audio_text_ln_lrh0.001_frozen_e5_s42,3022,5,0.92611,2.2385,0.0,3.6615712762175616e-05
text+audio_text_ln_lrh0.001_frozen_e5_s42,3023,5,0.74256,3.337,0.0,3.6260220405261284e-05
text+audio_text_ln_lrh0.001_frozen_e5_s42,3024,5,1.28426,4.0001,0.0,3.5904728048346965e-05
text+audio_text_ln_lrh0.001_frozen_e5_s42,3025,5,1.41511,3.223,0.0,3.554923569143263e-05
text+audio_text_ln_lrh0.001_frozen_e5_s42,3026,5,0.80193,2.5259,0.0,3.519374333451831e-05
text+audio_text_ln_lrh0.001_frozen_e5_s42,3027,5,1.20373,3.8252,0.0,3.483825097760398e-05
text+audio_text_ln_lrh0.001_frozen_e5_s42,3028,5,1.28648,3.9743,0.0,3.4482758620689657e-05
text+audio_text_ln_lrh0.001_frozen_e5_s42,3029,5,0.90729,2.7512,0.0,3.412726626377533e-05
text+audio_text_ln_lrh0.001_frozen_e5_s42,3030,5,1.28313,5.1138,0.0,3.3771773906861e-05
text+audio_text_ln_lrh0.001_frozen_e5_s42,3031,5,1.14325,4.8693,0.0,3.341628154994668e-05
text+audio_text_ln_lrh0.001_frozen_e5_s42,3032,5,1.40275,4.0429,0.0,3.306078919303235e-05
text+audio_text_ln_lrh0.001_frozen_e5_s42,3033,5,1.159,3.6894,0.0,3.270529683611802e-05
text+audio_text_ln_lrh0.001_frozen_e5_s42,3034,5,0.84019,2.4871,0.0,3.2349804479203703e-05
text+audio_text_ln_lrh0.001_frozen_e5_s42,3035,5,1.36057,3.1606,0.0,3.199431212228937e-05
text+audio_text_ln_lrh0.001_frozen_e5_s42,3036,5,0.98471,3.0895,0.0,3.1638819765375046e-05
text+audio_text_ln_lrh0.001_frozen_e5_s42,3037,5,0.96694,2.8582,0.0,3.128332740846072e-05
text+audio_text_ln_lrh0.001_frozen_e5_s42,3038,5,0.8585,3.2564,0.0,3.0927835051546395e-05
text+audio_text_ln_lrh0.001_frozen_e5_s42,3039,5,1.04565,2.6309,0.0,3.057234269463207e-05
text+audio_text_ln_lrh0.001_frozen_e5_s42,3040,5,1.2271,3.694,0.0,3.021685033771774e-05
text+audio_text_ln_lrh0.001_frozen_e5_s42,3041,5,1.08508,3.4637,0.0,2.986135798080341e-05
text+audio_text_ln_lrh0.001_frozen_e5_s42,3042,5,1.12117,3.3303,0.0,2.9505865623889086e-05
text+audio_text_ln_lrh0.001_frozen_e5_s42,3043,5,0.19565,2.3648,0.0,2.915037326697476e-05
text+audio_text_ln_lrh0.001_frozen_e5_s42,3044,5,1.20082,4.3812,0.0,2.8794880910060435e-05
text+audio_text_ln_lrh0.001_frozen_e5_s42,3045,5,0.75237,3.633,0.0,2.843938855314611e-05
text+audio_text_ln_lrh0.001_frozen_e5_s42,3046,5,1.23677,3.8443,0.0,2.808389619623178e-05
text+audio_text_ln_lrh0.001_frozen_e5_s42,3047,5,1.07041,3.9368,0.0,2.7728403839317455e-05
text+audio_text_ln_lrh0.001_frozen_e5_s42,3048,5,0.70876,2.838,0.0,2.737291148240313e-05
text+audio_text_ln_lrh0.001_frozen_e5_s42,3049,5,0.73682,3.3056,0.0,2.70174191254888e-05
text+audio_text_ln_lrh0.001_frozen_e5_s42,3050,5,1.07979,4.0433,0.0,2.6661926768574478e-05
text+audio_text_ln_lrh0.001_frozen_e5_s42,3051,5,0.60706,2.7528,0.0,2.630643441166015e-05
text+audio_text_ln_lrh0.001_frozen_e5_s42,3052,5,0.70618,3.2084,0.0,2.5950942054745824e-05
text+audio_text_ln_lrh0.001_frozen_e5_s42,3053,5,1.05388,3.3824,0.0,2.5595449697831498e-05
text+audio_text_ln_lrh0.001_frozen_e5_s42,3054,5,0.71853,3.7698,0.0,2.523995734091717e-05
text+audio_text_ln_lrh0.001_frozen_e5_s42,3055,5,1.58753,4.7008,0.0,2.4884464984002844e-05
text+audio_text_ln_lrh0.001_frozen_e5_s42,3056,5,0.8138,2.3862,0.0,2.4528972627088515e-05
text+audio_text_ln_lrh0.001_frozen_e5_s42,3057,5,1.30862,3.3692,0.0,2.4173480270174193e-05
text+audio_text_ln_lrh0.001_frozen_e5_s42,3058,5,1.03147,2.88,0.0,2.3817987913259867e-05
text+audio_text_ln_lrh0.001_frozen_e5_s42,3059,5,0.93512,3.6053,0.0,2.346249555634554e-05
text+audio_text_ln_lrh0.001_frozen_e5_s42,3060,5,0.88309,3.2804,0.0,2.3107003199431213e-05
text+audio_text_ln_lrh0.001_frozen_e5_s42,3061,5,0.74836,3.4651,0.0,2.2751510842516884e-05
text+audio_text_ln_lrh0.001_frozen_e5_s42,3062,5,1.05076,3.1979,0.0,2.239601848560256e-05
text+audio_text_ln_lrh0.001_frozen_e5_s42,3063,5,1.17084,3.498,0.0,2.2040526128688236e-05
text+audio_text_ln_lrh0.001_frozen_e5_s42,3064,5,1.23135,4.4082,0.0,2.1685033771773907e-05
text+audio_text_ln_lrh0.001_frozen_e5_s42,3065,5,1.37393,3.1666,0.0,2.1329541414859582e-05
text+audio_text_ln_lrh0.001_frozen_e5_s42,3066,5,0.78221,2.9201,0.0,2.0974049057945256e-05
text+audio_text_ln_lrh0.001_frozen_e5_s42,3067,5,1.00904,2.987,0.0,2.0618556701030927e-05
text+audio_text_ln_lrh0.001_frozen_e5_s42,3068,5,1.70927,3.6536,0.0,2.0263064344116602e-05
text+audio_text_ln_lrh0.001_frozen_e5_s42,3069,5,0.56854,3.244,0.0,1.9907571987202273e-05
text+audio_text_ln_lrh0.001_frozen_e5_s42,3070,5,0.90318,2.6912,0.0,1.955207963028795e-05
text+audio_text_ln_lrh0.001_frozen_e5_s42,3071,5,1.15632,4.2392,0.0,1.9196587273373625e-05
text+audio_text_ln_lrh0.001_frozen_e5_s42,3072,5,1.01031,3.16,0.0,1.8841094916459297e-05
text+audio_text_ln_lrh0.001_frozen_e5_s42,3073,5,0.72952,2.7846,0.0,1.848560255954497e-05
text+audio_text_ln_lrh0.001_frozen_e5_s42,3074,5,0.74713,2.88,0.0,1.8130110202630642e-05
text+audio_text_ln_lrh0.001_frozen_e5_s42,3075,5,0.55893,2.3665,0.0,1.7774617845716317e-05
text+audio_text_ln_lrh0.001_frozen_e5_s42,3076,5,0.89473,2.6446,0.0,1.741912548880199e-05
text+audio_text_ln_lrh0.001_frozen_e5_s42,3077,5,0.91218,2.6403,0.0,1.7063633131887666e-05
text+audio_text_ln_lrh0.001_frozen_e5_s42,3078,5,0.80221,2.4054,0.0,1.670814077497334e-05
text+audio_text_ln_lrh0.001_frozen_e5_s42,3079,5,1.48308,5.6256,0.0,1.635264841805901e-05
text+audio_text_ln_lrh0.001_frozen_e5_s42,3080,5,1.03534,3.422,0.0,1.5997156061144686e-05
text+audio_text_ln_lrh0.001_frozen_e5_s42,3081,5,1.10941,5.2021,0.0,1.564166370423036e-05
text+audio_text_ln_lrh0.001_frozen_e5_s42,3082,5,1.0429,3.7943,0.0,1.5286171347316035e-05
text+audio_text_ln_lrh0.001_frozen_e5_s42,3083,5,1.02987,2.9149,0.0,1.4930678990401706e-05
text+audio_text_ln_lrh0.001_frozen_e5_s42,3084,5,1.25239,3.4048,0.0,1.457518663348738e-05
text+audio_text_ln_lrh0.001_frozen_e5_s42,3085,5,0.87321,2.5208,0.0,1.4219694276573055e-05
text+audio_text_ln_lrh0.001_frozen_e5_s42,3086,5,1.20029,3.7084,0.0,1.3864201919658727e-05
text+audio_text_ln_lrh0.001_frozen_e5_s42,3087,5,1.7075,4.6752,0.0,1.35087095627444e-05
text+audio_text_ln_lrh0.001_frozen_e5_s42,3088,5,1.10044,3.4366,0.0,1.3153217205830075e-05
text+audio_text_ln_lrh0.001_frozen_e5_s42,3089,5,1.09342,3.0424,0.0,1.2797724848915749e-05
text+audio_text_ln_lrh0.001_frozen_e5_s42,3090,5,1.07038,3.6698,0.0,1.2442232492001422e-05
text+audio_text_ln_lrh0.001_frozen_e5_s42,3091,5,0.94292,2.5877,0.0,1.2086740135087096e-05
text+audio_text_ln_lrh0.001_frozen_e5_s42,3092,5,1.65372,4.2995,0.0,1.173124777817277e-05
text+audio_text_ln_lrh0.001_frozen_e5_s42,3093,5,0.68628,2.9446,0.0,1.1375755421258442e-05
text+audio_text_ln_lrh0.001_frozen_e5_s42,3094,5,1.10034,3.8502,0.0,1.1020263064344118e-05
text+audio_text_ln_lrh0.001_frozen_e5_s42,3095,5,1.12703,3.6756,0.0,1.0664770707429791e-05
text+audio_text_ln_lrh0.001_frozen_e5_s42,3096,5,1.23756,3.6934,0.0,1.0309278350515464e-05
text+audio_text_ln_lrh0.001_frozen_e5_s42,3097,5,1.16547,3.1421,0.0,9.953785993601137e-06
text+audio_text_ln_lrh0.001_frozen_e5_s42,3098,5,1.50833,5.7055,0.0,9.598293636686813e-06
text+audio_text_ln_lrh0.001_frozen_e5_s42,3099,5,1.07276,2.9298,0.0,9.242801279772485e-06
text+audio_text_ln_lrh0.001_frozen_e5_s42,3100,5,0.73409,2.618,0.0,8.887308922858158e-06
text+audio_text_ln_lrh0.001_frozen_e5_s42,3101,5,1.14724,3.3918,0.0,8.531816565943833e-06
text+audio_text_ln_lrh0.001_frozen_e5_s42,3102,5,1.24925,2.8971,0.0,8.176324209029506e-06
text+audio_text_ln_lrh0.001_frozen_e5_s42,3103,5,0.67668,3.2603,0.0,7.82083185211518e-06
text+audio_text_ln_lrh0.001_frozen_e5_s42,3104,5,1.07316,3.7604,0.0,7.465339495200853e-06
text+audio_text_ln_lrh0.001_frozen_e5_s42,3105,5,0.92474,2.9668,0.0,7.109847138286527e-06
text+audio_text_ln_lrh0.001_frozen_e5_s42,3106,5,1.0394,3.461,0.0,6.7543547813722e-06
text+audio_text_ln_lrh0.001_frozen_e5_s42,3107,5,1.29564,3.4064,0.0,6.3988624244578746e-06
text+audio_text_ln_lrh0.001_frozen_e5_s42,3108,5,0.75212,3.5298,0.0,6.043370067543548e-06
text+audio_text_ln_lrh0.001_frozen_e5_s42,3109,5,0.73672,3.2656,0.0,5.687877710629221e-06
text+audio_text_ln_lrh0.001_frozen_e5_s42,3110,5,1.24247,3.2141,0.0,5.3323853537148955e-06
text+audio_text_ln_lrh0.001_frozen_e5_s42,3111,5,0.43421,1.885,0.0,4.976892996800568e-06
text+audio_text_ln_lrh0.001_frozen_e5_s42,3112,5,0.67519,2.8806,0.0,4.621400639886243e-06
text+audio_text_ln_lrh0.001_frozen_e5_s42,3113,5,1.38888,4.0073,0.0,4.265908282971916e-06
text+audio_text_ln_lrh0.001_frozen_e5_s42,3114,5,0.79154,2.7732,0.0,3.91041592605759e-06
text+audio_text_ln_lrh0.001_frozen_e5_s42,3115,5,0.80643,2.4877,0.0,3.5549235691432637e-06
text+audio_text_ln_lrh0.001_frozen_e5_s42,3116,5,1.11638,3.0405,0.0,3.1994312122289373e-06
text+audio_text_ln_lrh0.001_frozen_e5_s42,3117,5,0.8194,2.7756,0.0,2.8439388553146105e-06
text+audio_text_ln_lrh0.001_frozen_e5_s42,3118,5,1.2788,3.9328,0.0,2.488446498400284e-06
text+audio_text_ln_lrh0.001_frozen_e5_s42,3119,5,1.032,3.2719,0.0,2.132954141485958e-06
text+audio_text_ln_lrh0.001_frozen_e5_s42,3120,5,0.73486,3.7997,0.0,1.7774617845716318e-06
text+audio_text_ln_lrh0.001_frozen_e5_s42,3121,5,0.78604,2.5428,0.0,1.4219694276573052e-06
text+audio_text_ln_lrh0.001_frozen_e5_s42,3122,5,1.3568,4.3735,0.0,1.066477070742979e-06
text+audio_text_ln_lrh0.001_frozen_e5_s42,3123,5,1.04452,3.8291,0.0,7.109847138286526e-07
text+audio_text_ln_lrh0.001_frozen_e5_s42,3124,5,1.21145,3.2519,0.0,3.554923569143263e-07
text+audio_text_ln_lrh0.001_frozen_e5_s42,3125,5,1.31057,6.4929,0.0,0.0
text+audio_text_ln_lrh0.001_frozen_e5_s43,1,1,1.97321,8.7743,0.0,3.205128205128205e-06
text+audio_text_ln_lrh0.001_frozen_e5_s43,2,1,1.93556,7.1503,0.0,6.41025641025641e-06
text+audio_text_ln_lrh0.001_frozen_e5_s43,3,1,1.99097,6.2449,0.0,9.615384615384616e-06
text+audio_text_ln_lrh0.001_frozen_e5_s43,4,1,2.01976,6.1181,0.0,1.282051282051282e-05
text+audio_text_ln_lrh0.001_frozen_e5_s43,5,1,2.10759,8.0654,0.0,1.6025641025641026e-05
text+audio_text_ln_lrh0.001_frozen_e5_s43,6,1,1.8278,6.2285,0.0,1.923076923076923e-05
text+audio_text_ln_lrh0.001_frozen_e5_s43,7,1,1.94137,5.6371,0.0,2.2435897435897437e-05
text+audio_text_ln_lrh0.001_frozen_e5_s43,8,1,1.87602,8.8095,0.0,2.564102564102564e-05
text+audio_text_ln_lrh0.001_frozen_e5_s43,9,1,1.96993,8.2271,0.0,2.884615384615385e-05
text+audio_text_ln_lrh0.001_frozen_e5_s43,10,1,1.88649,6.4508,0.0,3.205128205128205e-05
text+audio_text_ln_lrh0.001_frozen_e5_s43,11,1,2.06146,7.3496,0.0,3.5256410256410254e-05
text+audio_text_ln_lrh0.001_frozen_e5_s43,12,1,1.93331,5.1193,0.0,3.846153846153846e-05
text+audio_text_ln_lrh0.001_frozen_e5_s43,13,1,1.84574,7.5523,0.0,4.1666666666666665e-05
text+audio_text_ln_lrh0.001_frozen_e5_s43,14,1,1.95736,6.9315,0.0,4.4871794871794874e-05
text+audio_text_ln_lrh0.001_frozen_e5_s43,15,1,1.79864,8.4842,0.0,4.8076923076923084e-05
text+audio_text_ln_lrh0.001_frozen_e5_s43,16,1,1.88215,6.0195,0.0,5.128205128205128e-05
text+audio_text_ln_lrh0.001_frozen_e5_s43,17,1,1.79084,6.4949,0.0,5.448717948717949e-05
text+audio_text_ln_lrh0.001_frozen_e5_s43,18,1,1.87653,5.359,0.0,5.76923076923077e-05
text+audio_text_ln_lrh0.001_frozen_e5_s43,19,1,1.81423,5.5145,0.0,6.08974358974359e-05
text+audio_text_ln_lrh0.001_frozen_e5_s43,20,1,1.856,3.6818,0.0,6.41025641025641e-05
text+audio_text_ln_lrh0.001_frozen_e5_s43,21,1,1.8173,4.2499,0.0,6.73076923076923e-05
text+audio_text_ln_lrh0.001_frozen_e5_s43,22,1,1.65851,5.4287,0.0,7.051282051282051e-05
text+audio_text_ln_lrh0.001_frozen_e5_s43,23,1,1.49187,6.5239,0.0,7.371794871794872e-05
text+audio_text_ln_lrh0.001_frozen_e5_s43,24,1,1.79761,5.2551,0.0,7.692307692307693e-05
text+audio_text_ln_lrh0.001_frozen_e5_s43,25,1,1.78402,3.5312,0.0,8.012820512820514e-05
text+audio_text_ln_lrh0.001_frozen_e5_s43,26,1,1.50055,6.0058,0.0,8.333333333333333e-05
text+audio_text_ln_lrh0.001_frozen_e5_s43,27,1,1.59912,4.4515,0.0,8.653846153846153e-05
text+audio_text_ln_lrh0.001_frozen_e5_s43,28,1,1.79504,4.0919,0.0,8.974358974358975e-05
text+audio_text_ln_lrh0.001_frozen_e5_s43,29,1,1.56854,4.6052,0.0,9.294871794871795e-05
text+audio_text_ln_lrh0.001_frozen_e5_s43,30,1,1.41803,5.0898,0.0,9.615384615384617e-05
text+audio_text_ln_lrh0.001_frozen_e5_s43,31,1,1.5195,3.3705,0.0,9.935897435897436e-05
text+audio_text_ln_lrh0.001_frozen_e5_s43,32,1,1.52064,4.0434,0.0,0.00010256410256410256
text+audio_text_ln_lrh0.001_frozen_e5_s43,33,1,1.85486,3.7791,0.0,0.00010576923076923077
text+audio_text_ln_lrh0.001_frozen_e5_s43,34,1,1.36518,3.5873,0.0,0.00010897435897435898
text+audio_text_ln_lrh0.001_frozen_e5_s43,35,1,1.6952,3.6871,0.0,0.00011217948717948718
text+audio_text_ln_lrh0.001_frozen_e5_s43,36,1,1.50211,3.4488,0.0,0.0001153846153846154
text+audio_text_ln_lrh0.001_frozen_e5_s43,37,1,1.3465,3.7847,0.0,0.00011858974358974358
text+audio_text_ln_lrh0.001_frozen_e5_s43,38,1,1.15608,3.6746,0.0,0.0001217948717948718
text+audio_text_ln_lrh0.001_frozen_e5_s43,39,1,1.81425,5.1468,0.0,0.000125
text+audio_text_ln_lrh0.001_frozen_e5_s43,40,1,1.69076,4.0892,0.0,0.0001282051282051282
text+audio_text_ln_lrh0.001_frozen_e5_s43,41,1,1.47287,3.7804,0.0,0.0001314102564102564
text+audio_text_ln_lrh0.001_frozen_e5_s43,42,1,1.32432,3.3631,0.0,0.0001346153846153846
text+audio_text_ln_lrh0.001_frozen_e5_s43,43,1,1.41152,3.5256,0.0,0.00013782051282051284
text+audio_text_ln_lrh0.001_frozen_e5_s43,44,1,1.41377,3.4238,0.0,0.00014102564102564101
text+audio_text_ln_lrh0.001_frozen_e5_s43,45,1,1.36871,3.13,0.0,0.00014423076923076922
text+audio_text_ln_lrh0.001_frozen_e5_s43,46,1,1.72204,5.361,0.0,0.00014743589743589745
text+audio_text_ln_lrh0.001_frozen_e5_s43,47,1,1.82575,8.027,0.0,0.00015064102564102565
text+audio_text_ln_lrh0.001_frozen_e5_s43,48,1,1.10984,3.2968,0.0,0.00015384615384615385
text+audio_text_ln_lrh0.001_frozen_e5_s43,49,1,1.67789,4.3075,0.0,0.00015705128205128205
text+audio_text_ln_lrh0.001_frozen_e5_s43,50,1,1.69107,5.0956,0.0,0.00016025641025641028
text+audio_text_ln_lrh0.001_frozen_e5_s43,51,1,1.49971,3.2059,0.0,0.00016346153846153846
text+audio_text_ln_lrh0.001_frozen_e5_s43,52,1,1.81405,6.0054,0.0,0.00016666666666666666
text+audio_text_ln_lrh0.001_frozen_e5_s43,53,1,1.54011,3.7661,0.0,0.0001698717948717949
text+audio_text_ln_lrh0.001_frozen_e5_s43,54,1,1.57302,4.2833,0.0,0.00017307692307692307
text+audio_text_ln_lrh0.001_frozen_e5_s43,55,1,1.57465,3.5184,0.0,0.0001762820512820513
text+audio_text_ln_lrh0.001_frozen_e5_s43,56,1,1.69235,4.6924,0.0,0.0001794871794871795
text+audio_text_ln_lrh0.001_frozen_e5_s43,57,1,1.50408,3.3889,0.0,0.00018269230769230767
text+audio_text_ln_lrh0.001_frozen_e5_s43,58,1,1.41997,3.3011,0.0,0.0001858974358974359
text+audio_text_ln_lrh0.001_frozen_e5_s43,59,1,1.36127,4.2744,0.0,0.0001891025641025641
text+audio_text_ln_lrh0.001_frozen_e5_s43,60,1,1.4914,2.9575,0.0,0.00019230769230769233
text+audio_text_ln_lrh0.001_frozen_e5_s43,61,1,1.21533,5.2985,0.0,0.0001955128205128205
text+audio_text_ln_lrh0.001_frozen_e5_s43,62,1,1.68254,3.6583,0.0,0.0001987179487179487
text+audio_text_ln_lrh0.001_frozen_e5_s43,63,1,1.27182,3.1728,0.0,0.00020192307692307694
text+audio_text_ln_lrh0.001_frozen_e5_s43,64,1,1.54016,2.7539,0.0,0.00020512820512820512
text+audio_text_ln_lrh0.001_frozen_e5_s43,65,1,1.36322,4.0309,0.0,0.00020833333333333335
text+audio_text_ln_lrh0.001_frozen_e5_s43,66,1,1.53422,3.6482,0.0,0.00021153846153846155
text+audio_text_ln_lrh0.001_frozen_e5_s43,67,1,1.18543,4.8977,0.0,0.00021474358974358972
text+audio_text_ln_lrh0.001_frozen_e5_s43,68,1,1.38959,3.3974,0.0,0.00021794871794871795
text+audio_text_ln_lrh0.001_frozen_e5_s43,69,1,1.69538,4.1366,0.0,0.00022115384615384616
text+audio_text_ln_lrh0.001_frozen_e5_s43,70,1,1.7364,6.0497,0.0,0.00022435897435897436
text+audio_text_ln_lrh0.001_frozen_e5_s43,71,1,1.60573,3.5703,0.0,0.00022756410256410256
text+audio_text_ln_lrh0.001_frozen_e5_s43,72,1,1.44228,4.7416,0.0,0.0002307692307692308
text+audio_text_ln_lrh0.001_frozen_e5_s43,73,1,1.11661,4.0875,0.0,0.000233974358974359
text+audio_text_ln_lrh0.001_frozen_e5_s43,74,1,1.78977,5.6078,0.0,0.00023717948717948717
text+audio_text_ln_lrh0.001_frozen_e5_s43,75,1,1.55571,3.774,0.0,0.0002403846153846154
text+audio_text_ln_lrh0.001_frozen_e5_s43,76,1,1.5617,4.7886,0.0,0.0002435897435897436
text+audio_text_ln_lrh0.001_frozen_e5_s43,77,1,1.01037,3.863,0.0,0.0002467948717948718
text+audio_text_ln_lrh0.001_frozen_e5_s43,78,1,1.96396,6.0379,0.0,0.00025
text+audio_text_ln_lrh0.001_frozen_e5_s43,79,1,1.45879,3.8651,0.0,0.0002532051282051282
text+audio_text_ln_lrh0.001_frozen_e5_s43,80,1,2.08278,5.5629,0.0,0.0002564102564102564
text+audio_text_ln_lrh0.001_frozen_e5_s43,81,1,1.59502,4.5899,0.0,0.00025961538461538467
text+audio_text_ln_lrh0.001_frozen_e5_s43,82,1,1.52011,3.4449,0.0,0.0002628205128205128
text+audio_text_ln_lrh0.001_frozen_e5_s43,83,1,1.50956,2.8747,0.0,0.000266025641025641
text+audio_text_ln_lrh0.001_frozen_e5_s43,84,1,1.84446,4.6146,0.0,0.0002692307692307692
text+audio_text_ln_lrh0.001_frozen_e5_s43,85,1,1.47857,3.9737,0.0,0.0002724358974358974
text+audio_text_ln_lrh0.001_frozen_e5_s43,86,1,1.3362,3.6185,0.0,0.0002756410256410257
text+audio_text_ln_lrh0.001_frozen_e5_s43,87,1,1.52127,4.4843,0.0,0.0002788461538461539
text+audio_text_ln_lrh0.001_frozen_e5_s43,88,1,1.60775,3.2816,0.0,0.00028205128205128203
text+audio_text_ln_lrh0.001_frozen_e5_s43,89,1,1.44534,3.3338,0.0,0.00028525641025641023
text+audio_text_ln_lrh0.001_frozen_e5_s43,90,1,1.57433,3.6579,0.0,0.00028846153846153843
text+audio_text_ln_lrh0.001_frozen_e5_s43,91,1,1.75715,4.0916,0.0,0.0002916666666666667
text+audio_text_ln_lrh0.001_frozen_e5_s43,92,1,1.635,3.5537,0.0,0.0002948717948717949
text+audio_text_ln_lrh0.001_frozen_e5_s43,93,1,1.76952,4.6432,0.0,0.0002980769230769231
text+audio_text_ln_lrh0.001_frozen_e5_s43,94,1,1.33845,5.8298,0.0,0.0003012820512820513
text+audio_text_ln_lrh0.001_frozen_e5_s43,95,1,1.60559,3.0332,0.0,0.00030448717948717945
text+audio_text_ln_lrh0.001_frozen_e5_s43,96,1,1.51551,3.4123,0.0,0.0003076923076923077
text+audio_text_ln_lrh0.001_frozen_e5_s43,97,1,1.2523,5.7125,0.0,0.0003108974358974359
text+audio_text_ln_lrh0.001_frozen_e5_s43,98,1,1.29653,5.6025,0.0,0.0003141025641025641
text+audio_text_ln_lrh0.001_frozen_e5_s43,99,1,1.40397,3.0128,0.0,0.0003173076923076923
text+audio_text_ln_lrh0.001_frozen_e5_s43,100,1,1.39527,4.5334,0.0,0.00032051282051282057
text+audio_text_ln_lrh0.001_frozen_e5_s43,101,1,0.84873,5.6227,0.0,0.0003237179487179487
text+audio_text_ln_lrh0.001_frozen_e5_s43,102,1,1.18649,2.5983,0.0,0.0003269230769230769
text+audio_text_ln_lrh0.001_frozen_e5_s43,103,1,1.7408,5.5859,0.0,0.0003301282051282051
text+audio_text_ln_lrh0.001_frozen_e5_s43,104,1,1.4024,3.6484,0.0,0.0003333333333333333
text+audio_text_ln_lrh0.001_frozen_e5_s43,105,1,1.56396,5.2956,0.0,0.0003365384615384616
text+audio_text_ln_lrh0.001_frozen_e5_s43,106,1,1.04117,3.6686,0.0,0.0003397435897435898
text+audio_text_ln_lrh0.001_frozen_e5_s43,107,1,1.8348,6.8144,0.0,0.000342948717948718
text+audio_text_ln_lrh0.001_frozen_e5_s43,108,1,1.85615,6.4528,0.0,0.00034615384615384613
text+audio_text_ln_lrh0.001_frozen_e5_s43,109,1,1.47274,4.0381,0.0,0.00034935897435897433
text+audio_text_ln_lrh0.001_frozen_e5_s43,110,1,1.51671,4.6749,0.0,0.0003525641025641026
text+audio_text_ln_lrh0.001_frozen_e5_s43,111,1,1.69412,4.2057,0.0,0.0003557692307692308
text+audio_text_ln_lrh0.001_frozen_e5_s43,112,1,1.4213,4.236,0.0,0.000358974358974359
text+audio_text_ln_lrh0.001_frozen_e5_s43,113,1,1.36248,2.7111,0.0,0.0003621794871794872
text+audio_text_ln_lrh0.001_frozen_e5_s43,114,1,1.6985,3.5643,0.0,0.00036538461538461535
text+audio_text_ln_lrh0.001_frozen_e5_s43,115,1,1.54305,4.1029,0.0,0.0003685897435897436
text+audio_text_ln_lrh0.001_frozen_e5_s43,116,1,1.39569,4.4297,0.0,0.0003717948717948718
text+audio_text_ln_lrh0.001_frozen_e5_s43,117,1,1.42269,3.6437,0.0,0.000375
text+audio_text_ln_lrh0.001_frozen_e5_s43,118,1,1.53293,4.1046,0.0,0.0003782051282051282
text+audio_text_ln_lrh0.001_frozen_e5_s43,119,1,1.42733,3.8557,0.0,0.0003814102564102564
text+audio_text_ln_lrh0.001_frozen_e5_s43,120,1,1.4606,4.2602,0.0,0.00038461538461538467
text+audio_text_ln_lrh0.001_frozen_e5_s43,121,1,1.15441,4.5162,0.0,0.0003878205128205128
text+audio_text_ln_lrh0.001_frozen_e5_s43,122,1,1.15579,5.5796,0.0,0.000391025641025641
text+audio_text_ln_lrh0.001_frozen_e5_s43,123,1,1.14294,3.4823,0.0,0.0003942307692307692
text+audio_text_ln_lrh0.001_frozen_e5_s43,124,1,1.70139,5.1637,0.0,0.0003974358974358974
text+audio_text_ln_lrh0.001_frozen_e5_s43,125,1,1.22265,3.3706,0.0,0.0004006410256410257
text+audio_text_ln_lrh0.001_frozen_e5_s43,126,1,1.39615,3.7503,0.0,0.0004038461538461539
text+audio_text_ln_lrh0.001_frozen_e5_s43,127,1,1.48305,5.9567,0.0,0.00040705128205128203
text+audio_text_ln_lrh0.001_frozen_e5_s43,128,1,1.73185,6.1744,0.0,0.00041025641025641023
text+audio_text_ln_lrh0.001_frozen_e5_s43,129,1,2.04848,6.9859,0.0,0.00041346153846153844
text+audio_text_ln_lrh0.001_frozen_e5_s43,130,1,1.65066,6.0451,0.0,0.0004166666666666667
text+audio_text_ln_lrh0.001_frozen_e5_s43,131,1,1.40296,2.8989,0.0,0.0004198717948717949
text+audio_text_ln_lrh0.001_frozen_e5_s43,132,1,1.72234,5.2166,0.0,0.0004230769230769231
text+audio_text_ln_lrh0.001_frozen_e5_s43,133,1,1.58882,3.598,0.0,0.0004262820512820513
text+audio_text_ln_lrh0.001_frozen_e5_s43,134,1,1.55006,3.5278,0.0,0.00042948717948717945
text+audio_text_ln_lrh0.001_frozen_e5_s43,135,1,1.21934,4.3674,0.0,0.0004326923076923077
text+audio_text_ln_lrh0.001_frozen_e5_s43,136,1,1.37904,3.0732,0.0,0.0004358974358974359
text+audio_text_ln_lrh0.001_frozen_e5_s43,137,1,1.12034,5.0078,0.0,0.0004391025641025641
text+audio_text_ln_lrh0.001_frozen_e5_s43,138,1,1.1911,3.7887,0.0,0.0004423076923076923
text+audio_text_ln_lrh0.001_frozen_e5_s43,139,1,1.71002,4.8092,0.0,0.00044551282051282057
text+audio_text_ln_lrh0.001_frozen_e5_s43,140,1,1.52394,4.05,0.0,0.0004487179487179487
text+audio_text_ln_lrh0.001_frozen_e5_s43,141,1,1.05723,5.3298,0.0,0.0004519230769230769
text+audio_text_ln_lrh0.001_frozen_e5_s43,142,1,1.35742,3.4545,0.0,0.0004551282051282051
text+audio_text_ln_lrh0.001_frozen_e5_s43,143,1,1.34855,3.1507,0.0,0.0004583333333333333
text+audio_text_ln_lrh0.001_frozen_e5_s43,144,1,1.42875,5.114,0.0,0.0004615384615384616
text+audio_text_ln_lrh0.001_frozen_e5_s43,145,1,1.5318,6.1057,0.0,0.0004647435897435898
text+audio_text_ln_lrh0.001_frozen_e5_s43,146,1,1.30536,3.0163,0.0,0.000467948717948718
text+audio_text_ln_lrh0.001_frozen_e5_s43,147,1,1.73117,4.2706,0.0,0.00047115384615384613
text+audio_text_ln_lrh0.001_frozen_e5_s43,148,1,1.31711,2.7736,0.0,0.00047435897435897434
text+audio_text_ln_lrh0.001_frozen_e5_s43,149,1,1.55092,4.7006,0.0,0.0004775641025641026
text+audio_text_ln_lrh0.001_frozen_e5_s43,150,1,1.45894,4.6845,0.0,0.0004807692307692308
text+audio_text_ln_lrh0.001_frozen_e5_s43,151,1,1.52969,4.7371,0.0,0.000483974358974359
text+audio_text_ln_lrh0.001_frozen_e5_s43,152,1,1.6013,4.8755,0.0,0.0004871794871794872
text+audio_text_ln_lrh0.001_frozen_e5_s43,153,1,1.48837,3.6683,0.0,0.0004903846153846154
text+audio_text_ln_lrh0.001_frozen_e5_s43,154,1,1.22729,3.8288,0.0,0.0004935897435897436
text+audio_text_ln_lrh0.001_frozen_e5_s43,155,1,1.12992,3.9841,0.0,0.0004967948717948718
text+audio_text_ln_lrh0.001_frozen_e5_s43,156,1,1.11344,3.523,0.0,0.0005
text+audio_text_ln_lrh0.001_frozen_e5_s43,157,1,1.44801,5.2775,0.0,0.0005032051282051282
text+audio_text_ln_lrh0.001_frozen_e5_s43,158,1,1.65667,3.6799,0.0,0.0005064102564102564
text+audio_text_ln_lrh0.001_frozen_e5_s43,159,1,1.67566,5.124,0.0,0.0005096153846153846
text+audio_text_ln_lrh0.001_frozen_e5_s43,160,1,1.41709,3.4121,0.0,0.0005128205128205128
text+audio_text_ln_lrh0.001_frozen_e5_s43,161,1,1.57077,3.2807,0.0,0.0005160256410256411
text+audio_text_ln_lrh0.001_frozen_e5_s43,162,1,1.40658,2.8157,0.0,0.0005192307692307693
text+audio_text_ln_lrh0.001_frozen_e5_s43,163,1,1.261,6.0052,0.0,0.0005224358974358974
text+audio_text_ln_lrh0.001_frozen_e5_s43,164,1,1.48201,3.2415,0.0,0.0005256410256410256
text+audio_text_ln_lrh0.001_frozen_e5_s43,165,1,1.08541,4.3857,0.0,0.0005288461538461538
text+audio_text_ln_lrh0.001_frozen_e5_s43,166,1,1.4298,3.6287,0.0,0.000532051282051282
text+audio_text_ln_lrh0.001_frozen_e5_s43,167,1,1.24522,4.8745,0.0,0.0005352564102564102
text+audio_text_ln_lrh0.001_frozen_e5_s43,168,1,1.51998,3.1549,0.0,0.0005384615384615384
text+audio_text_ln_lrh0.001_frozen_e5_s43,169,1,1.3234,4.1704,0.0,0.0005416666666666666
text+audio_text_ln_lrh0.001_frozen_e5_s43,170,1,1.58317,4.527,0.0,0.0005448717948717948
text+audio_text_ln_lrh0.001_frozen_e5_s43,171,1,1.61828,4.4848,0.0,0.0005480769230769232
text+audio_text_ln_lrh0.001_frozen_e5_s43,172,1,1.66631,6.6103,0.0,0.0005512820512820514
text+audio_text_ln_lrh0.001_frozen_e5_s43,173,1,1.70862,6.154,0.0,0.0005544871794871796
text+audio_text_ln_lrh0.001_frozen_e5_s43,174,1,1.75584,5.2487,0.0,0.0005576923076923078
text+audio_text_ln_lrh0.001_frozen_e5_s43,175,1,1.48901,6.5623,0.0,0.000560897435897436
text+audio_text_ln_lrh0.001_frozen_e5_s43,176,1,1.64263,4.4839,0.0,0.0005641025641025641
text+audio_text_ln_lrh0.001_frozen_e5_s43,177,1,1.45953,4.626,0.0,0.0005673076923076923
text+audio_text_ln_lrh0.001_frozen_e5_s43,178,1,1.42894,3.8156,0.0,0.0005705128205128205
text+audio_text_ln_lrh0.001_frozen_e5_s43,179,1,1.65117,3.7172,0.0,0.0005737179487179487
text+audio_text_ln_lrh0.001_frozen_e5_s43,180,1,1.54009,3.8501,0.0,0.0005769230769230769
text+audio_text_ln_lrh0.001_frozen_e5_s43,181,1,1.62746,4.2936,0.0,0.0005801282051282052
text+audio_text_ln_lrh0.001_frozen_e5_s43,182,1,1.40747,5.1189,0.0,0.0005833333333333334
text+audio_text_ln_lrh0.001_frozen_e5_s43,183,1,1.71334,8.2085,0.0,0.0005865384615384616
text+audio_text_ln_lrh0.001_frozen_e5_s43,184,1,1.60022,4.6272,0.0,0.0005897435897435898
text+audio_text_ln_lrh0.001_frozen_e5_s43,185,1,1.58568,5.7905,0.0,0.000592948717948718
text+audio_text_ln_lrh0.001_frozen_e5_s43,186,1,1.34241,6.1396,0.0,0.0005961538461538462
text+audio_text_ln_lrh0.001_frozen_e5_s43,187,1,1.19188,3.9679,0.0,0.0005993589743589744
text+audio_text_ln_lrh0.001_frozen_e5_s43,188,1,1.56011,2.9674,0.0,0.0006025641025641026
text+audio_text_ln_lrh0.001_frozen_e5_s43,189,1,1.569,5.5824,0.0,0.0006057692307692307
text+audio_text_ln_lrh0.001_frozen_e5_s43,190,1,1.1933,4.8978,0.0,0.0006089743589743589
text+audio_text_ln_lrh0.001_frozen_e5_s43,191,1,1.25137,3.6375,0.0,0.0006121794871794872
text+audio_text_ln_lrh0.001_frozen_e5_s43,192,1,1.87028,4.6767,0.0,0.0006153846153846154
text+audio_text_ln_lrh0.001_frozen_e5_s43,193,1,1.59089,4.7698,0.0,0.0006185897435897436
text+audio_text_ln_lrh0.001_frozen_e5_s43,194,1,1.03437,3.9249,0.0,0.0006217948717948718
text+audio_text_ln_lrh0.001_frozen_e5_s43,195,1,1.33218,7.1347,0.0,0.000625
text+audio_text_ln_lrh0.001_frozen_e5_s43,196,1,1.90785,6.1542,0.0,0.0006282051282051282
text+audio_text_ln_lrh0.001_frozen_e5_s43,197,1,1.15082,4.7193,0.0,0.0006314102564102564
text+audio_text_ln_lrh0.001_frozen_e5_s43,198,1,1.59638,6.7549,0.0,0.0006346153846153846
text+audio_text_ln_lrh0.001_frozen_e5_s43,199,1,1.2506,3.0241,0.0,0.0006378205128205128
text+audio_text_ln_lrh0.001_frozen_e5_s43,200,1,1.80726,6.699,0.0,0.0006410256410256411
text+audio_text_ln_lrh0.001_frozen_e5_s43,201,1,1.33876,2.9784,0.0,0.0006442307692307693
text+audio_text_ln_lrh0.001_frozen_e5_s43,202,1,1.57393,5.3369,0.0,0.0006474358974358974
text+audio_text_ln_lrh0.001_frozen_e5_s43,203,1,1.27213,3.9156,0.0,0.0006506410256410256
text+audio_text_ln_lrh0.001_frozen_e5_s43,204,1,1.41774,3.4104,0.0,0.0006538461538461538
text+audio_text_ln_lrh0.001_frozen_e5_s43,205,1,1.3727,3.2735,0.0,0.000657051282051282
text+audio_text_ln_lrh0.001_frozen_e5_s43,206,1,1.31743,4.3574,0.0,0.0006602564102564102
text+audio_text_ln_lrh0.001_frozen_e5_s43,207,1,1.41069,3.6662,0.0,0.0006634615384615384
text+audio_text_ln_lrh0.001_frozen_e5_s43,208,1,1.60744,2.753,0.0,0.0006666666666666666
text+audio_text_ln_lrh0.001_frozen_e5_s43,209,1,1.52086,2.8857,0.0,0.0006698717948717948
text+audio_text_ln_lrh0.001_frozen_e5_s43,210,1,1.49195,4.0966,0.0,0.0006730769230769232
text+audio_text_ln_lrh0.001_frozen_e5_s43,211,1,1.21306,2.5503,0.0,0.0006762820512820514
text+audio_text_ln_lrh0.001_frozen_e5_s43,212,1,1.64992,3.9368,0.0,0.0006794871794871796
text+audio_text_ln_lrh0.001_frozen_e5_s43,213,1,1.70286,5.4782,0.0,0.0006826923076923078
text+audio_text_ln_lrh0.001_frozen_e5_s43,214,1,1.47773,3.7364,0.0,0.000685897435897436
text+audio_text_ln_lrh0.001_frozen_e5_s43,215,1,1.19285,3.6178,0.0,0.0006891025641025641
text+audio_text_ln_lrh0.001_frozen_e5_s43,216,1,1.39894,4.4398,0.0,0.0006923076923076923
text+audio_text_ln_lrh0.001_frozen_e5_s43,217,1,1.22812,3.1547,0.0,0.0006955128205128205
text+audio_text_ln_lrh0.001_frozen_e5_s43,218,1,1.43018,5.3049,0.0,0.0006987179487179487
text+audio_text_ln_lrh0.001_frozen_e5_s43,219,1,1.59,5.0875,0.0,0.0007019230769230769
text+audio_text_ln_lrh0.001_frozen_e5_s43,220,1,1.19245,3.9022,0.0,0.0007051282051282052
text+audio_text_ln_lrh0.001_frozen_e5_s43,221,1,1.26005,4.3078,0.0,0.0007083333333333334
text+audio_text_ln_lrh0.001_frozen_e5_s43,222,1,1.3607,3.9239,0.0,0.0007115384615384616
text+audio_text_ln_lrh0.001_frozen_e5_s43,223,1,1.69592,3.9227,0.0,0.0007147435897435898
text+audio_text_ln_lrh0.001_frozen_e5_s43,224,1,1.39332,3.5964,0.0,0.000717948717948718
text+audio_text_ln_lrh0.001_frozen_e5_s43,225,1,1.53599,4.7208,0.0,0.0007211538461538462
text+audio_text_ln_lrh0.001_frozen_e5_s43,226,1,1.59579,3.2524,0.0,0.0007243589743589744
text+audio_text_ln_lrh0.001_frozen_e5_s43,227,1,1.30261,5.3304,0.0,0.0007275641025641026
text+audio_text_ln_lrh0.001_frozen_e5_s43,228,1,1.5613,4.7345,0.0,0.0007307692307692307
text+audio_text_ln_lrh0.001_frozen_e5_s43,229,1,1.55645,3.7797,0.0,0.0007339743589743589
text+audio_text_ln_lrh0.001_frozen_e5_s43,230,1,1.73618,4.6861,0.0,0.0007371794871794872
text+audio_text_ln_lrh0.001_frozen_e5_s43,231,1,1.09826,3.0664,0.0,0.0007403846153846154
text+audio_text_ln_lrh0.001_frozen_e5_s43,232,1,1.59744,3.2142,0.0,0.0007435897435897436
text+audio_text_ln_lrh0.001_frozen_e5_s43,233,1,1.6084,3.5084,0.0,0.0007467948717948718
text+audio_text_ln_lrh0.001_frozen_e5_s43,234,1,1.36391,4.573,0.0,0.00075
text+audio_text_ln_lrh0.001_frozen_e5_s43,235,1,1.19333,2.5763,0.0,0.0007532051282051282
text+audio_text_ln_lrh0.001_frozen_e5_s43,236,1,1.43469,3.9598,0.0,0.0007564102564102564
text+audio_text_ln_lrh0.001_frozen_e5_s43,237,1,0.88551,4.5919,0.0,0.0007596153846153846
text+audio_text_ln_lrh0.001_frozen_e5_s43,238,1,1.41902,3.981,0.0,0.0007628205128205128
text+audio_text_ln_lrh0.001_frozen_e5_s43,239,1,1.50535,3.1467,0.0,0.0007660256410256411
text+audio_text_ln_lrh0.001_frozen_e5_s43,240,1,1.22967,2.7719,0.0,0.0007692307692307693
text+audio_text_ln_lrh0.001_frozen_e5_s43,241,1,0.81071,3.7691,0.0,0.0007724358974358974
text+audio_text_ln_lrh0.001_frozen_e5_s43,242,1,1.43567,3.7435,0.0,0.0007756410256410256
text+audio_text_ln_lrh0.001_frozen_e5_s43,243,1,1.3131,3.2661,0.0,0.0007788461538461538
text+audio_text_ln_lrh0.001_frozen_e5_s43,244,1,1.21458,4.0015,0.0,0.000782051282051282
text+audio_text_ln_lrh0.001_frozen_e5_s43,245,1,1.20284,4.384,0.0,0.0007852564102564102
text+audio_text_ln_lrh0.001_frozen_e5_s43,246,1,1.7572,5.2742,0.0,0.0007884615384615384
text+audio_text_ln_lrh0.001_frozen_e5_s43,247,1,1.34229,3.1986,0.0,0.0007916666666666666
text+audio_text_ln_lrh0.001_frozen_e5_s43,248,1,1.18449,2.5964,0.0,0.0007948717948717948
text+audio_text_ln_lrh0.001_frozen_e5_s43,249,1,1.20571,2.656,0.0,0.0007980769230769232
text+audio_text_ln_lrh0.001_frozen_e5_s43,250,1,1.26218,2.9742,0.0,0.0008012820512820514
text+audio_text_ln_lrh0.001_frozen_e5_s43,251,1,1.40965,3.5786,0.0,0.0008044871794871796
text+audio_text_ln_lrh0.001_frozen_e5_s43,252,1,1.32584,3.4945,0.0,0.0008076923076923078
text+audio_text_ln_lrh0.001_frozen_e5_s43,253,1,1.31297,3.3472,0.0,0.000810897435897436
text+audio_text_ln_lrh0.001_frozen_e5_s43,254,1,1.58789,3.0665,0.0,0.0008141025641025641
text+audio_text_ln_lrh0.001_frozen_e5_s43,255,1,1.3836,2.9836,0.0,0.0008173076923076923
text+audio_text_ln_lrh0.001_frozen_e5_s43,256,1,1.33822,4.7882,0.0,0.0008205128205128205
text+audio_text_ln_lrh0.001_frozen_e5_s43,257,1,1.1532,3.8627,0.0,0.0008237179487179487
text+audio_text_ln_lrh0.001_frozen_e5_s43,258,1,1.22169,3.7737,0.0,0.0008269230769230769
text+audio_text_ln_lrh0.001_frozen_e5_s43,259,1,1.17444,1.9679,0.0,0.0008301282051282052
text+audio_text_ln_lrh0.001_frozen_e5_s43,260,1,1.59814,5.4473,0.0,0.0008333333333333334
text+audio_text_ln_lrh0.001_frozen_e5_s43,261,1,1.89285,6.1393,0.0,0.0008365384615384616
text+audio_text_ln_lrh0.001_frozen_e5_s43,262,1,1.10057,5.2793,0.0,0.0008397435897435898
text+audio_text_ln_lrh0.001_frozen_e5_s43,263,1,1.67515,4.4185,0.0,0.000842948717948718
text+audio_text_ln_lrh0.001_frozen_e5_s43,264,1,0.92106,4.4662,0.0,0.0008461538461538462
text+audio_text_ln_lrh0.001_frozen_e5_s43,265,1,1.79094,7.0283,0.0,0.0008493589743589744
text+audio_text_ln_lrh0.001_frozen_e5_s43,266,1,1.51438,2.6522,0.0,0.0008525641025641026
text+audio_text_ln_lrh0.001_frozen_e5_s43,267,1,1.64728,3.452,0.0,0.0008557692307692307
text+audio_text_ln_lrh0.001_frozen_e5_s43,268,1,1.65633,5.522,0.0,0.0008589743589743589
text+audio_text_ln_lrh0.001_frozen_e5_s43,269,1,1.72572,4.0414,0.0,0.0008621794871794872
text+audio_text_ln_lrh0.001_frozen_e5_s43,270,1,1.91063,6.0747,0.0,0.0008653846153846154
text+audio_text_ln_lrh0.001_frozen_e5_s43,271,1,1.92666,5.1762,0.0,0.0008685897435897436
text+audio_text_ln_lrh0.001_frozen_e5_s43,272,1,1.50291,3.416,0.0,0.0008717948717948718
text+audio_text_ln_lrh0.001_frozen_e5_s43,273,1,1.65112,3.5712,0.0,0.000875
text+audio_text_ln_lrh0.001_frozen_e5_s43,274,1,1.4906,3.8608,0.0,0.0008782051282051282
text+audio_text_ln_lrh0.001_frozen_e5_s43,275,1,1.72832,3.1486,0.0,0.0008814102564102564
text+audio_text_ln_lrh0.001_frozen_e5_s43,276,1,1.44508,3.953,0.0,0.0008846153846153846
text+audio_text_ln_lrh0.001_frozen_e5_s43,277,1,1.80228,3.5555,0.0,0.0008878205128205128
text+audio_text_ln_lrh0.001_frozen_e5_s43,278,1,1.54509,4.8471,0.0,0.0008910256410256411
text+audio_text_ln_lrh0.001_frozen_e5_s43,279,1,1.53068,5.0496,0.0,0.0008942307692307693
text+audio_text_ln_lrh0.001_frozen_e5_s43,280,1,1.51644,2.7663,0.0,0.0008974358974358974
text+audio_text_ln_lrh0.001_frozen_e5_s43,281,1,1.49917,5.1019,0.0,0.0009006410256410256
text+audio_text_ln_lrh0.001_frozen_e5_s43,282,1,1.29674,4.1931,0.0,0.0009038461538461538
text+audio_text_ln_lrh0.001_frozen_e5_s43,283,1,1.15889,4.6189,0.0,0.000907051282051282
text+audio_text_ln_lrh0.001_frozen_e5_s43,284,1,1.68697,6.5189,0.0,0.0009102564102564102
text+audio_text_ln_lrh0.001_frozen_e5_s43,285,1,1.55239,4.7619,0.0,0.0009134615384615384
text+audio_text_ln_lrh0.001_frozen_e5_s43,286,1,1.43716,6.6024,0.0,0.0009166666666666666
text+audio_text_ln_lrh0.001_frozen_e5_s43,287,1,1.49033,4.2667,0.0,0.0009198717948717949
text+audio_text_ln_lrh0.001_frozen_e5_s43,288,1,1.91048,6.2549,0.0,0.0009230769230769232
text+audio_text_ln_lrh0.001_frozen_e5_s43,289,1,1.1329,4.5697,0.0,0.0009262820512820514
text+audio_text_ln_lrh0.001_frozen_e5_s43,290,1,1.31121,3.3694,0.0,0.0009294871794871796
text+audio_text_ln_lrh0.001_frozen_e5_s43,291,1,1.35258,2.4545,0.0,0.0009326923076923078
text+audio_text_ln_lrh0.001_frozen_e5_s43,292,1,1.44768,2.6439,0.0,0.000935897435897436
text+audio_text_ln_lrh0.001_frozen_e5_s43,293,1,1.34624,4.4005,0.0,0.0009391025641025641
text+audio_text_ln_lrh0.001_frozen_e5_s43,294,1,1.39336,5.6742,0.0,0.0009423076923076923
text+audio_text_ln_lrh0.001_frozen_e5_s43,295,1,1.88401,4.1416,0.0,0.0009455128205128205
text+audio_text_ln_lrh0.001_frozen_e5_s43,296,1,1.30717,6.2466,0.0,0.0009487179487179487
text+audio_text_ln_lrh0.001_frozen_e5_s43,297,1,1.25553,3.8362,0.0,0.0009519230769230769
text+audio_text_ln_lrh0.001_frozen_e5_s43,298,1,1.74867,4.3596,0.0,0.0009551282051282052
text+audio_text_ln_lrh0.001_frozen_e5_s43,299,1,1.13993,6.0166,0.0,0.0009583333333333334
text+audio_text_ln_lrh0.001_frozen_e5_s43,300,1,0.94825,3.584,0.0,0.0009615384615384616
text+audio_text_ln_lrh0.001_frozen_e5_s43,301,1,1.38085,3.7697,0.0,0.0009647435897435898
text+audio_text_ln_lrh0.001_frozen_e5_s43,302,1,1.91601,4.9364,0.0,0.000967948717948718
text+audio_text_ln_lrh0.001_frozen_e5_s43,303,1,1.23775,4.2911,0.0,0.0009711538461538462
text+audio_text_ln_lrh0.001_frozen_e5_s43,304,1,1.67114,5.6232,0.0,0.0009743589743589744
text+audio_text_ln_lrh0.001_frozen_e5_s43,305,1,1.38546,3.6996,0.0,0.0009775641025641026
text+audio_text_ln_lrh0.001_frozen_e5_s43,306,1,1.53621,3.2359,0.0,0.0009807692307692308
text+audio_text_ln_lrh0.001_frozen_e5_s43,307,1,1.15867,2.9058,0.0,0.000983974358974359
text+audio_text_ln_lrh0.001_frozen_e5_s43,308,1,1.28367,4.6056,0.0,0.0009871794871794872
text+audio_text_ln_lrh0.001_frozen_e5_s43,309,1,1.40017,4.804,0.0,0.0009903846153846154
text+audio_text_ln_lrh0.001_frozen_e5_s43,310,1,1.53503,5.1546,0.0,0.0009935897435897436
text+audio_text_ln_lrh0.001_frozen_e5_s43,311,1,1.24968,3.648,0.0,0.0009967948717948718
text+audio_text_ln_lrh0.001_frozen_e5_s43,312,1,1.69061,2.6444,0.0,0.001
text+audio_text_ln_lrh0.001_frozen_e5_s43,313,1,1.35398,3.5347,0.0,0.0009996445076430856
text+audio_text_ln_lrh0.001_frozen_e5_s43,314,1,1.26939,2.8563,0.0,0.0009992890152861714
text+audio_text_ln_lrh0.001_frozen_e5_s43,315,1,1.47779,2.5372,0.0,0.000998933522929257
text+audio_text_ln_lrh0.001_frozen_e5_s43,316,1,1.19766,5.297,0.0,0.0009985780305723428
text+audio_text_ln_lrh0.001_frozen_e5_s43,317,1,1.46304,3.1025,0.0,0.0009982225382154284
text+audio_text_ln_lrh0.001_frozen_e5_s43,318,1,1.73471,5.13,0.0,0.000997867045858514
text+audio_text_ln_lrh0.001_frozen_e5_s43,319,1,1.45897,4.4137,0.0,0.0009975115535015998
text+audio_text_ln_lrh0.001_frozen_e5_s43,320,1,1.08131,2.6424,0.0,0.0009971560611446854
text+audio_text_ln_lrh0.001_frozen_e5_s43,321,1,1.35102,2.3739,0.0,0.000996800568787771
text+audio_text_ln_lrh0.001_frozen_e5_s43,322,1,1.6246,4.6143,0.0,0.0009964450764308568
text+audio_text_ln_lrh0.001_frozen_e5_s43,323,1,1.16984,2.6208,0.0,0.0009960895840739426
text+audio_text_ln_lrh0.001_frozen_e5_s43,324,1,1.35379,2.5796,0.0,0.0009957340917170281
text+audio_text_ln_lrh0.001_frozen_e5_s43,325,1,1.47937,3.588,0.0,0.0009953785993601137
text+audio_text_ln_lrh0.001_frozen_e5_s43,326,1,1.00121,4.2071,0.0,0.0009950231070031995
text+audio_text_ln_lrh0.001_frozen_e5_s43,327,1,1.23737,3.5493,0.0,0.0009946676146462851
text+audio_text_ln_lrh0.001_frozen_e5_s43,328,1,1.6907,4.9147,0.0,0.000994312122289371
text+audio_text_ln_lrh0.001_frozen_e5_s43,329,1,1.40072,3.4713,0.0,0.0009939566299324565
text+audio_text_ln_lrh0.001_frozen_e5_s43,330,1,1.71108,4.6601,0.0,0.000993601137575542
text+audio_text_ln_lrh0.001_frozen_e5_s43,331,1,1.53356,4.1204,0.0,0.000993245645218628
text+audio_text_ln_lrh0.001_frozen_e5_s43,332,1,1.46714,8.4558,0.0,0.0009928901528617135
text+audio_text_ln_lrh0.001_frozen_e5_s43,333,1,1.34217,6.664,0.0,0.000992534660504799
text+audio_text_ln_lrh0.001_frozen_e5_s43,334,1,2.20988,5.3274,0.0,0.0009921791681478849
text+audio_text_ln_lrh0.001_frozen_e5_s43,335,1,1.4667,3.9673,0.0,0.0009918236757909705
text+audio_text_ln_lrh0.001_frozen_e5_s43,336,1,1.67255,5.3994,0.0,0.0009914681834340563
text+audio_text_ln_lrh0.001_frozen_e5_s43,337,1,1.52711,3.8066,0.0,0.0009911126910771418
text+audio_text_ln_lrh0.001_frozen_e5_s43,338,1,1.57503,5.7321,0.0,0.0009907571987202274
text+audio_text_ln_lrh0.001_frozen_e5_s43,339,1,1.17839,2.9852,0.0,0.0009904017063633132
text+audio_text_ln_lrh0.001_frozen_e5_s43,340,1,1.11589,2.8257,0.0,0.000990046214006399
text+audio_text_ln_lrh0.001_frozen_e5_s43,341,1,1.47187,3.6397,0.0,0.0009896907216494846
text+audio_text_ln_lrh0.001_frozen_e5_s43,342,1,1.499,5.8582,0.0,0.0009893352292925702
text+audio_text_ln_lrh0.001_frozen_e5_s43,343,1,1.50335,4.8744,0.0,0.0009889797369356558
text+audio_text_ln_lrh0.001_frozen_e5_s43,344,1,1.47305,6.3378,0.0,0.0009886242445787416
text+audio_text_ln_lrh0.001_frozen_e5_s43,345,1,1.66723,7.0184,0.0,0.0009882687522218272
text+audio_text_ln_lrh0.001_frozen_e5_s43,346,1,1.47537,5.0639,0.0,0.0009879132598649128
text+audio_text_ln_lrh0.001_frozen_e5_s43,347,1,1.35839,3.8417,0.0,0.0009875577675079986
text+audio_text_ln_lrh0.001_frozen_e5_s43,348,1,1.35494,3.8685,0.0,0.0009872022751510844
text+audio_text_ln_lrh0.001_frozen_e5_s43,349,1,1.42092,3.8063,0.0,0.00098684678279417
text+audio_text_ln_lrh0.001_frozen_e5_s43,350,1,1.94994,5.6622,0.0,0.0009864912904372556
text+audio_text_ln_lrh0.001_frozen_e5_s43,351,1,1.42605,6.0296,0.0,0.0009861357980803414
text+audio_text_ln_lrh0.001_frozen_e5_s43,352,1,1.77715,3.3195,0.0,0.000985780305723427
text+audio_text_ln_lrh0.001_frozen_e5_s43,353,1,1.8792,5.1267,0.0,0.0009854248133665127
text+audio_text_ln_lrh0.001_frozen_e5_s43,354,1,1.24737,6.2503,0.0,0.0009850693210095983
text+audio_text_ln_lrh0.001_frozen_e5_s43,355,1,1.59345,4.5256,0.0,0.000984713828652684
text+audio_text_ln_lrh0.001_frozen_e5_s43,356,1,1.28816,4.6542,0.0,0.0009843583362957697
text+audio_text_ln_lrh0.001_frozen_e5_s43,357,1,1.36692,3.1204,0.0,0.0009840028439388553
text+audio_text_ln_lrh0.001_frozen_e5_s43,358,1,1.1063,3.3575,0.0,0.000983647351581941
text+audio_text_ln_lrh0.001_frozen_e5_s43,359,1,0.91828,4.3062,0.0,0.0009832918592250267
text+audio_text_ln_lrh0.001_frozen_e5_s43,360,1,1.20469,3.0425,0.0,0.0009829363668681123
text+audio_text_ln_lrh0.001_frozen_e5_s43,361,1,1.50194,2.8909,0.0,0.000982580874511198
text+audio_text_ln_lrh0.001_frozen_e5_s43,362,1,1.24007,5.5458,0.0,0.0009822253821542837
text+audio_text_ln_lrh0.001_frozen_e5_s43,363,1,1.65609,7.6085,0.0,0.0009818698897973693
text+audio_text_ln_lrh0.001_frozen_e5_s43,364,1,1.36464,4.8581,0.0,0.000981514397440455
text+audio_text_ln_lrh0.001_frozen_e5_s43,365,1,1.25864,4.8564,0.0,0.0009811589050835409
text+audio_text_ln_lrh0.001_frozen_e5_s43,366,1,1.03403,3.007,0.0,0.0009808034127266265
text+audio_text_ln_lrh0.001_frozen_e5_s43,367,1,1.14371,2.4702,0.0,0.000980447920369712
text+audio_text_ln_lrh0.001_frozen_e5_s43,368,1,0.67638,3.481,0.0,0.0009800924280127978
text+audio_text_ln_lrh0.001_frozen_e5_s43,369,1,1.61522,5.4618,0.0,0.0009797369356558834
text+audio_text_ln_lrh0.001_frozen_e5_s43,370,1,1.54489,3.8139,0.0,0.000979381443298969
text+audio_text_ln_lrh0.001_frozen_e5_s43,371,1,1.63532,5.5811,0.0,0.0009790259509420548
text+audio_text_ln_lrh0.001_frozen_e5_s43,372,1,1.80422,3.6713,0.0,0.0009786704585851404
text+audio_text_ln_lrh0.001_frozen_e5_s43,373,1,1.16926,3.6504,0.0,0.0009783149662282262
text+audio_text_ln_lrh0.001_frozen_e5_s43,374,1,1.73255,2.8605,0.0,0.0009779594738713118
text+audio_text_ln_lrh0.001_frozen_e5_s43,375,1,1.34156,3.5199,0.0,0.0009776039815143974
text+audio_text_ln_lrh0.001_frozen_e5_s43,376,1,1.53797,3.435,0.0,0.0009772484891574832
text+audio_text_ln_lrh0.001_frozen_e5_s43,377,1,1.41487,4.2087,0.0,0.0009768929968005688
text+audio_text_ln_lrh0.001_frozen_e5_s43,378,1,1.30206,2.7858,0.0,0.0009765375044436545
text+audio_text_ln_lrh0.001_frozen_e5_s43,379,1,1.21204,3.5884,0.0,0.0009761820120867402
text+audio_text_ln_lrh0.001_frozen_e5_s43,380,1,1.34417,2.8779,0.0,0.0009758265197298259
text+audio_text_ln_lrh0.001_frozen_e5_s43,381,1,1.37959,3.1204,0.0,0.0009754710273729114
text+audio_text_ln_lrh0.001_frozen_e5_s43,382,1,1.64472,3.7193,0.0,0.0009751155350159971
text+audio_text_ln_lrh0.001_frozen_e5_s43,383,1,0.88502,3.3793,0.0,0.0009747600426590828
text+audio_text_ln_lrh0.001_frozen_e5_s43,384,1,1.3055,3.1651,0.0,0.0009744045503021685
text+audio_text_ln_lrh0.001_frozen_e5_s43,385,1,1.25537,2.7779,0.0,0.0009740490579452542
text+audio_text_ln_lrh0.001_frozen_e5_s43,386,1,1.34268,3.1246,0.0,0.0009736935655883399
text+audio_text_ln_lrh0.001_frozen_e5_s43,387,1,1.25888,3.5186,0.0,0.0009733380732314255
text+audio_text_ln_lrh0.001_frozen_e5_s43,388,1,1.3711,4.2488,0.0,0.0009729825808745112
text+audio_text_ln_lrh0.001_frozen_e5_s43,389,1,1.38511,3.0065,0.0,0.0009726270885175969
text+audio_text_ln_lrh0.001_frozen_e5_s43,390,1,1.42806,3.0537,0.0,0.0009722715961606826
text+audio_text_ln_lrh0.001_frozen_e5_s43,391,1,1.10708,2.6026,0.0,0.0009719161038037683
text+audio_text_ln_lrh0.001_frozen_e5_s43,392,1,1.34617,3.3493,0.0,0.000971560611446854
text+audio_text_ln_lrh0.001_frozen_e5_s43,393,1,1.53963,4.1806,0.0,0.0009712051190899396
text+audio_text_ln_lrh0.001_frozen_e5_s43,394,1,1.15561,5.2505,0.0,0.0009708496267330253
text+audio_text_ln_lrh0.001_frozen_e5_s43,395,1,1.59533,4.1288,0.0,0.0009704941343761108
text+audio_text_ln_lrh0.001_frozen_e5_s43,396,1,1.11898,3.5279,0.0,0.0009701386420191967
text+audio_text_ln_lrh0.001_frozen_e5_s43,397,1,1.55763,3.6835,0.0,0.0009697831496622823
text+audio_text_ln_lrh0.001_frozen_e5_s43,398,1,1.19993,3.751,0.0,0.0009694276573053679
text+audio_text_ln_lrh0.001_frozen_e5_s43,399,1,0.97317,3.7404,0.0,0.0009690721649484536
text+audio_text_ln_lrh0.001_frozen_e5_s43,400,1,1.20424,2.4282,0.0,0.0009687166725915393
text+audio_text_ln_lrh0.001_frozen_e5_s43,401,1,1.44437,4.532,0.0,0.0009683611802346249
text+audio_text_ln_lrh0.001_frozen_e5_s43,402,1,1.28901,3.1613,0.0,0.0009680056878777106
text+audio_text_ln_lrh0.001_frozen_e5_s43,403,1,1.86749,6.8562,0.0,0.0009676501955207964
text+audio_text_ln_lrh0.001_frozen_e5_s43,404,1,1.21148,4.6335,0.0,0.000967294703163882
text+audio_text_ln_lrh0.001_frozen_e5_s43,405,1,1.49961,4.8941,0.0,0.0009669392108069677
text+audio_text_ln_lrh0.001_frozen_e5_s43,406,1,1.73838,5.6698,0.0,0.0009665837184500534
text+audio_text_ln_lrh0.001_frozen_e5_s43,407,1,1.6341,3.8858,0.0,0.000966228226093139
text+audio_text_ln_lrh0.001_frozen_e5_s43,408,1,1.31475,3.9246,0.0,0.0009658727337362247
text+audio_text_ln_lrh0.001_frozen_e5_s43,409,1,1.26834,4.1163,0.0,0.0009655172413793104
text+audio_text_ln_lrh0.001_frozen_e5_s43,410,1,1.58718,3.6194,0.0,0.000965161749022396
text+audio_text_ln_lrh0.001_frozen_e5_s43,411,1,1.50337,4.5144,0.0,0.0009648062566654817
text+audio_text_ln_lrh0.001_frozen_e5_s43,412,1,1.05483,5.2299,0.0,0.0009644507643085673
text+audio_text_ln_lrh0.001_frozen_e5_s43,413,1,1.21398,4.3258,0.0,0.000964095271951653
text+audio_text_ln_lrh0.001_frozen_e5_s43,414,1,1.31775,5.3891,0.0,0.0009637397795947387
text+audio_text_ln_lrh0.001_frozen_e5_s43,415,1,1.33133,2.921,0.0,0.0009633842872378244
text+audio_text_ln_lrh0.001_frozen_e5_s43,416,1,1.67768,6.7677,0.0,0.0009630287948809101
text+audio_text_ln_lrh0.001_frozen_e5_s43,417,1,1.27323,2.7296,0.0,0.0009626733025239958
text+audio_text_ln_lrh0.001_frozen_e5_s43,418,1,1.25618,4.0421,0.0,0.0009623178101670814
text+audio_text_ln_lrh0.001_frozen_e5_s43,419,1,1.72551,5.5763,0.0,0.0009619623178101671
text+audio_text_ln_lrh0.001_frozen_e5_s43,420,1,1.05202,2.5005,0.0,0.0009616068254532528
text+audio_text_ln_lrh0.001_frozen_e5_s43,421,1,1.23154,2.8573,0.0,0.0009612513330963385
text+audio_text_ln_lrh0.001_frozen_e5_s43,422,1,1.33155,2.759,0.0,0.0009608958407394242
text+audio_text_ln_lrh0.001_frozen_e5_s43,423,1,1.29565,3.1672,0.0,0.0009605403483825098
text+audio_text_ln_lrh0.001_frozen_e5_s43,424,1,1.31092,5.5721,0.0,0.0009601848560255955
text+audio_text_ln_lrh0.001_frozen_e5_s43,425,1,1.39311,4.4911,0.0,0.0009598293636686811
text+audio_text_ln_lrh0.001_frozen_e5_s43,426,1,1.18859,3.8496,0.0,0.0009594738713117667
text+audio_text_ln_lrh0.001_frozen_e5_s43,427,1,1.52396,5.5162,0.0,0.0009591183789548525
text+audio_text_ln_lrh0.001_frozen_e5_s43,428,1,1.27814,3.1378,0.0,0.0009587628865979382
text+audio_text_ln_lrh0.001_frozen_e5_s43,429,1,1.81071,4.3611,0.0,0.0009584073942410238
text+audio_text_ln_lrh0.001_frozen_e5_s43,430,1,1.33281,5.6473,0.0,0.0009580519018841095
text+audio_text_ln_lrh0.001_frozen_e5_s43,431,1,1.38504,3.564,0.0,0.0009576964095271952
text+audio_text_ln_lrh0.001_frozen_e5_s43,432,1,1.22383,3.0719,0.0,0.0009573409171702808
text+audio_text_ln_lrh0.001_frozen_e5_s43,433,1,1.4799,5.1007,0.0,0.0009569854248133665
text+audio_text_ln_lrh0.001_frozen_e5_s43,434,1,1.72796,4.4062,0.0,0.0009566299324564523
text+audio_text_ln_lrh0.001_frozen_e5_s43,435,1,1.60447,4.9517,0.0,0.0009562744400995379
text+audio_text_ln_lrh0.001_frozen_e5_s43,436,1,1.55536,4.708,0.0,0.0009559189477426236
text+audio_text_ln_lrh0.001_frozen_e5_s43,437,1,1.21187,3.46,0.0,0.0009555634553857092
text+audio_text_ln_lrh0.001_frozen_e5_s43,438,1,1.09898,3.1888,0.0,0.0009552079630287949
text+audio_text_ln_lrh0.001_frozen_e5_s43,439,1,1.66005,3.3575,0.0,0.0009548524706718806
text+audio_text_ln_lrh0.001_frozen_e5_s43,440,1,1.36456,3.4882,0.0,0.0009544969783149662
text+audio_text_ln_lrh0.001_frozen_e5_s43,441,1,1.22332,3.449,0.0,0.0009541414859580519
text+audio_text_ln_lrh0.001_frozen_e5_s43,442,1,1.23332,2.4282,0.0,0.0009537859936011376
text+audio_text_ln_lrh0.001_frozen_e5_s43,443,1,1.67042,6.1436,0.0,0.0009534305012442232
text+audio_text_ln_lrh0.001_frozen_e5_s43,444,1,1.45673,3.198,0.0,0.0009530750088873089
text+audio_text_ln_lrh0.001_frozen_e5_s43,445,1,1.05409,2.6484,0.0,0.0009527195165303946
text+audio_text_ln_lrh0.001_frozen_e5_s43,446,1,1.36138,2.9542,0.0,0.0009523640241734803
text+audio_text_ln_lrh0.001_frozen_e5_s43,447,1,0.79027,2.938,0.0,0.000952008531816566
text+audio_text_ln_lrh0.001_frozen_e5_s43,448,1,1.4425,4.6904,0.0,0.0009516530394596517
text+audio_text_ln_lrh0.001_frozen_e5_s43,449,1,1.1584,3.5296,0.0,0.0009512975471027373
text+audio_text_ln_lrh0.001_frozen_e5_s43,450,1,1.16261,3.8361,0.0,0.000950942054745823
text+audio_text_ln_lrh0.001_frozen_e5_s43,451,1,1.35159,3.8559,0.0,0.0009505865623889086
text+audio_text_ln_lrh0.001_frozen_e5_s43,452,1,1.86238,6.4496,0.0,0.0009502310700319944
text+audio_text_ln_lrh0.001_frozen_e5_s43,453,1,1.15892,2.8826,0.0,0.0009498755776750801
text+audio_text_ln_lrh0.001_frozen_e5_s43,454,1,1.09695,3.8493,0.0,0.0009495200853181656
text+audio_text_ln_lrh0.001_frozen_e5_s43,455,1,0.96703,4.7405,0.0,0.0009491645929612513
text+audio_text_ln_lrh0.001_frozen_e5_s43,456,1,1.1404,3.867,0.0,0.000948809100604337
text+audio_text_ln_lrh0.001_frozen_e5_s43,457,1,1.28059,3.3416,0.0,0.0009484536082474226
text+audio_text_ln_lrh0.001_frozen_e5_s43,458,1,1.41552,3.375,0.0,0.0009480981158905084
text+audio_text_ln_lrh0.001_frozen_e5_s43,459,1,1.39244,2.5969,0.0,0.0009477426235335941
text+audio_text_ln_lrh0.001_frozen_e5_s43,460,1,1.66221,3.609,0.0,0.0009473871311766797
text+audio_text_ln_lrh0.001_frozen_e5_s43,461,1,1.50453,3.8663,0.0,0.0009470316388197654
text+audio_text_ln_lrh0.001_frozen_e5_s43,462,1,1.29424,2.6811,0.0,0.0009466761464628511
text+audio_text_ln_lrh0.001_frozen_e5_s43,463,1,1.24275,5.3387,0.0,0.0009463206541059367
text+audio_text_ln_lrh0.001_frozen_e5_s43,464,1,1.41377,3.8469,0.0,0.0009459651617490224
text+audio_text_ln_lrh0.001_frozen_e5_s43,465,1,1.29782,2.6552,0.0,0.0009456096693921082
text+audio_text_ln_lrh0.001_frozen_e5_s43,466,1,1.27029,4.469,0.0,0.0009452541770351938
text+audio_text_ln_lrh0.001_frozen_e5_s43,467,1,1.08507,2.9157,0.0,0.0009448986846782795
text+audio_text_ln_lrh0.001_frozen_e5_s43,468,1,1.17223,3.3364,0.0,0.000944543192321365
text+audio_text_ln_lrh0.001_frozen_e5_s43,469,1,1.44685,4.4552,0.0,0.0009441876999644507
text+audio_text_ln_lrh0.001_frozen_e5_s43,470,1,1.3822,2.5918,0.0,0.0009438322076075364
text+audio_text_ln_lrh0.001_frozen_e5_s43,471,1,1.27284,2.8732,0.0,0.0009434767152506221
text+audio_text_ln_lrh0.001_frozen_e5_s43,472,1,1.20169,3.986,0.0,0.0009431212228937078
text+audio_text_ln_lrh0.001_frozen_e5_s43,473,1,1.40224,2.936,0.0,0.0009427657305367935
text+audio_text_ln_lrh0.001_frozen_e5_s43,474,1,1.76082,4.6899,0.0,0.0009424102381798791
text+audio_text_ln_lrh0.001_frozen_e5_s43,475,1,1.26685,2.6901,0.0,0.0009420547458229648
text+audio_text_ln_lrh0.001_frozen_e5_s43,476,1,1.13608,2.4787,0.0,0.0009416992534660505
text+audio_text_ln_lrh0.001_frozen_e5_s43,477,1,1.31825,5.4011,0.0,0.0009413437611091362
text+audio_text_ln_lrh0.001_frozen_e5_s43,478,1,1.4123,3.1715,0.0,0.0009409882687522219
text+audio_text_ln_lrh0.001_frozen_e5_s43,479,1,1.17212,4.2958,0.0,0.0009406327763953076
text+audio_text_ln_lrh0.001_frozen_e5_s43,480,1,1.27455,3.2901,0.0,0.0009402772840383932
text+audio_text_ln_lrh0.001_frozen_e5_s43,481,1,1.59457,3.7656,0.0,0.0009399217916814789
text+audio_text_ln_lrh0.001_frozen_e5_s43,482,1,1.02003,3.8672,0.0,0.0009395662993245645
text+audio_text_ln_lrh0.001_frozen_e5_s43,483,1,1.2762,3.3707,0.0,0.0009392108069676503
text+audio_text_ln_lrh0.001_frozen_e5_s43,484,1,1.31251,4.421,0.0,0.000938855314610736
text+audio_text_ln_lrh0.001_frozen_e5_s43,485,1,0.7204,2.5132,0.0,0.0009384998222538215
text+audio_text_ln_lrh0.001_frozen_e5_s43,486,1,1.20223,3.2034,0.0,0.0009381443298969072
text+audio_text_ln_lrh0.001_frozen_e5_s43,487,1,1.43499,3.4566,0.0,0.0009377888375399929
text+audio_text_ln_lrh0.001_frozen_e5_s43,488,1,1.0626,3.2494,0.0,0.0009374333451830785
text+audio_text_ln_lrh0.001_frozen_e5_s43,489,1,1.39423,4.9514,0.0,0.0009370778528261643
text+audio_text_ln_lrh0.001_frozen_e5_s43,490,1,1.32593,2.8822,0.0,0.00093672236046925
text+audio_text_ln_lrh0.001_frozen_e5_s43,491,1,1.16299,3.5475,0.0,0.0009363668681123356
text+audio_text_ln_lrh0.001_frozen_e5_s43,492,1,0.85352,4.0041,0.0,0.0009360113757554213
text+audio_text_ln_lrh0.001_frozen_e5_s43,493,1,1.62973,4.4921,0.0,0.000935655883398507
text+audio_text_ln_lrh0.001_frozen_e5_s43,494,1,0.96459,6.2308,0.0,0.0009353003910415926
text+audio_text_ln_lrh0.001_frozen_e5_s43,495,1,0.97606,2.5554,0.0,0.0009349448986846783
text+audio_text_ln_lrh0.001_frozen_e5_s43,496,1,1.85714,6.8782,0.0,0.000934589406327764
text+audio_text_ln_lrh0.001_frozen_e5_s43,497,1,1.58918,4.193,0.0,0.0009342339139708497
text+audio_text_ln_lrh0.001_frozen_e5_s43,498,1,1.29232,3.0811,0.0,0.0009338784216139354
text+audio_text_ln_lrh0.001_frozen_e5_s43,499,1,1.00566,2.8804,0.0,0.0009335229292570209
text+audio_text_ln_lrh0.001_frozen_e5_s43,500,1,1.64401,4.9623,0.0,0.0009331674369001066
text+audio_text_ln_lrh0.001_frozen_e5_s43,501,1,1.10516,2.2892,0.0,0.0009328119445431923
text+audio_text_ln_lrh0.001_frozen_e5_s43,502,1,1.29968,3.0954,0.0,0.000932456452186278
text+audio_text_ln_lrh0.001_frozen_e5_s43,503,1,1.15197,3.6708,0.0,0.0009321009598293637
text+audio_text_ln_lrh0.001_frozen_e5_s43,504,1,1.45871,4.2807,0.0,0.0009317454674724494
text+audio_text_ln_lrh0.001_frozen_e5_s43,505,1,1.41079,4.3722,0.0,0.000931389975115535
text+audio_text_ln_lrh0.001_frozen_e5_s43,506,1,1.23288,3.2832,0.0,0.0009310344827586207
text+audio_text_ln_lrh0.001_frozen_e5_s43,507,1,1.64818,4.7018,0.0,0.0009306789904017064
text+audio_text_ln_lrh0.001_frozen_e5_s43,508,1,0.91665,3.0094,0.0,0.0009303234980447921
text+audio_text_ln_lrh0.001_frozen_e5_s43,509,1,1.69706,4.0314,0.0,0.0009299680056878778
text+audio_text_ln_lrh0.001_frozen_e5_s43,510,1,1.229,3.6068,0.0,0.0009296125133309634
text+audio_text_ln_lrh0.001_frozen_e5_s43,511,1,1.66144,2.7284,0.0,0.0009292570209740491
text+audio_text_ln_lrh0.001_frozen_e5_s43,512,1,1.30607,3.2279,0.0,0.0009289015286171348
text+audio_text_ln_lrh0.001_frozen_e5_s43,513,1,1.27109,3.6182,0.0,0.0009285460362602203
text+audio_text_ln_lrh0.001_frozen_e5_s43,514,1,1.50686,3.3753,0.0,0.0009281905439033061
text+audio_text_ln_lrh0.001_frozen_e5_s43,515,1,0.86777,3.3506,0.0,0.0009278350515463918
text+audio_text_ln_lrh0.001_frozen_e5_s43,516,1,0.98509,3.0254,0.0,0.0009274795591894774
text+audio_text_ln_lrh0.001_frozen_e5_s43,517,1,1.16253,3.5251,0.0,0.0009271240668325631
text+audio_text_ln_lrh0.001_frozen_e5_s43,518,1,1.20444,3.6789,0.0,0.0009267685744756488
text+audio_text_ln_lrh0.001_frozen_e5_s43,519,1,0.80197,4.7002,0.0,0.0009264130821187344
text+audio_text_ln_lrh0.001_frozen_e5_s43,520,1,1.14684,3.999,0.0,0.0009260575897618201
text+audio_text_ln_lrh0.001_frozen_e5_s43,521,1,1.36867,6.0654,0.0,0.0009257020974049059
text+audio_text_ln_lrh0.001_frozen_e5_s43,522,1,1.97249,4.8495,0.0,0.0009253466050479915
text+audio_text_ln_lrh0.001_frozen_e5_s43,523,1,1.03243,5.0104,0.0,0.0009249911126910772
text+audio_text_ln_lrh0.001_frozen_e5_s43,524,1,0.79043,2.0767,0.0,0.0009246356203341628
text+audio_text_ln_lrh0.001_frozen_e5_s43,525,1,1.10049,5.3495,0.0,0.0009242801279772485
text+audio_text_ln_lrh0.001_frozen_e5_s43,526,1,1.38814,4.4309,0.0,0.0009239246356203342
text+audio_text_ln_lrh0.001_frozen_e5_s43,527,1,1.94432,6.3135,0.0,0.0009235691432634199
text+audio_text_ln_lrh0.001_frozen_e5_s43,528,1,0.93277,2.5859,0.0,0.0009232136509065055
text+audio_text_ln_lrh0.001_frozen_e5_s43,529,1,1.41444,4.5679,0.0,0.0009228581585495912
text+audio_text_ln_lrh0.001_frozen_e5_s43,530,1,1.20671,4.2125,0.0,0.0009225026661926768
text+audio_text_ln_lrh0.001_frozen_e5_s43,531,1,1.18496,2.4709,0.0,0.0009221471738357625
text+audio_text_ln_lrh0.001_frozen_e5_s43,532,1,1.75082,3.5179,0.0,0.0009217916814788482
text+audio_text_ln_lrh0.001_frozen_e5_s43,533,1,1.08364,2.443,0.0,0.0009214361891219339
text+audio_text_ln_lrh0.001_frozen_e5_s43,534,1,1.23732,5.0622,0.0,0.0009210806967650196
text+audio_text_ln_lrh0.001_frozen_e5_s43,535,1,1.19825,4.1773,0.0,0.0009207252044081053
text+audio_text_ln_lrh0.001_frozen_e5_s43,536,1,1.23996,4.01,0.0,0.0009203697120511909
text+audio_text_ln_lrh0.001_frozen_e5_s43,537,1,1.1642,2.9548,0.0,0.0009200142196942766
text+audio_text_ln_lrh0.001_frozen_e5_s43,538,1,1.6795,5.2566,0.0,0.0009196587273373622
text+audio_text_ln_lrh0.001_frozen_e5_s43,539,1,1.45594,4.2602,0.0,0.000919303234980448
text+audio_text_ln_lrh0.001_frozen_e5_s43,540,1,1.10743,2.5984,0.0,0.0009189477426235337
text+audio_text_ln_lrh0.001_frozen_e5_s43,541,1,1.08346,2.6142,0.0,0.0009185922502666193
text+audio_text_ln_lrh0.001_frozen_e5_s43,542,1,1.14581,4.0393,0.0,0.000918236757909705
text+audio_text_ln_lrh0.001_frozen_e5_s43,543,1,1.39845,3.6883,0.0,0.0009178812655527906
text+audio_text_ln_lrh0.001_frozen_e5_s43,544,1,1.23763,3.085,0.0,0.0009175257731958762
text+audio_text_ln_lrh0.001_frozen_e5_s43,545,1,1.01575,3.4131,0.0,0.000917170280838962
text+audio_text_ln_lrh0.001_frozen_e5_s43,546,1,1.07095,3.2931,0.0,0.0009168147884820477
text+audio_text_ln_lrh0.001_frozen_e5_s43,547,1,1.13665,2.6308,0.0,0.0009164592961251333
text+audio_text_ln_lrh0.001_frozen_e5_s43,548,1,1.53562,5.3959,0.0,0.000916103803768219
text+audio_text_ln_lrh0.001_frozen_e5_s43,549,1,1.27918,4.3263,0.0,0.0009157483114113047
text+audio_text_ln_lrh0.001_frozen_e5_s43,550,1,1.47935,5.0272,0.0,0.0009153928190543903
text+audio_text_ln_lrh0.001_frozen_e5_s43,551,1,1.35195,3.6526,0.0,0.000915037326697476
text+audio_text_ln_lrh0.001_frozen_e5_s43,552,1,1.08876,5.375,0.0,0.0009146818343405618
text+audio_text_ln_lrh0.001_frozen_e5_s43,553,1,1.33372,2.8545,0.0,0.0009143263419836474
text+audio_text_ln_lrh0.001_frozen_e5_s43,554,1,0.9203,3.2292,0.0,0.0009139708496267331
text+audio_text_ln_lrh0.001_frozen_e5_s43,555,1,1.51476,4.4496,0.0,0.0009136153572698187
text+audio_text_ln_lrh0.001_frozen_e5_s43,556,1,1.11878,8.5568,0.0,0.0009132598649129044
text+audio_text_ln_lrh0.001_frozen_e5_s43,557,1,1.23374,4.9507,0.0,0.00091290437255599
text+audio_text_ln_lrh0.001_frozen_e5_s43,558,1,1.59139,5.9899,0.0,0.0009125488801990757
text+audio_text_ln_lrh0.001_frozen_e5_s43,559,1,1.27677,2.8164,0.0,0.0009121933878421614
text+audio_text_ln_lrh0.001_frozen_e5_s43,560,1,2.03101,6.8389,0.0,0.0009118378954852471
text+audio_text_ln_lrh0.001_frozen_e5_s43,561,1,1.85068,7.5429,0.0,0.0009114824031283327
text+audio_text_ln_lrh0.001_frozen_e5_s43,562,1,1.26766,3.9281,0.0,0.0009111269107714184
text+audio_text_ln_lrh0.001_frozen_e5_s43,563,1,1.26856,4.3168,0.0,0.0009107714184145041
text+audio_text_ln_lrh0.001_frozen_e5_s43,564,1,1.45017,4.6146,0.0,0.0009104159260575898
text+audio_text_ln_lrh0.001_frozen_e5_s43,565,1,1.69369,6.6578,0.0,0.0009100604337006755
text+audio_text_ln_lrh0.001_frozen_e5_s43,566,1,0.80323,2.2981,0.0,0.0009097049413437612
text+audio_text_ln_lrh0.001_frozen_e5_s43,567,1,1.20284,3.2798,0.0,0.0009093494489868468
text+audio_text_ln_lrh0.001_frozen_e5_s43,568,1,1.23659,4.4079,0.0,0.0009089939566299325
text+audio_text_ln_lrh0.001_frozen_e5_s43,569,1,1.47417,5.588,0.0,0.0009086384642730181
text+audio_text_ln_lrh0.001_frozen_e5_s43,570,1,1.48739,4.4974,0.0,0.0009082829719161039
text+audio_text_ln_lrh0.001_frozen_e5_s43,571,1,1.63727,5.5331,0.0,0.0009079274795591896
text+audio_text_ln_lrh0.001_frozen_e5_s43,572,1,1.47213,3.682,0.0,0.0009075719872022751
text+audio_text_ln_lrh0.001_frozen_e5_s43,573,1,1.24797,4.7624,0.0,0.0009072164948453608
text+audio_text_ln_lrh0.001_frozen_e5_s43,574,1,1.50786,3.3301,0.0,0.0009068610024884465
text+audio_text_ln_lrh0.001_frozen_e5_s43,575,1,1.24331,3.5115,0.0,0.0009065055101315321
text+audio_text_ln_lrh0.001_frozen_e5_s43,576,1,1.61267,6.0594,0.0,0.0009061500177746179
text+audio_text_ln_lrh0.001_frozen_e5_s43,577,1,1.44038,3.4025,0.0,0.0009057945254177036
text+audio_text_ln_lrh0.001_frozen_e5_s43,578,1,1.31437,3.3533,0.0,0.0009054390330607892
text+audio_text_ln_lrh0.001_frozen_e5_s43,579,1,1.25757,2.443,0.0,0.0009050835407038749
text+audio_text_ln_lrh0.001_frozen_e5_s43,580,1,1.71675,3.6217,0.0,0.0009047280483469606
text+audio_text_ln_lrh0.001_frozen_e5_s43,581,1,1.30405,4.299,0.0,0.0009043725559900462
text+audio_text_ln_lrh0.001_frozen_e5_s43,582,1,1.20239,3.7761,0.0,0.0009040170636331319
text+audio_text_ln_lrh0.001_frozen_e5_s43,583,1,1.49195,3.4678,0.0,0.0009036615712762176
text+audio_text_ln_lrh0.001_frozen_e5_s43,584,1,1.11314,3.2559,0.0,0.0009033060789193033
text+audio_text_ln_lrh0.001_frozen_e5_s43,585,1,1.43688,2.8714,0.0,0.000902950586562389
text+audio_text_ln_lrh0.001_frozen_e5_s43,586,1,0.81632,3.5238,0.0,0.0009025950942054745
text+audio_text_ln_lrh0.001_frozen_e5_s43,587,1,1.72847,7.4251,0.0,0.0009022396018485602
text+audio_text_ln_lrh0.001_frozen_e5_s43,588,1,1.40738,2.4349,0.0,0.0009018841094916459
text+audio_text_ln_lrh0.001_frozen_e5_s43,589,1,0.86318,2.4338,0.0,0.0009015286171347316
text+audio_text_ln_lrh0.001_frozen_e5_s43,590,1,1.17903,2.9199,0.0,0.0009011731247778173
text+audio_text_ln_lrh0.001_frozen_e5_s43,591,1,0.75614,3.1366,0.0,0.000900817632420903
text+audio_text_ln_lrh0.001_frozen_e5_s43,592,1,1.09714,2.8383,0.0,0.0009004621400639886
text+audio_text_ln_lrh0.001_frozen_e5_s43,593,1,1.12816,3.7827,0.0,0.0009001066477070743
text+audio_text_ln_lrh0.001_frozen_e5_s43,594,1,1.30808,3.0864,0.0,0.00089975115535016
text+audio_text_ln_lrh0.001_frozen_e5_s43,595,1,1.57726,3.6984,0.0,0.0008993956629932457
text+audio_text_ln_lrh0.001_frozen_e5_s43,596,1,1.43424,3.0535,0.0,0.0008990401706363314
text+audio_text_ln_lrh0.001_frozen_e5_s43,597,1,1.61653,3.6821,0.0,0.000898684678279417
text+audio_text_ln_lrh0.001_frozen_e5_s43,598,1,1.34071,2.7846,0.0,0.0008983291859225027
text+audio_text_ln_lrh0.001_frozen_e5_s43,599,1,1.58491,3.466,0.0,0.0008979736935655884
text+audio_text_ln_lrh0.001_frozen_e5_s43,600,1,1.51032,3.8706,0.0,0.000897618201208674
text+audio_text_ln_lrh0.001_frozen_e5_s43,601,1,1.27381,3.7239,0.0,0.0008972627088517597
text+audio_text_ln_lrh0.001_frozen_e5_s43,602,1,1.33409,2.363,0.0,0.0008969072164948454
text+audio_text_ln_lrh0.001_frozen_e5_s43,603,1,1.60859,3.6743,0.0,0.000896551724137931
text+audio_text_ln_lrh0.001_frozen_e5_s43,604,1,1.26327,3.3701,0.0,0.0008961962317810167
text+audio_text_ln_lrh0.001_frozen_e5_s43,605,1,1.88181,4.7154,0.0,0.0008958407394241024
text+audio_text_ln_lrh0.001_frozen_e5_s43,606,1,1.27709,6.9663,0.0,0.000895485247067188
text+audio_text_ln_lrh0.001_frozen_e5_s43,607,1,1.16555,6.3567,0.0,0.0008951297547102738
text+audio_text_ln_lrh0.001_frozen_e5_s43,608,1,1.61147,4.5454,0.0,0.0008947742623533595
text+audio_text_ln_lrh0.001_frozen_e5_s43,609,1,1.40889,3.5108,0.0,0.0008944187699964451
text+audio_text_ln_lrh0.001_frozen_e5_s43,610,1,1.35537,3.4196,0.0,0.0008940632776395308
text+audio_text_ln_lrh0.001_frozen_e5_s43,611,1,1.08116,3.755,0.0,0.0008937077852826164
text+audio_text_ln_lrh0.001_frozen_e5_s43,612,1,1.23237,3.7558,0.0,0.0008933522929257021
text+audio_text_ln_lrh0.001_frozen_e5_s43,613,1,1.36756,4.7268,0.0,0.0008929968005687878
text+audio_text_ln_lrh0.001_frozen_e5_s43,614,1,0.82513,2.4172,0.0,0.0008926413082118735
text+audio_text_ln_lrh0.001_frozen_e5_s43,615,1,1.52954,4.0505,0.0,0.0008922858158549592
text+audio_text_ln_lrh0.001_frozen_e5_s43,616,1,0.93574,2.833,0.0,0.0008919303234980448
text+audio_text_ln_lrh0.001_frozen_e5_s43,617,1,1.6412,7.5154,0.0,0.0008915748311411304
text+audio_text_ln_lrh0.001_frozen_e5_s43,618,1,1.13397,2.817,0.0,0.0008912193387842161
text+audio_text_ln_lrh0.001_frozen_e5_s43,619,1,1.43862,2.6295,0.0,0.0008908638464273018
text+audio_text_ln_lrh0.001_frozen_e5_s43,620,1,1.11521,3.1282,0.0,0.0008905083540703875
text+audio_text_ln_lrh0.001_frozen_e5_s43,621,1,1.40759,3.6395,0.0,0.0008901528617134732
text+audio_text_ln_lrh0.001_frozen_e5_s43,622,1,1.56579,3.8079,0.0,0.0008897973693565589
text+audio_text_ln_lrh0.001_frozen_e5_s43,623,1,1.36426,3.8774,0.0,0.0008894418769996445
text+audio_text_ln_lrh0.001_frozen_e5_s43,624,1,1.28448,3.3828,0.0,0.0008890863846427302
text+audio_text_ln_lrh0.001_frozen_e5_s43,625,1,1.66858,8.1521,0.0,0.0008887308922858158
text+audio_text_ln_lrh0.001_frozen_e5_s43,626,2,1.27542,2.3383,0.0,0.0008883753999289016
text+audio_text_ln_lrh0.001_frozen_e5_s43,627,2,1.30623,4.3075,0.0,0.0008880199075719873
text+audio_text_ln_lrh0.001_frozen_e5_s43,628,2,1.56643,3.515,0.0,0.0008876644152150729
text+audio_text_ln_lrh0.001_frozen_e5_s43,629,2,0.9744,4.7558,0.0,0.0008873089228581586
text+audio_text_ln_lrh0.001_frozen_e5_s43,630,2,0.97669,2.132,0.0,0.0008869534305012442
text+audio_text_ln_lrh0.001_frozen_e5_s43,631,2,1.35238,3.5718,0.0,0.0008865979381443298
text+audio_text_ln_lrh0.001_frozen_e5_s43,632,2,1.04347,2.7377,0.0,0.0008862424457874156
text+audio_text_ln_lrh0.001_frozen_e5_s43,633,2,1.50329,3.1881,0.0,0.0008858869534305013
text+audio_text_ln_lrh0.001_frozen_e5_s43,634,2,1.22947,2.544,0.0,0.0008855314610735869
text+audio_text_ln_lrh0.001_frozen_e5_s43,635,2,1.24754,2.7878,0.0,0.0008851759687166726
text+audio_text_ln_lrh0.001_frozen_e5_s43,636,2,1.06912,3.4093,0.0,0.0008848204763597583
text+audio_text_ln_lrh0.001_frozen_e5_s43,637,2,1.41361,3.7554,0.0,0.0008844649840028439
text+audio_text_ln_lrh0.001_frozen_e5_s43,638,2,1.31952,3.4969,0.0,0.0008841094916459296
text+audio_text_ln_lrh0.001_frozen_e5_s43,639,2,1.22543,4.0492,0.0,0.0008837539992890154
text+audio_text_ln_lrh0.001_frozen_e5_s43,640,2,1.23173,4.1624,0.0,0.000883398506932101
text+audio_text_ln_lrh0.001_frozen_e5_s43,641,2,1.41867,5.0536,0.0,0.0008830430145751867
text+audio_text_ln_lrh0.001_frozen_e5_s43,642,2,1.3104,3.5578,0.0,0.0008826875222182723
text+audio_text_ln_lrh0.001_frozen_e5_s43,643,2,1.51491,4.4287,0.0,0.000882332029861358
text+audio_text_ln_lrh0.001_frozen_e5_s43,644,2,1.08475,4.0484,0.0,0.0008819765375044437
text+audio_text_ln_lrh0.001_frozen_e5_s43,645,2,1.20864,3.7019,0.0,0.0008816210451475293
text+audio_text_ln_lrh0.001_frozen_e5_s43,646,2,1.36637,4.6044,0.0,0.000881265552790615
text+audio_text_ln_lrh0.001_frozen_e5_s43,647,2,1.02518,3.7561,0.0,0.0008809100604337007
text+audio_text_ln_lrh0.001_frozen_e5_s43,648,2,0.68122,3.8054,0.0,0.0008805545680767863
text+audio_text_ln_lrh0.001_frozen_e5_s43,649,2,1.23786,2.9997,0.0,0.000880199075719872
text+audio_text_ln_lrh0.001_frozen_e5_s43,650,2,1.63271,5.6305,0.0,0.0008798435833629577
text+audio_text_ln_lrh0.001_frozen_e5_s43,651,2,1.69408,6.9218,0.0,0.0008794880910060434
text+audio_text_ln_lrh0.001_frozen_e5_s43,652,2,1.322,4.1935,0.0,0.0008791325986491291
text+audio_text_ln_lrh0.001_frozen_e5_s43,653,2,0.83988,2.3599,0.0,0.0008787771062922148
text+audio_text_ln_lrh0.001_frozen_e5_s43,654,2,1.29317,3.6096,0.0,0.0008784216139353004
text+audio_text_ln_lrh0.001_frozen_e5_s43,655,2,1.47383,4.4964,0.0,0.0008780661215783861
text+audio_text_ln_lrh0.001_frozen_e5_s43,656,2,1.6742,6.7112,0.0,0.0008777106292214717
text+audio_text_ln_lrh0.001_frozen_e5_s43,657,2,0.96303,4.0576,0.0,0.0008773551368645575
text+audio_text_ln_lrh0.001_frozen_e5_s43,658,2,1.34774,2.8402,0.0,0.0008769996445076432
text+audio_text_ln_lrh0.001_frozen_e5_s43,659,2,0.94574,3.568,0.0,0.0008766441521507287
text+audio_text_ln_lrh0.001_frozen_e5_s43,660,2,1.03993,3.6256,0.0,0.0008762886597938144
text+audio_text_ln_lrh0.001_frozen_e5_s43,661,2,1.01915,3.8477,0.0,0.0008759331674369001
text+audio_text_ln_lrh0.001_frozen_e5_s43,662,2,1.56908,3.242,0.0,0.0008755776750799857
text+audio_text_ln_lrh0.001_frozen_e5_s43,663,2,0.983,2.1903,0.0,0.0008752221827230715
text+audio_text_ln_lrh0.001_frozen_e5_s43,664,2,1.1749,2.5844,0.0,0.0008748666903661572
text+audio_text_ln_lrh0.001_frozen_e5_s43,665,2,1.11282,2.9339,0.0,0.0008745111980092428
text+audio_text_ln_lrh0.001_frozen_e5_s43,666,2,1.33124,2.7104,0.0,0.0008741557056523285
text+audio_text_ln_lrh0.001_frozen_e5_s43,667,2,1.7318,4.6596,0.0,0.0008738002132954142
text+audio_text_ln_lrh0.001_frozen_e5_s43,668,2,0.76126,2.5683,0.0,0.0008734447209384998
text+audio_text_ln_lrh0.001_frozen_e5_s43,669,2,1.12854,4.0304,0.0,0.0008730892285815855
text+audio_text_ln_lrh0.001_frozen_e5_s43,670,2,1.25744,4.4751,0.0,0.0008727337362246712
text+audio_text_ln_lrh0.001_frozen_e5_s43,671,2,1.36246,3.948,0.0,0.0008723782438677569
text+audio_text_ln_lrh0.001_frozen_e5_s43,672,2,1.57697,3.5871,0.0,0.0008720227515108426
text+audio_text_ln_lrh0.001_frozen_e5_s43,673,2,1.31505,2.7803,0.0,0.0008716672591539281
text+audio_text_ln_lrh0.001_frozen_e5_s43,674,2,0.83616,3.8132,0.0,0.0008713117667970138
text+audio_text_ln_lrh0.001_frozen_e5_s43,675,2,1.34652,3.6259,0.0,0.0008709562744400995
text+audio_text_ln_lrh0.001_frozen_e5_s43,676,2,1.17562,2.9817,0.0,0.0008706007820831852
text+audio_text_ln_lrh0.001_frozen_e5_s43,677,2,1.14752,3.1533,0.0,0.0008702452897262709
text+audio_text_ln_lrh0.001_frozen_e5_s43,678,2,1.47653,3.056,0.0,0.0008698897973693566
text+audio_text_ln_lrh0.001_frozen_e5_s43,679,2,2.14474,6.5666,0.0,0.0008695343050124422
text+audio_text_ln_lrh0.001_frozen_e5_s43,680,2,1.22742,2.8442,0.0,0.0008691788126555279
text+audio_text_ln_lrh0.001_frozen_e5_s43,681,2,1.23168,2.5566,0.0,0.0008688233202986136
text+audio_text_ln_lrh0.001_frozen_e5_s43,682,2,1.59114,4.9232,0.0,0.0008684678279416993
text+audio_text_ln_lrh0.001_frozen_e5_s43,683,2,1.05678,3.5216,0.0,0.000868112335584785
text+audio_text_ln_lrh0.001_frozen_e5_s43,684,2,0.90139,3.7653,0.0,0.0008677568432278706
text+audio_text_ln_lrh0.001_frozen_e5_s43,685,2,1.39309,5.1421,0.0,0.0008674013508709563
text+audio_text_ln_lrh0.001_frozen_e5_s43,686,2,1.03563,2.2839,0.0,0.000867045858514042
text+audio_text_ln_lrh0.001_frozen_e5_s43,687,2,1.18754,2.6071,0.0,0.0008666903661571276
text+audio_text_ln_lrh0.001_frozen_e5_s43,688,2,1.47582,3.9037,0.0,0.0008663348738002134
text+audio_text_ln_lrh0.001_frozen_e5_s43,689,2,1.11399,3.3645,0.0,0.000865979381443299
text+audio_text_ln_lrh0.001_frozen_e5_s43,690,2,1.59335,4.8894,0.0,0.0008656238890863846
text+audio_text_ln_lrh0.001_frozen_e5_s43,691,2,1.5333,5.9424,0.0,0.0008652683967294703
text+audio_text_ln_lrh0.001_frozen_e5_s43,692,2,1.46496,4.6113,0.0,0.000864912904372556
text+audio_text_ln_lrh0.001_frozen_e5_s43,693,2,1.51325,4.0489,0.0,0.0008645574120156416
text+audio_text_ln_lrh0.001_frozen_e5_s43,694,2,1.75541,4.1375,0.0,0.0008642019196587274
text+audio_text_ln_lrh0.001_frozen_e5_s43,695,2,1.17213,6.4603,0.0,0.0008638464273018131
text+audio_text_ln_lrh0.001_frozen_e5_s43,696,2,1.35609,4.8171,0.0,0.0008634909349448987
text+audio_text_ln_lrh0.001_frozen_e5_s43,697,2,1.45022,2.3574,0.0,0.0008631354425879844
text+audio_text_ln_lrh0.001_frozen_e5_s43,698,2,1.1951,3.7395,0.0,0.0008627799502310701
text+audio_text_ln_lrh0.001_frozen_e5_s43,699,2,0.90982,3.8739,0.0,0.0008624244578741557
text+audio_text_ln_lrh0.001_frozen_e5_s43,700,2,1.42108,3.1691,0.0,0.0008620689655172414
text+audio_text_ln_lrh0.001_frozen_e5_s43,701,2,1.17126,2.9211,0.0,0.0008617134731603271
text+audio_text_ln_lrh0.001_frozen_e5_s43,702,2,1.14982,4.341,0.0,0.0008613579808034128
text+audio_text_ln_lrh0.001_frozen_e5_s43,703,2,0.76842,3.0722,0.0,0.0008610024884464985
text+audio_text_ln_lrh0.001_frozen_e5_s43,704,2,1.13303,3.2802,0.0,0.000860646996089584
text+audio_text_ln_lrh0.001_frozen_e5_s43,705,2,1.14259,4.7196,0.0,0.0008602915037326697
text+audio_text_ln_lrh0.001_frozen_e5_s43,706,2,1.61576,5.7576,0.0,0.0008599360113757554
text+audio_text_ln_lrh0.001_frozen_e5_s43,707,2,1.77915,6.4184,0.0,0.0008595805190188411
text+audio_text_ln_lrh0.001_frozen_e5_s43,708,2,1.50847,5.067,0.0,0.0008592250266619268
text+audio_text_ln_lrh0.001_frozen_e5_s43,709,2,1.5421,4.5508,0.0,0.0008588695343050125
text+audio_text_ln_lrh0.001_frozen_e5_s43,710,2,1.06902,2.6425,0.0,0.0008585140419480981
text+audio_text_ln_lrh0.001_frozen_e5_s43,711,2,1.27795,3.3448,0.0,0.0008581585495911838
text+audio_text_ln_lrh0.001_frozen_e5_s43,712,2,1.01094,4.7592,0.0,0.0008578030572342695
text+audio_text_ln_lrh0.001_frozen_e5_s43,713,2,1.19715,5.9954,0.0,0.0008574475648773552
text+audio_text_ln_lrh0.001_frozen_e5_s43,714,2,1.10615,3.4761,0.0,0.0008570920725204409
text+audio_text_ln_lrh0.001_frozen_e5_s43,715,2,1.39417,3.3875,0.0,0.0008567365801635265
text+audio_text_ln_lrh0.001_frozen_e5_s43,716,2,1.19185,4.8682,0.0,0.0008563810878066122
text+audio_text_ln_lrh0.001_frozen_e5_s43,717,2,1.06173,4.4454,0.0,0.0008560255954496979
text+audio_text_ln_lrh0.001_frozen_e5_s43,718,2,0.90118,2.7154,0.0,0.0008556701030927834
text+audio_text_ln_lrh0.001_frozen_e5_s43,719,2,0.62816,2.8233,0.0,0.0008553146107358692
text+audio_text_ln_lrh0.001_frozen_e5_s43,720,2,1.23317,3.2569,0.0,0.0008549591183789549
text+audio_text_ln_lrh0.001_frozen_e5_s43,721,2,1.13669,3.9423,0.0,0.0008546036260220405
text+audio_text_ln_lrh0.001_frozen_e5_s43,722,2,0.83632,3.016,0.0,0.0008542481336651262
text+audio_text_ln_lrh0.001_frozen_e5_s43,723,2,1.75031,6.8345,0.0,0.0008538926413082119
text+audio_text_ln_lrh0.001_frozen_e5_s43,724,2,1.21627,3.1818,0.0,0.0008535371489512975
text+audio_text_ln_lrh0.001_frozen_e5_s43,725,2,0.99002,3.3743,0.0,0.0008531816565943833
text+audio_text_ln_lrh0.001_frozen_e5_s43,726,2,1.2106,3.4143,0.0,0.000852826164237469
text+audio_text_ln_lrh0.001_frozen_e5_s43,727,2,1.22842,4.0141,0.0,0.0008524706718805546
text+audio_text_ln_lrh0.001_frozen_e5_s43,728,2,1.20889,3.5272,0.0,0.0008521151795236403
text+audio_text_ln_lrh0.001_frozen_e5_s43,729,2,1.515,4.7618,0.0,0.0008517596871667259
text+audio_text_ln_lrh0.001_frozen_e5_s43,730,2,1.08172,2.6123,0.0,0.0008514041948098116
text+audio_text_ln_lrh0.001_frozen_e5_s43,731,2,1.7874,3.9215,0.0,0.0008510487024528973
text+audio_text_ln_lrh0.001_frozen_e5_s43,732,2,1.54314,4.5721,0.0,0.000850693210095983
text+audio_text_ln_lrh0.001_frozen_e5_s43,733,2,1.52896,7.1641,0.0,0.0008503377177390686
text+audio_text_ln_lrh0.001_frozen_e5_s43,734,2,1.66694,6.7029,0.0,0.0008499822253821543
text+audio_text_ln_lrh0.001_frozen_e5_s43,735,2,1.07875,3.574,0.0,0.0008496267330252399
text+audio_text_ln_lrh0.001_frozen_e5_s43,736,2,0.97448,3.6916,0.0,0.0008492712406683256
text+audio_text_ln_lrh0.001_frozen_e5_s43,737,2,1.5232,3.9054,0.0,0.0008489157483114113
text+audio_text_ln_lrh0.001_frozen_e5_s43,738,2,1.33246,3.8479,0.0,0.000848560255954497
text+audio_text_ln_lrh0.001_frozen_e5_s43,739,2,1.15823,4.6203,0.0,0.0008482047635975827
text+audio_text_ln_lrh0.001_frozen_e5_s43,740,2,1.49623,3.4002,0.0,0.0008478492712406684
text+audio_text_ln_lrh0.001_frozen_e5_s43,741,2,1.30274,3.6904,0.0,0.000847493778883754
text+audio_text_ln_lrh0.001_frozen_e5_s43,742,2,1.2693,3.3214,0.0,0.0008471382865268397
text+audio_text_ln_lrh0.001_frozen_e5_s43,743,2,0.82065,3.0993,0.0,0.0008467827941699253
text+audio_text_ln_lrh0.001_frozen_e5_s43,744,2,1.36011,5.4865,0.0,0.0008464273018130111
text+audio_text_ln_lrh0.001_frozen_e5_s43,745,2,1.92173,7.9762,0.0,0.0008460718094560968
text+audio_text_ln_lrh0.001_frozen_e5_s43,746,2,1.43708,3.9748,0.0,0.0008457163170991824
text+audio_text_ln_lrh0.001_frozen_e5_s43,747,2,1.46421,5.671,0.0,0.000845360824742268
text+audio_text_ln_lrh0.001_frozen_e5_s43,748,2,0.88251,2.7493,0.0,0.0008450053323853537
text+audio_text_ln_lrh0.001_frozen_e5_s43,749,2,1.10293,3.2723,0.0,0.0008446498400284393
text+audio_text_ln_lrh0.001_frozen_e5_s43,750,2,1.48882,3.2362,0.0,0.0008442943476715251
text+audio_text_ln_lrh0.001_frozen_e5_s43,751,2,0.94972,3.1136,0.0,0.0008439388553146108
text+audio_text_ln_lrh0.001_frozen_e5_s43,752,2,1.21617,2.9089,0.0,0.0008435833629576964
text+audio_text_ln_lrh0.001_frozen_e5_s43,753,2,1.47156,4.0558,0.0,0.0008432278706007821
text+audio_text_ln_lrh0.001_frozen_e5_s43,754,2,1.17821,3.127,0.0,0.0008428723782438678
text+audio_text_ln_lrh0.001_frozen_e5_s43,755,2,1.50812,3.6984,0.0,0.0008425168858869534
text+audio_text_ln_lrh0.001_frozen_e5_s43,756,2,1.35179,5.7285,0.0,0.0008421613935300392
text+audio_text_ln_lrh0.001_frozen_e5_s43,757,2,1.52308,4.7427,0.0,0.0008418059011731248
text+audio_text_ln_lrh0.001_frozen_e5_s43,758,2,1.4835,3.0942,0.0,0.0008414504088162105
text+audio_text_ln_lrh0.001_frozen_e5_s43,759,2,1.09816,4.6315,0.0,0.0008410949164592962
text+audio_text_ln_lrh0.001_frozen_e5_s43,760,2,1.05873,4.8691,0.0,0.0008407394241023818
text+audio_text_ln_lrh0.001_frozen_e5_s43,761,2,1.27055,2.2151,0.0,0.0008403839317454674
text+audio_text_ln_lrh0.001_frozen_e5_s43,762,2,1.45624,2.871,0.0,0.0008400284393885531
text+audio_text_ln_lrh0.001_frozen_e5_s43,763,2,1.13438,3.5891,0.0,0.0008396729470316388
text+audio_text_ln_lrh0.001_frozen_e5_s43,764,2,1.22871,4.3153,0.0,0.0008393174546747245
text+audio_text_ln_lrh0.001_frozen_e5_s43,765,2,1.21523,4.8788,0.0,0.0008389619623178102
text+audio_text_ln_lrh0.001_frozen_e5_s43,766,2,0.74472,2.2985,0.0,0.0008386064699608958
text+audio_text_ln_lrh0.001_frozen_e5_s43,767,2,0.99767,2.9076,0.0,0.0008382509776039815
text+audio_text_ln_lrh0.001_frozen_e5_s43,768,2,1.60733,3.2275,0.0,0.0008378954852470672
text+audio_text_ln_lrh0.001_frozen_e5_s43,769,2,0.9016,3.9861,0.0,0.0008375399928901529
text+audio_text_ln_lrh0.001_frozen_e5_s43,770,2,1.12918,5.6822,0.0,0.0008371845005332386
text+audio_text_ln_lrh0.001_frozen_e5_s43,771,2,0.62503,3.2033,0.0,0.0008368290081763243
text+audio_text_ln_lrh0.001_frozen_e5_s43,772,2,1.56975,5.6072,0.0,0.0008364735158194099
text+audio_text_ln_lrh0.001_frozen_e5_s43,773,2,0.71544,2.2822,0.0,0.0008361180234624956
text+audio_text_ln_lrh0.001_frozen_e5_s43,774,2,1.67734,7.4677,0.0,0.0008357625311055812
text+audio_text_ln_lrh0.001_frozen_e5_s43,775,2,0.87594,2.826,0.0,0.000835407038748667
text+audio_text_ln_lrh0.001_frozen_e5_s43,776,2,1.9573,5.7735,0.0,0.0008350515463917527
text+audio_text_ln_lrh0.001_frozen_e5_s43,777,2,0.73428,3.4341,0.0,0.0008346960540348382
text+audio_text_ln_lrh0.001_frozen_e5_s43,778,2,0.86963,2.5582,0.0,0.0008343405616779239
text+audio_text_ln_lrh0.001_frozen_e5_s43,779,2,1.27119,4.18,0.0,0.0008339850693210096
text+audio_text_ln_lrh0.001_frozen_e5_s43,780,2,1.18293,2.5202,0.0,0.0008336295769640952
text+audio_text_ln_lrh0.001_frozen_e5_s43,781,2,0.75071,2.3161,0.0,0.000833274084607181
text+audio_text_ln_lrh0.001_frozen_e5_s43,782,2,0.95582,2.403,0.0,0.0008329185922502667
text+audio_text_ln_lrh0.001_frozen_e5_s43,783,2,1.10499,3.4805,0.0,0.0008325630998933523
text+audio_text_ln_lrh0.001_frozen_e5_s43,784,2,1.15648,3.0275,0.0,0.000832207607536438
text+audio_text_ln_lrh0.001_frozen_e5_s43,785,2,1.61267,4.3533,0.0,0.0008318521151795237
text+audio_text_ln_lrh0.001_frozen_e5_s43,786,2,1.22861,3.4348,0.0,0.0008314966228226093
text+audio_text_ln_lrh0.001_frozen_e5_s43,787,2,1.00175,5.2216,0.0,0.000831141130465695
text+audio_text_ln_lrh0.001_frozen_e5_s43,788,2,0.66737,2.8766,0.0,0.0008307856381087807
text+audio_text_ln_lrh0.001_frozen_e5_s43,789,2,1.60564,5.3472,0.0,0.0008304301457518664
text+audio_text_ln_lrh0.001_frozen_e5_s43,790,2,1.45006,3.0869,0.0,0.0008300746533949521
text+audio_text_ln_lrh0.001_frozen_e5_s43,791,2,0.98874,3.2929,0.0,0.0008297191610380376
text+audio_text_ln_lrh0.001_frozen_e5_s43,792,2,1.42108,5.3301,0.0,0.0008293636686811233
text+audio_text_ln_lrh0.001_frozen_e5_s43,793,2,0.97826,2.5385,0.0,0.000829008176324209
text+audio_text_ln_lrh0.001_frozen_e5_s43,794,2,2.0503,4.1609,0.0,0.0008286526839672947
text+audio_text_ln_lrh0.001_frozen_e5_s43,795,2,0.82505,3.1162,0.0,0.0008282971916103804
text+audio_text_ln_lrh0.001_frozen_e5_s43,796,2,0.98721,2.6706,0.0,0.0008279416992534661
text+audio_text_ln_lrh0.001_frozen_e5_s43,797,2,1.42632,6.267,0.0,0.0008275862068965517
text+audio_text_ln_lrh0.001_frozen_e5_s43,798,2,0.81649,3.2957,0.0,0.0008272307145396374
text+audio_text_ln_lrh0.001_frozen_e5_s43,799,2,1.12021,3.6553,0.0,0.0008268752221827231
text+audio_text_ln_lrh0.001_frozen_e5_s43,800,2,1.35384,2.4363,0.0,0.0008265197298258088
text+audio_text_ln_lrh0.001_frozen_e5_s43,801,2,0.98554,3.2063,0.0,0.0008261642374688945
text+audio_text_ln_lrh0.001_frozen_e5_s43,802,2,1.17016,2.8925,0.0,0.0008258087451119801
text+audio_text_ln_lrh0.001_frozen_e5_s43,803,2,1.81054,5.0893,0.0,0.0008254532527550658
text+audio_text_ln_lrh0.001_frozen_e5_s43,804,2,1.1121,2.4776,0.0,0.0008250977603981515
text+audio_text_ln_lrh0.001_frozen_e5_s43,805,2,1.42112,5.4614,0.0,0.000824742268041237
text+audio_text_ln_lrh0.001_frozen_e5_s43,806,2,1.54479,3.1874,0.0,0.0008243867756843228
text+audio_text_ln_lrh0.001_frozen_e5_s43,807,2,1.6674,3.4783,0.0,0.0008240312833274085
text+audio_text_ln_lrh0.001_frozen_e5_s43,808,2,1.81127,3.6051,0.0,0.0008236757909704941
text+audio_text_ln_lrh0.001_frozen_e5_s43,809,2,1.11462,4.7761,0.0,0.0008233202986135798
text+audio_text_ln_lrh0.001_frozen_e5_s43,810,2,1.56907,3.4667,0.0,0.0008229648062566655
text+audio_text_ln_lrh0.001_frozen_e5_s43,811,2,0.74298,3.903,0.0,0.0008226093138997511
text+audio_text_ln_lrh0.001_frozen_e5_s43,812,2,1.20793,2.3608,0.0,0.0008222538215428369
text+audio_text_ln_lrh0.001_frozen_e5_s43,813,2,1.10678,5.038,0.0,0.0008218983291859226
text+audio_text_ln_lrh0.001_frozen_e5_s43,814,2,1.13942,2.5513,0.0,0.0008215428368290082
text+audio_text_ln_lrh0.001_frozen_e5_s43,815,2,1.05937,4.1246,0.0,0.0008211873444720939
text+audio_text_ln_lrh0.001_frozen_e5_s43,816,2,1.13569,4.8522,0.0,0.0008208318521151795
text+audio_text_ln_lrh0.001_frozen_e5_s43,817,2,1.63168,6.0149,0.0,0.0008204763597582652
text+audio_text_ln_lrh0.001_frozen_e5_s43,818,2,1.77343,4.5005,0.0,0.0008201208674013509
text+audio_text_ln_lrh0.001_frozen_e5_s43,819,2,1.78793,4.0384,0.0,0.0008197653750444366
text+audio_text_ln_lrh0.001_frozen_e5_s43,820,2,1.52242,3.7739,0.0,0.0008194098826875223
text+audio_text_ln_lrh0.001_frozen_e5_s43,821,2,1.13951,3.3205,0.0,0.0008190543903306079
text+audio_text_ln_lrh0.001_frozen_e5_s43,822,2,1.54424,3.8963,0.0,0.0008186988979736935
text+audio_text_ln_lrh0.001_frozen_e5_s43,823,2,1.40837,6.4341,0.0,0.0008183434056167792
text+audio_text_ln_lrh0.001_frozen_e5_s43,824,2,0.98603,5.7885,0.0,0.0008179879132598649
text+audio_text_ln_lrh0.001_frozen_e5_s43,825,2,1.08806,4.6197,0.0,0.0008176324209029506
text+audio_text_ln_lrh0.001_frozen_e5_s43,826,2,1.10167,5.4089,0.0,0.0008172769285460363
text+audio_text_ln_lrh0.001_frozen_e5_s43,827,2,1.52097,4.1037,0.0,0.000816921436189122
text+audio_text_ln_lrh0.001_frozen_e5_s43,828,2,1.2659,3.7571,0.0,0.0008165659438322076
text+audio_text_ln_lrh0.001_frozen_e5_s43,829,2,1.47638,3.8392,0.0,0.0008162104514752933
text+audio_text_ln_lrh0.001_frozen_e5_s43,830,2,1.18206,2.7764,0.0,0.0008158549591183789
text+audio_text_ln_lrh0.001_frozen_e5_s43,831,2,1.01102,2.5253,0.0,0.0008154994667614647
text+audio_text_ln_lrh0.001_frozen_e5_s43,832,2,1.1623,2.5387,0.0,0.0008151439744045504
text+audio_text_ln_lrh0.001_frozen_e5_s43,833,2,1.36456,3.9733,0.0,0.000814788482047636
text+audio_text_ln_lrh0.001_frozen_e5_s43,834,2,1.1331,3.5887,0.0,0.0008144329896907217
text+audio_text_ln_lrh0.001_frozen_e5_s43,835,2,0.65962,3.0068,0.0,0.0008140774973338073
text+audio_text_ln_lrh0.001_frozen_e5_s43,836,2,1.05179,2.3368,0.0,0.0008137220049768929
text+audio_text_ln_lrh0.001_frozen_e5_s43,837,2,1.12077,2.2702,0.0,0.0008133665126199787
text+audio_text_ln_lrh0.001_frozen_e5_s43,838,2,1.37397,3.4666,0.0,0.0008130110202630644
text+audio_text_ln_lrh0.001_frozen_e5_s43,839,2,1.67386,3.9671,0.0,0.00081265552790615
text+audio_text_ln_lrh0.001_frozen_e5_s43,840,2,1.3797,3.1668,0.0,0.0008123000355492357
text+audio_text_ln_lrh0.001_frozen_e5_s43,841,2,1.35902,3.1912,0.0,0.0008119445431923214
text+audio_text_ln_lrh0.001_frozen_e5_s43,842,2,1.20659,3.4906,0.0,0.000811589050835407
text+audio_text_ln_lrh0.001_frozen_e5_s43,843,2,1.02908,2.3103,0.0,0.0008112335584784928
text+audio_text_ln_lrh0.001_frozen_e5_s43,844,2,1.26565,3.1822,0.0,0.0008108780661215785
text+audio_text_ln_lrh0.001_frozen_e5_s43,845,2,1.07376,4.2355,0.0,0.0008105225737646641
text+audio_text_ln_lrh0.001_frozen_e5_s43,846,2,1.31138,4.841,0.0,0.0008101670814077498
text+audio_text_ln_lrh0.001_frozen_e5_s43,847,2,1.57008,3.7122,0.0,0.0008098115890508354
text+audio_text_ln_lrh0.001_frozen_e5_s43,848,2,1.1719,3.2671,0.0,0.0008094560966939211
text+audio_text_ln_lrh0.001_frozen_e5_s43,849,2,0.87705,3.9132,0.0,0.0008091006043370067
text+audio_text_ln_lrh0.001_frozen_e5_s43,850,2,1.42609,2.828,0.0,0.0008087451119800924
text+audio_text_ln_lrh0.001_frozen_e5_s43,851,2,1.39521,3.4491,0.0,0.0008083896196231781
text+audio_text_ln_lrh0.001_frozen_e5_s43,852,2,1.18731,2.9737,0.0,0.0008080341272662638
text+audio_text_ln_lrh0.001_frozen_e5_s43,853,2,1.33187,2.8222,0.0,0.0008076786349093494
text+audio_text_ln_lrh0.001_frozen_e5_s43,854,2,1.04613,2.8013,0.0,0.0008073231425524351
text+audio_text_ln_lrh0.001_frozen_e5_s43,855,2,0.99433,3.2034,0.0,0.0008069676501955208
text+audio_text_ln_lrh0.001_frozen_e5_s43,856,2,0.93757,2.533,0.0,0.0008066121578386065
text+audio_text_ln_lrh0.001_frozen_e5_s43,857,2,1.16184,3.5919,0.0,0.0008062566654816922
text+audio_text_ln_lrh0.001_frozen_e5_s43,858,2,1.59467,4.5862,0.0,0.0008059011731247779
text+audio_text_ln_lrh0.001_frozen_e5_s43,859,2,1.32245,3.5221,0.0,0.0008055456807678635
text+audio_text_ln_lrh0.001_frozen_e5_s43,860,2,1.01797,3.1066,0.0,0.0008051901884109492
text+audio_text_ln_lrh0.001_frozen_e5_s43,861,2,1.46451,4.3337,0.0,0.0008048346960540348
text+audio_text_ln_lrh0.001_frozen_e5_s43,862,2,1.27705,2.4696,0.0,0.0008044792036971206
text+audio_text_ln_lrh0.001_frozen_e5_s43,863,2,1.16936,2.8316,0.0,0.0008041237113402063
text+audio_text_ln_lrh0.001_frozen_e5_s43,864,2,1.05458,2.9876,0.0,0.0008037682189832918
text+audio_text_ln_lrh0.001_frozen_e5_s43,865,2,1.50841,4.3478,0.0,0.0008034127266263775
text+audio_text_ln_lrh0.001_frozen_e5_s43,866,2,1.14207,3.4247,0.0,0.0008030572342694632
text+audio_text_ln_lrh0.001_frozen_e5_s43,867,2,1.25908,3.6874,0.0,0.0008027017419125488
text+audio_text_ln_lrh0.001_frozen_e5_s43,868,2,1.38277,3.4735,0.0,0.0008023462495556346
text+audio_text_ln_lrh0.001_frozen_e5_s43,869,2,1.35198,4.908,0.0,0.0008019907571987203
text+audio_text_ln_lrh0.001_frozen_e5_s43,870,2,1.61121,3.6821,0.0,0.0008016352648418059
text+audio_text_ln_lrh0.001_frozen_e5_s43,871,2,1.14268,2.8533,0.0,0.0008012797724848916
text+audio_text_ln_lrh0.001_frozen_e5_s43,872,2,1.33471,2.7421,0.0,0.0008009242801279773
text+audio_text_ln_lrh0.001_frozen_e5_s43,873,2,1.14308,3.5043,0.0,0.0008005687877710629
text+audio_text_ln_lrh0.001_frozen_e5_s43,874,2,0.88419,3.1611,0.0,0.0008002132954141487
text+audio_text_ln_lrh0.001_frozen_e5_s43,875,2,1.28111,2.9567,0.0,0.0007998578030572343
text+audio_text_ln_lrh0.001_frozen_e5_s43,876,2,0.23503,2.8252,0.0,0.00079950231070032
text+audio_text_ln_lrh0.001_frozen_e5_s43,877,2,1.17019,3.8051,0.0,0.0007991468183434057
text+audio_text_ln_lrh0.001_frozen_e5_s43,878,2,1.62325,6.0304,0.0,0.0007987913259864912
text+audio_text_ln_lrh0.001_frozen_e5_s43,879,2,0.67834,3.3413,0.0,0.0007984358336295769
text+audio_text_ln_lrh0.001_frozen_e5_s43,880,2,1.34457,3.8573,0.0,0.0007980803412726626
text+audio_text_ln_lrh0.001_frozen_e5_s43,881,2,1.70648,6.2626,0.0,0.0007977248489157483
text+audio_text_ln_lrh0.001_frozen_e5_s43,882,2,1.06861,4.7218,0.0,0.000797369356558834
text+audio_text_ln_lrh0.001_frozen_e5_s43,883,2,1.66677,5.5946,0.0,0.0007970138642019197
text+audio_text_ln_lrh0.001_frozen_e5_s43,884,2,1.50033,4.4658,0.0,0.0007966583718450053
text+audio_text_ln_lrh0.001_frozen_e5_s43,885,2,0.8462,3.7848,0.0,0.000796302879488091
text+audio_text_ln_lrh0.001_frozen_e5_s43,886,2,1.75835,3.9557,0.0,0.0007959473871311767
text+audio_text_ln_lrh0.001_frozen_e5_s43,887,2,1.3643,2.9197,0.0,0.0007955918947742624
text+audio_text_ln_lrh0.001_frozen_e5_s43,888,2,1.18716,3.809,0.0,0.0007952364024173481
text+audio_text_ln_lrh0.001_frozen_e5_s43,889,2,1.3726,4.5966,0.0,0.0007948809100604337
text+audio_text_ln_lrh0.001_frozen_e5_s43,890,2,1.09414,2.4909,0.0,0.0007945254177035194
text+audio_text_ln_lrh0.001_frozen_e5_s43,891,2,1.25146,5.0466,0.0,0.0007941699253466051
text+audio_text_ln_lrh0.001_frozen_e5_s43,892,2,1.27955,3.8306,0.0,0.0007938144329896907
text+audio_text_ln_lrh0.001_frozen_e5_s43,893,2,1.26789,3.4042,0.0,0.0007934589406327765
text+audio_text_ln_lrh0.001_frozen_e5_s43,894,2,1.34035,3.8562,0.0,0.0007931034482758621
text+audio_text_ln_lrh0.001_frozen_e5_s43,895,2,1.38811,3.315,0.0,0.0007927479559189477
text+audio_text_ln_lrh0.001_frozen_e5_s43,896,2,1.07939,4.4474,0.0,0.0007923924635620334
text+audio_text_ln_lrh0.001_frozen_e5_s43,897,2,1.28382,3.3446,0.0,0.0007920369712051191
text+audio_text_ln_lrh0.001_frozen_e5_s43,898,2,1.17922,4.5484,0.0,0.0007916814788482047
text+audio_text_ln_lrh0.001_frozen_e5_s43,899,2,1.22844,3.3418,0.0,0.0007913259864912905
text+audio_text_ln_lrh0.001_frozen_e5_s43,900,2,1.15557,2.7222,0.0,0.0007909704941343762
text+audio_text_ln_lrh0.001_frozen_e5_s43,901,2,1.44757,4.6019,0.0,0.0007906150017774618
text+audio_text_ln_lrh0.001_frozen_e5_s43,902,2,1.32962,4.8096,0.0,0.0007902595094205475
text+audio_text_ln_lrh0.001_frozen_e5_s43,903,2,1.78173,4.1287,0.0,0.0007899040170636331
text+audio_text_ln_lrh0.001_frozen_e5_s43,904,2,1.11198,2.3587,0.0,0.0007895485247067188
text+audio_text_ln_lrh0.001_frozen_e5_s43,905,2,1.04241,2.9039,0.0,0.0007891930323498045
text+audio_text_ln_lrh0.001_frozen_e5_s43,906,2,0.79636,2.3272,0.0,0.0007888375399928902
text+audio_text_ln_lrh0.001_frozen_e5_s43,907,2,1.2514,5.3276,0.0,0.0007884820476359759
text+audio_text_ln_lrh0.001_frozen_e5_s43,908,2,1.63758,3.4188,0.0,0.0007881265552790616
text+audio_text_ln_lrh0.001_frozen_e5_s43,909,2,1.47607,4.0514,0.0,0.0007877710629221471
text+audio_text_ln_lrh0.001_frozen_e5_s43,910,2,1.48261,2.9058,0.0,0.0007874155705652328
text+audio_text_ln_lrh0.001_frozen_e5_s43,911,2,1.26477,4.9008,0.0,0.0007870600782083185
text+audio_text_ln_lrh0.001_frozen_e5_s43,912,2,1.32926,3.5517,0.0,0.0007867045858514042
text+audio_text_ln_lrh0.001_frozen_e5_s43,913,2,1.64508,3.8366,0.0,0.0007863490934944899
text+audio_text_ln_lrh0.001_frozen_e5_s43,914,2,0.96995,2.2211,0.0,0.0007859936011375756
text+audio_text_ln_lrh0.001_frozen_e5_s43,915,2,1.36465,2.7243,0.0,0.0007856381087806612
text+audio_text_ln_lrh0.001_frozen_e5_s43,916,2,0.89126,5.3861,0.0,0.0007852826164237469
text+audio_text_ln_lrh0.001_frozen_e5_s43,917,2,1.25353,2.7807,0.0,0.0007849271240668325
text+audio_text_ln_lrh0.001_frozen_e5_s43,918,2,1.36468,3.3539,0.0,0.0007845716317099183
text+audio_text_ln_lrh0.001_frozen_e5_s43,919,2,1.22762,4.24,0.0,0.000784216139353004
text+audio_text_ln_lrh0.001_frozen_e5_s43,920,2,1.95817,4.1078,0.0,0.0007838606469960896
text+audio_text_ln_lrh0.001_frozen_e5_s43,921,2,0.86433,3.4969,0.0,0.0007835051546391753
text+audio_text_ln_lrh0.001_frozen_e5_s43,922,2,1.48276,3.4205,0.0,0.000783149662282261
text+audio_text_ln_lrh0.001_frozen_e5_s43,923,2,1.12879,4.2905,0.0,0.0007827941699253465
text+audio_text_ln_lrh0.001_frozen_e5_s43,924,2,1.19996,5.5358,0.0,0.0007824386775684323
text+audio_text_ln_lrh0.001_frozen_e5_s43,925,2,1.35986,2.9311,0.0,0.000782083185211518
text+audio_text_ln_lrh0.001_frozen_e5_s43,926,2,1.46182,5.1978,0.0,0.0007817276928546036
text+audio_text_ln_lrh0.001_frozen_e5_s43,927,2,1.53118,2.9352,0.0,0.0007813722004976893
text+audio_text_ln_lrh0.001_frozen_e5_s43,928,2,1.595,3.5213,0.0,0.000781016708140775
text+audio_text_ln_lrh0.001_frozen_e5_s43,929,2,2.2746,5.9707,0.0,0.0007806612157838606
text+audio_text_ln_lrh0.001_frozen_e5_s43,930,2,1.39463,3.04,0.0,0.0007803057234269464
text+audio_text_ln_lrh0.001_frozen_e5_s43,931,2,1.68565,3.43,0.0,0.0007799502310700321
text+audio_text_ln_lrh0.001_frozen_e5_s43,932,2,1.16212,2.2189,0.0,0.0007795947387131177
text+audio_text_ln_lrh0.001_frozen_e5_s43,933,2,1.37985,2.4595,0.0,0.0007792392463562034
text+audio_text_ln_lrh0.001_frozen_e5_s43,934,2,0.99793,2.2571,0.0,0.000778883753999289
text+audio_text_ln_lrh0.001_frozen_e5_s43,935,2,1.59988,3.0469,0.0,0.0007785282616423747
text+audio_text_ln_lrh0.001_frozen_e5_s43,936,2,1.13811,5.128,0.0,0.0007781727692854604
text+audio_text_ln_lrh0.001_frozen_e5_s43,937,2,1.36099,3.2581,0.0,0.000777817276928546
text+audio_text_ln_lrh0.001_frozen_e5_s43,938,2,1.1221,3.9455,0.0,0.0007774617845716317
text+audio_text_ln_lrh0.001_frozen_e5_s43,939,2,0.97275,4.7582,0.0,0.0007771062922147174
text+audio_text_ln_lrh0.001_frozen_e5_s43,940,2,1.21529,4.8822,0.0,0.000776750799857803
text+audio_text_ln_lrh0.001_frozen_e5_s43,941,2,1.34795,3.2056,0.0,0.0007763953075008887
text+audio_text_ln_lrh0.001_frozen_e5_s43,942,2,1.3623,3.0772,0.0,0.0007760398151439744
text+audio_text_ln_lrh0.001_frozen_e5_s43,943,2,1.15402,2.1881,0.0,0.0007756843227870601
text+audio_text_ln_lrh0.001_frozen_e5_s43,944,2,0.94218,2.9981,0.0,0.0007753288304301458
text+audio_text_ln_lrh0.001_frozen_e5_s43,945,2,0.87168,4.0349,0.0,0.0007749733380732315
text+audio_text_ln_lrh0.001_frozen_e5_s43,946,2,1.31673,3.024,0.0,0.0007746178457163171
text+audio_text_ln_lrh0.001_frozen_e5_s43,947,2,0.76125,2.0707,0.0,0.0007742623533594028
text+audio_text_ln_lrh0.001_frozen_e5_s43,948,2,1.3662,3.5729,0.0,0.0007739068610024884
text+audio_text_ln_lrh0.001_frozen_e5_s43,949,2,0.77483,2.4987,0.0,0.0007735513686455742
text+audio_text_ln_lrh0.001_frozen_e5_s43,950,2,1.58042,4.2556,0.0,0.0007731958762886599
text+audio_text_ln_lrh0.001_frozen_e5_s43,951,2,0.93711,3.299,0.0,0.0007728403839317455
text+audio_text_ln_lrh0.001_frozen_e5_s43,952,2,1.52094,4.1941,0.0,0.0007724848915748311
text+audio_text_ln_lrh0.001_frozen_e5_s43,953,2,0.93051,2.5643,0.0,0.0007721293992179168
text+audio_text_ln_lrh0.001_frozen_e5_s43,954,2,1.41431,5.9847,0.0,0.0007717739068610024
text+audio_text_ln_lrh0.001_frozen_e5_s43,955,2,1.24599,4.0635,0.0,0.0007714184145040882
text+audio_text_ln_lrh0.001_frozen_e5_s43,956,2,1.10635,4.8182,0.0,0.0007710629221471739
text+audio_text_ln_lrh0.001_frozen_e5_s43,957,2,1.05433,3.1054,0.0,0.0007707074297902595
text+audio_text_ln_lrh0.001_frozen_e5_s43,958,2,1.26533,3.2218,0.0,0.0007703519374333452
text+audio_text_ln_lrh0.001_frozen_e5_s43,959,2,0.95623,3.2978,0.0,0.0007699964450764309
text+audio_text_ln_lrh0.001_frozen_e5_s43,960,2,1.79448,5.4823,0.0,0.0007696409527195165
text+audio_text_ln_lrh0.001_frozen_e5_s43,961,2,1.08653,3.1307,0.0,0.0007692854603626023
text+audio_text_ln_lrh0.001_frozen_e5_s43,962,2,1.64941,3.9886,0.0,0.0007689299680056879
text+audio_text_ln_lrh0.001_frozen_e5_s43,963,2,1.80995,4.9061,0.0,0.0007685744756487736
text+audio_text_ln_lrh0.001_frozen_e5_s43,964,2,1.34033,3.714,0.0,0.0007682189832918593
text+audio_text_ln_lrh0.001_frozen_e5_s43,965,2,1.41283,4.0146,0.0,0.0007678634909349449
text+audio_text_ln_lrh0.001_frozen_e5_s43,966,2,1.02388,2.613,0.0,0.0007675079985780305
text+audio_text_ln_lrh0.001_frozen_e5_s43,967,2,1.15424,3.005,0.0,0.0007671525062211162
text+audio_text_ln_lrh0.001_frozen_e5_s43,968,2,0.78264,2.4918,0.0,0.0007667970138642019
text+audio_text_ln_lrh0.001_frozen_e5_s43,969,2,0.96984,2.4001,0.0,0.0007664415215072876
text+audio_text_ln_lrh0.001_frozen_e5_s43,970,2,1.66033,4.2665,0.0,0.0007660860291503733
text+audio_text_ln_lrh0.001_frozen_e5_s43,971,2,1.08205,3.5103,0.0,0.0007657305367934589
text+audio_text_ln_lrh0.001_frozen_e5_s43,972,2,1.18648,3.1266,0.0,0.0007653750444365446
text+audio_text_ln_lrh0.001_frozen_e5_s43,973,2,1.11003,3.4871,0.0,0.0007650195520796303
text+audio_text_ln_lrh0.001_frozen_e5_s43,974,2,1.23615,2.9853,0.0,0.000764664059722716
text+audio_text_ln_lrh0.001_frozen_e5_s43,975,2,1.4935,4.1022,0.0,0.0007643085673658017
text+audio_text_ln_lrh0.001_frozen_e5_s43,976,2,1.11398,2.7273,0.0,0.0007639530750088873
text+audio_text_ln_lrh0.001_frozen_e5_s43,977,2,0.97954,2.1661,0.0,0.000763597582651973
text+audio_text_ln_lrh0.001_frozen_e5_s43,978,2,1.01171,2.685,0.0,0.0007632420902950587
text+audio_text_ln_lrh0.001_frozen_e5_s43,979,2,0.81136,2.93,0.0,0.0007628865979381443
text+audio_text_ln_lrh0.001_frozen_e5_s43,980,2,1.42748,3.1618,0.0,0.0007625311055812301
text+audio_text_ln_lrh0.001_frozen_e5_s43,981,2,0.73954,2.3413,0.0,0.0007621756132243158
text+audio_text_ln_lrh0.001_frozen_e5_s43,982,2,1.29549,3.3819,0.0,0.0007618201208674013
text+audio_text_ln_lrh0.001_frozen_e5_s43,983,2,0.72691,2.7507,0.0,0.000761464628510487
text+audio_text_ln_lrh0.001_frozen_e5_s43,984,2,1.84538,5.3997,0.0,0.0007611091361535727
text+audio_text_ln_lrh0.001_frozen_e5_s43,985,2,1.50241,3.9411,0.0,0.0007607536437966583
text+audio_text_ln_lrh0.001_frozen_e5_s43,986,2,1.41735,2.6968,0.0,0.0007603981514397441
text+audio_text_ln_lrh0.001_frozen_e5_s43,987,2,1.51551,3.3681,0.0,0.0007600426590828298
text+audio_text_ln_lrh0.001_frozen_e5_s43,988,2,0.88601,2.0508,0.0,0.0007596871667259154
text+audio_text_ln_lrh0.001_frozen_e5_s43,989,2,0.95583,2.6198,0.0,0.0007593316743690011
text+audio_text_ln_lrh0.001_frozen_e5_s43,990,2,1.12632,3.0352,0.0,0.0007589761820120867
text+audio_text_ln_lrh0.001_frozen_e5_s43,991,2,1.51591,4.6299,0.0,0.0007586206896551724
text+audio_text_ln_lrh0.001_frozen_e5_s43,992,2,1.78826,3.7605,0.0,0.0007582651972982582
text+audio_text_ln_lrh0.001_frozen_e5_s43,993,2,1.27047,3.723,0.0,0.0007579097049413438
text+audio_text_ln_lrh0.001_frozen_e5_s43,994,2,1.82805,5.1129,0.0,0.0007575542125844295
text+audio_text_ln_lrh0.001_frozen_e5_s43,995,2,1.29613,3.8311,0.0,0.0007571987202275152
text+audio_text_ln_lrh0.001_frozen_e5_s43,996,2,1.12069,2.7293,0.0,0.0007568432278706007
text+audio_text_ln_lrh0.001_frozen_e5_s43,997,2,1.53546,4.3195,0.0,0.0007564877355136864
text+audio_text_ln_lrh0.001_frozen_e5_s43,998,2,0.69016,3.0312,0.0,0.0007561322431567721
text+audio_text_ln_lrh0.001_frozen_e5_s43,999,2,1.26392,6.0303,0.0,0.0007557767507998578
text+audio_text_ln_lrh0.001_frozen_e5_s43,1000,2,1.223,2.2517,0.0,0.0007554212584429435
text+audio_text_ln_lrh0.001_frozen_e5_s43,1001,2,1.34038,3.9513,0.0,0.0007550657660860292
text+audio_text_ln_lrh0.001_frozen_e5_s43,1002,2,1.35928,2.9912,0.0,0.0007547102737291148
text+audio_text_ln_lrh0.001_frozen_e5_s43,1003,2,1.36543,4.1365,0.0,0.0007543547813722005
text+audio_text_ln_lrh0.001_frozen_e5_s43,1004,2,1.44547,3.753,0.0,0.0007539992890152861
text+audio_text_ln_lrh0.001_frozen_e5_s43,1005,2,1.29459,4.0716,0.0,0.0007536437966583719
text+audio_text_ln_lrh0.001_frozen_e5_s43,1006,2,1.35437,3.175,0.0,0.0007532883043014576
text+audio_text_ln_lrh0.001_frozen_e5_s43,1007,2,0.92058,3.7047,0.0,0.0007529328119445432
text+audio_text_ln_lrh0.001_frozen_e5_s43,1008,2,1.02587,2.0616,0.0,0.0007525773195876289
text+audio_text_ln_lrh0.001_frozen_e5_s43,1009,2,1.16556,2.5215,0.0,0.0007522218272307146
text+audio_text_ln_lrh0.001_frozen_e5_s43,1010,2,1.19569,3.0753,0.0,0.0007518663348738001
text+audio_text_ln_lrh0.001_frozen_e5_s43,1011,2,0.89825,2.6214,0.0,0.000751510842516886
text+audio_text_ln_lrh0.001_frozen_e5_s43,1012,2,1.58048,5.9889,0.0,0.0007511553501599716
text+audio_text_ln_lrh0.001_frozen_e5_s43,1013,2,1.4959,3.5116,0.0,0.0007507998578030572
text+audio_text_ln_lrh0.001_frozen_e5_s43,1014,2,1.10917,4.6364,0.0,0.0007504443654461429
text+audio_text_ln_lrh0.001_frozen_e5_s43,1015,2,1.11595,3.0863,0.0,0.0007500888730892286
text+audio_text_ln_lrh0.001_frozen_e5_s43,1016,2,0.86841,4.355,0.0,0.0007497333807323142
text+audio_text_ln_lrh0.001_frozen_e5_s43,1017,2,1.84068,5.8186,0.0,0.0007493778883754
text+audio_text_ln_lrh0.001_frozen_e5_s43,1018,2,1.21487,3.1912,0.0,0.0007490223960184857
text+audio_text_ln_lrh0.001_frozen_e5_s43,1019,2,1.43444,4.007,0.0,0.0007486669036615713
text+audio_text_ln_lrh0.001_frozen_e5_s43,1020,2,1.355,3.1991,0.0,0.000748311411304657
text+audio_text_ln_lrh0.001_frozen_e5_s43,1021,2,1.24491,4.6133,0.0,0.0007479559189477426
text+audio_text_ln_lrh0.001_frozen_e5_s43,1022,2,1.04852,4.6382,0.0,0.0007476004265908283
text+audio_text_ln_lrh0.001_frozen_e5_s43,1023,2,0.85506,3.0599,0.0,0.000747244934233914
text+audio_text_ln_lrh0.001_frozen_e5_s43,1024,2,1.05243,3.1689,0.0,0.0007468894418769997
text+audio_text_ln_lrh0.001_frozen_e5_s43,1025,2,1.68934,4.5527,0.0,0.0007465339495200854
text+audio_text_ln_lrh0.001_frozen_e5_s43,1026,2,1.60672,3.3011,0.0,0.000746178457163171
text+audio_text_ln_lrh0.001_frozen_e5_s43,1027,2,1.10505,2.5161,0.0,0.0007458229648062566
text+audio_text_ln_lrh0.001_frozen_e5_s43,1028,2,0.93506,2.4796,0.0,0.0007454674724493423
text+audio_text_ln_lrh0.001_frozen_e5_s43,1029,2,1.07663,2.181,0.0,0.000745111980092428
text+audio_text_ln_lrh0.001_frozen_e5_s43,1030,2,1.49026,3.3535,0.0,0.0007447564877355137
text+audio_text_ln_lrh0.001_frozen_e5_s43,1031,2,1.35532,2.7131,0.0,0.0007444009953785994
text+audio_text_ln_lrh0.001_frozen_e5_s43,1032,2,0.87564,3.7073,0.0,0.0007440455030216851
text+audio_text_ln_lrh0.001_frozen_e5_s43,1033,2,1.06166,3.1409,0.0,0.0007436900106647707
text+audio_text_ln_lrh0.001_frozen_e5_s43,1034,2,0.75325,5.2704,0.0,0.0007433345183078564
text+audio_text_ln_lrh0.001_frozen_e5_s43,1035,2,1.15785,2.8923,0.0,0.000742979025950942
text+audio_text_ln_lrh0.001_frozen_e5_s43,1036,2,1.06438,4.2477,0.0,0.0007426235335940278
text+audio_text_ln_lrh0.001_frozen_e5_s43,1037,2,1.27357,5.8037,0.0,0.0007422680412371135
text+audio_text_ln_lrh0.001_frozen_e5_s43,1038,2,1.11294,3.9888,0.0,0.0007419125488801991
text+audio_text_ln_lrh0.001_frozen_e5_s43,1039,2,1.54014,4.2963,0.0,0.0007415570565232848
text+audio_text_ln_lrh0.001_frozen_e5_s43,1040,2,1.13165,3.8603,0.0,0.0007412015641663704
text+audio_text_ln_lrh0.001_frozen_e5_s43,1041,2,0.85954,3.2836,0.0,0.000740846071809456
text+audio_text_ln_lrh0.001_frozen_e5_s43,1042,2,1.34718,4.3046,0.0,0.0007404905794525418
text+audio_text_ln_lrh0.001_frozen_e5_s43,1043,2,1.17753,3.2768,0.0,0.0007401350870956275
text+audio_text_ln_lrh0.001_frozen_e5_s43,1044,2,1.56599,3.5622,0.0,0.0007397795947387131
text+audio_text_ln_lrh0.001_frozen_e5_s43,1045,2,1.67756,3.4388,0.0,0.0007394241023817988
text+audio_text_ln_lrh0.001_frozen_e5_s43,1046,2,0.77745,2.6773,0.0,0.0007390686100248845
text+audio_text_ln_lrh0.001_frozen_e5_s43,1047,2,1.3112,3.7042,0.0,0.0007387131176679701
text+audio_text_ln_lrh0.001_frozen_e5_s43,1048,2,0.85297,3.0157,0.0,0.0007383576253110559
text+audio_text_ln_lrh0.001_frozen_e5_s43,1049,2,0.72488,3.7157,0.0,0.0007380021329541415
text+audio_text_ln_lrh0.001_frozen_e5_s43,1050,2,1.0495,2.5689,0.0,0.0007376466405972272
text+audio_text_ln_lrh0.001_frozen_e5_s43,1051,2,0.77028,3.2129,0.0,0.0007372911482403129
text+audio_text_ln_lrh0.001_frozen_e5_s43,1052,2,1.10541,2.768,0.0,0.0007369356558833985
text+audio_text_ln_lrh0.001_frozen_e5_s43,1053,2,1.41062,2.6542,0.0,0.0007365801635264842
text+audio_text_ln_lrh0.001_frozen_e5_s43,1054,2,1.05367,3.0478,0.0,0.0007362246711695698
text+audio_text_ln_lrh0.001_frozen_e5_s43,1055,2,1.06503,3.2467,0.0,0.0007358691788126555
text+audio_text_ln_lrh0.001_frozen_e5_s43,1056,2,0.74238,2.6876,0.0,0.0007355136864557412
text+audio_text_ln_lrh0.001_frozen_e5_s43,1057,2,1.43725,4.6241,0.0,0.0007351581940988269
text+audio_text_ln_lrh0.001_frozen_e5_s43,1058,2,1.2267,4.2074,0.0,0.0007348027017419125
text+audio_text_ln_lrh0.001_frozen_e5_s43,1059,2,1.61938,4.8165,0.0,0.0007344472093849982
text+audio_text_ln_lrh0.001_frozen_e5_s43,1060,2,1.40289,5.1303,0.0,0.0007340917170280839
text+audio_text_ln_lrh0.001_frozen_e5_s43,1061,2,0.79009,2.6015,0.0,0.0007337362246711696
text+audio_text_ln_lrh0.001_frozen_e5_s43,1062,2,1.15281,2.9005,0.0,0.0007333807323142553
text+audio_text_ln_lrh0.001_frozen_e5_s43,1063,2,0.62208,4.6683,0.0,0.0007330252399573409
text+audio_text_ln_lrh0.001_frozen_e5_s43,1064,2,1.3674,3.4848,0.0,0.0007326697476004266
text+audio_text_ln_lrh0.001_frozen_e5_s43,1065,2,0.92168,3.3286,0.0,0.0007323142552435123
text+audio_text_ln_lrh0.001_frozen_e5_s43,1066,2,1.00662,2.9205,0.0,0.0007319587628865979
text+audio_text_ln_lrh0.001_frozen_e5_s43,1067,2,1.03728,3.9595,0.0,0.0007316032705296837
text+audio_text_ln_lrh0.001_frozen_e5_s43,1068,2,1.20282,3.3644,0.0,0.0007312477781727694
text+audio_text_ln_lrh0.001_frozen_e5_s43,1069,2,1.33443,3.8839,0.0,0.000730892285815855
text+audio_text_ln_lrh0.001_frozen_e5_s43,1070,2,0.91173,3.2034,0.0,0.0007305367934589406
text+audio_text_ln_lrh0.001_frozen_e5_s43,1071,2,1.67494,3.2134,0.0,0.0007301813011020263
text+audio_text_ln_lrh0.001_frozen_e5_s43,1072,2,1.40872,3.6599,0.0,0.0007298258087451119
text+audio_text_ln_lrh0.001_frozen_e5_s43,1073,2,0.94699,2.8716,0.0,0.0007294703163881977
text+audio_text_ln_lrh0.001_frozen_e5_s43,1074,2,1.27943,3.9054,0.0,0.0007291148240312834
text+audio_text_ln_lrh0.001_frozen_e5_s43,1075,2,1.93632,4.433,0.0,0.000728759331674369
text+audio_text_ln_lrh0.001_frozen_e5_s43,1076,2,1.26429,3.4544,0.0,0.0007284038393174547
text+audio_text_ln_lrh0.001_frozen_e5_s43,1077,2,1.44472,3.8795,0.0,0.0007280483469605403
text+audio_text_ln_lrh0.001_frozen_e5_s43,1078,2,1.02962,4.7271,0.0,0.000727692854603626
text+audio_text_ln_lrh0.001_frozen_e5_s43,1079,2,1.25734,2.8903,0.0,0.0007273373622467118
text+audio_text_ln_lrh0.001_frozen_e5_s43,1080,2,1.15466,3.0481,0.0,0.0007269818698897974
text+audio_text_ln_lrh0.001_frozen_e5_s43,1081,2,1.30185,3.6275,0.0,0.0007266263775328831
text+audio_text_ln_lrh0.001_frozen_e5_s43,1082,2,1.29717,4.7736,0.0,0.0007262708851759688
text+audio_text_ln_lrh0.001_frozen_e5_s43,1083,2,0.87682,3.1294,0.0,0.0007259153928190543
text+audio_text_ln_lrh0.001_frozen_e5_s43,1084,2,0.71943,2.1889,0.0,0.00072555990046214
text+audio_text_ln_lrh0.001_frozen_e5_s43,1085,2,1.32648,3.8843,0.0,0.0007252044081052257
text+audio_text_ln_lrh0.001_frozen_e5_s43,1086,2,1.07637,2.9145,0.0,0.0007248489157483114
text+audio_text_ln_lrh0.001_frozen_e5_s43,1087,2,1.1463,2.6383,0.0,0.0007244934233913971
text+audio_text_ln_lrh0.001_frozen_e5_s43,1088,2,0.995,3.3395,0.0,0.0007241379310344828
text+audio_text_ln_lrh0.001_frozen_e5_s43,1089,2,0.95937,5.3267,0.0,0.0007237824386775684
text+audio_text_ln_lrh0.001_frozen_e5_s43,1090,2,1.37055,3.0995,0.0,0.0007234269463206541
text+audio_text_ln_lrh0.001_frozen_e5_s43,1091,2,1.02179,2.0796,0.0,0.0007230714539637398
text+audio_text_ln_lrh0.001_frozen_e5_s43,1092,2,0.82411,3.3542,0.0,0.0007227159616068255
text+audio_text_ln_lrh0.001_frozen_e5_s43,1093,2,1.43779,2.8213,0.0,0.0007223604692499112
text+audio_text_ln_lrh0.001_frozen_e5_s43,1094,2,1.25268,4.4546,0.0,0.0007220049768929968
text+audio_text_ln_lrh0.001_frozen_e5_s43,1095,2,1.36125,5.0904,0.0,0.0007216494845360825
text+audio_text_ln_lrh0.001_frozen_e5_s43,1096,2,1.0962,5.5326,0.0,0.0007212939921791682
text+audio_text_ln_lrh0.001_frozen_e5_s43,1097,2,1.27567,2.8582,0.0,0.0007209384998222538
text+audio_text_ln_lrh0.001_frozen_e5_s43,1098,2,1.75282,4.5806,0.0,0.0007205830074653396
text+audio_text_ln_lrh0.001_frozen_e5_s43,1099,2,0.89159,2.452,0.0,0.0007202275151084252
text+audio_text_ln_lrh0.001_frozen_e5_s43,1100,2,1.428,3.0417,0.0,0.0007198720227515108
text+audio_text_ln_lrh0.001_frozen_e5_s43,1101,2,1.54402,4.8951,0.0,0.0007195165303945965
text+audio_text_ln_lrh0.001_frozen_e5_s43,1102,2,1.49296,5.655,0.0,0.0007191610380376822
text+audio_text_ln_lrh0.001_frozen_e5_s43,1103,2,1.00317,4.4762,0.0,0.0007188055456807678
text+audio_text_ln_lrh0.001_frozen_e5_s43,1104,2,1.43974,4.6209,0.0,0.0007184500533238536
text+audio_text_ln_lrh0.001_frozen_e5_s43,1105,2,1.22562,2.8837,0.0,0.0007180945609669393
text+audio_text_ln_lrh0.001_frozen_e5_s43,1106,2,1.63363,3.5463,0.0,0.0007177390686100249
text+audio_text_ln_lrh0.001_frozen_e5_s43,1107,2,0.79766,4.383,0.0,0.0007173835762531106
text+audio_text_ln_lrh0.001_frozen_e5_s43,1108,2,1.44037,3.7151,0.0,0.0007170280838961962
text+audio_text_ln_lrh0.001_frozen_e5_s43,1109,2,1.10079,4.8272,0.0,0.0007166725915392819
text+audio_text_ln_lrh0.001_frozen_e5_s43,1110,2,1.59098,4.8743,0.0,0.0007163170991823677
text+audio_text_ln_lrh0.001_frozen_e5_s43,1111,2,1.04904,2.4801,0.0,0.0007159616068254533
text+audio_text_ln_lrh0.001_frozen_e5_s43,1112,2,1.53032,4.0579,0.0,0.000715606114468539
text+audio_text_ln_lrh0.001_frozen_e5_s43,1113,2,1.50194,3.6126,0.0,0.0007152506221116247
text+audio_text_ln_lrh0.001_frozen_e5_s43,1114,2,1.40141,4.3527,0.0,0.0007148951297547102
text+audio_text_ln_lrh0.001_frozen_e5_s43,1115,2,1.38308,2.954,0.0,0.0007145396373977959
text+audio_text_ln_lrh0.001_frozen_e5_s43,1116,2,0.91425,3.0944,0.0,0.0007141841450408816
text+audio_text_ln_lrh0.001_frozen_e5_s43,1117,2,1.33374,3.6944,0.0,0.0007138286526839673
text+audio_text_ln_lrh0.001_frozen_e5_s43,1118,2,1.02433,2.6766,0.0,0.000713473160327053
text+audio_text_ln_lrh0.001_frozen_e5_s43,1119,2,1.09506,2.8021,0.0,0.0007131176679701387
text+audio_text_ln_lrh0.001_frozen_e5_s43,1120,2,1.06241,3.0184,0.0,0.0007127621756132243
text+audio_text_ln_lrh0.001_frozen_e5_s43,1121,2,0.97024,2.5756,0.0,0.00071240668325631
text+audio_text_ln_lrh0.001_frozen_e5_s43,1122,2,1.50225,3.2456,0.0,0.0007120511908993956
text+audio_text_ln_lrh0.001_frozen_e5_s43,1123,2,1.09683,2.5455,0.0,0.0007116956985424814
text+audio_text_ln_lrh0.001_frozen_e5_s43,1124,2,1.28801,3.0019,0.0,0.0007113402061855671
text+audio_text_ln_lrh0.001_frozen_e5_s43,1125,2,0.56472,2.4946,0.0,0.0007109847138286527
text+audio_text_ln_lrh0.001_frozen_e5_s43,1126,2,1.5719,3.9741,0.0,0.0007106292214717384
text+audio_text_ln_lrh0.001_frozen_e5_s43,1127,2,1.06351,2.5652,0.0,0.000710273729114824
text+audio_text_ln_lrh0.001_frozen_e5_s43,1128,2,1.41869,4.3161,0.0,0.0007099182367579096
text+audio_text_ln_lrh0.001_frozen_e5_s43,1129,2,1.59489,5.1623,0.0,0.0007095627444009954
text+audio_text_ln_lrh0.001_frozen_e5_s43,1130,2,1.036,4.1371,0.0,0.0007092072520440811
text+audio_text_ln_lrh0.001_frozen_e5_s43,1131,2,0.69228,2.1795,0.0,0.0007088517596871667
text+audio_text_ln_lrh0.001_frozen_e5_s43,1132,2,1.04503,4.0188,0.0,0.0007084962673302524
text+audio_text_ln_lrh0.001_frozen_e5_s43,1133,2,1.41344,4.0732,0.0,0.0007081407749733381
text+audio_text_ln_lrh0.001_frozen_e5_s43,1134,2,0.68409,2.7401,0.0,0.0007077852826164237
text+audio_text_ln_lrh0.001_frozen_e5_s43,1135,2,1.07581,3.1198,0.0,0.0007074297902595095
text+audio_text_ln_lrh0.001_frozen_e5_s43,1136,2,1.53079,4.7875,0.0,0.0007070742979025951
text+audio_text_ln_lrh0.001_frozen_e5_s43,1137,2,1.41812,2.8059,0.0,0.0007067188055456808
text+audio_text_ln_lrh0.001_frozen_e5_s43,1138,2,1.80698,3.744,0.0,0.0007063633131887665
text+audio_text_ln_lrh0.001_frozen_e5_s43,1139,2,0.94355,2.7336,0.0,0.0007060078208318521
text+audio_text_ln_lrh0.001_frozen_e5_s43,1140,2,1.45275,6.1667,0.0,0.0007056523284749378
text+audio_text_ln_lrh0.001_frozen_e5_s43,1141,2,0.98325,4.7051,0.0,0.0007052968361180236
text+audio_text_ln_lrh0.001_frozen_e5_s43,1142,2,1.06679,2.7882,0.0,0.0007049413437611091
text+audio_text_ln_lrh0.001_frozen_e5_s43,1143,2,1.19511,3.3085,0.0,0.0007045858514041948
text+audio_text_ln_lrh0.001_frozen_e5_s43,1144,2,1.35511,4.0391,0.0,0.0007042303590472805
text+audio_text_ln_lrh0.001_frozen_e5_s43,1145,2,1.04227,2.5727,0.0,0.0007038748666903661
text+audio_text_ln_lrh0.001_frozen_e5_s43,1146,2,0.96758,2.8072,0.0,0.0007035193743334518
text+audio_text_ln_lrh0.001_frozen_e5_s43,1147,2,1.16102,3.6563,0.0,0.0007031638819765375
text+audio_text_ln_lrh0.001_frozen_e5_s43,1148,2,1.18608,3.6655,0.0,0.0007028083896196232
text+audio_text_ln_lrh0.001_frozen_e5_s43,1149,2,1.31619,5.0405,0.0,0.0007024528972627089
text+audio_text_ln_lrh0.001_frozen_e5_s43,1150,2,0.94732,3.8664,0.0,0.0007020974049057946
text+audio_text_ln_lrh0.001_frozen_e5_s43,1151,2,0.93036,3.9051,0.0,0.0007017419125488802
text+audio_text_ln_lrh0.001_frozen_e5_s43,1152,2,0.55356,4.1241,0.0,0.0007013864201919659
text+audio_text_ln_lrh0.001_frozen_e5_s43,1153,2,0.71562,2.6042,0.0,0.0007010309278350515
text+audio_text_ln_lrh0.001_frozen_e5_s43,1154,2,1.00914,3.698,0.0,0.0007006754354781373
text+audio_text_ln_lrh0.001_frozen_e5_s43,1155,2,0.59527,2.0678,0.0,0.000700319943121223
text+audio_text_ln_lrh0.001_frozen_e5_s43,1156,2,1.40512,4.137,0.0,0.0006999644507643086
text+audio_text_ln_lrh0.001_frozen_e5_s43,1157,2,0.91546,5.3164,0.0,0.0006996089584073942
text+audio_text_ln_lrh0.001_frozen_e5_s43,1158,2,1.94828,7.4656,0.0,0.0006992534660504799
text+audio_text_ln_lrh0.001_frozen_e5_s43,1159,2,1.00041,2.5866,0.0,0.0006988979736935655
text+audio_text_ln_lrh0.001_frozen_e5_s43,1160,2,1.70433,4.699,0.0,0.0006985424813366513
text+audio_text_ln_lrh0.001_frozen_e5_s43,1161,2,1.80889,6.216,0.0,0.000698186988979737
text+audio_text_ln_lrh0.001_frozen_e5_s43,1162,2,1.29955,4.8508,0.0,0.0006978314966228226
text+audio_text_ln_lrh0.001_frozen_e5_s43,1163,2,2.02522,4.3419,0.0,0.0006974760042659083
text+audio_text_ln_lrh0.001_frozen_e5_s43,1164,2,0.84282,2.2059,0.0,0.000697120511908994
text+audio_text_ln_lrh0.001_frozen_e5_s43,1165,2,1.03506,3.1308,0.0,0.0006967650195520796
text+audio_text_ln_lrh0.001_frozen_e5_s43,1166,2,1.26401,3.7057,0.0,0.0006964095271951654
text+audio_text_ln_lrh0.001_frozen_e5_s43,1167,2,1.08476,2.9265,0.0,0.000696054034838251
text+audio_text_ln_lrh0.001_frozen_e5_s43,1168,2,1.06723,3.4404,0.0,0.0006956985424813367
text+audio_text_ln_lrh0.001_frozen_e5_s43,1169,2,1.11841,5.3593,0.0,0.0006953430501244224
text+audio_text_ln_lrh0.001_frozen_e5_s43,1170,2,1.57478,5.1814,0.0,0.000694987557767508
text+audio_text_ln_lrh0.001_frozen_e5_s43,1171,2,1.608,3.1304,0.0,0.0006946320654105936
text+audio_text_ln_lrh0.001_frozen_e5_s43,1172,2,0.93184,3.3883,0.0,0.0006942765730536793
text+audio_text_ln_lrh0.001_frozen_e5_s43,1173,2,1.0284,3.8353,0.0,0.000693921080696765
text+audio_text_ln_lrh0.001_frozen_e5_s43,1174,2,1.32467,3.0253,0.0,0.0006935655883398507
text+audio_text_ln_lrh0.001_frozen_e5_s43,1175,2,1.23668,2.6608,0.0,0.0006932100959829364
text+audio_text_ln_lrh0.001_frozen_e5_s43,1176,2,1.16201,3.3391,0.0,0.000692854603626022
text+audio_text_ln_lrh0.001_frozen_e5_s43,1177,2,0.6482,2.6563,0.0,0.0006924991112691077
text+audio_text_ln_lrh0.001_frozen_e5_s43,1178,2,1.06901,3.1035,0.0,0.0006921436189121934
text+audio_text_ln_lrh0.001_frozen_e5_s43,1179,2,0.8736,2.6309,0.0,0.0006917881265552791
text+audio_text_ln_lrh0.001_frozen_e5_s43,1180,2,1.1197,2.6642,0.0,0.0006914326341983648
text+audio_text_ln_lrh0.001_frozen_e5_s43,1181,2,0.95182,3.8282,0.0,0.0006910771418414504
text+audio_text_ln_lrh0.001_frozen_e5_s43,1182,2,1.29414,3.2678,0.0,0.0006907216494845361
text+audio_text_ln_lrh0.001_frozen_e5_s43,1183,2,1.59878,5.155,0.0,0.0006903661571276218
text+audio_text_ln_lrh0.001_frozen_e5_s43,1184,2,1.40675,5.7021,0.0,0.0006900106647707074
text+audio_text_ln_lrh0.001_frozen_e5_s43,1185,2,1.19126,2.7352,0.0,0.0006896551724137932
text+audio_text_ln_lrh0.001_frozen_e5_s43,1186,2,0.98654,3.3475,0.0,0.0006892996800568789
text+audio_text_ln_lrh0.001_frozen_e5_s43,1187,2,0.77193,4.3701,0.0,0.0006889441876999644
text+audio_text_ln_lrh0.001_frozen_e5_s43,1188,2,1.06838,2.3841,0.0,0.0006885886953430501
text+audio_text_ln_lrh0.001_frozen_e5_s43,1189,2,1.35712,4.1414,0.0,0.0006882332029861358
text+audio_text_ln_lrh0.001_frozen_e5_s43,1190,2,1.3129,3.3683,0.0,0.0006878777106292214
text+audio_text_ln_lrh0.001_frozen_e5_s43,1191,2,1.36804,4.5091,0.0,0.0006875222182723072
text+audio_text_ln_lrh0.001_frozen_e5_s43,1192,2,1.12985,3.7952,0.0,0.0006871667259153929
text+audio_text_ln_lrh0.001_frozen_e5_s43,1193,2,1.34859,4.5484,0.0,0.0006868112335584785
text+audio_text_ln_lrh0.001_frozen_e5_s43,1194,2,0.8341,2.9772,0.0,0.0006864557412015642
text+audio_text_ln_lrh0.001_frozen_e5_s43,1195,2,1.29135,2.6799,0.0,0.0006861002488446498
text+audio_text_ln_lrh0.001_frozen_e5_s43,1196,2,1.25975,3.64,0.0,0.0006857447564877355
text+audio_text_ln_lrh0.001_frozen_e5_s43,1197,2,1.39918,2.6662,0.0,0.0006853892641308213
text+audio_text_ln_lrh0.001_frozen_e5_s43,1198,2,0.92862,2.4509,0.0,0.0006850337717739069
text+audio_text_ln_lrh0.001_frozen_e5_s43,1199,2,1.05313,3.3445,0.0,0.0006846782794169926
text+audio_text_ln_lrh0.001_frozen_e5_s43,1200,2,0.7411,3.1342,0.0,0.0006843227870600783
text+audio_text_ln_lrh0.001_frozen_e5_s43,1201,2,1.85018,5.2624,0.0,0.0006839672947031638
text+audio_text_ln_lrh0.001_frozen_e5_s43,1202,2,0.70398,2.7218,0.0,0.0006836118023462495
text+audio_text_ln_lrh0.001_frozen_e5_s43,1203,2,1.97401,7.799,0.0,0.0006832563099893352
text+audio_text_ln_lrh0.001_frozen_e5_s43,1204,2,1.21696,2.4978,0.0,0.0006829008176324209
text+audio_text_ln_lrh0.001_frozen_e5_s43,1205,2,0.97547,3.6435,0.0,0.0006825453252755066
text+audio_text_ln_lrh0.001_frozen_e5_s43,1206,2,1.9858,6.7859,0.0,0.0006821898329185923
text+audio_text_ln_lrh0.001_frozen_e5_s43,1207,2,1.142,3.5684,0.0,0.0006818343405616779
text+audio_text_ln_lrh0.001_frozen_e5_s43,1208,2,1.59252,3.6326,0.0,0.0006814788482047636
text+audio_text_ln_lrh0.001_frozen_e5_s43,1209,2,1.25648,3.5408,0.0,0.0006811233558478492
text+audio_text_ln_lrh0.001_frozen_e5_s43,1210,2,1.49491,2.8961,0.0,0.000680767863490935
text+audio_text_ln_lrh0.001_frozen_e5_s43,1211,2,1.23787,4.2375,0.0,0.0006804123711340207
text+audio_text_ln_lrh0.001_frozen_e5_s43,1212,2,1.0111,3.0963,0.0,0.0006800568787771063
text+audio_text_ln_lrh0.001_frozen_e5_s43,1213,2,0.90818,3.396,0.0,0.000679701386420192
text+audio_text_ln_lrh0.001_frozen_e5_s43,1214,2,1.19319,3.1512,0.0,0.0006793458940632777
text+audio_text_ln_lrh0.001_frozen_e5_s43,1215,2,1.17799,2.6704,0.0,0.0006789904017063632
text+audio_text_ln_lrh0.001_frozen_e5_s43,1216,2,1.22607,3.4746,0.0,0.000678634909349449
text+audio_text_ln_lrh0.001_frozen_e5_s43,1217,2,0.98793,3.5986,0.0,0.0006782794169925347
text+audio_text_ln_lrh0.001_frozen_e5_s43,1218,2,0.7533,3.8206,0.0,0.0006779239246356203
text+audio_text_ln_lrh0.001_frozen_e5_s43,1219,2,1.01461,2.9575,0.0,0.000677568432278706
text+audio_text_ln_lrh0.001_frozen_e5_s43,1220,2,0.88013,3.3933,0.0,0.0006772129399217917
text+audio_text_ln_lrh0.001_frozen_e5_s43,1221,2,1.25622,2.5028,0.0,0.0006768574475648773
text+audio_text_ln_lrh0.001_frozen_e5_s43,1222,2,1.48503,4.3221,0.0,0.0006765019552079631
text+audio_text_ln_lrh0.001_frozen_e5_s43,1223,2,1.42044,5.7618,0.0,0.0006761464628510488
text+audio_text_ln_lrh0.001_frozen_e5_s43,1224,2,1.03772,2.6547,0.0,0.0006757909704941344
text+audio_text_ln_lrh0.001_frozen_e5_s43,1225,2,1.18218,4.0229,0.0,0.0006754354781372201
text+audio_text_ln_lrh0.001_frozen_e5_s43,1226,2,1.805,5.1794,0.0,0.0006750799857803057
text+audio_text_ln_lrh0.001_frozen_e5_s43,1227,2,0.78741,4.1664,0.0,0.0006747244934233914
text+audio_text_ln_lrh0.001_frozen_e5_s43,1228,2,1.5764,5.3536,0.0,0.0006743690010664772
text+audio_text_ln_lrh0.001_frozen_e5_s43,1229,2,1.45922,4.9218,0.0,0.0006740135087095628
text+audio_text_ln_lrh0.001_frozen_e5_s43,1230,2,1.05057,2.3215,0.0,0.0006736580163526484
text+audio_text_ln_lrh0.001_frozen_e5_s43,1231,2,1.47336,5.416,0.0,0.0006733025239957341
text+audio_text_ln_lrh0.001_frozen_e5_s43,1232,2,1.07091,2.3956,0.0,0.0006729470316388197
text+audio_text_ln_lrh0.001_frozen_e5_s43,1233,2,1.3617,5.6663,0.0,0.0006725915392819054
text+audio_text_ln_lrh0.001_frozen_e5_s43,1234,2,0.99574,3.6783,0.0,0.0006722360469249911
text+audio_text_ln_lrh0.001_frozen_e5_s43,1235,2,1.37273,3.9058,0.0,0.0006718805545680768
text+audio_text_ln_lrh0.001_frozen_e5_s43,1236,2,1.36491,3.9477,0.0,0.0006715250622111625
text+audio_text_ln_lrh0.001_frozen_e5_s43,1237,2,1.30973,3.3979,0.0,0.0006711695698542482
text+audio_text_ln_lrh0.001_frozen_e5_s43,1238,2,0.85278,2.8063,0.0,0.0006708140774973338
text+audio_text_ln_lrh0.001_frozen_e5_s43,1239,2,1.45689,3.1807,0.0,0.0006704585851404195
text+audio_text_ln_lrh0.001_frozen_e5_s43,1240,2,1.3555,3.1153,0.0,0.0006701030927835051
text+audio_text_ln_lrh0.001_frozen_e5_s43,1241,2,1.36113,5.711,0.0,0.0006697476004265909
text+audio_text_ln_lrh0.001_frozen_e5_s43,1242,2,0.87136,3.4207,0.0,0.0006693921080696766
text+audio_text_ln_lrh0.001_frozen_e5_s43,1243,2,0.87708,2.6744,0.0,0.0006690366157127622
text+audio_text_ln_lrh0.001_frozen_e5_s43,1244,2,1.25814,5.183,0.0,0.0006686811233558479
text+audio_text_ln_lrh0.001_frozen_e5_s43,1245,2,0.79715,2.1201,0.0,0.0006683256309989335
text+audio_text_ln_lrh0.001_frozen_e5_s43,1246,2,1.51508,4.4987,0.0,0.0006679701386420191
text+audio_text_ln_lrh0.001_frozen_e5_s43,1247,2,1.24933,3.0108,0.0,0.0006676146462851049
text+audio_text_ln_lrh0.001_frozen_e5_s43,1248,2,1.85714,5.5062,0.0,0.0006672591539281906
text+audio_text_ln_lrh0.001_frozen_e5_s43,1249,2,1.68298,4.9648,0.0,0.0006669036615712762
text+audio_text_ln_lrh0.001_frozen_e5_s43,1250,2,0.53646,4.9939,0.0,0.0006665481692143619
text+audio_text_ln_lrh0.001_frozen_e5_s43,1251,3,1.04207,3.5541,0.0,0.0006661926768574476
text+audio_text_ln_lrh0.001_frozen_e5_s43,1252,3,1.09792,3.5756,0.0,0.0006658371845005332
text+audio_text_ln_lrh0.001_frozen_e5_s43,1253,3,1.00733,2.5743,0.0,0.000665481692143619
text+audio_text_ln_lrh0.001_frozen_e5_s43,1254,3,1.06051,3.4171,0.0,0.0006651261997867046
text+audio_text_ln_lrh0.001_frozen_e5_s43,1255,3,0.79964,3.7323,0.0,0.0006647707074297903
text+audio_text_ln_lrh0.001_frozen_e5_s43,1256,3,1.23042,4.1693,0.0,0.000664415215072876
text+audio_text_ln_lrh0.001_frozen_e5_s43,1257,3,1.09203,3.4523,0.0,0.0006640597227159616
text+audio_text_ln_lrh0.001_frozen_e5_s43,1258,3,1.17196,3.3174,0.0,0.0006637042303590473
text+audio_text_ln_lrh0.001_frozen_e5_s43,1259,3,1.2423,3.794,0.0,0.0006633487380021331
text+audio_text_ln_lrh0.001_frozen_e5_s43,1260,3,0.97034,3.8669,0.0,0.0006629932456452186
text+audio_text_ln_lrh0.001_frozen_e5_s43,1261,3,1.51608,3.6753,0.0,0.0006626377532883043
text+audio_text_ln_lrh0.001_frozen_e5_s43,1262,3,1.53859,5.7567,0.0,0.00066228226093139
text+audio_text_ln_lrh0.001_frozen_e5_s43,1263,3,1.52483,5.711,0.0,0.0006619267685744756
text+audio_text_ln_lrh0.001_frozen_e5_s43,1264,3,1.50037,3.307,0.0,0.0006615712762175613
text+audio_text_ln_lrh0.001_frozen_e5_s43,1265,3,0.56735,2.2458,0.0,0.000661215783860647
text+audio_text_ln_lrh0.001_frozen_e5_s43,1266,3,1.08782,4.3662,0.0,0.0006608602915037327
text+audio_text_ln_lrh0.001_frozen_e5_s43,1267,3,1.10493,4.2199,0.0,0.0006605047991468184
text+audio_text_ln_lrh0.001_frozen_e5_s43,1268,3,0.96387,3.3205,0.0,0.000660149306789904
text+audio_text_ln_lrh0.001_frozen_e5_s43,1269,3,0.60109,2.5419,0.0,0.0006597938144329897
text+audio_text_ln_lrh0.001_frozen_e5_s43,1270,3,1.42781,3.5908,0.0,0.0006594383220760754
text+audio_text_ln_lrh0.001_frozen_e5_s43,1271,3,0.55221,3.5255,0.0,0.000659082829719161
text+audio_text_ln_lrh0.001_frozen_e5_s43,1272,3,1.2581,5.5544,0.0,0.0006587273373622468
text+audio_text_ln_lrh0.001_frozen_e5_s43,1273,3,0.97669,3.1479,0.0,0.0006583718450053325
text+audio_text_ln_lrh0.001_frozen_e5_s43,1274,3,0.74723,2.74,0.0,0.000658016352648418
text+audio_text_ln_lrh0.001_frozen_e5_s43,1275,3,1.36312,4.5156,0.0,0.0006576608602915037
text+audio_text_ln_lrh0.001_frozen_e5_s43,1276,3,0.60537,3.1829,0.0,0.0006573053679345894
text+audio_text_ln_lrh0.001_frozen_e5_s43,1277,3,1.29115,4.8853,0.0,0.000656949875577675
text+audio_text_ln_lrh0.001_frozen_e5_s43,1278,3,1.09909,4.8302,0.0,0.0006565943832207608
text+audio_text_ln_lrh0.001_frozen_e5_s43,1279,3,1.10597,2.9443,0.0,0.0006562388908638465
text+audio_text_ln_lrh0.001_frozen_e5_s43,1280,3,0.9425,4.6688,0.0,0.0006558833985069321
text+audio_text_ln_lrh0.001_frozen_e5_s43,1281,3,1.16142,4.6367,0.0,0.0006555279061500178
text+audio_text_ln_lrh0.001_frozen_e5_s43,1282,3,1.34388,4.6582,0.0,0.0006551724137931034
text+audio_text_ln_lrh0.001_frozen_e5_s43,1283,3,0.94868,3.6184,0.0,0.0006548169214361891
text+audio_text_ln_lrh0.001_frozen_e5_s43,1284,3,1.35681,3.4255,0.0,0.0006544614290792749
text+audio_text_ln_lrh0.001_frozen_e5_s43,1285,3,0.98839,2.9013,0.0,0.0006541059367223605
text+audio_text_ln_lrh0.001_frozen_e5_s43,1286,3,0.89167,3.0932,0.0,0.0006537504443654462
text+audio_text_ln_lrh0.001_frozen_e5_s43,1287,3,1.35852,4.1342,0.0,0.0006533949520085319
text+audio_text_ln_lrh0.001_frozen_e5_s43,1288,3,1.31089,3.7243,0.0,0.0006530394596516174
text+audio_text_ln_lrh0.001_frozen_e5_s43,1289,3,1.30672,4.917,0.0,0.0006526839672947031
text+audio_text_ln_lrh0.001_frozen_e5_s43,1290,3,1.28707,4.1814,0.0,0.0006523284749377888
text+audio_text_ln_lrh0.001_frozen_e5_s43,1291,3,1.27578,3.7302,0.0,0.0006519729825808745
text+audio_text_ln_lrh0.001_frozen_e5_s43,1292,3,1.34898,2.953,0.0,0.0006516174902239602
text+audio_text_ln_lrh0.001_frozen_e5_s43,1293,3,1.3932,6.7252,0.0,0.0006512619978670459
text+audio_text_ln_lrh0.001_frozen_e5_s43,1294,3,1.0635,2.7781,0.0,0.0006509065055101315
text+audio_text_ln_lrh0.001_frozen_e5_s43,1295,3,1.02895,3.105,0.0,0.0006505510131532172
text+audio_text_ln_lrh0.001_frozen_e5_s43,1296,3,0.98292,2.478,0.0,0.0006501955207963028
text+audio_text_ln_lrh0.001_frozen_e5_s43,1297,3,1.35014,3.353,0.0,0.0006498400284393886
text+audio_text_ln_lrh0.001_frozen_e5_s43,1298,3,1.6014,3.609,0.0,0.0006494845360824743
text+audio_text_ln_lrh0.001_frozen_e5_s43,1299,3,1.36662,3.3635,0.0,0.0006491290437255599
text+audio_text_ln_lrh0.001_frozen_e5_s43,1300,3,1.17064,2.2937,0.0,0.0006487735513686456
text+audio_text_ln_lrh0.001_frozen_e5_s43,1301,3,0.74054,4.4183,0.0,0.0006484180590117313
text+audio_text_ln_lrh0.001_frozen_e5_s43,1302,3,0.74135,4.6793,0.0,0.0006480625666548168
text+audio_text_ln_lrh0.001_frozen_e5_s43,1303,3,1.24906,3.1377,0.0,0.0006477070742979027
text+audio_text_ln_lrh0.001_frozen_e5_s43,1304,3,1.19718,3.2275,0.0,0.0006473515819409883
text+audio_text_ln_lrh0.001_frozen_e5_s43,1305,3,0.80678,2.6439,0.0,0.0006469960895840739
text+audio_text_ln_lrh0.001_frozen_e5_s43,1306,3,1.243,2.4765,0.0,0.0006466405972271596
text+audio_text_ln_lrh0.001_frozen_e5_s43,1307,3,0.74745,2.4415,0.0,0.0006462851048702453
text+audio_text_ln_lrh0.001_frozen_e5_s43,1308,3,1.2386,5.4078,0.0,0.0006459296125133309
text+audio_text_ln_lrh0.001_frozen_e5_s43,1309,3,0.95713,3.6863,0.0,0.0006455741201564167
text+audio_text_ln_lrh0.001_frozen_e5_s43,1310,3,1.03,2.5905,0.0,0.0006452186277995024
text+audio_text_ln_lrh0.001_frozen_e5_s43,1311,3,0.89466,2.5592,0.0,0.000644863135442588
text+audio_text_ln_lrh0.001_frozen_e5_s43,1312,3,1.3298,3.8973,0.0,0.0006445076430856737
text+audio_text_ln_lrh0.001_frozen_e5_s43,1313,3,1.35302,6.2474,0.0,0.0006441521507287593
text+audio_text_ln_lrh0.001_frozen_e5_s43,1314,3,0.95918,3.7892,0.0,0.000643796658371845
text+audio_text_ln_lrh0.001_frozen_e5_s43,1315,3,0.80943,2.5196,0.0,0.0006434411660149308
text+audio_text_ln_lrh0.001_frozen_e5_s43,1316,3,1.13129,3.5856,0.0,0.0006430856736580164
text+audio_text_ln_lrh0.001_frozen_e5_s43,1317,3,1.11472,3.5241,0.0,0.0006427301813011021
text+audio_text_ln_lrh0.001_frozen_e5_s43,1318,3,1.37246,2.8572,0.0,0.0006423746889441877
text+audio_text_ln_lrh0.001_frozen_e5_s43,1319,3,0.82217,3.6581,0.0,0.0006420191965872733
text+audio_text_ln_lrh0.001_frozen_e5_s43,1320,3,1.64723,3.7563,0.0,0.000641663704230359
text+audio_text_ln_lrh0.001_frozen_e5_s43,1321,3,1.12063,3.93,0.0,0.0006413082118734447
text+audio_text_ln_lrh0.001_frozen_e5_s43,1322,3,0.82093,2.802,0.0,0.0006409527195165304
text+audio_text_ln_lrh0.001_frozen_e5_s43,1323,3,0.97057,4.0224,0.0,0.0006405972271596161
text+audio_text_ln_lrh0.001_frozen_e5_s43,1324,3,1.02913,3.9245,0.0,0.0006402417348027018
text+audio_text_ln_lrh0.001_frozen_e5_s43,1325,3,1.34007,2.8547,0.0,0.0006398862424457874
text+audio_text_ln_lrh0.001_frozen_e5_s43,1326,3,0.86977,3.067,0.0,0.0006395307500888731
text+audio_text_ln_lrh0.001_frozen_e5_s43,1327,3,1.34833,3.4867,0.0,0.0006391752577319587
text+audio_text_ln_lrh0.001_frozen_e5_s43,1328,3,0.91886,5.3524,0.0,0.0006388197653750445
text+audio_text_ln_lrh0.001_frozen_e5_s43,1329,3,1.29596,3.2241,0.0,0.0006384642730181302
text+audio_text_ln_lrh0.001_frozen_e5_s43,1330,3,0.82619,2.8476,0.0,0.0006381087806612158
text+audio_text_ln_lrh0.001_frozen_e5_s43,1331,3,1.31265,5.9454,0.0,0.0006377532883043015
text+audio_text_ln_lrh0.001_frozen_e5_s43,1332,3,1.27834,5.4414,0.0,0.0006373977959473872
text+audio_text_ln_lrh0.001_frozen_e5_s43,1333,3,0.87389,2.0528,0.0,0.0006370423035904727
text+audio_text_ln_lrh0.001_frozen_e5_s43,1334,3,1.02971,4.3137,0.0,0.0006366868112335585
text+audio_text_ln_lrh0.001_frozen_e5_s43,1335,3,1.25367,2.5687,0.0,0.0006363313188766442
text+audio_text_ln_lrh0.001_frozen_e5_s43,1336,3,1.45005,4.2789,0.0,0.0006359758265197298
text+audio_text_ln_lrh0.001_frozen_e5_s43,1337,3,0.93757,3.1036,0.0,0.0006356203341628155
text+audio_text_ln_lrh0.001_frozen_e5_s43,1338,3,1.05485,3.7625,0.0,0.0006352648418059012
text+audio_text_ln_lrh0.001_frozen_e5_s43,1339,3,1.03597,2.3137,0.0,0.0006349093494489868
text+audio_text_ln_lrh0.001_frozen_e5_s43,1340,3,1.07094,2.6518,0.0,0.0006345538570920726
text+audio_text_ln_lrh0.001_frozen_e5_s43,1341,3,1.30363,3.0126,0.0,0.0006341983647351582
text+audio_text_ln_lrh0.001_frozen_e5_s43,1342,3,1.19069,4.7305,0.0,0.0006338428723782439
text+audio_text_ln_lrh0.001_frozen_e5_s43,1343,3,1.28356,3.5675,0.0,0.0006334873800213296
text+audio_text_ln_lrh0.001_frozen_e5_s43,1344,3,1.22709,3.3676,0.0,0.0006331318876644152
text+audio_text_ln_lrh0.001_frozen_e5_s43,1345,3,0.9821,2.3523,0.0,0.0006327763953075009
text+audio_text_ln_lrh0.001_frozen_e5_s43,1346,3,1.26341,3.1501,0.0,0.0006324209029505867
text+audio_text_ln_lrh0.001_frozen_e5_s43,1347,3,0.87991,2.5491,0.0,0.0006320654105936722
text+audio_text_ln_lrh0.001_frozen_e5_s43,1348,3,0.76066,2.9302,0.0,0.0006317099182367579
text+audio_text_ln_lrh0.001_frozen_e5_s43,1349,3,1.03841,3.6483,0.0,0.0006313544258798436
text+audio_text_ln_lrh0.001_frozen_e5_s43,1350,3,1.24433,3.3811,0.0,0.0006309989335229292
text+audio_text_ln_lrh0.001_frozen_e5_s43,1351,3,1.68949,4.8648,0.0,0.0006306434411660149
text+audio_text_ln_lrh0.001_frozen_e5_s43,1352,3,0.72158,3.0057,0.0,0.0006302879488091006
text+audio_text_ln_lrh0.001_frozen_e5_s43,1353,3,0.87353,2.7369,0.0,0.0006299324564521863
text+audio_text_ln_lrh0.001_frozen_e5_s43,1354,3,1.7225,3.6541,0.0,0.000629576964095272
text+audio_text_ln_lrh0.001_frozen_e5_s43,1355,3,0.94337,2.0128,0.0,0.0006292214717383576
text+audio_text_ln_lrh0.001_frozen_e5_s43,1356,3,0.95038,3.0797,0.0,0.0006288659793814433
text+audio_text_ln_lrh0.001_frozen_e5_s43,1357,3,0.93906,2.595,0.0,0.000628510487024529
text+audio_text_ln_lrh0.001_frozen_e5_s43,1358,3,1.6869,4.0555,0.0,0.0006281549946676146
text+audio_text_ln_lrh0.001_frozen_e5_s43,1359,3,1.28252,3.8636,0.0,0.0006277995023107004
text+audio_text_ln_lrh0.001_frozen_e5_s43,1360,3,0.92355,2.5979,0.0,0.0006274440099537861
text+audio_text_ln_lrh0.001_frozen_e5_s43,1361,3,0.68328,2.6079,0.0,0.0006270885175968717
text+audio_text_ln_lrh0.001_frozen_e5_s43,1362,3,1.05475,3.8125,0.0,0.0006267330252399573
text+audio_text_ln_lrh0.001_frozen_e5_s43,1363,3,1.04118,4.7544,0.0,0.000626377532883043
text+audio_text_ln_lrh0.001_frozen_e5_s43,1364,3,1.03695,4.0553,0.0,0.0006260220405261286
text+audio_text_ln_lrh0.001_frozen_e5_s43,1365,3,1.03634,3.543,0.0,0.0006256665481692144
text+audio_text_ln_lrh0.001_frozen_e5_s43,1366,3,1.3559,2.724,0.0,0.0006253110558123001
text+audio_text_ln_lrh0.001_frozen_e5_s43,1367,3,1.02837,4.724,0.0,0.0006249555634553857
text+audio_text_ln_lrh0.001_frozen_e5_s43,1368,3,1.34432,2.9548,0.0,0.0006246000710984714
text+audio_text_ln_lrh0.001_frozen_e5_s43,1369,3,0.88073,3.775,0.0,0.000624244578741557
text+audio_text_ln_lrh0.001_frozen_e5_s43,1370,3,1.49042,4.2369,0.0,0.0006238890863846427
text+audio_text_ln_lrh0.001_frozen_e5_s43,1371,3,1.23448,2.6692,0.0,0.0006235335940277285
text+audio_text_ln_lrh0.001_frozen_e5_s43,1372,3,0.64378,2.5543,0.0,0.0006231781016708141
text+audio_text_ln_lrh0.001_frozen_e5_s43,1373,3,1.25355,3.4117,0.0,0.0006228226093138998
text+audio_text_ln_lrh0.001_frozen_e5_s43,1374,3,1.35297,3.2321,0.0,0.0006224671169569855
text+audio_text_ln_lrh0.001_frozen_e5_s43,1375,3,1.34562,3.1345,0.0,0.000622111624600071
text+audio_text_ln_lrh0.001_frozen_e5_s43,1376,3,0.92338,2.6302,0.0,0.0006217561322431567
text+audio_text_ln_lrh0.001_frozen_e5_s43,1377,3,1.76172,8.0013,0.0,0.0006214006398862426
text+audio_text_ln_lrh0.001_frozen_e5_s43,1378,3,0.86965,3.9964,0.0,0.0006210451475293281
text+audio_text_ln_lrh0.001_frozen_e5_s43,1379,3,1.41057,3.998,0.0,0.0006206896551724138
text+audio_text_ln_lrh0.001_frozen_e5_s43,1380,3,1.58635,3.7806,0.0,0.0006203341628154995
text+audio_text_ln_lrh0.001_frozen_e5_s43,1381,3,1.02679,4.1147,0.0,0.0006199786704585851
text+audio_text_ln_lrh0.001_frozen_e5_s43,1382,3,1.34968,4.0715,0.0,0.0006196231781016708
text+audio_text_ln_lrh0.001_frozen_e5_s43,1383,3,1.12262,3.3714,0.0,0.0006192676857447564
text+audio_text_ln_lrh0.001_frozen_e5_s43,1384,3,1.26124,4.2652,0.0,0.0006189121933878422
text+audio_text_ln_lrh0.001_frozen_e5_s43,1385,3,0.76111,3.6048,0.0,0.0006185567010309279
text+audio_text_ln_lrh0.001_frozen_e5_s43,1386,3,0.95273,2.869,0.0,0.0006182012086740135
text+audio_text_ln_lrh0.001_frozen_e5_s43,1387,3,1.19512,3.6552,0.0,0.0006178457163170992
text+audio_text_ln_lrh0.001_frozen_e5_s43,1388,3,0.98727,2.5989,0.0,0.0006174902239601849
text+audio_text_ln_lrh0.001_frozen_e5_s43,1389,3,1.10501,3.9734,0.0,0.0006171347316032705
text+audio_text_ln_lrh0.001_frozen_e5_s43,1390,3,1.3603,2.7651,0.0,0.0006167792392463563
text+audio_text_ln_lrh0.001_frozen_e5_s43,1391,3,1.19321,3.6055,0.0,0.000616423746889442
text+audio_text_ln_lrh0.001_frozen_e5_s43,1392,3,1.62228,4.0525,0.0,0.0006160682545325275
text+audio_text_ln_lrh0.001_frozen_e5_s43,1393,3,1.32608,5.1162,0.0,0.0006157127621756132
text+audio_text_ln_lrh0.001_frozen_e5_s43,1394,3,1.22148,3.7067,0.0,0.0006153572698186989
text+audio_text_ln_lrh0.001_frozen_e5_s43,1395,3,1.58801,4.1956,0.0,0.0006150017774617845
text+audio_text_ln_lrh0.001_frozen_e5_s43,1396,3,1.26765,4.0055,0.0,0.0006146462851048703
text+audio_text_ln_lrh0.001_frozen_e5_s43,1397,3,1.34308,3.908,0.0,0.000614290792747956
text+audio_text_ln_lrh0.001_frozen_e5_s43,1398,3,1.25221,4.0234,0.0,0.0006139353003910416
text+audio_text_ln_lrh0.001_frozen_e5_s43,1399,3,1.14701,4.5416,0.0,0.0006135798080341273
text+audio_text_ln_lrh0.001_frozen_e5_s43,1400,3,1.58186,3.1131,0.0,0.0006132243156772129
text+audio_text_ln_lrh0.001_frozen_e5_s43,1401,3,1.27247,3.5829,0.0,0.0006128688233202986
text+audio_text_ln_lrh0.001_frozen_e5_s43,1402,3,0.93435,3.4288,0.0,0.0006125133309633844
text+audio_text_ln_lrh0.001_frozen_e5_s43,1403,3,1.0095,2.6081,0.0,0.00061215783860647
text+audio_text_ln_lrh0.001_frozen_e5_s43,1404,3,0.93146,4.04,0.0,0.0006118023462495557
text+audio_text_ln_lrh0.001_frozen_e5_s43,1405,3,1.4908,3.9352,0.0,0.0006114468538926414
text+audio_text_ln_lrh0.001_frozen_e5_s43,1406,3,1.48145,3.8591,0.0,0.0006110913615357269
text+audio_text_ln_lrh0.001_frozen_e5_s43,1407,3,0.98166,2.862,0.0,0.0006107358691788126
text+audio_text_ln_lrh0.001_frozen_e5_s43,1408,3,1.04091,2.9196,0.0,0.0006103803768218983
text+audio_text_ln_lrh0.001_frozen_e5_s43,1409,3,1.13224,3.3106,0.0,0.000610024884464984
text+audio_text_ln_lrh0.001_frozen_e5_s43,1410,3,0.95652,3.4188,0.0,0.0006096693921080697
text+audio_text_ln_lrh0.001_frozen_e5_s43,1411,3,0.8005,2.3287,0.0,0.0006093138997511554
text+audio_text_ln_lrh0.001_frozen_e5_s43,1412,3,1.55995,3.481,0.0,0.000608958407394241
text+audio_text_ln_lrh0.001_frozen_e5_s43,1413,3,1.34181,3.8382,0.0,0.0006086029150373267
text+audio_text_ln_lrh0.001_frozen_e5_s43,1414,3,1.75498,5.4609,0.0,0.0006082474226804123
text+audio_text_ln_lrh0.001_frozen_e5_s43,1415,3,1.18356,5.1369,0.0,0.0006078919303234981
text+audio_text_ln_lrh0.001_frozen_e5_s43,1416,3,1.50903,3.0194,0.0,0.0006075364379665838
text+audio_text_ln_lrh0.001_frozen_e5_s43,1417,3,1.55698,4.2315,0.0,0.0006071809456096694
text+audio_text_ln_lrh0.001_frozen_e5_s43,1418,3,1.16515,3.0418,0.0,0.0006068254532527551
text+audio_text_ln_lrh0.001_frozen_e5_s43,1419,3,0.98918,2.9603,0.0,0.0006064699608958408
text+audio_text_ln_lrh0.001_frozen_e5_s43,1420,3,1.28568,3.2915,0.0,0.0006061144685389263
text+audio_text_ln_lrh0.001_frozen_e5_s43,1421,3,0.62828,2.7141,0.0,0.0006057589761820121
text+audio_text_ln_lrh0.001_frozen_e5_s43,1422,3,1.16091,4.8404,0.0,0.0006054034838250978
text+audio_text_ln_lrh0.001_frozen_e5_s43,1423,3,1.15318,4.6,0.0,0.0006050479914681834
text+audio_text_ln_lrh0.001_frozen_e5_s43,1424,3,1.16797,2.3028,0.0,0.0006046924991112691
text+audio_text_ln_lrh0.001_frozen_e5_s43,1425,3,1.02757,2.3069,0.0,0.0006043370067543548
text+audio_text_ln_lrh0.001_frozen_e5_s43,1426,3,1.30204,4.391,0.0,0.0006039815143974404
text+audio_text_ln_lrh0.001_frozen_e5_s43,1427,3,1.1784,3.31,0.0,0.0006036260220405262
text+audio_text_ln_lrh0.001_frozen_e5_s43,1428,3,0.80707,2.4397,0.0,0.0006032705296836118
text+audio_text_ln_lrh0.001_frozen_e5_s43,1429,3,1.42399,3.5187,0.0,0.0006029150373266975
text+audio_text_ln_lrh0.001_frozen_e5_s43,1430,3,1.49945,3.9798,0.0,0.0006025595449697832
text+audio_text_ln_lrh0.001_frozen_e5_s43,1431,3,1.57893,3.7144,0.0,0.0006022040526128688
text+audio_text_ln_lrh0.001_frozen_e5_s43,1432,3,0.83016,2.7258,0.0,0.0006018485602559545
text+audio_text_ln_lrh0.001_frozen_e5_s43,1433,3,1.56998,3.7783,0.0,0.0006014930678990403
text+audio_text_ln_lrh0.001_frozen_e5_s43,1434,3,0.688,3.0916,0.0,0.0006011375755421259
text+audio_text_ln_lrh0.001_frozen_e5_s43,1435,3,0.86419,3.576,0.0,0.0006007820831852115
text+audio_text_ln_lrh0.001_frozen_e5_s43,1436,3,1.52201,3.0856,0.0,0.0006004265908282972
text+audio_text_ln_lrh0.001_frozen_e5_s43,1437,3,1.61435,4.1075,0.0,0.0006000710984713828
text+audio_text_ln_lrh0.001_frozen_e5_s43,1438,3,1.29771,3.8581,0.0,0.0005997156061144685
text+audio_text_ln_lrh0.001_frozen_e5_s43,1439,3,0.7205,3.6427,0.0,0.0005993601137575542
text+audio_text_ln_lrh0.001_frozen_e5_s43,1440,3,1.66849,3.4998,0.0,0.0005990046214006399
text+audio_text_ln_lrh0.001_frozen_e5_s43,1441,3,0.93091,3.1727,0.0,0.0005986491290437256
text+audio_text_ln_lrh0.001_frozen_e5_s43,1442,3,1.67652,5.8928,0.0,0.0005982936366868112
text+audio_text_ln_lrh0.001_frozen_e5_s43,1443,3,1.33068,4.2996,0.0,0.0005979381443298969
text+audio_text_ln_lrh0.001_frozen_e5_s43,1444,3,1.55342,3.8582,0.0,0.0005975826519729826
text+audio_text_ln_lrh0.001_frozen_e5_s43,1445,3,1.35819,4.386,0.0,0.0005972271596160682
text+audio_text_ln_lrh0.001_frozen_e5_s43,1446,3,1.19942,2.8565,0.0,0.000596871667259154
text+audio_text_ln_lrh0.001_frozen_e5_s43,1447,3,1.18865,2.9793,0.0,0.0005965161749022397
text+audio_text_ln_lrh0.001_frozen_e5_s43,1448,3,1.54101,3.7866,0.0,0.0005961606825453253
text+audio_text_ln_lrh0.001_frozen_e5_s43,1449,3,1.36967,3.2539,0.0,0.000595805190188411
text+audio_text_ln_lrh0.001_frozen_e5_s43,1450,3,1.04062,3.1872,0.0,0.0005954496978314966
text+audio_text_ln_lrh0.001_frozen_e5_s43,1451,3,1.21631,2.5487,0.0,0.0005950942054745822
text+audio_text_ln_lrh0.001_frozen_e5_s43,1452,3,0.82488,2.4328,0.0,0.000594738713117668
text+audio_text_ln_lrh0.001_frozen_e5_s43,1453,3,1.22076,2.6843,0.0,0.0005943832207607537
text+audio_text_ln_lrh0.001_frozen_e5_s43,1454,3,1.22067,2.9969,0.0,0.0005940277284038393
text+audio_text_ln_lrh0.001_frozen_e5_s43,1455,3,1.21317,3.6098,0.0,0.000593672236046925
text+audio_text_ln_lrh0.001_frozen_e5_s43,1456,3,1.4056,3.6247,0.0,0.0005933167436900106
text+audio_text_ln_lrh0.001_frozen_e5_s43,1457,3,1.41348,4.2126,0.0,0.0005929612513330963
text+audio_text_ln_lrh0.001_frozen_e5_s43,1458,3,1.00521,3.5728,0.0,0.0005926057589761821
text+audio_text_ln_lrh0.001_frozen_e5_s43,1459,3,0.79203,2.5772,0.0,0.0005922502666192677
text+audio_text_ln_lrh0.001_frozen_e5_s43,1460,3,1.19496,3.9464,0.0,0.0005918947742623534
text+audio_text_ln_lrh0.001_frozen_e5_s43,1461,3,0.9426,3.8874,0.0,0.0005915392819054391
text+audio_text_ln_lrh0.001_frozen_e5_s43,1462,3,1.08669,3.332,0.0,0.0005911837895485247
text+audio_text_ln_lrh0.001_frozen_e5_s43,1463,3,1.10406,3.3189,0.0,0.0005908282971916104
text+audio_text_ln_lrh0.001_frozen_e5_s43,1464,3,1.14265,3.3406,0.0,0.0005904728048346962
text+audio_text_ln_lrh0.001_frozen_e5_s43,1465,3,1.25398,2.7499,0.0,0.0005901173124777817
text+audio_text_ln_lrh0.001_frozen_e5_s43,1466,3,1.52835,3.2697,0.0,0.0005897618201208674
text+audio_text_ln_lrh0.001_frozen_e5_s43,1467,3,1.02222,3.6376,0.0,0.0005894063277639531
text+audio_text_ln_lrh0.001_frozen_e5_s43,1468,3,1.28753,3.5747,0.0,0.0005890508354070387
text+audio_text_ln_lrh0.001_frozen_e5_s43,1469,3,0.9206,3.4108,0.0,0.0005886953430501244
text+audio_text_ln_lrh0.001_frozen_e5_s43,1470,3,0.82947,3.0838,0.0,0.0005883398506932101
text+audio_text_ln_lrh0.001_frozen_e5_s43,1471,3,0.82265,2.5887,0.0,0.0005879843583362958
text+audio_text_ln_lrh0.001_frozen_e5_s43,1472,3,1.04223,3.156,0.0,0.0005876288659793815
text+audio_text_ln_lrh0.001_frozen_e5_s43,1473,3,1.91356,5.0285,0.0,0.0005872733736224671
text+audio_text_ln_lrh0.001_frozen_e5_s43,1474,3,0.90805,2.4912,0.0,0.0005869178812655528
text+audio_text_ln_lrh0.001_frozen_e5_s43,1475,3,1.35695,4.8417,0.0,0.0005865623889086385
text+audio_text_ln_lrh0.001_frozen_e5_s43,1476,3,1.65457,3.3733,0.0,0.0005862068965517241
text+audio_text_ln_lrh0.001_frozen_e5_s43,1477,3,1.08379,2.2458,0.0,0.0005858514041948099
text+audio_text_ln_lrh0.001_frozen_e5_s43,1478,3,1.28588,2.7366,0.0,0.0005854959118378956
text+audio_text_ln_lrh0.001_frozen_e5_s43,1479,3,1.02158,3.0248,0.0,0.0005851404194809811
text+audio_text_ln_lrh0.001_frozen_e5_s43,1480,3,1.14556,3.5522,0.0,0.0005847849271240668
text+audio_text_ln_lrh0.001_frozen_e5_s43,1481,3,0.80896,2.4791,0.0,0.0005844294347671525
text+audio_text_ln_lrh0.001_frozen_e5_s43,1482,3,1.07382,3.1463,0.0,0.0005840739424102381
text+audio_text_ln_lrh0.001_frozen_e5_s43,1483,3,0.91088,2.7282,0.0,0.0005837184500533239
text+audio_text_ln_lrh0.001_frozen_e5_s43,1484,3,1.3098,4.0787,0.0,0.0005833629576964096
text+audio_text_ln_lrh0.001_frozen_e5_s43,1485,3,1.27346,3.3261,0.0,0.0005830074653394952
text+audio_text_ln_lrh0.001_frozen_e5_s43,1486,3,1.05849,3.7621,0.0,0.0005826519729825809
text+audio_text_ln_lrh0.001_frozen_e5_s43,1487,3,1.27174,3.9634,0.0,0.0005822964806256665
text+audio_text_ln_lrh0.001_frozen_e5_s43,1488,3,0.90734,2.8519,0.0,0.0005819409882687522
text+audio_text_ln_lrh0.001_frozen_e5_s43,1489,3,1.22747,4.0668,0.0,0.000581585495911838
text+audio_text_ln_lrh0.001_frozen_e5_s43,1490,3,0.99504,3.586,0.0,0.0005812300035549236
text+audio_text_ln_lrh0.001_frozen_e5_s43,1491,3,0.97451,2.4368,0.0,0.0005808745111980093
text+audio_text_ln_lrh0.001_frozen_e5_s43,1492,3,1.24402,3.4691,0.0,0.000580519018841095
text+audio_text_ln_lrh0.001_frozen_e5_s43,1493,3,1.22681,2.6492,0.0,0.0005801635264841805
text+audio_text_ln_lrh0.001_frozen_e5_s43,1494,3,0.66093,3.6163,0.0,0.0005798080341272662
text+audio_text_ln_lrh0.001_frozen_e5_s43,1495,3,0.7114,2.1141,0.0,0.000579452541770352
text+audio_text_ln_lrh0.001_frozen_e5_s43,1496,3,1.28617,3.5541,0.0,0.0005790970494134376
text+audio_text_ln_lrh0.001_frozen_e5_s43,1497,3,1.74238,3.994,0.0,0.0005787415570565233
text+audio_text_ln_lrh0.001_frozen_e5_s43,1498,3,0.96178,2.8117,0.0,0.000578386064699609
text+audio_text_ln_lrh0.001_frozen_e5_s43,1499,3,1.10326,4.1409,0.0,0.0005780305723426946
text+audio_text_ln_lrh0.001_frozen_e5_s43,1500,3,1.24722,3.1492,0.0,0.0005776750799857803
text+audio_text_ln_lrh0.001_frozen_e5_s43,1501,3,1.13181,2.9666,0.0,0.0005773195876288659
text+audio_text_ln_lrh0.001_frozen_e5_s43,1502,3,1.32987,3.6553,0.0,0.0005769640952719517
text+audio_text_ln_lrh0.001_frozen_e5_s43,1503,3,1.04046,2.5367,0.0,0.0005766086029150374
text+audio_text_ln_lrh0.001_frozen_e5_s43,1504,3,1.05037,3.8845,0.0,0.000576253110558123
text+audio_text_ln_lrh0.001_frozen_e5_s43,1505,3,1.25725,3.9723,0.0,0.0005758976182012087
text+audio_text_ln_lrh0.001_frozen_e5_s43,1506,3,1.49681,3.5005,0.0,0.0005755421258442944
text+audio_text_ln_lrh0.001_frozen_e5_s43,1507,3,1.07796,6.5673,0.0,0.00057518663348738
text+audio_text_ln_lrh0.001_frozen_e5_s43,1508,3,0.89009,3.0016,0.0,0.0005748311411304658
text+audio_text_ln_lrh0.001_frozen_e5_s43,1509,3,1.423,4.1926,0.0,0.0005744756487735514
text+audio_text_ln_lrh0.001_frozen_e5_s43,1510,3,0.77471,2.4687,0.0,0.000574120156416637
text+audio_text_ln_lrh0.001_frozen_e5_s43,1511,3,0.91806,3.0449,0.0,0.0005737646640597227
text+audio_text_ln_lrh0.001_frozen_e5_s43,1512,3,1.53926,3.7616,0.0,0.0005734091717028084
text+audio_text_ln_lrh0.001_frozen_e5_s43,1513,3,1.26203,2.8834,0.0,0.000573053679345894
text+audio_text_ln_lrh0.001_frozen_e5_s43,1514,3,1.47876,4.0491,0.0,0.0005726981869889798
text+audio_text_ln_lrh0.001_frozen_e5_s43,1515,3,1.4033,4.442,0.0,0.0005723426946320654
text+audio_text_ln_lrh0.001_frozen_e5_s43,1516,3,1.6386,5.1281,0.0,0.0005719872022751511
text+audio_text_ln_lrh0.001_frozen_e5_s43,1517,3,0.95388,2.5081,0.0,0.0005716317099182368
text+audio_text_ln_lrh0.001_frozen_e5_s43,1518,3,0.7292,2.225,0.0,0.0005712762175613224
text+audio_text_ln_lrh0.001_frozen_e5_s43,1519,3,0.95858,2.7315,0.0,0.0005709207252044081
text+audio_text_ln_lrh0.001_frozen_e5_s43,1520,3,0.755,2.5663,0.0,0.0005705652328474939
text+audio_text_ln_lrh0.001_frozen_e5_s43,1521,3,1.41802,3.353,0.0,0.0005702097404905795
text+audio_text_ln_lrh0.001_frozen_e5_s43,1522,3,0.91862,2.7842,0.0,0.0005698542481336652
text+audio_text_ln_lrh0.001_frozen_e5_s43,1523,3,1.42192,3.2982,0.0,0.0005694987557767508
text+audio_text_ln_lrh0.001_frozen_e5_s43,1524,3,1.04208,3.5781,0.0,0.0005691432634198364
text+audio_text_ln_lrh0.001_frozen_e5_s43,1525,3,1.21054,3.4064,0.0,0.0005687877710629221
text+audio_text_ln_lrh0.001_frozen_e5_s43,1526,3,1.11775,3.2127,0.0,0.0005684322787060079
text+audio_text_ln_lrh0.001_frozen_e5_s43,1527,3,0.94129,3.0119,0.0,0.0005680767863490935
text+audio_text_ln_lrh0.001_frozen_e5_s43,1528,3,1.18991,3.7487,0.0,0.0005677212939921792
text+audio_text_ln_lrh0.001_frozen_e5_s43,1529,3,1.35583,3.1477,0.0,0.0005673658016352649
text+audio_text_ln_lrh0.001_frozen_e5_s43,1530,3,0.94477,2.4425,0.0,0.0005670103092783505
text+audio_text_ln_lrh0.001_frozen_e5_s43,1531,3,1.13783,5.1035,0.0,0.0005666548169214362
text+audio_text_ln_lrh0.001_frozen_e5_s43,1532,3,1.23067,2.8696,0.0,0.0005662993245645218
text+audio_text_ln_lrh0.001_frozen_e5_s43,1533,3,1.11734,2.5189,0.0,0.0005659438322076076
text+audio_text_ln_lrh0.001_frozen_e5_s43,1534,3,1.27962,5.4391,0.0,0.0005655883398506933
text+audio_text_ln_lrh0.001_frozen_e5_s43,1535,3,1.28297,3.018,0.0,0.0005652328474937789
text+audio_text_ln_lrh0.001_frozen_e5_s43,1536,3,1.28827,3.3219,0.0,0.0005648773551368646
text+audio_text_ln_lrh0.001_frozen_e5_s43,1537,3,1.25023,3.6634,0.0,0.0005645218627799503
text+audio_text_ln_lrh0.001_frozen_e5_s43,1538,3,0.96033,5.0054,0.0,0.0005641663704230358
text+audio_text_ln_lrh0.001_frozen_e5_s43,1539,3,1.43631,3.2835,0.0,0.0005638108780661216
text+audio_text_ln_lrh0.001_frozen_e5_s43,1540,3,0.97933,3.1949,0.0,0.0005634553857092073
text+audio_text_ln_lrh0.001_frozen_e5_s43,1541,3,0.6516,1.9421,0.0,0.0005630998933522929
text+audio_text_ln_lrh0.001_frozen_e5_s43,1542,3,1.58546,4.9778,0.0,0.0005627444009953786
text+audio_text_ln_lrh0.001_frozen_e5_s43,1543,3,0.87613,3.5157,0.0,0.0005623889086384643
text+audio_text_ln_lrh0.001_frozen_e5_s43,1544,3,0.86075,2.3349,0.0,0.0005620334162815499
text+audio_text_ln_lrh0.001_frozen_e5_s43,1545,3,0.75188,2.2543,0.0,0.0005616779239246357
text+audio_text_ln_lrh0.001_frozen_e5_s43,1546,3,1.30839,3.184,0.0,0.0005613224315677213
text+audio_text_ln_lrh0.001_frozen_e5_s43,1547,3,0.72236,2.0268,0.0,0.000560966939210807
text+audio_text_ln_lrh0.001_frozen_e5_s43,1548,3,1.55204,5.7759,0.0,0.0005606114468538927
text+audio_text_ln_lrh0.001_frozen_e5_s43,1549,3,1.29217,4.5795,0.0,0.0005602559544969783
text+audio_text_ln_lrh0.001_frozen_e5_s43,1550,3,1.07686,2.6761,0.0,0.000559900462140064
text+audio_text_ln_lrh0.001_frozen_e5_s43,1551,3,1.09949,2.8989,0.0,0.0005595449697831498
text+audio_text_ln_lrh0.001_frozen_e5_s43,1552,3,1.18697,3.192,0.0,0.0005591894774262353
text+audio_text_ln_lrh0.001_frozen_e5_s43,1553,3,1.02578,2.701,0.0,0.000558833985069321
text+audio_text_ln_lrh0.001_frozen_e5_s43,1554,3,0.7281,2.9168,0.0,0.0005584784927124067
text+audio_text_ln_lrh0.001_frozen_e5_s43,1555,3,0.93181,2.5723,0.0,0.0005581230003554923
text+audio_text_ln_lrh0.001_frozen_e5_s43,1556,3,1.46582,3.629,0.0,0.000557767507998578
text+audio_text_ln_lrh0.001_frozen_e5_s43,1557,3,1.20775,5.6395,0.0,0.0005574120156416637
text+audio_text_ln_lrh0.001_frozen_e5_s43,1558,3,1.32935,4.7409,0.0,0.0005570565232847494
text+audio_text_ln_lrh0.001_frozen_e5_s43,1559,3,1.17415,4.034,0.0,0.0005567010309278351
text+audio_text_ln_lrh0.001_frozen_e5_s43,1560,3,0.87559,2.8247,0.0,0.0005563455385709207
text+audio_text_ln_lrh0.001_frozen_e5_s43,1561,3,0.88607,2.3301,0.0,0.0005559900462140064
text+audio_text_ln_lrh0.001_frozen_e5_s43,1562,3,1.25672,3.3431,0.0,0.0005556345538570921
text+audio_text_ln_lrh0.001_frozen_e5_s43,1563,3,1.14445,2.5614,0.0,0.0005552790615001777
text+audio_text_ln_lrh0.001_frozen_e5_s43,1564,3,0.91951,4.2612,0.0,0.0005549235691432635
text+audio_text_ln_lrh0.001_frozen_e5_s43,1565,3,1.3287,3.1549,0.0,0.0005545680767863492
text+audio_text_ln_lrh0.001_frozen_e5_s43,1566,3,1.24922,3.0091,0.0,0.0005542125844294348
text+audio_text_ln_lrh0.001_frozen_e5_s43,1567,3,0.93212,3.1386,0.0,0.0005538570920725204
text+audio_text_ln_lrh0.001_frozen_e5_s43,1568,3,1.1998,2.8242,0.0,0.0005535015997156061
text+audio_text_ln_lrh0.001_frozen_e5_s43,1569,3,1.29697,4.2755,0.0,0.0005531461073586917
text+audio_text_ln_lrh0.001_frozen_e5_s43,1570,3,1.1798,2.7191,0.0,0.0005527906150017775
text+audio_text_ln_lrh0.001_frozen_e5_s43,1571,3,0.8767,2.8428,0.0,0.0005524351226448632
text+audio_text_ln_lrh0.001_frozen_e5_s43,1572,3,1.03099,2.6242,0.0,0.0005520796302879488
text+audio_text_ln_lrh0.001_frozen_e5_s43,1573,3,1.26103,3.7013,0.0,0.0005517241379310345
text+audio_text_ln_lrh0.001_frozen_e5_s43,1574,3,1.12556,3.1997,0.0,0.0005513686455741201
text+audio_text_ln_lrh0.001_frozen_e5_s43,1575,3,0.81239,3.3958,0.0,0.0005510131532172058
text+audio_text_ln_lrh0.001_frozen_e5_s43,1576,3,1.3286,3.0953,0.0,0.0005506576608602916
text+audio_text_ln_lrh0.001_frozen_e5_s43,1577,3,0.80787,2.3132,0.0,0.0005503021685033772
text+audio_text_ln_lrh0.001_frozen_e5_s43,1578,3,1.40738,5.0139,0.0,0.0005499466761464629
text+audio_text_ln_lrh0.001_frozen_e5_s43,1579,3,0.80729,2.2822,0.0,0.0005495911837895486
text+audio_text_ln_lrh0.001_frozen_e5_s43,1580,3,1.09843,3.9136,0.0,0.0005492356914326342
text+audio_text_ln_lrh0.001_frozen_e5_s43,1581,3,1.28817,2.9354,0.0,0.0005488801990757198
text+audio_text_ln_lrh0.001_frozen_e5_s43,1582,3,0.76237,3.1029,0.0,0.0005485247067188057
text+audio_text_ln_lrh0.001_frozen_e5_s43,1583,3,1.15088,3.4812,0.0,0.0005481692143618912
text+audio_text_ln_lrh0.001_frozen_e5_s43,1584,3,1.2609,3.4461,0.0,0.0005478137220049769
text+audio_text_ln_lrh0.001_frozen_e5_s43,1585,3,0.96048,3.5155,0.0,0.0005474582296480626
text+audio_text_ln_lrh0.001_frozen_e5_s43,1586,3,1.18659,2.8735,0.0,0.0005471027372911482
text+audio_text_ln_lrh0.001_frozen_e5_s43,1587,3,0.96649,2.9572,0.0,0.0005467472449342339
text+audio_text_ln_lrh0.001_frozen_e5_s43,1588,3,0.98437,2.6566,0.0,0.0005463917525773195
text+audio_text_ln_lrh0.001_frozen_e5_s43,1589,3,0.73344,2.5115,0.0,0.0005460362602204053
text+audio_text_ln_lrh0.001_frozen_e5_s43,1590,3,1.29188,4.7348,0.0,0.000545680767863491
text+audio_text_ln_lrh0.001_frozen_e5_s43,1591,3,1.17943,3.6544,0.0,0.0005453252755065766
text+audio_text_ln_lrh0.001_frozen_e5_s43,1592,3,1.62829,4.1477,0.0,0.0005449697831496623
text+audio_text_ln_lrh0.001_frozen_e5_s43,1593,3,1.02167,3.7838,0.0,0.000544614290792748
text+audio_text_ln_lrh0.001_frozen_e5_s43,1594,3,0.88268,3.1806,0.0,0.0005442587984358336
text+audio_text_ln_lrh0.001_frozen_e5_s43,1595,3,1.69813,4.6585,0.0,0.0005439033060789194
text+audio_text_ln_lrh0.001_frozen_e5_s43,1596,3,0.78244,2.0375,0.0,0.000543547813722005
text+audio_text_ln_lrh0.001_frozen_e5_s43,1597,3,1.09717,4.3616,0.0,0.0005431923213650906
text+audio_text_ln_lrh0.001_frozen_e5_s43,1598,3,1.36186,3.3512,0.0,0.0005428368290081763
text+audio_text_ln_lrh0.001_frozen_e5_s43,1599,3,1.12782,2.791,0.0,0.000542481336651262
text+audio_text_ln_lrh0.001_frozen_e5_s43,1600,3,1.04829,3.9704,0.0,0.0005421258442943476
text+audio_text_ln_lrh0.001_frozen_e5_s43,1601,3,0.71907,5.5961,0.0,0.0005417703519374334
text+audio_text_ln_lrh0.001_frozen_e5_s43,1602,3,0.93014,3.4814,0.0,0.0005414148595805191
text+audio_text_ln_lrh0.001_frozen_e5_s43,1603,3,0.96868,2.3584,0.0,0.0005410593672236047
text+audio_text_ln_lrh0.001_frozen_e5_s43,1604,3,1.54445,3.7042,0.0,0.0005407038748666904
text+audio_text_ln_lrh0.001_frozen_e5_s43,1605,3,0.76858,2.6306,0.0,0.000540348382509776
text+audio_text_ln_lrh0.001_frozen_e5_s43,1606,3,1.14849,3.4687,0.0,0.0005399928901528617
text+audio_text_ln_lrh0.001_frozen_e5_s43,1607,3,0.75083,2.3274,0.0,0.0005396373977959475
text+audio_text_ln_lrh0.001_frozen_e5_s43,1608,3,1.07223,2.3683,0.0,0.0005392819054390331
text+audio_text_ln_lrh0.001_frozen_e5_s43,1609,3,1.2134,3.3872,0.0,0.0005389264130821188
text+audio_text_ln_lrh0.001_frozen_e5_s43,1610,3,1.0413,5.1076,0.0,0.0005385709207252045
text+audio_text_ln_lrh0.001_frozen_e5_s43,1611,3,0.99818,2.7677,0.0,0.00053821542836829
text+audio_text_ln_lrh0.001_frozen_e5_s43,1612,3,0.70324,3.1991,0.0,0.0005378599360113757
text+audio_text_ln_lrh0.001_frozen_e5_s43,1613,3,0.94653,2.4221,0.0,0.0005375044436544615
text+audio_text_ln_lrh0.001_frozen_e5_s43,1614,3,1.17543,4.2376,0.0,0.0005371489512975471
text+audio_text_ln_lrh0.001_frozen_e5_s43,1615,3,1.08418,7.7869,0.0,0.0005367934589406328
text+audio_text_ln_lrh0.001_frozen_e5_s43,1616,3,0.99621,4.4805,0.0,0.0005364379665837185
text+audio_text_ln_lrh0.001_frozen_e5_s43,1617,3,1.03193,2.936,0.0,0.0005360824742268041
text+audio_text_ln_lrh0.001_frozen_e5_s43,1618,3,1.3981,2.8629,0.0,0.0005357269818698898
text+audio_text_ln_lrh0.001_frozen_e5_s43,1619,3,1.59662,4.4794,0.0,0.0005353714895129754
text+audio_text_ln_lrh0.001_frozen_e5_s43,1620,3,1.62503,3.6131,0.0,0.0005350159971560612
text+audio_text_ln_lrh0.001_frozen_e5_s43,1621,3,0.91375,2.7401,0.0,0.0005346605047991469
text+audio_text_ln_lrh0.001_frozen_e5_s43,1622,3,1.04558,3.2555,0.0,0.0005343050124422325
text+audio_text_ln_lrh0.001_frozen_e5_s43,1623,3,0.82864,2.9855,0.0,0.0005339495200853182
text+audio_text_ln_lrh0.001_frozen_e5_s43,1624,3,0.91463,3.7107,0.0,0.0005335940277284039
text+audio_text_ln_lrh0.001_frozen_e5_s43,1625,3,1.42093,4.3489,0.0,0.0005332385353714894
text+audio_text_ln_lrh0.001_frozen_e5_s43,1626,3,1.31838,4.154,0.0,0.0005328830430145752
text+audio_text_ln_lrh0.001_frozen_e5_s43,1627,3,1.68309,3.5055,0.0,0.0005325275506576609
text+audio_text_ln_lrh0.001_frozen_e5_s43,1628,3,1.10767,3.7055,0.0,0.0005321720583007465
text+audio_text_ln_lrh0.001_frozen_e5_s43,1629,3,1.16494,3.4794,0.0,0.0005318165659438322
text+audio_text_ln_lrh0.001_frozen_e5_s43,1630,3,1.21496,3.6728,0.0,0.0005314610735869179
text+audio_text_ln_lrh0.001_frozen_e5_s43,1631,3,0.98247,3.149,0.0,0.0005311055812300035
text+audio_text_ln_lrh0.001_frozen_e5_s43,1632,3,1.70366,4.8957,0.0,0.0005307500888730893
text+audio_text_ln_lrh0.001_frozen_e5_s43,1633,3,0.91862,3.1498,0.0,0.0005303945965161749
text+audio_text_ln_lrh0.001_frozen_e5_s43,1634,3,0.77677,2.5677,0.0,0.0005300391041592606
text+audio_text_ln_lrh0.001_frozen_e5_s43,1635,3,0.98344,2.9249,0.0,0.0005296836118023463
text+audio_text_ln_lrh0.001_frozen_e5_s43,1636,3,1.26599,4.0364,0.0,0.0005293281194454319
text+audio_text_ln_lrh0.001_frozen_e5_s43,1637,3,0.92444,2.5244,0.0,0.0005289726270885176
text+audio_text_ln_lrh0.001_frozen_e5_s43,1638,3,1.44502,3.8376,0.0,0.0005286171347316034
text+audio_text_ln_lrh0.001_frozen_e5_s43,1639,3,0.99572,3.0668,0.0,0.000528261642374689
text+audio_text_ln_lrh0.001_frozen_e5_s43,1640,3,1.01786,2.937,0.0,0.0005279061500177746
text+audio_text_ln_lrh0.001_frozen_e5_s43,1641,3,1.12263,3.0829,0.0,0.0005275506576608603
text+audio_text_ln_lrh0.001_frozen_e5_s43,1642,3,1.15211,2.7355,0.0,0.0005271951653039459
text+audio_text_ln_lrh0.001_frozen_e5_s43,1643,3,1.267,4.5846,0.0,0.0005268396729470316
text+audio_text_ln_lrh0.001_frozen_e5_s43,1644,3,1.36368,3.1986,0.0,0.0005264841805901174
text+audio_text_ln_lrh0.001_frozen_e5_s43,1645,3,1.30777,3.8194,0.0,0.000526128688233203
text+audio_text_ln_lrh0.001_frozen_e5_s43,1646,3,1.48595,3.3049,0.0,0.0005257731958762887
text+audio_text_ln_lrh0.001_frozen_e5_s43,1647,3,1.26473,3.8681,0.0,0.0005254177035193743
text+audio_text_ln_lrh0.001_frozen_e5_s43,1648,3,1.07185,4.5983,0.0,0.00052506221116246
text+audio_text_ln_lrh0.001_frozen_e5_s43,1649,3,1.076,3.2906,0.0,0.0005247067188055457
text+audio_text_ln_lrh0.001_frozen_e5_s43,1650,3,1.02822,2.9848,0.0,0.0005243512264486313
text+audio_text_ln_lrh0.001_frozen_e5_s43,1651,3,0.89689,2.8875,0.0,0.0005239957340917171
text+audio_text_ln_lrh0.001_frozen_e5_s43,1652,3,1.45331,3.0019,0.0,0.0005236402417348028
text+audio_text_ln_lrh0.001_frozen_e5_s43,1653,3,0.67084,2.8789,0.0,0.0005232847493778884
text+audio_text_ln_lrh0.001_frozen_e5_s43,1654,3,1.27138,5.0988,0.0,0.000522929257020974
text+audio_text_ln_lrh0.001_frozen_e5_s43,1655,3,0.70504,2.2754,0.0,0.0005225737646640597
text+audio_text_ln_lrh0.001_frozen_e5_s43,1656,3,1.01225,2.7029,0.0,0.0005222182723071453
text+audio_text_ln_lrh0.001_frozen_e5_s43,1657,3,1.51201,4.6941,0.0,0.0005218627799502311
text+audio_text_ln_lrh0.001_frozen_e5_s43,1658,3,1.14227,2.8738,0.0,0.0005215072875933168
text+audio_text_ln_lrh0.001_frozen_e5_s43,1659,3,1.1715,3.2205,0.0,0.0005211517952364024
text+audio_text_ln_lrh0.001_frozen_e5_s43,1660,3,1.17557,2.9698,0.0,0.0005207963028794881
text+audio_text_ln_lrh0.001_frozen_e5_s43,1661,3,1.30189,3.282,0.0,0.0005204408105225737
text+audio_text_ln_lrh0.001_frozen_e5_s43,1662,3,1.08626,2.7916,0.0,0.0005200853181656594
text+audio_text_ln_lrh0.001_frozen_e5_s43,1663,3,1.32154,4.2829,0.0,0.0005197298258087452
text+audio_text_ln_lrh0.001_frozen_e5_s43,1664,3,1.40312,3.3823,0.0,0.0005193743334518308
text+audio_text_ln_lrh0.001_frozen_e5_s43,1665,3,1.29282,3.7294,0.0,0.0005190188410949165
text+audio_text_ln_lrh0.001_frozen_e5_s43,1666,3,1.63008,3.2889,0.0,0.0005186633487380022
text+audio_text_ln_lrh0.001_frozen_e5_s43,1667,3,1.6242,4.3987,0.0,0.0005183078563810878
text+audio_text_ln_lrh0.001_frozen_e5_s43,1668,3,1.70292,3.4695,0.0,0.0005179523640241735
text+audio_text_ln_lrh0.001_frozen_e5_s43,1669,3,1.28066,3.6791,0.0,0.0005175968716672593
text+audio_text_ln_lrh0.001_frozen_e5_s43,1670,3,0.98163,3.2385,0.0,0.0005172413793103448
text+audio_text_ln_lrh0.001_frozen_e5_s43,1671,3,1.37594,3.4096,0.0,0.0005168858869534305
text+audio_text_ln_lrh0.001_frozen_e5_s43,1672,3,1.18731,3.1698,0.0,0.0005165303945965162
text+audio_text_ln_lrh0.001_frozen_e5_s43,1673,3,1.0503,3.4654,0.0,0.0005161749022396018
text+audio_text_ln_lrh0.001_frozen_e5_s43,1674,3,0.98577,3.3031,0.0,0.0005158194098826875
text+audio_text_ln_lrh0.001_frozen_e5_s43,1675,3,1.47386,5.268,0.0,0.0005154639175257731
text+audio_text_ln_lrh0.001_frozen_e5_s43,1676,3,1.20522,2.9144,0.0,0.0005151084251688589
text+audio_text_ln_lrh0.001_frozen_e5_s43,1677,3,0.87881,2.3601,0.0,0.0005147529328119446
text+audio_text_ln_lrh0.001_frozen_e5_s43,1678,3,1.02759,2.211,0.0,0.0005143974404550302
text+audio_text_ln_lrh0.001_frozen_e5_s43,1679,3,0.82677,3.2581,0.0,0.0005140419480981159
text+audio_text_ln_lrh0.001_frozen_e5_s43,1680,3,1.0251,4.501,0.0,0.0005136864557412016
text+audio_text_ln_lrh0.001_frozen_e5_s43,1681,3,0.72838,4.3863,0.0,0.0005133309633842872
text+audio_text_ln_lrh0.001_frozen_e5_s43,1682,3,1.08354,2.9884,0.0,0.000512975471027373
text+audio_text_ln_lrh0.001_frozen_e5_s43,1683,3,1.05755,4.1148,0.0,0.0005126199786704587
text+audio_text_ln_lrh0.001_frozen_e5_s43,1684,3,0.75985,3.2635,0.0,0.0005122644863135442
text+audio_text_ln_lrh0.001_frozen_e5_s43,1685,3,1.15559,3.3823,0.0,0.0005119089939566299
text+audio_text_ln_lrh0.001_frozen_e5_s43,1686,3,1.103,2.5182,0.0,0.0005115535015997156
text+audio_text_ln_lrh0.001_frozen_e5_s43,1687,3,1.19133,2.8022,0.0,0.0005111980092428012
text+audio_text_ln_lrh0.001_frozen_e5_s43,1688,3,0.95082,3.1324,0.0,0.000510842516885887
text+audio_text_ln_lrh0.001_frozen_e5_s43,1689,3,1.25153,3.2607,0.0,0.0005104870245289727
text+audio_text_ln_lrh0.001_frozen_e5_s43,1690,3,1.16474,3.2275,0.0,0.0005101315321720583
text+audio_text_ln_lrh0.001_frozen_e5_s43,1691,3,1.0998,3.3339,0.0,0.000509776039815144
text+audio_text_ln_lrh0.001_frozen_e5_s43,1692,3,0.9835,6.8101,0.0,0.0005094205474582296
text+audio_text_ln_lrh0.001_frozen_e5_s43,1693,3,1.05832,2.4798,0.0,0.0005090650551013153
text+audio_text_ln_lrh0.001_frozen_e5_s43,1694,3,0.74434,2.4735,0.0,0.0005087095627444011
text+audio_text_ln_lrh0.001_frozen_e5_s43,1695,3,1.14004,3.0488,0.0,0.0005083540703874867
text+audio_text_ln_lrh0.001_frozen_e5_s43,1696,3,1.10464,4.0383,0.0,0.0005079985780305724
text+audio_text_ln_lrh0.001_frozen_e5_s43,1697,3,0.79191,3.1524,0.0,0.0005076430856736581
text+audio_text_ln_lrh0.001_frozen_e5_s43,1698,3,1.18605,2.9759,0.0,0.0005072875933167436
text+audio_text_ln_lrh0.001_frozen_e5_s43,1699,3,1.46876,4.9691,0.0,0.0005069321009598293
text+audio_text_ln_lrh0.001_frozen_e5_s43,1700,3,0.94261,2.559,0.0,0.0005065766086029151
text+audio_text_ln_lrh0.001_frozen_e5_s43,1701,3,1.12611,2.578,0.0,0.0005062211162460007
text+audio_text_ln_lrh0.001_frozen_e5_s43,1702,3,1.15228,3.4504,0.0,0.0005058656238890864
text+audio_text_ln_lrh0.001_frozen_e5_s43,1703,3,1.01074,3.302,0.0,0.0005055101315321721
text+audio_text_ln_lrh0.001_frozen_e5_s43,1704,3,1.06961,2.8151,0.0,0.0005051546391752577
text+audio_text_ln_lrh0.001_frozen_e5_s43,1705,3,1.67241,4.2323,0.0,0.0005047991468183434
text+audio_text_ln_lrh0.001_frozen_e5_s43,1706,3,1.12403,3.384,0.0,0.000504443654461429
text+audio_text_ln_lrh0.001_frozen_e5_s43,1707,3,1.06488,3.3619,0.0,0.0005040881621045148
text+audio_text_ln_lrh0.001_frozen_e5_s43,1708,3,1.04486,3.4354,0.0,0.0005037326697476005
text+audio_text_ln_lrh0.001_frozen_e5_s43,1709,3,1.23686,3.256,0.0,0.0005033771773906861
text+audio_text_ln_lrh0.001_frozen_e5_s43,1710,3,1.15285,3.6902,0.0,0.0005030216850337718
text+audio_text_ln_lrh0.001_frozen_e5_s43,1711,3,1.03258,3.7238,0.0,0.0005026661926768575
text+audio_text_ln_lrh0.001_frozen_e5_s43,1712,3,0.70072,2.9678,0.0,0.000502310700319943
text+audio_text_ln_lrh0.001_frozen_e5_s43,1713,3,1.00663,2.803,0.0,0.0005019552079630289
text+audio_text_ln_lrh0.001_frozen_e5_s43,1714,3,0.76618,3.1571,0.0,0.0005015997156061145
text+audio_text_ln_lrh0.001_frozen_e5_s43,1715,3,0.80764,2.1479,0.0,0.0005012442232492001
text+audio_text_ln_lrh0.001_frozen_e5_s43,1716,3,0.78097,3.2309,0.0,0.0005008887308922858
text+audio_text_ln_lrh0.001_frozen_e5_s43,1717,3,1.21609,5.6357,0.0,0.0005005332385353715
text+audio_text_ln_lrh0.001_frozen_e5_s43,1718,3,0.94049,2.7877,0.0,0.0005001777461784571
text+audio_text_ln_lrh0.001_frozen_e5_s43,1719,3,1.30221,4.2912,0.0,0.0004998222538215428
text+audio_text_ln_lrh0.001_frozen_e5_s43,1720,3,1.61107,3.7604,0.0,0.0004994667614646285
text+audio_text_ln_lrh0.001_frozen_e5_s43,1721,3,1.23038,4.3304,0.0,0.0004991112691077142
text+audio_text_ln_lrh0.001_frozen_e5_s43,1722,3,1.62671,4.6919,0.0,0.0004987557767507999
text+audio_text_ln_lrh0.001_frozen_e5_s43,1723,3,1.20448,4.132,0.0,0.0004984002843938855
text+audio_text_ln_lrh0.001_frozen_e5_s43,1724,3,1.46798,4.609,0.0,0.0004980447920369713
text+audio_text_ln_lrh0.001_frozen_e5_s43,1725,3,0.90934,3.9447,0.0,0.0004976892996800569
text+audio_text_ln_lrh0.001_frozen_e5_s43,1726,3,1.45289,3.7119,0.0,0.0004973338073231426
text+audio_text_ln_lrh0.001_frozen_e5_s43,1727,3,1.58402,4.536,0.0,0.0004969783149662283
text+audio_text_ln_lrh0.001_frozen_e5_s43,1728,3,1.7353,4.141,0.0,0.000496622822609314
text+audio_text_ln_lrh0.001_frozen_e5_s43,1729,3,1.0209,3.0531,0.0,0.0004962673302523995
text+audio_text_ln_lrh0.001_frozen_e5_s43,1730,3,1.44292,3.8561,0.0,0.0004959118378954852
text+audio_text_ln_lrh0.001_frozen_e5_s43,1731,3,1.11182,3.182,0.0,0.0004955563455385709
text+audio_text_ln_lrh0.001_frozen_e5_s43,1732,3,0.9715,4.0674,0.0,0.0004952008531816566
text+audio_text_ln_lrh0.001_frozen_e5_s43,1733,3,1.28037,2.9677,0.0,0.0004948453608247423
text+audio_text_ln_lrh0.001_frozen_e5_s43,1734,3,1.13896,3.5716,0.0,0.0004944898684678279
text+audio_text_ln_lrh0.001_frozen_e5_s43,1735,3,0.92611,2.6179,0.0,0.0004941343761109136
text+audio_text_ln_lrh0.001_frozen_e5_s43,1736,3,0.95264,2.7799,0.0,0.0004937788837539993
text+audio_text_ln_lrh0.001_frozen_e5_s43,1737,3,1.08071,4.2017,0.0,0.000493423391397085
text+audio_text_ln_lrh0.001_frozen_e5_s43,1738,3,0.81814,3.9139,0.0,0.0004930678990401707
text+audio_text_ln_lrh0.001_frozen_e5_s43,1739,3,1.1713,3.238,0.0,0.0004927124066832564
text+audio_text_ln_lrh0.001_frozen_e5_s43,1740,3,0.9183,2.5689,0.0,0.000492356914326342
text+audio_text_ln_lrh0.001_frozen_e5_s43,1741,3,1.8193,5.9877,0.0,0.0004920014219694277
text+audio_text_ln_lrh0.001_frozen_e5_s43,1742,3,1.4687,5.0046,0.0,0.0004916459296125134
text+audio_text_ln_lrh0.001_frozen_e5_s43,1743,3,1.44765,2.9857,0.0,0.000491290437255599
text+audio_text_ln_lrh0.001_frozen_e5_s43,1744,3,1.45334,4.6472,0.0,0.0004909349448986846
text+audio_text_ln_lrh0.001_frozen_e5_s43,1745,3,1.0789,2.5534,0.0,0.0004905794525417704
text+audio_text_ln_lrh0.001_frozen_e5_s43,1746,3,0.89459,3.4004,0.0,0.000490223960184856
text+audio_text_ln_lrh0.001_frozen_e5_s43,1747,3,0.74042,2.6713,0.0,0.0004898684678279417
text+audio_text_ln_lrh0.001_frozen_e5_s43,1748,3,1.5558,5.0447,0.0,0.0004895129754710274
text+audio_text_ln_lrh0.001_frozen_e5_s43,1749,3,1.20688,3.1546,0.0,0.0004891574831141131
text+audio_text_ln_lrh0.001_frozen_e5_s43,1750,3,0.87414,2.1213,0.0,0.0004888019907571987
text+audio_text_ln_lrh0.001_frozen_e5_s43,1751,3,1.07965,2.3292,0.0,0.0004884464984002844
text+audio_text_ln_lrh0.001_frozen_e5_s43,1752,3,1.36916,3.6176,0.0,0.0004880910060433701
text+audio_text_ln_lrh0.001_frozen_e5_s43,1753,3,1.27317,4.1599,0.0,0.0004877355136864557
text+audio_text_ln_lrh0.001_frozen_e5_s43,1754,3,0.84254,2.6951,0.0,0.0004873800213295414
text+audio_text_ln_lrh0.001_frozen_e5_s43,1755,3,1.32384,2.6073,0.0,0.0004870245289726271
text+audio_text_ln_lrh0.001_frozen_e5_s43,1756,3,1.14291,2.5449,0.0,0.00048666903661571275
text+audio_text_ln_lrh0.001_frozen_e5_s43,1757,3,1.00637,2.5229,0.0,0.00048631354425879845
text+audio_text_ln_lrh0.001_frozen_e5_s43,1758,3,1.0828,2.7766,0.0,0.00048595805190188414
text+audio_text_ln_lrh0.001_frozen_e5_s43,1759,3,1.25955,4.6962,0.0,0.0004856025595449698
text+audio_text_ln_lrh0.001_frozen_e5_s43,1760,3,1.02616,2.4227,0.0,0.0004852470671880554
text+audio_text_ln_lrh0.001_frozen_e5_s43,1761,3,1.26413,2.7459,0.0,0.00048489157483114117
text+audio_text_ln_lrh0.001_frozen_e5_s43,1762,3,1.30507,3.76,0.0,0.0004845360824742268
text+audio_text_ln_lrh0.001_frozen_e5_s43,1763,3,0.97558,2.9592,0.0,0.00048418059011731245
text+audio_text_ln_lrh0.001_frozen_e5_s43,1764,3,1.16285,4.3993,0.0,0.0004838250977603982
text+audio_text_ln_lrh0.001_frozen_e5_s43,1765,3,1.43036,3.9436,0.0,0.00048346960540348384
text+audio_text_ln_lrh0.001_frozen_e5_s43,1766,3,1.41561,2.8417,0.0,0.0004831141130465695
text+audio_text_ln_lrh0.001_frozen_e5_s43,1767,3,0.85723,3.1008,0.0,0.0004827586206896552
text+audio_text_ln_lrh0.001_frozen_e5_s43,1768,3,0.96317,3.5168,0.0,0.0004824031283327409
text+audio_text_ln_lrh0.001_frozen_e5_s43,1769,3,1.67448,3.0598,0.0,0.0004820476359758265
text+audio_text_ln_lrh0.001_frozen_e5_s43,1770,3,1.20292,3.4028,0.0,0.0004816921436189122
text+audio_text_ln_lrh0.001_frozen_e5_s43,1771,3,1.15463,3.6486,0.0,0.0004813366512619979
text+audio_text_ln_lrh0.001_frozen_e5_s43,1772,3,1.22544,2.9157,0.0,0.00048098115890508354
text+audio_text_ln_lrh0.001_frozen_e5_s43,1773,3,1.00236,2.4861,0.0,0.00048062566654816924
text+audio_text_ln_lrh0.001_frozen_e5_s43,1774,3,1.02477,4.3111,0.0,0.0004802701741912549
text+audio_text_ln_lrh0.001_frozen_e5_s43,1775,3,0.9031,3.0484,0.0,0.0004799146818343406
text+audio_text_ln_lrh0.001_frozen_e5_s43,1776,3,1.22672,2.8084,0.0,0.00047955918947742627
text+audio_text_ln_lrh0.001_frozen_e5_s43,1777,3,1.80588,5.0774,0.0,0.0004792036971205119
text+audio_text_ln_lrh0.001_frozen_e5_s43,1778,3,1.28974,3.8294,0.0,0.0004788482047635976
text+audio_text_ln_lrh0.001_frozen_e5_s43,1779,3,0.93202,2.6721,0.0,0.00047849271240668325
text+audio_text_ln_lrh0.001_frozen_e5_s43,1780,3,1.22385,2.5078,0.0,0.00047813722004976894
text+audio_text_ln_lrh0.001_frozen_e5_s43,1781,3,1.05979,2.8943,0.0,0.0004777817276928546
text+audio_text_ln_lrh0.001_frozen_e5_s43,1782,3,1.24227,3.831,0.0,0.0004774262353359403
text+audio_text_ln_lrh0.001_frozen_e5_s43,1783,3,1.20481,3.2653,0.0,0.00047707074297902597
text+audio_text_ln_lrh0.001_frozen_e5_s43,1784,3,0.73751,2.17,0.0,0.0004767152506221116
text+audio_text_ln_lrh0.001_frozen_e5_s43,1785,3,1.23131,2.6506,0.0,0.0004763597582651973
text+audio_text_ln_lrh0.001_frozen_e5_s43,1786,3,0.89602,2.4169,0.0,0.000476004265908283
text+audio_text_ln_lrh0.001_frozen_e5_s43,1787,3,1.08356,3.7459,0.0,0.00047564877355136864
text+audio_text_ln_lrh0.001_frozen_e5_s43,1788,3,1.59923,3.4524,0.0,0.0004752932811944543
text+audio_text_ln_lrh0.001_frozen_e5_s43,1789,3,0.78654,2.411,0.0,0.00047493778883754003
text+audio_text_ln_lrh0.001_frozen_e5_s43,1790,3,1.15917,3.1898,0.0,0.00047458229648062567
text+audio_text_ln_lrh0.001_frozen_e5_s43,1791,3,1.09938,2.6386,0.0,0.0004742268041237113
text+audio_text_ln_lrh0.001_frozen_e5_s43,1792,3,0.92738,3.0602,0.0,0.00047387131176679706
text+audio_text_ln_lrh0.001_frozen_e5_s43,1793,3,1.18954,2.4549,0.0,0.0004735158194098827
text+audio_text_ln_lrh0.001_frozen_e5_s43,1794,3,1.59092,3.4675,0.0,0.00047316032705296834
text+audio_text_ln_lrh0.001_frozen_e5_s43,1795,3,0.95846,2.8064,0.0,0.0004728048346960541
text+audio_text_ln_lrh0.001_frozen_e5_s43,1796,3,1.2465,3.1828,0.0,0.00047244934233913973
text+audio_text_ln_lrh0.001_frozen_e5_s43,1797,3,0.92344,4.9096,0.0,0.00047209384998222537
text+audio_text_ln_lrh0.001_frozen_e5_s43,1798,3,1.20376,2.6489,0.0,0.00047173835762531107
text+audio_text_ln_lrh0.001_frozen_e5_s43,1799,3,1.27872,2.4068,0.0,0.00047138286526839676
text+audio_text_ln_lrh0.001_frozen_e5_s43,1800,3,0.87208,2.3959,0.0,0.0004710273729114824
text+audio_text_ln_lrh0.001_frozen_e5_s43,1801,3,0.90227,3.071,0.0,0.0004706718805545681
text+audio_text_ln_lrh0.001_frozen_e5_s43,1802,3,1.26697,2.9564,0.0,0.0004703163881976538
text+audio_text_ln_lrh0.001_frozen_e5_s43,1803,3,1.71883,3.8623,0.0,0.00046996089584073943
text+audio_text_ln_lrh0.001_frozen_e5_s43,1804,3,1.18469,2.4319,0.0,0.00046960540348382513
text+audio_text_ln_lrh0.001_frozen_e5_s43,1805,3,1.03682,4.8128,0.0,0.00046924991112691077
text+audio_text_ln_lrh0.001_frozen_e5_s43,1806,3,1.29896,2.6634,0.0,0.00046889441876999646
text+audio_text_ln_lrh0.001_frozen_e5_s43,1807,3,1.19805,3.9879,0.0,0.00046853892641308216
text+audio_text_ln_lrh0.001_frozen_e5_s43,1808,3,1.22491,2.6361,0.0,0.0004681834340561678
text+audio_text_ln_lrh0.001_frozen_e5_s43,1809,3,1.01427,4.419,0.0,0.0004678279416992535
text+audio_text_ln_lrh0.001_frozen_e5_s43,1810,3,1.3974,4.2235,0.0,0.00046747244934233913
text+audio_text_ln_lrh0.001_frozen_e5_s43,1811,3,1.04236,3.3282,0.0,0.00046711695698542483
text+audio_text_ln_lrh0.001_frozen_e5_s43,1812,3,0.64814,2.5451,0.0,0.00046676146462851047
text+audio_text_ln_lrh0.001_frozen_e5_s43,1813,3,1.54408,4.2772,0.0,0.00046640597227159616
text+audio_text_ln_lrh0.001_frozen_e5_s43,1814,3,1.39762,5.301,0.0,0.00046605047991468186
text+audio_text_ln_lrh0.001_frozen_e5_s43,1815,3,1.2775,2.9915,0.0,0.0004656949875577675
text+audio_text_ln_lrh0.001_frozen_e5_s43,1816,3,0.67591,2.0291,0.0,0.0004653394952008532
text+audio_text_ln_lrh0.001_frozen_e5_s43,1817,3,0.71919,2.4406,0.0,0.0004649840028439389
text+audio_text_ln_lrh0.001_frozen_e5_s43,1818,3,0.83239,2.8015,0.0,0.00046462851048702453
text+audio_text_ln_lrh0.001_frozen_e5_s43,1819,3,0.99954,3.4016,0.0,0.00046427301813011017
text+audio_text_ln_lrh0.001_frozen_e5_s43,1820,3,1.45479,3.0439,0.0,0.0004639175257731959
text+audio_text_ln_lrh0.001_frozen_e5_s43,1821,3,1.10768,3.5578,0.0,0.00046356203341628156
text+audio_text_ln_lrh0.001_frozen_e5_s43,1822,3,1.41508,3.711,0.0,0.0004632065410593672
text+audio_text_ln_lrh0.001_frozen_e5_s43,1823,3,0.71658,3.2456,0.0,0.00046285104870245295
text+audio_text_ln_lrh0.001_frozen_e5_s43,1824,3,1.20885,4.4469,0.0,0.0004624955563455386
text+audio_text_ln_lrh0.001_frozen_e5_s43,1825,3,0.85283,2.4129,0.0,0.00046214006398862423
text+audio_text_ln_lrh0.001_frozen_e5_s43,1826,3,1.05333,4.4756,0.0,0.0004617845716317099
text+audio_text_ln_lrh0.001_frozen_e5_s43,1827,3,1.13697,3.7051,0.0,0.0004614290792747956
text+audio_text_ln_lrh0.001_frozen_e5_s43,1828,3,1.50263,3.5863,0.0,0.00046107358691788126
text+audio_text_ln_lrh0.001_frozen_e5_s43,1829,3,0.97661,3.1715,0.0,0.00046071809456096696
text+audio_text_ln_lrh0.001_frozen_e5_s43,1830,3,1.22901,5.7431,0.0,0.00046036260220405265
text+audio_text_ln_lrh0.001_frozen_e5_s43,1831,3,1.31666,3.126,0.0,0.0004600071098471383
text+audio_text_ln_lrh0.001_frozen_e5_s43,1832,3,1.42816,3.4507,0.0,0.000459651617490224
text+audio_text_ln_lrh0.001_frozen_e5_s43,1833,3,0.59969,2.4676,0.0,0.0004592961251333096
text+audio_text_ln_lrh0.001_frozen_e5_s43,1834,3,0.79103,2.8319,0.0,0.0004589406327763953
text+audio_text_ln_lrh0.001_frozen_e5_s43,1835,3,1.21014,3.1499,0.0,0.000458585140419481
text+audio_text_ln_lrh0.001_frozen_e5_s43,1836,3,1.0765,3.61,0.0,0.00045822964806256666
text+audio_text_ln_lrh0.001_frozen_e5_s43,1837,3,1.11274,4.6885,0.0,0.00045787415570565235
text+audio_text_ln_lrh0.001_frozen_e5_s43,1838,3,1.35921,3.5989,0.0,0.000457518663348738
text+audio_text_ln_lrh0.001_frozen_e5_s43,1839,3,1.40986,3.9867,0.0,0.0004571631709918237
text+audio_text_ln_lrh0.001_frozen_e5_s43,1840,3,1.33034,2.9489,0.0,0.00045680767863490933
text+audio_text_ln_lrh0.001_frozen_e5_s43,1841,3,1.30259,3.2004,0.0,0.000456452186277995
text+audio_text_ln_lrh0.001_frozen_e5_s43,1842,3,1.16902,2.829,0.0,0.0004560966939210807
text+audio_text_ln_lrh0.001_frozen_e5_s43,1843,3,0.65627,2.8345,0.0,0.00045574120156416636
text+audio_text_ln_lrh0.001_frozen_e5_s43,1844,3,0.81127,2.9124,0.0,0.00045538570920725205
text+audio_text_ln_lrh0.001_frozen_e5_s43,1845,3,1.09457,2.5696,0.0,0.00045503021685033775
text+audio_text_ln_lrh0.001_frozen_e5_s43,1846,3,0.8707,2.9074,0.0,0.0004546747244934234
text+audio_text_ln_lrh0.001_frozen_e5_s43,1847,3,1.44445,3.3751,0.0,0.00045431923213650903
text+audio_text_ln_lrh0.001_frozen_e5_s43,1848,3,1.25613,4.2031,0.0,0.0004539637397795948
text+audio_text_ln_lrh0.001_frozen_e5_s43,1849,3,1.45541,3.0226,0.0,0.0004536082474226804
text+audio_text_ln_lrh0.001_frozen_e5_s43,1850,3,1.19765,2.994,0.0,0.00045325275506576606
text+audio_text_ln_lrh0.001_frozen_e5_s43,1851,3,0.44166,1.7564,0.0,0.0004528972627088518
text+audio_text_ln_lrh0.001_frozen_e5_s43,1852,3,1.19409,3.4211,0.0,0.00045254177035193745
text+audio_text_ln_lrh0.001_frozen_e5_s43,1853,3,1.34279,3.4258,0.0,0.0004521862779950231
text+audio_text_ln_lrh0.001_frozen_e5_s43,1854,3,1.40475,3.3264,0.0,0.0004518307856381088
text+audio_text_ln_lrh0.001_frozen_e5_s43,1855,3,0.67161,2.2322,0.0,0.0004514752932811945
text+audio_text_ln_lrh0.001_frozen_e5_s43,1856,3,1.00273,3.6056,0.0,0.0004511198009242801
text+audio_text_ln_lrh0.001_frozen_e5_s43,1857,3,0.79749,2.9334,0.0,0.0004507643085673658
text+audio_text_ln_lrh0.001_frozen_e5_s43,1858,3,1.39828,3.9808,0.0,0.0004504088162104515
text+audio_text_ln_lrh0.001_frozen_e5_s43,1859,3,1.10768,3.9443,0.0,0.00045005332385353715
text+audio_text_ln_lrh0.001_frozen_e5_s43,1860,3,1.52216,3.9755,0.0,0.00044969783149662284
text+audio_text_ln_lrh0.001_frozen_e5_s43,1861,3,0.71034,3.8686,0.0,0.0004493423391397085
text+audio_text_ln_lrh0.001_frozen_e5_s43,1862,3,1.68042,3.6359,0.0,0.0004489868467827942
text+audio_text_ln_lrh0.001_frozen_e5_s43,1863,3,1.2634,4.6103,0.0,0.0004486313544258799
text+audio_text_ln_lrh0.001_frozen_e5_s43,1864,3,1.24366,3.4921,0.0,0.0004482758620689655
text+audio_text_ln_lrh0.001_frozen_e5_s43,1865,3,1.45044,3.638,0.0,0.0004479203697120512
text+audio_text_ln_lrh0.001_frozen_e5_s43,1866,3,0.779,4.2274,0.0,0.0004475648773551369
text+audio_text_ln_lrh0.001_frozen_e5_s43,1867,3,0.50622,5.0732,0.0,0.00044720938499822255
text+audio_text_ln_lrh0.001_frozen_e5_s43,1868,3,0.81657,2.4502,0.0,0.0004468538926413082
text+audio_text_ln_lrh0.001_frozen_e5_s43,1869,3,0.95455,3.2047,0.0,0.0004464984002843939
text+audio_text_ln_lrh0.001_frozen_e5_s43,1870,3,1.2717,3.1539,0.0,0.0004461429079274796
text+audio_text_ln_lrh0.001_frozen_e5_s43,1871,3,1.36116,3.2324,0.0,0.0004457874155705652
text+audio_text_ln_lrh0.001_frozen_e5_s43,1872,3,0.86536,3.4314,0.0,0.0004454319232136509
text+audio_text_ln_lrh0.001_frozen_e5_s43,1873,3,1.44256,3.3336,0.0,0.0004450764308567366
text+audio_text_ln_lrh0.001_frozen_e5_s43,1874,3,1.56501,4.3487,0.0,0.00044472093849982225
text+audio_text_ln_lrh0.001_frozen_e5_s43,1875,3,1.1097,6.6974,0.0,0.0004443654461429079
text+audio_text_ln_lrh0.001_frozen_e5_s43,1876,4,1.11374,2.6739,0.0,0.00044400995378599364
text+audio_text_ln_lrh0.001_frozen_e5_s43,1877,4,0.65013,2.3447,0.0,0.0004436544614290793
text+audio_text_ln_lrh0.001_frozen_e5_s43,1878,4,1.84483,4.1435,0.0,0.0004432989690721649
text+audio_text_ln_lrh0.001_frozen_e5_s43,1879,4,0.64832,2.7602,0.0,0.00044294347671525067
text+audio_text_ln_lrh0.001_frozen_e5_s43,1880,4,0.95795,2.5011,0.0,0.0004425879843583363
text+audio_text_ln_lrh0.001_frozen_e5_s43,1881,4,0.51178,2.6482,0.0,0.00044223249200142195
text+audio_text_ln_lrh0.001_frozen_e5_s43,1882,4,1.4893,5.0647,0.0,0.0004418769996445077
text+audio_text_ln_lrh0.001_frozen_e5_s43,1883,4,1.08618,3.2764,0.0,0.00044152150728759334
text+audio_text_ln_lrh0.001_frozen_e5_s43,1884,4,0.63596,2.6513,0.0,0.000441166014930679
text+audio_text_ln_lrh0.001_frozen_e5_s43,1885,4,0.5551,2.7554,0.0,0.00044081052257376467
text+audio_text_ln_lrh0.001_frozen_e5_s43,1886,4,1.44504,4.1192,0.0,0.00044045503021685037
text+audio_text_ln_lrh0.001_frozen_e5_s43,1887,4,1.17932,3.1857,0.0,0.000440099537859936
text+audio_text_ln_lrh0.001_frozen_e5_s43,1888,4,1.1182,3.5219,0.0,0.0004397440455030217
text+audio_text_ln_lrh0.001_frozen_e5_s43,1889,4,1.03768,3.3307,0.0,0.0004393885531461074
text+audio_text_ln_lrh0.001_frozen_e5_s43,1890,4,1.17985,3.1274,0.0,0.00043903306078919304
text+audio_text_ln_lrh0.001_frozen_e5_s43,1891,4,0.85073,2.5185,0.0,0.00043867756843227873
text+audio_text_ln_lrh0.001_frozen_e5_s43,1892,4,1.26345,3.2558,0.0,0.0004383220760753644
text+audio_text_ln_lrh0.001_frozen_e5_s43,1893,4,1.08443,3.3519,0.0,0.00043796658371845007
text+audio_text_ln_lrh0.001_frozen_e5_s43,1894,4,0.85831,3.4213,0.0,0.00043761109136153576
text+audio_text_ln_lrh0.001_frozen_e5_s43,1895,4,1.57315,3.6444,0.0,0.0004372555990046214
text+audio_text_ln_lrh0.001_frozen_e5_s43,1896,4,0.70839,2.4357,0.0,0.0004369001066477071
text+audio_text_ln_lrh0.001_frozen_e5_s43,1897,4,0.84548,2.6694,0.0,0.00043654461429079274
text+audio_text_ln_lrh0.001_frozen_e5_s43,1898,4,1.03864,2.6862,0.0,0.00043618912193387843
text+audio_text_ln_lrh0.001_frozen_e5_s43,1899,4,1.18085,2.7736,0.0,0.0004358336295769641
text+audio_text_ln_lrh0.001_frozen_e5_s43,1900,4,0.83061,2.6587,0.0,0.00043547813722004977
text+audio_text_ln_lrh0.001_frozen_e5_s43,1901,4,0.94584,3.071,0.0,0.00043512264486313546
text+audio_text_ln_lrh0.001_frozen_e5_s43,1902,4,1.17509,4.3307,0.0,0.0004347671525062211
text+audio_text_ln_lrh0.001_frozen_e5_s43,1903,4,1.22155,4.0193,0.0,0.0004344116601493068
text+audio_text_ln_lrh0.001_frozen_e5_s43,1904,4,1.26791,3.0944,0.0,0.0004340561677923925
text+audio_text_ln_lrh0.001_frozen_e5_s43,1905,4,0.81376,2.3646,0.0,0.00043370067543547814
text+audio_text_ln_lrh0.001_frozen_e5_s43,1906,4,1.21834,3.0156,0.0,0.0004333451830785638
text+audio_text_ln_lrh0.001_frozen_e5_s43,1907,4,0.91666,3.0388,0.0,0.0004329896907216495
text+audio_text_ln_lrh0.001_frozen_e5_s43,1908,4,1.67537,5.2267,0.0,0.00043263419836473517
text+audio_text_ln_lrh0.001_frozen_e5_s43,1909,4,1.24748,2.926,0.0,0.0004322787060078208
text+audio_text_ln_lrh0.001_frozen_e5_s43,1910,4,0.95818,2.7865,0.0,0.00043192321365090656
text+audio_text_ln_lrh0.001_frozen_e5_s43,1911,4,1.01482,3.2965,0.0,0.0004315677212939922
text+audio_text_ln_lrh0.001_frozen_e5_s43,1912,4,1.04911,4.5702,0.0,0.00043121222893707784
text+audio_text_ln_lrh0.001_frozen_e5_s43,1913,4,1.3117,2.6693,0.0,0.00043085673658016353
text+audio_text_ln_lrh0.001_frozen_e5_s43,1914,4,1.50083,3.2513,0.0,0.0004305012442232492
text+audio_text_ln_lrh0.001_frozen_e5_s43,1915,4,1.6964,4.4938,0.0,0.00043014575186633487
text+audio_text_ln_lrh0.001_frozen_e5_s43,1916,4,0.99907,2.5872,0.0,0.00042979025950942056
text+audio_text_ln_lrh0.001_frozen_e5_s43,1917,4,1.5108,2.9834,0.0,0.00042943476715250626
text+audio_text_ln_lrh0.001_frozen_e5_s43,1918,4,1.3215,3.1493,0.0,0.0004290792747955919
text+audio_text_ln_lrh0.001_frozen_e5_s43,1919,4,1.46005,3.3512,0.0,0.0004287237824386776
text+audio_text_ln_lrh0.001_frozen_e5_s43,1920,4,1.55663,4.0752,0.0,0.00042836829008176323
text+audio_text_ln_lrh0.001_frozen_e5_s43,1921,4,0.78663,2.4456,0.0,0.0004280127977248489
text+audio_text_ln_lrh0.001_frozen_e5_s43,1922,4,0.68391,3.5837,0.0,0.0004276573053679346
text+audio_text_ln_lrh0.001_frozen_e5_s43,1923,4,1.10435,3.2623,0.0,0.00042730181301102026
text+audio_text_ln_lrh0.001_frozen_e5_s43,1924,4,0.45942,3.3927,0.0,0.00042694632065410596
text+audio_text_ln_lrh0.001_frozen_e5_s43,1925,4,1.09938,4.8793,0.0,0.00042659082829719165
text+audio_text_ln_lrh0.001_frozen_e5_s43,1926,4,1.27999,2.7251,0.0,0.0004262353359402773
text+audio_text_ln_lrh0.001_frozen_e5_s43,1927,4,1.27562,5.4284,0.0,0.00042587984358336293
text+audio_text_ln_lrh0.001_frozen_e5_s43,1928,4,1.21729,2.5867,0.0,0.00042552435122644863
text+audio_text_ln_lrh0.001_frozen_e5_s43,1929,4,1.36556,3.162,0.0,0.0004251688588695343
text+audio_text_ln_lrh0.001_frozen_e5_s43,1930,4,1.77344,3.2872,0.0,0.00042481336651261996
text+audio_text_ln_lrh0.001_frozen_e5_s43,1931,4,1.22954,3.1553,0.0,0.00042445787415570566
text+audio_text_ln_lrh0.001_frozen_e5_s43,1932,4,1.40091,3.3959,0.0,0.00042410238179879135
text+audio_text_ln_lrh0.001_frozen_e5_s43,1933,4,1.49639,3.7234,0.0,0.000423746889441877
text+audio_text_ln_lrh0.001_frozen_e5_s43,1934,4,0.96201,2.3134,0.0,0.00042339139708496263
text+audio_text_ln_lrh0.001_frozen_e5_s43,1935,4,0.67676,2.4069,0.0,0.0004230359047280484
text+audio_text_ln_lrh0.001_frozen_e5_s43,1936,4,0.81762,3.4752,0.0,0.000422680412371134
text+audio_text_ln_lrh0.001_frozen_e5_s43,1937,4,1.28981,2.8932,0.0,0.00042232492001421966
text+audio_text_ln_lrh0.001_frozen_e5_s43,1938,4,0.97399,3.0614,0.0,0.0004219694276573054
text+audio_text_ln_lrh0.001_frozen_e5_s43,1939,4,1.27035,3.4378,0.0,0.00042161393530039105
text+audio_text_ln_lrh0.001_frozen_e5_s43,1940,4,1.04249,2.7703,0.0,0.0004212584429434767
text+audio_text_ln_lrh0.001_frozen_e5_s43,1941,4,1.26326,2.9332,0.0,0.0004209029505865624
text+audio_text_ln_lrh0.001_frozen_e5_s43,1942,4,0.8634,2.8255,0.0,0.0004205474582296481
text+audio_text_ln_lrh0.001_frozen_e5_s43,1943,4,1.28899,4.2888,0.0,0.0004201919658727337
text+audio_text_ln_lrh0.001_frozen_e5_s43,1944,4,1.03618,3.0737,0.0,0.0004198364735158194
text+audio_text_ln_lrh0.001_frozen_e5_s43,1945,4,0.78816,3.7601,0.0,0.0004194809811589051
text+audio_text_ln_lrh0.001_frozen_e5_s43,1946,4,1.13958,2.5501,0.0,0.00041912548880199076
text+audio_text_ln_lrh0.001_frozen_e5_s43,1947,4,1.62212,4.6993,0.0,0.00041876999644507645
text+audio_text_ln_lrh0.001_frozen_e5_s43,1948,4,0.87105,3.6077,0.0,0.00041841450408816214
text+audio_text_ln_lrh0.001_frozen_e5_s43,1949,4,1.20112,3.6664,0.0,0.0004180590117312478
text+audio_text_ln_lrh0.001_frozen_e5_s43,1950,4,0.97767,4.3145,0.0,0.0004177035193743335
text+audio_text_ln_lrh0.001_frozen_e5_s43,1951,4,1.07019,3.2555,0.0,0.0004173480270174191
text+audio_text_ln_lrh0.001_frozen_e5_s43,1952,4,1.07224,3.8392,0.0,0.0004169925346605048
text+audio_text_ln_lrh0.001_frozen_e5_s43,1953,4,0.6498,2.1617,0.0,0.0004166370423035905
text+audio_text_ln_lrh0.001_frozen_e5_s43,1954,4,1.33984,4.1547,0.0,0.00041628154994667615
text+audio_text_ln_lrh0.001_frozen_e5_s43,1955,4,1.15492,2.9837,0.0,0.00041592605758976185
text+audio_text_ln_lrh0.001_frozen_e5_s43,1956,4,1.14718,3.0128,0.0,0.0004155705652328475
text+audio_text_ln_lrh0.001_frozen_e5_s43,1957,4,1.03394,3.3641,0.0,0.0004152150728759332
text+audio_text_ln_lrh0.001_frozen_e5_s43,1958,4,1.38653,5.2108,0.0,0.0004148595805190188
text+audio_text_ln_lrh0.001_frozen_e5_s43,1959,4,1.03261,2.5076,0.0,0.0004145040881621045
text+audio_text_ln_lrh0.001_frozen_e5_s43,1960,4,0.99125,2.953,0.0,0.0004141485958051902
text+audio_text_ln_lrh0.001_frozen_e5_s43,1961,4,0.82561,2.3606,0.0,0.00041379310344827585
text+audio_text_ln_lrh0.001_frozen_e5_s43,1962,4,1.11802,3.5658,0.0,0.00041343761109136155
text+audio_text_ln_lrh0.001_frozen_e5_s43,1963,4,0.90052,2.5834,0.0,0.00041308211873444724
text+audio_text_ln_lrh0.001_frozen_e5_s43,1964,4,0.84266,3.2678,0.0,0.0004127266263775329
text+audio_text_ln_lrh0.001_frozen_e5_s43,1965,4,0.73775,2.1603,0.0,0.0004123711340206185
text+audio_text_ln_lrh0.001_frozen_e5_s43,1966,4,0.93814,3.595,0.0,0.00041201564166370427
text+audio_text_ln_lrh0.001_frozen_e5_s43,1967,4,1.00434,3.6601,0.0,0.0004116601493067899
text+audio_text_ln_lrh0.001_frozen_e5_s43,1968,4,1.2203,2.8873,0.0,0.00041130465694987555
text+audio_text_ln_lrh0.001_frozen_e5_s43,1969,4,0.97824,3.1741,0.0,0.0004109491645929613
text+audio_text_ln_lrh0.001_frozen_e5_s43,1970,4,1.41769,3.4552,0.0,0.00041059367223604694
text+audio_text_ln_lrh0.001_frozen_e5_s43,1971,4,0.89744,2.5904,0.0,0.0004102381798791326
text+audio_text_ln_lrh0.001_frozen_e5_s43,1972,4,1.70466,4.0054,0.0,0.0004098826875222183
text+audio_text_ln_lrh0.001_frozen_e5_s43,1973,4,1.16988,3.5496,0.0,0.00040952719516530397
text+audio_text_ln_lrh0.001_frozen_e5_s43,1974,4,1.64781,6.8062,0.0,0.0004091717028083896
text+audio_text_ln_lrh0.001_frozen_e5_s43,1975,4,0.90559,2.1819,0.0,0.0004088162104514753
text+audio_text_ln_lrh0.001_frozen_e5_s43,1976,4,0.98826,3.2026,0.0,0.000408460718094561
text+audio_text_ln_lrh0.001_frozen_e5_s43,1977,4,0.8153,3.5482,0.0,0.00040810522573764664
text+audio_text_ln_lrh0.001_frozen_e5_s43,1978,4,0.77147,3.4248,0.0,0.00040774973338073234
text+audio_text_ln_lrh0.001_frozen_e5_s43,1979,4,0.94242,3.0718,0.0,0.000407394241023818
text+audio_text_ln_lrh0.001_frozen_e5_s43,1980,4,0.88766,2.9965,0.0,0.0004070387486669037
text+audio_text_ln_lrh0.001_frozen_e5_s43,1981,4,0.87542,2.1388,0.0,0.00040668325630998937
text+audio_text_ln_lrh0.001_frozen_e5_s43,1982,4,1.27504,3.9263,0.0,0.000406327763953075
text+audio_text_ln_lrh0.001_frozen_e5_s43,1983,4,1.33414,3.2689,0.0,0.0004059722715961607
text+audio_text_ln_lrh0.001_frozen_e5_s43,1984,4,0.67802,2.6889,0.0,0.0004056167792392464
text+audio_text_ln_lrh0.001_frozen_e5_s43,1985,4,0.94712,2.9265,0.0,0.00040526128688233204
text+audio_text_ln_lrh0.001_frozen_e5_s43,1986,4,1.1426,3.8772,0.0,0.0004049057945254177
text+audio_text_ln_lrh0.001_frozen_e5_s43,1987,4,1.28441,2.6458,0.0,0.0004045503021685034
text+audio_text_ln_lrh0.001_frozen_e5_s43,1988,4,1.02353,3.4813,0.0,0.00040419480981158907
text+audio_text_ln_lrh0.001_frozen_e5_s43,1989,4,1.22834,3.3101,0.0,0.0004038393174546747
text+audio_text_ln_lrh0.001_frozen_e5_s43,1990,4,0.61428,2.2315,0.0,0.0004034838250977604
text+audio_text_ln_lrh0.001_frozen_e5_s43,1991,4,1.14659,3.6575,0.0,0.0004031283327408461
text+audio_text_ln_lrh0.001_frozen_e5_s43,1992,4,0.88082,2.8558,0.0,0.00040277284038393174
text+audio_text_ln_lrh0.001_frozen_e5_s43,1993,4,1.16347,3.0905,0.0,0.0004024173480270174
text+audio_text_ln_lrh0.001_frozen_e5_s43,1994,4,0.94295,3.591,0.0,0.00040206185567010313
text+audio_text_ln_lrh0.001_frozen_e5_s43,1995,4,1.14752,3.3815,0.0,0.00040170636331318877
text+audio_text_ln_lrh0.001_frozen_e5_s43,1996,4,0.98382,3.4102,0.0,0.0004013508709562744
text+audio_text_ln_lrh0.001_frozen_e5_s43,1997,4,1.19574,3.7138,0.0,0.00040099537859936016
text+audio_text_ln_lrh0.001_frozen_e5_s43,1998,4,1.51333,5.0592,0.0,0.0004006398862424458
text+audio_text_ln_lrh0.001_frozen_e5_s43,1999,4,0.93069,2.4568,0.0,0.00040028439388553144
text+audio_text_ln_lrh0.001_frozen_e5_s43,2000,4,0.74942,3.3505,0.0,0.00039992890152861714
text+audio_text_ln_lrh0.001_frozen_e5_s43,2001,4,0.88183,3.047,0.0,0.00039957340917170283
text+audio_text_ln_lrh0.001_frozen_e5_s43,2002,4,0.7694,2.4111,0.0,0.00039921791681478847
text+audio_text_ln_lrh0.001_frozen_e5_s43,2003,4,1.25567,2.848,0.0,0.00039886242445787417
text+audio_text_ln_lrh0.001_frozen_e5_s43,2004,4,1.17097,3.12,0.0,0.00039850693210095986
text+audio_text_ln_lrh0.001_frozen_e5_s43,2005,4,0.98654,3.3013,0.0,0.0003981514397440455
text+audio_text_ln_lrh0.001_frozen_e5_s43,2006,4,1.24783,5.1904,0.0,0.0003977959473871312
text+audio_text_ln_lrh0.001_frozen_e5_s43,2007,4,1.07665,4.1509,0.0,0.00039744045503021684
text+audio_text_ln_lrh0.001_frozen_e5_s43,2008,4,0.81289,4.0646,0.0,0.00039708496267330253
text+audio_text_ln_lrh0.001_frozen_e5_s43,2009,4,0.86484,3.0439,0.0,0.00039672947031638823
text+audio_text_ln_lrh0.001_frozen_e5_s43,2010,4,0.65754,2.9761,0.0,0.00039637397795947387
text+audio_text_ln_lrh0.001_frozen_e5_s43,2011,4,0.86523,2.1973,0.0,0.00039601848560255956
text+audio_text_ln_lrh0.001_frozen_e5_s43,2012,4,1.24231,4.4505,0.0,0.00039566299324564526
text+audio_text_ln_lrh0.001_frozen_e5_s43,2013,4,1.50471,5.0409,0.0,0.0003953075008887309
text+audio_text_ln_lrh0.001_frozen_e5_s43,2014,4,1.61944,3.8186,0.0,0.00039495200853181654
text+audio_text_ln_lrh0.001_frozen_e5_s43,2015,4,1.17236,3.4651,0.0,0.00039459651617490223
text+audio_text_ln_lrh0.001_frozen_e5_s43,2016,4,0.83525,2.5753,0.0,0.00039424102381798793
text+audio_text_ln_lrh0.001_frozen_e5_s43,2017,4,1.29996,3.6009,0.0,0.00039388553146107357
text+audio_text_ln_lrh0.001_frozen_e5_s43,2018,4,1.00279,3.2441,0.0,0.00039353003910415926
text+audio_text_ln_lrh0.001_frozen_e5_s43,2019,4,1.27924,4.4729,0.0,0.00039317454674724496
text+audio_text_ln_lrh0.001_frozen_e5_s43,2020,4,1.27922,2.8526,0.0,0.0003928190543903306
text+audio_text_ln_lrh0.001_frozen_e5_s43,2021,4,1.25023,3.2179,0.0,0.00039246356203341624
text+audio_text_ln_lrh0.001_frozen_e5_s43,2022,4,1.31195,4.2308,0.0,0.000392108069676502
text+audio_text_ln_lrh0.001_frozen_e5_s43,2023,4,1.43969,3.5459,0.0,0.00039175257731958763
text+audio_text_ln_lrh0.001_frozen_e5_s43,2024,4,0.92746,3.0521,0.0,0.00039139708496267327
text+audio_text_ln_lrh0.001_frozen_e5_s43,2025,4,1.39355,3.9307,0.0,0.000391041592605759
text+audio_text_ln_lrh0.001_frozen_e5_s43,2026,4,1.01231,3.2156,0.0,0.00039068610024884466
text+audio_text_ln_lrh0.001_frozen_e5_s43,2027,4,0.89999,3.1655,0.0,0.0003903306078919303
text+audio_text_ln_lrh0.001_frozen_e5_s43,2028,4,1.02153,5.2092,0.0,0.00038997511553501605
text+audio_text_ln_lrh0.001_frozen_e5_s43,2029,4,1.04437,3.8474,0.0,0.0003896196231781017
text+audio_text_ln_lrh0.001_frozen_e5_s43,2030,4,0.93891,3.8499,0.0,0.00038926413082118733
text+audio_text_ln_lrh0.001_frozen_e5_s43,2031,4,1.40307,3.4075,0.0,0.000388908638464273
text+audio_text_ln_lrh0.001_frozen_e5_s43,2032,4,0.95458,3.4129,0.0,0.0003885531461073587
text+audio_text_ln_lrh0.001_frozen_e5_s43,2033,4,1.37991,3.6045,0.0,0.00038819765375044436
text+audio_text_ln_lrh0.001_frozen_e5_s43,2034,4,0.97649,2.5496,0.0,0.00038784216139353006
text+audio_text_ln_lrh0.001_frozen_e5_s43,2035,4,1.27367,3.1771,0.0,0.00038748666903661575
text+audio_text_ln_lrh0.001_frozen_e5_s43,2036,4,1.47263,4.5489,0.0,0.0003871311766797014
text+audio_text_ln_lrh0.001_frozen_e5_s43,2037,4,1.24749,3.2643,0.0,0.0003867756843227871
text+audio_text_ln_lrh0.001_frozen_e5_s43,2038,4,1.1798,3.1595,0.0,0.0003864201919658727
text+audio_text_ln_lrh0.001_frozen_e5_s43,2039,4,1.10666,4.7097,0.0,0.0003860646996089584
text+audio_text_ln_lrh0.001_frozen_e5_s43,2040,4,0.98581,3.0258,0.0,0.0003857092072520441
text+audio_text_ln_lrh0.001_frozen_e5_s43,2041,4,0.80974,2.6254,0.0,0.00038535371489512976
text+audio_text_ln_lrh0.001_frozen_e5_s43,2042,4,0.99813,3.3188,0.0,0.00038499822253821545
text+audio_text_ln_lrh0.001_frozen_e5_s43,2043,4,0.86286,3.1726,0.0,0.00038464273018130115
text+audio_text_ln_lrh0.001_frozen_e5_s43,2044,4,1.14057,6.1367,0.0,0.0003842872378243868
text+audio_text_ln_lrh0.001_frozen_e5_s43,2045,4,0.85039,2.8166,0.0,0.00038393174546747243
text+audio_text_ln_lrh0.001_frozen_e5_s43,2046,4,1.42375,4.818,0.0,0.0003835762531105581
text+audio_text_ln_lrh0.001_frozen_e5_s43,2047,4,0.92648,2.556,0.0,0.0003832207607536438
text+audio_text_ln_lrh0.001_frozen_e5_s43,2048,4,0.7399,3.1765,0.0,0.00038286526839672946
text+audio_text_ln_lrh0.001_frozen_e5_s43,2049,4,1.13793,4.1143,0.0,0.00038250977603981515
text+audio_text_ln_lrh0.001_frozen_e5_s43,2050,4,1.26394,3.883,0.0,0.00038215428368290085
text+audio_text_ln_lrh0.001_frozen_e5_s43,2051,4,0.74322,2.945,0.0,0.0003817987913259865
text+audio_text_ln_lrh0.001_frozen_e5_s43,2052,4,1.75038,4.5546,0.0,0.00038144329896907213
text+audio_text_ln_lrh0.001_frozen_e5_s43,2053,4,0.72619,3.0823,0.0,0.0003810878066121579
text+audio_text_ln_lrh0.001_frozen_e5_s43,2054,4,1.09122,3.2686,0.0,0.0003807323142552435
text+audio_text_ln_lrh0.001_frozen_e5_s43,2055,4,1.31554,4.0789,0.0,0.00038037682189832916
text+audio_text_ln_lrh0.001_frozen_e5_s43,2056,4,1.06406,4.5611,0.0,0.0003800213295414149
text+audio_text_ln_lrh0.001_frozen_e5_s43,2057,4,1.12191,4.3816,0.0,0.00037966583718450055
text+audio_text_ln_lrh0.001_frozen_e5_s43,2058,4,0.83924,3.3051,0.0,0.0003793103448275862
text+audio_text_ln_lrh0.001_frozen_e5_s43,2059,4,0.67345,2.5458,0.0,0.0003789548524706719
text+audio_text_ln_lrh0.001_frozen_e5_s43,2060,4,1.35795,5.445,0.0,0.0003785993601137576
text+audio_text_ln_lrh0.001_frozen_e5_s43,2061,4,1.01036,2.4983,0.0,0.0003782438677568432
text+audio_text_ln_lrh0.001_frozen_e5_s43,2062,4,0.66401,2.1683,0.0,0.0003778883753999289
text+audio_text_ln_lrh0.001_frozen_e5_s43,2063,4,1.68617,4.2025,0.0,0.0003775328830430146
text+audio_text_ln_lrh0.001_frozen_e5_s43,2064,4,0.99657,2.6194,0.0,0.00037717739068610025
text+audio_text_ln_lrh0.001_frozen_e5_s43,2065,4,1.22867,2.9451,0.0,0.00037682189832918594
text+audio_text_ln_lrh0.001_frozen_e5_s43,2066,4,1.34685,3.4686,0.0,0.0003764664059722716
text+audio_text_ln_lrh0.001_frozen_e5_s43,2067,4,0.65812,2.7917,0.0,0.0003761109136153573
text+audio_text_ln_lrh0.001_frozen_e5_s43,2068,4,1.36714,2.8394,0.0,0.000375755421258443
text+audio_text_ln_lrh0.001_frozen_e5_s43,2069,4,1.18821,3.0211,0.0,0.0003753999289015286
text+audio_text_ln_lrh0.001_frozen_e5_s43,2070,4,0.8714,4.2874,0.0,0.0003750444365446143
text+audio_text_ln_lrh0.001_frozen_e5_s43,2071,4,1.50198,5.4049,0.0,0.0003746889441877
text+audio_text_ln_lrh0.001_frozen_e5_s43,2072,4,1.06314,3.6735,0.0,0.00037433345183078564
text+audio_text_ln_lrh0.001_frozen_e5_s43,2073,4,0.83641,1.9452,0.0,0.0003739779594738713
text+audio_text_ln_lrh0.001_frozen_e5_s43,2074,4,1.03113,3.067,0.0,0.000373622467116957
text+audio_text_ln_lrh0.001_frozen_e5_s43,2075,4,1.57164,3.5398,0.0,0.0003732669747600427
text+audio_text_ln_lrh0.001_frozen_e5_s43,2076,4,0.72207,2.3953,0.0,0.0003729114824031283
text+audio_text_ln_lrh0.001_frozen_e5_s43,2077,4,1.31259,2.5046,0.0,0.000372555990046214
text+audio_text_ln_lrh0.001_frozen_e5_s43,2078,4,1.47344,3.1221,0.0,0.0003722004976892997
text+audio_text_ln_lrh0.001_frozen_e5_s43,2079,4,1.00965,3.2748,0.0,0.00037184500533238535
text+audio_text_ln_lrh0.001_frozen_e5_s43,2080,4,0.60846,2.9801,0.0,0.000371489512975471
text+audio_text_ln_lrh0.001_frozen_e5_s43,2081,4,0.73479,2.6581,0.0,0.00037113402061855674
text+audio_text_ln_lrh0.001_frozen_e5_s43,2082,4,0.6772,2.3167,0.0,0.0003707785282616424
text+audio_text_ln_lrh0.001_frozen_e5_s43,2083,4,0.86485,3.4789,0.0,0.000370423035904728
text+audio_text_ln_lrh0.001_frozen_e5_s43,2084,4,1.29036,2.533,0.0,0.00037006754354781377
text+audio_text_ln_lrh0.001_frozen_e5_s43,2085,4,0.76037,2.0757,0.0,0.0003697120511908994
text+audio_text_ln_lrh0.001_frozen_e5_s43,2086,4,1.20394,2.561,0.0,0.00036935655883398505
text+audio_text_ln_lrh0.001_frozen_e5_s43,2087,4,0.9616,2.8008,0.0,0.00036900106647707074
text+audio_text_ln_lrh0.001_frozen_e5_s43,2088,4,0.94726,2.9966,0.0,0.00036864557412015644
text+audio_text_ln_lrh0.001_frozen_e5_s43,2089,4,0.94128,2.9923,0.0,0.0003682900817632421
text+audio_text_ln_lrh0.001_frozen_e5_s43,2090,4,1.18816,3.7934,0.0,0.00036793458940632777
text+audio_text_ln_lrh0.001_frozen_e5_s43,2091,4,1.33102,4.1894,0.0,0.00036757909704941347
text+audio_text_ln_lrh0.001_frozen_e5_s43,2092,4,1.15785,3.8816,0.0,0.0003672236046924991
text+audio_text_ln_lrh0.001_frozen_e5_s43,2093,4,1.05081,2.5082,0.0,0.0003668681123355848
text+audio_text_ln_lrh0.001_frozen_e5_s43,2094,4,1.43491,4.1531,0.0,0.00036651261997867044
text+audio_text_ln_lrh0.001_frozen_e5_s43,2095,4,0.91745,3.5336,0.0,0.00036615712762175614
text+audio_text_ln_lrh0.001_frozen_e5_s43,2096,4,1.88348,5.16,0.0,0.00036580163526484183
text+audio_text_ln_lrh0.001_frozen_e5_s43,2097,4,0.77955,3.0111,0.0,0.0003654461429079275
text+audio_text_ln_lrh0.001_frozen_e5_s43,2098,4,1.75677,4.3814,0.0,0.00036509065055101317
text+audio_text_ln_lrh0.001_frozen_e5_s43,2099,4,0.84978,3.6559,0.0,0.00036473515819409886
text+audio_text_ln_lrh0.001_frozen_e5_s43,2100,4,1.60595,4.9301,0.0,0.0003643796658371845
text+audio_text_ln_lrh0.001_frozen_e5_s43,2101,4,0.84807,3.5951,0.0,0.00036402417348027014
text+audio_text_ln_lrh0.001_frozen_e5_s43,2102,4,0.96973,2.6008,0.0,0.0003636686811233559
text+audio_text_ln_lrh0.001_frozen_e5_s43,2103,4,1.31757,3.1405,0.0,0.00036331318876644153
text+audio_text_ln_lrh0.001_frozen_e5_s43,2104,4,0.84161,2.7153,0.0,0.0003629576964095272
text+audio_text_ln_lrh0.001_frozen_e5_s43,2105,4,1.00546,3.7159,0.0,0.00036260220405261287
text+audio_text_ln_lrh0.001_frozen_e5_s43,2106,4,0.64437,2.4595,0.0,0.00036224671169569856
text+audio_text_ln_lrh0.001_frozen_e5_s43,2107,4,1.20479,3.3318,0.0,0.0003618912193387842
text+audio_text_ln_lrh0.001_frozen_e5_s43,2108,4,0.93541,4.1255,0.0,0.0003615357269818699
text+audio_text_ln_lrh0.001_frozen_e5_s43,2109,4,1.08333,3.9846,0.0,0.0003611802346249556
text+audio_text_ln_lrh0.001_frozen_e5_s43,2110,4,0.87958,2.7186,0.0,0.00036082474226804123
text+audio_text_ln_lrh0.001_frozen_e5_s43,2111,4,1.06454,2.9676,0.0,0.0003604692499111269
text+audio_text_ln_lrh0.001_frozen_e5_s43,2112,4,0.67081,2.281,0.0,0.0003601137575542126
text+audio_text_ln_lrh0.001_frozen_e5_s43,2113,4,1.02573,3.243,0.0,0.00035975826519729826
text+audio_text_ln_lrh0.001_frozen_e5_s43,2114,4,1.04743,2.6487,0.0,0.0003594027728403839
text+audio_text_ln_lrh0.001_frozen_e5_s43,2115,4,0.90832,3.9701,0.0,0.00035904728048346965
text+audio_text_ln_lrh0.001_frozen_e5_s43,2116,4,0.99527,2.8178,0.0,0.0003586917881265553
text+audio_text_ln_lrh0.001_frozen_e5_s43,2117,4,0.93753,2.9584,0.0,0.00035833629576964094
text+audio_text_ln_lrh0.001_frozen_e5_s43,2118,4,1.18401,2.9723,0.0,0.00035798080341272663
text+audio_text_ln_lrh0.001_frozen_e5_s43,2119,4,1.01722,2.3478,0.0,0.0003576253110558123
text+audio_text_ln_lrh0.001_frozen_e5_s43,2120,4,0.6831,2.4607,0.0,0.00035726981869889797
text+audio_text_ln_lrh0.001_frozen_e5_s43,2121,4,0.81637,2.4197,0.0,0.00035691432634198366
text+audio_text_ln_lrh0.001_frozen_e5_s43,2122,4,0.83272,2.3083,0.0,0.00035655883398506936
text+audio_text_ln_lrh0.001_frozen_e5_s43,2123,4,1.55741,4.6706,0.0,0.000356203341628155
text+audio_text_ln_lrh0.001_frozen_e5_s43,2124,4,1.1679,5.1417,0.0,0.0003558478492712407
text+audio_text_ln_lrh0.001_frozen_e5_s43,2125,4,1.35002,4.3959,0.0,0.00035549235691432633
text+audio_text_ln_lrh0.001_frozen_e5_s43,2126,4,0.96977,4.0483,0.0,0.000355136864557412
text+audio_text_ln_lrh0.001_frozen_e5_s43,2127,4,1.4825,3.421,0.0,0.0003547813722004977
text+audio_text_ln_lrh0.001_frozen_e5_s43,2128,4,1.08546,3.4115,0.0,0.00035442587984358336
text+audio_text_ln_lrh0.001_frozen_e5_s43,2129,4,1.05011,4.7112,0.0,0.00035407038748666906
text+audio_text_ln_lrh0.001_frozen_e5_s43,2130,4,1.23689,4.4248,0.0,0.00035371489512975475
text+audio_text_ln_lrh0.001_frozen_e5_s43,2131,4,1.24253,2.823,0.0,0.0003533594027728404
text+audio_text_ln_lrh0.001_frozen_e5_s43,2132,4,1.00098,2.6763,0.0,0.00035300391041592603
text+audio_text_ln_lrh0.001_frozen_e5_s43,2133,4,1.48242,4.3344,0.0,0.0003526484180590118
text+audio_text_ln_lrh0.001_frozen_e5_s43,2134,4,1.42895,3.7632,0.0,0.0003522929257020974
text+audio_text_ln_lrh0.001_frozen_e5_s43,2135,4,1.62023,4.9275,0.0,0.00035193743334518306
text+audio_text_ln_lrh0.001_frozen_e5_s43,2136,4,1.03065,4.437,0.0,0.00035158194098826876
text+audio_text_ln_lrh0.001_frozen_e5_s43,2137,4,1.16857,3.2982,0.0,0.00035122644863135445
text+audio_text_ln_lrh0.001_frozen_e5_s43,2138,4,1.47496,3.373,0.0,0.0003508709562744401
text+audio_text_ln_lrh0.001_frozen_e5_s43,2139,4,1.03584,3.4253,0.0,0.00035051546391752573
text+audio_text_ln_lrh0.001_frozen_e5_s43,2140,4,1.31693,4.5524,0.0,0.0003501599715606115
text+audio_text_ln_lrh0.001_frozen_e5_s43,2141,4,1.22225,3.2328,0.0,0.0003498044792036971
text+audio_text_ln_lrh0.001_frozen_e5_s43,2142,4,1.49694,3.2595,0.0,0.00034944898684678276
text+audio_text_ln_lrh0.001_frozen_e5_s43,2143,4,0.75255,2.6104,0.0,0.0003490934944898685
text+audio_text_ln_lrh0.001_frozen_e5_s43,2144,4,0.81276,2.4783,0.0,0.00034873800213295415
text+audio_text_ln_lrh0.001_frozen_e5_s43,2145,4,0.95493,2.5145,0.0,0.0003483825097760398
text+audio_text_ln_lrh0.001_frozen_e5_s43,2146,4,0.54434,2.6514,0.0,0.0003480270174191255
text+audio_text_ln_lrh0.001_frozen_e5_s43,2147,4,0.93389,2.4509,0.0,0.0003476715250622112
text+audio_text_ln_lrh0.001_frozen_e5_s43,2148,4,1.09413,4.1152,0.0,0.0003473160327052968
text+audio_text_ln_lrh0.001_frozen_e5_s43,2149,4,0.92455,2.6977,0.0,0.0003469605403483825
text+audio_text_ln_lrh0.001_frozen_e5_s43,2150,4,1.47225,4.089,0.0,0.0003466050479914682
text+audio_text_ln_lrh0.001_frozen_e5_s43,2151,4,1.46959,6.3931,0.0,0.00034624955563455385
text+audio_text_ln_lrh0.001_frozen_e5_s43,2152,4,1.12791,3.0908,0.0,0.00034589406327763955
text+audio_text_ln_lrh0.001_frozen_e5_s43,2153,4,0.87805,2.7475,0.0,0.0003455385709207252
text+audio_text_ln_lrh0.001_frozen_e5_s43,2154,4,1.09481,4.2185,0.0,0.0003451830785638109
text+audio_text_ln_lrh0.001_frozen_e5_s43,2155,4,1.2263,2.9839,0.0,0.0003448275862068966
text+audio_text_ln_lrh0.001_frozen_e5_s43,2156,4,1.09964,2.8624,0.0,0.0003444720938499822
text+audio_text_ln_lrh0.001_frozen_e5_s43,2157,4,0.79235,3.5127,0.0,0.0003441166014930679
text+audio_text_ln_lrh0.001_frozen_e5_s43,2158,4,0.98475,3.9939,0.0,0.0003437611091361536
text+audio_text_ln_lrh0.001_frozen_e5_s43,2159,4,1.0079,2.9705,0.0,0.00034340561677923925
text+audio_text_ln_lrh0.001_frozen_e5_s43,2160,4,1.27093,4.1948,0.0,0.0003430501244223249
text+audio_text_ln_lrh0.001_frozen_e5_s43,2161,4,1.52516,3.8443,0.0,0.00034269463206541064
text+audio_text_ln_lrh0.001_frozen_e5_s43,2162,4,0.98546,3.6085,0.0,0.0003423391397084963
text+audio_text_ln_lrh0.001_frozen_e5_s43,2163,4,1.03455,3.0896,0.0,0.0003419836473515819
text+audio_text_ln_lrh0.001_frozen_e5_s43,2164,4,0.79587,3.8189,0.0,0.0003416281549946676
text+audio_text_ln_lrh0.001_frozen_e5_s43,2165,4,1.10681,3.2142,0.0,0.0003412726626377533
text+audio_text_ln_lrh0.001_frozen_e5_s43,2166,4,1.1734,4.0232,0.0,0.00034091717028083895
text+audio_text_ln_lrh0.001_frozen_e5_s43,2167,4,1.22762,3.2931,0.0,0.0003405616779239246
text+audio_text_ln_lrh0.001_frozen_e5_s43,2168,4,1.06612,2.6862,0.0,0.00034020618556701034
text+audio_text_ln_lrh0.001_frozen_e5_s43,2169,4,1.34037,2.8528,0.0,0.000339850693210096
text+audio_text_ln_lrh0.001_frozen_e5_s43,2170,4,1.04388,2.8171,0.0,0.0003394952008531816
text+audio_text_ln_lrh0.001_frozen_e5_s43,2171,4,0.86342,2.4685,0.0,0.00033913970849626737
text+audio_text_ln_lrh0.001_frozen_e5_s43,2172,4,0.59131,2.9547,0.0,0.000338784216139353
text+audio_text_ln_lrh0.001_frozen_e5_s43,2173,4,1.23367,3.3253,0.0,0.00033842872378243865
text+audio_text_ln_lrh0.001_frozen_e5_s43,2174,4,1.41815,3.1621,0.0,0.0003380732314255244
text+audio_text_ln_lrh0.001_frozen_e5_s43,2175,4,1.30485,3.7503,0.0,0.00033771773906861004
text+audio_text_ln_lrh0.001_frozen_e5_s43,2176,4,1.1206,3.1736,0.0,0.0003373622467116957
text+audio_text_ln_lrh0.001_frozen_e5_s43,2177,4,1.28332,3.6234,0.0,0.0003370067543547814
text+audio_text_ln_lrh0.001_frozen_e5_s43,2178,4,0.99133,2.8593,0.0,0.00033665126199786707
text+audio_text_ln_lrh0.001_frozen_e5_s43,2179,4,0.99652,3.0197,0.0,0.0003362957696409527
text+audio_text_ln_lrh0.001_frozen_e5_s43,2180,4,1.05055,2.533,0.0,0.0003359402772840384
text+audio_text_ln_lrh0.001_frozen_e5_s43,2181,4,1.17855,3.0761,0.0,0.0003355847849271241
text+audio_text_ln_lrh0.001_frozen_e5_s43,2182,4,1.22325,3.3335,0.0,0.00033522929257020974
text+audio_text_ln_lrh0.001_frozen_e5_s43,2183,4,1.07268,3.6396,0.0,0.00033487380021329544
text+audio_text_ln_lrh0.001_frozen_e5_s43,2184,4,1.33857,4.9514,0.0,0.0003345183078563811
text+audio_text_ln_lrh0.001_frozen_e5_s43,2185,4,1.11368,4.5388,0.0,0.0003341628154994668
text+audio_text_ln_lrh0.001_frozen_e5_s43,2186,4,0.92382,3.5675,0.0,0.00033380732314255247
text+audio_text_ln_lrh0.001_frozen_e5_s43,2187,4,0.83502,3.3544,0.0,0.0003334518307856381
text+audio_text_ln_lrh0.001_frozen_e5_s43,2188,4,1.32668,3.8552,0.0,0.0003330963384287238
text+audio_text_ln_lrh0.001_frozen_e5_s43,2189,4,0.90546,2.9052,0.0,0.0003327408460718095
text+audio_text_ln_lrh0.001_frozen_e5_s43,2190,4,1.4819,3.584,0.0,0.00033238535371489514
text+audio_text_ln_lrh0.001_frozen_e5_s43,2191,4,0.80712,2.8118,0.0,0.0003320298613579808
text+audio_text_ln_lrh0.001_frozen_e5_s43,2192,4,1.10113,2.4393,0.0,0.00033167436900106653
text+audio_text_ln_lrh0.001_frozen_e5_s43,2193,4,1.04737,2.3766,0.0,0.00033131887664415217
text+audio_text_ln_lrh0.001_frozen_e5_s43,2194,4,1.03959,2.7702,0.0,0.0003309633842872378
text+audio_text_ln_lrh0.001_frozen_e5_s43,2195,4,0.57223,2.485,0.0,0.0003306078919303235
text+audio_text_ln_lrh0.001_frozen_e5_s43,2196,4,1.19115,2.6001,0.0,0.0003302523995734092
text+audio_text_ln_lrh0.001_frozen_e5_s43,2197,4,0.91105,3.3411,0.0,0.00032989690721649484
text+audio_text_ln_lrh0.001_frozen_e5_s43,2198,4,1.17116,2.899,0.0,0.0003295414148595805
text+audio_text_ln_lrh0.001_frozen_e5_s43,2199,4,0.59401,2.6253,0.0,0.00032918592250266623
text+audio_text_ln_lrh0.001_frozen_e5_s43,2200,4,0.92344,3.7368,0.0,0.00032883043014575187
text+audio_text_ln_lrh0.001_frozen_e5_s43,2201,4,1.42149,4.0074,0.0,0.0003284749377888375
text+audio_text_ln_lrh0.001_frozen_e5_s43,2202,4,1.04273,3.0542,0.0,0.00032811944543192326
text+audio_text_ln_lrh0.001_frozen_e5_s43,2203,4,0.72333,3.3235,0.0,0.0003277639530750089
text+audio_text_ln_lrh0.001_frozen_e5_s43,2204,4,0.72404,2.5639,0.0,0.00032740846071809454
text+audio_text_ln_lrh0.001_frozen_e5_s43,2205,4,1.25723,3.9043,0.0,0.00032705296836118024
text+audio_text_ln_lrh0.001_frozen_e5_s43,2206,4,1.22447,4.7143,0.0,0.00032669747600426593
text+audio_text_ln_lrh0.001_frozen_e5_s43,2207,4,0.8694,2.9108,0.0,0.00032634198364735157
text+audio_text_ln_lrh0.001_frozen_e5_s43,2208,4,1.21049,3.6309,0.0,0.00032598649129043727
text+audio_text_ln_lrh0.001_frozen_e5_s43,2209,4,1.35616,4.5,0.0,0.00032563099893352296
text+audio_text_ln_lrh0.001_frozen_e5_s43,2210,4,1.51468,4.884,0.0,0.0003252755065766086
text+audio_text_ln_lrh0.001_frozen_e5_s43,2211,4,1.1267,3.5232,0.0,0.0003249200142196943
text+audio_text_ln_lrh0.001_frozen_e5_s43,2212,4,0.92483,3.4029,0.0,0.00032456452186277994
text+audio_text_ln_lrh0.001_frozen_e5_s43,2213,4,0.82804,3.6687,0.0,0.00032420902950586563
text+audio_text_ln_lrh0.001_frozen_e5_s43,2214,4,0.89735,2.831,0.0,0.0003238535371489513
text+audio_text_ln_lrh0.001_frozen_e5_s43,2215,4,1.08151,3.3841,0.0,0.00032349804479203697
text+audio_text_ln_lrh0.001_frozen_e5_s43,2216,4,1.13314,5.4503,0.0,0.00032314255243512266
text+audio_text_ln_lrh0.001_frozen_e5_s43,2217,4,0.75314,2.1911,0.0,0.00032278706007820836
text+audio_text_ln_lrh0.001_frozen_e5_s43,2218,4,1.34586,4.0818,0.0,0.000322431567721294
text+audio_text_ln_lrh0.001_frozen_e5_s43,2219,4,1.14316,3.7649,0.0,0.00032207607536437964
text+audio_text_ln_lrh0.001_frozen_e5_s43,2220,4,0.59451,2.162,0.0,0.0003217205830074654
text+audio_text_ln_lrh0.001_frozen_e5_s43,2221,4,0.83047,3.2522,0.0,0.00032136509065055103
text+audio_text_ln_lrh0.001_frozen_e5_s43,2222,4,1.10597,3.5702,0.0,0.00032100959829363667
text+audio_text_ln_lrh0.001_frozen_e5_s43,2223,4,1.18175,5.0781,0.0,0.00032065410593672236
text+audio_text_ln_lrh0.001_frozen_e5_s43,2224,4,1.12655,4.779,0.0,0.00032029861357980806
text+audio_text_ln_lrh0.001_frozen_e5_s43,2225,4,1.26329,3.9605,0.0,0.0003199431212228937
text+audio_text_ln_lrh0.001_frozen_e5_s43,2226,4,0.91682,2.6117,0.0,0.00031958762886597934
text+audio_text_ln_lrh0.001_frozen_e5_s43,2227,4,1.05094,2.5974,0.0,0.0003192321365090651
text+audio_text_ln_lrh0.001_frozen_e5_s43,2228,4,0.89283,3.6305,0.0,0.00031887664415215073
text+audio_text_ln_lrh0.001_frozen_e5_s43,2229,4,1.46383,4.7419,0.0,0.00031852115179523637
text+audio_text_ln_lrh0.001_frozen_e5_s43,2230,4,0.76019,2.6136,0.0,0.0003181656594383221
text+audio_text_ln_lrh0.001_frozen_e5_s43,2231,4,0.55638,3.0362,0.0,0.00031781016708140776
text+audio_text_ln_lrh0.001_frozen_e5_s43,2232,4,1.47627,5.8423,0.0,0.0003174546747244934
text+audio_text_ln_lrh0.001_frozen_e5_s43,2233,4,1.57154,3.9126,0.0,0.0003170991823675791
text+audio_text_ln_lrh0.001_frozen_e5_s43,2234,4,1.13628,3.2363,0.0,0.0003167436900106648
text+audio_text_ln_lrh0.001_frozen_e5_s43,2235,4,1.36401,6.1501,0.0,0.00031638819765375043
text+audio_text_ln_lrh0.001_frozen_e5_s43,2236,4,1.28868,3.7826,0.0,0.0003160327052968361
text+audio_text_ln_lrh0.001_frozen_e5_s43,2237,4,1.0654,3.1381,0.0,0.0003156772129399218
text+audio_text_ln_lrh0.001_frozen_e5_s43,2238,4,0.52251,3.8208,0.0,0.00031532172058300746
text+audio_text_ln_lrh0.001_frozen_e5_s43,2239,4,1.20988,3.2538,0.0,0.00031496622822609315
text+audio_text_ln_lrh0.001_frozen_e5_s43,2240,4,0.84891,3.6389,0.0,0.0003146107358691788
text+audio_text_ln_lrh0.001_frozen_e5_s43,2241,4,1.03569,5.0027,0.0,0.0003142552435122645
text+audio_text_ln_lrh0.001_frozen_e5_s43,2242,4,1.1013,3.7458,0.0,0.0003138997511553502
text+audio_text_ln_lrh0.001_frozen_e5_s43,2243,4,0.85564,2.9035,0.0,0.0003135442587984358
text+audio_text_ln_lrh0.001_frozen_e5_s43,2244,4,1.06634,3.5511,0.0,0.0003131887664415215
text+audio_text_ln_lrh0.001_frozen_e5_s43,2245,4,1.29654,3.8907,0.0,0.0003128332740846072
text+audio_text_ln_lrh0.001_frozen_e5_s43,2246,4,1.34593,3.8352,0.0,0.00031247778172769286
text+audio_text_ln_lrh0.001_frozen_e5_s43,2247,4,1.20529,4.6685,0.0,0.0003121222893707785
text+audio_text_ln_lrh0.001_frozen_e5_s43,2248,4,0.66521,3.5622,0.0,0.00031176679701386425
text+audio_text_ln_lrh0.001_frozen_e5_s43,2249,4,0.84634,2.9438,0.0,0.0003114113046569499
text+audio_text_ln_lrh0.001_frozen_e5_s43,2250,4,1.21419,2.9485,0.0,0.0003110558123000355
text+audio_text_ln_lrh0.001_frozen_e5_s43,2251,4,1.36013,4.7604,0.0,0.0003107003199431213
text+audio_text_ln_lrh0.001_frozen_e5_s43,2252,4,0.7912,3.3793,0.0,0.0003103448275862069
text+audio_text_ln_lrh0.001_frozen_e5_s43,2253,4,1.29157,3.5248,0.0,0.00030998933522929256
text+audio_text_ln_lrh0.001_frozen_e5_s43,2254,4,1.22959,3.2725,0.0,0.0003096338428723782
text+audio_text_ln_lrh0.001_frozen_e5_s43,2255,4,0.99491,4.0394,0.0,0.00030927835051546395
text+audio_text_ln_lrh0.001_frozen_e5_s43,2256,4,0.71261,3.6357,0.0,0.0003089228581585496
text+audio_text_ln_lrh0.001_frozen_e5_s43,2257,4,0.53912,3.2064,0.0,0.00030856736580163523
text+audio_text_ln_lrh0.001_frozen_e5_s43,2258,4,1.4223,3.2426,0.0,0.000308211873444721
text+audio_text_ln_lrh0.001_frozen_e5_s43,2259,4,1.68299,4.3719,0.0,0.0003078563810878066
text+audio_text_ln_lrh0.001_frozen_e5_s43,2260,4,1.27291,3.1307,0.0,0.00030750088873089226
text+audio_text_ln_lrh0.001_frozen_e5_s43,2261,4,0.98672,2.4552,0.0,0.000307145396373978
text+audio_text_ln_lrh0.001_frozen_e5_s43,2262,4,0.97075,3.4226,0.0,0.00030678990401706365
text+audio_text_ln_lrh0.001_frozen_e5_s43,2263,4,0.71923,2.5414,0.0,0.0003064344116601493
text+audio_text_ln_lrh0.001_frozen_e5_s43,2264,4,1.15125,3.298,0.0,0.000306078919303235
text+audio_text_ln_lrh0.001_frozen_e5_s43,2265,4,1.43975,3.7648,0.0,0.0003057234269463207
text+audio_text_ln_lrh0.001_frozen_e5_s43,2266,4,0.89963,3.3246,0.0,0.0003053679345894063
text+audio_text_ln_lrh0.001_frozen_e5_s43,2267,4,0.92934,2.4574,0.0,0.000305012442232492
text+audio_text_ln_lrh0.001_frozen_e5_s43,2268,4,1.18111,4.6094,0.0,0.0003046569498755777
text+audio_text_ln_lrh0.001_frozen_e5_s43,2269,4,1.00679,2.3159,0.0,0.00030430145751866335
text+audio_text_ln_lrh0.001_frozen_e5_s43,2270,4,0.7468,3.0337,0.0,0.00030394596516174904
text+audio_text_ln_lrh0.001_frozen_e5_s43,2271,4,1.10084,3.0708,0.0,0.0003035904728048347
text+audio_text_ln_lrh0.001_frozen_e5_s43,2272,4,1.12092,3.2605,0.0,0.0003032349804479204
text+audio_text_ln_lrh0.001_frozen_e5_s43,2273,4,0.99787,2.4801,0.0,0.0003028794880910061
text+audio_text_ln_lrh0.001_frozen_e5_s43,2274,4,1.0052,2.1638,0.0,0.0003025239957340917
text+audio_text_ln_lrh0.001_frozen_e5_s43,2275,4,0.84955,2.6684,0.0,0.0003021685033771774
text+audio_text_ln_lrh0.001_frozen_e5_s43,2276,4,1.03012,3.2222,0.0,0.0003018130110202631
text+audio_text_ln_lrh0.001_frozen_e5_s43,2277,4,0.91814,4.083,0.0,0.00030145751866334874
text+audio_text_ln_lrh0.001_frozen_e5_s43,2278,4,1.31955,4.4074,0.0,0.0003011020263064344
text+audio_text_ln_lrh0.001_frozen_e5_s43,2279,4,0.8446,3.016,0.0,0.00030074653394952013
text+audio_text_ln_lrh0.001_frozen_e5_s43,2280,4,0.97189,3.0708,0.0,0.0003003910415926058
text+audio_text_ln_lrh0.001_frozen_e5_s43,2281,4,1.60547,4.6753,0.0,0.0003000355492356914
text+audio_text_ln_lrh0.001_frozen_e5_s43,2282,4,1.07433,3.4026,0.0,0.0002996800568787771
text+audio_text_ln_lrh0.001_frozen_e5_s43,2283,4,1.12213,3.9342,0.0,0.0002993245645218628
text+audio_text_ln_lrh0.001_frozen_e5_s43,2284,4,1.08597,2.5337,0.0,0.00029896907216494845
text+audio_text_ln_lrh0.001_frozen_e5_s43,2285,4,1.2082,3.5507,0.0,0.0002986135798080341
text+audio_text_ln_lrh0.001_frozen_e5_s43,2286,4,1.08078,6.1959,0.0,0.00029825808745111983
text+audio_text_ln_lrh0.001_frozen_e5_s43,2287,4,1.13228,3.5811,0.0,0.0002979025950942055
text+audio_text_ln_lrh0.001_frozen_e5_s43,2288,4,0.7999,2.8454,0.0,0.0002975471027372911
text+audio_text_ln_lrh0.001_frozen_e5_s43,2289,4,1.09495,3.4693,0.0,0.00029719161038037687
text+audio_text_ln_lrh0.001_frozen_e5_s43,2290,4,1.42891,4.7989,0.0,0.0002968361180234625
text+audio_text_ln_lrh0.001_frozen_e5_s43,2291,4,0.83817,3.6087,0.0,0.00029648062566654815
text+audio_text_ln_lrh0.001_frozen_e5_s43,2292,4,1.07141,2.8853,0.0,0.00029612513330963384
text+audio_text_ln_lrh0.001_frozen_e5_s43,2293,4,0.92268,3.1473,0.0,0.00029576964095271954
text+audio_text_ln_lrh0.001_frozen_e5_s43,2294,4,1.30446,3.5942,0.0,0.0002954141485958052
text+audio_text_ln_lrh0.001_frozen_e5_s43,2295,4,0.87042,2.9046,0.0,0.00029505865623889087
text+audio_text_ln_lrh0.001_frozen_e5_s43,2296,4,0.93676,3.2309,0.0,0.00029470316388197657
text+audio_text_ln_lrh0.001_frozen_e5_s43,2297,4,1.06572,2.8384,0.0,0.0002943476715250622
text+audio_text_ln_lrh0.001_frozen_e5_s43,2298,4,0.81453,4.1206,0.0,0.0002939921791681479
text+audio_text_ln_lrh0.001_frozen_e5_s43,2299,4,1.02644,4.2405,0.0,0.00029363668681123354
text+audio_text_ln_lrh0.001_frozen_e5_s43,2300,4,0.73285,3.2007,0.0,0.00029328119445431924
text+audio_text_ln_lrh0.001_frozen_e5_s43,2301,4,0.84761,2.0907,0.0,0.00029292570209740493
text+audio_text_ln_lrh0.001_frozen_e5_s43,2302,4,0.82671,2.7123,0.0,0.00029257020974049057
text+audio_text_ln_lrh0.001_frozen_e5_s43,2303,4,1.57753,4.7256,0.0,0.00029221471738357627
text+audio_text_ln_lrh0.001_frozen_e5_s43,2304,4,1.19671,3.3356,0.0,0.00029185922502666196
text+audio_text_ln_lrh0.001_frozen_e5_s43,2305,4,0.79935,4.0079,0.0,0.0002915037326697476
text+audio_text_ln_lrh0.001_frozen_e5_s43,2306,4,1.05846,3.0304,0.0,0.00029114824031283324
text+audio_text_ln_lrh0.001_frozen_e5_s43,2307,4,1.72986,4.1265,0.0,0.000290792747955919
text+audio_text_ln_lrh0.001_frozen_e5_s43,2308,4,0.83936,3.2002,0.0,0.00029043725559900463
text+audio_text_ln_lrh0.001_frozen_e5_s43,2309,4,0.95047,2.543,0.0,0.0002900817632420903
text+audio_text_ln_lrh0.001_frozen_e5_s43,2310,4,0.57943,1.8694,0.0,0.000289726270885176
text+audio_text_ln_lrh0.001_frozen_e5_s43,2311,4,1.01567,2.3945,0.0,0.00028937077852826166
text+audio_text_ln_lrh0.001_frozen_e5_s43,2312,4,1.14827,2.5693,0.0,0.0002890152861713473
text+audio_text_ln_lrh0.001_frozen_e5_s43,2313,4,1.13652,4.7105,0.0,0.00028865979381443294
text+audio_text_ln_lrh0.001_frozen_e5_s43,2314,4,1.2975,3.0887,0.0,0.0002883043014575187
text+audio_text_ln_lrh0.001_frozen_e5_s43,2315,4,1.21469,3.8225,0.0,0.00028794880910060433
text+audio_text_ln_lrh0.001_frozen_e5_s43,2316,4,0.79837,2.9872,0.0,0.00028759331674369
text+audio_text_ln_lrh0.001_frozen_e5_s43,2317,4,0.70521,3.9303,0.0,0.0002872378243867757
text+audio_text_ln_lrh0.001_frozen_e5_s43,2318,4,0.81353,2.6233,0.0,0.00028688233202986136
text+audio_text_ln_lrh0.001_frozen_e5_s43,2319,4,1.3414,3.6456,0.0,0.000286526839672947
text+audio_text_ln_lrh0.001_frozen_e5_s43,2320,4,0.95661,3.3247,0.0,0.0002861713473160327
text+audio_text_ln_lrh0.001_frozen_e5_s43,2321,4,0.82499,2.5807,0.0,0.0002858158549591184
text+audio_text_ln_lrh0.001_frozen_e5_s43,2322,4,0.98877,3.3669,0.0,0.00028546036260220403
text+audio_text_ln_lrh0.001_frozen_e5_s43,2323,4,1.60091,3.7547,0.0,0.00028510487024528973
text+audio_text_ln_lrh0.001_frozen_e5_s43,2324,4,1.23706,4.2047,0.0,0.0002847493778883754
text+audio_text_ln_lrh0.001_frozen_e5_s43,2325,4,0.98412,3.4003,0.0,0.00028439388553146107
text+audio_text_ln_lrh0.001_frozen_e5_s43,2326,4,1.2729,4.1831,0.0,0.00028403839317454676
text+audio_text_ln_lrh0.001_frozen_e5_s43,2327,4,0.70083,2.8054,0.0,0.00028368290081763245
text+audio_text_ln_lrh0.001_frozen_e5_s43,2328,4,1.02754,3.4971,0.0,0.0002833274084607181
text+audio_text_ln_lrh0.001_frozen_e5_s43,2329,4,0.86746,2.4162,0.0,0.0002829719161038038
text+audio_text_ln_lrh0.001_frozen_e5_s43,2330,4,1.07198,2.8289,0.0,0.00028261642374688943
text+audio_text_ln_lrh0.001_frozen_e5_s43,2331,4,1.24474,3.0844,0.0,0.0002822609313899751
text+audio_text_ln_lrh0.001_frozen_e5_s43,2332,4,1.26331,3.0134,0.0,0.0002819054390330608
text+audio_text_ln_lrh0.001_frozen_e5_s43,2333,4,1.37774,3.6186,0.0,0.00028154994667614646
text+audio_text_ln_lrh0.001_frozen_e5_s43,2334,4,1.51267,3.5584,0.0,0.00028119445431923216
text+audio_text_ln_lrh0.001_frozen_e5_s43,2335,4,1.12418,3.1662,0.0,0.00028083896196231785
text+audio_text_ln_lrh0.001_frozen_e5_s43,2336,4,0.9997,2.8393,0.0,0.0002804834696054035
text+audio_text_ln_lrh0.001_frozen_e5_s43,2337,4,1.23609,4.1685,0.0,0.00028012797724848913
text+audio_text_ln_lrh0.001_frozen_e5_s43,2338,4,0.96294,2.766,0.0,0.0002797724848915749
text+audio_text_ln_lrh0.001_frozen_e5_s43,2339,4,0.8775,3.0303,0.0,0.0002794169925346605
text+audio_text_ln_lrh0.001_frozen_e5_s43,2340,4,0.85647,2.3436,0.0,0.00027906150017774616
text+audio_text_ln_lrh0.001_frozen_e5_s43,2341,4,1.2679,3.3084,0.0,0.00027870600782083186
text+audio_text_ln_lrh0.001_frozen_e5_s43,2342,4,1.27492,4.6662,0.0,0.00027835051546391755
text+audio_text_ln_lrh0.001_frozen_e5_s43,2343,4,1.25192,4.5784,0.0,0.0002779950231070032
text+audio_text_ln_lrh0.001_frozen_e5_s43,2344,4,1.44281,3.7456,0.0,0.00027763953075008883
text+audio_text_ln_lrh0.001_frozen_e5_s43,2345,4,1.0313,3.1997,0.0,0.0002772840383931746
text+audio_text_ln_lrh0.001_frozen_e5_s43,2346,4,1.35658,3.9421,0.0,0.0002769285460362602
text+audio_text_ln_lrh0.001_frozen_e5_s43,2347,4,1.45438,4.648,0.0,0.00027657305367934586
text+audio_text_ln_lrh0.001_frozen_e5_s43,2348,4,0.94521,3.6671,0.0,0.0002762175613224316
text+audio_text_ln_lrh0.001_frozen_e5_s43,2349,4,0.78213,2.9159,0.0,0.00027586206896551725
text+audio_text_ln_lrh0.001_frozen_e5_s43,2350,4,0.81302,2.7994,0.0,0.0002755065766086029
text+audio_text_ln_lrh0.001_frozen_e5_s43,2351,4,1.16427,3.5448,0.0,0.0002751510842516886
text+audio_text_ln_lrh0.001_frozen_e5_s43,2352,4,1.30218,2.9711,0.0,0.0002747955918947743
text+audio_text_ln_lrh0.001_frozen_e5_s43,2353,4,0.72129,2.2879,0.0,0.0002744400995378599
text+audio_text_ln_lrh0.001_frozen_e5_s43,2354,4,0.48167,2.6629,0.0,0.0002740846071809456
text+audio_text_ln_lrh0.001_frozen_e5_s43,2355,4,1.00166,3.8484,0.0,0.0002737291148240313
text+audio_text_ln_lrh0.001_frozen_e5_s43,2356,4,1.30366,3.3526,0.0,0.00027337362246711695
text+audio_text_ln_lrh0.001_frozen_e5_s43,2357,4,1.24523,3.4461,0.0,0.00027301813011020265
text+audio_text_ln_lrh0.001_frozen_e5_s43,2358,4,0.58025,2.9338,0.0,0.0002726626377532883
text+audio_text_ln_lrh0.001_frozen_e5_s43,2359,4,1.3563,3.3993,0.0,0.000272307145396374
text+audio_text_ln_lrh0.001_frozen_e5_s43,2360,4,1.24801,3.6287,0.0,0.0002719516530394597
text+audio_text_ln_lrh0.001_frozen_e5_s43,2361,4,1.44002,3.9552,0.0,0.0002715961606825453
text+audio_text_ln_lrh0.001_frozen_e5_s43,2362,4,1.38065,3.9418,0.0,0.000271240668325631
text+audio_text_ln_lrh0.001_frozen_e5_s43,2363,4,1.22618,2.9672,0.0,0.0002708851759687167
text+audio_text_ln_lrh0.001_frozen_e5_s43,2364,4,1.27139,3.7057,0.0,0.00027052968361180235
text+audio_text_ln_lrh0.001_frozen_e5_s43,2365,4,1.17248,3.6858,0.0,0.000270174191254888
text+audio_text_ln_lrh0.001_frozen_e5_s43,2366,4,1.0853,2.5676,0.0,0.00026981869889797374
text+audio_text_ln_lrh0.001_frozen_e5_s43,2367,4,0.87254,3.6834,0.0,0.0002694632065410594
text+audio_text_ln_lrh0.001_frozen_e5_s43,2368,4,1.08051,4.4768,0.0,0.000269107714184145
text+audio_text_ln_lrh0.001_frozen_e5_s43,2369,4,0.62753,3.5916,0.0,0.00026875222182723077
text+audio_text_ln_lrh0.001_frozen_e5_s43,2370,4,0.99685,3.8361,0.0,0.0002683967294703164
text+audio_text_ln_lrh0.001_frozen_e5_s43,2371,4,0.97162,3.7036,0.0,0.00026804123711340205
text+audio_text_ln_lrh0.001_frozen_e5_s43,2372,4,1.20948,3.8757,0.0,0.0002676857447564877
text+audio_text_ln_lrh0.001_frozen_e5_s43,2373,4,1.11974,3.5726,0.0,0.00026733025239957344
text+audio_text_ln_lrh0.001_frozen_e5_s43,2374,4,1.31592,3.1249,0.0,0.0002669747600426591
text+audio_text_ln_lrh0.001_frozen_e5_s43,2375,4,0.63819,2.722,0.0,0.0002666192676857447
text+audio_text_ln_lrh0.001_frozen_e5_s43,2376,4,1.1337,2.6834,0.0,0.00026626377532883047
text+audio_text_ln_lrh0.001_frozen_e5_s43,2377,4,0.78419,2.9111,0.0,0.0002659082829719161
text+audio_text_ln_lrh0.001_frozen_e5_s43,2378,4,1.14601,2.9284,0.0,0.00026555279061500175
text+audio_text_ln_lrh0.001_frozen_e5_s43,2379,4,0.80502,3.5735,0.0,0.00026519729825808745
text+audio_text_ln_lrh0.001_frozen_e5_s43,2380,4,0.94908,5.8711,0.0,0.00026484180590117314
text+audio_text_ln_lrh0.001_frozen_e5_s43,2381,4,0.80373,3.0953,0.0,0.0002644863135442588
text+audio_text_ln_lrh0.001_frozen_e5_s43,2382,4,1.07297,2.8509,0.0,0.0002641308211873445
text+audio_text_ln_lrh0.001_frozen_e5_s43,2383,4,0.68617,2.0469,0.0,0.00026377532883043017
text+audio_text_ln_lrh0.001_frozen_e5_s43,2384,4,1.00418,3.383,0.0,0.0002634198364735158
text+audio_text_ln_lrh0.001_frozen_e5_s43,2385,4,1.10553,3.3564,0.0,0.0002630643441166015
text+audio_text_ln_lrh0.001_frozen_e5_s43,2386,4,1.25076,3.0385,0.0,0.00026270885175968715
text+audio_text_ln_lrh0.001_frozen_e5_s43,2387,4,1.16828,3.2101,0.0,0.00026235335940277284
text+audio_text_ln_lrh0.001_frozen_e5_s43,2388,4,0.68753,3.8699,0.0,0.00026199786704585854
text+audio_text_ln_lrh0.001_frozen_e5_s43,2389,4,1.46822,3.7311,0.0,0.0002616423746889442
text+audio_text_ln_lrh0.001_frozen_e5_s43,2390,4,0.80647,4.2478,0.0,0.00026128688233202987
text+audio_text_ln_lrh0.001_frozen_e5_s43,2391,4,1.18956,3.3281,0.0,0.00026093138997511557
text+audio_text_ln_lrh0.001_frozen_e5_s43,2392,4,1.55223,5.4952,0.0,0.0002605758976182012
text+audio_text_ln_lrh0.001_frozen_e5_s43,2393,4,0.61081,3.1502,0.0,0.00026022040526128685
text+audio_text_ln_lrh0.001_frozen_e5_s43,2394,4,0.80396,2.6459,0.0,0.0002598649129043726
text+audio_text_ln_lrh0.001_frozen_e5_s43,2395,4,1.41106,4.8111,0.0,0.00025950942054745824
text+audio_text_ln_lrh0.001_frozen_e5_s43,2396,4,1.06197,3.3779,0.0,0.0002591539281905439
text+audio_text_ln_lrh0.001_frozen_e5_s43,2397,4,1.02209,2.2978,0.0,0.00025879843583362963
text+audio_text_ln_lrh0.001_frozen_e5_s43,2398,4,0.8296,2.7011,0.0,0.00025844294347671527
text+audio_text_ln_lrh0.001_frozen_e5_s43,2399,4,0.99755,4.268,0.0,0.0002580874511198009
text+audio_text_ln_lrh0.001_frozen_e5_s43,2400,4,1.16616,2.8185,0.0,0.00025773195876288655
text+audio_text_ln_lrh0.001_frozen_e5_s43,2401,4,1.24313,3.314,0.0,0.0002573764664059723
text+audio_text_ln_lrh0.001_frozen_e5_s43,2402,4,0.88138,2.6701,0.0,0.00025702097404905794
text+audio_text_ln_lrh0.001_frozen_e5_s43,2403,4,0.93576,2.7258,0.0,0.0002566654816921436
text+audio_text_ln_lrh0.001_frozen_e5_s43,2404,4,0.90912,2.6432,0.0,0.00025630998933522933
text+audio_text_ln_lrh0.001_frozen_e5_s43,2405,4,1.5009,4.626,0.0,0.00025595449697831497
text+audio_text_ln_lrh0.001_frozen_e5_s43,2406,4,0.81415,3.5901,0.0,0.0002555990046214006
text+audio_text_ln_lrh0.001_frozen_e5_s43,2407,4,1.05823,3.6703,0.0,0.00025524351226448636
text+audio_text_ln_lrh0.001_frozen_e5_s43,2408,4,0.99159,4.6996,0.0,0.000254888019907572
text+audio_text_ln_lrh0.001_frozen_e5_s43,2409,4,0.68404,2.8121,0.0,0.00025453252755065764
text+audio_text_ln_lrh0.001_frozen_e5_s43,2410,4,1.38321,4.258,0.0,0.00025417703519374334
text+audio_text_ln_lrh0.001_frozen_e5_s43,2411,4,0.8202,3.7272,0.0,0.00025382154283682903
text+audio_text_ln_lrh0.001_frozen_e5_s43,2412,4,1.40679,3.9687,0.0,0.00025346605047991467
text+audio_text_ln_lrh0.001_frozen_e5_s43,2413,4,0.7926,2.5469,0.0,0.00025311055812300037
text+audio_text_ln_lrh0.001_frozen_e5_s43,2414,4,1.14817,4.637,0.0,0.00025275506576608606
text+audio_text_ln_lrh0.001_frozen_e5_s43,2415,4,0.99249,2.7381,0.0,0.0002523995734091717
text+audio_text_ln_lrh0.001_frozen_e5_s43,2416,4,1.61483,3.5483,0.0,0.0002520440810522574
text+audio_text_ln_lrh0.001_frozen_e5_s43,2417,4,1.15875,3.0127,0.0,0.00025168858869534304
text+audio_text_ln_lrh0.001_frozen_e5_s43,2418,4,1.29726,3.5687,0.0,0.00025133309633842873
text+audio_text_ln_lrh0.001_frozen_e5_s43,2419,4,1.15043,3.0257,0.0,0.0002509776039815144
text+audio_text_ln_lrh0.001_frozen_e5_s43,2420,4,1.14327,4.0439,0.0,0.00025062211162460007
text+audio_text_ln_lrh0.001_frozen_e5_s43,2421,4,1.33996,3.1882,0.0,0.00025026661926768576
text+audio_text_ln_lrh0.001_frozen_e5_s43,2422,4,0.85628,3.3332,0.0,0.0002499111269107714
text+audio_text_ln_lrh0.001_frozen_e5_s43,2423,4,1.3116,4.6714,0.0,0.0002495556345538571
text+audio_text_ln_lrh0.001_frozen_e5_s43,2424,4,1.32786,3.4672,0.0,0.00024920014219694274
text+audio_text_ln_lrh0.001_frozen_e5_s43,2425,4,1.01452,2.7839,0.0,0.00024884464984002843
text+audio_text_ln_lrh0.001_frozen_e5_s43,2426,4,0.70568,2.3719,0.0,0.0002484891574831141
text+audio_text_ln_lrh0.001_frozen_e5_s43,2427,4,1.43634,3.4929,0.0,0.00024813366512619977
text+audio_text_ln_lrh0.001_frozen_e5_s43,2428,4,1.0132,2.6663,0.0,0.00024777817276928546
text+audio_text_ln_lrh0.001_frozen_e5_s43,2429,4,1.2291,4.9291,0.0,0.00024742268041237116
text+audio_text_ln_lrh0.001_frozen_e5_s43,2430,4,0.91327,2.7571,0.0,0.0002470671880554568
text+audio_text_ln_lrh0.001_frozen_e5_s43,2431,4,1.02004,2.866,0.0,0.0002467116956985425
text+audio_text_ln_lrh0.001_frozen_e5_s43,2432,4,1.29569,4.6923,0.0,0.0002463562033416282
text+audio_text_ln_lrh0.001_frozen_e5_s43,2433,4,0.71969,2.8639,0.0,0.00024600071098471383
text+audio_text_ln_lrh0.001_frozen_e5_s43,2434,4,1.43948,2.9828,0.0,0.0002456452186277995
text+audio_text_ln_lrh0.001_frozen_e5_s43,2435,4,0.99778,3.5843,0.0,0.0002452897262708852
text+audio_text_ln_lrh0.001_frozen_e5_s43,2436,4,1.42891,3.6627,0.0,0.00024493423391397086
text+audio_text_ln_lrh0.001_frozen_e5_s43,2437,4,1.78875,5.2719,0.0,0.00024457874155705655
text+audio_text_ln_lrh0.001_frozen_e5_s43,2438,4,0.81542,2.421,0.0,0.0002442232492001422
text+audio_text_ln_lrh0.001_frozen_e5_s43,2439,4,1.07888,3.3426,0.0,0.00024386775684322786
text+audio_text_ln_lrh0.001_frozen_e5_s43,2440,4,0.9944,3.0043,0.0,0.00024351226448631356
text+audio_text_ln_lrh0.001_frozen_e5_s43,2441,4,0.94496,2.483,0.0,0.00024315677212939922
text+audio_text_ln_lrh0.001_frozen_e5_s43,2442,4,1.10136,3.193,0.0,0.0002428012797724849
text+audio_text_ln_lrh0.001_frozen_e5_s43,2443,4,1.00261,2.6118,0.0,0.00024244578741557059
text+audio_text_ln_lrh0.001_frozen_e5_s43,2444,4,1.2479,3.1412,0.0,0.00024209029505865623
text+audio_text_ln_lrh0.001_frozen_e5_s43,2445,4,0.94828,3.716,0.0,0.00024173480270174192
text+audio_text_ln_lrh0.001_frozen_e5_s43,2446,4,0.78028,2.6872,0.0,0.0002413793103448276
text+audio_text_ln_lrh0.001_frozen_e5_s43,2447,4,1.12844,3.5371,0.0,0.00024102381798791326
text+audio_text_ln_lrh0.001_frozen_e5_s43,2448,4,1.22669,2.8561,0.0,0.00024066832563099895
text+audio_text_ln_lrh0.001_frozen_e5_s43,2449,4,1.4024,3.0599,0.0,0.00024031283327408462
text+audio_text_ln_lrh0.001_frozen_e5_s43,2450,4,0.75395,2.8967,0.0,0.0002399573409171703
text+audio_text_ln_lrh0.001_frozen_e5_s43,2451,4,0.92436,4.0318,0.0,0.00023960184856025595
text+audio_text_ln_lrh0.001_frozen_e5_s43,2452,4,1.27115,2.56,0.0,0.00023924635620334162
text+audio_text_ln_lrh0.001_frozen_e5_s43,2453,4,1.27317,3.2649,0.0,0.0002388908638464273
text+audio_text_ln_lrh0.001_frozen_e5_s43,2454,4,1.19325,3.2568,0.0,0.00023853537148951299
text+audio_text_ln_lrh0.001_frozen_e5_s43,2455,4,1.05164,3.0119,0.0,0.00023817987913259865
text+audio_text_ln_lrh0.001_frozen_e5_s43,2456,4,1.46895,3.8009,0.0,0.00023782438677568432
text+audio_text_ln_lrh0.001_frozen_e5_s43,2457,4,1.5325,3.9204,0.0,0.00023746889441877002
text+audio_text_ln_lrh0.001_frozen_e5_s43,2458,4,1.25644,4.2585,0.0,0.00023711340206185566
text+audio_text_ln_lrh0.001_frozen_e5_s43,2459,4,1.40147,3.3749,0.0,0.00023675790970494135
text+audio_text_ln_lrh0.001_frozen_e5_s43,2460,4,0.98422,2.4784,0.0,0.00023640241734802705
text+audio_text_ln_lrh0.001_frozen_e5_s43,2461,4,1.60068,7.0086,0.0,0.00023604692499111269
text+audio_text_ln_lrh0.001_frozen_e5_s43,2462,4,1.22612,3.5323,0.0,0.00023569143263419838
text+audio_text_ln_lrh0.001_frozen_e5_s43,2463,4,1.45882,3.5914,0.0,0.00023533594027728405
text+audio_text_ln_lrh0.001_frozen_e5_s43,2464,4,1.00419,2.9309,0.0,0.00023498044792036972
text+audio_text_ln_lrh0.001_frozen_e5_s43,2465,4,1.27652,3.3997,0.0,0.00023462495556345538
text+audio_text_ln_lrh0.001_frozen_e5_s43,2466,4,1.32749,3.1004,0.0,0.00023426946320654108
text+audio_text_ln_lrh0.001_frozen_e5_s43,2467,4,1.0935,2.9257,0.0,0.00023391397084962675
text+audio_text_ln_lrh0.001_frozen_e5_s43,2468,4,1.0605,2.7534,0.0,0.00023355847849271241
text+audio_text_ln_lrh0.001_frozen_e5_s43,2469,4,1.00761,3.1901,0.0,0.00023320298613579808
text+audio_text_ln_lrh0.001_frozen_e5_s43,2470,4,1.06072,3.1412,0.0,0.00023284749377888375
text+audio_text_ln_lrh0.001_frozen_e5_s43,2471,4,0.90043,2.8107,0.0,0.00023249200142196944
text+audio_text_ln_lrh0.001_frozen_e5_s43,2472,4,0.94705,2.9252,0.0,0.00023213650906505509
text+audio_text_ln_lrh0.001_frozen_e5_s43,2473,4,1.04718,2.7185,0.0,0.00023178101670814078
text+audio_text_ln_lrh0.001_frozen_e5_s43,2474,4,0.71011,2.4763,0.0,0.00023142552435122647
text+audio_text_ln_lrh0.001_frozen_e5_s43,2475,4,1.01211,2.6843,0.0,0.00023107003199431212
text+audio_text_ln_lrh0.001_frozen_e5_s43,2476,4,0.58596,2.3432,0.0,0.0002307145396373978
text+audio_text_ln_lrh0.001_frozen_e5_s43,2477,4,1.11304,2.6733,0.0,0.00023035904728048348
text+audio_text_ln_lrh0.001_frozen_e5_s43,2478,4,1.43557,3.1754,0.0,0.00023000355492356915
text+audio_text_ln_lrh0.001_frozen_e5_s43,2479,4,1.30134,5.434,0.0,0.0002296480625666548
text+audio_text_ln_lrh0.001_frozen_e5_s43,2480,4,0.69526,2.1353,0.0,0.0002292925702097405
text+audio_text_ln_lrh0.001_frozen_e5_s43,2481,4,1.3317,3.0933,0.0,0.00022893707785282618
text+audio_text_ln_lrh0.001_frozen_e5_s43,2482,4,1.0097,3.3913,0.0,0.00022858158549591184
text+audio_text_ln_lrh0.001_frozen_e5_s43,2483,4,1.00295,3.7366,0.0,0.0002282260931389975
text+audio_text_ln_lrh0.001_frozen_e5_s43,2484,4,1.22053,2.8767,0.0,0.00022787060078208318
text+audio_text_ln_lrh0.001_frozen_e5_s43,2485,4,1.2616,3.0623,0.0,0.00022751510842516887
text+audio_text_ln_lrh0.001_frozen_e5_s43,2486,4,1.19056,3.984,0.0,0.00022715961606825451
text+audio_text_ln_lrh0.001_frozen_e5_s43,2487,4,1.23321,2.905,0.0,0.0002268041237113402
text+audio_text_ln_lrh0.001_frozen_e5_s43,2488,4,1.42435,3.3412,0.0,0.0002264486313544259
text+audio_text_ln_lrh0.001_frozen_e5_s43,2489,4,1.34305,3.6895,0.0,0.00022609313899751154
text+audio_text_ln_lrh0.001_frozen_e5_s43,2490,4,1.42507,3.3124,0.0,0.00022573764664059724
text+audio_text_ln_lrh0.001_frozen_e5_s43,2491,4,1.28148,2.798,0.0,0.0002253821542836829
text+audio_text_ln_lrh0.001_frozen_e5_s43,2492,4,0.96531,3.5691,0.0,0.00022502666192676857
text+audio_text_ln_lrh0.001_frozen_e5_s43,2493,4,1.14185,3.1958,0.0,0.00022467116956985424
text+audio_text_ln_lrh0.001_frozen_e5_s43,2494,4,1.16576,3.3801,0.0,0.00022431567721293994
text+audio_text_ln_lrh0.001_frozen_e5_s43,2495,4,0.90061,3.0556,0.0,0.0002239601848560256
text+audio_text_ln_lrh0.001_frozen_e5_s43,2496,4,1.16323,2.9312,0.0,0.00022360469249911127
text+audio_text_ln_lrh0.001_frozen_e5_s43,2497,4,0.95287,3.1562,0.0,0.00022324920014219694
text+audio_text_ln_lrh0.001_frozen_e5_s43,2498,4,1.34409,3.6589,0.0,0.0002228937077852826
text+audio_text_ln_lrh0.001_frozen_e5_s43,2499,4,0.70265,2.2384,0.0,0.0002225382154283683
text+audio_text_ln_lrh0.001_frozen_e5_s43,2500,4,2.61617,7.9236,0.0,0.00022218272307145394
text+audio_text_ln_lrh0.001_frozen_e5_s43,2501,5,1.11788,2.9697,0.0,0.00022182723071453964
text+audio_text_ln_lrh0.001_frozen_e5_s43,2502,5,1.07401,2.8282,0.0,0.00022147173835762533
text+audio_text_ln_lrh0.001_frozen_e5_s43,2503,5,0.87897,2.6029,0.0,0.00022111624600071097
text+audio_text_ln_lrh0.001_frozen_e5_s43,2504,5,0.83635,2.4196,0.0,0.00022076075364379667
text+audio_text_ln_lrh0.001_frozen_e5_s43,2505,5,1.13739,2.7999,0.0,0.00022040526128688234
text+audio_text_ln_lrh0.001_frozen_e5_s43,2506,5,0.93246,2.5374,0.0,0.000220049768929968
text+audio_text_ln_lrh0.001_frozen_e5_s43,2507,5,1.49544,3.6762,0.0,0.0002196942765730537
text+audio_text_ln_lrh0.001_frozen_e5_s43,2508,5,1.19251,3.447,0.0,0.00021933878421613937
text+audio_text_ln_lrh0.001_frozen_e5_s43,2509,5,0.67201,2.8355,0.0,0.00021898329185922503
text+audio_text_ln_lrh0.001_frozen_e5_s43,2510,5,0.9174,3.4895,0.0,0.0002186277995023107
text+audio_text_ln_lrh0.001_frozen_e5_s43,2511,5,0.87567,2.5089,0.0,0.00021827230714539637
text+audio_text_ln_lrh0.001_frozen_e5_s43,2512,5,0.94857,3.0811,0.0,0.00021791681478848204
text+audio_text_ln_lrh0.001_frozen_e5_s43,2513,5,1.49183,5.1317,0.0,0.00021756132243156773
text+audio_text_ln_lrh0.001_frozen_e5_s43,2514,5,1.23006,3.5976,0.0,0.0002172058300746534
text+audio_text_ln_lrh0.001_frozen_e5_s43,2515,5,1.3999,3.7798,0.0,0.00021685033771773907
text+audio_text_ln_lrh0.001_frozen_e5_s43,2516,5,1.22317,2.992,0.0,0.00021649484536082476
text+audio_text_ln_lrh0.001_frozen_e5_s43,2517,5,0.70979,3.0294,0.0,0.0002161393530039104
text+audio_text_ln_lrh0.001_frozen_e5_s43,2518,5,1.42927,3.9837,0.0,0.0002157838606469961
text+audio_text_ln_lrh0.001_frozen_e5_s43,2519,5,1.00376,3.1997,0.0,0.00021542836829008177
text+audio_text_ln_lrh0.001_frozen_e5_s43,2520,5,0.85303,2.0958,0.0,0.00021507287593316743
text+audio_text_ln_lrh0.001_frozen_e5_s43,2521,5,0.90529,2.7116,0.0,0.00021471738357625313
text+audio_text_ln_lrh0.001_frozen_e5_s43,2522,5,1.20101,2.6671,0.0,0.0002143618912193388
text+audio_text_ln_lrh0.001_frozen_e5_s43,2523,5,0.68427,2.3133,0.0,0.00021400639886242446
text+audio_text_ln_lrh0.001_frozen_e5_s43,2524,5,0.97836,2.3176,0.0,0.00021365090650551013
text+audio_text_ln_lrh0.001_frozen_e5_s43,2525,5,1.58157,5.2241,0.0,0.00021329541414859583
text+audio_text_ln_lrh0.001_frozen_e5_s43,2526,5,1.16955,3.3558,0.0,0.00021293992179168147
text+audio_text_ln_lrh0.001_frozen_e5_s43,2527,5,0.88797,2.4051,0.0,0.00021258442943476716
text+audio_text_ln_lrh0.001_frozen_e5_s43,2528,5,1.04509,3.051,0.0,0.00021222893707785283
text+audio_text_ln_lrh0.001_frozen_e5_s43,2529,5,1.18202,2.8286,0.0,0.0002118734447209385
text+audio_text_ln_lrh0.001_frozen_e5_s43,2530,5,1.14208,3.2107,0.0,0.0002115179523640242
text+audio_text_ln_lrh0.001_frozen_e5_s43,2531,5,1.50394,3.6673,0.0,0.00021116246000710983
text+audio_text_ln_lrh0.001_frozen_e5_s43,2532,5,1.00729,2.9181,0.0,0.00021080696765019553
text+audio_text_ln_lrh0.001_frozen_e5_s43,2533,5,0.8807,2.3322,0.0,0.0002104514752932812
text+audio_text_ln_lrh0.001_frozen_e5_s43,2534,5,1.02929,3.3999,0.0,0.00021009598293636686
text+audio_text_ln_lrh0.001_frozen_e5_s43,2535,5,1.18221,3.1451,0.0,0.00020974049057945256
text+audio_text_ln_lrh0.001_frozen_e5_s43,2536,5,0.66878,2.2702,0.0,0.00020938499822253822
text+audio_text_ln_lrh0.001_frozen_e5_s43,2537,5,0.93176,3.1421,0.0,0.0002090295058656239
text+audio_text_ln_lrh0.001_frozen_e5_s43,2538,5,0.94848,3.3253,0.0,0.00020867401350870956
text+audio_text_ln_lrh0.001_frozen_e5_s43,2539,5,1.42364,4.0352,0.0,0.00020831852115179526
text+audio_text_ln_lrh0.001_frozen_e5_s43,2540,5,1.25209,3.3903,0.0,0.00020796302879488092
text+audio_text_ln_lrh0.001_frozen_e5_s43,2541,5,1.38907,3.9245,0.0,0.0002076075364379666
text+audio_text_ln_lrh0.001_frozen_e5_s43,2542,5,1.1001,3.2213,0.0,0.00020725204408105226
text+audio_text_ln_lrh0.001_frozen_e5_s43,2543,5,0.95584,2.9349,0.0,0.00020689655172413793
text+audio_text_ln_lrh0.001_frozen_e5_s43,2544,5,0.79224,3.2147,0.0,0.00020654105936722362
text+audio_text_ln_lrh0.001_frozen_e5_s43,2545,5,1.03128,2.565,0.0,0.00020618556701030926
text+audio_text_ln_lrh0.001_frozen_e5_s43,2546,5,0.84837,3.7329,0.0,0.00020583007465339496
text+audio_text_ln_lrh0.001_frozen_e5_s43,2547,5,0.77835,2.4046,0.0,0.00020547458229648065
text+audio_text_ln_lrh0.001_frozen_e5_s43,2548,5,1.09505,2.9629,0.0,0.0002051190899395663
text+audio_text_ln_lrh0.001_frozen_e5_s43,2549,5,0.91181,3.2346,0.0,0.00020476359758265199
text+audio_text_ln_lrh0.001_frozen_e5_s43,2550,5,1.13758,3.199,0.0,0.00020440810522573765
text+audio_text_ln_lrh0.001_frozen_e5_s43,2551,5,1.00762,2.8338,0.0,0.00020405261286882332
text+audio_text_ln_lrh0.001_frozen_e5_s43,2552,5,0.7775,3.232,0.0,0.000203697120511909
text+audio_text_ln_lrh0.001_frozen_e5_s43,2553,5,1.03706,3.089,0.0,0.00020334162815499468
text+audio_text_ln_lrh0.001_frozen_e5_s43,2554,5,0.82011,2.6005,0.0,0.00020298613579808035
text+audio_text_ln_lrh0.001_frozen_e5_s43,2555,5,1.36406,3.9394,0.0,0.00020263064344116602
text+audio_text_ln_lrh0.001_frozen_e5_s43,2556,5,1.45825,3.4096,0.0,0.0002022751510842517
text+audio_text_ln_lrh0.001_frozen_e5_s43,2557,5,1.07477,3.1762,0.0,0.00020191965872733736
text+audio_text_ln_lrh0.001_frozen_e5_s43,2558,5,0.76689,2.9533,0.0,0.00020156416637042305
text+audio_text_ln_lrh0.001_frozen_e5_s43,2559,5,1.18164,3.6712,0.0,0.0002012086740135087
text+audio_text_ln_lrh0.001_frozen_e5_s43,2560,5,1.09455,3.1142,0.0,0.00020085318165659439
text+audio_text_ln_lrh0.001_frozen_e5_s43,2561,5,1.03662,2.97,0.0,0.00020049768929968008
text+audio_text_ln_lrh0.001_frozen_e5_s43,2562,5,0.72605,3.7091,0.0,0.00020014219694276572
text+audio_text_ln_lrh0.001_frozen_e5_s43,2563,5,1.19022,2.9083,0.0,0.00019978670458585142
text+audio_text_ln_lrh0.001_frozen_e5_s43,2564,5,1.47738,5.5496,0.0,0.00019943121222893708
text+audio_text_ln_lrh0.001_frozen_e5_s43,2565,5,0.76814,2.9515,0.0,0.00019907571987202275
text+audio_text_ln_lrh0.001_frozen_e5_s43,2566,5,1.14317,3.3135,0.0,0.00019872022751510842
text+audio_text_ln_lrh0.001_frozen_e5_s43,2567,5,0.63436,3.4671,0.0,0.00019836473515819411
text+audio_text_ln_lrh0.001_frozen_e5_s43,2568,5,1.38604,2.9757,0.0,0.00019800924280127978
text+audio_text_ln_lrh0.001_frozen_e5_s43,2569,5,1.04438,3.8915,0.0,0.00019765375044436545
text+audio_text_ln_lrh0.001_frozen_e5_s43,2570,5,1.48303,3.0239,0.0,0.00019729825808745112
text+audio_text_ln_lrh0.001_frozen_e5_s43,2571,5,1.23486,3.1772,0.0,0.00019694276573053678
text+audio_text_ln_lrh0.001_frozen_e5_s43,2572,5,1.19873,4.5474,0.0,0.00019658727337362248
text+audio_text_ln_lrh0.001_frozen_e5_s43,2573,5,0.95332,3.3975,0.0,0.00019623178101670812
text+audio_text_ln_lrh0.001_frozen_e5_s43,2574,5,0.94513,2.4622,0.0,0.00019587628865979381
text+audio_text_ln_lrh0.001_frozen_e5_s43,2575,5,0.89871,3.4774,0.0,0.0001955207963028795
text+audio_text_ln_lrh0.001_frozen_e5_s43,2576,5,1.08624,2.8944,0.0,0.00019516530394596515
text+audio_text_ln_lrh0.001_frozen_e5_s43,2577,5,0.68889,2.2983,0.0,0.00019480981158905084
text+audio_text_ln_lrh0.001_frozen_e5_s43,2578,5,0.68253,2.5618,0.0,0.0001944543192321365
text+audio_text_ln_lrh0.001_frozen_e5_s43,2579,5,0.85051,4.0705,0.0,0.00019409882687522218
text+audio_text_ln_lrh0.001_frozen_e5_s43,2580,5,1.34397,3.8282,0.0,0.00019374333451830788
text+audio_text_ln_lrh0.001_frozen_e5_s43,2581,5,0.95309,3.2208,0.0,0.00019338784216139354
text+audio_text_ln_lrh0.001_frozen_e5_s43,2582,5,1.21378,4.2814,0.0,0.0001930323498044792
text+audio_text_ln_lrh0.001_frozen_e5_s43,2583,5,0.96068,2.9441,0.0,0.00019267685744756488
text+audio_text_ln_lrh0.001_frozen_e5_s43,2584,5,1.34524,3.0917,0.0,0.00019232136509065057
text+audio_text_ln_lrh0.001_frozen_e5_s43,2585,5,1.01026,2.742,0.0,0.00019196587273373621
text+audio_text_ln_lrh0.001_frozen_e5_s43,2586,5,1.22866,5.1391,0.0,0.0001916103803768219
text+audio_text_ln_lrh0.001_frozen_e5_s43,2587,5,0.98978,2.9965,0.0,0.00019125488801990758
text+audio_text_ln_lrh0.001_frozen_e5_s43,2588,5,0.89605,2.8924,0.0,0.00019089939566299324
text+audio_text_ln_lrh0.001_frozen_e5_s43,2589,5,1.68933,5.9317,0.0,0.00019054390330607894
text+audio_text_ln_lrh0.001_frozen_e5_s43,2590,5,1.07881,4.0037,0.0,0.00019018841094916458
text+audio_text_ln_lrh0.001_frozen_e5_s43,2591,5,1.24272,3.6319,0.0,0.00018983291859225027
text+audio_text_ln_lrh0.001_frozen_e5_s43,2592,5,1.49989,3.8181,0.0,0.00018947742623533594
text+audio_text_ln_lrh0.001_frozen_e5_s43,2593,5,1.03018,2.626,0.0,0.0001891219338784216
text+audio_text_ln_lrh0.001_frozen_e5_s43,2594,5,1.14511,4.1374,0.0,0.0001887664415215073
text+audio_text_ln_lrh0.001_frozen_e5_s43,2595,5,1.04522,3.0849,0.0,0.00018841094916459297
text+audio_text_ln_lrh0.001_frozen_e5_s43,2596,5,0.79488,3.3298,0.0,0.00018805545680767864
text+audio_text_ln_lrh0.001_frozen_e5_s43,2597,5,1.47627,3.3713,0.0,0.0001876999644507643
text+audio_text_ln_lrh0.001_frozen_e5_s43,2598,5,0.63761,4.337,0.0,0.00018734447209385
text+audio_text_ln_lrh0.001_frozen_e5_s43,2599,5,1.0182,3.9132,0.0,0.00018698897973693564
text+audio_text_ln_lrh0.001_frozen_e5_s43,2600,5,1.37078,3.3214,0.0,0.00018663348738002134
text+audio_text_ln_lrh0.001_frozen_e5_s43,2601,5,1.07015,2.9628,0.0,0.000186277995023107
text+audio_text_ln_lrh0.001_frozen_e5_s43,2602,5,1.18202,3.2645,0.0,0.00018592250266619267
text+audio_text_ln_lrh0.001_frozen_e5_s43,2603,5,1.26025,4.6932,0.0,0.00018556701030927837
text+audio_text_ln_lrh0.001_frozen_e5_s43,2604,5,0.84501,2.4323,0.0,0.000185211517952364
text+audio_text_ln_lrh0.001_frozen_e5_s43,2605,5,0.8647,3.1882,0.0,0.0001848560255954497
text+audio_text_ln_lrh0.001_frozen_e5_s43,2606,5,0.62958,4.1627,0.0,0.00018450053323853537
text+audio_text_ln_lrh0.001_frozen_e5_s43,2607,5,1.1252,2.9086,0.0,0.00018414504088162104
text+audio_text_ln_lrh0.001_frozen_e5_s43,2608,5,0.99316,3.9461,0.0,0.00018378954852470673
text+audio_text_ln_lrh0.001_frozen_e5_s43,2609,5,0.82003,2.9714,0.0,0.0001834340561677924
text+audio_text_ln_lrh0.001_frozen_e5_s43,2610,5,0.93672,2.7761,0.0,0.00018307856381087807
text+audio_text_ln_lrh0.001_frozen_e5_s43,2611,5,1.10719,3.0358,0.0,0.00018272307145396374
text+audio_text_ln_lrh0.001_frozen_e5_s43,2612,5,2.11294,6.2,0.0,0.00018236757909704943
text+audio_text_ln_lrh0.001_frozen_e5_s43,2613,5,1.30416,3.5997,0.0,0.00018201208674013507
text+audio_text_ln_lrh0.001_frozen_e5_s43,2614,5,0.58954,3.0654,0.0,0.00018165659438322077
text+audio_text_ln_lrh0.001_frozen_e5_s43,2615,5,1.24521,3.1146,0.0,0.00018130110202630643
text+audio_text_ln_lrh0.001_frozen_e5_s43,2616,5,1.32626,4.6304,0.0,0.0001809456096693921
text+audio_text_ln_lrh0.001_frozen_e5_s43,2617,5,0.89221,2.744,0.0,0.0001805901173124778
text+audio_text_ln_lrh0.001_frozen_e5_s43,2618,5,0.99161,2.476,0.0,0.00018023462495556344
text+audio_text_ln_lrh0.001_frozen_e5_s43,2619,5,1.29061,3.7206,0.0,0.00017987913259864913
text+audio_text_ln_lrh0.001_frozen_e5_s43,2620,5,0.95186,3.0586,0.0,0.00017952364024173483
text+audio_text_ln_lrh0.001_frozen_e5_s43,2621,5,0.6617,1.9839,0.0,0.00017916814788482047
text+audio_text_ln_lrh0.001_frozen_e5_s43,2622,5,1.59733,4.6958,0.0,0.00017881265552790616
text+audio_text_ln_lrh0.001_frozen_e5_s43,2623,5,0.9188,3.2262,0.0,0.00017845716317099183
text+audio_text_ln_lrh0.001_frozen_e5_s43,2624,5,0.85877,2.4918,0.0,0.0001781016708140775
text+audio_text_ln_lrh0.001_frozen_e5_s43,2625,5,0.90607,3.4391,0.0,0.00017774617845716317
text+audio_text_ln_lrh0.001_frozen_e5_s43,2626,5,1.2481,3.2457,0.0,0.00017739068610024886
text+audio_text_ln_lrh0.001_frozen_e5_s43,2627,5,1.08831,5.1712,0.0,0.00017703519374333453
text+audio_text_ln_lrh0.001_frozen_e5_s43,2628,5,0.83326,2.7028,0.0,0.0001766797013864202
text+audio_text_ln_lrh0.001_frozen_e5_s43,2629,5,1.00054,3.0472,0.0,0.0001763242090295059
text+audio_text_ln_lrh0.001_frozen_e5_s43,2630,5,1.16051,4.0301,0.0,0.00017596871667259153
text+audio_text_ln_lrh0.001_frozen_e5_s43,2631,5,1.22344,4.4292,0.0,0.00017561322431567723
text+audio_text_ln_lrh0.001_frozen_e5_s43,2632,5,1.19557,2.8561,0.0,0.00017525773195876287
text+audio_text_ln_lrh0.001_frozen_e5_s43,2633,5,0.99133,2.8587,0.0,0.00017490223960184856
text+audio_text_ln_lrh0.001_frozen_e5_s43,2634,5,0.92698,2.2496,0.0,0.00017454674724493426
text+audio_text_ln_lrh0.001_frozen_e5_s43,2635,5,1.42875,3.6374,0.0,0.0001741912548880199
text+audio_text_ln_lrh0.001_frozen_e5_s43,2636,5,1.08188,2.7216,0.0,0.0001738357625311056
text+audio_text_ln_lrh0.001_frozen_e5_s43,2637,5,0.8802,3.0948,0.0,0.00017348027017419126
text+audio_text_ln_lrh0.001_frozen_e5_s43,2638,5,0.89237,2.9333,0.0,0.00017312477781727693
text+audio_text_ln_lrh0.001_frozen_e5_s43,2639,5,1.46693,4.4396,0.0,0.0001727692854603626
text+audio_text_ln_lrh0.001_frozen_e5_s43,2640,5,1.18964,3.6575,0.0,0.0001724137931034483
text+audio_text_ln_lrh0.001_frozen_e5_s43,2641,5,0.60722,3.7765,0.0,0.00017205830074653396
text+audio_text_ln_lrh0.001_frozen_e5_s43,2642,5,0.78062,2.8417,0.0,0.00017170280838961963
text+audio_text_ln_lrh0.001_frozen_e5_s43,2643,5,1.30161,3.0822,0.0,0.00017134731603270532
text+audio_text_ln_lrh0.001_frozen_e5_s43,2644,5,0.53305,3.4321,0.0,0.00017099182367579096
text+audio_text_ln_lrh0.001_frozen_e5_s43,2645,5,0.63471,3.1825,0.0,0.00017063633131887666
text+audio_text_ln_lrh0.001_frozen_e5_s43,2646,5,1.05008,2.8371,0.0,0.0001702808389619623
text+audio_text_ln_lrh0.001_frozen_e5_s43,2647,5,0.73669,2.5402,0.0,0.000169925346605048
text+audio_text_ln_lrh0.001_frozen_e5_s43,2648,5,0.81419,3.1062,0.0,0.00016956985424813369
text+audio_text_ln_lrh0.001_frozen_e5_s43,2649,5,0.92796,2.9976,0.0,0.00016921436189121933
text+audio_text_ln_lrh0.001_frozen_e5_s43,2650,5,0.79568,2.0885,0.0,0.00016885886953430502
text+audio_text_ln_lrh0.001_frozen_e5_s43,2651,5,1.16081,3.0845,0.0,0.0001685033771773907
text+audio_text_ln_lrh0.001_frozen_e5_s43,2652,5,0.73849,2.3825,0.0,0.00016814788482047636
text+audio_text_ln_lrh0.001_frozen_e5_s43,2653,5,0.99185,3.1175,0.0,0.00016779239246356205
text+audio_text_ln_lrh0.001_frozen_e5_s43,2654,5,0.88378,2.8719,0.0,0.00016743690010664772
text+audio_text_ln_lrh0.001_frozen_e5_s43,2655,5,0.50545,3.239,0.0,0.0001670814077497334
text+audio_text_ln_lrh0.001_frozen_e5_s43,2656,5,0.54587,2.0978,0.0,0.00016672591539281905
text+audio_text_ln_lrh0.001_frozen_e5_s43,2657,5,1.61923,5.636,0.0,0.00016637042303590475
text+audio_text_ln_lrh0.001_frozen_e5_s43,2658,5,0.92535,3.3054,0.0,0.0001660149306789904
text+audio_text_ln_lrh0.001_frozen_e5_s43,2659,5,1.15938,3.3804,0.0,0.00016565943832207608
text+audio_text_ln_lrh0.001_frozen_e5_s43,2660,5,1.10434,4.1822,0.0,0.00016530394596516175
text+audio_text_ln_lrh0.001_frozen_e5_s43,2661,5,0.94041,4.3829,0.0,0.00016494845360824742
text+audio_text_ln_lrh0.001_frozen_e5_s43,2662,5,0.80292,2.5491,0.0,0.00016459296125133311
text+audio_text_ln_lrh0.001_frozen_e5_s43,2663,5,1.42268,4.6302,0.0,0.00016423746889441876
text+audio_text_ln_lrh0.001_frozen_e5_s43,2664,5,1.07236,4.0952,0.0,0.00016388197653750445
text+audio_text_ln_lrh0.001_frozen_e5_s43,2665,5,0.77467,2.7077,0.0,0.00016352648418059012
text+audio_text_ln_lrh0.001_frozen_e5_s43,2666,5,0.9801,3.1913,0.0,0.00016317099182367579
text+audio_text_ln_lrh0.001_frozen_e5_s43,2667,5,1.62338,4.8982,0.0,0.00016281549946676148
text+audio_text_ln_lrh0.001_frozen_e5_s43,2668,5,1.02608,2.9254,0.0,0.00016246000710984715
text+audio_text_ln_lrh0.001_frozen_e5_s43,2669,5,1.1684,2.9917,0.0,0.00016210451475293282
text+audio_text_ln_lrh0.001_frozen_e5_s43,2670,5,0.85877,2.4977,0.0,0.00016174902239601848
text+audio_text_ln_lrh0.001_frozen_e5_s43,2671,5,1.57517,3.7822,0.0,0.00016139353003910418
text+audio_text_ln_lrh0.001_frozen_e5_s43,2672,5,1.24061,4.2814,0.0,0.00016103803768218982
text+audio_text_ln_lrh0.001_frozen_e5_s43,2673,5,0.72036,3.1297,0.0,0.00016068254532527551
text+audio_text_ln_lrh0.001_frozen_e5_s43,2674,5,0.73971,2.7271,0.0,0.00016032705296836118
text+audio_text_ln_lrh0.001_frozen_e5_s43,2675,5,1.1778,4.6018,0.0,0.00015997156061144685
text+audio_text_ln_lrh0.001_frozen_e5_s43,2676,5,1.48736,4.9583,0.0,0.00015961606825453254
text+audio_text_ln_lrh0.001_frozen_e5_s43,2677,5,1.27047,3.2423,0.0,0.00015926057589761818
text+audio_text_ln_lrh0.001_frozen_e5_s43,2678,5,1.15346,2.4527,0.0,0.00015890508354070388
text+audio_text_ln_lrh0.001_frozen_e5_s43,2679,5,1.75053,5.3541,0.0,0.00015854959118378955
text+audio_text_ln_lrh0.001_frozen_e5_s43,2680,5,1.17909,3.1334,0.0,0.00015819409882687521
text+audio_text_ln_lrh0.001_frozen_e5_s43,2681,5,1.43831,5.1791,0.0,0.0001578386064699609
text+audio_text_ln_lrh0.001_frozen_e5_s43,2682,5,0.87484,2.5849,0.0,0.00015748311411304658
text+audio_text_ln_lrh0.001_frozen_e5_s43,2683,5,1.01918,4.3131,0.0,0.00015712762175613225
text+audio_text_ln_lrh0.001_frozen_e5_s43,2684,5,1.48422,4.2544,0.0,0.0001567721293992179
text+audio_text_ln_lrh0.001_frozen_e5_s43,2685,5,0.99875,2.8925,0.0,0.0001564166370423036
text+audio_text_ln_lrh0.001_frozen_e5_s43,2686,5,0.96456,2.4994,0.0,0.00015606114468538925
text+audio_text_ln_lrh0.001_frozen_e5_s43,2687,5,0.8794,3.7024,0.0,0.00015570565232847494
text+audio_text_ln_lrh0.001_frozen_e5_s43,2688,5,0.9309,4.1007,0.0,0.00015535015997156064
text+audio_text_ln_lrh0.001_frozen_e5_s43,2689,5,0.96478,2.8914,0.0,0.00015499466761464628
text+audio_text_ln_lrh0.001_frozen_e5_s43,2690,5,0.92804,3.7101,0.0,0.00015463917525773197
text+audio_text_ln_lrh0.001_frozen_e5_s43,2691,5,0.83439,3.2164,0.0,0.00015428368290081761
text+audio_text_ln_lrh0.001_frozen_e5_s43,2692,5,1.2309,3.0747,0.0,0.0001539281905439033
text+audio_text_ln_lrh0.001_frozen_e5_s43,2693,5,1.12656,2.647,0.0,0.000153572698186989
text+audio_text_ln_lrh0.001_frozen_e5_s43,2694,5,1.05675,2.7889,0.0,0.00015321720583007464
text+audio_text_ln_lrh0.001_frozen_e5_s43,2695,5,0.98074,3.9965,0.0,0.00015286171347316034
text+audio_text_ln_lrh0.001_frozen_e5_s43,2696,5,0.79325,2.8036,0.0,0.000152506221116246
text+audio_text_ln_lrh0.001_frozen_e5_s43,2697,5,0.89802,3.3815,0.0,0.00015215072875933167
text+audio_text_ln_lrh0.001_frozen_e5_s43,2698,5,1.2305,3.7865,0.0,0.00015179523640241734
text+audio_text_ln_lrh0.001_frozen_e5_s43,2699,5,1.33396,3.6588,0.0,0.00015143974404550304
text+audio_text_ln_lrh0.001_frozen_e5_s43,2700,5,0.95525,2.899,0.0,0.0001510842516885887
text+audio_text_ln_lrh0.001_frozen_e5_s43,2701,5,1.39471,4.0676,0.0,0.00015072875933167437
text+audio_text_ln_lrh0.001_frozen_e5_s43,2702,5,0.74525,2.3727,0.0,0.00015037326697476007
text+audio_text_ln_lrh0.001_frozen_e5_s43,2703,5,0.92194,2.9674,0.0,0.0001500177746178457
text+audio_text_ln_lrh0.001_frozen_e5_s43,2704,5,0.7165,2.8828,0.0,0.0001496622822609314
text+audio_text_ln_lrh0.001_frozen_e5_s43,2705,5,0.72639,2.7949,0.0,0.00014930678990401704
text+audio_text_ln_lrh0.001_frozen_e5_s43,2706,5,0.86259,3.2361,0.0,0.00014895129754710274
text+audio_text_ln_lrh0.001_frozen_e5_s43,2707,5,1.11172,3.2821,0.0,0.00014859580519018843
text+audio_text_ln_lrh0.001_frozen_e5_s43,2708,5,1.07012,2.7571,0.0,0.00014824031283327407
text+audio_text_ln_lrh0.001_frozen_e5_s43,2709,5,0.9743,3.3198,0.0,0.00014788482047635977
text+audio_text_ln_lrh0.001_frozen_e5_s43,2710,5,0.97945,2.3631,0.0,0.00014752932811944544
text+audio_text_ln_lrh0.001_frozen_e5_s43,2711,5,0.50739,1.793,0.0,0.0001471738357625311
text+audio_text_ln_lrh0.001_frozen_e5_s43,2712,5,0.87261,2.942,0.0,0.00014681834340561677
text+audio_text_ln_lrh0.001_frozen_e5_s43,2713,5,1.10741,3.4551,0.0,0.00014646285104870247
text+audio_text_ln_lrh0.001_frozen_e5_s43,2714,5,1.0553,3.3306,0.0,0.00014610735869178813
text+audio_text_ln_lrh0.001_frozen_e5_s43,2715,5,1.24709,4.8517,0.0,0.0001457518663348738
text+audio_text_ln_lrh0.001_frozen_e5_s43,2716,5,0.70184,2.072,0.0,0.0001453963739779595
text+audio_text_ln_lrh0.001_frozen_e5_s43,2717,5,1.63151,4.8162,0.0,0.00014504088162104514
text+audio_text_ln_lrh0.001_frozen_e5_s43,2718,5,0.49555,2.8356,0.0,0.00014468538926413083
text+audio_text_ln_lrh0.001_frozen_e5_s43,2719,5,1.05797,2.5636,0.0,0.00014432989690721647
text+audio_text_ln_lrh0.001_frozen_e5_s43,2720,5,0.98592,4.7863,0.0,0.00014397440455030217
text+audio_text_ln_lrh0.001_frozen_e5_s43,2721,5,1.05572,2.341,0.0,0.00014361891219338786
text+audio_text_ln_lrh0.001_frozen_e5_s43,2722,5,1.03602,2.6719,0.0,0.0001432634198364735
text+audio_text_ln_lrh0.001_frozen_e5_s43,2723,5,0.97859,4.1069,0.0,0.0001429079274795592
text+audio_text_ln_lrh0.001_frozen_e5_s43,2724,5,0.9294,2.4254,0.0,0.00014255243512264486
text+audio_text_ln_lrh0.001_frozen_e5_s43,2725,5,1.3675,4.2028,0.0,0.00014219694276573053
text+audio_text_ln_lrh0.001_frozen_e5_s43,2726,5,0.752,2.7101,0.0,0.00014184145040881623
text+audio_text_ln_lrh0.001_frozen_e5_s43,2727,5,1.20921,3.9026,0.0,0.0001414859580519019
text+audio_text_ln_lrh0.001_frozen_e5_s43,2728,5,1.31875,3.3261,0.0,0.00014113046569498756
text+audio_text_ln_lrh0.001_frozen_e5_s43,2729,5,1.00753,3.9734,0.0,0.00014077497333807323
text+audio_text_ln_lrh0.001_frozen_e5_s43,2730,5,1.06298,3.7716,0.0,0.00014041948098115893
text+audio_text_ln_lrh0.001_frozen_e5_s43,2731,5,1.35597,4.2066,0.0,0.00014006398862424457
text+audio_text_ln_lrh0.001_frozen_e5_s43,2732,5,1.29228,3.051,0.0,0.00013970849626733026
text+audio_text_ln_lrh0.001_frozen_e5_s43,2733,5,0.96633,3.1726,0.0,0.00013935300391041593
text+audio_text_ln_lrh0.001_frozen_e5_s43,2734,5,1.16198,3.2772,0.0,0.0001389975115535016
text+audio_text_ln_lrh0.001_frozen_e5_s43,2735,5,0.80743,3.1925,0.0,0.0001386420191965873
text+audio_text_ln_lrh0.001_frozen_e5_s43,2736,5,0.92629,3.6585,0.0,0.00013828652683967293
text+audio_text_ln_lrh0.001_frozen_e5_s43,2737,5,0.99549,2.4644,0.0,0.00013793103448275863
text+audio_text_ln_lrh0.001_frozen_e5_s43,2738,5,1.0511,3.6196,0.0,0.0001375755421258443
text+audio_text_ln_lrh0.001_frozen_e5_s43,2739,5,0.91675,3.5695,0.0,0.00013722004976892996
text+audio_text_ln_lrh0.001_frozen_e5_s43,2740,5,0.94372,4.4631,0.0,0.00013686455741201566
text+audio_text_ln_lrh0.001_frozen_e5_s43,2741,5,1.07804,2.7842,0.0,0.00013650906505510132
text+audio_text_ln_lrh0.001_frozen_e5_s43,2742,5,0.87756,3.139,0.0,0.000136153572698187
text+audio_text_ln_lrh0.001_frozen_e5_s43,2743,5,1.00397,2.947,0.0,0.00013579808034127266
text+audio_text_ln_lrh0.001_frozen_e5_s43,2744,5,0.52938,3.0877,0.0,0.00013544258798435835
text+audio_text_ln_lrh0.001_frozen_e5_s43,2745,5,1.31231,3.6622,0.0,0.000135087095627444
text+audio_text_ln_lrh0.001_frozen_e5_s43,2746,5,1.00396,3.225,0.0,0.0001347316032705297
text+audio_text_ln_lrh0.001_frozen_e5_s43,2747,5,1.42011,3.183,0.0,0.00013437611091361538
text+audio_text_ln_lrh0.001_frozen_e5_s43,2748,5,0.85618,2.4496,0.0,0.00013402061855670103
text+audio_text_ln_lrh0.001_frozen_e5_s43,2749,5,0.89561,3.6215,0.0,0.00013366512619978672
text+audio_text_ln_lrh0.001_frozen_e5_s43,2750,5,1.23731,3.6136,0.0,0.00013330963384287236
text+audio_text_ln_lrh0.001_frozen_e5_s43,2751,5,1.05938,3.0807,0.0,0.00013295414148595806
text+audio_text_ln_lrh0.001_frozen_e5_s43,2752,5,0.73521,2.4773,0.0,0.00013259864912904372
text+audio_text_ln_lrh0.001_frozen_e5_s43,2753,5,0.99807,2.6345,0.0,0.0001322431567721294
text+audio_text_ln_lrh0.001_frozen_e5_s43,2754,5,0.88689,3.4073,0.0,0.00013188766441521509
text+audio_text_ln_lrh0.001_frozen_e5_s43,2755,5,0.99954,2.4936,0.0,0.00013153217205830075
text+audio_text_ln_lrh0.001_frozen_e5_s43,2756,5,1.0723,3.5981,0.0,0.00013117667970138642
text+audio_text_ln_lrh0.001_frozen_e5_s43,2757,5,0.78135,2.7726,0.0,0.0001308211873444721
text+audio_text_ln_lrh0.001_frozen_e5_s43,2758,5,1.29766,3.1847,0.0,0.00013046569498755778
text+audio_text_ln_lrh0.001_frozen_e5_s43,2759,5,0.65642,3.2706,0.0,0.00013011020263064342
text+audio_text_ln_lrh0.001_frozen_e5_s43,2760,5,1.19583,3.7715,0.0,0.00012975471027372912
text+audio_text_ln_lrh0.001_frozen_e5_s43,2761,5,0.79499,2.2168,0.0,0.00012939921791681481
text+audio_text_ln_lrh0.001_frozen_e5_s43,2762,5,0.91055,3.0806,0.0,0.00012904372555990045
text+audio_text_ln_lrh0.001_frozen_e5_s43,2763,5,0.92771,2.7367,0.0,0.00012868823320298615
text+audio_text_ln_lrh0.001_frozen_e5_s43,2764,5,0.84475,3.4968,0.0,0.0001283327408460718
text+audio_text_ln_lrh0.001_frozen_e5_s43,2765,5,0.93817,4.9094,0.0,0.00012797724848915748
text+audio_text_ln_lrh0.001_frozen_e5_s43,2766,5,1.64074,4.5676,0.0,0.00012762175613224318
text+audio_text_ln_lrh0.001_frozen_e5_s43,2767,5,0.89316,2.6022,0.0,0.00012726626377532882
text+audio_text_ln_lrh0.001_frozen_e5_s43,2768,5,0.67688,2.3801,0.0,0.00012691077141841451
text+audio_text_ln_lrh0.001_frozen_e5_s43,2769,5,1.55117,5.2712,0.0,0.00012655527906150018
text+audio_text_ln_lrh0.001_frozen_e5_s43,2770,5,0.92753,4.1635,0.0,0.00012619978670458585
text+audio_text_ln_lrh0.001_frozen_e5_s43,2771,5,1.03576,2.6401,0.0,0.00012584429434767152
text+audio_text_ln_lrh0.001_frozen_e5_s43,2772,5,1.13411,3.1426,0.0,0.0001254888019907572
text+audio_text_ln_lrh0.001_frozen_e5_s43,2773,5,1.49048,4.1739,0.0,0.00012513330963384288
text+audio_text_ln_lrh0.001_frozen_e5_s43,2774,5,0.78007,2.3729,0.0,0.00012477781727692855
text+audio_text_ln_lrh0.001_frozen_e5_s43,2775,5,0.76952,2.6905,0.0,0.00012442232492001422
text+audio_text_ln_lrh0.001_frozen_e5_s43,2776,5,0.96297,2.4635,0.0,0.00012406683256309988
text+audio_text_ln_lrh0.001_frozen_e5_s43,2777,5,0.70554,2.7436,0.0,0.00012371134020618558
text+audio_text_ln_lrh0.001_frozen_e5_s43,2778,5,1.20812,3.8458,0.0,0.00012335584784927125
text+audio_text_ln_lrh0.001_frozen_e5_s43,2779,5,0.84077,2.633,0.0,0.00012300035549235691
text+audio_text_ln_lrh0.001_frozen_e5_s43,2780,5,1.22603,5.1949,0.0,0.0001226448631354426
text+audio_text_ln_lrh0.001_frozen_e5_s43,2781,5,0.98221,5.029,0.0,0.00012228937077852828
text+audio_text_ln_lrh0.001_frozen_e5_s43,2782,5,1.00047,3.05,0.0,0.00012193387842161393
text+audio_text_ln_lrh0.001_frozen_e5_s43,2783,5,1.2496,4.3293,0.0,0.00012157838606469961
text+audio_text_ln_lrh0.001_frozen_e5_s43,2784,5,0.72378,2.7408,0.0,0.00012122289370778529
text+audio_text_ln_lrh0.001_frozen_e5_s43,2785,5,0.62216,3.6334,0.0,0.00012086740135087096
text+audio_text_ln_lrh0.001_frozen_e5_s43,2786,5,0.76988,2.4329,0.0,0.00012051190899395663
text+audio_text_ln_lrh0.001_frozen_e5_s43,2787,5,0.80846,3.997,0.0,0.00012015641663704231
text+audio_text_ln_lrh0.001_frozen_e5_s43,2788,5,0.84042,2.867,0.0,0.00011980092428012798
text+audio_text_ln_lrh0.001_frozen_e5_s43,2789,5,1.04534,2.9591,0.0,0.00011944543192321365
text+audio_text_ln_lrh0.001_frozen_e5_s43,2790,5,0.82299,2.8981,0.0,0.00011908993956629933
text+audio_text_ln_lrh0.001_frozen_e5_s43,2791,5,0.89102,2.3347,0.0,0.00011873444720938501
text+audio_text_ln_lrh0.001_frozen_e5_s43,2792,5,0.95048,2.7356,0.0,0.00011837895485247068
text+audio_text_ln_lrh0.001_frozen_e5_s43,2793,5,0.84452,2.8055,0.0,0.00011802346249555634
text+audio_text_ln_lrh0.001_frozen_e5_s43,2794,5,0.78485,2.3293,0.0,0.00011766797013864202
text+audio_text_ln_lrh0.001_frozen_e5_s43,2795,5,0.58824,2.0803,0.0,0.00011731247778172769
text+audio_text_ln_lrh0.001_frozen_e5_s43,2796,5,1.23603,3.2163,0.0,0.00011695698542481337
text+audio_text_ln_lrh0.001_frozen_e5_s43,2797,5,0.67587,3.1622,0.0,0.00011660149306789904
text+audio_text_ln_lrh0.001_frozen_e5_s43,2798,5,1.21805,3.0242,0.0,0.00011624600071098472
text+audio_text_ln_lrh0.001_frozen_e5_s43,2799,5,0.77006,2.7972,0.0,0.00011589050835407039
text+audio_text_ln_lrh0.001_frozen_e5_s43,2800,5,1.21947,2.6214,0.0,0.00011553501599715606
text+audio_text_ln_lrh0.001_frozen_e5_s43,2801,5,0.93629,2.938,0.0,0.00011517952364024174
text+audio_text_ln_lrh0.001_frozen_e5_s43,2802,5,1.09491,3.1632,0.0,0.0001148240312833274
text+audio_text_ln_lrh0.001_frozen_e5_s43,2803,5,1.09739,2.9164,0.0,0.00011446853892641309
text+audio_text_ln_lrh0.001_frozen_e5_s43,2804,5,1.06805,3.3378,0.0,0.00011411304656949876
text+audio_text_ln_lrh0.001_frozen_e5_s43,2805,5,1.52844,2.8016,0.0,0.00011375755421258444
text+audio_text_ln_lrh0.001_frozen_e5_s43,2806,5,1.32285,4.4156,0.0,0.0001134020618556701
text+audio_text_ln_lrh0.001_frozen_e5_s43,2807,5,0.9464,3.2964,0.0,0.00011304656949875577
text+audio_text_ln_lrh0.001_frozen_e5_s43,2808,5,0.90676,2.936,0.0,0.00011269107714184145
text+audio_text_ln_lrh0.001_frozen_e5_s43,2809,5,0.96922,2.6608,0.0,0.00011233558478492712
text+audio_text_ln_lrh0.001_frozen_e5_s43,2810,5,0.82763,2.5933,0.0,0.0001119800924280128
text+audio_text_ln_lrh0.001_frozen_e5_s43,2811,5,1.18904,3.1882,0.0,0.00011162460007109847
text+audio_text_ln_lrh0.001_frozen_e5_s43,2812,5,1.41856,3.887,0.0,0.00011126910771418415
text+audio_text_ln_lrh0.001_frozen_e5_s43,2813,5,0.95183,3.6968,0.0,0.00011091361535726982
text+audio_text_ln_lrh0.001_frozen_e5_s43,2814,5,0.98367,3.4769,0.0,0.00011055812300035549
text+audio_text_ln_lrh0.001_frozen_e5_s43,2815,5,1.39403,3.5173,0.0,0.00011020263064344117
text+audio_text_ln_lrh0.001_frozen_e5_s43,2816,5,0.74319,3.3085,0.0,0.00010984713828652685
text+audio_text_ln_lrh0.001_frozen_e5_s43,2817,5,1.10381,3.8156,0.0,0.00010949164592961252
text+audio_text_ln_lrh0.001_frozen_e5_s43,2818,5,0.7109,2.6466,0.0,0.00010913615357269818
text+audio_text_ln_lrh0.001_frozen_e5_s43,2819,5,1.3498,3.4215,0.0,0.00010878066121578387
text+audio_text_ln_lrh0.001_frozen_e5_s43,2820,5,0.74866,2.2744,0.0,0.00010842516885886953
text+audio_text_ln_lrh0.001_frozen_e5_s43,2821,5,1.05182,3.0648,0.0,0.0001080696765019552
text+audio_text_ln_lrh0.001_frozen_e5_s43,2822,5,1.2535,2.8011,0.0,0.00010771418414504088
text+audio_text_ln_lrh0.001_frozen_e5_s43,2823,5,1.42802,3.7315,0.0,0.00010735869178812656
text+audio_text_ln_lrh0.001_frozen_e5_s43,2824,5,0.75573,3.5791,0.0,0.00010700319943121223
text+audio_text_ln_lrh0.001_frozen_e5_s43,2825,5,0.7707,2.7867,0.0,0.00010664770707429791
text+audio_text_ln_lrh0.001_frozen_e5_s43,2826,5,0.8935,2.981,0.0,0.00010629221471738358
text+audio_text_ln_lrh0.001_frozen_e5_s43,2827,5,0.95417,2.9751,0.0,0.00010593672236046925
text+audio_text_ln_lrh0.001_frozen_e5_s43,2828,5,1.18189,4.802,0.0,0.00010558123000355492
text+audio_text_ln_lrh0.001_frozen_e5_s43,2829,5,1.81833,5.6793,0.0,0.0001052257376466406
text+audio_text_ln_lrh0.001_frozen_e5_s43,2830,5,1.20638,3.5431,0.0,0.00010487024528972628
text+audio_text_ln_lrh0.001_frozen_e5_s43,2831,5,1.16789,4.2995,0.0,0.00010451475293281195
text+audio_text_ln_lrh0.001_frozen_e5_s43,2832,5,1.12016,2.8354,0.0,0.00010415926057589763
text+audio_text_ln_lrh0.001_frozen_e5_s43,2833,5,0.57744,2.4307,0.0,0.0001038037682189833
text+audio_text_ln_lrh0.001_frozen_e5_s43,2834,5,0.9135,2.5743,0.0,0.00010344827586206896
text+audio_text_ln_lrh0.001_frozen_e5_s43,2835,5,1.32576,3.7183,0.0,0.00010309278350515463
text+audio_text_ln_lrh0.001_frozen_e5_s43,2836,5,1.08639,2.8346,0.0,0.00010273729114824033
text+audio_text_ln_lrh0.001_frozen_e5_s43,2837,5,1.1566,3.4898,0.0,0.00010238179879132599
text+audio_text_ln_lrh0.001_frozen_e5_s43,2838,5,0.54535,2.9699,0.0,0.00010202630643441166
text+audio_text_ln_lrh0.001_frozen_e5_s43,2839,5,0.9279,2.9974,0.0,0.00010167081407749734
text+audio_text_ln_lrh0.001_frozen_e5_s43,2840,5,0.63161,3.4563,0.0,0.00010131532172058301
text+audio_text_ln_lrh0.001_frozen_e5_s43,2841,5,1.48496,4.7277,0.0,0.00010095982936366868
text+audio_text_ln_lrh0.001_frozen_e5_s43,2842,5,1.02302,2.534,0.0,0.00010060433700675435
text+audio_text_ln_lrh0.001_frozen_e5_s43,2843,5,0.9435,3.192,0.0,0.00010024884464984004
text+audio_text_ln_lrh0.001_frozen_e5_s43,2844,5,0.75459,4.9463,0.0,9.989335229292571e-05
text+audio_text_ln_lrh0.001_frozen_e5_s43,2845,5,0.90656,4.3855,0.0,9.953785993601138e-05
text+audio_text_ln_lrh0.001_frozen_e5_s43,2846,5,1.45119,3.288,0.0,9.918236757909706e-05
text+audio_text_ln_lrh0.001_frozen_e5_s43,2847,5,1.25738,4.1632,0.0,9.882687522218272e-05
text+audio_text_ln_lrh0.001_frozen_e5_s43,2848,5,1.26201,3.9055,0.0,9.847138286526839e-05
text+audio_text_ln_lrh0.001_frozen_e5_s43,2849,5,1.03794,3.1908,0.0,9.811589050835406e-05
text+audio_text_ln_lrh0.001_frozen_e5_s43,2850,5,1.14587,3.1818,0.0,9.776039815143975e-05
text+audio_text_ln_lrh0.001_frozen_e5_s43,2851,5,0.97279,4.4188,0.0,9.740490579452542e-05
text+audio_text_ln_lrh0.001_frozen_e5_s43,2852,5,0.94623,2.4649,0.0,9.704941343761109e-05
text+audio_text_ln_lrh0.001_frozen_e5_s43,2853,5,0.88784,2.3708,0.0,9.669392108069677e-05
text+audio_text_ln_lrh0.001_frozen_e5_s43,2854,5,0.63832,2.4665,0.0,9.633842872378244e-05
text+audio_text_ln_lrh0.001_frozen_e5_s43,2855,5,1.1694,3.0316,0.0,9.598293636686811e-05
text+audio_text_ln_lrh0.001_frozen_e5_s43,2856,5,1.20124,3.3649,0.0,9.562744400995379e-05
text+audio_text_ln_lrh0.001_frozen_e5_s43,2857,5,0.80894,2.4499,0.0,9.527195165303947e-05
text+audio_text_ln_lrh0.001_frozen_e5_s43,2858,5,1.41431,3.5066,0.0,9.491645929612514e-05
text+audio_text_ln_lrh0.001_frozen_e5_s43,2859,5,0.78354,2.3851,0.0,9.45609669392108e-05
text+audio_text_ln_lrh0.001_frozen_e5_s43,2860,5,1.25367,2.7591,0.0,9.420547458229649e-05
text+audio_text_ln_lrh0.001_frozen_e5_s43,2861,5,0.98389,2.9865,0.0,9.384998222538215e-05
text+audio_text_ln_lrh0.001_frozen_e5_s43,2862,5,1.42438,4.2286,0.0,9.349448986846782e-05
text+audio_text_ln_lrh0.001_frozen_e5_s43,2863,5,0.91198,3.5316,0.0,9.31389975115535e-05
text+audio_text_ln_lrh0.001_frozen_e5_s43,2864,5,1.22212,4.5293,0.0,9.278350515463918e-05
text+audio_text_ln_lrh0.001_frozen_e5_s43,2865,5,0.90646,2.6243,0.0,9.242801279772485e-05
text+audio_text_ln_lrh0.001_frozen_e5_s43,2866,5,0.92444,2.794,0.0,9.207252044081052e-05
text+audio_text_ln_lrh0.001_frozen_e5_s43,2867,5,1.2748,3.2443,0.0,9.17170280838962e-05
text+audio_text_ln_lrh0.001_frozen_e5_s43,2868,5,1.56841,3.7072,0.0,9.136153572698187e-05
text+audio_text_ln_lrh0.001_frozen_e5_s43,2869,5,1.27302,3.0698,0.0,9.100604337006754e-05
text+audio_text_ln_lrh0.001_frozen_e5_s43,2870,5,0.89254,2.9638,0.0,9.065055101315322e-05
text+audio_text_ln_lrh0.001_frozen_e5_s43,2871,5,0.84145,3.0781,0.0,9.02950586562389e-05
text+audio_text_ln_lrh0.001_frozen_e5_s43,2872,5,1.40435,4.2895,0.0,8.993956629932457e-05
text+audio_text_ln_lrh0.001_frozen_e5_s43,2873,5,0.81991,3.2388,0.0,8.958407394241023e-05
text+audio_text_ln_lrh0.001_frozen_e5_s43,2874,5,0.69875,2.3928,0.0,8.922858158549592e-05
text+audio_text_ln_lrh0.001_frozen_e5_s43,2875,5,1.1761,4.8362,0.0,8.887308922858158e-05
text+audio_text_ln_lrh0.001_frozen_e5_s43,2876,5,1.127,4.1754,0.0,8.851759687166726e-05
text+audio_text_ln_lrh0.001_frozen_e5_s43,2877,5,1.43114,3.0708,0.0,8.816210451475295e-05
text+audio_text_ln_lrh0.001_frozen_e5_s43,2878,5,0.72619,2.4516,0.0,8.780661215783861e-05
text+audio_text_ln_lrh0.001_frozen_e5_s43,2879,5,0.8675,2.5143,0.0,8.745111980092428e-05
text+audio_text_ln_lrh0.001_frozen_e5_s43,2880,5,1.33762,4.8651,0.0,8.709562744400995e-05
text+audio_text_ln_lrh0.001_frozen_e5_s43,2881,5,0.89521,3.8093,0.0,8.674013508709563e-05
text+audio_text_ln_lrh0.001_frozen_e5_s43,2882,5,0.74089,3.8065,0.0,8.63846427301813e-05
text+audio_text_ln_lrh0.001_frozen_e5_s43,2883,5,0.68796,2.6686,0.0,8.602915037326698e-05
text+audio_text_ln_lrh0.001_frozen_e5_s43,2884,5,1.12207,3.1897,0.0,8.567365801635266e-05
text+audio_text_ln_lrh0.001_frozen_e5_s43,2885,5,0.99056,2.7731,0.0,8.531816565943833e-05
text+audio_text_ln_lrh0.001_frozen_e5_s43,2886,5,0.83881,3.3954,0.0,8.4962673302524e-05
text+audio_text_ln_lrh0.001_frozen_e5_s43,2887,5,1.23213,3.1637,0.0,8.460718094560966e-05
text+audio_text_ln_lrh0.001_frozen_e5_s43,2888,5,1.18661,4.9356,0.0,8.425168858869534e-05
text+audio_text_ln_lrh0.001_frozen_e5_s43,2889,5,0.70081,3.1941,0.0,8.389619623178103e-05
text+audio_text_ln_lrh0.001_frozen_e5_s43,2890,5,1.18766,2.7623,0.0,8.35407038748667e-05
text+audio_text_ln_lrh0.001_frozen_e5_s43,2891,5,1.20296,3.3653,0.0,8.318521151795237e-05
text+audio_text_ln_lrh0.001_frozen_e5_s43,2892,5,0.58239,2.5618,0.0,8.282971916103804e-05
text+audio_text_ln_lrh0.001_frozen_e5_s43,2893,5,0.75094,3.4282,0.0,8.247422680412371e-05
text+audio_text_ln_lrh0.001_frozen_e5_s43,2894,5,0.67561,2.2906,0.0,8.211873444720938e-05
text+audio_text_ln_lrh0.001_frozen_e5_s43,2895,5,0.73319,2.8358,0.0,8.176324209029506e-05
text+audio_text_ln_lrh0.001_frozen_e5_s43,2896,5,0.99431,3.4822,0.0,8.140774973338074e-05
text+audio_text_ln_lrh0.001_frozen_e5_s43,2897,5,1.14708,2.7093,0.0,8.105225737646641e-05
text+audio_text_ln_lrh0.001_frozen_e5_s43,2898,5,1.18888,4.6193,0.0,8.069676501955209e-05
text+audio_text_ln_lrh0.001_frozen_e5_s43,2899,5,1.41482,3.4071,0.0,8.034127266263776e-05
text+audio_text_ln_lrh0.001_frozen_e5_s43,2900,5,1.36306,3.4581,0.0,7.998578030572342e-05
text+audio_text_ln_lrh0.001_frozen_e5_s43,2901,5,0.94949,2.9287,0.0,7.963028794880909e-05
text+audio_text_ln_lrh0.001_frozen_e5_s43,2902,5,1.2253,3.5778,0.0,7.927479559189477e-05
text+audio_text_ln_lrh0.001_frozen_e5_s43,2903,5,1.00743,3.8514,0.0,7.891930323498045e-05
text+audio_text_ln_lrh0.001_frozen_e5_s43,2904,5,0.97666,2.3653,0.0,7.856381087806612e-05
text+audio_text_ln_lrh0.001_frozen_e5_s43,2905,5,0.78998,3.1967,0.0,7.82083185211518e-05
text+audio_text_ln_lrh0.001_frozen_e5_s43,2906,5,1.50483,4.9194,0.0,7.785282616423747e-05
text+audio_text_ln_lrh0.001_frozen_e5_s43,2907,5,1.14071,2.9816,0.0,7.749733380732314e-05
text+audio_text_ln_lrh0.001_frozen_e5_s43,2908,5,1.17109,3.7682,0.0,7.714184145040881e-05
text+audio_text_ln_lrh0.001_frozen_e5_s43,2909,5,1.84582,5.6589,0.0,7.67863490934945e-05
text+audio_text_ln_lrh0.001_frozen_e5_s43,2910,5,1.07308,3.6037,0.0,7.643085673658017e-05
text+audio_text_ln_lrh0.001_frozen_e5_s43,2911,5,0.76904,4.7577,0.0,7.607536437966584e-05
text+audio_text_ln_lrh0.001_frozen_e5_s43,2912,5,1.10245,3.3779,0.0,7.571987202275152e-05
text+audio_text_ln_lrh0.001_frozen_e5_s43,2913,5,1.46112,3.2126,0.0,7.536437966583719e-05
text+audio_text_ln_lrh0.001_frozen_e5_s43,2914,5,1.02849,2.5616,0.0,7.500888730892285e-05
text+audio_text_ln_lrh0.001_frozen_e5_s43,2915,5,0.82389,4.0691,0.0,7.465339495200852e-05
text+audio_text_ln_lrh0.001_frozen_e5_s43,2916,5,0.94558,3.2391,0.0,7.429790259509422e-05
text+audio_text_ln_lrh0.001_frozen_e5_s43,2917,5,1.05822,4.0804,0.0,7.394241023817988e-05
text+audio_text_ln_lrh0.001_frozen_e5_s43,2918,5,0.8054,3.3867,0.0,7.358691788126555e-05
text+audio_text_ln_lrh0.001_frozen_e5_s43,2919,5,1.26708,3.7789,0.0,7.323142552435123e-05
text+audio_text_ln_lrh0.001_frozen_e5_s43,2920,5,1.47888,4.2613,0.0,7.28759331674369e-05
text+audio_text_ln_lrh0.001_frozen_e5_s43,2921,5,1.29683,3.226,0.0,7.252044081052257e-05
text+audio_text_ln_lrh0.001_frozen_e5_s43,2922,5,0.68432,3.5066,0.0,7.216494845360824e-05
text+audio_text_ln_lrh0.001_frozen_e5_s43,2923,5,1.53038,3.0939,0.0,7.180945609669393e-05
text+audio_text_ln_lrh0.001_frozen_e5_s43,2924,5,1.08902,4.3312,0.0,7.14539637397796e-05
text+audio_text_ln_lrh0.001_frozen_e5_s43,2925,5,1.29918,3.9053,0.0,7.109847138286527e-05
text+audio_text_ln_lrh0.001_frozen_e5_s43,2926,5,1.36559,3.0755,0.0,7.074297902595095e-05
text+audio_text_ln_lrh0.001_frozen_e5_s43,2927,5,0.666,2.9776,0.0,7.038748666903662e-05
text+audio_text_ln_lrh0.001_frozen_e5_s43,2928,5,0.62005,2.3125,0.0,7.003199431212228e-05
text+audio_text_ln_lrh0.001_frozen_e5_s43,2929,5,1.86085,4.0081,0.0,6.967650195520796e-05
text+audio_text_ln_lrh0.001_frozen_e5_s43,2930,5,0.94639,4.5833,0.0,6.932100959829365e-05
text+audio_text_ln_lrh0.001_frozen_e5_s43,2931,5,1.02994,2.5628,0.0,6.896551724137931e-05
text+audio_text_ln_lrh0.001_frozen_e5_s43,2932,5,0.85968,3.5764,0.0,6.861002488446498e-05
text+audio_text_ln_lrh0.001_frozen_e5_s43,2933,5,1.15594,3.2354,0.0,6.825453252755066e-05
text+audio_text_ln_lrh0.001_frozen_e5_s43,2934,5,1.22818,3.307,0.0,6.789904017063633e-05
text+audio_text_ln_lrh0.001_frozen_e5_s43,2935,5,0.93915,2.492,0.0,6.7543547813722e-05
text+audio_text_ln_lrh0.001_frozen_e5_s43,2936,5,1.23925,4.111,0.0,6.718805545680769e-05
text+audio_text_ln_lrh0.001_frozen_e5_s43,2937,5,1.26106,3.4122,0.0,6.683256309989336e-05
text+audio_text_ln_lrh0.001_frozen_e5_s43,2938,5,0.93767,3.6275,0.0,6.647707074297903e-05
text+audio_text_ln_lrh0.001_frozen_e5_s43,2939,5,1.06961,3.6078,0.0,6.61215783860647e-05
text+audio_text_ln_lrh0.001_frozen_e5_s43,2940,5,1.35831,4.4528,0.0,6.576608602915038e-05
text+audio_text_ln_lrh0.001_frozen_e5_s43,2941,5,0.7063,2.6506,0.0,6.541059367223604e-05
text+audio_text_ln_lrh0.001_frozen_e5_s43,2942,5,0.95089,3.4494,0.0,6.505510131532171e-05
text+audio_text_ln_lrh0.001_frozen_e5_s43,2943,5,1.18626,3.4432,0.0,6.469960895840741e-05
text+audio_text_ln_lrh0.001_frozen_e5_s43,2944,5,1.06353,3.8703,0.0,6.434411660149307e-05
text+audio_text_ln_lrh0.001_frozen_e5_s43,2945,5,0.64797,2.2301,0.0,6.398862424457874e-05
text+audio_text_ln_lrh0.001_frozen_e5_s43,2946,5,0.81734,2.821,0.0,6.363313188766441e-05
text+audio_text_ln_lrh0.001_frozen_e5_s43,2947,5,1.07348,2.5015,0.0,6.327763953075009e-05
text+audio_text_ln_lrh0.001_frozen_e5_s43,2948,5,0.6966,2.9157,0.0,6.292214717383576e-05
text+audio_text_ln_lrh0.001_frozen_e5_s43,2949,5,0.91198,2.9603,0.0,6.256665481692144e-05
text+audio_text_ln_lrh0.001_frozen_e5_s43,2950,5,1.36843,3.0519,0.0,6.221116246000711e-05
text+audio_text_ln_lrh0.001_frozen_e5_s43,2951,5,1.08072,3.048,0.0,6.185567010309279e-05
text+audio_text_ln_lrh0.001_frozen_e5_s43,2952,5,1.50681,6.3482,0.0,6.150017774617846e-05
text+audio_text_ln_lrh0.001_frozen_e5_s43,2953,5,1.65234,5.0341,0.0,6.114468538926414e-05
text+audio_text_ln_lrh0.001_frozen_e5_s43,2954,5,1.03769,2.7213,0.0,6.0789193032349806e-05
text+audio_text_ln_lrh0.001_frozen_e5_s43,2955,5,1.31653,2.814,0.0,6.043370067543548e-05
text+audio_text_ln_lrh0.001_frozen_e5_s43,2956,5,0.91876,3.2883,0.0,6.0078208318521155e-05
text+audio_text_ln_lrh0.001_frozen_e5_s43,2957,5,1.19468,4.4771,0.0,5.972271596160682e-05
text+audio_text_ln_lrh0.001_frozen_e5_s43,2958,5,0.86084,3.2254,0.0,5.9367223604692504e-05
text+audio_text_ln_lrh0.001_frozen_e5_s43,2959,5,1.17298,3.6907,0.0,5.901173124777817e-05
text+audio_text_ln_lrh0.001_frozen_e5_s43,2960,5,0.95052,3.2684,0.0,5.8656238890863846e-05
text+audio_text_ln_lrh0.001_frozen_e5_s43,2961,5,0.94637,2.3421,0.0,5.830074653394952e-05
text+audio_text_ln_lrh0.001_frozen_e5_s43,2962,5,0.7726,3.3543,0.0,5.7945254177035195e-05
text+audio_text_ln_lrh0.001_frozen_e5_s43,2963,5,0.61945,2.6379,0.0,5.758976182012087e-05
text+audio_text_ln_lrh0.001_frozen_e5_s43,2964,5,1.39376,4.2697,0.0,5.7234269463206544e-05
text+audio_text_ln_lrh0.001_frozen_e5_s43,2965,5,0.97871,3.215,0.0,5.687877710629222e-05
text+audio_text_ln_lrh0.001_frozen_e5_s43,2966,5,1.03938,4.28,0.0,5.6523284749377886e-05
text+audio_text_ln_lrh0.001_frozen_e5_s43,2967,5,1.05853,5.4197,0.0,5.616779239246356e-05
text+audio_text_ln_lrh0.001_frozen_e5_s43,2968,5,0.70552,2.8646,0.0,5.5812300035549235e-05
text+audio_text_ln_lrh0.001_frozen_e5_s43,2969,5,0.89637,3.7978,0.0,5.545680767863491e-05
text+audio_text_ln_lrh0.001_frozen_e5_s43,2970,5,0.72961,2.8124,0.0,5.5101315321720584e-05
text+audio_text_ln_lrh0.001_frozen_e5_s43,2971,5,1.61687,4.7554,0.0,5.474582296480626e-05
text+audio_text_ln_lrh0.001_frozen_e5_s43,2972,5,1.35591,4.4688,0.0,5.439033060789193e-05
text+audio_text_ln_lrh0.001_frozen_e5_s43,2973,5,1.21995,3.4041,0.0,5.40348382509776e-05
text+audio_text_ln_lrh0.001_frozen_e5_s43,2974,5,1.24313,3.9209,0.0,5.367934589406328e-05
text+audio_text_ln_lrh0.001_frozen_e5_s43,2975,5,0.95428,2.6348,0.0,5.3323853537148956e-05
text+audio_text_ln_lrh0.001_frozen_e5_s43,2976,5,0.99956,3.4791,0.0,5.2968361180234624e-05
text+audio_text_ln_lrh0.001_frozen_e5_s43,2977,5,1.03827,3.7131,0.0,5.26128688233203e-05
text+audio_text_ln_lrh0.001_frozen_e5_s43,2978,5,0.48405,2.3221,0.0,5.225737646640597e-05
text+audio_text_ln_lrh0.001_frozen_e5_s43,2979,5,0.86411,3.2268,0.0,5.190188410949165e-05
text+audio_text_ln_lrh0.001_frozen_e5_s43,2980,5,0.87677,3.2425,0.0,5.1546391752577315e-05
text+audio_text_ln_lrh0.001_frozen_e5_s43,2981,5,0.5676,2.3383,0.0,5.1190899395662997e-05
text+audio_text_ln_lrh0.001_frozen_e5_s43,2982,5,0.87819,2.2401,0.0,5.083540703874867e-05
text+audio_text_ln_lrh0.001_frozen_e5_s43,2983,5,1.22073,3.7946,0.0,5.047991468183434e-05
text+audio_text_ln_lrh0.001_frozen_e5_s43,2984,5,1.17032,2.8467,0.0,5.012442232492002e-05
text+audio_text_ln_lrh0.001_frozen_e5_s43,2985,5,0.87435,3.3528,0.0,4.976892996800569e-05
text+audio_text_ln_lrh0.001_frozen_e5_s43,2986,5,1.40271,3.2807,0.0,4.941343761109136e-05
text+audio_text_ln_lrh0.001_frozen_e5_s43,2987,5,1.07946,2.6423,0.0,4.905794525417703e-05
text+audio_text_ln_lrh0.001_frozen_e5_s43,2988,5,1.02263,3.3388,0.0,4.870245289726271e-05
text+audio_text_ln_lrh0.001_frozen_e5_s43,2989,5,1.30791,3.0188,0.0,4.8346960540348386e-05
text+audio_text_ln_lrh0.001_frozen_e5_s43,2990,5,1.46217,3.2242,0.0,4.7991468183434053e-05
text+audio_text_ln_lrh0.001_frozen_e5_s43,2991,5,1.16007,3.1755,0.0,4.7635975826519735e-05
text+audio_text_ln_lrh0.001_frozen_e5_s43,2992,5,1.16412,3.8766,0.0,4.72804834696054e-05
text+audio_text_ln_lrh0.001_frozen_e5_s43,2993,5,0.97335,3.1976,0.0,4.692499111269108e-05
text+audio_text_ln_lrh0.001_frozen_e5_s43,2994,5,1.26835,4.4611,0.0,4.656949875577675e-05
text+audio_text_ln_lrh0.001_frozen_e5_s43,2995,5,0.83993,2.7336,0.0,4.6214006398862426e-05
text+audio_text_ln_lrh0.001_frozen_e5_s43,2996,5,0.4988,2.1452,0.0,4.58585140419481e-05
text+audio_text_ln_lrh0.001_frozen_e5_s43,2997,5,0.9147,2.7928,0.0,4.550302168503377e-05
text+audio_text_ln_lrh0.001_frozen_e5_s43,2998,5,1.27899,3.1101,0.0,4.514752932811945e-05
text+audio_text_ln_lrh0.001_frozen_e5_s43,2999,5,1.04304,3.8008,0.0,4.479203697120512e-05
text+audio_text_ln_lrh0.001_frozen_e5_s43,3000,5,0.9719,2.6217,0.0,4.443654461429079e-05
text+audio_text_ln_lrh0.001_frozen_e5_s43,3001,5,0.68624,2.0604,0.0,4.408105225737647e-05
text+audio_text_ln_lrh0.001_frozen_e5_s43,3002,5,1.02525,3.2926,0.0,4.372555990046214e-05
text+audio_text_ln_lrh0.001_frozen_e5_s43,3003,5,0.69301,3.5568,0.0,4.3370067543547815e-05
text+audio_text_ln_lrh0.001_frozen_e5_s43,3004,5,0.69624,2.4983,0.0,4.301457518663349e-05
text+audio_text_ln_lrh0.001_frozen_e5_s43,3005,5,1.1472,3.402,0.0,4.2659082829719164e-05
text+audio_text_ln_lrh0.001_frozen_e5_s43,3006,5,1.07566,4.0456,0.0,4.230359047280483e-05
text+audio_text_ln_lrh0.001_frozen_e5_s43,3007,5,1.46258,4.4994,0.0,4.194809811589051e-05
text+audio_text_ln_lrh0.001_frozen_e5_s43,3008,5,1.14945,3.2336,0.0,4.159260575897619e-05
text+audio_text_ln_lrh0.001_frozen_e5_s43,3009,5,0.91394,2.8357,0.0,4.1237113402061855e-05
text+audio_text_ln_lrh0.001_frozen_e5_s43,3010,5,0.8863,3.2339,0.0,4.088162104514753e-05
text+audio_text_ln_lrh0.001_frozen_e5_s43,3011,5,1.32105,2.9617,0.0,4.0526128688233204e-05
text+audio_text_ln_lrh0.001_frozen_e5_s43,3012,5,0.92819,2.8095,0.0,4.017063633131888e-05
text+audio_text_ln_lrh0.001_frozen_e5_s43,3013,5,0.82452,3.4602,0.0,3.9815143974404546e-05
text+audio_text_ln_lrh0.001_frozen_e5_s43,3014,5,0.77385,2.7821,0.0,3.945965161749023e-05
text+audio_text_ln_lrh0.001_frozen_e5_s43,3015,5,1.12723,3.8909,0.0,3.91041592605759e-05
text+audio_text_ln_lrh0.001_frozen_e5_s43,3016,5,1.14387,3.578,0.0,3.874866690366157e-05
text+audio_text_ln_lrh0.001_frozen_e5_s43,3017,5,1.09523,2.5574,0.0,3.839317454674725e-05
text+audio_text_ln_lrh0.001_frozen_e5_s43,3018,5,1.2663,4.4369,0.0,3.803768218983292e-05
text+audio_text_ln_lrh0.001_frozen_e5_s43,3019,5,0.97706,4.1625,0.0,3.768218983291859e-05
text+audio_text_ln_lrh0.001_frozen_e5_s43,3020,5,1.31911,3.4805,0.0,3.732669747600426e-05
text+audio_text_ln_lrh0.001_frozen_e5_s43,3021,5,0.72011,2.7117,0.0,3.697120511908994e-05
text+audio_text_ln_lrh0.001_frozen_e5_s43,3022,5,0.6758,2.7377,0.0,3.6615712762175616e-05
text+audio_text_ln_lrh0.001_frozen_e5_s43,3023,5,0.37933,2.8784,0.0,3.6260220405261284e-05
text+audio_text_ln_lrh0.001_frozen_e5_s43,3024,5,0.90728,3.4726,0.0,3.5904728048346965e-05
text+audio_text_ln_lrh0.001_frozen_e5_s43,3025,5,1.22672,4.6072,0.0,3.554923569143263e-05
text+audio_text_ln_lrh0.001_frozen_e5_s43,3026,5,0.75101,2.3941,0.0,3.519374333451831e-05
text+audio_text_ln_lrh0.001_frozen_e5_s43,3027,5,0.89874,2.7759,0.0,3.483825097760398e-05
text+audio_text_ln_lrh0.001_frozen_e5_s43,3028,5,0.78292,3.4411,0.0,3.4482758620689657e-05
text+audio_text_ln_lrh0.001_frozen_e5_s43,3029,5,1.05923,3.6363,0.0,3.412726626377533e-05
text+audio_text_ln_lrh0.001_frozen_e5_s43,3030,5,0.83996,2.4536,0.0,3.3771773906861e-05
text+audio_text_ln_lrh0.001_frozen_e5_s43,3031,5,1.46785,5.6546,0.0,3.341628154994668e-05
text+audio_text_ln_lrh0.001_frozen_e5_s43,3032,5,1.67646,3.6751,0.0,3.306078919303235e-05
text+audio_text_ln_lrh0.001_frozen_e5_s43,3033,5,0.87928,2.3647,0.0,3.270529683611802e-05
text+audio_text_ln_lrh0.001_frozen_e5_s43,3034,5,0.63228,2.7741,0.0,3.2349804479203703e-05
text+audio_text_ln_lrh0.001_frozen_e5_s43,3035,5,1.00151,3.0262,0.0,3.199431212228937e-05
text+audio_text_ln_lrh0.001_frozen_e5_s43,3036,5,0.83321,2.6936,0.0,3.1638819765375046e-05
text+audio_text_ln_lrh0.001_frozen_e5_s43,3037,5,1.10353,3.5419,0.0,3.128332740846072e-05
text+audio_text_ln_lrh0.001_frozen_e5_s43,3038,5,1.37572,4.279,0.0,3.0927835051546395e-05
text+audio_text_ln_lrh0.001_frozen_e5_s43,3039,5,1.4769,3.1901,0.0,3.057234269463207e-05
text+audio_text_ln_lrh0.001_frozen_e5_s43,3040,5,0.81023,3.1753,0.0,3.021685033771774e-05
text+audio_text_ln_lrh0.001_frozen_e5_s43,3041,5,1.19531,3.1416,0.0,2.986135798080341e-05
text+audio_text_ln_lrh0.001_frozen_e5_s43,3042,5,1.258,3.2432,0.0,2.9505865623889086e-05
text+audio_text_ln_lrh0.001_frozen_e5_s43,3043,5,1.15416,3.4569,0.0,2.915037326697476e-05
text+audio_text_ln_lrh0.001_frozen_e5_s43,3044,5,1.69777,4.2442,0.0,2.8794880910060435e-05
text+audio_text_ln_lrh0.001_frozen_e5_s43,3045,5,1.30011,3.6022,0.0,2.843938855314611e-05
text+audio_text_ln_lrh0.001_frozen_e5_s43,3046,5,1.04497,3.0857,0.0,2.808389619623178e-05
text+audio_text_ln_lrh0.001_frozen_e5_s43,3047,5,1.15841,3.5153,0.0,2.7728403839317455e-05
text+audio_text_ln_lrh0.001_frozen_e5_s43,3048,5,1.56234,3.6367,0.0,2.737291148240313e-05
text+audio_text_ln_lrh0.001_frozen_e5_s43,3049,5,0.80334,3.0026,0.0,2.70174191254888e-05
text+audio_text_ln_lrh0.001_frozen_e5_s43,3050,5,0.84772,2.7738,0.0,2.6661926768574478e-05
text+audio_text_ln_lrh0.001_frozen_e5_s43,3051,5,0.93204,2.9362,0.0,2.630643441166015e-05
text+audio_text_ln_lrh0.001_frozen_e5_s43,3052,5,0.88107,3.2476,0.0,2.5950942054745824e-05
text+audio_text_ln_lrh0.001_frozen_e5_s43,3053,5,0.85158,3.177,0.0,2.5595449697831498e-05
text+audio_text_ln_lrh0.001_frozen_e5_s43,3054,5,0.89006,2.8025,0.0,2.523995734091717e-05
text+audio_text_ln_lrh0.001_frozen_e5_s43,3055,5,1.20569,3.5395,0.0,2.4884464984002844e-05
text+audio_text_ln_lrh0.001_frozen_e5_s43,3056,5,1.05837,4.8864,0.0,2.4528972627088515e-05
text+audio_text_ln_lrh0.001_frozen_e5_s43,3057,5,1.08019,3.1456,0.0,2.4173480270174193e-05
text+audio_text_ln_lrh0.001_frozen_e5_s43,3058,5,0.90286,2.5943,0.0,2.3817987913259867e-05
text+audio_text_ln_lrh0.001_frozen_e5_s43,3059,5,0.96894,4.1309,0.0,2.346249555634554e-05
text+audio_text_ln_lrh0.001_frozen_e5_s43,3060,5,0.95053,4.6655,0.0,2.3107003199431213e-05
text+audio_text_ln_lrh0.001_frozen_e5_s43,3061,5,0.86433,2.227,0.0,2.2751510842516884e-05
text+audio_text_ln_lrh0.001_frozen_e5_s43,3062,5,0.88572,3.4194,0.0,2.239601848560256e-05
text+audio_text_ln_lrh0.001_frozen_e5_s43,3063,5,0.98065,4.6398,0.0,2.2040526128688236e-05
text+audio_text_ln_lrh0.001_frozen_e5_s43,3064,5,0.73383,2.6568,0.0,2.1685033771773907e-05
text+audio_text_ln_lrh0.001_frozen_e5_s43,3065,5,1.12296,3.8174,0.0,2.1329541414859582e-05
text+audio_text_ln_lrh0.001_frozen_e5_s43,3066,5,1.16719,3.2609,0.0,2.0974049057945256e-05
text+audio_text_ln_lrh0.001_frozen_e5_s43,3067,5,0.91089,2.8204,0.0,2.0618556701030927e-05
text+audio_text_ln_lrh0.001_frozen_e5_s43,3068,5,0.97975,3.1392,0.0,2.0263064344116602e-05
text+audio_text_ln_lrh0.001_frozen_e5_s43,3069,5,0.99067,3.5794,0.0,1.9907571987202273e-05
text+audio_text_ln_lrh0.001_frozen_e5_s43,3070,5,1.40022,4.5134,0.0,1.955207963028795e-05
text+audio_text_ln_lrh0.001_frozen_e5_s43,3071,5,1.20965,3.4869,0.0,1.9196587273373625e-05
text+audio_text_ln_lrh0.001_frozen_e5_s43,3072,5,0.97843,2.7378,0.0,1.8841094916459297e-05
text+audio_text_ln_lrh0.001_frozen_e5_s43,3073,5,0.72167,2.1936,0.0,1.848560255954497e-05
text+audio_text_ln_lrh0.001_frozen_e5_s43,3074,5,1.29776,3.3728,0.0,1.8130110202630642e-05
text+audio_text_ln_lrh0.001_frozen_e5_s43,3075,5,0.8176,2.8259,0.0,1.7774617845716317e-05
text+audio_text_ln_lrh0.001_frozen_e5_s43,3076,5,0.99786,2.6638,0.0,1.741912548880199e-05
text+audio_text_ln_lrh0.001_frozen_e5_s43,3077,5,1.14298,5.4967,0.0,1.7063633131887666e-05
text+audio_text_ln_lrh0.001_frozen_e5_s43,3078,5,1.05551,2.6918,0.0,1.670814077497334e-05
text+audio_text_ln_lrh0.001_frozen_e5_s43,3079,5,1.00869,3.5483,0.0,1.635264841805901e-05
text+audio_text_ln_lrh0.001_frozen_e5_s43,3080,5,0.94724,3.5476,0.0,1.5997156061144686e-05
text+audio_text_ln_lrh0.001_frozen_e5_s43,3081,5,0.92693,2.8404,0.0,1.564166370423036e-05
text+audio_text_ln_lrh0.001_frozen_e5_s43,3082,5,1.01085,3.3711,0.0,1.5286171347316035e-05
text+audio_text_ln_lrh0.001_frozen_e5_s43,3083,5,0.73772,2.7824,0.0,1.4930678990401706e-05
text+audio_text_ln_lrh0.001_frozen_e5_s43,3084,5,0.96691,2.6969,0.0,1.457518663348738e-05
text+audio_text_ln_lrh0.001_frozen_e5_s43,3085,5,1.12362,3.8271,0.0,1.4219694276573055e-05
text+audio_text_ln_lrh0.001_frozen_e5_s43,3086,5,0.902,2.834,0.0,1.3864201919658727e-05
text+audio_text_ln_lrh0.001_frozen_e5_s43,3087,5,1.19609,3.6682,0.0,1.35087095627444e-05
text+audio_text_ln_lrh0.001_frozen_e5_s43,3088,5,1.23278,4.3948,0.0,1.3153217205830075e-05
text+audio_text_ln_lrh0.001_frozen_e5_s43,3089,5,0.51473,2.4518,0.0,1.2797724848915749e-05
text+audio_text_ln_lrh0.001_frozen_e5_s43,3090,5,1.08682,3.3552,0.0,1.2442232492001422e-05
text+audio_text_ln_lrh0.001_frozen_e5_s43,3091,5,0.66409,3.6395,0.0,1.2086740135087096e-05
text+audio_text_ln_lrh0.001_frozen_e5_s43,3092,5,1.12194,3.0329,0.0,1.173124777817277e-05
text+audio_text_ln_lrh0.001_frozen_e5_s43,3093,5,0.93653,2.8027,0.0,1.1375755421258442e-05
text+audio_text_ln_lrh0.001_frozen_e5_s43,3094,5,1.05802,2.7982,0.0,1.1020263064344118e-05
text+audio_text_ln_lrh0.001_frozen_e5_s43,3095,5,1.39013,4.1986,0.0,1.0664770707429791e-05
text+audio_text_ln_lrh0.001_frozen_e5_s43,3096,5,1.14111,3.4278,0.0,1.0309278350515464e-05
text+audio_text_ln_lrh0.001_frozen_e5_s43,3097,5,0.90783,2.436,0.0,9.953785993601137e-06
text+audio_text_ln_lrh0.001_frozen_e5_s43,3098,5,0.9726,2.8084,0.0,9.598293636686813e-06
text+audio_text_ln_lrh0.001_frozen_e5_s43,3099,5,0.9339,3.9137,0.0,9.242801279772485e-06
text+audio_text_ln_lrh0.001_frozen_e5_s43,3100,5,0.96755,3.7351,0.0,8.887308922858158e-06
text+audio_text_ln_lrh0.001_frozen_e5_s43,3101,5,1.13411,2.9798,0.0,8.531816565943833e-06
text+audio_text_ln_lrh0.001_frozen_e5_s43,3102,5,0.50704,3.2308,0.0,8.176324209029506e-06
text+audio_text_ln_lrh0.001_frozen_e5_s43,3103,5,1.59073,4.3576,0.0,7.82083185211518e-06
text+audio_text_ln_lrh0.001_frozen_e5_s43,3104,5,1.21579,5.2557,0.0,7.465339495200853e-06
text+audio_text_ln_lrh0.001_frozen_e5_s43,3105,5,1.05269,2.7093,0.0,7.109847138286527e-06
text+audio_text_ln_lrh0.001_frozen_e5_s43,3106,5,1.23216,3.2386,0.0,6.7543547813722e-06
text+audio_text_ln_lrh0.001_frozen_e5_s43,3107,5,0.86673,2.6992,0.0,6.3988624244578746e-06
text+audio_text_ln_lrh0.001_frozen_e5_s43,3108,5,0.84522,2.9713,0.0,6.043370067543548e-06
text+audio_text_ln_lrh0.001_frozen_e5_s43,3109,5,1.11644,2.691,0.0,5.687877710629221e-06
text+audio_text_ln_lrh0.001_frozen_e5_s43,3110,5,0.70026,2.834,0.0,5.3323853537148955e-06
text+audio_text_ln_lrh0.001_frozen_e5_s43,3111,5,1.07609,2.5233,0.0,4.976892996800568e-06
text+audio_text_ln_lrh0.001_frozen_e5_s43,3112,5,0.96502,3.1592,0.0,4.621400639886243e-06
text+audio_text_ln_lrh0.001_frozen_e5_s43,3113,5,0.67758,2.964,0.0,4.265908282971916e-06
text+audio_text_ln_lrh0.001_frozen_e5_s43,3114,5,0.93012,3.4994,0.0,3.91041592605759e-06
text+audio_text_ln_lrh0.001_frozen_e5_s43,3115,5,1.08046,3.0912,0.0,3.5549235691432637e-06
text+audio_text_ln_lrh0.001_frozen_e5_s43,3116,5,0.73189,2.7542,0.0,3.1994312122289373e-06
text+audio_text_ln_lrh0.001_frozen_e5_s43,3117,5,1.00188,3.0463,0.0,2.8439388553146105e-06
text+audio_text_ln_lrh0.001_frozen_e5_s43,3118,5,0.80906,4.6705,0.0,2.488446498400284e-06
text+audio_text_ln_lrh0.001_frozen_e5_s43,3119,5,1.08554,3.6385,0.0,2.132954141485958e-06
text+audio_text_ln_lrh0.001_frozen_e5_s43,3120,5,1.09512,3.238,0.0,1.7774617845716318e-06
text+audio_text_ln_lrh0.001_frozen_e5_s43,3121,5,0.82504,3.6174,0.0,1.4219694276573052e-06
text+audio_text_ln_lrh0.001_frozen_e5_s43,3122,5,1.22144,4.0665,0.0,1.066477070742979e-06
text+audio_text_ln_lrh0.001_frozen_e5_s43,3123,5,0.79921,2.3126,0.0,7.109847138286526e-07
text+audio_text_ln_lrh0.001_frozen_e5_s43,3124,5,0.95438,3.3241,0.0,3.554923569143263e-07
text+audio_text_ln_lrh0.001_frozen_e5_s43,3125,5,0.42614,4.3851,0.0,0.0
text+audio_text_ln_lrh0.001_frozen_e5_s44,1,1,1.90508,7.7731,0.0,3.205128205128205e-06
text+audio_text_ln_lrh0.001_frozen_e5_s44,2,1,1.93094,7.3939,0.0,6.41025641025641e-06
text+audio_text_ln_lrh0.001_frozen_e5_s44,3,1,1.89033,5.222,0.0,9.615384615384616e-06
text+audio_text_ln_lrh0.001_frozen_e5_s44,4,1,1.88628,6.5463,0.0,1.282051282051282e-05
text+audio_text_ln_lrh0.001_frozen_e5_s44,5,1,1.87512,5.2717,0.0,1.6025641025641026e-05
text+audio_text_ln_lrh0.001_frozen_e5_s44,6,1,1.88062,10.0748,0.0,1.923076923076923e-05
text+audio_text_ln_lrh0.001_frozen_e5_s44,7,1,1.93668,7.1982,0.0,2.2435897435897437e-05
text+audio_text_ln_lrh0.001_frozen_e5_s44,8,1,1.97789,4.4046,0.0,2.564102564102564e-05
text+audio_text_ln_lrh0.001_frozen_e5_s44,9,1,1.84866,7.6134,0.0,2.884615384615385e-05
text+audio_text_ln_lrh0.001_frozen_e5_s44,10,1,1.8125,6.8503,0.0,3.205128205128205e-05
text+audio_text_ln_lrh0.001_frozen_e5_s44,11,1,1.87554,4.766,0.0,3.5256410256410254e-05
text+audio_text_ln_lrh0.001_frozen_e5_s44,12,1,1.8151,5.6813,0.0,3.846153846153846e-05
text+audio_text_ln_lrh0.001_frozen_e5_s44,13,1,1.90431,5.6728,0.0,4.1666666666666665e-05
text+audio_text_ln_lrh0.001_frozen_e5_s44,14,1,1.7929,6.5494,0.0,4.4871794871794874e-05
text+audio_text_ln_lrh0.001_frozen_e5_s44,15,1,1.82754,4.2731,0.0,4.8076923076923084e-05
text+audio_text_ln_lrh0.001_frozen_e5_s44,16,1,1.75917,5.1272,0.0,5.128205128205128e-05
text+audio_text_ln_lrh0.001_frozen_e5_s44,17,1,1.7682,4.1401,0.0,5.448717948717949e-05
text+audio_text_ln_lrh0.001_frozen_e5_s44,18,1,1.72203,4.726,0.0,5.76923076923077e-05
text+audio_text_ln_lrh0.001_frozen_e5_s44,19,1,1.65288,6.6278,0.0,6.08974358974359e-05
text+audio_text_ln_lrh0.001_frozen_e5_s44,20,1,1.551,8.852,0.0,6.41025641025641e-05
text+audio_text_ln_lrh0.001_frozen_e5_s44,21,1,1.78209,4.2883,0.0,6.73076923076923e-05
text+audio_text_ln_lrh0.001_frozen_e5_s44,22,1,1.5811,4.8604,0.0,7.051282051282051e-05
text+audio_text_ln_lrh0.001_frozen_e5_s44,23,1,1.86912,3.8773,0.0,7.371794871794872e-05
text+audio_text_ln_lrh0.001_frozen_e5_s44,24,1,1.5283,4.7495,0.0,7.692307692307693e-05
text+audio_text_ln_lrh0.001_frozen_e5_s44,25,1,1.59278,3.6934,0.0,8.012820512820514e-05
text+audio_text_ln_lrh0.001_frozen_e5_s44,26,1,1.36069,7.4919,0.0,8.333333333333333e-05
text+audio_text_ln_lrh0.001_frozen_e5_s44,27,1,1.62911,3.5014,0.0,8.653846153846153e-05
text+audio_text_ln_lrh0.001_frozen_e5_s44,28,1,1.53981,3.8789,0.0,8.974358974358975e-05
text+audio_text_ln_lrh0.001_frozen_e5_s44,29,1,1.5711,4.2094,0.0,9.294871794871795e-05
text+audio_text_ln_lrh0.001_frozen_e5_s44,30,1,1.46373,4.4347,0.0,9.615384615384617e-05
text+audio_text_ln_lrh0.001_frozen_e5_s44,31,1,1.63145,4.6175,0.0,9.935897435897436e-05
text+audio_text_ln_lrh0.001_frozen_e5_s44,32,1,1.68743,3.4967,0.0,0.00010256410256410256
text+audio_text_ln_lrh0.001_frozen_e5_s44,33,1,1.60462,3.2346,0.0,0.00010576923076923077
text+audio_text_ln_lrh0.001_frozen_e5_s44,34,1,1.74478,3.8835,0.0,0.00010897435897435898
text+audio_text_ln_lrh0.001_frozen_e5_s44,35,1,1.36019,3.3665,0.0,0.00011217948717948718
text+audio_text_ln_lrh0.001_frozen_e5_s44,36,1,1.68369,3.8064,0.0,0.0001153846153846154
text+audio_text_ln_lrh0.001_frozen_e5_s44,37,1,1.58142,3.4652,0.0,0.00011858974358974358
text+audio_text_ln_lrh0.001_frozen_e5_s44,38,1,1.42069,3.5049,0.0,0.0001217948717948718
text+audio_text_ln_lrh0.001_frozen_e5_s44,39,1,1.57582,3.2022,0.0,0.000125
text+audio_text_ln_lrh0.001_frozen_e5_s44,40,1,1.34893,2.5241,0.0,0.0001282051282051282
text+audio_text_ln_lrh0.001_frozen_e5_s44,41,1,1.9353,8.1762,0.0,0.0001314102564102564
text+audio_text_ln_lrh0.001_frozen_e5_s44,42,1,1.63286,4.1569,0.0,0.0001346153846153846
text+audio_text_ln_lrh0.001_frozen_e5_s44,43,1,1.6581,5.0721,0.0,0.00013782051282051284
text+audio_text_ln_lrh0.001_frozen_e5_s44,44,1,1.88932,4.286,0.0,0.00014102564102564101
text+audio_text_ln_lrh0.001_frozen_e5_s44,45,1,0.80752,6.2943,0.0,0.00014423076923076922
text+audio_text_ln_lrh0.001_frozen_e5_s44,46,1,1.36672,2.7599,0.0,0.00014743589743589745
text+audio_text_ln_lrh0.001_frozen_e5_s44,47,1,1.81458,6.6027,0.0,0.00015064102564102565
text+audio_text_ln_lrh0.001_frozen_e5_s44,48,1,1.88345,5.5894,0.0,0.00015384615384615385
text+audio_text_ln_lrh0.001_frozen_e5_s44,49,1,1.57903,4.5564,0.0,0.00015705128205128205
text+audio_text_ln_lrh0.001_frozen_e5_s44,50,1,1.46141,2.76,0.0,0.00016025641025641028
text+audio_text_ln_lrh0.001_frozen_e5_s44,51,1,1.67131,4.0734,0.0,0.00016346153846153846
text+audio_text_ln_lrh0.001_frozen_e5_s44,52,1,1.74017,4.1871,0.0,0.00016666666666666666
text+audio_text_ln_lrh0.001_frozen_e5_s44,53,1,1.59115,3.0361,0.0,0.0001698717948717949
text+audio_text_ln_lrh0.001_frozen_e5_s44,54,1,1.4139,3.2687,0.0,0.00017307692307692307
text+audio_text_ln_lrh0.001_frozen_e5_s44,55,1,1.23919,4.7676,0.0,0.0001762820512820513
text+audio_text_ln_lrh0.001_frozen_e5_s44,56,1,1.38201,4.0389,0.0,0.0001794871794871795
text+audio_text_ln_lrh0.001_frozen_e5_s44,57,1,2.09485,5.6335,0.0,0.00018269230769230767
text+audio_text_ln_lrh0.001_frozen_e5_s44,58,1,1.632,3.6548,0.0,0.0001858974358974359
text+audio_text_ln_lrh0.001_frozen_e5_s44,59,1,1.08463,5.5596,0.0,0.0001891025641025641
text+audio_text_ln_lrh0.001_frozen_e5_s44,60,1,1.52411,2.9837,0.0,0.00019230769230769233
text+audio_text_ln_lrh0.001_frozen_e5_s44,61,1,1.70163,4.1553,0.0,0.0001955128205128205
text+audio_text_ln_lrh0.001_frozen_e5_s44,62,1,1.4065,3.0085,0.0,0.0001987179487179487
text+audio_text_ln_lrh0.001_frozen_e5_s44,63,1,1.46683,3.4128,0.0,0.00020192307692307694
text+audio_text_ln_lrh0.001_frozen_e5_s44,64,1,1.68298,5.4284,0.0,0.00020512820512820512
text+audio_text_ln_lrh0.001_frozen_e5_s44,65,1,1.35715,2.8161,0.0,0.00020833333333333335
text+audio_text_ln_lrh0.001_frozen_e5_s44,66,1,1.76529,5.2657,0.0,0.00021153846153846155
text+audio_text_ln_lrh0.001_frozen_e5_s44,67,1,1.30454,3.8555,0.0,0.00021474358974358972
text+audio_text_ln_lrh0.001_frozen_e5_s44,68,1,1.61543,4.2401,0.0,0.00021794871794871795
text+audio_text_ln_lrh0.001_frozen_e5_s44,69,1,1.55609,2.8805,0.0,0.00022115384615384616
text+audio_text_ln_lrh0.001_frozen_e5_s44,70,1,1.56521,3.5704,0.0,0.00022435897435897436
text+audio_text_ln_lrh0.001_frozen_e5_s44,71,1,1.33231,5.5913,0.0,0.00022756410256410256
text+audio_text_ln_lrh0.001_frozen_e5_s44,72,1,1.46112,4.1556,0.0,0.0002307692307692308
text+audio_text_ln_lrh0.001_frozen_e5_s44,73,1,1.37712,4.0739,0.0,0.000233974358974359
text+audio_text_ln_lrh0.001_frozen_e5_s44,74,1,1.21432,4.9331,0.0,0.00023717948717948717
text+audio_text_ln_lrh0.001_frozen_e5_s44,75,1,1.37576,3.9433,0.0,0.0002403846153846154
text+audio_text_ln_lrh0.001_frozen_e5_s44,76,1,1.61272,3.8253,0.0,0.0002435897435897436
text+audio_text_ln_lrh0.001_frozen_e5_s44,77,1,1.25477,3.371,0.0,0.0002467948717948718
text+audio_text_ln_lrh0.001_frozen_e5_s44,78,1,1.7308,5.4888,0.0,0.00025
text+audio_text_ln_lrh0.001_frozen_e5_s44,79,1,1.14904,4.7669,0.0,0.0002532051282051282
text+audio_text_ln_lrh0.001_frozen_e5_s44,80,1,1.19118,4.7921,0.0,0.0002564102564102564
text+audio_text_ln_lrh0.001_frozen_e5_s44,81,1,1.4955,3.4711,0.0,0.00025961538461538467
text+audio_text_ln_lrh0.001_frozen_e5_s44,82,1,1.2471,2.6787,0.0,0.0002628205128205128
text+audio_text_ln_lrh0.001_frozen_e5_s44,83,1,1.39134,3.5803,0.0,0.000266025641025641
text+audio_text_ln_lrh0.001_frozen_e5_s44,84,1,2.32643,7.5422,0.0,0.0002692307692307692
text+audio_text_ln_lrh0.001_frozen_e5_s44,85,1,1.51584,5.1657,0.0,0.0002724358974358974
text+audio_text_ln_lrh0.001_frozen_e5_s44,86,1,1.4646,3.5222,0.0,0.0002756410256410257
text+audio_text_ln_lrh0.001_frozen_e5_s44,87,1,1.54393,5.1378,0.0,0.0002788461538461539
text+audio_text_ln_lrh0.001_frozen_e5_s44,88,1,1.68876,5.007,0.0,0.00028205128205128203
text+audio_text_ln_lrh0.001_frozen_e5_s44,89,1,1.45753,6.3344,0.0,0.00028525641025641023
text+audio_text_ln_lrh0.001_frozen_e5_s44,90,1,1.61297,3.899,0.0,0.00028846153846153843
text+audio_text_ln_lrh0.001_frozen_e5_s44,91,1,1.43707,3.8935,0.0,0.0002916666666666667
text+audio_text_ln_lrh0.001_frozen_e5_s44,92,1,1.12478,3.6797,0.0,0.0002948717948717949
text+audio_text_ln_lrh0.001_frozen_e5_s44,93,1,1.24779,2.7347,0.0,0.0002980769230769231
text+audio_text_ln_lrh0.001_frozen_e5_s44,94,1,1.26441,3.4895,0.0,0.0003012820512820513
text+audio_text_ln_lrh0.001_frozen_e5_s44,95,1,1.33053,4.2169,0.0,0.00030448717948717945
text+audio_text_ln_lrh0.001_frozen_e5_s44,96,1,1.45145,3.6684,0.0,0.0003076923076923077
text+audio_text_ln_lrh0.001_frozen_e5_s44,97,1,1.31534,3.1302,0.0,0.0003108974358974359
text+audio_text_ln_lrh0.001_frozen_e5_s44,98,1,1.67751,4.3185,0.0,0.0003141025641025641
text+audio_text_ln_lrh0.001_frozen_e5_s44,99,1,1.26329,3.6756,0.0,0.0003173076923076923
text+audio_text_ln_lrh0.001_frozen_e5_s44,100,1,1.71258,4.1473,0.0,0.00032051282051282057
text+audio_text_ln_lrh0.001_frozen_e5_s44,101,1,1.18346,2.7244,0.0,0.0003237179487179487
text+audio_text_ln_lrh0.001_frozen_e5_s44,102,1,1.46807,2.9535,0.0,0.0003269230769230769
text+audio_text_ln_lrh0.001_frozen_e5_s44,103,1,1.06611,3.8001,0.0,0.0003301282051282051
text+audio_text_ln_lrh0.001_frozen_e5_s44,104,1,1.38281,2.9801,0.0,0.0003333333333333333
text+audio_text_ln_lrh0.001_frozen_e5_s44,105,1,1.62097,6.3458,0.0,0.0003365384615384616
text+audio_text_ln_lrh0.001_frozen_e5_s44,106,1,1.61829,5.5613,0.0,0.0003397435897435898
text+audio_text_ln_lrh0.001_frozen_e5_s44,107,1,1.06523,4.9609,0.0,0.000342948717948718
text+audio_text_ln_lrh0.001_frozen_e5_s44,108,1,1.36777,5.7874,0.0,0.00034615384615384613
text+audio_text_ln_lrh0.001_frozen_e5_s44,109,1,1.70535,3.9996,0.0,0.00034935897435897433
text+audio_text_ln_lrh0.001_frozen_e5_s44,110,1,1.15487,3.4643,0.0,0.0003525641025641026
text+audio_text_ln_lrh0.001_frozen_e5_s44,111,1,1.44185,3.7654,0.0,0.0003557692307692308
text+audio_text_ln_lrh0.001_frozen_e5_s44,112,1,1.47918,3.5512,0.0,0.000358974358974359
text+audio_text_ln_lrh0.001_frozen_e5_s44,113,1,1.40343,3.7745,0.0,0.0003621794871794872
text+audio_text_ln_lrh0.001_frozen_e5_s44,114,1,1.3803,3.9933,0.0,0.00036538461538461535
text+audio_text_ln_lrh0.001_frozen_e5_s44,115,1,1.49254,2.868,0.0,0.0003685897435897436
text+audio_text_ln_lrh0.001_frozen_e5_s44,116,1,1.72889,6.5184,0.0,0.0003717948717948718
text+audio_text_ln_lrh0.001_frozen_e5_s44,117,1,1.09182,4.0915,0.0,0.000375
text+audio_text_ln_lrh0.001_frozen_e5_s44,118,1,1.23807,3.0098,0.0,0.0003782051282051282
text+audio_text_ln_lrh0.001_frozen_e5_s44,119,1,1.37092,4.1338,0.0,0.0003814102564102564
text+audio_text_ln_lrh0.001_frozen_e5_s44,120,1,1.49951,4.2817,0.0,0.00038461538461538467
text+audio_text_ln_lrh0.001_frozen_e5_s44,121,1,1.24272,3.6704,0.0,0.0003878205128205128
text+audio_text_ln_lrh0.001_frozen_e5_s44,122,1,1.56501,7.0686,0.0,0.000391025641025641
text+audio_text_ln_lrh0.001_frozen_e5_s44,123,1,1.32078,3.8267,0.0,0.0003942307692307692
text+audio_text_ln_lrh0.001_frozen_e5_s44,124,1,1.88142,6.5049,0.0,0.0003974358974358974
text+audio_text_ln_lrh0.001_frozen_e5_s44,125,1,1.26371,5.0841,0.0,0.0004006410256410257
text+audio_text_ln_lrh0.001_frozen_e5_s44,126,1,1.52293,3.4901,0.0,0.0004038461538461539
text+audio_text_ln_lrh0.001_frozen_e5_s44,127,1,0.89615,6.1436,0.0,0.00040705128205128203
text+audio_text_ln_lrh0.001_frozen_e5_s44,128,1,1.29764,2.898,0.0,0.00041025641025641023
text+audio_text_ln_lrh0.001_frozen_e5_s44,129,1,1.47907,5.8064,0.0,0.00041346153846153844
text+audio_text_ln_lrh0.001_frozen_e5_s44,130,1,1.37705,4.9268,0.0,0.0004166666666666667
text+audio_text_ln_lrh0.001_frozen_e5_s44,131,1,1.18244,3.0242,0.0,0.0004198717948717949
text+audio_text_ln_lrh0.001_frozen_e5_s44,132,1,1.19999,3.0549,0.0,0.0004230769230769231
text+audio_text_ln_lrh0.001_frozen_e5_s44,133,1,1.38847,4.6812,0.0,0.0004262820512820513
text+audio_text_ln_lrh0.001_frozen_e5_s44,134,1,1.90006,5.9325,0.0,0.00042948717948717945
text+audio_text_ln_lrh0.001_frozen_e5_s44,135,1,1.33105,3.1179,0.0,0.0004326923076923077
text+audio_text_ln_lrh0.001_frozen_e5_s44,136,1,1.57759,5.1868,0.0,0.0004358974358974359
text+audio_text_ln_lrh0.001_frozen_e5_s44,137,1,1.22454,3.9758,0.0,0.0004391025641025641
text+audio_text_ln_lrh0.001_frozen_e5_s44,138,1,1.87224,4.3681,0.0,0.0004423076923076923
text+audio_text_ln_lrh0.001_frozen_e5_s44,139,1,1.81201,5.2499,0.0,0.00044551282051282057
text+audio_text_ln_lrh0.001_frozen_e5_s44,140,1,1.04327,6.6848,0.0,0.0004487179487179487
text+audio_text_ln_lrh0.001_frozen_e5_s44,141,1,1.53436,5.2441,0.0,0.0004519230769230769
text+audio_text_ln_lrh0.001_frozen_e5_s44,142,1,1.26372,3.3674,0.0,0.0004551282051282051
text+audio_text_ln_lrh0.001_frozen_e5_s44,143,1,1.82308,8.2918,0.0,0.0004583333333333333
text+audio_text_ln_lrh0.001_frozen_e5_s44,144,1,1.56453,4.3532,0.0,0.0004615384615384616
text+audio_text_ln_lrh0.001_frozen_e5_s44,145,1,1.36206,3.8684,0.0,0.0004647435897435898
text+audio_text_ln_lrh0.001_frozen_e5_s44,146,1,1.20246,4.4491,0.0,0.000467948717948718
text+audio_text_ln_lrh0.001_frozen_e5_s44,147,1,1.42259,6.9171,0.0,0.00047115384615384613
text+audio_text_ln_lrh0.001_frozen_e5_s44,148,1,1.36754,6.2286,0.0,0.00047435897435897434
text+audio_text_ln_lrh0.001_frozen_e5_s44,149,1,1.38155,3.0239,0.0,0.0004775641025641026
text+audio_text_ln_lrh0.001_frozen_e5_s44,150,1,1.71566,4.4685,0.0,0.0004807692307692308
text+audio_text_ln_lrh0.001_frozen_e5_s44,151,1,1.6304,5.3071,0.0,0.000483974358974359
text+audio_text_ln_lrh0.001_frozen_e5_s44,152,1,1.08892,3.7445,0.0,0.0004871794871794872
text+audio_text_ln_lrh0.001_frozen_e5_s44,153,1,1.52058,3.4705,0.0,0.0004903846153846154
text+audio_text_ln_lrh0.001_frozen_e5_s44,154,1,1.42237,7.5817,0.0,0.0004935897435897436
text+audio_text_ln_lrh0.001_frozen_e5_s44,155,1,1.76452,3.4381,0.0,0.0004967948717948718
text+audio_text_ln_lrh0.001_frozen_e5_s44,156,1,1.64964,4.647,0.0,0.0005
text+audio_text_ln_lrh0.001_frozen_e5_s44,157,1,1.44354,7.0483,0.0,0.0005032051282051282
text+audio_text_ln_lrh0.001_frozen_e5_s44,158,1,1.2971,3.2789,0.0,0.0005064102564102564
text+audio_text_ln_lrh0.001_frozen_e5_s44,159,1,1.85386,7.2428,0.0,0.0005096153846153846
text+audio_text_ln_lrh0.001_frozen_e5_s44,160,1,1.64061,3.3428,0.0,0.0005128205128205128
text+audio_text_ln_lrh0.001_frozen_e5_s44,161,1,1.87737,6.1618,0.0,0.0005160256410256411
text+audio_text_ln_lrh0.001_frozen_e5_s44,162,1,1.40463,5.1171,0.0,0.0005192307692307693
text+audio_text_ln_lrh0.001_frozen_e5_s44,163,1,1.43201,3.8451,0.0,0.0005224358974358974
text+audio_text_ln_lrh0.001_frozen_e5_s44,164,1,1.62673,3.1545,0.0,0.0005256410256410256
text+audio_text_ln_lrh0.001_frozen_e5_s44,165,1,1.53044,3.5163,0.0,0.0005288461538461538
text+audio_text_ln_lrh0.001_frozen_e5_s44,166,1,1.24354,4.2139,0.0,0.000532051282051282
text+audio_text_ln_lrh0.001_frozen_e5_s44,167,1,1.56289,3.9447,0.0,0.0005352564102564102
text+audio_text_ln_lrh0.001_frozen_e5_s44,168,1,1.84133,6.2072,0.0,0.0005384615384615384
text+audio_text_ln_lrh0.001_frozen_e5_s44,169,1,1.6881,4.0402,0.0,0.0005416666666666666
text+audio_text_ln_lrh0.001_frozen_e5_s44,170,1,1.3114,4.0434,0.0,0.0005448717948717948
text+audio_text_ln_lrh0.001_frozen_e5_s44,171,1,1.34039,5.3448,0.0,0.0005480769230769232
text+audio_text_ln_lrh0.001_frozen_e5_s44,172,1,1.32968,4.8764,0.0,0.0005512820512820514
text+audio_text_ln_lrh0.001_frozen_e5_s44,173,1,1.65351,3.4405,0.0,0.0005544871794871796
text+audio_text_ln_lrh0.001_frozen_e5_s44,174,1,1.565,6.8095,0.0,0.0005576923076923078
text+audio_text_ln_lrh0.001_frozen_e5_s44,175,1,1.22713,5.8058,0.0,0.000560897435897436
text+audio_text_ln_lrh0.001_frozen_e5_s44,176,1,1.09555,4.0117,0.0,0.0005641025641025641
text+audio_text_ln_lrh0.001_frozen_e5_s44,177,1,1.61286,6.2413,0.0,0.0005673076923076923
text+audio_text_ln_lrh0.001_frozen_e5_s44,178,1,1.3378,4.4359,0.0,0.0005705128205128205
text+audio_text_ln_lrh0.001_frozen_e5_s44,179,1,1.51379,4.4816,0.0,0.0005737179487179487
text+audio_text_ln_lrh0.001_frozen_e5_s44,180,1,1.93611,5.3123,0.0,0.0005769230769230769
text+audio_text_ln_lrh0.001_frozen_e5_s44,181,1,1.28249,3.174,0.0,0.0005801282051282052
text+audio_text_ln_lrh0.001_frozen_e5_s44,182,1,2.00523,7.1535,0.0,0.0005833333333333334
text+audio_text_ln_lrh0.001_frozen_e5_s44,183,1,0.97548,3.2653,0.0,0.0005865384615384616
text+audio_text_ln_lrh0.001_frozen_e5_s44,184,1,1.46459,3.7147,0.0,0.0005897435897435898
text+audio_text_ln_lrh0.001_frozen_e5_s44,185,1,0.96583,5.7098,0.0,0.000592948717948718
text+audio_text_ln_lrh0.001_frozen_e5_s44,186,1,1.21104,3.6952,0.0,0.0005961538461538462
text+audio_text_ln_lrh0.001_frozen_e5_s44,187,1,1.59545,5.2797,0.0,0.0005993589743589744
text+audio_text_ln_lrh0.001_frozen_e5_s44,188,1,1.44509,6.4003,0.0,0.0006025641025641026
text+audio_text_ln_lrh0.001_frozen_e5_s44,189,1,1.63543,6.833,0.0,0.0006057692307692307
text+audio_text_ln_lrh0.001_frozen_e5_s44,190,1,1.13742,2.8688,0.0,0.0006089743589743589
text+audio_text_ln_lrh0.001_frozen_e5_s44,191,1,1.78838,7.077,0.0,0.0006121794871794872
text+audio_text_ln_lrh0.001_frozen_e5_s44,192,1,1.73383,5.3734,0.0,0.0006153846153846154
text+audio_text_ln_lrh0.001_frozen_e5_s44,193,1,1.56457,5.6138,0.0,0.0006185897435897436
text+audio_text_ln_lrh0.001_frozen_e5_s44,194,1,1.82986,5.5013,0.0,0.0006217948717948718
text+audio_text_ln_lrh0.001_frozen_e5_s44,195,1,1.24941,4.1809,0.0,0.000625
text+audio_text_ln_lrh0.001_frozen_e5_s44,196,1,1.38655,4.6884,0.0,0.0006282051282051282
text+audio_text_ln_lrh0.001_frozen_e5_s44,197,1,1.34651,5.3876,0.0,0.0006314102564102564
text+audio_text_ln_lrh0.001_frozen_e5_s44,198,1,1.21306,5.6949,0.0,0.0006346153846153846
text+audio_text_ln_lrh0.001_frozen_e5_s44,199,1,1.44561,4.5897,0.0,0.0006378205128205128
text+audio_text_ln_lrh0.001_frozen_e5_s44,200,1,1.27282,3.6861,0.0,0.0006410256410256411
text+audio_text_ln_lrh0.001_frozen_e5_s44,201,1,1.37329,3.7302,0.0,0.0006442307692307693
text+audio_text_ln_lrh0.001_frozen_e5_s44,202,1,1.82711,4.7396,0.0,0.0006474358974358974
text+audio_text_ln_lrh0.001_frozen_e5_s44,203,1,1.38725,4.6451,0.0,0.0006506410256410256
text+audio_text_ln_lrh0.001_frozen_e5_s44,204,1,1.50936,4.0566,0.0,0.0006538461538461538
text+audio_text_ln_lrh0.001_frozen_e5_s44,205,1,1.52797,6.1139,0.0,0.000657051282051282
text+audio_text_ln_lrh0.001_frozen_e5_s44,206,1,1.26584,2.6919,0.0,0.0006602564102564102
text+audio_text_ln_lrh0.001_frozen_e5_s44,207,1,1.53571,2.704,0.0,0.0006634615384615384
text+audio_text_ln_lrh0.001_frozen_e5_s44,208,1,2.01219,7.1155,0.0,0.0006666666666666666
text+audio_text_ln_lrh0.001_frozen_e5_s44,209,1,1.64881,4.8998,0.0,0.0006698717948717948
text+audio_text_ln_lrh0.001_frozen_e5_s44,210,1,1.50812,5.5512,0.0,0.0006730769230769232
text+audio_text_ln_lrh0.001_frozen_e5_s44,211,1,1.30936,4.7648,0.0,0.0006762820512820514
text+audio_text_ln_lrh0.001_frozen_e5_s44,212,1,1.57308,5.3255,0.0,0.0006794871794871796
text+audio_text_ln_lrh0.001_frozen_e5_s44,213,1,1.46838,3.122,0.0,0.0006826923076923078
text+audio_text_ln_lrh0.001_frozen_e5_s44,214,1,1.63738,3.9476,0.0,0.000685897435897436
text+audio_text_ln_lrh0.001_frozen_e5_s44,215,1,1.76512,3.4159,0.0,0.0006891025641025641
text+audio_text_ln_lrh0.001_frozen_e5_s44,216,1,1.33935,4.4136,0.0,0.0006923076923076923
text+audio_text_ln_lrh0.001_frozen_e5_s44,217,1,1.37992,3.5706,0.0,0.0006955128205128205
text+audio_text_ln_lrh0.001_frozen_e5_s44,218,1,1.49325,2.7478,0.0,0.0006987179487179487
text+audio_text_ln_lrh0.001_frozen_e5_s44,219,1,1.68208,6.4921,0.0,0.0007019230769230769
text+audio_text_ln_lrh0.001_frozen_e5_s44,220,1,1.44614,2.8354,0.0,0.0007051282051282052
text+audio_text_ln_lrh0.001_frozen_e5_s44,221,1,1.24756,3.726,0.0,0.0007083333333333334
text+audio_text_ln_lrh0.001_frozen_e5_s44,222,1,1.83154,5.0656,0.0,0.0007115384615384616
text+audio_text_ln_lrh0.001_frozen_e5_s44,223,1,1.15579,2.4406,0.0,0.0007147435897435898
text+audio_text_ln_lrh0.001_frozen_e5_s44,224,1,1.43013,4.3012,0.0,0.000717948717948718
text+audio_text_ln_lrh0.001_frozen_e5_s44,225,1,1.92409,7.1042,0.0,0.0007211538461538462
text+audio_text_ln_lrh0.001_frozen_e5_s44,226,1,1.05468,4.9437,0.0,0.0007243589743589744
text+audio_text_ln_lrh0.001_frozen_e5_s44,227,1,1.485,3.1977,0.0,0.0007275641025641026
text+audio_text_ln_lrh0.001_frozen_e5_s44,228,1,1.50641,3.6894,0.0,0.0007307692307692307
text+audio_text_ln_lrh0.001_frozen_e5_s44,229,1,1.29635,2.8306,0.0,0.0007339743589743589
text+audio_text_ln_lrh0.001_frozen_e5_s44,230,1,1.30979,4.4519,0.0,0.0007371794871794872
text+audio_text_ln_lrh0.001_frozen_e5_s44,231,1,1.52764,5.6277,0.0,0.0007403846153846154
text+audio_text_ln_lrh0.001_frozen_e5_s44,232,1,1.32128,5.6965,0.0,0.0007435897435897436
text+audio_text_ln_lrh0.001_frozen_e5_s44,233,1,1.1281,4.1586,0.0,0.0007467948717948718
text+audio_text_ln_lrh0.001_frozen_e5_s44,234,1,1.41782,3.9001,0.0,0.00075
text+audio_text_ln_lrh0.001_frozen_e5_s44,235,1,1.54468,4.1888,0.0,0.0007532051282051282
text+audio_text_ln_lrh0.001_frozen_e5_s44,236,1,0.90036,3.2671,0.0,0.0007564102564102564
text+audio_text_ln_lrh0.001_frozen_e5_s44,237,1,1.48931,3.7205,0.0,0.0007596153846153846
text+audio_text_ln_lrh0.001_frozen_e5_s44,238,1,1.49182,5.0052,0.0,0.0007628205128205128
text+audio_text_ln_lrh0.001_frozen_e5_s44,239,1,1.48153,2.9877,0.0,0.0007660256410256411
text+audio_text_ln_lrh0.001_frozen_e5_s44,240,1,1.42631,5.1597,0.0,0.0007692307692307693
text+audio_text_ln_lrh0.001_frozen_e5_s44,241,1,1.63065,4.0396,0.0,0.0007724358974358974
text+audio_text_ln_lrh0.001_frozen_e5_s44,242,1,1.38414,3.5941,0.0,0.0007756410256410256
text+audio_text_ln_lrh0.001_frozen_e5_s44,243,1,1.32437,3.4902,0.0,0.0007788461538461538
text+audio_text_ln_lrh0.001_frozen_e5_s44,244,1,1.61285,4.0299,0.0,0.000782051282051282
text+audio_text_ln_lrh0.001_frozen_e5_s44,245,1,1.39125,4.7855,0.0,0.0007852564102564102
text+audio_text_ln_lrh0.001_frozen_e5_s44,246,1,1.4853,4.4732,0.0,0.0007884615384615384
text+audio_text_ln_lrh0.001_frozen_e5_s44,247,1,1.61661,5.0293,0.0,0.0007916666666666666
text+audio_text_ln_lrh0.001_frozen_e5_s44,248,1,1.55504,4.3464,0.0,0.0007948717948717948
text+audio_text_ln_lrh0.001_frozen_e5_s44,249,1,1.5456,5.1603,0.0,0.0007980769230769232
text+audio_text_ln_lrh0.001_frozen_e5_s44,250,1,1.49466,3.6444,0.0,0.0008012820512820514
text+audio_text_ln_lrh0.001_frozen_e5_s44,251,1,1.80805,4.0221,0.0,0.0008044871794871796
text+audio_text_ln_lrh0.001_frozen_e5_s44,252,1,1.41181,5.1552,0.0,0.0008076923076923078
text+audio_text_ln_lrh0.001_frozen_e5_s44,253,1,1.50484,6.1876,0.0,0.000810897435897436
text+audio_text_ln_lrh0.001_frozen_e5_s44,254,1,1.35097,2.9934,0.0,0.0008141025641025641
text+audio_text_ln_lrh0.001_frozen_e5_s44,255,1,1.11792,3.1196,0.0,0.0008173076923076923
text+audio_text_ln_lrh0.001_frozen_e5_s44,256,1,1.61644,4.9032,0.0,0.0008205128205128205
text+audio_text_ln_lrh0.001_frozen_e5_s44,257,1,1.15668,4.101,0.0,0.0008237179487179487
text+audio_text_ln_lrh0.001_frozen_e5_s44,258,1,1.35439,4.116,0.0,0.0008269230769230769
text+audio_text_ln_lrh0.001_frozen_e5_s44,259,1,1.91267,5.2762,0.0,0.0008301282051282052
text+audio_text_ln_lrh0.001_frozen_e5_s44,260,1,1.32332,3.0289,0.0,0.0008333333333333334
text+audio_text_ln_lrh0.001_frozen_e5_s44,261,1,2.1114,7.8132,0.0,0.0008365384615384616
text+audio_text_ln_lrh0.001_frozen_e5_s44,262,1,1.46924,5.5225,0.0,0.0008397435897435898
text+audio_text_ln_lrh0.001_frozen_e5_s44,263,1,1.12342,2.2462,0.0,0.000842948717948718
text+audio_text_ln_lrh0.001_frozen_e5_s44,264,1,1.11196,5.7179,0.0,0.0008461538461538462
text+audio_text_ln_lrh0.001_frozen_e5_s44,265,1,1.52238,3.9102,0.0,0.0008493589743589744
text+audio_text_ln_lrh0.001_frozen_e5_s44,266,1,1.65086,3.3574,0.0,0.0008525641025641026
text+audio_text_ln_lrh0.001_frozen_e5_s44,267,1,1.68176,4.4965,0.0,0.0008557692307692307
text+audio_text_ln_lrh0.001_frozen_e5_s44,268,1,1.50111,5.3066,0.0,0.0008589743589743589
text+audio_text_ln_lrh0.001_frozen_e5_s44,269,1,1.44581,4.1733,0.0,0.0008621794871794872
text+audio_text_ln_lrh0.001_frozen_e5_s44,270,1,1.36688,3.5977,0.0,0.0008653846153846154
text+audio_text_ln_lrh0.001_frozen_e5_s44,271,1,1.08015,4.9029,0.0,0.0008685897435897436
text+audio_text_ln_lrh0.001_frozen_e5_s44,272,1,1.26753,3.1716,0.0,0.0008717948717948718
text+audio_text_ln_lrh0.001_frozen_e5_s44,273,1,1.35712,3.7445,0.0,0.000875
text+audio_text_ln_lrh0.001_frozen_e5_s44,274,1,1.77907,6.0856,0.0,0.0008782051282051282
text+audio_text_ln_lrh0.001_frozen_e5_s44,275,1,1.07465,3.4725,0.0,0.0008814102564102564
text+audio_text_ln_lrh0.001_frozen_e5_s44,276,1,1.52737,3.7688,0.0,0.0008846153846153846
text+audio_text_ln_lrh0.001_frozen_e5_s44,277,1,1.72683,6.0375,0.0,0.0008878205128205128
text+audio_text_ln_lrh0.001_frozen_e5_s44,278,1,1.47281,4.1272,0.0,0.0008910256410256411
text+audio_text_ln_lrh0.001_frozen_e5_s44,279,1,1.3167,3.8447,0.0,0.0008942307692307693
text+audio_text_ln_lrh0.001_frozen_e5_s44,280,1,1.03311,3.7527,0.0,0.0008974358974358974
text+audio_text_ln_lrh0.001_frozen_e5_s44,281,1,1.39085,4.5524,0.0,0.0009006410256410256
text+audio_text_ln_lrh0.001_frozen_e5_s44,282,1,1.23643,5.5944,0.0,0.0009038461538461538
text+audio_text_ln_lrh0.001_frozen_e5_s44,283,1,1.26571,4.2101,0.0,0.000907051282051282
text+audio_text_ln_lrh0.001_frozen_e5_s44,284,1,1.21408,3.1377,0.0,0.0009102564102564102
text+audio_text_ln_lrh0.001_frozen_e5_s44,285,1,1.46182,3.2691,0.0,0.0009134615384615384
text+audio_text_ln_lrh0.001_frozen_e5_s44,286,1,1.41739,3.8056,0.0,0.0009166666666666666
text+audio_text_ln_lrh0.001_frozen_e5_s44,287,1,1.46762,4.1068,0.0,0.0009198717948717949
text+audio_text_ln_lrh0.001_frozen_e5_s44,288,1,1.29515,2.6516,0.0,0.0009230769230769232
text+audio_text_ln_lrh0.001_frozen_e5_s44,289,1,1.33488,2.9251,0.0,0.0009262820512820514
text+audio_text_ln_lrh0.001_frozen_e5_s44,290,1,1.48977,5.0518,0.0,0.0009294871794871796
text+audio_text_ln_lrh0.001_frozen_e5_s44,291,1,1.29485,3.8132,0.0,0.0009326923076923078
text+audio_text_ln_lrh0.001_frozen_e5_s44,292,1,1.41191,5.0812,0.0,0.000935897435897436
text+audio_text_ln_lrh0.001_frozen_e5_s44,293,1,1.39186,5.4115,0.0,0.0009391025641025641
text+audio_text_ln_lrh0.001_frozen_e5_s44,294,1,1.69306,5.8618,0.0,0.0009423076923076923
text+audio_text_ln_lrh0.001_frozen_e5_s44,295,1,0.94388,2.6949,0.0,0.0009455128205128205
text+audio_text_ln_lrh0.001_frozen_e5_s44,296,1,1.4966,7.4505,0.0,0.0009487179487179487
text+audio_text_ln_lrh0.001_frozen_e5_s44,297,1,1.53627,4.9284,0.0,0.0009519230769230769
text+audio_text_ln_lrh0.001_frozen_e5_s44,298,1,1.62901,6.0906,0.0,0.0009551282051282052
text+audio_text_ln_lrh0.001_frozen_e5_s44,299,1,1.07934,2.4635,0.0,0.0009583333333333334
text+audio_text_ln_lrh0.001_frozen_e5_s44,300,1,1.66969,5.2746,0.0,0.0009615384615384616
text+audio_text_ln_lrh0.001_frozen_e5_s44,301,1,1.28395,4.9882,0.0,0.0009647435897435898
text+audio_text_ln_lrh0.001_frozen_e5_s44,302,1,1.31058,3.8659,0.0,0.000967948717948718
text+audio_text_ln_lrh0.001_frozen_e5_s44,303,1,1.50815,4.2101,0.0,0.0009711538461538462
text+audio_text_ln_lrh0.001_frozen_e5_s44,304,1,1.22642,6.0761,0.0,0.0009743589743589744
text+audio_text_ln_lrh0.001_frozen_e5_s44,305,1,1.34753,6.006,0.0,0.0009775641025641026
text+audio_text_ln_lrh0.001_frozen_e5_s44,306,1,1.27239,4.4127,0.0,0.0009807692307692308
text+audio_text_ln_lrh0.001_frozen_e5_s44,307,1,1.51479,4.0799,0.0,0.000983974358974359
text+audio_text_ln_lrh0.001_frozen_e5_s44,308,1,1.0773,4.1297,0.0,0.0009871794871794872
text+audio_text_ln_lrh0.001_frozen_e5_s44,309,1,1.43589,3.3951,0.0,0.0009903846153846154
text+audio_text_ln_lrh0.001_frozen_e5_s44,310,1,1.86944,6.1698,0.0,0.0009935897435897436
text+audio_text_ln_lrh0.001_frozen_e5_s44,311,1,1.61136,3.8309,0.0,0.0009967948717948718
text+audio_text_ln_lrh0.001_frozen_e5_s44,312,1,1.14567,2.7723,0.0,0.001
text+audio_text_ln_lrh0.001_frozen_e5_s44,313,1,1.60341,6.1671,0.0,0.0009996445076430856
text+audio_text_ln_lrh0.001_frozen_e5_s44,314,1,1.80407,7.1197,0.0,0.0009992890152861714
text+audio_text_ln_lrh0.001_frozen_e5_s44,315,1,1.59584,4.5789,0.0,0.000998933522929257
text+audio_text_ln_lrh0.001_frozen_e5_s44,316,1,1.47127,4.3272,0.0,0.0009985780305723428
text+audio_text_ln_lrh0.001_frozen_e5_s44,317,1,1.14352,3.0409,0.0,0.0009982225382154284
text+audio_text_ln_lrh0.001_frozen_e5_s44,318,1,1.14497,3.9072,0.0,0.000997867045858514
text+audio_text_ln_lrh0.001_frozen_e5_s44,319,1,1.22739,3.6972,0.0,0.0009975115535015998
text+audio_text_ln_lrh0.001_frozen_e5_s44,320,1,1.0898,3.0041,0.0,0.0009971560611446854
text+audio_text_ln_lrh0.001_frozen_e5_s44,321,1,1.72131,3.9433,0.0,0.000996800568787771
text+audio_text_ln_lrh0.001_frozen_e5_s44,322,1,1.60888,3.5855,0.0,0.0009964450764308568
text+audio_text_ln_lrh0.001_frozen_e5_s44,323,1,1.31601,4.2638,0.0,0.0009960895840739426
text+audio_text_ln_lrh0.001_frozen_e5_s44,324,1,1.13328,3.2294,0.0,0.0009957340917170281
text+audio_text_ln_lrh0.001_frozen_e5_s44,325,1,1.21879,3.5957,0.0,0.0009953785993601137
text+audio_text_ln_lrh0.001_frozen_e5_s44,326,1,1.19914,2.4817,0.0,0.0009950231070031995
text+audio_text_ln_lrh0.001_frozen_e5_s44,327,1,1.17778,5.8884,0.0,0.0009946676146462851
text+audio_text_ln_lrh0.001_frozen_e5_s44,328,1,1.41587,3.1652,0.0,0.000994312122289371
text+audio_text_ln_lrh0.001_frozen_e5_s44,329,1,1.01284,2.9046,0.0,0.0009939566299324565
text+audio_text_ln_lrh0.001_frozen_e5_s44,330,1,1.65205,3.4491,0.0,0.000993601137575542
text+audio_text_ln_lrh0.001_frozen_e5_s44,331,1,1.29111,4.1266,0.0,0.000993245645218628
text+audio_text_ln_lrh0.001_frozen_e5_s44,332,1,1.03422,3.6481,0.0,0.0009928901528617135
text+audio_text_ln_lrh0.001_frozen_e5_s44,333,1,1.09736,2.294,0.0,0.000992534660504799
text+audio_text_ln_lrh0.001_frozen_e5_s44,334,1,1.56753,4.9703,0.0,0.0009921791681478849
text+audio_text_ln_lrh0.001_frozen_e5_s44,335,1,1.80293,4.7271,0.0,0.0009918236757909705
text+audio_text_ln_lrh0.001_frozen_e5_s44,336,1,1.48251,3.8353,0.0,0.0009914681834340563
text+audio_text_ln_lrh0.001_frozen_e5_s44,337,1,1.31058,3.3061,0.0,0.0009911126910771418
text+audio_text_ln_lrh0.001_frozen_e5_s44,338,1,1.49501,3.2884,0.0,0.0009907571987202274
text+audio_text_ln_lrh0.001_frozen_e5_s44,339,1,1.33066,2.9348,0.0,0.0009904017063633132
text+audio_text_ln_lrh0.001_frozen_e5_s44,340,1,1.49858,2.864,0.0,0.000990046214006399
text+audio_text_ln_lrh0.001_frozen_e5_s44,341,1,1.28162,5.1162,0.0,0.0009896907216494846
text+audio_text_ln_lrh0.001_frozen_e5_s44,342,1,0.9974,2.3233,0.0,0.0009893352292925702
text+audio_text_ln_lrh0.001_frozen_e5_s44,343,1,0.83587,2.6111,0.0,0.0009889797369356558
text+audio_text_ln_lrh0.001_frozen_e5_s44,344,1,1.24922,2.5933,0.0,0.0009886242445787416
text+audio_text_ln_lrh0.001_frozen_e5_s44,345,1,1.93679,5.4742,0.0,0.0009882687522218272
text+audio_text_ln_lrh0.001_frozen_e5_s44,346,1,1.573,5.961,0.0,0.0009879132598649128
text+audio_text_ln_lrh0.001_frozen_e5_s44,347,1,0.99185,4.1193,0.0,0.0009875577675079986
text+audio_text_ln_lrh0.001_frozen_e5_s44,348,1,1.20687,3.5974,0.0,0.0009872022751510844
text+audio_text_ln_lrh0.001_frozen_e5_s44,349,1,1.2202,3.1802,0.0,0.00098684678279417
text+audio_text_ln_lrh0.001_frozen_e5_s44,350,1,1.03117,3.3522,0.0,0.0009864912904372556
text+audio_text_ln_lrh0.001_frozen_e5_s44,351,1,1.19596,3.7112,0.0,0.0009861357980803414
text+audio_text_ln_lrh0.001_frozen_e5_s44,352,1,1.18541,3.1218,0.0,0.000985780305723427
text+audio_text_ln_lrh0.001_frozen_e5_s44,353,1,1.21175,3.4092,0.0,0.0009854248133665127
text+audio_text_ln_lrh0.001_frozen_e5_s44,354,1,1.14129,2.9064,0.0,0.0009850693210095983
text+audio_text_ln_lrh0.001_frozen_e5_s44,355,1,1.84416,4.1948,0.0,0.000984713828652684
text+audio_text_ln_lrh0.001_frozen_e5_s44,356,1,1.17442,3.9327,0.0,0.0009843583362957697
text+audio_text_ln_lrh0.001_frozen_e5_s44,357,1,1.24784,2.7423,0.0,0.0009840028439388553
text+audio_text_ln_lrh0.001_frozen_e5_s44,358,1,1.14459,3.886,0.0,0.000983647351581941
text+audio_text_ln_lrh0.001_frozen_e5_s44,359,1,1.47278,6.1481,0.0,0.0009832918592250267
text+audio_text_ln_lrh0.001_frozen_e5_s44,360,1,1.28955,3.894,0.0,0.0009829363668681123
text+audio_text_ln_lrh0.001_frozen_e5_s44,361,1,1.62911,4.3906,0.0,0.000982580874511198
text+audio_text_ln_lrh0.001_frozen_e5_s44,362,1,0.76478,4.0399,0.0,0.0009822253821542837
text+audio_text_ln_lrh0.001_frozen_e5_s44,363,1,0.95146,3.4064,0.0,0.0009818698897973693
text+audio_text_ln_lrh0.001_frozen_e5_s44,364,1,1.30064,3.4105,0.0,0.000981514397440455
text+audio_text_ln_lrh0.001_frozen_e5_s44,365,1,1.31735,3.7792,0.0,0.0009811589050835409
text+audio_text_ln_lrh0.001_frozen_e5_s44,366,1,1.64193,5.0429,0.0,0.0009808034127266265
text+audio_text_ln_lrh0.001_frozen_e5_s44,367,1,1.61911,4.2796,0.0,0.000980447920369712
text+audio_text_ln_lrh0.001_frozen_e5_s44,368,1,2.05476,4.041,0.0,0.0009800924280127978
text+audio_text_ln_lrh0.001_frozen_e5_s44,369,1,1.85102,6.174,0.0,0.0009797369356558834
text+audio_text_ln_lrh0.001_frozen_e5_s44,370,1,1.23055,3.7281,0.0,0.000979381443298969
text+audio_text_ln_lrh0.001_frozen_e5_s44,371,1,1.28482,4.429,0.0,0.0009790259509420548
text+audio_text_ln_lrh0.001_frozen_e5_s44,372,1,1.29657,5.9109,0.0,0.0009786704585851404
text+audio_text_ln_lrh0.001_frozen_e5_s44,373,1,1.27125,5.937,0.0,0.0009783149662282262
text+audio_text_ln_lrh0.001_frozen_e5_s44,374,1,1.50346,4.1635,0.0,0.0009779594738713118
text+audio_text_ln_lrh0.001_frozen_e5_s44,375,1,1.50846,3.5875,0.0,0.0009776039815143974
text+audio_text_ln_lrh0.001_frozen_e5_s44,376,1,1.39778,3.9756,0.0,0.0009772484891574832
text+audio_text_ln_lrh0.001_frozen_e5_s44,377,1,1.28301,4.8336,0.0,0.0009768929968005688
text+audio_text_ln_lrh0.001_frozen_e5_s44,378,1,1.29044,3.029,0.0,0.0009765375044436545
text+audio_text_ln_lrh0.001_frozen_e5_s44,379,1,1.18099,3.4876,0.0,0.0009761820120867402
text+audio_text_ln_lrh0.001_frozen_e5_s44,380,1,1.4273,5.0382,0.0,0.0009758265197298259
text+audio_text_ln_lrh0.001_frozen_e5_s44,381,1,1.31597,4.0147,0.0,0.0009754710273729114
text+audio_text_ln_lrh0.001_frozen_e5_s44,382,1,1.40254,3.3023,0.0,0.0009751155350159971
text+audio_text_ln_lrh0.001_frozen_e5_s44,383,1,1.45313,3.7371,0.0,0.0009747600426590828
text+audio_text_ln_lrh0.001_frozen_e5_s44,384,1,1.28159,3.9207,0.0,0.0009744045503021685
text+audio_text_ln_lrh0.001_frozen_e5_s44,385,1,1.54953,2.8871,0.0,0.0009740490579452542
text+audio_text_ln_lrh0.001_frozen_e5_s44,386,1,1.44702,3.201,0.0,0.0009736935655883399
text+audio_text_ln_lrh0.001_frozen_e5_s44,387,1,1.51896,4.3995,0.0,0.0009733380732314255
text+audio_text_ln_lrh0.001_frozen_e5_s44,388,1,1.22667,3.1149,0.0,0.0009729825808745112
text+audio_text_ln_lrh0.001_frozen_e5_s44,389,1,1.14934,3.9263,0.0,0.0009726270885175969
text+audio_text_ln_lrh0.001_frozen_e5_s44,390,1,1.22666,3.2986,0.0,0.0009722715961606826
text+audio_text_ln_lrh0.001_frozen_e5_s44,391,1,1.34765,2.7126,0.0,0.0009719161038037683
text+audio_text_ln_lrh0.001_frozen_e5_s44,392,1,1.25455,2.7813,0.0,0.000971560611446854
text+audio_text_ln_lrh0.001_frozen_e5_s44,393,1,1.26252,3.5585,0.0,0.0009712051190899396
text+audio_text_ln_lrh0.001_frozen_e5_s44,394,1,1.46534,4.6137,0.0,0.0009708496267330253
text+audio_text_ln_lrh0.001_frozen_e5_s44,395,1,1.59747,7.3475,0.0,0.0009704941343761108
text+audio_text_ln_lrh0.001_frozen_e5_s44,396,1,1.65434,6.0074,0.0,0.0009701386420191967
text+audio_text_ln_lrh0.001_frozen_e5_s44,397,1,1.56629,3.3625,0.0,0.0009697831496622823
text+audio_text_ln_lrh0.001_frozen_e5_s44,398,1,1.61575,3.9306,0.0,0.0009694276573053679
text+audio_text_ln_lrh0.001_frozen_e5_s44,399,1,1.19656,2.8629,0.0,0.0009690721649484536
text+audio_text_ln_lrh0.001_frozen_e5_s44,400,1,1.39033,2.8737,0.0,0.0009687166725915393
text+audio_text_ln_lrh0.001_frozen_e5_s44,401,1,1.13688,5.0569,0.0,0.0009683611802346249
text+audio_text_ln_lrh0.001_frozen_e5_s44,402,1,1.67755,3.8164,0.0,0.0009680056878777106
text+audio_text_ln_lrh0.001_frozen_e5_s44,403,1,1.22954,2.833,0.0,0.0009676501955207964
text+audio_text_ln_lrh0.001_frozen_e5_s44,404,1,1.51311,2.8483,0.0,0.000967294703163882
text+audio_text_ln_lrh0.001_frozen_e5_s44,405,1,1.4311,3.8527,0.0,0.0009669392108069677
text+audio_text_ln_lrh0.001_frozen_e5_s44,406,1,0.99946,3.3578,0.0,0.0009665837184500534
text+audio_text_ln_lrh0.001_frozen_e5_s44,407,1,1.07987,3.2801,0.0,0.000966228226093139
text+audio_text_ln_lrh0.001_frozen_e5_s44,408,1,1.42593,3.3432,0.0,0.0009658727337362247
text+audio_text_ln_lrh0.001_frozen_e5_s44,409,1,1.36765,3.2326,0.0,0.0009655172413793104
text+audio_text_ln_lrh0.001_frozen_e5_s44,410,1,1.15027,3.7435,0.0,0.000965161749022396
text+audio_text_ln_lrh0.001_frozen_e5_s44,411,1,1.3815,4.3224,0.0,0.0009648062566654817
text+audio_text_ln_lrh0.001_frozen_e5_s44,412,1,1.37867,2.4616,0.0,0.0009644507643085673
text+audio_text_ln_lrh0.001_frozen_e5_s44,413,1,1.19068,3.4227,0.0,0.000964095271951653
text+audio_text_ln_lrh0.001_frozen_e5_s44,414,1,1.19147,2.266,0.0,0.0009637397795947387
text+audio_text_ln_lrh0.001_frozen_e5_s44,415,1,1.11058,4.7259,0.0,0.0009633842872378244
text+audio_text_ln_lrh0.001_frozen_e5_s44,416,1,1.53321,4.373,0.0,0.0009630287948809101
text+audio_text_ln_lrh0.001_frozen_e5_s44,417,1,1.28335,3.6618,0.0,0.0009626733025239958
text+audio_text_ln_lrh0.001_frozen_e5_s44,418,1,1.38662,4.3348,0.0,0.0009623178101670814
text+audio_text_ln_lrh0.001_frozen_e5_s44,419,1,1.38468,3.5656,0.0,0.0009619623178101671
text+audio_text_ln_lrh0.001_frozen_e5_s44,420,1,1.18508,2.5995,0.0,0.0009616068254532528
text+audio_text_ln_lrh0.001_frozen_e5_s44,421,1,1.22679,3.53,0.0,0.0009612513330963385
text+audio_text_ln_lrh0.001_frozen_e5_s44,422,1,1.1253,2.991,0.0,0.0009608958407394242
text+audio_text_ln_lrh0.001_frozen_e5_s44,423,1,1.25329,4.2255,0.0,0.0009605403483825098
text+audio_text_ln_lrh0.001_frozen_e5_s44,424,1,1.59171,4.4824,0.0,0.0009601848560255955
text+audio_text_ln_lrh0.001_frozen_e5_s44,425,1,1.14575,4.0555,0.0,0.0009598293636686811
text+audio_text_ln_lrh0.001_frozen_e5_s44,426,1,1.21069,4.2544,0.0,0.0009594738713117667
text+audio_text_ln_lrh0.001_frozen_e5_s44,427,1,1.21274,2.6968,0.0,0.0009591183789548525
text+audio_text_ln_lrh0.001_frozen_e5_s44,428,1,1.60362,4.4924,0.0,0.0009587628865979382
text+audio_text_ln_lrh0.001_frozen_e5_s44,429,1,1.18267,3.8386,0.0,0.0009584073942410238
text+audio_text_ln_lrh0.001_frozen_e5_s44,430,1,1.15878,2.7101,0.0,0.0009580519018841095
text+audio_text_ln_lrh0.001_frozen_e5_s44,431,1,1.13463,5.4148,0.0,0.0009576964095271952
text+audio_text_ln_lrh0.001_frozen_e5_s44,432,1,1.19989,2.9464,0.0,0.0009573409171702808
text+audio_text_ln_lrh0.001_frozen_e5_s44,433,1,1.17915,3.1876,0.0,0.0009569854248133665
text+audio_text_ln_lrh0.001_frozen_e5_s44,434,1,1.03796,2.6649,0.0,0.0009566299324564523
text+audio_text_ln_lrh0.001_frozen_e5_s44,435,1,1.57034,3.4398,0.0,0.0009562744400995379
text+audio_text_ln_lrh0.001_frozen_e5_s44,436,1,1.34452,3.0482,0.0,0.0009559189477426236
text+audio_text_ln_lrh0.001_frozen_e5_s44,437,1,1.33836,4.4075,0.0,0.0009555634553857092
text+audio_text_ln_lrh0.001_frozen_e5_s44,438,1,0.68466,6.1736,0.0,0.0009552079630287949
text+audio_text_ln_lrh0.001_frozen_e5_s44,439,1,1.40185,5.3536,0.0,0.0009548524706718806
text+audio_text_ln_lrh0.001_frozen_e5_s44,440,1,1.19824,3.059,0.0,0.0009544969783149662
text+audio_text_ln_lrh0.001_frozen_e5_s44,441,1,1.69031,4.0277,0.0,0.0009541414859580519
text+audio_text_ln_lrh0.001_frozen_e5_s44,442,1,0.88866,2.4205,0.0,0.0009537859936011376
text+audio_text_ln_lrh0.001_frozen_e5_s44,443,1,1.25592,3.2118,0.0,0.0009534305012442232
text+audio_text_ln_lrh0.001_frozen_e5_s44,444,1,1.15616,3.0356,0.0,0.0009530750088873089
text+audio_text_ln_lrh0.001_frozen_e5_s44,445,1,1.1434,5.3206,0.0,0.0009527195165303946
text+audio_text_ln_lrh0.001_frozen_e5_s44,446,1,1.26781,3.3342,0.0,0.0009523640241734803
text+audio_text_ln_lrh0.001_frozen_e5_s44,447,1,0.91143,2.3447,0.0,0.000952008531816566
text+audio_text_ln_lrh0.001_frozen_e5_s44,448,1,1.57491,4.9983,0.0,0.0009516530394596517
text+audio_text_ln_lrh0.001_frozen_e5_s44,449,1,1.41169,6.8809,0.0,0.0009512975471027373
text+audio_text_ln_lrh0.001_frozen_e5_s44,450,1,1.22679,3.4476,0.0,0.000950942054745823
text+audio_text_ln_lrh0.001_frozen_e5_s44,451,1,1.27272,3.9101,0.0,0.0009505865623889086
text+audio_text_ln_lrh0.001_frozen_e5_s44,452,1,1.64166,6.8025,0.0,0.0009502310700319944
text+audio_text_ln_lrh0.001_frozen_e5_s44,453,1,1.24197,3.5286,0.0,0.0009498755776750801
text+audio_text_ln_lrh0.001_frozen_e5_s44,454,1,0.94854,3.1513,0.0,0.0009495200853181656
text+audio_text_ln_lrh0.001_frozen_e5_s44,455,1,1.43539,3.6636,0.0,0.0009491645929612513
text+audio_text_ln_lrh0.001_frozen_e5_s44,456,1,1.54534,3.6364,0.0,0.000948809100604337
text+audio_text_ln_lrh0.001_frozen_e5_s44,457,1,1.43091,3.8048,0.0,0.0009484536082474226
text+audio_text_ln_lrh0.001_frozen_e5_s44,458,1,1.44417,4.188,0.0,0.0009480981158905084
text+audio_text_ln_lrh0.001_frozen_e5_s44,459,1,1.23123,5.615,0.0,0.0009477426235335941
text+audio_text_ln_lrh0.001_frozen_e5_s44,460,1,1.23038,5.289,0.0,0.0009473871311766797
text+audio_text_ln_lrh0.001_frozen_e5_s44,461,1,1.35325,3.8973,0.0,0.0009470316388197654
text+audio_text_ln_lrh0.001_frozen_e5_s44,462,1,1.02081,3.2142,0.0,0.0009466761464628511
text+audio_text_ln_lrh0.001_frozen_e5_s44,463,1,0.9602,3.927,0.0,0.0009463206541059367
text+audio_text_ln_lrh0.001_frozen_e5_s44,464,1,1.41466,5.0799,0.0,0.0009459651617490224
text+audio_text_ln_lrh0.001_frozen_e5_s44,465,1,1.03542,3.7577,0.0,0.0009456096693921082
text+audio_text_ln_lrh0.001_frozen_e5_s44,466,1,1.18422,5.8574,0.0,0.0009452541770351938
text+audio_text_ln_lrh0.001_frozen_e5_s44,467,1,1.63858,5.1643,0.0,0.0009448986846782795
text+audio_text_ln_lrh0.001_frozen_e5_s44,468,1,1.24535,3.5517,0.0,0.000944543192321365
text+audio_text_ln_lrh0.001_frozen_e5_s44,469,1,1.74748,6.7968,0.0,0.0009441876999644507
text+audio_text_ln_lrh0.001_frozen_e5_s44,470,1,1.2729,3.1308,0.0,0.0009438322076075364
text+audio_text_ln_lrh0.001_frozen_e5_s44,471,1,1.20685,2.7699,0.0,0.0009434767152506221
text+audio_text_ln_lrh0.001_frozen_e5_s44,472,1,1.49128,4.2662,0.0,0.0009431212228937078
text+audio_text_ln_lrh0.001_frozen_e5_s44,473,1,1.48209,6.1328,0.0,0.0009427657305367935
text+audio_text_ln_lrh0.001_frozen_e5_s44,474,1,1.64994,3.7969,0.0,0.0009424102381798791
text+audio_text_ln_lrh0.001_frozen_e5_s44,475,1,1.14642,3.6613,0.0,0.0009420547458229648
text+audio_text_ln_lrh0.001_frozen_e5_s44,476,1,1.35687,4.7511,0.0,0.0009416992534660505
text+audio_text_ln_lrh0.001_frozen_e5_s44,477,1,1.37886,4.8766,0.0,0.0009413437611091362
text+audio_text_ln_lrh0.001_frozen_e5_s44,478,1,1.23894,5.6054,0.0,0.0009409882687522219
text+audio_text_ln_lrh0.001_frozen_e5_s44,479,1,1.36334,3.4241,0.0,0.0009406327763953076
text+audio_text_ln_lrh0.001_frozen_e5_s44,480,1,1.51993,3.4991,0.0,0.0009402772840383932
text+audio_text_ln_lrh0.001_frozen_e5_s44,481,1,1.19189,2.542,0.0,0.0009399217916814789
text+audio_text_ln_lrh0.001_frozen_e5_s44,482,1,1.65233,4.4593,0.0,0.0009395662993245645
text+audio_text_ln_lrh0.001_frozen_e5_s44,483,1,1.19282,4.0675,0.0,0.0009392108069676503
text+audio_text_ln_lrh0.001_frozen_e5_s44,484,1,1.50418,5.2634,0.0,0.000938855314610736
text+audio_text_ln_lrh0.001_frozen_e5_s44,485,1,1.2298,2.4851,0.0,0.0009384998222538215
text+audio_text_ln_lrh0.001_frozen_e5_s44,486,1,1.54718,4.1712,0.0,0.0009381443298969072
text+audio_text_ln_lrh0.001_frozen_e5_s44,487,1,1.97718,7.3174,0.0,0.0009377888375399929
text+audio_text_ln_lrh0.001_frozen_e5_s44,488,1,1.52987,5.1098,0.0,0.0009374333451830785
text+audio_text_ln_lrh0.001_frozen_e5_s44,489,1,1.724,4.8179,0.0,0.0009370778528261643
text+audio_text_ln_lrh0.001_frozen_e5_s44,490,1,1.58902,3.3152,0.0,0.00093672236046925
text+audio_text_ln_lrh0.001_frozen_e5_s44,491,1,1.4702,4.7641,0.0,0.0009363668681123356
text+audio_text_ln_lrh0.001_frozen_e5_s44,492,1,1.71679,3.7585,0.0,0.0009360113757554213
text+audio_text_ln_lrh0.001_frozen_e5_s44,493,1,1.36781,4.9476,0.0,0.000935655883398507
text+audio_text_ln_lrh0.001_frozen_e5_s44,494,1,1.70539,5.3985,0.0,0.0009353003910415926
text+audio_text_ln_lrh0.001_frozen_e5_s44,495,1,1.58515,4.3382,0.0,0.0009349448986846783
text+audio_text_ln_lrh0.001_frozen_e5_s44,496,1,1.40142,3.7726,0.0,0.000934589406327764
text+audio_text_ln_lrh0.001_frozen_e5_s44,497,1,1.36858,4.8089,0.0,0.0009342339139708497
text+audio_text_ln_lrh0.001_frozen_e5_s44,498,1,1.31929,3.8544,0.0,0.0009338784216139354
text+audio_text_ln_lrh0.001_frozen_e5_s44,499,1,1.14847,3.4641,0.0,0.0009335229292570209
text+audio_text_ln_lrh0.001_frozen_e5_s44,500,1,1.17027,2.658,0.0,0.0009331674369001066
text+audio_text_ln_lrh0.001_frozen_e5_s44,501,1,1.54923,3.051,0.0,0.0009328119445431923
text+audio_text_ln_lrh0.001_frozen_e5_s44,502,1,1.21234,3.2347,0.0,0.000932456452186278
text+audio_text_ln_lrh0.001_frozen_e5_s44,503,1,1.07467,2.3359,0.0,0.0009321009598293637
text+audio_text_ln_lrh0.001_frozen_e5_s44,504,1,1.07307,4.0635,0.0,0.0009317454674724494
text+audio_text_ln_lrh0.001_frozen_e5_s44,505,1,1.35307,5.2775,0.0,0.000931389975115535
text+audio_text_ln_lrh0.001_frozen_e5_s44,506,1,1.83073,5.225,0.0,0.0009310344827586207
text+audio_text_ln_lrh0.001_frozen_e5_s44,507,1,1.78084,3.6006,0.0,0.0009306789904017064
text+audio_text_ln_lrh0.001_frozen_e5_s44,508,1,1.27075,3.0244,0.0,0.0009303234980447921
text+audio_text_ln_lrh0.001_frozen_e5_s44,509,1,1.1055,4.141,0.0,0.0009299680056878778
text+audio_text_ln_lrh0.001_frozen_e5_s44,510,1,1.63208,4.5982,0.0,0.0009296125133309634
text+audio_text_ln_lrh0.001_frozen_e5_s44,511,1,1.76534,3.8913,0.0,0.0009292570209740491
text+audio_text_ln_lrh0.001_frozen_e5_s44,512,1,1.33116,3.5749,0.0,0.0009289015286171348
text+audio_text_ln_lrh0.001_frozen_e5_s44,513,1,1.42507,5.263,0.0,0.0009285460362602203
text+audio_text_ln_lrh0.001_frozen_e5_s44,514,1,1.23566,3.4637,0.0,0.0009281905439033061
text+audio_text_ln_lrh0.001_frozen_e5_s44,515,1,1.5932,6.111,0.0,0.0009278350515463918
text+audio_text_ln_lrh0.001_frozen_e5_s44,516,1,1.56489,3.2643,0.0,0.0009274795591894774
text+audio_text_ln_lrh0.001_frozen_e5_s44,517,1,1.38659,3.2524,0.0,0.0009271240668325631
text+audio_text_ln_lrh0.001_frozen_e5_s44,518,1,1.01366,4.3405,0.0,0.0009267685744756488
text+audio_text_ln_lrh0.001_frozen_e5_s44,519,1,1.34855,2.8937,0.0,0.0009264130821187344
text+audio_text_ln_lrh0.001_frozen_e5_s44,520,1,1.42007,3.1075,0.0,0.0009260575897618201
text+audio_text_ln_lrh0.001_frozen_e5_s44,521,1,1.41182,2.723,0.0,0.0009257020974049059
text+audio_text_ln_lrh0.001_frozen_e5_s44,522,1,1.28781,3.2057,0.0,0.0009253466050479915
text+audio_text_ln_lrh0.001_frozen_e5_s44,523,1,1.37776,3.9838,0.0,0.0009249911126910772
text+audio_text_ln_lrh0.001_frozen_e5_s44,524,1,1.0994,3.1064,0.0,0.0009246356203341628
text+audio_text_ln_lrh0.001_frozen_e5_s44,525,1,0.73172,2.0193,0.0,0.0009242801279772485
text+audio_text_ln_lrh0.001_frozen_e5_s44,526,1,1.02273,3.1938,0.0,0.0009239246356203342
text+audio_text_ln_lrh0.001_frozen_e5_s44,527,1,1.44948,4.3803,0.0,0.0009235691432634199
text+audio_text_ln_lrh0.001_frozen_e5_s44,528,1,2.12331,8.1278,0.0,0.0009232136509065055
text+audio_text_ln_lrh0.001_frozen_e5_s44,529,1,1.19248,3.3485,0.0,0.0009228581585495912
text+audio_text_ln_lrh0.001_frozen_e5_s44,530,1,0.70786,2.162,0.0,0.0009225026661926768
text+audio_text_ln_lrh0.001_frozen_e5_s44,531,1,1.1173,2.893,0.0,0.0009221471738357625
text+audio_text_ln_lrh0.001_frozen_e5_s44,532,1,1.33208,2.5802,0.0,0.0009217916814788482
text+audio_text_ln_lrh0.001_frozen_e5_s44,533,1,1.29584,2.7745,0.0,0.0009214361891219339
text+audio_text_ln_lrh0.001_frozen_e5_s44,534,1,1.30829,3.1935,0.0,0.0009210806967650196
text+audio_text_ln_lrh0.001_frozen_e5_s44,535,1,1.57988,4.8689,0.0,0.0009207252044081053
text+audio_text_ln_lrh0.001_frozen_e5_s44,536,1,1.72568,5.1539,0.0,0.0009203697120511909
text+audio_text_ln_lrh0.001_frozen_e5_s44,537,1,1.37638,3.5889,0.0,0.0009200142196942766
text+audio_text_ln_lrh0.001_frozen_e5_s44,538,1,1.48173,3.0933,0.0,0.0009196587273373622
text+audio_text_ln_lrh0.001_frozen_e5_s44,539,1,1.41158,3.1085,0.0,0.000919303234980448
text+audio_text_ln_lrh0.001_frozen_e5_s44,540,1,1.28805,3.2591,0.0,0.0009189477426235337
text+audio_text_ln_lrh0.001_frozen_e5_s44,541,1,1.06289,2.7105,0.0,0.0009185922502666193
text+audio_text_ln_lrh0.001_frozen_e5_s44,542,1,1.17883,2.9442,0.0,0.000918236757909705
text+audio_text_ln_lrh0.001_frozen_e5_s44,543,1,1.01365,2.6574,0.0,0.0009178812655527906
text+audio_text_ln_lrh0.001_frozen_e5_s44,544,1,1.27873,2.7891,0.0,0.0009175257731958762
text+audio_text_ln_lrh0.001_frozen_e5_s44,545,1,1.39515,5.1143,0.0,0.000917170280838962
text+audio_text_ln_lrh0.001_frozen_e5_s44,546,1,1.5415,3.4293,0.0,0.0009168147884820477
text+audio_text_ln_lrh0.001_frozen_e5_s44,547,1,1.39574,3.6452,0.0,0.0009164592961251333
text+audio_text_ln_lrh0.001_frozen_e5_s44,548,1,1.29456,2.8616,0.0,0.000916103803768219
text+audio_text_ln_lrh0.001_frozen_e5_s44,549,1,0.99567,2.1884,0.0,0.0009157483114113047
text+audio_text_ln_lrh0.001_frozen_e5_s44,550,1,1.38519,3.8071,0.0,0.0009153928190543903
text+audio_text_ln_lrh0.001_frozen_e5_s44,551,1,1.93597,4.8694,0.0,0.000915037326697476
text+audio_text_ln_lrh0.001_frozen_e5_s44,552,1,1.413,3.7635,0.0,0.0009146818343405618
text+audio_text_ln_lrh0.001_frozen_e5_s44,553,1,1.54454,6.2507,0.0,0.0009143263419836474
text+audio_text_ln_lrh0.001_frozen_e5_s44,554,1,1.31928,4.4138,0.0,0.0009139708496267331
text+audio_text_ln_lrh0.001_frozen_e5_s44,555,1,1.37601,3.3028,0.0,0.0009136153572698187
text+audio_text_ln_lrh0.001_frozen_e5_s44,556,1,1.14689,2.3914,0.0,0.0009132598649129044
text+audio_text_ln_lrh0.001_frozen_e5_s44,557,1,1.00423,5.4752,0.0,0.00091290437255599
text+audio_text_ln_lrh0.001_frozen_e5_s44,558,1,1.23923,4.3593,0.0,0.0009125488801990757
text+audio_text_ln_lrh0.001_frozen_e5_s44,559,1,1.29074,4.4256,0.0,0.0009121933878421614
text+audio_text_ln_lrh0.001_frozen_e5_s44,560,1,1.13031,3.0175,0.0,0.0009118378954852471
text+audio_text_ln_lrh0.001_frozen_e5_s44,561,1,1.18622,2.9816,0.0,0.0009114824031283327
text+audio_text_ln_lrh0.001_frozen_e5_s44,562,1,1.34375,3.5576,0.0,0.0009111269107714184
text+audio_text_ln_lrh0.001_frozen_e5_s44,563,1,1.88834,3.5048,0.0,0.0009107714184145041
text+audio_text_ln_lrh0.001_frozen_e5_s44,564,1,0.86766,3.4895,0.0,0.0009104159260575898
text+audio_text_ln_lrh0.001_frozen_e5_s44,565,1,1.55489,3.223,0.0,0.0009100604337006755
text+audio_text_ln_lrh0.001_frozen_e5_s44,566,1,1.70362,5.3318,0.0,0.0009097049413437612
text+audio_text_ln_lrh0.001_frozen_e5_s44,567,1,1.13986,4.1018,0.0,0.0009093494489868468
text+audio_text_ln_lrh0.001_frozen_e5_s44,568,1,1.78166,6.2406,0.0,0.0009089939566299325
text+audio_text_ln_lrh0.001_frozen_e5_s44,569,1,1.77124,7.294,0.0,0.0009086384642730181
text+audio_text_ln_lrh0.001_frozen_e5_s44,570,1,1.04944,4.1293,0.0,0.0009082829719161039
text+audio_text_ln_lrh0.001_frozen_e5_s44,571,1,1.18508,3.591,0.0,0.0009079274795591896
text+audio_text_ln_lrh0.001_frozen_e5_s44,572,1,1.1996,5.1438,0.0,0.0009075719872022751
text+audio_text_ln_lrh0.001_frozen_e5_s44,573,1,1.42315,4.192,0.0,0.0009072164948453608
text+audio_text_ln_lrh0.001_frozen_e5_s44,574,1,1.23429,5.6744,0.0,0.0009068610024884465
text+audio_text_ln_lrh0.001_frozen_e5_s44,575,1,1.37536,4.1573,0.0,0.0009065055101315321
text+audio_text_ln_lrh0.001_frozen_e5_s44,576,1,1.58992,4.5614,0.0,0.0009061500177746179
text+audio_text_ln_lrh0.001_frozen_e5_s44,577,1,0.94013,3.414,0.0,0.0009057945254177036
text+audio_text_ln_lrh0.001_frozen_e5_s44,578,1,1.1814,3.942,0.0,0.0009054390330607892
text+audio_text_ln_lrh0.001_frozen_e5_s44,579,1,1.09111,3.9508,0.0,0.0009050835407038749
text+audio_text_ln_lrh0.001_frozen_e5_s44,580,1,1.46243,4.5119,0.0,0.0009047280483469606
text+audio_text_ln_lrh0.001_frozen_e5_s44,581,1,0.88084,3.5618,0.0,0.0009043725559900462
text+audio_text_ln_lrh0.001_frozen_e5_s44,582,1,1.2357,4.1035,0.0,0.0009040170636331319
text+audio_text_ln_lrh0.001_frozen_e5_s44,583,1,1.25651,3.1028,0.0,0.0009036615712762176
text+audio_text_ln_lrh0.001_frozen_e5_s44,584,1,1.56959,4.6846,0.0,0.0009033060789193033
text+audio_text_ln_lrh0.001_frozen_e5_s44,585,1,1.73797,4.4767,0.0,0.000902950586562389
text+audio_text_ln_lrh0.001_frozen_e5_s44,586,1,1.49783,2.9145,0.0,0.0009025950942054745
text+audio_text_ln_lrh0.001_frozen_e5_s44,587,1,1.21469,4.0374,0.0,0.0009022396018485602
text+audio_text_ln_lrh0.001_frozen_e5_s44,588,1,1.35545,4.4973,0.0,0.0009018841094916459
text+audio_text_ln_lrh0.001_frozen_e5_s44,589,1,1.65451,2.6679,0.0,0.0009015286171347316
text+audio_text_ln_lrh0.001_frozen_e5_s44,590,1,1.1725,2.8059,0.0,0.0009011731247778173
text+audio_text_ln_lrh0.001_frozen_e5_s44,591,1,1.27287,4.5276,0.0,0.000900817632420903
text+audio_text_ln_lrh0.001_frozen_e5_s44,592,1,1.32823,3.7406,0.0,0.0009004621400639886
text+audio_text_ln_lrh0.001_frozen_e5_s44,593,1,1.0703,2.9758,0.0,0.0009001066477070743
text+audio_text_ln_lrh0.001_frozen_e5_s44,594,1,1.40439,4.4601,0.0,0.00089975115535016
text+audio_text_ln_lrh0.001_frozen_e5_s44,595,1,1.59584,3.2461,0.0,0.0008993956629932457
text+audio_text_ln_lrh0.001_frozen_e5_s44,596,1,0.97731,2.654,0.0,0.0008990401706363314
text+audio_text_ln_lrh0.001_frozen_e5_s44,597,1,1.3224,3.5989,0.0,0.000898684678279417
text+audio_text_ln_lrh0.001_frozen_e5_s44,598,1,1.11405,4.8293,0.0,0.0008983291859225027
text+audio_text_ln_lrh0.001_frozen_e5_s44,599,1,1.0959,3.0202,0.0,0.0008979736935655884
text+audio_text_ln_lrh0.001_frozen_e5_s44,600,1,1.31422,4.4089,0.0,0.000897618201208674
text+audio_text_ln_lrh0.001_frozen_e5_s44,601,1,1.71656,3.5333,0.0,0.0008972627088517597
text+audio_text_ln_lrh0.001_frozen_e5_s44,602,1,1.15464,2.3109,0.0,0.0008969072164948454
text+audio_text_ln_lrh0.001_frozen_e5_s44,603,1,1.48473,4.2091,0.0,0.000896551724137931
text+audio_text_ln_lrh0.001_frozen_e5_s44,604,1,1.07755,2.5948,0.0,0.0008961962317810167
text+audio_text_ln_lrh0.001_frozen_e5_s44,605,1,0.82937,2.3041,0.0,0.0008958407394241024
text+audio_text_ln_lrh0.001_frozen_e5_s44,606,1,1.18859,4.1032,0.0,0.000895485247067188
text+audio_text_ln_lrh0.001_frozen_e5_s44,607,1,1.40147,3.5626,0.0,0.0008951297547102738
text+audio_text_ln_lrh0.001_frozen_e5_s44,608,1,0.95416,3.3912,0.0,0.0008947742623533595
text+audio_text_ln_lrh0.001_frozen_e5_s44,609,1,1.34359,2.6564,0.0,0.0008944187699964451
text+audio_text_ln_lrh0.001_frozen_e5_s44,610,1,1.57936,3.6423,0.0,0.0008940632776395308
text+audio_text_ln_lrh0.001_frozen_e5_s44,611,1,1.16033,3.189,0.0,0.0008937077852826164
text+audio_text_ln_lrh0.001_frozen_e5_s44,612,1,1.44861,3.7185,0.0,0.0008933522929257021
text+audio_text_ln_lrh0.001_frozen_e5_s44,613,1,1.19891,4.1561,0.0,0.0008929968005687878
text+audio_text_ln_lrh0.001_frozen_e5_s44,614,1,1.93678,4.8405,0.0,0.0008926413082118735
text+audio_text_ln_lrh0.001_frozen_e5_s44,615,1,1.04883,2.9928,0.0,0.0008922858158549592
text+audio_text_ln_lrh0.001_frozen_e5_s44,616,1,1.18846,3.9769,0.0,0.0008919303234980448
text+audio_text_ln_lrh0.001_frozen_e5_s44,617,1,1.51546,5.2783,0.0,0.0008915748311411304
text+audio_text_ln_lrh0.001_frozen_e5_s44,618,1,1.35565,3.4379,0.0,0.0008912193387842161
text+audio_text_ln_lrh0.001_frozen_e5_s44,619,1,1.36189,3.7334,0.0,0.0008908638464273018
text+audio_text_ln_lrh0.001_frozen_e5_s44,620,1,1.18109,2.8482,0.0,0.0008905083540703875
text+audio_text_ln_lrh0.001_frozen_e5_s44,621,1,1.17773,2.2503,0.0,0.0008901528617134732
text+audio_text_ln_lrh0.001_frozen_e5_s44,622,1,0.99008,3.6988,0.0,0.0008897973693565589
text+audio_text_ln_lrh0.001_frozen_e5_s44,623,1,2.03874,5.3739,0.0,0.0008894418769996445
text+audio_text_ln_lrh0.001_frozen_e5_s44,624,1,1.38874,3.7676,0.0,0.0008890863846427302
text+audio_text_ln_lrh0.001_frozen_e5_s44,625,1,1.44119,6.5424,0.0,0.0008887308922858158
text+audio_text_ln_lrh0.001_frozen_e5_s44,626,2,1.54843,3.4414,0.0,0.0008883753999289016
text+audio_text_ln_lrh0.001_frozen_e5_s44,627,2,1.2142,3.0886,0.0,0.0008880199075719873
text+audio_text_ln_lrh0.001_frozen_e5_s44,628,2,1.16375,3.6563,0.0,0.0008876644152150729
text+audio_text_ln_lrh0.001_frozen_e5_s44,629,2,1.23509,3.4137,0.0,0.0008873089228581586
text+audio_text_ln_lrh0.001_frozen_e5_s44,630,2,0.92289,2.794,0.0,0.0008869534305012442
text+audio_text_ln_lrh0.001_frozen_e5_s44,631,2,1.39178,3.6639,0.0,0.0008865979381443298
text+audio_text_ln_lrh0.001_frozen_e5_s44,632,2,1.21854,2.6317,0.0,0.0008862424457874156
text+audio_text_ln_lrh0.001_frozen_e5_s44,633,2,1.47495,2.963,0.0,0.0008858869534305013
text+audio_text_ln_lrh0.001_frozen_e5_s44,634,2,1.10219,2.2228,0.0,0.0008855314610735869
text+audio_text_ln_lrh0.001_frozen_e5_s44,635,2,1.53252,3.0919,0.0,0.0008851759687166726
text+audio_text_ln_lrh0.001_frozen_e5_s44,636,2,1.04857,2.5964,0.0,0.0008848204763597583
text+audio_text_ln_lrh0.001_frozen_e5_s44,637,2,1.16892,4.9908,0.0,0.0008844649840028439
text+audio_text_ln_lrh0.001_frozen_e5_s44,638,2,1.54927,4.0373,0.0,0.0008841094916459296
text+audio_text_ln_lrh0.001_frozen_e5_s44,639,2,0.79905,3.044,0.0,0.0008837539992890154
text+audio_text_ln_lrh0.001_frozen_e5_s44,640,2,1.47032,2.9296,0.0,0.000883398506932101
text+audio_text_ln_lrh0.001_frozen_e5_s44,641,2,1.43707,3.2087,0.0,0.0008830430145751867
text+audio_text_ln_lrh0.001_frozen_e5_s44,642,2,1.15032,2.6894,0.0,0.0008826875222182723
text+audio_text_ln_lrh0.001_frozen_e5_s44,643,2,1.83901,5.5789,0.0,0.000882332029861358
text+audio_text_ln_lrh0.001_frozen_e5_s44,644,2,1.83299,5.1415,0.0,0.0008819765375044437
text+audio_text_ln_lrh0.001_frozen_e5_s44,645,2,1.53133,3.7875,0.0,0.0008816210451475293
text+audio_text_ln_lrh0.001_frozen_e5_s44,646,2,1.38134,3.181,0.0,0.000881265552790615
text+audio_text_ln_lrh0.001_frozen_e5_s44,647,2,1.42152,3.7681,0.0,0.0008809100604337007
text+audio_text_ln_lrh0.001_frozen_e5_s44,648,2,1.43872,3.7245,0.0,0.0008805545680767863
text+audio_text_ln_lrh0.001_frozen_e5_s44,649,2,0.94376,4.1559,0.0,0.000880199075719872
text+audio_text_ln_lrh0.001_frozen_e5_s44,650,2,1.52218,3.8799,0.0,0.0008798435833629577
text+audio_text_ln_lrh0.001_frozen_e5_s44,651,2,1.00096,3.6339,0.0,0.0008794880910060434
text+audio_text_ln_lrh0.001_frozen_e5_s44,652,2,1.15162,3.9534,0.0,0.0008791325986491291
text+audio_text_ln_lrh0.001_frozen_e5_s44,653,2,1.39643,2.9593,0.0,0.0008787771062922148
text+audio_text_ln_lrh0.001_frozen_e5_s44,654,2,1.24695,3.5075,0.0,0.0008784216139353004
text+audio_text_ln_lrh0.001_frozen_e5_s44,655,2,0.9938,3.5014,0.0,0.0008780661215783861
text+audio_text_ln_lrh0.001_frozen_e5_s44,656,2,1.34693,2.7134,0.0,0.0008777106292214717
text+audio_text_ln_lrh0.001_frozen_e5_s44,657,2,1.30228,2.8278,0.0,0.0008773551368645575
text+audio_text_ln_lrh0.001_frozen_e5_s44,658,2,1.46016,2.9658,0.0,0.0008769996445076432
text+audio_text_ln_lrh0.001_frozen_e5_s44,659,2,1.17483,5.4832,0.0,0.0008766441521507287
text+audio_text_ln_lrh0.001_frozen_e5_s44,660,2,1.24816,2.5794,0.0,0.0008762886597938144
text+audio_text_ln_lrh0.001_frozen_e5_s44,661,2,1.18969,3.6237,0.0,0.0008759331674369001
text+audio_text_ln_lrh0.001_frozen_e5_s44,662,2,1.41954,4.873,0.0,0.0008755776750799857
text+audio_text_ln_lrh0.001_frozen_e5_s44,663,2,1.24515,4.6402,0.0,0.0008752221827230715
text+audio_text_ln_lrh0.001_frozen_e5_s44,664,2,1.19538,3.6302,0.0,0.0008748666903661572
text+audio_text_ln_lrh0.001_frozen_e5_s44,665,2,0.75952,2.5604,0.0,0.0008745111980092428
text+audio_text_ln_lrh0.001_frozen_e5_s44,666,2,1.50607,3.8636,0.0,0.0008741557056523285
text+audio_text_ln_lrh0.001_frozen_e5_s44,667,2,1.36489,3.6066,0.0,0.0008738002132954142
text+audio_text_ln_lrh0.001_frozen_e5_s44,668,2,1.30275,2.7656,0.0,0.0008734447209384998
text+audio_text_ln_lrh0.001_frozen_e5_s44,669,2,1.08397,4.0036,0.0,0.0008730892285815855
text+audio_text_ln_lrh0.001_frozen_e5_s44,670,2,1.2452,4.0911,0.0,0.0008727337362246712
text+audio_text_ln_lrh0.001_frozen_e5_s44,671,2,1.39514,3.2266,0.0,0.0008723782438677569
text+audio_text_ln_lrh0.001_frozen_e5_s44,672,2,0.93796,2.3447,0.0,0.0008720227515108426
text+audio_text_ln_lrh0.001_frozen_e5_s44,673,2,1.57144,4.2393,0.0,0.0008716672591539281
text+audio_text_ln_lrh0.001_frozen_e5_s44,674,2,1.21755,3.0413,0.0,0.0008713117667970138
text+audio_text_ln_lrh0.001_frozen_e5_s44,675,2,1.0205,2.447,0.0,0.0008709562744400995
text+audio_text_ln_lrh0.001_frozen_e5_s44,676,2,1.29598,3.8175,0.0,0.0008706007820831852
text+audio_text_ln_lrh0.001_frozen_e5_s44,677,2,1.2747,4.9117,0.0,0.0008702452897262709
text+audio_text_ln_lrh0.001_frozen_e5_s44,678,2,1.32208,2.6585,0.0,0.0008698897973693566
text+audio_text_ln_lrh0.001_frozen_e5_s44,679,2,0.96878,3.6216,0.0,0.0008695343050124422
text+audio_text_ln_lrh0.001_frozen_e5_s44,680,2,1.185,2.6771,0.0,0.0008691788126555279
text+audio_text_ln_lrh0.001_frozen_e5_s44,681,2,0.97612,2.2128,0.0,0.0008688233202986136
text+audio_text_ln_lrh0.001_frozen_e5_s44,682,2,0.9829,2.9568,0.0,0.0008684678279416993
text+audio_text_ln_lrh0.001_frozen_e5_s44,683,2,1.00658,4.7073,0.0,0.000868112335584785
text+audio_text_ln_lrh0.001_frozen_e5_s44,684,2,1.03632,5.2878,0.0,0.0008677568432278706
text+audio_text_ln_lrh0.001_frozen_e5_s44,685,2,1.38767,3.2807,0.0,0.0008674013508709563
text+audio_text_ln_lrh0.001_frozen_e5_s44,686,2,1.39399,4.6669,0.0,0.000867045858514042
text+audio_text_ln_lrh0.001_frozen_e5_s44,687,2,1.01891,3.062,0.0,0.0008666903661571276
text+audio_text_ln_lrh0.001_frozen_e5_s44,688,2,1.19098,3.9472,0.0,0.0008663348738002134
text+audio_text_ln_lrh0.001_frozen_e5_s44,689,2,1.78968,8.4313,0.0,0.000865979381443299
text+audio_text_ln_lrh0.001_frozen_e5_s44,690,2,1.59323,3.9232,0.0,0.0008656238890863846
text+audio_text_ln_lrh0.001_frozen_e5_s44,691,2,0.78395,3.3137,0.0,0.0008652683967294703
text+audio_text_ln_lrh0.001_frozen_e5_s44,692,2,1.51514,3.6684,0.0,0.000864912904372556
text+audio_text_ln_lrh0.001_frozen_e5_s44,693,2,1.36886,4.5077,0.0,0.0008645574120156416
text+audio_text_ln_lrh0.001_frozen_e5_s44,694,2,1.03321,4.1204,0.0,0.0008642019196587274
text+audio_text_ln_lrh0.001_frozen_e5_s44,695,2,1.26186,3.1195,0.0,0.0008638464273018131
text+audio_text_ln_lrh0.001_frozen_e5_s44,696,2,1.08285,2.7051,0.0,0.0008634909349448987
text+audio_text_ln_lrh0.001_frozen_e5_s44,697,2,0.84847,3.8011,0.0,0.0008631354425879844
text+audio_text_ln_lrh0.001_frozen_e5_s44,698,2,1.32606,3.6341,0.0,0.0008627799502310701
text+audio_text_ln_lrh0.001_frozen_e5_s44,699,2,1.4258,4.0695,0.0,0.0008624244578741557
text+audio_text_ln_lrh0.001_frozen_e5_s44,700,2,1.06164,3.479,0.0,0.0008620689655172414
text+audio_text_ln_lrh0.001_frozen_e5_s44,701,2,1.02307,3.6376,0.0,0.0008617134731603271
text+audio_text_ln_lrh0.001_frozen_e5_s44,702,2,1.17824,4.3285,0.0,0.0008613579808034128
text+audio_text_ln_lrh0.001_frozen_e5_s44,703,2,1.38028,3.474,0.0,0.0008610024884464985
text+audio_text_ln_lrh0.001_frozen_e5_s44,704,2,1.31503,3.2249,0.0,0.000860646996089584
text+audio_text_ln_lrh0.001_frozen_e5_s44,705,2,1.40606,4.3801,0.0,0.0008602915037326697
text+audio_text_ln_lrh0.001_frozen_e5_s44,706,2,0.98929,3.2386,0.0,0.0008599360113757554
text+audio_text_ln_lrh0.001_frozen_e5_s44,707,2,0.95171,6.6494,0.0,0.0008595805190188411
text+audio_text_ln_lrh0.001_frozen_e5_s44,708,2,1.01167,3.7025,0.0,0.0008592250266619268
text+audio_text_ln_lrh0.001_frozen_e5_s44,709,2,0.88464,2.5821,0.0,0.0008588695343050125
text+audio_text_ln_lrh0.001_frozen_e5_s44,710,2,1.18362,4.4379,0.0,0.0008585140419480981
text+audio_text_ln_lrh0.001_frozen_e5_s44,711,2,1.42733,5.4903,0.0,0.0008581585495911838
text+audio_text_ln_lrh0.001_frozen_e5_s44,712,2,1.57983,5.2978,0.0,0.0008578030572342695
text+audio_text_ln_lrh0.001_frozen_e5_s44,713,2,0.79539,2.7329,0.0,0.0008574475648773552
text+audio_text_ln_lrh0.001_frozen_e5_s44,714,2,1.82582,3.1859,0.0,0.0008570920725204409
text+audio_text_ln_lrh0.001_frozen_e5_s44,715,2,1.59161,6.0933,0.0,0.0008567365801635265
text+audio_text_ln_lrh0.001_frozen_e5_s44,716,2,1.11601,3.2295,0.0,0.0008563810878066122
text+audio_text_ln_lrh0.001_frozen_e5_s44,717,2,1.28779,4.213,0.0,0.0008560255954496979
text+audio_text_ln_lrh0.001_frozen_e5_s44,718,2,1.6334,4.0998,0.0,0.0008556701030927834
text+audio_text_ln_lrh0.001_frozen_e5_s44,719,2,1.10639,3.696,0.0,0.0008553146107358692
text+audio_text_ln_lrh0.001_frozen_e5_s44,720,2,1.01911,5.6041,0.0,0.0008549591183789549
text+audio_text_ln_lrh0.001_frozen_e5_s44,721,2,1.55117,4.2959,0.0,0.0008546036260220405
text+audio_text_ln_lrh0.001_frozen_e5_s44,722,2,1.05636,5.144,0.0,0.0008542481336651262
text+audio_text_ln_lrh0.001_frozen_e5_s44,723,2,1.7714,5.0861,0.0,0.0008538926413082119
text+audio_text_ln_lrh0.001_frozen_e5_s44,724,2,1.41817,3.049,0.0,0.0008535371489512975
text+audio_text_ln_lrh0.001_frozen_e5_s44,725,2,1.08893,5.6829,0.0,0.0008531816565943833
text+audio_text_ln_lrh0.001_frozen_e5_s44,726,2,1.24407,3.4494,0.0,0.000852826164237469
text+audio_text_ln_lrh0.001_frozen_e5_s44,727,2,1.33672,3.3375,0.0,0.0008524706718805546
text+audio_text_ln_lrh0.001_frozen_e5_s44,728,2,1.21577,4.3244,0.0,0.0008521151795236403
text+audio_text_ln_lrh0.001_frozen_e5_s44,729,2,1.08439,3.5166,0.0,0.0008517596871667259
text+audio_text_ln_lrh0.001_frozen_e5_s44,730,2,1.36511,4.5205,0.0,0.0008514041948098116
text+audio_text_ln_lrh0.001_frozen_e5_s44,731,2,1.46008,4.6988,0.0,0.0008510487024528973
text+audio_text_ln_lrh0.001_frozen_e5_s44,732,2,1.41826,3.0729,0.0,0.000850693210095983
text+audio_text_ln_lrh0.001_frozen_e5_s44,733,2,1.5644,4.8899,0.0,0.0008503377177390686
text+audio_text_ln_lrh0.001_frozen_e5_s44,734,2,1.52086,4.7732,0.0,0.0008499822253821543
text+audio_text_ln_lrh0.001_frozen_e5_s44,735,2,1.55564,3.7977,0.0,0.0008496267330252399
text+audio_text_ln_lrh0.001_frozen_e5_s44,736,2,1.33396,3.8707,0.0,0.0008492712406683256
text+audio_text_ln_lrh0.001_frozen_e5_s44,737,2,1.25084,3.6794,0.0,0.0008489157483114113
text+audio_text_ln_lrh0.001_frozen_e5_s44,738,2,1.58252,3.6147,0.0,0.000848560255954497
text+audio_text_ln_lrh0.001_frozen_e5_s44,739,2,1.18881,5.2743,0.0,0.0008482047635975827
text+audio_text_ln_lrh0.001_frozen_e5_s44,740,2,0.93732,3.8869,0.0,0.0008478492712406684
text+audio_text_ln_lrh0.001_frozen_e5_s44,741,2,1.54331,3.6649,0.0,0.000847493778883754
text+audio_text_ln_lrh0.001_frozen_e5_s44,742,2,1.17662,3.6212,0.0,0.0008471382865268397
text+audio_text_ln_lrh0.001_frozen_e5_s44,743,2,1.35937,3.0136,0.0,0.0008467827941699253
text+audio_text_ln_lrh0.001_frozen_e5_s44,744,2,1.30492,4.2143,0.0,0.0008464273018130111
text+audio_text_ln_lrh0.001_frozen_e5_s44,745,2,1.25936,4.0314,0.0,0.0008460718094560968
text+audio_text_ln_lrh0.001_frozen_e5_s44,746,2,1.41904,5.3157,0.0,0.0008457163170991824
text+audio_text_ln_lrh0.001_frozen_e5_s44,747,2,1.58946,4.1524,0.0,0.000845360824742268
text+audio_text_ln_lrh0.001_frozen_e5_s44,748,2,1.33491,4.4284,0.0,0.0008450053323853537
text+audio_text_ln_lrh0.001_frozen_e5_s44,749,2,1.3352,3.4006,0.0,0.0008446498400284393
text+audio_text_ln_lrh0.001_frozen_e5_s44,750,2,1.0158,3.3846,0.0,0.0008442943476715251
text+audio_text_ln_lrh0.001_frozen_e5_s44,751,2,1.37421,3.6375,0.0,0.0008439388553146108
text+audio_text_ln_lrh0.001_frozen_e5_s44,752,2,1.47501,2.6948,0.0,0.0008435833629576964
text+audio_text_ln_lrh0.001_frozen_e5_s44,753,2,2.0673,4.0805,0.0,0.0008432278706007821
text+audio_text_ln_lrh0.001_frozen_e5_s44,754,2,1.45818,4.4554,0.0,0.0008428723782438678
text+audio_text_ln_lrh0.001_frozen_e5_s44,755,2,1.17648,3.0819,0.0,0.0008425168858869534
text+audio_text_ln_lrh0.001_frozen_e5_s44,756,2,1.35276,4.5832,0.0,0.0008421613935300392
text+audio_text_ln_lrh0.001_frozen_e5_s44,757,2,1.1854,4.3819,0.0,0.0008418059011731248
text+audio_text_ln_lrh0.001_frozen_e5_s44,758,2,1.24764,3.0958,0.0,0.0008414504088162105
text+audio_text_ln_lrh0.001_frozen_e5_s44,759,2,0.98405,4.3089,0.0,0.0008410949164592962
text+audio_text_ln_lrh0.001_frozen_e5_s44,760,2,1.06701,2.5082,0.0,0.0008407394241023818
text+audio_text_ln_lrh0.001_frozen_e5_s44,761,2,0.97083,4.4161,0.0,0.0008403839317454674
text+audio_text_ln_lrh0.001_frozen_e5_s44,762,2,1.22219,3.157,0.0,0.0008400284393885531
text+audio_text_ln_lrh0.001_frozen_e5_s44,763,2,1.40747,3.2454,0.0,0.0008396729470316388
text+audio_text_ln_lrh0.001_frozen_e5_s44,764,2,0.87134,4.5877,0.0,0.0008393174546747245
text+audio_text_ln_lrh0.001_frozen_e5_s44,765,2,1.25712,3.9813,0.0,0.0008389619623178102
text+audio_text_ln_lrh0.001_frozen_e5_s44,766,2,1.33284,3.2097,0.0,0.0008386064699608958
text+audio_text_ln_lrh0.001_frozen_e5_s44,767,2,1.41917,4.4292,0.0,0.0008382509776039815
text+audio_text_ln_lrh0.001_frozen_e5_s44,768,2,1.14223,4.4333,0.0,0.0008378954852470672
text+audio_text_ln_lrh0.001_frozen_e5_s44,769,2,1.02929,3.1929,0.0,0.0008375399928901529
text+audio_text_ln_lrh0.001_frozen_e5_s44,770,2,1.03664,2.34,0.0,0.0008371845005332386
text+audio_text_ln_lrh0.001_frozen_e5_s44,771,2,1.68587,6.0559,0.0,0.0008368290081763243
text+audio_text_ln_lrh0.001_frozen_e5_s44,772,2,1.22122,4.3688,0.0,0.0008364735158194099
text+audio_text_ln_lrh0.001_frozen_e5_s44,773,2,1.3728,3.6013,0.0,0.0008361180234624956
text+audio_text_ln_lrh0.001_frozen_e5_s44,774,2,1.52905,5.8007,0.0,0.0008357625311055812
text+audio_text_ln_lrh0.001_frozen_e5_s44,775,2,1.50567,4.427,0.0,0.000835407038748667
text+audio_text_ln_lrh0.001_frozen_e5_s44,776,2,0.85567,5.0962,0.0,0.0008350515463917527
text+audio_text_ln_lrh0.001_frozen_e5_s44,777,2,1.35542,3.432,0.0,0.0008346960540348382
text+audio_text_ln_lrh0.001_frozen_e5_s44,778,2,0.88187,3.3566,0.0,0.0008343405616779239
text+audio_text_ln_lrh0.001_frozen_e5_s44,779,2,1.46284,2.825,0.0,0.0008339850693210096
text+audio_text_ln_lrh0.001_frozen_e5_s44,780,2,1.30141,3.1703,0.0,0.0008336295769640952
text+audio_text_ln_lrh0.001_frozen_e5_s44,781,2,1.43793,3.6416,0.0,0.000833274084607181
text+audio_text_ln_lrh0.001_frozen_e5_s44,782,2,1.44531,3.6732,0.0,0.0008329185922502667
text+audio_text_ln_lrh0.001_frozen_e5_s44,783,2,1.08213,3.7644,0.0,0.0008325630998933523
text+audio_text_ln_lrh0.001_frozen_e5_s44,784,2,1.36829,2.4032,0.0,0.000832207607536438
text+audio_text_ln_lrh0.001_frozen_e5_s44,785,2,0.93498,4.1622,0.0,0.0008318521151795237
text+audio_text_ln_lrh0.001_frozen_e5_s44,786,2,1.34056,5.2495,0.0,0.0008314966228226093
text+audio_text_ln_lrh0.001_frozen_e5_s44,787,2,1.20324,2.6915,0.0,0.000831141130465695
text+audio_text_ln_lrh0.001_frozen_e5_s44,788,2,0.78736,2.9378,0.0,0.0008307856381087807
text+audio_text_ln_lrh0.001_frozen_e5_s44,789,2,1.81204,5.4207,0.0,0.0008304301457518664
text+audio_text_ln_lrh0.001_frozen_e5_s44,790,2,1.39621,3.3331,0.0,0.0008300746533949521
text+audio_text_ln_lrh0.001_frozen_e5_s44,791,2,1.10755,4.256,0.0,0.0008297191610380376
text+audio_text_ln_lrh0.001_frozen_e5_s44,792,2,0.87565,2.3884,0.0,0.0008293636686811233
text+audio_text_ln_lrh0.001_frozen_e5_s44,793,2,1.01614,3.6868,0.0,0.000829008176324209
text+audio_text_ln_lrh0.001_frozen_e5_s44,794,2,1.20008,3.1365,0.0,0.0008286526839672947
text+audio_text_ln_lrh0.001_frozen_e5_s44,795,2,1.28347,4.0446,0.0,0.0008282971916103804
text+audio_text_ln_lrh0.001_frozen_e5_s44,796,2,1.46399,5.146,0.0,0.0008279416992534661
text+audio_text_ln_lrh0.001_frozen_e5_s44,797,2,0.97333,3.3733,0.0,0.0008275862068965517
text+audio_text_ln_lrh0.001_frozen_e5_s44,798,2,1.28212,5.4937,0.0,0.0008272307145396374
text+audio_text_ln_lrh0.001_frozen_e5_s44,799,2,0.46858,3.8507,0.0,0.0008268752221827231
text+audio_text_ln_lrh0.001_frozen_e5_s44,800,2,1.05074,3.7501,0.0,0.0008265197298258088
text+audio_text_ln_lrh0.001_frozen_e5_s44,801,2,1.72275,4.232,0.0,0.0008261642374688945
text+audio_text_ln_lrh0.001_frozen_e5_s44,802,2,0.95361,3.7128,0.0,0.0008258087451119801
text+audio_text_ln_lrh0.001_frozen_e5_s44,803,2,1.12596,4.2801,0.0,0.0008254532527550658
text+audio_text_ln_lrh0.001_frozen_e5_s44,804,2,1.08068,3.0778,0.0,0.0008250977603981515
text+audio_text_ln_lrh0.001_frozen_e5_s44,805,2,0.85058,3.0263,0.0,0.000824742268041237
text+audio_text_ln_lrh0.001_frozen_e5_s44,806,2,1.05301,4.7248,0.0,0.0008243867756843228
text+audio_text_ln_lrh0.001_frozen_e5_s44,807,2,1.87553,4.3116,0.0,0.0008240312833274085
text+audio_text_ln_lrh0.001_frozen_e5_s44,808,2,1.32519,5.3946,0.0,0.0008236757909704941
text+audio_text_ln_lrh0.001_frozen_e5_s44,809,2,1.11843,3.6704,0.0,0.0008233202986135798
text+audio_text_ln_lrh0.001_frozen_e5_s44,810,2,1.27228,5.727,0.0,0.0008229648062566655
text+audio_text_ln_lrh0.001_frozen_e5_s44,811,2,0.98362,3.2885,0.0,0.0008226093138997511
text+audio_text_ln_lrh0.001_frozen_e5_s44,812,2,1.81806,3.4097,0.0,0.0008222538215428369
text+audio_text_ln_lrh0.001_frozen_e5_s44,813,2,0.68578,1.8881,0.0,0.0008218983291859226
text+audio_text_ln_lrh0.001_frozen_e5_s44,814,2,1.12768,2.8939,0.0,0.0008215428368290082
text+audio_text_ln_lrh0.001_frozen_e5_s44,815,2,1.21326,3.4489,0.0,0.0008211873444720939
text+audio_text_ln_lrh0.001_frozen_e5_s44,816,2,1.59604,4.8287,0.0,0.0008208318521151795
text+audio_text_ln_lrh0.001_frozen_e5_s44,817,2,1.13765,4.4399,0.0,0.0008204763597582652
text+audio_text_ln_lrh0.001_frozen_e5_s44,818,2,1.0696,5.6135,0.0,0.0008201208674013509
text+audio_text_ln_lrh0.001_frozen_e5_s44,819,2,1.38161,5.0887,0.0,0.0008197653750444366
text+audio_text_ln_lrh0.001_frozen_e5_s44,820,2,0.91964,3.1479,0.0,0.0008194098826875223
text+audio_text_ln_lrh0.001_frozen_e5_s44,821,2,0.99978,5.6968,0.0,0.0008190543903306079
text+audio_text_ln_lrh0.001_frozen_e5_s44,822,2,1.23632,3.0045,0.0,0.0008186988979736935
text+audio_text_ln_lrh0.001_frozen_e5_s44,823,2,1.49105,4.579,0.0,0.0008183434056167792
text+audio_text_ln_lrh0.001_frozen_e5_s44,824,2,1.20762,2.5093,0.0,0.0008179879132598649
text+audio_text_ln_lrh0.001_frozen_e5_s44,825,2,1.1437,3.2944,0.0,0.0008176324209029506
text+audio_text_ln_lrh0.001_frozen_e5_s44,826,2,0.98761,5.3245,0.0,0.0008172769285460363
text+audio_text_ln_lrh0.001_frozen_e5_s44,827,2,1.3986,3.2034,0.0,0.000816921436189122
text+audio_text_ln_lrh0.001_frozen_e5_s44,828,2,1.53747,3.6331,0.0,0.0008165659438322076
text+audio_text_ln_lrh0.001_frozen_e5_s44,829,2,0.96314,2.616,0.0,0.0008162104514752933
text+audio_text_ln_lrh0.001_frozen_e5_s44,830,2,1.73813,4.4564,0.0,0.0008158549591183789
text+audio_text_ln_lrh0.001_frozen_e5_s44,831,2,1.40257,3.7461,0.0,0.0008154994667614647
text+audio_text_ln_lrh0.001_frozen_e5_s44,832,2,1.52974,3.9657,0.0,0.0008151439744045504
text+audio_text_ln_lrh0.001_frozen_e5_s44,833,2,1.49371,4.8925,0.0,0.000814788482047636
text+audio_text_ln_lrh0.001_frozen_e5_s44,834,2,1.03037,3.7241,0.0,0.0008144329896907217
text+audio_text_ln_lrh0.001_frozen_e5_s44,835,2,1.12946,3.3609,0.0,0.0008140774973338073
text+audio_text_ln_lrh0.001_frozen_e5_s44,836,2,0.73944,4.6605,0.0,0.0008137220049768929
text+audio_text_ln_lrh0.001_frozen_e5_s44,837,2,1.52809,4.8635,0.0,0.0008133665126199787
text+audio_text_ln_lrh0.001_frozen_e5_s44,838,2,0.99696,4.1074,0.0,0.0008130110202630644
text+audio_text_ln_lrh0.001_frozen_e5_s44,839,2,1.18991,3.6516,0.0,0.00081265552790615
text+audio_text_ln_lrh0.001_frozen_e5_s44,840,2,1.28936,3.9501,0.0,0.0008123000355492357
text+audio_text_ln_lrh0.001_frozen_e5_s44,841,2,0.92913,3.2576,0.0,0.0008119445431923214
text+audio_text_ln_lrh0.001_frozen_e5_s44,842,2,1.00514,3.7092,0.0,0.000811589050835407
text+audio_text_ln_lrh0.001_frozen_e5_s44,843,2,1.60062,5.2379,0.0,0.0008112335584784928
text+audio_text_ln_lrh0.001_frozen_e5_s44,844,2,1.1697,2.5855,0.0,0.0008108780661215785
text+audio_text_ln_lrh0.001_frozen_e5_s44,845,2,1.5384,4.2889,0.0,0.0008105225737646641
text+audio_text_ln_lrh0.001_frozen_e5_s44,846,2,1.04156,4.0194,0.0,0.0008101670814077498
text+audio_text_ln_lrh0.001_frozen_e5_s44,847,2,1.22709,3.6954,0.0,0.0008098115890508354
text+audio_text_ln_lrh0.001_frozen_e5_s44,848,2,1.51531,3.1025,0.0,0.0008094560966939211
text+audio_text_ln_lrh0.001_frozen_e5_s44,849,2,1.03703,3.9928,0.0,0.0008091006043370067
text+audio_text_ln_lrh0.001_frozen_e5_s44,850,2,1.11956,2.4961,0.0,0.0008087451119800924
text+audio_text_ln_lrh0.001_frozen_e5_s44,851,2,1.39303,4.6454,0.0,0.0008083896196231781
text+audio_text_ln_lrh0.001_frozen_e5_s44,852,2,1.71174,3.8936,0.0,0.0008080341272662638
text+audio_text_ln_lrh0.001_frozen_e5_s44,853,2,1.33413,3.2885,0.0,0.0008076786349093494
text+audio_text_ln_lrh0.001_frozen_e5_s44,854,2,1.42403,4.0173,0.0,0.0008073231425524351
text+audio_text_ln_lrh0.001_frozen_e5_s44,855,2,1.3334,3.0945,0.0,0.0008069676501955208
text+audio_text_ln_lrh0.001_frozen_e5_s44,856,2,1.24933,3.1777,0.0,0.0008066121578386065
text+audio_text_ln_lrh0.001_frozen_e5_s44,857,2,1.10071,2.5547,0.0,0.0008062566654816922
text+audio_text_ln_lrh0.001_frozen_e5_s44,858,2,0.89491,3.4988,0.0,0.0008059011731247779
text+audio_text_ln_lrh0.001_frozen_e5_s44,859,2,1.45218,2.9622,0.0,0.0008055456807678635
text+audio_text_ln_lrh0.001_frozen_e5_s44,860,2,1.10741,3.031,0.0,0.0008051901884109492
text+audio_text_ln_lrh0.001_frozen_e5_s44,861,2,1.67902,3.1994,0.0,0.0008048346960540348
text+audio_text_ln_lrh0.001_frozen_e5_s44,862,2,1.12026,2.3899,0.0,0.0008044792036971206
text+audio_text_ln_lrh0.001_frozen_e5_s44,863,2,1.19391,3.284,0.0,0.0008041237113402063
text+audio_text_ln_lrh0.001_frozen_e5_s44,864,2,1.6764,5.656,0.0,0.0008037682189832918
text+audio_text_ln_lrh0.001_frozen_e5_s44,865,2,1.34394,2.6283,0.0,0.0008034127266263775
text+audio_text_ln_lrh0.001_frozen_e5_s44,866,2,1.15441,2.6235,0.0,0.0008030572342694632
text+audio_text_ln_lrh0.001_frozen_e5_s44,867,2,0.83181,2.6008,0.0,0.0008027017419125488
text+audio_text_ln_lrh0.001_frozen_e5_s44,868,2,1.0502,2.593,0.0,0.0008023462495556346
text+audio_text_ln_lrh0.001_frozen_e5_s44,869,2,0.88804,3.8616,0.0,0.0008019907571987203
text+audio_text_ln_lrh0.001_frozen_e5_s44,870,2,1.09579,3.5123,0.0,0.0008016352648418059
text+audio_text_ln_lrh0.001_frozen_e5_s44,871,2,1.15001,3.6658,0.0,0.0008012797724848916
text+audio_text_ln_lrh0.001_frozen_e5_s44,872,2,1.35842,3.6843,0.0,0.0008009242801279773
text+audio_text_ln_lrh0.001_frozen_e5_s44,873,2,0.7718,2.4253,0.0,0.0008005687877710629
text+audio_text_ln_lrh0.001_frozen_e5_s44,874,2,0.77989,2.4854,0.0,0.0008002132954141487
text+audio_text_ln_lrh0.001_frozen_e5_s44,875,2,1.6488,7.9434,0.0,0.0007998578030572343
text+audio_text_ln_lrh0.001_frozen_e5_s44,876,2,0.98059,3.2485,0.0,0.00079950231070032
text+audio_text_ln_lrh0.001_frozen_e5_s44,877,2,1.69345,4.9453,0.0,0.0007991468183434057
text+audio_text_ln_lrh0.001_frozen_e5_s44,878,2,1.17454,4.3659,0.0,0.0007987913259864912
text+audio_text_ln_lrh0.001_frozen_e5_s44,879,2,1.45354,4.1549,0.0,0.0007984358336295769
text+audio_text_ln_lrh0.001_frozen_e5_s44,880,2,1.17892,3.7569,0.0,0.0007980803412726626
text+audio_text_ln_lrh0.001_frozen_e5_s44,881,2,0.91258,4.2573,0.0,0.0007977248489157483
text+audio_text_ln_lrh0.001_frozen_e5_s44,882,2,1.39057,5.5294,0.0,0.000797369356558834
text+audio_text_ln_lrh0.001_frozen_e5_s44,883,2,1.40363,4.1845,0.0,0.0007970138642019197
text+audio_text_ln_lrh0.001_frozen_e5_s44,884,2,1.11376,3.3062,0.0,0.0007966583718450053
text+audio_text_ln_lrh0.001_frozen_e5_s44,885,2,1.27629,3.7404,0.0,0.000796302879488091
text+audio_text_ln_lrh0.001_frozen_e5_s44,886,2,1.12487,3.2539,0.0,0.0007959473871311767
text+audio_text_ln_lrh0.001_frozen_e5_s44,887,2,1.09061,4.5866,0.0,0.0007955918947742624
text+audio_text_ln_lrh0.001_frozen_e5_s44,888,2,1.00223,3.8455,0.0,0.0007952364024173481
text+audio_text_ln_lrh0.001_frozen_e5_s44,889,2,0.82966,2.6505,0.0,0.0007948809100604337
text+audio_text_ln_lrh0.001_frozen_e5_s44,890,2,1.25106,3.8369,0.0,0.0007945254177035194
text+audio_text_ln_lrh0.001_frozen_e5_s44,891,2,1.22098,3.9376,0.0,0.0007941699253466051
text+audio_text_ln_lrh0.001_frozen_e5_s44,892,2,1.53463,4.8783,0.0,0.0007938144329896907
text+audio_text_ln_lrh0.001_frozen_e5_s44,893,2,1.22863,3.2945,0.0,0.0007934589406327765
text+audio_text_ln_lrh0.001_frozen_e5_s44,894,2,0.96207,1.8855,0.0,0.0007931034482758621
text+audio_text_ln_lrh0.001_frozen_e5_s44,895,2,0.94892,4.4624,0.0,0.0007927479559189477
text+audio_text_ln_lrh0.001_frozen_e5_s44,896,2,1.7772,3.994,0.0,0.0007923924635620334
text+audio_text_ln_lrh0.001_frozen_e5_s44,897,2,0.94738,3.3634,0.0,0.0007920369712051191
text+audio_text_ln_lrh0.001_frozen_e5_s44,898,2,1.13461,2.7067,0.0,0.0007916814788482047
text+audio_text_ln_lrh0.001_frozen_e5_s44,899,2,1.2338,4.9712,0.0,0.0007913259864912905
text+audio_text_ln_lrh0.001_frozen_e5_s44,900,2,0.65039,4.0509,0.0,0.0007909704941343762
text+audio_text_ln_lrh0.001_frozen_e5_s44,901,2,1.46096,4.0065,0.0,0.0007906150017774618
text+audio_text_ln_lrh0.001_frozen_e5_s44,902,2,1.46711,4.6766,0.0,0.0007902595094205475
text+audio_text_ln_lrh0.001_frozen_e5_s44,903,2,1.47779,4.4927,0.0,0.0007899040170636331
text+audio_text_ln_lrh0.001_frozen_e5_s44,904,2,1.28611,3.0166,0.0,0.0007895485247067188
text+audio_text_ln_lrh0.001_frozen_e5_s44,905,2,1.3375,4.6849,0.0,0.0007891930323498045
text+audio_text_ln_lrh0.001_frozen_e5_s44,906,2,0.83429,2.119,0.0,0.0007888375399928902
text+audio_text_ln_lrh0.001_frozen_e5_s44,907,2,1.20932,3.6347,0.0,0.0007884820476359759
text+audio_text_ln_lrh0.001_frozen_e5_s44,908,2,1.2865,4.0693,0.0,0.0007881265552790616
text+audio_text_ln_lrh0.001_frozen_e5_s44,909,2,1.21382,3.1917,0.0,0.0007877710629221471
text+audio_text_ln_lrh0.001_frozen_e5_s44,910,2,1.1115,3.3939,0.0,0.0007874155705652328
text+audio_text_ln_lrh0.001_frozen_e5_s44,911,2,0.85582,3.0534,0.0,0.0007870600782083185
text+audio_text_ln_lrh0.001_frozen_e5_s44,912,2,1.33066,5.3848,0.0,0.0007867045858514042
text+audio_text_ln_lrh0.001_frozen_e5_s44,913,2,1.40058,3.414,0.0,0.0007863490934944899
text+audio_text_ln_lrh0.001_frozen_e5_s44,914,2,1.31328,2.9537,0.0,0.0007859936011375756
text+audio_text_ln_lrh0.001_frozen_e5_s44,915,2,1.56591,4.6991,0.0,0.0007856381087806612
text+audio_text_ln_lrh0.001_frozen_e5_s44,916,2,1.12317,4.2382,0.0,0.0007852826164237469
text+audio_text_ln_lrh0.001_frozen_e5_s44,917,2,1.18537,3.8447,0.0,0.0007849271240668325
text+audio_text_ln_lrh0.001_frozen_e5_s44,918,2,1.57015,5.7754,0.0,0.0007845716317099183
text+audio_text_ln_lrh0.001_frozen_e5_s44,919,2,1.29241,3.8469,0.0,0.000784216139353004
text+audio_text_ln_lrh0.001_frozen_e5_s44,920,2,0.91463,4.0013,0.0,0.0007838606469960896
text+audio_text_ln_lrh0.001_frozen_e5_s44,921,2,1.73797,3.6765,0.0,0.0007835051546391753
text+audio_text_ln_lrh0.001_frozen_e5_s44,922,2,0.99705,3.4147,0.0,0.000783149662282261
text+audio_text_ln_lrh0.001_frozen_e5_s44,923,2,1.10062,3.0289,0.0,0.0007827941699253465
text+audio_text_ln_lrh0.001_frozen_e5_s44,924,2,1.21191,3.5523,0.0,0.0007824386775684323
text+audio_text_ln_lrh0.001_frozen_e5_s44,925,2,1.31654,4.4419,0.0,0.000782083185211518
text+audio_text_ln_lrh0.001_frozen_e5_s44,926,2,1.30769,4.0271,0.0,0.0007817276928546036
text+audio_text_ln_lrh0.001_frozen_e5_s44,927,2,0.66998,2.5001,0.0,0.0007813722004976893
text+audio_text_ln_lrh0.001_frozen_e5_s44,928,2,1.20668,5.8389,0.0,0.000781016708140775
text+audio_text_ln_lrh0.001_frozen_e5_s44,929,2,0.61883,2.3043,0.0,0.0007806612157838606
text+audio_text_ln_lrh0.001_frozen_e5_s44,930,2,1.22994,3.2658,0.0,0.0007803057234269464
text+audio_text_ln_lrh0.001_frozen_e5_s44,931,2,1.06043,2.5531,0.0,0.0007799502310700321
text+audio_text_ln_lrh0.001_frozen_e5_s44,932,2,1.12066,2.7281,0.0,0.0007795947387131177
text+audio_text_ln_lrh0.001_frozen_e5_s44,933,2,1.30072,3.3975,0.0,0.0007792392463562034
text+audio_text_ln_lrh0.001_frozen_e5_s44,934,2,0.92057,2.3801,0.0,0.000778883753999289
text+audio_text_ln_lrh0.001_frozen_e5_s44,935,2,1.07827,2.7566,0.0,0.0007785282616423747
text+audio_text_ln_lrh0.001_frozen_e5_s44,936,2,1.10576,2.7919,0.0,0.0007781727692854604
text+audio_text_ln_lrh0.001_frozen_e5_s44,937,2,1.43808,5.2715,0.0,0.000777817276928546
text+audio_text_ln_lrh0.001_frozen_e5_s44,938,2,1.01062,2.9279,0.0,0.0007774617845716317
text+audio_text_ln_lrh0.001_frozen_e5_s44,939,2,1.22256,3.2848,0.0,0.0007771062922147174
text+audio_text_ln_lrh0.001_frozen_e5_s44,940,2,1.09201,2.9601,0.0,0.000776750799857803
text+audio_text_ln_lrh0.001_frozen_e5_s44,941,2,0.94455,2.909,0.0,0.0007763953075008887
text+audio_text_ln_lrh0.001_frozen_e5_s44,942,2,1.07134,4.1412,0.0,0.0007760398151439744
text+audio_text_ln_lrh0.001_frozen_e5_s44,943,2,1.20849,4.7829,0.0,0.0007756843227870601
text+audio_text_ln_lrh0.001_frozen_e5_s44,944,2,1.4513,2.7789,0.0,0.0007753288304301458
text+audio_text_ln_lrh0.001_frozen_e5_s44,945,2,1.3762,5.5295,0.0,0.0007749733380732315
text+audio_text_ln_lrh0.001_frozen_e5_s44,946,2,0.9996,2.0555,0.0,0.0007746178457163171
text+audio_text_ln_lrh0.001_frozen_e5_s44,947,2,1.52502,6.668,0.0,0.0007742623533594028
text+audio_text_ln_lrh0.001_frozen_e5_s44,948,2,1.0914,2.7692,0.0,0.0007739068610024884
text+audio_text_ln_lrh0.001_frozen_e5_s44,949,2,1.03264,3.1292,0.0,0.0007735513686455742
text+audio_text_ln_lrh0.001_frozen_e5_s44,950,2,1.00677,3.2851,0.0,0.0007731958762886599
text+audio_text_ln_lrh0.001_frozen_e5_s44,951,2,1.37867,3.6207,0.0,0.0007728403839317455
text+audio_text_ln_lrh0.001_frozen_e5_s44,952,2,0.99638,2.7297,0.0,0.0007724848915748311
text+audio_text_ln_lrh0.001_frozen_e5_s44,953,2,1.17274,2.7348,0.0,0.0007721293992179168
text+audio_text_ln_lrh0.001_frozen_e5_s44,954,2,1.53674,5.1167,0.0,0.0007717739068610024
text+audio_text_ln_lrh0.001_frozen_e5_s44,955,2,1.29828,3.275,0.0,0.0007714184145040882
text+audio_text_ln_lrh0.001_frozen_e5_s44,956,2,0.91045,2.351,0.0,0.0007710629221471739
text+audio_text_ln_lrh0.001_frozen_e5_s44,957,2,1.2826,3.4662,0.0,0.0007707074297902595
text+audio_text_ln_lrh0.001_frozen_e5_s44,958,2,0.84498,2.6485,0.0,0.0007703519374333452
text+audio_text_ln_lrh0.001_frozen_e5_s44,959,2,0.93214,3.5455,0.0,0.0007699964450764309
text+audio_text_ln_lrh0.001_frozen_e5_s44,960,2,1.79268,5.0746,0.0,0.0007696409527195165
text+audio_text_ln_lrh0.001_frozen_e5_s44,961,2,1.74662,3.8287,0.0,0.0007692854603626023
text+audio_text_ln_lrh0.001_frozen_e5_s44,962,2,1.18085,3.4888,0.0,0.0007689299680056879
text+audio_text_ln_lrh0.001_frozen_e5_s44,963,2,1.43666,4.0675,0.0,0.0007685744756487736
text+audio_text_ln_lrh0.001_frozen_e5_s44,964,2,1.00608,3.4125,0.0,0.0007682189832918593
text+audio_text_ln_lrh0.001_frozen_e5_s44,965,2,1.73996,4.5428,0.0,0.0007678634909349449
text+audio_text_ln_lrh0.001_frozen_e5_s44,966,2,1.14539,3.1667,0.0,0.0007675079985780305
text+audio_text_ln_lrh0.001_frozen_e5_s44,967,2,0.96856,2.7679,0.0,0.0007671525062211162
text+audio_text_ln_lrh0.001_frozen_e5_s44,968,2,0.80124,2.1841,0.0,0.0007667970138642019
text+audio_text_ln_lrh0.001_frozen_e5_s44,969,2,1.22144,4.8082,0.0,0.0007664415215072876
text+audio_text_ln_lrh0.001_frozen_e5_s44,970,2,1.31629,3.8855,0.0,0.0007660860291503733
text+audio_text_ln_lrh0.001_frozen_e5_s44,971,2,0.98769,4.2429,0.0,0.0007657305367934589
text+audio_text_ln_lrh0.001_frozen_e5_s44,972,2,1.49247,4.1222,0.0,0.0007653750444365446
text+audio_text_ln_lrh0.001_frozen_e5_s44,973,2,1.23454,2.8256,0.0,0.0007650195520796303
text+audio_text_ln_lrh0.001_frozen_e5_s44,974,2,0.93448,2.6632,0.0,0.000764664059722716
text+audio_text_ln_lrh0.001_frozen_e5_s44,975,2,1.2529,3.5657,0.0,0.0007643085673658017
text+audio_text_ln_lrh0.001_frozen_e5_s44,976,2,1.434,4.1632,0.0,0.0007639530750088873
text+audio_text_ln_lrh0.001_frozen_e5_s44,977,2,1.2903,2.869,0.0,0.000763597582651973
text+audio_text_ln_lrh0.001_frozen_e5_s44,978,2,1.52515,2.7841,0.0,0.0007632420902950587
text+audio_text_ln_lrh0.001_frozen_e5_s44,979,2,1.47948,4.5304,0.0,0.0007628865979381443
text+audio_text_ln_lrh0.001_frozen_e5_s44,980,2,1.22555,3.6841,0.0,0.0007625311055812301
text+audio_text_ln_lrh0.001_frozen_e5_s44,981,2,1.81352,4.9033,0.0,0.0007621756132243158
text+audio_text_ln_lrh0.001_frozen_e5_s44,982,2,1.20918,3.4084,0.0,0.0007618201208674013
text+audio_text_ln_lrh0.001_frozen_e5_s44,983,2,1.29059,3.9298,0.0,0.000761464628510487
text+audio_text_ln_lrh0.001_frozen_e5_s44,984,2,1.32144,3.4035,0.0,0.0007611091361535727
text+audio_text_ln_lrh0.001_frozen_e5_s44,985,2,1.53765,3.3597,0.0,0.0007607536437966583
text+audio_text_ln_lrh0.001_frozen_e5_s44,986,2,1.24788,3.2681,0.0,0.0007603981514397441
text+audio_text_ln_lrh0.001_frozen_e5_s44,987,2,1.48076,6.8405,0.0,0.0007600426590828298
text+audio_text_ln_lrh0.001_frozen_e5_s44,988,2,1.17037,5.5822,0.0,0.0007596871667259154
text+audio_text_ln_lrh0.001_frozen_e5_s44,989,2,1.52993,3.198,0.0,0.0007593316743690011
text+audio_text_ln_lrh0.001_frozen_e5_s44,990,2,1.11692,6.8267,0.0,0.0007589761820120867
text+audio_text_ln_lrh0.001_frozen_e5_s44,991,2,1.72564,3.2861,0.0,0.0007586206896551724
text+audio_text_ln_lrh0.001_frozen_e5_s44,992,2,1.34621,3.8058,0.0,0.0007582651972982582
text+audio_text_ln_lrh0.001_frozen_e5_s44,993,2,0.81859,2.7601,0.0,0.0007579097049413438
text+audio_text_ln_lrh0.001_frozen_e5_s44,994,2,0.8807,2.6316,0.0,0.0007575542125844295
text+audio_text_ln_lrh0.001_frozen_e5_s44,995,2,1.04647,2.2866,0.0,0.0007571987202275152
text+audio_text_ln_lrh0.001_frozen_e5_s44,996,2,0.93459,3.0526,0.0,0.0007568432278706007
text+audio_text_ln_lrh0.001_frozen_e5_s44,997,2,1.69707,4.6885,0.0,0.0007564877355136864
text+audio_text_ln_lrh0.001_frozen_e5_s44,998,2,1.54914,7.1156,0.0,0.0007561322431567721
text+audio_text_ln_lrh0.001_frozen_e5_s44,999,2,1.22289,4.4871,0.0,0.0007557767507998578
text+audio_text_ln_lrh0.001_frozen_e5_s44,1000,2,1.04759,2.8372,0.0,0.0007554212584429435
text+audio_text_ln_lrh0.001_frozen_e5_s44,1001,2,1.42829,3.5432,0.0,0.0007550657660860292
text+audio_text_ln_lrh0.001_frozen_e5_s44,1002,2,1.18435,4.3416,0.0,0.0007547102737291148
text+audio_text_ln_lrh0.001_frozen_e5_s44,1003,2,0.95166,2.9341,0.0,0.0007543547813722005
text+audio_text_ln_lrh0.001_frozen_e5_s44,1004,2,0.69757,2.6269,0.0,0.0007539992890152861
text+audio_text_ln_lrh0.001_frozen_e5_s44,1005,2,1.69008,4.0639,0.0,0.0007536437966583719
text+audio_text_ln_lrh0.001_frozen_e5_s44,1006,2,1.76138,4.275,0.0,0.0007532883043014576
text+audio_text_ln_lrh0.001_frozen_e5_s44,1007,2,1.20695,2.9774,0.0,0.0007529328119445432
text+audio_text_ln_lrh0.001_frozen_e5_s44,1008,2,1.43633,3.6881,0.0,0.0007525773195876289
text+audio_text_ln_lrh0.001_frozen_e5_s44,1009,2,1.38594,3.0893,0.0,0.0007522218272307146
text+audio_text_ln_lrh0.001_frozen_e5_s44,1010,2,1.32028,3.3618,0.0,0.0007518663348738001
text+audio_text_ln_lrh0.001_frozen_e5_s44,1011,2,1.52038,3.1338,0.0,0.000751510842516886
text+audio_text_ln_lrh0.001_frozen_e5_s44,1012,2,1.38655,3.3162,0.0,0.0007511553501599716
text+audio_text_ln_lrh0.001_frozen_e5_s44,1013,2,0.88982,3.0589,0.0,0.0007507998578030572
text+audio_text_ln_lrh0.001_frozen_e5_s44,1014,2,1.47624,4.2071,0.0,0.0007504443654461429
text+audio_text_ln_lrh0.001_frozen_e5_s44,1015,2,1.38943,3.5203,0.0,0.0007500888730892286
text+audio_text_ln_lrh0.001_frozen_e5_s44,1016,2,1.32635,4.3008,0.0,0.0007497333807323142
text+audio_text_ln_lrh0.001_frozen_e5_s44,1017,2,1.32798,3.3645,0.0,0.0007493778883754
text+audio_text_ln_lrh0.001_frozen_e5_s44,1018,2,1.22086,4.7945,0.0,0.0007490223960184857
text+audio_text_ln_lrh0.001_frozen_e5_s44,1019,2,1.42274,2.9881,0.0,0.0007486669036615713
text+audio_text_ln_lrh0.001_frozen_e5_s44,1020,2,0.95954,2.9862,0.0,0.000748311411304657
text+audio_text_ln_lrh0.001_frozen_e5_s44,1021,2,0.93494,2.3978,0.0,0.0007479559189477426
text+audio_text_ln_lrh0.001_frozen_e5_s44,1022,2,1.07909,3.6277,0.0,0.0007476004265908283
text+audio_text_ln_lrh0.001_frozen_e5_s44,1023,2,1.09548,2.5569,0.0,0.000747244934233914
text+audio_text_ln_lrh0.001_frozen_e5_s44,1024,2,1.00123,3.4674,0.0,0.0007468894418769997
text+audio_text_ln_lrh0.001_frozen_e5_s44,1025,2,0.71929,4.9293,0.0,0.0007465339495200854
text+audio_text_ln_lrh0.001_frozen_e5_s44,1026,2,0.8812,2.4122,0.0,0.000746178457163171
text+audio_text_ln_lrh0.001_frozen_e5_s44,1027,2,1.22286,4.3199,0.0,0.0007458229648062566
text+audio_text_ln_lrh0.001_frozen_e5_s44,1028,2,0.7453,2.5141,0.0,0.0007454674724493423
text+audio_text_ln_lrh0.001_frozen_e5_s44,1029,2,1.42525,3.2659,0.0,0.000745111980092428
text+audio_text_ln_lrh0.001_frozen_e5_s44,1030,2,1.68428,4.293,0.0,0.0007447564877355137
text+audio_text_ln_lrh0.001_frozen_e5_s44,1031,2,0.89356,2.8007,0.0,0.0007444009953785994
text+audio_text_ln_lrh0.001_frozen_e5_s44,1032,2,1.29223,3.1455,0.0,0.0007440455030216851
text+audio_text_ln_lrh0.001_frozen_e5_s44,1033,2,1.66774,5.1891,0.0,0.0007436900106647707
text+audio_text_ln_lrh0.001_frozen_e5_s44,1034,2,1.41697,4.0994,0.0,0.0007433345183078564
text+audio_text_ln_lrh0.001_frozen_e5_s44,1035,2,1.45558,4.4768,0.0,0.000742979025950942
text+audio_text_ln_lrh0.001_frozen_e5_s44,1036,2,0.87851,4.2484,0.0,0.0007426235335940278
text+audio_text_ln_lrh0.001_frozen_e5_s44,1037,2,1.7148,4.8388,0.0,0.0007422680412371135
text+audio_text_ln_lrh0.001_frozen_e5_s44,1038,2,0.94247,2.4663,0.0,0.0007419125488801991
text+audio_text_ln_lrh0.001_frozen_e5_s44,1039,2,0.96429,2.8364,0.0,0.0007415570565232848
text+audio_text_ln_lrh0.001_frozen_e5_s44,1040,2,1.08829,2.6442,0.0,0.0007412015641663704
text+audio_text_ln_lrh0.001_frozen_e5_s44,1041,2,1.13953,4.0484,0.0,0.000740846071809456
text+audio_text_ln_lrh0.001_frozen_e5_s44,1042,2,1.4802,3.3717,0.0,0.0007404905794525418
text+audio_text_ln_lrh0.001_frozen_e5_s44,1043,2,0.8627,2.8462,0.0,0.0007401350870956275
text+audio_text_ln_lrh0.001_frozen_e5_s44,1044,2,1.27776,4.3952,0.0,0.0007397795947387131
text+audio_text_ln_lrh0.001_frozen_e5_s44,1045,2,1.32327,2.4417,0.0,0.0007394241023817988
text+audio_text_ln_lrh0.001_frozen_e5_s44,1046,2,1.11307,3.4821,0.0,0.0007390686100248845
text+audio_text_ln_lrh0.001_frozen_e5_s44,1047,2,1.10161,4.2083,0.0,0.0007387131176679701
text+audio_text_ln_lrh0.001_frozen_e5_s44,1048,2,1.26101,3.7328,0.0,0.0007383576253110559
text+audio_text_ln_lrh0.001_frozen_e5_s44,1049,2,0.68749,4.7207,0.0,0.0007380021329541415
text+audio_text_ln_lrh0.001_frozen_e5_s44,1050,2,1.42183,3.0471,0.0,0.0007376466405972272
text+audio_text_ln_lrh0.001_frozen_e5_s44,1051,2,1.06297,2.6877,0.0,0.0007372911482403129
text+audio_text_ln_lrh0.001_frozen_e5_s44,1052,2,1.55293,4.2944,0.0,0.0007369356558833985
text+audio_text_ln_lrh0.001_frozen_e5_s44,1053,2,1.39547,5.4018,0.0,0.0007365801635264842
text+audio_text_ln_lrh0.001_frozen_e5_s44,1054,2,1.33985,3.5023,0.0,0.0007362246711695698
text+audio_text_ln_lrh0.001_frozen_e5_s44,1055,2,0.77107,2.8004,0.0,0.0007358691788126555
text+audio_text_ln_lrh0.001_frozen_e5_s44,1056,2,0.85841,2.2005,0.0,0.0007355136864557412
text+audio_text_ln_lrh0.001_frozen_e5_s44,1057,2,0.86654,3.8086,0.0,0.0007351581940988269
text+audio_text_ln_lrh0.001_frozen_e5_s44,1058,2,0.86527,3.1052,0.0,0.0007348027017419125
text+audio_text_ln_lrh0.001_frozen_e5_s44,1059,2,1.1828,4.3874,0.0,0.0007344472093849982
text+audio_text_ln_lrh0.001_frozen_e5_s44,1060,2,0.99944,2.7747,0.0,0.0007340917170280839
text+audio_text_ln_lrh0.001_frozen_e5_s44,1061,2,1.73488,4.4593,0.0,0.0007337362246711696
text+audio_text_ln_lrh0.001_frozen_e5_s44,1062,2,1.328,3.1648,0.0,0.0007333807323142553
text+audio_text_ln_lrh0.001_frozen_e5_s44,1063,2,1.28327,3.1124,0.0,0.0007330252399573409
text+audio_text_ln_lrh0.001_frozen_e5_s44,1064,2,1.11024,4.9044,0.0,0.0007326697476004266
text+audio_text_ln_lrh0.001_frozen_e5_s44,1065,2,1.5216,3.7235,0.0,0.0007323142552435123
text+audio_text_ln_lrh0.001_frozen_e5_s44,1066,2,1.17213,3.5416,0.0,0.0007319587628865979
text+audio_text_ln_lrh0.001_frozen_e5_s44,1067,2,1.28935,3.1611,0.0,0.0007316032705296837
text+audio_text_ln_lrh0.001_frozen_e5_s44,1068,2,1.21442,3.6824,0.0,0.0007312477781727694
text+audio_text_ln_lrh0.001_frozen_e5_s44,1069,2,0.94318,2.2815,0.0,0.000730892285815855
text+audio_text_ln_lrh0.001_frozen_e5_s44,1070,2,1.25902,2.5736,0.0,0.0007305367934589406
text+audio_text_ln_lrh0.001_frozen_e5_s44,1071,2,1.50764,2.7989,0.0,0.0007301813011020263
text+audio_text_ln_lrh0.001_frozen_e5_s44,1072,2,0.87796,3.3864,0.0,0.0007298258087451119
text+audio_text_ln_lrh0.001_frozen_e5_s44,1073,2,1.5748,5.3862,0.0,0.0007294703163881977
text+audio_text_ln_lrh0.001_frozen_e5_s44,1074,2,1.47179,3.852,0.0,0.0007291148240312834
text+audio_text_ln_lrh0.001_frozen_e5_s44,1075,2,1.44286,3.2554,0.0,0.000728759331674369
text+audio_text_ln_lrh0.001_frozen_e5_s44,1076,2,1.09768,2.9813,0.0,0.0007284038393174547
text+audio_text_ln_lrh0.001_frozen_e5_s44,1077,2,1.47098,4.5,0.0,0.0007280483469605403
text+audio_text_ln_lrh0.001_frozen_e5_s44,1078,2,1.27424,4.882,0.0,0.000727692854603626
text+audio_text_ln_lrh0.001_frozen_e5_s44,1079,2,1.13036,4.7626,0.0,0.0007273373622467118
text+audio_text_ln_lrh0.001_frozen_e5_s44,1080,2,1.19885,4.0055,0.0,0.0007269818698897974
text+audio_text_ln_lrh0.001_frozen_e5_s44,1081,2,1.12634,4.0918,0.0,0.0007266263775328831
text+audio_text_ln_lrh0.001_frozen_e5_s44,1082,2,1.20743,3.0129,0.0,0.0007262708851759688
text+audio_text_ln_lrh0.001_frozen_e5_s44,1083,2,1.26561,2.7781,0.0,0.0007259153928190543
text+audio_text_ln_lrh0.001_frozen_e5_s44,1084,2,0.74536,5.6908,0.0,0.00072555990046214
text+audio_text_ln_lrh0.001_frozen_e5_s44,1085,2,1.58984,3.4861,0.0,0.0007252044081052257
text+audio_text_ln_lrh0.001_frozen_e5_s44,1086,2,1.72699,5.5088,0.0,0.0007248489157483114
text+audio_text_ln_lrh0.001_frozen_e5_s44,1087,2,1.22734,3.9287,0.0,0.0007244934233913971
text+audio_text_ln_lrh0.001_frozen_e5_s44,1088,2,1.32605,3.1013,0.0,0.0007241379310344828
text+audio_text_ln_lrh0.001_frozen_e5_s44,1089,2,0.95562,3.3088,0.0,0.0007237824386775684
text+audio_text_ln_lrh0.001_frozen_e5_s44,1090,2,1.12581,3.5503,0.0,0.0007234269463206541
text+audio_text_ln_lrh0.001_frozen_e5_s44,1091,2,0.80427,2.8112,0.0,0.0007230714539637398
text+audio_text_ln_lrh0.001_frozen_e5_s44,1092,2,0.89666,3.5573,0.0,0.0007227159616068255
text+audio_text_ln_lrh0.001_frozen_e5_s44,1093,2,1.10319,2.3913,0.0,0.0007223604692499112
text+audio_text_ln_lrh0.001_frozen_e5_s44,1094,2,1.38383,5.1522,0.0,0.0007220049768929968
text+audio_text_ln_lrh0.001_frozen_e5_s44,1095,2,0.65047,2.9304,0.0,0.0007216494845360825
text+audio_text_ln_lrh0.001_frozen_e5_s44,1096,2,1.11516,3.1199,0.0,0.0007212939921791682
text+audio_text_ln_lrh0.001_frozen_e5_s44,1097,2,1.02446,3.3473,0.0,0.0007209384998222538
text+audio_text_ln_lrh0.001_frozen_e5_s44,1098,2,0.8947,3.2136,0.0,0.0007205830074653396
text+audio_text_ln_lrh0.001_frozen_e5_s44,1099,2,1.17014,2.7758,0.0,0.0007202275151084252
text+audio_text_ln_lrh0.001_frozen_e5_s44,1100,2,1.10426,2.5221,0.0,0.0007198720227515108
text+audio_text_ln_lrh0.001_frozen_e5_s44,1101,2,1.48846,2.7636,0.0,0.0007195165303945965
text+audio_text_ln_lrh0.001_frozen_e5_s44,1102,2,1.21124,3.2254,0.0,0.0007191610380376822
text+audio_text_ln_lrh0.001_frozen_e5_s44,1103,2,0.90152,2.7491,0.0,0.0007188055456807678
text+audio_text_ln_lrh0.001_frozen_e5_s44,1104,2,1.17536,3.0845,0.0,0.0007184500533238536
text+audio_text_ln_lrh0.001_frozen_e5_s44,1105,2,1.2794,3.9036,0.0,0.0007180945609669393
text+audio_text_ln_lrh0.001_frozen_e5_s44,1106,2,1.61998,3.9307,0.0,0.0007177390686100249
text+audio_text_ln_lrh0.001_frozen_e5_s44,1107,2,1.1775,5.3499,0.0,0.0007173835762531106
text+audio_text_ln_lrh0.001_frozen_e5_s44,1108,2,0.91973,2.787,0.0,0.0007170280838961962
text+audio_text_ln_lrh0.001_frozen_e5_s44,1109,2,1.20228,3.1818,0.0,0.0007166725915392819
text+audio_text_ln_lrh0.001_frozen_e5_s44,1110,2,1.21279,4.1577,0.0,0.0007163170991823677
text+audio_text_ln_lrh0.001_frozen_e5_s44,1111,2,1.00449,2.6171,0.0,0.0007159616068254533
text+audio_text_ln_lrh0.001_frozen_e5_s44,1112,2,1.66945,5.3348,0.0,0.000715606114468539
text+audio_text_ln_lrh0.001_frozen_e5_s44,1113,2,1.01482,5.1258,0.0,0.0007152506221116247
text+audio_text_ln_lrh0.001_frozen_e5_s44,1114,2,0.94617,2.5298,0.0,0.0007148951297547102
text+audio_text_ln_lrh0.001_frozen_e5_s44,1115,2,0.81246,3.3507,0.0,0.0007145396373977959
text+audio_text_ln_lrh0.001_frozen_e5_s44,1116,2,1.5955,3.2418,0.0,0.0007141841450408816
text+audio_text_ln_lrh0.001_frozen_e5_s44,1117,2,1.23124,3.6372,0.0,0.0007138286526839673
text+audio_text_ln_lrh0.001_frozen_e5_s44,1118,2,0.85599,3.9125,0.0,0.000713473160327053
text+audio_text_ln_lrh0.001_frozen_e5_s44,1119,2,0.86045,3.4129,0.0,0.0007131176679701387
text+audio_text_ln_lrh0.001_frozen_e5_s44,1120,2,1.05374,2.9042,0.0,0.0007127621756132243
text+audio_text_ln_lrh0.001_frozen_e5_s44,1121,2,1.18318,3.297,0.0,0.00071240668325631
text+audio_text_ln_lrh0.001_frozen_e5_s44,1122,2,0.97492,2.6551,0.0,0.0007120511908993956
text+audio_text_ln_lrh0.001_frozen_e5_s44,1123,2,0.97504,4.618,0.0,0.0007116956985424814
text+audio_text_ln_lrh0.001_frozen_e5_s44,1124,2,1.2499,3.1406,0.0,0.0007113402061855671
text+audio_text_ln_lrh0.001_frozen_e5_s44,1125,2,1.66447,5.5386,0.0,0.0007109847138286527
text+audio_text_ln_lrh0.001_frozen_e5_s44,1126,2,1.03641,3.3445,0.0,0.0007106292214717384
text+audio_text_ln_lrh0.001_frozen_e5_s44,1127,2,1.11094,3.1613,0.0,0.000710273729114824
text+audio_text_ln_lrh0.001_frozen_e5_s44,1128,2,1.034,4.4163,0.0,0.0007099182367579096
text+audio_text_ln_lrh0.001_frozen_e5_s44,1129,2,1.1867,3.5906,0.0,0.0007095627444009954
text+audio_text_ln_lrh0.001_frozen_e5_s44,1130,2,1.14622,4.0619,0.0,0.0007092072520440811
text+audio_text_ln_lrh0.001_frozen_e5_s44,1131,2,1.00205,3.3648,0.0,0.0007088517596871667
text+audio_text_ln_lrh0.001_frozen_e5_s44,1132,2,1.41565,4.4041,0.0,0.0007084962673302524
text+audio_text_ln_lrh0.001_frozen_e5_s44,1133,2,1.06846,4.7417,0.0,0.0007081407749733381
text+audio_text_ln_lrh0.001_frozen_e5_s44,1134,2,1.33,4.3022,0.0,0.0007077852826164237
text+audio_text_ln_lrh0.001_frozen_e5_s44,1135,2,1.34878,5.3751,0.0,0.0007074297902595095
text+audio_text_ln_lrh0.001_frozen_e5_s44,1136,2,0.97212,3.246,0.0,0.0007070742979025951
text+audio_text_ln_lrh0.001_frozen_e5_s44,1137,2,1.12407,3.6343,0.0,0.0007067188055456808
text+audio_text_ln_lrh0.001_frozen_e5_s44,1138,2,1.22327,3.3534,0.0,0.0007063633131887665
text+audio_text_ln_lrh0.001_frozen_e5_s44,1139,2,1.29195,5.1248,0.0,0.0007060078208318521
text+audio_text_ln_lrh0.001_frozen_e5_s44,1140,2,1.30765,3.7872,0.0,0.0007056523284749378
text+audio_text_ln_lrh0.001_frozen_e5_s44,1141,2,0.88959,2.3893,0.0,0.0007052968361180236
text+audio_text_ln_lrh0.001_frozen_e5_s44,1142,2,0.95265,3.3959,0.0,0.0007049413437611091
text+audio_text_ln_lrh0.001_frozen_e5_s44,1143,2,1.18382,3.2875,0.0,0.0007045858514041948
text+audio_text_ln_lrh0.001_frozen_e5_s44,1144,2,1.11929,4.9166,0.0,0.0007042303590472805
text+audio_text_ln_lrh0.001_frozen_e5_s44,1145,2,0.68897,2.8048,0.0,0.0007038748666903661
text+audio_text_ln_lrh0.001_frozen_e5_s44,1146,2,1.56387,3.4175,0.0,0.0007035193743334518
text+audio_text_ln_lrh0.001_frozen_e5_s44,1147,2,1.46128,6.2434,0.0,0.0007031638819765375
text+audio_text_ln_lrh0.001_frozen_e5_s44,1148,2,1.44398,4.6981,0.0,0.0007028083896196232
text+audio_text_ln_lrh0.001_frozen_e5_s44,1149,2,1.2927,4.582,0.0,0.0007024528972627089
text+audio_text_ln_lrh0.001_frozen_e5_s44,1150,2,1.67733,6.1922,0.0,0.0007020974049057946
text+audio_text_ln_lrh0.001_frozen_e5_s44,1151,2,1.27037,3.623,0.0,0.0007017419125488802
text+audio_text_ln_lrh0.001_frozen_e5_s44,1152,2,0.80175,2.7317,0.0,0.0007013864201919659
text+audio_text_ln_lrh0.001_frozen_e5_s44,1153,2,1.51515,4.0748,0.0,0.0007010309278350515
text+audio_text_ln_lrh0.001_frozen_e5_s44,1154,2,1.0609,2.4979,0.0,0.0007006754354781373
text+audio_text_ln_lrh0.001_frozen_e5_s44,1155,2,1.58401,3.7987,0.0,0.000700319943121223
text+audio_text_ln_lrh0.001_frozen_e5_s44,1156,2,1.62819,6.4227,0.0,0.0006999644507643086
text+audio_text_ln_lrh0.001_frozen_e5_s44,1157,2,1.2664,2.9268,0.0,0.0006996089584073942
text+audio_text_ln_lrh0.001_frozen_e5_s44,1158,2,1.22465,2.9384,0.0,0.0006992534660504799
text+audio_text_ln_lrh0.001_frozen_e5_s44,1159,2,1.07282,4.0062,0.0,0.0006988979736935655
text+audio_text_ln_lrh0.001_frozen_e5_s44,1160,2,1.31539,3.63,0.0,0.0006985424813366513
text+audio_text_ln_lrh0.001_frozen_e5_s44,1161,2,1.70559,4.307,0.0,0.000698186988979737
text+audio_text_ln_lrh0.001_frozen_e5_s44,1162,2,1.09506,3.1312,0.0,0.0006978314966228226
text+audio_text_ln_lrh0.001_frozen_e5_s44,1163,2,1.09525,4.4309,0.0,0.0006974760042659083
text+audio_text_ln_lrh0.001_frozen_e5_s44,1164,2,1.08791,3.2974,0.0,0.000697120511908994
text+audio_text_ln_lrh0.001_frozen_e5_s44,1165,2,0.74714,3.6447,0.0,0.0006967650195520796
text+audio_text_ln_lrh0.001_frozen_e5_s44,1166,2,0.70256,3.2806,0.0,0.0006964095271951654
text+audio_text_ln_lrh0.001_frozen_e5_s44,1167,2,1.2744,2.4283,0.0,0.000696054034838251
text+audio_text_ln_lrh0.001_frozen_e5_s44,1168,2,1.59215,3.9372,0.0,0.0006956985424813367
text+audio_text_ln_lrh0.001_frozen_e5_s44,1169,2,1.2624,3.1372,0.0,0.0006953430501244224
text+audio_text_ln_lrh0.001_frozen_e5_s44,1170,2,0.82187,3.5233,0.0,0.000694987557767508
text+audio_text_ln_lrh0.001_frozen_e5_s44,1171,2,1.23518,3.2389,0.0,0.0006946320654105936
text+audio_text_ln_lrh0.001_frozen_e5_s44,1172,2,1.20141,4.8044,0.0,0.0006942765730536793
text+audio_text_ln_lrh0.001_frozen_e5_s44,1173,2,1.31193,3.7144,0.0,0.000693921080696765
text+audio_text_ln_lrh0.001_frozen_e5_s44,1174,2,1.0367,3.361,0.0,0.0006935655883398507
text+audio_text_ln_lrh0.001_frozen_e5_s44,1175,2,0.70279,3.078,0.0,0.0006932100959829364
text+audio_text_ln_lrh0.001_frozen_e5_s44,1176,2,1.04627,3.4382,0.0,0.000692854603626022
text+audio_text_ln_lrh0.001_frozen_e5_s44,1177,2,1.13018,3.8934,0.0,0.0006924991112691077
text+audio_text_ln_lrh0.001_frozen_e5_s44,1178,2,1.66484,4.9925,0.0,0.0006921436189121934
text+audio_text_ln_lrh0.001_frozen_e5_s44,1179,2,1.20687,4.1693,0.0,0.0006917881265552791
text+audio_text_ln_lrh0.001_frozen_e5_s44,1180,2,1.067,3.7965,0.0,0.0006914326341983648
text+audio_text_ln_lrh0.001_frozen_e5_s44,1181,2,1.32628,3.6617,0.0,0.0006910771418414504
text+audio_text_ln_lrh0.001_frozen_e5_s44,1182,2,1.67891,5.0689,0.0,0.0006907216494845361
text+audio_text_ln_lrh0.001_frozen_e5_s44,1183,2,1.07279,2.621,0.0,0.0006903661571276218
text+audio_text_ln_lrh0.001_frozen_e5_s44,1184,2,1.47508,4.182,0.0,0.0006900106647707074
text+audio_text_ln_lrh0.001_frozen_e5_s44,1185,2,1.20925,4.5345,0.0,0.0006896551724137932
text+audio_text_ln_lrh0.001_frozen_e5_s44,1186,2,1.52368,4.3012,0.0,0.0006892996800568789
text+audio_text_ln_lrh0.001_frozen_e5_s44,1187,2,0.86932,2.9629,0.0,0.0006889441876999644
text+audio_text_ln_lrh0.001_frozen_e5_s44,1188,2,1.32755,2.7576,0.0,0.0006885886953430501
text+audio_text_ln_lrh0.001_frozen_e5_s44,1189,2,1.31668,3.6955,0.0,0.0006882332029861358
text+audio_text_ln_lrh0.001_frozen_e5_s44,1190,2,1.60406,4.736,0.0,0.0006878777106292214
text+audio_text_ln_lrh0.001_frozen_e5_s44,1191,2,1.11085,5.7149,0.0,0.0006875222182723072
text+audio_text_ln_lrh0.001_frozen_e5_s44,1192,2,1.27954,3.3563,0.0,0.0006871667259153929
text+audio_text_ln_lrh0.001_frozen_e5_s44,1193,2,1.45352,4.3337,0.0,0.0006868112335584785
text+audio_text_ln_lrh0.001_frozen_e5_s44,1194,2,1.34864,3.7642,0.0,0.0006864557412015642
text+audio_text_ln_lrh0.001_frozen_e5_s44,1195,2,1.4501,3.734,0.0,0.0006861002488446498
text+audio_text_ln_lrh0.001_frozen_e5_s44,1196,2,0.88028,3.1487,0.0,0.0006857447564877355
text+audio_text_ln_lrh0.001_frozen_e5_s44,1197,2,1.08981,3.1907,0.0,0.0006853892641308213
text+audio_text_ln_lrh0.001_frozen_e5_s44,1198,2,1.50171,3.896,0.0,0.0006850337717739069
text+audio_text_ln_lrh0.001_frozen_e5_s44,1199,2,1.18098,3.2261,0.0,0.0006846782794169926
text+audio_text_ln_lrh0.001_frozen_e5_s44,1200,2,1.02917,2.8808,0.0,0.0006843227870600783
text+audio_text_ln_lrh0.001_frozen_e5_s44,1201,2,1.41895,3.818,0.0,0.0006839672947031638
text+audio_text_ln_lrh0.001_frozen_e5_s44,1202,2,1.24343,3.696,0.0,0.0006836118023462495
text+audio_text_ln_lrh0.001_frozen_e5_s44,1203,2,0.76212,2.7433,0.0,0.0006832563099893352
text+audio_text_ln_lrh0.001_frozen_e5_s44,1204,2,1.56226,5.1327,0.0,0.0006829008176324209
text+audio_text_ln_lrh0.001_frozen_e5_s44,1205,2,1.13827,2.7393,0.0,0.0006825453252755066
text+audio_text_ln_lrh0.001_frozen_e5_s44,1206,2,1.13461,2.6692,0.0,0.0006821898329185923
text+audio_text_ln_lrh0.001_frozen_e5_s44,1207,2,1.74297,4.3943,0.0,0.0006818343405616779
text+audio_text_ln_lrh0.001_frozen_e5_s44,1208,2,1.34777,3.9513,0.0,0.0006814788482047636
text+audio_text_ln_lrh0.001_frozen_e5_s44,1209,2,1.22392,3.442,0.0,0.0006811233558478492
text+audio_text_ln_lrh0.001_frozen_e5_s44,1210,2,1.51816,3.4642,0.0,0.000680767863490935
text+audio_text_ln_lrh0.001_frozen_e5_s44,1211,2,1.09521,3.4344,0.0,0.0006804123711340207
text+audio_text_ln_lrh0.001_frozen_e5_s44,1212,2,1.45241,4.1199,0.0,0.0006800568787771063
text+audio_text_ln_lrh0.001_frozen_e5_s44,1213,2,1.31801,2.9642,0.0,0.000679701386420192
text+audio_text_ln_lrh0.001_frozen_e5_s44,1214,2,0.90388,3.3383,0.0,0.0006793458940632777
text+audio_text_ln_lrh0.001_frozen_e5_s44,1215,2,0.97998,5.3186,0.0,0.0006789904017063632
text+audio_text_ln_lrh0.001_frozen_e5_s44,1216,2,1.6605,3.9061,0.0,0.000678634909349449
text+audio_text_ln_lrh0.001_frozen_e5_s44,1217,2,1.39809,3.1276,0.0,0.0006782794169925347
text+audio_text_ln_lrh0.001_frozen_e5_s44,1218,2,0.94377,5.4986,0.0,0.0006779239246356203
text+audio_text_ln_lrh0.001_frozen_e5_s44,1219,2,1.12199,3.882,0.0,0.000677568432278706
text+audio_text_ln_lrh0.001_frozen_e5_s44,1220,2,1.02042,4.1689,0.0,0.0006772129399217917
text+audio_text_ln_lrh0.001_frozen_e5_s44,1221,2,1.31014,4.0301,0.0,0.0006768574475648773
text+audio_text_ln_lrh0.001_frozen_e5_s44,1222,2,1.30022,3.5113,0.0,0.0006765019552079631
text+audio_text_ln_lrh0.001_frozen_e5_s44,1223,2,1.13384,3.4142,0.0,0.0006761464628510488
text+audio_text_ln_lrh0.001_frozen_e5_s44,1224,2,1.09746,2.7925,0.0,0.0006757909704941344
text+audio_text_ln_lrh0.001_frozen_e5_s44,1225,2,1.08213,4.0279,0.0,0.0006754354781372201
text+audio_text_ln_lrh0.001_frozen_e5_s44,1226,2,1.21257,2.561,0.0,0.0006750799857803057
text+audio_text_ln_lrh0.001_frozen_e5_s44,1227,2,0.83915,3.5559,0.0,0.0006747244934233914
text+audio_text_ln_lrh0.001_frozen_e5_s44,1228,2,0.97243,2.0401,0.0,0.0006743690010664772
text+audio_text_ln_lrh0.001_frozen_e5_s44,1229,2,1.12384,3.2662,0.0,0.0006740135087095628
text+audio_text_ln_lrh0.001_frozen_e5_s44,1230,2,1.33108,4.2771,0.0,0.0006736580163526484
text+audio_text_ln_lrh0.001_frozen_e5_s44,1231,2,1.54857,6.296,0.0,0.0006733025239957341
text+audio_text_ln_lrh0.001_frozen_e5_s44,1232,2,1.10672,2.8147,0.0,0.0006729470316388197
text+audio_text_ln_lrh0.001_frozen_e5_s44,1233,2,0.94789,3.3714,0.0,0.0006725915392819054
text+audio_text_ln_lrh0.001_frozen_e5_s44,1234,2,1.46691,5.2846,0.0,0.0006722360469249911
text+audio_text_ln_lrh0.001_frozen_e5_s44,1235,2,1.05865,3.0821,0.0,0.0006718805545680768
text+audio_text_ln_lrh0.001_frozen_e5_s44,1236,2,1.17627,2.3886,0.0,0.0006715250622111625
text+audio_text_ln_lrh0.001_frozen_e5_s44,1237,2,1.22301,2.4092,0.0,0.0006711695698542482
text+audio_text_ln_lrh0.001_frozen_e5_s44,1238,2,1.42365,3.3089,0.0,0.0006708140774973338
text+audio_text_ln_lrh0.001_frozen_e5_s44,1239,2,1.51115,3.2897,0.0,0.0006704585851404195
text+audio_text_ln_lrh0.001_frozen_e5_s44,1240,2,1.04982,2.6162,0.0,0.0006701030927835051
text+audio_text_ln_lrh0.001_frozen_e5_s44,1241,2,1.55482,5.9115,0.0,0.0006697476004265909
text+audio_text_ln_lrh0.001_frozen_e5_s44,1242,2,1.51469,3.5869,0.0,0.0006693921080696766
text+audio_text_ln_lrh0.001_frozen_e5_s44,1243,2,1.5292,4.9672,0.0,0.0006690366157127622
text+audio_text_ln_lrh0.001_frozen_e5_s44,1244,2,1.15404,2.8122,0.0,0.0006686811233558479
text+audio_text_ln_lrh0.001_frozen_e5_s44,1245,2,1.27472,3.7603,0.0,0.0006683256309989335
text+audio_text_ln_lrh0.001_frozen_e5_s44,1246,2,1.42644,5.032,0.0,0.0006679701386420191
text+audio_text_ln_lrh0.001_frozen_e5_s44,1247,2,1.2463,2.5567,0.0,0.0006676146462851049
text+audio_text_ln_lrh0.001_frozen_e5_s44,1248,2,0.88175,2.2144,0.0,0.0006672591539281906
text+audio_text_ln_lrh0.001_frozen_e5_s44,1249,2,0.65272,4.3498,0.0,0.0006669036615712762
text+audio_text_ln_lrh0.001_frozen_e5_s44,1250,2,1.19363,7.6118,0.0,0.0006665481692143619
text+audio_text_ln_lrh0.001_frozen_e5_s44,1251,3,1.11574,3.7616,0.0,0.0006661926768574476
text+audio_text_ln_lrh0.001_frozen_e5_s44,1252,3,1.23659,2.9186,0.0,0.0006658371845005332
text+audio_text_ln_lrh0.001_frozen_e5_s44,1253,3,0.89163,3.9031,0.0,0.000665481692143619
text+audio_text_ln_lrh0.001_frozen_e5_s44,1254,3,1.38676,2.8375,0.0,0.0006651261997867046
text+audio_text_ln_lrh0.001_frozen_e5_s44,1255,3,1.17222,2.6991,0.0,0.0006647707074297903
text+audio_text_ln_lrh0.001_frozen_e5_s44,1256,3,0.97023,3.1766,0.0,0.000664415215072876
text+audio_text_ln_lrh0.001_frozen_e5_s44,1257,3,1.544,3.9467,0.0,0.0006640597227159616
text+audio_text_ln_lrh0.001_frozen_e5_s44,1258,3,1.18769,3.5632,0.0,0.0006637042303590473
text+audio_text_ln_lrh0.001_frozen_e5_s44,1259,3,0.97617,3.486,0.0,0.0006633487380021331
text+audio_text_ln_lrh0.001_frozen_e5_s44,1260,3,1.3156,4.4903,0.0,0.0006629932456452186
text+audio_text_ln_lrh0.001_frozen_e5_s44,1261,3,1.10985,3.3391,0.0,0.0006626377532883043
text+audio_text_ln_lrh0.001_frozen_e5_s44,1262,3,1.49658,2.9528,0.0,0.00066228226093139
text+audio_text_ln_lrh0.001_frozen_e5_s44,1263,3,1.18462,4.7377,0.0,0.0006619267685744756
text+audio_text_ln_lrh0.001_frozen_e5_s44,1264,3,1.42665,3.7539,0.0,0.0006615712762175613
text+audio_text_ln_lrh0.001_frozen_e5_s44,1265,3,0.82478,3.3725,0.0,0.000661215783860647
text+audio_text_ln_lrh0.001_frozen_e5_s44,1266,3,1.41496,3.5535,0.0,0.0006608602915037327
text+audio_text_ln_lrh0.001_frozen_e5_s44,1267,3,1.52527,3.463,0.0,0.0006605047991468184
text+audio_text_ln_lrh0.001_frozen_e5_s44,1268,3,1.74287,5.2988,0.0,0.000660149306789904
text+audio_text_ln_lrh0.001_frozen_e5_s44,1269,3,1.22699,2.9747,0.0,0.0006597938144329897
text+audio_text_ln_lrh0.001_frozen_e5_s44,1270,3,0.92826,3.3269,0.0,0.0006594383220760754
text+audio_text_ln_lrh0.001_frozen_e5_s44,1271,3,1.23436,3.2782,0.0,0.000659082829719161
text+audio_text_ln_lrh0.001_frozen_e5_s44,1272,3,1.57116,4.5469,0.0,0.0006587273373622468
text+audio_text_ln_lrh0.001_frozen_e5_s44,1273,3,1.09557,3.2775,0.0,0.0006583718450053325
text+audio_text_ln_lrh0.001_frozen_e5_s44,1274,3,1.20867,3.5361,0.0,0.000658016352648418
text+audio_text_ln_lrh0.001_frozen_e5_s44,1275,3,0.99292,2.4254,0.0,0.0006576608602915037
text+audio_text_ln_lrh0.001_frozen_e5_s44,1276,3,1.32038,5.5008,0.0,0.0006573053679345894
text+audio_text_ln_lrh0.001_frozen_e5_s44,1277,3,1.16018,3.7653,0.0,0.000656949875577675
text+audio_text_ln_lrh0.001_frozen_e5_s44,1278,3,0.95297,3.6927,0.0,0.0006565943832207608
text+audio_text_ln_lrh0.001_frozen_e5_s44,1279,3,1.55256,3.5235,0.0,0.0006562388908638465
text+audio_text_ln_lrh0.001_frozen_e5_s44,1280,3,1.82235,5.1691,0.0,0.0006558833985069321
text+audio_text_ln_lrh0.001_frozen_e5_s44,1281,3,1.00467,2.42,0.0,0.0006555279061500178
text+audio_text_ln_lrh0.001_frozen_e5_s44,1282,3,1.40674,2.9041,0.0,0.0006551724137931034
text+audio_text_ln_lrh0.001_frozen_e5_s44,1283,3,1.05805,3.0601,0.0,0.0006548169214361891
text+audio_text_ln_lrh0.001_frozen_e5_s44,1284,3,0.96147,2.6079,0.0,0.0006544614290792749
text+audio_text_ln_lrh0.001_frozen_e5_s44,1285,3,1.28737,3.3396,0.0,0.0006541059367223605
text+audio_text_ln_lrh0.001_frozen_e5_s44,1286,3,1.28952,3.7918,0.0,0.0006537504443654462
text+audio_text_ln_lrh0.001_frozen_e5_s44,1287,3,1.65691,3.4941,0.0,0.0006533949520085319
text+audio_text_ln_lrh0.001_frozen_e5_s44,1288,3,0.61308,5.0349,0.0,0.0006530394596516174
text+audio_text_ln_lrh0.001_frozen_e5_s44,1289,3,1.08027,3.2308,0.0,0.0006526839672947031
text+audio_text_ln_lrh0.001_frozen_e5_s44,1290,3,0.85802,2.7204,0.0,0.0006523284749377888
text+audio_text_ln_lrh0.001_frozen_e5_s44,1291,3,1.32627,2.4612,0.0,0.0006519729825808745
text+audio_text_ln_lrh0.001_frozen_e5_s44,1292,3,0.82407,2.6318,0.0,0.0006516174902239602
text+audio_text_ln_lrh0.001_frozen_e5_s44,1293,3,1.16843,2.7344,0.0,0.0006512619978670459
text+audio_text_ln_lrh0.001_frozen_e5_s44,1294,3,1.56646,4.2336,0.0,0.0006509065055101315
text+audio_text_ln_lrh0.001_frozen_e5_s44,1295,3,0.89576,2.7057,0.0,0.0006505510131532172
text+audio_text_ln_lrh0.001_frozen_e5_s44,1296,3,1.24541,4.0506,0.0,0.0006501955207963028
text+audio_text_ln_lrh0.001_frozen_e5_s44,1297,3,1.33343,3.6827,0.0,0.0006498400284393886
text+audio_text_ln_lrh0.001_frozen_e5_s44,1298,3,1.01415,2.6039,0.0,0.0006494845360824743
text+audio_text_ln_lrh0.001_frozen_e5_s44,1299,3,0.88948,3.3589,0.0,0.0006491290437255599
text+audio_text_ln_lrh0.001_frozen_e5_s44,1300,3,1.04405,2.3502,0.0,0.0006487735513686456
text+audio_text_ln_lrh0.001_frozen_e5_s44,1301,3,0.88276,2.1497,0.0,0.0006484180590117313
text+audio_text_ln_lrh0.001_frozen_e5_s44,1302,3,1.31877,2.631,0.0,0.0006480625666548168
text+audio_text_ln_lrh0.001_frozen_e5_s44,1303,3,1.32118,3.7822,0.0,0.0006477070742979027
text+audio_text_ln_lrh0.001_frozen_e5_s44,1304,3,1.33975,3.6909,0.0,0.0006473515819409883
text+audio_text_ln_lrh0.001_frozen_e5_s44,1305,3,1.05597,4.4714,0.0,0.0006469960895840739
text+audio_text_ln_lrh0.001_frozen_e5_s44,1306,3,1.05363,2.4447,0.0,0.0006466405972271596
text+audio_text_ln_lrh0.001_frozen_e5_s44,1307,3,1.12,3.1303,0.0,0.0006462851048702453
text+audio_text_ln_lrh0.001_frozen_e5_s44,1308,3,1.21953,3.2696,0.0,0.0006459296125133309
text+audio_text_ln_lrh0.001_frozen_e5_s44,1309,3,1.14154,2.7681,0.0,0.0006455741201564167
text+audio_text_ln_lrh0.001_frozen_e5_s44,1310,3,1.47934,3.8269,0.0,0.0006452186277995024
text+audio_text_ln_lrh0.001_frozen_e5_s44,1311,3,1.15871,3.0957,0.0,0.000644863135442588
text+audio_text_ln_lrh0.001_frozen_e5_s44,1312,3,0.94392,2.2813,0.0,0.0006445076430856737
text+audio_text_ln_lrh0.001_frozen_e5_s44,1313,3,1.15818,2.4136,0.0,0.0006441521507287593
text+audio_text_ln_lrh0.001_frozen_e5_s44,1314,3,1.41136,5.1323,0.0,0.000643796658371845
text+audio_text_ln_lrh0.001_frozen_e5_s44,1315,3,1.43335,4.0676,0.0,0.0006434411660149308
text+audio_text_ln_lrh0.001_frozen_e5_s44,1316,3,0.9469,5.0759,0.0,0.0006430856736580164
text+audio_text_ln_lrh0.001_frozen_e5_s44,1317,3,0.93622,2.3964,0.0,0.0006427301813011021
text+audio_text_ln_lrh0.001_frozen_e5_s44,1318,3,1.111,2.646,0.0,0.0006423746889441877
text+audio_text_ln_lrh0.001_frozen_e5_s44,1319,3,1.1893,2.5878,0.0,0.0006420191965872733
text+audio_text_ln_lrh0.001_frozen_e5_s44,1320,3,1.25586,3.1648,0.0,0.000641663704230359
text+audio_text_ln_lrh0.001_frozen_e5_s44,1321,3,0.79933,5.4733,0.0,0.0006413082118734447
text+audio_text_ln_lrh0.001_frozen_e5_s44,1322,3,1.04525,5.1706,0.0,0.0006409527195165304
text+audio_text_ln_lrh0.001_frozen_e5_s44,1323,3,1.18307,3.23,0.0,0.0006405972271596161
text+audio_text_ln_lrh0.001_frozen_e5_s44,1324,3,0.91321,3.6445,0.0,0.0006402417348027018
text+audio_text_ln_lrh0.001_frozen_e5_s44,1325,3,1.56894,4.0463,0.0,0.0006398862424457874
text+audio_text_ln_lrh0.001_frozen_e5_s44,1326,3,1.45376,4.704,0.0,0.0006395307500888731
text+audio_text_ln_lrh0.001_frozen_e5_s44,1327,3,0.65006,4.0018,0.0,0.0006391752577319587
text+audio_text_ln_lrh0.001_frozen_e5_s44,1328,3,1.06948,4.7519,0.0,0.0006388197653750445
text+audio_text_ln_lrh0.001_frozen_e5_s44,1329,3,1.4977,4.4418,0.0,0.0006384642730181302
text+audio_text_ln_lrh0.001_frozen_e5_s44,1330,3,1.24157,3.9568,0.0,0.0006381087806612158
text+audio_text_ln_lrh0.001_frozen_e5_s44,1331,3,1.44679,4.9676,0.0,0.0006377532883043015
text+audio_text_ln_lrh0.001_frozen_e5_s44,1332,3,1.55114,5.6916,0.0,0.0006373977959473872
text+audio_text_ln_lrh0.001_frozen_e5_s44,1333,3,1.69238,5.1355,0.0,0.0006370423035904727
text+audio_text_ln_lrh0.001_frozen_e5_s44,1334,3,0.93342,3.9925,0.0,0.0006366868112335585
text+audio_text_ln_lrh0.001_frozen_e5_s44,1335,3,1.02509,3.5139,0.0,0.0006363313188766442
text+audio_text_ln_lrh0.001_frozen_e5_s44,1336,3,1.53004,4.9165,0.0,0.0006359758265197298
text+audio_text_ln_lrh0.001_frozen_e5_s44,1337,3,1.27268,3.0867,0.0,0.0006356203341628155
text+audio_text_ln_lrh0.001_frozen_e5_s44,1338,3,0.61708,4.9572,0.0,0.0006352648418059012
text+audio_text_ln_lrh0.001_frozen_e5_s44,1339,3,1.06255,2.7141,0.0,0.0006349093494489868
text+audio_text_ln_lrh0.001_frozen_e5_s44,1340,3,0.72044,3.7179,0.0,0.0006345538570920726
text+audio_text_ln_lrh0.001_frozen_e5_s44,1341,3,0.7335,4.9363,0.0,0.0006341983647351582
text+audio_text_ln_lrh0.001_frozen_e5_s44,1342,3,1.20784,2.4896,0.0,0.0006338428723782439
text+audio_text_ln_lrh0.001_frozen_e5_s44,1343,3,1.39623,3.2273,0.0,0.0006334873800213296
text+audio_text_ln_lrh0.001_frozen_e5_s44,1344,3,1.21173,3.3041,0.0,0.0006331318876644152
text+audio_text_ln_lrh0.001_frozen_e5_s44,1345,3,1.15666,3.3437,0.0,0.0006327763953075009
text+audio_text_ln_lrh0.001_frozen_e5_s44,1346,3,1.28838,3.703,0.0,0.0006324209029505867
text+audio_text_ln_lrh0.001_frozen_e5_s44,1347,3,0.88218,2.5516,0.0,0.0006320654105936722
text+audio_text_ln_lrh0.001_frozen_e5_s44,1348,3,1.28503,5.321,0.0,0.0006317099182367579
text+audio_text_ln_lrh0.001_frozen_e5_s44,1349,3,1.20118,3.4258,0.0,0.0006313544258798436
text+audio_text_ln_lrh0.001_frozen_e5_s44,1350,3,0.84153,3.6557,0.0,0.0006309989335229292
text+audio_text_ln_lrh0.001_frozen_e5_s44,1351,3,1.5906,4.14,0.0,0.0006306434411660149
text+audio_text_ln_lrh0.001_frozen_e5_s44,1352,3,0.85382,2.1051,0.0,0.0006302879488091006
text+audio_text_ln_lrh0.001_frozen_e5_s44,1353,3,0.92561,2.9015,0.0,0.0006299324564521863
text+audio_text_ln_lrh0.001_frozen_e5_s44,1354,3,1.56192,4.8854,0.0,0.000629576964095272
text+audio_text_ln_lrh0.001_frozen_e5_s44,1355,3,1.1191,4.2098,0.0,0.0006292214717383576
text+audio_text_ln_lrh0.001_frozen_e5_s44,1356,3,0.914,3.7949,0.0,0.0006288659793814433
text+audio_text_ln_lrh0.001_frozen_e5_s44,1357,3,1.37609,3.9826,0.0,0.000628510487024529
text+audio_text_ln_lrh0.001_frozen_e5_s44,1358,3,1.07403,3.635,0.0,0.0006281549946676146
text+audio_text_ln_lrh0.001_frozen_e5_s44,1359,3,1.04297,4.4455,0.0,0.0006277995023107004
text+audio_text_ln_lrh0.001_frozen_e5_s44,1360,3,0.65533,4.169,0.0,0.0006274440099537861
text+audio_text_ln_lrh0.001_frozen_e5_s44,1361,3,1.10482,3.1461,0.0,0.0006270885175968717
text+audio_text_ln_lrh0.001_frozen_e5_s44,1362,3,1.75328,4.8015,0.0,0.0006267330252399573
text+audio_text_ln_lrh0.001_frozen_e5_s44,1363,3,1.35746,3.8345,0.0,0.000626377532883043
text+audio_text_ln_lrh0.001_frozen_e5_s44,1364,3,1.46545,4.5069,0.0,0.0006260220405261286
text+audio_text_ln_lrh0.001_frozen_e5_s44,1365,3,1.03038,3.0037,0.0,0.0006256665481692144
text+audio_text_ln_lrh0.001_frozen_e5_s44,1366,3,0.95478,2.6335,0.0,0.0006253110558123001
text+audio_text_ln_lrh0.001_frozen_e5_s44,1367,3,1.44194,3.3086,0.0,0.0006249555634553857
text+audio_text_ln_lrh0.001_frozen_e5_s44,1368,3,1.3663,2.4706,0.0,0.0006246000710984714
text+audio_text_ln_lrh0.001_frozen_e5_s44,1369,3,0.98026,3.0107,0.0,0.000624244578741557
text+audio_text_ln_lrh0.001_frozen_e5_s44,1370,3,1.49552,5.9322,0.0,0.0006238890863846427
text+audio_text_ln_lrh0.001_frozen_e5_s44,1371,3,1.63522,3.3549,0.0,0.0006235335940277285
text+audio_text_ln_lrh0.001_frozen_e5_s44,1372,3,1.12341,3.3036,0.0,0.0006231781016708141
text+audio_text_ln_lrh0.001_frozen_e5_s44,1373,3,1.13951,3.4142,0.0,0.0006228226093138998
text+audio_text_ln_lrh0.001_frozen_e5_s44,1374,3,1.0101,3.6315,0.0,0.0006224671169569855
text+audio_text_ln_lrh0.001_frozen_e5_s44,1375,3,1.36713,4.6952,0.0,0.000622111624600071
text+audio_text_ln_lrh0.001_frozen_e5_s44,1376,3,0.90539,3.6745,0.0,0.0006217561322431567
text+audio_text_ln_lrh0.001_frozen_e5_s44,1377,3,1.38749,3.8363,0.0,0.0006214006398862426
text+audio_text_ln_lrh0.001_frozen_e5_s44,1378,3,1.11866,2.968,0.0,0.0006210451475293281
text+audio_text_ln_lrh0.001_frozen_e5_s44,1379,3,1.32511,4.2744,0.0,0.0006206896551724138
text+audio_text_ln_lrh0.001_frozen_e5_s44,1380,3,0.72685,3.188,0.0,0.0006203341628154995
text+audio_text_ln_lrh0.001_frozen_e5_s44,1381,3,0.6862,2.9441,0.0,0.0006199786704585851
text+audio_text_ln_lrh0.001_frozen_e5_s44,1382,3,1.14741,2.8796,0.0,0.0006196231781016708
text+audio_text_ln_lrh0.001_frozen_e5_s44,1383,3,1.00272,3.7804,0.0,0.0006192676857447564
text+audio_text_ln_lrh0.001_frozen_e5_s44,1384,3,1.59546,6.156,0.0,0.0006189121933878422
text+audio_text_ln_lrh0.001_frozen_e5_s44,1385,3,1.14384,2.8989,0.0,0.0006185567010309279
text+audio_text_ln_lrh0.001_frozen_e5_s44,1386,3,1.40528,6.9917,0.0,0.0006182012086740135
text+audio_text_ln_lrh0.001_frozen_e5_s44,1387,3,1.3245,4.6872,0.0,0.0006178457163170992
text+audio_text_ln_lrh0.001_frozen_e5_s44,1388,3,1.05012,2.7028,0.0,0.0006174902239601849
text+audio_text_ln_lrh0.001_frozen_e5_s44,1389,3,1.48992,3.8383,0.0,0.0006171347316032705
text+audio_text_ln_lrh0.001_frozen_e5_s44,1390,3,1.29924,4.4606,0.0,0.0006167792392463563
text+audio_text_ln_lrh0.001_frozen_e5_s44,1391,3,1.47011,4.1805,0.0,0.000616423746889442
text+audio_text_ln_lrh0.001_frozen_e5_s44,1392,3,1.5466,3.8048,0.0,0.0006160682545325275
text+audio_text_ln_lrh0.001_frozen_e5_s44,1393,3,1.24895,3.4721,0.0,0.0006157127621756132
text+audio_text_ln_lrh0.001_frozen_e5_s44,1394,3,1.38067,4.6012,0.0,0.0006153572698186989
text+audio_text_ln_lrh0.001_frozen_e5_s44,1395,3,1.12675,3.3792,0.0,0.0006150017774617845
text+audio_text_ln_lrh0.001_frozen_e5_s44,1396,3,1.22276,4.6142,0.0,0.0006146462851048703
text+audio_text_ln_lrh0.001_frozen_e5_s44,1397,3,0.82916,2.9596,0.0,0.000614290792747956
text+audio_text_ln_lrh0.001_frozen_e5_s44,1398,3,1.20428,3.5947,0.0,0.0006139353003910416
text+audio_text_ln_lrh0.001_frozen_e5_s44,1399,3,1.04542,2.8481,0.0,0.0006135798080341273
text+audio_text_ln_lrh0.001_frozen_e5_s44,1400,3,1.27553,2.6364,0.0,0.0006132243156772129
text+audio_text_ln_lrh0.001_frozen_e5_s44,1401,3,1.58931,3.9399,0.0,0.0006128688233202986
text+audio_text_ln_lrh0.001_frozen_e5_s44,1402,3,1.11631,2.6817,0.0,0.0006125133309633844
text+audio_text_ln_lrh0.001_frozen_e5_s44,1403,3,0.9772,3.0757,0.0,0.00061215783860647
text+audio_text_ln_lrh0.001_frozen_e5_s44,1404,3,0.73601,3.2047,0.0,0.0006118023462495557
text+audio_text_ln_lrh0.001_frozen_e5_s44,1405,3,0.74567,2.7792,0.0,0.0006114468538926414
text+audio_text_ln_lrh0.001_frozen_e5_s44,1406,3,1.19111,3.1802,0.0,0.0006110913615357269
text+audio_text_ln_lrh0.001_frozen_e5_s44,1407,3,1.4008,6.7847,0.0,0.0006107358691788126
text+audio_text_ln_lrh0.001_frozen_e5_s44,1408,3,0.90831,3.1857,0.0,0.0006103803768218983
text+audio_text_ln_lrh0.001_frozen_e5_s44,1409,3,1.42346,3.4994,0.0,0.000610024884464984
text+audio_text_ln_lrh0.001_frozen_e5_s44,1410,3,1.43788,5.5101,0.0,0.0006096693921080697
text+audio_text_ln_lrh0.001_frozen_e5_s44,1411,3,0.95813,2.5968,0.0,0.0006093138997511554
text+audio_text_ln_lrh0.001_frozen_e5_s44,1412,3,0.91014,2.5614,0.0,0.000608958407394241
text+audio_text_ln_lrh0.001_frozen_e5_s44,1413,3,1.21366,4.0093,0.0,0.0006086029150373267
text+audio_text_ln_lrh0.001_frozen_e5_s44,1414,3,0.90787,2.9173,0.0,0.0006082474226804123
text+audio_text_ln_lrh0.001_frozen_e5_s44,1415,3,0.95621,3.4717,0.0,0.0006078919303234981
text+audio_text_ln_lrh0.001_frozen_e5_s44,1416,3,1.49915,3.576,0.0,0.0006075364379665838
text+audio_text_ln_lrh0.001_frozen_e5_s44,1417,3,0.98744,3.9013,0.0,0.0006071809456096694
text+audio_text_ln_lrh0.001_frozen_e5_s44,1418,3,1.19916,2.9215,0.0,0.0006068254532527551
text+audio_text_ln_lrh0.001_frozen_e5_s44,1419,3,0.8894,4.0078,0.0,0.0006064699608958408
text+audio_text_ln_lrh0.001_frozen_e5_s44,1420,3,1.4834,3.7501,0.0,0.0006061144685389263
text+audio_text_ln_lrh0.001_frozen_e5_s44,1421,3,1.32084,2.3791,0.0,0.0006057589761820121
text+audio_text_ln_lrh0.001_frozen_e5_s44,1422,3,1.06365,3.9249,0.0,0.0006054034838250978
text+audio_text_ln_lrh0.001_frozen_e5_s44,1423,3,1.12476,4.3343,0.0,0.0006050479914681834
text+audio_text_ln_lrh0.001_frozen_e5_s44,1424,3,1.33916,3.2794,0.0,0.0006046924991112691
text+audio_text_ln_lrh0.001_frozen_e5_s44,1425,3,1.14386,2.9432,0.0,0.0006043370067543548
text+audio_text_ln_lrh0.001_frozen_e5_s44,1426,3,0.87924,2.4625,0.0,0.0006039815143974404
text+audio_text_ln_lrh0.001_frozen_e5_s44,1427,3,1.33285,3.61,0.0,0.0006036260220405262
text+audio_text_ln_lrh0.001_frozen_e5_s44,1428,3,1.7896,5.3354,0.0,0.0006032705296836118
text+audio_text_ln_lrh0.001_frozen_e5_s44,1429,3,1.16403,2.6051,0.0,0.0006029150373266975
text+audio_text_ln_lrh0.001_frozen_e5_s44,1430,3,1.16511,3.1947,0.0,0.0006025595449697832
text+audio_text_ln_lrh0.001_frozen_e5_s44,1431,3,2.02968,4.9379,0.0,0.0006022040526128688
text+audio_text_ln_lrh0.001_frozen_e5_s44,1432,3,0.95165,4.3609,0.0,0.0006018485602559545
text+audio_text_ln_lrh0.001_frozen_e5_s44,1433,3,1.03283,2.2855,0.0,0.0006014930678990403
text+audio_text_ln_lrh0.001_frozen_e5_s44,1434,3,1.14302,5.2931,0.0,0.0006011375755421259
text+audio_text_ln_lrh0.001_frozen_e5_s44,1435,3,1.16126,2.9258,0.0,0.0006007820831852115
text+audio_text_ln_lrh0.001_frozen_e5_s44,1436,3,1.32758,3.0464,0.0,0.0006004265908282972
text+audio_text_ln_lrh0.001_frozen_e5_s44,1437,3,0.57809,4.6706,0.0,0.0006000710984713828
text+audio_text_ln_lrh0.001_frozen_e5_s44,1438,3,1.41772,4.5046,0.0,0.0005997156061144685
text+audio_text_ln_lrh0.001_frozen_e5_s44,1439,3,1.24436,2.647,0.0,0.0005993601137575542
text+audio_text_ln_lrh0.001_frozen_e5_s44,1440,3,1.50037,3.6738,0.0,0.0005990046214006399
text+audio_text_ln_lrh0.001_frozen_e5_s44,1441,3,1.04083,3.6678,0.0,0.0005986491290437256
text+audio_text_ln_lrh0.001_frozen_e5_s44,1442,3,0.85245,2.73,0.0,0.0005982936366868112
text+audio_text_ln_lrh0.001_frozen_e5_s44,1443,3,1.03281,3.4576,0.0,0.0005979381443298969
text+audio_text_ln_lrh0.001_frozen_e5_s44,1444,3,1.23472,2.2824,0.0,0.0005975826519729826
text+audio_text_ln_lrh0.001_frozen_e5_s44,1445,3,1.79725,7.0899,0.0,0.0005972271596160682
text+audio_text_ln_lrh0.001_frozen_e5_s44,1446,3,0.96174,2.3342,0.0,0.000596871667259154
text+audio_text_ln_lrh0.001_frozen_e5_s44,1447,3,1.25132,4.6555,0.0,0.0005965161749022397
text+audio_text_ln_lrh0.001_frozen_e5_s44,1448,3,1.11729,2.4887,0.0,0.0005961606825453253
text+audio_text_ln_lrh0.001_frozen_e5_s44,1449,3,1.01772,3.6092,0.0,0.000595805190188411
text+audio_text_ln_lrh0.001_frozen_e5_s44,1450,3,1.11425,2.7753,0.0,0.0005954496978314966
text+audio_text_ln_lrh0.001_frozen_e5_s44,1451,3,0.99626,2.8677,0.0,0.0005950942054745822
text+audio_text_ln_lrh0.001_frozen_e5_s44,1452,3,0.93401,3.5676,0.0,0.000594738713117668
text+audio_text_ln_lrh0.001_frozen_e5_s44,1453,3,0.82118,2.1187,0.0,0.0005943832207607537
text+audio_text_ln_lrh0.001_frozen_e5_s44,1454,3,1.06631,2.3101,0.0,0.0005940277284038393
text+audio_text_ln_lrh0.001_frozen_e5_s44,1455,3,1.04744,2.5844,0.0,0.000593672236046925
text+audio_text_ln_lrh0.001_frozen_e5_s44,1456,3,1.10326,5.9732,0.0,0.0005933167436900106
text+audio_text_ln_lrh0.001_frozen_e5_s44,1457,3,1.34242,3.1349,0.0,0.0005929612513330963
text+audio_text_ln_lrh0.001_frozen_e5_s44,1458,3,0.6335,3.9617,0.0,0.0005926057589761821
text+audio_text_ln_lrh0.001_frozen_e5_s44,1459,3,0.91001,3.1545,0.0,0.0005922502666192677
text+audio_text_ln_lrh0.001_frozen_e5_s44,1460,3,1.43991,3.2174,0.0,0.0005918947742623534
text+audio_text_ln_lrh0.001_frozen_e5_s44,1461,3,1.38448,4.4088,0.0,0.0005915392819054391
text+audio_text_ln_lrh0.001_frozen_e5_s44,1462,3,1.50813,7.2099,0.0,0.0005911837895485247
text+audio_text_ln_lrh0.001_frozen_e5_s44,1463,3,1.29736,3.5846,0.0,0.0005908282971916104
text+audio_text_ln_lrh0.001_frozen_e5_s44,1464,3,0.75066,2.1811,0.0,0.0005904728048346962
text+audio_text_ln_lrh0.001_frozen_e5_s44,1465,3,1.45257,6.4491,0.0,0.0005901173124777817
text+audio_text_ln_lrh0.001_frozen_e5_s44,1466,3,1.23043,3.5654,0.0,0.0005897618201208674
text+audio_text_ln_lrh0.001_frozen_e5_s44,1467,3,1.57727,6.1635,0.0,0.0005894063277639531
text+audio_text_ln_lrh0.001_frozen_e5_s44,1468,3,0.99605,3.704,0.0,0.0005890508354070387
text+audio_text_ln_lrh0.001_frozen_e5_s44,1469,3,0.74556,2.0758,0.0,0.0005886953430501244
text+audio_text_ln_lrh0.001_frozen_e5_s44,1470,3,1.40964,4.8809,0.0,0.0005883398506932101
text+audio_text_ln_lrh0.001_frozen_e5_s44,1471,3,0.82265,3.2689,0.0,0.0005879843583362958
text+audio_text_ln_lrh0.001_frozen_e5_s44,1472,3,0.89262,3.2745,0.0,0.0005876288659793815
text+audio_text_ln_lrh0.001_frozen_e5_s44,1473,3,1.35135,3.4788,0.0,0.0005872733736224671
text+audio_text_ln_lrh0.001_frozen_e5_s44,1474,3,1.19832,3.0159,0.0,0.0005869178812655528
text+audio_text_ln_lrh0.001_frozen_e5_s44,1475,3,0.92125,5.1904,0.0,0.0005865623889086385
text+audio_text_ln_lrh0.001_frozen_e5_s44,1476,3,1.16663,4.355,0.0,0.0005862068965517241
text+audio_text_ln_lrh0.001_frozen_e5_s44,1477,3,1.14305,3.7465,0.0,0.0005858514041948099
text+audio_text_ln_lrh0.001_frozen_e5_s44,1478,3,1.17772,2.8337,0.0,0.0005854959118378956
text+audio_text_ln_lrh0.001_frozen_e5_s44,1479,3,1.73547,3.312,0.0,0.0005851404194809811
text+audio_text_ln_lrh0.001_frozen_e5_s44,1480,3,1.37132,2.9099,0.0,0.0005847849271240668
text+audio_text_ln_lrh0.001_frozen_e5_s44,1481,3,1.46998,3.9042,0.0,0.0005844294347671525
text+audio_text_ln_lrh0.001_frozen_e5_s44,1482,3,1.62539,4.1945,0.0,0.0005840739424102381
text+audio_text_ln_lrh0.001_frozen_e5_s44,1483,3,1.00361,2.4584,0.0,0.0005837184500533239
text+audio_text_ln_lrh0.001_frozen_e5_s44,1484,3,0.82312,3.3921,0.0,0.0005833629576964096
text+audio_text_ln_lrh0.001_frozen_e5_s44,1485,3,1.18869,2.6776,0.0,0.0005830074653394952
text+audio_text_ln_lrh0.001_frozen_e5_s44,1486,3,0.98735,2.1718,0.0,0.0005826519729825809
text+audio_text_ln_lrh0.001_frozen_e5_s44,1487,3,1.01283,2.3269,0.0,0.0005822964806256665
text+audio_text_ln_lrh0.001_frozen_e5_s44,1488,3,0.86536,3.8145,0.0,0.0005819409882687522
text+audio_text_ln_lrh0.001_frozen_e5_s44,1489,3,1.18199,3.6441,0.0,0.000581585495911838
text+audio_text_ln_lrh0.001_frozen_e5_s44,1490,3,0.6026,2.4499,0.0,0.0005812300035549236
text+audio_text_ln_lrh0.001_frozen_e5_s44,1491,3,0.83432,2.2182,0.0,0.0005808745111980093
text+audio_text_ln_lrh0.001_frozen_e5_s44,1492,3,1.16216,4.4165,0.0,0.000580519018841095
text+audio_text_ln_lrh0.001_frozen_e5_s44,1493,3,1.07819,2.5197,0.0,0.0005801635264841805
text+audio_text_ln_lrh0.001_frozen_e5_s44,1494,3,1.56382,3.1652,0.0,0.0005798080341272662
text+audio_text_ln_lrh0.001_frozen_e5_s44,1495,3,1.09645,3.4011,0.0,0.000579452541770352
text+audio_text_ln_lrh0.001_frozen_e5_s44,1496,3,1.24806,3.2399,0.0,0.0005790970494134376
text+audio_text_ln_lrh0.001_frozen_e5_s44,1497,3,1.00679,2.4308,0.0,0.0005787415570565233
text+audio_text_ln_lrh0.001_frozen_e5_s44,1498,3,1.12629,2.5456,0.0,0.000578386064699609
text+audio_text_ln_lrh0.001_frozen_e5_s44,1499,3,1.03404,2.4903,0.0,0.0005780305723426946
text+audio_text_ln_lrh0.001_frozen_e5_s44,1500,3,1.16831,2.6859,0.0,0.0005776750799857803
text+audio_text_ln_lrh0.001_frozen_e5_s44,1501,3,1.05662,3.3295,0.0,0.0005773195876288659
text+audio_text_ln_lrh0.001_frozen_e5_s44,1502,3,1.09531,3.0349,0.0,0.0005769640952719517
text+audio_text_ln_lrh0.001_frozen_e5_s44,1503,3,0.8538,2.4824,0.0,0.0005766086029150374
text+audio_text_ln_lrh0.001_frozen_e5_s44,1504,3,0.85491,2.3641,0.0,0.000576253110558123
text+audio_text_ln_lrh0.001_frozen_e5_s44,1505,3,1.04376,2.8572,0.0,0.0005758976182012087
text+audio_text_ln_lrh0.001_frozen_e5_s44,1506,3,0.92609,2.6488,0.0,0.0005755421258442944
text+audio_text_ln_lrh0.001_frozen_e5_s44,1507,3,1.40936,3.987,0.0,0.00057518663348738
text+audio_text_ln_lrh0.001_frozen_e5_s44,1508,3,1.33279,4.1906,0.0,0.0005748311411304658
text+audio_text_ln_lrh0.001_frozen_e5_s44,1509,3,0.99632,3.7246,0.0,0.0005744756487735514
text+audio_text_ln_lrh0.001_frozen_e5_s44,1510,3,0.83587,3.1573,0.0,0.000574120156416637
text+audio_text_ln_lrh0.001_frozen_e5_s44,1511,3,1.26892,2.9325,0.0,0.0005737646640597227
text+audio_text_ln_lrh0.001_frozen_e5_s44,1512,3,0.80025,2.9864,0.0,0.0005734091717028084
text+audio_text_ln_lrh0.001_frozen_e5_s44,1513,3,1.29046,4.1056,0.0,0.000573053679345894
text+audio_text_ln_lrh0.001_frozen_e5_s44,1514,3,0.99077,3.0449,0.0,0.0005726981869889798
text+audio_text_ln_lrh0.001_frozen_e5_s44,1515,3,1.4299,3.8147,0.0,0.0005723426946320654
text+audio_text_ln_lrh0.001_frozen_e5_s44,1516,3,1.01249,2.7553,0.0,0.0005719872022751511
text+audio_text_ln_lrh0.001_frozen_e5_s44,1517,3,0.90391,2.6328,0.0,0.0005716317099182368
text+audio_text_ln_lrh0.001_frozen_e5_s44,1518,3,0.77128,4.6204,0.0,0.0005712762175613224
text+audio_text_ln_lrh0.001_frozen_e5_s44,1519,3,1.38058,4.0436,0.0,0.0005709207252044081
text+audio_text_ln_lrh0.001_frozen_e5_s44,1520,3,1.52084,5.4013,0.0,0.0005705652328474939
text+audio_text_ln_lrh0.001_frozen_e5_s44,1521,3,1.27799,3.701,0.0,0.0005702097404905795
text+audio_text_ln_lrh0.001_frozen_e5_s44,1522,3,1.43984,3.8555,0.0,0.0005698542481336652
text+audio_text_ln_lrh0.001_frozen_e5_s44,1523,3,1.06903,3.1736,0.0,0.0005694987557767508
text+audio_text_ln_lrh0.001_frozen_e5_s44,1524,3,0.9968,2.9534,0.0,0.0005691432634198364
text+audio_text_ln_lrh0.001_frozen_e5_s44,1525,3,0.89361,3.5333,0.0,0.0005687877710629221
text+audio_text_ln_lrh0.001_frozen_e5_s44,1526,3,1.1544,3.5651,0.0,0.0005684322787060079
text+audio_text_ln_lrh0.001_frozen_e5_s44,1527,3,1.3807,4.087,0.0,0.0005680767863490935
text+audio_text_ln_lrh0.001_frozen_e5_s44,1528,3,1.40762,3.548,0.0,0.0005677212939921792
text+audio_text_ln_lrh0.001_frozen_e5_s44,1529,3,1.02918,2.4471,0.0,0.0005673658016352649
text+audio_text_ln_lrh0.001_frozen_e5_s44,1530,3,0.94237,2.8819,0.0,0.0005670103092783505
text+audio_text_ln_lrh0.001_frozen_e5_s44,1531,3,0.87702,3.2231,0.0,0.0005666548169214362
text+audio_text_ln_lrh0.001_frozen_e5_s44,1532,3,1.04162,2.325,0.0,0.0005662993245645218
text+audio_text_ln_lrh0.001_frozen_e5_s44,1533,3,1.16648,2.964,0.0,0.0005659438322076076
text+audio_text_ln_lrh0.001_frozen_e5_s44,1534,3,1.00324,2.964,0.0,0.0005655883398506933
text+audio_text_ln_lrh0.001_frozen_e5_s44,1535,3,1.34552,3.7562,0.0,0.0005652328474937789
text+audio_text_ln_lrh0.001_frozen_e5_s44,1536,3,1.20268,4.5813,0.0,0.0005648773551368646
text+audio_text_ln_lrh0.001_frozen_e5_s44,1537,3,1.35725,3.5517,0.0,0.0005645218627799503
text+audio_text_ln_lrh0.001_frozen_e5_s44,1538,3,1.3072,3.3562,0.0,0.0005641663704230358
text+audio_text_ln_lrh0.001_frozen_e5_s44,1539,3,1.15209,2.5811,0.0,0.0005638108780661216
text+audio_text_ln_lrh0.001_frozen_e5_s44,1540,3,1.29538,3.3122,0.0,0.0005634553857092073
text+audio_text_ln_lrh0.001_frozen_e5_s44,1541,3,1.26467,2.7453,0.0,0.0005630998933522929
text+audio_text_ln_lrh0.001_frozen_e5_s44,1542,3,1.03536,2.7121,0.0,0.0005627444009953786
text+audio_text_ln_lrh0.001_frozen_e5_s44,1543,3,1.20195,3.6556,0.0,0.0005623889086384643
text+audio_text_ln_lrh0.001_frozen_e5_s44,1544,3,1.42821,2.7131,0.0,0.0005620334162815499
text+audio_text_ln_lrh0.001_frozen_e5_s44,1545,3,1.02054,2.3084,0.0,0.0005616779239246357
text+audio_text_ln_lrh0.001_frozen_e5_s44,1546,3,1.30369,2.9294,0.0,0.0005613224315677213
text+audio_text_ln_lrh0.001_frozen_e5_s44,1547,3,1.45727,5.0518,0.0,0.000560966939210807
text+audio_text_ln_lrh0.001_frozen_e5_s44,1548,3,1.51531,3.6528,0.0,0.0005606114468538927
text+audio_text_ln_lrh0.001_frozen_e5_s44,1549,3,0.99423,3.1814,0.0,0.0005602559544969783
text+audio_text_ln_lrh0.001_frozen_e5_s44,1550,3,0.95817,2.2361,0.0,0.000559900462140064
text+audio_text_ln_lrh0.001_frozen_e5_s44,1551,3,0.99414,2.5292,0.0,0.0005595449697831498
text+audio_text_ln_lrh0.001_frozen_e5_s44,1552,3,1.34352,5.3428,0.0,0.0005591894774262353
text+audio_text_ln_lrh0.001_frozen_e5_s44,1553,3,2.01483,5.7962,0.0,0.000558833985069321
text+audio_text_ln_lrh0.001_frozen_e5_s44,1554,3,1.15787,4.1382,0.0,0.0005584784927124067
text+audio_text_ln_lrh0.001_frozen_e5_s44,1555,3,1.14505,3.7435,0.0,0.0005581230003554923
text+audio_text_ln_lrh0.001_frozen_e5_s44,1556,3,1.32441,4.0339,0.0,0.000557767507998578
text+audio_text_ln_lrh0.001_frozen_e5_s44,1557,3,1.01629,3.5316,0.0,0.0005574120156416637
text+audio_text_ln_lrh0.001_frozen_e5_s44,1558,3,1.14613,4.0037,0.0,0.0005570565232847494
text+audio_text_ln_lrh0.001_frozen_e5_s44,1559,3,1.38168,3.1845,0.0,0.0005567010309278351
text+audio_text_ln_lrh0.001_frozen_e5_s44,1560,3,0.93077,3.4894,0.0,0.0005563455385709207
text+audio_text_ln_lrh0.001_frozen_e5_s44,1561,3,0.72284,3.218,0.0,0.0005559900462140064
text+audio_text_ln_lrh0.001_frozen_e5_s44,1562,3,0.80721,4.184,0.0,0.0005556345538570921
text+audio_text_ln_lrh0.001_frozen_e5_s44,1563,3,0.98681,2.2266,0.0,0.0005552790615001777
text+audio_text_ln_lrh0.001_frozen_e5_s44,1564,3,0.73774,3.6519,0.0,0.0005549235691432635
text+audio_text_ln_lrh0.001_frozen_e5_s44,1565,3,1.41852,4.999,0.0,0.0005545680767863492
text+audio_text_ln_lrh0.001_frozen_e5_s44,1566,3,1.26111,5.2278,0.0,0.0005542125844294348
text+audio_text_ln_lrh0.001_frozen_e5_s44,1567,3,0.66323,3.1544,0.0,0.0005538570920725204
text+audio_text_ln_lrh0.001_frozen_e5_s44,1568,3,1.20405,4.7296,0.0,0.0005535015997156061
text+audio_text_ln_lrh0.001_frozen_e5_s44,1569,3,0.99118,2.4773,0.0,0.0005531461073586917
text+audio_text_ln_lrh0.001_frozen_e5_s44,1570,3,1.01712,3.46,0.0,0.0005527906150017775
text+audio_text_ln_lrh0.001_frozen_e5_s44,1571,3,0.95126,2.7706,0.0,0.0005524351226448632
text+audio_text_ln_lrh0.001_frozen_e5_s44,1572,3,1.37395,3.2162,0.0,0.0005520796302879488
text+audio_text_ln_lrh0.001_frozen_e5_s44,1573,3,0.91249,3.4634,0.0,0.0005517241379310345
text+audio_text_ln_lrh0.001_frozen_e5_s44,1574,3,1.16628,4.5341,0.0,0.0005513686455741201
text+audio_text_ln_lrh0.001_frozen_e5_s44,1575,3,1.90446,4.5004,0.0,0.0005510131532172058
text+audio_text_ln_lrh0.001_frozen_e5_s44,1576,3,1.07475,4.2015,0.0,0.0005506576608602916
text+audio_text_ln_lrh0.001_frozen_e5_s44,1577,3,1.10605,4.0956,0.0,0.0005503021685033772
text+audio_text_ln_lrh0.001_frozen_e5_s44,1578,3,1.37007,4.5425,0.0,0.0005499466761464629
text+audio_text_ln_lrh0.001_frozen_e5_s44,1579,3,1.33595,2.9806,0.0,0.0005495911837895486
text+audio_text_ln_lrh0.001_frozen_e5_s44,1580,3,1.1123,3.455,0.0,0.0005492356914326342
text+audio_text_ln_lrh0.001_frozen_e5_s44,1581,3,1.41136,3.8993,0.0,0.0005488801990757198
text+audio_text_ln_lrh0.001_frozen_e5_s44,1582,3,1.11331,3.7393,0.0,0.0005485247067188057
text+audio_text_ln_lrh0.001_frozen_e5_s44,1583,3,0.99555,3.2391,0.0,0.0005481692143618912
text+audio_text_ln_lrh0.001_frozen_e5_s44,1584,3,1.14339,2.9634,0.0,0.0005478137220049769
text+audio_text_ln_lrh0.001_frozen_e5_s44,1585,3,0.85008,2.1634,0.0,0.0005474582296480626
text+audio_text_ln_lrh0.001_frozen_e5_s44,1586,3,1.33258,3.8147,0.0,0.0005471027372911482
text+audio_text_ln_lrh0.001_frozen_e5_s44,1587,3,1.04873,2.9534,0.0,0.0005467472449342339
text+audio_text_ln_lrh0.001_frozen_e5_s44,1588,3,1.33505,2.9306,0.0,0.0005463917525773195
text+audio_text_ln_lrh0.001_frozen_e5_s44,1589,3,0.91921,3.9102,0.0,0.0005460362602204053
text+audio_text_ln_lrh0.001_frozen_e5_s44,1590,3,1.32176,3.579,0.0,0.000545680767863491
text+audio_text_ln_lrh0.001_frozen_e5_s44,1591,3,1.02198,3.7804,0.0,0.0005453252755065766
text+audio_text_ln_lrh0.001_frozen_e5_s44,1592,3,1.38438,3.7399,0.0,0.0005449697831496623
text+audio_text_ln_lrh0.001_frozen_e5_s44,1593,3,1.34288,3.4635,0.0,0.000544614290792748
text+audio_text_ln_lrh0.001_frozen_e5_s44,1594,3,0.78516,4.56,0.0,0.0005442587984358336
text+audio_text_ln_lrh0.001_frozen_e5_s44,1595,3,1.36449,3.3708,0.0,0.0005439033060789194
text+audio_text_ln_lrh0.001_frozen_e5_s44,1596,3,0.76696,4.1353,0.0,0.000543547813722005
text+audio_text_ln_lrh0.001_frozen_e5_s44,1597,3,0.7002,2.9447,0.0,0.0005431923213650906
text+audio_text_ln_lrh0.001_frozen_e5_s44,1598,3,0.9658,2.8581,0.0,0.0005428368290081763
text+audio_text_ln_lrh0.001_frozen_e5_s44,1599,3,1.21762,3.6598,0.0,0.000542481336651262
text+audio_text_ln_lrh0.001_frozen_e5_s44,1600,3,1.49512,5.3881,0.0,0.0005421258442943476
text+audio_text_ln_lrh0.001_frozen_e5_s44,1601,3,0.69509,3.214,0.0,0.0005417703519374334
text+audio_text_ln_lrh0.001_frozen_e5_s44,1602,3,0.9623,2.7486,0.0,0.0005414148595805191
text+audio_text_ln_lrh0.001_frozen_e5_s44,1603,3,1.14418,3.669,0.0,0.0005410593672236047
text+audio_text_ln_lrh0.001_frozen_e5_s44,1604,3,0.80432,2.817,0.0,0.0005407038748666904
text+audio_text_ln_lrh0.001_frozen_e5_s44,1605,3,1.16067,3.9798,0.0,0.000540348382509776
text+audio_text_ln_lrh0.001_frozen_e5_s44,1606,3,1.49962,3.9653,0.0,0.0005399928901528617
text+audio_text_ln_lrh0.001_frozen_e5_s44,1607,3,1.69786,5.0315,0.0,0.0005396373977959475
text+audio_text_ln_lrh0.001_frozen_e5_s44,1608,3,1.35439,3.3101,0.0,0.0005392819054390331
text+audio_text_ln_lrh0.001_frozen_e5_s44,1609,3,1.56974,5.7816,0.0,0.0005389264130821188
text+audio_text_ln_lrh0.001_frozen_e5_s44,1610,3,0.62602,2.6601,0.0,0.0005385709207252045
text+audio_text_ln_lrh0.001_frozen_e5_s44,1611,3,0.87862,4.9127,0.0,0.00053821542836829
text+audio_text_ln_lrh0.001_frozen_e5_s44,1612,3,1.56459,3.5923,0.0,0.0005378599360113757
text+audio_text_ln_lrh0.001_frozen_e5_s44,1613,3,1.57635,4.901,0.0,0.0005375044436544615
text+audio_text_ln_lrh0.001_frozen_e5_s44,1614,3,1.46807,2.8981,0.0,0.0005371489512975471
text+audio_text_ln_lrh0.001_frozen_e5_s44,1615,3,1.43454,3.4431,0.0,0.0005367934589406328
text+audio_text_ln_lrh0.001_frozen_e5_s44,1616,3,1.35218,2.7419,0.0,0.0005364379665837185
text+audio_text_ln_lrh0.001_frozen_e5_s44,1617,3,1.13088,4.0373,0.0,0.0005360824742268041
text+audio_text_ln_lrh0.001_frozen_e5_s44,1618,3,1.33022,3.123,0.0,0.0005357269818698898
text+audio_text_ln_lrh0.001_frozen_e5_s44,1619,3,1.02898,2.3178,0.0,0.0005353714895129754
text+audio_text_ln_lrh0.001_frozen_e5_s44,1620,3,0.76107,2.5008,0.0,0.0005350159971560612
text+audio_text_ln_lrh0.001_frozen_e5_s44,1621,3,1.05771,4.4144,0.0,0.0005346605047991469
text+audio_text_ln_lrh0.001_frozen_e5_s44,1622,3,1.22827,3.0025,0.0,0.0005343050124422325
text+audio_text_ln_lrh0.001_frozen_e5_s44,1623,3,1.29597,3.1627,0.0,0.0005339495200853182
text+audio_text_ln_lrh0.001_frozen_e5_s44,1624,3,1.76563,3.4231,0.0,0.0005335940277284039
text+audio_text_ln_lrh0.001_frozen_e5_s44,1625,3,1.69206,4.3869,0.0,0.0005332385353714894
text+audio_text_ln_lrh0.001_frozen_e5_s44,1626,3,1.08612,2.7342,0.0,0.0005328830430145752
text+audio_text_ln_lrh0.001_frozen_e5_s44,1627,3,1.50805,3.971,0.0,0.0005325275506576609
text+audio_text_ln_lrh0.001_frozen_e5_s44,1628,3,1.08827,2.5655,0.0,0.0005321720583007465
text+audio_text_ln_lrh0.001_frozen_e5_s44,1629,3,0.94974,3.8621,0.0,0.0005318165659438322
text+audio_text_ln_lrh0.001_frozen_e5_s44,1630,3,1.42312,2.9002,0.0,0.0005314610735869179
text+audio_text_ln_lrh0.001_frozen_e5_s44,1631,3,1.17087,2.9134,0.0,0.0005311055812300035
text+audio_text_ln_lrh0.001_frozen_e5_s44,1632,3,0.81252,4.3249,0.0,0.0005307500888730893
text+audio_text_ln_lrh0.001_frozen_e5_s44,1633,3,1.06847,5.2443,0.0,0.0005303945965161749
text+audio_text_ln_lrh0.001_frozen_e5_s44,1634,3,1.18573,3.7569,0.0,0.0005300391041592606
text+audio_text_ln_lrh0.001_frozen_e5_s44,1635,3,1.321,2.8362,0.0,0.0005296836118023463
text+audio_text_ln_lrh0.001_frozen_e5_s44,1636,3,1.18112,3.1731,0.0,0.0005293281194454319
text+audio_text_ln_lrh0.001_frozen_e5_s44,1637,3,0.98667,2.4986,0.0,0.0005289726270885176
text+audio_text_ln_lrh0.001_frozen_e5_s44,1638,3,1.70802,5.5351,0.0,0.0005286171347316034
text+audio_text_ln_lrh0.001_frozen_e5_s44,1639,3,1.25234,3.219,0.0,0.000528261642374689
text+audio_text_ln_lrh0.001_frozen_e5_s44,1640,3,0.83047,2.7619,0.0,0.0005279061500177746
text+audio_text_ln_lrh0.001_frozen_e5_s44,1641,3,1.88503,5.7895,0.0,0.0005275506576608603
text+audio_text_ln_lrh0.001_frozen_e5_s44,1642,3,1.14421,3.0356,0.0,0.0005271951653039459
text+audio_text_ln_lrh0.001_frozen_e5_s44,1643,3,0.86502,2.5324,0.0,0.0005268396729470316
text+audio_text_ln_lrh0.001_frozen_e5_s44,1644,3,0.79804,2.1489,0.0,0.0005264841805901174
text+audio_text_ln_lrh0.001_frozen_e5_s44,1645,3,1.03714,2.6153,0.0,0.000526128688233203
text+audio_text_ln_lrh0.001_frozen_e5_s44,1646,3,1.1285,3.6137,0.0,0.0005257731958762887
text+audio_text_ln_lrh0.001_frozen_e5_s44,1647,3,0.99147,4.6652,0.0,0.0005254177035193743
text+audio_text_ln_lrh0.001_frozen_e5_s44,1648,3,0.89129,3.3136,0.0,0.00052506221116246
text+audio_text_ln_lrh0.001_frozen_e5_s44,1649,3,1.49275,3.4132,0.0,0.0005247067188055457
text+audio_text_ln_lrh0.001_frozen_e5_s44,1650,3,0.76958,4.5367,0.0,0.0005243512264486313
text+audio_text_ln_lrh0.001_frozen_e5_s44,1651,3,1.65837,3.537,0.0,0.0005239957340917171
text+audio_text_ln_lrh0.001_frozen_e5_s44,1652,3,1.28738,3.0784,0.0,0.0005236402417348028
text+audio_text_ln_lrh0.001_frozen_e5_s44,1653,3,1.20557,3.0014,0.0,0.0005232847493778884
text+audio_text_ln_lrh0.001_frozen_e5_s44,1654,3,1.16653,2.7237,0.0,0.000522929257020974
text+audio_text_ln_lrh0.001_frozen_e5_s44,1655,3,0.7819,2.3021,0.0,0.0005225737646640597
text+audio_text_ln_lrh0.001_frozen_e5_s44,1656,3,0.88914,3.6224,0.0,0.0005222182723071453
text+audio_text_ln_lrh0.001_frozen_e5_s44,1657,3,1.22704,3.5956,0.0,0.0005218627799502311
text+audio_text_ln_lrh0.001_frozen_e5_s44,1658,3,1.62367,5.7779,0.0,0.0005215072875933168
text+audio_text_ln_lrh0.001_frozen_e5_s44,1659,3,1.32954,3.1981,0.0,0.0005211517952364024
text+audio_text_ln_lrh0.001_frozen_e5_s44,1660,3,1.26082,4.1145,0.0,0.0005207963028794881
text+audio_text_ln_lrh0.001_frozen_e5_s44,1661,3,1.28898,3.0718,0.0,0.0005204408105225737
text+audio_text_ln_lrh0.001_frozen_e5_s44,1662,3,1.15254,3.9955,0.0,0.0005200853181656594
text+audio_text_ln_lrh0.001_frozen_e5_s44,1663,3,1.46917,3.1382,0.0,0.0005197298258087452
text+audio_text_ln_lrh0.001_frozen_e5_s44,1664,3,0.59284,2.621,0.0,0.0005193743334518308
text+audio_text_ln_lrh0.001_frozen_e5_s44,1665,3,1.06044,3.4927,0.0,0.0005190188410949165
text+audio_text_ln_lrh0.001_frozen_e5_s44,1666,3,1.10956,3.372,0.0,0.0005186633487380022
text+audio_text_ln_lrh0.001_frozen_e5_s44,1667,3,1.08302,3.209,0.0,0.0005183078563810878
text+audio_text_ln_lrh0.001_frozen_e5_s44,1668,3,1.59187,5.3648,0.0,0.0005179523640241735
text+audio_text_ln_lrh0.001_frozen_e5_s44,1669,3,0.90372,2.3806,0.0,0.0005175968716672593
text+audio_text_ln_lrh0.001_frozen_e5_s44,1670,3,0.89413,2.9215,0.0,0.0005172413793103448
text+audio_text_ln_lrh0.001_frozen_e5_s44,1671,3,0.91448,2.7049,0.0,0.0005168858869534305
text+audio_text_ln_lrh0.001_frozen_e5_s44,1672,3,0.74569,3.5826,0.0,0.0005165303945965162
text+audio_text_ln_lrh0.001_frozen_e5_s44,1673,3,0.72137,3.3762,0.0,0.0005161749022396018
text+audio_text_ln_lrh0.001_frozen_e5_s44,1674,3,0.96554,2.8519,0.0,0.0005158194098826875
text+audio_text_ln_lrh0.001_frozen_e5_s44,1675,3,1.22998,2.8376,0.0,0.0005154639175257731
text+audio_text_ln_lrh0.001_frozen_e5_s44,1676,3,1.16291,2.4801,0.0,0.0005151084251688589
text+audio_text_ln_lrh0.001_frozen_e5_s44,1677,3,1.39491,3.3294,0.0,0.0005147529328119446
text+audio_text_ln_lrh0.001_frozen_e5_s44,1678,3,1.07713,4.1856,0.0,0.0005143974404550302
text+audio_text_ln_lrh0.001_frozen_e5_s44,1679,3,0.73276,2.5623,0.0,0.0005140419480981159
text+audio_text_ln_lrh0.001_frozen_e5_s44,1680,3,1.00433,2.5318,0.0,0.0005136864557412016
text+audio_text_ln_lrh0.001_frozen_e5_s44,1681,3,1.02191,3.4421,0.0,0.0005133309633842872
text+audio_text_ln_lrh0.001_frozen_e5_s44,1682,3,1.23036,3.3051,0.0,0.000512975471027373
text+audio_text_ln_lrh0.001_frozen_e5_s44,1683,3,1.38279,7.1149,0.0,0.0005126199786704587
text+audio_text_ln_lrh0.001_frozen_e5_s44,1684,3,1.12091,4.2697,0.0,0.0005122644863135442
text+audio_text_ln_lrh0.001_frozen_e5_s44,1685,3,1.24936,5.1235,0.0,0.0005119089939566299
text+audio_text_ln_lrh0.001_frozen_e5_s44,1686,3,0.82456,2.2289,0.0,0.0005115535015997156
text+audio_text_ln_lrh0.001_frozen_e5_s44,1687,3,1.08544,4.7645,0.0,0.0005111980092428012
text+audio_text_ln_lrh0.001_frozen_e5_s44,1688,3,0.516,2.7178,0.0,0.000510842516885887
text+audio_text_ln_lrh0.001_frozen_e5_s44,1689,3,1.77115,7.335,0.0,0.0005104870245289727
text+audio_text_ln_lrh0.001_frozen_e5_s44,1690,3,0.95499,3.1857,0.0,0.0005101315321720583
text+audio_text_ln_lrh0.001_frozen_e5_s44,1691,3,1.31426,5.2331,0.0,0.000509776039815144
text+audio_text_ln_lrh0.001_frozen_e5_s44,1692,3,0.66676,2.5282,0.0,0.0005094205474582296
text+audio_text_ln_lrh0.001_frozen_e5_s44,1693,3,0.94122,3.0725,0.0,0.0005090650551013153
text+audio_text_ln_lrh0.001_frozen_e5_s44,1694,3,0.83131,2.4821,0.0,0.0005087095627444011
text+audio_text_ln_lrh0.001_frozen_e5_s44,1695,3,0.89869,3.1971,0.0,0.0005083540703874867
text+audio_text_ln_lrh0.001_frozen_e5_s44,1696,3,1.01804,2.9165,0.0,0.0005079985780305724
text+audio_text_ln_lrh0.001_frozen_e5_s44,1697,3,1.25182,3.2489,0.0,0.0005076430856736581
text+audio_text_ln_lrh0.001_frozen_e5_s44,1698,3,0.98428,2.7775,0.0,0.0005072875933167436
text+audio_text_ln_lrh0.001_frozen_e5_s44,1699,3,0.9696,2.7462,0.0,0.0005069321009598293
text+audio_text_ln_lrh0.001_frozen_e5_s44,1700,3,1.33199,3.8072,0.0,0.0005065766086029151
text+audio_text_ln_lrh0.001_frozen_e5_s44,1701,3,1.33951,3.6924,0.0,0.0005062211162460007
text+audio_text_ln_lrh0.001_frozen_e5_s44,1702,3,0.90552,3.7266,0.0,0.0005058656238890864
text+audio_text_ln_lrh0.001_frozen_e5_s44,1703,3,1.36803,3.8096,0.0,0.0005055101315321721
text+audio_text_ln_lrh0.001_frozen_e5_s44,1704,3,0.92846,2.6078,0.0,0.0005051546391752577
text+audio_text_ln_lrh0.001_frozen_e5_s44,1705,3,1.08021,4.0121,0.0,0.0005047991468183434
text+audio_text_ln_lrh0.001_frozen_e5_s44,1706,3,1.15672,2.6889,0.0,0.000504443654461429
text+audio_text_ln_lrh0.001_frozen_e5_s44,1707,3,1.45986,3.556,0.0,0.0005040881621045148
text+audio_text_ln_lrh0.001_frozen_e5_s44,1708,3,1.05965,3.5457,0.0,0.0005037326697476005
text+audio_text_ln_lrh0.001_frozen_e5_s44,1709,3,1.09733,4.7289,0.0,0.0005033771773906861
text+audio_text_ln_lrh0.001_frozen_e5_s44,1710,3,0.9648,3.004,0.0,0.0005030216850337718
text+audio_text_ln_lrh0.001_frozen_e5_s44,1711,3,1.03923,2.7094,0.0,0.0005026661926768575
text+audio_text_ln_lrh0.001_frozen_e5_s44,1712,3,1.24137,4.0931,0.0,0.000502310700319943
text+audio_text_ln_lrh0.001_frozen_e5_s44,1713,3,0.8889,3.3088,0.0,0.0005019552079630289
text+audio_text_ln_lrh0.001_frozen_e5_s44,1714,3,1.17232,2.882,0.0,0.0005015997156061145
text+audio_text_ln_lrh0.001_frozen_e5_s44,1715,3,1.30285,3.1912,0.0,0.0005012442232492001
text+audio_text_ln_lrh0.001_frozen_e5_s44,1716,3,1.53071,4.391,0.0,0.0005008887308922858
text+audio_text_ln_lrh0.001_frozen_e5_s44,1717,3,1.26598,3.5133,0.0,0.0005005332385353715
text+audio_text_ln_lrh0.001_frozen_e5_s44,1718,3,0.95801,3.2333,0.0,0.0005001777461784571
text+audio_text_ln_lrh0.001_frozen_e5_s44,1719,3,0.77577,2.87,0.0,0.0004998222538215428
text+audio_text_ln_lrh0.001_frozen_e5_s44,1720,3,0.73981,3.6008,0.0,0.0004994667614646285
text+audio_text_ln_lrh0.001_frozen_e5_s44,1721,3,1.15018,2.9051,0.0,0.0004991112691077142
text+audio_text_ln_lrh0.001_frozen_e5_s44,1722,3,1.19683,3.3377,0.0,0.0004987557767507999
text+audio_text_ln_lrh0.001_frozen_e5_s44,1723,3,1.28564,4.7252,0.0,0.0004984002843938855
text+audio_text_ln_lrh0.001_frozen_e5_s44,1724,3,0.56983,2.8426,0.0,0.0004980447920369713
text+audio_text_ln_lrh0.001_frozen_e5_s44,1725,3,0.83252,3.947,0.0,0.0004976892996800569
text+audio_text_ln_lrh0.001_frozen_e5_s44,1726,3,1.61841,5.758,0.0,0.0004973338073231426
text+audio_text_ln_lrh0.001_frozen_e5_s44,1727,3,0.99191,3.076,0.0,0.0004969783149662283
text+audio_text_ln_lrh0.001_frozen_e5_s44,1728,3,0.73061,2.6637,0.0,0.000496622822609314
text+audio_text_ln_lrh0.001_frozen_e5_s44,1729,3,1.17564,3.2646,0.0,0.0004962673302523995
text+audio_text_ln_lrh0.001_frozen_e5_s44,1730,3,0.98832,3.6286,0.0,0.0004959118378954852
text+audio_text_ln_lrh0.001_frozen_e5_s44,1731,3,0.95034,3.6775,0.0,0.0004955563455385709
text+audio_text_ln_lrh0.001_frozen_e5_s44,1732,3,1.20017,5.3815,0.0,0.0004952008531816566
text+audio_text_ln_lrh0.001_frozen_e5_s44,1733,3,0.95892,2.9452,0.0,0.0004948453608247423
text+audio_text_ln_lrh0.001_frozen_e5_s44,1734,3,1.27167,4.3112,0.0,0.0004944898684678279
text+audio_text_ln_lrh0.001_frozen_e5_s44,1735,3,1.35621,2.9593,0.0,0.0004941343761109136
text+audio_text_ln_lrh0.001_frozen_e5_s44,1736,3,1.16143,4.7653,0.0,0.0004937788837539993
text+audio_text_ln_lrh0.001_frozen_e5_s44,1737,3,1.20374,3.1776,0.0,0.000493423391397085
text+audio_text_ln_lrh0.001_frozen_e5_s44,1738,3,1.23678,2.7114,0.0,0.0004930678990401707
text+audio_text_ln_lrh0.001_frozen_e5_s44,1739,3,1.0577,3.1278,0.0,0.0004927124066832564
text+audio_text_ln_lrh0.001_frozen_e5_s44,1740,3,0.9205,2.3147,0.0,0.000492356914326342
text+audio_text_ln_lrh0.001_frozen_e5_s44,1741,3,0.72804,3.8421,0.0,0.0004920014219694277
text+audio_text_ln_lrh0.001_frozen_e5_s44,1742,3,1.15892,3.0881,0.0,0.0004916459296125134
text+audio_text_ln_lrh0.001_frozen_e5_s44,1743,3,1.18464,3.9737,0.0,0.000491290437255599
text+audio_text_ln_lrh0.001_frozen_e5_s44,1744,3,0.96132,2.3817,0.0,0.0004909349448986846
text+audio_text_ln_lrh0.001_frozen_e5_s44,1745,3,0.92826,4.1183,0.0,0.0004905794525417704
text+audio_text_ln_lrh0.001_frozen_e5_s44,1746,3,0.91297,2.7429,0.0,0.000490223960184856
text+audio_text_ln_lrh0.001_frozen_e5_s44,1747,3,1.20579,4.1363,0.0,0.0004898684678279417
text+audio_text_ln_lrh0.001_frozen_e5_s44,1748,3,1.09791,3.5845,0.0,0.0004895129754710274
text+audio_text_ln_lrh0.001_frozen_e5_s44,1749,3,1.10844,2.8327,0.0,0.0004891574831141131
text+audio_text_ln_lrh0.001_frozen_e5_s44,1750,3,0.94861,2.7132,0.0,0.0004888019907571987
text+audio_text_ln_lrh0.001_frozen_e5_s44,1751,3,0.65993,2.5837,0.0,0.0004884464984002844
text+audio_text_ln_lrh0.001_frozen_e5_s44,1752,3,1.13149,3.0382,0.0,0.0004880910060433701
text+audio_text_ln_lrh0.001_frozen_e5_s44,1753,3,1.05203,3.3428,0.0,0.0004877355136864557
text+audio_text_ln_lrh0.001_frozen_e5_s44,1754,3,1.04327,4.4822,0.0,0.0004873800213295414
text+audio_text_ln_lrh0.001_frozen_e5_s44,1755,3,1.38772,4.0859,0.0,0.0004870245289726271
text+audio_text_ln_lrh0.001_frozen_e5_s44,1756,3,0.86884,3.6395,0.0,0.00048666903661571275
text+audio_text_ln_lrh0.001_frozen_e5_s44,1757,3,0.96547,2.91,0.0,0.00048631354425879845
text+audio_text_ln_lrh0.001_frozen_e5_s44,1758,3,1.28926,3.2375,0.0,0.00048595805190188414
text+audio_text_ln_lrh0.001_frozen_e5_s44,1759,3,1.16848,4.3137,0.0,0.0004856025595449698
text+audio_text_ln_lrh0.001_frozen_e5_s44,1760,3,1.3174,4.3873,0.0,0.0004852470671880554
text+audio_text_ln_lrh0.001_frozen_e5_s44,1761,3,0.9023,2.3452,0.0,0.00048489157483114117
text+audio_text_ln_lrh0.001_frozen_e5_s44,1762,3,0.77091,2.7457,0.0,0.0004845360824742268
text+audio_text_ln_lrh0.001_frozen_e5_s44,1763,3,1.24934,3.4206,0.0,0.00048418059011731245
text+audio_text_ln_lrh0.001_frozen_e5_s44,1764,3,0.83625,3.9167,0.0,0.0004838250977603982
text+audio_text_ln_lrh0.001_frozen_e5_s44,1765,3,1.07517,2.6632,0.0,0.00048346960540348384
text+audio_text_ln_lrh0.001_frozen_e5_s44,1766,3,0.92426,3.1939,0.0,0.0004831141130465695
text+audio_text_ln_lrh0.001_frozen_e5_s44,1767,3,0.92505,4.0233,0.0,0.0004827586206896552
text+audio_text_ln_lrh0.001_frozen_e5_s44,1768,3,1.05784,4.4564,0.0,0.0004824031283327409
text+audio_text_ln_lrh0.001_frozen_e5_s44,1769,3,1.2763,2.9112,0.0,0.0004820476359758265
text+audio_text_ln_lrh0.001_frozen_e5_s44,1770,3,1.23489,5.9423,0.0,0.0004816921436189122
text+audio_text_ln_lrh0.001_frozen_e5_s44,1771,3,0.74979,3.4289,0.0,0.0004813366512619979
text+audio_text_ln_lrh0.001_frozen_e5_s44,1772,3,1.30159,4.4092,0.0,0.00048098115890508354
text+audio_text_ln_lrh0.001_frozen_e5_s44,1773,3,1.39613,4.1724,0.0,0.00048062566654816924
text+audio_text_ln_lrh0.001_frozen_e5_s44,1774,3,1.11414,4.2927,0.0,0.0004802701741912549
text+audio_text_ln_lrh0.001_frozen_e5_s44,1775,3,0.61699,3.0486,0.0,0.0004799146818343406
text+audio_text_ln_lrh0.001_frozen_e5_s44,1776,3,0.93064,2.7146,0.0,0.00047955918947742627
text+audio_text_ln_lrh0.001_frozen_e5_s44,1777,3,0.86703,3.3241,0.0,0.0004792036971205119
text+audio_text_ln_lrh0.001_frozen_e5_s44,1778,3,1.26312,3.6227,0.0,0.0004788482047635976
text+audio_text_ln_lrh0.001_frozen_e5_s44,1779,3,1.10712,2.8908,0.0,0.00047849271240668325
text+audio_text_ln_lrh0.001_frozen_e5_s44,1780,3,1.29271,4.9775,0.0,0.00047813722004976894
text+audio_text_ln_lrh0.001_frozen_e5_s44,1781,3,1.05417,4.7759,0.0,0.0004777817276928546
text+audio_text_ln_lrh0.001_frozen_e5_s44,1782,3,1.4486,3.2257,0.0,0.0004774262353359403
text+audio_text_ln_lrh0.001_frozen_e5_s44,1783,3,0.63966,4.6194,0.0,0.00047707074297902597
text+audio_text_ln_lrh0.001_frozen_e5_s44,1784,3,0.94417,2.3357,0.0,0.0004767152506221116
text+audio_text_ln_lrh0.001_frozen_e5_s44,1785,3,1.38421,3.9365,0.0,0.0004763597582651973
text+audio_text_ln_lrh0.001_frozen_e5_s44,1786,3,0.98463,2.5855,0.0,0.000476004265908283
text+audio_text_ln_lrh0.001_frozen_e5_s44,1787,3,1.35024,4.3664,0.0,0.00047564877355136864
text+audio_text_ln_lrh0.001_frozen_e5_s44,1788,3,1.34461,3.8738,0.0,0.0004752932811944543
text+audio_text_ln_lrh0.001_frozen_e5_s44,1789,3,1.02218,3.4888,0.0,0.00047493778883754003
text+audio_text_ln_lrh0.001_frozen_e5_s44,1790,3,1.13422,3.0518,0.0,0.00047458229648062567
text+audio_text_ln_lrh0.001_frozen_e5_s44,1791,3,1.16785,4.2168,0.0,0.0004742268041237113
text+audio_text_ln_lrh0.001_frozen_e5_s44,1792,3,1.05467,2.6027,0.0,0.00047387131176679706
text+audio_text_ln_lrh0.001_frozen_e5_s44,1793,3,1.27148,3.3116,0.0,0.0004735158194098827
text+audio_text_ln_lrh0.001_frozen_e5_s44,1794,3,0.77285,2.3727,0.0,0.00047316032705296834
text+audio_text_ln_lrh0.001_frozen_e5_s44,1795,3,0.7565,2.3058,0.0,0.0004728048346960541
text+audio_text_ln_lrh0.001_frozen_e5_s44,1796,3,1.03365,3.0697,0.0,0.00047244934233913973
text+audio_text_ln_lrh0.001_frozen_e5_s44,1797,3,0.98372,4.2061,0.0,0.00047209384998222537
text+audio_text_ln_lrh0.001_frozen_e5_s44,1798,3,1.00892,3.0291,0.0,0.00047173835762531107
text+audio_text_ln_lrh0.001_frozen_e5_s44,1799,3,1.03306,2.5109,0.0,0.00047138286526839676
text+audio_text_ln_lrh0.001_frozen_e5_s44,1800,3,1.49685,3.6187,0.0,0.0004710273729114824
text+audio_text_ln_lrh0.001_frozen_e5_s44,1801,3,0.86533,2.7093,0.0,0.0004706718805545681
text+audio_text_ln_lrh0.001_frozen_e5_s44,1802,3,0.81582,2.6204,0.0,0.0004703163881976538
text+audio_text_ln_lrh0.001_frozen_e5_s44,1803,3,1.51429,3.056,0.0,0.00046996089584073943
text+audio_text_ln_lrh0.001_frozen_e5_s44,1804,3,1.47527,4.5929,0.0,0.00046960540348382513
text+audio_text_ln_lrh0.001_frozen_e5_s44,1805,3,1.36273,3.7784,0.0,0.00046924991112691077
text+audio_text_ln_lrh0.001_frozen_e5_s44,1806,3,0.93039,2.8483,0.0,0.00046889441876999646
text+audio_text_ln_lrh0.001_frozen_e5_s44,1807,3,1.57743,4.699,0.0,0.00046853892641308216
text+audio_text_ln_lrh0.001_frozen_e5_s44,1808,3,1.10387,3.533,0.0,0.0004681834340561678
text+audio_text_ln_lrh0.001_frozen_e5_s44,1809,3,1.26597,2.487,0.0,0.0004678279416992535
text+audio_text_ln_lrh0.001_frozen_e5_s44,1810,3,0.97242,3.0508,0.0,0.00046747244934233913
text+audio_text_ln_lrh0.001_frozen_e5_s44,1811,3,1.20754,3.5496,0.0,0.00046711695698542483
text+audio_text_ln_lrh0.001_frozen_e5_s44,1812,3,1.43406,3.47,0.0,0.00046676146462851047
text+audio_text_ln_lrh0.001_frozen_e5_s44,1813,3,1.26092,3.1183,0.0,0.00046640597227159616
text+audio_text_ln_lrh0.001_frozen_e5_s44,1814,3,1.02276,5.2437,0.0,0.00046605047991468186
text+audio_text_ln_lrh0.001_frozen_e5_s44,1815,3,1.20692,2.9408,0.0,0.0004656949875577675
text+audio_text_ln_lrh0.001_frozen_e5_s44,1816,3,0.93926,3.2809,0.0,0.0004653394952008532
text+audio_text_ln_lrh0.001_frozen_e5_s44,1817,3,1.47512,3.6844,0.0,0.0004649840028439389
text+audio_text_ln_lrh0.001_frozen_e5_s44,1818,3,0.77368,2.6911,0.0,0.00046462851048702453
text+audio_text_ln_lrh0.001_frozen_e5_s44,1819,3,0.81147,2.6899,0.0,0.00046427301813011017
text+audio_text_ln_lrh0.001_frozen_e5_s44,1820,3,0.8688,2.4966,0.0,0.0004639175257731959
text+audio_text_ln_lrh0.001_frozen_e5_s44,1821,3,1.59031,5.6223,0.0,0.00046356203341628156
text+audio_text_ln_lrh0.001_frozen_e5_s44,1822,3,0.82068,2.7944,0.0,0.0004632065410593672
text+audio_text_ln_lrh0.001_frozen_e5_s44,1823,3,0.85154,2.3937,0.0,0.00046285104870245295
text+audio_text_ln_lrh0.001_frozen_e5_s44,1824,3,1.00587,3.8446,0.0,0.0004624955563455386
text+audio_text_ln_lrh0.001_frozen_e5_s44,1825,3,1.31786,4.8572,0.0,0.00046214006398862423
text+audio_text_ln_lrh0.001_frozen_e5_s44,1826,3,0.95382,2.7959,0.0,0.0004617845716317099
text+audio_text_ln_lrh0.001_frozen_e5_s44,1827,3,1.1158,4.1697,0.0,0.0004614290792747956
text+audio_text_ln_lrh0.001_frozen_e5_s44,1828,3,1.06974,3.1777,0.0,0.00046107358691788126
text+audio_text_ln_lrh0.001_frozen_e5_s44,1829,3,1.37467,5.0229,0.0,0.00046071809456096696
text+audio_text_ln_lrh0.001_frozen_e5_s44,1830,3,1.18195,3.5,0.0,0.00046036260220405265
text+audio_text_ln_lrh0.001_frozen_e5_s44,1831,3,1.58922,3.7158,0.0,0.0004600071098471383
text+audio_text_ln_lrh0.001_frozen_e5_s44,1832,3,1.12537,3.6729,0.0,0.000459651617490224
text+audio_text_ln_lrh0.001_frozen_e5_s44,1833,3,1.42335,4.8698,0.0,0.0004592961251333096
text+audio_text_ln_lrh0.001_frozen_e5_s44,1834,3,1.05059,2.8089,0.0,0.0004589406327763953
text+audio_text_ln_lrh0.001_frozen_e5_s44,1835,3,1.03408,2.6532,0.0,0.000458585140419481
text+audio_text_ln_lrh0.001_frozen_e5_s44,1836,3,1.38766,5.1634,0.0,0.00045822964806256666
text+audio_text_ln_lrh0.001_frozen_e5_s44,1837,3,1.14685,2.6763,0.0,0.00045787415570565235
text+audio_text_ln_lrh0.001_frozen_e5_s44,1838,3,0.76297,2.3305,0.0,0.000457518663348738
text+audio_text_ln_lrh0.001_frozen_e5_s44,1839,3,0.78334,2.1476,0.0,0.0004571631709918237
text+audio_text_ln_lrh0.001_frozen_e5_s44,1840,3,1.27476,2.8938,0.0,0.00045680767863490933
text+audio_text_ln_lrh0.001_frozen_e5_s44,1841,3,1.5361,3.7837,0.0,0.000456452186277995
text+audio_text_ln_lrh0.001_frozen_e5_s44,1842,3,0.89006,2.768,0.0,0.0004560966939210807
text+audio_text_ln_lrh0.001_frozen_e5_s44,1843,3,1.49305,4.0874,0.0,0.00045574120156416636
text+audio_text_ln_lrh0.001_frozen_e5_s44,1844,3,1.31966,3.2612,0.0,0.00045538570920725205
text+audio_text_ln_lrh0.001_frozen_e5_s44,1845,3,1.43693,3.2256,0.0,0.00045503021685033775
text+audio_text_ln_lrh0.001_frozen_e5_s44,1846,3,1.01013,3.3811,0.0,0.0004546747244934234
text+audio_text_ln_lrh0.001_frozen_e5_s44,1847,3,1.35129,3.5834,0.0,0.00045431923213650903
text+audio_text_ln_lrh0.001_frozen_e5_s44,1848,3,1.33076,2.6225,0.0,0.0004539637397795948
text+audio_text_ln_lrh0.001_frozen_e5_s44,1849,3,1.7233,4.6531,0.0,0.0004536082474226804
text+audio_text_ln_lrh0.001_frozen_e5_s44,1850,3,0.67199,3.3254,0.0,0.00045325275506576606
text+audio_text_ln_lrh0.001_frozen_e5_s44,1851,3,0.71742,2.4533,0.0,0.0004528972627088518
text+audio_text_ln_lrh0.001_frozen_e5_s44,1852,3,1.39201,3.0368,0.0,0.00045254177035193745
text+audio_text_ln_lrh0.001_frozen_e5_s44,1853,3,1.43769,3.8659,0.0,0.0004521862779950231
text+audio_text_ln_lrh0.001_frozen_e5_s44,1854,3,0.97371,3.6066,0.0,0.0004518307856381088
text+audio_text_ln_lrh0.001_frozen_e5_s44,1855,3,1.29661,3.9111,0.0,0.0004514752932811945
text+audio_text_ln_lrh0.001_frozen_e5_s44,1856,3,1.33776,4.7849,0.0,0.0004511198009242801
text+audio_text_ln_lrh0.001_frozen_e5_s44,1857,3,0.94211,3.0596,0.0,0.0004507643085673658
text+audio_text_ln_lrh0.001_frozen_e5_s44,1858,3,0.89475,2.6992,0.0,0.0004504088162104515
text+audio_text_ln_lrh0.001_frozen_e5_s44,1859,3,1.75869,5.3838,0.0,0.00045005332385353715
text+audio_text_ln_lrh0.001_frozen_e5_s44,1860,3,1.08391,3.3003,0.0,0.00044969783149662284
text+audio_text_ln_lrh0.001_frozen_e5_s44,1861,3,0.98444,3.4285,0.0,0.0004493423391397085
text+audio_text_ln_lrh0.001_frozen_e5_s44,1862,3,0.95719,2.7434,0.0,0.0004489868467827942
text+audio_text_ln_lrh0.001_frozen_e5_s44,1863,3,0.66871,2.6234,0.0,0.0004486313544258799
text+audio_text_ln_lrh0.001_frozen_e5_s44,1864,3,1.21916,3.2903,0.0,0.0004482758620689655
text+audio_text_ln_lrh0.001_frozen_e5_s44,1865,3,0.93882,2.5663,0.0,0.0004479203697120512
text+audio_text_ln_lrh0.001_frozen_e5_s44,1866,3,1.13643,3.5801,0.0,0.0004475648773551369
text+audio_text_ln_lrh0.001_frozen_e5_s44,1867,3,1.16738,3.0591,0.0,0.00044720938499822255
text+audio_text_ln_lrh0.001_frozen_e5_s44,1868,3,1.02113,2.9965,0.0,0.0004468538926413082
text+audio_text_ln_lrh0.001_frozen_e5_s44,1869,3,0.98436,2.7383,0.0,0.0004464984002843939
text+audio_text_ln_lrh0.001_frozen_e5_s44,1870,3,1.2675,3.7545,0.0,0.0004461429079274796
text+audio_text_ln_lrh0.001_frozen_e5_s44,1871,3,1.10629,3.426,0.0,0.0004457874155705652
text+audio_text_ln_lrh0.001_frozen_e5_s44,1872,3,1.36876,2.6562,0.0,0.0004454319232136509
text+audio_text_ln_lrh0.001_frozen_e5_s44,1873,3,0.89175,3.74,0.0,0.0004450764308567366
text+audio_text_ln_lrh0.001_frozen_e5_s44,1874,3,1.13982,3.1815,0.0,0.00044472093849982225
text+audio_text_ln_lrh0.001_frozen_e5_s44,1875,3,1.12241,6.5192,0.0,0.0004443654461429079
text+audio_text_ln_lrh0.001_frozen_e5_s44,1876,4,1.20298,3.359,0.0,0.00044400995378599364
text+audio_text_ln_lrh0.001_frozen_e5_s44,1877,4,1.02966,2.7697,0.0,0.0004436544614290793
text+audio_text_ln_lrh0.001_frozen_e5_s44,1878,4,0.91838,4.0838,0.0,0.0004432989690721649
text+audio_text_ln_lrh0.001_frozen_e5_s44,1879,4,0.59022,3.4462,0.0,0.00044294347671525067
text+audio_text_ln_lrh0.001_frozen_e5_s44,1880,4,1.26479,2.5859,0.0,0.0004425879843583363
text+audio_text_ln_lrh0.001_frozen_e5_s44,1881,4,1.22836,3.9473,0.0,0.00044223249200142195
text+audio_text_ln_lrh0.001_frozen_e5_s44,1882,4,0.94193,3.5645,0.0,0.0004418769996445077
text+audio_text_ln_lrh0.001_frozen_e5_s44,1883,4,1.07801,3.5993,0.0,0.00044152150728759334
text+audio_text_ln_lrh0.001_frozen_e5_s44,1884,4,0.93982,3.1319,0.0,0.000441166014930679
text+audio_text_ln_lrh0.001_frozen_e5_s44,1885,4,1.33588,4.2571,0.0,0.00044081052257376467
text+audio_text_ln_lrh0.001_frozen_e5_s44,1886,4,1.25135,2.9875,0.0,0.00044045503021685037
text+audio_text_ln_lrh0.001_frozen_e5_s44,1887,4,0.66568,2.1171,0.0,0.000440099537859936
text+audio_text_ln_lrh0.001_frozen_e5_s44,1888,4,1.52246,5.0353,0.0,0.0004397440455030217
text+audio_text_ln_lrh0.001_frozen_e5_s44,1889,4,1.12644,3.3563,0.0,0.0004393885531461074
text+audio_text_ln_lrh0.001_frozen_e5_s44,1890,4,0.93381,2.8704,0.0,0.00043903306078919304
text+audio_text_ln_lrh0.001_frozen_e5_s44,1891,4,1.03066,2.8984,0.0,0.00043867756843227873
text+audio_text_ln_lrh0.001_frozen_e5_s44,1892,4,1.09628,3.2927,0.0,0.0004383220760753644
text+audio_text_ln_lrh0.001_frozen_e5_s44,1893,4,1.33139,5.4988,0.0,0.00043796658371845007
text+audio_text_ln_lrh0.001_frozen_e5_s44,1894,4,0.88023,3.6674,0.0,0.00043761109136153576
text+audio_text_ln_lrh0.001_frozen_e5_s44,1895,4,0.71208,3.2332,0.0,0.0004372555990046214
text+audio_text_ln_lrh0.001_frozen_e5_s44,1896,4,0.84691,2.7545,0.0,0.0004369001066477071
text+audio_text_ln_lrh0.001_frozen_e5_s44,1897,4,1.25414,2.6844,0.0,0.00043654461429079274
text+audio_text_ln_lrh0.001_frozen_e5_s44,1898,4,0.84913,2.4681,0.0,0.00043618912193387843
text+audio_text_ln_lrh0.001_frozen_e5_s44,1899,4,1.22892,3.3163,0.0,0.0004358336295769641
text+audio_text_ln_lrh0.001_frozen_e5_s44,1900,4,1.18901,3.0931,0.0,0.00043547813722004977
text+audio_text_ln_lrh0.001_frozen_e5_s44,1901,4,1.72991,4.4551,0.0,0.00043512264486313546
text+audio_text_ln_lrh0.001_frozen_e5_s44,1902,4,1.04181,3.8715,0.0,0.0004347671525062211
text+audio_text_ln_lrh0.001_frozen_e5_s44,1903,4,1.13558,3.0566,0.0,0.0004344116601493068
text+audio_text_ln_lrh0.001_frozen_e5_s44,1904,4,1.13718,4.3708,0.0,0.0004340561677923925
text+audio_text_ln_lrh0.001_frozen_e5_s44,1905,4,1.36539,4.6187,0.0,0.00043370067543547814
text+audio_text_ln_lrh0.001_frozen_e5_s44,1906,4,1.32112,3.0045,0.0,0.0004333451830785638
text+audio_text_ln_lrh0.001_frozen_e5_s44,1907,4,1.6264,4.815,0.0,0.0004329896907216495
text+audio_text_ln_lrh0.001_frozen_e5_s44,1908,4,1.30867,2.5599,0.0,0.00043263419836473517
text+audio_text_ln_lrh0.001_frozen_e5_s44,1909,4,0.90293,3.1554,0.0,0.0004322787060078208
text+audio_text_ln_lrh0.001_frozen_e5_s44,1910,4,0.89778,2.6525,0.0,0.00043192321365090656
text+audio_text_ln_lrh0.001_frozen_e5_s44,1911,4,0.93427,3.2914,0.0,0.0004315677212939922
text+audio_text_ln_lrh0.001_frozen_e5_s44,1912,4,1.24199,2.9017,0.0,0.00043121222893707784
text+audio_text_ln_lrh0.001_frozen_e5_s44,1913,4,1.25007,3.7352,0.0,0.00043085673658016353
text+audio_text_ln_lrh0.001_frozen_e5_s44,1914,4,0.89718,2.8046,0.0,0.0004305012442232492
text+audio_text_ln_lrh0.001_frozen_e5_s44,1915,4,1.34343,3.8398,0.0,0.00043014575186633487
text+audio_text_ln_lrh0.001_frozen_e5_s44,1916,4,1.03331,3.2606,0.0,0.00042979025950942056
text+audio_text_ln_lrh0.001_frozen_e5_s44,1917,4,0.87141,2.9629,0.0,0.00042943476715250626
text+audio_text_ln_lrh0.001_frozen_e5_s44,1918,4,1.15249,2.8258,0.0,0.0004290792747955919
text+audio_text_ln_lrh0.001_frozen_e5_s44,1919,4,0.77586,2.6272,0.0,0.0004287237824386776
text+audio_text_ln_lrh0.001_frozen_e5_s44,1920,4,0.96148,2.5059,0.0,0.00042836829008176323
text+audio_text_ln_lrh0.001_frozen_e5_s44,1921,4,0.8726,2.3921,0.0,0.0004280127977248489
text+audio_text_ln_lrh0.001_frozen_e5_s44,1922,4,0.96691,2.2459,0.0,0.0004276573053679346
text+audio_text_ln_lrh0.001_frozen_e5_s44,1923,4,0.77928,2.5362,0.0,0.00042730181301102026
text+audio_text_ln_lrh0.001_frozen_e5_s44,1924,4,0.79257,2.9003,0.0,0.00042694632065410596
text+audio_text_ln_lrh0.001_frozen_e5_s44,1925,4,1.16058,2.7727,0.0,0.00042659082829719165
text+audio_text_ln_lrh0.001_frozen_e5_s44,1926,4,0.62856,2.982,0.0,0.0004262353359402773
text+audio_text_ln_lrh0.001_frozen_e5_s44,1927,4,1.02604,3.017,0.0,0.00042587984358336293
text+audio_text_ln_lrh0.001_frozen_e5_s44,1928,4,0.93019,2.9317,0.0,0.00042552435122644863
text+audio_text_ln_lrh0.001_frozen_e5_s44,1929,4,1.01742,3.9174,0.0,0.0004251688588695343
text+audio_text_ln_lrh0.001_frozen_e5_s44,1930,4,1.19904,3.7498,0.0,0.00042481336651261996
text+audio_text_ln_lrh0.001_frozen_e5_s44,1931,4,1.41995,3.4621,0.0,0.00042445787415570566
text+audio_text_ln_lrh0.001_frozen_e5_s44,1932,4,1.46001,5.4115,0.0,0.00042410238179879135
text+audio_text_ln_lrh0.001_frozen_e5_s44,1933,4,0.78944,3.7852,0.0,0.000423746889441877
text+audio_text_ln_lrh0.001_frozen_e5_s44,1934,4,1.09593,2.8976,0.0,0.00042339139708496263
text+audio_text_ln_lrh0.001_frozen_e5_s44,1935,4,1.21481,3.8227,0.0,0.0004230359047280484
text+audio_text_ln_lrh0.001_frozen_e5_s44,1936,4,1.3738,5.9201,0.0,0.000422680412371134
text+audio_text_ln_lrh0.001_frozen_e5_s44,1937,4,1.44468,3.7658,0.0,0.00042232492001421966
text+audio_text_ln_lrh0.001_frozen_e5_s44,1938,4,1.21297,3.1012,0.0,0.0004219694276573054
text+audio_text_ln_lrh0.001_frozen_e5_s44,1939,4,1.09387,4.7596,0.0,0.00042161393530039105
text+audio_text_ln_lrh0.001_frozen_e5_s44,1940,4,1.01967,3.5868,0.0,0.0004212584429434767
text+audio_text_ln_lrh0.001_frozen_e5_s44,1941,4,1.28169,3.0357,0.0,0.0004209029505865624
text+audio_text_ln_lrh0.001_frozen_e5_s44,1942,4,0.97365,2.6787,0.0,0.0004205474582296481
text+audio_text_ln_lrh0.001_frozen_e5_s44,1943,4,0.82734,2.9757,0.0,0.0004201919658727337
text+audio_text_ln_lrh0.001_frozen_e5_s44,1944,4,1.16857,4.6163,0.0,0.0004198364735158194
text+audio_text_ln_lrh0.001_frozen_e5_s44,1945,4,1.22518,5.2984,0.0,0.0004194809811589051
text+audio_text_ln_lrh0.001_frozen_e5_s44,1946,4,1.32105,3.2378,0.0,0.00041912548880199076
text+audio_text_ln_lrh0.001_frozen_e5_s44,1947,4,1.16458,3.5583,0.0,0.00041876999644507645
text+audio_text_ln_lrh0.001_frozen_e5_s44,1948,4,0.95504,3.3482,0.0,0.00041841450408816214
text+audio_text_ln_lrh0.001_frozen_e5_s44,1949,4,1.27601,3.4833,0.0,0.0004180590117312478
text+audio_text_ln_lrh0.001_frozen_e5_s44,1950,4,1.65328,4.545,0.0,0.0004177035193743335
text+audio_text_ln_lrh0.001_frozen_e5_s44,1951,4,1.03546,3.2494,0.0,0.0004173480270174191
text+audio_text_ln_lrh0.001_frozen_e5_s44,1952,4,0.80274,2.9321,0.0,0.0004169925346605048
text+audio_text_ln_lrh0.001_frozen_e5_s44,1953,4,1.71045,4.1976,0.0,0.0004166370423035905
text+audio_text_ln_lrh0.001_frozen_e5_s44,1954,4,1.00274,2.4336,0.0,0.00041628154994667615
text+audio_text_ln_lrh0.001_frozen_e5_s44,1955,4,0.98588,3.2511,0.0,0.00041592605758976185
text+audio_text_ln_lrh0.001_frozen_e5_s44,1956,4,1.4377,4.1068,0.0,0.0004155705652328475
text+audio_text_ln_lrh0.001_frozen_e5_s44,1957,4,0.89002,4.5882,0.0,0.0004152150728759332
text+audio_text_ln_lrh0.001_frozen_e5_s44,1958,4,0.9642,2.4971,0.0,0.0004148595805190188
text+audio_text_ln_lrh0.001_frozen_e5_s44,1959,4,1.33749,2.9305,0.0,0.0004145040881621045
text+audio_text_ln_lrh0.001_frozen_e5_s44,1960,4,0.89409,2.9853,0.0,0.0004141485958051902
text+audio_text_ln_lrh0.001_frozen_e5_s44,1961,4,1.13977,2.7507,0.0,0.00041379310344827585
text+audio_text_ln_lrh0.001_frozen_e5_s44,1962,4,1.14517,2.9379,0.0,0.00041343761109136155
text+audio_text_ln_lrh0.001_frozen_e5_s44,1963,4,0.96003,3.3732,0.0,0.00041308211873444724
text+audio_text_ln_lrh0.001_frozen_e5_s44,1964,4,0.53493,2.8083,0.0,0.0004127266263775329
text+audio_text_ln_lrh0.001_frozen_e5_s44,1965,4,0.75331,3.9183,0.0,0.0004123711340206185
text+audio_text_ln_lrh0.001_frozen_e5_s44,1966,4,1.39363,3.2441,0.0,0.00041201564166370427
text+audio_text_ln_lrh0.001_frozen_e5_s44,1967,4,1.60735,3.4999,0.0,0.0004116601493067899
text+audio_text_ln_lrh0.001_frozen_e5_s44,1968,4,1.23994,4.7726,0.0,0.00041130465694987555
text+audio_text_ln_lrh0.001_frozen_e5_s44,1969,4,1.0136,4.1976,0.0,0.0004109491645929613
text+audio_text_ln_lrh0.001_frozen_e5_s44,1970,4,1.42225,2.6689,0.0,0.00041059367223604694
text+audio_text_ln_lrh0.001_frozen_e5_s44,1971,4,1.16009,3.3322,0.0,0.0004102381798791326
text+audio_text_ln_lrh0.001_frozen_e5_s44,1972,4,1.23029,4.0568,0.0,0.0004098826875222183
text+audio_text_ln_lrh0.001_frozen_e5_s44,1973,4,0.91497,2.7531,0.0,0.00040952719516530397
text+audio_text_ln_lrh0.001_frozen_e5_s44,1974,4,0.46013,2.7759,0.0,0.0004091717028083896
text+audio_text_ln_lrh0.001_frozen_e5_s44,1975,4,0.75799,3.0327,0.0,0.0004088162104514753
text+audio_text_ln_lrh0.001_frozen_e5_s44,1976,4,1.09586,2.4964,0.0,0.000408460718094561
text+audio_text_ln_lrh0.001_frozen_e5_s44,1977,4,0.7385,2.5549,0.0,0.00040810522573764664
text+audio_text_ln_lrh0.001_frozen_e5_s44,1978,4,1.34878,3.2237,0.0,0.00040774973338073234
text+audio_text_ln_lrh0.001_frozen_e5_s44,1979,4,1.55598,6.7876,0.0,0.000407394241023818
text+audio_text_ln_lrh0.001_frozen_e5_s44,1980,4,0.97406,2.5394,0.0,0.0004070387486669037
text+audio_text_ln_lrh0.001_frozen_e5_s44,1981,4,1.16453,4.466,0.0,0.00040668325630998937
text+audio_text_ln_lrh0.001_frozen_e5_s44,1982,4,1.42301,3.7632,0.0,0.000406327763953075
text+audio_text_ln_lrh0.001_frozen_e5_s44,1983,4,1.02936,3.0233,0.0,0.0004059722715961607
text+audio_text_ln_lrh0.001_frozen_e5_s44,1984,4,1.23185,3.4976,0.0,0.0004056167792392464
text+audio_text_ln_lrh0.001_frozen_e5_s44,1985,4,1.18854,3.588,0.0,0.00040526128688233204
text+audio_text_ln_lrh0.001_frozen_e5_s44,1986,4,0.57337,2.1611,0.0,0.0004049057945254177
text+audio_text_ln_lrh0.001_frozen_e5_s44,1987,4,0.89234,3.8705,0.0,0.0004045503021685034
text+audio_text_ln_lrh0.001_frozen_e5_s44,1988,4,0.99091,3.5164,0.0,0.00040419480981158907
text+audio_text_ln_lrh0.001_frozen_e5_s44,1989,4,0.96721,3.5909,0.0,0.0004038393174546747
text+audio_text_ln_lrh0.001_frozen_e5_s44,1990,4,0.98715,3.3126,0.0,0.0004034838250977604
text+audio_text_ln_lrh0.001_frozen_e5_s44,1991,4,0.73837,3.5237,0.0,0.0004031283327408461
text+audio_text_ln_lrh0.001_frozen_e5_s44,1992,4,1.08194,3.349,0.0,0.00040277284038393174
text+audio_text_ln_lrh0.001_frozen_e5_s44,1993,4,1.1603,3.0919,0.0,0.0004024173480270174
text+audio_text_ln_lrh0.001_frozen_e5_s44,1994,4,1.0282,2.5122,0.0,0.00040206185567010313
text+audio_text_ln_lrh0.001_frozen_e5_s44,1995,4,1.60221,3.5828,0.0,0.00040170636331318877
text+audio_text_ln_lrh0.001_frozen_e5_s44,1996,4,0.89258,5.5036,0.0,0.0004013508709562744
text+audio_text_ln_lrh0.001_frozen_e5_s44,1997,4,1.74017,3.6925,0.0,0.00040099537859936016
text+audio_text_ln_lrh0.001_frozen_e5_s44,1998,4,1.38781,3.3756,0.0,0.0004006398862424458
text+audio_text_ln_lrh0.001_frozen_e5_s44,1999,4,1.29934,2.6419,0.0,0.00040028439388553144
text+audio_text_ln_lrh0.001_frozen_e5_s44,2000,4,1.4624,4.9483,0.0,0.00039992890152861714
text+audio_text_ln_lrh0.001_frozen_e5_s44,2001,4,0.84197,3.3175,0.0,0.00039957340917170283
text+audio_text_ln_lrh0.001_frozen_e5_s44,2002,4,0.96271,3.0048,0.0,0.00039921791681478847
text+audio_text_ln_lrh0.001_frozen_e5_s44,2003,4,0.67932,2.6045,0.0,0.00039886242445787417
text+audio_text_ln_lrh0.001_frozen_e5_s44,2004,4,1.02905,4.2204,0.0,0.00039850693210095986
text+audio_text_ln_lrh0.001_frozen_e5_s44,2005,4,1.11962,3.6622,0.0,0.0003981514397440455
text+audio_text_ln_lrh0.001_frozen_e5_s44,2006,4,0.8501,2.618,0.0,0.0003977959473871312
text+audio_text_ln_lrh0.001_frozen_e5_s44,2007,4,1.01883,3.0979,0.0,0.00039744045503021684
text+audio_text_ln_lrh0.001_frozen_e5_s44,2008,4,0.99301,2.7778,0.0,0.00039708496267330253
text+audio_text_ln_lrh0.001_frozen_e5_s44,2009,4,0.84636,3.0474,0.0,0.00039672947031638823
text+audio_text_ln_lrh0.001_frozen_e5_s44,2010,4,1.39477,4.9838,0.0,0.00039637397795947387
text+audio_text_ln_lrh0.001_frozen_e5_s44,2011,4,1.01673,2.7599,0.0,0.00039601848560255956
text+audio_text_ln_lrh0.001_frozen_e5_s44,2012,4,0.75384,3.7196,0.0,0.00039566299324564526
text+audio_text_ln_lrh0.001_frozen_e5_s44,2013,4,1.06139,3.6496,0.0,0.0003953075008887309
text+audio_text_ln_lrh0.001_frozen_e5_s44,2014,4,1.15004,5.8595,0.0,0.00039495200853181654
text+audio_text_ln_lrh0.001_frozen_e5_s44,2015,4,1.39922,4.9539,0.0,0.00039459651617490223
text+audio_text_ln_lrh0.001_frozen_e5_s44,2016,4,0.80468,4.9437,0.0,0.00039424102381798793
text+audio_text_ln_lrh0.001_frozen_e5_s44,2017,4,0.74103,2.3177,0.0,0.00039388553146107357
text+audio_text_ln_lrh0.001_frozen_e5_s44,2018,4,1.14818,3.7215,0.0,0.00039353003910415926
text+audio_text_ln_lrh0.001_frozen_e5_s44,2019,4,0.80765,2.6933,0.0,0.00039317454674724496
text+audio_text_ln_lrh0.001_frozen_e5_s44,2020,4,1.47742,3.0359,0.0,0.0003928190543903306
text+audio_text_ln_lrh0.001_frozen_e5_s44,2021,4,1.16672,3.2788,0.0,0.00039246356203341624
text+audio_text_ln_lrh0.001_frozen_e5_s44,2022,4,1.41327,4.0479,0.0,0.000392108069676502
text+audio_text_ln_lrh0.001_frozen_e5_s44,2023,4,1.2149,4.0415,0.0,0.00039175257731958763
text+audio_text_ln_lrh0.001_frozen_e5_s44,2024,4,1.03868,2.6034,0.0,0.00039139708496267327
text+audio_text_ln_lrh0.001_frozen_e5_s44,2025,4,1.18998,5.354,0.0,0.000391041592605759
text+audio_text_ln_lrh0.001_frozen_e5_s44,2026,4,1.44638,5.4147,0.0,0.00039068610024884466
text+audio_text_ln_lrh0.001_frozen_e5_s44,2027,4,1.15493,3.7021,0.0,0.0003903306078919303
text+audio_text_ln_lrh0.001_frozen_e5_s44,2028,4,1.07303,2.9783,0.0,0.00038997511553501605
text+audio_text_ln_lrh0.001_frozen_e5_s44,2029,4,0.96647,3.0589,0.0,0.0003896196231781017
text+audio_text_ln_lrh0.001_frozen_e5_s44,2030,4,1.3388,3.6131,0.0,0.00038926413082118733
text+audio_text_ln_lrh0.001_frozen_e5_s44,2031,4,1.14605,3.4364,0.0,0.000388908638464273
text+audio_text_ln_lrh0.001_frozen_e5_s44,2032,4,0.85175,2.1544,0.0,0.0003885531461073587
text+audio_text_ln_lrh0.001_frozen_e5_s44,2033,4,1.59187,3.1937,0.0,0.00038819765375044436
text+audio_text_ln_lrh0.001_frozen_e5_s44,2034,4,1.09827,3.0437,0.0,0.00038784216139353006
text+audio_text_ln_lrh0.001_frozen_e5_s44,2035,4,0.79836,3.7775,0.0,0.00038748666903661575
text+audio_text_ln_lrh0.001_frozen_e5_s44,2036,4,1.11792,3.2609,0.0,0.0003871311766797014
text+audio_text_ln_lrh0.001_frozen_e5_s44,2037,4,0.68047,2.3363,0.0,0.0003867756843227871
text+audio_text_ln_lrh0.001_frozen_e5_s44,2038,4,0.91162,4.6599,0.0,0.0003864201919658727
text+audio_text_ln_lrh0.001_frozen_e5_s44,2039,4,1.2737,4.1159,0.0,0.0003860646996089584
text+audio_text_ln_lrh0.001_frozen_e5_s44,2040,4,1.35591,6.2697,0.0,0.0003857092072520441
text+audio_text_ln_lrh0.001_frozen_e5_s44,2041,4,0.68963,2.943,0.0,0.00038535371489512976
text+audio_text_ln_lrh0.001_frozen_e5_s44,2042,4,1.61224,3.7936,0.0,0.00038499822253821545
text+audio_text_ln_lrh0.001_frozen_e5_s44,2043,4,1.02012,3.0871,0.0,0.00038464273018130115
text+audio_text_ln_lrh0.001_frozen_e5_s44,2044,4,0.98414,2.7449,0.0,0.0003842872378243868
text+audio_text_ln_lrh0.001_frozen_e5_s44,2045,4,1.03842,3.0788,0.0,0.00038393174546747243
text+audio_text_ln_lrh0.001_frozen_e5_s44,2046,4,1.00025,3.0208,0.0,0.0003835762531105581
text+audio_text_ln_lrh0.001_frozen_e5_s44,2047,4,0.7674,3.067,0.0,0.0003832207607536438
text+audio_text_ln_lrh0.001_frozen_e5_s44,2048,4,1.15707,2.9259,0.0,0.00038286526839672946
text+audio_text_ln_lrh0.001_frozen_e5_s44,2049,4,1.03372,3.0271,0.0,0.00038250977603981515
text+audio_text_ln_lrh0.001_frozen_e5_s44,2050,4,1.23453,3.0681,0.0,0.00038215428368290085
text+audio_text_ln_lrh0.001_frozen_e5_s44,2051,4,1.51423,3.6956,0.0,0.0003817987913259865
text+audio_text_ln_lrh0.001_frozen_e5_s44,2052,4,0.80466,3.0436,0.0,0.00038144329896907213
text+audio_text_ln_lrh0.001_frozen_e5_s44,2053,4,0.98659,2.5567,0.0,0.0003810878066121579
text+audio_text_ln_lrh0.001_frozen_e5_s44,2054,4,1.71246,7.9357,0.0,0.0003807323142552435
text+audio_text_ln_lrh0.001_frozen_e5_s44,2055,4,1.12543,3.1657,0.0,0.00038037682189832916
text+audio_text_ln_lrh0.001_frozen_e5_s44,2056,4,1.10943,3.8838,0.0,0.0003800213295414149
text+audio_text_ln_lrh0.001_frozen_e5_s44,2057,4,0.92892,2.898,0.0,0.00037966583718450055
text+audio_text_ln_lrh0.001_frozen_e5_s44,2058,4,1.00633,2.8546,0.0,0.0003793103448275862
text+audio_text_ln_lrh0.001_frozen_e5_s44,2059,4,1.25737,2.8904,0.0,0.0003789548524706719
text+audio_text_ln_lrh0.001_frozen_e5_s44,2060,4,0.75322,3.0198,0.0,0.0003785993601137576
text+audio_text_ln_lrh0.001_frozen_e5_s44,2061,4,1.05648,3.3621,0.0,0.0003782438677568432
text+audio_text_ln_lrh0.001_frozen_e5_s44,2062,4,0.90209,2.5694,0.0,0.0003778883753999289
text+audio_text_ln_lrh0.001_frozen_e5_s44,2063,4,1.41751,5.2131,0.0,0.0003775328830430146
text+audio_text_ln_lrh0.001_frozen_e5_s44,2064,4,1.22162,3.2956,0.0,0.00037717739068610025
text+audio_text_ln_lrh0.001_frozen_e5_s44,2065,4,0.83586,3.3143,0.0,0.00037682189832918594
text+audio_text_ln_lrh0.001_frozen_e5_s44,2066,4,1.26383,3.0517,0.0,0.0003764664059722716
text+audio_text_ln_lrh0.001_frozen_e5_s44,2067,4,1.06686,2.6763,0.0,0.0003761109136153573
text+audio_text_ln_lrh0.001_frozen_e5_s44,2068,4,1.07224,3.5854,0.0,0.000375755421258443
text+audio_text_ln_lrh0.001_frozen_e5_s44,2069,4,1.026,2.5098,0.0,0.0003753999289015286
text+audio_text_ln_lrh0.001_frozen_e5_s44,2070,4,0.99416,4.0818,0.0,0.0003750444365446143
text+audio_text_ln_lrh0.001_frozen_e5_s44,2071,4,0.82749,2.778,0.0,0.0003746889441877
text+audio_text_ln_lrh0.001_frozen_e5_s44,2072,4,1.00276,4.0702,0.0,0.00037433345183078564
text+audio_text_ln_lrh0.001_frozen_e5_s44,2073,4,1.173,3.3873,0.0,0.0003739779594738713
text+audio_text_ln_lrh0.001_frozen_e5_s44,2074,4,1.192,3.133,0.0,0.000373622467116957
text+audio_text_ln_lrh0.001_frozen_e5_s44,2075,4,0.9531,2.782,0.0,0.0003732669747600427
text+audio_text_ln_lrh0.001_frozen_e5_s44,2076,4,1.50867,3.3613,0.0,0.0003729114824031283
text+audio_text_ln_lrh0.001_frozen_e5_s44,2077,4,1.36163,5.7393,0.0,0.000372555990046214
text+audio_text_ln_lrh0.001_frozen_e5_s44,2078,4,1.64774,4.9225,0.0,0.0003722004976892997
text+audio_text_ln_lrh0.001_frozen_e5_s44,2079,4,1.07228,4.7188,0.0,0.00037184500533238535
text+audio_text_ln_lrh0.001_frozen_e5_s44,2080,4,1.04855,3.5457,0.0,0.000371489512975471
text+audio_text_ln_lrh0.001_frozen_e5_s44,2081,4,1.23789,4.1526,0.0,0.00037113402061855674
text+audio_text_ln_lrh0.001_frozen_e5_s44,2082,4,0.98199,3.131,0.0,0.0003707785282616424
text+audio_text_ln_lrh0.001_frozen_e5_s44,2083,4,0.71191,2.4586,0.0,0.000370423035904728
text+audio_text_ln_lrh0.001_frozen_e5_s44,2084,4,1.24504,3.0437,0.0,0.00037006754354781377
text+audio_text_ln_lrh0.001_frozen_e5_s44,2085,4,1.17995,3.8678,0.0,0.0003697120511908994
text+audio_text_ln_lrh0.001_frozen_e5_s44,2086,4,0.67948,2.588,0.0,0.00036935655883398505
text+audio_text_ln_lrh0.001_frozen_e5_s44,2087,4,1.0229,3.4057,0.0,0.00036900106647707074
text+audio_text_ln_lrh0.001_frozen_e5_s44,2088,4,0.97196,3.2737,0.0,0.00036864557412015644
text+audio_text_ln_lrh0.001_frozen_e5_s44,2089,4,1.4067,4.1597,0.0,0.0003682900817632421
text+audio_text_ln_lrh0.001_frozen_e5_s44,2090,4,1.29612,4.0057,0.0,0.00036793458940632777
text+audio_text_ln_lrh0.001_frozen_e5_s44,2091,4,0.99751,3.4117,0.0,0.00036757909704941347
text+audio_text_ln_lrh0.001_frozen_e5_s44,2092,4,1.87752,4.5381,0.0,0.0003672236046924991
text+audio_text_ln_lrh0.001_frozen_e5_s44,2093,4,0.95255,3.7672,0.0,0.0003668681123355848
text+audio_text_ln_lrh0.001_frozen_e5_s44,2094,4,0.84532,4.6422,0.0,0.00036651261997867044
text+audio_text_ln_lrh0.001_frozen_e5_s44,2095,4,1.17091,3.9592,0.0,0.00036615712762175614
text+audio_text_ln_lrh0.001_frozen_e5_s44,2096,4,1.40268,3.1229,0.0,0.00036580163526484183
text+audio_text_ln_lrh0.001_frozen_e5_s44,2097,4,1.11148,4.3608,0.0,0.0003654461429079275
text+audio_text_ln_lrh0.001_frozen_e5_s44,2098,4,1.16039,3.3937,0.0,0.00036509065055101317
text+audio_text_ln_lrh0.001_frozen_e5_s44,2099,4,1.33088,3.1387,0.0,0.00036473515819409886
text+audio_text_ln_lrh0.001_frozen_e5_s44,2100,4,0.67427,3.3829,0.0,0.0003643796658371845
text+audio_text_ln_lrh0.001_frozen_e5_s44,2101,4,1.19841,4.2553,0.0,0.00036402417348027014
text+audio_text_ln_lrh0.001_frozen_e5_s44,2102,4,0.88336,3.4057,0.0,0.0003636686811233559
text+audio_text_ln_lrh0.001_frozen_e5_s44,2103,4,0.82424,2.38,0.0,0.00036331318876644153
text+audio_text_ln_lrh0.001_frozen_e5_s44,2104,4,1.1307,3.1821,0.0,0.0003629576964095272
text+audio_text_ln_lrh0.001_frozen_e5_s44,2105,4,1.32381,3.4313,0.0,0.00036260220405261287
text+audio_text_ln_lrh0.001_frozen_e5_s44,2106,4,1.04308,3.47,0.0,0.00036224671169569856
text+audio_text_ln_lrh0.001_frozen_e5_s44,2107,4,1.53849,4.1913,0.0,0.0003618912193387842
text+audio_text_ln_lrh0.001_frozen_e5_s44,2108,4,1.14437,2.5394,0.0,0.0003615357269818699
text+audio_text_ln_lrh0.001_frozen_e5_s44,2109,4,0.60686,2.3073,0.0,0.0003611802346249556
text+audio_text_ln_lrh0.001_frozen_e5_s44,2110,4,1.14892,2.6817,0.0,0.00036082474226804123
text+audio_text_ln_lrh0.001_frozen_e5_s44,2111,4,0.8154,2.6868,0.0,0.0003604692499111269
text+audio_text_ln_lrh0.001_frozen_e5_s44,2112,4,1.13293,4.2973,0.0,0.0003601137575542126
text+audio_text_ln_lrh0.001_frozen_e5_s44,2113,4,1.14866,3.6484,0.0,0.00035975826519729826
text+audio_text_ln_lrh0.001_frozen_e5_s44,2114,4,1.00432,3.8817,0.0,0.0003594027728403839
text+audio_text_ln_lrh0.001_frozen_e5_s44,2115,4,0.80993,2.5037,0.0,0.00035904728048346965
text+audio_text_ln_lrh0.001_frozen_e5_s44,2116,4,1.64434,4.0002,0.0,0.0003586917881265553
text+audio_text_ln_lrh0.001_frozen_e5_s44,2117,4,1.46112,3.2939,0.0,0.00035833629576964094
text+audio_text_ln_lrh0.001_frozen_e5_s44,2118,4,1.0259,2.5928,0.0,0.00035798080341272663
text+audio_text_ln_lrh0.001_frozen_e5_s44,2119,4,0.94402,2.3023,0.0,0.0003576253110558123
text+audio_text_ln_lrh0.001_frozen_e5_s44,2120,4,0.79125,2.5936,0.0,0.00035726981869889797
text+audio_text_ln_lrh0.001_frozen_e5_s44,2121,4,1.3887,3.995,0.0,0.00035691432634198366
text+audio_text_ln_lrh0.001_frozen_e5_s44,2122,4,0.65719,2.6121,0.0,0.00035655883398506936
text+audio_text_ln_lrh0.001_frozen_e5_s44,2123,4,1.20856,4.1601,0.0,0.000356203341628155
text+audio_text_ln_lrh0.001_frozen_e5_s44,2124,4,1.51144,5.2018,0.0,0.0003558478492712407
text+audio_text_ln_lrh0.001_frozen_e5_s44,2125,4,1.58392,4.028,0.0,0.00035549235691432633
text+audio_text_ln_lrh0.001_frozen_e5_s44,2126,4,1.03623,4.8199,0.0,0.000355136864557412
text+audio_text_ln_lrh0.001_frozen_e5_s44,2127,4,1.24717,3.7243,0.0,0.0003547813722004977
text+audio_text_ln_lrh0.001_frozen_e5_s44,2128,4,0.90258,5.2602,0.0,0.00035442587984358336
text+audio_text_ln_lrh0.001_frozen_e5_s44,2129,4,1.00425,4.0694,0.0,0.00035407038748666906
text+audio_text_ln_lrh0.001_frozen_e5_s44,2130,4,0.77689,3.9953,0.0,0.00035371489512975475
text+audio_text_ln_lrh0.001_frozen_e5_s44,2131,4,1.31339,3.0167,0.0,0.0003533594027728404
text+audio_text_ln_lrh0.001_frozen_e5_s44,2132,4,0.93743,4.019,0.0,0.00035300391041592603
text+audio_text_ln_lrh0.001_frozen_e5_s44,2133,4,0.8287,3.5039,0.0,0.0003526484180590118
text+audio_text_ln_lrh0.001_frozen_e5_s44,2134,4,0.80015,3.8717,0.0,0.0003522929257020974
text+audio_text_ln_lrh0.001_frozen_e5_s44,2135,4,0.89966,3.5736,0.0,0.00035193743334518306
text+audio_text_ln_lrh0.001_frozen_e5_s44,2136,4,1.45176,3.4721,0.0,0.00035158194098826876
text+audio_text_ln_lrh0.001_frozen_e5_s44,2137,4,1.64994,5.8947,0.0,0.00035122644863135445
text+audio_text_ln_lrh0.001_frozen_e5_s44,2138,4,1.2327,2.9402,0.0,0.0003508709562744401
text+audio_text_ln_lrh0.001_frozen_e5_s44,2139,4,1.27549,3.877,0.0,0.00035051546391752573
text+audio_text_ln_lrh0.001_frozen_e5_s44,2140,4,1.05686,2.9868,0.0,0.0003501599715606115
text+audio_text_ln_lrh0.001_frozen_e5_s44,2141,4,1.49911,4.7693,0.0,0.0003498044792036971
text+audio_text_ln_lrh0.001_frozen_e5_s44,2142,4,1.51615,5.7531,0.0,0.00034944898684678276
text+audio_text_ln_lrh0.001_frozen_e5_s44,2143,4,1.16454,2.9125,0.0,0.0003490934944898685
text+audio_text_ln_lrh0.001_frozen_e5_s44,2144,4,1.44761,6.382,0.0,0.00034873800213295415
text+audio_text_ln_lrh0.001_frozen_e5_s44,2145,4,1.09718,4.6289,0.0,0.0003483825097760398
text+audio_text_ln_lrh0.001_frozen_e5_s44,2146,4,1.20772,3.7109,0.0,0.0003480270174191255
text+audio_text_ln_lrh0.001_frozen_e5_s44,2147,4,1.03224,3.0828,0.0,0.0003476715250622112
text+audio_text_ln_lrh0.001_frozen_e5_s44,2148,4,0.84817,3.1473,0.0,0.0003473160327052968
text+audio_text_ln_lrh0.001_frozen_e5_s44,2149,4,1.0306,3.1867,0.0,0.0003469605403483825
text+audio_text_ln_lrh0.001_frozen_e5_s44,2150,4,1.28466,3.2788,0.0,0.0003466050479914682
text+audio_text_ln_lrh0.001_frozen_e5_s44,2151,4,1.31155,3.1448,0.0,0.00034624955563455385
text+audio_text_ln_lrh0.001_frozen_e5_s44,2152,4,0.83949,2.1808,0.0,0.00034589406327763955
text+audio_text_ln_lrh0.001_frozen_e5_s44,2153,4,0.97061,2.421,0.0,0.0003455385709207252
text+audio_text_ln_lrh0.001_frozen_e5_s44,2154,4,1.21207,2.6272,0.0,0.0003451830785638109
text+audio_text_ln_lrh0.001_frozen_e5_s44,2155,4,1.363,3.2006,0.0,0.0003448275862068966
text+audio_text_ln_lrh0.001_frozen_e5_s44,2156,4,0.63002,3.2426,0.0,0.0003444720938499822
text+audio_text_ln_lrh0.001_frozen_e5_s44,2157,4,1.04247,3.1477,0.0,0.0003441166014930679
text+audio_text_ln_lrh0.001_frozen_e5_s44,2158,4,1.15017,3.2043,0.0,0.0003437611091361536
text+audio_text_ln_lrh0.001_frozen_e5_s44,2159,4,0.86079,2.9072,0.0,0.00034340561677923925
text+audio_text_ln_lrh0.001_frozen_e5_s44,2160,4,0.88823,3.097,0.0,0.0003430501244223249
text+audio_text_ln_lrh0.001_frozen_e5_s44,2161,4,1.01798,3.5862,0.0,0.00034269463206541064
text+audio_text_ln_lrh0.001_frozen_e5_s44,2162,4,0.95539,3.1959,0.0,0.0003423391397084963
text+audio_text_ln_lrh0.001_frozen_e5_s44,2163,4,0.95504,2.5475,0.0,0.0003419836473515819
text+audio_text_ln_lrh0.001_frozen_e5_s44,2164,4,0.87541,3.8666,0.0,0.0003416281549946676
text+audio_text_ln_lrh0.001_frozen_e5_s44,2165,4,0.80093,2.5745,0.0,0.0003412726626377533
text+audio_text_ln_lrh0.001_frozen_e5_s44,2166,4,1.32578,3.4852,0.0,0.00034091717028083895
text+audio_text_ln_lrh0.001_frozen_e5_s44,2167,4,1.0168,2.9311,0.0,0.0003405616779239246
text+audio_text_ln_lrh0.001_frozen_e5_s44,2168,4,1.15724,2.9167,0.0,0.00034020618556701034
text+audio_text_ln_lrh0.001_frozen_e5_s44,2169,4,1.31538,3.3863,0.0,0.000339850693210096
text+audio_text_ln_lrh0.001_frozen_e5_s44,2170,4,0.8647,2.1866,0.0,0.0003394952008531816
text+audio_text_ln_lrh0.001_frozen_e5_s44,2171,4,1.56397,3.1321,0.0,0.00033913970849626737
text+audio_text_ln_lrh0.001_frozen_e5_s44,2172,4,1.00995,2.4578,0.0,0.000338784216139353
text+audio_text_ln_lrh0.001_frozen_e5_s44,2173,4,0.56567,3.7824,0.0,0.00033842872378243865
text+audio_text_ln_lrh0.001_frozen_e5_s44,2174,4,0.37204,2.2658,0.0,0.0003380732314255244
text+audio_text_ln_lrh0.001_frozen_e5_s44,2175,4,0.83691,3.0366,0.0,0.00033771773906861004
text+audio_text_ln_lrh0.001_frozen_e5_s44,2176,4,0.94511,2.8085,0.0,0.0003373622467116957
text+audio_text_ln_lrh0.001_frozen_e5_s44,2177,4,1.25771,3.2239,0.0,0.0003370067543547814
text+audio_text_ln_lrh0.001_frozen_e5_s44,2178,4,1.84268,4.5683,0.0,0.00033665126199786707
text+audio_text_ln_lrh0.001_frozen_e5_s44,2179,4,0.73541,2.0543,0.0,0.0003362957696409527
text+audio_text_ln_lrh0.001_frozen_e5_s44,2180,4,0.70583,2.5139,0.0,0.0003359402772840384
text+audio_text_ln_lrh0.001_frozen_e5_s44,2181,4,0.69652,2.6439,0.0,0.0003355847849271241
text+audio_text_ln_lrh0.001_frozen_e5_s44,2182,4,1.26928,3.2339,0.0,0.00033522929257020974
text+audio_text_ln_lrh0.001_frozen_e5_s44,2183,4,0.63349,2.4577,0.0,0.00033487380021329544
text+audio_text_ln_lrh0.001_frozen_e5_s44,2184,4,1.29068,3.0964,0.0,0.0003345183078563811
text+audio_text_ln_lrh0.001_frozen_e5_s44,2185,4,0.51621,3.2628,0.0,0.0003341628154994668
text+audio_text_ln_lrh0.001_frozen_e5_s44,2186,4,0.64767,2.1833,0.0,0.00033380732314255247
text+audio_text_ln_lrh0.001_frozen_e5_s44,2187,4,1.34271,4.3793,0.0,0.0003334518307856381
text+audio_text_ln_lrh0.001_frozen_e5_s44,2188,4,1.65127,5.1637,0.0,0.0003330963384287238
text+audio_text_ln_lrh0.001_frozen_e5_s44,2189,4,1.50033,3.2276,0.0,0.0003327408460718095
text+audio_text_ln_lrh0.001_frozen_e5_s44,2190,4,1.09565,3.6559,0.0,0.00033238535371489514
text+audio_text_ln_lrh0.001_frozen_e5_s44,2191,4,1.02479,3.3001,0.0,0.0003320298613579808
text+audio_text_ln_lrh0.001_frozen_e5_s44,2192,4,1.27004,4.2063,0.0,0.00033167436900106653
text+audio_text_ln_lrh0.001_frozen_e5_s44,2193,4,1.20354,2.7978,0.0,0.00033131887664415217
text+audio_text_ln_lrh0.001_frozen_e5_s44,2194,4,1.07631,2.7314,0.0,0.0003309633842872378
text+audio_text_ln_lrh0.001_frozen_e5_s44,2195,4,0.95642,3.0691,0.0,0.0003306078919303235
text+audio_text_ln_lrh0.001_frozen_e5_s44,2196,4,1.39775,4.2145,0.0,0.0003302523995734092
text+audio_text_ln_lrh0.001_frozen_e5_s44,2197,4,0.6339,3.5094,0.0,0.00032989690721649484
text+audio_text_ln_lrh0.001_frozen_e5_s44,2198,4,1.35535,2.8663,0.0,0.0003295414148595805
text+audio_text_ln_lrh0.001_frozen_e5_s44,2199,4,0.86274,3.502,0.0,0.00032918592250266623
text+audio_text_ln_lrh0.001_frozen_e5_s44,2200,4,0.47252,2.1181,0.0,0.00032883043014575187
text+audio_text_ln_lrh0.001_frozen_e5_s44,2201,4,1.06112,4.0009,0.0,0.0003284749377888375
text+audio_text_ln_lrh0.001_frozen_e5_s44,2202,4,0.95445,2.9527,0.0,0.00032811944543192326
text+audio_text_ln_lrh0.001_frozen_e5_s44,2203,4,0.71666,2.7227,0.0,0.0003277639530750089
text+audio_text_ln_lrh0.001_frozen_e5_s44,2204,4,1.38531,3.6103,0.0,0.00032740846071809454
text+audio_text_ln_lrh0.001_frozen_e5_s44,2205,4,0.84278,3.5442,0.0,0.00032705296836118024
text+audio_text_ln_lrh0.001_frozen_e5_s44,2206,4,1.14469,2.6936,0.0,0.00032669747600426593
text+audio_text_ln_lrh0.001_frozen_e5_s44,2207,4,0.90669,3.6111,0.0,0.00032634198364735157
text+audio_text_ln_lrh0.001_frozen_e5_s44,2208,4,0.64258,2.2978,0.0,0.00032598649129043727
text+audio_text_ln_lrh0.001_frozen_e5_s44,2209,4,1.04437,3.6063,0.0,0.00032563099893352296
text+audio_text_ln_lrh0.001_frozen_e5_s44,2210,4,1.24729,4.9086,0.0,0.0003252755065766086
text+audio_text_ln_lrh0.001_frozen_e5_s44,2211,4,1.33123,4.8304,0.0,0.0003249200142196943
text+audio_text_ln_lrh0.001_frozen_e5_s44,2212,4,1.20909,2.6341,0.0,0.00032456452186277994
text+audio_text_ln_lrh0.001_frozen_e5_s44,2213,4,1.26504,4.7538,0.0,0.00032420902950586563
text+audio_text_ln_lrh0.001_frozen_e5_s44,2214,4,1.15389,2.7499,0.0,0.0003238535371489513
text+audio_text_ln_lrh0.001_frozen_e5_s44,2215,4,0.66884,3.1741,0.0,0.00032349804479203697
text+audio_text_ln_lrh0.001_frozen_e5_s44,2216,4,0.85183,2.5732,0.0,0.00032314255243512266
text+audio_text_ln_lrh0.001_frozen_e5_s44,2217,4,1.25765,4.7274,0.0,0.00032278706007820836
text+audio_text_ln_lrh0.001_frozen_e5_s44,2218,4,1.25274,3.8091,0.0,0.000322431567721294
text+audio_text_ln_lrh0.001_frozen_e5_s44,2219,4,1.44297,3.9554,0.0,0.00032207607536437964
text+audio_text_ln_lrh0.001_frozen_e5_s44,2220,4,1.18805,3.4628,0.0,0.0003217205830074654
text+audio_text_ln_lrh0.001_frozen_e5_s44,2221,4,0.8984,2.3592,0.0,0.00032136509065055103
text+audio_text_ln_lrh0.001_frozen_e5_s44,2222,4,0.8592,3.3203,0.0,0.00032100959829363667
text+audio_text_ln_lrh0.001_frozen_e5_s44,2223,4,0.87064,3.3595,0.0,0.00032065410593672236
text+audio_text_ln_lrh0.001_frozen_e5_s44,2224,4,1.06563,3.3595,0.0,0.00032029861357980806
text+audio_text_ln_lrh0.001_frozen_e5_s44,2225,4,0.84818,3.7535,0.0,0.0003199431212228937
text+audio_text_ln_lrh0.001_frozen_e5_s44,2226,4,0.79679,3.4783,0.0,0.00031958762886597934
text+audio_text_ln_lrh0.001_frozen_e5_s44,2227,4,0.78247,3.0499,0.0,0.0003192321365090651
text+audio_text_ln_lrh0.001_frozen_e5_s44,2228,4,0.89611,3.2588,0.0,0.00031887664415215073
text+audio_text_ln_lrh0.001_frozen_e5_s44,2229,4,0.90524,2.4824,0.0,0.00031852115179523637
text+audio_text_ln_lrh0.001_frozen_e5_s44,2230,4,1.44793,5.2863,0.0,0.0003181656594383221
text+audio_text_ln_lrh0.001_frozen_e5_s44,2231,4,1.28149,5.7697,0.0,0.00031781016708140776
text+audio_text_ln_lrh0.001_frozen_e5_s44,2232,4,0.7202,2.3265,0.0,0.0003174546747244934
text+audio_text_ln_lrh0.001_frozen_e5_s44,2233,4,0.79652,3.0413,0.0,0.0003170991823675791
text+audio_text_ln_lrh0.001_frozen_e5_s44,2234,4,1.50142,5.7302,0.0,0.0003167436900106648
text+audio_text_ln_lrh0.001_frozen_e5_s44,2235,4,1.35201,5.0394,0.0,0.00031638819765375043
text+audio_text_ln_lrh0.001_frozen_e5_s44,2236,4,1.08044,3.0994,0.0,0.0003160327052968361
text+audio_text_ln_lrh0.001_frozen_e5_s44,2237,4,1.01079,3.1066,0.0,0.0003156772129399218
text+audio_text_ln_lrh0.001_frozen_e5_s44,2238,4,1.17316,3.6661,0.0,0.00031532172058300746
text+audio_text_ln_lrh0.001_frozen_e5_s44,2239,4,0.56488,3.7204,0.0,0.00031496622822609315
text+audio_text_ln_lrh0.001_frozen_e5_s44,2240,4,1.07598,2.3757,0.0,0.0003146107358691788
text+audio_text_ln_lrh0.001_frozen_e5_s44,2241,4,0.92068,2.4871,0.0,0.0003142552435122645
text+audio_text_ln_lrh0.001_frozen_e5_s44,2242,4,0.92337,5.1981,0.0,0.0003138997511553502
text+audio_text_ln_lrh0.001_frozen_e5_s44,2243,4,0.83811,3.39,0.0,0.0003135442587984358
text+audio_text_ln_lrh0.001_frozen_e5_s44,2244,4,0.9147,2.7723,0.0,0.0003131887664415215
text+audio_text_ln_lrh0.001_frozen_e5_s44,2245,4,1.17683,2.2847,0.0,0.0003128332740846072
text+audio_text_ln_lrh0.001_frozen_e5_s44,2246,4,1.23778,3.2399,0.0,0.00031247778172769286
text+audio_text_ln_lrh0.001_frozen_e5_s44,2247,4,0.94088,2.9458,0.0,0.0003121222893707785
text+audio_text_ln_lrh0.001_frozen_e5_s44,2248,4,1.03832,4.2229,0.0,0.00031176679701386425
text+audio_text_ln_lrh0.001_frozen_e5_s44,2249,4,1.24174,3.327,0.0,0.0003114113046569499
text+audio_text_ln_lrh0.001_frozen_e5_s44,2250,4,0.74383,3.6403,0.0,0.0003110558123000355
text+audio_text_ln_lrh0.001_frozen_e5_s44,2251,4,1.4018,3.8463,0.0,0.0003107003199431213
text+audio_text_ln_lrh0.001_frozen_e5_s44,2252,4,1.05241,4.5025,0.0,0.0003103448275862069
text+audio_text_ln_lrh0.001_frozen_e5_s44,2253,4,1.16411,3.177,0.0,0.00030998933522929256
text+audio_text_ln_lrh0.001_frozen_e5_s44,2254,4,1.23558,3.8755,0.0,0.0003096338428723782
text+audio_text_ln_lrh0.001_frozen_e5_s44,2255,4,1.53037,3.6653,0.0,0.00030927835051546395
text+audio_text_ln_lrh0.001_frozen_e5_s44,2256,4,1.71956,4.3536,0.0,0.0003089228581585496
text+audio_text_ln_lrh0.001_frozen_e5_s44,2257,4,0.75861,3.0599,0.0,0.00030856736580163523
text+audio_text_ln_lrh0.001_frozen_e5_s44,2258,4,1.30004,3.704,0.0,0.000308211873444721
text+audio_text_ln_lrh0.001_frozen_e5_s44,2259,4,1.35017,3.114,0.0,0.0003078563810878066
text+audio_text_ln_lrh0.001_frozen_e5_s44,2260,4,1.34042,3.8179,0.0,0.00030750088873089226
text+audio_text_ln_lrh0.001_frozen_e5_s44,2261,4,0.96999,2.1691,0.0,0.000307145396373978
text+audio_text_ln_lrh0.001_frozen_e5_s44,2262,4,1.27194,3.1538,0.0,0.00030678990401706365
text+audio_text_ln_lrh0.001_frozen_e5_s44,2263,4,1.1513,4.7574,0.0,0.0003064344116601493
text+audio_text_ln_lrh0.001_frozen_e5_s44,2264,4,1.00509,3.7632,0.0,0.000306078919303235
text+audio_text_ln_lrh0.001_frozen_e5_s44,2265,4,1.0646,3.282,0.0,0.0003057234269463207
text+audio_text_ln_lrh0.001_frozen_e5_s44,2266,4,1.08783,3.6441,0.0,0.0003053679345894063
text+audio_text_ln_lrh0.001_frozen_e5_s44,2267,4,1.21328,3.2197,0.0,0.000305012442232492
text+audio_text_ln_lrh0.001_frozen_e5_s44,2268,4,1.12216,2.4396,0.0,0.0003046569498755777
text+audio_text_ln_lrh0.001_frozen_e5_s44,2269,4,1.32932,3.9274,0.0,0.00030430145751866335
text+audio_text_ln_lrh0.001_frozen_e5_s44,2270,4,1.66185,3.6627,0.0,0.00030394596516174904
text+audio_text_ln_lrh0.001_frozen_e5_s44,2271,4,0.68161,2.9074,0.0,0.0003035904728048347
text+audio_text_ln_lrh0.001_frozen_e5_s44,2272,4,1.09239,3.098,0.0,0.0003032349804479204
text+audio_text_ln_lrh0.001_frozen_e5_s44,2273,4,0.97573,2.993,0.0,0.0003028794880910061
text+audio_text_ln_lrh0.001_frozen_e5_s44,2274,4,1.14807,3.8704,0.0,0.0003025239957340917
text+audio_text_ln_lrh0.001_frozen_e5_s44,2275,4,0.96673,4.5224,0.0,0.0003021685033771774
text+audio_text_ln_lrh0.001_frozen_e5_s44,2276,4,0.99004,3.3668,0.0,0.0003018130110202631
text+audio_text_ln_lrh0.001_frozen_e5_s44,2277,4,1.24417,3.4933,0.0,0.00030145751866334874
text+audio_text_ln_lrh0.001_frozen_e5_s44,2278,4,0.89168,2.8243,0.0,0.0003011020263064344
text+audio_text_ln_lrh0.001_frozen_e5_s44,2279,4,1.18458,3.587,0.0,0.00030074653394952013
text+audio_text_ln_lrh0.001_frozen_e5_s44,2280,4,1.06262,2.9448,0.0,0.0003003910415926058
text+audio_text_ln_lrh0.001_frozen_e5_s44,2281,4,1.20981,4.2419,0.0,0.0003000355492356914
text+audio_text_ln_lrh0.001_frozen_e5_s44,2282,4,0.78697,1.9109,0.0,0.0002996800568787771
text+audio_text_ln_lrh0.001_frozen_e5_s44,2283,4,1.48262,5.0596,0.0,0.0002993245645218628
text+audio_text_ln_lrh0.001_frozen_e5_s44,2284,4,1.48553,3.1032,0.0,0.00029896907216494845
text+audio_text_ln_lrh0.001_frozen_e5_s44,2285,4,1.21076,4.0849,0.0,0.0002986135798080341
text+audio_text_ln_lrh0.001_frozen_e5_s44,2286,4,1.00704,3.5525,0.0,0.00029825808745111983
text+audio_text_ln_lrh0.001_frozen_e5_s44,2287,4,0.96272,3.4589,0.0,0.0002979025950942055
text+audio_text_ln_lrh0.001_frozen_e5_s44,2288,4,1.01193,3.3823,0.0,0.0002975471027372911
text+audio_text_ln_lrh0.001_frozen_e5_s44,2289,4,1.24806,5.079,0.0,0.00029719161038037687
text+audio_text_ln_lrh0.001_frozen_e5_s44,2290,4,1.3121,4.1425,0.0,0.0002968361180234625
text+audio_text_ln_lrh0.001_frozen_e5_s44,2291,4,0.58577,2.4033,0.0,0.00029648062566654815
text+audio_text_ln_lrh0.001_frozen_e5_s44,2292,4,1.21436,4.2305,0.0,0.00029612513330963384
text+audio_text_ln_lrh0.001_frozen_e5_s44,2293,4,1.17891,3.3445,0.0,0.00029576964095271954
text+audio_text_ln_lrh0.001_frozen_e5_s44,2294,4,0.76392,2.7112,0.0,0.0002954141485958052
text+audio_text_ln_lrh0.001_frozen_e5_s44,2295,4,0.76216,5.2726,0.0,0.00029505865623889087
text+audio_text_ln_lrh0.001_frozen_e5_s44,2296,4,1.59891,4.6513,0.0,0.00029470316388197657
text+audio_text_ln_lrh0.001_frozen_e5_s44,2297,4,0.76793,3.6039,0.0,0.0002943476715250622
text+audio_text_ln_lrh0.001_frozen_e5_s44,2298,4,1.08307,3.1523,0.0,0.0002939921791681479
text+audio_text_ln_lrh0.001_frozen_e5_s44,2299,4,0.79885,3.5248,0.0,0.00029363668681123354
text+audio_text_ln_lrh0.001_frozen_e5_s44,2300,4,1.44815,4.5569,0.0,0.00029328119445431924
text+audio_text_ln_lrh0.001_frozen_e5_s44,2301,4,1.19991,3.752,0.0,0.00029292570209740493
text+audio_text_ln_lrh0.001_frozen_e5_s44,2302,4,1.56829,4.7244,0.0,0.00029257020974049057
text+audio_text_ln_lrh0.001_frozen_e5_s44,2303,4,1.26606,3.7644,0.0,0.00029221471738357627
text+audio_text_ln_lrh0.001_frozen_e5_s44,2304,4,0.97991,5.442,0.0,0.00029185922502666196
text+audio_text_ln_lrh0.001_frozen_e5_s44,2305,4,1.37765,3.9418,0.0,0.0002915037326697476
text+audio_text_ln_lrh0.001_frozen_e5_s44,2306,4,1.68175,4.5283,0.0,0.00029114824031283324
text+audio_text_ln_lrh0.001_frozen_e5_s44,2307,4,1.06721,4.0297,0.0,0.000290792747955919
text+audio_text_ln_lrh0.001_frozen_e5_s44,2308,4,0.58472,2.7126,0.0,0.00029043725559900463
text+audio_text_ln_lrh0.001_frozen_e5_s44,2309,4,1.58395,4.8997,0.0,0.0002900817632420903
text+audio_text_ln_lrh0.001_frozen_e5_s44,2310,4,0.93186,2.7352,0.0,0.000289726270885176
text+audio_text_ln_lrh0.001_frozen_e5_s44,2311,4,0.96111,3.6682,0.0,0.00028937077852826166
text+audio_text_ln_lrh0.001_frozen_e5_s44,2312,4,1.64771,3.8512,0.0,0.0002890152861713473
text+audio_text_ln_lrh0.001_frozen_e5_s44,2313,4,0.85124,2.9825,0.0,0.00028865979381443294
text+audio_text_ln_lrh0.001_frozen_e5_s44,2314,4,1.23188,3.2094,0.0,0.0002883043014575187
text+audio_text_ln_lrh0.001_frozen_e5_s44,2315,4,1.10249,3.391,0.0,0.00028794880910060433
text+audio_text_ln_lrh0.001_frozen_e5_s44,2316,4,1.22429,4.1244,0.0,0.00028759331674369
text+audio_text_ln_lrh0.001_frozen_e5_s44,2317,4,0.87276,2.5065,0.0,0.0002872378243867757
text+audio_text_ln_lrh0.001_frozen_e5_s44,2318,4,1.13172,3.2499,0.0,0.00028688233202986136
text+audio_text_ln_lrh0.001_frozen_e5_s44,2319,4,1.03438,3.8286,0.0,0.000286526839672947
text+audio_text_ln_lrh0.001_frozen_e5_s44,2320,4,0.99161,4.2828,0.0,0.0002861713473160327
text+audio_text_ln_lrh0.001_frozen_e5_s44,2321,4,1.1995,2.7191,0.0,0.0002858158549591184
text+audio_text_ln_lrh0.001_frozen_e5_s44,2322,4,1.03266,3.0254,0.0,0.00028546036260220403
text+audio_text_ln_lrh0.001_frozen_e5_s44,2323,4,1.0119,2.9883,0.0,0.00028510487024528973
text+audio_text_ln_lrh0.001_frozen_e5_s44,2324,4,1.73556,4.5033,0.0,0.0002847493778883754
text+audio_text_ln_lrh0.001_frozen_e5_s44,2325,4,0.85908,3.0986,0.0,0.00028439388553146107
text+audio_text_ln_lrh0.001_frozen_e5_s44,2326,4,0.79575,3.1446,0.0,0.00028403839317454676
text+audio_text_ln_lrh0.001_frozen_e5_s44,2327,4,1.13921,3.2847,0.0,0.00028368290081763245
text+audio_text_ln_lrh0.001_frozen_e5_s44,2328,4,1.24088,4.6974,0.0,0.0002833274084607181
text+audio_text_ln_lrh0.001_frozen_e5_s44,2329,4,1.58302,4.078,0.0,0.0002829719161038038
text+audio_text_ln_lrh0.001_frozen_e5_s44,2330,4,0.92808,3.6375,0.0,0.00028261642374688943
text+audio_text_ln_lrh0.001_frozen_e5_s44,2331,4,0.7157,3.5017,0.0,0.0002822609313899751
text+audio_text_ln_lrh0.001_frozen_e5_s44,2332,4,1.20588,3.8276,0.0,0.0002819054390330608
text+audio_text_ln_lrh0.001_frozen_e5_s44,2333,4,1.51658,4.268,0.0,0.00028154994667614646
text+audio_text_ln_lrh0.001_frozen_e5_s44,2334,4,0.96151,2.6262,0.0,0.00028119445431923216
text+audio_text_ln_lrh0.001_frozen_e5_s44,2335,4,0.70885,3.91,0.0,0.00028083896196231785
text+audio_text_ln_lrh0.001_frozen_e5_s44,2336,4,1.27498,4.371,0.0,0.0002804834696054035
text+audio_text_ln_lrh0.001_frozen_e5_s44,2337,4,1.16877,3.1991,0.0,0.00028012797724848913
text+audio_text_ln_lrh0.001_frozen_e5_s44,2338,4,0.90918,2.8301,0.0,0.0002797724848915749
text+audio_text_ln_lrh0.001_frozen_e5_s44,2339,4,1.19371,3.3255,0.0,0.0002794169925346605
text+audio_text_ln_lrh0.001_frozen_e5_s44,2340,4,0.8204,3.7036,0.0,0.00027906150017774616
text+audio_text_ln_lrh0.001_frozen_e5_s44,2341,4,1.27768,2.5432,0.0,0.00027870600782083186
text+audio_text_ln_lrh0.001_frozen_e5_s44,2342,4,0.88843,2.6686,0.0,0.00027835051546391755
text+audio_text_ln_lrh0.001_frozen_e5_s44,2343,4,0.921,2.4163,0.0,0.0002779950231070032
text+audio_text_ln_lrh0.001_frozen_e5_s44,2344,4,1.12714,2.6294,0.0,0.00027763953075008883
text+audio_text_ln_lrh0.001_frozen_e5_s44,2345,4,0.72715,3.0392,0.0,0.0002772840383931746
text+audio_text_ln_lrh0.001_frozen_e5_s44,2346,4,1.1089,3.2792,0.0,0.0002769285460362602
text+audio_text_ln_lrh0.001_frozen_e5_s44,2347,4,1.0471,4.2377,0.0,0.00027657305367934586
text+audio_text_ln_lrh0.001_frozen_e5_s44,2348,4,1.40221,3.7122,0.0,0.0002762175613224316
text+audio_text_ln_lrh0.001_frozen_e5_s44,2349,4,1.41806,3.6257,0.0,0.00027586206896551725
text+audio_text_ln_lrh0.001_frozen_e5_s44,2350,4,1.01443,2.6945,0.0,0.0002755065766086029
text+audio_text_ln_lrh0.001_frozen_e5_s44,2351,4,1.1411,3.2175,0.0,0.0002751510842516886
text+audio_text_ln_lrh0.001_frozen_e5_s44,2352,4,0.65092,2.7699,0.0,0.0002747955918947743
text+audio_text_ln_lrh0.001_frozen_e5_s44,2353,4,0.98688,3.1854,0.0,0.0002744400995378599
text+audio_text_ln_lrh0.001_frozen_e5_s44,2354,4,1.62269,3.2695,0.0,0.0002740846071809456
text+audio_text_ln_lrh0.001_frozen_e5_s44,2355,4,0.69684,3.1104,0.0,0.0002737291148240313
text+audio_text_ln_lrh0.001_frozen_e5_s44,2356,4,1.0177,2.5716,0.0,0.00027337362246711695
text+audio_text_ln_lrh0.001_frozen_e5_s44,2357,4,0.98227,2.3721,0.0,0.00027301813011020265
text+audio_text_ln_lrh0.001_frozen_e5_s44,2358,4,0.69361,3.5775,0.0,0.0002726626377532883
text+audio_text_ln_lrh0.001_frozen_e5_s44,2359,4,1.62476,3.9592,0.0,0.000272307145396374
text+audio_text_ln_lrh0.001_frozen_e5_s44,2360,4,1.06558,2.4647,0.0,0.0002719516530394597
text+audio_text_ln_lrh0.001_frozen_e5_s44,2361,4,1.21166,4.6093,0.0,0.0002715961606825453
text+audio_text_ln_lrh0.001_frozen_e5_s44,2362,4,1.26265,3.4864,0.0,0.000271240668325631
text+audio_text_ln_lrh0.001_frozen_e5_s44,2363,4,0.95739,2.8928,0.0,0.0002708851759687167
text+audio_text_ln_lrh0.001_frozen_e5_s44,2364,4,0.79493,2.9211,0.0,0.00027052968361180235
text+audio_text_ln_lrh0.001_frozen_e5_s44,2365,4,1.87544,4.4796,0.0,0.000270174191254888
text+audio_text_ln_lrh0.001_frozen_e5_s44,2366,4,1.20184,3.6179,0.0,0.00026981869889797374
text+audio_text_ln_lrh0.001_frozen_e5_s44,2367,4,1.03699,2.4995,0.0,0.0002694632065410594
text+audio_text_ln_lrh0.001_frozen_e5_s44,2368,4,1.23356,3.7925,0.0,0.000269107714184145
text+audio_text_ln_lrh0.001_frozen_e5_s44,2369,4,1.18556,2.983,0.0,0.00026875222182723077
text+audio_text_ln_lrh0.001_frozen_e5_s44,2370,4,1.25884,4.267,0.0,0.0002683967294703164
text+audio_text_ln_lrh0.001_frozen_e5_s44,2371,4,1.63995,3.4432,0.0,0.00026804123711340205
text+audio_text_ln_lrh0.001_frozen_e5_s44,2372,4,1.03731,2.8933,0.0,0.0002676857447564877
text+audio_text_ln_lrh0.001_frozen_e5_s44,2373,4,0.85265,3.2393,0.0,0.00026733025239957344
text+audio_text_ln_lrh0.001_frozen_e5_s44,2374,4,1.25685,3.7469,0.0,0.0002669747600426591
text+audio_text_ln_lrh0.001_frozen_e5_s44,2375,4,0.81056,4.6159,0.0,0.0002666192676857447
text+audio_text_ln_lrh0.001_frozen_e5_s44,2376,4,0.49302,3.1717,0.0,0.00026626377532883047
text+audio_text_ln_lrh0.001_frozen_e5_s44,2377,4,0.84244,2.9134,0.0,0.0002659082829719161
text+audio_text_ln_lrh0.001_frozen_e5_s44,2378,4,1.22123,5.0019,0.0,0.00026555279061500175
text+audio_text_ln_lrh0.001_frozen_e5_s44,2379,4,0.91181,2.6772,0.0,0.00026519729825808745
text+audio_text_ln_lrh0.001_frozen_e5_s44,2380,4,1.06654,4.3314,0.0,0.00026484180590117314
text+audio_text_ln_lrh0.001_frozen_e5_s44,2381,4,1.15525,3.1616,0.0,0.0002644863135442588
text+audio_text_ln_lrh0.001_frozen_e5_s44,2382,4,0.77939,4.3088,0.0,0.0002641308211873445
text+audio_text_ln_lrh0.001_frozen_e5_s44,2383,4,1.17348,3.1174,0.0,0.00026377532883043017
text+audio_text_ln_lrh0.001_frozen_e5_s44,2384,4,0.69009,4.8503,0.0,0.0002634198364735158
text+audio_text_ln_lrh0.001_frozen_e5_s44,2385,4,1.15656,3.0541,0.0,0.0002630643441166015
text+audio_text_ln_lrh0.001_frozen_e5_s44,2386,4,0.68104,2.4012,0.0,0.00026270885175968715
text+audio_text_ln_lrh0.001_frozen_e5_s44,2387,4,0.92458,2.8326,0.0,0.00026235335940277284
text+audio_text_ln_lrh0.001_frozen_e5_s44,2388,4,1.11873,3.0998,0.0,0.00026199786704585854
text+audio_text_ln_lrh0.001_frozen_e5_s44,2389,4,0.67669,1.8981,0.0,0.0002616423746889442
text+audio_text_ln_lrh0.001_frozen_e5_s44,2390,4,0.81446,2.1858,0.0,0.00026128688233202987
text+audio_text_ln_lrh0.001_frozen_e5_s44,2391,4,0.71804,3.1971,0.0,0.00026093138997511557
text+audio_text_ln_lrh0.001_frozen_e5_s44,2392,4,1.10698,4.0547,0.0,0.0002605758976182012
text+audio_text_ln_lrh0.001_frozen_e5_s44,2393,4,1.32986,3.5228,0.0,0.00026022040526128685
text+audio_text_ln_lrh0.001_frozen_e5_s44,2394,4,0.74841,2.9978,0.0,0.0002598649129043726
text+audio_text_ln_lrh0.001_frozen_e5_s44,2395,4,1.19241,3.8272,0.0,0.00025950942054745824
text+audio_text_ln_lrh0.001_frozen_e5_s44,2396,4,0.84677,3.4203,0.0,0.0002591539281905439
text+audio_text_ln_lrh0.001_frozen_e5_s44,2397,4,1.29503,4.7428,0.0,0.00025879843583362963
text+audio_text_ln_lrh0.001_frozen_e5_s44,2398,4,1.25961,4.6372,0.0,0.00025844294347671527
text+audio_text_ln_lrh0.001_frozen_e5_s44,2399,4,0.69493,2.762,0.0,0.0002580874511198009
text+audio_text_ln_lrh0.001_frozen_e5_s44,2400,4,1.06526,4.3837,0.0,0.00025773195876288655
text+audio_text_ln_lrh0.001_frozen_e5_s44,2401,4,0.49078,2.8954,0.0,0.0002573764664059723
text+audio_text_ln_lrh0.001_frozen_e5_s44,2402,4,1.18997,3.3463,0.0,0.00025702097404905794
text+audio_text_ln_lrh0.001_frozen_e5_s44,2403,4,0.84902,2.8966,0.0,0.0002566654816921436
text+audio_text_ln_lrh0.001_frozen_e5_s44,2404,4,0.95335,2.7513,0.0,0.00025630998933522933
text+audio_text_ln_lrh0.001_frozen_e5_s44,2405,4,0.8822,3.2177,0.0,0.00025595449697831497
text+audio_text_ln_lrh0.001_frozen_e5_s44,2406,4,1.02056,2.5463,0.0,0.0002555990046214006
text+audio_text_ln_lrh0.001_frozen_e5_s44,2407,4,1.15613,3.6123,0.0,0.00025524351226448636
text+audio_text_ln_lrh0.001_frozen_e5_s44,2408,4,0.83187,2.7637,0.0,0.000254888019907572
text+audio_text_ln_lrh0.001_frozen_e5_s44,2409,4,1.31386,3.8812,0.0,0.00025453252755065764
text+audio_text_ln_lrh0.001_frozen_e5_s44,2410,4,1.38238,4.0418,0.0,0.00025417703519374334
text+audio_text_ln_lrh0.001_frozen_e5_s44,2411,4,0.56308,2.023,0.0,0.00025382154283682903
text+audio_text_ln_lrh0.001_frozen_e5_s44,2412,4,0.99159,3.5975,0.0,0.00025346605047991467
text+audio_text_ln_lrh0.001_frozen_e5_s44,2413,4,0.97082,4.983,0.0,0.00025311055812300037
text+audio_text_ln_lrh0.001_frozen_e5_s44,2414,4,1.38559,4.9832,0.0,0.00025275506576608606
text+audio_text_ln_lrh0.001_frozen_e5_s44,2415,4,0.98058,3.997,0.0,0.0002523995734091717
text+audio_text_ln_lrh0.001_frozen_e5_s44,2416,4,0.73125,4.5366,0.0,0.0002520440810522574
text+audio_text_ln_lrh0.001_frozen_e5_s44,2417,4,1.09437,3.3476,0.0,0.00025168858869534304
text+audio_text_ln_lrh0.001_frozen_e5_s44,2418,4,0.9653,4.4505,0.0,0.00025133309633842873
text+audio_text_ln_lrh0.001_frozen_e5_s44,2419,4,0.92802,2.5175,0.0,0.0002509776039815144
text+audio_text_ln_lrh0.001_frozen_e5_s44,2420,4,1.05272,4.4664,0.0,0.00025062211162460007
text+audio_text_ln_lrh0.001_frozen_e5_s44,2421,4,1.42183,3.71,0.0,0.00025026661926768576
text+audio_text_ln_lrh0.001_frozen_e5_s44,2422,4,1.6052,4.7126,0.0,0.0002499111269107714
text+audio_text_ln_lrh0.001_frozen_e5_s44,2423,4,0.9457,4.1328,0.0,0.0002495556345538571
text+audio_text_ln_lrh0.001_frozen_e5_s44,2424,4,1.10669,2.8763,0.0,0.00024920014219694274
text+audio_text_ln_lrh0.001_frozen_e5_s44,2425,4,0.68948,2.7807,0.0,0.00024884464984002843
text+audio_text_ln_lrh0.001_frozen_e5_s44,2426,4,0.65406,2.561,0.0,0.0002484891574831141
text+audio_text_ln_lrh0.001_frozen_e5_s44,2427,4,1.12157,4.1208,0.0,0.00024813366512619977
text+audio_text_ln_lrh0.001_frozen_e5_s44,2428,4,0.98382,3.0766,0.0,0.00024777817276928546
text+audio_text_ln_lrh0.001_frozen_e5_s44,2429,4,1.07934,3.0236,0.0,0.00024742268041237116
text+audio_text_ln_lrh0.001_frozen_e5_s44,2430,4,0.69035,2.4057,0.0,0.0002470671880554568
text+audio_text_ln_lrh0.001_frozen_e5_s44,2431,4,1.47431,4.1128,0.0,0.0002467116956985425
text+audio_text_ln_lrh0.001_frozen_e5_s44,2432,4,0.87728,3.6519,0.0,0.0002463562033416282
text+audio_text_ln_lrh0.001_frozen_e5_s44,2433,4,1.10085,4.3135,0.0,0.00024600071098471383
text+audio_text_ln_lrh0.001_frozen_e5_s44,2434,4,1.17339,2.6621,0.0,0.0002456452186277995
text+audio_text_ln_lrh0.001_frozen_e5_s44,2435,4,0.89533,2.5305,0.0,0.0002452897262708852
text+audio_text_ln_lrh0.001_frozen_e5_s44,2436,4,1.39951,3.5917,0.0,0.00024493423391397086
text+audio_text_ln_lrh0.001_frozen_e5_s44,2437,4,1.0747,2.9332,0.0,0.00024457874155705655
text+audio_text_ln_lrh0.001_frozen_e5_s44,2438,4,1.39961,3.3021,0.0,0.0002442232492001422
text+audio_text_ln_lrh0.001_frozen_e5_s44,2439,4,0.69965,3.3555,0.0,0.00024386775684322786
text+audio_text_ln_lrh0.001_frozen_e5_s44,2440,4,0.6942,2.5649,0.0,0.00024351226448631356
text+audio_text_ln_lrh0.001_frozen_e5_s44,2441,4,0.87299,3.3569,0.0,0.00024315677212939922
text+audio_text_ln_lrh0.001_frozen_e5_s44,2442,4,0.92184,2.4935,0.0,0.0002428012797724849
text+audio_text_ln_lrh0.001_frozen_e5_s44,2443,4,0.86747,3.1758,0.0,0.00024244578741557059
text+audio_text_ln_lrh0.001_frozen_e5_s44,2444,4,1.13984,2.7019,0.0,0.00024209029505865623
text+audio_text_ln_lrh0.001_frozen_e5_s44,2445,4,0.72884,4.0763,0.0,0.00024173480270174192
text+audio_text_ln_lrh0.001_frozen_e5_s44,2446,4,1.2316,3.5304,0.0,0.0002413793103448276
text+audio_text_ln_lrh0.001_frozen_e5_s44,2447,4,1.38006,4.3987,0.0,0.00024102381798791326
text+audio_text_ln_lrh0.001_frozen_e5_s44,2448,4,1.41017,3.5856,0.0,0.00024066832563099895
text+audio_text_ln_lrh0.001_frozen_e5_s44,2449,4,0.6027,2.6054,0.0,0.00024031283327408462
text+audio_text_ln_lrh0.001_frozen_e5_s44,2450,4,1.34567,4.9355,0.0,0.0002399573409171703
text+audio_text_ln_lrh0.001_frozen_e5_s44,2451,4,0.99965,2.8442,0.0,0.00023960184856025595
text+audio_text_ln_lrh0.001_frozen_e5_s44,2452,4,0.86466,2.5367,0.0,0.00023924635620334162
text+audio_text_ln_lrh0.001_frozen_e5_s44,2453,4,1.61091,4.9794,0.0,0.0002388908638464273
text+audio_text_ln_lrh0.001_frozen_e5_s44,2454,4,0.61013,2.3172,0.0,0.00023853537148951299
text+audio_text_ln_lrh0.001_frozen_e5_s44,2455,4,0.90228,2.4153,0.0,0.00023817987913259865
text+audio_text_ln_lrh0.001_frozen_e5_s44,2456,4,0.96067,4.1855,0.0,0.00023782438677568432
text+audio_text_ln_lrh0.001_frozen_e5_s44,2457,4,1.06739,2.8598,0.0,0.00023746889441877002
text+audio_text_ln_lrh0.001_frozen_e5_s44,2458,4,1.43586,5.5148,0.0,0.00023711340206185566
text+audio_text_ln_lrh0.001_frozen_e5_s44,2459,4,1.16792,4.9477,0.0,0.00023675790970494135
text+audio_text_ln_lrh0.001_frozen_e5_s44,2460,4,1.34122,3.2223,0.0,0.00023640241734802705
text+audio_text_ln_lrh0.001_frozen_e5_s44,2461,4,1.07972,3.5085,0.0,0.00023604692499111269
text+audio_text_ln_lrh0.001_frozen_e5_s44,2462,4,1.09762,2.595,0.0,0.00023569143263419838
text+audio_text_ln_lrh0.001_frozen_e5_s44,2463,4,0.93344,3.0759,0.0,0.00023533594027728405
text+audio_text_ln_lrh0.001_frozen_e5_s44,2464,4,0.857,2.7017,0.0,0.00023498044792036972
text+audio_text_ln_lrh0.001_frozen_e5_s44,2465,4,1.39989,6.3794,0.0,0.00023462495556345538
text+audio_text_ln_lrh0.001_frozen_e5_s44,2466,4,1.1531,3.0812,0.0,0.00023426946320654108
text+audio_text_ln_lrh0.001_frozen_e5_s44,2467,4,0.96799,2.9287,0.0,0.00023391397084962675
text+audio_text_ln_lrh0.001_frozen_e5_s44,2468,4,0.96952,4.0494,0.0,0.00023355847849271241
text+audio_text_ln_lrh0.001_frozen_e5_s44,2469,4,0.81758,2.4059,0.0,0.00023320298613579808
text+audio_text_ln_lrh0.001_frozen_e5_s44,2470,4,1.04942,3.0554,0.0,0.00023284749377888375
text+audio_text_ln_lrh0.001_frozen_e5_s44,2471,4,1.064,3.0633,0.0,0.00023249200142196944
text+audio_text_ln_lrh0.001_frozen_e5_s44,2472,4,1.4424,5.1191,0.0,0.00023213650906505509
text+audio_text_ln_lrh0.001_frozen_e5_s44,2473,4,0.90109,3.0963,0.0,0.00023178101670814078
text+audio_text_ln_lrh0.001_frozen_e5_s44,2474,4,1.23603,2.6209,0.0,0.00023142552435122647
text+audio_text_ln_lrh0.001_frozen_e5_s44,2475,4,1.29005,4.3854,0.0,0.00023107003199431212
text+audio_text_ln_lrh0.001_frozen_e5_s44,2476,4,0.88168,3.3328,0.0,0.0002307145396373978
text+audio_text_ln_lrh0.001_frozen_e5_s44,2477,4,0.74496,2.4241,0.0,0.00023035904728048348
text+audio_text_ln_lrh0.001_frozen_e5_s44,2478,4,0.94029,3.091,0.0,0.00023000355492356915
text+audio_text_ln_lrh0.001_frozen_e5_s44,2479,4,0.78736,3.8282,0.0,0.0002296480625666548
text+audio_text_ln_lrh0.001_frozen_e5_s44,2480,4,0.80308,2.6557,0.0,0.0002292925702097405
text+audio_text_ln_lrh0.001_frozen_e5_s44,2481,4,1.27742,3.1872,0.0,0.00022893707785282618
text+audio_text_ln_lrh0.001_frozen_e5_s44,2482,4,1.34902,4.233,0.0,0.00022858158549591184
text+audio_text_ln_lrh0.001_frozen_e5_s44,2483,4,1.49292,3.2157,0.0,0.0002282260931389975
text+audio_text_ln_lrh0.001_frozen_e5_s44,2484,4,0.74864,3.952,0.0,0.00022787060078208318
text+audio_text_ln_lrh0.001_frozen_e5_s44,2485,4,1.54856,4.1085,0.0,0.00022751510842516887
text+audio_text_ln_lrh0.001_frozen_e5_s44,2486,4,1.13527,3.04,0.0,0.00022715961606825451
text+audio_text_ln_lrh0.001_frozen_e5_s44,2487,4,1.60881,4.6949,0.0,0.0002268041237113402
text+audio_text_ln_lrh0.001_frozen_e5_s44,2488,4,1.02238,2.7046,0.0,0.0002264486313544259
text+audio_text_ln_lrh0.001_frozen_e5_s44,2489,4,0.71575,2.4294,0.0,0.00022609313899751154
text+audio_text_ln_lrh0.001_frozen_e5_s44,2490,4,1.19811,4.7281,0.0,0.00022573764664059724
text+audio_text_ln_lrh0.001_frozen_e5_s44,2491,4,0.6433,2.4985,0.0,0.0002253821542836829
text+audio_text_ln_lrh0.001_frozen_e5_s44,2492,4,1.38551,3.697,0.0,0.00022502666192676857
text+audio_text_ln_lrh0.001_frozen_e5_s44,2493,4,0.89952,3.3485,0.0,0.00022467116956985424
text+audio_text_ln_lrh0.001_frozen_e5_s44,2494,4,0.83234,2.2759,0.0,0.00022431567721293994
text+audio_text_ln_lrh0.001_frozen_e5_s44,2495,4,1.25645,4.616,0.0,0.0002239601848560256
text+audio_text_ln_lrh0.001_frozen_e5_s44,2496,4,1.04521,3.8998,0.0,0.00022360469249911127
text+audio_text_ln_lrh0.001_frozen_e5_s44,2497,4,0.96697,2.6153,0.0,0.00022324920014219694
text+audio_text_ln_lrh0.001_frozen_e5_s44,2498,4,0.91036,2.7705,0.0,0.0002228937077852826
text+audio_text_ln_lrh0.001_frozen_e5_s44,2499,4,0.67561,2.693,0.0,0.0002225382154283683
text+audio_text_ln_lrh0.001_frozen_e5_s44,2500,4,0.49943,4.8516,0.0,0.00022218272307145394
text+audio_text_ln_lrh0.001_frozen_e5_s44,2501,5,1.16407,3.4619,0.0,0.00022182723071453964
text+audio_text_ln_lrh0.001_frozen_e5_s44,2502,5,0.76439,2.8506,0.0,0.00022147173835762533
text+audio_text_ln_lrh0.001_frozen_e5_s44,2503,5,0.79749,2.5225,0.0,0.00022111624600071097
text+audio_text_ln_lrh0.001_frozen_e5_s44,2504,5,0.82183,2.5343,0.0,0.00022076075364379667
text+audio_text_ln_lrh0.001_frozen_e5_s44,2505,5,0.5021,3.2785,0.0,0.00022040526128688234
text+audio_text_ln_lrh0.001_frozen_e5_s44,2506,5,0.82128,2.4941,0.0,0.000220049768929968
text+audio_text_ln_lrh0.001_frozen_e5_s44,2507,5,0.87099,2.5166,0.0,0.0002196942765730537
text+audio_text_ln_lrh0.001_frozen_e5_s44,2508,5,0.91018,2.7789,0.0,0.00021933878421613937
text+audio_text_ln_lrh0.001_frozen_e5_s44,2509,5,1.00109,2.6489,0.0,0.00021898329185922503
text+audio_text_ln_lrh0.001_frozen_e5_s44,2510,5,1.19098,3.9662,0.0,0.0002186277995023107
text+audio_text_ln_lrh0.001_frozen_e5_s44,2511,5,1.01115,4.0571,0.0,0.00021827230714539637
text+audio_text_ln_lrh0.001_frozen_e5_s44,2512,5,0.91032,3.3448,0.0,0.00021791681478848204
text+audio_text_ln_lrh0.001_frozen_e5_s44,2513,5,1.44323,3.7296,0.0,0.00021756132243156773
text+audio_text_ln_lrh0.001_frozen_e5_s44,2514,5,1.1729,2.4139,0.0,0.0002172058300746534
text+audio_text_ln_lrh0.001_frozen_e5_s44,2515,5,1.04815,2.848,0.0,0.00021685033771773907
text+audio_text_ln_lrh0.001_frozen_e5_s44,2516,5,0.88091,2.3757,0.0,0.00021649484536082476
text+audio_text_ln_lrh0.001_frozen_e5_s44,2517,5,0.9697,3.0586,0.0,0.0002161393530039104
text+audio_text_ln_lrh0.001_frozen_e5_s44,2518,5,0.78784,2.6663,0.0,0.0002157838606469961
text+audio_text_ln_lrh0.001_frozen_e5_s44,2519,5,0.67414,2.5831,0.0,0.00021542836829008177
text+audio_text_ln_lrh0.001_frozen_e5_s44,2520,5,1.15709,3.0922,0.0,0.00021507287593316743
text+audio_text_ln_lrh0.001_frozen_e5_s44,2521,5,0.78703,3.796,0.0,0.00021471738357625313
text+audio_text_ln_lrh0.001_frozen_e5_s44,2522,5,1.14349,3.7188,0.0,0.0002143618912193388
text+audio_text_ln_lrh0.001_frozen_e5_s44,2523,5,1.24382,3.6173,0.0,0.00021400639886242446
text+audio_text_ln_lrh0.001_frozen_e5_s44,2524,5,0.93803,2.625,0.0,0.00021365090650551013
text+audio_text_ln_lrh0.001_frozen_e5_s44,2525,5,1.34288,3.5464,0.0,0.00021329541414859583
text+audio_text_ln_lrh0.001_frozen_e5_s44,2526,5,1.04208,4.8301,0.0,0.00021293992179168147
text+audio_text_ln_lrh0.001_frozen_e5_s44,2527,5,1.13656,3.2563,0.0,0.00021258442943476716
text+audio_text_ln_lrh0.001_frozen_e5_s44,2528,5,2.06766,6.5649,0.0,0.00021222893707785283
text+audio_text_ln_lrh0.001_frozen_e5_s44,2529,5,1.17269,3.1555,0.0,0.0002118734447209385
text+audio_text_ln_lrh0.001_frozen_e5_s44,2530,5,0.87578,3.4506,0.0,0.0002115179523640242
text+audio_text_ln_lrh0.001_frozen_e5_s44,2531,5,1.39461,3.0089,0.0,0.00021116246000710983
text+audio_text_ln_lrh0.001_frozen_e5_s44,2532,5,1.37788,3.4383,0.0,0.00021080696765019553
text+audio_text_ln_lrh0.001_frozen_e5_s44,2533,5,0.89858,3.7642,0.0,0.0002104514752932812
text+audio_text_ln_lrh0.001_frozen_e5_s44,2534,5,0.92047,2.854,0.0,0.00021009598293636686
text+audio_text_ln_lrh0.001_frozen_e5_s44,2535,5,1.17853,3.1932,0.0,0.00020974049057945256
text+audio_text_ln_lrh0.001_frozen_e5_s44,2536,5,0.98879,3.1199,0.0,0.00020938499822253822
text+audio_text_ln_lrh0.001_frozen_e5_s44,2537,5,1.19058,2.8723,0.0,0.0002090295058656239
text+audio_text_ln_lrh0.001_frozen_e5_s44,2538,5,0.68449,2.9171,0.0,0.00020867401350870956
text+audio_text_ln_lrh0.001_frozen_e5_s44,2539,5,1.22029,4.3077,0.0,0.00020831852115179526
text+audio_text_ln_lrh0.001_frozen_e5_s44,2540,5,1.0052,2.9844,0.0,0.00020796302879488092
text+audio_text_ln_lrh0.001_frozen_e5_s44,2541,5,0.78934,2.9988,0.0,0.0002076075364379666
text+audio_text_ln_lrh0.001_frozen_e5_s44,2542,5,1.00433,3.8575,0.0,0.00020725204408105226
text+audio_text_ln_lrh0.001_frozen_e5_s44,2543,5,1.09669,3.181,0.0,0.00020689655172413793
text+audio_text_ln_lrh0.001_frozen_e5_s44,2544,5,0.95342,2.518,0.0,0.00020654105936722362
text+audio_text_ln_lrh0.001_frozen_e5_s44,2545,5,0.98766,3.6378,0.0,0.00020618556701030926
text+audio_text_ln_lrh0.001_frozen_e5_s44,2546,5,0.76352,3.1667,0.0,0.00020583007465339496
text+audio_text_ln_lrh0.001_frozen_e5_s44,2547,5,1.51417,4.8104,0.0,0.00020547458229648065
text+audio_text_ln_lrh0.001_frozen_e5_s44,2548,5,1.00524,2.6978,0.0,0.0002051190899395663
text+audio_text_ln_lrh0.001_frozen_e5_s44,2549,5,1.67939,6.2423,0.0,0.00020476359758265199
text+audio_text_ln_lrh0.001_frozen_e5_s44,2550,5,1.03151,2.994,0.0,0.00020440810522573765
text+audio_text_ln_lrh0.001_frozen_e5_s44,2551,5,1.25879,4.5806,0.0,0.00020405261286882332
text+audio_text_ln_lrh0.001_frozen_e5_s44,2552,5,1.28814,4.0148,0.0,0.000203697120511909
text+audio_text_ln_lrh0.001_frozen_e5_s44,2553,5,0.98448,3.3547,0.0,0.00020334162815499468
text+audio_text_ln_lrh0.001_frozen_e5_s44,2554,5,0.97254,2.7001,0.0,0.00020298613579808035
text+audio_text_ln_lrh0.001_frozen_e5_s44,2555,5,0.73376,3.5386,0.0,0.00020263064344116602
text+audio_text_ln_lrh0.001_frozen_e5_s44,2556,5,1.40096,4.0361,0.0,0.0002022751510842517
text+audio_text_ln_lrh0.001_frozen_e5_s44,2557,5,1.38466,3.7144,0.0,0.00020191965872733736
text+audio_text_ln_lrh0.001_frozen_e5_s44,2558,5,0.73388,2.6128,0.0,0.00020156416637042305
text+audio_text_ln_lrh0.001_frozen_e5_s44,2559,5,1.06272,3.4355,0.0,0.0002012086740135087
text+audio_text_ln_lrh0.001_frozen_e5_s44,2560,5,0.96793,3.804,0.0,0.00020085318165659439
text+audio_text_ln_lrh0.001_frozen_e5_s44,2561,5,0.90413,2.6415,0.0,0.00020049768929968008
text+audio_text_ln_lrh0.001_frozen_e5_s44,2562,5,0.69592,2.9616,0.0,0.00020014219694276572
text+audio_text_ln_lrh0.001_frozen_e5_s44,2563,5,0.92242,3.5133,0.0,0.00019978670458585142
text+audio_text_ln_lrh0.001_frozen_e5_s44,2564,5,0.61388,2.101,0.0,0.00019943121222893708
text+audio_text_ln_lrh0.001_frozen_e5_s44,2565,5,0.64452,3.0716,0.0,0.00019907571987202275
text+audio_text_ln_lrh0.001_frozen_e5_s44,2566,5,0.89119,2.5398,0.0,0.00019872022751510842
text+audio_text_ln_lrh0.001_frozen_e5_s44,2567,5,1.40251,3.3048,0.0,0.00019836473515819411
text+audio_text_ln_lrh0.001_frozen_e5_s44,2568,5,1.00678,3.6218,0.0,0.00019800924280127978
text+audio_text_ln_lrh0.001_frozen_e5_s44,2569,5,1.321,3.1786,0.0,0.00019765375044436545
text+audio_text_ln_lrh0.001_frozen_e5_s44,2570,5,0.63116,2.154,0.0,0.00019729825808745112
text+audio_text_ln_lrh0.001_frozen_e5_s44,2571,5,0.55392,2.7787,0.0,0.00019694276573053678
text+audio_text_ln_lrh0.001_frozen_e5_s44,2572,5,0.78361,3.282,0.0,0.00019658727337362248
text+audio_text_ln_lrh0.001_frozen_e5_s44,2573,5,1.25684,3.9225,0.0,0.00019623178101670812
text+audio_text_ln_lrh0.001_frozen_e5_s44,2574,5,0.80171,3.5592,0.0,0.00019587628865979381
text+audio_text_ln_lrh0.001_frozen_e5_s44,2575,5,1.26597,4.7293,0.0,0.0001955207963028795
text+audio_text_ln_lrh0.001_frozen_e5_s44,2576,5,0.92618,3.3243,0.0,0.00019516530394596515
text+audio_text_ln_lrh0.001_frozen_e5_s44,2577,5,1.49507,4.472,0.0,0.00019480981158905084
text+audio_text_ln_lrh0.001_frozen_e5_s44,2578,5,0.85041,2.6936,0.0,0.0001944543192321365
text+audio_text_ln_lrh0.001_frozen_e5_s44,2579,5,0.6165,2.4395,0.0,0.00019409882687522218
text+audio_text_ln_lrh0.001_frozen_e5_s44,2580,5,1.76654,4.4515,0.0,0.00019374333451830788
text+audio_text_ln_lrh0.001_frozen_e5_s44,2581,5,1.14959,2.8653,0.0,0.00019338784216139354
text+audio_text_ln_lrh0.001_frozen_e5_s44,2582,5,0.62334,2.0916,0.0,0.0001930323498044792
text+audio_text_ln_lrh0.001_frozen_e5_s44,2583,5,0.90656,2.7327,0.0,0.00019267685744756488
text+audio_text_ln_lrh0.001_frozen_e5_s44,2584,5,0.98027,2.7188,0.0,0.00019232136509065057
text+audio_text_ln_lrh0.001_frozen_e5_s44,2585,5,0.89523,2.4019,0.0,0.00019196587273373621
text+audio_text_ln_lrh0.001_frozen_e5_s44,2586,5,0.66198,2.172,0.0,0.0001916103803768219
text+audio_text_ln_lrh0.001_frozen_e5_s44,2587,5,0.66566,2.2054,0.0,0.00019125488801990758
text+audio_text_ln_lrh0.001_frozen_e5_s44,2588,5,1.37594,3.0996,0.0,0.00019089939566299324
text+audio_text_ln_lrh0.001_frozen_e5_s44,2589,5,0.92272,3.0948,0.0,0.00019054390330607894
text+audio_text_ln_lrh0.001_frozen_e5_s44,2590,5,1.02699,2.8852,0.0,0.00019018841094916458
text+audio_text_ln_lrh0.001_frozen_e5_s44,2591,5,0.79249,3.4004,0.0,0.00018983291859225027
text+audio_text_ln_lrh0.001_frozen_e5_s44,2592,5,1.00298,3.1927,0.0,0.00018947742623533594
text+audio_text_ln_lrh0.001_frozen_e5_s44,2593,5,0.87822,3.0588,0.0,0.0001891219338784216
text+audio_text_ln_lrh0.001_frozen_e5_s44,2594,5,0.82933,2.6784,0.0,0.0001887664415215073
text+audio_text_ln_lrh0.001_frozen_e5_s44,2595,5,1.08601,4.0332,0.0,0.00018841094916459297
text+audio_text_ln_lrh0.001_frozen_e5_s44,2596,5,0.84719,3.8319,0.0,0.00018805545680767864
text+audio_text_ln_lrh0.001_frozen_e5_s44,2597,5,1.42413,3.9805,0.0,0.0001876999644507643
text+audio_text_ln_lrh0.001_frozen_e5_s44,2598,5,1.10344,5.0509,0.0,0.00018734447209385
text+audio_text_ln_lrh0.001_frozen_e5_s44,2599,5,1.21085,3.5116,0.0,0.00018698897973693564
text+audio_text_ln_lrh0.001_frozen_e5_s44,2600,5,1.24573,3.1622,0.0,0.00018663348738002134
text+audio_text_ln_lrh0.001_frozen_e5_s44,2601,5,0.39438,2.701,0.0,0.000186277995023107
text+audio_text_ln_lrh0.001_frozen_e5_s44,2602,5,0.90815,2.5051,0.0,0.00018592250266619267
text+audio_text_ln_lrh0.001_frozen_e5_s44,2603,5,0.7494,4.732,0.0,0.00018556701030927837
text+audio_text_ln_lrh0.001_frozen_e5_s44,2604,5,0.87975,3.4614,0.0,0.000185211517952364
text+audio_text_ln_lrh0.001_frozen_e5_s44,2605,5,0.63336,3.1186,0.0,0.0001848560255954497
text+audio_text_ln_lrh0.001_frozen_e5_s44,2606,5,1.02999,4.3134,0.0,0.00018450053323853537
text+audio_text_ln_lrh0.001_frozen_e5_s44,2607,5,1.72027,5.4025,0.0,0.00018414504088162104
text+audio_text_ln_lrh0.001_frozen_e5_s44,2608,5,0.94836,2.5866,0.0,0.00018378954852470673
text+audio_text_ln_lrh0.001_frozen_e5_s44,2609,5,1.09225,3.5767,0.0,0.0001834340561677924
text+audio_text_ln_lrh0.001_frozen_e5_s44,2610,5,1.40213,3.6778,0.0,0.00018307856381087807
text+audio_text_ln_lrh0.001_frozen_e5_s44,2611,5,0.96526,2.9638,0.0,0.00018272307145396374
text+audio_text_ln_lrh0.001_frozen_e5_s44,2612,5,0.73867,2.7631,0.0,0.00018236757909704943
text+audio_text_ln_lrh0.001_frozen_e5_s44,2613,5,1.59251,4.4271,0.0,0.00018201208674013507
text+audio_text_ln_lrh0.001_frozen_e5_s44,2614,5,1.50997,5.0465,0.0,0.00018165659438322077
text+audio_text_ln_lrh0.001_frozen_e5_s44,2615,5,0.53775,3.0547,0.0,0.00018130110202630643
text+audio_text_ln_lrh0.001_frozen_e5_s44,2616,5,1.12986,4.9677,0.0,0.0001809456096693921
text+audio_text_ln_lrh0.001_frozen_e5_s44,2617,5,1.30926,4.0225,0.0,0.0001805901173124778
text+audio_text_ln_lrh0.001_frozen_e5_s44,2618,5,1.37563,3.8038,0.0,0.00018023462495556344
text+audio_text_ln_lrh0.001_frozen_e5_s44,2619,5,1.33626,2.8675,0.0,0.00017987913259864913
text+audio_text_ln_lrh0.001_frozen_e5_s44,2620,5,1.08711,3.4624,0.0,0.00017952364024173483
text+audio_text_ln_lrh0.001_frozen_e5_s44,2621,5,1.30846,3.4334,0.0,0.00017916814788482047
text+audio_text_ln_lrh0.001_frozen_e5_s44,2622,5,0.79062,2.4829,0.0,0.00017881265552790616
text+audio_text_ln_lrh0.001_frozen_e5_s44,2623,5,1.02389,3.0707,0.0,0.00017845716317099183
text+audio_text_ln_lrh0.001_frozen_e5_s44,2624,5,0.71322,3.5614,0.0,0.0001781016708140775
text+audio_text_ln_lrh0.001_frozen_e5_s44,2625,5,1.81905,5.1941,0.0,0.00017774617845716317
text+audio_text_ln_lrh0.001_frozen_e5_s44,2626,5,0.94117,3.5225,0.0,0.00017739068610024886
text+audio_text_ln_lrh0.001_frozen_e5_s44,2627,5,1.12765,3.961,0.0,0.00017703519374333453
text+audio_text_ln_lrh0.001_frozen_e5_s44,2628,5,0.5802,2.6254,0.0,0.0001766797013864202
text+audio_text_ln_lrh0.001_frozen_e5_s44,2629,5,1.25859,3.181,0.0,0.0001763242090295059
text+audio_text_ln_lrh0.001_frozen_e5_s44,2630,5,0.91121,2.8969,0.0,0.00017596871667259153
text+audio_text_ln_lrh0.001_frozen_e5_s44,2631,5,0.80287,3.0206,0.0,0.00017561322431567723
text+audio_text_ln_lrh0.001_frozen_e5_s44,2632,5,1.54161,4.1403,0.0,0.00017525773195876287
text+audio_text_ln_lrh0.001_frozen_e5_s44,2633,5,1.33894,3.7552,0.0,0.00017490223960184856
text+audio_text_ln_lrh0.001_frozen_e5_s44,2634,5,0.68522,3.5746,0.0,0.00017454674724493426
text+audio_text_ln_lrh0.001_frozen_e5_s44,2635,5,0.99315,3.3682,0.0,0.0001741912548880199
text+audio_text_ln_lrh0.001_frozen_e5_s44,2636,5,0.92254,2.7679,0.0,0.0001738357625311056
text+audio_text_ln_lrh0.001_frozen_e5_s44,2637,5,1.08577,3.4787,0.0,0.00017348027017419126
text+audio_text_ln_lrh0.001_frozen_e5_s44,2638,5,1.48391,4.886,0.0,0.00017312477781727693
text+audio_text_ln_lrh0.001_frozen_e5_s44,2639,5,0.56529,2.9764,0.0,0.0001727692854603626
text+audio_text_ln_lrh0.001_frozen_e5_s44,2640,5,1.29424,3.5476,0.0,0.0001724137931034483
text+audio_text_ln_lrh0.001_frozen_e5_s44,2641,5,1.07226,3.4866,0.0,0.00017205830074653396
text+audio_text_ln_lrh0.001_frozen_e5_s44,2642,5,1.25724,4.0373,0.0,0.00017170280838961963
text+audio_text_ln_lrh0.001_frozen_e5_s44,2643,5,1.2298,3.949,0.0,0.00017134731603270532
text+audio_text_ln_lrh0.001_frozen_e5_s44,2644,5,0.73527,3.1368,0.0,0.00017099182367579096
text+audio_text_ln_lrh0.001_frozen_e5_s44,2645,5,1.09454,2.7036,0.0,0.00017063633131887666
text+audio_text_ln_lrh0.001_frozen_e5_s44,2646,5,1.31135,3.3508,0.0,0.0001702808389619623
text+audio_text_ln_lrh0.001_frozen_e5_s44,2647,5,0.86644,3.1924,0.0,0.000169925346605048
text+audio_text_ln_lrh0.001_frozen_e5_s44,2648,5,1.40973,4.2873,0.0,0.00016956985424813369
text+audio_text_ln_lrh0.001_frozen_e5_s44,2649,5,1.27781,3.0589,0.0,0.00016921436189121933
text+audio_text_ln_lrh0.001_frozen_e5_s44,2650,5,1.24487,3.3479,0.0,0.00016885886953430502
text+audio_text_ln_lrh0.001_frozen_e5_s44,2651,5,1.08501,4.3678,0.0,0.0001685033771773907
text+audio_text_ln_lrh0.001_frozen_e5_s44,2652,5,1.49777,4.8419,0.0,0.00016814788482047636
text+audio_text_ln_lrh0.001_frozen_e5_s44,2653,5,0.92607,3.0581,0.0,0.00016779239246356205
text+audio_text_ln_lrh0.001_frozen_e5_s44,2654,5,1.45193,3.6884,0.0,0.00016743690010664772
text+audio_text_ln_lrh0.001_frozen_e5_s44,2655,5,0.66996,2.3332,0.0,0.0001670814077497334
text+audio_text_ln_lrh0.001_frozen_e5_s44,2656,5,0.57626,3.6609,0.0,0.00016672591539281905
text+audio_text_ln_lrh0.001_frozen_e5_s44,2657,5,1.20137,2.9389,0.0,0.00016637042303590475
text+audio_text_ln_lrh0.001_frozen_e5_s44,2658,5,1.27002,4.0914,0.0,0.0001660149306789904
text+audio_text_ln_lrh0.001_frozen_e5_s44,2659,5,1.08457,3.8502,0.0,0.00016565943832207608
text+audio_text_ln_lrh0.001_frozen_e5_s44,2660,5,1.00556,2.6461,0.0,0.00016530394596516175
text+audio_text_ln_lrh0.001_frozen_e5_s44,2661,5,0.86958,2.5353,0.0,0.00016494845360824742
text+audio_text_ln_lrh0.001_frozen_e5_s44,2662,5,1.0638,3.6101,0.0,0.00016459296125133311
text+audio_text_ln_lrh0.001_frozen_e5_s44,2663,5,1.20885,3.2943,0.0,0.00016423746889441876
text+audio_text_ln_lrh0.001_frozen_e5_s44,2664,5,1.00698,3.0305,0.0,0.00016388197653750445
text+audio_text_ln_lrh0.001_frozen_e5_s44,2665,5,1.56018,3.5959,0.0,0.00016352648418059012
text+audio_text_ln_lrh0.001_frozen_e5_s44,2666,5,0.96081,3.4935,0.0,0.00016317099182367579
text+audio_text_ln_lrh0.001_frozen_e5_s44,2667,5,0.61276,2.4413,0.0,0.00016281549946676148
text+audio_text_ln_lrh0.001_frozen_e5_s44,2668,5,1.51793,4.391,0.0,0.00016246000710984715
text+audio_text_ln_lrh0.001_frozen_e5_s44,2669,5,1.128,3.7411,0.0,0.00016210451475293282
text+audio_text_ln_lrh0.001_frozen_e5_s44,2670,5,1.01077,2.7812,0.0,0.00016174902239601848
text+audio_text_ln_lrh0.001_frozen_e5_s44,2671,5,1.19695,4.9612,0.0,0.00016139353003910418
text+audio_text_ln_lrh0.001_frozen_e5_s44,2672,5,1.05524,3.5107,0.0,0.00016103803768218982
text+audio_text_ln_lrh0.001_frozen_e5_s44,2673,5,0.91758,3.496,0.0,0.00016068254532527551
text+audio_text_ln_lrh0.001_frozen_e5_s44,2674,5,1.004,2.9557,0.0,0.00016032705296836118
text+audio_text_ln_lrh0.001_frozen_e5_s44,2675,5,1.29238,3.4359,0.0,0.00015997156061144685
text+audio_text_ln_lrh0.001_frozen_e5_s44,2676,5,0.9867,2.5787,0.0,0.00015961606825453254
text+audio_text_ln_lrh0.001_frozen_e5_s44,2677,5,0.93951,2.9692,0.0,0.00015926057589761818
text+audio_text_ln_lrh0.001_frozen_e5_s44,2678,5,0.66182,3.1098,0.0,0.00015890508354070388
text+audio_text_ln_lrh0.001_frozen_e5_s44,2679,5,0.97088,2.3774,0.0,0.00015854959118378955
text+audio_text_ln_lrh0.001_frozen_e5_s44,2680,5,1.02048,2.7569,0.0,0.00015819409882687521
text+audio_text_ln_lrh0.001_frozen_e5_s44,2681,5,0.97224,4.3307,0.0,0.0001578386064699609
text+audio_text_ln_lrh0.001_frozen_e5_s44,2682,5,0.82625,3.5043,0.0,0.00015748311411304658
text+audio_text_ln_lrh0.001_frozen_e5_s44,2683,5,1.18879,3.5699,0.0,0.00015712762175613225
text+audio_text_ln_lrh0.001_frozen_e5_s44,2684,5,1.3207,3.5011,0.0,0.0001567721293992179
text+audio_text_ln_lrh0.001_frozen_e5_s44,2685,5,1.01778,3.3986,0.0,0.0001564166370423036
text+audio_text_ln_lrh0.001_frozen_e5_s44,2686,5,1.15981,3.2589,0.0,0.00015606114468538925
text+audio_text_ln_lrh0.001_frozen_e5_s44,2687,5,1.1913,4.2641,0.0,0.00015570565232847494
text+audio_text_ln_lrh0.001_frozen_e5_s44,2688,5,1.2855,3.5596,0.0,0.00015535015997156064
text+audio_text_ln_lrh0.001_frozen_e5_s44,2689,5,0.99198,3.0743,0.0,0.00015499466761464628
text+audio_text_ln_lrh0.001_frozen_e5_s44,2690,5,0.80799,2.9717,0.0,0.00015463917525773197
text+audio_text_ln_lrh0.001_frozen_e5_s44,2691,5,0.72979,3.1875,0.0,0.00015428368290081761
text+audio_text_ln_lrh0.001_frozen_e5_s44,2692,5,1.19562,3.1849,0.0,0.0001539281905439033
text+audio_text_ln_lrh0.001_frozen_e5_s44,2693,5,1.31195,4.1988,0.0,0.000153572698186989
text+audio_text_ln_lrh0.001_frozen_e5_s44,2694,5,1.74505,6.521,0.0,0.00015321720583007464
text+audio_text_ln_lrh0.001_frozen_e5_s44,2695,5,1.00904,2.8808,0.0,0.00015286171347316034
text+audio_text_ln_lrh0.001_frozen_e5_s44,2696,5,0.93171,3.2652,0.0,0.000152506221116246
text+audio_text_ln_lrh0.001_frozen_e5_s44,2697,5,0.73198,3.0975,0.0,0.00015215072875933167
text+audio_text_ln_lrh0.001_frozen_e5_s44,2698,5,1.39626,5.3215,0.0,0.00015179523640241734
text+audio_text_ln_lrh0.001_frozen_e5_s44,2699,5,1.11415,3.4619,0.0,0.00015143974404550304
text+audio_text_ln_lrh0.001_frozen_e5_s44,2700,5,0.59052,2.8425,0.0,0.0001510842516885887
text+audio_text_ln_lrh0.001_frozen_e5_s44,2701,5,0.74688,2.9774,0.0,0.00015072875933167437
text+audio_text_ln_lrh0.001_frozen_e5_s44,2702,5,1.10795,4.2212,0.0,0.00015037326697476007
text+audio_text_ln_lrh0.001_frozen_e5_s44,2703,5,1.098,3.4899,0.0,0.0001500177746178457
text+audio_text_ln_lrh0.001_frozen_e5_s44,2704,5,0.62558,2.982,0.0,0.0001496622822609314
text+audio_text_ln_lrh0.001_frozen_e5_s44,2705,5,0.88163,4.4433,0.0,0.00014930678990401704
text+audio_text_ln_lrh0.001_frozen_e5_s44,2706,5,0.90363,3.2361,0.0,0.00014895129754710274
text+audio_text_ln_lrh0.001_frozen_e5_s44,2707,5,1.05756,3.1925,0.0,0.00014859580519018843
text+audio_text_ln_lrh0.001_frozen_e5_s44,2708,5,1.28489,4.3224,0.0,0.00014824031283327407
text+audio_text_ln_lrh0.001_frozen_e5_s44,2709,5,1.24671,3.5274,0.0,0.00014788482047635977
text+audio_text_ln_lrh0.001_frozen_e5_s44,2710,5,0.9917,4.0889,0.0,0.00014752932811944544
text+audio_text_ln_lrh0.001_frozen_e5_s44,2711,5,1.40745,3.2865,0.0,0.0001471738357625311
text+audio_text_ln_lrh0.001_frozen_e5_s44,2712,5,0.7876,2.3878,0.0,0.00014681834340561677
text+audio_text_ln_lrh0.001_frozen_e5_s44,2713,5,0.76013,3.2271,0.0,0.00014646285104870247
text+audio_text_ln_lrh0.001_frozen_e5_s44,2714,5,1.02164,3.3758,0.0,0.00014610735869178813
text+audio_text_ln_lrh0.001_frozen_e5_s44,2715,5,0.87899,3.6542,0.0,0.0001457518663348738
text+audio_text_ln_lrh0.001_frozen_e5_s44,2716,5,1.39471,4.2783,0.0,0.0001453963739779595
text+audio_text_ln_lrh0.001_frozen_e5_s44,2717,5,0.70321,2.4888,0.0,0.00014504088162104514
text+audio_text_ln_lrh0.001_frozen_e5_s44,2718,5,1.22814,3.4292,0.0,0.00014468538926413083
text+audio_text_ln_lrh0.001_frozen_e5_s44,2719,5,1.09185,4.243,0.0,0.00014432989690721647
text+audio_text_ln_lrh0.001_frozen_e5_s44,2720,5,1.21371,3.6205,0.0,0.00014397440455030217
text+audio_text_ln_lrh0.001_frozen_e5_s44,2721,5,0.83382,5.5521,0.0,0.00014361891219338786
text+audio_text_ln_lrh0.001_frozen_e5_s44,2722,5,0.92521,3.054,0.0,0.0001432634198364735
text+audio_text_ln_lrh0.001_frozen_e5_s44,2723,5,0.43951,5.0325,0.0,0.0001429079274795592
text+audio_text_ln_lrh0.001_frozen_e5_s44,2724,5,0.77094,2.4413,0.0,0.00014255243512264486
text+audio_text_ln_lrh0.001_frozen_e5_s44,2725,5,2.00276,4.0149,0.0,0.00014219694276573053
text+audio_text_ln_lrh0.001_frozen_e5_s44,2726,5,1.14347,3.0558,0.0,0.00014184145040881623
text+audio_text_ln_lrh0.001_frozen_e5_s44,2727,5,0.96941,3.2567,0.0,0.0001414859580519019
text+audio_text_ln_lrh0.001_frozen_e5_s44,2728,5,0.83614,3.0738,0.0,0.00014113046569498756
text+audio_text_ln_lrh0.001_frozen_e5_s44,2729,5,1.09421,3.831,0.0,0.00014077497333807323
text+audio_text_ln_lrh0.001_frozen_e5_s44,2730,5,0.96947,2.376,0.0,0.00014041948098115893
text+audio_text_ln_lrh0.001_frozen_e5_s44,2731,5,0.68278,2.5441,0.0,0.00014006398862424457
text+audio_text_ln_lrh0.001_frozen_e5_s44,2732,5,1.23202,3.4078,0.0,0.00013970849626733026
text+audio_text_ln_lrh0.001_frozen_e5_s44,2733,5,0.77769,2.767,0.0,0.00013935300391041593
text+audio_text_ln_lrh0.001_frozen_e5_s44,2734,5,1.31661,3.4109,0.0,0.0001389975115535016
text+audio_text_ln_lrh0.001_frozen_e5_s44,2735,5,0.93501,3.2547,0.0,0.0001386420191965873
text+audio_text_ln_lrh0.001_frozen_e5_s44,2736,5,1.3245,4.0528,0.0,0.00013828652683967293
text+audio_text_ln_lrh0.001_frozen_e5_s44,2737,5,0.5898,3.8941,0.0,0.00013793103448275863
text+audio_text_ln_lrh0.001_frozen_e5_s44,2738,5,0.89901,3.3626,0.0,0.0001375755421258443
text+audio_text_ln_lrh0.001_frozen_e5_s44,2739,5,1.76596,4.3718,0.0,0.00013722004976892996
text+audio_text_ln_lrh0.001_frozen_e5_s44,2740,5,0.97463,3.0929,0.0,0.00013686455741201566
text+audio_text_ln_lrh0.001_frozen_e5_s44,2741,5,1.53949,4.7303,0.0,0.00013650906505510132
text+audio_text_ln_lrh0.001_frozen_e5_s44,2742,5,1.23908,2.9404,0.0,0.000136153572698187
text+audio_text_ln_lrh0.001_frozen_e5_s44,2743,5,1.09431,3.2416,0.0,0.00013579808034127266
text+audio_text_ln_lrh0.001_frozen_e5_s44,2744,5,0.73229,3.0334,0.0,0.00013544258798435835
text+audio_text_ln_lrh0.001_frozen_e5_s44,2745,5,1.46832,4.7725,0.0,0.000135087095627444
text+audio_text_ln_lrh0.001_frozen_e5_s44,2746,5,0.50853,2.0177,0.0,0.0001347316032705297
text+audio_text_ln_lrh0.001_frozen_e5_s44,2747,5,1.32526,3.6161,0.0,0.00013437611091361538
text+audio_text_ln_lrh0.001_frozen_e5_s44,2748,5,1.22017,4.0566,0.0,0.00013402061855670103
text+audio_text_ln_lrh0.001_frozen_e5_s44,2749,5,1.25799,5.9734,0.0,0.00013366512619978672
text+audio_text_ln_lrh0.001_frozen_e5_s44,2750,5,0.98385,3.8821,0.0,0.00013330963384287236
text+audio_text_ln_lrh0.001_frozen_e5_s44,2751,5,0.54585,2.6527,0.0,0.00013295414148595806
text+audio_text_ln_lrh0.001_frozen_e5_s44,2752,5,1.13643,3.7658,0.0,0.00013259864912904372
text+audio_text_ln_lrh0.001_frozen_e5_s44,2753,5,0.91125,2.5843,0.0,0.0001322431567721294
text+audio_text_ln_lrh0.001_frozen_e5_s44,2754,5,1.27443,4.0843,0.0,0.00013188766441521509
text+audio_text_ln_lrh0.001_frozen_e5_s44,2755,5,1.03844,3.263,0.0,0.00013153217205830075
text+audio_text_ln_lrh0.001_frozen_e5_s44,2756,5,1.2859,4.2716,0.0,0.00013117667970138642
text+audio_text_ln_lrh0.001_frozen_e5_s44,2757,5,0.73192,3.1419,0.0,0.0001308211873444721
text+audio_text_ln_lrh0.001_frozen_e5_s44,2758,5,1.22994,3.3921,0.0,0.00013046569498755778
text+audio_text_ln_lrh0.001_frozen_e5_s44,2759,5,1.09004,3.6191,0.0,0.00013011020263064342
text+audio_text_ln_lrh0.001_frozen_e5_s44,2760,5,0.82176,2.8589,0.0,0.00012975471027372912
text+audio_text_ln_lrh0.001_frozen_e5_s44,2761,5,0.87742,3.1868,0.0,0.00012939921791681481
text+audio_text_ln_lrh0.001_frozen_e5_s44,2762,5,0.98738,4.0176,0.0,0.00012904372555990045
text+audio_text_ln_lrh0.001_frozen_e5_s44,2763,5,0.67457,2.293,0.0,0.00012868823320298615
text+audio_text_ln_lrh0.001_frozen_e5_s44,2764,5,1.10712,3.3944,0.0,0.0001283327408460718
text+audio_text_ln_lrh0.001_frozen_e5_s44,2765,5,1.49956,4.0398,0.0,0.00012797724848915748
text+audio_text_ln_lrh0.001_frozen_e5_s44,2766,5,0.81755,4.802,0.0,0.00012762175613224318
text+audio_text_ln_lrh0.001_frozen_e5_s44,2767,5,0.90871,4.7307,0.0,0.00012726626377532882
text+audio_text_ln_lrh0.001_frozen_e5_s44,2768,5,1.50106,3.4077,0.0,0.00012691077141841451
text+audio_text_ln_lrh0.001_frozen_e5_s44,2769,5,0.41202,4.1416,0.0,0.00012655527906150018
text+audio_text_ln_lrh0.001_frozen_e5_s44,2770,5,1.00373,2.8685,0.0,0.00012619978670458585
text+audio_text_ln_lrh0.001_frozen_e5_s44,2771,5,1.00218,3.008,0.0,0.00012584429434767152
text+audio_text_ln_lrh0.001_frozen_e5_s44,2772,5,1.49286,3.8628,0.0,0.0001254888019907572
text+audio_text_ln_lrh0.001_frozen_e5_s44,2773,5,1.10675,4.1247,0.0,0.00012513330963384288
text+audio_text_ln_lrh0.001_frozen_e5_s44,2774,5,0.85777,3.9587,0.0,0.00012477781727692855
text+audio_text_ln_lrh0.001_frozen_e5_s44,2775,5,1.20285,3.6047,0.0,0.00012442232492001422
text+audio_text_ln_lrh0.001_frozen_e5_s44,2776,5,1.11446,3.23,0.0,0.00012406683256309988
text+audio_text_ln_lrh0.001_frozen_e5_s44,2777,5,0.98684,3.0064,0.0,0.00012371134020618558
text+audio_text_ln_lrh0.001_frozen_e5_s44,2778,5,0.99901,3.9371,0.0,0.00012335584784927125
text+audio_text_ln_lrh0.001_frozen_e5_s44,2779,5,0.86415,2.1031,0.0,0.00012300035549235691
text+audio_text_ln_lrh0.001_frozen_e5_s44,2780,5,1.30535,4.1419,0.0,0.0001226448631354426
text+audio_text_ln_lrh0.001_frozen_e5_s44,2781,5,1.07905,3.6672,0.0,0.00012228937077852828
text+audio_text_ln_lrh0.001_frozen_e5_s44,2782,5,1.46917,3.5041,0.0,0.00012193387842161393
text+audio_text_ln_lrh0.001_frozen_e5_s44,2783,5,0.66222,3.0957,0.0,0.00012157838606469961
text+audio_text_ln_lrh0.001_frozen_e5_s44,2784,5,1.00074,2.9446,0.0,0.00012122289370778529
text+audio_text_ln_lrh0.001_frozen_e5_s44,2785,5,1.29618,4.0913,0.0,0.00012086740135087096
text+audio_text_ln_lrh0.001_frozen_e5_s44,2786,5,1.43643,5.2482,0.0,0.00012051190899395663
text+audio_text_ln_lrh0.001_frozen_e5_s44,2787,5,1.13353,4.5246,0.0,0.00012015641663704231
text+audio_text_ln_lrh0.001_frozen_e5_s44,2788,5,1.08665,2.8909,0.0,0.00011980092428012798
text+audio_text_ln_lrh0.001_frozen_e5_s44,2789,5,1.56191,5.4707,0.0,0.00011944543192321365
text+audio_text_ln_lrh0.001_frozen_e5_s44,2790,5,0.72191,3.3751,0.0,0.00011908993956629933
text+audio_text_ln_lrh0.001_frozen_e5_s44,2791,5,1.03553,3.1883,0.0,0.00011873444720938501
text+audio_text_ln_lrh0.001_frozen_e5_s44,2792,5,1.31695,5.0376,0.0,0.00011837895485247068
text+audio_text_ln_lrh0.001_frozen_e5_s44,2793,5,0.58373,2.4695,0.0,0.00011802346249555634
text+audio_text_ln_lrh0.001_frozen_e5_s44,2794,5,0.869,2.5507,0.0,0.00011766797013864202
text+audio_text_ln_lrh0.001_frozen_e5_s44,2795,5,1.0643,4.2395,0.0,0.00011731247778172769
text+audio_text_ln_lrh0.001_frozen_e5_s44,2796,5,1.18618,4.0245,0.0,0.00011695698542481337
text+audio_text_ln_lrh0.001_frozen_e5_s44,2797,5,1.38143,4.2101,0.0,0.00011660149306789904
text+audio_text_ln_lrh0.001_frozen_e5_s44,2798,5,1.20429,4.181,0.0,0.00011624600071098472
text+audio_text_ln_lrh0.001_frozen_e5_s44,2799,5,1.14527,2.5662,0.0,0.00011589050835407039
text+audio_text_ln_lrh0.001_frozen_e5_s44,2800,5,1.26739,3.5802,0.0,0.00011553501599715606
text+audio_text_ln_lrh0.001_frozen_e5_s44,2801,5,0.82726,2.3775,0.0,0.00011517952364024174
text+audio_text_ln_lrh0.001_frozen_e5_s44,2802,5,1.04018,3.8107,0.0,0.0001148240312833274
text+audio_text_ln_lrh0.001_frozen_e5_s44,2803,5,1.09666,2.6224,0.0,0.00011446853892641309
text+audio_text_ln_lrh0.001_frozen_e5_s44,2804,5,0.62356,3.3412,0.0,0.00011411304656949876
text+audio_text_ln_lrh0.001_frozen_e5_s44,2805,5,0.82304,2.7768,0.0,0.00011375755421258444
text+audio_text_ln_lrh0.001_frozen_e5_s44,2806,5,0.86594,2.9146,0.0,0.0001134020618556701
text+audio_text_ln_lrh0.001_frozen_e5_s44,2807,5,1.22048,3.137,0.0,0.00011304656949875577
text+audio_text_ln_lrh0.001_frozen_e5_s44,2808,5,1.06898,3.4937,0.0,0.00011269107714184145
text+audio_text_ln_lrh0.001_frozen_e5_s44,2809,5,0.8,2.1367,0.0,0.00011233558478492712
text+audio_text_ln_lrh0.001_frozen_e5_s44,2810,5,0.98624,3.0804,0.0,0.0001119800924280128
text+audio_text_ln_lrh0.001_frozen_e5_s44,2811,5,1.31571,3.5648,0.0,0.00011162460007109847
text+audio_text_ln_lrh0.001_frozen_e5_s44,2812,5,1.01496,2.9429,0.0,0.00011126910771418415
text+audio_text_ln_lrh0.001_frozen_e5_s44,2813,5,1.14963,3.8462,0.0,0.00011091361535726982
text+audio_text_ln_lrh0.001_frozen_e5_s44,2814,5,0.76023,2.8525,0.0,0.00011055812300035549
text+audio_text_ln_lrh0.001_frozen_e5_s44,2815,5,1.30368,3.4329,0.0,0.00011020263064344117
text+audio_text_ln_lrh0.001_frozen_e5_s44,2816,5,0.9787,3.87,0.0,0.00010984713828652685
text+audio_text_ln_lrh0.001_frozen_e5_s44,2817,5,1.22672,3.9535,0.0,0.00010949164592961252
text+audio_text_ln_lrh0.001_frozen_e5_s44,2818,5,1.07052,3.1561,0.0,0.00010913615357269818
text+audio_text_ln_lrh0.001_frozen_e5_s44,2819,5,0.85591,3.2788,0.0,0.00010878066121578387
text+audio_text_ln_lrh0.001_frozen_e5_s44,2820,5,0.90587,2.8336,0.0,0.00010842516885886953
text+audio_text_ln_lrh0.001_frozen_e5_s44,2821,5,0.72085,3.3807,0.0,0.0001080696765019552
text+audio_text_ln_lrh0.001_frozen_e5_s44,2822,5,0.62047,2.3072,0.0,0.00010771418414504088
text+audio_text_ln_lrh0.001_frozen_e5_s44,2823,5,0.70735,2.1267,0.0,0.00010735869178812656
text+audio_text_ln_lrh0.001_frozen_e5_s44,2824,5,1.00248,3.7262,0.0,0.00010700319943121223
text+audio_text_ln_lrh0.001_frozen_e5_s44,2825,5,0.95648,3.1839,0.0,0.00010664770707429791
text+audio_text_ln_lrh0.001_frozen_e5_s44,2826,5,1.34813,4.119,0.0,0.00010629221471738358
text+audio_text_ln_lrh0.001_frozen_e5_s44,2827,5,1.24175,2.698,0.0,0.00010593672236046925
text+audio_text_ln_lrh0.001_frozen_e5_s44,2828,5,0.97177,3.6642,0.0,0.00010558123000355492
text+audio_text_ln_lrh0.001_frozen_e5_s44,2829,5,1.14251,3.4677,0.0,0.0001052257376466406
text+audio_text_ln_lrh0.001_frozen_e5_s44,2830,5,0.72596,4.8385,0.0,0.00010487024528972628
text+audio_text_ln_lrh0.001_frozen_e5_s44,2831,5,1.18,3.1272,0.0,0.00010451475293281195
text+audio_text_ln_lrh0.001_frozen_e5_s44,2832,5,1.46663,4.905,0.0,0.00010415926057589763
text+audio_text_ln_lrh0.001_frozen_e5_s44,2833,5,0.68521,2.5374,0.0,0.0001038037682189833
text+audio_text_ln_lrh0.001_frozen_e5_s44,2834,5,1.31587,4.1829,0.0,0.00010344827586206896
text+audio_text_ln_lrh0.001_frozen_e5_s44,2835,5,1.1033,2.846,0.0,0.00010309278350515463
text+audio_text_ln_lrh0.001_frozen_e5_s44,2836,5,1.07798,4.1613,0.0,0.00010273729114824033
text+audio_text_ln_lrh0.001_frozen_e5_s44,2837,5,0.91971,2.678,0.0,0.00010238179879132599
text+audio_text_ln_lrh0.001_frozen_e5_s44,2838,5,0.92596,3.5092,0.0,0.00010202630643441166
text+audio_text_ln_lrh0.001_frozen_e5_s44,2839,5,0.79602,3.1664,0.0,0.00010167081407749734
text+audio_text_ln_lrh0.001_frozen_e5_s44,2840,5,0.84194,2.4027,0.0,0.00010131532172058301
text+audio_text_ln_lrh0.001_frozen_e5_s44,2841,5,0.77012,2.8039,0.0,0.00010095982936366868
text+audio_text_ln_lrh0.001_frozen_e5_s44,2842,5,1.28011,3.4134,0.0,0.00010060433700675435
text+audio_text_ln_lrh0.001_frozen_e5_s44,2843,5,1.25995,3.3458,0.0,0.00010024884464984004
text+audio_text_ln_lrh0.001_frozen_e5_s44,2844,5,0.68528,3.938,0.0,9.989335229292571e-05
text+audio_text_ln_lrh0.001_frozen_e5_s44,2845,5,0.94976,3.2982,0.0,9.953785993601138e-05
text+audio_text_ln_lrh0.001_frozen_e5_s44,2846,5,1.12015,3.3764,0.0,9.918236757909706e-05
text+audio_text_ln_lrh0.001_frozen_e5_s44,2847,5,0.74228,2.1833,0.0,9.882687522218272e-05
text+audio_text_ln_lrh0.001_frozen_e5_s44,2848,5,0.89812,3.0884,0.0,9.847138286526839e-05
text+audio_text_ln_lrh0.001_frozen_e5_s44,2849,5,0.72143,2.965,0.0,9.811589050835406e-05
text+audio_text_ln_lrh0.001_frozen_e5_s44,2850,5,1.38328,3.1086,0.0,9.776039815143975e-05
text+audio_text_ln_lrh0.001_frozen_e5_s44,2851,5,1.23591,3.0823,0.0,9.740490579452542e-05
text+audio_text_ln_lrh0.001_frozen_e5_s44,2852,5,1.61768,3.4332,0.0,9.704941343761109e-05
text+audio_text_ln_lrh0.001_frozen_e5_s44,2853,5,0.96846,3.2373,0.0,9.669392108069677e-05
text+audio_text_ln_lrh0.001_frozen_e5_s44,2854,5,0.83053,2.4865,0.0,9.633842872378244e-05
text+audio_text_ln_lrh0.001_frozen_e5_s44,2855,5,0.81312,2.7246,0.0,9.598293636686811e-05
text+audio_text_ln_lrh0.001_frozen_e5_s44,2856,5,0.9745,3.4403,0.0,9.562744400995379e-05
text+audio_text_ln_lrh0.001_frozen_e5_s44,2857,5,1.47792,4.9703,0.0,9.527195165303947e-05
text+audio_text_ln_lrh0.001_frozen_e5_s44,2858,5,1.0264,2.8033,0.0,9.491645929612514e-05
text+audio_text_ln_lrh0.001_frozen_e5_s44,2859,5,1.43472,3.724,0.0,9.45609669392108e-05
text+audio_text_ln_lrh0.001_frozen_e5_s44,2860,5,1.2136,4.6534,0.0,9.420547458229649e-05
text+audio_text_ln_lrh0.001_frozen_e5_s44,2861,5,0.85967,4.1562,0.0,9.384998222538215e-05
text+audio_text_ln_lrh0.001_frozen_e5_s44,2862,5,1.03387,3.4134,0.0,9.349448986846782e-05
text+audio_text_ln_lrh0.001_frozen_e5_s44,2863,5,0.96643,2.4912,0.0,9.31389975115535e-05
text+audio_text_ln_lrh0.001_frozen_e5_s44,2864,5,0.75684,2.4361,0.0,9.278350515463918e-05
text+audio_text_ln_lrh0.001_frozen_e5_s44,2865,5,1.06439,2.987,0.0,9.242801279772485e-05
text+audio_text_ln_lrh0.001_frozen_e5_s44,2866,5,0.82731,2.6544,0.0,9.207252044081052e-05
text+audio_text_ln_lrh0.001_frozen_e5_s44,2867,5,1.3752,4.1047,0.0,9.17170280838962e-05
text+audio_text_ln_lrh0.001_frozen_e5_s44,2868,5,0.92636,3.4092,0.0,9.136153572698187e-05
text+audio_text_ln_lrh0.001_frozen_e5_s44,2869,5,1.38705,3.8239,0.0,9.100604337006754e-05
text+audio_text_ln_lrh0.001_frozen_e5_s44,2870,5,0.73034,2.2084,0.0,9.065055101315322e-05
text+audio_text_ln_lrh0.001_frozen_e5_s44,2871,5,0.68826,2.5766,0.0,9.02950586562389e-05
text+audio_text_ln_lrh0.001_frozen_e5_s44,2872,5,1.11094,4.0747,0.0,8.993956629932457e-05
text+audio_text_ln_lrh0.001_frozen_e5_s44,2873,5,0.84247,2.4372,0.0,8.958407394241023e-05
text+audio_text_ln_lrh0.001_frozen_e5_s44,2874,5,0.80375,2.8727,0.0,8.922858158549592e-05
text+audio_text_ln_lrh0.001_frozen_e5_s44,2875,5,1.4386,3.8178,0.0,8.887308922858158e-05
text+audio_text_ln_lrh0.001_frozen_e5_s44,2876,5,1.01938,3.122,0.0,8.851759687166726e-05
text+audio_text_ln_lrh0.001_frozen_e5_s44,2877,5,0.86691,3.3578,0.0,8.816210451475295e-05
text+audio_text_ln_lrh0.001_frozen_e5_s44,2878,5,1.27553,4.6389,0.0,8.780661215783861e-05
text+audio_text_ln_lrh0.001_frozen_e5_s44,2879,5,1.22748,2.9776,0.0,8.745111980092428e-05
text+audio_text_ln_lrh0.001_frozen_e5_s44,2880,5,1.00079,2.8833,0.0,8.709562744400995e-05
text+audio_text_ln_lrh0.001_frozen_e5_s44,2881,5,0.83059,3.4594,0.0,8.674013508709563e-05
text+audio_text_ln_lrh0.001_frozen_e5_s44,2882,5,0.54109,2.2034,0.0,8.63846427301813e-05
text+audio_text_ln_lrh0.001_frozen_e5_s44,2883,5,1.63953,4.1681,0.0,8.602915037326698e-05
text+audio_text_ln_lrh0.001_frozen_e5_s44,2884,5,1.39362,3.2669,0.0,8.567365801635266e-05
text+audio_text_ln_lrh0.001_frozen_e5_s44,2885,5,0.82412,2.5536,0.0,8.531816565943833e-05
text+audio_text_ln_lrh0.001_frozen_e5_s44,2886,5,0.97399,3.356,0.0,8.4962673302524e-05
text+audio_text_ln_lrh0.001_frozen_e5_s44,2887,5,0.96929,3.6826,0.0,8.460718094560966e-05
text+audio_text_ln_lrh0.001_frozen_e5_s44,2888,5,0.91065,2.7426,0.0,8.425168858869534e-05
text+audio_text_ln_lrh0.001_frozen_e5_s44,2889,5,0.74999,2.9674,0.0,8.389619623178103e-05
text+audio_text_ln_lrh0.001_frozen_e5_s44,2890,5,1.07129,2.7128,0.0,8.35407038748667e-05
text+audio_text_ln_lrh0.001_frozen_e5_s44,2891,5,1.35444,4.135,0.0,8.318521151795237e-05
text+audio_text_ln_lrh0.001_frozen_e5_s44,2892,5,0.98493,3.2402,0.0,8.282971916103804e-05
text+audio_text_ln_lrh0.001_frozen_e5_s44,2893,5,1.02045,3.6122,0.0,8.247422680412371e-05
text+audio_text_ln_lrh0.001_frozen_e5_s44,2894,5,0.94462,2.5076,0.0,8.211873444720938e-05
text+audio_text_ln_lrh0.001_frozen_e5_s44,2895,5,1.03909,2.9413,0.0,8.176324209029506e-05
text+audio_text_ln_lrh0.001_frozen_e5_s44,2896,5,0.95966,2.5069,0.0,8.140774973338074e-05
text+audio_text_ln_lrh0.001_frozen_e5_s44,2897,5,0.77716,3.0347,0.0,8.105225737646641e-05
text+audio_text_ln_lrh0.001_frozen_e5_s44,2898,5,0.94103,3.661,0.0,8.069676501955209e-05
text+audio_text_ln_lrh0.001_frozen_e5_s44,2899,5,0.69625,3.01,0.0,8.034127266263776e-05
text+audio_text_ln_lrh0.001_frozen_e5_s44,2900,5,1.0483,3.3151,0.0,7.998578030572342e-05
text+audio_text_ln_lrh0.001_frozen_e5_s44,2901,5,1.2128,2.8585,0.0,7.963028794880909e-05
text+audio_text_ln_lrh0.001_frozen_e5_s44,2902,5,1.1108,2.7322,0.0,7.927479559189477e-05
text+audio_text_ln_lrh0.001_frozen_e5_s44,2903,5,0.76433,2.3281,0.0,7.891930323498045e-05
text+audio_text_ln_lrh0.001_frozen_e5_s44,2904,5,1.30712,3.1817,0.0,7.856381087806612e-05
text+audio_text_ln_lrh0.001_frozen_e5_s44,2905,5,0.64392,3.5006,0.0,7.82083185211518e-05
text+audio_text_ln_lrh0.001_frozen_e5_s44,2906,5,0.77808,2.7476,0.0,7.785282616423747e-05
text+audio_text_ln_lrh0.001_frozen_e5_s44,2907,5,1.04204,2.6734,0.0,7.749733380732314e-05
text+audio_text_ln_lrh0.001_frozen_e5_s44,2908,5,0.96975,2.7324,0.0,7.714184145040881e-05
text+audio_text_ln_lrh0.001_frozen_e5_s44,2909,5,1.17382,3.7122,0.0,7.67863490934945e-05
text+audio_text_ln_lrh0.001_frozen_e5_s44,2910,5,0.98295,4.0313,0.0,7.643085673658017e-05
text+audio_text_ln_lrh0.001_frozen_e5_s44,2911,5,1.09936,2.9272,0.0,7.607536437966584e-05
text+audio_text_ln_lrh0.001_frozen_e5_s44,2912,5,0.96059,3.072,0.0,7.571987202275152e-05
text+audio_text_ln_lrh0.001_frozen_e5_s44,2913,5,1.04056,4.5578,0.0,7.536437966583719e-05
text+audio_text_ln_lrh0.001_frozen_e5_s44,2914,5,0.93258,2.8512,0.0,7.500888730892285e-05
text+audio_text_ln_lrh0.001_frozen_e5_s44,2915,5,1.3963,3.2558,0.0,7.465339495200852e-05
text+audio_text_ln_lrh0.001_frozen_e5_s44,2916,5,0.89778,2.8089,0.0,7.429790259509422e-05
text+audio_text_ln_lrh0.001_frozen_e5_s44,2917,5,0.65515,2.853,0.0,7.394241023817988e-05
text+audio_text_ln_lrh0.001_frozen_e5_s44,2918,5,0.86582,2.5945,0.0,7.358691788126555e-05
text+audio_text_ln_lrh0.001_frozen_e5_s44,2919,5,0.76731,2.5339,0.0,7.323142552435123e-05
text+audio_text_ln_lrh0.001_frozen_e5_s44,2920,5,0.51628,3.1181,0.0,7.28759331674369e-05
text+audio_text_ln_lrh0.001_frozen_e5_s44,2921,5,1.21322,4.3241,0.0,7.252044081052257e-05
text+audio_text_ln_lrh0.001_frozen_e5_s44,2922,5,1.3188,4.4208,0.0,7.216494845360824e-05
text+audio_text_ln_lrh0.001_frozen_e5_s44,2923,5,0.73782,2.6861,0.0,7.180945609669393e-05
text+audio_text_ln_lrh0.001_frozen_e5_s44,2924,5,0.85608,4.2761,0.0,7.14539637397796e-05
text+audio_text_ln_lrh0.001_frozen_e5_s44,2925,5,1.24351,4.2869,0.0,7.109847138286527e-05
text+audio_text_ln_lrh0.001_frozen_e5_s44,2926,5,0.94327,4.1881,0.0,7.074297902595095e-05
text+audio_text_ln_lrh0.001_frozen_e5_s44,2927,5,1.51321,4.2509,0.0,7.038748666903662e-05
text+audio_text_ln_lrh0.001_frozen_e5_s44,2928,5,1.00364,2.8624,0.0,7.003199431212228e-05
text+audio_text_ln_lrh0.001_frozen_e5_s44,2929,5,1.10478,4.1134,0.0,6.967650195520796e-05
text+audio_text_ln_lrh0.001_frozen_e5_s44,2930,5,0.89322,2.5808,0.0,6.932100959829365e-05
text+audio_text_ln_lrh0.001_frozen_e5_s44,2931,5,1.00936,3.6822,0.0,6.896551724137931e-05
text+audio_text_ln_lrh0.001_frozen_e5_s44,2932,5,1.44782,4.4291,0.0,6.861002488446498e-05
text+audio_text_ln_lrh0.001_frozen_e5_s44,2933,5,1.29625,3.8567,0.0,6.825453252755066e-05
text+audio_text_ln_lrh0.001_frozen_e5_s44,2934,5,1.59569,5.3276,0.0,6.789904017063633e-05
text+audio_text_ln_lrh0.001_frozen_e5_s44,2935,5,1.33023,3.247,0.0,6.7543547813722e-05
text+audio_text_ln_lrh0.001_frozen_e5_s44,2936,5,1.29627,3.554,0.0,6.718805545680769e-05
text+audio_text_ln_lrh0.001_frozen_e5_s44,2937,5,1.16302,3.9994,0.0,6.683256309989336e-05
text+audio_text_ln_lrh0.001_frozen_e5_s44,2938,5,1.1108,3.0791,0.0,6.647707074297903e-05
text+audio_text_ln_lrh0.001_frozen_e5_s44,2939,5,0.70462,3.0364,0.0,6.61215783860647e-05
text+audio_text_ln_lrh0.001_frozen_e5_s44,2940,5,0.6752,2.6021,0.0,6.576608602915038e-05
text+audio_text_ln_lrh0.001_frozen_e5_s44,2941,5,0.75512,2.4428,0.0,6.541059367223604e-05
text+audio_text_ln_lrh0.001_frozen_e5_s44,2942,5,1.66204,5.5928,0.0,6.505510131532171e-05
text+audio_text_ln_lrh0.001_frozen_e5_s44,2943,5,1.28444,3.1535,0.0,6.469960895840741e-05
text+audio_text_ln_lrh0.001_frozen_e5_s44,2944,5,0.8123,3.132,0.0,6.434411660149307e-05
text+audio_text_ln_lrh0.001_frozen_e5_s44,2945,5,0.56239,2.5531,0.0,6.398862424457874e-05
text+audio_text_ln_lrh0.001_frozen_e5_s44,2946,5,1.27466,4.2518,0.0,6.363313188766441e-05
text+audio_text_ln_lrh0.001_frozen_e5_s44,2947,5,1.30135,3.2352,0.0,6.327763953075009e-05
text+audio_text_ln_lrh0.001_frozen_e5_s44,2948,5,1.07814,4.7941,0.0,6.292214717383576e-05
text+audio_text_ln_lrh0.001_frozen_e5_s44,2949,5,1.03946,4.6933,0.0,6.256665481692144e-05
text+audio_text_ln_lrh0.001_frozen_e5_s44,2950,5,0.72342,2.362,0.0,6.221116246000711e-05
text+audio_text_ln_lrh0.001_frozen_e5_s44,2951,5,0.89718,2.4923,0.0,6.185567010309279e-05
text+audio_text_ln_lrh0.001_frozen_e5_s44,2952,5,1.64262,6.252,0.0,6.150017774617846e-05
text+audio_text_ln_lrh0.001_frozen_e5_s44,2953,5,1.0507,3.2512,0.0,6.114468538926414e-05
text+audio_text_ln_lrh0.001_frozen_e5_s44,2954,5,1.0755,3.8668,0.0,6.0789193032349806e-05
text+audio_text_ln_lrh0.001_frozen_e5_s44,2955,5,1.00357,4.1808,0.0,6.043370067543548e-05
text+audio_text_ln_lrh0.001_frozen_e5_s44,2956,5,1.05711,3.9424,0.0,6.0078208318521155e-05
text+audio_text_ln_lrh0.001_frozen_e5_s44,2957,5,1.10138,3.0111,0.0,5.972271596160682e-05
text+audio_text_ln_lrh0.001_frozen_e5_s44,2958,5,1.07778,3.4431,0.0,5.9367223604692504e-05
text+audio_text_ln_lrh0.001_frozen_e5_s44,2959,5,1.50967,6.0041,0.0,5.901173124777817e-05
text+audio_text_ln_lrh0.001_frozen_e5_s44,2960,5,1.06474,3.3281,0.0,5.8656238890863846e-05
text+audio_text_ln_lrh0.001_frozen_e5_s44,2961,5,0.90758,2.6329,0.0,5.830074653394952e-05
text+audio_text_ln_lrh0.001_frozen_e5_s44,2962,5,0.80937,2.5465,0.0,5.7945254177035195e-05
text+audio_text_ln_lrh0.001_frozen_e5_s44,2963,5,1.18731,3.3013,0.0,5.758976182012087e-05
text+audio_text_ln_lrh0.001_frozen_e5_s44,2964,5,1.15709,2.984,0.0,5.7234269463206544e-05
text+audio_text_ln_lrh0.001_frozen_e5_s44,2965,5,0.94003,3.4006,0.0,5.687877710629222e-05
text+audio_text_ln_lrh0.001_frozen_e5_s44,2966,5,0.82247,3.087,0.0,5.6523284749377886e-05
text+audio_text_ln_lrh0.001_frozen_e5_s44,2967,5,1.25603,4.586,0.0,5.616779239246356e-05
text+audio_text_ln_lrh0.001_frozen_e5_s44,2968,5,1.04462,2.6666,0.0,5.5812300035549235e-05
text+audio_text_ln_lrh0.001_frozen_e5_s44,2969,5,0.92214,3.2428,0.0,5.545680767863491e-05
text+audio_text_ln_lrh0.001_frozen_e5_s44,2970,5,0.82034,3.0295,0.0,5.5101315321720584e-05
text+audio_text_ln_lrh0.001_frozen_e5_s44,2971,5,1.53827,4.2496,0.0,5.474582296480626e-05
text+audio_text_ln_lrh0.001_frozen_e5_s44,2972,5,0.91824,2.9821,0.0,5.439033060789193e-05
text+audio_text_ln_lrh0.001_frozen_e5_s44,2973,5,1.16692,3.417,0.0,5.40348382509776e-05
text+audio_text_ln_lrh0.001_frozen_e5_s44,2974,5,0.88671,2.4645,0.0,5.367934589406328e-05
text+audio_text_ln_lrh0.001_frozen_e5_s44,2975,5,0.68325,2.8592,0.0,5.3323853537148956e-05
text+audio_text_ln_lrh0.001_frozen_e5_s44,2976,5,1.24534,3.121,0.0,5.2968361180234624e-05
text+audio_text_ln_lrh0.001_frozen_e5_s44,2977,5,1.17833,2.9724,0.0,5.26128688233203e-05
text+audio_text_ln_lrh0.001_frozen_e5_s44,2978,5,1.32337,3.5303,0.0,5.225737646640597e-05
text+audio_text_ln_lrh0.001_frozen_e5_s44,2979,5,1.26821,4.5954,0.0,5.190188410949165e-05
text+audio_text_ln_lrh0.001_frozen_e5_s44,2980,5,1.31014,3.8223,0.0,5.1546391752577315e-05
text+audio_text_ln_lrh0.001_frozen_e5_s44,2981,5,1.06011,2.815,0.0,5.1190899395662997e-05
text+audio_text_ln_lrh0.001_frozen_e5_s44,2982,5,1.12582,3.0354,0.0,5.083540703874867e-05
text+audio_text_ln_lrh0.001_frozen_e5_s44,2983,5,1.07534,4.5518,0.0,5.047991468183434e-05
text+audio_text_ln_lrh0.001_frozen_e5_s44,2984,5,1.13124,4.6378,0.0,5.012442232492002e-05
text+audio_text_ln_lrh0.001_frozen_e5_s44,2985,5,1.20745,2.9524,0.0,4.976892996800569e-05
text+audio_text_ln_lrh0.001_frozen_e5_s44,2986,5,0.80171,3.4532,0.0,4.941343761109136e-05
text+audio_text_ln_lrh0.001_frozen_e5_s44,2987,5,0.88623,2.8087,0.0,4.905794525417703e-05
text+audio_text_ln_lrh0.001_frozen_e5_s44,2988,5,0.83833,2.2228,0.0,4.870245289726271e-05
text+audio_text_ln_lrh0.001_frozen_e5_s44,2989,5,0.75694,2.1489,0.0,4.8346960540348386e-05
text+audio_text_ln_lrh0.001_frozen_e5_s44,2990,5,0.8049,3.4143,0.0,4.7991468183434053e-05
text+audio_text_ln_lrh0.001_frozen_e5_s44,2991,5,0.95289,3.2478,0.0,4.7635975826519735e-05
text+audio_text_ln_lrh0.001_frozen_e5_s44,2992,5,0.76403,2.7834,0.0,4.72804834696054e-05
text+audio_text_ln_lrh0.001_frozen_e5_s44,2993,5,1.58583,5.7521,0.0,4.692499111269108e-05
text+audio_text_ln_lrh0.001_frozen_e5_s44,2994,5,0.88403,4.2939,0.0,4.656949875577675e-05
text+audio_text_ln_lrh0.001_frozen_e5_s44,2995,5,0.51937,1.8787,0.0,4.6214006398862426e-05
text+audio_text_ln_lrh0.001_frozen_e5_s44,2996,5,1.07248,2.7377,0.0,4.58585140419481e-05
text+audio_text_ln_lrh0.001_frozen_e5_s44,2997,5,0.79337,2.5944,0.0,4.550302168503377e-05
text+audio_text_ln_lrh0.001_frozen_e5_s44,2998,5,0.88054,2.9029,0.0,4.514752932811945e-05
text+audio_text_ln_lrh0.001_frozen_e5_s44,2999,5,0.88949,2.8121,0.0,4.479203697120512e-05
text+audio_text_ln_lrh0.001_frozen_e5_s44,3000,5,1.63966,4.4423,0.0,4.443654461429079e-05
text+audio_text_ln_lrh0.001_frozen_e5_s44,3001,5,1.05793,4.1755,0.0,4.408105225737647e-05
text+audio_text_ln_lrh0.001_frozen_e5_s44,3002,5,0.94561,2.9887,0.0,4.372555990046214e-05
text+audio_text_ln_lrh0.001_frozen_e5_s44,3003,5,1.32051,4.1716,0.0,4.3370067543547815e-05
text+audio_text_ln_lrh0.001_frozen_e5_s44,3004,5,0.86589,2.4082,0.0,4.301457518663349e-05
text+audio_text_ln_lrh0.001_frozen_e5_s44,3005,5,1.7713,5.2531,0.0,4.2659082829719164e-05
text+audio_text_ln_lrh0.001_frozen_e5_s44,3006,5,1.15103,4.7634,0.0,4.230359047280483e-05
text+audio_text_ln_lrh0.001_frozen_e5_s44,3007,5,1.20506,4.2339,0.0,4.194809811589051e-05
text+audio_text_ln_lrh0.001_frozen_e5_s44,3008,5,1.43091,3.0466,0.0,4.159260575897619e-05
text+audio_text_ln_lrh0.001_frozen_e5_s44,3009,5,1.14187,3.7138,0.0,4.1237113402061855e-05
text+audio_text_ln_lrh0.001_frozen_e5_s44,3010,5,1.12397,3.9636,0.0,4.088162104514753e-05
text+audio_text_ln_lrh0.001_frozen_e5_s44,3011,5,0.82757,2.8005,0.0,4.0526128688233204e-05
text+audio_text_ln_lrh0.001_frozen_e5_s44,3012,5,0.48035,2.62,0.0,4.017063633131888e-05
text+audio_text_ln_lrh0.001_frozen_e5_s44,3013,5,1.07755,2.7383,0.0,3.9815143974404546e-05
text+audio_text_ln_lrh0.001_frozen_e5_s44,3014,5,1.22338,5.7302,0.0,3.945965161749023e-05
text+audio_text_ln_lrh0.001_frozen_e5_s44,3015,5,1.09917,3.7666,0.0,3.91041592605759e-05
text+audio_text_ln_lrh0.001_frozen_e5_s44,3016,5,0.87319,2.8593,0.0,3.874866690366157e-05
text+audio_text_ln_lrh0.001_frozen_e5_s44,3017,5,0.74087,2.6876,0.0,3.839317454674725e-05
text+audio_text_ln_lrh0.001_frozen_e5_s44,3018,5,1.62234,4.6458,0.0,3.803768218983292e-05
text+audio_text_ln_lrh0.001_frozen_e5_s44,3019,5,0.62912,2.7845,0.0,3.768218983291859e-05
text+audio_text_ln_lrh0.001_frozen_e5_s44,3020,5,0.7302,3.3442,0.0,3.732669747600426e-05
text+audio_text_ln_lrh0.001_frozen_e5_s44,3021,5,1.09905,3.9901,0.0,3.697120511908994e-05
text+audio_text_ln_lrh0.001_frozen_e5_s44,3022,5,1.09022,3.7917,0.0,3.6615712762175616e-05
text+audio_text_ln_lrh0.001_frozen_e5_s44,3023,5,1.00437,3.2551,0.0,3.6260220405261284e-05
text+audio_text_ln_lrh0.001_frozen_e5_s44,3024,5,1.15835,2.826,0.0,3.5904728048346965e-05
text+audio_text_ln_lrh0.001_frozen_e5_s44,3025,5,0.92843,3.9932,0.0,3.554923569143263e-05
text+audio_text_ln_lrh0.001_frozen_e5_s44,3026,5,1.25813,3.3149,0.0,3.519374333451831e-05
text+audio_text_ln_lrh0.001_frozen_e5_s44,3027,5,1.42792,4.6479,0.0,3.483825097760398e-05
text+audio_text_ln_lrh0.001_frozen_e5_s44,3028,5,0.59688,2.3827,0.0,3.4482758620689657e-05
text+audio_text_ln_lrh0.001_frozen_e5_s44,3029,5,1.3213,3.6627,0.0,3.412726626377533e-05
text+audio_text_ln_lrh0.001_frozen_e5_s44,3030,5,0.90672,2.5524,0.0,3.3771773906861e-05
text+audio_text_ln_lrh0.001_frozen_e5_s44,3031,5,1.04158,3.8628,0.0,3.341628154994668e-05
text+audio_text_ln_lrh0.001_frozen_e5_s44,3032,5,1.27371,4.8225,0.0,3.306078919303235e-05
text+audio_text_ln_lrh0.001_frozen_e5_s44,3033,5,0.57556,4.6041,0.0,3.270529683611802e-05
text+audio_text_ln_lrh0.001_frozen_e5_s44,3034,5,1.00254,3.3074,0.0,3.2349804479203703e-05
text+audio_text_ln_lrh0.001_frozen_e5_s44,3035,5,1.43292,5.3614,0.0,3.199431212228937e-05
text+audio_text_ln_lrh0.001_frozen_e5_s44,3036,5,1.18989,3.8104,0.0,3.1638819765375046e-05
text+audio_text_ln_lrh0.001_frozen_e5_s44,3037,5,1.18228,4.5199,0.0,3.128332740846072e-05
text+audio_text_ln_lrh0.001_frozen_e5_s44,3038,5,0.81004,2.9485,0.0,3.0927835051546395e-05
text+audio_text_ln_lrh0.001_frozen_e5_s44,3039,5,0.81565,2.5844,0.0,3.057234269463207e-05
text+audio_text_ln_lrh0.001_frozen_e5_s44,3040,5,0.94656,2.4296,0.0,3.021685033771774e-05
text+audio_text_ln_lrh0.001_frozen_e5_s44,3041,5,1.17642,4.026,0.0,2.986135798080341e-05
text+audio_text_ln_lrh0.001_frozen_e5_s44,3042,5,0.90273,3.1154,0.0,2.9505865623889086e-05
text+audio_text_ln_lrh0.001_frozen_e5_s44,3043,5,0.67403,2.0294,0.0,2.915037326697476e-05
text+audio_text_ln_lrh0.001_frozen_e5_s44,3044,5,0.75432,2.6328,0.0,2.8794880910060435e-05
text+audio_text_ln_lrh0.001_frozen_e5_s44,3045,5,1.09421,2.5944,0.0,2.843938855314611e-05
text+audio_text_ln_lrh0.001_frozen_e5_s44,3046,5,1.74254,5.3428,0.0,2.808389619623178e-05
text+audio_text_ln_lrh0.001_frozen_e5_s44,3047,5,0.93032,2.9496,0.0,2.7728403839317455e-05
text+audio_text_ln_lrh0.001_frozen_e5_s44,3048,5,0.87871,3.1199,0.0,2.737291148240313e-05
text+audio_text_ln_lrh0.001_frozen_e5_s44,3049,5,1.42011,3.0779,0.0,2.70174191254888e-05
text+audio_text_ln_lrh0.001_frozen_e5_s44,3050,5,1.01445,3.4428,0.0,2.6661926768574478e-05
text+audio_text_ln_lrh0.001_frozen_e5_s44,3051,5,0.55153,2.3918,0.0,2.630643441166015e-05
text+audio_text_ln_lrh0.001_frozen_e5_s44,3052,5,0.90554,2.8659,0.0,2.5950942054745824e-05
text+audio_text_ln_lrh0.001_frozen_e5_s44,3053,5,1.4408,3.4006,0.0,2.5595449697831498e-05
text+audio_text_ln_lrh0.001_frozen_e5_s44,3054,5,0.73062,2.5601,0.0,2.523995734091717e-05
text+audio_text_ln_lrh0.001_frozen_e5_s44,3055,5,0.82302,3.2193,0.0,2.4884464984002844e-05
text+audio_text_ln_lrh0.001_frozen_e5_s44,3056,5,0.91374,4.0004,0.0,2.4528972627088515e-05
text+audio_text_ln_lrh0.001_frozen_e5_s44,3057,5,0.9529,2.885,0.0,2.4173480270174193e-05
text+audio_text_ln_lrh0.001_frozen_e5_s44,3058,5,0.74108,3.7689,0.0,2.3817987913259867e-05
text+audio_text_ln_lrh0.001_frozen_e5_s44,3059,5,1.23578,3.4426,0.0,2.346249555634554e-05
text+audio_text_ln_lrh0.001_frozen_e5_s44,3060,5,1.36502,3.5938,0.0,2.3107003199431213e-05
text+audio_text_ln_lrh0.001_frozen_e5_s44,3061,5,0.71616,2.8739,0.0,2.2751510842516884e-05
text+audio_text_ln_lrh0.001_frozen_e5_s44,3062,5,0.83016,3.8276,0.0,2.239601848560256e-05
text+audio_text_ln_lrh0.001_frozen_e5_s44,3063,5,1.32328,4.323,0.0,2.2040526128688236e-05
text+audio_text_ln_lrh0.001_frozen_e5_s44,3064,5,0.63348,2.9564,0.0,2.1685033771773907e-05
text+audio_text_ln_lrh0.001_frozen_e5_s44,3065,5,1.17524,3.5331,0.0,2.1329541414859582e-05
text+audio_text_ln_lrh0.001_frozen_e5_s44,3066,5,0.81207,2.0925,0.0,2.0974049057945256e-05
text+audio_text_ln_lrh0.001_frozen_e5_s44,3067,5,0.76821,3.0128,0.0,2.0618556701030927e-05
text+audio_text_ln_lrh0.001_frozen_e5_s44,3068,5,1.26925,3.8879,0.0,2.0263064344116602e-05
text+audio_text_ln_lrh0.001_frozen_e5_s44,3069,5,1.45858,4.0576,0.0,1.9907571987202273e-05
text+audio_text_ln_lrh0.001_frozen_e5_s44,3070,5,0.6166,3.7409,0.0,1.955207963028795e-05
text+audio_text_ln_lrh0.001_frozen_e5_s44,3071,5,0.6719,2.8155,0.0,1.9196587273373625e-05
text+audio_text_ln_lrh0.001_frozen_e5_s44,3072,5,1.05228,3.6408,0.0,1.8841094916459297e-05
text+audio_text_ln_lrh0.001_frozen_e5_s44,3073,5,0.72397,3.3895,0.0,1.848560255954497e-05
text+audio_text_ln_lrh0.001_frozen_e5_s44,3074,5,1.06587,3.8451,0.0,1.8130110202630642e-05
text+audio_text_ln_lrh0.001_frozen_e5_s44,3075,5,1.32004,4.2485,0.0,1.7774617845716317e-05
text+audio_text_ln_lrh0.001_frozen_e5_s44,3076,5,1.29939,2.7734,0.0,1.741912548880199e-05
text+audio_text_ln_lrh0.001_frozen_e5_s44,3077,5,0.766,2.7335,0.0,1.7063633131887666e-05
text+audio_text_ln_lrh0.001_frozen_e5_s44,3078,5,0.92606,3.4731,0.0,1.670814077497334e-05
text+audio_text_ln_lrh0.001_frozen_e5_s44,3079,5,0.94584,3.2467,0.0,1.635264841805901e-05
text+audio_text_ln_lrh0.001_frozen_e5_s44,3080,5,1.29142,4.7433,0.0,1.5997156061144686e-05
text+audio_text_ln_lrh0.001_frozen_e5_s44,3081,5,1.01226,2.6187,0.0,1.564166370423036e-05
text+audio_text_ln_lrh0.001_frozen_e5_s44,3082,5,0.93302,3.3368,0.0,1.5286171347316035e-05
text+audio_text_ln_lrh0.001_frozen_e5_s44,3083,5,0.76867,3.2005,0.0,1.4930678990401706e-05
text+audio_text_ln_lrh0.001_frozen_e5_s44,3084,5,0.57741,3.5316,0.0,1.457518663348738e-05
text+audio_text_ln_lrh0.001_frozen_e5_s44,3085,5,0.64131,2.3586,0.0,1.4219694276573055e-05
text+audio_text_ln_lrh0.001_frozen_e5_s44,3086,5,1.63998,6.9081,0.0,1.3864201919658727e-05
text+audio_text_ln_lrh0.001_frozen_e5_s44,3087,5,0.65761,2.4694,0.0,1.35087095627444e-05
text+audio_text_ln_lrh0.001_frozen_e5_s44,3088,5,1.05104,2.5869,0.0,1.3153217205830075e-05
text+audio_text_ln_lrh0.001_frozen_e5_s44,3089,5,0.8197,2.2987,0.0,1.2797724848915749e-05
text+audio_text_ln_lrh0.001_frozen_e5_s44,3090,5,1.19992,3.5707,0.0,1.2442232492001422e-05
text+audio_text_ln_lrh0.001_frozen_e5_s44,3091,5,1.74502,5.9849,0.0,1.2086740135087096e-05
text+audio_text_ln_lrh0.001_frozen_e5_s44,3092,5,0.85981,2.9985,0.0,1.173124777817277e-05
text+audio_text_ln_lrh0.001_frozen_e5_s44,3093,5,1.07726,3.5507,0.0,1.1375755421258442e-05
text+audio_text_ln_lrh0.001_frozen_e5_s44,3094,5,1.03392,3.0673,0.0,1.1020263064344118e-05
text+audio_text_ln_lrh0.001_frozen_e5_s44,3095,5,1.30933,2.8577,0.0,1.0664770707429791e-05
text+audio_text_ln_lrh0.001_frozen_e5_s44,3096,5,0.80399,3.4049,0.0,1.0309278350515464e-05
text+audio_text_ln_lrh0.001_frozen_e5_s44,3097,5,1.02268,2.2709,0.0,9.953785993601137e-06
text+audio_text_ln_lrh0.001_frozen_e5_s44,3098,5,0.61313,2.8101,0.0,9.598293636686813e-06
text+audio_text_ln_lrh0.001_frozen_e5_s44,3099,5,0.93351,2.7784,0.0,9.242801279772485e-06
text+audio_text_ln_lrh0.001_frozen_e5_s44,3100,5,0.9841,3.2923,0.0,8.887308922858158e-06
text+audio_text_ln_lrh0.001_frozen_e5_s44,3101,5,1.07392,3.6583,0.0,8.531816565943833e-06
text+audio_text_ln_lrh0.001_frozen_e5_s44,3102,5,0.83316,2.4255,0.0,8.176324209029506e-06
text+audio_text_ln_lrh0.001_frozen_e5_s44,3103,5,0.75393,3.4298,0.0,7.82083185211518e-06
text+audio_text_ln_lrh0.001_frozen_e5_s44,3104,5,0.90798,2.7407,0.0,7.465339495200853e-06
text+audio_text_ln_lrh0.001_frozen_e5_s44,3105,5,0.74152,3.551,0.0,7.109847138286527e-06
text+audio_text_ln_lrh0.001_frozen_e5_s44,3106,5,1.18058,3.0988,0.0,6.7543547813722e-06
text+audio_text_ln_lrh0.001_frozen_e5_s44,3107,5,1.43227,4.8421,0.0,6.3988624244578746e-06
text+audio_text_ln_lrh0.001_frozen_e5_s44,3108,5,0.93335,3.6608,0.0,6.043370067543548e-06
text+audio_text_ln_lrh0.001_frozen_e5_s44,3109,5,0.81492,2.6772,0.0,5.687877710629221e-06
text+audio_text_ln_lrh0.001_frozen_e5_s44,3110,5,0.72681,2.7296,0.0,5.3323853537148955e-06
text+audio_text_ln_lrh0.001_frozen_e5_s44,3111,5,1.45366,3.4053,0.0,4.976892996800568e-06
text+audio_text_ln_lrh0.001_frozen_e5_s44,3112,5,0.86065,4.1412,0.0,4.621400639886243e-06
text+audio_text_ln_lrh0.001_frozen_e5_s44,3113,5,1.05483,3.5881,0.0,4.265908282971916e-06
text+audio_text_ln_lrh0.001_frozen_e5_s44,3114,5,1.67295,4.6347,0.0,3.91041592605759e-06
text+audio_text_ln_lrh0.001_frozen_e5_s44,3115,5,1.01438,4.0702,0.0,3.5549235691432637e-06
text+audio_text_ln_lrh0.001_frozen_e5_s44,3116,5,1.441,4.4114,0.0,3.1994312122289373e-06
text+audio_text_ln_lrh0.001_frozen_e5_s44,3117,5,1.33678,4.6742,0.0,2.8439388553146105e-06
text+audio_text_ln_lrh0.001_frozen_e5_s44,3118,5,0.99847,2.9382,0.0,2.488446498400284e-06
text+audio_text_ln_lrh0.001_frozen_e5_s44,3119,5,0.70391,2.3018,0.0,2.132954141485958e-06
text+audio_text_ln_lrh0.001_frozen_e5_s44,3120,5,1.24346,4.1243,0.0,1.7774617845716318e-06
text+audio_text_ln_lrh0.001_frozen_e5_s44,3121,5,0.60029,3.0266,0.0,1.4219694276573052e-06
text+audio_text_ln_lrh0.001_frozen_e5_s44,3122,5,1.05222,3.0312,0.0,1.066477070742979e-06
text+audio_text_ln_lrh0.001_frozen_e5_s44,3123,5,0.78309,2.8745,0.0,7.109847138286526e-07
text+audio_text_ln_lrh0.001_frozen_e5_s44,3124,5,0.78117,2.7432,0.0,3.554923569143263e-07
text+audio_text_ln_lrh0.001_frozen_e5_s44,3125,5,0.63216,5.9366,0.0,0.0
