run,step,epoch,loss,grad_norm,lr_text,lr_head
text+audio_text_ln_lrh0.001_e5_s42,1,1,1.89191,9.094,6.41025641025641e-08,3.205128205128205e-06
text+audio_text_ln_lrh0.001_e5_s42,2,1,1.88568,6.0081,1.282051282051282e-07,6.41025641025641e-06
text+audio_text_ln_lrh0.001_e5_s42,3,1,1.90186,7.6233,1.9230769230769234e-07,9.615384615384616e-06
text+audio_text_ln_lrh0.001_e5_s42,4,1,1.88032,5.4234,2.564102564102564e-07,1.282051282051282e-05
text+audio_text_ln_lrh0.001_e5_s42,5,1,1.87773,4.6683,3.205128205128205e-07,1.6025641025641026e-05
text+audio_text_ln_lrh0.001_e5_s42,6,1,1.88495,9.3703,3.846153846153847e-07,1.923076923076923e-05
text+audio_text_ln_lrh0.001_e5_s42,7,1,1.83933,7.996,4.4871794871794876e-07,2.2435897435897437e-05
text+audio_text_ln_lrh0.001_e5_s42,8,1,1.87772,7.7418,5.128205128205128e-07,2.564102564102564e-05
text+audio_text_ln_lrh0.001_e5_s42,9,1,1.84922,5.0518,5.76923076923077e-07,2.884615384615385e-05
text+audio_text_ln_lrh0.001_e5_s42,10,1,1.81162,5.3278,6.41025641025641e-07,3.205128205128205e-05
text+audio_text_ln_lrh0.001_e5_s42,11,1,1.86599,4.3121,7.051282051282052e-07,3.5256410256410254e-05
text+audio_text_ln_lrh0.001_e5_s42,12,1,1.74674,9.5577,7.692307692307694e-07,3.846153846153846e-05
text+audio_text_ln_lrh0.001_e5_s42,13,1,1.82159,4.8495,8.333333333333333e-07,4.1666666666666665e-05
text+audio_text_ln_lrh0.001_e5_s42,14,1,1.87341,5.0482,8.974358974358975e-07,4.4871794871794874e-05
text+audio_text_ln_lrh0.001_e5_s42,15,1,1.7582,5.58,9.615384615384617e-07,4.8076923076923084e-05
text+audio_text_ln_lrh0.001_e5_s42,16,1,1.73634,6.5416,1.0256410256410257e-06,5.128205128205128e-05
text+audio_text_ln_lrh0.001_e5_s42,17,1,1.81198,5.5861,1.0897435897435899e-06,5.448717948717949e-05
text+audio_text_ln_lrh0.001_e5_s42,18,1,1.80003,5.3829,1.153846153846154e-06,5.76923076923077e-05
text+audio_text_ln_lrh0.001_e5_s42,19,1,1.69604,5.4541,1.217948717948718e-06,6.08974358974359e-05
text+audio_text_ln_lrh0.001_e5_s42,20,1,1.75545,5.0934,1.282051282051282e-06,6.41025641025641e-05
text+audio_text_ln_lrh0.001_e5_s42,21,1,1.70307,5.001,1.3461538461538462e-06,6.73076923076923e-05
text+audio_text_ln_lrh0.001_e5_s42,22,1,1.7519,3.8324,1.4102564102564104e-06,7.051282051282051e-05
text+audio_text_ln_lrh0.001_e5_s42,23,1,1.66427,3.9788,1.4743589743589745e-06,7.371794871794872e-05
text+audio_text_ln_lrh0.001_e5_s42,24,1,1.55281,5.7893,1.5384615384615387e-06,7.692307692307693e-05
text+audio_text_ln_lrh0.001_e5_s42,25,1,1.76507,4.4028,1.602564102564103e-06,8.012820512820514e-05
text+audio_text_ln_lrh0.001_e5_s42,26,1,1.51326,4.0999,1.6666666666666667e-06,8.333333333333333e-05
text+audio_text_ln_lrh0.001_e5_s42,27,1,1.49266,5.0613,1.7307692307692308e-06,8.653846153846153e-05
text+audio_text_ln_lrh0.001_e5_s42,28,1,1.7371,3.7777,1.794871794871795e-06,8.974358974358975e-05
text+audio_text_ln_lrh0.001_e5_s42,29,1,1.7352,3.4245,1.8589743589743592e-06,9.294871794871795e-05
text+audio_text_ln_lrh0.001_e5_s42,30,1,1.69474,3.4257,1.9230769230769234e-06,9.615384615384617e-05
text+audio_text_ln_lrh0.001_e5_s42,31,1,1.82734,3.5931,1.987179487179487e-06,9.935897435897436e-05
text+audio_text_ln_lrh0.001_e5_s42,32,1,1.68553,4.1358,2.0512820512820513e-06,0.00010256410256410256
text+audio_text_ln_lrh0.001_e5_s42,33,1,1.21784,4.8524,2.1153846153846155e-06,0.00010576923076923077
text+audio_text_ln_lrh0.001_e5_s42,34,1,1.5012,3.8898,2.1794871794871797e-06,0.00010897435897435898
text+audio_text_ln_lrh0.001_e5_s42,35,1,1.40798,4.2941,2.243589743589744e-06,0.00011217948717948718
text+audio_text_ln_lrh0.001_e5_s42,36,1,1.73234,4.7024,2.307692307692308e-06,0.0001153846153846154
text+audio_text_ln_lrh0.001_e5_s42,37,1,1.69917,4.6805,2.371794871794872e-06,0.00011858974358974358
text+audio_text_ln_lrh0.001_e5_s42,38,1,1.91436,7.4238,2.435897435897436e-06,0.0001217948717948718
text+audio_text_ln_lrh0.001_e5_s42,39,1,1.1682,3.9532,2.5e-06,0.000125
text+audio_text_ln_lrh0.001_e5_s42,40,1,1.45848,4.7101,2.564102564102564e-06,0.0001282051282051282
text+audio_text_ln_lrh0.001_e5_s42,41,1,1.63857,3.9694,2.6282051282051286e-06,0.0001314102564102564
text+audio_text_ln_lrh0.001_e5_s42,42,1,1.30379,4.2537,2.6923076923076923e-06,0.0001346153846153846
text+audio_text_ln_lrh0.001_e5_s42,43,1,1.46095,4.4128,2.756410256410257e-06,0.00013782051282051284
text+audio_text_ln_lrh0.001_e5_s42,44,1,1.18622,4.0051,2.8205128205128207e-06,0.00014102564102564101
text+audio_text_ln_lrh0.001_e5_s42,45,1,1.36113,3.6487,2.8846153846153845e-06,0.00014423076923076922
text+audio_text_ln_lrh0.001_e5_s42,46,1,1.80487,4.7726,2.948717948717949e-06,0.00014743589743589745
text+audio_text_ln_lrh0.001_e5_s42,47,1,1.71462,5.3405,3.012820512820513e-06,0.00015064102564102565
text+audio_text_ln_lrh0.001_e5_s42,48,1,1.57925,4.1687,3.0769230769230774e-06,0.00015384615384615385
text+audio_text_ln_lrh0.001_e5_s42,49,1,1.06506,5.1732,3.141025641025641e-06,0.00015705128205128205
text+audio_text_ln_lrh0.001_e5_s42,50,1,1.65181,3.5953,3.205128205128206e-06,0.00016025641025641028
text+audio_text_ln_lrh0.001_e5_s42,51,1,1.77481,4.9011,3.2692307692307696e-06,0.00016346153846153846
text+audio_text_ln_lrh0.001_e5_s42,52,1,1.92387,7.1043,3.3333333333333333e-06,0.00016666666666666666
text+audio_text_ln_lrh0.001_e5_s42,53,1,2.08022,7.0746,3.397435897435898e-06,0.0001698717948717949
text+audio_text_ln_lrh0.001_e5_s42,54,1,1.50387,3.8048,3.4615384615384617e-06,0.00017307692307692307
text+audio_text_ln_lrh0.001_e5_s42,55,1,1.53781,3.8631,3.5256410256410263e-06,0.0001762820512820513
text+audio_text_ln_lrh0.001_e5_s42,56,1,1.54491,3.6473,3.58974358974359e-06,0.0001794871794871795
text+audio_text_ln_lrh0.001_e5_s42,57,1,1.77372,4.2191,3.653846153846154e-06,0.00018269230769230767
text+audio_text_ln_lrh0.001_e5_s42,58,1,1.60786,4.2903,3.7179487179487184e-06,0.0001858974358974359
text+audio_text_ln_lrh0.001_e5_s42,59,1,1.40514,3.8476,3.782051282051282e-06,0.0001891025641025641
text+audio_text_ln_lrh0.001_e5_s42,60,1,1.89153,6.829,3.846153846153847e-06,0.00019230769230769233
text+audio_text_ln_lrh0.001_e5_s42,61,1,1.36595,2.9868,3.910256410256411e-06,0.0001955128205128205
text+audio_text_ln_lrh0.001_e5_s42,62,1,1.56891,4.2759,3.974358974358974e-06,0.0001987179487179487
text+audio_text_ln_lrh0.001_e5_s42,63,1,1.19479,4.6198,4.0384615384615385e-06,0.00020192307692307694
text+audio_text_ln_lrh0.001_e5_s42,64,1,1.62156,5.686,4.102564102564103e-06,0.00020512820512820512
text+audio_text_ln_lrh0.001_e5_s42,65,1,1.66709,6.9595,4.166666666666667e-06,0.00020833333333333335
text+audio_text_ln_lrh0.001_e5_s42,66,1,1.65407,4.2499,4.230769230769231e-06,0.00021153846153846155
text+audio_text_ln_lrh0.001_e5_s42,67,1,1.48166,4.5852,4.294871794871795e-06,0.00021474358974358972
text+audio_text_ln_lrh0.001_e5_s42,68,1,1.79217,3.8756,4.358974358974359e-06,0.00021794871794871795
text+audio_text_ln_lrh0.001_e5_s42,69,1,1.76198,5.0286,4.423076923076924e-06,0.00022115384615384616
text+audio_text_ln_lrh0.001_e5_s42,70,1,1.62075,11.0257,4.487179487179488e-06,0.00022435897435897436
text+audio_text_ln_lrh0.001_e5_s42,71,1,1.64211,3.5657,4.551282051282052e-06,0.00022756410256410256
text+audio_text_ln_lrh0.001_e5_s42,72,1,1.28205,5.2885,4.615384615384616e-06,0.0002307692307692308
text+audio_text_ln_lrh0.001_e5_s42,73,1,1.86098,7.9562,4.6794871794871795e-06,0.000233974358974359
text+audio_text_ln_lrh0.001_e5_s42,74,1,1.53859,4.4544,4.743589743589744e-06,0.00023717948717948717
text+audio_text_ln_lrh0.001_e5_s42,75,1,1.12163,6.8163,4.807692307692308e-06,0.0002403846153846154
text+audio_text_ln_lrh0.001_e5_s42,76,1,1.57968,5.053,4.871794871794872e-06,0.0002435897435897436
text+audio_text_ln_lrh0.001_e5_s42,77,1,1.29936,4.0088,4.935897435897436e-06,0.0002467948717948718
text+audio_text_ln_lrh0.001_e5_s42,78,1,1.49097,3.3797,5e-06,0.00025
text+audio_text_ln_lrh0.001_e5_s42,79,1,1.43147,7.4113,5.064102564102565e-06,0.0002532051282051282
text+audio_text_ln_lrh0.001_e5_s42,80,1,2.02825,6.9475,5.128205128205128e-06,0.0002564102564102564
text+audio_text_ln_lrh0.001_e5_s42,81,1,1.31497,5.886,5.192307692307693e-06,0.00025961538461538467
text+audio_text_ln_lrh0.001_e5_s42,82,1,1.55583,3.9737,5.256410256410257e-06,0.0002628205128205128
text+audio_text_ln_lrh0.001_e5_s42,83,1,1.61743,6.2387,5.320512820512821e-06,0.000266025641025641
text+audio_text_ln_lrh0.001_e5_s42,84,1,1.47257,3.858,5.384615384615385e-06,0.0002692307692307692
text+audio_text_ln_lrh0.001_e5_s42,85,1,1.57671,4.1586,5.448717948717949e-06,0.0002724358974358974
text+audio_text_ln_lrh0.001_e5_s42,86,1,1.56054,4.0826,5.512820512820514e-06,0.0002756410256410257
text+audio_text_ln_lrh0.001_e5_s42,87,1,1.43791,3.9817,5.576923076923077e-06,0.0002788461538461539
text+audio_text_ln_lrh0.001_e5_s42,88,1,1.21155,3.9126,5.641025641025641e-06,0.00028205128205128203
text+audio_text_ln_lrh0.001_e5_s42,89,1,1.72531,5.114,5.705128205128206e-06,0.00028525641025641023
text+audio_text_ln_lrh0.001_e5_s42,90,1,1.81115,8.1022,5.769230769230769e-06,0.00028846153846153843
text+audio_text_ln_lrh0.001_e5_s42,91,1,1.54058,4.9778,5.833333333333334e-06,0.0002916666666666667
text+audio_text_ln_lrh0.001_e5_s42,92,1,1.38592,4.2311,5.897435897435898e-06,0.0002948717948717949
text+audio_text_ln_lrh0.001_e5_s42,93,1,1.46613,5.71,5.961538461538462e-06,0.0002980769230769231
text+audio_text_ln_lrh0.001_e5_s42,94,1,1.12631,3.9791,6.025641025641026e-06,0.0003012820512820513
text+audio_text_ln_lrh0.001_e5_s42,95,1,1.12342,5.114,6.08974358974359e-06,0.00030448717948717945
text+audio_text_ln_lrh0.001_e5_s42,96,1,1.41281,5.7079,6.153846153846155e-06,0.0003076923076923077
text+audio_text_ln_lrh0.001_e5_s42,97,1,1.41837,4.4223,6.217948717948718e-06,0.0003108974358974359
text+audio_text_ln_lrh0.001_e5_s42,98,1,1.83171,6.3148,6.282051282051282e-06,0.0003141025641025641
text+audio_text_ln_lrh0.001_e5_s42,99,1,1.66936,7.2262,6.3461538461538466e-06,0.0003173076923076923
text+audio_text_ln_lrh0.001_e5_s42,100,1,1.3806,4.4849,6.410256410256412e-06,0.00032051282051282057
text+audio_text_ln_lrh0.001_e5_s42,101,1,1.42556,7.0876,6.474358974358975e-06,0.0003237179487179487
text+audio_text_ln_lrh0.001_e5_s42,102,1,1.81866,5.8498,6.538461538461539e-06,0.0003269230769230769
text+audio_text_ln_lrh0.001_e5_s42,103,1,1.49144,6.2118,6.602564102564103e-06,0.0003301282051282051
text+audio_text_ln_lrh0.001_e5_s42,104,1,1.63363,12.8183,6.666666666666667e-06,0.0003333333333333333
text+audio_text_ln_lrh0.001_e5_s42,105,1,1.2204,4.6632,6.730769230769232e-06,0.0003365384615384616
text+audio_text_ln_lrh0.001_e5_s42,106,1,1.43496,4.6425,6.794871794871796e-06,0.0003397435897435898
text+audio_text_ln_lrh0.001_e5_s42,107,1,1.50429,6.0268,6.858974358974359e-06,0.000342948717948718
text+audio_text_ln_lrh0.001_e5_s42,108,1,1.14799,8.4854,6.923076923076923e-06,0.00034615384615384613
text+audio_text_ln_lrh0.001_e5_s42,109,1,1.08042,6.0721,6.9871794871794876e-06,0.00034935897435897433
text+audio_text_ln_lrh0.001_e5_s42,110,1,1.52616,5.958,7.051282051282053e-06,0.0003525641025641026
text+audio_text_ln_lrh0.001_e5_s42,111,1,1.26587,10.1266,7.115384615384616e-06,0.0003557692307692308
text+audio_text_ln_lrh0.001_e5_s42,112,1,1.55035,5.6789,7.17948717948718e-06,0.000358974358974359
text+audio_text_ln_lrh0.001_e5_s42,113,1,1.63446,6.6753,7.243589743589744e-06,0.0003621794871794872
text+audio_text_ln_lrh0.001_e5_s42,114,1,1.13638,6.2888,7.307692307692308e-06,0.00036538461538461535
text+audio_text_ln_lrh0.001_e5_s42,115,1,1.44641,6.3706,7.371794871794873e-06,0.0003685897435897436
text+audio_text_ln_lrh0.001_e5_s42,116,1,0.88067,4.9371,7.435897435897437e-06,0.0003717948717948718
text+audio_text_ln_lrh0.001_e5_s42,117,1,1.60646,6.9687,7.500000000000001e-06,0.000375
text+audio_text_ln_lrh0.001_e5_s42,118,1,1.11713,6.0866,7.564102564102564e-06,0.0003782051282051282
text+audio_text_ln_lrh0.001_e5_s42,119,1,1.17304,6.7659,7.6282051282051286e-06,0.0003814102564102564
text+audio_text_ln_lrh0.001_e5_s42,120,1,1.08991,5.8768,7.692307692307694e-06,0.00038461538461538467
text+audio_text_ln_lrh0.001_e5_s42,121,1,1.36534,8.8074,7.756410256410258e-06,0.0003878205128205128
text+audio_text_ln_lrh0.001_e5_s42,122,1,1.27184,6.5161,7.820512820512822e-06,0.000391025641025641
text+audio_text_ln_lrh0.001_e5_s42,123,1,1.12448,7.4143,7.884615384615384e-06,0.0003942307692307692
text+audio_text_ln_lrh0.001_e5_s42,124,1,1.28754,6.636,7.948717948717949e-06,0.0003974358974358974
text+audio_text_ln_lrh0.001_e5_s42,125,1,1.58366,9.4599,8.012820512820515e-06,0.0004006410256410257
text+audio_text_ln_lrh0.001_e5_s42,126,1,1.03174,14.0054,8.076923076923077e-06,0.0004038461538461539
text+audio_text_ln_lrh0.001_e5_s42,127,1,0.95319,14.1966,8.141025641025641e-06,0.00040705128205128203
text+audio_text_ln_lrh0.001_e5_s42,128,1,1.49669,8.7208,8.205128205128205e-06,0.00041025641025641023
text+audio_text_ln_lrh0.001_e5_s42,129,1,1.21707,10.5986,8.26923076923077e-06,0.00041346153846153844
text+audio_text_ln_lrh0.001_e5_s42,130,1,1.34032,16.8932,8.333333333333334e-06,0.0004166666666666667
text+audio_text_ln_lrh0.001_e5_s42,131,1,1.64224,8.8238,8.397435897435898e-06,0.0004198717948717949
text+audio_text_ln_lrh0.001_e5_s42,132,1,0.99885,7.9251,8.461538461538462e-06,0.0004230769230769231
text+audio_text_ln_lrh0.001_e5_s42,133,1,1.77803,11.3783,8.525641025641026e-06,0.0004262820512820513
text+audio_text_ln_lrh0.001_e5_s42,134,1,0.85663,29.6153,8.58974358974359e-06,0.00042948717948717945
text+audio_text_ln_lrh0.001_e5_s42,135,1,0.9469,11.5809,8.653846153846155e-06,0.0004326923076923077
text+audio_text_ln_lrh0.001_e5_s42,136,1,0.73921,10.3167,8.717948717948719e-06,0.0004358974358974359
text+audio_text_ln_lrh0.001_e5_s42,137,1,1.35212,18.9646,8.782051282051283e-06,0.0004391025641025641
text+audio_text_ln_lrh0.001_e5_s42,138,1,1.1424,8.3921,8.846153846153847e-06,0.0004423076923076923
text+audio_text_ln_lrh0.001_e5_s42,139,1,1.13701,8.9816,8.910256410256411e-06,0.00044551282051282057
text+audio_text_ln_lrh0.001_e5_s42,140,1,1.04999,8.2099,8.974358974358976e-06,0.0004487179487179487
text+audio_text_ln_lrh0.001_e5_s42,141,1,1.63378,10.9513,9.03846153846154e-06,0.0004519230769230769
text+audio_text_ln_lrh0.001_e5_s42,142,1,1.02653,12.2647,9.102564102564104e-06,0.0004551282051282051
text+audio_text_ln_lrh0.001_e5_s42,143,1,0.9248,8.5028,9.166666666666666e-06,0.0004583333333333333
text+audio_text_ln_lrh0.001_e5_s42,144,1,1.22452,20.5682,9.230769230769232e-06,0.0004615384615384616
text+audio_text_ln_lrh0.001_e5_s42,145,1,1.64602,17.3864,9.294871794871796e-06,0.0004647435897435898
text+audio_text_ln_lrh0.001_e5_s42,146,1,1.26951,23.8662,9.358974358974359e-06,0.000467948717948718
text+audio_text_ln_lrh0.001_e5_s42,147,1,1.23932,13.4067,9.423076923076923e-06,0.00047115384615384613
text+audio_text_ln_lrh0.001_e5_s42,148,1,1.74296,17.1022,9.487179487179487e-06,0.00047435897435897434
text+audio_text_ln_lrh0.001_e5_s42,149,1,1.47459,13.6243,9.551282051282053e-06,0.0004775641025641026
text+audio_text_ln_lrh0.001_e5_s42,150,1,1.20676,17.8479,9.615384615384616e-06,0.0004807692307692308
text+audio_text_ln_lrh0.001_e5_s42,151,1,1.49612,23.1426,9.67948717948718e-06,0.000483974358974359
text+audio_text_ln_lrh0.001_e5_s42,152,1,1.04905,12.8962,9.743589743589744e-06,0.0004871794871794872
text+audio_text_ln_lrh0.001_e5_s42,153,1,1.51437,11.0376,9.807692307692308e-06,0.0004903846153846154
text+audio_text_ln_lrh0.001_e5_s42,154,1,1.26779,14.0958,9.871794871794872e-06,0.0004935897435897436
text+audio_text_ln_lrh0.001_e5_s42,155,1,1.00025,11.3715,9.935897435897437e-06,0.0004967948717948718
text+audio_text_ln_lrh0.001_e5_s42,156,1,1.61947,10.1975,1e-05,0.0005
text+audio_text_ln_lrh0.001_e5_s42,157,1,1.09865,11.7368,1.0064102564102565e-05,0.0005032051282051282
text+audio_text_ln_lrh0.001_e5_s42,158,1,1.73988,16.1665,1.012820512820513e-05,0.0005064102564102564
text+audio_text_ln_lrh0.001_e5_s42,159,1,1.11622,10.5242,1.0192307692307692e-05,0.0005096153846153846
text+audio_text_ln_lrh0.001_e5_s42,160,1,1.24302,20.4041,1.0256410256410256e-05,0.0005128205128205128
text+audio_text_ln_lrh0.001_e5_s42,161,1,1.46214,14.545,1.0320512820512822e-05,0.0005160256410256411
text+audio_text_ln_lrh0.001_e5_s42,162,1,1.74889,13.7921,1.0384615384615386e-05,0.0005192307692307693
text+audio_text_ln_lrh0.001_e5_s42,163,1,1.04555,16.9109,1.044871794871795e-05,0.0005224358974358974
text+audio_text_ln_lrh0.001_e5_s42,164,1,1.2297,15.3085,1.0512820512820514e-05,0.0005256410256410256
text+audio_text_ln_lrh0.001_e5_s42,165,1,0.99133,24.5661,1.0576923076923078e-05,0.0005288461538461538
text+audio_text_ln_lrh0.001_e5_s42,166,1,1.31294,17.9686,1.0641025641025643e-05,0.000532051282051282
text+audio_text_ln_lrh0.001_e5_s42,167,1,1.96776,19.0816,1.0705128205128205e-05,0.0005352564102564102
text+audio_text_ln_lrh0.001_e5_s42,168,1,1.19225,14.6027,1.076923076923077e-05,0.0005384615384615384
text+audio_text_ln_lrh0.001_e5_s42,169,1,0.97635,11.6959,1.0833333333333334e-05,0.0005416666666666666
text+audio_text_ln_lrh0.001_e5_s42,170,1,1.2384,13.0072,1.0897435897435898e-05,0.0005448717948717948
text+audio_text_ln_lrh0.001_e5_s42,171,1,1.4955,16.3922,1.0961538461538464e-05,0.0005480769230769232
text+audio_text_ln_lrh0.001_e5_s42,172,1,1.11309,15.113,1.1025641025641028e-05,0.0005512820512820514
text+audio_text_ln_lrh0.001_e5_s42,173,1,0.79254,10.7711,1.1089743589743592e-05,0.0005544871794871796
text+audio_text_ln_lrh0.001_e5_s42,174,1,1.4208,14.7479,1.1153846153846154e-05,0.0005576923076923078
text+audio_text_ln_lrh0.001_e5_s42,175,1,1.48786,13.223,1.1217948717948719e-05,0.000560897435897436
text+audio_text_ln_lrh0.001_e5_s42,176,1,0.97688,9.1895,1.1282051282051283e-05,0.0005641025641025641
text+audio_text_ln_lrh0.001_e5_s42,177,1,1.3739,15.5992,1.1346153846153847e-05,0.0005673076923076923
text+audio_text_ln_lrh0.001_e5_s42,178,1,1.12217,11.7558,1.1410256410256411e-05,0.0005705128205128205
text+audio_text_ln_lrh0.001_e5_s42,179,1,2.03477,23.3145,1.1474358974358974e-05,0.0005737179487179487
text+audio_text_ln_lrh0.001_e5_s42,180,1,1.34729,12.5449,1.1538461538461538e-05,0.0005769230769230769
text+audio_text_ln_lrh0.001_e5_s42,181,1,1.59327,14.3377,1.1602564102564104e-05,0.0005801282051282052
text+audio_text_ln_lrh0.001_e5_s42,182,1,1.34368,14.064,1.1666666666666668e-05,0.0005833333333333334
text+audio_text_ln_lrh0.001_e5_s42,183,1,1.04112,9.0472,1.1730769230769232e-05,0.0005865384615384616
text+audio_text_ln_lrh0.001_e5_s42,184,1,1.65507,10.8809,1.1794871794871796e-05,0.0005897435897435898
text+audio_text_ln_lrh0.001_e5_s42,185,1,1.38604,14.6643,1.185897435897436e-05,0.000592948717948718
text+audio_text_ln_lrh0.001_e5_s42,186,1,1.17889,14.8647,1.1923076923076925e-05,0.0005961538461538462
text+audio_text_ln_lrh0.001_e5_s42,187,1,1.52401,20.9028,1.1987179487179487e-05,0.0005993589743589744
text+audio_text_ln_lrh0.001_e5_s42,188,1,1.6087,14.0496,1.2051282051282051e-05,0.0006025641025641026
text+audio_text_ln_lrh0.001_e5_s42,189,1,1.24553,12.0148,1.2115384615384615e-05,0.0006057692307692307
text+audio_text_ln_lrh0.001_e5_s42,190,1,1.45519,9.5602,1.217948717948718e-05,0.0006089743589743589
text+audio_text_ln_lrh0.001_e5_s42,191,1,1.34653,13.252,1.2243589743589746e-05,0.0006121794871794872
text+audio_text_ln_lrh0.001_e5_s42,192,1,1.11533,15.9664,1.230769230769231e-05,0.0006153846153846154
text+audio_text_ln_lrh0.001_e5_s42,193,1,1.07332,7.9981,1.2371794871794874e-05,0.0006185897435897436
text+audio_text_ln_lrh0.001_e5_s42,194,1,1.32908,11.3391,1.2435897435897436e-05,0.0006217948717948718
text+audio_text_ln_lrh0.001_e5_s42,195,1,1.71604,11.9522,1.25e-05,0.000625
text+audio_text_ln_lrh0.001_e5_s42,196,1,1.07786,15.255,1.2564102564102565e-05,0.0006282051282051282
text+audio_text_ln_lrh0.001_e5_s42,197,1,1.11537,13.0853,1.2628205128205129e-05,0.0006314102564102564
text+audio_text_ln_lrh0.001_e5_s42,198,1,0.76757,5.7733,1.2692307692307693e-05,0.0006346153846153846
text+audio_text_ln_lrh0.001_e5_s42,199,1,1.22544,9.4962,1.2756410256410257e-05,0.0006378205128205128
text+audio_text_ln_lrh0.001_e5_s42,200,1,2.11402,16.5328,1.2820512820512823e-05,0.0006410256410256411
text+audio_text_ln_lrh0.001_e5_s42,201,1,0.87484,11.3078,1.2884615384615386e-05,0.0006442307692307693
text+audio_text_ln_lrh0.001_e5_s42,202,1,0.96596,14.8632,1.294871794871795e-05,0.0006474358974358974
text+audio_text_ln_lrh0.001_e5_s42,203,1,1.65318,18.192,1.3012820512820514e-05,0.0006506410256410256
text+audio_text_ln_lrh0.001_e5_s42,204,1,1.17401,9.6843,1.3076923076923078e-05,0.0006538461538461538
text+audio_text_ln_lrh0.001_e5_s42,205,1,0.99883,7.9065,1.3141025641025642e-05,0.000657051282051282
text+audio_text_ln_lrh0.001_e5_s42,206,1,1.03757,10.4735,1.3205128205128207e-05,0.0006602564102564102
text+audio_text_ln_lrh0.001_e5_s42,207,1,0.79176,12.778,1.3269230769230769e-05,0.0006634615384615384
text+audio_text_ln_lrh0.001_e5_s42,208,1,1.44614,11.351,1.3333333333333333e-05,0.0006666666666666666
text+audio_text_ln_lrh0.001_e5_s42,209,1,1.32329,13.0574,1.3397435897435897e-05,0.0006698717948717948
text+audio_text_ln_lrh0.001_e5_s42,210,1,1.06091,13.9655,1.3461538461538463e-05,0.0006730769230769232
text+audio_text_ln_lrh0.001_e5_s42,211,1,1.16575,10.9763,1.3525641025641028e-05,0.0006762820512820514
text+audio_text_ln_lrh0.001_e5_s42,212,1,0.55488,12.4719,1.3589743589743592e-05,0.0006794871794871796
text+audio_text_ln_lrh0.001_e5_s42,213,1,1.0833,13.6538,1.3653846153846156e-05,0.0006826923076923078
text+audio_text_ln_lrh0.001_e5_s42,214,1,1.90472,24.2991,1.3717948717948718e-05,0.000685897435897436
text+audio_text_ln_lrh0.001_e5_s42,215,1,0.97963,19.3122,1.3782051282051283e-05,0.0006891025641025641
text+audio_text_ln_lrh0.001_e5_s42,216,1,1.05657,12.0439,1.3846153846153847e-05,0.0006923076923076923
text+audio_text_ln_lrh0.001_e5_s42,217,1,1.33587,28.1276,1.3910256410256411e-05,0.0006955128205128205
text+audio_text_ln_lrh0.001_e5_s42,218,1,0.92122,9.2364,1.3974358974358975e-05,0.0006987179487179487
text+audio_text_ln_lrh0.001_e5_s42,219,1,0.75719,13.689,1.403846153846154e-05,0.0007019230769230769
text+audio_text_ln_lrh0.001_e5_s42,220,1,1.33902,20.1752,1.4102564102564105e-05,0.0007051282051282052
text+audio_text_ln_lrh0.001_e5_s42,221,1,1.52726,24.9863,1.416666666666667e-05,0.0007083333333333334
text+audio_text_ln_lrh0.001_e5_s42,222,1,1.40781,18.4649,1.4230769230769232e-05,0.0007115384615384616
text+audio_text_ln_lrh0.001_e5_s42,223,1,1.77962,15.0788,1.4294871794871796e-05,0.0007147435897435898
text+audio_text_ln_lrh0.001_e5_s42,224,1,1.39974,15.0904,1.435897435897436e-05,0.000717948717948718
text+audio_text_ln_lrh0.001_e5_s42,225,1,1.21382,17.9298,1.4423076923076924e-05,0.0007211538461538462
text+audio_text_ln_lrh0.001_e5_s42,226,1,1.37952,16.4576,1.4487179487179489e-05,0.0007243589743589744
text+audio_text_ln_lrh0.001_e5_s42,227,1,0.52651,12.4996,1.4551282051282051e-05,0.0007275641025641026
text+audio_text_ln_lrh0.001_e5_s42,228,1,1.31671,13.2592,1.4615384615384615e-05,0.0007307692307692307
text+audio_text_ln_lrh0.001_e5_s42,229,1,1.06688,14.4621,1.467948717948718e-05,0.0007339743589743589
text+audio_text_ln_lrh0.001_e5_s42,230,1,1.00759,13.3831,1.4743589743589745e-05,0.0007371794871794872
text+audio_text_ln_lrh0.001_e5_s42,231,1,0.9332,14.4553,1.480769230769231e-05,0.0007403846153846154
text+audio_text_ln_lrh0.001_e5_s42,232,1,1.17529,10.8272,1.4871794871794874e-05,0.0007435897435897436
text+audio_text_ln_lrh0.001_e5_s42,233,1,1.19773,10.8708,1.4935897435897438e-05,0.0007467948717948718
text+audio_text_ln_lrh0.001_e5_s42,234,1,0.7133,18.8266,1.5000000000000002e-05,0.00075
text+audio_text_ln_lrh0.001_e5_s42,235,1,1.32704,17.976,1.5064102564102565e-05,0.0007532051282051282
text+audio_text_ln_lrh0.001_e5_s42,236,1,0.80513,9.0344,1.5128205128205129e-05,0.0007564102564102564
text+audio_text_ln_lrh0.001_e5_s42,237,1,1.53157,13.502,1.5192307692307693e-05,0.0007596153846153846
text+audio_text_ln_lrh0.001_e5_s42,238,1,1.24419,16.2811,1.5256410256410257e-05,0.0007628205128205128
text+audio_text_ln_lrh0.001_e5_s42,239,1,0.86424,9.8114,1.5320512820512823e-05,0.0007660256410256411
text+audio_text_ln_lrh0.001_e5_s42,240,1,1.09583,12.192,1.5384615384615387e-05,0.0007692307692307693
text+audio_text_ln_lrh0.001_e5_s42,241,1,1.44213,15.2128,1.544871794871795e-05,0.0007724358974358974
text+audio_text_ln_lrh0.001_e5_s42,242,1,1.41815,13.3526,1.5512820512820516e-05,0.0007756410256410256
text+audio_text_ln_lrh0.001_e5_s42,243,1,1.06884,13.9625,1.557692307692308e-05,0.0007788461538461538
text+audio_text_ln_lrh0.001_e5_s42,244,1,1.0306,11.1049,1.5641025641025644e-05,0.000782051282051282
text+audio_text_ln_lrh0.001_e5_s42,245,1,0.69027,13.6746,1.5705128205128205e-05,0.0007852564102564102
text+audio_text_ln_lrh0.001_e5_s42,246,1,1.15606,9.9083,1.576923076923077e-05,0.0007884615384615384
text+audio_text_ln_lrh0.001_e5_s42,247,1,1.18561,10.3113,1.5833333333333333e-05,0.0007916666666666666
text+audio_text_ln_lrh0.001_e5_s42,248,1,1.1857,11.0119,1.5897435897435897e-05,0.0007948717948717948
text+audio_text_ln_lrh0.001_e5_s42,249,1,2.01828,15.545,1.5961538461538465e-05,0.0007980769230769232
text+audio_text_ln_lrh0.001_e5_s42,250,1,1.39644,15.0468,1.602564102564103e-05,0.0008012820512820514
text+audio_text_ln_lrh0.001_e5_s42,251,1,0.76396,10.7867,1.6089743589743593e-05,0.0008044871794871796
text+audio_text_ln_lrh0.001_e5_s42,252,1,1.4482,16.9145,1.6153846153846154e-05,0.0008076923076923078
text+audio_text_ln_lrh0.001_e5_s42,253,1,0.8642,10.6838,1.6217948717948718e-05,0.000810897435897436
text+audio_text_ln_lrh0.001_e5_s42,254,1,0.8926,9.6218,1.6282051282051282e-05,0.0008141025641025641
text+audio_text_ln_lrh0.001_e5_s42,255,1,1.0336,14.3572,1.6346153846153847e-05,0.0008173076923076923
text+audio_text_ln_lrh0.001_e5_s42,256,1,0.81663,14.6783,1.641025641025641e-05,0.0008205128205128205
text+audio_text_ln_lrh0.001_e5_s42,257,1,0.68075,10.3143,1.6474358974358975e-05,0.0008237179487179487
text+audio_text_ln_lrh0.001_e5_s42,258,1,1.01204,14.9833,1.653846153846154e-05,0.0008269230769230769
text+audio_text_ln_lrh0.001_e5_s42,259,1,1.0658,11.5823,1.6602564102564103e-05,0.0008301282051282052
text+audio_text_ln_lrh0.001_e5_s42,260,1,0.50329,9.4327,1.6666666666666667e-05,0.0008333333333333334
text+audio_text_ln_lrh0.001_e5_s42,261,1,1.06764,22.0743,1.673076923076923e-05,0.0008365384615384616
text+audio_text_ln_lrh0.001_e5_s42,262,1,0.96339,12.663,1.6794871794871796e-05,0.0008397435897435898
text+audio_text_ln_lrh0.001_e5_s42,263,1,1.09047,13.7208,1.685897435897436e-05,0.000842948717948718
text+audio_text_ln_lrh0.001_e5_s42,264,1,1.41439,24.2233,1.6923076923076924e-05,0.0008461538461538462
text+audio_text_ln_lrh0.001_e5_s42,265,1,2.34104,23.48,1.698717948717949e-05,0.0008493589743589744
text+audio_text_ln_lrh0.001_e5_s42,266,1,1.00941,13.3762,1.7051282051282053e-05,0.0008525641025641026
text+audio_text_ln_lrh0.001_e5_s42,267,1,1.33855,27.4307,1.7115384615384617e-05,0.0008557692307692307
text+audio_text_ln_lrh0.001_e5_s42,268,1,0.80032,12.7526,1.717948717948718e-05,0.0008589743589743589
text+audio_text_ln_lrh0.001_e5_s42,269,1,1.26792,12.3519,1.7243589743589745e-05,0.0008621794871794872
text+audio_text_ln_lrh0.001_e5_s42,270,1,0.73718,14.5541,1.730769230769231e-05,0.0008653846153846154
text+audio_text_ln_lrh0.001_e5_s42,271,1,0.70574,11.0691,1.7371794871794873e-05,0.0008685897435897436
text+audio_text_ln_lrh0.001_e5_s42,272,1,0.83493,15.7414,1.7435897435897438e-05,0.0008717948717948718
text+audio_text_ln_lrh0.001_e5_s42,273,1,1.35406,16.5541,1.7500000000000002e-05,0.000875
text+audio_text_ln_lrh0.001_e5_s42,274,1,1.12197,16.3886,1.7564102564102566e-05,0.0008782051282051282
text+audio_text_ln_lrh0.001_e5_s42,275,1,0.89462,13.3767,1.762820512820513e-05,0.0008814102564102564
text+audio_text_ln_lrh0.001_e5_s42,276,1,0.72749,17.2255,1.7692307692307694e-05,0.0008846153846153846
text+audio_text_ln_lrh0.001_e5_s42,277,1,0.94696,15.0544,1.775641025641026e-05,0.0008878205128205128
text+audio_text_ln_lrh0.001_e5_s42,278,1,1.31456,23.5249,1.7820512820512823e-05,0.0008910256410256411
text+audio_text_ln_lrh0.001_e5_s42,279,1,1.49978,20.63,1.7884615384615387e-05,0.0008942307692307693
text+audio_text_ln_lrh0.001_e5_s42,280,1,1.49837,23.4518,1.794871794871795e-05,0.0008974358974358974
text+audio_text_ln_lrh0.001_e5_s42,281,1,0.56687,16.856,1.8012820512820515e-05,0.0009006410256410256
text+audio_text_ln_lrh0.001_e5_s42,282,1,1.75995,22.6424,1.807692307692308e-05,0.0009038461538461538
text+audio_text_ln_lrh0.001_e5_s42,283,1,1.48846,21.044,1.8141025641025644e-05,0.000907051282051282
text+audio_text_ln_lrh0.001_e5_s42,284,1,1.33615,18.7474,1.8205128205128208e-05,0.0009102564102564102
text+audio_text_ln_lrh0.001_e5_s42,285,1,1.38917,22.9953,1.826923076923077e-05,0.0009134615384615384
text+audio_text_ln_lrh0.001_e5_s42,286,1,1.12327,15.235,1.8333333333333333e-05,0.0009166666666666666
text+audio_text_ln_lrh0.001_e5_s42,287,1,1.26463,16.8694,1.8397435897435897e-05,0.0009198717948717949
text+audio_text_ln_lrh0.001_e5_s42,288,1,1.14424,23.4634,1.8461538461538465e-05,0.0009230769230769232
text+audio_text_ln_lrh0.001_e5_s42,289,1,0.77736,22.9534,1.852564102564103e-05,0.0009262820512820514
text+audio_text_ln_lrh0.001_e5_s42,290,1,1.01826,18.8384,1.8589743589743593e-05,0.0009294871794871796
text+audio_text_ln_lrh0.001_e5_s42,291,1,1.48392,20.4436,1.8653846153846157e-05,0.0009326923076923078
text+audio_text_ln_lrh0.001_e5_s42,292,1,1.35952,22.6475,1.8717948717948718e-05,0.000935897435897436
text+audio_text_ln_lrh0.001_e5_s42,293,1,0.86964,15.0086,1.8782051282051282e-05,0.0009391025641025641
text+audio_text_ln_lrh0.001_e5_s42,294,1,1.22738,20.8655,1.8846153846153846e-05,0.0009423076923076923
text+audio_text_ln_lrh0.001_e5_s42,295,1,1.17456,21.9003,1.891025641025641e-05,0.0009455128205128205
text+audio_text_ln_lrh0.001_e5_s42,296,1,1.40038,22.1602,1.8974358974358975e-05,0.0009487179487179487
text+audio_text_ln_lrh0.001_e5_s42,297,1,1.29266,29.9186,1.903846153846154e-05,0.0009519230769230769
text+audio_text_ln_lrh0.001_e5_s42,298,1,1.53524,16.9293,1.9102564102564106e-05,0.0009551282051282052
text+audio_text_ln_lrh0.001_e5_s42,299,1,1.29949,15.6875,1.916666666666667e-05,0.0009583333333333334
text+audio_text_ln_lrh0.001_e5_s42,300,1,1.27757,17.8282,1.923076923076923e-05,0.0009615384615384616
text+audio_text_ln_lrh0.001_e5_s42,301,1,1.49752,20.5711,1.9294871794871796e-05,0.0009647435897435898
text+audio_text_ln_lrh0.001_e5_s42,302,1,0.91326,11.2254,1.935897435897436e-05,0.000967948717948718
text+audio_text_ln_lrh0.001_e5_s42,303,1,1.24783,20.2475,1.9423076923076924e-05,0.0009711538461538462
text+audio_text_ln_lrh0.001_e5_s42,304,1,1.06346,20.752,1.9487179487179488e-05,0.0009743589743589744
text+audio_text_ln_lrh0.001_e5_s42,305,1,1.08618,20.484,1.9551282051282052e-05,0.0009775641025641026
text+audio_text_ln_lrh0.001_e5_s42,306,1,0.93957,13.9809,1.9615384615384617e-05,0.0009807692307692308
text+audio_text_ln_lrh0.001_e5_s42,307,1,1.09585,25.1752,1.967948717948718e-05,0.000983974358974359
text+audio_text_ln_lrh0.001_e5_s42,308,1,0.92784,11.4351,1.9743589743589745e-05,0.0009871794871794872
text+audio_text_ln_lrh0.001_e5_s42,309,1,0.95841,13.9501,1.980769230769231e-05,0.0009903846153846154
text+audio_text_ln_lrh0.001_e5_s42,310,1,1.68624,19.7832,1.9871794871794873e-05,0.0009935897435897436
text+audio_text_ln_lrh0.001_e5_s42,311,1,0.87823,12.237,1.9935897435897437e-05,0.0009967948717948718
text+audio_text_ln_lrh0.001_e5_s42,312,1,1.11043,12.9772,2e-05,0.001
text+audio_text_ln_lrh0.001_e5_s42,313,1,0.883,18.0711,1.9992890152861714e-05,0.0009996445076430856
text+audio_text_ln_lrh0.001_e5_s42,314,1,1.44449,16.0531,1.9985780305723426e-05,0.0009992890152861714
text+audio_text_ln_lrh0.001_e5_s42,315,1,1.71401,13.7458,1.9978670458585142e-05,0.000998933522929257
text+audio_text_ln_lrh0.001_e5_s42,316,1,1.08905,11.292,1.9971560611446855e-05,0.0009985780305723428
text+audio_text_ln_lrh0.001_e5_s42,317,1,1.03568,15.0444,1.996445076430857e-05,0.0009982225382154284
text+audio_text_ln_lrh0.001_e5_s42,318,1,1.23992,19.4873,1.9957340917170283e-05,0.000997867045858514
text+audio_text_ln_lrh0.001_e5_s42,319,1,1.02161,13.8538,1.9950231070031995e-05,0.0009975115535015998
text+audio_text_ln_lrh0.001_e5_s42,320,1,1.56428,19.0788,1.9943121222893708e-05,0.0009971560611446854
text+audio_text_ln_lrh0.001_e5_s42,321,1,1.15727,17.3452,1.9936011375755423e-05,0.000996800568787771
text+audio_text_ln_lrh0.001_e5_s42,322,1,1.03956,11.8126,1.9928901528617136e-05,0.0009964450764308568
text+audio_text_ln_lrh0.001_e5_s42,323,1,1.6813,11.7994,1.992179168147885e-05,0.0009960895840739426
text+audio_text_ln_lrh0.001_e5_s42,324,1,1.33638,11.1583,1.9914681834340564e-05,0.0009957340917170281
text+audio_text_ln_lrh0.001_e5_s42,325,1,1.28996,12.9674,1.9907571987202276e-05,0.0009953785993601137
text+audio_text_ln_lrh0.001_e5_s42,326,1,1.46221,11.913,1.990046214006399e-05,0.0009950231070031995
text+audio_text_ln_lrh0.001_e5_s42,327,1,1.12595,9.012,1.98933522929257e-05,0.0009946676146462851
text+audio_text_ln_lrh0.001_e5_s42,328,1,1.26833,15.6884,1.9886242445787417e-05,0.000994312122289371
text+audio_text_ln_lrh0.001_e5_s42,329,1,1.11671,7.9637,1.9879132598649133e-05,0.0009939566299324565
text+audio_text_ln_lrh0.001_e5_s42,330,1,0.96653,14.7792,1.9872022751510845e-05,0.000993601137575542
text+audio_text_ln_lrh0.001_e5_s42,331,1,1.43181,21.8528,1.9864912904372558e-05,0.000993245645218628
text+audio_text_ln_lrh0.001_e5_s42,332,1,1.34063,11.9192,1.985780305723427e-05,0.0009928901528617135
text+audio_text_ln_lrh0.001_e5_s42,333,1,1.01036,16.6001,1.9850693210095982e-05,0.000992534660504799
text+audio_text_ln_lrh0.001_e5_s42,334,1,0.85234,14.4592,1.9843583362957698e-05,0.0009921791681478849
text+audio_text_ln_lrh0.001_e5_s42,335,1,1.20283,15.1231,1.983647351581941e-05,0.0009918236757909705
text+audio_text_ln_lrh0.001_e5_s42,336,1,1.48251,14.4934,1.9829363668681126e-05,0.0009914681834340563
text+audio_text_ln_lrh0.001_e5_s42,337,1,0.99746,16.4098,1.982225382154284e-05,0.0009911126910771418
text+audio_text_ln_lrh0.001_e5_s42,338,1,1.07082,17.0558,1.981514397440455e-05,0.0009907571987202274
text+audio_text_ln_lrh0.001_e5_s42,339,1,0.8132,13.441,1.9808034127266264e-05,0.0009904017063633132
text+audio_text_ln_lrh0.001_e5_s42,340,1,1.02596,8.289,1.980092428012798e-05,0.000990046214006399
text+audio_text_ln_lrh0.001_e5_s42,341,1,1.81066,20.4561,1.9793814432989692e-05,0.0009896907216494846
text+audio_text_ln_lrh0.001_e5_s42,342,1,1.64744,21.3281,1.9786704585851408e-05,0.0009893352292925702
text+audio_text_ln_lrh0.001_e5_s42,343,1,1.18389,18.9635,1.977959473871312e-05,0.0009889797369356558
text+audio_text_ln_lrh0.001_e5_s42,344,1,0.81287,18.3881,1.9772484891574832e-05,0.0009886242445787416
text+audio_text_ln_lrh0.001_e5_s42,345,1,1.34083,17.478,1.9765375044436545e-05,0.0009882687522218272
text+audio_text_ln_lrh0.001_e5_s42,346,1,1.26588,13.7461,1.9758265197298257e-05,0.0009879132598649128
text+audio_text_ln_lrh0.001_e5_s42,347,1,0.94437,15.6957,1.9751155350159973e-05,0.0009875577675079986
text+audio_text_ln_lrh0.001_e5_s42,348,1,0.78677,8.7386,1.9744045503021686e-05,0.0009872022751510844
text+audio_text_ln_lrh0.001_e5_s42,349,1,0.95285,13.7116,1.97369356558834e-05,0.00098684678279417
text+audio_text_ln_lrh0.001_e5_s42,350,1,1.07556,15.0315,1.9729825808745114e-05,0.0009864912904372556
text+audio_text_ln_lrh0.001_e5_s42,351,1,0.69494,17.1865,1.9722715961606826e-05,0.0009861357980803414
text+audio_text_ln_lrh0.001_e5_s42,352,1,0.86211,12.0269,1.971560611446854e-05,0.000985780305723427
text+audio_text_ln_lrh0.001_e5_s42,353,1,0.56739,19.1776,1.9708496267330254e-05,0.0009854248133665127
text+audio_text_ln_lrh0.001_e5_s42,354,1,0.93907,14.0842,1.9701386420191967e-05,0.0009850693210095983
text+audio_text_ln_lrh0.001_e5_s42,355,1,0.68585,9.1566,1.9694276573053683e-05,0.000984713828652684
text+audio_text_ln_lrh0.001_e5_s42,356,1,1.18692,15.1338,1.9687166725915395e-05,0.0009843583362957697
text+audio_text_ln_lrh0.001_e5_s42,357,1,1.45851,17.0135,1.9680056878777107e-05,0.0009840028439388553
text+audio_text_ln_lrh0.001_e5_s42,358,1,2.23844,22.314,1.967294703163882e-05,0.000983647351581941
text+audio_text_ln_lrh0.001_e5_s42,359,1,1.25445,19.0454,1.9665837184500536e-05,0.0009832918592250267
text+audio_text_ln_lrh0.001_e5_s42,360,1,1.24907,48.0558,1.9658727337362248e-05,0.0009829363668681123
text+audio_text_ln_lrh0.001_e5_s42,361,1,1.01532,9.4287,1.9651617490223964e-05,0.000982580874511198
text+audio_text_ln_lrh0.001_e5_s42,362,1,1.62843,17.2274,1.9644507643085676e-05,0.0009822253821542837
text+audio_text_ln_lrh0.001_e5_s42,363,1,1.48321,14.576,1.963739779594739e-05,0.0009818698897973693
text+audio_text_ln_lrh0.001_e5_s42,364,1,0.96574,14.9726,1.96302879488091e-05,0.000981514397440455
text+audio_text_ln_lrh0.001_e5_s42,365,1,1.06556,11.1975,1.9623178101670817e-05,0.0009811589050835409
text+audio_text_ln_lrh0.001_e5_s42,366,1,1.14563,9.0061,1.961606825453253e-05,0.0009808034127266265
text+audio_text_ln_lrh0.001_e5_s42,367,1,1.28418,13.5929,1.960895840739424e-05,0.000980447920369712
text+audio_text_ln_lrh0.001_e5_s42,368,1,1.12082,11.3409,1.9601848560255957e-05,0.0009800924280127978
text+audio_text_ln_lrh0.001_e5_s42,369,1,1.25463,13.0454,1.959473871311767e-05,0.0009797369356558834
text+audio_text_ln_lrh0.001_e5_s42,370,1,0.61634,8.1913,1.9587628865979382e-05,0.000979381443298969
text+audio_text_ln_lrh0.001_e5_s42,371,1,1.58323,11.5683,1.9580519018841098e-05,0.0009790259509420548
text+audio_text_ln_lrh0.001_e5_s42,372,1,1.3595,10.5211,1.957340917170281e-05,0.0009786704585851404
text+audio_text_ln_lrh0.001_e5_s42,373,1,1.21609,9.6165,1.9566299324564523e-05,0.0009783149662282262
text+audio_text_ln_lrh0.001_e5_s42,374,1,0.99281,9.4583,1.955918947742624e-05,0.0009779594738713118
text+audio_text_ln_lrh0.001_e5_s42,375,1,1.09488,9.6319,1.955207963028795e-05,0.0009776039815143974
text+audio_text_ln_lrh0.001_e5_s42,376,1,1.00618,9.9962,1.9544969783149663e-05,0.0009772484891574832
text+audio_text_ln_lrh0.001_e5_s42,377,1,1.49703,12.0135,1.9537859936011376e-05,0.0009768929968005688
text+audio_text_ln_lrh0.001_e5_s42,378,1,1.21961,18.3916,1.953075008887309e-05,0.0009765375044436545
text+audio_text_ln_lrh0.001_e5_s42,379,1,1.1507,11.015,1.9523640241734804e-05,0.0009761820120867402
text+audio_text_ln_lrh0.001_e5_s42,380,1,2.09361,19.621,1.9516530394596516e-05,0.0009758265197298259
text+audio_text_ln_lrh0.001_e5_s42,381,1,1.18731,19.5843,1.9509420547458232e-05,0.0009754710273729114
text+audio_text_ln_lrh0.001_e5_s42,382,1,1.82602,16.1088,1.9502310700319945e-05,0.0009751155350159971
text+audio_text_ln_lrh0.001_e5_s42,383,1,0.83689,11.0597,1.9495200853181657e-05,0.0009747600426590828
text+audio_text_ln_lrh0.001_e5_s42,384,1,1.13837,13.487,1.9488091006043373e-05,0.0009744045503021685
text+audio_text_ln_lrh0.001_e5_s42,385,1,1.1251,11.7737,1.9480981158905085e-05,0.0009740490579452542
text+audio_text_ln_lrh0.001_e5_s42,386,1,1.47199,11.2494,1.9473871311766798e-05,0.0009736935655883399
text+audio_text_ln_lrh0.001_e5_s42,387,1,1.31347,12.9295,1.9466761464628513e-05,0.0009733380732314255
text+audio_text_ln_lrh0.001_e5_s42,388,1,1.29389,13.123,1.9459651617490226e-05,0.0009729825808745112
text+audio_text_ln_lrh0.001_e5_s42,389,1,0.87866,9.5672,1.9452541770351938e-05,0.0009726270885175969
text+audio_text_ln_lrh0.001_e5_s42,390,1,0.96407,13.6833,1.9445431923213654e-05,0.0009722715961606826
text+audio_text_ln_lrh0.001_e5_s42,391,1,1.17627,9.7213,1.9438322076075366e-05,0.0009719161038037683
text+audio_text_ln_lrh0.001_e5_s42,392,1,1.12788,10.5619,1.943121222893708e-05,0.000971560611446854
text+audio_text_ln_lrh0.001_e5_s42,393,1,1.62445,9.8549,1.942410238179879e-05,0.0009712051190899396
text+audio_text_ln_lrh0.001_e5_s42,394,1,1.06232,14.4657,1.9416992534660507e-05,0.0009708496267330253
text+audio_text_ln_lrh0.001_e5_s42,395,1,0.73558,10.909,1.940988268752222e-05,0.0009704941343761108
text+audio_text_ln_lrh0.001_e5_s42,396,1,1.05883,9.0987,1.9402772840383935e-05,0.0009701386420191967
text+audio_text_ln_lrh0.001_e5_s42,397,1,1.07814,13.1183,1.9395662993245648e-05,0.0009697831496622823
text+audio_text_ln_lrh0.001_e5_s42,398,1,1.33493,11.6447,1.938855314610736e-05,0.0009694276573053679
text+audio_text_ln_lrh0.001_e5_s42,399,1,1.22532,14.9785,1.9381443298969072e-05,0.0009690721649484536
text+audio_text_ln_lrh0.001_e5_s42,400,1,1.87403,16.9141,1.9374333451830788e-05,0.0009687166725915393
text+audio_text_ln_lrh0.001_e5_s42,401,1,1.05859,14.1127,1.93672236046925e-05,0.0009683611802346249
text+audio_text_ln_lrh0.001_e5_s42,402,1,1.58677,18.6249,1.9360113757554213e-05,0.0009680056878777106
text+audio_text_ln_lrh0.001_e5_s42,403,1,1.67067,12.0706,1.935300391041593e-05,0.0009676501955207964
text+audio_text_ln_lrh0.001_e5_s42,404,1,1.07852,9.6952,1.934589406327764e-05,0.000967294703163882
text+audio_text_ln_lrh0.001_e5_s42,405,1,0.95029,11.6787,1.9338784216139354e-05,0.0009669392108069677
text+audio_text_ln_lrh0.001_e5_s42,406,1,1.12256,10.2068,1.933167436900107e-05,0.0009665837184500534
text+audio_text_ln_lrh0.001_e5_s42,407,1,1.19928,11.2931,1.9324564521862782e-05,0.000966228226093139
text+audio_text_ln_lrh0.001_e5_s42,408,1,0.98042,11.0049,1.9317454674724494e-05,0.0009658727337362247
text+audio_text_ln_lrh0.001_e5_s42,409,1,1.2874,11.07,1.931034482758621e-05,0.0009655172413793104
text+audio_text_ln_lrh0.001_e5_s42,410,1,1.16089,12.1117,1.9303234980447922e-05,0.000965161749022396
text+audio_text_ln_lrh0.001_e5_s42,411,1,1.12455,7.1849,1.9296125133309635e-05,0.0009648062566654817
text+audio_text_ln_lrh0.001_e5_s42,412,1,1.61847,16.5279,1.9289015286171347e-05,0.0009644507643085673
text+audio_text_ln_lrh0.001_e5_s42,413,1,0.82607,12.6341,1.9281905439033063e-05,0.000964095271951653
text+audio_text_ln_lrh0.001_e5_s42,414,1,1.30238,13.8154,1.9274795591894775e-05,0.0009637397795947387
text+audio_text_ln_lrh0.001_e5_s42,415,1,1.39152,11.3779,1.926768574475649e-05,0.0009633842872378244
text+audio_text_ln_lrh0.001_e5_s42,416,1,1.17781,7.8832,1.9260575897618204e-05,0.0009630287948809101
text+audio_text_ln_lrh0.001_e5_s42,417,1,1.3192,8.7816,1.9253466050479916e-05,0.0009626733025239958
text+audio_text_ln_lrh0.001_e5_s42,418,1,1.55525,12.9542,1.924635620334163e-05,0.0009623178101670814
text+audio_text_ln_lrh0.001_e5_s42,419,1,1.08948,17.7109,1.9239246356203344e-05,0.0009619623178101671
text+audio_text_ln_lrh0.001_e5_s42,420,1,1.14791,16.8452,1.9232136509065057e-05,0.0009616068254532528
text+audio_text_ln_lrh0.001_e5_s42,421,1,1.87557,15.053,1.9225026661926772e-05,0.0009612513330963385
text+audio_text_ln_lrh0.001_e5_s42,422,1,1.23195,11.9415,1.9217916814788485e-05,0.0009608958407394242
text+audio_text_ln_lrh0.001_e5_s42,423,1,1.78581,14.1546,1.9210806967650197e-05,0.0009605403483825098
text+audio_text_ln_lrh0.001_e5_s42,424,1,1.38021,15.3389,1.920369712051191e-05,0.0009601848560255955
text+audio_text_ln_lrh0.001_e5_s42,425,1,0.59318,10.5672,1.9196587273373622e-05,0.0009598293636686811
text+audio_text_ln_lrh0.001_e5_s42,426,1,1.02132,12.5767,1.9189477426235338e-05,0.0009594738713117667
text+audio_text_ln_lrh0.001_e5_s42,427,1,1.00963,16.3731,1.9182367579097054e-05,0.0009591183789548525
text+audio_text_ln_lrh0.001_e5_s42,428,1,1.76794,15.3771,1.9175257731958766e-05,0.0009587628865979382
text+audio_text_ln_lrh0.001_e5_s42,429,1,1.39388,16.5202,1.916814788482048e-05,0.0009584073942410238
text+audio_text_ln_lrh0.001_e5_s42,430,1,1.1883,13.2669,1.916103803768219e-05,0.0009580519018841095
text+audio_text_ln_lrh0.001_e5_s42,431,1,1.24255,20.6659,1.9153928190543903e-05,0.0009576964095271952
text+audio_text_ln_lrh0.001_e5_s42,432,1,0.64618,7.0507,1.914681834340562e-05,0.0009573409171702808
text+audio_text_ln_lrh0.001_e5_s42,433,1,1.48387,16.2267,1.913970849626733e-05,0.0009569854248133665
text+audio_text_ln_lrh0.001_e5_s42,434,1,1.23136,19.3445,1.9132598649129047e-05,0.0009566299324564523
text+audio_text_ln_lrh0.001_e5_s42,435,1,0.5407,6.8296,1.912548880199076e-05,0.0009562744400995379
text+audio_text_ln_lrh0.001_e5_s42,436,1,1.42207,21.5091,1.9118378954852472e-05,0.0009559189477426236
text+audio_text_ln_lrh0.001_e5_s42,437,1,0.90474,10.5094,1.9111269107714184e-05,0.0009555634553857092
text+audio_text_ln_lrh0.001_e5_s42,438,1,1.08036,13.7549,1.9104159260575897e-05,0.0009552079630287949
text+audio_text_ln_lrh0.001_e5_s42,439,1,1.36154,24.9706,1.9097049413437613e-05,0.0009548524706718806
text+audio_text_ln_lrh0.001_e5_s42,440,1,1.49951,14.7792,1.908993956629933e-05,0.0009544969783149662
text+audio_text_ln_lrh0.001_e5_s42,441,1,1.04315,14.3501,1.908282971916104e-05,0.0009541414859580519
text+audio_text_ln_lrh0.001_e5_s42,442,1,0.6684,9.681,1.9075719872022753e-05,0.0009537859936011376
text+audio_text_ln_lrh0.001_e5_s42,443,1,1.361,12.9058,1.9068610024884466e-05,0.0009534305012442232
text+audio_text_ln_lrh0.001_e5_s42,444,1,1.01275,13.6352,1.9061500177746178e-05,0.0009530750088873089
text+audio_text_ln_lrh0.001_e5_s42,445,1,1.21447,12.9859,1.9054390330607894e-05,0.0009527195165303946
text+audio_text_ln_lrh0.001_e5_s42,446,1,1.10576,11.537,1.9047280483469606e-05,0.0009523640241734803
text+audio_text_ln_lrh0.001_e5_s42,447,1,1.12244,12.5941,1.9040170636331322e-05,0.000952008531816566
text+audio_text_ln_lrh0.001_e5_s42,448,1,0.9272,11.9703,1.9033060789193034e-05,0.0009516530394596517
text+audio_text_ln_lrh0.001_e5_s42,449,1,1.04603,14.084,1.9025950942054747e-05,0.0009512975471027373
text+audio_text_ln_lrh0.001_e5_s42,450,1,0.76958,12.4607,1.901884109491646e-05,0.000950942054745823
text+audio_text_ln_lrh0.001_e5_s42,451,1,1.13418,22.2309,1.9011731247778175e-05,0.0009505865623889086
text+audio_text_ln_lrh0.001_e5_s42,452,1,0.81571,15.0602,1.9004621400639887e-05,0.0009502310700319944
text+audio_text_ln_lrh0.001_e5_s42,453,1,0.76682,9.5295,1.8997511553501603e-05,0.0009498755776750801
text+audio_text_ln_lrh0.001_e5_s42,454,1,1.60539,16.683,1.8990401706363316e-05,0.0009495200853181656
text+audio_text_ln_lrh0.001_e5_s42,455,1,0.78655,12.2558,1.8983291859225028e-05,0.0009491645929612513
text+audio_text_ln_lrh0.001_e5_s42,456,1,1.09968,22.7856,1.897618201208674e-05,0.000948809100604337
text+audio_text_ln_lrh0.001_e5_s42,457,1,1.66233,20.0208,1.8969072164948453e-05,0.0009484536082474226
text+audio_text_ln_lrh0.001_e5_s42,458,1,1.47863,19.574,1.896196231781017e-05,0.0009480981158905084
text+audio_text_ln_lrh0.001_e5_s42,459,1,0.74847,12.3403,1.8954852470671884e-05,0.0009477426235335941
text+audio_text_ln_lrh0.001_e5_s42,460,1,1.10155,17.313,1.8947742623533597e-05,0.0009473871311766797
text+audio_text_ln_lrh0.001_e5_s42,461,1,1.1554,14.1536,1.894063277639531e-05,0.0009470316388197654
text+audio_text_ln_lrh0.001_e5_s42,462,1,1.13778,20.6282,1.893352292925702e-05,0.0009466761464628511
text+audio_text_ln_lrh0.001_e5_s42,463,1,1.30561,17.8832,1.8926413082118734e-05,0.0009463206541059367
text+audio_text_ln_lrh0.001_e5_s42,464,1,1.09024,11.5288,1.891930323498045e-05,0.0009459651617490224
text+audio_text_ln_lrh0.001_e5_s42,465,1,1.08609,14.3388,1.8912193387842162e-05,0.0009456096693921082
text+audio_text_ln_lrh0.001_e5_s42,466,1,1.16668,25.0146,1.8905083540703878e-05,0.0009452541770351938
text+audio_text_ln_lrh0.001_e5_s42,467,1,1.29944,18.6315,1.889797369356559e-05,0.0009448986846782795
text+audio_text_ln_lrh0.001_e5_s42,468,1,0.89875,14.5516,1.8890863846427303e-05,0.000944543192321365
text+audio_text_ln_lrh0.001_e5_s42,469,1,1.14928,15.0147,1.8883753999289015e-05,0.0009441876999644507
text+audio_text_ln_lrh0.001_e5_s42,470,1,0.55147,11.4943,1.8876644152150728e-05,0.0009438322076075364
text+audio_text_ln_lrh0.001_e5_s42,471,1,0.74516,8.8763,1.8869534305012444e-05,0.0009434767152506221
text+audio_text_ln_lrh0.001_e5_s42,472,1,1.27339,19.7003,1.886242445787416e-05,0.0009431212228937078
text+audio_text_ln_lrh0.001_e5_s42,473,1,0.73657,15.9088,1.8855314610735872e-05,0.0009427657305367935
text+audio_text_ln_lrh0.001_e5_s42,474,1,1.11829,14.392,1.8848204763597584e-05,0.0009424102381798791
text+audio_text_ln_lrh0.001_e5_s42,475,1,1.2605,19.7659,1.8841094916459297e-05,0.0009420547458229648
text+audio_text_ln_lrh0.001_e5_s42,476,1,1.67934,12.3481,1.883398506932101e-05,0.0009416992534660505
text+audio_text_ln_lrh0.001_e5_s42,477,1,0.92385,11.6795,1.8826875222182725e-05,0.0009413437611091362
text+audio_text_ln_lrh0.001_e5_s42,478,1,1.28433,10.2631,1.8819765375044437e-05,0.0009409882687522219
text+audio_text_ln_lrh0.001_e5_s42,479,1,1.42483,18.2575,1.8812655527906153e-05,0.0009406327763953076
text+audio_text_ln_lrh0.001_e5_s42,480,1,0.82214,14.9666,1.8805545680767865e-05,0.0009402772840383932
text+audio_text_ln_lrh0.001_e5_s42,481,1,1.54673,13.2441,1.8798435833629578e-05,0.0009399217916814789
text+audio_text_ln_lrh0.001_e5_s42,482,1,0.78493,14.0043,1.879132598649129e-05,0.0009395662993245645
text+audio_text_ln_lrh0.001_e5_s42,483,1,1.36154,15.5226,1.8784216139353006e-05,0.0009392108069676503
text+audio_text_ln_lrh0.001_e5_s42,484,1,0.85701,12.3325,1.877710629221472e-05,0.000938855314610736
text+audio_text_ln_lrh0.001_e5_s42,485,1,1.24948,11.3818,1.8769996445076434e-05,0.0009384998222538215
text+audio_text_ln_lrh0.001_e5_s42,486,1,0.96848,12.1089,1.8762886597938147e-05,0.0009381443298969072
text+audio_text_ln_lrh0.001_e5_s42,487,1,1.18866,14.6903,1.875577675079986e-05,0.0009377888375399929
text+audio_text_ln_lrh0.001_e5_s42,488,1,1.29036,11.3065,1.874866690366157e-05,0.0009374333451830785
text+audio_text_ln_lrh0.001_e5_s42,489,1,1.59791,13.7109,1.8741557056523287e-05,0.0009370778528261643
text+audio_text_ln_lrh0.001_e5_s42,490,1,1.13833,12.9751,1.8734447209385e-05,0.00093672236046925
text+audio_text_ln_lrh0.001_e5_s42,491,1,1.56014,14.4777,1.8727337362246712e-05,0.0009363668681123356
text+audio_text_ln_lrh0.001_e5_s42,492,1,1.17816,9.1406,1.8720227515108428e-05,0.0009360113757554213
text+audio_text_ln_lrh0.001_e5_s42,493,1,1.48547,9.9604,1.871311766797014e-05,0.000935655883398507
text+audio_text_ln_lrh0.001_e5_s42,494,1,1.4617,9.876,1.8706007820831853e-05,0.0009353003910415926
text+audio_text_ln_lrh0.001_e5_s42,495,1,1.26393,11.8451,1.8698897973693565e-05,0.0009349448986846783
text+audio_text_ln_lrh0.001_e5_s42,496,1,1.28834,12.0701,1.869178812655528e-05,0.000934589406327764
text+audio_text_ln_lrh0.001_e5_s42,497,1,0.8351,9.6733,1.8684678279416993e-05,0.0009342339139708497
text+audio_text_ln_lrh0.001_e5_s42,498,1,0.98107,12.0073,1.867756843227871e-05,0.0009338784216139354
text+audio_text_ln_lrh0.001_e5_s42,499,1,1.43007,16.2307,1.867045858514042e-05,0.0009335229292570209
text+audio_text_ln_lrh0.001_e5_s42,500,1,1.01273,12.1847,1.8663348738002134e-05,0.0009331674369001066
text+audio_text_ln_lrh0.001_e5_s42,501,1,1.816,14.25,1.8656238890863846e-05,0.0009328119445431923
text+audio_text_ln_lrh0.001_e5_s42,502,1,1.27269,21.2636,1.8649129043725562e-05,0.000932456452186278
text+audio_text_ln_lrh0.001_e5_s42,503,1,1.12945,14.6844,1.8642019196587274e-05,0.0009321009598293637
text+audio_text_ln_lrh0.001_e5_s42,504,1,1.11939,15.0257,1.863490934944899e-05,0.0009317454674724494
text+audio_text_ln_lrh0.001_e5_s42,505,1,0.74555,16.346,1.8627799502310703e-05,0.000931389975115535
text+audio_text_ln_lrh0.001_e5_s42,506,1,0.96062,13.3236,1.8620689655172415e-05,0.0009310344827586207
text+audio_text_ln_lrh0.001_e5_s42,507,1,1.63655,22.877,1.8613579808034127e-05,0.0009306789904017064
text+audio_text_ln_lrh0.001_e5_s42,508,1,1.2385,11.7153,1.8606469960895843e-05,0.0009303234980447921
text+audio_text_ln_lrh0.001_e5_s42,509,1,1.23805,22.1311,1.8599360113757556e-05,0.0009299680056878778
text+audio_text_ln_lrh0.001_e5_s42,510,1,1.28672,18.5076,1.8592250266619268e-05,0.0009296125133309634
text+audio_text_ln_lrh0.001_e5_s42,511,1,1.49985,15.8605,1.8585140419480984e-05,0.0009292570209740491
text+audio_text_ln_lrh0.001_e5_s42,512,1,0.7521,11.5567,1.8578030572342696e-05,0.0009289015286171348
text+audio_text_ln_lrh0.001_e5_s42,513,1,1.02796,12.3215,1.857092072520441e-05,0.0009285460362602203
text+audio_text_ln_lrh0.001_e5_s42,514,1,0.62578,13.0367,1.8563810878066124e-05,0.0009281905439033061
text+audio_text_ln_lrh0.001_e5_s42,515,1,0.64402,12.0093,1.8556701030927837e-05,0.0009278350515463918
text+audio_text_ln_lrh0.001_e5_s42,516,1,0.8778,14.5109,1.854959118378955e-05,0.0009274795591894774
text+audio_text_ln_lrh0.001_e5_s42,517,1,1.03356,14.1393,1.8542481336651265e-05,0.0009271240668325631
text+audio_text_ln_lrh0.001_e5_s42,518,1,1.37006,20.0942,1.8535371489512977e-05,0.0009267685744756488
text+audio_text_ln_lrh0.001_e5_s42,519,1,0.93142,21.6122,1.852826164237469e-05,0.0009264130821187344
text+audio_text_ln_lrh0.001_e5_s42,520,1,1.49707,11.9467,1.8521151795236402e-05,0.0009260575897618201
text+audio_text_ln_lrh0.001_e5_s42,521,1,0.7865,13.2472,1.8514041948098118e-05,0.0009257020974049059
text+audio_text_ln_lrh0.001_e5_s42,522,1,0.91571,15.2789,1.850693210095983e-05,0.0009253466050479915
text+audio_text_ln_lrh0.001_e5_s42,523,1,1.09551,9.6427,1.8499822253821543e-05,0.0009249911126910772
text+audio_text_ln_lrh0.001_e5_s42,524,1,0.71286,25.1814,1.849271240668326e-05,0.0009246356203341628
text+audio_text_ln_lrh0.001_e5_s42,525,1,0.98961,17.9596,1.848560255954497e-05,0.0009242801279772485
text+audio_text_ln_lrh0.001_e5_s42,526,1,1.09443,11.9771,1.8478492712406683e-05,0.0009239246356203342
text+audio_text_ln_lrh0.001_e5_s42,527,1,1.45023,25.9423,1.84713828652684e-05,0.0009235691432634199
text+audio_text_ln_lrh0.001_e5_s42,528,1,0.62306,8.1219,1.846427301813011e-05,0.0009232136509065055
text+audio_text_ln_lrh0.001_e5_s42,529,1,1.27129,17.0607,1.8457163170991824e-05,0.0009228581585495912
text+audio_text_ln_lrh0.001_e5_s42,530,1,0.70125,15.7565,1.845005332385354e-05,0.0009225026661926768
text+audio_text_ln_lrh0.001_e5_s42,531,1,1.60138,18.0761,1.8442943476715252e-05,0.0009221471738357625
text+audio_text_ln_lrh0.001_e5_s42,532,1,1.44767,22.0305,1.8435833629576965e-05,0.0009217916814788482
text+audio_text_ln_lrh0.001_e5_s42,533,1,0.75528,12.3946,1.842872378243868e-05,0.0009214361891219339
text+audio_text_ln_lrh0.001_e5_s42,534,1,0.93051,21.6363,1.8421613935300393e-05,0.0009210806967650196
text+audio_text_ln_lrh0.001_e5_s42,535,1,1.58319,16.9733,1.8414504088162105e-05,0.0009207252044081053
text+audio_text_ln_lrh0.001_e5_s42,536,1,0.79918,13.8911,1.840739424102382e-05,0.0009203697120511909
text+audio_text_ln_lrh0.001_e5_s42,537,1,0.94438,16.3491,1.8400284393885533e-05,0.0009200142196942766
text+audio_text_ln_lrh0.001_e5_s42,538,1,1.20188,22.1863,1.8393174546747246e-05,0.0009196587273373622
text+audio_text_ln_lrh0.001_e5_s42,539,1,0.98273,11.3808,1.838606469960896e-05,0.000919303234980448
text+audio_text_ln_lrh0.001_e5_s42,540,1,1.13572,24.4935,1.8378954852470674e-05,0.0009189477426235337
text+audio_text_ln_lrh0.001_e5_s42,541,1,1.3971,14.6926,1.8371845005332386e-05,0.0009185922502666193
text+audio_text_ln_lrh0.001_e5_s42,542,1,0.85776,15.0363,1.83647351581941e-05,0.000918236757909705
text+audio_text_ln_lrh0.001_e5_s42,543,1,0.93915,10.0918,1.8357625311055815e-05,0.0009178812655527906
text+audio_text_ln_lrh0.001_e5_s42,544,1,1.1545,26.4319,1.8350515463917527e-05,0.0009175257731958762
text+audio_text_ln_lrh0.001_e5_s42,545,1,1.12309,13.32,1.8343405616779243e-05,0.000917170280838962
text+audio_text_ln_lrh0.001_e5_s42,546,1,1.28541,17.1744,1.8336295769640955e-05,0.0009168147884820477
text+audio_text_ln_lrh0.001_e5_s42,547,1,1.18436,16.9262,1.8329185922502668e-05,0.0009164592961251333
text+audio_text_ln_lrh0.001_e5_s42,548,1,1.2464,18.0639,1.832207607536438e-05,0.000916103803768219
text+audio_text_ln_lrh0.001_e5_s42,549,1,0.79303,8.0139,1.8314966228226096e-05,0.0009157483114113047
text+audio_text_ln_lrh0.001_e5_s42,550,1,0.97777,11.4294,1.8307856381087808e-05,0.0009153928190543903
text+audio_text_ln_lrh0.001_e5_s42,551,1,1.14639,20.8201,1.830074653394952e-05,0.000915037326697476
text+audio_text_ln_lrh0.001_e5_s42,552,1,0.77492,11.2255,1.8293636686811236e-05,0.0009146818343405618
text+audio_text_ln_lrh0.001_e5_s42,553,1,1.24294,11.8134,1.828652683967295e-05,0.0009143263419836474
text+audio_text_ln_lrh0.001_e5_s42,554,1,0.95022,14.3717,1.827941699253466e-05,0.0009139708496267331
text+audio_text_ln_lrh0.001_e5_s42,555,1,1.21558,15.7136,1.8272307145396374e-05,0.0009136153572698187
text+audio_text_ln_lrh0.001_e5_s42,556,1,1.27251,14.4409,1.826519729825809e-05,0.0009132598649129044
text+audio_text_ln_lrh0.001_e5_s42,557,1,1.23992,16.0958,1.8258087451119802e-05,0.00091290437255599
text+audio_text_ln_lrh0.001_e5_s42,558,1,1.06852,13.8183,1.8250977603981518e-05,0.0009125488801990757
text+audio_text_ln_lrh0.001_e5_s42,559,1,1.10654,14.5647,1.824386775684323e-05,0.0009121933878421614
text+audio_text_ln_lrh0.001_e5_s42,560,1,1.55914,16.002,1.8236757909704942e-05,0.0009118378954852471
text+audio_text_ln_lrh0.001_e5_s42,561,1,1.38561,16.7615,1.8229648062566655e-05,0.0009114824031283327
text+audio_text_ln_lrh0.001_e5_s42,562,1,1.04934,15.8107,1.822253821542837e-05,0.0009111269107714184
text+audio_text_ln_lrh0.001_e5_s42,563,1,1.0313,12.9961,1.8215428368290083e-05,0.0009107714184145041
text+audio_text_ln_lrh0.001_e5_s42,564,1,0.73014,16.5033,1.82083185211518e-05,0.0009104159260575898
text+audio_text_ln_lrh0.001_e5_s42,565,1,0.94714,12.7942,1.820120867401351e-05,0.0009100604337006755
text+audio_text_ln_lrh0.001_e5_s42,566,1,1.59612,13.0261,1.8194098826875224e-05,0.0009097049413437612
text+audio_text_ln_lrh0.001_e5_s42,567,1,1.79157,15.4018,1.8186988979736936e-05,0.0009093494489868468
text+audio_text_ln_lrh0.001_e5_s42,568,1,1.09625,9.2594,1.817987913259865e-05,0.0009089939566299325
text+audio_text_ln_lrh0.001_e5_s42,569,1,1.36262,23.7892,1.8172769285460364e-05,0.0009086384642730181
text+audio_text_ln_lrh0.001_e5_s42,570,1,1.11957,15.4837,1.816565943832208e-05,0.0009082829719161039
text+audio_text_ln_lrh0.001_e5_s42,571,1,1.26713,12.5733,1.8158549591183792e-05,0.0009079274795591896
text+audio_text_ln_lrh0.001_e5_s42,572,1,1.30185,18.0621,1.8151439744045505e-05,0.0009075719872022751
text+audio_text_ln_lrh0.001_e5_s42,573,1,1.33316,11.8298,1.8144329896907217e-05,0.0009072164948453608
text+audio_text_ln_lrh0.001_e5_s42,574,1,1.28484,13.7629,1.813722004976893e-05,0.0009068610024884465
text+audio_text_ln_lrh0.001_e5_s42,575,1,1.50544,12.4803,1.8130110202630645e-05,0.0009065055101315321
text+audio_text_ln_lrh0.001_e5_s42,576,1,0.61607,12.2804,1.8123000355492358e-05,0.0009061500177746179
text+audio_text_ln_lrh0.001_e5_s42,577,1,0.86521,9.148,1.8115890508354074e-05,0.0009057945254177036
text+audio_text_ln_lrh0.001_e5_s42,578,1,1.15596,12.7616,1.8108780661215786e-05,0.0009054390330607892
text+audio_text_ln_lrh0.001_e5_s42,579,1,1.31732,12.9597,1.81016708140775e-05,0.0009050835407038749
text+audio_text_ln_lrh0.001_e5_s42,580,1,1.42384,12.2206,1.809456096693921e-05,0.0009047280483469606
text+audio_text_ln_lrh0.001_e5_s42,581,1,1.06483,12.5044,1.8087451119800927e-05,0.0009043725559900462
text+audio_text_ln_lrh0.001_e5_s42,582,1,1.29587,10.7051,1.808034127266264e-05,0.0009040170636331319
text+audio_text_ln_lrh0.001_e5_s42,583,1,1.39772,19.9628,1.8073231425524355e-05,0.0009036615712762176
text+audio_text_ln_lrh0.001_e5_s42,584,1,1.43571,11.7182,1.8066121578386067e-05,0.0009033060789193033
text+audio_text_ln_lrh0.001_e5_s42,585,1,0.83286,9.8845,1.805901173124778e-05,0.000902950586562389
text+audio_text_ln_lrh0.001_e5_s42,586,1,1.32356,18.535,1.8051901884109492e-05,0.0009025950942054745
text+audio_text_ln_lrh0.001_e5_s42,587,1,1.34758,68.0776,1.8044792036971205e-05,0.0009022396018485602
text+audio_text_ln_lrh0.001_e5_s42,588,1,1.04641,11.1248,1.803768218983292e-05,0.0009018841094916459
text+audio_text_ln_lrh0.001_e5_s42,589,1,1.20514,16.348,1.8030572342694636e-05,0.0009015286171347316
text+audio_text_ln_lrh0.001_e5_s42,590,1,1.63474,14.8675,1.802346249555635e-05,0.0009011731247778173
text+audio_text_ln_lrh0.001_e5_s42,591,1,1.16639,14.8896,1.801635264841806e-05,0.000900817632420903
text+audio_text_ln_lrh0.001_e5_s42,592,1,1.69452,14.4989,1.8009242801279773e-05,0.0009004621400639886
text+audio_text_ln_lrh0.001_e5_s42,593,1,1.15128,8.8868,1.8002132954141486e-05,0.0009001066477070743
text+audio_text_ln_lrh0.001_e5_s42,594,1,1.02559,13.4932,1.79950231070032e-05,0.00089975115535016
text+audio_text_ln_lrh0.001_e5_s42,595,1,0.99317,11.4489,1.7987913259864914e-05,0.0008993956629932457
text+audio_text_ln_lrh0.001_e5_s42,596,1,1.00787,13.4871,1.798080341272663e-05,0.0008990401706363314
text+audio_text_ln_lrh0.001_e5_s42,597,1,0.95309,13.0112,1.7973693565588342e-05,0.000898684678279417
text+audio_text_ln_lrh0.001_e5_s42,598,1,1.2539,14.5807,1.7966583718450055e-05,0.0008983291859225027
text+audio_text_ln_lrh0.001_e5_s42,599,1,0.97122,18.7537,1.7959473871311767e-05,0.0008979736935655884
text+audio_text_ln_lrh0.001_e5_s42,600,1,1.57267,13.909,1.795236402417348e-05,0.000897618201208674
text+audio_text_ln_lrh0.001_e5_s42,601,1,1.2787,16.4675,1.7945254177035195e-05,0.0008972627088517597
text+audio_text_ln_lrh0.001_e5_s42,602,1,0.69973,11.5366,1.793814432989691e-05,0.0008969072164948454
text+audio_text_ln_lrh0.001_e5_s42,603,1,1.47771,19.9906,1.7931034482758623e-05,0.000896551724137931
text+audio_text_ln_lrh0.001_e5_s42,604,1,1.27606,18.8765,1.7923924635620336e-05,0.0008961962317810167
text+audio_text_ln_lrh0.001_e5_s42,605,1,1.48299,12.7932,1.7916814788482048e-05,0.0008958407394241024
text+audio_text_ln_lrh0.001_e5_s42,606,1,0.71377,9.2177,1.790970494134376e-05,0.000895485247067188
text+audio_text_ln_lrh0.001_e5_s42,607,1,0.95926,14.7174,1.7902595094205476e-05,0.0008951297547102738
text+audio_text_ln_lrh0.001_e5_s42,608,1,1.58795,15.2869,1.789548524706719e-05,0.0008947742623533595
text+audio_text_ln_lrh0.001_e5_s42,609,1,1.18227,15.1008,1.7888375399928905e-05,0.0008944187699964451
text+audio_text_ln_lrh0.001_e5_s42,610,1,1.22249,16.1243,1.7881265552790617e-05,0.0008940632776395308
text+audio_text_ln_lrh0.001_e5_s42,611,1,1.01265,12.7036,1.787415570565233e-05,0.0008937077852826164
text+audio_text_ln_lrh0.001_e5_s42,612,1,1.1737,12.0354,1.7867045858514042e-05,0.0008933522929257021
text+audio_text_ln_lrh0.001_e5_s42,613,1,1.45955,15.9999,1.7859936011375754e-05,0.0008929968005687878
text+audio_text_ln_lrh0.001_e5_s42,614,1,1.23079,12.7586,1.785282616423747e-05,0.0008926413082118735
text+audio_text_ln_lrh0.001_e5_s42,615,1,2.09918,18.3134,1.7845716317099186e-05,0.0008922858158549592
text+audio_text_ln_lrh0.001_e5_s42,616,1,1.51058,25.6546,1.7838606469960898e-05,0.0008919303234980448
text+audio_text_ln_lrh0.001_e5_s42,617,1,1.44335,17.6742,1.783149662282261e-05,0.0008915748311411304
text+audio_text_ln_lrh0.001_e5_s42,618,1,1.11639,15.5453,1.7824386775684323e-05,0.0008912193387842161
text+audio_text_ln_lrh0.001_e5_s42,619,1,1.17451,11.48,1.7817276928546035e-05,0.0008908638464273018
text+audio_text_ln_lrh0.001_e5_s42,620,1,1.45338,12.9761,1.781016708140775e-05,0.0008905083540703875
text+audio_text_ln_lrh0.001_e5_s42,621,1,1.3466,13.6366,1.7803057234269464e-05,0.0008901528617134732
text+audio_text_ln_lrh0.001_e5_s42,622,1,1.07926,11.9495,1.779594738713118e-05,0.0008897973693565589
text+audio_text_ln_lrh0.001_e5_s42,623,1,0.91198,14.1754,1.7788837539992892e-05,0.0008894418769996445
text+audio_text_ln_lrh0.001_e5_s42,624,1,1.46422,13.1442,1.7781727692854604e-05,0.0008890863846427302
text+audio_text_ln_lrh0.001_e5_s42,625,1,2.09024,27.3956,1.7774617845716317e-05,0.0008887308922858158
text+audio_text_ln_lrh0.001_e5_s42,626,2,1.33851,15.4594,1.7767507998578032e-05,0.0008883753999289016
text+audio_text_ln_lrh0.001_e5_s42,627,2,0.91427,8.6813,1.7760398151439745e-05,0.0008880199075719873
text+audio_text_ln_lrh0.001_e5_s42,628,2,1.114,10.1133,1.775328830430146e-05,0.0008876644152150729
text+audio_text_ln_lrh0.001_e5_s42,629,2,1.04294,8.0128,1.7746178457163173e-05,0.0008873089228581586
text+audio_text_ln_lrh0.001_e5_s42,630,2,1.16342,10.7028,1.7739068610024885e-05,0.0008869534305012442
text+audio_text_ln_lrh0.001_e5_s42,631,2,0.82264,8.4054,1.7731958762886598e-05,0.0008865979381443298
text+audio_text_ln_lrh0.001_e5_s42,632,2,0.98616,24.7779,1.7724848915748314e-05,0.0008862424457874156
text+audio_text_ln_lrh0.001_e5_s42,633,2,0.87738,10.0462,1.7717739068610026e-05,0.0008858869534305013
text+audio_text_ln_lrh0.001_e5_s42,634,2,0.94581,10.9182,1.7710629221471742e-05,0.0008855314610735869
text+audio_text_ln_lrh0.001_e5_s42,635,2,1.14047,10.5081,1.7703519374333454e-05,0.0008851759687166726
text+audio_text_ln_lrh0.001_e5_s42,636,2,0.62919,9.4137,1.7696409527195167e-05,0.0008848204763597583
text+audio_text_ln_lrh0.001_e5_s42,637,2,1.28462,13.8742,1.768929968005688e-05,0.0008844649840028439
text+audio_text_ln_lrh0.001_e5_s42,638,2,0.99816,13.0729,1.768218983291859e-05,0.0008841094916459296
text+audio_text_ln_lrh0.001_e5_s42,639,2,1.35911,13.2394,1.7675079985780307e-05,0.0008837539992890154
text+audio_text_ln_lrh0.001_e5_s42,640,2,1.38808,19.1208,1.766797013864202e-05,0.000883398506932101
text+audio_text_ln_lrh0.001_e5_s42,641,2,0.78112,9.0911,1.7660860291503735e-05,0.0008830430145751867
text+audio_text_ln_lrh0.001_e5_s42,642,2,1.14745,18.8878,1.7653750444365448e-05,0.0008826875222182723
text+audio_text_ln_lrh0.001_e5_s42,643,2,1.21729,12.0834,1.764664059722716e-05,0.000882332029861358
text+audio_text_ln_lrh0.001_e5_s42,644,2,0.8032,12.0693,1.7639530750088873e-05,0.0008819765375044437
text+audio_text_ln_lrh0.001_e5_s42,645,2,0.81367,14.5588,1.763242090295059e-05,0.0008816210451475293
text+audio_text_ln_lrh0.001_e5_s42,646,2,0.65542,18.5883,1.76253110558123e-05,0.000881265552790615
text+audio_text_ln_lrh0.001_e5_s42,647,2,1.39819,15.7582,1.7618201208674017e-05,0.0008809100604337007
text+audio_text_ln_lrh0.001_e5_s42,648,2,1.09146,13.6228,1.761109136153573e-05,0.0008805545680767863
text+audio_text_ln_lrh0.001_e5_s42,649,2,1.11177,22.8019,1.760398151439744e-05,0.000880199075719872
text+audio_text_ln_lrh0.001_e5_s42,650,2,1.05428,15.7028,1.7596871667259154e-05,0.0008798435833629577
text+audio_text_ln_lrh0.001_e5_s42,651,2,1.44636,20.5696,1.758976182012087e-05,0.0008794880910060434
text+audio_text_ln_lrh0.001_e5_s42,652,2,0.9431,13.2862,1.7582651972982582e-05,0.0008791325986491291
text+audio_text_ln_lrh0.001_e5_s42,653,2,1.26417,16.8403,1.7575542125844294e-05,0.0008787771062922148
text+audio_text_ln_lrh0.001_e5_s42,654,2,0.8823,9.3088,1.756843227870601e-05,0.0008784216139353004
text+audio_text_ln_lrh0.001_e5_s42,655,2,1.44635,27.4212,1.7561322431567723e-05,0.0008780661215783861
text+audio_text_ln_lrh0.001_e5_s42,656,2,1.40638,15.9968,1.7554212584429435e-05,0.0008777106292214717
text+audio_text_ln_lrh0.001_e5_s42,657,2,0.68144,11.4288,1.754710273729115e-05,0.0008773551368645575
text+audio_text_ln_lrh0.001_e5_s42,658,2,0.487,10.8912,1.7539992890152863e-05,0.0008769996445076432
text+audio_text_ln_lrh0.001_e5_s42,659,2,1.57437,18.1411,1.7532883043014576e-05,0.0008766441521507287
text+audio_text_ln_lrh0.001_e5_s42,660,2,0.81923,11.9825,1.752577319587629e-05,0.0008762886597938144
text+audio_text_ln_lrh0.001_e5_s42,661,2,1.41189,20.5214,1.7518663348738004e-05,0.0008759331674369001
text+audio_text_ln_lrh0.001_e5_s42,662,2,0.84989,12.1003,1.7511553501599716e-05,0.0008755776750799857
text+audio_text_ln_lrh0.001_e5_s42,663,2,0.94397,16.4174,1.7504443654461432e-05,0.0008752221827230715
text+audio_text_ln_lrh0.001_e5_s42,664,2,1.24593,13.1866,1.7497333807323144e-05,0.0008748666903661572
text+audio_text_ln_lrh0.001_e5_s42,665,2,0.89609,12.5779,1.7490223960184857e-05,0.0008745111980092428
text+audio_text_ln_lrh0.001_e5_s42,666,2,0.69028,11.2198,1.748311411304657e-05,0.0008741557056523285
text+audio_text_ln_lrh0.001_e5_s42,667,2,1.03276,15.7512,1.7476004265908285e-05,0.0008738002132954142
text+audio_text_ln_lrh0.001_e5_s42,668,2,1.30695,15.2014,1.7468894418769997e-05,0.0008734447209384998
text+audio_text_ln_lrh0.001_e5_s42,669,2,1.05058,13.9871,1.746178457163171e-05,0.0008730892285815855
text+audio_text_ln_lrh0.001_e5_s42,670,2,0.83366,9.4673,1.7454674724493426e-05,0.0008727337362246712
text+audio_text_ln_lrh0.001_e5_s42,671,2,1.26807,19.1026,1.7447564877355138e-05,0.0008723782438677569
text+audio_text_ln_lrh0.001_e5_s42,672,2,1.16986,16.9495,1.744045503021685e-05,0.0008720227515108426
text+audio_text_ln_lrh0.001_e5_s42,673,2,1.1399,11.5991,1.7433345183078566e-05,0.0008716672591539281
text+audio_text_ln_lrh0.001_e5_s42,674,2,0.86777,14.5005,1.742623533594028e-05,0.0008713117667970138
text+audio_text_ln_lrh0.001_e5_s42,675,2,0.8063,16.5917,1.741912548880199e-05,0.0008709562744400995
text+audio_text_ln_lrh0.001_e5_s42,676,2,1.11564,15.8882,1.7412015641663707e-05,0.0008706007820831852
text+audio_text_ln_lrh0.001_e5_s42,677,2,1.41663,12.6317,1.740490579452542e-05,0.0008702452897262709
text+audio_text_ln_lrh0.001_e5_s42,678,2,1.66296,16.227,1.739779594738713e-05,0.0008698897973693566
text+audio_text_ln_lrh0.001_e5_s42,679,2,0.69244,8.2891,1.7390686100248847e-05,0.0008695343050124422
text+audio_text_ln_lrh0.001_e5_s42,680,2,1.47998,15.5356,1.738357625311056e-05,0.0008691788126555279
text+audio_text_ln_lrh0.001_e5_s42,681,2,1.10436,79.4927,1.7376466405972272e-05,0.0008688233202986136
text+audio_text_ln_lrh0.001_e5_s42,682,2,1.00324,17.8962,1.7369356558833988e-05,0.0008684678279416993
text+audio_text_ln_lrh0.001_e5_s42,683,2,0.64991,11.425,1.73622467116957e-05,0.000868112335584785
text+audio_text_ln_lrh0.001_e5_s42,684,2,1.00053,10.7209,1.7355136864557413e-05,0.0008677568432278706
text+audio_text_ln_lrh0.001_e5_s42,685,2,0.87771,16.6323,1.7348027017419125e-05,0.0008674013508709563
text+audio_text_ln_lrh0.001_e5_s42,686,2,0.93566,12.2069,1.734091717028084e-05,0.000867045858514042
text+audio_text_ln_lrh0.001_e5_s42,687,2,1.59154,16.1148,1.7333807323142553e-05,0.0008666903661571276
text+audio_text_ln_lrh0.001_e5_s42,688,2,1.80365,23.0269,1.732669747600427e-05,0.0008663348738002134
text+audio_text_ln_lrh0.001_e5_s42,689,2,1.24498,13.0121,1.731958762886598e-05,0.000865979381443299
text+audio_text_ln_lrh0.001_e5_s42,690,2,0.97755,12.8204,1.7312477781727694e-05,0.0008656238890863846
text+audio_text_ln_lrh0.001_e5_s42,691,2,0.81692,11.6455,1.7305367934589406e-05,0.0008652683967294703
text+audio_text_ln_lrh0.001_e5_s42,692,2,1.44805,11.8032,1.7298258087451122e-05,0.000864912904372556
text+audio_text_ln_lrh0.001_e5_s42,693,2,1.01036,10.4854,1.7291148240312835e-05,0.0008645574120156416
text+audio_text_ln_lrh0.001_e5_s42,694,2,1.33998,12.7665,1.728403839317455e-05,0.0008642019196587274
text+audio_text_ln_lrh0.001_e5_s42,695,2,1.15063,10.7821,1.7276928546036263e-05,0.0008638464273018131
text+audio_text_ln_lrh0.001_e5_s42,696,2,1.16485,12.3902,1.7269818698897975e-05,0.0008634909349448987
text+audio_text_ln_lrh0.001_e5_s42,697,2,1.21943,15.1149,1.7262708851759688e-05,0.0008631354425879844
text+audio_text_ln_lrh0.001_e5_s42,698,2,0.44961,8.7575,1.72555990046214e-05,0.0008627799502310701
text+audio_text_ln_lrh0.001_e5_s42,699,2,1.2302,30.6187,1.7248489157483116e-05,0.0008624244578741557
text+audio_text_ln_lrh0.001_e5_s42,700,2,1.50557,21.2197,1.7241379310344828e-05,0.0008620689655172414
text+audio_text_ln_lrh0.001_e5_s42,701,2,1.14908,16.5104,1.7234269463206544e-05,0.0008617134731603271
text+audio_text_ln_lrh0.001_e5_s42,702,2,1.27955,11.1205,1.7227159616068256e-05,0.0008613579808034128
text+audio_text_ln_lrh0.001_e5_s42,703,2,1.23155,13.8716,1.722004976892997e-05,0.0008610024884464985
text+audio_text_ln_lrh0.001_e5_s42,704,2,1.25051,16.0142,1.721293992179168e-05,0.000860646996089584
text+audio_text_ln_lrh0.001_e5_s42,705,2,1.1896,10.8843,1.7205830074653397e-05,0.0008602915037326697
text+audio_text_ln_lrh0.001_e5_s42,706,2,1.10504,16.3931,1.719872022751511e-05,0.0008599360113757554
text+audio_text_ln_lrh0.001_e5_s42,707,2,1.03364,13.243,1.7191610380376825e-05,0.0008595805190188411
text+audio_text_ln_lrh0.001_e5_s42,708,2,1.20221,16.0326,1.7184500533238538e-05,0.0008592250266619268
text+audio_text_ln_lrh0.001_e5_s42,709,2,1.26443,12.078,1.717739068610025e-05,0.0008588695343050125
text+audio_text_ln_lrh0.001_e5_s42,710,2,1.66116,13.9382,1.7170280838961963e-05,0.0008585140419480981
text+audio_text_ln_lrh0.001_e5_s42,711,2,1.00639,14.9347,1.716317099182368e-05,0.0008581585495911838
text+audio_text_ln_lrh0.001_e5_s42,712,2,0.8998,16.3745,1.715606114468539e-05,0.0008578030572342695
text+audio_text_ln_lrh0.001_e5_s42,713,2,1.25915,14.1307,1.7148951297547107e-05,0.0008574475648773552
text+audio_text_ln_lrh0.001_e5_s42,714,2,1.12025,15.7875,1.714184145040882e-05,0.0008570920725204409
text+audio_text_ln_lrh0.001_e5_s42,715,2,0.98019,11.0396,1.713473160327053e-05,0.0008567365801635265
text+audio_text_ln_lrh0.001_e5_s42,716,2,1.03012,12.7204,1.7127621756132244e-05,0.0008563810878066122
text+audio_text_ln_lrh0.001_e5_s42,717,2,1.29103,20.7125,1.7120511908993956e-05,0.0008560255954496979
text+audio_text_ln_lrh0.001_e5_s42,718,2,1.0882,11.2139,1.7113402061855672e-05,0.0008556701030927834
text+audio_text_ln_lrh0.001_e5_s42,719,2,1.01542,12.8585,1.7106292214717384e-05,0.0008553146107358692
text+audio_text_ln_lrh0.001_e5_s42,720,2,1.03117,15.3256,1.70991823675791e-05,0.0008549591183789549
text+audio_text_ln_lrh0.001_e5_s42,721,2,0.557,9.6838,1.7092072520440813e-05,0.0008546036260220405
text+audio_text_ln_lrh0.001_e5_s42,722,2,0.96347,13.8711,1.7084962673302525e-05,0.0008542481336651262
text+audio_text_ln_lrh0.001_e5_s42,723,2,1.03502,17.3741,1.7077852826164237e-05,0.0008538926413082119
text+audio_text_ln_lrh0.001_e5_s42,724,2,0.51627,9.8718,1.7070742979025953e-05,0.0008535371489512975
text+audio_text_ln_lrh0.001_e5_s42,725,2,0.51839,11.0265,1.7063633131887666e-05,0.0008531816565943833
text+audio_text_ln_lrh0.001_e5_s42,726,2,0.97267,13.7013,1.705652328474938e-05,0.000852826164237469
text+audio_text_ln_lrh0.001_e5_s42,727,2,0.74626,16.4489,1.7049413437611094e-05,0.0008524706718805546
text+audio_text_ln_lrh0.001_e5_s42,728,2,0.78065,12.5785,1.7042303590472806e-05,0.0008521151795236403
text+audio_text_ln_lrh0.001_e5_s42,729,2,1.80376,23.4372,1.703519374333452e-05,0.0008517596871667259
text+audio_text_ln_lrh0.001_e5_s42,730,2,1.30426,26.2023,1.702808389619623e-05,0.0008514041948098116
text+audio_text_ln_lrh0.001_e5_s42,731,2,1.46571,28.3313,1.7020974049057947e-05,0.0008510487024528973
text+audio_text_ln_lrh0.001_e5_s42,732,2,1.07554,15.5685,1.7013864201919663e-05,0.000850693210095983
text+audio_text_ln_lrh0.001_e5_s42,733,2,0.84226,16.9146,1.7006754354781375e-05,0.0008503377177390686
text+audio_text_ln_lrh0.001_e5_s42,734,2,0.7796,13.4832,1.6999644507643087e-05,0.0008499822253821543
text+audio_text_ln_lrh0.001_e5_s42,735,2,0.95679,20.9511,1.69925346605048e-05,0.0008496267330252399
text+audio_text_ln_lrh0.001_e5_s42,736,2,0.58613,8.8967,1.6985424813366512e-05,0.0008492712406683256
text+audio_text_ln_lrh0.001_e5_s42,737,2,0.84012,20.0982,1.6978314966228228e-05,0.0008489157483114113
text+audio_text_ln_lrh0.001_e5_s42,738,2,0.50404,10.8448,1.697120511908994e-05,0.000848560255954497
text+audio_text_ln_lrh0.001_e5_s42,739,2,1.28534,21.9279,1.6964095271951656e-05,0.0008482047635975827
text+audio_text_ln_lrh0.001_e5_s42,740,2,1.30063,18.641,1.695698542481337e-05,0.0008478492712406684
text+audio_text_ln_lrh0.001_e5_s42,741,2,1.56896,20.4173,1.694987557767508e-05,0.000847493778883754
text+audio_text_ln_lrh0.001_e5_s42,742,2,1.15635,14.3767,1.6942765730536793e-05,0.0008471382865268397
text+audio_text_ln_lrh0.001_e5_s42,743,2,1.11644,21.1204,1.6935655883398506e-05,0.0008467827941699253
text+audio_text_ln_lrh0.001_e5_s42,744,2,0.69382,11.7565,1.692854603626022e-05,0.0008464273018130111
text+audio_text_ln_lrh0.001_e5_s42,745,2,0.84193,10.8465,1.6921436189121937e-05,0.0008460718094560968
text+audio_text_ln_lrh0.001_e5_s42,746,2,1.35318,29.2847,1.691432634198365e-05,0.0008457163170991824
text+audio_text_ln_lrh0.001_e5_s42,747,2,1.03465,13.8381,1.6907216494845362e-05,0.000845360824742268
text+audio_text_ln_lrh0.001_e5_s42,748,2,0.91918,13.4112,1.6900106647707075e-05,0.0008450053323853537
text+audio_text_ln_lrh0.001_e5_s42,749,2,1.46121,13.6274,1.6892996800568787e-05,0.0008446498400284393
text+audio_text_ln_lrh0.001_e5_s42,750,2,0.9765,11.4125,1.6885886953430503e-05,0.0008442943476715251
text+audio_text_ln_lrh0.001_e5_s42,751,2,1.26309,15.104,1.6878777106292215e-05,0.0008439388553146108
text+audio_text_ln_lrh0.001_e5_s42,752,2,0.89602,15.481,1.687166725915393e-05,0.0008435833629576964
text+audio_text_ln_lrh0.001_e5_s42,753,2,0.8082,12.5037,1.6864557412015643e-05,0.0008432278706007821
text+audio_text_ln_lrh0.001_e5_s42,754,2,0.84973,11.5878,1.6857447564877356e-05,0.0008428723782438678
text+audio_text_ln_lrh0.001_e5_s42,755,2,1.13893,16.4595,1.6850337717739068e-05,0.0008425168858869534
text+audio_text_ln_lrh0.001_e5_s42,756,2,0.92697,11.7512,1.6843227870600784e-05,0.0008421613935300392
text+audio_text_ln_lrh0.001_e5_s42,757,2,0.68854,8.497,1.6836118023462496e-05,0.0008418059011731248
text+audio_text_ln_lrh0.001_e5_s42,758,2,1.11926,35.6278,1.6829008176324212e-05,0.0008414504088162105
text+audio_text_ln_lrh0.001_e5_s42,759,2,0.81952,11.9283,1.6821898329185925e-05,0.0008410949164592962
text+audio_text_ln_lrh0.001_e5_s42,760,2,0.93228,13.5523,1.6814788482047637e-05,0.0008407394241023818
text+audio_text_ln_lrh0.001_e5_s42,761,2,0.58866,12.7489,1.680767863490935e-05,0.0008403839317454674
text+audio_text_ln_lrh0.001_e5_s42,762,2,0.79607,12.6624,1.6800568787771062e-05,0.0008400284393885531
text+audio_text_ln_lrh0.001_e5_s42,763,2,0.57131,12.6933,1.6793458940632778e-05,0.0008396729470316388
text+audio_text_ln_lrh0.001_e5_s42,764,2,1.20151,29.047,1.6786349093494493e-05,0.0008393174546747245
text+audio_text_ln_lrh0.001_e5_s42,765,2,0.54969,15.4099,1.6779239246356206e-05,0.0008389619623178102
text+audio_text_ln_lrh0.001_e5_s42,766,2,1.7206,27.023,1.6772129399217918e-05,0.0008386064699608958
text+audio_text_ln_lrh0.001_e5_s42,767,2,1.42089,28.9735,1.676501955207963e-05,0.0008382509776039815
text+audio_text_ln_lrh0.001_e5_s42,768,2,0.5011,10.9671,1.6757909704941343e-05,0.0008378954852470672
text+audio_text_ln_lrh0.001_e5_s42,769,2,1.28237,23.6313,1.675079985780306e-05,0.0008375399928901529
text+audio_text_ln_lrh0.001_e5_s42,770,2,1.87072,34.479,1.674369001066477e-05,0.0008371845005332386
text+audio_text_ln_lrh0.001_e5_s42,771,2,0.72385,27.2719,1.6736580163526487e-05,0.0008368290081763243
text+audio_text_ln_lrh0.001_e5_s42,772,2,0.41741,10.3376,1.67294703163882e-05,0.0008364735158194099
text+audio_text_ln_lrh0.001_e5_s42,773,2,1.15245,20.0867,1.6722360469249912e-05,0.0008361180234624956
text+audio_text_ln_lrh0.001_e5_s42,774,2,0.76167,11.2439,1.6715250622111624e-05,0.0008357625311055812
text+audio_text_ln_lrh0.001_e5_s42,775,2,1.09372,24.2033,1.670814077497334e-05,0.000835407038748667
text+audio_text_ln_lrh0.001_e5_s42,776,2,0.7492,13.1972,1.6701030927835052e-05,0.0008350515463917527
text+audio_text_ln_lrh0.001_e5_s42,777,2,0.79109,11.877,1.6693921080696768e-05,0.0008346960540348382
text+audio_text_ln_lrh0.001_e5_s42,778,2,1.09025,15.1438,1.668681123355848e-05,0.0008343405616779239
text+audio_text_ln_lrh0.001_e5_s42,779,2,1.24688,14.5717,1.6679701386420193e-05,0.0008339850693210096
text+audio_text_ln_lrh0.001_e5_s42,780,2,0.7787,20.0184,1.6672591539281905e-05,0.0008336295769640952
text+audio_text_ln_lrh0.001_e5_s42,781,2,0.39705,14.1401,1.666548169214362e-05,0.000833274084607181
text+audio_text_ln_lrh0.001_e5_s42,782,2,0.952,18.385,1.6658371845005334e-05,0.0008329185922502667
text+audio_text_ln_lrh0.001_e5_s42,783,2,1.42739,25.8442,1.6651261997867046e-05,0.0008325630998933523
text+audio_text_ln_lrh0.001_e5_s42,784,2,1.07953,38.3216,1.6644152150728762e-05,0.000832207607536438
text+audio_text_ln_lrh0.001_e5_s42,785,2,1.55844,27.5093,1.6637042303590474e-05,0.0008318521151795237
text+audio_text_ln_lrh0.001_e5_s42,786,2,1.19333,26.2442,1.6629932456452187e-05,0.0008314966228226093
text+audio_text_ln_lrh0.001_e5_s42,787,2,1.01474,13.6366,1.66228226093139e-05,0.000831141130465695
text+audio_text_ln_lrh0.001_e5_s42,788,2,0.77866,14.6022,1.6615712762175615e-05,0.0008307856381087807
text+audio_text_ln_lrh0.001_e5_s42,789,2,0.5295,17.4057,1.6608602915037327e-05,0.0008304301457518664
text+audio_text_ln_lrh0.001_e5_s42,790,2,0.6145,11.4754,1.6601493067899043e-05,0.0008300746533949521
text+audio_text_ln_lrh0.001_e5_s42,791,2,0.75357,18.2861,1.6594383220760755e-05,0.0008297191610380376
text+audio_text_ln_lrh0.001_e5_s42,792,2,1.28112,23.1617,1.6587273373622468e-05,0.0008293636686811233
text+audio_text_ln_lrh0.001_e5_s42,793,2,0.59751,8.6993,1.658016352648418e-05,0.000829008176324209
text+audio_text_ln_lrh0.001_e5_s42,794,2,1.07077,17.1295,1.6573053679345896e-05,0.0008286526839672947
text+audio_text_ln_lrh0.001_e5_s42,795,2,1.1609,21.9361,1.656594383220761e-05,0.0008282971916103804
text+audio_text_ln_lrh0.001_e5_s42,796,2,0.62634,22.3047,1.655883398506932e-05,0.0008279416992534661
text+audio_text_ln_lrh0.001_e5_s42,797,2,1.34725,26.4852,1.6551724137931037e-05,0.0008275862068965517
text+audio_text_ln_lrh0.001_e5_s42,798,2,0.34276,13.4872,1.654461429079275e-05,0.0008272307145396374
text+audio_text_ln_lrh0.001_e5_s42,799,2,0.79224,22.4874,1.653750444365446e-05,0.0008268752221827231
text+audio_text_ln_lrh0.001_e5_s42,800,2,1.08899,34.5848,1.6530394596516177e-05,0.0008265197298258088
text+audio_text_ln_lrh0.001_e5_s42,801,2,0.76137,14.3523,1.652328474937789e-05,0.0008261642374688945
text+audio_text_ln_lrh0.001_e5_s42,802,2,0.57614,13.675,1.6516174902239602e-05,0.0008258087451119801
text+audio_text_ln_lrh0.001_e5_s42,803,2,0.77959,19.7327,1.6509065055101318e-05,0.0008254532527550658
text+audio_text_ln_lrh0.001_e5_s42,804,2,1.51193,17.1515,1.650195520796303e-05,0.0008250977603981515
text+audio_text_ln_lrh0.001_e5_s42,805,2,0.7452,10.4404,1.6494845360824743e-05,0.000824742268041237
text+audio_text_ln_lrh0.001_e5_s42,806,2,1.40988,21.355,1.648773551368646e-05,0.0008243867756843228
text+audio_text_ln_lrh0.001_e5_s42,807,2,1.02968,15.3944,1.648062566654817e-05,0.0008240312833274085
text+audio_text_ln_lrh0.001_e5_s42,808,2,0.9845,26.3401,1.6473515819409883e-05,0.0008236757909704941
text+audio_text_ln_lrh0.001_e5_s42,809,2,1.03679,20.5179,1.64664059722716e-05,0.0008233202986135798
text+audio_text_ln_lrh0.001_e5_s42,810,2,0.6301,17.9839,1.645929612513331e-05,0.0008229648062566655
text+audio_text_ln_lrh0.001_e5_s42,811,2,1.51951,17.2671,1.6452186277995024e-05,0.0008226093138997511
text+audio_text_ln_lrh0.001_e5_s42,812,2,1.23404,37.3696,1.644507643085674e-05,0.0008222538215428369
text+audio_text_ln_lrh0.001_e5_s42,813,2,0.48353,14.6881,1.6437966583718452e-05,0.0008218983291859226
text+audio_text_ln_lrh0.001_e5_s42,814,2,1.11932,14.1057,1.6430856736580164e-05,0.0008215428368290082
text+audio_text_ln_lrh0.001_e5_s42,815,2,0.92079,18.991,1.6423746889441877e-05,0.0008211873444720939
text+audio_text_ln_lrh0.001_e5_s42,816,2,1.24131,17.6881,1.6416637042303593e-05,0.0008208318521151795
text+audio_text_ln_lrh0.001_e5_s42,817,2,0.97283,19.0753,1.6409527195165305e-05,0.0008204763597582652
text+audio_text_ln_lrh0.001_e5_s42,818,2,1.13288,15.3942,1.6402417348027017e-05,0.0008201208674013509
text+audio_text_ln_lrh0.001_e5_s42,819,2,0.82155,15.0471,1.6395307500888733e-05,0.0008197653750444366
text+audio_text_ln_lrh0.001_e5_s42,820,2,0.84511,13.6735,1.6388197653750446e-05,0.0008194098826875223
text+audio_text_ln_lrh0.001_e5_s42,821,2,1.14219,17.1346,1.6381087806612158e-05,0.0008190543903306079
text+audio_text_ln_lrh0.001_e5_s42,822,2,1.33808,24.1689,1.6373977959473874e-05,0.0008186988979736935
text+audio_text_ln_lrh0.001_e5_s42,823,2,0.91522,12.0094,1.6366868112335586e-05,0.0008183434056167792
text+audio_text_ln_lrh0.001_e5_s42,824,2,0.96181,13.2546,1.63597582651973e-05,0.0008179879132598649
text+audio_text_ln_lrh0.001_e5_s42,825,2,1.29336,20.452,1.6352648418059014e-05,0.0008176324209029506
text+audio_text_ln_lrh0.001_e5_s42,826,2,0.81717,12.8628,1.6345538570920727e-05,0.0008172769285460363
text+audio_text_ln_lrh0.001_e5_s42,827,2,0.88413,14.9905,1.633842872378244e-05,0.000816921436189122
text+audio_text_ln_lrh0.001_e5_s42,828,2,1.54343,30.0271,1.6331318876644152e-05,0.0008165659438322076
text+audio_text_ln_lrh0.001_e5_s42,829,2,1.4831,13.3369,1.6324209029505868e-05,0.0008162104514752933
text+audio_text_ln_lrh0.001_e5_s42,830,2,0.80439,12.5032,1.631709918236758e-05,0.0008158549591183789
text+audio_text_ln_lrh0.001_e5_s42,831,2,1.77407,21.1237,1.6309989335229296e-05,0.0008154994667614647
text+audio_text_ln_lrh0.001_e5_s42,832,2,0.67826,11.3779,1.6302879488091008e-05,0.0008151439744045504
text+audio_text_ln_lrh0.001_e5_s42,833,2,1.39278,23.5647,1.629576964095272e-05,0.000814788482047636
text+audio_text_ln_lrh0.001_e5_s42,834,2,1.33129,24.4924,1.6288659793814433e-05,0.0008144329896907217
text+audio_text_ln_lrh0.001_e5_s42,835,2,0.7073,12.278,1.628154994667615e-05,0.0008140774973338073
text+audio_text_ln_lrh0.001_e5_s42,836,2,0.727,18.8289,1.627444009953786e-05,0.0008137220049768929
text+audio_text_ln_lrh0.001_e5_s42,837,2,0.84583,19.2547,1.6267330252399577e-05,0.0008133665126199787
text+audio_text_ln_lrh0.001_e5_s42,838,2,0.92881,14.3636,1.626022040526129e-05,0.0008130110202630644
text+audio_text_ln_lrh0.001_e5_s42,839,2,1.10339,18.9067,1.6253110558123002e-05,0.00081265552790615
text+audio_text_ln_lrh0.001_e5_s42,840,2,1.16194,14.0987,1.6246000710984714e-05,0.0008123000355492357
text+audio_text_ln_lrh0.001_e5_s42,841,2,0.95366,14.713,1.6238890863846427e-05,0.0008119445431923214
text+audio_text_ln_lrh0.001_e5_s42,842,2,0.70465,10.3189,1.6231781016708142e-05,0.000811589050835407
text+audio_text_ln_lrh0.001_e5_s42,843,2,0.97105,12.6149,1.6224671169569858e-05,0.0008112335584784928
text+audio_text_ln_lrh0.001_e5_s42,844,2,1.20414,26.5726,1.621756132243157e-05,0.0008108780661215785
text+audio_text_ln_lrh0.001_e5_s42,845,2,0.68113,13.3169,1.6210451475293283e-05,0.0008105225737646641
text+audio_text_ln_lrh0.001_e5_s42,846,2,0.99067,15.7508,1.6203341628154995e-05,0.0008101670814077498
text+audio_text_ln_lrh0.001_e5_s42,847,2,0.90018,17.7026,1.6196231781016708e-05,0.0008098115890508354
text+audio_text_ln_lrh0.001_e5_s42,848,2,0.90851,18.2391,1.6189121933878424e-05,0.0008094560966939211
text+audio_text_ln_lrh0.001_e5_s42,849,2,0.77972,15.8109,1.6182012086740136e-05,0.0008091006043370067
text+audio_text_ln_lrh0.001_e5_s42,850,2,0.67015,15.1152,1.6174902239601852e-05,0.0008087451119800924
text+audio_text_ln_lrh0.001_e5_s42,851,2,1.58488,27.3413,1.6167792392463564e-05,0.0008083896196231781
text+audio_text_ln_lrh0.001_e5_s42,852,2,1.43968,29.332,1.6160682545325277e-05,0.0008080341272662638
text+audio_text_ln_lrh0.001_e5_s42,853,2,0.76855,23.0884,1.615357269818699e-05,0.0008076786349093494
text+audio_text_ln_lrh0.001_e5_s42,854,2,0.71713,9.1236,1.6146462851048705e-05,0.0008073231425524351
text+audio_text_ln_lrh0.001_e5_s42,855,2,1.38319,20.4008,1.6139353003910417e-05,0.0008069676501955208
text+audio_text_ln_lrh0.001_e5_s42,856,2,1.24654,18.4668,1.6132243156772133e-05,0.0008066121578386065
text+audio_text_ln_lrh0.001_e5_s42,857,2,0.87337,16.0015,1.6125133309633845e-05,0.0008062566654816922
text+audio_text_ln_lrh0.001_e5_s42,858,2,0.92577,15.2972,1.6118023462495558e-05,0.0008059011731247779
text+audio_text_ln_lrh0.001_e5_s42,859,2,0.70672,18.9686,1.611091361535727e-05,0.0008055456807678635
text+audio_text_ln_lrh0.001_e5_s42,860,2,0.95816,31.2246,1.6103803768218983e-05,0.0008051901884109492
text+audio_text_ln_lrh0.001_e5_s42,861,2,1.02147,27.5129,1.60966939210807e-05,0.0008048346960540348
text+audio_text_ln_lrh0.001_e5_s42,862,2,0.72898,15.3592,1.6089584073942414e-05,0.0008044792036971206
text+audio_text_ln_lrh0.001_e5_s42,863,2,1.41693,15.685,1.6082474226804127e-05,0.0008041237113402063
text+audio_text_ln_lrh0.001_e5_s42,864,2,0.86271,14.6342,1.607536437966584e-05,0.0008037682189832918
text+audio_text_ln_lrh0.001_e5_s42,865,2,0.96851,21.6569,1.606825453252755e-05,0.0008034127266263775
text+audio_text_ln_lrh0.001_e5_s42,866,2,1.29443,17.8136,1.6061144685389264e-05,0.0008030572342694632
text+audio_text_ln_lrh0.001_e5_s42,867,2,0.88917,14.9614,1.605403483825098e-05,0.0008027017419125488
text+audio_text_ln_lrh0.001_e5_s42,868,2,0.7609,14.6192,1.6046924991112692e-05,0.0008023462495556346
text+audio_text_ln_lrh0.001_e5_s42,869,2,0.63852,14.6431,1.6039815143974408e-05,0.0008019907571987203
text+audio_text_ln_lrh0.001_e5_s42,870,2,1.14194,17.4031,1.603270529683612e-05,0.0008016352648418059
text+audio_text_ln_lrh0.001_e5_s42,871,2,1.30812,18.9231,1.6025595449697833e-05,0.0008012797724848916
text+audio_text_ln_lrh0.001_e5_s42,872,2,0.90974,14.1967,1.6018485602559545e-05,0.0008009242801279773
text+audio_text_ln_lrh0.001_e5_s42,873,2,1.0492,18.4571,1.6011375755421257e-05,0.0008005687877710629
text+audio_text_ln_lrh0.001_e5_s42,874,2,0.93604,20.0649,1.6004265908282973e-05,0.0008002132954141487
text+audio_text_ln_lrh0.001_e5_s42,875,2,1.47333,23.2199,1.599715606114469e-05,0.0007998578030572343
text+audio_text_ln_lrh0.001_e5_s42,876,2,0.47815,11.5908,1.59900462140064e-05,0.00079950231070032
text+audio_text_ln_lrh0.001_e5_s42,877,2,0.70444,13.7091,1.5982936366868114e-05,0.0007991468183434057
text+audio_text_ln_lrh0.001_e5_s42,878,2,1.56273,20.855,1.5975826519729826e-05,0.0007987913259864912
text+audio_text_ln_lrh0.001_e5_s42,879,2,0.79506,17.5152,1.596871667259154e-05,0.0007984358336295769
text+audio_text_ln_lrh0.001_e5_s42,880,2,1.31912,18.6055,1.5961606825453254e-05,0.0007980803412726626
text+audio_text_ln_lrh0.001_e5_s42,881,2,1.84847,26.088,1.5954496978314967e-05,0.0007977248489157483
text+audio_text_ln_lrh0.001_e5_s42,882,2,0.56015,12.9806,1.5947387131176683e-05,0.000797369356558834
text+audio_text_ln_lrh0.001_e5_s42,883,2,1.2528,28.2407,1.5940277284038395e-05,0.0007970138642019197
text+audio_text_ln_lrh0.001_e5_s42,884,2,0.38019,13.7664,1.5933167436900107e-05,0.0007966583718450053
text+audio_text_ln_lrh0.001_e5_s42,885,2,1.33509,22.5627,1.592605758976182e-05,0.000796302879488091
text+audio_text_ln_lrh0.001_e5_s42,886,2,0.99844,14.9343,1.5918947742623536e-05,0.0007959473871311767
text+audio_text_ln_lrh0.001_e5_s42,887,2,1.04786,16.0303,1.5911837895485248e-05,0.0007955918947742624
text+audio_text_ln_lrh0.001_e5_s42,888,2,1.06687,17.2976,1.5904728048346964e-05,0.0007952364024173481
text+audio_text_ln_lrh0.001_e5_s42,889,2,1.07278,12.6017,1.5897618201208676e-05,0.0007948809100604337
text+audio_text_ln_lrh0.001_e5_s42,890,2,1.16672,24.5045,1.589050835407039e-05,0.0007945254177035194
text+audio_text_ln_lrh0.001_e5_s42,891,2,1.2151,17.4498,1.58833985069321e-05,0.0007941699253466051
text+audio_text_ln_lrh0.001_e5_s42,892,2,0.96796,27.5346,1.5876288659793813e-05,0.0007938144329896907
text+audio_text_ln_lrh0.001_e5_s42,893,2,1.19008,15.0524,1.586917881265553e-05,0.0007934589406327765
text+audio_text_ln_lrh0.001_e5_s42,894,2,0.94974,13.0616,1.586206896551724e-05,0.0007931034482758621
text+audio_text_ln_lrh0.001_e5_s42,895,2,1.30825,15.4404,1.5854959118378957e-05,0.0007927479559189477
text+audio_text_ln_lrh0.001_e5_s42,896,2,1.06187,14.3707,1.584784927124067e-05,0.0007923924635620334
text+audio_text_ln_lrh0.001_e5_s42,897,2,0.7538,13.7964,1.5840739424102382e-05,0.0007920369712051191
text+audio_text_ln_lrh0.001_e5_s42,898,2,1.08427,15.8544,1.5833629576964095e-05,0.0007916814788482047
text+audio_text_ln_lrh0.001_e5_s42,899,2,0.94044,15.643,1.582651972982581e-05,0.0007913259864912905
text+audio_text_ln_lrh0.001_e5_s42,900,2,0.74648,11.0929,1.5819409882687523e-05,0.0007909704941343762
text+audio_text_ln_lrh0.001_e5_s42,901,2,0.78614,14.3011,1.581230003554924e-05,0.0007906150017774618
text+audio_text_ln_lrh0.001_e5_s42,902,2,1.40477,17.2091,1.580519018841095e-05,0.0007902595094205475
text+audio_text_ln_lrh0.001_e5_s42,903,2,1.23171,20.5108,1.5798080341272663e-05,0.0007899040170636331
text+audio_text_ln_lrh0.001_e5_s42,904,2,0.99392,10.9089,1.5790970494134376e-05,0.0007895485247067188
text+audio_text_ln_lrh0.001_e5_s42,905,2,1.65937,17.6912,1.5783860646996088e-05,0.0007891930323498045
text+audio_text_ln_lrh0.001_e5_s42,906,2,1.32183,15.9937,1.5776750799857804e-05,0.0007888375399928902
text+audio_text_ln_lrh0.001_e5_s42,907,2,0.85665,17.1147,1.576964095271952e-05,0.0007884820476359759
text+audio_text_ln_lrh0.001_e5_s42,908,2,0.94612,17.3314,1.5762531105581232e-05,0.0007881265552790616
text+audio_text_ln_lrh0.001_e5_s42,909,2,1.10459,22.8485,1.5755421258442945e-05,0.0007877710629221471
text+audio_text_ln_lrh0.001_e5_s42,910,2,1.42608,17.3992,1.5748311411304657e-05,0.0007874155705652328
text+audio_text_ln_lrh0.001_e5_s42,911,2,1.51687,16.8921,1.574120156416637e-05,0.0007870600782083185
text+audio_text_ln_lrh0.001_e5_s42,912,2,0.67227,14.0017,1.5734091717028085e-05,0.0007867045858514042
text+audio_text_ln_lrh0.001_e5_s42,913,2,0.62737,12.8091,1.5726981869889798e-05,0.0007863490934944899
text+audio_text_ln_lrh0.001_e5_s42,914,2,1.26231,16.4305,1.5719872022751513e-05,0.0007859936011375756
text+audio_text_ln_lrh0.001_e5_s42,915,2,1.18486,25.8069,1.5712762175613226e-05,0.0007856381087806612
text+audio_text_ln_lrh0.001_e5_s42,916,2,1.06653,20.2846,1.5705652328474938e-05,0.0007852826164237469
text+audio_text_ln_lrh0.001_e5_s42,917,2,1.00057,13.7748,1.569854248133665e-05,0.0007849271240668325
text+audio_text_ln_lrh0.001_e5_s42,918,2,1.45252,16.0369,1.5691432634198366e-05,0.0007845716317099183
text+audio_text_ln_lrh0.001_e5_s42,919,2,0.61729,13.047,1.568432278706008e-05,0.000784216139353004
text+audio_text_ln_lrh0.001_e5_s42,920,2,0.63039,15.072,1.5677212939921795e-05,0.0007838606469960896
text+audio_text_ln_lrh0.001_e5_s42,921,2,0.71917,11.2765,1.5670103092783507e-05,0.0007835051546391753
text+audio_text_ln_lrh0.001_e5_s42,922,2,1.08818,17.3024,1.566299324564522e-05,0.000783149662282261
text+audio_text_ln_lrh0.001_e5_s42,923,2,0.76975,16.2357,1.5655883398506932e-05,0.0007827941699253465
text+audio_text_ln_lrh0.001_e5_s42,924,2,1.40411,18.5572,1.5648773551368648e-05,0.0007824386775684323
text+audio_text_ln_lrh0.001_e5_s42,925,2,1.39548,18.4358,1.564166370423036e-05,0.000782083185211518
text+audio_text_ln_lrh0.001_e5_s42,926,2,1.6173,20.1709,1.5634553857092072e-05,0.0007817276928546036
text+audio_text_ln_lrh0.001_e5_s42,927,2,0.76051,16.1044,1.5627444009953788e-05,0.0007813722004976893
text+audio_text_ln_lrh0.001_e5_s42,928,2,0.63469,7.2569,1.56203341628155e-05,0.000781016708140775
text+audio_text_ln_lrh0.001_e5_s42,929,2,1.82299,24.5757,1.5613224315677213e-05,0.0007806612157838606
text+audio_text_ln_lrh0.001_e5_s42,930,2,0.50002,8.3631,1.560611446853893e-05,0.0007803057234269464
text+audio_text_ln_lrh0.001_e5_s42,931,2,1.41635,27.5036,1.559900462140064e-05,0.0007799502310700321
text+audio_text_ln_lrh0.001_e5_s42,932,2,0.82566,17.6911,1.5591894774262354e-05,0.0007795947387131177
text+audio_text_ln_lrh0.001_e5_s42,933,2,0.96883,11.5436,1.558478492712407e-05,0.0007792392463562034
text+audio_text_ln_lrh0.001_e5_s42,934,2,1.05053,23.4838,1.5577675079985782e-05,0.000778883753999289
text+audio_text_ln_lrh0.001_e5_s42,935,2,0.6929,11.5117,1.5570565232847494e-05,0.0007785282616423747
text+audio_text_ln_lrh0.001_e5_s42,936,2,0.87624,13.8047,1.5563455385709207e-05,0.0007781727692854604
text+audio_text_ln_lrh0.001_e5_s42,937,2,0.86446,14.4603,1.5556345538570922e-05,0.000777817276928546
text+audio_text_ln_lrh0.001_e5_s42,938,2,0.72892,12.3524,1.5549235691432635e-05,0.0007774617845716317
text+audio_text_ln_lrh0.001_e5_s42,939,2,0.7441,14.8435,1.554212584429435e-05,0.0007771062922147174
text+audio_text_ln_lrh0.001_e5_s42,940,2,1.09931,24.4753,1.5535015997156063e-05,0.000776750799857803
text+audio_text_ln_lrh0.001_e5_s42,941,2,1.35501,15.3071,1.5527906150017776e-05,0.0007763953075008887
text+audio_text_ln_lrh0.001_e5_s42,942,2,1.01981,33.2848,1.5520796302879488e-05,0.0007760398151439744
text+audio_text_ln_lrh0.001_e5_s42,943,2,0.8365,15.0005,1.5513686455741204e-05,0.0007756843227870601
text+audio_text_ln_lrh0.001_e5_s42,944,2,0.92679,20.8566,1.5506576608602916e-05,0.0007753288304301458
text+audio_text_ln_lrh0.001_e5_s42,945,2,1.13269,21.6819,1.549946676146463e-05,0.0007749733380732315
text+audio_text_ln_lrh0.001_e5_s42,946,2,1.17508,19.7037,1.5492356914326344e-05,0.0007746178457163171
text+audio_text_ln_lrh0.001_e5_s42,947,2,1.12714,27.7102,1.5485247067188057e-05,0.0007742623533594028
text+audio_text_ln_lrh0.001_e5_s42,948,2,0.65471,16.4303,1.547813722004977e-05,0.0007739068610024884
text+audio_text_ln_lrh0.001_e5_s42,949,2,0.96908,15.3479,1.5471027372911485e-05,0.0007735513686455742
text+audio_text_ln_lrh0.001_e5_s42,950,2,2.16712,23.7692,1.5463917525773197e-05,0.0007731958762886599
text+audio_text_ln_lrh0.001_e5_s42,951,2,0.77598,19.697,1.545680767863491e-05,0.0007728403839317455
text+audio_text_ln_lrh0.001_e5_s42,952,2,1.37471,25.58,1.5449697831496626e-05,0.0007724848915748311
text+audio_text_ln_lrh0.001_e5_s42,953,2,0.76981,13.6476,1.5442587984358338e-05,0.0007721293992179168
text+audio_text_ln_lrh0.001_e5_s42,954,2,0.50498,9.4142,1.543547813722005e-05,0.0007717739068610024
text+audio_text_ln_lrh0.001_e5_s42,955,2,0.90857,12.5219,1.5428368290081766e-05,0.0007714184145040882
text+audio_text_ln_lrh0.001_e5_s42,956,2,0.98555,23.9987,1.542125844294348e-05,0.0007710629221471739
text+audio_text_ln_lrh0.001_e5_s42,957,2,1.50882,23.541,1.541414859580519e-05,0.0007707074297902595
text+audio_text_ln_lrh0.001_e5_s42,958,2,1.44168,24.0947,1.5407038748666903e-05,0.0007703519374333452
text+audio_text_ln_lrh0.001_e5_s42,959,2,1.68266,27.4952,1.539992890152862e-05,0.0007699964450764309
text+audio_text_ln_lrh0.001_e5_s42,960,2,0.55121,13.5334,1.539281905439033e-05,0.0007696409527195165
text+audio_text_ln_lrh0.001_e5_s42,961,2,0.85018,11.7052,1.5385709207252047e-05,0.0007692854603626023
text+audio_text_ln_lrh0.001_e5_s42,962,2,1.20838,28.4463,1.537859936011376e-05,0.0007689299680056879
text+audio_text_ln_lrh0.001_e5_s42,963,2,0.4293,9.1653,1.5371489512975472e-05,0.0007685744756487736
text+audio_text_ln_lrh0.001_e5_s42,964,2,0.5818,17.9287,1.5364379665837185e-05,0.0007682189832918593
text+audio_text_ln_lrh0.001_e5_s42,965,2,1.01656,27.271,1.53572698186989e-05,0.0007678634909349449
text+audio_text_ln_lrh0.001_e5_s42,966,2,0.8611,15.4834,1.5350159971560613e-05,0.0007675079985780305
text+audio_text_ln_lrh0.001_e5_s42,967,2,1.07922,18.2555,1.5343050124422325e-05,0.0007671525062211162
text+audio_text_ln_lrh0.001_e5_s42,968,2,1.0703,16.4741,1.533594027728404e-05,0.0007667970138642019
text+audio_text_ln_lrh0.001_e5_s42,969,2,1.16683,17.0188,1.5328830430145753e-05,0.0007664415215072876
text+audio_text_ln_lrh0.001_e5_s42,970,2,1.22544,17.0556,1.5321720583007466e-05,0.0007660860291503733
text+audio_text_ln_lrh0.001_e5_s42,971,2,1.03918,20.4159,1.5314610735869178e-05,0.0007657305367934589
text+audio_text_ln_lrh0.001_e5_s42,972,2,1.3493,20.1504,1.5307500888730894e-05,0.0007653750444365446
text+audio_text_ln_lrh0.001_e5_s42,973,2,0.46526,15.6751,1.5300391041592606e-05,0.0007650195520796303
text+audio_text_ln_lrh0.001_e5_s42,974,2,0.80193,14.8856,1.5293281194454322e-05,0.000764664059722716
text+audio_text_ln_lrh0.001_e5_s42,975,2,1.04259,21.2925,1.5286171347316035e-05,0.0007643085673658017
text+audio_text_ln_lrh0.001_e5_s42,976,2,1.2347,14.8558,1.5279061500177747e-05,0.0007639530750088873
text+audio_text_ln_lrh0.001_e5_s42,977,2,1.3078,25.0474,1.527195165303946e-05,0.000763597582651973
text+audio_text_ln_lrh0.001_e5_s42,978,2,1.07915,18.665,1.5264841805901175e-05,0.0007632420902950587
text+audio_text_ln_lrh0.001_e5_s42,979,2,0.86123,12.9715,1.5257731958762888e-05,0.0007628865979381443
text+audio_text_ln_lrh0.001_e5_s42,980,2,0.81845,14.1286,1.5250622111624602e-05,0.0007625311055812301
text+audio_text_ln_lrh0.001_e5_s42,981,2,0.98327,12.3931,1.5243512264486316e-05,0.0007621756132243158
text+audio_text_ln_lrh0.001_e5_s42,982,2,1.36391,22.9576,1.5236402417348028e-05,0.0007618201208674013
text+audio_text_ln_lrh0.001_e5_s42,983,2,1.09362,9.9998,1.5229292570209742e-05,0.000761464628510487
text+audio_text_ln_lrh0.001_e5_s42,984,2,1.00348,18.1883,1.5222182723071455e-05,0.0007611091361535727
text+audio_text_ln_lrh0.001_e5_s42,985,2,0.88863,15.0771,1.5215072875933167e-05,0.0007607536437966583
text+audio_text_ln_lrh0.001_e5_s42,986,2,1.34496,14.9046,1.5207963028794883e-05,0.0007603981514397441
text+audio_text_ln_lrh0.001_e5_s42,987,2,1.07243,15.233,1.5200853181656597e-05,0.0007600426590828298
text+audio_text_ln_lrh0.001_e5_s42,988,2,1.27076,14.6629,1.519374333451831e-05,0.0007596871667259154
text+audio_text_ln_lrh0.001_e5_s42,989,2,1.26175,17.7694,1.5186633487380022e-05,0.0007593316743690011
text+audio_text_ln_lrh0.001_e5_s42,990,2,0.96224,11.9103,1.5179523640241736e-05,0.0007589761820120867
text+audio_text_ln_lrh0.001_e5_s42,991,2,0.87537,11.8919,1.5172413793103448e-05,0.0007586206896551724
text+audio_text_ln_lrh0.001_e5_s42,992,2,0.86165,13.8267,1.5165303945965164e-05,0.0007582651972982582
text+audio_text_ln_lrh0.001_e5_s42,993,2,0.87135,12.7796,1.5158194098826876e-05,0.0007579097049413438
text+audio_text_ln_lrh0.001_e5_s42,994,2,0.86333,12.3942,1.515108425168859e-05,0.0007575542125844295
text+audio_text_ln_lrh0.001_e5_s42,995,2,1.24095,15.3373,1.5143974404550303e-05,0.0007571987202275152
text+audio_text_ln_lrh0.001_e5_s42,996,2,1.04652,35.9031,1.5136864557412017e-05,0.0007568432278706007
text+audio_text_ln_lrh0.001_e5_s42,997,2,1.07828,14.3022,1.512975471027373e-05,0.0007564877355136864
text+audio_text_ln_lrh0.001_e5_s42,998,2,1.05346,14.2969,1.5122644863135444e-05,0.0007561322431567721
text+audio_text_ln_lrh0.001_e5_s42,999,2,1.26806,16.8081,1.5115535015997158e-05,0.0007557767507998578
text+audio_text_ln_lrh0.001_e5_s42,1000,2,0.61675,11.2245,1.5108425168858872e-05,0.0007554212584429435
text+audio_text_ln_lrh0.001_e5_s42,1001,2,0.6559,13.4407,1.5101315321720584e-05,0.0007550657660860292
text+audio_text_ln_lrh0.001_e5_s42,1002,2,0.8805,12.5214,1.5094205474582298e-05,0.0007547102737291148
text+audio_text_ln_lrh0.001_e5_s42,1003,2,0.60188,14.133,1.508709562744401e-05,0.0007543547813722005
text+audio_text_ln_lrh0.001_e5_s42,1004,2,0.86581,55.9012,1.5079985780305723e-05,0.0007539992890152861
text+audio_text_ln_lrh0.001_e5_s42,1005,2,1.10906,25.5874,1.5072875933167439e-05,0.0007536437966583719
text+audio_text_ln_lrh0.001_e5_s42,1006,2,1.13116,18.0423,1.5065766086029151e-05,0.0007532883043014576
text+audio_text_ln_lrh0.001_e5_s42,1007,2,1.18661,19.27,1.5058656238890865e-05,0.0007529328119445432
text+audio_text_ln_lrh0.001_e5_s42,1008,2,0.79405,15.513,1.5051546391752578e-05,0.0007525773195876289
text+audio_text_ln_lrh0.001_e5_s42,1009,2,0.77415,15.6739,1.5044436544614292e-05,0.0007522218272307146
text+audio_text_ln_lrh0.001_e5_s42,1010,2,0.58523,16.3262,1.5037326697476004e-05,0.0007518663348738001
text+audio_text_ln_lrh0.001_e5_s42,1011,2,1.09658,14.3942,1.503021685033772e-05,0.000751510842516886
text+audio_text_ln_lrh0.001_e5_s42,1012,2,0.81375,22.8569,1.5023107003199433e-05,0.0007511553501599716
text+audio_text_ln_lrh0.001_e5_s42,1013,2,1.3684,16.6489,1.5015997156061147e-05,0.0007507998578030572
text+audio_text_ln_lrh0.001_e5_s42,1014,2,0.46082,15.7249,1.5008887308922859e-05,0.0007504443654461429
text+audio_text_ln_lrh0.001_e5_s42,1015,2,1.12454,18.3867,1.5001777461784573e-05,0.0007500888730892286
text+audio_text_ln_lrh0.001_e5_s42,1016,2,0.97353,21.1348,1.4994667614646286e-05,0.0007497333807323142
text+audio_text_ln_lrh0.001_e5_s42,1017,2,0.8951,12.8433,1.4987557767508001e-05,0.0007493778883754
text+audio_text_ln_lrh0.001_e5_s42,1018,2,1.25055,35.9614,1.4980447920369714e-05,0.0007490223960184857
text+audio_text_ln_lrh0.001_e5_s42,1019,2,1.12123,28.2495,1.4973338073231428e-05,0.0007486669036615713
text+audio_text_ln_lrh0.001_e5_s42,1020,2,0.7822,19.1024,1.496622822609314e-05,0.000748311411304657
text+audio_text_ln_lrh0.001_e5_s42,1021,2,1.52796,20.1675,1.4959118378954853e-05,0.0007479559189477426
text+audio_text_ln_lrh0.001_e5_s42,1022,2,0.85079,15.1295,1.4952008531816567e-05,0.0007476004265908283
text+audio_text_ln_lrh0.001_e5_s42,1023,2,1.02314,47.7217,1.4944898684678279e-05,0.000747244934233914
text+audio_text_ln_lrh0.001_e5_s42,1024,2,1.03935,23.2086,1.4937788837539995e-05,0.0007468894418769997
text+audio_text_ln_lrh0.001_e5_s42,1025,2,0.78436,14.608,1.4930678990401707e-05,0.0007465339495200854
text+audio_text_ln_lrh0.001_e5_s42,1026,2,0.85276,16.5155,1.4923569143263421e-05,0.000746178457163171
text+audio_text_ln_lrh0.001_e5_s42,1027,2,1.10244,17.7974,1.4916459296125134e-05,0.0007458229648062566
text+audio_text_ln_lrh0.001_e5_s42,1028,2,1.3789,21.5896,1.4909349448986848e-05,0.0007454674724493423
text+audio_text_ln_lrh0.001_e5_s42,1029,2,0.55995,10.2067,1.490223960184856e-05,0.000745111980092428
text+audio_text_ln_lrh0.001_e5_s42,1030,2,0.78662,15.744,1.4895129754710276e-05,0.0007447564877355137
text+audio_text_ln_lrh0.001_e5_s42,1031,2,0.79559,14.8542,1.4888019907571989e-05,0.0007444009953785994
text+audio_text_ln_lrh0.001_e5_s42,1032,2,1.20419,25.124,1.4880910060433703e-05,0.0007440455030216851
text+audio_text_ln_lrh0.001_e5_s42,1033,2,0.96087,13.9477,1.4873800213295415e-05,0.0007436900106647707
text+audio_text_ln_lrh0.001_e5_s42,1034,2,1.19147,18.1579,1.4866690366157127e-05,0.0007433345183078564
text+audio_text_ln_lrh0.001_e5_s42,1035,2,1.33135,22.2917,1.4859580519018842e-05,0.000742979025950942
text+audio_text_ln_lrh0.001_e5_s42,1036,2,0.54005,11.8137,1.4852470671880557e-05,0.0007426235335940278
text+audio_text_ln_lrh0.001_e5_s42,1037,2,1.12401,13.7338,1.484536082474227e-05,0.0007422680412371135
text+audio_text_ln_lrh0.001_e5_s42,1038,2,1.83193,24.2471,1.4838250977603982e-05,0.0007419125488801991
text+audio_text_ln_lrh0.001_e5_s42,1039,2,0.86995,15.6142,1.4831141130465696e-05,0.0007415570565232848
text+audio_text_ln_lrh0.001_e5_s42,1040,2,0.98253,19.8876,1.4824031283327409e-05,0.0007412015641663704
text+audio_text_ln_lrh0.001_e5_s42,1041,2,0.85893,26.1269,1.4816921436189123e-05,0.000740846071809456
text+audio_text_ln_lrh0.001_e5_s42,1042,2,0.90513,18.7428,1.4809811589050837e-05,0.0007404905794525418
text+audio_text_ln_lrh0.001_e5_s42,1043,2,0.73803,11.8504,1.4802701741912551e-05,0.0007401350870956275
text+audio_text_ln_lrh0.001_e5_s42,1044,2,0.95486,10.1257,1.4795591894774263e-05,0.0007397795947387131
text+audio_text_ln_lrh0.001_e5_s42,1045,2,0.79748,12.8109,1.4788482047635977e-05,0.0007394241023817988
text+audio_text_ln_lrh0.001_e5_s42,1046,2,1.14762,16.9674,1.478137220049769e-05,0.0007390686100248845
text+audio_text_ln_lrh0.001_e5_s42,1047,2,0.9283,15.5868,1.4774262353359404e-05,0.0007387131176679701
text+audio_text_ln_lrh0.001_e5_s42,1048,2,1.90435,30.9174,1.4767152506221118e-05,0.0007383576253110559
text+audio_text_ln_lrh0.001_e5_s42,1049,2,1.08699,21.789,1.4760042659082832e-05,0.0007380021329541415
text+audio_text_ln_lrh0.001_e5_s42,1050,2,1.10471,18.5712,1.4752932811944545e-05,0.0007376466405972272
text+audio_text_ln_lrh0.001_e5_s42,1051,2,0.83948,14.2865,1.4745822964806259e-05,0.0007372911482403129
text+audio_text_ln_lrh0.001_e5_s42,1052,2,1.09882,13.0691,1.4738713117667971e-05,0.0007369356558833985
text+audio_text_ln_lrh0.001_e5_s42,1053,2,0.75569,13.2938,1.4731603270529683e-05,0.0007365801635264842
text+audio_text_ln_lrh0.001_e5_s42,1054,2,0.66045,13.1937,1.4724493423391398e-05,0.0007362246711695698
text+audio_text_ln_lrh0.001_e5_s42,1055,2,1.45559,19.949,1.4717383576253112e-05,0.0007358691788126555
text+audio_text_ln_lrh0.001_e5_s42,1056,2,1.0953,16.3714,1.4710273729114826e-05,0.0007355136864557412
text+audio_text_ln_lrh0.001_e5_s42,1057,2,0.65236,12.7857,1.4703163881976538e-05,0.0007351581940988269
text+audio_text_ln_lrh0.001_e5_s42,1058,2,1.10992,46.3485,1.4696054034838252e-05,0.0007348027017419125
text+audio_text_ln_lrh0.001_e5_s42,1059,2,1.0247,17.255,1.4688944187699965e-05,0.0007344472093849982
text+audio_text_ln_lrh0.001_e5_s42,1060,2,1.17327,12.3627,1.4681834340561679e-05,0.0007340917170280839
text+audio_text_ln_lrh0.001_e5_s42,1061,2,1.02071,12.5689,1.4674724493423393e-05,0.0007337362246711696
text+audio_text_ln_lrh0.001_e5_s42,1062,2,1.10151,13.612,1.4667614646285107e-05,0.0007333807323142553
text+audio_text_ln_lrh0.001_e5_s42,1063,2,0.70001,13.7362,1.466050479914682e-05,0.0007330252399573409
text+audio_text_ln_lrh0.001_e5_s42,1064,2,0.88396,11.1485,1.4653394952008534e-05,0.0007326697476004266
text+audio_text_ln_lrh0.001_e5_s42,1065,2,0.76436,17.0041,1.4646285104870246e-05,0.0007323142552435123
text+audio_text_ln_lrh0.001_e5_s42,1066,2,0.84385,14.0727,1.4639175257731958e-05,0.0007319587628865979
text+audio_text_ln_lrh0.001_e5_s42,1067,2,1.01258,15.3713,1.4632065410593674e-05,0.0007316032705296837
text+audio_text_ln_lrh0.001_e5_s42,1068,2,0.53828,16.9769,1.4624955563455388e-05,0.0007312477781727694
text+audio_text_ln_lrh0.001_e5_s42,1069,2,1.3149,18.589,1.46178457163171e-05,0.000730892285815855
text+audio_text_ln_lrh0.001_e5_s42,1070,2,0.718,13.7136,1.4610735869178813e-05,0.0007305367934589406
text+audio_text_ln_lrh0.001_e5_s42,1071,2,1.08817,20.0548,1.4603626022040527e-05,0.0007301813011020263
text+audio_text_ln_lrh0.001_e5_s42,1072,2,0.8779,19.7293,1.459651617490224e-05,0.0007298258087451119
text+audio_text_ln_lrh0.001_e5_s42,1073,2,0.7297,11.44,1.4589406327763955e-05,0.0007294703163881977
text+audio_text_ln_lrh0.001_e5_s42,1074,2,1.40665,21.3227,1.4582296480625668e-05,0.0007291148240312834
text+audio_text_ln_lrh0.001_e5_s42,1075,2,1.24875,16.2826,1.4575186633487382e-05,0.000728759331674369
text+audio_text_ln_lrh0.001_e5_s42,1076,2,1.09193,14.8001,1.4568076786349094e-05,0.0007284038393174547
text+audio_text_ln_lrh0.001_e5_s42,1077,2,1.14702,14.5416,1.4560966939210808e-05,0.0007280483469605403
text+audio_text_ln_lrh0.001_e5_s42,1078,2,0.70671,13.104,1.455385709207252e-05,0.000727692854603626
text+audio_text_ln_lrh0.001_e5_s42,1079,2,0.83041,16.0279,1.4546747244934237e-05,0.0007273373622467118
text+audio_text_ln_lrh0.001_e5_s42,1080,2,0.68416,11.633,1.4539637397795949e-05,0.0007269818698897974
text+audio_text_ln_lrh0.001_e5_s42,1081,2,1.08332,17.4938,1.4532527550657663e-05,0.0007266263775328831
text+audio_text_ln_lrh0.001_e5_s42,1082,2,0.76389,27.0486,1.4525417703519375e-05,0.0007262708851759688
text+audio_text_ln_lrh0.001_e5_s42,1083,2,0.8829,15.473,1.4518307856381088e-05,0.0007259153928190543
text+audio_text_ln_lrh0.001_e5_s42,1084,2,1.32528,18.0802,1.4511198009242802e-05,0.00072555990046214
text+audio_text_ln_lrh0.001_e5_s42,1085,2,1.46575,56.3074,1.4504088162104514e-05,0.0007252044081052257
text+audio_text_ln_lrh0.001_e5_s42,1086,2,1.69938,33.476,1.449697831496623e-05,0.0007248489157483114
text+audio_text_ln_lrh0.001_e5_s42,1087,2,1.2881,17.7324,1.4489868467827943e-05,0.0007244934233913971
text+audio_text_ln_lrh0.001_e5_s42,1088,2,0.65009,19.574,1.4482758620689657e-05,0.0007241379310344828
text+audio_text_ln_lrh0.001_e5_s42,1089,2,1.08544,15.1502,1.4475648773551369e-05,0.0007237824386775684
text+audio_text_ln_lrh0.001_e5_s42,1090,2,0.69261,13.4361,1.4468538926413083e-05,0.0007234269463206541
text+audio_text_ln_lrh0.001_e5_s42,1091,2,0.91508,15.6751,1.4461429079274796e-05,0.0007230714539637398
text+audio_text_ln_lrh0.001_e5_s42,1092,2,1.41756,28.1536,1.4454319232136511e-05,0.0007227159616068255
text+audio_text_ln_lrh0.001_e5_s42,1093,2,0.84455,20.9187,1.4447209384998224e-05,0.0007223604692499112
text+audio_text_ln_lrh0.001_e5_s42,1094,2,0.70433,10.6471,1.4440099537859938e-05,0.0007220049768929968
text+audio_text_ln_lrh0.001_e5_s42,1095,2,1.38363,22.6474,1.443298969072165e-05,0.0007216494845360825
text+audio_text_ln_lrh0.001_e5_s42,1096,2,1.13333,20.0548,1.4425879843583364e-05,0.0007212939921791682
text+audio_text_ln_lrh0.001_e5_s42,1097,2,1.1065,17.6036,1.4418769996445077e-05,0.0007209384998222538
text+audio_text_ln_lrh0.001_e5_s42,1098,2,0.49661,8.9827,1.4411660149306793e-05,0.0007205830074653396
text+audio_text_ln_lrh0.001_e5_s42,1099,2,1.27059,19.1266,1.4404550302168505e-05,0.0007202275151084252
text+audio_text_ln_lrh0.001_e5_s42,1100,2,1.35398,23.1727,1.4397440455030219e-05,0.0007198720227515108
text+audio_text_ln_lrh0.001_e5_s42,1101,2,0.79712,14.7667,1.4390330607891931e-05,0.0007195165303945965
text+audio_text_ln_lrh0.001_e5_s42,1102,2,0.90619,11.8546,1.4383220760753644e-05,0.0007191610380376822
text+audio_text_ln_lrh0.001_e5_s42,1103,2,1.07352,17.5624,1.4376110913615358e-05,0.0007188055456807678
text+audio_text_ln_lrh0.001_e5_s42,1104,2,1.36515,18.6134,1.4369001066477074e-05,0.0007184500533238536
text+audio_text_ln_lrh0.001_e5_s42,1105,2,1.15031,21.1079,1.4361891219338786e-05,0.0007180945609669393
text+audio_text_ln_lrh0.001_e5_s42,1106,2,1.0649,14.477,1.4354781372200499e-05,0.0007177390686100249
text+audio_text_ln_lrh0.001_e5_s42,1107,2,1.3469,19.7661,1.4347671525062213e-05,0.0007173835762531106
text+audio_text_ln_lrh0.001_e5_s42,1108,2,0.91395,12.7821,1.4340561677923925e-05,0.0007170280838961962
text+audio_text_ln_lrh0.001_e5_s42,1109,2,1.02457,17.9406,1.433345183078564e-05,0.0007166725915392819
text+audio_text_ln_lrh0.001_e5_s42,1110,2,0.75872,12.8221,1.4326341983647353e-05,0.0007163170991823677
text+audio_text_ln_lrh0.001_e5_s42,1111,2,0.71871,10.5863,1.4319232136509067e-05,0.0007159616068254533
text+audio_text_ln_lrh0.001_e5_s42,1112,2,0.86844,23.034,1.431212228937078e-05,0.000715606114468539
text+audio_text_ln_lrh0.001_e5_s42,1113,2,0.76188,18.0094,1.4305012442232494e-05,0.0007152506221116247
text+audio_text_ln_lrh0.001_e5_s42,1114,2,0.95315,16.2235,1.4297902595094206e-05,0.0007148951297547102
text+audio_text_ln_lrh0.001_e5_s42,1115,2,0.62969,15.7018,1.4290792747955919e-05,0.0007145396373977959
text+audio_text_ln_lrh0.001_e5_s42,1116,2,1.24613,16.2832,1.4283682900817633e-05,0.0007141841450408816
text+audio_text_ln_lrh0.001_e5_s42,1117,2,1.27574,18.4698,1.4276573053679349e-05,0.0007138286526839673
text+audio_text_ln_lrh0.001_e5_s42,1118,2,1.26052,18.1631,1.4269463206541061e-05,0.000713473160327053
text+audio_text_ln_lrh0.001_e5_s42,1119,2,1.4462,20.4978,1.4262353359402773e-05,0.0007131176679701387
text+audio_text_ln_lrh0.001_e5_s42,1120,2,1.13782,13.8225,1.4255243512264488e-05,0.0007127621756132243
text+audio_text_ln_lrh0.001_e5_s42,1121,2,0.89501,9.9591,1.42481336651262e-05,0.00071240668325631
text+audio_text_ln_lrh0.001_e5_s42,1122,2,0.92034,15.5345,1.4241023817987914e-05,0.0007120511908993956
text+audio_text_ln_lrh0.001_e5_s42,1123,2,1.21842,15.3646,1.4233913970849628e-05,0.0007116956985424814
text+audio_text_ln_lrh0.001_e5_s42,1124,2,0.7309,13.7003,1.4226804123711342e-05,0.0007113402061855671
text+audio_text_ln_lrh0.001_e5_s42,1125,2,1.21114,17.0743,1.4219694276573055e-05,0.0007109847138286527
text+audio_text_ln_lrh0.001_e5_s42,1126,2,1.32295,24.0907,1.4212584429434769e-05,0.0007106292214717384
text+audio_text_ln_lrh0.001_e5_s42,1127,2,1.23162,16.8775,1.4205474582296481e-05,0.000710273729114824
text+audio_text_ln_lrh0.001_e5_s42,1128,2,0.61676,12.7494,1.4198364735158194e-05,0.0007099182367579096
text+audio_text_ln_lrh0.001_e5_s42,1129,2,0.99415,15.3465,1.419125488801991e-05,0.0007095627444009954
text+audio_text_ln_lrh0.001_e5_s42,1130,2,0.77133,12.7608,1.4184145040881623e-05,0.0007092072520440811
text+audio_text_ln_lrh0.001_e5_s42,1131,2,0.65219,17.1801,1.4177035193743336e-05,0.0007088517596871667
text+audio_text_ln_lrh0.001_e5_s42,1132,2,1.51799,16.0386,1.4169925346605048e-05,0.0007084962673302524
text+audio_text_ln_lrh0.001_e5_s42,1133,2,1.21892,21.117,1.4162815499466762e-05,0.0007081407749733381
text+audio_text_ln_lrh0.001_e5_s42,1134,2,0.81666,11.9708,1.4155705652328475e-05,0.0007077852826164237
text+audio_text_ln_lrh0.001_e5_s42,1135,2,1.39939,19.3137,1.414859580519019e-05,0.0007074297902595095
text+audio_text_ln_lrh0.001_e5_s42,1136,2,0.58143,22.8892,1.4141485958051903e-05,0.0007070742979025951
text+audio_text_ln_lrh0.001_e5_s42,1137,2,1.08811,13.2289,1.4134376110913617e-05,0.0007067188055456808
text+audio_text_ln_lrh0.001_e5_s42,1138,2,1.46868,15.3322,1.412726626377533e-05,0.0007063633131887665
text+audio_text_ln_lrh0.001_e5_s42,1139,2,0.84169,15.3726,1.4120156416637044e-05,0.0007060078208318521
text+audio_text_ln_lrh0.001_e5_s42,1140,2,1.18917,14.6099,1.4113046569498756e-05,0.0007056523284749378
text+audio_text_ln_lrh0.001_e5_s42,1141,2,0.86428,14.6718,1.4105936722360472e-05,0.0007052968361180236
text+audio_text_ln_lrh0.001_e5_s42,1142,2,0.90507,11.9661,1.4098826875222184e-05,0.0007049413437611091
text+audio_text_ln_lrh0.001_e5_s42,1143,2,0.93535,13.0575,1.4091717028083898e-05,0.0007045858514041948
text+audio_text_ln_lrh0.001_e5_s42,1144,2,1.80014,18.2553,1.408460718094561e-05,0.0007042303590472805
text+audio_text_ln_lrh0.001_e5_s42,1145,2,0.89001,12.825,1.4077497333807325e-05,0.0007038748666903661
text+audio_text_ln_lrh0.001_e5_s42,1146,2,1.50683,27.3232,1.4070387486669037e-05,0.0007035193743334518
text+audio_text_ln_lrh0.001_e5_s42,1147,2,0.79061,10.7604,1.406327763953075e-05,0.0007031638819765375
text+audio_text_ln_lrh0.001_e5_s42,1148,2,1.12041,15.3654,1.4056167792392465e-05,0.0007028083896196232
text+audio_text_ln_lrh0.001_e5_s42,1149,2,1.00576,14.6619,1.404905794525418e-05,0.0007024528972627089
text+audio_text_ln_lrh0.001_e5_s42,1150,2,0.77284,18.3649,1.4041948098115892e-05,0.0007020974049057946
text+audio_text_ln_lrh0.001_e5_s42,1151,2,0.68108,13.7303,1.4034838250977604e-05,0.0007017419125488802
text+audio_text_ln_lrh0.001_e5_s42,1152,2,0.98841,12.091,1.4027728403839318e-05,0.0007013864201919659
text+audio_text_ln_lrh0.001_e5_s42,1153,2,1.24316,16.4575,1.402061855670103e-05,0.0007010309278350515
text+audio_text_ln_lrh0.001_e5_s42,1154,2,0.74782,11.5961,1.4013508709562747e-05,0.0007006754354781373
text+audio_text_ln_lrh0.001_e5_s42,1155,2,1.05923,14.3307,1.4006398862424459e-05,0.000700319943121223
text+audio_text_ln_lrh0.001_e5_s42,1156,2,0.96817,17.1921,1.3999289015286173e-05,0.0006999644507643086
text+audio_text_ln_lrh0.001_e5_s42,1157,2,0.77244,12.5095,1.3992179168147885e-05,0.0006996089584073942
text+audio_text_ln_lrh0.001_e5_s42,1158,2,0.39054,11.6738,1.39850693210096e-05,0.0006992534660504799
text+audio_text_ln_lrh0.001_e5_s42,1159,2,1.11185,18.3801,1.3977959473871312e-05,0.0006988979736935655
text+audio_text_ln_lrh0.001_e5_s42,1160,2,0.7613,14.7695,1.3970849626733028e-05,0.0006985424813366513
text+audio_text_ln_lrh0.001_e5_s42,1161,2,1.45059,17.0544,1.396373977959474e-05,0.000698186988979737
text+audio_text_ln_lrh0.001_e5_s42,1162,2,1.15557,46.4986,1.3956629932456454e-05,0.0006978314966228226
text+audio_text_ln_lrh0.001_e5_s42,1163,2,0.66891,10.4044,1.3949520085318167e-05,0.0006974760042659083
text+audio_text_ln_lrh0.001_e5_s42,1164,2,1.07768,10.8083,1.3942410238179879e-05,0.000697120511908994
text+audio_text_ln_lrh0.001_e5_s42,1165,2,0.98222,15.4754,1.3935300391041593e-05,0.0006967650195520796
text+audio_text_ln_lrh0.001_e5_s42,1166,2,0.9415,14.923,1.3928190543903309e-05,0.0006964095271951654
text+audio_text_ln_lrh0.001_e5_s42,1167,2,1.18333,16.1878,1.3921080696765021e-05,0.000696054034838251
text+audio_text_ln_lrh0.001_e5_s42,1168,2,0.99703,13.6326,1.3913970849626734e-05,0.0006956985424813367
text+audio_text_ln_lrh0.001_e5_s42,1169,2,1.24637,22.2171,1.3906861002488448e-05,0.0006953430501244224
text+audio_text_ln_lrh0.001_e5_s42,1170,2,0.59351,16.8896,1.389975115535016e-05,0.000694987557767508
text+audio_text_ln_lrh0.001_e5_s42,1171,2,0.54817,8.6996,1.3892641308211874e-05,0.0006946320654105936
text+audio_text_ln_lrh0.001_e5_s42,1172,2,1.01397,17.0247,1.3885531461073587e-05,0.0006942765730536793
text+audio_text_ln_lrh0.001_e5_s42,1173,2,0.56032,10.8964,1.3878421613935303e-05,0.000693921080696765
text+audio_text_ln_lrh0.001_e5_s42,1174,2,1.78834,30.1026,1.3871311766797015e-05,0.0006935655883398507
text+audio_text_ln_lrh0.001_e5_s42,1175,2,1.08568,20.6181,1.3864201919658729e-05,0.0006932100959829364
text+audio_text_ln_lrh0.001_e5_s42,1176,2,1.25316,19.9451,1.3857092072520442e-05,0.000692854603626022
text+audio_text_ln_lrh0.001_e5_s42,1177,2,1.35433,15.3237,1.3849982225382156e-05,0.0006924991112691077
text+audio_text_ln_lrh0.001_e5_s42,1178,2,0.83719,17.4562,1.3842872378243868e-05,0.0006921436189121934
text+audio_text_ln_lrh0.001_e5_s42,1179,2,0.94923,14.3527,1.3835762531105584e-05,0.0006917881265552791
text+audio_text_ln_lrh0.001_e5_s42,1180,2,0.99238,12.1125,1.3828652683967296e-05,0.0006914326341983648
text+audio_text_ln_lrh0.001_e5_s42,1181,2,0.6476,14.1651,1.3821542836829009e-05,0.0006910771418414504
text+audio_text_ln_lrh0.001_e5_s42,1182,2,1.18557,20.2804,1.3814432989690723e-05,0.0006907216494845361
text+audio_text_ln_lrh0.001_e5_s42,1183,2,0.99549,12.5967,1.3807323142552435e-05,0.0006903661571276218
text+audio_text_ln_lrh0.001_e5_s42,1184,2,0.78831,12.7328,1.380021329541415e-05,0.0006900106647707074
text+audio_text_ln_lrh0.001_e5_s42,1185,2,0.77269,15.2538,1.3793103448275863e-05,0.0006896551724137932
text+audio_text_ln_lrh0.001_e5_s42,1186,2,1.17559,18.2103,1.3785993601137577e-05,0.0006892996800568789
text+audio_text_ln_lrh0.001_e5_s42,1187,2,1.0611,24.0024,1.377888375399929e-05,0.0006889441876999644
text+audio_text_ln_lrh0.001_e5_s42,1188,2,0.76163,14.8313,1.3771773906861004e-05,0.0006885886953430501
text+audio_text_ln_lrh0.001_e5_s42,1189,2,1.35472,19.7474,1.3764664059722716e-05,0.0006882332029861358
text+audio_text_ln_lrh0.001_e5_s42,1190,2,0.78411,21.5979,1.375755421258443e-05,0.0006878777106292214
text+audio_text_ln_lrh0.001_e5_s42,1191,2,0.9461,44.3675,1.3750444365446145e-05,0.0006875222182723072
text+audio_text_ln_lrh0.001_e5_s42,1192,2,0.76944,12.4466,1.3743334518307859e-05,0.0006871667259153929
text+audio_text_ln_lrh0.001_e5_s42,1193,2,1.09465,16.1676,1.3736224671169571e-05,0.0006868112335584785
text+audio_text_ln_lrh0.001_e5_s42,1194,2,1.1696,18.1349,1.3729114824031285e-05,0.0006864557412015642
text+audio_text_ln_lrh0.001_e5_s42,1195,2,0.78378,10.3086,1.3722004976892998e-05,0.0006861002488446498
text+audio_text_ln_lrh0.001_e5_s42,1196,2,0.94465,20.5191,1.371489512975471e-05,0.0006857447564877355
text+audio_text_ln_lrh0.001_e5_s42,1197,2,1.07168,21.5096,1.3707785282616426e-05,0.0006853892641308213
text+audio_text_ln_lrh0.001_e5_s42,1198,2,0.96235,14.514,1.370067543547814e-05,0.0006850337717739069
text+audio_text_ln_lrh0.001_e5_s42,1199,2,1.04524,19.3871,1.3693565588339852e-05,0.0006846782794169926
text+audio_text_ln_lrh0.001_e5_s42,1200,2,0.93501,17.9034,1.3686455741201565e-05,0.0006843227870600783
text+audio_text_ln_lrh0.001_e5_s42,1201,2,0.74569,16.1311,1.3679345894063279e-05,0.0006839672947031638
text+audio_text_ln_lrh0.001_e5_s42,1202,2,1.22882,18.6485,1.3672236046924991e-05,0.0006836118023462495
text+audio_text_ln_lrh0.001_e5_s42,1203,2,1.03249,12.249,1.3665126199786705e-05,0.0006832563099893352
text+audio_text_ln_lrh0.001_e5_s42,1204,2,0.83802,10.9497,1.365801635264842e-05,0.0006829008176324209
text+audio_text_ln_lrh0.001_e5_s42,1205,2,0.86924,18.68,1.3650906505510133e-05,0.0006825453252755066
text+audio_text_ln_lrh0.001_e5_s42,1206,2,1.15326,22.6436,1.3643796658371846e-05,0.0006821898329185923
text+audio_text_ln_lrh0.001_e5_s42,1207,2,1.04817,15.9503,1.363668681123356e-05,0.0006818343405616779
text+audio_text_ln_lrh0.001_e5_s42,1208,2,0.78237,15.6195,1.3629576964095272e-05,0.0006814788482047636
text+audio_text_ln_lrh0.001_e5_s42,1209,2,0.88791,16.8318,1.3622467116956985e-05,0.0006811233558478492
text+audio_text_ln_lrh0.001_e5_s42,1210,2,1.34303,22.748,1.36153572698187e-05,0.000680767863490935
text+audio_text_ln_lrh0.001_e5_s42,1211,2,1.18074,24.2726,1.3608247422680415e-05,0.0006804123711340207
text+audio_text_ln_lrh0.001_e5_s42,1212,2,1.14337,15.1197,1.3601137575542127e-05,0.0006800568787771063
text+audio_text_ln_lrh0.001_e5_s42,1213,2,0.84188,21.0623,1.359402772840384e-05,0.000679701386420192
text+audio_text_ln_lrh0.001_e5_s42,1214,2,0.70186,12.6244,1.3586917881265554e-05,0.0006793458940632777
text+audio_text_ln_lrh0.001_e5_s42,1215,2,1.13572,18.7281,1.3579808034127266e-05,0.0006789904017063632
text+audio_text_ln_lrh0.001_e5_s42,1216,2,0.85151,13.5287,1.3572698186988982e-05,0.000678634909349449
text+audio_text_ln_lrh0.001_e5_s42,1217,2,1.11177,17.8304,1.3565588339850694e-05,0.0006782794169925347
text+audio_text_ln_lrh0.001_e5_s42,1218,2,1.35457,24.9006,1.3558478492712408e-05,0.0006779239246356203
text+audio_text_ln_lrh0.001_e5_s42,1219,2,1.66699,17.8292,1.355136864557412e-05,0.000677568432278706
text+audio_text_ln_lrh0.001_e5_s42,1220,2,0.96981,15.1932,1.3544258798435835e-05,0.0006772129399217917
text+audio_text_ln_lrh0.001_e5_s42,1221,2,1.11715,15.0385,1.3537148951297547e-05,0.0006768574475648773
text+audio_text_ln_lrh0.001_e5_s42,1222,2,0.67249,12.834,1.3530039104159263e-05,0.0006765019552079631
text+audio_text_ln_lrh0.001_e5_s42,1223,2,0.8576,19.2601,1.3522929257020975e-05,0.0006761464628510488
text+audio_text_ln_lrh0.001_e5_s42,1224,2,0.96002,15.4751,1.351581940988269e-05,0.0006757909704941344
text+audio_text_ln_lrh0.001_e5_s42,1225,2,0.89957,16.3048,1.3508709562744402e-05,0.0006754354781372201
text+audio_text_ln_lrh0.001_e5_s42,1226,2,0.76531,11.6319,1.3501599715606116e-05,0.0006750799857803057
text+audio_text_ln_lrh0.001_e5_s42,1227,2,0.57965,16.3371,1.3494489868467828e-05,0.0006747244934233914
text+audio_text_ln_lrh0.001_e5_s42,1228,2,1.45409,22.8986,1.3487380021329544e-05,0.0006743690010664772
text+audio_text_ln_lrh0.001_e5_s42,1229,2,1.01118,20.8305,1.3480270174191257e-05,0.0006740135087095628
text+audio_text_ln_lrh0.001_e5_s42,1230,2,0.91393,18.4487,1.3473160327052969e-05,0.0006736580163526484
text+audio_text_ln_lrh0.001_e5_s42,1231,2,1.05017,17.4065,1.3466050479914683e-05,0.0006733025239957341
text+audio_text_ln_lrh0.001_e5_s42,1232,2,1.16653,27.8363,1.3458940632776395e-05,0.0006729470316388197
text+audio_text_ln_lrh0.001_e5_s42,1233,2,1.20437,26.3162,1.345183078563811e-05,0.0006725915392819054
text+audio_text_ln_lrh0.001_e5_s42,1234,2,0.55261,18.6077,1.3444720938499822e-05,0.0006722360469249911
text+audio_text_ln_lrh0.001_e5_s42,1235,2,1.15362,18.4946,1.3437611091361538e-05,0.0006718805545680768
text+audio_text_ln_lrh0.001_e5_s42,1236,2,1.00586,20.2736,1.343050124422325e-05,0.0006715250622111625
text+audio_text_ln_lrh0.001_e5_s42,1237,2,1.09399,21.5959,1.3423391397084964e-05,0.0006711695698542482
text+audio_text_ln_lrh0.001_e5_s42,1238,2,1.31388,23.194,1.3416281549946677e-05,0.0006708140774973338
text+audio_text_ln_lrh0.001_e5_s42,1239,2,1.17571,16.3038,1.340917170280839e-05,0.0006704585851404195
text+audio_text_ln_lrh0.001_e5_s42,1240,2,0.68016,12.7359,1.3402061855670103e-05,0.0006701030927835051
text+audio_text_ln_lrh0.001_e5_s42,1241,2,0.56701,13.1669,1.3394952008531819e-05,0.0006697476004265909
text+audio_text_ln_lrh0.001_e5_s42,1242,2,0.78374,16.1894,1.3387842161393531e-05,0.0006693921080696766
text+audio_text_ln_lrh0.001_e5_s42,1243,2,1.65639,24.5047,1.3380732314255246e-05,0.0006690366157127622
text+audio_text_ln_lrh0.001_e5_s42,1244,2,0.90079,12.616,1.3373622467116958e-05,0.0006686811233558479
text+audio_text_ln_lrh0.001_e5_s42,1245,2,0.71965,16.9482,1.336651261997867e-05,0.0006683256309989335
text+audio_text_ln_lrh0.001_e5_s42,1246,2,1.21596,22.1784,1.3359402772840384e-05,0.0006679701386420191
text+audio_text_ln_lrh0.001_e5_s42,1247,2,1.20214,16.1136,1.33522929257021e-05,0.0006676146462851049
text+audio_text_ln_lrh0.001_e5_s42,1248,2,0.83028,12.1586,1.3345183078563813e-05,0.0006672591539281906
text+audio_text_ln_lrh0.001_e5_s42,1249,2,0.71799,13.3523,1.3338073231425525e-05,0.0006669036615712762
text+audio_text_ln_lrh0.001_e5_s42,1250,2,0.84115,29.487,1.3330963384287239e-05,0.0006665481692143619
text+audio_text_ln_lrh0.001_e5_s42,1251,3,0.73683,12.7469,1.3323853537148952e-05,0.0006661926768574476
text+audio_text_ln_lrh0.001_e5_s42,1252,3,0.87845,16.0161,1.3316743690010666e-05,0.0006658371845005332
text+audio_text_ln_lrh0.001_e5_s42,1253,3,0.66311,28.7999,1.330963384287238e-05,0.000665481692143619
text+audio_text_ln_lrh0.001_e5_s42,1254,3,0.67823,11.4892,1.3302523995734094e-05,0.0006651261997867046
text+audio_text_ln_lrh0.001_e5_s42,1255,3,1.04627,18.1876,1.3295414148595806e-05,0.0006647707074297903
text+audio_text_ln_lrh0.001_e5_s42,1256,3,0.99327,12.9909,1.328830430145752e-05,0.000664415215072876
text+audio_text_ln_lrh0.001_e5_s42,1257,3,0.56377,16.6645,1.3281194454319233e-05,0.0006640597227159616
text+audio_text_ln_lrh0.001_e5_s42,1258,3,0.38596,7.4729,1.3274084607180945e-05,0.0006637042303590473
text+audio_text_ln_lrh0.001_e5_s42,1259,3,0.51632,14.3518,1.3266974760042661e-05,0.0006633487380021331
text+audio_text_ln_lrh0.001_e5_s42,1260,3,0.75278,11.7113,1.3259864912904375e-05,0.0006629932456452186
text+audio_text_ln_lrh0.001_e5_s42,1261,3,1.06159,20.442,1.3252755065766087e-05,0.0006626377532883043
text+audio_text_ln_lrh0.001_e5_s42,1262,3,1.19069,20.5216,1.32456452186278e-05,0.00066228226093139
text+audio_text_ln_lrh0.001_e5_s42,1263,3,1.08071,18.9255,1.3238535371489514e-05,0.0006619267685744756
text+audio_text_ln_lrh0.001_e5_s42,1264,3,0.64305,15.296,1.3231425524351226e-05,0.0006615712762175613
text+audio_text_ln_lrh0.001_e5_s42,1265,3,0.67044,17.5862,1.322431567721294e-05,0.000661215783860647
text+audio_text_ln_lrh0.001_e5_s42,1266,3,1.81245,20.4069,1.3217205830074655e-05,0.0006608602915037327
text+audio_text_ln_lrh0.001_e5_s42,1267,3,1.06609,14.7873,1.3210095982936369e-05,0.0006605047991468184
text+audio_text_ln_lrh0.001_e5_s42,1268,3,0.912,18.5431,1.3202986135798081e-05,0.000660149306789904
text+audio_text_ln_lrh0.001_e5_s42,1269,3,0.58349,13.8896,1.3195876288659795e-05,0.0006597938144329897
text+audio_text_ln_lrh0.001_e5_s42,1270,3,0.68987,16.1438,1.3188766441521508e-05,0.0006594383220760754
text+audio_text_ln_lrh0.001_e5_s42,1271,3,0.93722,19.5545,1.3181656594383222e-05,0.000659082829719161
text+audio_text_ln_lrh0.001_e5_s42,1272,3,0.78232,45.3435,1.3174546747244936e-05,0.0006587273373622468
text+audio_text_ln_lrh0.001_e5_s42,1273,3,0.95067,20.7016,1.316743690010665e-05,0.0006583718450053325
text+audio_text_ln_lrh0.001_e5_s42,1274,3,0.80954,25.5411,1.3160327052968362e-05,0.000658016352648418
text+audio_text_ln_lrh0.001_e5_s42,1275,3,0.54875,21.9898,1.3153217205830076e-05,0.0006576608602915037
text+audio_text_ln_lrh0.001_e5_s42,1276,3,0.78119,19.5379,1.3146107358691789e-05,0.0006573053679345894
text+audio_text_ln_lrh0.001_e5_s42,1277,3,0.84135,16.1436,1.3138997511553501e-05,0.000656949875577675
text+audio_text_ln_lrh0.001_e5_s42,1278,3,0.84617,18.5611,1.3131887664415217e-05,0.0006565943832207608
text+audio_text_ln_lrh0.001_e5_s42,1279,3,0.86908,20.8935,1.3124777817276931e-05,0.0006562388908638465
text+audio_text_ln_lrh0.001_e5_s42,1280,3,1.80897,22.7027,1.3117667970138643e-05,0.0006558833985069321
text+audio_text_ln_lrh0.001_e5_s42,1281,3,0.59869,15.4324,1.3110558123000356e-05,0.0006555279061500178
text+audio_text_ln_lrh0.001_e5_s42,1282,3,0.81527,18.9029,1.310344827586207e-05,0.0006551724137931034
text+audio_text_ln_lrh0.001_e5_s42,1283,3,1.04881,20.826,1.3096338428723782e-05,0.0006548169214361891
text+audio_text_ln_lrh0.001_e5_s42,1284,3,0.93797,17.9614,1.3089228581585498e-05,0.0006544614290792749
text+audio_text_ln_lrh0.001_e5_s42,1285,3,1.51191,28.1051,1.308211873444721e-05,0.0006541059367223605
text+audio_text_ln_lrh0.001_e5_s42,1286,3,0.55992,20.0054,1.3075008887308925e-05,0.0006537504443654462
text+audio_text_ln_lrh0.001_e5_s42,1287,3,0.85335,17.0996,1.3067899040170637e-05,0.0006533949520085319
text+audio_text_ln_lrh0.001_e5_s42,1288,3,1.23388,20.584,1.3060789193032351e-05,0.0006530394596516174
text+audio_text_ln_lrh0.001_e5_s42,1289,3,0.7628,16.581,1.3053679345894064e-05,0.0006526839672947031
text+audio_text_ln_lrh0.001_e5_s42,1290,3,1.62442,29.1343,1.3046569498755776e-05,0.0006523284749377888
text+audio_text_ln_lrh0.001_e5_s42,1291,3,0.76393,13.9865,1.3039459651617492e-05,0.0006519729825808745
text+audio_text_ln_lrh0.001_e5_s42,1292,3,0.72741,13.4826,1.3032349804479206e-05,0.0006516174902239602
text+audio_text_ln_lrh0.001_e5_s42,1293,3,0.90639,14.946,1.3025239957340918e-05,0.0006512619978670459
text+audio_text_ln_lrh0.001_e5_s42,1294,3,0.63268,15.7935,1.301813011020263e-05,0.0006509065055101315
text+audio_text_ln_lrh0.001_e5_s42,1295,3,0.62801,11.0424,1.3011020263064345e-05,0.0006505510131532172
text+audio_text_ln_lrh0.001_e5_s42,1296,3,1.3972,19.3854,1.3003910415926057e-05,0.0006501955207963028
text+audio_text_ln_lrh0.001_e5_s42,1297,3,1.02446,15.8859,1.2996800568787773e-05,0.0006498400284393886
text+audio_text_ln_lrh0.001_e5_s42,1298,3,0.94826,20.2154,1.2989690721649485e-05,0.0006494845360824743
text+audio_text_ln_lrh0.001_e5_s42,1299,3,0.59071,14.3821,1.29825808745112e-05,0.0006491290437255599
text+audio_text_ln_lrh0.001_e5_s42,1300,3,1.09821,19.7507,1.2975471027372912e-05,0.0006487735513686456
text+audio_text_ln_lrh0.001_e5_s42,1301,3,0.69062,14.2505,1.2968361180234626e-05,0.0006484180590117313
text+audio_text_ln_lrh0.001_e5_s42,1302,3,0.96396,17.4345,1.2961251333096338e-05,0.0006480625666548168
text+audio_text_ln_lrh0.001_e5_s42,1303,3,0.89182,18.2155,1.2954141485958054e-05,0.0006477070742979027
text+audio_text_ln_lrh0.001_e5_s42,1304,3,0.72686,16.1662,1.2947031638819767e-05,0.0006473515819409883
text+audio_text_ln_lrh0.001_e5_s42,1305,3,0.67503,18.7577,1.293992179168148e-05,0.0006469960895840739
text+audio_text_ln_lrh0.001_e5_s42,1306,3,1.50011,22.6257,1.2932811944543193e-05,0.0006466405972271596
text+audio_text_ln_lrh0.001_e5_s42,1307,3,0.63482,15.2022,1.2925702097404906e-05,0.0006462851048702453
text+audio_text_ln_lrh0.001_e5_s42,1308,3,0.85721,13.8768,1.291859225026662e-05,0.0006459296125133309
text+audio_text_ln_lrh0.001_e5_s42,1309,3,0.75985,20.6923,1.2911482403128335e-05,0.0006455741201564167
text+audio_text_ln_lrh0.001_e5_s42,1310,3,0.62064,14.6665,1.2904372555990048e-05,0.0006452186277995024
text+audio_text_ln_lrh0.001_e5_s42,1311,3,0.65182,19.3918,1.289726270885176e-05,0.000644863135442588
text+audio_text_ln_lrh0.001_e5_s42,1312,3,0.67236,14.9757,1.2890152861713474e-05,0.0006445076430856737
text+audio_text_ln_lrh0.001_e5_s42,1313,3,0.46261,17.8107,1.2883043014575187e-05,0.0006441521507287593
text+audio_text_ln_lrh0.001_e5_s42,1314,3,1.18587,21.0039,1.28759331674369e-05,0.000643796658371845
text+audio_text_ln_lrh0.001_e5_s42,1315,3,0.5019,14.7423,1.2868823320298615e-05,0.0006434411660149308
text+audio_text_ln_lrh0.001_e5_s42,1316,3,0.82749,18.6964,1.2861713473160329e-05,0.0006430856736580164
text+audio_text_ln_lrh0.001_e5_s42,1317,3,0.71299,19.3607,1.2854603626022041e-05,0.0006427301813011021
text+audio_text_ln_lrh0.001_e5_s42,1318,3,0.45766,16.5832,1.2847493778883756e-05,0.0006423746889441877
text+audio_text_ln_lrh0.001_e5_s42,1319,3,0.97003,16.1293,1.2840383931745468e-05,0.0006420191965872733
text+audio_text_ln_lrh0.001_e5_s42,1320,3,0.83409,18.6905,1.2833274084607182e-05,0.000641663704230359
text+audio_text_ln_lrh0.001_e5_s42,1321,3,0.83314,17.451,1.2826164237468894e-05,0.0006413082118734447
text+audio_text_ln_lrh0.001_e5_s42,1322,3,0.40139,11.1695,1.281905439033061e-05,0.0006409527195165304
text+audio_text_ln_lrh0.001_e5_s42,1323,3,1.20753,19.5188,1.2811944543192323e-05,0.0006405972271596161
text+audio_text_ln_lrh0.001_e5_s42,1324,3,0.90735,25.4704,1.2804834696054037e-05,0.0006402417348027018
text+audio_text_ln_lrh0.001_e5_s42,1325,3,0.70325,19.715,1.2797724848915749e-05,0.0006398862424457874
text+audio_text_ln_lrh0.001_e5_s42,1326,3,1.199,21.0374,1.2790615001777462e-05,0.0006395307500888731
text+audio_text_ln_lrh0.001_e5_s42,1327,3,0.65822,14.5691,1.2783505154639176e-05,0.0006391752577319587
text+audio_text_ln_lrh0.001_e5_s42,1328,3,0.64841,21.0596,1.2776395307500891e-05,0.0006388197653750445
text+audio_text_ln_lrh0.001_e5_s42,1329,3,0.78826,19.9806,1.2769285460362604e-05,0.0006384642730181302
text+audio_text_ln_lrh0.001_e5_s42,1330,3,0.55752,15.5529,1.2762175613224316e-05,0.0006381087806612158
text+audio_text_ln_lrh0.001_e5_s42,1331,3,1.03456,27.3601,1.275506576608603e-05,0.0006377532883043015
text+audio_text_ln_lrh0.001_e5_s42,1332,3,0.23599,10.7383,1.2747955918947743e-05,0.0006373977959473872
text+audio_text_ln_lrh0.001_e5_s42,1333,3,0.42614,17.7438,1.2740846071809457e-05,0.0006370423035904727
text+audio_text_ln_lrh0.001_e5_s42,1334,3,1.03702,20.9239,1.2733736224671171e-05,0.0006366868112335585
text+audio_text_ln_lrh0.001_e5_s42,1335,3,0.29953,12.1138,1.2726626377532885e-05,0.0006363313188766442
text+audio_text_ln_lrh0.001_e5_s42,1336,3,1.27789,30.3206,1.2719516530394597e-05,0.0006359758265197298
text+audio_text_ln_lrh0.001_e5_s42,1337,3,0.95711,21.0345,1.2712406683256312e-05,0.0006356203341628155
text+audio_text_ln_lrh0.001_e5_s42,1338,3,0.82737,25.5926,1.2705296836118024e-05,0.0006352648418059012
text+audio_text_ln_lrh0.001_e5_s42,1339,3,1.2055,25.6748,1.2698186988979736e-05,0.0006349093494489868
text+audio_text_ln_lrh0.001_e5_s42,1340,3,0.63671,18.0035,1.2691077141841452e-05,0.0006345538570920726
text+audio_text_ln_lrh0.001_e5_s42,1341,3,1.27659,24.4633,1.2683967294703166e-05,0.0006341983647351582
text+audio_text_ln_lrh0.001_e5_s42,1342,3,0.26583,12.8078,1.2676857447564879e-05,0.0006338428723782439
text+audio_text_ln_lrh0.001_e5_s42,1343,3,0.5609,21.0811,1.2669747600426591e-05,0.0006334873800213296
text+audio_text_ln_lrh0.001_e5_s42,1344,3,1.20181,18.1329,1.2662637753288305e-05,0.0006331318876644152
text+audio_text_ln_lrh0.001_e5_s42,1345,3,0.45884,12.1804,1.2655527906150018e-05,0.0006327763953075009
text+audio_text_ln_lrh0.001_e5_s42,1346,3,1.20951,27.9846,1.2648418059011733e-05,0.0006324209029505867
text+audio_text_ln_lrh0.001_e5_s42,1347,3,0.58852,14.803,1.2641308211873446e-05,0.0006320654105936722
text+audio_text_ln_lrh0.001_e5_s42,1348,3,0.77827,21.6501,1.263419836473516e-05,0.0006317099182367579
text+audio_text_ln_lrh0.001_e5_s42,1349,3,1.32246,17.1397,1.2627088517596872e-05,0.0006313544258798436
text+audio_text_ln_lrh0.001_e5_s42,1350,3,0.71009,21.5111,1.2619978670458586e-05,0.0006309989335229292
text+audio_text_ln_lrh0.001_e5_s42,1351,3,0.85571,24.166,1.2612868823320299e-05,0.0006306434411660149
text+audio_text_ln_lrh0.001_e5_s42,1352,3,0.85172,23.75,1.2605758976182013e-05,0.0006302879488091006
text+audio_text_ln_lrh0.001_e5_s42,1353,3,0.43372,16.5467,1.2598649129043727e-05,0.0006299324564521863
text+audio_text_ln_lrh0.001_e5_s42,1354,3,0.3891,16.3134,1.2591539281905441e-05,0.000629576964095272
text+audio_text_ln_lrh0.001_e5_s42,1355,3,1.02711,25.5254,1.2584429434767154e-05,0.0006292214717383576
text+audio_text_ln_lrh0.001_e5_s42,1356,3,0.77917,18.1992,1.2577319587628866e-05,0.0006288659793814433
text+audio_text_ln_lrh0.001_e5_s42,1357,3,0.78923,25.1173,1.257020974049058e-05,0.000628510487024529
text+audio_text_ln_lrh0.001_e5_s42,1358,3,0.65168,11.15,1.2563099893352292e-05,0.0006281549946676146
text+audio_text_ln_lrh0.001_e5_s42,1359,3,1.1526,20.2281,1.2555990046214008e-05,0.0006277995023107004
text+audio_text_ln_lrh0.001_e5_s42,1360,3,0.57533,16.2959,1.254888019907572e-05,0.0006274440099537861
text+audio_text_ln_lrh0.001_e5_s42,1361,3,1.33561,24.4607,1.2541770351937435e-05,0.0006270885175968717
text+audio_text_ln_lrh0.001_e5_s42,1362,3,0.70785,22.5855,1.2534660504799147e-05,0.0006267330252399573
text+audio_text_ln_lrh0.001_e5_s42,1363,3,1.04243,22.4651,1.2527550657660861e-05,0.000626377532883043
text+audio_text_ln_lrh0.001_e5_s42,1364,3,1.18072,24.5859,1.2520440810522574e-05,0.0006260220405261286
text+audio_text_ln_lrh0.001_e5_s42,1365,3,0.51876,16.5633,1.251333096338429e-05,0.0006256665481692144
text+audio_text_ln_lrh0.001_e5_s42,1366,3,0.42295,13.3124,1.2506221116246002e-05,0.0006253110558123001
text+audio_text_ln_lrh0.001_e5_s42,1367,3,0.62447,18.262,1.2499111269107716e-05,0.0006249555634553857
text+audio_text_ln_lrh0.001_e5_s42,1368,3,0.97585,24.5654,1.2492001421969428e-05,0.0006246000710984714
text+audio_text_ln_lrh0.001_e5_s42,1369,3,0.47873,17.0809,1.2484891574831142e-05,0.000624244578741557
text+audio_text_ln_lrh0.001_e5_s42,1370,3,0.85345,17.5413,1.2477781727692855e-05,0.0006238890863846427
text+audio_text_ln_lrh0.001_e5_s42,1371,3,0.94383,20.9688,1.247067188055457e-05,0.0006235335940277285
text+audio_text_ln_lrh0.001_e5_s42,1372,3,0.87934,20.1916,1.2463562033416283e-05,0.0006231781016708141
text+audio_text_ln_lrh0.001_e5_s42,1373,3,0.82129,16.0095,1.2456452186277997e-05,0.0006228226093138998
text+audio_text_ln_lrh0.001_e5_s42,1374,3,0.88419,23.0791,1.244934233913971e-05,0.0006224671169569855
text+audio_text_ln_lrh0.001_e5_s42,1375,3,0.89226,18.5715,1.2442232492001422e-05,0.000622111624600071
text+audio_text_ln_lrh0.001_e5_s42,1376,3,1.03856,23.1948,1.2435122644863136e-05,0.0006217561322431567
text+audio_text_ln_lrh0.001_e5_s42,1377,3,0.7227,15.9575,1.2428012797724852e-05,0.0006214006398862426
text+audio_text_ln_lrh0.001_e5_s42,1378,3,0.93881,30.7807,1.2420902950586564e-05,0.0006210451475293281
text+audio_text_ln_lrh0.001_e5_s42,1379,3,0.51788,16.3605,1.2413793103448277e-05,0.0006206896551724138
text+audio_text_ln_lrh0.001_e5_s42,1380,3,0.63007,19.021,1.240668325630999e-05,0.0006203341628154995
text+audio_text_ln_lrh0.001_e5_s42,1381,3,0.28787,9.5188,1.2399573409171703e-05,0.0006199786704585851
text+audio_text_ln_lrh0.001_e5_s42,1382,3,0.58106,23.99,1.2392463562033417e-05,0.0006196231781016708
text+audio_text_ln_lrh0.001_e5_s42,1383,3,0.5943,26.3965,1.238535371489513e-05,0.0006192676857447564
text+audio_text_ln_lrh0.001_e5_s42,1384,3,0.90123,19.8173,1.2378243867756845e-05,0.0006189121933878422
text+audio_text_ln_lrh0.001_e5_s42,1385,3,0.94813,22.9006,1.2371134020618558e-05,0.0006185567010309279
text+audio_text_ln_lrh0.001_e5_s42,1386,3,1.05869,25.5526,1.2364024173480272e-05,0.0006182012086740135
text+audio_text_ln_lrh0.001_e5_s42,1387,3,1.23526,37.399,1.2356914326341984e-05,0.0006178457163170992
text+audio_text_ln_lrh0.001_e5_s42,1388,3,1.10464,36.6318,1.2349804479203697e-05,0.0006174902239601849
text+audio_text_ln_lrh0.001_e5_s42,1389,3,1.34739,25.4532,1.2342694632065411e-05,0.0006171347316032705
text+audio_text_ln_lrh0.001_e5_s42,1390,3,1.01752,26.8937,1.2335584784927127e-05,0.0006167792392463563
text+audio_text_ln_lrh0.001_e5_s42,1391,3,0.8551,14.4533,1.2328474937788839e-05,0.000616423746889442
text+audio_text_ln_lrh0.001_e5_s42,1392,3,1.51534,28.1752,1.2321365090650551e-05,0.0006160682545325275
text+audio_text_ln_lrh0.001_e5_s42,1393,3,0.82022,14.5674,1.2314255243512266e-05,0.0006157127621756132
text+audio_text_ln_lrh0.001_e5_s42,1394,3,0.99449,24.8777,1.2307145396373978e-05,0.0006153572698186989
text+audio_text_ln_lrh0.001_e5_s42,1395,3,1.02512,23.1324,1.2300035549235692e-05,0.0006150017774617845
text+audio_text_ln_lrh0.001_e5_s42,1396,3,0.65577,20.0888,1.2292925702097406e-05,0.0006146462851048703
text+audio_text_ln_lrh0.001_e5_s42,1397,3,0.7621,24.6487,1.228581585495912e-05,0.000614290792747956
text+audio_text_ln_lrh0.001_e5_s42,1398,3,0.53799,10.2797,1.2278706007820833e-05,0.0006139353003910416
text+audio_text_ln_lrh0.001_e5_s42,1399,3,0.83043,18.2281,1.2271596160682547e-05,0.0006135798080341273
text+audio_text_ln_lrh0.001_e5_s42,1400,3,1.25614,26.5066,1.226448631354426e-05,0.0006132243156772129
text+audio_text_ln_lrh0.001_e5_s42,1401,3,1.13243,31.217,1.2257376466405973e-05,0.0006128688233202986
text+audio_text_ln_lrh0.001_e5_s42,1402,3,0.82327,23.4741,1.2250266619267687e-05,0.0006125133309633844
text+audio_text_ln_lrh0.001_e5_s42,1403,3,0.91008,22.659,1.2243156772129401e-05,0.00061215783860647
text+audio_text_ln_lrh0.001_e5_s42,1404,3,1.02059,23.7756,1.2236046924991114e-05,0.0006118023462495557
text+audio_text_ln_lrh0.001_e5_s42,1405,3,0.63514,26.742,1.2228937077852826e-05,0.0006114468538926414
text+audio_text_ln_lrh0.001_e5_s42,1406,3,0.71414,18.1451,1.222182723071454e-05,0.0006110913615357269
text+audio_text_ln_lrh0.001_e5_s42,1407,3,1.15383,23.9301,1.2214717383576253e-05,0.0006107358691788126
text+audio_text_ln_lrh0.001_e5_s42,1408,3,0.90456,17.7984,1.2207607536437967e-05,0.0006103803768218983
text+audio_text_ln_lrh0.001_e5_s42,1409,3,0.72986,19.9923,1.2200497689299681e-05,0.000610024884464984
text+audio_text_ln_lrh0.001_e5_s42,1410,3,0.42904,20.0957,1.2193387842161395e-05,0.0006096693921080697
text+audio_text_ln_lrh0.001_e5_s42,1411,3,0.60584,17.3015,1.2186277995023107e-05,0.0006093138997511554
text+audio_text_ln_lrh0.001_e5_s42,1412,3,0.5292,18.6875,1.2179168147884822e-05,0.000608958407394241
text+audio_text_ln_lrh0.001_e5_s42,1413,3,1.22388,22.498,1.2172058300746534e-05,0.0006086029150373267
text+audio_text_ln_lrh0.001_e5_s42,1414,3,0.75082,26.7685,1.2164948453608248e-05,0.0006082474226804123
text+audio_text_ln_lrh0.001_e5_s42,1415,3,0.8518,19.3518,1.2157838606469962e-05,0.0006078919303234981
text+audio_text_ln_lrh0.001_e5_s42,1416,3,0.43896,20.0717,1.2150728759331676e-05,0.0006075364379665838
text+audio_text_ln_lrh0.001_e5_s42,1417,3,1.03189,20.5798,1.2143618912193389e-05,0.0006071809456096694
text+audio_text_ln_lrh0.001_e5_s42,1418,3,0.83992,19.0885,1.2136509065055103e-05,0.0006068254532527551
text+audio_text_ln_lrh0.001_e5_s42,1419,3,0.63142,18.4605,1.2129399217916815e-05,0.0006064699608958408
text+audio_text_ln_lrh0.001_e5_s42,1420,3,1.01105,28.9282,1.2122289370778528e-05,0.0006061144685389263
text+audio_text_ln_lrh0.001_e5_s42,1421,3,0.99767,21.4219,1.2115179523640243e-05,0.0006057589761820121
text+audio_text_ln_lrh0.001_e5_s42,1422,3,0.9937,45.5267,1.2108069676501958e-05,0.0006054034838250978
text+audio_text_ln_lrh0.001_e5_s42,1423,3,0.99669,23.8129,1.210095982936367e-05,0.0006050479914681834
text+audio_text_ln_lrh0.001_e5_s42,1424,3,1.24246,25.8318,1.2093849982225382e-05,0.0006046924991112691
text+audio_text_ln_lrh0.001_e5_s42,1425,3,0.8862,24.4651,1.2086740135087096e-05,0.0006043370067543548
text+audio_text_ln_lrh0.001_e5_s42,1426,3,0.578,18.2209,1.2079630287948809e-05,0.0006039815143974404
text+audio_text_ln_lrh0.001_e5_s42,1427,3,1.03996,33.9209,1.2072520440810525e-05,0.0006036260220405262
text+audio_text_ln_lrh0.001_e5_s42,1428,3,0.74737,22.6087,1.2065410593672237e-05,0.0006032705296836118
text+audio_text_ln_lrh0.001_e5_s42,1429,3,0.42662,12.0568,1.2058300746533951e-05,0.0006029150373266975
text+audio_text_ln_lrh0.001_e5_s42,1430,3,0.71721,21.8679,1.2051190899395664e-05,0.0006025595449697832
text+audio_text_ln_lrh0.001_e5_s42,1431,3,0.80245,22.7892,1.2044081052257378e-05,0.0006022040526128688
text+audio_text_ln_lrh0.001_e5_s42,1432,3,0.86816,23.7441,1.203697120511909e-05,0.0006018485602559545
text+audio_text_ln_lrh0.001_e5_s42,1433,3,0.67725,17.895,1.2029861357980806e-05,0.0006014930678990403
text+audio_text_ln_lrh0.001_e5_s42,1434,3,0.91802,23.0276,1.2022751510842518e-05,0.0006011375755421259
text+audio_text_ln_lrh0.001_e5_s42,1435,3,0.24949,12.9344,1.2015641663704232e-05,0.0006007820831852115
text+audio_text_ln_lrh0.001_e5_s42,1436,3,1.22292,26.988,1.2008531816565945e-05,0.0006004265908282972
text+audio_text_ln_lrh0.001_e5_s42,1437,3,1.31688,22.8919,1.2001421969427657e-05,0.0006000710984713828
text+audio_text_ln_lrh0.001_e5_s42,1438,3,0.56726,23.6077,1.1994312122289371e-05,0.0005997156061144685
text+audio_text_ln_lrh0.001_e5_s42,1439,3,0.95245,35.2466,1.1987202275151084e-05,0.0005993601137575542
text+audio_text_ln_lrh0.001_e5_s42,1440,3,0.66641,26.373,1.19800924280128e-05,0.0005990046214006399
text+audio_text_ln_lrh0.001_e5_s42,1441,3,0.88677,23.1902,1.1972982580874512e-05,0.0005986491290437256
text+audio_text_ln_lrh0.001_e5_s42,1442,3,0.66972,26.5928,1.1965872733736226e-05,0.0005982936366868112
text+audio_text_ln_lrh0.001_e5_s42,1443,3,0.49029,20.062,1.1958762886597938e-05,0.0005979381443298969
text+audio_text_ln_lrh0.001_e5_s42,1444,3,1.07935,30.2886,1.1951653039459652e-05,0.0005975826519729826
text+audio_text_ln_lrh0.001_e5_s42,1445,3,0.7121,19.347,1.1944543192321365e-05,0.0005972271596160682
text+audio_text_ln_lrh0.001_e5_s42,1446,3,0.58358,19.3871,1.193743334518308e-05,0.000596871667259154
text+audio_text_ln_lrh0.001_e5_s42,1447,3,0.65317,21.6232,1.1930323498044793e-05,0.0005965161749022397
text+audio_text_ln_lrh0.001_e5_s42,1448,3,0.5159,30.6702,1.1923213650906507e-05,0.0005961606825453253
text+audio_text_ln_lrh0.001_e5_s42,1449,3,0.98687,25.9162,1.191610380376822e-05,0.000595805190188411
text+audio_text_ln_lrh0.001_e5_s42,1450,3,0.79671,17.4887,1.1908993956629934e-05,0.0005954496978314966
text+audio_text_ln_lrh0.001_e5_s42,1451,3,0.46231,15.5648,1.1901884109491646e-05,0.0005950942054745822
text+audio_text_ln_lrh0.001_e5_s42,1452,3,0.80882,19.0253,1.1894774262353362e-05,0.000594738713117668
text+audio_text_ln_lrh0.001_e5_s42,1453,3,0.99986,13.6071,1.1887664415215074e-05,0.0005943832207607537
text+audio_text_ln_lrh0.001_e5_s42,1454,3,0.99405,22.6449,1.1880554568076788e-05,0.0005940277284038393
text+audio_text_ln_lrh0.001_e5_s42,1455,3,0.57358,21.5242,1.18734447209385e-05,0.000593672236046925
text+audio_text_ln_lrh0.001_e5_s42,1456,3,0.86675,45.1216,1.1866334873800213e-05,0.0005933167436900106
text+audio_text_ln_lrh0.001_e5_s42,1457,3,0.74982,23.9728,1.1859225026661927e-05,0.0005929612513330963
text+audio_text_ln_lrh0.001_e5_s42,1458,3,1.48602,25.2145,1.1852115179523641e-05,0.0005926057589761821
text+audio_text_ln_lrh0.001_e5_s42,1459,3,0.6155,24.098,1.1845005332385355e-05,0.0005922502666192677
text+audio_text_ln_lrh0.001_e5_s42,1460,3,0.66439,20.295,1.1837895485247068e-05,0.0005918947742623534
text+audio_text_ln_lrh0.001_e5_s42,1461,3,0.76778,18.5651,1.1830785638108782e-05,0.0005915392819054391
text+audio_text_ln_lrh0.001_e5_s42,1462,3,1.43438,24.9782,1.1823675790970494e-05,0.0005911837895485247
text+audio_text_ln_lrh0.001_e5_s42,1463,3,0.90245,32.462,1.1816565943832208e-05,0.0005908282971916104
text+audio_text_ln_lrh0.001_e5_s42,1464,3,0.69093,14.8053,1.1809456096693923e-05,0.0005904728048346962
text+audio_text_ln_lrh0.001_e5_s42,1465,3,1.00855,21.8216,1.1802346249555637e-05,0.0005901173124777817
text+audio_text_ln_lrh0.001_e5_s42,1466,3,1.04446,24.4496,1.1795236402417349e-05,0.0005897618201208674
text+audio_text_ln_lrh0.001_e5_s42,1467,3,0.71235,34.8219,1.1788126555279063e-05,0.0005894063277639531
text+audio_text_ln_lrh0.001_e5_s42,1468,3,0.73743,15.7331,1.1781016708140776e-05,0.0005890508354070387
text+audio_text_ln_lrh0.001_e5_s42,1469,3,1.14226,25.538,1.1773906861002488e-05,0.0005886953430501244
text+audio_text_ln_lrh0.001_e5_s42,1470,3,0.85423,13.5972,1.1766797013864202e-05,0.0005883398506932101
text+audio_text_ln_lrh0.001_e5_s42,1471,3,0.51311,15.0658,1.1759687166725918e-05,0.0005879843583362958
text+audio_text_ln_lrh0.001_e5_s42,1472,3,0.51341,15.7907,1.175257731958763e-05,0.0005876288659793815
text+audio_text_ln_lrh0.001_e5_s42,1473,3,0.7113,14.2269,1.1745467472449343e-05,0.0005872733736224671
text+audio_text_ln_lrh0.001_e5_s42,1474,3,0.68939,14.9916,1.1738357625311057e-05,0.0005869178812655528
text+audio_text_ln_lrh0.001_e5_s42,1475,3,0.81878,21.8524,1.173124777817277e-05,0.0005865623889086385
text+audio_text_ln_lrh0.001_e5_s42,1476,3,0.59529,15.1341,1.1724137931034483e-05,0.0005862068965517241
text+audio_text_ln_lrh0.001_e5_s42,1477,3,0.85144,19.8058,1.1717028083896197e-05,0.0005858514041948099
text+audio_text_ln_lrh0.001_e5_s42,1478,3,0.53421,13.1547,1.1709918236757912e-05,0.0005854959118378956
text+audio_text_ln_lrh0.001_e5_s42,1479,3,1.13135,31.3741,1.1702808389619624e-05,0.0005851404194809811
text+audio_text_ln_lrh0.001_e5_s42,1480,3,0.92549,37.522,1.1695698542481338e-05,0.0005847849271240668
text+audio_text_ln_lrh0.001_e5_s42,1481,3,1.00568,21.4697,1.168858869534305e-05,0.0005844294347671525
text+audio_text_ln_lrh0.001_e5_s42,1482,3,0.59802,30.6039,1.1681478848204763e-05,0.0005840739424102381
text+audio_text_ln_lrh0.001_e5_s42,1483,3,0.42856,26.1376,1.1674369001066479e-05,0.0005837184500533239
text+audio_text_ln_lrh0.001_e5_s42,1484,3,0.84037,25.6471,1.1667259153928193e-05,0.0005833629576964096
text+audio_text_ln_lrh0.001_e5_s42,1485,3,0.4053,14.1256,1.1660149306789905e-05,0.0005830074653394952
text+audio_text_ln_lrh0.001_e5_s42,1486,3,0.78055,26.7437,1.1653039459651618e-05,0.0005826519729825809
text+audio_text_ln_lrh0.001_e5_s42,1487,3,1.34295,24.1412,1.1645929612513332e-05,0.0005822964806256665
text+audio_text_ln_lrh0.001_e5_s42,1488,3,1.28168,24.1949,1.1638819765375044e-05,0.0005819409882687522
text+audio_text_ln_lrh0.001_e5_s42,1489,3,0.96734,27.1931,1.163170991823676e-05,0.000581585495911838
text+audio_text_ln_lrh0.001_e5_s42,1490,3,0.66477,22.8009,1.1624600071098472e-05,0.0005812300035549236
text+audio_text_ln_lrh0.001_e5_s42,1491,3,0.68161,18.1278,1.1617490223960186e-05,0.0005808745111980093
text+audio_text_ln_lrh0.001_e5_s42,1492,3,0.79801,23.3845,1.1610380376821899e-05,0.000580519018841095
text+audio_text_ln_lrh0.001_e5_s42,1493,3,0.73021,24.0332,1.1603270529683613e-05,0.0005801635264841805
text+audio_text_ln_lrh0.001_e5_s42,1494,3,0.56649,16.38,1.1596160682545325e-05,0.0005798080341272662
text+audio_text_ln_lrh0.001_e5_s42,1495,3,0.39325,18.2147,1.1589050835407041e-05,0.000579452541770352
text+audio_text_ln_lrh0.001_e5_s42,1496,3,1.27496,30.6409,1.1581940988268753e-05,0.0005790970494134376
text+audio_text_ln_lrh0.001_e5_s42,1497,3,0.90267,19.3582,1.1574831141130468e-05,0.0005787415570565233
text+audio_text_ln_lrh0.001_e5_s42,1498,3,0.60692,20.2322,1.156772129399218e-05,0.000578386064699609
text+audio_text_ln_lrh0.001_e5_s42,1499,3,0.55592,21.5295,1.1560611446853894e-05,0.0005780305723426946
text+audio_text_ln_lrh0.001_e5_s42,1500,3,0.80662,22.2244,1.1553501599715606e-05,0.0005776750799857803
text+audio_text_ln_lrh0.001_e5_s42,1501,3,0.9,28.1019,1.1546391752577319e-05,0.0005773195876288659
text+audio_text_ln_lrh0.001_e5_s42,1502,3,0.75148,14.0632,1.1539281905439035e-05,0.0005769640952719517
text+audio_text_ln_lrh0.001_e5_s42,1503,3,1.04453,32.6446,1.1532172058300749e-05,0.0005766086029150374
text+audio_text_ln_lrh0.001_e5_s42,1504,3,1.41851,24.1685,1.1525062211162461e-05,0.000576253110558123
text+audio_text_ln_lrh0.001_e5_s42,1505,3,0.62003,13.9365,1.1517952364024174e-05,0.0005758976182012087
text+audio_text_ln_lrh0.001_e5_s42,1506,3,0.69684,25.4696,1.1510842516885888e-05,0.0005755421258442944
text+audio_text_ln_lrh0.001_e5_s42,1507,3,1.23077,29.2123,1.15037326697476e-05,0.00057518663348738
text+audio_text_ln_lrh0.001_e5_s42,1508,3,0.76475,26.1624,1.1496622822609316e-05,0.0005748311411304658
text+audio_text_ln_lrh0.001_e5_s42,1509,3,0.95223,21.7018,1.1489512975471028e-05,0.0005744756487735514
text+audio_text_ln_lrh0.001_e5_s42,1510,3,0.78807,21.3298,1.1482403128332742e-05,0.000574120156416637
text+audio_text_ln_lrh0.001_e5_s42,1511,3,0.90952,20.3544,1.1475293281194455e-05,0.0005737646640597227
text+audio_text_ln_lrh0.001_e5_s42,1512,3,0.72412,16.4319,1.1468183434056169e-05,0.0005734091717028084
text+audio_text_ln_lrh0.001_e5_s42,1513,3,0.59402,16.0176,1.1461073586917881e-05,0.000573053679345894
text+audio_text_ln_lrh0.001_e5_s42,1514,3,1.04655,21.6058,1.1453963739779597e-05,0.0005726981869889798
text+audio_text_ln_lrh0.001_e5_s42,1515,3,1.20929,27.4384,1.144685389264131e-05,0.0005723426946320654
text+audio_text_ln_lrh0.001_e5_s42,1516,3,1.32959,30.208,1.1439744045503024e-05,0.0005719872022751511
text+audio_text_ln_lrh0.001_e5_s42,1517,3,1.03812,23.9296,1.1432634198364736e-05,0.0005716317099182368
text+audio_text_ln_lrh0.001_e5_s42,1518,3,0.79371,17.5591,1.1425524351226448e-05,0.0005712762175613224
text+audio_text_ln_lrh0.001_e5_s42,1519,3,0.85091,16.7864,1.1418414504088162e-05,0.0005709207252044081
text+audio_text_ln_lrh0.001_e5_s42,1520,3,0.59283,15.4116,1.1411304656949878e-05,0.0005705652328474939
text+audio_text_ln_lrh0.001_e5_s42,1521,3,0.82674,23.7172,1.140419480981159e-05,0.0005702097404905795
text+audio_text_ln_lrh0.001_e5_s42,1522,3,0.36812,16.5394,1.1397084962673303e-05,0.0005698542481336652
text+audio_text_ln_lrh0.001_e5_s42,1523,3,0.72407,17.5662,1.1389975115535017e-05,0.0005694987557767508
text+audio_text_ln_lrh0.001_e5_s42,1524,3,0.60596,14.0878,1.138286526839673e-05,0.0005691432634198364
text+audio_text_ln_lrh0.001_e5_s42,1525,3,1.18813,24.9927,1.1375755421258444e-05,0.0005687877710629221
text+audio_text_ln_lrh0.001_e5_s42,1526,3,0.86523,33.2494,1.1368645574120158e-05,0.0005684322787060079
text+audio_text_ln_lrh0.001_e5_s42,1527,3,1.00292,27.5169,1.1361535726981872e-05,0.0005680767863490935
text+audio_text_ln_lrh0.001_e5_s42,1528,3,0.78363,21.131,1.1354425879843584e-05,0.0005677212939921792
text+audio_text_ln_lrh0.001_e5_s42,1529,3,0.85376,26.6265,1.1347316032705298e-05,0.0005673658016352649
text+audio_text_ln_lrh0.001_e5_s42,1530,3,1.32173,28.4194,1.134020618556701e-05,0.0005670103092783505
text+audio_text_ln_lrh0.001_e5_s42,1531,3,0.68412,19.6371,1.1333096338428723e-05,0.0005666548169214362
text+audio_text_ln_lrh0.001_e5_s42,1532,3,0.46322,15.3766,1.1325986491290437e-05,0.0005662993245645218
text+audio_text_ln_lrh0.001_e5_s42,1533,3,1.01258,22.562,1.1318876644152153e-05,0.0005659438322076076
text+audio_text_ln_lrh0.001_e5_s42,1534,3,0.95122,20.5333,1.1311766797013866e-05,0.0005655883398506933
text+audio_text_ln_lrh0.001_e5_s42,1535,3,1.30882,31.4963,1.1304656949875578e-05,0.0005652328474937789
text+audio_text_ln_lrh0.001_e5_s42,1536,3,0.6358,14.4552,1.1297547102737292e-05,0.0005648773551368646
text+audio_text_ln_lrh0.001_e5_s42,1537,3,0.7842,16.6119,1.1290437255599004e-05,0.0005645218627799503
text+audio_text_ln_lrh0.001_e5_s42,1538,3,0.72589,18.8146,1.1283327408460719e-05,0.0005641663704230358
text+audio_text_ln_lrh0.001_e5_s42,1539,3,1.15546,24.3189,1.1276217561322433e-05,0.0005638108780661216
text+audio_text_ln_lrh0.001_e5_s42,1540,3,0.86475,21.4418,1.1269107714184147e-05,0.0005634553857092073
text+audio_text_ln_lrh0.001_e5_s42,1541,3,0.86432,19.4028,1.1261997867045859e-05,0.0005630998933522929
text+audio_text_ln_lrh0.001_e5_s42,1542,3,0.47579,13.3317,1.1254888019907573e-05,0.0005627444009953786
text+audio_text_ln_lrh0.001_e5_s42,1543,3,0.68493,14.0602,1.1247778172769286e-05,0.0005623889086384643
text+audio_text_ln_lrh0.001_e5_s42,1544,3,0.82616,14.2753,1.1240668325631e-05,0.0005620334162815499
text+audio_text_ln_lrh0.001_e5_s42,1545,3,0.5955,26.4408,1.1233558478492714e-05,0.0005616779239246357
text+audio_text_ln_lrh0.001_e5_s42,1546,3,0.88073,19.6529,1.1226448631354428e-05,0.0005613224315677213
text+audio_text_ln_lrh0.001_e5_s42,1547,3,0.5305,16.5355,1.121933878421614e-05,0.000560966939210807
text+audio_text_ln_lrh0.001_e5_s42,1548,3,0.57217,13.3227,1.1212228937077854e-05,0.0005606114468538927
text+audio_text_ln_lrh0.001_e5_s42,1549,3,0.46308,17.6192,1.1205119089939567e-05,0.0005602559544969783
text+audio_text_ln_lrh0.001_e5_s42,1550,3,0.31883,12.208,1.119800924280128e-05,0.000559900462140064
text+audio_text_ln_lrh0.001_e5_s42,1551,3,0.72624,29.2447,1.1190899395662995e-05,0.0005595449697831498
text+audio_text_ln_lrh0.001_e5_s42,1552,3,0.8685,16.7878,1.1183789548524709e-05,0.0005591894774262353
text+audio_text_ln_lrh0.001_e5_s42,1553,3,1.15045,25.1694,1.1176679701386422e-05,0.000558833985069321
text+audio_text_ln_lrh0.001_e5_s42,1554,3,0.96665,23.5527,1.1169569854248134e-05,0.0005584784927124067
text+audio_text_ln_lrh0.001_e5_s42,1555,3,0.55805,16.3908,1.1162460007109848e-05,0.0005581230003554923
text+audio_text_ln_lrh0.001_e5_s42,1556,3,0.31021,15.0003,1.115535015997156e-05,0.000557767507998578
text+audio_text_ln_lrh0.001_e5_s42,1557,3,1.048,44.6597,1.1148240312833275e-05,0.0005574120156416637
text+audio_text_ln_lrh0.001_e5_s42,1558,3,1.00934,29.2326,1.1141130465694989e-05,0.0005570565232847494
text+audio_text_ln_lrh0.001_e5_s42,1559,3,0.81294,24.4286,1.1134020618556703e-05,0.0005567010309278351
text+audio_text_ln_lrh0.001_e5_s42,1560,3,1.33102,30.6548,1.1126910771418415e-05,0.0005563455385709207
text+audio_text_ln_lrh0.001_e5_s42,1561,3,1.34176,34.5176,1.111980092428013e-05,0.0005559900462140064
text+audio_text_ln_lrh0.001_e5_s42,1562,3,0.58921,19.4975,1.1112691077141842e-05,0.0005556345538570921
text+audio_text_ln_lrh0.001_e5_s42,1563,3,1.55598,31.0984,1.1105581230003554e-05,0.0005552790615001777
text+audio_text_ln_lrh0.001_e5_s42,1564,3,0.8832,42.933,1.109847138286527e-05,0.0005549235691432635
text+audio_text_ln_lrh0.001_e5_s42,1565,3,1.137,29.6218,1.1091361535726984e-05,0.0005545680767863492
text+audio_text_ln_lrh0.001_e5_s42,1566,3,0.44774,17.5961,1.1084251688588696e-05,0.0005542125844294348
text+audio_text_ln_lrh0.001_e5_s42,1567,3,0.53951,21.8764,1.1077141841450409e-05,0.0005538570920725204
text+audio_text_ln_lrh0.001_e5_s42,1568,3,0.81319,24.8359,1.1070031994312123e-05,0.0005535015997156061
text+audio_text_ln_lrh0.001_e5_s42,1569,3,0.94522,24.9207,1.1062922147173835e-05,0.0005531461073586917
text+audio_text_ln_lrh0.001_e5_s42,1570,3,1.26012,15.9421,1.1055812300035551e-05,0.0005527906150017775
text+audio_text_ln_lrh0.001_e5_s42,1571,3,0.52782,25.6485,1.1048702452897263e-05,0.0005524351226448632
text+audio_text_ln_lrh0.001_e5_s42,1572,3,0.77826,17.0094,1.1041592605758978e-05,0.0005520796302879488
text+audio_text_ln_lrh0.001_e5_s42,1573,3,0.80934,15.0956,1.103448275862069e-05,0.0005517241379310345
text+audio_text_ln_lrh0.001_e5_s42,1574,3,0.90395,24.7993,1.1027372911482404e-05,0.0005513686455741201
text+audio_text_ln_lrh0.001_e5_s42,1575,3,1.52867,27.3841,1.1020263064344116e-05,0.0005510131532172058
text+audio_text_ln_lrh0.001_e5_s42,1576,3,1.18844,27.4269,1.1013153217205832e-05,0.0005506576608602916
text+audio_text_ln_lrh0.001_e5_s42,1577,3,0.60487,18.5898,1.1006043370067545e-05,0.0005503021685033772
text+audio_text_ln_lrh0.001_e5_s42,1578,3,0.56498,14.1525,1.0998933522929259e-05,0.0005499466761464629
text+audio_text_ln_lrh0.001_e5_s42,1579,3,0.63173,12.5201,1.0991823675790971e-05,0.0005495911837895486
text+audio_text_ln_lrh0.001_e5_s42,1580,3,1.27174,19.508,1.0984713828652684e-05,0.0005492356914326342
text+audio_text_ln_lrh0.001_e5_s42,1581,3,0.9173,14.2059,1.0977603981514398e-05,0.0005488801990757198
text+audio_text_ln_lrh0.001_e5_s42,1582,3,0.982,16.0133,1.0970494134376113e-05,0.0005485247067188057
text+audio_text_ln_lrh0.001_e5_s42,1583,3,1.06958,18.3189,1.0963384287237826e-05,0.0005481692143618912
text+audio_text_ln_lrh0.001_e5_s42,1584,3,0.66833,15.6848,1.0956274440099538e-05,0.0005478137220049769
text+audio_text_ln_lrh0.001_e5_s42,1585,3,0.7116,14.4565,1.0949164592961252e-05,0.0005474582296480626
text+audio_text_ln_lrh0.001_e5_s42,1586,3,0.61575,12.8271,1.0942054745822965e-05,0.0005471027372911482
text+audio_text_ln_lrh0.001_e5_s42,1587,3,0.87148,19.6434,1.0934944898684679e-05,0.0005467472449342339
text+audio_text_ln_lrh0.001_e5_s42,1588,3,0.64477,12.9957,1.0927835051546391e-05,0.0005463917525773195
text+audio_text_ln_lrh0.001_e5_s42,1589,3,0.72285,17.7645,1.0920725204408107e-05,0.0005460362602204053
text+audio_text_ln_lrh0.001_e5_s42,1590,3,1.02855,21.0238,1.091361535726982e-05,0.000545680767863491
text+audio_text_ln_lrh0.001_e5_s42,1591,3,0.94171,15.3082,1.0906505510131534e-05,0.0005453252755065766
text+audio_text_ln_lrh0.001_e5_s42,1592,3,0.69678,16.458,1.0899395662993246e-05,0.0005449697831496623
text+audio_text_ln_lrh0.001_e5_s42,1593,3,0.84867,14.3646,1.089228581585496e-05,0.000544614290792748
text+audio_text_ln_lrh0.001_e5_s42,1594,3,0.91016,18.8702,1.0885175968716673e-05,0.0005442587984358336
text+audio_text_ln_lrh0.001_e5_s42,1595,3,1.16184,17.8204,1.0878066121578388e-05,0.0005439033060789194
text+audio_text_ln_lrh0.001_e5_s42,1596,3,0.55384,21.3963,1.08709562744401e-05,0.000543547813722005
text+audio_text_ln_lrh0.001_e5_s42,1597,3,0.59911,14.6084,1.0863846427301815e-05,0.0005431923213650906
text+audio_text_ln_lrh0.001_e5_s42,1598,3,0.80195,13.6034,1.0856736580163527e-05,0.0005428368290081763
text+audio_text_ln_lrh0.001_e5_s42,1599,3,0.9705,15.1952,1.084962673302524e-05,0.000542481336651262
text+audio_text_ln_lrh0.001_e5_s42,1600,3,1.09926,17.3956,1.0842516885886954e-05,0.0005421258442943476
text+audio_text_ln_lrh0.001_e5_s42,1601,3,0.90267,13.763,1.083540703874867e-05,0.0005417703519374334
text+audio_text_ln_lrh0.001_e5_s42,1602,3,0.78906,15.5343,1.0828297191610382e-05,0.0005414148595805191
text+audio_text_ln_lrh0.001_e5_s42,1603,3,1.11232,18.4454,1.0821187344472094e-05,0.0005410593672236047
text+audio_text_ln_lrh0.001_e5_s42,1604,3,1.36594,18.418,1.0814077497333808e-05,0.0005407038748666904
text+audio_text_ln_lrh0.001_e5_s42,1605,3,1.40267,22.4603,1.080696765019552e-05,0.000540348382509776
text+audio_text_ln_lrh0.001_e5_s42,1606,3,1.16313,19.1325,1.0799857803057235e-05,0.0005399928901528617
text+audio_text_ln_lrh0.001_e5_s42,1607,3,1.30904,24.7153,1.0792747955918949e-05,0.0005396373977959475
text+audio_text_ln_lrh0.001_e5_s42,1608,3,0.76297,20.4269,1.0785638108780663e-05,0.0005392819054390331
text+audio_text_ln_lrh0.001_e5_s42,1609,3,0.81218,21.8621,1.0778528261642376e-05,0.0005389264130821188
text+audio_text_ln_lrh0.001_e5_s42,1610,3,0.39464,12.062,1.077141841450409e-05,0.0005385709207252045
text+audio_text_ln_lrh0.001_e5_s42,1611,3,1.20425,21.4853,1.0764308567365802e-05,0.00053821542836829
text+audio_text_ln_lrh0.001_e5_s42,1612,3,1.09676,18.1672,1.0757198720227514e-05,0.0005378599360113757
text+audio_text_ln_lrh0.001_e5_s42,1613,3,1.05248,18.7422,1.075008887308923e-05,0.0005375044436544615
text+audio_text_ln_lrh0.001_e5_s42,1614,3,0.48312,14.5382,1.0742979025950944e-05,0.0005371489512975471
text+audio_text_ln_lrh0.001_e5_s42,1615,3,1.34131,23.1593,1.0735869178812657e-05,0.0005367934589406328
text+audio_text_ln_lrh0.001_e5_s42,1616,3,1.14345,28.4455,1.0728759331674369e-05,0.0005364379665837185
text+audio_text_ln_lrh0.001_e5_s42,1617,3,0.60461,14.2886,1.0721649484536083e-05,0.0005360824742268041
text+audio_text_ln_lrh0.001_e5_s42,1618,3,0.89002,15.6007,1.0714539637397796e-05,0.0005357269818698898
text+audio_text_ln_lrh0.001_e5_s42,1619,3,0.74461,19.9556,1.070742979025951e-05,0.0005353714895129754
text+audio_text_ln_lrh0.001_e5_s42,1620,3,0.49451,15.6219,1.0700319943121224e-05,0.0005350159971560612
text+audio_text_ln_lrh0.001_e5_s42,1621,3,0.81863,21.7003,1.0693210095982938e-05,0.0005346605047991469
text+audio_text_ln_lrh0.001_e5_s42,1622,3,0.39557,14.4076,1.068610024884465e-05,0.0005343050124422325
text+audio_text_ln_lrh0.001_e5_s42,1623,3,1.09592,21.6347,1.0678990401706364e-05,0.0005339495200853182
text+audio_text_ln_lrh0.001_e5_s42,1624,3,0.74214,22.4911,1.0671880554568077e-05,0.0005335940277284039
text+audio_text_ln_lrh0.001_e5_s42,1625,3,0.65711,16.1717,1.0664770707429791e-05,0.0005332385353714894
text+audio_text_ln_lrh0.001_e5_s42,1626,3,1.09581,26.9931,1.0657660860291505e-05,0.0005328830430145752
text+audio_text_ln_lrh0.001_e5_s42,1627,3,0.22578,10.0304,1.065055101315322e-05,0.0005325275506576609
text+audio_text_ln_lrh0.001_e5_s42,1628,3,0.61838,22.2208,1.0643441166014932e-05,0.0005321720583007465
text+audio_text_ln_lrh0.001_e5_s42,1629,3,0.75989,17.9161,1.0636331318876646e-05,0.0005318165659438322
text+audio_text_ln_lrh0.001_e5_s42,1630,3,0.70442,24.0825,1.0629221471738358e-05,0.0005314610735869179
text+audio_text_ln_lrh0.001_e5_s42,1631,3,0.89747,19.6968,1.062211162460007e-05,0.0005311055812300035
text+audio_text_ln_lrh0.001_e5_s42,1632,3,0.26853,33.9679,1.0615001777461786e-05,0.0005307500888730893
text+audio_text_ln_lrh0.001_e5_s42,1633,3,0.6529,21.9341,1.0607891930323499e-05,0.0005303945965161749
text+audio_text_ln_lrh0.001_e5_s42,1634,3,1.19607,31.7358,1.0600782083185213e-05,0.0005300391041592606
text+audio_text_ln_lrh0.001_e5_s42,1635,3,0.67255,23.3917,1.0593672236046925e-05,0.0005296836118023463
text+audio_text_ln_lrh0.001_e5_s42,1636,3,0.83776,18.7419,1.058656238890864e-05,0.0005293281194454319
text+audio_text_ln_lrh0.001_e5_s42,1637,3,1.18104,26.9409,1.0579452541770352e-05,0.0005289726270885176
text+audio_text_ln_lrh0.001_e5_s42,1638,3,0.77197,11.4332,1.0572342694632067e-05,0.0005286171347316034
text+audio_text_ln_lrh0.001_e5_s42,1639,3,0.94365,30.7141,1.056523284749378e-05,0.000528261642374689
text+audio_text_ln_lrh0.001_e5_s42,1640,3,0.58679,11.8696,1.0558123000355494e-05,0.0005279061500177746
text+audio_text_ln_lrh0.001_e5_s42,1641,3,0.86992,14.5115,1.0551013153217206e-05,0.0005275506576608603
text+audio_text_ln_lrh0.001_e5_s42,1642,3,1.32385,26.7518,1.054390330607892e-05,0.0005271951653039459
text+audio_text_ln_lrh0.001_e5_s42,1643,3,0.39074,13.3964,1.0536793458940633e-05,0.0005268396729470316
text+audio_text_ln_lrh0.001_e5_s42,1644,3,0.89328,23.7556,1.0529683611802349e-05,0.0005264841805901174
text+audio_text_ln_lrh0.001_e5_s42,1645,3,0.36416,15.3886,1.0522573764664061e-05,0.000526128688233203
text+audio_text_ln_lrh0.001_e5_s42,1646,3,1.16528,21.6332,1.0515463917525775e-05,0.0005257731958762887
text+audio_text_ln_lrh0.001_e5_s42,1647,3,1.00295,22.4672,1.0508354070387488e-05,0.0005254177035193743
text+audio_text_ln_lrh0.001_e5_s42,1648,3,0.48333,13.2302,1.05012442232492e-05,0.00052506221116246
text+audio_text_ln_lrh0.001_e5_s42,1649,3,0.88763,18.4225,1.0494134376110914e-05,0.0005247067188055457
text+audio_text_ln_lrh0.001_e5_s42,1650,3,1.05346,22.6151,1.0487024528972627e-05,0.0005243512264486313
text+audio_text_ln_lrh0.001_e5_s42,1651,3,0.74663,19.7651,1.0479914681834342e-05,0.0005239957340917171
text+audio_text_ln_lrh0.001_e5_s42,1652,3,0.67184,13.8194,1.0472804834696055e-05,0.0005236402417348028
text+audio_text_ln_lrh0.001_e5_s42,1653,3,0.65653,17.1554,1.0465694987557769e-05,0.0005232847493778884
text+audio_text_ln_lrh0.001_e5_s42,1654,3,0.46693,11.6005,1.0458585140419481e-05,0.000522929257020974
text+audio_text_ln_lrh0.001_e5_s42,1655,3,0.39784,14.4372,1.0451475293281195e-05,0.0005225737646640597
text+audio_text_ln_lrh0.001_e5_s42,1656,3,1.16753,29.8118,1.0444365446142908e-05,0.0005222182723071453
text+audio_text_ln_lrh0.001_e5_s42,1657,3,1.56635,23.2782,1.0437255599004624e-05,0.0005218627799502311
text+audio_text_ln_lrh0.001_e5_s42,1658,3,1.29725,25.1034,1.0430145751866336e-05,0.0005215072875933168
text+audio_text_ln_lrh0.001_e5_s42,1659,3,0.85963,15.8136,1.042303590472805e-05,0.0005211517952364024
text+audio_text_ln_lrh0.001_e5_s42,1660,3,1.07403,22.3554,1.0415926057589762e-05,0.0005207963028794881
text+audio_text_ln_lrh0.001_e5_s42,1661,3,0.66002,16.5768,1.0408816210451475e-05,0.0005204408105225737
text+audio_text_ln_lrh0.001_e5_s42,1662,3,0.84798,20.8577,1.0401706363313189e-05,0.0005200853181656594
text+audio_text_ln_lrh0.001_e5_s42,1663,3,0.91774,16.81,1.0394596516174905e-05,0.0005197298258087452
text+audio_text_ln_lrh0.001_e5_s42,1664,3,1.02977,25.64,1.0387486669036617e-05,0.0005193743334518308
text+audio_text_ln_lrh0.001_e5_s42,1665,3,0.59406,15.5826,1.038037682189833e-05,0.0005190188410949165
text+audio_text_ln_lrh0.001_e5_s42,1666,3,1.27756,24.1671,1.0373266974760044e-05,0.0005186633487380022
text+audio_text_ln_lrh0.001_e5_s42,1667,3,1.06319,28.486,1.0366157127621756e-05,0.0005183078563810878
text+audio_text_ln_lrh0.001_e5_s42,1668,3,1.06897,24.8894,1.035904728048347e-05,0.0005179523640241735
text+audio_text_ln_lrh0.001_e5_s42,1669,3,0.69636,20.7821,1.0351937433345184e-05,0.0005175968716672593
text+audio_text_ln_lrh0.001_e5_s42,1670,3,0.61898,16.8913,1.0344827586206898e-05,0.0005172413793103448
text+audio_text_ln_lrh0.001_e5_s42,1671,3,0.72319,14.2201,1.033771773906861e-05,0.0005168858869534305
text+audio_text_ln_lrh0.001_e5_s42,1672,3,1.01334,23.3993,1.0330607891930325e-05,0.0005165303945965162
text+audio_text_ln_lrh0.001_e5_s42,1673,3,1.29317,17.3343,1.0323498044792037e-05,0.0005161749022396018
text+audio_text_ln_lrh0.001_e5_s42,1674,3,0.96511,19.6723,1.0316388197653751e-05,0.0005158194098826875
text+audio_text_ln_lrh0.001_e5_s42,1675,3,1.13856,22.1295,1.0309278350515464e-05,0.0005154639175257731
text+audio_text_ln_lrh0.001_e5_s42,1676,3,1.10446,23.2287,1.030216850337718e-05,0.0005151084251688589
text+audio_text_ln_lrh0.001_e5_s42,1677,3,0.61434,40.1241,1.0295058656238892e-05,0.0005147529328119446
text+audio_text_ln_lrh0.001_e5_s42,1678,3,0.65124,21.4108,1.0287948809100606e-05,0.0005143974404550302
text+audio_text_ln_lrh0.001_e5_s42,1679,3,0.67748,17.9531,1.0280838961962318e-05,0.0005140419480981159
text+audio_text_ln_lrh0.001_e5_s42,1680,3,0.89559,14.9799,1.0273729114824031e-05,0.0005136864557412016
text+audio_text_ln_lrh0.001_e5_s42,1681,3,0.63959,19.2027,1.0266619267685745e-05,0.0005133309633842872
text+audio_text_ln_lrh0.001_e5_s42,1682,3,0.95443,28.8917,1.025950942054746e-05,0.000512975471027373
text+audio_text_ln_lrh0.001_e5_s42,1683,3,0.60385,18.9507,1.0252399573409173e-05,0.0005126199786704587
text+audio_text_ln_lrh0.001_e5_s42,1684,3,0.43836,16.247,1.0245289726270886e-05,0.0005122644863135442
text+audio_text_ln_lrh0.001_e5_s42,1685,3,1.14263,23.0936,1.02381798791326e-05,0.0005119089939566299
text+audio_text_ln_lrh0.001_e5_s42,1686,3,0.61608,22.7994,1.0231070031994312e-05,0.0005115535015997156
text+audio_text_ln_lrh0.001_e5_s42,1687,3,1.32372,29.302,1.0223960184856026e-05,0.0005111980092428012
text+audio_text_ln_lrh0.001_e5_s42,1688,3,0.96869,13.0925,1.021685033771774e-05,0.000510842516885887
text+audio_text_ln_lrh0.001_e5_s42,1689,3,1.00636,25.361,1.0209740490579454e-05,0.0005104870245289727
text+audio_text_ln_lrh0.001_e5_s42,1690,3,1.15586,30.8444,1.0202630643441167e-05,0.0005101315321720583
text+audio_text_ln_lrh0.001_e5_s42,1691,3,0.83052,26.9881,1.0195520796302881e-05,0.000509776039815144
text+audio_text_ln_lrh0.001_e5_s42,1692,3,1.24319,20.3813,1.0188410949164593e-05,0.0005094205474582296
text+audio_text_ln_lrh0.001_e5_s42,1693,3,0.85262,23.2791,1.0181301102026306e-05,0.0005090650551013153
text+audio_text_ln_lrh0.001_e5_s42,1694,3,0.71154,15.5404,1.0174191254888021e-05,0.0005087095627444011
text+audio_text_ln_lrh0.001_e5_s42,1695,3,0.81161,20.3984,1.0167081407749736e-05,0.0005083540703874867
text+audio_text_ln_lrh0.001_e5_s42,1696,3,0.61803,16.8931,1.0159971560611448e-05,0.0005079985780305724
text+audio_text_ln_lrh0.001_e5_s42,1697,3,0.64206,17.9054,1.015286171347316e-05,0.0005076430856736581
text+audio_text_ln_lrh0.001_e5_s42,1698,3,0.87655,29.2117,1.0145751866334874e-05,0.0005072875933167436
text+audio_text_ln_lrh0.001_e5_s42,1699,3,0.88341,16.9269,1.0138642019196587e-05,0.0005069321009598293
text+audio_text_ln_lrh0.001_e5_s42,1700,3,0.66093,18.4053,1.0131532172058303e-05,0.0005065766086029151
text+audio_text_ln_lrh0.001_e5_s42,1701,3,0.59434,24.1303,1.0124422324920015e-05,0.0005062211162460007
text+audio_text_ln_lrh0.001_e5_s42,1702,3,1.13763,26.822,1.011731247778173e-05,0.0005058656238890864
text+audio_text_ln_lrh0.001_e5_s42,1703,3,0.66786,19.1326,1.0110202630643442e-05,0.0005055101315321721
text+audio_text_ln_lrh0.001_e5_s42,1704,3,1.28632,28.4195,1.0103092783505156e-05,0.0005051546391752577
text+audio_text_ln_lrh0.001_e5_s42,1705,3,0.76273,29.658,1.0095982936366868e-05,0.0005047991468183434
text+audio_text_ln_lrh0.001_e5_s42,1706,3,1.03929,23.4666,1.008887308922858e-05,0.000504443654461429
text+audio_text_ln_lrh0.001_e5_s42,1707,3,0.70584,21.5762,1.0081763242090296e-05,0.0005040881621045148
text+audio_text_ln_lrh0.001_e5_s42,1708,3,1.10175,23.352,1.007465339495201e-05,0.0005037326697476005
text+audio_text_ln_lrh0.001_e5_s42,1709,3,0.62858,16.5527,1.0067543547813723e-05,0.0005033771773906861
text+audio_text_ln_lrh0.001_e5_s42,1710,3,0.5235,13.3908,1.0060433700675435e-05,0.0005030216850337718
text+audio_text_ln_lrh0.001_e5_s42,1711,3,0.93128,20.2836,1.005332385353715e-05,0.0005026661926768575
text+audio_text_ln_lrh0.001_e5_s42,1712,3,0.80689,17.6712,1.0046214006398862e-05,0.000502310700319943
text+audio_text_ln_lrh0.001_e5_s42,1713,3,0.7342,17.2312,1.0039104159260578e-05,0.0005019552079630289
text+audio_text_ln_lrh0.001_e5_s42,1714,3,0.5197,15.3865,1.003199431212229e-05,0.0005015997156061145
text+audio_text_ln_lrh0.001_e5_s42,1715,3,0.67352,18.4239,1.0024884464984004e-05,0.0005012442232492001
text+audio_text_ln_lrh0.001_e5_s42,1716,3,0.92333,28.0306,1.0017774617845716e-05,0.0005008887308922858
text+audio_text_ln_lrh0.001_e5_s42,1717,3,0.8561,27.5009,1.001066477070743e-05,0.0005005332385353715
text+audio_text_ln_lrh0.001_e5_s42,1718,3,0.81536,23.667,1.0003554923569143e-05,0.0005001777461784571
text+audio_text_ln_lrh0.001_e5_s42,1719,3,0.3889,20.4878,9.996445076430857e-06,0.0004998222538215428
text+audio_text_ln_lrh0.001_e5_s42,1720,3,0.43479,13.4112,9.989335229292571e-06,0.0004994667614646285
text+audio_text_ln_lrh0.001_e5_s42,1721,3,1.1015,25.8841,9.982225382154285e-06,0.0004991112691077142
text+audio_text_ln_lrh0.001_e5_s42,1722,3,0.8291,32.6258,9.975115535015998e-06,0.0004987557767507999
text+audio_text_ln_lrh0.001_e5_s42,1723,3,0.88079,18.2286,9.968005687877712e-06,0.0004984002843938855
text+audio_text_ln_lrh0.001_e5_s42,1724,3,0.43737,15.7348,9.960895840739426e-06,0.0004980447920369713
text+audio_text_ln_lrh0.001_e5_s42,1725,3,0.7924,17.7576,9.953785993601138e-06,0.0004976892996800569
text+audio_text_ln_lrh0.001_e5_s42,1726,3,0.96507,21.4723,9.94667614646285e-06,0.0004973338073231426
text+audio_text_ln_lrh0.001_e5_s42,1727,3,0.48991,14.9804,9.939566299324566e-06,0.0004969783149662283
text+audio_text_ln_lrh0.001_e5_s42,1728,3,0.37615,12.1452,9.932456452186279e-06,0.000496622822609314
text+audio_text_ln_lrh0.001_e5_s42,1729,3,0.73483,20.5535,9.925346605047991e-06,0.0004962673302523995
text+audio_text_ln_lrh0.001_e5_s42,1730,3,0.98781,27.498,9.918236757909705e-06,0.0004959118378954852
text+audio_text_ln_lrh0.001_e5_s42,1731,3,0.36483,18.3845,9.91112691077142e-06,0.0004955563455385709
text+audio_text_ln_lrh0.001_e5_s42,1732,3,0.61274,16.9179,9.904017063633132e-06,0.0004952008531816566
text+audio_text_ln_lrh0.001_e5_s42,1733,3,0.5825,16.863,9.896907216494846e-06,0.0004948453608247423
text+audio_text_ln_lrh0.001_e5_s42,1734,3,0.61424,16.583,9.88979736935656e-06,0.0004944898684678279
text+audio_text_ln_lrh0.001_e5_s42,1735,3,1.0786,18.6795,9.882687522218272e-06,0.0004941343761109136
text+audio_text_ln_lrh0.001_e5_s42,1736,3,0.60304,16.8303,9.875577675079987e-06,0.0004937788837539993
text+audio_text_ln_lrh0.001_e5_s42,1737,3,1.27786,24.5002,9.8684678279417e-06,0.000493423391397085
text+audio_text_ln_lrh0.001_e5_s42,1738,3,1.26083,27.1719,9.861357980803413e-06,0.0004930678990401707
text+audio_text_ln_lrh0.001_e5_s42,1739,3,1.14024,25.953,9.854248133665127e-06,0.0004927124066832564
text+audio_text_ln_lrh0.001_e5_s42,1740,3,0.87935,24.48,9.847138286526841e-06,0.000492356914326342
text+audio_text_ln_lrh0.001_e5_s42,1741,3,0.8821,25.0334,9.840028439388554e-06,0.0004920014219694277
text+audio_text_ln_lrh0.001_e5_s42,1742,3,0.67269,24.9217,9.832918592250268e-06,0.0004916459296125134
text+audio_text_ln_lrh0.001_e5_s42,1743,3,0.74053,18.703,9.825808745111982e-06,0.000491290437255599
text+audio_text_ln_lrh0.001_e5_s42,1744,3,1.09472,24.5395,9.818698897973694e-06,0.0004909349448986846
text+audio_text_ln_lrh0.001_e5_s42,1745,3,0.59407,27.9715,9.811589050835408e-06,0.0004905794525417704
text+audio_text_ln_lrh0.001_e5_s42,1746,3,0.78085,19.1952,9.80447920369712e-06,0.000490223960184856
text+audio_text_ln_lrh0.001_e5_s42,1747,3,0.67527,18.3258,9.797369356558835e-06,0.0004898684678279417
text+audio_text_ln_lrh0.001_e5_s42,1748,3,1.6724,29.7112,9.790259509420549e-06,0.0004895129754710274
text+audio_text_ln_lrh0.001_e5_s42,1749,3,1.41433,35.9663,9.783149662282261e-06,0.0004891574831141131
text+audio_text_ln_lrh0.001_e5_s42,1750,3,1.04861,30.1852,9.776039815143975e-06,0.0004888019907571987
text+audio_text_ln_lrh0.001_e5_s42,1751,3,0.3819,11.362,9.768929968005688e-06,0.0004884464984002844
text+audio_text_ln_lrh0.001_e5_s42,1752,3,1.16072,19.5134,9.761820120867402e-06,0.0004880910060433701
text+audio_text_ln_lrh0.001_e5_s42,1753,3,0.92786,21.131,9.754710273729116e-06,0.0004877355136864557
text+audio_text_ln_lrh0.001_e5_s42,1754,3,1.03563,18.0353,9.747600426590828e-06,0.0004873800213295414
text+audio_text_ln_lrh0.001_e5_s42,1755,3,0.32578,14.2326,9.740490579452543e-06,0.0004870245289726271
text+audio_text_ln_lrh0.001_e5_s42,1756,3,0.76526,17.6081,9.733380732314257e-06,0.00048666903661571275
text+audio_text_ln_lrh0.001_e5_s42,1757,3,1.2921,21.8913,9.726270885175969e-06,0.00048631354425879845
text+audio_text_ln_lrh0.001_e5_s42,1758,3,0.5448,19.0768,9.719161038037683e-06,0.00048595805190188414
text+audio_text_ln_lrh0.001_e5_s42,1759,3,0.44871,15.3757,9.712051190899396e-06,0.0004856025595449698
text+audio_text_ln_lrh0.001_e5_s42,1760,3,1.02163,21.1917,9.70494134376111e-06,0.0004852470671880554
text+audio_text_ln_lrh0.001_e5_s42,1761,3,1.16774,17.9675,9.697831496622824e-06,0.00048489157483114117
text+audio_text_ln_lrh0.001_e5_s42,1762,3,0.65133,22.8012,9.690721649484536e-06,0.0004845360824742268
text+audio_text_ln_lrh0.001_e5_s42,1763,3,0.78871,17.4737,9.68361180234625e-06,0.00048418059011731245
text+audio_text_ln_lrh0.001_e5_s42,1764,3,1.15715,29.6827,9.676501955207964e-06,0.0004838250977603982
text+audio_text_ln_lrh0.001_e5_s42,1765,3,0.66511,21.3972,9.669392108069677e-06,0.00048346960540348384
text+audio_text_ln_lrh0.001_e5_s42,1766,3,0.67535,18.9349,9.662282260931391e-06,0.0004831141130465695
text+audio_text_ln_lrh0.001_e5_s42,1767,3,1.02082,23.6494,9.655172413793105e-06,0.0004827586206896552
text+audio_text_ln_lrh0.001_e5_s42,1768,3,0.68487,21.957,9.648062566654817e-06,0.0004824031283327409
text+audio_text_ln_lrh0.001_e5_s42,1769,3,0.90353,29.8844,9.640952719516532e-06,0.0004820476359758265
text+audio_text_ln_lrh0.001_e5_s42,1770,3,0.57982,22.3544,9.633842872378246e-06,0.0004816921436189122
text+audio_text_ln_lrh0.001_e5_s42,1771,3,0.76749,26.0923,9.626733025239958e-06,0.0004813366512619979
text+audio_text_ln_lrh0.001_e5_s42,1772,3,1.02733,19.9972,9.619623178101672e-06,0.00048098115890508354
text+audio_text_ln_lrh0.001_e5_s42,1773,3,0.59061,13.4371,9.612513330963386e-06,0.00048062566654816924
text+audio_text_ln_lrh0.001_e5_s42,1774,3,0.54627,17.7302,9.605403483825099e-06,0.0004802701741912549
text+audio_text_ln_lrh0.001_e5_s42,1775,3,1.04636,27.8281,9.598293636686811e-06,0.0004799146818343406
text+audio_text_ln_lrh0.001_e5_s42,1776,3,0.74758,34.0617,9.591183789548527e-06,0.00047955918947742627
text+audio_text_ln_lrh0.001_e5_s42,1777,3,0.26649,11.6082,9.58407394241024e-06,0.0004792036971205119
text+audio_text_ln_lrh0.001_e5_s42,1778,3,0.89368,20.0979,9.576964095271952e-06,0.0004788482047635976
text+audio_text_ln_lrh0.001_e5_s42,1779,3,0.50584,15.4114,9.569854248133666e-06,0.00047849271240668325
text+audio_text_ln_lrh0.001_e5_s42,1780,3,0.86752,20.3877,9.56274440099538e-06,0.00047813722004976894
text+audio_text_ln_lrh0.001_e5_s42,1781,3,0.6923,26.5244,9.555634553857092e-06,0.0004777817276928546
text+audio_text_ln_lrh0.001_e5_s42,1782,3,0.71105,37.0009,9.548524706718806e-06,0.0004774262353359403
text+audio_text_ln_lrh0.001_e5_s42,1783,3,0.5973,17.8027,9.54141485958052e-06,0.00047707074297902597
text+audio_text_ln_lrh0.001_e5_s42,1784,3,0.7122,21.1718,9.534305012442233e-06,0.0004767152506221116
text+audio_text_ln_lrh0.001_e5_s42,1785,3,0.73555,11.6869,9.527195165303947e-06,0.0004763597582651973
text+audio_text_ln_lrh0.001_e5_s42,1786,3,1.01722,28.8728,9.520085318165661e-06,0.000476004265908283
text+audio_text_ln_lrh0.001_e5_s42,1787,3,1.55378,32.3128,9.512975471027373e-06,0.00047564877355136864
text+audio_text_ln_lrh0.001_e5_s42,1788,3,0.98954,23.3288,9.505865623889088e-06,0.0004752932811944543
text+audio_text_ln_lrh0.001_e5_s42,1789,3,0.70372,14.2699,9.498755776750802e-06,0.00047493778883754003
text+audio_text_ln_lrh0.001_e5_s42,1790,3,1.11194,28.4898,9.491645929612514e-06,0.00047458229648062567
text+audio_text_ln_lrh0.001_e5_s42,1791,3,0.70458,26.2613,9.484536082474226e-06,0.0004742268041237113
text+audio_text_ln_lrh0.001_e5_s42,1792,3,0.81319,31.3288,9.477426235335942e-06,0.00047387131176679706
text+audio_text_ln_lrh0.001_e5_s42,1793,3,0.89589,19.9449,9.470316388197655e-06,0.0004735158194098827
text+audio_text_ln_lrh0.001_e5_s42,1794,3,0.8495,17.5215,9.463206541059367e-06,0.00047316032705296834
text+audio_text_ln_lrh0.001_e5_s42,1795,3,0.78197,22.3749,9.456096693921081e-06,0.0004728048346960541
text+audio_text_ln_lrh0.001_e5_s42,1796,3,0.45629,15.8354,9.448986846782795e-06,0.00047244934233913973
text+audio_text_ln_lrh0.001_e5_s42,1797,3,0.83997,18.7348,9.441876999644508e-06,0.00047209384998222537
text+audio_text_ln_lrh0.001_e5_s42,1798,3,0.7194,19.754,9.434767152506222e-06,0.00047173835762531107
text+audio_text_ln_lrh0.001_e5_s42,1799,3,0.65631,20.5164,9.427657305367936e-06,0.00047138286526839676
text+audio_text_ln_lrh0.001_e5_s42,1800,3,0.8224,20.1731,9.420547458229648e-06,0.0004710273729114824
text+audio_text_ln_lrh0.001_e5_s42,1801,3,0.4237,13.9068,9.413437611091362e-06,0.0004706718805545681
text+audio_text_ln_lrh0.001_e5_s42,1802,3,0.80909,21.7058,9.406327763953076e-06,0.0004703163881976538
text+audio_text_ln_lrh0.001_e5_s42,1803,3,0.86043,25.5102,9.399217916814789e-06,0.00046996089584073943
text+audio_text_ln_lrh0.001_e5_s42,1804,3,1.06128,25.272,9.392108069676503e-06,0.00046960540348382513
text+audio_text_ln_lrh0.001_e5_s42,1805,3,1.19349,25.6849,9.384998222538217e-06,0.00046924991112691077
text+audio_text_ln_lrh0.001_e5_s42,1806,3,0.70398,20.808,9.37788837539993e-06,0.00046889441876999646
text+audio_text_ln_lrh0.001_e5_s42,1807,3,0.34614,13.3388,9.370778528261644e-06,0.00046853892641308216
text+audio_text_ln_lrh0.001_e5_s42,1808,3,0.69041,12.9819,9.363668681123356e-06,0.0004681834340561678
text+audio_text_ln_lrh0.001_e5_s42,1809,3,0.32631,15.0214,9.35655883398507e-06,0.0004678279416992535
text+audio_text_ln_lrh0.001_e5_s42,1810,3,1.0395,32.9975,9.349448986846782e-06,0.00046747244934233913
text+audio_text_ln_lrh0.001_e5_s42,1811,3,0.75776,20.2377,9.342339139708497e-06,0.00046711695698542483
text+audio_text_ln_lrh0.001_e5_s42,1812,3,0.93193,19.2763,9.33522929257021e-06,0.00046676146462851047
text+audio_text_ln_lrh0.001_e5_s42,1813,3,0.5672,21.1008,9.328119445431923e-06,0.00046640597227159616
text+audio_text_ln_lrh0.001_e5_s42,1814,3,0.31799,10.1633,9.321009598293637e-06,0.00046605047991468186
text+audio_text_ln_lrh0.001_e5_s42,1815,3,0.82982,19.4645,9.313899751155351e-06,0.0004656949875577675
text+audio_text_ln_lrh0.001_e5_s42,1816,3,0.59175,20.1962,9.306789904017064e-06,0.0004653394952008532
text+audio_text_ln_lrh0.001_e5_s42,1817,3,0.83686,18.4577,9.299680056878778e-06,0.0004649840028439389
text+audio_text_ln_lrh0.001_e5_s42,1818,3,1.23368,41.507,9.292570209740492e-06,0.00046462851048702453
text+audio_text_ln_lrh0.001_e5_s42,1819,3,0.87645,26.1472,9.285460362602204e-06,0.00046427301813011017
text+audio_text_ln_lrh0.001_e5_s42,1820,3,1.8951,124.1721,9.278350515463918e-06,0.0004639175257731959
text+audio_text_ln_lrh0.001_e5_s42,1821,3,0.31741,14.4975,9.271240668325632e-06,0.00046356203341628156
text+audio_text_ln_lrh0.001_e5_s42,1822,3,1.44014,33.1904,9.264130821187345e-06,0.0004632065410593672
text+audio_text_ln_lrh0.001_e5_s42,1823,3,0.88711,21.9863,9.257020974049059e-06,0.00046285104870245295
text+audio_text_ln_lrh0.001_e5_s42,1824,3,1.30282,29.8397,9.249911126910771e-06,0.0004624955563455386
text+audio_text_ln_lrh0.001_e5_s42,1825,3,0.84519,19.5831,9.242801279772485e-06,0.00046214006398862423
text+audio_text_ln_lrh0.001_e5_s42,1826,3,0.6173,20.9979,9.2356914326342e-06,0.0004617845716317099
text+audio_text_ln_lrh0.001_e5_s42,1827,3,1.36087,19.8354,9.228581585495912e-06,0.0004614290792747956
text+audio_text_ln_lrh0.001_e5_s42,1828,3,0.58849,18.3801,9.221471738357626e-06,0.00046107358691788126
text+audio_text_ln_lrh0.001_e5_s42,1829,3,1.39031,35.861,9.21436189121934e-06,0.00046071809456096696
text+audio_text_ln_lrh0.001_e5_s42,1830,3,1.046,26.5087,9.207252044081053e-06,0.00046036260220405265
text+audio_text_ln_lrh0.001_e5_s42,1831,3,0.51212,19.3887,9.200142196942767e-06,0.0004600071098471383
text+audio_text_ln_lrh0.001_e5_s42,1832,3,1.61857,32.6621,9.19303234980448e-06,0.000459651617490224
text+audio_text_ln_lrh0.001_e5_s42,1833,3,0.95045,35.7087,9.185922502666193e-06,0.0004592961251333096
text+audio_text_ln_lrh0.001_e5_s42,1834,3,0.58044,17.6606,9.178812655527907e-06,0.0004589406327763953
text+audio_text_ln_lrh0.001_e5_s42,1835,3,0.97299,17.6249,9.171702808389621e-06,0.000458585140419481
text+audio_text_ln_lrh0.001_e5_s42,1836,3,0.7254,17.146,9.164592961251334e-06,0.00045822964806256666
text+audio_text_ln_lrh0.001_e5_s42,1837,3,0.83793,21.912,9.157483114113048e-06,0.00045787415570565235
text+audio_text_ln_lrh0.001_e5_s42,1838,3,0.67266,26.4338,9.15037326697476e-06,0.000457518663348738
text+audio_text_ln_lrh0.001_e5_s42,1839,3,0.9883,22.7895,9.143263419836474e-06,0.0004571631709918237
text+audio_text_ln_lrh0.001_e5_s42,1840,3,0.75529,20.6406,9.136153572698187e-06,0.00045680767863490933
text+audio_text_ln_lrh0.001_e5_s42,1841,3,0.67182,19.1368,9.129043725559901e-06,0.000456452186277995
text+audio_text_ln_lrh0.001_e5_s42,1842,3,1.72677,28.8841,9.121933878421615e-06,0.0004560966939210807
text+audio_text_ln_lrh0.001_e5_s42,1843,3,0.6753,22.1738,9.114824031283327e-06,0.00045574120156416636
text+audio_text_ln_lrh0.001_e5_s42,1844,3,1.08506,21.1973,9.107714184145042e-06,0.00045538570920725205
text+audio_text_ln_lrh0.001_e5_s42,1845,3,0.79811,19.1954,9.100604337006756e-06,0.00045503021685033775
text+audio_text_ln_lrh0.001_e5_s42,1846,3,1.16712,24.2756,9.093494489868468e-06,0.0004546747244934234
text+audio_text_ln_lrh0.001_e5_s42,1847,3,0.83713,19.0661,9.086384642730182e-06,0.00045431923213650903
text+audio_text_ln_lrh0.001_e5_s42,1848,3,0.85644,20.356,9.079274795591896e-06,0.0004539637397795948
text+audio_text_ln_lrh0.001_e5_s42,1849,3,1.04317,26.3402,9.072164948453609e-06,0.0004536082474226804
text+audio_text_ln_lrh0.001_e5_s42,1850,3,1.02992,21.6404,9.065055101315323e-06,0.00045325275506576606
text+audio_text_ln_lrh0.001_e5_s42,1851,3,0.48478,19.5385,9.057945254177037e-06,0.0004528972627088518
text+audio_text_ln_lrh0.001_e5_s42,1852,3,1.08156,23.9645,9.05083540703875e-06,0.00045254177035193745
text+audio_text_ln_lrh0.001_e5_s42,1853,3,0.61095,16.7886,9.043725559900463e-06,0.0004521862779950231
text+audio_text_ln_lrh0.001_e5_s42,1854,3,0.90498,18.6791,9.036615712762177e-06,0.0004518307856381088
text+audio_text_ln_lrh0.001_e5_s42,1855,3,1.00405,27.9449,9.02950586562389e-06,0.0004514752932811945
text+audio_text_ln_lrh0.001_e5_s42,1856,3,0.68602,20.9753,9.022396018485602e-06,0.0004511198009242801
text+audio_text_ln_lrh0.001_e5_s42,1857,3,0.46816,13.8855,9.015286171347318e-06,0.0004507643085673658
text+audio_text_ln_lrh0.001_e5_s42,1858,3,0.68516,21.4928,9.00817632420903e-06,0.0004504088162104515
text+audio_text_ln_lrh0.001_e5_s42,1859,3,0.57336,26.4625,9.001066477070743e-06,0.00045005332385353715
text+audio_text_ln_lrh0.001_e5_s42,1860,3,1.14444,25.4534,8.993956629932457e-06,0.00044969783149662284
text+audio_text_ln_lrh0.001_e5_s42,1861,3,0.72992,25.6691,8.986846782794171e-06,0.0004493423391397085
text+audio_text_ln_lrh0.001_e5_s42,1862,3,0.80934,17.4731,8.979736935655883e-06,0.0004489868467827942
text+audio_text_ln_lrh0.001_e5_s42,1863,3,0.57829,17.0568,8.972627088517598e-06,0.0004486313544258799
text+audio_text_ln_lrh0.001_e5_s42,1864,3,0.82712,22.0595,8.965517241379312e-06,0.0004482758620689655
text+audio_text_ln_lrh0.001_e5_s42,1865,3,0.67403,23.4124,8.958407394241024e-06,0.0004479203697120512
text+audio_text_ln_lrh0.001_e5_s42,1866,3,0.82284,24.8712,8.951297547102738e-06,0.0004475648773551369
text+audio_text_ln_lrh0.001_e5_s42,1867,3,0.94877,29.4504,8.944187699964452e-06,0.00044720938499822255
text+audio_text_ln_lrh0.001_e5_s42,1868,3,0.70689,21.2592,8.937077852826165e-06,0.0004468538926413082
text+audio_text_ln_lrh0.001_e5_s42,1869,3,0.38691,10.5404,8.929968005687877e-06,0.0004464984002843939
text+audio_text_ln_lrh0.001_e5_s42,1870,3,0.99384,18.5266,8.922858158549593e-06,0.0004461429079274796
text+audio_text_ln_lrh0.001_e5_s42,1871,3,0.89959,17.256,8.915748311411305e-06,0.0004457874155705652
text+audio_text_ln_lrh0.001_e5_s42,1872,3,1.17289,28.0545,8.908638464273018e-06,0.0004454319232136509
text+audio_text_ln_lrh0.001_e5_s42,1873,3,0.99452,28.5813,8.901528617134732e-06,0.0004450764308567366
text+audio_text_ln_lrh0.001_e5_s42,1874,3,0.5852,25.5865,8.894418769996446e-06,0.00044472093849982225
text+audio_text_ln_lrh0.001_e5_s42,1875,3,0.99266,26.4171,8.887308922858158e-06,0.0004443654461429079
text+audio_text_ln_lrh0.001_e5_s42,1876,4,0.93273,16.3962,8.880199075719872e-06,0.00044400995378599364
text+audio_text_ln_lrh0.001_e5_s42,1877,4,0.44923,14.4007,8.873089228581586e-06,0.0004436544614290793
text+audio_text_ln_lrh0.001_e5_s42,1878,4,0.89097,19.6118,8.865979381443299e-06,0.0004432989690721649
text+audio_text_ln_lrh0.001_e5_s42,1879,4,0.31435,9.5422,8.858869534305013e-06,0.00044294347671525067
text+audio_text_ln_lrh0.001_e5_s42,1880,4,0.52351,15.2738,8.851759687166727e-06,0.0004425879843583363
text+audio_text_ln_lrh0.001_e5_s42,1881,4,0.50913,20.4962,8.84464984002844e-06,0.00044223249200142195
text+audio_text_ln_lrh0.001_e5_s42,1882,4,0.82175,17.7338,8.837539992890154e-06,0.0004418769996445077
text+audio_text_ln_lrh0.001_e5_s42,1883,4,0.7138,20.749,8.830430145751868e-06,0.00044152150728759334
text+audio_text_ln_lrh0.001_e5_s42,1884,4,0.83174,19.4707,8.82332029861358e-06,0.000441166014930679
text+audio_text_ln_lrh0.001_e5_s42,1885,4,0.99813,22.0833,8.816210451475294e-06,0.00044081052257376467
text+audio_text_ln_lrh0.001_e5_s42,1886,4,0.47047,14.4051,8.809100604337008e-06,0.00044045503021685037
text+audio_text_ln_lrh0.001_e5_s42,1887,4,0.41425,19.084,8.80199075719872e-06,0.000440099537859936
text+audio_text_ln_lrh0.001_e5_s42,1888,4,0.80498,15.0243,8.794880910060435e-06,0.0004397440455030217
text+audio_text_ln_lrh0.001_e5_s42,1889,4,0.53997,14.7965,8.787771062922147e-06,0.0004393885531461074
text+audio_text_ln_lrh0.001_e5_s42,1890,4,0.90261,23.5462,8.780661215783861e-06,0.00043903306078919304
text+audio_text_ln_lrh0.001_e5_s42,1891,4,0.9155,20.8995,8.773551368645575e-06,0.00043867756843227873
text+audio_text_ln_lrh0.001_e5_s42,1892,4,0.44844,16.7351,8.766441521507288e-06,0.0004383220760753644
text+audio_text_ln_lrh0.001_e5_s42,1893,4,0.93861,21.5561,8.759331674369002e-06,0.00043796658371845007
text+audio_text_ln_lrh0.001_e5_s42,1894,4,0.3607,10.4699,8.752221827230716e-06,0.00043761109136153576
text+audio_text_ln_lrh0.001_e5_s42,1895,4,0.71646,21.7535,8.745111980092428e-06,0.0004372555990046214
text+audio_text_ln_lrh0.001_e5_s42,1896,4,0.60522,27.4964,8.738002132954143e-06,0.0004369001066477071
text+audio_text_ln_lrh0.001_e5_s42,1897,4,0.7196,20.1677,8.730892285815855e-06,0.00043654461429079274
text+audio_text_ln_lrh0.001_e5_s42,1898,4,0.80938,22.0547,8.723782438677569e-06,0.00043618912193387843
text+audio_text_ln_lrh0.001_e5_s42,1899,4,1.07191,28.1884,8.716672591539283e-06,0.0004358336295769641
text+audio_text_ln_lrh0.001_e5_s42,1900,4,1.10467,27.6301,8.709562744400996e-06,0.00043547813722004977
text+audio_text_ln_lrh0.001_e5_s42,1901,4,0.4076,16.4408,8.70245289726271e-06,0.00043512264486313546
text+audio_text_ln_lrh0.001_e5_s42,1902,4,0.54153,15.4346,8.695343050124424e-06,0.0004347671525062211
text+audio_text_ln_lrh0.001_e5_s42,1903,4,0.69421,19.9963,8.688233202986136e-06,0.0004344116601493068
text+audio_text_ln_lrh0.001_e5_s42,1904,4,0.64211,27.2004,8.68112335584785e-06,0.0004340561677923925
text+audio_text_ln_lrh0.001_e5_s42,1905,4,1.01505,25.8176,8.674013508709563e-06,0.00043370067543547814
text+audio_text_ln_lrh0.001_e5_s42,1906,4,0.65978,24.8259,8.666903661571277e-06,0.0004333451830785638
text+audio_text_ln_lrh0.001_e5_s42,1907,4,0.51648,17.7719,8.65979381443299e-06,0.0004329896907216495
text+audio_text_ln_lrh0.001_e5_s42,1908,4,0.85764,18.3203,8.652683967294703e-06,0.00043263419836473517
text+audio_text_ln_lrh0.001_e5_s42,1909,4,0.708,19.1859,8.645574120156417e-06,0.0004322787060078208
text+audio_text_ln_lrh0.001_e5_s42,1910,4,0.77493,26.9125,8.638464273018131e-06,0.00043192321365090656
text+audio_text_ln_lrh0.001_e5_s42,1911,4,0.87029,25.0152,8.631354425879844e-06,0.0004315677212939922
text+audio_text_ln_lrh0.001_e5_s42,1912,4,0.6828,18.3111,8.624244578741558e-06,0.00043121222893707784
text+audio_text_ln_lrh0.001_e5_s42,1913,4,0.57998,13.6414,8.617134731603272e-06,0.00043085673658016353
text+audio_text_ln_lrh0.001_e5_s42,1914,4,0.78954,20.5769,8.610024884464984e-06,0.0004305012442232492
text+audio_text_ln_lrh0.001_e5_s42,1915,4,0.91844,22.6391,8.602915037326699e-06,0.00043014575186633487
text+audio_text_ln_lrh0.001_e5_s42,1916,4,0.63144,19.4093,8.595805190188413e-06,0.00042979025950942056
text+audio_text_ln_lrh0.001_e5_s42,1917,4,0.49739,31.5036,8.588695343050125e-06,0.00042943476715250626
text+audio_text_ln_lrh0.001_e5_s42,1918,4,1.43829,25.5297,8.58158549591184e-06,0.0004290792747955919
text+audio_text_ln_lrh0.001_e5_s42,1919,4,0.96936,28.532,8.574475648773553e-06,0.0004287237824386776
text+audio_text_ln_lrh0.001_e5_s42,1920,4,0.71889,21.9077,8.567365801635266e-06,0.00042836829008176323
text+audio_text_ln_lrh0.001_e5_s42,1921,4,0.26495,14.0883,8.560255954496978e-06,0.0004280127977248489
text+audio_text_ln_lrh0.001_e5_s42,1922,4,0.47102,14.3244,8.553146107358692e-06,0.0004276573053679346
text+audio_text_ln_lrh0.001_e5_s42,1923,4,0.51053,17.6314,8.546036260220406e-06,0.00042730181301102026
text+audio_text_ln_lrh0.001_e5_s42,1924,4,0.83441,23.6821,8.538926413082119e-06,0.00042694632065410596
text+audio_text_ln_lrh0.001_e5_s42,1925,4,0.40293,22.7222,8.531816565943833e-06,0.00042659082829719165
text+audio_text_ln_lrh0.001_e5_s42,1926,4,0.80688,23.6286,8.524706718805547e-06,0.0004262353359402773
text+audio_text_ln_lrh0.001_e5_s42,1927,4,0.6394,27.8165,8.51759687166726e-06,0.00042587984358336293
text+audio_text_ln_lrh0.001_e5_s42,1928,4,0.52623,22.6569,8.510487024528973e-06,0.00042552435122644863
text+audio_text_ln_lrh0.001_e5_s42,1929,4,0.48028,20.5079,8.503377177390687e-06,0.0004251688588695343
text+audio_text_ln_lrh0.001_e5_s42,1930,4,0.7945,27.7619,8.4962673302524e-06,0.00042481336651261996
text+audio_text_ln_lrh0.001_e5_s42,1931,4,0.78624,18.7399,8.489157483114114e-06,0.00042445787415570566
text+audio_text_ln_lrh0.001_e5_s42,1932,4,0.62282,16.5843,8.482047635975828e-06,0.00042410238179879135
text+audio_text_ln_lrh0.001_e5_s42,1933,4,0.25737,9.052,8.47493778883754e-06,0.000423746889441877
text+audio_text_ln_lrh0.001_e5_s42,1934,4,1.03011,26.2328,8.467827941699253e-06,0.00042339139708496263
text+audio_text_ln_lrh0.001_e5_s42,1935,4,0.57018,15.2196,8.460718094560969e-06,0.0004230359047280484
text+audio_text_ln_lrh0.001_e5_s42,1936,4,1.08383,22.1529,8.453608247422681e-06,0.000422680412371134
text+audio_text_ln_lrh0.001_e5_s42,1937,4,0.4296,15.9188,8.446498400284393e-06,0.00042232492001421966
text+audio_text_ln_lrh0.001_e5_s42,1938,4,0.81176,20.9771,8.439388553146108e-06,0.0004219694276573054
text+audio_text_ln_lrh0.001_e5_s42,1939,4,0.34485,14.4404,8.432278706007822e-06,0.00042161393530039105
text+audio_text_ln_lrh0.001_e5_s42,1940,4,0.35603,14.8494,8.425168858869534e-06,0.0004212584429434767
text+audio_text_ln_lrh0.001_e5_s42,1941,4,0.56389,13.0269,8.418059011731248e-06,0.0004209029505865624
text+audio_text_ln_lrh0.001_e5_s42,1942,4,0.73305,27.0587,8.410949164592962e-06,0.0004205474582296481
text+audio_text_ln_lrh0.001_e5_s42,1943,4,0.54347,30.0192,8.403839317454675e-06,0.0004201919658727337
text+audio_text_ln_lrh0.001_e5_s42,1944,4,1.21386,31.638,8.396729470316389e-06,0.0004198364735158194
text+audio_text_ln_lrh0.001_e5_s42,1945,4,0.66344,21.6987,8.389619623178103e-06,0.0004194809811589051
text+audio_text_ln_lrh0.001_e5_s42,1946,4,0.37491,19.2994,8.382509776039815e-06,0.00041912548880199076
text+audio_text_ln_lrh0.001_e5_s42,1947,4,1.03489,29.0455,8.37539992890153e-06,0.00041876999644507645
text+audio_text_ln_lrh0.001_e5_s42,1948,4,0.963,28.466,8.368290081763244e-06,0.00041841450408816214
text+audio_text_ln_lrh0.001_e5_s42,1949,4,0.99802,38.4326,8.361180234624956e-06,0.0004180590117312478
text+audio_text_ln_lrh0.001_e5_s42,1950,4,0.64165,22.6426,8.35407038748667e-06,0.0004177035193743335
text+audio_text_ln_lrh0.001_e5_s42,1951,4,1.14745,28.5295,8.346960540348384e-06,0.0004173480270174191
text+audio_text_ln_lrh0.001_e5_s42,1952,4,0.56168,27.4218,8.339850693210097e-06,0.0004169925346605048
text+audio_text_ln_lrh0.001_e5_s42,1953,4,0.7154,33.6241,8.33274084607181e-06,0.0004166370423035905
text+audio_text_ln_lrh0.001_e5_s42,1954,4,0.77324,29.1202,8.325630998933523e-06,0.00041628154994667615
text+audio_text_ln_lrh0.001_e5_s42,1955,4,0.51198,19.7812,8.318521151795237e-06,0.00041592605758976185
text+audio_text_ln_lrh0.001_e5_s42,1956,4,1.07509,28.7029,8.31141130465695e-06,0.0004155705652328475
text+audio_text_ln_lrh0.001_e5_s42,1957,4,0.37325,11.812,8.304301457518664e-06,0.0004152150728759332
text+audio_text_ln_lrh0.001_e5_s42,1958,4,0.98195,21.2203,8.297191610380378e-06,0.0004148595805190188
text+audio_text_ln_lrh0.001_e5_s42,1959,4,0.68432,19.1485,8.29008176324209e-06,0.0004145040881621045
text+audio_text_ln_lrh0.001_e5_s42,1960,4,0.65,29.1319,8.282971916103804e-06,0.0004141485958051902
text+audio_text_ln_lrh0.001_e5_s42,1961,4,0.29169,16.2426,8.275862068965518e-06,0.00041379310344827585
text+audio_text_ln_lrh0.001_e5_s42,1962,4,0.65606,26.0897,8.26875222182723e-06,0.00041343761109136155
text+audio_text_ln_lrh0.001_e5_s42,1963,4,0.78533,22.2258,8.261642374688945e-06,0.00041308211873444724
text+audio_text_ln_lrh0.001_e5_s42,1964,4,0.78867,27.3274,8.254532527550659e-06,0.0004127266263775329
text+audio_text_ln_lrh0.001_e5_s42,1965,4,0.69715,33.5342,8.247422680412371e-06,0.0004123711340206185
text+audio_text_ln_lrh0.001_e5_s42,1966,4,0.77407,27.4176,8.240312833274085e-06,0.00041201564166370427
text+audio_text_ln_lrh0.001_e5_s42,1967,4,0.48345,16.8144,8.2332029861358e-06,0.0004116601493067899
text+audio_text_ln_lrh0.001_e5_s42,1968,4,0.4948,23.9558,8.226093138997512e-06,0.00041130465694987555
text+audio_text_ln_lrh0.001_e5_s42,1969,4,0.69762,27.572,8.218983291859226e-06,0.0004109491645929613
text+audio_text_ln_lrh0.001_e5_s42,1970,4,1.21519,42.5485,8.211873444720938e-06,0.00041059367223604694
text+audio_text_ln_lrh0.001_e5_s42,1971,4,0.19059,15.6581,8.204763597582653e-06,0.0004102381798791326
text+audio_text_ln_lrh0.001_e5_s42,1972,4,0.71967,24.6262,8.197653750444367e-06,0.0004098826875222183
text+audio_text_ln_lrh0.001_e5_s42,1973,4,0.23949,11.8955,8.190543903306079e-06,0.00040952719516530397
text+audio_text_ln_lrh0.001_e5_s42,1974,4,0.53362,14.7301,8.183434056167793e-06,0.0004091717028083896
text+audio_text_ln_lrh0.001_e5_s42,1975,4,0.65863,33.1908,8.176324209029507e-06,0.0004088162104514753
text+audio_text_ln_lrh0.001_e5_s42,1976,4,0.66335,17.836,8.16921436189122e-06,0.000408460718094561
text+audio_text_ln_lrh0.001_e5_s42,1977,4,0.92767,21.3088,8.162104514752934e-06,0.00040810522573764664
text+audio_text_ln_lrh0.001_e5_s42,1978,4,0.44632,19.7413,8.154994667614648e-06,0.00040774973338073234
text+audio_text_ln_lrh0.001_e5_s42,1979,4,0.67951,21.5249,8.14788482047636e-06,0.000407394241023818
text+audio_text_ln_lrh0.001_e5_s42,1980,4,0.32688,15.3518,8.140774973338074e-06,0.0004070387486669037
text+audio_text_ln_lrh0.001_e5_s42,1981,4,0.50604,14.9057,8.133665126199788e-06,0.00040668325630998937
text+audio_text_ln_lrh0.001_e5_s42,1982,4,0.61369,21.7265,8.126555279061501e-06,0.000406327763953075
text+audio_text_ln_lrh0.001_e5_s42,1983,4,0.81404,38.2769,8.119445431923213e-06,0.0004059722715961607
text+audio_text_ln_lrh0.001_e5_s42,1984,4,1.30798,42.3148,8.112335584784929e-06,0.0004056167792392464
text+audio_text_ln_lrh0.001_e5_s42,1985,4,0.31923,16.7682,8.105225737646641e-06,0.00040526128688233204
text+audio_text_ln_lrh0.001_e5_s42,1986,4,0.5069,23.2803,8.098115890508354e-06,0.0004049057945254177
text+audio_text_ln_lrh0.001_e5_s42,1987,4,0.75116,42.0121,8.091006043370068e-06,0.0004045503021685034
text+audio_text_ln_lrh0.001_e5_s42,1988,4,0.95742,28.0305,8.083896196231782e-06,0.00040419480981158907
text+audio_text_ln_lrh0.001_e5_s42,1989,4,0.87513,25.6541,8.076786349093494e-06,0.0004038393174546747
text+audio_text_ln_lrh0.001_e5_s42,1990,4,0.94269,24.3,8.069676501955209e-06,0.0004034838250977604
text+audio_text_ln_lrh0.001_e5_s42,1991,4,0.11305,15.7816,8.062566654816923e-06,0.0004031283327408461
text+audio_text_ln_lrh0.001_e5_s42,1992,4,0.43108,24.7753,8.055456807678635e-06,0.00040277284038393174
text+audio_text_ln_lrh0.001_e5_s42,1993,4,0.39403,36.122,8.04834696054035e-06,0.0004024173480270174
text+audio_text_ln_lrh0.001_e5_s42,1994,4,0.6889,46.474,8.041237113402063e-06,0.00040206185567010313
text+audio_text_ln_lrh0.001_e5_s42,1995,4,0.87538,36.5002,8.034127266263776e-06,0.00040170636331318877
text+audio_text_ln_lrh0.001_e5_s42,1996,4,0.65392,21.0526,8.02701741912549e-06,0.0004013508709562744
text+audio_text_ln_lrh0.001_e5_s42,1997,4,0.95298,31.1217,8.019907571987204e-06,0.00040099537859936016
text+audio_text_ln_lrh0.001_e5_s42,1998,4,0.25935,16.2262,8.012797724848916e-06,0.0004006398862424458
text+audio_text_ln_lrh0.001_e5_s42,1999,4,0.91204,28.8445,8.005687877710629e-06,0.00040028439388553144
text+audio_text_ln_lrh0.001_e5_s42,2000,4,0.97619,32.0615,7.998578030572344e-06,0.00039992890152861714
text+audio_text_ln_lrh0.001_e5_s42,2001,4,1.06601,27.9708,7.991468183434057e-06,0.00039957340917170283
text+audio_text_ln_lrh0.001_e5_s42,2002,4,0.28981,26.4482,7.98435833629577e-06,0.00039921791681478847
text+audio_text_ln_lrh0.001_e5_s42,2003,4,0.14968,14.0982,7.977248489157483e-06,0.00039886242445787417
text+audio_text_ln_lrh0.001_e5_s42,2004,4,1.17841,36.1833,7.970138642019198e-06,0.00039850693210095986
text+audio_text_ln_lrh0.001_e5_s42,2005,4,0.67521,34.4892,7.96302879488091e-06,0.0003981514397440455
text+audio_text_ln_lrh0.001_e5_s42,2006,4,0.30649,11.4143,7.955918947742624e-06,0.0003977959473871312
text+audio_text_ln_lrh0.001_e5_s42,2007,4,0.49357,27.1145,7.948809100604338e-06,0.00039744045503021684
text+audio_text_ln_lrh0.001_e5_s42,2008,4,0.18456,18.1219,7.94169925346605e-06,0.00039708496267330253
text+audio_text_ln_lrh0.001_e5_s42,2009,4,0.75739,26.3631,7.934589406327765e-06,0.00039672947031638823
text+audio_text_ln_lrh0.001_e5_s42,2010,4,0.98875,34.0285,7.927479559189479e-06,0.00039637397795947387
text+audio_text_ln_lrh0.001_e5_s42,2011,4,0.8999,27.8616,7.920369712051191e-06,0.00039601848560255956
text+audio_text_ln_lrh0.001_e5_s42,2012,4,1.30119,33.2869,7.913259864912905e-06,0.00039566299324564526
text+audio_text_ln_lrh0.001_e5_s42,2013,4,0.76427,26.5922,7.90615001777462e-06,0.0003953075008887309
text+audio_text_ln_lrh0.001_e5_s42,2014,4,1.65757,43.0589,7.899040170636332e-06,0.00039495200853181654
text+audio_text_ln_lrh0.001_e5_s42,2015,4,0.70972,28.7476,7.891930323498044e-06,0.00039459651617490223
text+audio_text_ln_lrh0.001_e5_s42,2016,4,0.25651,15.1941,7.88482047635976e-06,0.00039424102381798793
text+audio_text_ln_lrh0.001_e5_s42,2017,4,0.3934,10.9678,7.877710629221472e-06,0.00039388553146107357
text+audio_text_ln_lrh0.001_e5_s42,2018,4,0.22328,19.4987,7.870600782083185e-06,0.00039353003910415926
text+audio_text_ln_lrh0.001_e5_s42,2019,4,0.45538,19.674,7.863490934944899e-06,0.00039317454674724496
text+audio_text_ln_lrh0.001_e5_s42,2020,4,0.70275,27.8098,7.856381087806613e-06,0.0003928190543903306
text+audio_text_ln_lrh0.001_e5_s42,2021,4,0.83343,21.8264,7.849271240668325e-06,0.00039246356203341624
text+audio_text_ln_lrh0.001_e5_s42,2022,4,0.75247,32.7654,7.84216139353004e-06,0.000392108069676502
text+audio_text_ln_lrh0.001_e5_s42,2023,4,0.85409,31.2665,7.835051546391754e-06,0.00039175257731958763
text+audio_text_ln_lrh0.001_e5_s42,2024,4,0.54355,11.8378,7.827941699253466e-06,0.00039139708496267327
text+audio_text_ln_lrh0.001_e5_s42,2025,4,0.73292,35.7294,7.82083185211518e-06,0.000391041592605759
text+audio_text_ln_lrh0.001_e5_s42,2026,4,0.51903,19.5585,7.813722004976894e-06,0.00039068610024884466
text+audio_text_ln_lrh0.001_e5_s42,2027,4,1.00414,33.7101,7.806612157838607e-06,0.0003903306078919303
text+audio_text_ln_lrh0.001_e5_s42,2028,4,0.69157,24.3433,7.79950231070032e-06,0.00038997511553501605
text+audio_text_ln_lrh0.001_e5_s42,2029,4,0.95136,24.7464,7.792392463562035e-06,0.0003896196231781017
text+audio_text_ln_lrh0.001_e5_s42,2030,4,0.43607,12.5323,7.785282616423747e-06,0.00038926413082118733
text+audio_text_ln_lrh0.001_e5_s42,2031,4,1.0607,28.2743,7.778172769285461e-06,0.000388908638464273
text+audio_text_ln_lrh0.001_e5_s42,2032,4,0.8101,22.6459,7.771062922147175e-06,0.0003885531461073587
text+audio_text_ln_lrh0.001_e5_s42,2033,4,0.36484,17.0906,7.763953075008888e-06,0.00038819765375044436
text+audio_text_ln_lrh0.001_e5_s42,2034,4,1.26382,33.5045,7.756843227870602e-06,0.00038784216139353006
text+audio_text_ln_lrh0.001_e5_s42,2035,4,0.67056,21.8052,7.749733380732314e-06,0.00038748666903661575
text+audio_text_ln_lrh0.001_e5_s42,2036,4,0.82051,44.1773,7.742623533594028e-06,0.0003871311766797014
text+audio_text_ln_lrh0.001_e5_s42,2037,4,0.62728,19.3485,7.735513686455742e-06,0.0003867756843227871
text+audio_text_ln_lrh0.001_e5_s42,2038,4,0.39963,21.1006,7.728403839317455e-06,0.0003864201919658727
text+audio_text_ln_lrh0.001_e5_s42,2039,4,0.34742,12.5553,7.721293992179169e-06,0.0003860646996089584
text+audio_text_ln_lrh0.001_e5_s42,2040,4,0.47602,25.9591,7.714184145040883e-06,0.0003857092072520441
text+audio_text_ln_lrh0.001_e5_s42,2041,4,0.64595,19.9814,7.707074297902595e-06,0.00038535371489512976
text+audio_text_ln_lrh0.001_e5_s42,2042,4,0.33377,19.0026,7.69996445076431e-06,0.00038499822253821545
text+audio_text_ln_lrh0.001_e5_s42,2043,4,0.61651,23.9293,7.692854603626024e-06,0.00038464273018130115
text+audio_text_ln_lrh0.001_e5_s42,2044,4,0.88005,25.0338,7.685744756487736e-06,0.0003842872378243868
text+audio_text_ln_lrh0.001_e5_s42,2045,4,0.67001,20.2998,7.67863490934945e-06,0.00038393174546747243
text+audio_text_ln_lrh0.001_e5_s42,2046,4,0.66406,22.3116,7.671525062211163e-06,0.0003835762531105581
text+audio_text_ln_lrh0.001_e5_s42,2047,4,0.55174,24.1178,7.664415215072877e-06,0.0003832207607536438
text+audio_text_ln_lrh0.001_e5_s42,2048,4,0.72111,40.39,7.657305367934589e-06,0.00038286526839672946
text+audio_text_ln_lrh0.001_e5_s42,2049,4,0.66608,22.5421,7.650195520796303e-06,0.00038250977603981515
text+audio_text_ln_lrh0.001_e5_s42,2050,4,0.56091,19.722,7.643085673658017e-06,0.00038215428368290085
text+audio_text_ln_lrh0.001_e5_s42,2051,4,1.31287,25.7789,7.63597582651973e-06,0.0003817987913259865
text+audio_text_ln_lrh0.001_e5_s42,2052,4,0.7596,45.076,7.628865979381444e-06,0.00038144329896907213
text+audio_text_ln_lrh0.001_e5_s42,2053,4,0.65904,26.9786,7.621756132243158e-06,0.0003810878066121579
text+audio_text_ln_lrh0.001_e5_s42,2054,4,0.53999,14.0747,7.614646285104871e-06,0.0003807323142552435
text+audio_text_ln_lrh0.001_e5_s42,2055,4,0.64434,26.3015,7.6075364379665835e-06,0.00038037682189832916
text+audio_text_ln_lrh0.001_e5_s42,2056,4,0.56536,18.3813,7.6004265908282985e-06,0.0003800213295414149
text+audio_text_ln_lrh0.001_e5_s42,2057,4,0.61749,35.265,7.593316743690011e-06,0.00037966583718450055
text+audio_text_ln_lrh0.001_e5_s42,2058,4,0.76113,21.1241,7.586206896551724e-06,0.0003793103448275862
text+audio_text_ln_lrh0.001_e5_s42,2059,4,0.95393,32.2914,7.579097049413438e-06,0.0003789548524706719
text+audio_text_ln_lrh0.001_e5_s42,2060,4,0.8938,30.4313,7.5719872022751515e-06,0.0003785993601137576
text+audio_text_ln_lrh0.001_e5_s42,2061,4,0.65563,18.323,7.564877355136865e-06,0.0003782438677568432
text+audio_text_ln_lrh0.001_e5_s42,2062,4,0.18363,13.1753,7.557767507998579e-06,0.0003778883753999289
text+audio_text_ln_lrh0.001_e5_s42,2063,4,0.4243,17.3142,7.550657660860292e-06,0.0003775328830430146
text+audio_text_ln_lrh0.001_e5_s42,2064,4,0.46192,14.3035,7.543547813722005e-06,0.00037717739068610025
text+audio_text_ln_lrh0.001_e5_s42,2065,4,1.07342,33.913,7.5364379665837195e-06,0.00037682189832918594
text+audio_text_ln_lrh0.001_e5_s42,2066,4,0.54788,28.1827,7.529328119445433e-06,0.0003764664059722716
text+audio_text_ln_lrh0.001_e5_s42,2067,4,0.35168,18.9999,7.522218272307146e-06,0.0003761109136153573
text+audio_text_ln_lrh0.001_e5_s42,2068,4,0.22794,16.9363,7.51510842516886e-06,0.000375755421258443
text+audio_text_ln_lrh0.001_e5_s42,2069,4,0.54412,25.8223,7.507998578030573e-06,0.0003753999289015286
text+audio_text_ln_lrh0.001_e5_s42,2070,4,0.88388,49.3659,7.5008887308922866e-06,0.0003750444365446143
text+audio_text_ln_lrh0.001_e5_s42,2071,4,0.74213,17.5154,7.493778883754001e-06,0.0003746889441877
text+audio_text_ln_lrh0.001_e5_s42,2072,4,0.33218,30.1311,7.486669036615714e-06,0.00037433345183078564
text+audio_text_ln_lrh0.001_e5_s42,2073,4,0.96187,28.7555,7.479559189477426e-06,0.0003739779594738713
text+audio_text_ln_lrh0.001_e5_s42,2074,4,0.43978,26.1171,7.4724493423391396e-06,0.000373622467116957
text+audio_text_ln_lrh0.001_e5_s42,2075,4,1.11814,28.4836,7.465339495200854e-06,0.0003732669747600427
text+audio_text_ln_lrh0.001_e5_s42,2076,4,0.43584,20.6953,7.458229648062567e-06,0.0003729114824031283
text+audio_text_ln_lrh0.001_e5_s42,2077,4,1.11008,45.8259,7.45111980092428e-06,0.000372555990046214
text+audio_text_ln_lrh0.001_e5_s42,2078,4,0.73798,25.8241,7.444009953785994e-06,0.0003722004976892997
text+audio_text_ln_lrh0.001_e5_s42,2079,4,0.20097,9.8089,7.4369001066477075e-06,0.00037184500533238535
text+audio_text_ln_lrh0.001_e5_s42,2080,4,1.16389,29.3061,7.429790259509421e-06,0.000371489512975471
text+audio_text_ln_lrh0.001_e5_s42,2081,4,1.13535,29.3686,7.422680412371135e-06,0.00037113402061855674
text+audio_text_ln_lrh0.001_e5_s42,2082,4,0.50871,25.0494,7.415570565232848e-06,0.0003707785282616424
text+audio_text_ln_lrh0.001_e5_s42,2083,4,0.24014,14.8464,7.408460718094561e-06,0.000370423035904728
text+audio_text_ln_lrh0.001_e5_s42,2084,4,0.57181,19.1894,7.4013508709562755e-06,0.00037006754354781377
text+audio_text_ln_lrh0.001_e5_s42,2085,4,0.53596,24.7981,7.394241023817989e-06,0.0003697120511908994
text+audio_text_ln_lrh0.001_e5_s42,2086,4,0.6199,19.2438,7.387131176679702e-06,0.00036935655883398505
text+audio_text_ln_lrh0.001_e5_s42,2087,4,0.66683,32.5952,7.380021329541416e-06,0.00036900106647707074
text+audio_text_ln_lrh0.001_e5_s42,2088,4,0.24001,16.5485,7.372911482403129e-06,0.00036864557412015644
text+audio_text_ln_lrh0.001_e5_s42,2089,4,0.54896,24.7998,7.365801635264842e-06,0.0003682900817632421
text+audio_text_ln_lrh0.001_e5_s42,2090,4,0.93131,21.5324,7.358691788126556e-06,0.00036793458940632777
text+audio_text_ln_lrh0.001_e5_s42,2091,4,0.52986,22.4225,7.351581940988269e-06,0.00036757909704941347
text+audio_text_ln_lrh0.001_e5_s42,2092,4,0.61814,27.6762,7.344472093849982e-06,0.0003672236046924991
text+audio_text_ln_lrh0.001_e5_s42,2093,4,0.9177,56.5132,7.3373622467116965e-06,0.0003668681123355848
text+audio_text_ln_lrh0.001_e5_s42,2094,4,0.5527,29.7563,7.33025239957341e-06,0.00036651261997867044
text+audio_text_ln_lrh0.001_e5_s42,2095,4,0.78972,27.8551,7.323142552435123e-06,0.00036615712762175614
text+audio_text_ln_lrh0.001_e5_s42,2096,4,0.66159,23.2407,7.316032705296837e-06,0.00036580163526484183
text+audio_text_ln_lrh0.001_e5_s42,2097,4,0.80629,24.1209,7.30892285815855e-06,0.0003654461429079275
text+audio_text_ln_lrh0.001_e5_s42,2098,4,0.56547,24.3333,7.3018130110202636e-06,0.00036509065055101317
text+audio_text_ln_lrh0.001_e5_s42,2099,4,0.27132,17.4732,7.294703163881978e-06,0.00036473515819409886
text+audio_text_ln_lrh0.001_e5_s42,2100,4,0.62268,15.7661,7.287593316743691e-06,0.0003643796658371845
text+audio_text_ln_lrh0.001_e5_s42,2101,4,0.47473,19.2849,7.280483469605404e-06,0.00036402417348027014
text+audio_text_ln_lrh0.001_e5_s42,2102,4,0.45444,16.1009,7.273373622467118e-06,0.0003636686811233559
text+audio_text_ln_lrh0.001_e5_s42,2103,4,0.59427,23.234,7.2662637753288315e-06,0.00036331318876644153
text+audio_text_ln_lrh0.001_e5_s42,2104,4,0.27823,12.7081,7.259153928190544e-06,0.0003629576964095272
text+audio_text_ln_lrh0.001_e5_s42,2105,4,0.81319,43.1049,7.252044081052257e-06,0.00036260220405261287
text+audio_text_ln_lrh0.001_e5_s42,2106,4,0.54049,17.9792,7.244934233913971e-06,0.00036224671169569856
text+audio_text_ln_lrh0.001_e5_s42,2107,4,0.52687,16.9254,7.2378243867756845e-06,0.0003618912193387842
text+audio_text_ln_lrh0.001_e5_s42,2108,4,0.67766,25.4334,7.230714539637398e-06,0.0003615357269818699
text+audio_text_ln_lrh0.001_e5_s42,2109,4,0.58029,27.5527,7.223604692499112e-06,0.0003611802346249556
text+audio_text_ln_lrh0.001_e5_s42,2110,4,0.4798,17.353,7.216494845360825e-06,0.00036082474226804123
text+audio_text_ln_lrh0.001_e5_s42,2111,4,0.51381,22.0726,7.209384998222538e-06,0.0003604692499111269
text+audio_text_ln_lrh0.001_e5_s42,2112,4,0.9155,38.5725,7.2022751510842525e-06,0.0003601137575542126
text+audio_text_ln_lrh0.001_e5_s42,2113,4,0.63542,34.4443,7.195165303945966e-06,0.00035975826519729826
text+audio_text_ln_lrh0.001_e5_s42,2114,4,0.68002,27.5423,7.188055456807679e-06,0.0003594027728403839
text+audio_text_ln_lrh0.001_e5_s42,2115,4,0.79597,32.1389,7.180945609669393e-06,0.00035904728048346965
text+audio_text_ln_lrh0.001_e5_s42,2116,4,0.27319,17.1296,7.173835762531106e-06,0.0003586917881265553
text+audio_text_ln_lrh0.001_e5_s42,2117,4,0.49951,32.526,7.16672591539282e-06,0.00035833629576964094
text+audio_text_ln_lrh0.001_e5_s42,2118,4,0.38443,25.0233,7.159616068254534e-06,0.00035798080341272663
text+audio_text_ln_lrh0.001_e5_s42,2119,4,1.162,30.9312,7.152506221116247e-06,0.0003576253110558123
text+audio_text_ln_lrh0.001_e5_s42,2120,4,0.54148,19.5468,7.145396373977959e-06,0.00035726981869889797
text+audio_text_ln_lrh0.001_e5_s42,2121,4,0.27077,15.003,7.138286526839674e-06,0.00035691432634198366
text+audio_text_ln_lrh0.001_e5_s42,2122,4,0.52569,22.9613,7.131176679701387e-06,0.00035655883398506936
text+audio_text_ln_lrh0.001_e5_s42,2123,4,0.35151,19.1471,7.1240668325631e-06,0.000356203341628155
text+audio_text_ln_lrh0.001_e5_s42,2124,4,0.82201,21.6238,7.116956985424814e-06,0.0003558478492712407
text+audio_text_ln_lrh0.001_e5_s42,2125,4,0.478,28.7134,7.109847138286527e-06,0.00035549235691432633
text+audio_text_ln_lrh0.001_e5_s42,2126,4,0.64769,23.8235,7.1027372911482406e-06,0.000355136864557412
text+audio_text_ln_lrh0.001_e5_s42,2127,4,0.77717,31.1891,7.095627444009955e-06,0.0003547813722004977
text+audio_text_ln_lrh0.001_e5_s42,2128,4,0.48439,32.105,7.088517596871668e-06,0.00035442587984358336
text+audio_text_ln_lrh0.001_e5_s42,2129,4,0.61536,19.1686,7.081407749733381e-06,0.00035407038748666906
text+audio_text_ln_lrh0.001_e5_s42,2130,4,0.96942,24.9276,7.074297902595095e-06,0.00035371489512975475
text+audio_text_ln_lrh0.001_e5_s42,2131,4,1.06613,43.8949,7.0671880554568085e-06,0.0003533594027728404
text+audio_text_ln_lrh0.001_e5_s42,2132,4,0.6709,20.0172,7.060078208318522e-06,0.00035300391041592603
text+audio_text_ln_lrh0.001_e5_s42,2133,4,1.02572,31.8805,7.052968361180236e-06,0.0003526484180590118
text+audio_text_ln_lrh0.001_e5_s42,2134,4,0.39718,13.1236,7.045858514041949e-06,0.0003522929257020974
text+audio_text_ln_lrh0.001_e5_s42,2135,4,0.97236,31.4169,7.038748666903662e-06,0.00035193743334518306
text+audio_text_ln_lrh0.001_e5_s42,2136,4,1.08755,30.0932,7.031638819765375e-06,0.00035158194098826876
text+audio_text_ln_lrh0.001_e5_s42,2137,4,1.19481,42.2472,7.02452897262709e-06,0.00035122644863135445
text+audio_text_ln_lrh0.001_e5_s42,2138,4,0.667,22.4493,7.017419125488802e-06,0.0003508709562744401
text+audio_text_ln_lrh0.001_e5_s42,2139,4,0.50234,18.7252,7.010309278350515e-06,0.00035051546391752573
text+audio_text_ln_lrh0.001_e5_s42,2140,4,0.77615,28.2313,7.0031994312122295e-06,0.0003501599715606115
text+audio_text_ln_lrh0.001_e5_s42,2141,4,0.38987,18.4021,6.996089584073943e-06,0.0003498044792036971
text+audio_text_ln_lrh0.001_e5_s42,2142,4,0.78575,22.1426,6.988979736935656e-06,0.00034944898684678276
text+audio_text_ln_lrh0.001_e5_s42,2143,4,0.47046,21.3566,6.98186988979737e-06,0.0003490934944898685
text+audio_text_ln_lrh0.001_e5_s42,2144,4,0.24258,15.8924,6.974760042659083e-06,0.00034873800213295415
text+audio_text_ln_lrh0.001_e5_s42,2145,4,0.33097,19.5792,6.967650195520797e-06,0.0003483825097760398
text+audio_text_ln_lrh0.001_e5_s42,2146,4,0.69486,17.7531,6.960540348382511e-06,0.0003480270174191255
text+audio_text_ln_lrh0.001_e5_s42,2147,4,0.94104,42.8349,6.953430501244224e-06,0.0003476715250622112
text+audio_text_ln_lrh0.001_e5_s42,2148,4,0.92673,34.0444,6.946320654105937e-06,0.0003473160327052968
text+audio_text_ln_lrh0.001_e5_s42,2149,4,0.39018,23.4025,6.939210806967651e-06,0.0003469605403483825
text+audio_text_ln_lrh0.001_e5_s42,2150,4,0.5806,22.9392,6.9321009598293645e-06,0.0003466050479914682
text+audio_text_ln_lrh0.001_e5_s42,2151,4,0.76778,26.1889,6.924991112691078e-06,0.00034624955563455385
text+audio_text_ln_lrh0.001_e5_s42,2152,4,1.10811,28.9031,6.917881265552792e-06,0.00034589406327763955
text+audio_text_ln_lrh0.001_e5_s42,2153,4,0.43835,15.6189,6.910771418414504e-06,0.0003455385709207252
text+audio_text_ln_lrh0.001_e5_s42,2154,4,0.37444,14.6266,6.9036615712762176e-06,0.0003451830785638109
text+audio_text_ln_lrh0.001_e5_s42,2155,4,0.84951,31.7223,6.896551724137932e-06,0.0003448275862068966
text+audio_text_ln_lrh0.001_e5_s42,2156,4,0.72205,18.4376,6.889441876999645e-06,0.0003444720938499822
text+audio_text_ln_lrh0.001_e5_s42,2157,4,0.96106,26.7874,6.882332029861358e-06,0.0003441166014930679
text+audio_text_ln_lrh0.001_e5_s42,2158,4,0.76514,30.0055,6.875222182723072e-06,0.0003437611091361536
text+audio_text_ln_lrh0.001_e5_s42,2159,4,0.58866,29.3024,6.8681123355847855e-06,0.00034340561677923925
text+audio_text_ln_lrh0.001_e5_s42,2160,4,0.5738,31.1803,6.861002488446499e-06,0.0003430501244223249
text+audio_text_ln_lrh0.001_e5_s42,2161,4,0.82445,20.9511,6.853892641308213e-06,0.00034269463206541064
text+audio_text_ln_lrh0.001_e5_s42,2162,4,0.82533,25.6061,6.846782794169926e-06,0.0003423391397084963
text+audio_text_ln_lrh0.001_e5_s42,2163,4,0.25759,12.3935,6.839672947031639e-06,0.0003419836473515819
text+audio_text_ln_lrh0.001_e5_s42,2164,4,0.39906,13.4065,6.832563099893353e-06,0.0003416281549946676
text+audio_text_ln_lrh0.001_e5_s42,2165,4,0.48778,14.2575,6.825453252755067e-06,0.0003412726626377533
text+audio_text_ln_lrh0.001_e5_s42,2166,4,0.6946,23.4042,6.81834340561678e-06,0.00034091717028083895
text+audio_text_ln_lrh0.001_e5_s42,2167,4,0.33881,11.2097,6.811233558478492e-06,0.0003405616779239246
text+audio_text_ln_lrh0.001_e5_s42,2168,4,0.59341,18.1149,6.804123711340207e-06,0.00034020618556701034
text+audio_text_ln_lrh0.001_e5_s42,2169,4,0.67229,34.2921,6.79701386420192e-06,0.000339850693210096
text+audio_text_ln_lrh0.001_e5_s42,2170,4,0.80796,29.7456,6.789904017063633e-06,0.0003394952008531816
text+audio_text_ln_lrh0.001_e5_s42,2171,4,0.59286,34.1672,6.782794169925347e-06,0.00033913970849626737
text+audio_text_ln_lrh0.001_e5_s42,2172,4,0.55282,26.3464,6.77568432278706e-06,0.000338784216139353
text+audio_text_ln_lrh0.001_e5_s42,2173,4,0.6677,35.5789,6.768574475648774e-06,0.00033842872378243865
text+audio_text_ln_lrh0.001_e5_s42,2174,4,0.46062,27.8031,6.761464628510488e-06,0.0003380732314255244
text+audio_text_ln_lrh0.001_e5_s42,2175,4,0.42586,28.5848,6.754354781372201e-06,0.00033771773906861004
text+audio_text_ln_lrh0.001_e5_s42,2176,4,0.65906,13.9841,6.747244934233914e-06,0.0003373622467116957
text+audio_text_ln_lrh0.001_e5_s42,2177,4,1.02988,28.6207,6.740135087095628e-06,0.0003370067543547814
text+audio_text_ln_lrh0.001_e5_s42,2178,4,0.51741,19.5523,6.7330252399573415e-06,0.00033665126199786707
text+audio_text_ln_lrh0.001_e5_s42,2179,4,0.31999,15.7946,6.725915392819055e-06,0.0003362957696409527
text+audio_text_ln_lrh0.001_e5_s42,2180,4,0.3049,17.8229,6.718805545680769e-06,0.0003359402772840384
text+audio_text_ln_lrh0.001_e5_s42,2181,4,1.01022,45.0204,6.711695698542482e-06,0.0003355847849271241
text+audio_text_ln_lrh0.001_e5_s42,2182,4,0.4271,19.7345,6.704585851404195e-06,0.00033522929257020974
text+audio_text_ln_lrh0.001_e5_s42,2183,4,0.63381,28.6666,6.6974760042659095e-06,0.00033487380021329544
text+audio_text_ln_lrh0.001_e5_s42,2184,4,0.4204,15.8655,6.690366157127623e-06,0.0003345183078563811
text+audio_text_ln_lrh0.001_e5_s42,2185,4,0.38586,34.9449,6.683256309989335e-06,0.0003341628154994668
text+audio_text_ln_lrh0.001_e5_s42,2186,4,0.67193,22.8048,6.67614646285105e-06,0.00033380732314255247
text+audio_text_ln_lrh0.001_e5_s42,2187,4,0.41202,16.6092,6.6690366157127625e-06,0.0003334518307856381
text+audio_text_ln_lrh0.001_e5_s42,2188,4,0.68763,14.7816,6.661926768574476e-06,0.0003330963384287238
text+audio_text_ln_lrh0.001_e5_s42,2189,4,0.55224,25.0559,6.65481692143619e-06,0.0003327408460718095
text+audio_text_ln_lrh0.001_e5_s42,2190,4,0.63859,30.2887,6.647707074297903e-06,0.00033238535371489514
text+audio_text_ln_lrh0.001_e5_s42,2191,4,0.95328,31.6216,6.640597227159616e-06,0.0003320298613579808
text+audio_text_ln_lrh0.001_e5_s42,2192,4,0.4933,21.3831,6.6334873800213305e-06,0.00033167436900106653
text+audio_text_ln_lrh0.001_e5_s42,2193,4,0.65445,28.9068,6.626377532883044e-06,0.00033131887664415217
text+audio_text_ln_lrh0.001_e5_s42,2194,4,0.43688,17.4876,6.619267685744757e-06,0.0003309633842872378
text+audio_text_ln_lrh0.001_e5_s42,2195,4,0.3987,20.1651,6.61215783860647e-06,0.0003306078919303235
text+audio_text_ln_lrh0.001_e5_s42,2196,4,0.56354,24.6513,6.605047991468184e-06,0.0003302523995734092
text+audio_text_ln_lrh0.001_e5_s42,2197,4,0.36667,20.3511,6.597938144329898e-06,0.00032989690721649484
text+audio_text_ln_lrh0.001_e5_s42,2198,4,0.32176,21.4097,6.590828297191611e-06,0.0003295414148595805
text+audio_text_ln_lrh0.001_e5_s42,2199,4,0.20067,14.0144,6.583718450053325e-06,0.00032918592250266623
text+audio_text_ln_lrh0.001_e5_s42,2200,4,0.6574,21.0402,6.576608602915038e-06,0.00032883043014575187
text+audio_text_ln_lrh0.001_e5_s42,2201,4,0.6959,21.2834,6.569498755776751e-06,0.0003284749377888375
text+audio_text_ln_lrh0.001_e5_s42,2202,4,0.42056,21.9262,6.5623889086384655e-06,0.00032811944543192326
text+audio_text_ln_lrh0.001_e5_s42,2203,4,0.29353,17.2994,6.555279061500178e-06,0.0003277639530750089
text+audio_text_ln_lrh0.001_e5_s42,2204,4,0.7842,30.906,6.548169214361891e-06,0.00032740846071809454
text+audio_text_ln_lrh0.001_e5_s42,2205,4,0.12097,9.3166,6.541059367223605e-06,0.00032705296836118024
text+audio_text_ln_lrh0.001_e5_s42,2206,4,0.62509,25.7574,6.5339495200853185e-06,0.00032669747600426593
text+audio_text_ln_lrh0.001_e5_s42,2207,4,0.24913,12.6635,6.526839672947032e-06,0.00032634198364735157
text+audio_text_ln_lrh0.001_e5_s42,2208,4,0.93631,31.0522,6.519729825808746e-06,0.00032598649129043727
text+audio_text_ln_lrh0.001_e5_s42,2209,4,1.20648,48.8029,6.512619978670459e-06,0.00032563099893352296
text+audio_text_ln_lrh0.001_e5_s42,2210,4,0.35795,15.6511,6.505510131532172e-06,0.0003252755065766086
text+audio_text_ln_lrh0.001_e5_s42,2211,4,0.8671,30.3666,6.4984002843938865e-06,0.0003249200142196943
text+audio_text_ln_lrh0.001_e5_s42,2212,4,0.51172,22.459,6.4912904372556e-06,0.00032456452186277994
text+audio_text_ln_lrh0.001_e5_s42,2213,4,0.97183,46.1699,6.484180590117313e-06,0.00032420902950586563
text+audio_text_ln_lrh0.001_e5_s42,2214,4,0.39295,35.5297,6.477070742979027e-06,0.0003238535371489513
text+audio_text_ln_lrh0.001_e5_s42,2215,4,0.86306,28.0486,6.46996089584074e-06,0.00032349804479203697
text+audio_text_ln_lrh0.001_e5_s42,2216,4,0.73886,31.7871,6.462851048702453e-06,0.00032314255243512266
text+audio_text_ln_lrh0.001_e5_s42,2217,4,0.48336,27.2927,6.455741201564168e-06,0.00032278706007820836
text+audio_text_ln_lrh0.001_e5_s42,2218,4,0.93437,29.1446,6.44863135442588e-06,0.000322431567721294
text+audio_text_ln_lrh0.001_e5_s42,2219,4,0.31037,18.9775,6.441521507287593e-06,0.00032207607536437964
text+audio_text_ln_lrh0.001_e5_s42,2220,4,0.55386,23.0514,6.4344116601493075e-06,0.0003217205830074654
text+audio_text_ln_lrh0.001_e5_s42,2221,4,1.15447,36.8155,6.427301813011021e-06,0.00032136509065055103
text+audio_text_ln_lrh0.001_e5_s42,2222,4,0.85012,22.7385,6.420191965872734e-06,0.00032100959829363667
text+audio_text_ln_lrh0.001_e5_s42,2223,4,0.84212,31.8875,6.413082118734447e-06,0.00032065410593672236
text+audio_text_ln_lrh0.001_e5_s42,2224,4,0.31312,13.9288,6.405972271596161e-06,0.00032029861357980806
text+audio_text_ln_lrh0.001_e5_s42,2225,4,0.45049,21.7084,6.3988624244578746e-06,0.0003199431212228937
text+audio_text_ln_lrh0.001_e5_s42,2226,4,0.60547,16.2713,6.391752577319588e-06,0.00031958762886597934
text+audio_text_ln_lrh0.001_e5_s42,2227,4,1.09433,37.0111,6.384642730181302e-06,0.0003192321365090651
text+audio_text_ln_lrh0.001_e5_s42,2228,4,0.80415,34.584,6.377532883043015e-06,0.00031887664415215073
text+audio_text_ln_lrh0.001_e5_s42,2229,4,0.80043,91.5933,6.3704230359047284e-06,0.00031852115179523637
text+audio_text_ln_lrh0.001_e5_s42,2230,4,0.29655,21.0289,6.3633131887664425e-06,0.0003181656594383221
text+audio_text_ln_lrh0.001_e5_s42,2231,4,1.03089,27.5884,6.356203341628156e-06,0.00031781016708140776
text+audio_text_ln_lrh0.001_e5_s42,2232,4,0.59321,19.4136,6.349093494489868e-06,0.0003174546747244934
text+audio_text_ln_lrh0.001_e5_s42,2233,4,0.224,17.3719,6.341983647351583e-06,0.0003170991823675791
text+audio_text_ln_lrh0.001_e5_s42,2234,4,0.36046,19.1165,6.3348738002132955e-06,0.0003167436900106648
text+audio_text_ln_lrh0.001_e5_s42,2235,4,0.5098,25.1764,6.327763953075009e-06,0.00031638819765375043
text+audio_text_ln_lrh0.001_e5_s42,2236,4,0.48221,23.8373,6.320654105936723e-06,0.0003160327052968361
text+audio_text_ln_lrh0.001_e5_s42,2237,4,0.73089,31.3985,6.313544258798436e-06,0.0003156772129399218
text+audio_text_ln_lrh0.001_e5_s42,2238,4,0.44214,14.6369,6.306434411660149e-06,0.00031532172058300746
text+audio_text_ln_lrh0.001_e5_s42,2239,4,0.37739,17.4542,6.2993245645218635e-06,0.00031496622822609315
text+audio_text_ln_lrh0.001_e5_s42,2240,4,0.29204,14.8611,6.292214717383577e-06,0.0003146107358691788
text+audio_text_ln_lrh0.001_e5_s42,2241,4,1.01801,40.8337,6.28510487024529e-06,0.0003142552435122645
text+audio_text_ln_lrh0.001_e5_s42,2242,4,0.7375,31.4763,6.277995023107004e-06,0.0003138997511553502
text+audio_text_ln_lrh0.001_e5_s42,2243,4,0.93102,44.5445,6.270885175968717e-06,0.0003135442587984358
text+audio_text_ln_lrh0.001_e5_s42,2244,4,0.91934,26.8734,6.263775328830431e-06,0.0003131887664415215
text+audio_text_ln_lrh0.001_e5_s42,2245,4,0.78327,30.1617,6.256665481692145e-06,0.0003128332740846072
text+audio_text_ln_lrh0.001_e5_s42,2246,4,1.005,30.3099,6.249555634553858e-06,0.00031247778172769286
text+audio_text_ln_lrh0.001_e5_s42,2247,4,0.52004,23.7508,6.242445787415571e-06,0.0003121222893707785
text+audio_text_ln_lrh0.001_e5_s42,2248,4,0.77099,27.9787,6.235335940277285e-06,0.00031176679701386425
text+audio_text_ln_lrh0.001_e5_s42,2249,4,0.725,36.8037,6.2282260931389986e-06,0.0003114113046569499
text+audio_text_ln_lrh0.001_e5_s42,2250,4,0.1239,15.7389,6.221116246000711e-06,0.0003110558123000355
text+audio_text_ln_lrh0.001_e5_s42,2251,4,0.57829,26.7403,6.214006398862426e-06,0.0003107003199431213
text+audio_text_ln_lrh0.001_e5_s42,2252,4,0.54774,33.1125,6.206896551724138e-06,0.0003103448275862069
text+audio_text_ln_lrh0.001_e5_s42,2253,4,1.04832,29.2107,6.1997867045858516e-06,0.00030998933522929256
text+audio_text_ln_lrh0.001_e5_s42,2254,4,0.41802,13.7732,6.192676857447565e-06,0.0003096338428723782
text+audio_text_ln_lrh0.001_e5_s42,2255,4,1.27329,29.3353,6.185567010309279e-06,0.00030927835051546395
text+audio_text_ln_lrh0.001_e5_s42,2256,4,0.78555,23.4733,6.178457163170992e-06,0.0003089228581585496
text+audio_text_ln_lrh0.001_e5_s42,2257,4,0.96894,25.2368,6.1713473160327054e-06,0.00030856736580163523
text+audio_text_ln_lrh0.001_e5_s42,2258,4,0.8051,20.9709,6.1642374688944195e-06,0.000308211873444721
text+audio_text_ln_lrh0.001_e5_s42,2259,4,0.54452,18.203,6.157127621756133e-06,0.0003078563810878066
text+audio_text_ln_lrh0.001_e5_s42,2260,4,0.68743,28.3335,6.150017774617846e-06,0.00030750088873089226
text+audio_text_ln_lrh0.001_e5_s42,2261,4,0.28345,28.15,6.14290792747956e-06,0.000307145396373978
text+audio_text_ln_lrh0.001_e5_s42,2262,4,0.28055,19.8018,6.135798080341273e-06,0.00030678990401706365
text+audio_text_ln_lrh0.001_e5_s42,2263,4,0.66268,27.7624,6.128688233202987e-06,0.0003064344116601493
text+audio_text_ln_lrh0.001_e5_s42,2264,4,0.49527,25.1802,6.121578386064701e-06,0.000306078919303235
text+audio_text_ln_lrh0.001_e5_s42,2265,4,0.51149,24.0079,6.114468538926413e-06,0.0003057234269463207
text+audio_text_ln_lrh0.001_e5_s42,2266,4,0.2996,16.3261,6.107358691788126e-06,0.0003053679345894063
text+audio_text_ln_lrh0.001_e5_s42,2267,4,0.39884,19.4369,6.1002488446498405e-06,0.000305012442232492
text+audio_text_ln_lrh0.001_e5_s42,2268,4,1.20845,24.6732,6.093138997511554e-06,0.0003046569498755777
text+audio_text_ln_lrh0.001_e5_s42,2269,4,0.73949,19.0001,6.086029150373267e-06,0.00030430145751866335
text+audio_text_ln_lrh0.001_e5_s42,2270,4,0.67668,30.3445,6.078919303234981e-06,0.00030394596516174904
text+audio_text_ln_lrh0.001_e5_s42,2271,4,0.4086,34.0849,6.071809456096694e-06,0.0003035904728048347
text+audio_text_ln_lrh0.001_e5_s42,2272,4,0.8273,29.6689,6.064699608958408e-06,0.0003032349804479204
text+audio_text_ln_lrh0.001_e5_s42,2273,4,0.3408,21.5612,6.057589761820122e-06,0.0003028794880910061
text+audio_text_ln_lrh0.001_e5_s42,2274,4,0.45833,24.9613,6.050479914681835e-06,0.0003025239957340917
text+audio_text_ln_lrh0.001_e5_s42,2275,4,0.54439,24.2515,6.043370067543548e-06,0.0003021685033771774
text+audio_text_ln_lrh0.001_e5_s42,2276,4,0.5525,36.2949,6.036260220405262e-06,0.0003018130110202631
text+audio_text_ln_lrh0.001_e5_s42,2277,4,0.53923,30.6214,6.0291503732669756e-06,0.00030145751866334874
text+audio_text_ln_lrh0.001_e5_s42,2278,4,0.88663,35.8606,6.022040526128689e-06,0.0003011020263064344
text+audio_text_ln_lrh0.001_e5_s42,2279,4,0.90696,32.7332,6.014930678990403e-06,0.00030074653394952013
text+audio_text_ln_lrh0.001_e5_s42,2280,4,0.71539,26.5817,6.007820831852116e-06,0.0003003910415926058
text+audio_text_ln_lrh0.001_e5_s42,2281,4,0.79375,26.0281,6.0007109847138286e-06,0.0003000355492356914
text+audio_text_ln_lrh0.001_e5_s42,2282,4,0.57925,20.4308,5.993601137575542e-06,0.0002996800568787771
text+audio_text_ln_lrh0.001_e5_s42,2283,4,0.52339,18.2151,5.986491290437256e-06,0.0002993245645218628
text+audio_text_ln_lrh0.001_e5_s42,2284,4,0.20146,14.0652,5.979381443298969e-06,0.00029896907216494845
text+audio_text_ln_lrh0.001_e5_s42,2285,4,0.84557,25.8603,5.9722715961606824e-06,0.0002986135798080341
text+audio_text_ln_lrh0.001_e5_s42,2286,4,0.74118,33.7507,5.9651617490223965e-06,0.00029825808745111983
text+audio_text_ln_lrh0.001_e5_s42,2287,4,1.02648,37.1199,5.95805190188411e-06,0.0002979025950942055
text+audio_text_ln_lrh0.001_e5_s42,2288,4,0.57123,16.6015,5.950942054745823e-06,0.0002975471027372911
text+audio_text_ln_lrh0.001_e5_s42,2289,4,1.02196,29.9953,5.943832207607537e-06,0.00029719161038037687
text+audio_text_ln_lrh0.001_e5_s42,2290,4,0.53976,30.4593,5.93672236046925e-06,0.0002968361180234625
text+audio_text_ln_lrh0.001_e5_s42,2291,4,0.61913,33.4017,5.929612513330964e-06,0.00029648062566654815
text+audio_text_ln_lrh0.001_e5_s42,2292,4,0.25344,12.2727,5.922502666192678e-06,0.00029612513330963384
text+audio_text_ln_lrh0.001_e5_s42,2293,4,0.40235,25.8273,5.915392819054391e-06,0.00029576964095271954
text+audio_text_ln_lrh0.001_e5_s42,2294,4,0.8035,28.3351,5.908282971916104e-06,0.0002954141485958052
text+audio_text_ln_lrh0.001_e5_s42,2295,4,0.50841,25.9579,5.901173124777818e-06,0.00029505865623889087
text+audio_text_ln_lrh0.001_e5_s42,2296,4,0.69512,21.086,5.894063277639532e-06,0.00029470316388197657
text+audio_text_ln_lrh0.001_e5_s42,2297,4,0.81578,29.9756,5.886953430501244e-06,0.0002943476715250622
text+audio_text_ln_lrh0.001_e5_s42,2298,4,0.65932,36.0011,5.879843583362959e-06,0.0002939921791681479
text+audio_text_ln_lrh0.001_e5_s42,2299,4,0.98803,28.4753,5.872733736224671e-06,0.00029363668681123354
text+audio_text_ln_lrh0.001_e5_s42,2300,4,0.58569,23.0712,5.865623889086385e-06,0.00029328119445431924
text+audio_text_ln_lrh0.001_e5_s42,2301,4,0.5963,27.7237,5.858514041948099e-06,0.00029292570209740493
text+audio_text_ln_lrh0.001_e5_s42,2302,4,0.82321,30.0665,5.851404194809812e-06,0.00029257020974049057
text+audio_text_ln_lrh0.001_e5_s42,2303,4,1.32071,36.8416,5.844294347671525e-06,0.00029221471738357627
text+audio_text_ln_lrh0.001_e5_s42,2304,4,0.96499,27.9171,5.837184500533239e-06,0.00029185922502666196
text+audio_text_ln_lrh0.001_e5_s42,2305,4,0.45083,25.1805,5.8300746533949526e-06,0.0002915037326697476
text+audio_text_ln_lrh0.001_e5_s42,2306,4,0.75023,24.486,5.822964806256666e-06,0.00029114824031283324
text+audio_text_ln_lrh0.001_e5_s42,2307,4,0.51469,23.7547,5.81585495911838e-06,0.000290792747955919
text+audio_text_ln_lrh0.001_e5_s42,2308,4,0.40427,31.4005,5.808745111980093e-06,0.00029043725559900463
text+audio_text_ln_lrh0.001_e5_s42,2309,4,0.79178,33.6623,5.801635264841806e-06,0.0002900817632420903
text+audio_text_ln_lrh0.001_e5_s42,2310,4,0.50049,42.7473,5.7945254177035205e-06,0.000289726270885176
text+audio_text_ln_lrh0.001_e5_s42,2311,4,0.80972,36.2238,5.787415570565234e-06,0.00028937077852826166
text+audio_text_ln_lrh0.001_e5_s42,2312,4,0.86249,29.8942,5.780305723426947e-06,0.0002890152861713473
text+audio_text_ln_lrh0.001_e5_s42,2313,4,0.944,41.9971,5.7731958762886594e-06,0.00028865979381443294
text+audio_text_ln_lrh0.001_e5_s42,2314,4,0.40615,22.546,5.766086029150374e-06,0.0002883043014575187
text+audio_text_ln_lrh0.001_e5_s42,2315,4,0.8381,27.8267,5.758976182012087e-06,0.00028794880910060433
text+audio_text_ln_lrh0.001_e5_s42,2316,4,0.48898,30.9105,5.7518663348738e-06,0.00028759331674369
text+audio_text_ln_lrh0.001_e5_s42,2317,4,1.58169,37.9382,5.744756487735514e-06,0.0002872378243867757
text+audio_text_ln_lrh0.001_e5_s42,2318,4,0.55998,23.009,5.737646640597227e-06,0.00028688233202986136
text+audio_text_ln_lrh0.001_e5_s42,2319,4,0.33025,22.6183,5.730536793458941e-06,0.000286526839672947
text+audio_text_ln_lrh0.001_e5_s42,2320,4,0.38946,23.3678,5.723426946320655e-06,0.0002861713473160327
text+audio_text_ln_lrh0.001_e5_s42,2321,4,0.73931,33.9518,5.716317099182368e-06,0.0002858158549591184
text+audio_text_ln_lrh0.001_e5_s42,2322,4,0.4335,21.2754,5.709207252044081e-06,0.00028546036260220403
text+audio_text_ln_lrh0.001_e5_s42,2323,4,0.72807,34.3351,5.702097404905795e-06,0.00028510487024528973
text+audio_text_ln_lrh0.001_e5_s42,2324,4,0.74152,36.1265,5.694987557767509e-06,0.0002847493778883754
text+audio_text_ln_lrh0.001_e5_s42,2325,4,0.13453,23.8517,5.687877710629222e-06,0.00028439388553146107
text+audio_text_ln_lrh0.001_e5_s42,2326,4,0.37969,16.856,5.680767863490936e-06,0.00028403839317454676
text+audio_text_ln_lrh0.001_e5_s42,2327,4,0.34474,24.803,5.673658016352649e-06,0.00028368290081763245
text+audio_text_ln_lrh0.001_e5_s42,2328,4,0.64971,21.9452,5.666548169214362e-06,0.0002833274084607181
text+audio_text_ln_lrh0.001_e5_s42,2329,4,0.21914,23.5106,5.6594383220760765e-06,0.0002829719161038038
text+audio_text_ln_lrh0.001_e5_s42,2330,4,0.28,18.9328,5.652328474937789e-06,0.00028261642374688943
text+audio_text_ln_lrh0.001_e5_s42,2331,4,0.62838,28.2975,5.645218627799502e-06,0.0002822609313899751
text+audio_text_ln_lrh0.001_e5_s42,2332,4,0.69493,36.3913,5.638108780661216e-06,0.0002819054390330608
text+audio_text_ln_lrh0.001_e5_s42,2333,4,0.29873,15.6283,5.6309989335229296e-06,0.00028154994667614646
text+audio_text_ln_lrh0.001_e5_s42,2334,4,0.58047,22.2117,5.623889086384643e-06,0.00028119445431923216
text+audio_text_ln_lrh0.001_e5_s42,2335,4,0.77738,21.9433,5.616779239246357e-06,0.00028083896196231785
text+audio_text_ln_lrh0.001_e5_s42,2336,4,0.54571,19.639,5.60966939210807e-06,0.0002804834696054035
text+audio_text_ln_lrh0.001_e5_s42,2337,4,0.5025,37.7403,5.602559544969783e-06,0.00028012797724848913
text+audio_text_ln_lrh0.001_e5_s42,2338,4,0.64523,23.9035,5.5954496978314975e-06,0.0002797724848915749
text+audio_text_ln_lrh0.001_e5_s42,2339,4,0.48016,25.0736,5.588339850693211e-06,0.0002794169925346605
text+audio_text_ln_lrh0.001_e5_s42,2340,4,0.63274,23.8775,5.581230003554924e-06,0.00027906150017774616
text+audio_text_ln_lrh0.001_e5_s42,2341,4,0.35179,23.2056,5.574120156416637e-06,0.00027870600782083186
text+audio_text_ln_lrh0.001_e5_s42,2342,4,0.72535,28.2505,5.567010309278351e-06,0.00027835051546391755
text+audio_text_ln_lrh0.001_e5_s42,2343,4,0.99392,30.513,5.559900462140065e-06,0.0002779950231070032
text+audio_text_ln_lrh0.001_e5_s42,2344,4,1.12378,31.5836,5.552790615001777e-06,0.00027763953075008883
text+audio_text_ln_lrh0.001_e5_s42,2345,4,0.46454,23.3078,5.545680767863492e-06,0.0002772840383931746
text+audio_text_ln_lrh0.001_e5_s42,2346,4,0.25235,12.0413,5.538570920725204e-06,0.0002769285460362602
text+audio_text_ln_lrh0.001_e5_s42,2347,4,0.23737,11.5627,5.531461073586918e-06,0.00027657305367934586
text+audio_text_ln_lrh0.001_e5_s42,2348,4,0.60551,24.2369,5.524351226448632e-06,0.0002762175613224316
text+audio_text_ln_lrh0.001_e5_s42,2349,4,0.33586,20.7907,5.517241379310345e-06,0.00027586206896551725
text+audio_text_ln_lrh0.001_e5_s42,2350,4,1.27613,47.7252,5.510131532172058e-06,0.0002755065766086029
text+audio_text_ln_lrh0.001_e5_s42,2351,4,0.55683,20.8013,5.503021685033772e-06,0.0002751510842516886
text+audio_text_ln_lrh0.001_e5_s42,2352,4,1.00249,30.5571,5.495911837895486e-06,0.0002747955918947743
text+audio_text_ln_lrh0.001_e5_s42,2353,4,1.4651,40.8853,5.488801990757199e-06,0.0002744400995378599
text+audio_text_ln_lrh0.001_e5_s42,2354,4,0.56442,30.5912,5.481692143618913e-06,0.0002740846071809456
text+audio_text_ln_lrh0.001_e5_s42,2355,4,0.57993,28.0122,5.474582296480626e-06,0.0002737291148240313
text+audio_text_ln_lrh0.001_e5_s42,2356,4,0.51309,29.0967,5.4674724493423394e-06,0.00027337362246711695
text+audio_text_ln_lrh0.001_e5_s42,2357,4,0.80968,18.8932,5.4603626022040535e-06,0.00027301813011020265
text+audio_text_ln_lrh0.001_e5_s42,2358,4,0.6818,37.8146,5.453252755065767e-06,0.0002726626377532883
text+audio_text_ln_lrh0.001_e5_s42,2359,4,1.08848,28.4988,5.44614290792748e-06,0.000272307145396374
text+audio_text_ln_lrh0.001_e5_s42,2360,4,0.37416,19.4527,5.439033060789194e-06,0.0002719516530394597
text+audio_text_ln_lrh0.001_e5_s42,2361,4,0.71941,21.1771,5.431923213650907e-06,0.0002715961606825453
text+audio_text_ln_lrh0.001_e5_s42,2362,4,0.9795,28.6884,5.42481336651262e-06,0.000271240668325631
text+audio_text_ln_lrh0.001_e5_s42,2363,4,0.58949,32.5202,5.417703519374335e-06,0.0002708851759687167
text+audio_text_ln_lrh0.001_e5_s42,2364,4,0.4578,17.9319,5.410593672236047e-06,0.00027052968361180235
text+audio_text_ln_lrh0.001_e5_s42,2365,4,0.62355,40.5156,5.40348382509776e-06,0.000270174191254888
text+audio_text_ln_lrh0.001_e5_s42,2366,4,0.74239,55.9609,5.3963739779594745e-06,0.00026981869889797374
text+audio_text_ln_lrh0.001_e5_s42,2367,4,0.86765,29.2325,5.389264130821188e-06,0.0002694632065410594
text+audio_text_ln_lrh0.001_e5_s42,2368,4,0.71053,25.8786,5.382154283682901e-06,0.000269107714184145
text+audio_text_ln_lrh0.001_e5_s42,2369,4,0.4621,30.9259,5.375044436544615e-06,0.00026875222182723077
text+audio_text_ln_lrh0.001_e5_s42,2370,4,1.03645,22.4725,5.367934589406328e-06,0.0002683967294703164
text+audio_text_ln_lrh0.001_e5_s42,2371,4,0.77939,43.818,5.360824742268042e-06,0.00026804123711340205
text+audio_text_ln_lrh0.001_e5_s42,2372,4,0.41058,22.9585,5.353714895129755e-06,0.0002676857447564877
text+audio_text_ln_lrh0.001_e5_s42,2373,4,1.03237,31.0966,5.346605047991469e-06,0.00026733025239957344
text+audio_text_ln_lrh0.001_e5_s42,2374,4,0.41892,18.6105,5.339495200853182e-06,0.0002669747600426591
text+audio_text_ln_lrh0.001_e5_s42,2375,4,0.68715,34.695,5.3323853537148955e-06,0.0002666192676857447
text+audio_text_ln_lrh0.001_e5_s42,2376,4,0.81261,33.2333,5.32527550657661e-06,0.00026626377532883047
text+audio_text_ln_lrh0.001_e5_s42,2377,4,0.36844,15.9272,5.318165659438323e-06,0.0002659082829719161
text+audio_text_ln_lrh0.001_e5_s42,2378,4,1.10083,28.1761,5.311055812300035e-06,0.00026555279061500175
text+audio_text_ln_lrh0.001_e5_s42,2379,4,0.43253,19.3415,5.303945965161749e-06,0.00026519729825808745
text+audio_text_ln_lrh0.001_e5_s42,2380,4,0.55918,58.2488,5.296836118023463e-06,0.00026484180590117314
text+audio_text_ln_lrh0.001_e5_s42,2381,4,0.93372,32.036,5.289726270885176e-06,0.0002644863135442588
text+audio_text_ln_lrh0.001_e5_s42,2382,4,0.59925,21.2457,5.28261642374689e-06,0.0002641308211873445
text+audio_text_ln_lrh0.001_e5_s42,2383,4,0.52222,25.0228,5.275506576608603e-06,0.00026377532883043017
text+audio_text_ln_lrh0.001_e5_s42,2384,4,0.42776,33.0255,5.2683967294703164e-06,0.0002634198364735158
text+audio_text_ln_lrh0.001_e5_s42,2385,4,0.81857,21.2461,5.2612868823320305e-06,0.0002630643441166015
text+audio_text_ln_lrh0.001_e5_s42,2386,4,0.59436,21.6205,5.254177035193744e-06,0.00026270885175968715
text+audio_text_ln_lrh0.001_e5_s42,2387,4,0.60871,29.3237,5.247067188055457e-06,0.00026235335940277284
text+audio_text_ln_lrh0.001_e5_s42,2388,4,0.42707,17.0085,5.239957340917171e-06,0.00026199786704585854
text+audio_text_ln_lrh0.001_e5_s42,2389,4,1.20228,26.7898,5.232847493778884e-06,0.0002616423746889442
text+audio_text_ln_lrh0.001_e5_s42,2390,4,0.8877,30.6018,5.225737646640598e-06,0.00026128688233202987
text+audio_text_ln_lrh0.001_e5_s42,2391,4,0.51967,27.661,5.218627799502312e-06,0.00026093138997511557
text+audio_text_ln_lrh0.001_e5_s42,2392,4,0.50402,29.1155,5.211517952364025e-06,0.0002605758976182012
text+audio_text_ln_lrh0.001_e5_s42,2393,4,0.68887,47.5807,5.204408105225737e-06,0.00026022040526128685
text+audio_text_ln_lrh0.001_e5_s42,2394,4,0.85572,26.8761,5.197298258087452e-06,0.0002598649129043726
text+audio_text_ln_lrh0.001_e5_s42,2395,4,0.39638,21.5029,5.190188410949165e-06,0.00025950942054745824
text+audio_text_ln_lrh0.001_e5_s42,2396,4,1.29361,33.182,5.183078563810878e-06,0.0002591539281905439
text+audio_text_ln_lrh0.001_e5_s42,2397,4,0.57086,24.2864,5.175968716672592e-06,0.00025879843583362963
text+audio_text_ln_lrh0.001_e5_s42,2398,4,0.66896,22.9228,5.168858869534305e-06,0.00025844294347671527
text+audio_text_ln_lrh0.001_e5_s42,2399,4,0.94608,24.9175,5.161749022396019e-06,0.0002580874511198009
text+audio_text_ln_lrh0.001_e5_s42,2400,4,0.2626,13.9519,5.154639175257732e-06,0.00025773195876288655
text+audio_text_ln_lrh0.001_e5_s42,2401,4,0.54193,14.4286,5.147529328119446e-06,0.0002573764664059723
text+audio_text_ln_lrh0.001_e5_s42,2402,4,0.40719,17.7493,5.140419480981159e-06,0.00025702097404905794
text+audio_text_ln_lrh0.001_e5_s42,2403,4,0.78333,36.2146,5.1333096338428725e-06,0.0002566654816921436
text+audio_text_ln_lrh0.001_e5_s42,2404,4,0.61212,25.4426,5.126199786704587e-06,0.00025630998933522933
text+audio_text_ln_lrh0.001_e5_s42,2405,4,1.35374,38.262,5.1190899395663e-06,0.00025595449697831497
text+audio_text_ln_lrh0.001_e5_s42,2406,4,0.69168,26.1647,5.111980092428013e-06,0.0002555990046214006
text+audio_text_ln_lrh0.001_e5_s42,2407,4,0.53117,15.646,5.104870245289727e-06,0.00025524351226448636
text+audio_text_ln_lrh0.001_e5_s42,2408,4,0.95953,24.7302,5.0977603981514404e-06,0.000254888019907572
text+audio_text_ln_lrh0.001_e5_s42,2409,4,0.56432,17.7387,5.090650551013153e-06,0.00025453252755065764
text+audio_text_ln_lrh0.001_e5_s42,2410,4,0.81811,19.1913,5.083540703874868e-06,0.00025417703519374334
text+audio_text_ln_lrh0.001_e5_s42,2411,4,0.51099,21.5088,5.07643085673658e-06,0.00025382154283682903
text+audio_text_ln_lrh0.001_e5_s42,2412,4,1.01521,37.7341,5.0693210095982934e-06,0.00025346605047991467
text+audio_text_ln_lrh0.001_e5_s42,2413,4,0.11417,7.4386,5.0622111624600075e-06,0.00025311055812300037
text+audio_text_ln_lrh0.001_e5_s42,2414,4,0.95894,30.2029,5.055101315321721e-06,0.00025275506576608606
text+audio_text_ln_lrh0.001_e5_s42,2415,4,0.45414,20.8452,5.047991468183434e-06,0.0002523995734091717
text+audio_text_ln_lrh0.001_e5_s42,2416,4,0.5158,30.2044,5.040881621045148e-06,0.0002520440810522574
text+audio_text_ln_lrh0.001_e5_s42,2417,4,0.86329,32.6654,5.033771773906861e-06,0.00025168858869534304
text+audio_text_ln_lrh0.001_e5_s42,2418,4,0.81823,24.488,5.026661926768575e-06,0.00025133309633842873
text+audio_text_ln_lrh0.001_e5_s42,2419,4,0.21584,8.4802,5.019552079630289e-06,0.0002509776039815144
text+audio_text_ln_lrh0.001_e5_s42,2420,4,0.72675,25.5806,5.012442232492002e-06,0.00025062211162460007
text+audio_text_ln_lrh0.001_e5_s42,2421,4,1.09053,38.3629,5.005332385353715e-06,0.00025026661926768576
text+audio_text_ln_lrh0.001_e5_s42,2422,4,0.67308,22.5368,4.9982225382154285e-06,0.0002499111269107714
text+audio_text_ln_lrh0.001_e5_s42,2423,4,0.55011,19.3051,4.991112691077143e-06,0.0002495556345538571
text+audio_text_ln_lrh0.001_e5_s42,2424,4,0.44356,18.7507,4.984002843938856e-06,0.00024920014219694274
text+audio_text_ln_lrh0.001_e5_s42,2425,4,0.87566,25.8266,4.976892996800569e-06,0.00024884464984002843
text+audio_text_ln_lrh0.001_e5_s42,2426,4,0.52487,38.6018,4.969783149662283e-06,0.0002484891574831141
text+audio_text_ln_lrh0.001_e5_s42,2427,4,1.26945,33.9833,4.962673302523996e-06,0.00024813366512619977
text+audio_text_ln_lrh0.001_e5_s42,2428,4,0.67393,33.0246,4.95556345538571e-06,0.00024777817276928546
text+audio_text_ln_lrh0.001_e5_s42,2429,4,1.3051,36.7309,4.948453608247423e-06,0.00024742268041237116
text+audio_text_ln_lrh0.001_e5_s42,2430,4,0.92864,29.715,4.941343761109136e-06,0.0002470671880554568
text+audio_text_ln_lrh0.001_e5_s42,2431,4,0.55714,24.3236,4.93423391397085e-06,0.0002467116956985425
text+audio_text_ln_lrh0.001_e5_s42,2432,4,0.37714,17.1067,4.9271240668325636e-06,0.0002463562033416282
text+audio_text_ln_lrh0.001_e5_s42,2433,4,0.76817,34.5639,4.920014219694277e-06,0.00024600071098471383
text+audio_text_ln_lrh0.001_e5_s42,2434,4,0.63054,20.4988,4.912904372555991e-06,0.0002456452186277995
text+audio_text_ln_lrh0.001_e5_s42,2435,4,0.35323,15.3493,4.905794525417704e-06,0.0002452897262708852
text+audio_text_ln_lrh0.001_e5_s42,2436,4,0.93944,37.3674,4.8986846782794174e-06,0.00024493423391397086
text+audio_text_ln_lrh0.001_e5_s42,2437,4,0.36239,15.1846,4.891574831141131e-06,0.00024457874155705655
text+audio_text_ln_lrh0.001_e5_s42,2438,4,0.83534,24.7088,4.884464984002844e-06,0.0002442232492001422
text+audio_text_ln_lrh0.001_e5_s42,2439,4,0.71385,22.138,4.877355136864558e-06,0.00024386775684322786
text+audio_text_ln_lrh0.001_e5_s42,2440,4,0.35899,21.3187,4.870245289726271e-06,0.00024351226448631356
text+audio_text_ln_lrh0.001_e5_s42,2441,4,0.97196,44.4237,4.8631354425879845e-06,0.00024315677212939922
text+audio_text_ln_lrh0.001_e5_s42,2442,4,0.94366,30.7589,4.856025595449698e-06,0.0002428012797724849
text+audio_text_ln_lrh0.001_e5_s42,2443,4,0.74771,29.1652,4.848915748311412e-06,0.00024244578741557059
text+audio_text_ln_lrh0.001_e5_s42,2444,4,0.59403,31.9226,4.841805901173125e-06,0.00024209029505865623
text+audio_text_ln_lrh0.001_e5_s42,2445,4,0.8575,22.9066,4.834696054034838e-06,0.00024173480270174192
text+audio_text_ln_lrh0.001_e5_s42,2446,4,0.65138,27.4184,4.8275862068965525e-06,0.0002413793103448276
text+audio_text_ln_lrh0.001_e5_s42,2447,4,0.4917,20.9888,4.820476359758266e-06,0.00024102381798791326
text+audio_text_ln_lrh0.001_e5_s42,2448,4,0.83607,41.7608,4.813366512619979e-06,0.00024066832563099895
text+audio_text_ln_lrh0.001_e5_s42,2449,4,0.4409,25.2402,4.806256665481693e-06,0.00024031283327408462
text+audio_text_ln_lrh0.001_e5_s42,2450,4,0.58749,21.4035,4.7991468183434055e-06,0.0002399573409171703
text+audio_text_ln_lrh0.001_e5_s42,2451,4,1.2307,32.4929,4.79203697120512e-06,0.00023960184856025595
text+audio_text_ln_lrh0.001_e5_s42,2452,4,0.49198,17.9722,4.784927124066833e-06,0.00023924635620334162
text+audio_text_ln_lrh0.001_e5_s42,2453,4,0.30366,15.9109,4.777817276928546e-06,0.0002388908638464273
text+audio_text_ln_lrh0.001_e5_s42,2454,4,1.03171,28.1854,4.77070742979026e-06,0.00023853537148951299
text+audio_text_ln_lrh0.001_e5_s42,2455,4,0.32794,16.4844,4.7635975826519735e-06,0.00023817987913259865
text+audio_text_ln_lrh0.001_e5_s42,2456,4,0.58603,22.0158,4.756487735513687e-06,0.00023782438677568432
text+audio_text_ln_lrh0.001_e5_s42,2457,4,0.83342,21.8337,4.749377888375401e-06,0.00023746889441877002
text+audio_text_ln_lrh0.001_e5_s42,2458,4,0.42284,27.5422,4.742268041237113e-06,0.00023711340206185566
text+audio_text_ln_lrh0.001_e5_s42,2459,4,1.02742,37.0131,4.735158194098827e-06,0.00023675790970494135
text+audio_text_ln_lrh0.001_e5_s42,2460,4,0.73673,24.0794,4.7280483469605406e-06,0.00023640241734802705
text+audio_text_ln_lrh0.001_e5_s42,2461,4,0.99029,35.9926,4.720938499822254e-06,0.00023604692499111269
text+audio_text_ln_lrh0.001_e5_s42,2462,4,0.41476,17.1352,4.713828652683968e-06,0.00023569143263419838
text+audio_text_ln_lrh0.001_e5_s42,2463,4,0.25151,13.4215,4.706718805545681e-06,0.00023533594027728405
text+audio_text_ln_lrh0.001_e5_s42,2464,4,0.32382,22.7025,4.6996089584073944e-06,0.00023498044792036972
text+audio_text_ln_lrh0.001_e5_s42,2465,4,0.62759,30.505,4.6924991112691085e-06,0.00023462495556345538
text+audio_text_ln_lrh0.001_e5_s42,2466,4,0.8503,21.4905,4.685389264130822e-06,0.00023426946320654108
text+audio_text_ln_lrh0.001_e5_s42,2467,4,0.82872,26.0615,4.678279416992535e-06,0.00023391397084962675
text+audio_text_ln_lrh0.001_e5_s42,2468,4,0.91902,31.104,4.671169569854248e-06,0.00023355847849271241
text+audio_text_ln_lrh0.001_e5_s42,2469,4,0.79616,30.7526,4.6640597227159615e-06,0.00023320298613579808
text+audio_text_ln_lrh0.001_e5_s42,2470,4,0.28826,89.0382,4.656949875577676e-06,0.00023284749377888375
text+audio_text_ln_lrh0.001_e5_s42,2471,4,1.26168,31.7277,4.649840028439389e-06,0.00023249200142196944
text+audio_text_ln_lrh0.001_e5_s42,2472,4,0.45272,22.0411,4.642730181301102e-06,0.00023213650906505509
text+audio_text_ln_lrh0.001_e5_s42,2473,4,0.58264,16.0489,4.635620334162816e-06,0.00023178101670814078
text+audio_text_ln_lrh0.001_e5_s42,2474,4,0.88799,25.6787,4.6285104870245295e-06,0.00023142552435122647
text+audio_text_ln_lrh0.001_e5_s42,2475,4,0.96345,24.5924,4.621400639886243e-06,0.00023107003199431212
text+audio_text_ln_lrh0.001_e5_s42,2476,4,0.83308,30.0998,4.614290792747956e-06,0.0002307145396373978
text+audio_text_ln_lrh0.001_e5_s42,2477,4,0.51093,22.8754,4.60718094560967e-06,0.00023035904728048348
text+audio_text_ln_lrh0.001_e5_s42,2478,4,0.55788,16.8966,4.600071098471383e-06,0.00023000355492356915
text+audio_text_ln_lrh0.001_e5_s42,2479,4,0.7422,32.1408,4.592961251333097e-06,0.0002296480625666548
text+audio_text_ln_lrh0.001_e5_s42,2480,4,0.6555,25.7765,4.585851404194811e-06,0.0002292925702097405
text+audio_text_ln_lrh0.001_e5_s42,2481,4,0.93079,34.2742,4.578741557056524e-06,0.00022893707785282618
text+audio_text_ln_lrh0.001_e5_s42,2482,4,0.55559,17.5688,4.571631709918237e-06,0.00022858158549591184
text+audio_text_ln_lrh0.001_e5_s42,2483,4,0.14175,23.989,4.5645218627799505e-06,0.0002282260931389975
text+audio_text_ln_lrh0.001_e5_s42,2484,4,1.02956,26.4489,4.557412015641664e-06,0.00022787060078208318
text+audio_text_ln_lrh0.001_e5_s42,2485,4,0.33822,16.3697,4.550302168503378e-06,0.00022751510842516887
text+audio_text_ln_lrh0.001_e5_s42,2486,4,0.37752,22.6125,4.543192321365091e-06,0.00022715961606825451
text+audio_text_ln_lrh0.001_e5_s42,2487,4,0.55739,15.3932,4.536082474226804e-06,0.0002268041237113402
text+audio_text_ln_lrh0.001_e5_s42,2488,4,0.32944,28.672,4.528972627088518e-06,0.0002264486313544259
text+audio_text_ln_lrh0.001_e5_s42,2489,4,0.60138,27.4737,4.521862779950232e-06,0.00022609313899751154
text+audio_text_ln_lrh0.001_e5_s42,2490,4,0.50898,20.143,4.514752932811945e-06,0.00022573764664059724
text+audio_text_ln_lrh0.001_e5_s42,2491,4,0.42618,26.0169,4.507643085673659e-06,0.0002253821542836829
text+audio_text_ln_lrh0.001_e5_s42,2492,4,0.66258,30.4941,4.5005332385353714e-06,0.00022502666192676857
text+audio_text_ln_lrh0.001_e5_s42,2493,4,0.93891,33.7298,4.4934233913970855e-06,0.00022467116956985424
text+audio_text_ln_lrh0.001_e5_s42,2494,4,1.2164,37.0213,4.486313544258799e-06,0.00022431567721293994
text+audio_text_ln_lrh0.001_e5_s42,2495,4,0.4755,20.9394,4.479203697120512e-06,0.0002239601848560256
text+audio_text_ln_lrh0.001_e5_s42,2496,4,0.93671,23.7615,4.472093849982226e-06,0.00022360469249911127
text+audio_text_ln_lrh0.001_e5_s42,2497,4,0.17442,15.8851,4.4649840028439385e-06,0.00022324920014219694
text+audio_text_ln_lrh0.001_e5_s42,2498,4,0.54191,20.3854,4.457874155705653e-06,0.0002228937077852826
text+audio_text_ln_lrh0.001_e5_s42,2499,4,0.67903,34.3227,4.450764308567366e-06,0.0002225382154283683
text+audio_text_ln_lrh0.001_e5_s42,2500,4,0.20635,15.5288,4.443654461429079e-06,0.00022218272307145394
text+audio_text_ln_lrh0.001_e5_s42,2501,5,0.31073,21.4936,4.436544614290793e-06,0.00022182723071453964
text+audio_text_ln_lrh0.001_e5_s42,2502,5,0.47553,19.8904,4.4294347671525065e-06,0.00022147173835762533
text+audio_text_ln_lrh0.001_e5_s42,2503,5,0.45554,15.9774,4.42232492001422e-06,0.00022111624600071097
text+audio_text_ln_lrh0.001_e5_s42,2504,5,0.19063,14.6287,4.415215072875934e-06,0.00022076075364379667
text+audio_text_ln_lrh0.001_e5_s42,2505,5,0.38244,21.5031,4.408105225737647e-06,0.00022040526128688234
text+audio_text_ln_lrh0.001_e5_s42,2506,5,0.34046,15.8203,4.40099537859936e-06,0.000220049768929968
text+audio_text_ln_lrh0.001_e5_s42,2507,5,0.41285,21.4308,4.393885531461074e-06,0.0002196942765730537
text+audio_text_ln_lrh0.001_e5_s42,2508,5,0.38647,18.9674,4.386775684322788e-06,0.00021933878421613937
text+audio_text_ln_lrh0.001_e5_s42,2509,5,0.44164,25.1548,4.379665837184501e-06,0.00021898329185922503
text+audio_text_ln_lrh0.001_e5_s42,2510,5,0.50713,25.9043,4.372555990046214e-06,0.0002186277995023107
text+audio_text_ln_lrh0.001_e5_s42,2511,5,0.19607,9.8316,4.3654461429079275e-06,0.00021827230714539637
text+audio_text_ln_lrh0.001_e5_s42,2512,5,0.39749,24.8329,4.3583362957696416e-06,0.00021791681478848204
text+audio_text_ln_lrh0.001_e5_s42,2513,5,0.79075,25.002,4.351226448631355e-06,0.00021756132243156773
text+audio_text_ln_lrh0.001_e5_s42,2514,5,0.59462,27.3174,4.344116601493068e-06,0.0002172058300746534
text+audio_text_ln_lrh0.001_e5_s42,2515,5,0.26128,16.4667,4.337006754354781e-06,0.00021685033771773907
text+audio_text_ln_lrh0.001_e5_s42,2516,5,0.704,26.41,4.329896907216495e-06,0.00021649484536082476
text+audio_text_ln_lrh0.001_e5_s42,2517,5,0.51792,24.957,4.322787060078209e-06,0.0002161393530039104
text+audio_text_ln_lrh0.001_e5_s42,2518,5,0.19232,19.0919,4.315677212939922e-06,0.0002157838606469961
text+audio_text_ln_lrh0.001_e5_s42,2519,5,1.09751,26.1381,4.308567365801636e-06,0.00021542836829008177
text+audio_text_ln_lrh0.001_e5_s42,2520,5,0.68707,18.9553,4.301457518663349e-06,0.00021507287593316743
text+audio_text_ln_lrh0.001_e5_s42,2521,5,0.4395,30.6039,4.2943476715250625e-06,0.00021471738357625313
text+audio_text_ln_lrh0.001_e5_s42,2522,5,0.59446,24.5282,4.287237824386777e-06,0.0002143618912193388
text+audio_text_ln_lrh0.001_e5_s42,2523,5,0.80562,24.1088,4.280127977248489e-06,0.00021400639886242446
text+audio_text_ln_lrh0.001_e5_s42,2524,5,0.39768,21.4589,4.273018130110203e-06,0.00021365090650551013
text+audio_text_ln_lrh0.001_e5_s42,2525,5,0.24104,23.1862,4.265908282971916e-06,0.00021329541414859583
text+audio_text_ln_lrh0.001_e5_s42,2526,5,0.54421,30.1195,4.25879843583363e-06,0.00021293992179168147
text+audio_text_ln_lrh0.001_e5_s42,2527,5,0.52767,25.6886,4.251688588695344e-06,0.00021258442943476716
text+audio_text_ln_lrh0.001_e5_s42,2528,5,0.31139,19.1211,4.244578741557057e-06,0.00021222893707785283
text+audio_text_ln_lrh0.001_e5_s42,2529,5,0.20522,18.8671,4.23746889441877e-06,0.0002118734447209385
text+audio_text_ln_lrh0.001_e5_s42,2530,5,0.29437,24.0607,4.230359047280484e-06,0.0002115179523640242
text+audio_text_ln_lrh0.001_e5_s42,2531,5,0.27094,19.233,4.223249200142197e-06,0.00021116246000710983
text+audio_text_ln_lrh0.001_e5_s42,2532,5,0.54752,20.4914,4.216139353003911e-06,0.00021080696765019553
text+audio_text_ln_lrh0.001_e5_s42,2533,5,0.73111,117.9967,4.209029505865624e-06,0.0002104514752932812
text+audio_text_ln_lrh0.001_e5_s42,2534,5,0.60354,23.9306,4.201919658727337e-06,0.00021009598293636686
text+audio_text_ln_lrh0.001_e5_s42,2535,5,0.90808,44.0362,4.1948098115890514e-06,0.00020974049057945256
text+audio_text_ln_lrh0.001_e5_s42,2536,5,0.91503,27.8305,4.187699964450765e-06,0.00020938499822253822
text+audio_text_ln_lrh0.001_e5_s42,2537,5,0.42059,43.2632,4.180590117312478e-06,0.0002090295058656239
text+audio_text_ln_lrh0.001_e5_s42,2538,5,0.78396,30.54,4.173480270174192e-06,0.00020867401350870956
text+audio_text_ln_lrh0.001_e5_s42,2539,5,0.70704,23.8896,4.166370423035905e-06,0.00020831852115179526
text+audio_text_ln_lrh0.001_e5_s42,2540,5,0.62546,36.4453,4.1592605758976186e-06,0.00020796302879488092
text+audio_text_ln_lrh0.001_e5_s42,2541,5,0.21021,19.5264,4.152150728759332e-06,0.0002076075364379666
text+audio_text_ln_lrh0.001_e5_s42,2542,5,0.51371,21.6827,4.145040881621045e-06,0.00020725204408105226
text+audio_text_ln_lrh0.001_e5_s42,2543,5,0.94077,46.3216,4.137931034482759e-06,0.00020689655172413793
text+audio_text_ln_lrh0.001_e5_s42,2544,5,0.45135,23.3737,4.130821187344472e-06,0.00020654105936722362
text+audio_text_ln_lrh0.001_e5_s42,2545,5,0.33419,21.0816,4.123711340206186e-06,0.00020618556701030926
text+audio_text_ln_lrh0.001_e5_s42,2546,5,0.23692,25.0572,4.1166014930679e-06,0.00020583007465339496
text+audio_text_ln_lrh0.001_e5_s42,2547,5,0.75293,21.733,4.109491645929613e-06,0.00020547458229648065
text+audio_text_ln_lrh0.001_e5_s42,2548,5,0.62124,26.2091,4.102381798791326e-06,0.0002051190899395663
text+audio_text_ln_lrh0.001_e5_s42,2549,5,0.644,33.1136,4.0952719516530395e-06,0.00020476359758265199
text+audio_text_ln_lrh0.001_e5_s42,2550,5,0.93992,32.2226,4.088162104514754e-06,0.00020440810522573765
text+audio_text_ln_lrh0.001_e5_s42,2551,5,0.51097,29.5396,4.081052257376467e-06,0.00020405261286882332
text+audio_text_ln_lrh0.001_e5_s42,2552,5,0.2772,36.5518,4.07394241023818e-06,0.000203697120511909
text+audio_text_ln_lrh0.001_e5_s42,2553,5,0.5068,26.2253,4.066832563099894e-06,0.00020334162815499468
text+audio_text_ln_lrh0.001_e5_s42,2554,5,0.40893,29.0847,4.059722715961607e-06,0.00020298613579808035
text+audio_text_ln_lrh0.001_e5_s42,2555,5,1.08837,32.761,4.052612868823321e-06,0.00020263064344116602
text+audio_text_ln_lrh0.001_e5_s42,2556,5,0.66237,21.8911,4.045503021685034e-06,0.0002022751510842517
text+audio_text_ln_lrh0.001_e5_s42,2557,5,0.71272,31.237,4.038393174546747e-06,0.00020191965872733736
text+audio_text_ln_lrh0.001_e5_s42,2558,5,0.42351,26.2404,4.031283327408461e-06,0.00020156416637042305
text+audio_text_ln_lrh0.001_e5_s42,2559,5,0.38612,19.4047,4.024173480270175e-06,0.0002012086740135087
text+audio_text_ln_lrh0.001_e5_s42,2560,5,0.73748,37.4174,4.017063633131888e-06,0.00020085318165659439
text+audio_text_ln_lrh0.001_e5_s42,2561,5,0.5822,29.427,4.009953785993602e-06,0.00020049768929968008
text+audio_text_ln_lrh0.001_e5_s42,2562,5,0.36321,40.3734,4.002843938855314e-06,0.00020014219694276572
text+audio_text_ln_lrh0.001_e5_s42,2563,5,0.68731,28.0967,3.9957340917170284e-06,0.00019978670458585142
text+audio_text_ln_lrh0.001_e5_s42,2564,5,0.9463,35.2329,3.988624244578742e-06,0.00019943121222893708
text+audio_text_ln_lrh0.001_e5_s42,2565,5,0.88043,32.3652,3.981514397440455e-06,0.00019907571987202275
text+audio_text_ln_lrh0.001_e5_s42,2566,5,1.13638,47.1351,3.974404550302169e-06,0.00019872022751510842
text+audio_text_ln_lrh0.001_e5_s42,2567,5,1.06462,34.8723,3.967294703163882e-06,0.00019836473515819411
text+audio_text_ln_lrh0.001_e5_s42,2568,5,1.07494,37.2569,3.9601848560255956e-06,0.00019800924280127978
text+audio_text_ln_lrh0.001_e5_s42,2569,5,0.73081,25.7845,3.95307500888731e-06,0.00019765375044436545
text+audio_text_ln_lrh0.001_e5_s42,2570,5,0.46101,26.1014,3.945965161749022e-06,0.00019729825808745112
text+audio_text_ln_lrh0.001_e5_s42,2571,5,0.44733,42.2365,3.938855314610736e-06,0.00019694276573053678
text+audio_text_ln_lrh0.001_e5_s42,2572,5,0.92455,26.8682,3.931745467472449e-06,0.00019658727337362248
text+audio_text_ln_lrh0.001_e5_s42,2573,5,1.0695,42.6181,3.924635620334163e-06,0.00019623178101670812
text+audio_text_ln_lrh0.001_e5_s42,2574,5,0.74424,28.254,3.917525773195877e-06,0.00019587628865979381
text+audio_text_ln_lrh0.001_e5_s42,2575,5,0.8001,25.4351,3.91041592605759e-06,0.0001955207963028795
text+audio_text_ln_lrh0.001_e5_s42,2576,5,0.49428,23.9567,3.903306078919303e-06,0.00019516530394596515
text+audio_text_ln_lrh0.001_e5_s42,2577,5,1.12878,42.5893,3.896196231781017e-06,0.00019480981158905084
text+audio_text_ln_lrh0.001_e5_s42,2578,5,0.48198,28.1112,3.889086384642731e-06,0.0001944543192321365
text+audio_text_ln_lrh0.001_e5_s42,2579,5,0.6722,23.6417,3.881976537504444e-06,0.00019409882687522218
text+audio_text_ln_lrh0.001_e5_s42,2580,5,0.60238,28.2551,3.874866690366157e-06,0.00019374333451830788
text+audio_text_ln_lrh0.001_e5_s42,2581,5,0.35547,26.4748,3.867756843227871e-06,0.00019338784216139354
text+audio_text_ln_lrh0.001_e5_s42,2582,5,0.37349,32.7741,3.8606469960895845e-06,0.0001930323498044792
text+audio_text_ln_lrh0.001_e5_s42,2583,5,0.37367,28.6913,3.853537148951298e-06,0.00019267685744756488
text+audio_text_ln_lrh0.001_e5_s42,2584,5,0.18812,14.5677,3.846427301813012e-06,0.00019232136509065057
text+audio_text_ln_lrh0.001_e5_s42,2585,5,0.1579,9.9755,3.839317454674725e-06,0.00019196587273373621
text+audio_text_ln_lrh0.001_e5_s42,2586,5,0.43348,23.8454,3.832207607536438e-06,0.0001916103803768219
text+audio_text_ln_lrh0.001_e5_s42,2587,5,0.2803,16.0537,3.825097760398152e-06,0.00019125488801990758
text+audio_text_ln_lrh0.001_e5_s42,2588,5,0.13675,11.6272,3.817987913259865e-06,0.00019089939566299324
text+audio_text_ln_lrh0.001_e5_s42,2589,5,0.43553,21.5164,3.810878066121579e-06,0.00019054390330607894
text+audio_text_ln_lrh0.001_e5_s42,2590,5,0.5905,24.1619,3.8037682189832918e-06,0.00019018841094916458
text+audio_text_ln_lrh0.001_e5_s42,2591,5,0.63457,20.9102,3.7966583718450054e-06,0.00018983291859225027
text+audio_text_ln_lrh0.001_e5_s42,2592,5,0.9682,33.6931,3.789548524706719e-06,0.00018947742623533594
text+audio_text_ln_lrh0.001_e5_s42,2593,5,0.61549,22.1849,3.7824386775684324e-06,0.0001891219338784216
text+audio_text_ln_lrh0.001_e5_s42,2594,5,0.55092,26.8166,3.775328830430146e-06,0.0001887664415215073
text+audio_text_ln_lrh0.001_e5_s42,2595,5,0.51779,40.735,3.7682189832918597e-06,0.00018841094916459297
text+audio_text_ln_lrh0.001_e5_s42,2596,5,0.61182,36.0041,3.761109136153573e-06,0.00018805545680767864
text+audio_text_ln_lrh0.001_e5_s42,2597,5,0.55047,29.9554,3.7539992890152867e-06,0.0001876999644507643
text+audio_text_ln_lrh0.001_e5_s42,2598,5,0.16493,14.0266,3.7468894418770003e-06,0.00018734447209385
text+audio_text_ln_lrh0.001_e5_s42,2599,5,0.60318,27.6602,3.739779594738713e-06,0.00018698897973693564
text+audio_text_ln_lrh0.001_e5_s42,2600,5,0.61535,28.7245,3.732669747600427e-06,0.00018663348738002134
text+audio_text_ln_lrh0.001_e5_s42,2601,5,0.25984,15.4218,3.72555990046214e-06,0.000186277995023107
text+audio_text_ln_lrh0.001_e5_s42,2602,5,0.47395,31.2379,3.7184500533238538e-06,0.00018592250266619267
text+audio_text_ln_lrh0.001_e5_s42,2603,5,0.86999,34.102,3.7113402061855674e-06,0.00018556701030927837
text+audio_text_ln_lrh0.001_e5_s42,2604,5,0.3721,21.0232,3.7042303590472807e-06,0.000185211517952364
text+audio_text_ln_lrh0.001_e5_s42,2605,5,0.30361,21.6062,3.6971205119089944e-06,0.0001848560255954497
text+audio_text_ln_lrh0.001_e5_s42,2606,5,0.51675,28.9096,3.690010664770708e-06,0.00018450053323853537
text+audio_text_ln_lrh0.001_e5_s42,2607,5,0.88398,31.3737,3.682900817632421e-06,0.00018414504088162104
text+audio_text_ln_lrh0.001_e5_s42,2608,5,0.61138,26.0248,3.6757909704941345e-06,0.00018378954852470673
text+audio_text_ln_lrh0.001_e5_s42,2609,5,0.22825,19.3094,3.6686811233558482e-06,0.0001834340561677924
text+audio_text_ln_lrh0.001_e5_s42,2610,5,0.47575,26.3141,3.6615712762175615e-06,0.00018307856381087807
text+audio_text_ln_lrh0.001_e5_s42,2611,5,1.02317,36.267,3.654461429079275e-06,0.00018272307145396374
text+audio_text_ln_lrh0.001_e5_s42,2612,5,0.45826,14.6432,3.647351581940989e-06,0.00018236757909704943
text+audio_text_ln_lrh0.001_e5_s42,2613,5,0.30396,19.3529,3.640241734802702e-06,0.00018201208674013507
text+audio_text_ln_lrh0.001_e5_s42,2614,5,0.82943,24.767,3.6331318876644158e-06,0.00018165659438322077
text+audio_text_ln_lrh0.001_e5_s42,2615,5,0.51073,29.9086,3.6260220405261286e-06,0.00018130110202630643
text+audio_text_ln_lrh0.001_e5_s42,2616,5,0.34623,13.8268,3.6189121933878423e-06,0.0001809456096693921
text+audio_text_ln_lrh0.001_e5_s42,2617,5,0.20236,11.3293,3.611802346249556e-06,0.0001805901173124778
text+audio_text_ln_lrh0.001_e5_s42,2618,5,0.40316,25.1299,3.604692499111269e-06,0.00018023462495556344
text+audio_text_ln_lrh0.001_e5_s42,2619,5,0.38227,22.6079,3.597582651972983e-06,0.00017987913259864913
text+audio_text_ln_lrh0.001_e5_s42,2620,5,0.53052,32.3169,3.5904728048346965e-06,0.00017952364024173483
text+audio_text_ln_lrh0.001_e5_s42,2621,5,0.55344,30.7711,3.58336295769641e-06,0.00017916814788482047
text+audio_text_ln_lrh0.001_e5_s42,2622,5,0.7919,52.6705,3.5762531105581235e-06,0.00017881265552790616
text+audio_text_ln_lrh0.001_e5_s42,2623,5,0.68879,24.9805,3.569143263419837e-06,0.00017845716317099183
text+audio_text_ln_lrh0.001_e5_s42,2624,5,0.66109,32.3125,3.56203341628155e-06,0.0001781016708140775
text+audio_text_ln_lrh0.001_e5_s42,2625,5,0.47481,32.7322,3.5549235691432637e-06,0.00017774617845716317
text+audio_text_ln_lrh0.001_e5_s42,2626,5,0.21107,13.8123,3.5478137220049773e-06,0.00017739068610024886
text+audio_text_ln_lrh0.001_e5_s42,2627,5,0.42126,22.765,3.5407038748666906e-06,0.00017703519374333453
text+audio_text_ln_lrh0.001_e5_s42,2628,5,0.42139,21.3295,3.5335940277284043e-06,0.0001766797013864202
text+audio_text_ln_lrh0.001_e5_s42,2629,5,0.60334,28.1258,3.526484180590118e-06,0.0001763242090295059
text+audio_text_ln_lrh0.001_e5_s42,2630,5,0.69921,26.8287,3.519374333451831e-06,0.00017596871667259153
text+audio_text_ln_lrh0.001_e5_s42,2631,5,0.33062,14.7015,3.512264486313545e-06,0.00017561322431567723
text+audio_text_ln_lrh0.001_e5_s42,2632,5,1.00017,40.1848,3.5051546391752577e-06,0.00017525773195876287
text+audio_text_ln_lrh0.001_e5_s42,2633,5,0.51767,26.7732,3.4980447920369714e-06,0.00017490223960184856
text+audio_text_ln_lrh0.001_e5_s42,2634,5,0.20903,14.136,3.490934944898685e-06,0.00017454674724493426
text+audio_text_ln_lrh0.001_e5_s42,2635,5,0.62181,21.382,3.4838250977603983e-06,0.0001741912548880199
text+audio_text_ln_lrh0.001_e5_s42,2636,5,0.21511,13.6115,3.476715250622112e-06,0.0001738357625311056
text+audio_text_ln_lrh0.001_e5_s42,2637,5,0.3589,23.8701,3.4696054034838256e-06,0.00017348027017419126
text+audio_text_ln_lrh0.001_e5_s42,2638,5,0.87813,29.0215,3.462495556345539e-06,0.00017312477781727693
text+audio_text_ln_lrh0.001_e5_s42,2639,5,0.21573,17.007,3.455385709207252e-06,0.0001727692854603626
text+audio_text_ln_lrh0.001_e5_s42,2640,5,0.67756,43.6253,3.448275862068966e-06,0.0001724137931034483
text+audio_text_ln_lrh0.001_e5_s42,2641,5,0.29056,18.3545,3.441166014930679e-06,0.00017205830074653396
text+audio_text_ln_lrh0.001_e5_s42,2642,5,0.31381,16.1577,3.4340561677923928e-06,0.00017170280838961963
text+audio_text_ln_lrh0.001_e5_s42,2643,5,0.17731,13.3778,3.4269463206541064e-06,0.00017134731603270532
text+audio_text_ln_lrh0.001_e5_s42,2644,5,0.37201,20.6547,3.4198364735158197e-06,0.00017099182367579096
text+audio_text_ln_lrh0.001_e5_s42,2645,5,0.31201,19.1709,3.4127266263775334e-06,0.00017063633131887666
text+audio_text_ln_lrh0.001_e5_s42,2646,5,0.85937,44.4682,3.405616779239246e-06,0.0001702808389619623
text+audio_text_ln_lrh0.001_e5_s42,2647,5,0.30046,25.0399,3.39850693210096e-06,0.000169925346605048
text+audio_text_ln_lrh0.001_e5_s42,2648,5,0.23139,26.3767,3.3913970849626735e-06,0.00016956985424813369
text+audio_text_ln_lrh0.001_e5_s42,2649,5,0.22455,24.4938,3.384287237824387e-06,0.00016921436189121933
text+audio_text_ln_lrh0.001_e5_s42,2650,5,0.68982,18.7884,3.3771773906861005e-06,0.00016885886953430502
text+audio_text_ln_lrh0.001_e5_s42,2651,5,1.08703,51.8582,3.370067543547814e-06,0.0001685033771773907
text+audio_text_ln_lrh0.001_e5_s42,2652,5,0.44645,22.9889,3.3629576964095274e-06,0.00016814788482047636
text+audio_text_ln_lrh0.001_e5_s42,2653,5,0.24715,13.9547,3.355847849271241e-06,0.00016779239246356205
text+audio_text_ln_lrh0.001_e5_s42,2654,5,0.41155,19.6848,3.3487380021329548e-06,0.00016743690010664772
text+audio_text_ln_lrh0.001_e5_s42,2655,5,0.49851,28.407,3.3416281549946676e-06,0.0001670814077497334
text+audio_text_ln_lrh0.001_e5_s42,2656,5,0.48468,28.2224,3.3345183078563813e-06,0.00016672591539281905
text+audio_text_ln_lrh0.001_e5_s42,2657,5,0.68584,27.0535,3.327408460718095e-06,0.00016637042303590475
text+audio_text_ln_lrh0.001_e5_s42,2658,5,0.92282,41.9733,3.320298613579808e-06,0.0001660149306789904
text+audio_text_ln_lrh0.001_e5_s42,2659,5,0.68359,28.7668,3.313188766441522e-06,0.00016565943832207608
text+audio_text_ln_lrh0.001_e5_s42,2660,5,0.1253,8.9566,3.306078919303235e-06,0.00016530394596516175
text+audio_text_ln_lrh0.001_e5_s42,2661,5,0.4155,32.0873,3.298969072164949e-06,0.00016494845360824742
text+audio_text_ln_lrh0.001_e5_s42,2662,5,0.48352,28.9184,3.2918592250266625e-06,0.00016459296125133311
text+audio_text_ln_lrh0.001_e5_s42,2663,5,0.92413,42.9654,3.2847493778883753e-06,0.00016423746889441876
text+audio_text_ln_lrh0.001_e5_s42,2664,5,0.44806,28.6014,3.277639530750089e-06,0.00016388197653750445
text+audio_text_ln_lrh0.001_e5_s42,2665,5,0.1819,14.3184,3.2705296836118026e-06,0.00016352648418059012
text+audio_text_ln_lrh0.001_e5_s42,2666,5,0.84342,25.1797,3.263419836473516e-06,0.00016317099182367579
text+audio_text_ln_lrh0.001_e5_s42,2667,5,0.27548,22.7584,3.2563099893352296e-06,0.00016281549946676148
text+audio_text_ln_lrh0.001_e5_s42,2668,5,0.78079,35.9918,3.2492001421969433e-06,0.00016246000710984715
text+audio_text_ln_lrh0.001_e5_s42,2669,5,0.63392,38.0177,3.2420902950586565e-06,0.00016210451475293282
text+audio_text_ln_lrh0.001_e5_s42,2670,5,0.57912,23.3747,3.23498044792037e-06,0.00016174902239601848
text+audio_text_ln_lrh0.001_e5_s42,2671,5,0.25974,27.2523,3.227870600782084e-06,0.00016139353003910418
text+audio_text_ln_lrh0.001_e5_s42,2672,5,0.59071,24.927,3.2207607536437967e-06,0.00016103803768218982
text+audio_text_ln_lrh0.001_e5_s42,2673,5,0.16569,22.4534,3.2136509065055104e-06,0.00016068254532527551
text+audio_text_ln_lrh0.001_e5_s42,2674,5,0.62835,31.524,3.2065410593672236e-06,0.00016032705296836118
text+audio_text_ln_lrh0.001_e5_s42,2675,5,0.52996,35.7171,3.1994312122289373e-06,0.00015997156061144685
text+audio_text_ln_lrh0.001_e5_s42,2676,5,0.50104,16.2945,3.192321365090651e-06,0.00015961606825453254
text+audio_text_ln_lrh0.001_e5_s42,2677,5,0.2643,13.8574,3.1852115179523642e-06,0.00015926057589761818
text+audio_text_ln_lrh0.001_e5_s42,2678,5,0.55897,21.2309,3.178101670814078e-06,0.00015890508354070388
text+audio_text_ln_lrh0.001_e5_s42,2679,5,1.27283,59.5675,3.1709918236757916e-06,0.00015854959118378955
text+audio_text_ln_lrh0.001_e5_s42,2680,5,0.63081,37.9938,3.1638819765375044e-06,0.00015819409882687521
text+audio_text_ln_lrh0.001_e5_s42,2681,5,0.30912,19.1429,3.156772129399218e-06,0.0001578386064699609
text+audio_text_ln_lrh0.001_e5_s42,2682,5,0.39076,23.8268,3.1496622822609317e-06,0.00015748311411304658
text+audio_text_ln_lrh0.001_e5_s42,2683,5,0.28296,21.0173,3.142552435122645e-06,0.00015712762175613225
text+audio_text_ln_lrh0.001_e5_s42,2684,5,0.5349,33.593,3.1354425879843587e-06,0.0001567721293992179
text+audio_text_ln_lrh0.001_e5_s42,2685,5,0.32435,22.9117,3.1283327408460724e-06,0.0001564166370423036
text+audio_text_ln_lrh0.001_e5_s42,2686,5,0.2759,36.7508,3.1212228937077856e-06,0.00015606114468538925
text+audio_text_ln_lrh0.001_e5_s42,2687,5,0.39353,21.521,3.1141130465694993e-06,0.00015570565232847494
text+audio_text_ln_lrh0.001_e5_s42,2688,5,0.41462,18.3704,3.107003199431213e-06,0.00015535015997156064
text+audio_text_ln_lrh0.001_e5_s42,2689,5,0.43239,29.7233,3.0998933522929258e-06,0.00015499466761464628
text+audio_text_ln_lrh0.001_e5_s42,2690,5,0.36245,17.6284,3.0927835051546395e-06,0.00015463917525773197
text+audio_text_ln_lrh0.001_e5_s42,2691,5,0.81836,41.9264,3.0856736580163527e-06,0.00015428368290081761
text+audio_text_ln_lrh0.001_e5_s42,2692,5,0.40133,16.7425,3.0785638108780664e-06,0.0001539281905439033
text+audio_text_ln_lrh0.001_e5_s42,2693,5,0.19702,17.736,3.07145396373978e-06,0.000153572698186989
text+audio_text_ln_lrh0.001_e5_s42,2694,5,1.34487,33.8815,3.0643441166014933e-06,0.00015321720583007464
text+audio_text_ln_lrh0.001_e5_s42,2695,5,0.62204,37.8288,3.0572342694632066e-06,0.00015286171347316034
text+audio_text_ln_lrh0.001_e5_s42,2696,5,0.33699,40.1915,3.0501244223249202e-06,0.000152506221116246
text+audio_text_ln_lrh0.001_e5_s42,2697,5,0.71772,36.4511,3.0430145751866335e-06,0.00015215072875933167
text+audio_text_ln_lrh0.001_e5_s42,2698,5,0.63787,34.9629,3.035904728048347e-06,0.00015179523640241734
text+audio_text_ln_lrh0.001_e5_s42,2699,5,0.49464,42.0671,3.028794880910061e-06,0.00015143974404550304
text+audio_text_ln_lrh0.001_e5_s42,2700,5,0.6599,31.5313,3.021685033771774e-06,0.0001510842516885887
text+audio_text_ln_lrh0.001_e5_s42,2701,5,0.34412,28.4987,3.0145751866334878e-06,0.00015072875933167437
text+audio_text_ln_lrh0.001_e5_s42,2702,5,1.4458,42.2781,3.0074653394952015e-06,0.00015037326697476007
text+audio_text_ln_lrh0.001_e5_s42,2703,5,0.74801,47.176,3.0003554923569143e-06,0.0001500177746178457
text+audio_text_ln_lrh0.001_e5_s42,2704,5,0.31549,23.4029,2.993245645218628e-06,0.0001496622822609314
text+audio_text_ln_lrh0.001_e5_s42,2705,5,1.08538,44.2156,2.9861357980803412e-06,0.00014930678990401704
text+audio_text_ln_lrh0.001_e5_s42,2706,5,0.53567,36.8791,2.979025950942055e-06,0.00014895129754710274
text+audio_text_ln_lrh0.001_e5_s42,2707,5,0.92608,32.4719,2.9719161038037686e-06,0.00014859580519018843
text+audio_text_ln_lrh0.001_e5_s42,2708,5,0.62116,32.8396,2.964806256665482e-06,0.00014824031283327407
text+audio_text_ln_lrh0.001_e5_s42,2709,5,0.29668,33.7108,2.9576964095271955e-06,0.00014788482047635977
text+audio_text_ln_lrh0.001_e5_s42,2710,5,0.13915,18.9872,2.950586562388909e-06,0.00014752932811944544
text+audio_text_ln_lrh0.001_e5_s42,2711,5,0.62155,19.1779,2.943476715250622e-06,0.0001471738357625311
text+audio_text_ln_lrh0.001_e5_s42,2712,5,0.45294,30.8378,2.9363668681123357e-06,0.00014681834340561677
text+audio_text_ln_lrh0.001_e5_s42,2713,5,0.19597,13.0729,2.9292570209740494e-06,0.00014646285104870247
text+audio_text_ln_lrh0.001_e5_s42,2714,5,0.45905,20.2319,2.9221471738357626e-06,0.00014610735869178813
text+audio_text_ln_lrh0.001_e5_s42,2715,5,0.6517,21.1164,2.9150373266974763e-06,0.0001457518663348738
text+audio_text_ln_lrh0.001_e5_s42,2716,5,0.48156,22.5753,2.90792747955919e-06,0.0001453963739779595
text+audio_text_ln_lrh0.001_e5_s42,2717,5,0.43625,34.1501,2.900817632420903e-06,0.00014504088162104514
text+audio_text_ln_lrh0.001_e5_s42,2718,5,0.40676,15.357,2.893707785282617e-06,0.00014468538926413083
text+audio_text_ln_lrh0.001_e5_s42,2719,5,0.27277,19.4652,2.8865979381443297e-06,0.00014432989690721647
text+audio_text_ln_lrh0.001_e5_s42,2720,5,0.2925,30.3975,2.8794880910060434e-06,0.00014397440455030217
text+audio_text_ln_lrh0.001_e5_s42,2721,5,0.28008,18.4024,2.872378243867757e-06,0.00014361891219338786
text+audio_text_ln_lrh0.001_e5_s42,2722,5,0.46711,35.532,2.8652683967294703e-06,0.0001432634198364735
text+audio_text_ln_lrh0.001_e5_s42,2723,5,0.60643,25.6436,2.858158549591184e-06,0.0001429079274795592
text+audio_text_ln_lrh0.001_e5_s42,2724,5,0.61914,32.5229,2.8510487024528977e-06,0.00014255243512264486
text+audio_text_ln_lrh0.001_e5_s42,2725,5,0.8223,33.0364,2.843938855314611e-06,0.00014219694276573053
text+audio_text_ln_lrh0.001_e5_s42,2726,5,0.2894,20.9367,2.8368290081763246e-06,0.00014184145040881623
text+audio_text_ln_lrh0.001_e5_s42,2727,5,0.32486,13.9521,2.8297191610380383e-06,0.0001414859580519019
text+audio_text_ln_lrh0.001_e5_s42,2728,5,0.30476,20.2537,2.822609313899751e-06,0.00014113046569498756
text+audio_text_ln_lrh0.001_e5_s42,2729,5,0.73558,38.5726,2.8154994667614648e-06,0.00014077497333807323
text+audio_text_ln_lrh0.001_e5_s42,2730,5,0.3754,18.6989,2.8083896196231785e-06,0.00014041948098115893
text+audio_text_ln_lrh0.001_e5_s42,2731,5,0.51255,20.3732,2.8012797724848917e-06,0.00014006398862424457
text+audio_text_ln_lrh0.001_e5_s42,2732,5,0.40695,32.5963,2.7941699253466054e-06,0.00013970849626733026
text+audio_text_ln_lrh0.001_e5_s42,2733,5,0.37047,35.0753,2.7870600782083186e-06,0.00013935300391041593
text+audio_text_ln_lrh0.001_e5_s42,2734,5,0.31788,21.1555,2.7799502310700323e-06,0.0001389975115535016
text+audio_text_ln_lrh0.001_e5_s42,2735,5,0.10277,17.2088,2.772840383931746e-06,0.0001386420191965873
text+audio_text_ln_lrh0.001_e5_s42,2736,5,0.49644,28.0866,2.765730536793459e-06,0.00013828652683967293
text+audio_text_ln_lrh0.001_e5_s42,2737,5,0.51758,37.7143,2.7586206896551725e-06,0.00013793103448275863
text+audio_text_ln_lrh0.001_e5_s42,2738,5,0.31299,36.265,2.751510842516886e-06,0.0001375755421258443
text+audio_text_ln_lrh0.001_e5_s42,2739,5,0.81077,68.8746,2.7444009953785994e-06,0.00013722004976892996
text+audio_text_ln_lrh0.001_e5_s42,2740,5,0.44371,18.0195,2.737291148240313e-06,0.00013686455741201566
text+audio_text_ln_lrh0.001_e5_s42,2741,5,0.55612,30.9748,2.7301813011020268e-06,0.00013650906505510132
text+audio_text_ln_lrh0.001_e5_s42,2742,5,0.5812,24.7723,2.72307145396374e-06,0.000136153572698187
text+audio_text_ln_lrh0.001_e5_s42,2743,5,0.63628,24.0182,2.7159616068254537e-06,0.00013579808034127266
text+audio_text_ln_lrh0.001_e5_s42,2744,5,0.91283,38.8902,2.7088517596871674e-06,0.00013544258798435835
text+audio_text_ln_lrh0.001_e5_s42,2745,5,0.49687,25.463,2.70174191254888e-06,0.000135087095627444
text+audio_text_ln_lrh0.001_e5_s42,2746,5,0.7054,19.2063,2.694632065410594e-06,0.0001347316032705297
text+audio_text_ln_lrh0.001_e5_s42,2747,5,0.40011,33.0144,2.6875222182723076e-06,0.00013437611091361538
text+audio_text_ln_lrh0.001_e5_s42,2748,5,0.2575,47.9333,2.680412371134021e-06,0.00013402061855670103
text+audio_text_ln_lrh0.001_e5_s42,2749,5,0.32311,31.4696,2.6733025239957345e-06,0.00013366512619978672
text+audio_text_ln_lrh0.001_e5_s42,2750,5,0.24888,24.2552,2.6661926768574477e-06,0.00013330963384287236
text+audio_text_ln_lrh0.001_e5_s42,2751,5,0.34552,17.8832,2.6590828297191614e-06,0.00013295414148595806
text+audio_text_ln_lrh0.001_e5_s42,2752,5,0.51055,36.8155,2.6519729825808747e-06,0.00013259864912904372
text+audio_text_ln_lrh0.001_e5_s42,2753,5,0.36905,17.3534,2.644863135442588e-06,0.0001322431567721294
text+audio_text_ln_lrh0.001_e5_s42,2754,5,0.33669,24.0541,2.6377532883043016e-06,0.00013188766441521509
text+audio_text_ln_lrh0.001_e5_s42,2755,5,0.87842,43.8741,2.6306434411660153e-06,0.00013153217205830075
text+audio_text_ln_lrh0.001_e5_s42,2756,5,0.44017,23.5154,2.6235335940277285e-06,0.00013117667970138642
text+audio_text_ln_lrh0.001_e5_s42,2757,5,0.56579,33.6144,2.616423746889442e-06,0.0001308211873444721
text+audio_text_ln_lrh0.001_e5_s42,2758,5,0.09801,8.7049,2.609313899751156e-06,0.00013046569498755778
text+audio_text_ln_lrh0.001_e5_s42,2759,5,0.46193,42.6252,2.6022040526128687e-06,0.00013011020263064342
text+audio_text_ln_lrh0.001_e5_s42,2760,5,0.2713,21.0191,2.5950942054745824e-06,0.00012975471027372912
text+audio_text_ln_lrh0.001_e5_s42,2761,5,0.33284,26.1937,2.587984358336296e-06,0.00012939921791681481
text+audio_text_ln_lrh0.001_e5_s42,2762,5,0.57318,38.5741,2.5808745111980093e-06,0.00012904372555990045
text+audio_text_ln_lrh0.001_e5_s42,2763,5,0.66436,38.9477,2.573764664059723e-06,0.00012868823320298615
text+audio_text_ln_lrh0.001_e5_s42,2764,5,0.35843,22.4565,2.5666548169214362e-06,0.0001283327408460718
text+audio_text_ln_lrh0.001_e5_s42,2765,5,0.51424,34.1049,2.55954496978315e-06,0.00012797724848915748
text+audio_text_ln_lrh0.001_e5_s42,2766,5,0.4426,27.1037,2.5524351226448636e-06,0.00012762175613224318
text+audio_text_ln_lrh0.001_e5_s42,2767,5,0.34267,20.0841,2.5453252755065764e-06,0.00012726626377532882
text+audio_text_ln_lrh0.001_e5_s42,2768,5,0.73597,27.5952,2.53821542836829e-06,0.00012691077141841451
text+audio_text_ln_lrh0.001_e5_s42,2769,5,0.759,27.8781,2.5311055812300038e-06,0.00012655527906150018
text+audio_text_ln_lrh0.001_e5_s42,2770,5,1.02752,42.6353,2.523995734091717e-06,0.00012619978670458585
text+audio_text_ln_lrh0.001_e5_s42,2771,5,0.38568,28.74,2.5168858869534307e-06,0.00012584429434767152
text+audio_text_ln_lrh0.001_e5_s42,2772,5,0.76467,28.5259,2.5097760398151444e-06,0.0001254888019907572
text+audio_text_ln_lrh0.001_e5_s42,2773,5,0.48705,28.1309,2.5026661926768576e-06,0.00012513330963384288
text+audio_text_ln_lrh0.001_e5_s42,2774,5,0.23117,16.2716,2.4955563455385713e-06,0.00012477781727692855
text+audio_text_ln_lrh0.001_e5_s42,2775,5,0.56288,36.564,2.4884464984002846e-06,0.00012442232492001422
text+audio_text_ln_lrh0.001_e5_s42,2776,5,0.20021,24.362,2.481336651261998e-06,0.00012406683256309988
text+audio_text_ln_lrh0.001_e5_s42,2777,5,0.24816,22.2257,2.4742268041237115e-06,0.00012371134020618558
text+audio_text_ln_lrh0.001_e5_s42,2778,5,0.17654,29.177,2.467116956985425e-06,0.00012335584784927125
text+audio_text_ln_lrh0.001_e5_s42,2779,5,0.82115,42.4201,2.4600071098471384e-06,0.00012300035549235691
text+audio_text_ln_lrh0.001_e5_s42,2780,5,0.42768,25.8625,2.452897262708852e-06,0.0001226448631354426
text+audio_text_ln_lrh0.001_e5_s42,2781,5,0.54668,26.1105,2.4457874155705653e-06,0.00012228937077852828
text+audio_text_ln_lrh0.001_e5_s42,2782,5,0.44665,15.0166,2.438677568432279e-06,0.00012193387842161393
text+audio_text_ln_lrh0.001_e5_s42,2783,5,0.49418,26.5541,2.4315677212939923e-06,0.00012157838606469961
text+audio_text_ln_lrh0.001_e5_s42,2784,5,0.30187,21.309,2.424457874155706e-06,0.00012122289370778529
text+audio_text_ln_lrh0.001_e5_s42,2785,5,0.48278,38.439,2.417348027017419e-06,0.00012086740135087096
text+audio_text_ln_lrh0.001_e5_s42,2786,5,0.46113,35.8718,2.410238179879133e-06,0.00012051190899395663
text+audio_text_ln_lrh0.001_e5_s42,2787,5,0.2105,17.1751,2.4031283327408466e-06,0.00012015641663704231
text+audio_text_ln_lrh0.001_e5_s42,2788,5,0.31454,51.4393,2.39601848560256e-06,0.00011980092428012798
text+audio_text_ln_lrh0.001_e5_s42,2789,5,0.57819,24.2464,2.388908638464273e-06,0.00011944543192321365
text+audio_text_ln_lrh0.001_e5_s42,2790,5,0.63876,51.7703,2.3817987913259867e-06,0.00011908993956629933
text+audio_text_ln_lrh0.001_e5_s42,2791,5,0.93411,32.7601,2.3746889441877004e-06,0.00011873444720938501
text+audio_text_ln_lrh0.001_e5_s42,2792,5,0.40827,20.7671,2.3675790970494137e-06,0.00011837895485247068
text+audio_text_ln_lrh0.001_e5_s42,2793,5,0.517,40.8127,2.360469249911127e-06,0.00011802346249555634
text+audio_text_ln_lrh0.001_e5_s42,2794,5,0.56647,27.0052,2.3533594027728406e-06,0.00011766797013864202
text+audio_text_ln_lrh0.001_e5_s42,2795,5,0.49907,28.5184,2.3462495556345543e-06,0.00011731247778172769
text+audio_text_ln_lrh0.001_e5_s42,2796,5,0.63129,21.3763,2.3391397084962675e-06,0.00011695698542481337
text+audio_text_ln_lrh0.001_e5_s42,2797,5,0.50794,33.6879,2.3320298613579808e-06,0.00011660149306789904
text+audio_text_ln_lrh0.001_e5_s42,2798,5,0.65649,27.166,2.3249200142196944e-06,0.00011624600071098472
text+audio_text_ln_lrh0.001_e5_s42,2799,5,0.80101,26.201,2.317810167081408e-06,0.00011589050835407039
text+audio_text_ln_lrh0.001_e5_s42,2800,5,0.47579,36.7854,2.3107003199431214e-06,0.00011553501599715606
text+audio_text_ln_lrh0.001_e5_s42,2801,5,0.9051,28.2916,2.303590472804835e-06,0.00011517952364024174
text+audio_text_ln_lrh0.001_e5_s42,2802,5,0.69744,37.5453,2.2964806256665483e-06,0.0001148240312833274
text+audio_text_ln_lrh0.001_e5_s42,2803,5,0.37743,31.3774,2.289370778528262e-06,0.00011446853892641309
text+audio_text_ln_lrh0.001_e5_s42,2804,5,0.82644,31.2522,2.2822609313899752e-06,0.00011411304656949876
text+audio_text_ln_lrh0.001_e5_s42,2805,5,0.85381,47.2307,2.275151084251689e-06,0.00011375755421258444
text+audio_text_ln_lrh0.001_e5_s42,2806,5,1.0972,43.7413,2.268041237113402e-06,0.0001134020618556701
text+audio_text_ln_lrh0.001_e5_s42,2807,5,0.56024,16.7573,2.260931389975116e-06,0.00011304656949875577
text+audio_text_ln_lrh0.001_e5_s42,2808,5,0.53653,25.1546,2.2538215428368295e-06,0.00011269107714184145
text+audio_text_ln_lrh0.001_e5_s42,2809,5,0.32005,19.297,2.2467116956985428e-06,0.00011233558478492712
text+audio_text_ln_lrh0.001_e5_s42,2810,5,0.97754,30.4275,2.239601848560256e-06,0.0001119800924280128
text+audio_text_ln_lrh0.001_e5_s42,2811,5,0.31178,22.4628,2.2324920014219693e-06,0.00011162460007109847
text+audio_text_ln_lrh0.001_e5_s42,2812,5,0.45844,14.1626,2.225382154283683e-06,0.00011126910771418415
text+audio_text_ln_lrh0.001_e5_s42,2813,5,0.55162,28.1458,2.2182723071453966e-06,0.00011091361535726982
text+audio_text_ln_lrh0.001_e5_s42,2814,5,0.6228,33.6221,2.21116246000711e-06,0.00011055812300035549
text+audio_text_ln_lrh0.001_e5_s42,2815,5,0.72696,33.4092,2.2040526128688235e-06,0.00011020263064344117
text+audio_text_ln_lrh0.001_e5_s42,2816,5,0.38535,24.3319,2.196942765730537e-06,0.00010984713828652685
text+audio_text_ln_lrh0.001_e5_s42,2817,5,0.34135,30.3656,2.1898329185922505e-06,0.00010949164592961252
text+audio_text_ln_lrh0.001_e5_s42,2818,5,0.34597,23.1156,2.1827230714539637e-06,0.00010913615357269818
text+audio_text_ln_lrh0.001_e5_s42,2819,5,0.11227,12.3733,2.1756132243156774e-06,0.00010878066121578387
text+audio_text_ln_lrh0.001_e5_s42,2820,5,0.62062,20.3868,2.1685033771773907e-06,0.00010842516885886953
text+audio_text_ln_lrh0.001_e5_s42,2821,5,0.41987,27.9612,2.1613935300391043e-06,0.0001080696765019552
text+audio_text_ln_lrh0.001_e5_s42,2822,5,0.80821,24.6611,2.154283682900818e-06,0.00010771418414504088
text+audio_text_ln_lrh0.001_e5_s42,2823,5,0.34453,26.6307,2.1471738357625313e-06,0.00010735869178812656
text+audio_text_ln_lrh0.001_e5_s42,2824,5,0.41646,27.525,2.1400639886242445e-06,0.00010700319943121223
text+audio_text_ln_lrh0.001_e5_s42,2825,5,0.48482,32.7651,2.132954141485958e-06,0.00010664770707429791
text+audio_text_ln_lrh0.001_e5_s42,2826,5,0.5763,23.5075,2.125844294347672e-06,0.00010629221471738358
text+audio_text_ln_lrh0.001_e5_s42,2827,5,0.52155,23.3351,2.118734447209385e-06,0.00010593672236046925
text+audio_text_ln_lrh0.001_e5_s42,2828,5,0.1753,14.7791,2.1116246000710984e-06,0.00010558123000355492
text+audio_text_ln_lrh0.001_e5_s42,2829,5,0.26949,18.9877,2.104514752932812e-06,0.0001052257376466406
text+audio_text_ln_lrh0.001_e5_s42,2830,5,0.61005,31.7956,2.0974049057945257e-06,0.00010487024528972628
text+audio_text_ln_lrh0.001_e5_s42,2831,5,0.58623,37.3253,2.090295058656239e-06,0.00010451475293281195
text+audio_text_ln_lrh0.001_e5_s42,2832,5,0.83004,48.7428,2.0831852115179527e-06,0.00010415926057589763
text+audio_text_ln_lrh0.001_e5_s42,2833,5,0.42703,32.6434,2.076075364379666e-06,0.0001038037682189833
text+audio_text_ln_lrh0.001_e5_s42,2834,5,0.2042,19.8613,2.0689655172413796e-06,0.00010344827586206896
text+audio_text_ln_lrh0.001_e5_s42,2835,5,0.22132,17.0642,2.061855670103093e-06,0.00010309278350515463
text+audio_text_ln_lrh0.001_e5_s42,2836,5,0.24631,19.9345,2.0547458229648065e-06,0.00010273729114824033
text+audio_text_ln_lrh0.001_e5_s42,2837,5,0.72002,26.4169,2.0476359758265198e-06,0.00010238179879132599
text+audio_text_ln_lrh0.001_e5_s42,2838,5,0.43791,26.5375,2.0405261286882334e-06,0.00010202630643441166
text+audio_text_ln_lrh0.001_e5_s42,2839,5,0.42987,26.9109,2.033416281549947e-06,0.00010167081407749734
text+audio_text_ln_lrh0.001_e5_s42,2840,5,0.39038,24.7009,2.0263064344116604e-06,0.00010131532172058301
text+audio_text_ln_lrh0.001_e5_s42,2841,5,0.22371,23.8728,2.0191965872733736e-06,0.00010095982936366868
text+audio_text_ln_lrh0.001_e5_s42,2842,5,0.17857,16.2053,2.0120867401350873e-06,0.00010060433700675435
text+audio_text_ln_lrh0.001_e5_s42,2843,5,0.39176,25.2274,2.004976892996801e-06,0.00010024884464984004
text+audio_text_ln_lrh0.001_e5_s42,2844,5,0.4438,23.4458,1.9978670458585142e-06,9.989335229292571e-05
text+audio_text_ln_lrh0.001_e5_s42,2845,5,0.741,30.0171,1.9907571987202275e-06,9.953785993601138e-05
text+audio_text_ln_lrh0.001_e5_s42,2846,5,0.21068,28.1109,1.983647351581941e-06,9.918236757909706e-05
text+audio_text_ln_lrh0.001_e5_s42,2847,5,0.34933,21.7653,1.976537504443655e-06,9.882687522218272e-05
text+audio_text_ln_lrh0.001_e5_s42,2848,5,0.2591,12.1447,1.969427657305368e-06,9.847138286526839e-05
text+audio_text_ln_lrh0.001_e5_s42,2849,5,0.3584,19.548,1.9623178101670813e-06,9.811589050835406e-05
text+audio_text_ln_lrh0.001_e5_s42,2850,5,0.56845,40.0829,1.955207963028795e-06,9.776039815143975e-05
text+audio_text_ln_lrh0.001_e5_s42,2851,5,0.56971,25.6647,1.9480981158905087e-06,9.740490579452542e-05
text+audio_text_ln_lrh0.001_e5_s42,2852,5,0.92189,39.1698,1.940988268752222e-06,9.704941343761109e-05
text+audio_text_ln_lrh0.001_e5_s42,2853,5,0.57541,18.6274,1.9338784216139356e-06,9.669392108069677e-05
text+audio_text_ln_lrh0.001_e5_s42,2854,5,0.44543,31.4858,1.926768574475649e-06,9.633842872378244e-05
text+audio_text_ln_lrh0.001_e5_s42,2855,5,0.48179,17.4595,1.9196587273373625e-06,9.598293636686811e-05
text+audio_text_ln_lrh0.001_e5_s42,2856,5,0.9344,51.1886,1.912548880199076e-06,9.562744400995379e-05
text+audio_text_ln_lrh0.001_e5_s42,2857,5,0.46661,31.8111,1.9054390330607895e-06,9.527195165303947e-05
text+audio_text_ln_lrh0.001_e5_s42,2858,5,0.64274,27.3194,1.8983291859225027e-06,9.491645929612514e-05
text+audio_text_ln_lrh0.001_e5_s42,2859,5,0.70469,19.7171,1.8912193387842162e-06,9.45609669392108e-05
text+audio_text_ln_lrh0.001_e5_s42,2860,5,0.79593,34.1233,1.8841094916459299e-06,9.420547458229649e-05
text+audio_text_ln_lrh0.001_e5_s42,2861,5,0.6902,23.6403,1.8769996445076433e-06,9.384998222538215e-05
text+audio_text_ln_lrh0.001_e5_s42,2862,5,0.42397,28.9893,1.8698897973693566e-06,9.349448986846782e-05
text+audio_text_ln_lrh0.001_e5_s42,2863,5,0.889,39.721,1.86277995023107e-06,9.31389975115535e-05
text+audio_text_ln_lrh0.001_e5_s42,2864,5,0.56248,27.0955,1.8556701030927837e-06,9.278350515463918e-05
text+audio_text_ln_lrh0.001_e5_s42,2865,5,0.59211,51.6521,1.8485602559544972e-06,9.242801279772485e-05
text+audio_text_ln_lrh0.001_e5_s42,2866,5,0.26644,20.6386,1.8414504088162104e-06,9.207252044081052e-05
text+audio_text_ln_lrh0.001_e5_s42,2867,5,0.20429,16.9076,1.8343405616779241e-06,9.17170280838962e-05
text+audio_text_ln_lrh0.001_e5_s42,2868,5,0.91723,32.299,1.8272307145396376e-06,9.136153572698187e-05
text+audio_text_ln_lrh0.001_e5_s42,2869,5,0.43021,19.6946,1.820120867401351e-06,9.100604337006754e-05
text+audio_text_ln_lrh0.001_e5_s42,2870,5,0.28652,21.5289,1.8130110202630643e-06,9.065055101315322e-05
text+audio_text_ln_lrh0.001_e5_s42,2871,5,0.43229,28.1969,1.805901173124778e-06,9.02950586562389e-05
text+audio_text_ln_lrh0.001_e5_s42,2872,5,0.70851,162.7375,1.7987913259864914e-06,8.993956629932457e-05
text+audio_text_ln_lrh0.001_e5_s42,2873,5,0.37237,22.8,1.791681478848205e-06,8.958407394241023e-05
text+audio_text_ln_lrh0.001_e5_s42,2874,5,0.34707,35.4643,1.7845716317099186e-06,8.922858158549592e-05
text+audio_text_ln_lrh0.001_e5_s42,2875,5,0.32592,21.2021,1.7774617845716318e-06,8.887308922858158e-05
text+audio_text_ln_lrh0.001_e5_s42,2876,5,0.39799,19.1598,1.7703519374333453e-06,8.851759687166726e-05
text+audio_text_ln_lrh0.001_e5_s42,2877,5,0.71536,42.6484,1.763242090295059e-06,8.816210451475295e-05
text+audio_text_ln_lrh0.001_e5_s42,2878,5,0.27687,53.1864,1.7561322431567724e-06,8.780661215783861e-05
text+audio_text_ln_lrh0.001_e5_s42,2879,5,0.55683,25.6623,1.7490223960184857e-06,8.745111980092428e-05
text+audio_text_ln_lrh0.001_e5_s42,2880,5,0.98228,39.3913,1.7419125488801991e-06,8.709562744400995e-05
text+audio_text_ln_lrh0.001_e5_s42,2881,5,0.57809,36.5025,1.7348027017419128e-06,8.674013508709563e-05
text+audio_text_ln_lrh0.001_e5_s42,2882,5,0.21465,18.6285,1.727692854603626e-06,8.63846427301813e-05
text+audio_text_ln_lrh0.001_e5_s42,2883,5,0.30156,20.1745,1.7205830074653395e-06,8.602915037326698e-05
text+audio_text_ln_lrh0.001_e5_s42,2884,5,0.79214,44.5325,1.7134731603270532e-06,8.567365801635266e-05
text+audio_text_ln_lrh0.001_e5_s42,2885,5,0.23103,20.8036,1.7063633131887667e-06,8.531816565943833e-05
text+audio_text_ln_lrh0.001_e5_s42,2886,5,0.31975,24.4069,1.69925346605048e-06,8.4962673302524e-05
text+audio_text_ln_lrh0.001_e5_s42,2887,5,0.13586,12.0726,1.6921436189121934e-06,8.460718094560966e-05
text+audio_text_ln_lrh0.001_e5_s42,2888,5,0.39174,32.1877,1.685033771773907e-06,8.425168858869534e-05
text+audio_text_ln_lrh0.001_e5_s42,2889,5,0.80911,29.2455,1.6779239246356205e-06,8.389619623178103e-05
text+audio_text_ln_lrh0.001_e5_s42,2890,5,0.34682,24.5397,1.6708140774973338e-06,8.35407038748667e-05
text+audio_text_ln_lrh0.001_e5_s42,2891,5,0.94012,36.7619,1.6637042303590475e-06,8.318521151795237e-05
text+audio_text_ln_lrh0.001_e5_s42,2892,5,0.29712,26.4514,1.656594383220761e-06,8.282971916103804e-05
text+audio_text_ln_lrh0.001_e5_s42,2893,5,1.00001,44.7841,1.6494845360824744e-06,8.247422680412371e-05
text+audio_text_ln_lrh0.001_e5_s42,2894,5,0.76911,26.8373,1.6423746889441876e-06,8.211873444720938e-05
text+audio_text_ln_lrh0.001_e5_s42,2895,5,1.10798,34.3771,1.6352648418059013e-06,8.176324209029506e-05
text+audio_text_ln_lrh0.001_e5_s42,2896,5,0.648,22.4242,1.6281549946676148e-06,8.140774973338074e-05
text+audio_text_ln_lrh0.001_e5_s42,2897,5,0.11333,26.3673,1.6210451475293283e-06,8.105225737646641e-05
text+audio_text_ln_lrh0.001_e5_s42,2898,5,0.95422,42.8596,1.613935300391042e-06,8.069676501955209e-05
text+audio_text_ln_lrh0.001_e5_s42,2899,5,0.4241,19.8414,1.6068254532527552e-06,8.034127266263776e-05
text+audio_text_ln_lrh0.001_e5_s42,2900,5,0.33117,22.9413,1.5997156061144686e-06,7.998578030572342e-05
text+audio_text_ln_lrh0.001_e5_s42,2901,5,0.52923,32.8062,1.5926057589761821e-06,7.963028794880909e-05
text+audio_text_ln_lrh0.001_e5_s42,2902,5,0.36666,17.7903,1.5854959118378958e-06,7.927479559189477e-05
text+audio_text_ln_lrh0.001_e5_s42,2903,5,0.40348,26.9219,1.578386064699609e-06,7.891930323498045e-05
text+audio_text_ln_lrh0.001_e5_s42,2904,5,0.22444,12.3322,1.5712762175613225e-06,7.856381087806612e-05
text+audio_text_ln_lrh0.001_e5_s42,2905,5,0.39595,29.2737,1.5641663704230362e-06,7.82083185211518e-05
text+audio_text_ln_lrh0.001_e5_s42,2906,5,0.41009,27.8939,1.5570565232847496e-06,7.785282616423747e-05
text+audio_text_ln_lrh0.001_e5_s42,2907,5,0.85215,31.113,1.5499466761464629e-06,7.749733380732314e-05
text+audio_text_ln_lrh0.001_e5_s42,2908,5,0.63025,24.2484,1.5428368290081764e-06,7.714184145040881e-05
text+audio_text_ln_lrh0.001_e5_s42,2909,5,0.39721,21.0742,1.53572698186989e-06,7.67863490934945e-05
text+audio_text_ln_lrh0.001_e5_s42,2910,5,0.39199,19.3332,1.5286171347316033e-06,7.643085673658017e-05
text+audio_text_ln_lrh0.001_e5_s42,2911,5,0.43926,16.7481,1.5215072875933168e-06,7.607536437966584e-05
text+audio_text_ln_lrh0.001_e5_s42,2912,5,0.59594,33.8634,1.5143974404550304e-06,7.571987202275152e-05
text+audio_text_ln_lrh0.001_e5_s42,2913,5,0.21881,23.0615,1.5072875933167439e-06,7.536437966583719e-05
text+audio_text_ln_lrh0.001_e5_s42,2914,5,0.59043,30.0142,1.5001777461784571e-06,7.500888730892285e-05
text+audio_text_ln_lrh0.001_e5_s42,2915,5,0.70417,30.2907,1.4930678990401706e-06,7.465339495200852e-05
text+audio_text_ln_lrh0.001_e5_s42,2916,5,0.8157,34.0284,1.4859580519018843e-06,7.429790259509422e-05
text+audio_text_ln_lrh0.001_e5_s42,2917,5,0.13239,17.0242,1.4788482047635977e-06,7.394241023817988e-05
text+audio_text_ln_lrh0.001_e5_s42,2918,5,0.18799,18.1341,1.471738357625311e-06,7.358691788126555e-05
text+audio_text_ln_lrh0.001_e5_s42,2919,5,0.51117,28.8347,1.4646285104870247e-06,7.323142552435123e-05
text+audio_text_ln_lrh0.001_e5_s42,2920,5,0.53723,23.5387,1.4575186633487381e-06,7.28759331674369e-05
text+audio_text_ln_lrh0.001_e5_s42,2921,5,0.5721,27.4543,1.4504088162104516e-06,7.252044081052257e-05
text+audio_text_ln_lrh0.001_e5_s42,2922,5,0.54047,34.6012,1.4432989690721649e-06,7.216494845360824e-05
text+audio_text_ln_lrh0.001_e5_s42,2923,5,0.52065,21.0244,1.4361891219338785e-06,7.180945609669393e-05
text+audio_text_ln_lrh0.001_e5_s42,2924,5,1.1223,32.1595,1.429079274795592e-06,7.14539637397796e-05
text+audio_text_ln_lrh0.001_e5_s42,2925,5,0.61785,18.5508,1.4219694276573055e-06,7.109847138286527e-05
text+audio_text_ln_lrh0.001_e5_s42,2926,5,0.48709,32.4347,1.4148595805190191e-06,7.074297902595095e-05
text+audio_text_ln_lrh0.001_e5_s42,2927,5,0.27562,19.5745,1.4077497333807324e-06,7.038748666903662e-05
text+audio_text_ln_lrh0.001_e5_s42,2928,5,0.54561,30.7385,1.4006398862424459e-06,7.003199431212228e-05
text+audio_text_ln_lrh0.001_e5_s42,2929,5,1.03373,28.7936,1.3935300391041593e-06,6.967650195520796e-05
text+audio_text_ln_lrh0.001_e5_s42,2930,5,0.34948,33.7146,1.386420191965873e-06,6.932100959829365e-05
text+audio_text_ln_lrh0.001_e5_s42,2931,5,0.33151,23.9376,1.3793103448275862e-06,6.896551724137931e-05
text+audio_text_ln_lrh0.001_e5_s42,2932,5,0.81938,23.7074,1.3722004976892997e-06,6.861002488446498e-05
text+audio_text_ln_lrh0.001_e5_s42,2933,5,0.77853,19.7491,1.3650906505510134e-06,6.825453252755066e-05
text+audio_text_ln_lrh0.001_e5_s42,2934,5,0.53715,23.9161,1.3579808034127269e-06,6.789904017063633e-05
text+audio_text_ln_lrh0.001_e5_s42,2935,5,0.22047,22.1039,1.35087095627444e-06,6.7543547813722e-05
text+audio_text_ln_lrh0.001_e5_s42,2936,5,0.44053,27.0996,1.3437611091361538e-06,6.718805545680769e-05
text+audio_text_ln_lrh0.001_e5_s42,2937,5,0.28496,14.5051,1.3366512619978672e-06,6.683256309989336e-05
text+audio_text_ln_lrh0.001_e5_s42,2938,5,0.38808,20.3538,1.3295414148595807e-06,6.647707074297903e-05
text+audio_text_ln_lrh0.001_e5_s42,2939,5,0.3815,22.2582,1.322431567721294e-06,6.61215783860647e-05
text+audio_text_ln_lrh0.001_e5_s42,2940,5,0.20511,28.3889,1.3153217205830076e-06,6.576608602915038e-05
text+audio_text_ln_lrh0.001_e5_s42,2941,5,0.62345,29.2636,1.308211873444721e-06,6.541059367223604e-05
text+audio_text_ln_lrh0.001_e5_s42,2942,5,0.63612,27.3,1.3011020263064344e-06,6.505510131532171e-05
text+audio_text_ln_lrh0.001_e5_s42,2943,5,0.12227,10.617,1.293992179168148e-06,6.469960895840741e-05
text+audio_text_ln_lrh0.001_e5_s42,2944,5,0.49272,24.2346,1.2868823320298615e-06,6.434411660149307e-05
text+audio_text_ln_lrh0.001_e5_s42,2945,5,0.461,36.3269,1.279772484891575e-06,6.398862424457874e-05
text+audio_text_ln_lrh0.001_e5_s42,2946,5,0.80463,45.3543,1.2726626377532882e-06,6.363313188766441e-05
text+audio_text_ln_lrh0.001_e5_s42,2947,5,0.52395,25.1797,1.2655527906150019e-06,6.327763953075009e-05
text+audio_text_ln_lrh0.001_e5_s42,2948,5,0.99412,79.9702,1.2584429434767154e-06,6.292214717383576e-05
text+audio_text_ln_lrh0.001_e5_s42,2949,5,0.24047,27.889,1.2513330963384288e-06,6.256665481692144e-05
text+audio_text_ln_lrh0.001_e5_s42,2950,5,0.22258,10.9637,1.2442232492001423e-06,6.221116246000711e-05
text+audio_text_ln_lrh0.001_e5_s42,2951,5,0.65256,31.0723,1.2371134020618557e-06,6.185567010309279e-05
text+audio_text_ln_lrh0.001_e5_s42,2952,5,0.40789,46.5312,1.2300035549235692e-06,6.150017774617846e-05
text+audio_text_ln_lrh0.001_e5_s42,2953,5,0.50625,33.9992,1.2228937077852827e-06,6.114468538926414e-05
text+audio_text_ln_lrh0.001_e5_s42,2954,5,0.94093,39.1936,1.2157838606469961e-06,6.0789193032349806e-05
text+audio_text_ln_lrh0.001_e5_s42,2955,5,0.51801,25.6156,1.2086740135087096e-06,6.043370067543548e-05
text+audio_text_ln_lrh0.001_e5_s42,2956,5,0.22635,20.0228,1.2015641663704233e-06,6.0078208318521155e-05
text+audio_text_ln_lrh0.001_e5_s42,2957,5,0.56009,19.538,1.1944543192321365e-06,5.972271596160682e-05
text+audio_text_ln_lrh0.001_e5_s42,2958,5,0.91132,31.3823,1.1873444720938502e-06,5.9367223604692504e-05
text+audio_text_ln_lrh0.001_e5_s42,2959,5,0.8167,35.4381,1.1802346249555635e-06,5.901173124777817e-05
text+audio_text_ln_lrh0.001_e5_s42,2960,5,0.33174,22.1971,1.1731247778172771e-06,5.8656238890863846e-05
text+audio_text_ln_lrh0.001_e5_s42,2961,5,0.38951,25.8146,1.1660149306789904e-06,5.830074653394952e-05
text+audio_text_ln_lrh0.001_e5_s42,2962,5,0.64403,35.1073,1.158905083540704e-06,5.7945254177035195e-05
text+audio_text_ln_lrh0.001_e5_s42,2963,5,0.3446,51.753,1.1517952364024175e-06,5.758976182012087e-05
text+audio_text_ln_lrh0.001_e5_s42,2964,5,0.68603,31.4478,1.144685389264131e-06,5.7234269463206544e-05
text+audio_text_ln_lrh0.001_e5_s42,2965,5,0.44673,27.4775,1.1375755421258445e-06,5.687877710629222e-05
text+audio_text_ln_lrh0.001_e5_s42,2966,5,0.6345,29.1825,1.130465694987558e-06,5.6523284749377886e-05
text+audio_text_ln_lrh0.001_e5_s42,2967,5,0.23869,16.3723,1.1233558478492714e-06,5.616779239246356e-05
text+audio_text_ln_lrh0.001_e5_s42,2968,5,0.28506,17.2692,1.1162460007109846e-06,5.5812300035549235e-05
text+audio_text_ln_lrh0.001_e5_s42,2969,5,0.59778,22.3053,1.1091361535726983e-06,5.545680767863491e-05
text+audio_text_ln_lrh0.001_e5_s42,2970,5,0.77397,29.6585,1.1020263064344118e-06,5.5101315321720584e-05
text+audio_text_ln_lrh0.001_e5_s42,2971,5,0.78862,31.0576,1.0949164592961252e-06,5.474582296480626e-05
text+audio_text_ln_lrh0.001_e5_s42,2972,5,0.38217,18.1115,1.0878066121578387e-06,5.439033060789193e-05
text+audio_text_ln_lrh0.001_e5_s42,2973,5,0.48344,25.1153,1.0806967650195522e-06,5.40348382509776e-05
text+audio_text_ln_lrh0.001_e5_s42,2974,5,0.84579,28.3962,1.0735869178812656e-06,5.367934589406328e-05
text+audio_text_ln_lrh0.001_e5_s42,2975,5,0.65108,29.6406,1.066477070742979e-06,5.3323853537148956e-05
text+audio_text_ln_lrh0.001_e5_s42,2976,5,1.02722,38.8152,1.0593672236046926e-06,5.2968361180234624e-05
text+audio_text_ln_lrh0.001_e5_s42,2977,5,0.23466,21.5983,1.052257376466406e-06,5.26128688233203e-05
text+audio_text_ln_lrh0.001_e5_s42,2978,5,0.37557,20.6302,1.0451475293281195e-06,5.225737646640597e-05
text+audio_text_ln_lrh0.001_e5_s42,2979,5,0.9665,26.8936,1.038037682189833e-06,5.190188410949165e-05
text+audio_text_ln_lrh0.001_e5_s42,2980,5,0.46264,15.2071,1.0309278350515464e-06,5.1546391752577315e-05
text+audio_text_ln_lrh0.001_e5_s42,2981,5,0.71938,33.2509,1.0238179879132599e-06,5.1190899395662997e-05
text+audio_text_ln_lrh0.001_e5_s42,2982,5,0.24959,18.1121,1.0167081407749736e-06,5.083540703874867e-05
text+audio_text_ln_lrh0.001_e5_s42,2983,5,0.62945,35.1809,1.0095982936366868e-06,5.047991468183434e-05
text+audio_text_ln_lrh0.001_e5_s42,2984,5,0.32474,19.6549,1.0024884464984005e-06,5.012442232492002e-05
text+audio_text_ln_lrh0.001_e5_s42,2985,5,0.29394,27.9939,9.953785993601137e-07,4.976892996800569e-05
text+audio_text_ln_lrh0.001_e5_s42,2986,5,0.67343,40.6466,9.882687522218274e-07,4.941343761109136e-05
text+audio_text_ln_lrh0.001_e5_s42,2987,5,0.49365,24.9238,9.811589050835407e-07,4.905794525417703e-05
text+audio_text_ln_lrh0.001_e5_s42,2988,5,0.88123,29.5782,9.740490579452543e-07,4.870245289726271e-05
text+audio_text_ln_lrh0.001_e5_s42,2989,5,0.43986,21.8306,9.669392108069678e-07,4.8346960540348386e-05
text+audio_text_ln_lrh0.001_e5_s42,2990,5,0.34864,19.3402,9.598293636686813e-07,4.7991468183434053e-05
text+audio_text_ln_lrh0.001_e5_s42,2991,5,0.47073,24.4392,9.527195165303947e-07,4.7635975826519735e-05
text+audio_text_ln_lrh0.001_e5_s42,2992,5,0.40633,16.3543,9.456096693921081e-07,4.72804834696054e-05
text+audio_text_ln_lrh0.001_e5_s42,2993,5,0.43787,21.2945,9.384998222538217e-07,4.692499111269108e-05
text+audio_text_ln_lrh0.001_e5_s42,2994,5,0.4288,17.333,9.31389975115535e-07,4.656949875577675e-05
text+audio_text_ln_lrh0.001_e5_s42,2995,5,0.5442,34.6747,9.242801279772486e-07,4.6214006398862426e-05
text+audio_text_ln_lrh0.001_e5_s42,2996,5,0.53391,33.2314,9.171702808389621e-07,4.58585140419481e-05
text+audio_text_ln_lrh0.001_e5_s42,2997,5,0.60757,26.6985,9.100604337006755e-07,4.550302168503377e-05
text+audio_text_ln_lrh0.001_e5_s42,2998,5,0.47742,37.7025,9.02950586562389e-07,4.514752932811945e-05
text+audio_text_ln_lrh0.001_e5_s42,2999,5,0.53189,14.7415,8.958407394241024e-07,4.479203697120512e-05
text+audio_text_ln_lrh0.001_e5_s42,3000,5,0.56576,21.0097,8.887308922858159e-07,4.443654461429079e-05
text+audio_text_ln_lrh0.001_e5_s42,3001,5,0.84531,61.0142,8.816210451475295e-07,4.408105225737647e-05
text+audio_text_ln_lrh0.001_e5_s42,3002,5,0.36427,20.3225,8.745111980092428e-07,4.372555990046214e-05
text+audio_text_ln_lrh0.001_e5_s42,3003,5,0.1408,10.5969,8.674013508709564e-07,4.3370067543547815e-05
text+audio_text_ln_lrh0.001_e5_s42,3004,5,0.46332,22.0476,8.602915037326698e-07,4.301457518663349e-05
text+audio_text_ln_lrh0.001_e5_s42,3005,5,0.55226,35.7495,8.531816565943833e-07,4.2659082829719164e-05
text+audio_text_ln_lrh0.001_e5_s42,3006,5,0.40431,18.982,8.460718094560967e-07,4.230359047280483e-05
text+audio_text_ln_lrh0.001_e5_s42,3007,5,0.66954,26.3623,8.389619623178103e-07,4.194809811589051e-05
text+audio_text_ln_lrh0.001_e5_s42,3008,5,0.79553,32.5062,8.318521151795237e-07,4.159260575897619e-05
text+audio_text_ln_lrh0.001_e5_s42,3009,5,0.63745,38.3254,8.247422680412372e-07,4.1237113402061855e-05
text+audio_text_ln_lrh0.001_e5_s42,3010,5,0.62035,35.4797,8.176324209029507e-07,4.088162104514753e-05
text+audio_text_ln_lrh0.001_e5_s42,3011,5,0.72053,32.8327,8.105225737646641e-07,4.0526128688233204e-05
text+audio_text_ln_lrh0.001_e5_s42,3012,5,0.76116,31.9305,8.034127266263776e-07,4.017063633131888e-05
text+audio_text_ln_lrh0.001_e5_s42,3013,5,0.42967,24.4843,7.963028794880911e-07,3.9815143974404546e-05
text+audio_text_ln_lrh0.001_e5_s42,3014,5,0.33329,29.0211,7.891930323498045e-07,3.945965161749023e-05
text+audio_text_ln_lrh0.001_e5_s42,3015,5,0.37055,23.47,7.820831852115181e-07,3.91041592605759e-05
text+audio_text_ln_lrh0.001_e5_s42,3016,5,0.73347,25.635,7.749733380732314e-07,3.874866690366157e-05
text+audio_text_ln_lrh0.001_e5_s42,3017,5,0.46858,25.4986,7.67863490934945e-07,3.839317454674725e-05
text+audio_text_ln_lrh0.001_e5_s42,3018,5,0.21314,17.3307,7.607536437966584e-07,3.803768218983292e-05
text+audio_text_ln_lrh0.001_e5_s42,3019,5,0.2526,13.4151,7.536437966583719e-07,3.768218983291859e-05
text+audio_text_ln_lrh0.001_e5_s42,3020,5,0.49558,22.2028,7.465339495200853e-07,3.732669747600426e-05
text+audio_text_ln_lrh0.001_e5_s42,3021,5,0.94486,47.7114,7.394241023817989e-07,3.697120511908994e-05
text+audio_text_ln_lrh0.001_e5_s42,3022,5,0.43868,27.3094,7.323142552435123e-07,3.6615712762175616e-05
text+audio_text_ln_lrh0.001_e5_s42,3023,5,0.23762,36.4292,7.252044081052258e-07,3.6260220405261284e-05
text+audio_text_ln_lrh0.001_e5_s42,3024,5,0.57941,31.9725,7.180945609669393e-07,3.5904728048346965e-05
text+audio_text_ln_lrh0.001_e5_s42,3025,5,0.52782,29.8285,7.109847138286527e-07,3.554923569143263e-05
text+audio_text_ln_lrh0.001_e5_s42,3026,5,0.42411,23.5479,7.038748666903662e-07,3.519374333451831e-05
text+audio_text_ln_lrh0.001_e5_s42,3027,5,0.20281,14.8845,6.967650195520797e-07,3.483825097760398e-05
text+audio_text_ln_lrh0.001_e5_s42,3028,5,0.71287,31.1003,6.896551724137931e-07,3.4482758620689657e-05
text+audio_text_ln_lrh0.001_e5_s42,3029,5,0.23969,12.5778,6.825453252755067e-07,3.412726626377533e-05
text+audio_text_ln_lrh0.001_e5_s42,3030,5,0.73678,28.6871,6.7543547813722e-07,3.3771773906861e-05
text+audio_text_ln_lrh0.001_e5_s42,3031,5,0.51478,54.1493,6.683256309989336e-07,3.341628154994668e-05
text+audio_text_ln_lrh0.001_e5_s42,3032,5,1.03339,36.5853,6.61215783860647e-07,3.306078919303235e-05
text+audio_text_ln_lrh0.001_e5_s42,3033,5,0.83891,42.39,6.541059367223606e-07,3.270529683611802e-05
text+audio_text_ln_lrh0.001_e5_s42,3034,5,0.317,27.7953,6.46996089584074e-07,3.2349804479203703e-05
text+audio_text_ln_lrh0.001_e5_s42,3035,5,0.37102,18.4537,6.398862424457875e-07,3.199431212228937e-05
text+audio_text_ln_lrh0.001_e5_s42,3036,5,0.60994,35.6474,6.327763953075009e-07,3.1638819765375046e-05
text+audio_text_ln_lrh0.001_e5_s42,3037,5,0.71684,36.6829,6.256665481692144e-07,3.128332740846072e-05
text+audio_text_ln_lrh0.001_e5_s42,3038,5,0.48441,32.6589,6.185567010309279e-07,3.0927835051546395e-05
text+audio_text_ln_lrh0.001_e5_s42,3039,5,0.48512,20.9964,6.114468538926413e-07,3.057234269463207e-05
text+audio_text_ln_lrh0.001_e5_s42,3040,5,0.91174,47.5348,6.043370067543548e-07,3.021685033771774e-05
text+audio_text_ln_lrh0.001_e5_s42,3041,5,0.55216,35.9837,5.972271596160683e-07,2.986135798080341e-05
text+audio_text_ln_lrh0.001_e5_s42,3042,5,0.65122,24.5257,5.901173124777817e-07,2.9505865623889086e-05
text+audio_text_ln_lrh0.001_e5_s42,3043,5,0.11525,15.1574,5.830074653394952e-07,2.915037326697476e-05
text+audio_text_ln_lrh0.001_e5_s42,3044,5,0.46359,31.2301,5.758976182012088e-07,2.8794880910060435e-05
text+audio_text_ln_lrh0.001_e5_s42,3045,5,0.40402,21.5311,5.687877710629222e-07,2.843938855314611e-05
text+audio_text_ln_lrh0.001_e5_s42,3046,5,0.90835,31.8966,5.616779239246357e-07,2.808389619623178e-05
text+audio_text_ln_lrh0.001_e5_s42,3047,5,0.4976,31.4508,5.545680767863492e-07,2.7728403839317455e-05
text+audio_text_ln_lrh0.001_e5_s42,3048,5,0.28736,22.8627,5.474582296480626e-07,2.737291148240313e-05
text+audio_text_ln_lrh0.001_e5_s42,3049,5,0.41741,15.5874,5.403483825097761e-07,2.70174191254888e-05
text+audio_text_ln_lrh0.001_e5_s42,3050,5,0.41236,26.0922,5.332385353714895e-07,2.6661926768574478e-05
text+audio_text_ln_lrh0.001_e5_s42,3051,5,0.23287,34.3781,5.26128688233203e-07,2.630643441166015e-05
text+audio_text_ln_lrh0.001_e5_s42,3052,5,0.35495,21.203,5.190188410949165e-07,2.5950942054745824e-05
text+audio_text_ln_lrh0.001_e5_s42,3053,5,0.36251,14.4382,5.119089939566299e-07,2.5595449697831498e-05
text+audio_text_ln_lrh0.001_e5_s42,3054,5,0.29451,15.1516,5.047991468183434e-07,2.523995734091717e-05
text+audio_text_ln_lrh0.001_e5_s42,3055,5,0.64665,22.705,4.976892996800569e-07,2.4884464984002844e-05
text+audio_text_ln_lrh0.001_e5_s42,3056,5,0.23336,16.9355,4.905794525417703e-07,2.4528972627088515e-05
text+audio_text_ln_lrh0.001_e5_s42,3057,5,1.01253,25.0824,4.834696054034839e-07,2.4173480270174193e-05
text+audio_text_ln_lrh0.001_e5_s42,3058,5,0.90677,31.8022,4.7635975826519737e-07,2.3817987913259867e-05
text+audio_text_ln_lrh0.001_e5_s42,3059,5,0.58227,32.1793,4.6924991112691083e-07,2.346249555634554e-05
text+audio_text_ln_lrh0.001_e5_s42,3060,5,0.46211,15.2892,4.621400639886243e-07,2.3107003199431213e-05
text+audio_text_ln_lrh0.001_e5_s42,3061,5,0.44291,30.3556,4.5503021685033776e-07,2.2751510842516884e-05
text+audio_text_ln_lrh0.001_e5_s42,3062,5,0.56694,32.6391,4.479203697120512e-07,2.239601848560256e-05
text+audio_text_ln_lrh0.001_e5_s42,3063,5,0.51638,26.5579,4.4081052257376474e-07,2.2040526128688236e-05
text+audio_text_ln_lrh0.001_e5_s42,3064,5,0.45662,28.0652,4.337006754354782e-07,2.1685033771773907e-05
text+audio_text_ln_lrh0.001_e5_s42,3065,5,0.84293,34.0195,4.2659082829719167e-07,2.1329541414859582e-05
text+audio_text_ln_lrh0.001_e5_s42,3066,5,0.27308,20.595,4.1948098115890513e-07,2.0974049057945256e-05
text+audio_text_ln_lrh0.001_e5_s42,3067,5,0.46023,22.4126,4.123711340206186e-07,2.0618556701030927e-05
text+audio_text_ln_lrh0.001_e5_s42,3068,5,0.85513,33.6889,4.0526128688233206e-07,2.0263064344116602e-05
text+audio_text_ln_lrh0.001_e5_s42,3069,5,0.16264,20.48,3.9815143974404553e-07,1.9907571987202273e-05
text+audio_text_ln_lrh0.001_e5_s42,3070,5,0.35687,26.2615,3.9104159260575904e-07,1.955207963028795e-05
text+audio_text_ln_lrh0.001_e5_s42,3071,5,0.35286,26.6401,3.839317454674725e-07,1.9196587273373625e-05
text+audio_text_ln_lrh0.001_e5_s42,3072,5,0.37172,40.1544,3.7682189832918597e-07,1.8841094916459297e-05
text+audio_text_ln_lrh0.001_e5_s42,3073,5,0.34942,14.8735,3.6971205119089944e-07,1.848560255954497e-05
text+audio_text_ln_lrh0.001_e5_s42,3074,5,0.4938,25.8739,3.626022040526129e-07,1.8130110202630642e-05
text+audio_text_ln_lrh0.001_e5_s42,3075,5,0.16807,17.5545,3.5549235691432637e-07,1.7774617845716317e-05
text+audio_text_ln_lrh0.001_e5_s42,3076,5,0.41811,20.9691,3.4838250977603983e-07,1.741912548880199e-05
text+audio_text_ln_lrh0.001_e5_s42,3077,5,0.71204,36.5464,3.4127266263775335e-07,1.7063633131887666e-05
text+audio_text_ln_lrh0.001_e5_s42,3078,5,0.38656,17.0077,3.341628154994668e-07,1.670814077497334e-05
text+audio_text_ln_lrh0.001_e5_s42,3079,5,0.48878,25.9621,3.270529683611803e-07,1.635264841805901e-05
text+audio_text_ln_lrh0.001_e5_s42,3080,5,0.4359,28.4781,3.1994312122289374e-07,1.5997156061144686e-05
text+audio_text_ln_lrh0.001_e5_s42,3081,5,0.83087,26.2558,3.128332740846072e-07,1.564166370423036e-05
text+audio_text_ln_lrh0.001_e5_s42,3082,5,0.54732,30.2941,3.0572342694632067e-07,1.5286171347316035e-05
text+audio_text_ln_lrh0.001_e5_s42,3083,5,0.59163,26.5641,2.9861357980803413e-07,1.4930678990401706e-05
text+audio_text_ln_lrh0.001_e5_s42,3084,5,0.5402,25.9143,2.915037326697476e-07,1.457518663348738e-05
text+audio_text_ln_lrh0.001_e5_s42,3085,5,0.39196,25.1786,2.843938855314611e-07,1.4219694276573055e-05
text+audio_text_ln_lrh0.001_e5_s42,3086,5,0.68062,34.6266,2.772840383931746e-07,1.3864201919658727e-05
text+audio_text_ln_lrh0.001_e5_s42,3087,5,1.48379,49.1306,2.7017419125488804e-07,1.35087095627444e-05
text+audio_text_ln_lrh0.001_e5_s42,3088,5,0.64256,22.5151,2.630643441166015e-07,1.3153217205830075e-05
text+audio_text_ln_lrh0.001_e5_s42,3089,5,0.61396,18.8426,2.5595449697831497e-07,1.2797724848915749e-05
text+audio_text_ln_lrh0.001_e5_s42,3090,5,0.39031,20.4718,2.4884464984002843e-07,1.2442232492001422e-05
text+audio_text_ln_lrh0.001_e5_s42,3091,5,0.77442,31.9959,2.4173480270174195e-07,1.2086740135087096e-05
text+audio_text_ln_lrh0.001_e5_s42,3092,5,1.02231,62.1059,2.3462495556345542e-07,1.173124777817277e-05
text+audio_text_ln_lrh0.001_e5_s42,3093,5,0.43709,22.7663,2.2751510842516888e-07,1.1375755421258442e-05
text+audio_text_ln_lrh0.001_e5_s42,3094,5,0.33398,18.5322,2.2040526128688237e-07,1.1020263064344118e-05
text+audio_text_ln_lrh0.001_e5_s42,3095,5,0.1799,23.5363,2.1329541414859584e-07,1.0664770707429791e-05
text+audio_text_ln_lrh0.001_e5_s42,3096,5,0.59016,27.7128,2.061855670103093e-07,1.0309278350515464e-05
text+audio_text_ln_lrh0.001_e5_s42,3097,5,0.67475,22.8644,1.9907571987202276e-07,9.953785993601137e-06
text+audio_text_ln_lrh0.001_e5_s42,3098,5,1.07679,40.8667,1.9196587273373625e-07,9.598293636686813e-06
text+audio_text_ln_lrh0.001_e5_s42,3099,5,0.34371,17.6093,1.8485602559544972e-07,9.242801279772485e-06
text+audio_text_ln_lrh0.001_e5_s42,3100,5,0.67151,25.7652,1.7774617845716318e-07,8.887308922858158e-06
text+audio_text_ln_lrh0.001_e5_s42,3101,5,0.76533,29.3805,1.7063633131887667e-07,8.531816565943833e-06
text+audio_text_ln_lrh0.001_e5_s42,3102,5,0.38516,17.7525,1.6352648418059014e-07,8.176324209029506e-06
text+audio_text_ln_lrh0.001_e5_s42,3103,5,0.59557,25.9425,1.564166370423036e-07,7.82083185211518e-06
text+audio_text_ln_lrh0.001_e5_s42,3104,5,0.67743,33.8863,1.4930678990401707e-07,7.465339495200853e-06
text+audio_text_ln_lrh0.001_e5_s42,3105,5,0.15106,14.4118,1.4219694276573056e-07,7.109847138286527e-06
text+audio_text_ln_lrh0.001_e5_s42,3106,5,0.47703,39.5557,1.3508709562744402e-07,6.7543547813722e-06
text+audio_text_ln_lrh0.001_e5_s42,3107,5,0.66511,18.9786,1.2797724848915749e-07,6.3988624244578746e-06
text+audio_text_ln_lrh0.001_e5_s42,3108,5,0.4111,36.5371,1.2086740135087098e-07,6.043370067543548e-06
text+audio_text_ln_lrh0.001_e5_s42,3109,5,0.15425,32.7279,1.1375755421258444e-07,5.687877710629221e-06
text+audio_text_ln_lrh0.001_e5_s42,3110,5,0.94637,31.8344,1.0664770707429792e-07,5.3323853537148955e-06
text+audio_text_ln_lrh0.001_e5_s42,3111,5,0.39231,28.6413,9.953785993601138e-08,4.976892996800568e-06
text+audio_text_ln_lrh0.001_e5_s42,3112,5,0.58954,25.0172,9.242801279772486e-08,4.621400639886243e-06
text+audio_text_ln_lrh0.001_e5_s42,3113,5,0.7536,34.3119,8.531816565943834e-08,4.265908282971916e-06
text+audio_text_ln_lrh0.001_e5_s42,3114,5,0.26672,17.9763,7.82083185211518e-08,3.91041592605759e-06
text+audio_text_ln_lrh0.001_e5_s42,3115,5,0.33299,35.1223,7.109847138286528e-08,3.5549235691432637e-06
text+audio_text_ln_lrh0.001_e5_s42,3116,5,0.65398,27.4447,6.398862424457874e-08,3.1994312122289373e-06
text+audio_text_ln_lrh0.001_e5_s42,3117,5,0.40905,17.9514,5.687877710629222e-08,2.8439388553146105e-06
text+audio_text_ln_lrh0.001_e5_s42,3118,5,0.42269,28.0817,4.976892996800569e-08,2.488446498400284e-06
text+audio_text_ln_lrh0.001_e5_s42,3119,5,0.5714,28.8767,4.265908282971917e-08,2.132954141485958e-06
text+audio_text_ln_lrh0.001_e5_s42,3120,5,0.37572,28.3593,3.554923569143264e-08,1.7774617845716318e-06
text+audio_text_ln_lrh0.001_e5_s42,3121,5,0.11476,20.558,2.843938855314611e-08,1.4219694276573052e-06
text+audio_text_ln_lrh0.001_e5_s42,3122,5,1.05444,33.7443,2.1329541414859584e-08,1.066477070742979e-06
text+audio_text_ln_lrh0.001_e5_s42,3123,5,0.34804,20.35,1.4219694276573055e-08,7.109847138286526e-07
text+audio_text_ln_lrh0.001_e5_s42,3124,5,0.61314,22.4204,7.1098471382865275e-09,3.554923569143263e-07
text+audio_text_ln_lrh0.001_e5_s42,3125,5,0.53944,87.4028,0.0,0.0
text+audio_text_ln_lrh0.001_e5_s43,1,1,2.0191,8.5424,6.41025641025641e-08,3.205128205128205e-06
text+audio_text_ln_lrh0.001_e5_s43,2,1,1.9985,8.3124,1.282051282051282e-07,6.41025641025641e-06
text+audio_text_ln_lrh0.001_e5_s43,3,1,1.96477,6.7155,1.9230769230769234e-07,9.615384615384616e-06
text+audio_text_ln_lrh0.001_e5_s43,4,1,1.99849,7.2406,2.564102564102564e-07,1.282051282051282e-05
text+audio_text_ln_lrh0.001_e5_s43,5,1,2.04176,8.6371,3.205128205128205e-07,1.6025641025641026e-05
text+audio_text_ln_lrh0.001_e5_s43,6,1,1.86976,6.587,3.846153846153847e-07,1.923076923076923e-05
text+audio_text_ln_lrh0.001_e5_s43,7,1,1.88327,6.2535,4.4871794871794876e-07,2.2435897435897437e-05
text+audio_text_ln_lrh0.001_e5_s43,8,1,1.89183,9.0054,5.128205128205128e-07,2.564102564102564e-05
text+audio_text_ln_lrh0.001_e5_s43,9,1,1.95187,8.6953,5.76923076923077e-07,2.884615384615385e-05
text+audio_text_ln_lrh0.001_e5_s43,10,1,1.9204,6.9861,6.41025641025641e-07,3.205128205128205e-05
text+audio_text_ln_lrh0.001_e5_s43,11,1,2.07485,8.7437,7.051282051282052e-07,3.5256410256410254e-05
text+audio_text_ln_lrh0.001_e5_s43,12,1,1.89289,5.0271,7.692307692307694e-07,3.846153846153846e-05
text+audio_text_ln_lrh0.001_e5_s43,13,1,1.83543,6.9959,8.333333333333333e-07,4.1666666666666665e-05
text+audio_text_ln_lrh0.001_e5_s43,14,1,1.96919,7.6304,8.974358974358975e-07,4.4871794871794874e-05
text+audio_text_ln_lrh0.001_e5_s43,15,1,1.7447,7.9122,9.615384615384617e-07,4.8076923076923084e-05
text+audio_text_ln_lrh0.001_e5_s43,16,1,1.83446,5.5979,1.0256410256410257e-06,5.128205128205128e-05
text+audio_text_ln_lrh0.001_e5_s43,17,1,1.79216,5.9016,1.0897435897435899e-06,5.448717948717949e-05
text+audio_text_ln_lrh0.001_e5_s43,18,1,1.8884,5.4919,1.153846153846154e-06,5.76923076923077e-05
text+audio_text_ln_lrh0.001_e5_s43,19,1,1.79134,5.7113,1.217948717948718e-06,6.08974358974359e-05
text+audio_text_ln_lrh0.001_e5_s43,20,1,1.80313,4.5259,1.282051282051282e-06,6.41025641025641e-05
text+audio_text_ln_lrh0.001_e5_s43,21,1,1.75997,4.9619,1.3461538461538462e-06,6.73076923076923e-05
text+audio_text_ln_lrh0.001_e5_s43,22,1,1.60513,19.2663,1.4102564102564104e-06,7.051282051282051e-05
text+audio_text_ln_lrh0.001_e5_s43,23,1,1.51015,7.4585,1.4743589743589745e-06,7.371794871794872e-05
text+audio_text_ln_lrh0.001_e5_s43,24,1,1.79747,5.5544,1.5384615384615387e-06,7.692307692307693e-05
text+audio_text_ln_lrh0.001_e5_s43,25,1,1.87522,4.124,1.602564102564103e-06,8.012820512820514e-05
text+audio_text_ln_lrh0.001_e5_s43,26,1,1.45403,6.2995,1.6666666666666667e-06,8.333333333333333e-05
text+audio_text_ln_lrh0.001_e5_s43,27,1,1.6061,5.3994,1.7307692307692308e-06,8.653846153846153e-05
text+audio_text_ln_lrh0.001_e5_s43,28,1,1.77942,4.8687,1.794871794871795e-06,8.974358974358975e-05
text+audio_text_ln_lrh0.001_e5_s43,29,1,1.595,4.5873,1.8589743589743592e-06,9.294871794871795e-05
text+audio_text_ln_lrh0.001_e5_s43,30,1,1.38764,6.0038,1.9230769230769234e-06,9.615384615384617e-05
text+audio_text_ln_lrh0.001_e5_s43,31,1,1.48755,3.4698,1.987179487179487e-06,9.935897435897436e-05
text+audio_text_ln_lrh0.001_e5_s43,32,1,1.53521,4.4878,2.0512820512820513e-06,0.00010256410256410256
text+audio_text_ln_lrh0.001_e5_s43,33,1,1.8979,4.8725,2.1153846153846155e-06,0.00010576923076923077
text+audio_text_ln_lrh0.001_e5_s43,34,1,1.37681,4.2127,2.1794871794871797e-06,0.00010897435897435898
text+audio_text_ln_lrh0.001_e5_s43,35,1,1.62968,3.7198,2.243589743589744e-06,0.00011217948717948718
text+audio_text_ln_lrh0.001_e5_s43,36,1,1.52471,4.2572,2.307692307692308e-06,0.0001153846153846154
text+audio_text_ln_lrh0.001_e5_s43,37,1,1.28038,3.7657,2.371794871794872e-06,0.00011858974358974358
text+audio_text_ln_lrh0.001_e5_s43,38,1,1.17763,3.9949,2.435897435897436e-06,0.0001217948717948718
text+audio_text_ln_lrh0.001_e5_s43,39,1,1.86939,6.3174,2.5e-06,0.000125
text+audio_text_ln_lrh0.001_e5_s43,40,1,1.62028,3.7495,2.564102564102564e-06,0.0001282051282051282
text+audio_text_ln_lrh0.001_e5_s43,41,1,1.45893,3.9117,2.6282051282051286e-06,0.0001314102564102564
text+audio_text_ln_lrh0.001_e5_s43,42,1,1.31245,3.1612,2.6923076923076923e-06,0.0001346153846153846
text+audio_text_ln_lrh0.001_e5_s43,43,1,1.42636,3.8941,2.756410256410257e-06,0.00013782051282051284
text+audio_text_ln_lrh0.001_e5_s43,44,1,1.48072,4.1182,2.8205128205128207e-06,0.00014102564102564101
text+audio_text_ln_lrh0.001_e5_s43,45,1,1.34709,3.5626,2.8846153846153845e-06,0.00014423076923076922
text+audio_text_ln_lrh0.001_e5_s43,46,1,1.6241,4.9333,2.948717948717949e-06,0.00014743589743589745
text+audio_text_ln_lrh0.001_e5_s43,47,1,1.83081,8.4374,3.012820512820513e-06,0.00015064102564102565
text+audio_text_ln_lrh0.001_e5_s43,48,1,1.16238,4.5,3.0769230769230774e-06,0.00015384615384615385
text+audio_text_ln_lrh0.001_e5_s43,49,1,1.6684,4.5707,3.141025641025641e-06,0.00015705128205128205
text+audio_text_ln_lrh0.001_e5_s43,50,1,1.76501,5.9709,3.205128205128206e-06,0.00016025641025641028
text+audio_text_ln_lrh0.001_e5_s43,51,1,1.55849,4.1635,3.2692307692307696e-06,0.00016346153846153846
text+audio_text_ln_lrh0.001_e5_s43,52,1,1.71514,5.5331,3.3333333333333333e-06,0.00016666666666666666
text+audio_text_ln_lrh0.001_e5_s43,53,1,1.52487,4.3317,3.397435897435898e-06,0.0001698717948717949
text+audio_text_ln_lrh0.001_e5_s43,54,1,1.54913,4.1731,3.4615384615384617e-06,0.00017307692307692307
text+audio_text_ln_lrh0.001_e5_s43,55,1,1.63604,3.5953,3.5256410256410263e-06,0.0001762820512820513
text+audio_text_ln_lrh0.001_e5_s43,56,1,1.69291,5.7164,3.58974358974359e-06,0.0001794871794871795
text+audio_text_ln_lrh0.001_e5_s43,57,1,1.40099,3.6443,3.653846153846154e-06,0.00018269230769230767
text+audio_text_ln_lrh0.001_e5_s43,58,1,1.35178,6.5851,3.7179487179487184e-06,0.0001858974358974359
text+audio_text_ln_lrh0.001_e5_s43,59,1,1.33247,10.8947,3.782051282051282e-06,0.0001891025641025641
text+audio_text_ln_lrh0.001_e5_s43,60,1,1.53451,3.4503,3.846153846153847e-06,0.00019230769230769233
text+audio_text_ln_lrh0.001_e5_s43,61,1,1.22687,6.4268,3.910256410256411e-06,0.0001955128205128205
text+audio_text_ln_lrh0.001_e5_s43,62,1,1.65855,3.9161,3.974358974358974e-06,0.0001987179487179487
text+audio_text_ln_lrh0.001_e5_s43,63,1,1.34952,3.6774,4.0384615384615385e-06,0.00020192307692307694
text+audio_text_ln_lrh0.001_e5_s43,64,1,1.47108,3.0946,4.102564102564103e-06,0.00020512820512820512
text+audio_text_ln_lrh0.001_e5_s43,65,1,1.41397,5.3015,4.166666666666667e-06,0.00020833333333333335
text+audio_text_ln_lrh0.001_e5_s43,66,1,1.51818,6.1561,4.230769230769231e-06,0.00021153846153846155
text+audio_text_ln_lrh0.001_e5_s43,67,1,1.23934,5.1651,4.294871794871795e-06,0.00021474358974358972
text+audio_text_ln_lrh0.001_e5_s43,68,1,1.45931,4.2501,4.358974358974359e-06,0.00021794871794871795
text+audio_text_ln_lrh0.001_e5_s43,69,1,1.62835,4.0311,4.423076923076924e-06,0.00022115384615384616
text+audio_text_ln_lrh0.001_e5_s43,70,1,1.7635,7.4229,4.487179487179488e-06,0.00022435897435897436
text+audio_text_ln_lrh0.001_e5_s43,71,1,1.61108,4.3476,4.551282051282052e-06,0.00022756410256410256
text+audio_text_ln_lrh0.001_e5_s43,72,1,1.37768,5.1677,4.615384615384616e-06,0.0002307692307692308
text+audio_text_ln_lrh0.001_e5_s43,73,1,1.14343,4.48,4.6794871794871795e-06,0.000233974358974359
text+audio_text_ln_lrh0.001_e5_s43,74,1,1.77496,7.0194,4.743589743589744e-06,0.00023717948717948717
text+audio_text_ln_lrh0.001_e5_s43,75,1,1.55363,5.0287,4.807692307692308e-06,0.0002403846153846154
text+audio_text_ln_lrh0.001_e5_s43,76,1,1.52715,8.6975,4.871794871794872e-06,0.0002435897435897436
text+audio_text_ln_lrh0.001_e5_s43,77,1,0.9781,4.3319,4.935897435897436e-06,0.0002467948717948718
text+audio_text_ln_lrh0.001_e5_s43,78,1,1.9265,21.5597,5e-06,0.00025
text+audio_text_ln_lrh0.001_e5_s43,79,1,1.40954,4.045,5.064102564102565e-06,0.0002532051282051282
text+audio_text_ln_lrh0.001_e5_s43,80,1,2.1254,7.0794,5.128205128205128e-06,0.0002564102564102564
text+audio_text_ln_lrh0.001_e5_s43,81,1,1.57855,5.5799,5.192307692307693e-06,0.00025961538461538467
text+audio_text_ln_lrh0.001_e5_s43,82,1,1.45391,4.4557,5.256410256410257e-06,0.0002628205128205128
text+audio_text_ln_lrh0.001_e5_s43,83,1,1.53964,4.5876,5.320512820512821e-06,0.000266025641025641
text+audio_text_ln_lrh0.001_e5_s43,84,1,1.93581,36.61,5.384615384615385e-06,0.0002692307692307692
text+audio_text_ln_lrh0.001_e5_s43,85,1,1.48595,5.0818,5.448717948717949e-06,0.0002724358974358974
text+audio_text_ln_lrh0.001_e5_s43,86,1,1.33374,6.8683,5.512820512820514e-06,0.0002756410256410257
text+audio_text_ln_lrh0.001_e5_s43,87,1,1.58121,5.6519,5.576923076923077e-06,0.0002788461538461539
text+audio_text_ln_lrh0.001_e5_s43,88,1,1.5632,5.1224,5.641025641025641e-06,0.00028205128205128203
text+audio_text_ln_lrh0.001_e5_s43,89,1,1.43668,4.54,5.705128205128206e-06,0.00028525641025641023
text+audio_text_ln_lrh0.001_e5_s43,90,1,1.51176,4.6575,5.769230769230769e-06,0.00028846153846153843
text+audio_text_ln_lrh0.001_e5_s43,91,1,1.64669,9.2023,5.833333333333334e-06,0.0002916666666666667
text+audio_text_ln_lrh0.001_e5_s43,92,1,1.5802,5.6061,5.897435897435898e-06,0.0002948717948717949
text+audio_text_ln_lrh0.001_e5_s43,93,1,1.72816,4.9968,5.961538461538462e-06,0.0002980769230769231
text+audio_text_ln_lrh0.001_e5_s43,94,1,1.23097,5.9636,6.025641025641026e-06,0.0003012820512820513
text+audio_text_ln_lrh0.001_e5_s43,95,1,1.519,4.4639,6.08974358974359e-06,0.00030448717948717945
text+audio_text_ln_lrh0.001_e5_s43,96,1,1.41086,4.3674,6.153846153846155e-06,0.0003076923076923077
text+audio_text_ln_lrh0.001_e5_s43,97,1,1.23565,6.8648,6.217948717948718e-06,0.0003108974358974359
text+audio_text_ln_lrh0.001_e5_s43,98,1,1.23941,6.8136,6.282051282051282e-06,0.0003141025641025641
text+audio_text_ln_lrh0.001_e5_s43,99,1,1.46202,7.2586,6.3461538461538466e-06,0.0003173076923076923
text+audio_text_ln_lrh0.001_e5_s43,100,1,1.30416,5.8352,6.410256410256412e-06,0.00032051282051282057
text+audio_text_ln_lrh0.001_e5_s43,101,1,0.80659,6.4646,6.474358974358975e-06,0.0003237179487179487
text+audio_text_ln_lrh0.001_e5_s43,102,1,1.115,6.1261,6.538461538461539e-06,0.0003269230769230769
text+audio_text_ln_lrh0.001_e5_s43,103,1,1.61428,8.4979,6.602564102564103e-06,0.0003301282051282051
text+audio_text_ln_lrh0.001_e5_s43,104,1,1.29092,6.3963,6.666666666666667e-06,0.0003333333333333333
text+audio_text_ln_lrh0.001_e5_s43,105,1,1.45705,6.9254,6.730769230769232e-06,0.0003365384615384616
text+audio_text_ln_lrh0.001_e5_s43,106,1,0.85446,4.7447,6.794871794871796e-06,0.0003397435897435898
text+audio_text_ln_lrh0.001_e5_s43,107,1,1.73891,7.6317,6.858974358974359e-06,0.000342948717948718
text+audio_text_ln_lrh0.001_e5_s43,108,1,1.71532,11.0945,6.923076923076923e-06,0.00034615384615384613
text+audio_text_ln_lrh0.001_e5_s43,109,1,1.3038,597.082,6.9871794871794876e-06,0.00034935897435897433
text+audio_text_ln_lrh0.001_e5_s43,110,1,1.57998,7.4479,7.051282051282053e-06,0.0003525641025641026
text+audio_text_ln_lrh0.001_e5_s43,111,1,1.63151,6.8195,7.115384615384616e-06,0.0003557692307692308
text+audio_text_ln_lrh0.001_e5_s43,112,1,1.26138,6.4734,7.17948717948718e-06,0.000358974358974359
text+audio_text_ln_lrh0.001_e5_s43,113,1,1.19539,6.0528,7.243589743589744e-06,0.0003621794871794872
text+audio_text_ln_lrh0.001_e5_s43,114,1,1.76437,8.9741,7.307692307692308e-06,0.00036538461538461535
text+audio_text_ln_lrh0.001_e5_s43,115,1,1.52587,6.5669,7.371794871794873e-06,0.0003685897435897436
text+audio_text_ln_lrh0.001_e5_s43,116,1,1.34918,7.3145,7.435897435897437e-06,0.0003717948717948718
text+audio_text_ln_lrh0.001_e5_s43,117,1,1.24411,6.0471,7.500000000000001e-06,0.000375
text+audio_text_ln_lrh0.001_e5_s43,118,1,1.42239,8.3742,7.564102564102564e-06,0.0003782051282051282
text+audio_text_ln_lrh0.001_e5_s43,119,1,1.33705,5.8266,7.6282051282051286e-06,0.0003814102564102564
text+audio_text_ln_lrh0.001_e5_s43,120,1,1.55729,7.1681,7.692307692307694e-06,0.00038461538461538467
text+audio_text_ln_lrh0.001_e5_s43,121,1,0.94847,6.8842,7.756410256410258e-06,0.0003878205128205128
text+audio_text_ln_lrh0.001_e5_s43,122,1,1.25412,8.1139,7.820512820512822e-06,0.000391025641025641
text+audio_text_ln_lrh0.001_e5_s43,123,1,1.01179,5.9862,7.884615384615384e-06,0.0003942307692307692
text+audio_text_ln_lrh0.001_e5_s43,124,1,1.41418,7.1113,7.948717948717949e-06,0.0003974358974358974
text+audio_text_ln_lrh0.001_e5_s43,125,1,0.93412,5.0561,8.012820512820515e-06,0.0004006410256410257
text+audio_text_ln_lrh0.001_e5_s43,126,1,1.21961,5.597,8.076923076923077e-06,0.0004038461538461539
text+audio_text_ln_lrh0.001_e5_s43,127,1,1.1312,8.5601,8.141025641025641e-06,0.00040705128205128203
text+audio_text_ln_lrh0.001_e5_s43,128,1,1.57366,7.7768,8.205128205128205e-06,0.00041025641025641023
text+audio_text_ln_lrh0.001_e5_s43,129,1,1.71473,9.9181,8.26923076923077e-06,0.00041346153846153844
text+audio_text_ln_lrh0.001_e5_s43,130,1,1.32861,7.3147,8.333333333333334e-06,0.0004166666666666667
text+audio_text_ln_lrh0.001_e5_s43,131,1,1.59244,8.1406,8.397435897435898e-06,0.0004198717948717949
text+audio_text_ln_lrh0.001_e5_s43,132,1,1.60958,9.2203,8.461538461538462e-06,0.0004230769230769231
text+audio_text_ln_lrh0.001_e5_s43,133,1,1.42684,8.1563,8.525641025641026e-06,0.0004262820512820513
text+audio_text_ln_lrh0.001_e5_s43,134,1,1.55229,10.6314,8.58974358974359e-06,0.00042948717948717945
text+audio_text_ln_lrh0.001_e5_s43,135,1,1.18091,7.2775,8.653846153846155e-06,0.0004326923076923077
text+audio_text_ln_lrh0.001_e5_s43,136,1,1.36844,6.7702,8.717948717948719e-06,0.0004358974358974359
text+audio_text_ln_lrh0.001_e5_s43,137,1,0.97223,7.2666,8.782051282051283e-06,0.0004391025641025641
text+audio_text_ln_lrh0.001_e5_s43,138,1,1.03856,12.0392,8.846153846153847e-06,0.0004423076923076923
text+audio_text_ln_lrh0.001_e5_s43,139,1,1.77042,9.6,8.910256410256411e-06,0.00044551282051282057
text+audio_text_ln_lrh0.001_e5_s43,140,1,1.61935,9.4594,8.974358974358976e-06,0.0004487179487179487
text+audio_text_ln_lrh0.001_e5_s43,141,1,0.98484,10.4271,9.03846153846154e-06,0.0004519230769230769
text+audio_text_ln_lrh0.001_e5_s43,142,1,0.99634,13.7805,9.102564102564104e-06,0.0004551282051282051
text+audio_text_ln_lrh0.001_e5_s43,143,1,1.32792,8.1927,9.166666666666666e-06,0.0004583333333333333
text+audio_text_ln_lrh0.001_e5_s43,144,1,1.04804,10.4261,9.230769230769232e-06,0.0004615384615384616
text+audio_text_ln_lrh0.001_e5_s43,145,1,1.22839,11.3411,9.294871794871796e-06,0.0004647435897435898
text+audio_text_ln_lrh0.001_e5_s43,146,1,1.2878,10.9955,9.358974358974359e-06,0.000467948717948718
text+audio_text_ln_lrh0.001_e5_s43,147,1,1.86883,11.7607,9.423076923076923e-06,0.00047115384615384613
text+audio_text_ln_lrh0.001_e5_s43,148,1,1.40506,10.862,9.487179487179487e-06,0.00047435897435897434
text+audio_text_ln_lrh0.001_e5_s43,149,1,1.33776,9.2562,9.551282051282053e-06,0.0004775641025641026
text+audio_text_ln_lrh0.001_e5_s43,150,1,1.32856,10.5022,9.615384615384616e-06,0.0004807692307692308
text+audio_text_ln_lrh0.001_e5_s43,151,1,1.42784,12.9132,9.67948717948718e-06,0.000483974358974359
text+audio_text_ln_lrh0.001_e5_s43,152,1,1.48252,12.3722,9.743589743589744e-06,0.0004871794871794872
text+audio_text_ln_lrh0.001_e5_s43,153,1,1.36749,10.2255,9.807692307692308e-06,0.0004903846153846154
text+audio_text_ln_lrh0.001_e5_s43,154,1,1.10502,8.7644,9.871794871794872e-06,0.0004935897435897436
text+audio_text_ln_lrh0.001_e5_s43,155,1,1.1005,10.203,9.935897435897437e-06,0.0004967948717948718
text+audio_text_ln_lrh0.001_e5_s43,156,1,0.9947,10.9884,1e-05,0.0005
text+audio_text_ln_lrh0.001_e5_s43,157,1,1.44981,13.2976,1.0064102564102565e-05,0.0005032051282051282
text+audio_text_ln_lrh0.001_e5_s43,158,1,1.46484,21.8681,1.012820512820513e-05,0.0005064102564102564
text+audio_text_ln_lrh0.001_e5_s43,159,1,1.58812,13.6123,1.0192307692307692e-05,0.0005096153846153846
text+audio_text_ln_lrh0.001_e5_s43,160,1,1.33218,12.3138,1.0256410256410256e-05,0.0005128205128205128
text+audio_text_ln_lrh0.001_e5_s43,161,1,1.31257,9.2324,1.0320512820512822e-05,0.0005160256410256411
text+audio_text_ln_lrh0.001_e5_s43,162,1,1.22514,10.527,1.0384615384615386e-05,0.0005192307692307693
text+audio_text_ln_lrh0.001_e5_s43,163,1,1.23312,11.97,1.044871794871795e-05,0.0005224358974358974
text+audio_text_ln_lrh0.001_e5_s43,164,1,1.05871,8.819,1.0512820512820514e-05,0.0005256410256410256
text+audio_text_ln_lrh0.001_e5_s43,165,1,0.94309,11.6447,1.0576923076923078e-05,0.0005288461538461538
text+audio_text_ln_lrh0.001_e5_s43,166,1,1.33758,8.7676,1.0641025641025643e-05,0.000532051282051282
text+audio_text_ln_lrh0.001_e5_s43,167,1,0.89512,16.2321,1.0705128205128205e-05,0.0005352564102564102
text+audio_text_ln_lrh0.001_e5_s43,168,1,1.12532,7.7794,1.076923076923077e-05,0.0005384615384615384
text+audio_text_ln_lrh0.001_e5_s43,169,1,1.15546,11.7348,1.0833333333333334e-05,0.0005416666666666666
text+audio_text_ln_lrh0.001_e5_s43,170,1,1.369,11.6768,1.0897435897435898e-05,0.0005448717948717948
text+audio_text_ln_lrh0.001_e5_s43,171,1,1.25335,13.4116,1.0961538461538464e-05,0.0005480769230769232
text+audio_text_ln_lrh0.001_e5_s43,172,1,1.43372,13.7263,1.1025641025641028e-05,0.0005512820512820514
text+audio_text_ln_lrh0.001_e5_s43,173,1,1.41347,13.4875,1.1089743589743592e-05,0.0005544871794871796
text+audio_text_ln_lrh0.001_e5_s43,174,1,1.54467,11.5045,1.1153846153846154e-05,0.0005576923076923078
text+audio_text_ln_lrh0.001_e5_s43,175,1,1.44877,23.1332,1.1217948717948719e-05,0.000560897435897436
text+audio_text_ln_lrh0.001_e5_s43,176,1,1.48735,20.7067,1.1282051282051283e-05,0.0005641025641025641
text+audio_text_ln_lrh0.001_e5_s43,177,1,1.3617,16.5005,1.1346153846153847e-05,0.0005673076923076923
text+audio_text_ln_lrh0.001_e5_s43,178,1,0.98717,11.7807,1.1410256410256411e-05,0.0005705128205128205
text+audio_text_ln_lrh0.001_e5_s43,179,1,1.21913,12.3642,1.1474358974358974e-05,0.0005737179487179487
text+audio_text_ln_lrh0.001_e5_s43,180,1,1.45909,19.3663,1.1538461538461538e-05,0.0005769230769230769
text+audio_text_ln_lrh0.001_e5_s43,181,1,1.45316,24.6703,1.1602564102564104e-05,0.0005801282051282052
text+audio_text_ln_lrh0.001_e5_s43,182,1,0.95023,13.5506,1.1666666666666668e-05,0.0005833333333333334
text+audio_text_ln_lrh0.001_e5_s43,183,1,1.36817,20.2778,1.1730769230769232e-05,0.0005865384615384616
text+audio_text_ln_lrh0.001_e5_s43,184,1,1.39897,17.1892,1.1794871794871796e-05,0.0005897435897435898
text+audio_text_ln_lrh0.001_e5_s43,185,1,0.98924,13.7779,1.185897435897436e-05,0.000592948717948718
text+audio_text_ln_lrh0.001_e5_s43,186,1,0.77452,15.5226,1.1923076923076925e-05,0.0005961538461538462
text+audio_text_ln_lrh0.001_e5_s43,187,1,0.76897,16.6572,1.1987179487179487e-05,0.0005993589743589744
text+audio_text_ln_lrh0.001_e5_s43,188,1,1.46974,15.0293,1.2051282051282051e-05,0.0006025641025641026
text+audio_text_ln_lrh0.001_e5_s43,189,1,1.09171,10.5094,1.2115384615384615e-05,0.0006057692307692307
text+audio_text_ln_lrh0.001_e5_s43,190,1,0.86899,14.0738,1.217948717948718e-05,0.0006089743589743589
text+audio_text_ln_lrh0.001_e5_s43,191,1,0.94545,12.0324,1.2243589743589746e-05,0.0006121794871794872
text+audio_text_ln_lrh0.001_e5_s43,192,1,1.66308,13.5122,1.230769230769231e-05,0.0006153846153846154
text+audio_text_ln_lrh0.001_e5_s43,193,1,1.7238,23.8256,1.2371794871794874e-05,0.0006185897435897436
text+audio_text_ln_lrh0.001_e5_s43,194,1,0.55012,16.9079,1.2435897435897436e-05,0.0006217948717948718
text+audio_text_ln_lrh0.001_e5_s43,195,1,1.09438,13.7212,1.25e-05,0.000625
text+audio_text_ln_lrh0.001_e5_s43,196,1,1.67525,22.345,1.2564102564102565e-05,0.0006282051282051282
text+audio_text_ln_lrh0.001_e5_s43,197,1,0.9799,14.6898,1.2628205128205129e-05,0.0006314102564102564
text+audio_text_ln_lrh0.001_e5_s43,198,1,1.62297,20.5743,1.2692307692307693e-05,0.0006346153846153846
text+audio_text_ln_lrh0.001_e5_s43,199,1,0.94597,23.087,1.2756410256410257e-05,0.0006378205128205128
text+audio_text_ln_lrh0.001_e5_s43,200,1,1.2344,19.8599,1.2820512820512823e-05,0.0006410256410256411
text+audio_text_ln_lrh0.001_e5_s43,201,1,1.14713,18.2156,1.2884615384615386e-05,0.0006442307692307693
text+audio_text_ln_lrh0.001_e5_s43,202,1,1.42573,15.4352,1.294871794871795e-05,0.0006474358974358974
text+audio_text_ln_lrh0.001_e5_s43,203,1,0.91994,15.8697,1.3012820512820514e-05,0.0006506410256410256
text+audio_text_ln_lrh0.001_e5_s43,204,1,0.96008,16.0121,1.3076923076923078e-05,0.0006538461538461538
text+audio_text_ln_lrh0.001_e5_s43,205,1,1.39459,25.3084,1.3141025641025642e-05,0.000657051282051282
text+audio_text_ln_lrh0.001_e5_s43,206,1,1.00118,16.7128,1.3205128205128207e-05,0.0006602564102564102
text+audio_text_ln_lrh0.001_e5_s43,207,1,1.34291,22.1784,1.3269230769230769e-05,0.0006634615384615384
text+audio_text_ln_lrh0.001_e5_s43,208,1,1.46801,12.0843,1.3333333333333333e-05,0.0006666666666666666
text+audio_text_ln_lrh0.001_e5_s43,209,1,1.20482,13.3074,1.3397435897435897e-05,0.0006698717948717948
text+audio_text_ln_lrh0.001_e5_s43,210,1,1.27518,10.9368,1.3461538461538463e-05,0.0006730769230769232
text+audio_text_ln_lrh0.001_e5_s43,211,1,1.26071,10.628,1.3525641025641028e-05,0.0006762820512820514
text+audio_text_ln_lrh0.001_e5_s43,212,1,1.84025,19.2305,1.3589743589743592e-05,0.0006794871794871796
text+audio_text_ln_lrh0.001_e5_s43,213,1,1.43628,19.1864,1.3653846153846156e-05,0.0006826923076923078
text+audio_text_ln_lrh0.001_e5_s43,214,1,1.41458,12.3785,1.3717948717948718e-05,0.000685897435897436
text+audio_text_ln_lrh0.001_e5_s43,215,1,0.865,9.6966,1.3782051282051283e-05,0.0006891025641025641
text+audio_text_ln_lrh0.001_e5_s43,216,1,1.14915,9.0064,1.3846153846153847e-05,0.0006923076923076923
text+audio_text_ln_lrh0.001_e5_s43,217,1,0.90362,12.4551,1.3910256410256411e-05,0.0006955128205128205
text+audio_text_ln_lrh0.001_e5_s43,218,1,1.13678,15.7696,1.3974358974358975e-05,0.0006987179487179487
text+audio_text_ln_lrh0.001_e5_s43,219,1,1.40278,18.5462,1.403846153846154e-05,0.0007019230769230769
text+audio_text_ln_lrh0.001_e5_s43,220,1,1.19093,13.6709,1.4102564102564105e-05,0.0007051282051282052
text+audio_text_ln_lrh0.001_e5_s43,221,1,1.15501,14.4932,1.416666666666667e-05,0.0007083333333333334
text+audio_text_ln_lrh0.001_e5_s43,222,1,1.14461,11.3438,1.4230769230769232e-05,0.0007115384615384616
text+audio_text_ln_lrh0.001_e5_s43,223,1,1.33792,10.4654,1.4294871794871796e-05,0.0007147435897435898
text+audio_text_ln_lrh0.001_e5_s43,224,1,1.1977,13.1248,1.435897435897436e-05,0.000717948717948718
text+audio_text_ln_lrh0.001_e5_s43,225,1,1.527,15.5603,1.4423076923076924e-05,0.0007211538461538462
text+audio_text_ln_lrh0.001_e5_s43,226,1,1.38639,12.4235,1.4487179487179489e-05,0.0007243589743589744
text+audio_text_ln_lrh0.001_e5_s43,227,1,1.16904,19.0438,1.4551282051282051e-05,0.0007275641025641026
text+audio_text_ln_lrh0.001_e5_s43,228,1,1.07767,13.5598,1.4615384615384615e-05,0.0007307692307692307
text+audio_text_ln_lrh0.001_e5_s43,229,1,1.2155,10.382,1.467948717948718e-05,0.0007339743589743589
text+audio_text_ln_lrh0.001_e5_s43,230,1,1.44093,13.5948,1.4743589743589745e-05,0.0007371794871794872
text+audio_text_ln_lrh0.001_e5_s43,231,1,0.91666,16.0772,1.480769230769231e-05,0.0007403846153846154
text+audio_text_ln_lrh0.001_e5_s43,232,1,1.20814,14.5824,1.4871794871794874e-05,0.0007435897435897436
text+audio_text_ln_lrh0.001_e5_s43,233,1,1.27867,13.9587,1.4935897435897438e-05,0.0007467948717948718
text+audio_text_ln_lrh0.001_e5_s43,234,1,1.40687,19.3797,1.5000000000000002e-05,0.00075
text+audio_text_ln_lrh0.001_e5_s43,235,1,1.02779,13.894,1.5064102564102565e-05,0.0007532051282051282
text+audio_text_ln_lrh0.001_e5_s43,236,1,1.33593,22.4228,1.5128205128205129e-05,0.0007564102564102564
text+audio_text_ln_lrh0.001_e5_s43,237,1,0.56015,9.4237,1.5192307692307693e-05,0.0007596153846153846
text+audio_text_ln_lrh0.001_e5_s43,238,1,1.21155,23.1703,1.5256410256410257e-05,0.0007628205128205128
text+audio_text_ln_lrh0.001_e5_s43,239,1,1.30856,30.3514,1.5320512820512823e-05,0.0007660256410256411
text+audio_text_ln_lrh0.001_e5_s43,240,1,1.23047,12.0352,1.5384615384615387e-05,0.0007692307692307693
text+audio_text_ln_lrh0.001_e5_s43,241,1,0.47071,13.0685,1.544871794871795e-05,0.0007724358974358974
text+audio_text_ln_lrh0.001_e5_s43,242,1,1.19854,15.1426,1.5512820512820516e-05,0.0007756410256410256
text+audio_text_ln_lrh0.001_e5_s43,243,1,1.40895,16.7506,1.557692307692308e-05,0.0007788461538461538
text+audio_text_ln_lrh0.001_e5_s43,244,1,0.89225,12.843,1.5641025641025644e-05,0.000782051282051282
text+audio_text_ln_lrh0.001_e5_s43,245,1,0.95852,25.1097,1.5705128205128205e-05,0.0007852564102564102
text+audio_text_ln_lrh0.001_e5_s43,246,1,1.79302,24.7528,1.576923076923077e-05,0.0007884615384615384
text+audio_text_ln_lrh0.001_e5_s43,247,1,1.22086,16.1895,1.5833333333333333e-05,0.0007916666666666666
text+audio_text_ln_lrh0.001_e5_s43,248,1,1.16029,18.6625,1.5897435897435897e-05,0.0007948717948717948
text+audio_text_ln_lrh0.001_e5_s43,249,1,1.10462,19.5576,1.5961538461538465e-05,0.0007980769230769232
text+audio_text_ln_lrh0.001_e5_s43,250,1,1.09129,15.6342,1.602564102564103e-05,0.0008012820512820514
text+audio_text_ln_lrh0.001_e5_s43,251,1,1.0314,14.1031,1.6089743589743593e-05,0.0008044871794871796
text+audio_text_ln_lrh0.001_e5_s43,252,1,1.07148,15.1155,1.6153846153846154e-05,0.0008076923076923078
text+audio_text_ln_lrh0.001_e5_s43,253,1,1.20599,12.0284,1.6217948717948718e-05,0.000810897435897436
text+audio_text_ln_lrh0.001_e5_s43,254,1,1.37016,15.2856,1.6282051282051282e-05,0.0008141025641025641
text+audio_text_ln_lrh0.001_e5_s43,255,1,1.38841,19.6119,1.6346153846153847e-05,0.0008173076923076923
text+audio_text_ln_lrh0.001_e5_s43,256,1,0.9049,17.2458,1.641025641025641e-05,0.0008205128205128205
text+audio_text_ln_lrh0.001_e5_s43,257,1,0.96455,15.5561,1.6474358974358975e-05,0.0008237179487179487
text+audio_text_ln_lrh0.001_e5_s43,258,1,0.96375,14.2134,1.653846153846154e-05,0.0008269230769230769
text+audio_text_ln_lrh0.001_e5_s43,259,1,1.0294,11.8231,1.6602564102564103e-05,0.0008301282051282052
text+audio_text_ln_lrh0.001_e5_s43,260,1,1.24016,18.1417,1.6666666666666667e-05,0.0008333333333333334
text+audio_text_ln_lrh0.001_e5_s43,261,1,1.62851,15.5621,1.673076923076923e-05,0.0008365384615384616
text+audio_text_ln_lrh0.001_e5_s43,262,1,1.14606,23.4093,1.6794871794871796e-05,0.0008397435897435898
text+audio_text_ln_lrh0.001_e5_s43,263,1,1.60666,14.7311,1.685897435897436e-05,0.000842948717948718
text+audio_text_ln_lrh0.001_e5_s43,264,1,0.98418,18.7916,1.6923076923076924e-05,0.0008461538461538462
text+audio_text_ln_lrh0.001_e5_s43,265,1,1.32977,20.0491,1.698717948717949e-05,0.0008493589743589744
text+audio_text_ln_lrh0.001_e5_s43,266,1,1.02788,10.6927,1.7051282051282053e-05,0.0008525641025641026
text+audio_text_ln_lrh0.001_e5_s43,267,1,1.44371,17.6531,1.7115384615384617e-05,0.0008557692307692307
text+audio_text_ln_lrh0.001_e5_s43,268,1,1.39579,19.4174,1.717948717948718e-05,0.0008589743589743589
text+audio_text_ln_lrh0.001_e5_s43,269,1,1.6647,11.9729,1.7243589743589745e-05,0.0008621794871794872
text+audio_text_ln_lrh0.001_e5_s43,270,1,1.50609,16.3168,1.730769230769231e-05,0.0008653846153846154
text+audio_text_ln_lrh0.001_e5_s43,271,1,1.69809,17.9566,1.7371794871794873e-05,0.0008685897435897436
text+audio_text_ln_lrh0.001_e5_s43,272,1,1.21018,12.009,1.7435897435897438e-05,0.0008717948717948718
text+audio_text_ln_lrh0.001_e5_s43,273,1,1.58305,17.8982,1.7500000000000002e-05,0.000875
text+audio_text_ln_lrh0.001_e5_s43,274,1,1.19906,16.5742,1.7564102564102566e-05,0.0008782051282051282
text+audio_text_ln_lrh0.001_e5_s43,275,1,1.61287,14.0307,1.762820512820513e-05,0.0008814102564102564
text+audio_text_ln_lrh0.001_e5_s43,276,1,1.28362,16.0435,1.7692307692307694e-05,0.0008846153846153846
text+audio_text_ln_lrh0.001_e5_s43,277,1,1.51779,15.0952,1.775641025641026e-05,0.0008878205128205128
text+audio_text_ln_lrh0.001_e5_s43,278,1,1.31216,20.0866,1.7820512820512823e-05,0.0008910256410256411
text+audio_text_ln_lrh0.001_e5_s43,279,1,1.44766,22.4062,1.7884615384615387e-05,0.0008942307692307693
text+audio_text_ln_lrh0.001_e5_s43,280,1,1.18304,18.8079,1.794871794871795e-05,0.0008974358974358974
text+audio_text_ln_lrh0.001_e5_s43,281,1,1.23503,13.3986,1.8012820512820515e-05,0.0009006410256410256
text+audio_text_ln_lrh0.001_e5_s43,282,1,0.90507,11.4278,1.807692307692308e-05,0.0009038461538461538
text+audio_text_ln_lrh0.001_e5_s43,283,1,0.84625,13.8231,1.8141025641025644e-05,0.000907051282051282
text+audio_text_ln_lrh0.001_e5_s43,284,1,1.38249,14.4665,1.8205128205128208e-05,0.0009102564102564102
text+audio_text_ln_lrh0.001_e5_s43,285,1,1.37897,13.3622,1.826923076923077e-05,0.0009134615384615384
text+audio_text_ln_lrh0.001_e5_s43,286,1,1.17318,20.7715,1.8333333333333333e-05,0.0009166666666666666
text+audio_text_ln_lrh0.001_e5_s43,287,1,1.40972,21.7969,1.8397435897435897e-05,0.0009198717948717949
text+audio_text_ln_lrh0.001_e5_s43,288,1,1.75185,17.6459,1.8461538461538465e-05,0.0009230769230769232
text+audio_text_ln_lrh0.001_e5_s43,289,1,0.85656,10.5103,1.852564102564103e-05,0.0009262820512820514
text+audio_text_ln_lrh0.001_e5_s43,290,1,1.34426,10.1393,1.8589743589743593e-05,0.0009294871794871796
text+audio_text_ln_lrh0.001_e5_s43,291,1,1.1605,11.9843,1.8653846153846157e-05,0.0009326923076923078
text+audio_text_ln_lrh0.001_e5_s43,292,1,1.57307,13.0067,1.8717948717948718e-05,0.000935897435897436
text+audio_text_ln_lrh0.001_e5_s43,293,1,1.19988,15.6316,1.8782051282051282e-05,0.0009391025641025641
text+audio_text_ln_lrh0.001_e5_s43,294,1,1.49723,17.9714,1.8846153846153846e-05,0.0009423076923076923
text+audio_text_ln_lrh0.001_e5_s43,295,1,1.52138,14.9229,1.891025641025641e-05,0.0009455128205128205
text+audio_text_ln_lrh0.001_e5_s43,296,1,0.94286,10.513,1.8974358974358975e-05,0.0009487179487179487
text+audio_text_ln_lrh0.001_e5_s43,297,1,1.36903,21.4547,1.903846153846154e-05,0.0009519230769230769
text+audio_text_ln_lrh0.001_e5_s43,298,1,1.62469,13.8678,1.9102564102564106e-05,0.0009551282051282052
text+audio_text_ln_lrh0.001_e5_s43,299,1,1.27381,29.8286,1.916666666666667e-05,0.0009583333333333334
text+audio_text_ln_lrh0.001_e5_s43,300,1,1.10361,14.2885,1.923076923076923e-05,0.0009615384615384616
text+audio_text_ln_lrh0.001_e5_s43,301,1,1.26981,11.532,1.9294871794871796e-05,0.0009647435897435898
text+audio_text_ln_lrh0.001_e5_s43,302,1,2.16143,16.9118,1.935897435897436e-05,0.000967948717948718
text+audio_text_ln_lrh0.001_e5_s43,303,1,1.19125,14.2228,1.9423076923076924e-05,0.0009711538461538462
text+audio_text_ln_lrh0.001_e5_s43,304,1,1.36123,11.014,1.9487179487179488e-05,0.0009743589743589744
text+audio_text_ln_lrh0.001_e5_s43,305,1,1.04147,10.0087,1.9551282051282052e-05,0.0009775641025641026
text+audio_text_ln_lrh0.001_e5_s43,306,1,1.32886,12.7244,1.9615384615384617e-05,0.0009807692307692308
text+audio_text_ln_lrh0.001_e5_s43,307,1,1.04356,14.3559,1.967948717948718e-05,0.000983974358974359
text+audio_text_ln_lrh0.001_e5_s43,308,1,1.17356,17.0521,1.9743589743589745e-05,0.0009871794871794872
text+audio_text_ln_lrh0.001_e5_s43,309,1,1.07089,14.9248,1.980769230769231e-05,0.0009903846153846154
text+audio_text_ln_lrh0.001_e5_s43,310,1,1.15396,16.5529,1.9871794871794873e-05,0.0009935897435897436
text+audio_text_ln_lrh0.001_e5_s43,311,1,1.09298,9.3494,1.9935897435897437e-05,0.0009967948717948718
text+audio_text_ln_lrh0.001_e5_s43,312,1,1.23002,12.539,2e-05,0.001
text+audio_text_ln_lrh0.001_e5_s43,313,1,1.26012,11.5132,1.9992890152861714e-05,0.0009996445076430856
text+audio_text_ln_lrh0.001_e5_s43,314,1,1.0179,9.5558,1.9985780305723426e-05,0.0009992890152861714
text+audio_text_ln_lrh0.001_e5_s43,315,1,0.9603,11.0294,1.9978670458585142e-05,0.000998933522929257
text+audio_text_ln_lrh0.001_e5_s43,316,1,0.77424,12.0842,1.9971560611446855e-05,0.0009985780305723428
text+audio_text_ln_lrh0.001_e5_s43,317,1,1.39733,18.9146,1.996445076430857e-05,0.0009982225382154284
text+audio_text_ln_lrh0.001_e5_s43,318,1,1.72475,26.7277,1.9957340917170283e-05,0.000997867045858514
text+audio_text_ln_lrh0.001_e5_s43,319,1,1.35978,17.3362,1.9950231070031995e-05,0.0009975115535015998
text+audio_text_ln_lrh0.001_e5_s43,320,1,0.969,13.4845,1.9943121222893708e-05,0.0009971560611446854
text+audio_text_ln_lrh0.001_e5_s43,321,1,1.05149,14.22,1.9936011375755423e-05,0.000996800568787771
text+audio_text_ln_lrh0.001_e5_s43,322,1,1.26957,14.0145,1.9928901528617136e-05,0.0009964450764308568
text+audio_text_ln_lrh0.001_e5_s43,323,1,0.8256,15.5388,1.992179168147885e-05,0.0009960895840739426
text+audio_text_ln_lrh0.001_e5_s43,324,1,1.26979,17.9268,1.9914681834340564e-05,0.0009957340917170281
text+audio_text_ln_lrh0.001_e5_s43,325,1,1.3645,18.8905,1.9907571987202276e-05,0.0009953785993601137
text+audio_text_ln_lrh0.001_e5_s43,326,1,0.7447,10.4276,1.990046214006399e-05,0.0009950231070031995
text+audio_text_ln_lrh0.001_e5_s43,327,1,1.15831,18.6876,1.98933522929257e-05,0.0009946676146462851
text+audio_text_ln_lrh0.001_e5_s43,328,1,1.2742,14.3692,1.9886242445787417e-05,0.000994312122289371
text+audio_text_ln_lrh0.001_e5_s43,329,1,1.24311,19.1322,1.9879132598649133e-05,0.0009939566299324565
text+audio_text_ln_lrh0.001_e5_s43,330,1,1.38692,20.185,1.9872022751510845e-05,0.000993601137575542
text+audio_text_ln_lrh0.001_e5_s43,331,1,1.23613,25.5916,1.9864912904372558e-05,0.000993245645218628
text+audio_text_ln_lrh0.001_e5_s43,332,1,1.05756,24.8226,1.985780305723427e-05,0.0009928901528617135
text+audio_text_ln_lrh0.001_e5_s43,333,1,0.78441,25.5876,1.9850693210095982e-05,0.000992534660504799
text+audio_text_ln_lrh0.001_e5_s43,334,1,1.95335,18.9326,1.9843583362957698e-05,0.0009921791681478849
text+audio_text_ln_lrh0.001_e5_s43,335,1,0.96129,18.811,1.983647351581941e-05,0.0009918236757909705
text+audio_text_ln_lrh0.001_e5_s43,336,1,1.75014,20.8015,1.9829363668681126e-05,0.0009914681834340563
text+audio_text_ln_lrh0.001_e5_s43,337,1,1.56292,18.6803,1.982225382154284e-05,0.0009911126910771418
text+audio_text_ln_lrh0.001_e5_s43,338,1,1.83768,33.9366,1.981514397440455e-05,0.0009907571987202274
text+audio_text_ln_lrh0.001_e5_s43,339,1,1.27242,14.6391,1.9808034127266264e-05,0.0009904017063633132
text+audio_text_ln_lrh0.001_e5_s43,340,1,1.03238,18.2441,1.980092428012798e-05,0.000990046214006399
text+audio_text_ln_lrh0.001_e5_s43,341,1,1.72733,18.4758,1.9793814432989692e-05,0.0009896907216494846
text+audio_text_ln_lrh0.001_e5_s43,342,1,1.13688,13.5786,1.9786704585851408e-05,0.0009893352292925702
text+audio_text_ln_lrh0.001_e5_s43,343,1,0.96287,7.9492,1.977959473871312e-05,0.0009889797369356558
text+audio_text_ln_lrh0.001_e5_s43,344,1,1.07395,14.3436,1.9772484891574832e-05,0.0009886242445787416
text+audio_text_ln_lrh0.001_e5_s43,345,1,1.50544,23.5783,1.9765375044436545e-05,0.0009882687522218272
text+audio_text_ln_lrh0.001_e5_s43,346,1,1.07401,13.3768,1.9758265197298257e-05,0.0009879132598649128
text+audio_text_ln_lrh0.001_e5_s43,347,1,1.19576,10.836,1.9751155350159973e-05,0.0009875577675079986
text+audio_text_ln_lrh0.001_e5_s43,348,1,0.90633,9.1133,1.9744045503021686e-05,0.0009872022751510844
text+audio_text_ln_lrh0.001_e5_s43,349,1,1.2229,12.6283,1.97369356558834e-05,0.00098684678279417
text+audio_text_ln_lrh0.001_e5_s43,350,1,2.17515,28.807,1.9729825808745114e-05,0.0009864912904372556
text+audio_text_ln_lrh0.001_e5_s43,351,1,1.23253,13.2051,1.9722715961606826e-05,0.0009861357980803414
text+audio_text_ln_lrh0.001_e5_s43,352,1,1.63154,15.7607,1.971560611446854e-05,0.000985780305723427
text+audio_text_ln_lrh0.001_e5_s43,353,1,1.75033,16.9878,1.9708496267330254e-05,0.0009854248133665127
text+audio_text_ln_lrh0.001_e5_s43,354,1,0.93319,17.633,1.9701386420191967e-05,0.0009850693210095983
text+audio_text_ln_lrh0.001_e5_s43,355,1,1.35865,12.5539,1.9694276573053683e-05,0.000984713828652684
text+audio_text_ln_lrh0.001_e5_s43,356,1,1.28541,14.6064,1.9687166725915395e-05,0.0009843583362957697
text+audio_text_ln_lrh0.001_e5_s43,357,1,0.91272,11.9309,1.9680056878777107e-05,0.0009840028439388553
text+audio_text_ln_lrh0.001_e5_s43,358,1,0.75572,9.8408,1.967294703163882e-05,0.000983647351581941
text+audio_text_ln_lrh0.001_e5_s43,359,1,0.66685,10.9981,1.9665837184500536e-05,0.0009832918592250267
text+audio_text_ln_lrh0.001_e5_s43,360,1,1.12137,13.9625,1.9658727337362248e-05,0.0009829363668681123
text+audio_text_ln_lrh0.001_e5_s43,361,1,1.37865,13.7286,1.9651617490223964e-05,0.000982580874511198
text+audio_text_ln_lrh0.001_e5_s43,362,1,1.02361,14.2232,1.9644507643085676e-05,0.0009822253821542837
text+audio_text_ln_lrh0.001_e5_s43,363,1,1.62769,20.3313,1.963739779594739e-05,0.0009818698897973693
text+audio_text_ln_lrh0.001_e5_s43,364,1,1.15201,10.6389,1.96302879488091e-05,0.000981514397440455
text+audio_text_ln_lrh0.001_e5_s43,365,1,1.24879,10.1219,1.9623178101670817e-05,0.0009811589050835409
text+audio_text_ln_lrh0.001_e5_s43,366,1,0.98471,11.5886,1.961606825453253e-05,0.0009808034127266265
text+audio_text_ln_lrh0.001_e5_s43,367,1,1.19033,13.9207,1.960895840739424e-05,0.000980447920369712
text+audio_text_ln_lrh0.001_e5_s43,368,1,0.4495,13.107,1.9601848560255957e-05,0.0009800924280127978
text+audio_text_ln_lrh0.001_e5_s43,369,1,1.35504,19.5792,1.959473871311767e-05,0.0009797369356558834
text+audio_text_ln_lrh0.001_e5_s43,370,1,1.39406,13.1476,1.9587628865979382e-05,0.000979381443298969
text+audio_text_ln_lrh0.001_e5_s43,371,1,1.28437,14.6812,1.9580519018841098e-05,0.0009790259509420548
text+audio_text_ln_lrh0.001_e5_s43,372,1,1.86561,19.286,1.957340917170281e-05,0.0009786704585851404
text+audio_text_ln_lrh0.001_e5_s43,373,1,0.9239,11.1657,1.9566299324564523e-05,0.0009783149662282262
text+audio_text_ln_lrh0.001_e5_s43,374,1,1.73956,14.372,1.955918947742624e-05,0.0009779594738713118
text+audio_text_ln_lrh0.001_e5_s43,375,1,0.84331,11.2163,1.955207963028795e-05,0.0009776039815143974
text+audio_text_ln_lrh0.001_e5_s43,376,1,1.01323,9.7211,1.9544969783149663e-05,0.0009772484891574832
text+audio_text_ln_lrh0.001_e5_s43,377,1,1.15818,11.2167,1.9537859936011376e-05,0.0009768929968005688
text+audio_text_ln_lrh0.001_e5_s43,378,1,1.11473,11.4171,1.953075008887309e-05,0.0009765375044436545
text+audio_text_ln_lrh0.001_e5_s43,379,1,0.93429,11.3335,1.9523640241734804e-05,0.0009761820120867402
text+audio_text_ln_lrh0.001_e5_s43,380,1,1.36421,12.1491,1.9516530394596516e-05,0.0009758265197298259
text+audio_text_ln_lrh0.001_e5_s43,381,1,1.3259,19.0942,1.9509420547458232e-05,0.0009754710273729114
text+audio_text_ln_lrh0.001_e5_s43,382,1,1.30326,14.0178,1.9502310700319945e-05,0.0009751155350159971
text+audio_text_ln_lrh0.001_e5_s43,383,1,0.78911,11.5062,1.9495200853181657e-05,0.0009747600426590828
text+audio_text_ln_lrh0.001_e5_s43,384,1,1.02832,13.4369,1.9488091006043373e-05,0.0009744045503021685
text+audio_text_ln_lrh0.001_e5_s43,385,1,1.00966,14.0384,1.9480981158905085e-05,0.0009740490579452542
text+audio_text_ln_lrh0.001_e5_s43,386,1,1.17455,12.8118,1.9473871311766798e-05,0.0009736935655883399
text+audio_text_ln_lrh0.001_e5_s43,387,1,0.82153,9.6372,1.9466761464628513e-05,0.0009733380732314255
text+audio_text_ln_lrh0.001_e5_s43,388,1,1.27524,17.2638,1.9459651617490226e-05,0.0009729825808745112
text+audio_text_ln_lrh0.001_e5_s43,389,1,0.91361,13.3555,1.9452541770351938e-05,0.0009726270885175969
text+audio_text_ln_lrh0.001_e5_s43,390,1,1.30389,12.4945,1.9445431923213654e-05,0.0009722715961606826
text+audio_text_ln_lrh0.001_e5_s43,391,1,0.83429,14.8029,1.9438322076075366e-05,0.0009719161038037683
text+audio_text_ln_lrh0.001_e5_s43,392,1,0.74699,11.4831,1.943121222893708e-05,0.000971560611446854
text+audio_text_ln_lrh0.001_e5_s43,393,1,1.46883,18.3195,1.942410238179879e-05,0.0009712051190899396
text+audio_text_ln_lrh0.001_e5_s43,394,1,1.01106,13.5663,1.9416992534660507e-05,0.0009708496267330253
text+audio_text_ln_lrh0.001_e5_s43,395,1,1.56193,26.0492,1.940988268752222e-05,0.0009704941343761108
text+audio_text_ln_lrh0.001_e5_s43,396,1,0.64661,18.4984,1.9402772840383935e-05,0.0009701386420191967
text+audio_text_ln_lrh0.001_e5_s43,397,1,1.23779,13.1112,1.9395662993245648e-05,0.0009697831496622823
text+audio_text_ln_lrh0.001_e5_s43,398,1,0.86761,14.109,1.938855314610736e-05,0.0009694276573053679
text+audio_text_ln_lrh0.001_e5_s43,399,1,1.13304,22.5371,1.9381443298969072e-05,0.0009690721649484536
text+audio_text_ln_lrh0.001_e5_s43,400,1,0.89323,13.2072,1.9374333451830788e-05,0.0009687166725915393
text+audio_text_ln_lrh0.001_e5_s43,401,1,0.88976,12.4631,1.93672236046925e-05,0.0009683611802346249
text+audio_text_ln_lrh0.001_e5_s43,402,1,1.06255,16.192,1.9360113757554213e-05,0.0009680056878777106
text+audio_text_ln_lrh0.001_e5_s43,403,1,1.71502,14.3017,1.935300391041593e-05,0.0009676501955207964
text+audio_text_ln_lrh0.001_e5_s43,404,1,0.87441,12.4456,1.934589406327764e-05,0.000967294703163882
text+audio_text_ln_lrh0.001_e5_s43,405,1,1.48565,17.8035,1.9338784216139354e-05,0.0009669392108069677
text+audio_text_ln_lrh0.001_e5_s43,406,1,1.53225,17.9789,1.933167436900107e-05,0.0009665837184500534
text+audio_text_ln_lrh0.001_e5_s43,407,1,1.48596,18.399,1.9324564521862782e-05,0.000966228226093139
text+audio_text_ln_lrh0.001_e5_s43,408,1,1.00695,12.5473,1.9317454674724494e-05,0.0009658727337362247
text+audio_text_ln_lrh0.001_e5_s43,409,1,1.48795,17.6972,1.931034482758621e-05,0.0009655172413793104
text+audio_text_ln_lrh0.001_e5_s43,410,1,1.41762,11.7845,1.9303234980447922e-05,0.000965161749022396
text+audio_text_ln_lrh0.001_e5_s43,411,1,1.40712,11.8021,1.9296125133309635e-05,0.0009648062566654817
text+audio_text_ln_lrh0.001_e5_s43,412,1,1.07001,13.1263,1.9289015286171347e-05,0.0009644507643085673
text+audio_text_ln_lrh0.001_e5_s43,413,1,1.31282,13.2389,1.9281905439033063e-05,0.000964095271951653
text+audio_text_ln_lrh0.001_e5_s43,414,1,1.17413,16.6894,1.9274795591894775e-05,0.0009637397795947387
text+audio_text_ln_lrh0.001_e5_s43,415,1,1.3629,12.721,1.926768574475649e-05,0.0009633842872378244
text+audio_text_ln_lrh0.001_e5_s43,416,1,1.31297,12.2487,1.9260575897618204e-05,0.0009630287948809101
text+audio_text_ln_lrh0.001_e5_s43,417,1,1.31602,10.3436,1.9253466050479916e-05,0.0009626733025239958
text+audio_text_ln_lrh0.001_e5_s43,418,1,1.12823,11.7217,1.924635620334163e-05,0.0009623178101670814
text+audio_text_ln_lrh0.001_e5_s43,419,1,1.21468,15.3417,1.9239246356203344e-05,0.0009619623178101671
text+audio_text_ln_lrh0.001_e5_s43,420,1,0.99624,8.8409,1.9232136509065057e-05,0.0009616068254532528
text+audio_text_ln_lrh0.001_e5_s43,421,1,1.1521,8.3974,1.9225026661926772e-05,0.0009612513330963385
text+audio_text_ln_lrh0.001_e5_s43,422,1,1.08367,9.2385,1.9217916814788485e-05,0.0009608958407394242
text+audio_text_ln_lrh0.001_e5_s43,423,1,1.37063,11.8818,1.9210806967650197e-05,0.0009605403483825098
text+audio_text_ln_lrh0.001_e5_s43,424,1,1.23493,12.1653,1.920369712051191e-05,0.0009601848560255955
text+audio_text_ln_lrh0.001_e5_s43,425,1,1.14317,11.3187,1.9196587273373622e-05,0.0009598293636686811
text+audio_text_ln_lrh0.001_e5_s43,426,1,1.12968,10.7379,1.9189477426235338e-05,0.0009594738713117667
text+audio_text_ln_lrh0.001_e5_s43,427,1,1.46614,11.3372,1.9182367579097054e-05,0.0009591183789548525
text+audio_text_ln_lrh0.001_e5_s43,428,1,1.00358,11.0411,1.9175257731958766e-05,0.0009587628865979382
text+audio_text_ln_lrh0.001_e5_s43,429,1,1.60669,11.753,1.916814788482048e-05,0.0009584073942410238
text+audio_text_ln_lrh0.001_e5_s43,430,1,0.98407,9.0798,1.916103803768219e-05,0.0009580519018841095
text+audio_text_ln_lrh0.001_e5_s43,431,1,1.41916,12.2521,1.9153928190543903e-05,0.0009576964095271952
text+audio_text_ln_lrh0.001_e5_s43,432,1,0.75612,8.9848,1.914681834340562e-05,0.0009573409171702808
text+audio_text_ln_lrh0.001_e5_s43,433,1,1.62481,12.5043,1.913970849626733e-05,0.0009569854248133665
text+audio_text_ln_lrh0.001_e5_s43,434,1,1.32477,11.7673,1.9132598649129047e-05,0.0009566299324564523
text+audio_text_ln_lrh0.001_e5_s43,435,1,1.3432,16.3755,1.912548880199076e-05,0.0009562744400995379
text+audio_text_ln_lrh0.001_e5_s43,436,1,1.16585,10.642,1.9118378954852472e-05,0.0009559189477426236
text+audio_text_ln_lrh0.001_e5_s43,437,1,1.15486,12.1872,1.9111269107714184e-05,0.0009555634553857092
text+audio_text_ln_lrh0.001_e5_s43,438,1,0.95008,13.4889,1.9104159260575897e-05,0.0009552079630287949
text+audio_text_ln_lrh0.001_e5_s43,439,1,1.56424,12.5439,1.9097049413437613e-05,0.0009548524706718806
text+audio_text_ln_lrh0.001_e5_s43,440,1,0.96543,11.8956,1.908993956629933e-05,0.0009544969783149662
text+audio_text_ln_lrh0.001_e5_s43,441,1,1.12533,11.6844,1.908282971916104e-05,0.0009541414859580519
text+audio_text_ln_lrh0.001_e5_s43,442,1,0.93719,9.1366,1.9075719872022753e-05,0.0009537859936011376
text+audio_text_ln_lrh0.001_e5_s43,443,1,1.64888,22.0478,1.9068610024884466e-05,0.0009534305012442232
text+audio_text_ln_lrh0.001_e5_s43,444,1,1.24844,12.8268,1.9061500177746178e-05,0.0009530750088873089
text+audio_text_ln_lrh0.001_e5_s43,445,1,0.93403,9.1182,1.9054390330607894e-05,0.0009527195165303946
text+audio_text_ln_lrh0.001_e5_s43,446,1,1.12327,12.3536,1.9047280483469606e-05,0.0009523640241734803
text+audio_text_ln_lrh0.001_e5_s43,447,1,0.8818,14.5413,1.9040170636331322e-05,0.000952008531816566
text+audio_text_ln_lrh0.001_e5_s43,448,1,1.61437,16.4902,1.9033060789193034e-05,0.0009516530394596517
text+audio_text_ln_lrh0.001_e5_s43,449,1,0.80755,9.8988,1.9025950942054747e-05,0.0009512975471027373
text+audio_text_ln_lrh0.001_e5_s43,450,1,0.80522,10.1166,1.901884109491646e-05,0.000950942054745823
text+audio_text_ln_lrh0.001_e5_s43,451,1,1.26719,20.7861,1.9011731247778175e-05,0.0009505865623889086
text+audio_text_ln_lrh0.001_e5_s43,452,1,1.18768,21.9777,1.9004621400639887e-05,0.0009502310700319944
text+audio_text_ln_lrh0.001_e5_s43,453,1,1.03152,18.6991,1.8997511553501603e-05,0.0009498755776750801
text+audio_text_ln_lrh0.001_e5_s43,454,1,0.8846,11.0872,1.8990401706363316e-05,0.0009495200853181656
text+audio_text_ln_lrh0.001_e5_s43,455,1,1.02834,17.8223,1.8983291859225028e-05,0.0009491645929612513
text+audio_text_ln_lrh0.001_e5_s43,456,1,1.25044,16.4165,1.897618201208674e-05,0.000948809100604337
text+audio_text_ln_lrh0.001_e5_s43,457,1,0.61885,9.3509,1.8969072164948453e-05,0.0009484536082474226
text+audio_text_ln_lrh0.001_e5_s43,458,1,1.2377,13.0069,1.896196231781017e-05,0.0009480981158905084
text+audio_text_ln_lrh0.001_e5_s43,459,1,1.57921,17.8234,1.8954852470671884e-05,0.0009477426235335941
text+audio_text_ln_lrh0.001_e5_s43,460,1,1.23704,18.8811,1.8947742623533597e-05,0.0009473871311766797
text+audio_text_ln_lrh0.001_e5_s43,461,1,1.68148,19.3588,1.894063277639531e-05,0.0009470316388197654
text+audio_text_ln_lrh0.001_e5_s43,462,1,1.2322,13.6802,1.893352292925702e-05,0.0009466761464628511
text+audio_text_ln_lrh0.001_e5_s43,463,1,0.9529,10.5187,1.8926413082118734e-05,0.0009463206541059367
text+audio_text_ln_lrh0.001_e5_s43,464,1,1.13963,16.2379,1.891930323498045e-05,0.0009459651617490224
text+audio_text_ln_lrh0.001_e5_s43,465,1,1.0209,15.6241,1.8912193387842162e-05,0.0009456096693921082
text+audio_text_ln_lrh0.001_e5_s43,466,1,0.87756,11.6474,1.8905083540703878e-05,0.0009452541770351938
text+audio_text_ln_lrh0.001_e5_s43,467,1,0.86756,16.235,1.889797369356559e-05,0.0009448986846782795
text+audio_text_ln_lrh0.001_e5_s43,468,1,1.11823,24.6499,1.8890863846427303e-05,0.000944543192321365
text+audio_text_ln_lrh0.001_e5_s43,469,1,1.21736,10.9411,1.8883753999289015e-05,0.0009441876999644507
text+audio_text_ln_lrh0.001_e5_s43,470,1,1.26041,16.5474,1.8876644152150728e-05,0.0009438322076075364
text+audio_text_ln_lrh0.001_e5_s43,471,1,1.15017,9.9229,1.8869534305012444e-05,0.0009434767152506221
text+audio_text_ln_lrh0.001_e5_s43,472,1,1.06804,14.4759,1.886242445787416e-05,0.0009431212228937078
text+audio_text_ln_lrh0.001_e5_s43,473,1,1.10932,11.3819,1.8855314610735872e-05,0.0009427657305367935
text+audio_text_ln_lrh0.001_e5_s43,474,1,1.4808,13.5838,1.8848204763597584e-05,0.0009424102381798791
text+audio_text_ln_lrh0.001_e5_s43,475,1,0.85765,11.635,1.8841094916459297e-05,0.0009420547458229648
text+audio_text_ln_lrh0.001_e5_s43,476,1,1.0377,15.6963,1.883398506932101e-05,0.0009416992534660505
text+audio_text_ln_lrh0.001_e5_s43,477,1,1.39787,25.2006,1.8826875222182725e-05,0.0009413437611091362
text+audio_text_ln_lrh0.001_e5_s43,478,1,0.93377,12.0319,1.8819765375044437e-05,0.0009409882687522219
text+audio_text_ln_lrh0.001_e5_s43,479,1,1.23642,13.9476,1.8812655527906153e-05,0.0009406327763953076
text+audio_text_ln_lrh0.001_e5_s43,480,1,1.00421,12.7912,1.8805545680767865e-05,0.0009402772840383932
text+audio_text_ln_lrh0.001_e5_s43,481,1,1.38307,17.2342,1.8798435833629578e-05,0.0009399217916814789
text+audio_text_ln_lrh0.001_e5_s43,482,1,0.77136,10.7984,1.879132598649129e-05,0.0009395662993245645
text+audio_text_ln_lrh0.001_e5_s43,483,1,1.07734,11.6966,1.8784216139353006e-05,0.0009392108069676503
text+audio_text_ln_lrh0.001_e5_s43,484,1,1.05386,11.0425,1.877710629221472e-05,0.000938855314610736
text+audio_text_ln_lrh0.001_e5_s43,485,1,0.47641,9.1971,1.8769996445076434e-05,0.0009384998222538215
text+audio_text_ln_lrh0.001_e5_s43,486,1,1.14222,16.5209,1.8762886597938147e-05,0.0009381443298969072
text+audio_text_ln_lrh0.001_e5_s43,487,1,1.10332,11.6264,1.875577675079986e-05,0.0009377888375399929
text+audio_text_ln_lrh0.001_e5_s43,488,1,1.06438,13.8818,1.874866690366157e-05,0.0009374333451830785
text+audio_text_ln_lrh0.001_e5_s43,489,1,1.06099,14.7494,1.8741557056523287e-05,0.0009370778528261643
text+audio_text_ln_lrh0.001_e5_s43,490,1,1.12834,17.5832,1.8734447209385e-05,0.00093672236046925
text+audio_text_ln_lrh0.001_e5_s43,491,1,1.11033,18.6801,1.8727337362246712e-05,0.0009363668681123356
text+audio_text_ln_lrh0.001_e5_s43,492,1,0.65892,13.2348,1.8720227515108428e-05,0.0009360113757554213
text+audio_text_ln_lrh0.001_e5_s43,493,1,1.29747,24.9989,1.871311766797014e-05,0.000935655883398507
text+audio_text_ln_lrh0.001_e5_s43,494,1,0.63443,14.1439,1.8706007820831853e-05,0.0009353003910415926
text+audio_text_ln_lrh0.001_e5_s43,495,1,0.84599,15.9807,1.8698897973693565e-05,0.0009349448986846783
text+audio_text_ln_lrh0.001_e5_s43,496,1,1.90022,23.3513,1.869178812655528e-05,0.000934589406327764
text+audio_text_ln_lrh0.001_e5_s43,497,1,1.35633,16.9661,1.8684678279416993e-05,0.0009342339139708497
text+audio_text_ln_lrh0.001_e5_s43,498,1,1.27914,38.6035,1.867756843227871e-05,0.0009338784216139354
text+audio_text_ln_lrh0.001_e5_s43,499,1,0.76842,9.2301,1.867045858514042e-05,0.0009335229292570209
text+audio_text_ln_lrh0.001_e5_s43,500,1,1.44337,29.2069,1.8663348738002134e-05,0.0009331674369001066
text+audio_text_ln_lrh0.001_e5_s43,501,1,0.7117,13.4155,1.8656238890863846e-05,0.0009328119445431923
text+audio_text_ln_lrh0.001_e5_s43,502,1,1.10681,13.0178,1.8649129043725562e-05,0.000932456452186278
text+audio_text_ln_lrh0.001_e5_s43,503,1,0.99476,12.589,1.8642019196587274e-05,0.0009321009598293637
text+audio_text_ln_lrh0.001_e5_s43,504,1,1.21316,18.621,1.863490934944899e-05,0.0009317454674724494
text+audio_text_ln_lrh0.001_e5_s43,505,1,1.19404,18.1047,1.8627799502310703e-05,0.000931389975115535
text+audio_text_ln_lrh0.001_e5_s43,506,1,1.0778,15.4899,1.8620689655172415e-05,0.0009310344827586207
text+audio_text_ln_lrh0.001_e5_s43,507,1,1.50431,13.9343,1.8613579808034127e-05,0.0009306789904017064
text+audio_text_ln_lrh0.001_e5_s43,508,1,0.52517,15.3241,1.8606469960895843e-05,0.0009303234980447921
text+audio_text_ln_lrh0.001_e5_s43,509,1,1.6081,16.5933,1.8599360113757556e-05,0.0009299680056878778
text+audio_text_ln_lrh0.001_e5_s43,510,1,1.12088,16.7614,1.8592250266619268e-05,0.0009296125133309634
text+audio_text_ln_lrh0.001_e5_s43,511,1,1.57763,17.1778,1.8585140419480984e-05,0.0009292570209740491
text+audio_text_ln_lrh0.001_e5_s43,512,1,1.36187,14.2941,1.8578030572342696e-05,0.0009289015286171348
text+audio_text_ln_lrh0.001_e5_s43,513,1,1.07611,10.6875,1.857092072520441e-05,0.0009285460362602203
text+audio_text_ln_lrh0.001_e5_s43,514,1,1.21355,15.8467,1.8563810878066124e-05,0.0009281905439033061
text+audio_text_ln_lrh0.001_e5_s43,515,1,0.59667,12.4292,1.8556701030927837e-05,0.0009278350515463918
text+audio_text_ln_lrh0.001_e5_s43,516,1,0.933,13.9631,1.854959118378955e-05,0.0009274795591894774
text+audio_text_ln_lrh0.001_e5_s43,517,1,0.99964,12.7396,1.8542481336651265e-05,0.0009271240668325631
text+audio_text_ln_lrh0.001_e5_s43,518,1,1.13318,12.6685,1.8535371489512977e-05,0.0009267685744756488
text+audio_text_ln_lrh0.001_e5_s43,519,1,0.86272,15.1412,1.852826164237469e-05,0.0009264130821187344
text+audio_text_ln_lrh0.001_e5_s43,520,1,1.04984,9.8256,1.8521151795236402e-05,0.0009260575897618201
text+audio_text_ln_lrh0.001_e5_s43,521,1,1.04606,20.3088,1.8514041948098118e-05,0.0009257020974049059
text+audio_text_ln_lrh0.001_e5_s43,522,1,1.76859,16.07,1.850693210095983e-05,0.0009253466050479915
text+audio_text_ln_lrh0.001_e5_s43,523,1,0.99111,16.4273,1.8499822253821543e-05,0.0009249911126910772
text+audio_text_ln_lrh0.001_e5_s43,524,1,0.75194,25.1144,1.849271240668326e-05,0.0009246356203341628
text+audio_text_ln_lrh0.001_e5_s43,525,1,1.06767,10.4619,1.848560255954497e-05,0.0009242801279772485
text+audio_text_ln_lrh0.001_e5_s43,526,1,1.05342,13.7472,1.8478492712406683e-05,0.0009239246356203342
text+audio_text_ln_lrh0.001_e5_s43,527,1,1.65213,14.4102,1.84713828652684e-05,0.0009235691432634199
text+audio_text_ln_lrh0.001_e5_s43,528,1,0.98775,13.0201,1.846427301813011e-05,0.0009232136509065055
text+audio_text_ln_lrh0.001_e5_s43,529,1,1.36364,14.7761,1.8457163170991824e-05,0.0009228581585495912
text+audio_text_ln_lrh0.001_e5_s43,530,1,0.93259,7.882,1.845005332385354e-05,0.0009225026661926768
text+audio_text_ln_lrh0.001_e5_s43,531,1,1.12512,11.0146,1.8442943476715252e-05,0.0009221471738357625
text+audio_text_ln_lrh0.001_e5_s43,532,1,1.46215,10.1768,1.8435833629576965e-05,0.0009217916814788482
text+audio_text_ln_lrh0.001_e5_s43,533,1,0.85488,8.9507,1.842872378243868e-05,0.0009214361891219339
text+audio_text_ln_lrh0.001_e5_s43,534,1,1.27409,16.2896,1.8421613935300393e-05,0.0009210806967650196
text+audio_text_ln_lrh0.001_e5_s43,535,1,0.96265,12.5429,1.8414504088162105e-05,0.0009207252044081053
text+audio_text_ln_lrh0.001_e5_s43,536,1,0.83157,9.717,1.840739424102382e-05,0.0009203697120511909
text+audio_text_ln_lrh0.001_e5_s43,537,1,0.99996,12.2961,1.8400284393885533e-05,0.0009200142196942766
text+audio_text_ln_lrh0.001_e5_s43,538,1,1.2578,11.1244,1.8393174546747246e-05,0.0009196587273373622
text+audio_text_ln_lrh0.001_e5_s43,539,1,1.42971,13.7343,1.838606469960896e-05,0.000919303234980448
text+audio_text_ln_lrh0.001_e5_s43,540,1,0.85548,10.8771,1.8378954852470674e-05,0.0009189477426235337
text+audio_text_ln_lrh0.001_e5_s43,541,1,0.70599,7.8948,1.8371845005332386e-05,0.0009185922502666193
text+audio_text_ln_lrh0.001_e5_s43,542,1,0.90417,15.4687,1.83647351581941e-05,0.000918236757909705
text+audio_text_ln_lrh0.001_e5_s43,543,1,1.65762,16.4855,1.8357625311055815e-05,0.0009178812655527906
text+audio_text_ln_lrh0.001_e5_s43,544,1,0.82034,15.0458,1.8350515463917527e-05,0.0009175257731958762
text+audio_text_ln_lrh0.001_e5_s43,545,1,0.75784,9.5204,1.8343405616779243e-05,0.000917170280838962
text+audio_text_ln_lrh0.001_e5_s43,546,1,0.60164,10.6737,1.8336295769640955e-05,0.0009168147884820477
text+audio_text_ln_lrh0.001_e5_s43,547,1,0.76111,11.7486,1.8329185922502668e-05,0.0009164592961251333
text+audio_text_ln_lrh0.001_e5_s43,548,1,1.01957,15.4693,1.832207607536438e-05,0.000916103803768219
text+audio_text_ln_lrh0.001_e5_s43,549,1,0.93059,13.8585,1.8314966228226096e-05,0.0009157483114113047
text+audio_text_ln_lrh0.001_e5_s43,550,1,1.09193,17.5682,1.8307856381087808e-05,0.0009153928190543903
text+audio_text_ln_lrh0.001_e5_s43,551,1,1.39868,16.2575,1.830074653394952e-05,0.000915037326697476
text+audio_text_ln_lrh0.001_e5_s43,552,1,1.2135,18.0793,1.8293636686811236e-05,0.0009146818343405618
text+audio_text_ln_lrh0.001_e5_s43,553,1,1.14114,18.3315,1.828652683967295e-05,0.0009143263419836474
text+audio_text_ln_lrh0.001_e5_s43,554,1,0.73704,11.9235,1.827941699253466e-05,0.0009139708496267331
text+audio_text_ln_lrh0.001_e5_s43,555,1,1.09071,13.7946,1.8272307145396374e-05,0.0009136153572698187
text+audio_text_ln_lrh0.001_e5_s43,556,1,0.97778,21.9698,1.826519729825809e-05,0.0009132598649129044
text+audio_text_ln_lrh0.001_e5_s43,557,1,1.32351,15.7443,1.8258087451119802e-05,0.00091290437255599
text+audio_text_ln_lrh0.001_e5_s43,558,1,1.69418,21.5343,1.8250977603981518e-05,0.0009125488801990757
text+audio_text_ln_lrh0.001_e5_s43,559,1,1.05588,21.0602,1.824386775684323e-05,0.0009121933878421614
text+audio_text_ln_lrh0.001_e5_s43,560,1,1.66586,21.1254,1.8236757909704942e-05,0.0009118378954852471
text+audio_text_ln_lrh0.001_e5_s43,561,1,1.74823,24.5206,1.8229648062566655e-05,0.0009114824031283327
text+audio_text_ln_lrh0.001_e5_s43,562,1,1.15153,12.947,1.822253821542837e-05,0.0009111269107714184
text+audio_text_ln_lrh0.001_e5_s43,563,1,1.14369,16.1746,1.8215428368290083e-05,0.0009107714184145041
text+audio_text_ln_lrh0.001_e5_s43,564,1,1.55572,20.8854,1.82083185211518e-05,0.0009104159260575898
text+audio_text_ln_lrh0.001_e5_s43,565,1,1.04235,12.9882,1.820120867401351e-05,0.0009100604337006755
text+audio_text_ln_lrh0.001_e5_s43,566,1,0.75615,8.9372,1.8194098826875224e-05,0.0009097049413437612
text+audio_text_ln_lrh0.001_e5_s43,567,1,0.84005,10.4459,1.8186988979736936e-05,0.0009093494489868468
text+audio_text_ln_lrh0.001_e5_s43,568,1,1.13843,16.7836,1.817987913259865e-05,0.0009089939566299325
text+audio_text_ln_lrh0.001_e5_s43,569,1,1.29772,12.4447,1.8172769285460364e-05,0.0009086384642730181
text+audio_text_ln_lrh0.001_e5_s43,570,1,1.06441,16.6869,1.816565943832208e-05,0.0009082829719161039
text+audio_text_ln_lrh0.001_e5_s43,571,1,1.73287,12.9383,1.8158549591183792e-05,0.0009079274795591896
text+audio_text_ln_lrh0.001_e5_s43,572,1,1.11682,12.4367,1.8151439744045505e-05,0.0009075719872022751
text+audio_text_ln_lrh0.001_e5_s43,573,1,1.11981,12.8044,1.8144329896907217e-05,0.0009072164948453608
text+audio_text_ln_lrh0.001_e5_s43,574,1,1.44876,16.9953,1.813722004976893e-05,0.0009068610024884465
text+audio_text_ln_lrh0.001_e5_s43,575,1,0.95744,13.9551,1.8130110202630645e-05,0.0009065055101315321
text+audio_text_ln_lrh0.001_e5_s43,576,1,1.30276,10.8771,1.8123000355492358e-05,0.0009061500177746179
text+audio_text_ln_lrh0.001_e5_s43,577,1,1.33471,16.859,1.8115890508354074e-05,0.0009057945254177036
text+audio_text_ln_lrh0.001_e5_s43,578,1,1.25281,14.5821,1.8108780661215786e-05,0.0009054390330607892
text+audio_text_ln_lrh0.001_e5_s43,579,1,1.18806,12.2687,1.81016708140775e-05,0.0009050835407038749
text+audio_text_ln_lrh0.001_e5_s43,580,1,1.48107,14.6874,1.809456096693921e-05,0.0009047280483469606
text+audio_text_ln_lrh0.001_e5_s43,581,1,1.08216,15.398,1.8087451119800927e-05,0.0009043725559900462
text+audio_text_ln_lrh0.001_e5_s43,582,1,1.08173,9.0117,1.808034127266264e-05,0.0009040170636331319
text+audio_text_ln_lrh0.001_e5_s43,583,1,1.29931,11.6915,1.8073231425524355e-05,0.0009036615712762176
text+audio_text_ln_lrh0.001_e5_s43,584,1,1.16161,11.7317,1.8066121578386067e-05,0.0009033060789193033
text+audio_text_ln_lrh0.001_e5_s43,585,1,1.003,8.4559,1.805901173124778e-05,0.000902950586562389
text+audio_text_ln_lrh0.001_e5_s43,586,1,0.66475,9.3683,1.8051901884109492e-05,0.0009025950942054745
text+audio_text_ln_lrh0.001_e5_s43,587,1,1.6144,22.2496,1.8044792036971205e-05,0.0009022396018485602
text+audio_text_ln_lrh0.001_e5_s43,588,1,1.20191,10.2317,1.803768218983292e-05,0.0009018841094916459
text+audio_text_ln_lrh0.001_e5_s43,589,1,0.64896,8.7745,1.8030572342694636e-05,0.0009015286171347316
text+audio_text_ln_lrh0.001_e5_s43,590,1,1.0491,10.3632,1.802346249555635e-05,0.0009011731247778173
text+audio_text_ln_lrh0.001_e5_s43,591,1,0.54219,8.1806,1.801635264841806e-05,0.000900817632420903
text+audio_text_ln_lrh0.001_e5_s43,592,1,1.43212,14.6511,1.8009242801279773e-05,0.0009004621400639886
text+audio_text_ln_lrh0.001_e5_s43,593,1,1.17081,17.4428,1.8002132954141486e-05,0.0009001066477070743
text+audio_text_ln_lrh0.001_e5_s43,594,1,1.34057,16.2812,1.79950231070032e-05,0.00089975115535016
text+audio_text_ln_lrh0.001_e5_s43,595,1,1.38245,16.6681,1.7987913259864914e-05,0.0008993956629932457
text+audio_text_ln_lrh0.001_e5_s43,596,1,1.30722,11.3395,1.798080341272663e-05,0.0008990401706363314
text+audio_text_ln_lrh0.001_e5_s43,597,1,1.55682,20.7215,1.7973693565588342e-05,0.000898684678279417
text+audio_text_ln_lrh0.001_e5_s43,598,1,1.06903,9.3597,1.7966583718450055e-05,0.0008983291859225027
text+audio_text_ln_lrh0.001_e5_s43,599,1,1.28788,9.3178,1.7959473871311767e-05,0.0008979736935655884
text+audio_text_ln_lrh0.001_e5_s43,600,1,1.5196,17.6293,1.795236402417348e-05,0.000897618201208674
text+audio_text_ln_lrh0.001_e5_s43,601,1,1.04249,21.9229,1.7945254177035195e-05,0.0008972627088517597
text+audio_text_ln_lrh0.001_e5_s43,602,1,1.04294,14.5513,1.793814432989691e-05,0.0008969072164948454
text+audio_text_ln_lrh0.001_e5_s43,603,1,1.26132,9.1763,1.7931034482758623e-05,0.000896551724137931
text+audio_text_ln_lrh0.001_e5_s43,604,1,1.21163,14.0677,1.7923924635620336e-05,0.0008961962317810167
text+audio_text_ln_lrh0.001_e5_s43,605,1,1.93436,14.0974,1.7916814788482048e-05,0.0008958407394241024
text+audio_text_ln_lrh0.001_e5_s43,606,1,1.00894,16.4841,1.790970494134376e-05,0.000895485247067188
text+audio_text_ln_lrh0.001_e5_s43,607,1,1.08602,16.2912,1.7902595094205476e-05,0.0008951297547102738
text+audio_text_ln_lrh0.001_e5_s43,608,1,1.59336,17.2278,1.789548524706719e-05,0.0008947742623533595
text+audio_text_ln_lrh0.001_e5_s43,609,1,1.0377,10.9022,1.7888375399928905e-05,0.0008944187699964451
text+audio_text_ln_lrh0.001_e5_s43,610,1,1.0914,14.0769,1.7881265552790617e-05,0.0008940632776395308
text+audio_text_ln_lrh0.001_e5_s43,611,1,1.11844,13.7776,1.787415570565233e-05,0.0008937077852826164
text+audio_text_ln_lrh0.001_e5_s43,612,1,0.91422,11.9116,1.7867045858514042e-05,0.0008933522929257021
text+audio_text_ln_lrh0.001_e5_s43,613,1,1.08095,10.8371,1.7859936011375754e-05,0.0008929968005687878
text+audio_text_ln_lrh0.001_e5_s43,614,1,0.64324,8.5578,1.785282616423747e-05,0.0008926413082118735
text+audio_text_ln_lrh0.001_e5_s43,615,1,1.49228,17.473,1.7845716317099186e-05,0.0008922858158549592
text+audio_text_ln_lrh0.001_e5_s43,616,1,0.95637,13.2959,1.7838606469960898e-05,0.0008919303234980448
text+audio_text_ln_lrh0.001_e5_s43,617,1,1.36807,24.3084,1.783149662282261e-05,0.0008915748311411304
text+audio_text_ln_lrh0.001_e5_s43,618,1,0.77436,11.2994,1.7824386775684323e-05,0.0008912193387842161
text+audio_text_ln_lrh0.001_e5_s43,619,1,1.28451,15.8532,1.7817276928546035e-05,0.0008908638464273018
text+audio_text_ln_lrh0.001_e5_s43,620,1,0.61092,9.8496,1.781016708140775e-05,0.0008905083540703875
text+audio_text_ln_lrh0.001_e5_s43,621,1,1.2401,18.0508,1.7803057234269464e-05,0.0008901528617134732
text+audio_text_ln_lrh0.001_e5_s43,622,1,1.68371,21.0647,1.779594738713118e-05,0.0008897973693565589
text+audio_text_ln_lrh0.001_e5_s43,623,1,1.57718,18.9757,1.7788837539992892e-05,0.0008894418769996445
text+audio_text_ln_lrh0.001_e5_s43,624,1,0.97386,10.6053,1.7781727692854604e-05,0.0008890863846427302
text+audio_text_ln_lrh0.001_e5_s43,625,1,1.29675,22.397,1.7774617845716317e-05,0.0008887308922858158
text+audio_text_ln_lrh0.001_e5_s43,626,2,1.35386,14.2494,1.7767507998578032e-05,0.0008883753999289016
text+audio_text_ln_lrh0.001_e5_s43,627,2,1.08252,11.8182,1.7760398151439745e-05,0.0008880199075719873
text+audio_text_ln_lrh0.001_e5_s43,628,2,1.52934,17.6265,1.775328830430146e-05,0.0008876644152150729
text+audio_text_ln_lrh0.001_e5_s43,629,2,0.87822,12.5045,1.7746178457163173e-05,0.0008873089228581586
text+audio_text_ln_lrh0.001_e5_s43,630,2,0.75985,11.3718,1.7739068610024885e-05,0.0008869534305012442
text+audio_text_ln_lrh0.001_e5_s43,631,2,1.3265,12.4874,1.7731958762886598e-05,0.0008865979381443298
text+audio_text_ln_lrh0.001_e5_s43,632,2,0.89965,13.3926,1.7724848915748314e-05,0.0008862424457874156
text+audio_text_ln_lrh0.001_e5_s43,633,2,1.09136,11.9075,1.7717739068610026e-05,0.0008858869534305013
text+audio_text_ln_lrh0.001_e5_s43,634,2,1.08391,13.6433,1.7710629221471742e-05,0.0008855314610735869
text+audio_text_ln_lrh0.001_e5_s43,635,2,0.97349,10.4693,1.7703519374333454e-05,0.0008851759687166726
text+audio_text_ln_lrh0.001_e5_s43,636,2,0.787,12.0462,1.7696409527195167e-05,0.0008848204763597583
text+audio_text_ln_lrh0.001_e5_s43,637,2,1.33688,11.4024,1.768929968005688e-05,0.0008844649840028439
text+audio_text_ln_lrh0.001_e5_s43,638,2,1.10479,8.9407,1.768218983291859e-05,0.0008841094916459296
text+audio_text_ln_lrh0.001_e5_s43,639,2,1.31641,16.5301,1.7675079985780307e-05,0.0008837539992890154
text+audio_text_ln_lrh0.001_e5_s43,640,2,1.47532,23.236,1.766797013864202e-05,0.000883398506932101
text+audio_text_ln_lrh0.001_e5_s43,641,2,1.1561,12.6223,1.7660860291503735e-05,0.0008830430145751867
text+audio_text_ln_lrh0.001_e5_s43,642,2,0.76505,10.8904,1.7653750444365448e-05,0.0008826875222182723
text+audio_text_ln_lrh0.001_e5_s43,643,2,1.19981,20.2871,1.764664059722716e-05,0.000882332029861358
text+audio_text_ln_lrh0.001_e5_s43,644,2,0.68951,15.2955,1.7639530750088873e-05,0.0008819765375044437
text+audio_text_ln_lrh0.001_e5_s43,645,2,1.19602,13.6196,1.763242090295059e-05,0.0008816210451475293
text+audio_text_ln_lrh0.001_e5_s43,646,2,1.04881,15.5316,1.76253110558123e-05,0.000881265552790615
text+audio_text_ln_lrh0.001_e5_s43,647,2,1.23409,18.6615,1.7618201208674017e-05,0.0008809100604337007
text+audio_text_ln_lrh0.001_e5_s43,648,2,0.73204,9.7127,1.761109136153573e-05,0.0008805545680767863
text+audio_text_ln_lrh0.001_e5_s43,649,2,0.98588,14.8071,1.760398151439744e-05,0.000880199075719872
text+audio_text_ln_lrh0.001_e5_s43,650,2,1.23942,19.2367,1.7596871667259154e-05,0.0008798435833629577
text+audio_text_ln_lrh0.001_e5_s43,651,2,1.21845,19.8197,1.758976182012087e-05,0.0008794880910060434
text+audio_text_ln_lrh0.001_e5_s43,652,2,0.95194,10.0286,1.7582651972982582e-05,0.0008791325986491291
text+audio_text_ln_lrh0.001_e5_s43,653,2,0.54458,14.1998,1.7575542125844294e-05,0.0008787771062922148
text+audio_text_ln_lrh0.001_e5_s43,654,2,0.81111,11.8901,1.756843227870601e-05,0.0008784216139353004
text+audio_text_ln_lrh0.001_e5_s43,655,2,1.48061,10.8707,1.7561322431567723e-05,0.0008780661215783861
text+audio_text_ln_lrh0.001_e5_s43,656,2,0.83662,16.9448,1.7554212584429435e-05,0.0008777106292214717
text+audio_text_ln_lrh0.001_e5_s43,657,2,0.74248,10.5363,1.754710273729115e-05,0.0008773551368645575
text+audio_text_ln_lrh0.001_e5_s43,658,2,1.05489,11.9359,1.7539992890152863e-05,0.0008769996445076432
text+audio_text_ln_lrh0.001_e5_s43,659,2,0.57922,16.6551,1.7532883043014576e-05,0.0008766441521507287
text+audio_text_ln_lrh0.001_e5_s43,660,2,0.63664,11.6874,1.752577319587629e-05,0.0008762886597938144
text+audio_text_ln_lrh0.001_e5_s43,661,2,0.82191,12.3242,1.7518663348738004e-05,0.0008759331674369001
text+audio_text_ln_lrh0.001_e5_s43,662,2,1.51583,17.6377,1.7511553501599716e-05,0.0008755776750799857
text+audio_text_ln_lrh0.001_e5_s43,663,2,0.83882,14.8424,1.7504443654461432e-05,0.0008752221827230715
text+audio_text_ln_lrh0.001_e5_s43,664,2,1.15963,15.9117,1.7497333807323144e-05,0.0008748666903661572
text+audio_text_ln_lrh0.001_e5_s43,665,2,0.76433,18.2291,1.7490223960184857e-05,0.0008745111980092428
text+audio_text_ln_lrh0.001_e5_s43,666,2,1.02429,12.7218,1.748311411304657e-05,0.0008741557056523285
text+audio_text_ln_lrh0.001_e5_s43,667,2,1.13257,15.7489,1.7476004265908285e-05,0.0008738002132954142
text+audio_text_ln_lrh0.001_e5_s43,668,2,0.56879,15.1567,1.7468894418769997e-05,0.0008734447209384998
text+audio_text_ln_lrh0.001_e5_s43,669,2,1.0636,22.1928,1.746178457163171e-05,0.0008730892285815855
text+audio_text_ln_lrh0.001_e5_s43,670,2,1.02519,17.0339,1.7454674724493426e-05,0.0008727337362246712
text+audio_text_ln_lrh0.001_e5_s43,671,2,1.3305,19.4868,1.7447564877355138e-05,0.0008723782438677569
text+audio_text_ln_lrh0.001_e5_s43,672,2,1.20085,15.2807,1.744045503021685e-05,0.0008720227515108426
text+audio_text_ln_lrh0.001_e5_s43,673,2,1.06249,16.2157,1.7433345183078566e-05,0.0008716672591539281
text+audio_text_ln_lrh0.001_e5_s43,674,2,0.52334,15.1107,1.742623533594028e-05,0.0008713117667970138
text+audio_text_ln_lrh0.001_e5_s43,675,2,0.92329,13.7044,1.741912548880199e-05,0.0008709562744400995
text+audio_text_ln_lrh0.001_e5_s43,676,2,0.97371,9.446,1.7412015641663707e-05,0.0008706007820831852
text+audio_text_ln_lrh0.001_e5_s43,677,2,0.91783,12.7487,1.740490579452542e-05,0.0008702452897262709
text+audio_text_ln_lrh0.001_e5_s43,678,2,1.24743,16.6439,1.739779594738713e-05,0.0008698897973693566
text+audio_text_ln_lrh0.001_e5_s43,679,2,1.81443,24.9239,1.7390686100248847e-05,0.0008695343050124422
text+audio_text_ln_lrh0.001_e5_s43,680,2,0.99572,12.1116,1.738357625311056e-05,0.0008691788126555279
text+audio_text_ln_lrh0.001_e5_s43,681,2,0.87563,11.4291,1.7376466405972272e-05,0.0008688233202986136
text+audio_text_ln_lrh0.001_e5_s43,682,2,1.16153,12.9185,1.7369356558833988e-05,0.0008684678279416993
text+audio_text_ln_lrh0.001_e5_s43,683,2,0.97451,17.9251,1.73622467116957e-05,0.000868112335584785
text+audio_text_ln_lrh0.001_e5_s43,684,2,1.05361,20.6192,1.7355136864557413e-05,0.0008677568432278706
text+audio_text_ln_lrh0.001_e5_s43,685,2,1.29932,21.6164,1.7348027017419125e-05,0.0008674013508709563
text+audio_text_ln_lrh0.001_e5_s43,686,2,0.80273,14.4974,1.734091717028084e-05,0.000867045858514042
text+audio_text_ln_lrh0.001_e5_s43,687,2,1.17187,15.8185,1.7333807323142553e-05,0.0008666903661571276
text+audio_text_ln_lrh0.001_e5_s43,688,2,1.34234,15.16,1.732669747600427e-05,0.0008663348738002134
text+audio_text_ln_lrh0.001_e5_s43,689,2,0.61063,15.6167,1.731958762886598e-05,0.000865979381443299
text+audio_text_ln_lrh0.001_e5_s43,690,2,1.3096,15.8139,1.7312477781727694e-05,0.0008656238890863846
text+audio_text_ln_lrh0.001_e5_s43,691,2,1.32972,19.339,1.7305367934589406e-05,0.0008652683967294703
text+audio_text_ln_lrh0.001_e5_s43,692,2,1.34436,21.3603,1.7298258087451122e-05,0.000864912904372556
text+audio_text_ln_lrh0.001_e5_s43,693,2,1.26095,22.819,1.7291148240312835e-05,0.0008645574120156416
text+audio_text_ln_lrh0.001_e5_s43,694,2,1.35146,14.277,1.728403839317455e-05,0.0008642019196587274
text+audio_text_ln_lrh0.001_e5_s43,695,2,0.85343,20.6118,1.7276928546036263e-05,0.0008638464273018131
text+audio_text_ln_lrh0.001_e5_s43,696,2,1.06366,23.0716,1.7269818698897975e-05,0.0008634909349448987
text+audio_text_ln_lrh0.001_e5_s43,697,2,1.12867,12.7531,1.7262708851759688e-05,0.0008631354425879844
text+audio_text_ln_lrh0.001_e5_s43,698,2,1.10454,19.3883,1.72555990046214e-05,0.0008627799502310701
text+audio_text_ln_lrh0.001_e5_s43,699,2,0.7387,12.0017,1.7248489157483116e-05,0.0008624244578741557
text+audio_text_ln_lrh0.001_e5_s43,700,2,0.98546,12.0867,1.7241379310344828e-05,0.0008620689655172414
text+audio_text_ln_lrh0.001_e5_s43,701,2,1.14434,18.3067,1.7234269463206544e-05,0.0008617134731603271
text+audio_text_ln_lrh0.001_e5_s43,702,2,0.71488,11.9404,1.7227159616068256e-05,0.0008613579808034128
text+audio_text_ln_lrh0.001_e5_s43,703,2,0.49777,11.1941,1.722004976892997e-05,0.0008610024884464985
text+audio_text_ln_lrh0.001_e5_s43,704,2,0.7578,13.4211,1.721293992179168e-05,0.000860646996089584
text+audio_text_ln_lrh0.001_e5_s43,705,2,1.01525,13.1878,1.7205830074653397e-05,0.0008602915037326697
text+audio_text_ln_lrh0.001_e5_s43,706,2,1.03047,18.8402,1.719872022751511e-05,0.0008599360113757554
text+audio_text_ln_lrh0.001_e5_s43,707,2,1.31645,27.3451,1.7191610380376825e-05,0.0008595805190188411
text+audio_text_ln_lrh0.001_e5_s43,708,2,1.29792,18.7397,1.7184500533238538e-05,0.0008592250266619268
text+audio_text_ln_lrh0.001_e5_s43,709,2,1.1081,18.2673,1.717739068610025e-05,0.0008588695343050125
text+audio_text_ln_lrh0.001_e5_s43,710,2,0.88424,12.7221,1.7170280838961963e-05,0.0008585140419480981
text+audio_text_ln_lrh0.001_e5_s43,711,2,0.97788,20.257,1.716317099182368e-05,0.0008581585495911838
text+audio_text_ln_lrh0.001_e5_s43,712,2,0.80409,14.033,1.715606114468539e-05,0.0008578030572342695
text+audio_text_ln_lrh0.001_e5_s43,713,2,0.84181,17.6469,1.7148951297547107e-05,0.0008574475648773552
text+audio_text_ln_lrh0.001_e5_s43,714,2,1.08326,16.1618,1.714184145040882e-05,0.0008570920725204409
text+audio_text_ln_lrh0.001_e5_s43,715,2,0.99192,27.9547,1.713473160327053e-05,0.0008567365801635265
text+audio_text_ln_lrh0.001_e5_s43,716,2,1.19075,20.9965,1.7127621756132244e-05,0.0008563810878066122
text+audio_text_ln_lrh0.001_e5_s43,717,2,0.74382,18.7234,1.7120511908993956e-05,0.0008560255954496979
text+audio_text_ln_lrh0.001_e5_s43,718,2,0.71591,15.8718,1.7113402061855672e-05,0.0008556701030927834
text+audio_text_ln_lrh0.001_e5_s43,719,2,0.31372,10.4058,1.7106292214717384e-05,0.0008553146107358692
text+audio_text_ln_lrh0.001_e5_s43,720,2,1.39412,42.2472,1.70991823675791e-05,0.0008549591183789549
text+audio_text_ln_lrh0.001_e5_s43,721,2,0.7347,12.285,1.7092072520440813e-05,0.0008546036260220405
text+audio_text_ln_lrh0.001_e5_s43,722,2,0.46953,15.7025,1.7084962673302525e-05,0.0008542481336651262
text+audio_text_ln_lrh0.001_e5_s43,723,2,1.50043,19.6967,1.7077852826164237e-05,0.0008538926413082119
text+audio_text_ln_lrh0.001_e5_s43,724,2,0.83389,16.5248,1.7070742979025953e-05,0.0008535371489512975
text+audio_text_ln_lrh0.001_e5_s43,725,2,0.60161,20.7346,1.7063633131887666e-05,0.0008531816565943833
text+audio_text_ln_lrh0.001_e5_s43,726,2,1.04852,12.8766,1.705652328474938e-05,0.000852826164237469
text+audio_text_ln_lrh0.001_e5_s43,727,2,1.068,15.2401,1.7049413437611094e-05,0.0008524706718805546
text+audio_text_ln_lrh0.001_e5_s43,728,2,1.08367,16.3099,1.7042303590472806e-05,0.0008521151795236403
text+audio_text_ln_lrh0.001_e5_s43,729,2,1.05234,17.8006,1.703519374333452e-05,0.0008517596871667259
text+audio_text_ln_lrh0.001_e5_s43,730,2,1.24521,15.7248,1.702808389619623e-05,0.0008514041948098116
text+audio_text_ln_lrh0.001_e5_s43,731,2,1.274,14.5649,1.7020974049057947e-05,0.0008510487024528973
text+audio_text_ln_lrh0.001_e5_s43,732,2,1.4953,22.8583,1.7013864201919663e-05,0.000850693210095983
text+audio_text_ln_lrh0.001_e5_s43,733,2,1.04041,17.6238,1.7006754354781375e-05,0.0008503377177390686
text+audio_text_ln_lrh0.001_e5_s43,734,2,1.25407,20.0031,1.6999644507643087e-05,0.0008499822253821543
text+audio_text_ln_lrh0.001_e5_s43,735,2,1.15682,16.8739,1.69925346605048e-05,0.0008496267330252399
text+audio_text_ln_lrh0.001_e5_s43,736,2,0.62822,11.7486,1.6985424813366512e-05,0.0008492712406683256
text+audio_text_ln_lrh0.001_e5_s43,737,2,0.98757,21.3678,1.6978314966228228e-05,0.0008489157483114113
text+audio_text_ln_lrh0.001_e5_s43,738,2,1.39098,16.4014,1.697120511908994e-05,0.000848560255954497
text+audio_text_ln_lrh0.001_e5_s43,739,2,0.98364,15.475,1.6964095271951656e-05,0.0008482047635975827
text+audio_text_ln_lrh0.001_e5_s43,740,2,0.81625,10.5525,1.695698542481337e-05,0.0008478492712406684
text+audio_text_ln_lrh0.001_e5_s43,741,2,1.21588,20.8848,1.694987557767508e-05,0.000847493778883754
text+audio_text_ln_lrh0.001_e5_s43,742,2,0.96237,16.0203,1.6942765730536793e-05,0.0008471382865268397
text+audio_text_ln_lrh0.001_e5_s43,743,2,0.87907,15.8413,1.6935655883398506e-05,0.0008467827941699253
text+audio_text_ln_lrh0.001_e5_s43,744,2,1.18299,18.0355,1.692854603626022e-05,0.0008464273018130111
text+audio_text_ln_lrh0.001_e5_s43,745,2,1.60618,24.8105,1.6921436189121937e-05,0.0008460718094560968
text+audio_text_ln_lrh0.001_e5_s43,746,2,1.09896,13.3547,1.691432634198365e-05,0.0008457163170991824
text+audio_text_ln_lrh0.001_e5_s43,747,2,1.00241,14.8089,1.6907216494845362e-05,0.000845360824742268
text+audio_text_ln_lrh0.001_e5_s43,748,2,0.80697,18.3549,1.6900106647707075e-05,0.0008450053323853537
text+audio_text_ln_lrh0.001_e5_s43,749,2,1.09869,15.3055,1.6892996800568787e-05,0.0008446498400284393
text+audio_text_ln_lrh0.001_e5_s43,750,2,1.42368,18.6204,1.6885886953430503e-05,0.0008442943476715251
text+audio_text_ln_lrh0.001_e5_s43,751,2,0.89293,22.3739,1.6878777106292215e-05,0.0008439388553146108
text+audio_text_ln_lrh0.001_e5_s43,752,2,0.75493,16.6371,1.687166725915393e-05,0.0008435833629576964
text+audio_text_ln_lrh0.001_e5_s43,753,2,1.18003,18.6055,1.6864557412015643e-05,0.0008432278706007821
text+audio_text_ln_lrh0.001_e5_s43,754,2,1.06172,20.7264,1.6857447564877356e-05,0.0008428723782438678
text+audio_text_ln_lrh0.001_e5_s43,755,2,1.36768,14.2306,1.6850337717739068e-05,0.0008425168858869534
text+audio_text_ln_lrh0.001_e5_s43,756,2,0.96241,13.1031,1.6843227870600784e-05,0.0008421613935300392
text+audio_text_ln_lrh0.001_e5_s43,757,2,1.35781,20.3776,1.6836118023462496e-05,0.0008418059011731248
text+audio_text_ln_lrh0.001_e5_s43,758,2,1.38062,17.5834,1.6829008176324212e-05,0.0008414504088162105
text+audio_text_ln_lrh0.001_e5_s43,759,2,0.66044,10.543,1.6821898329185925e-05,0.0008410949164592962
text+audio_text_ln_lrh0.001_e5_s43,760,2,0.78279,14.3254,1.6814788482047637e-05,0.0008407394241023818
text+audio_text_ln_lrh0.001_e5_s43,761,2,0.9041,13.611,1.680767863490935e-05,0.0008403839317454674
text+audio_text_ln_lrh0.001_e5_s43,762,2,0.84926,9.3549,1.6800568787771062e-05,0.0008400284393885531
text+audio_text_ln_lrh0.001_e5_s43,763,2,0.88442,11.4349,1.6793458940632778e-05,0.0008396729470316388
text+audio_text_ln_lrh0.001_e5_s43,764,2,1.21857,12.069,1.6786349093494493e-05,0.0008393174546747245
text+audio_text_ln_lrh0.001_e5_s43,765,2,0.93657,19.1402,1.6779239246356206e-05,0.0008389619623178102
text+audio_text_ln_lrh0.001_e5_s43,766,2,0.64206,8.3842,1.6772129399217918e-05,0.0008386064699608958
text+audio_text_ln_lrh0.001_e5_s43,767,2,0.7261,24.1934,1.676501955207963e-05,0.0008382509776039815
text+audio_text_ln_lrh0.001_e5_s43,768,2,1.19796,20.7828,1.6757909704941343e-05,0.0008378954852470672
text+audio_text_ln_lrh0.001_e5_s43,769,2,0.65524,13.77,1.675079985780306e-05,0.0008375399928901529
text+audio_text_ln_lrh0.001_e5_s43,770,2,0.89293,15.205,1.674369001066477e-05,0.0008371845005332386
text+audio_text_ln_lrh0.001_e5_s43,771,2,0.38402,14.0665,1.6736580163526487e-05,0.0008368290081763243
text+audio_text_ln_lrh0.001_e5_s43,772,2,1.26246,20.0364,1.67294703163882e-05,0.0008364735158194099
text+audio_text_ln_lrh0.001_e5_s43,773,2,0.78952,12.5522,1.6722360469249912e-05,0.0008361180234624956
text+audio_text_ln_lrh0.001_e5_s43,774,2,1.18398,25.4402,1.6715250622111624e-05,0.0008357625311055812
text+audio_text_ln_lrh0.001_e5_s43,775,2,0.6267,13.5871,1.670814077497334e-05,0.000835407038748667
text+audio_text_ln_lrh0.001_e5_s43,776,2,1.82449,23.3369,1.6701030927835052e-05,0.0008350515463917527
text+audio_text_ln_lrh0.001_e5_s43,777,2,0.58315,10.8848,1.6693921080696768e-05,0.0008346960540348382
text+audio_text_ln_lrh0.001_e5_s43,778,2,0.60466,16.5062,1.668681123355848e-05,0.0008343405616779239
text+audio_text_ln_lrh0.001_e5_s43,779,2,1.33502,20.6182,1.6679701386420193e-05,0.0008339850693210096
text+audio_text_ln_lrh0.001_e5_s43,780,2,1.22426,17.8806,1.6672591539281905e-05,0.0008336295769640952
text+audio_text_ln_lrh0.001_e5_s43,781,2,0.74895,13.124,1.666548169214362e-05,0.000833274084607181
text+audio_text_ln_lrh0.001_e5_s43,782,2,0.83499,12.898,1.6658371845005334e-05,0.0008329185922502667
text+audio_text_ln_lrh0.001_e5_s43,783,2,0.57862,14.1353,1.6651261997867046e-05,0.0008325630998933523
text+audio_text_ln_lrh0.001_e5_s43,784,2,1.07939,15.2294,1.6644152150728762e-05,0.000832207607536438
text+audio_text_ln_lrh0.001_e5_s43,785,2,1.14015,21.6765,1.6637042303590474e-05,0.0008318521151795237
text+audio_text_ln_lrh0.001_e5_s43,786,2,0.82176,11.2319,1.6629932456452187e-05,0.0008314966228226093
text+audio_text_ln_lrh0.001_e5_s43,787,2,0.70154,10.9536,1.66228226093139e-05,0.000831141130465695
text+audio_text_ln_lrh0.001_e5_s43,788,2,0.63153,16.2138,1.6615712762175615e-05,0.0008307856381087807
text+audio_text_ln_lrh0.001_e5_s43,789,2,1.28594,34.1686,1.6608602915037327e-05,0.0008304301457518664
text+audio_text_ln_lrh0.001_e5_s43,790,2,0.87043,14.1551,1.6601493067899043e-05,0.0008300746533949521
text+audio_text_ln_lrh0.001_e5_s43,791,2,0.49903,9.8011,1.6594383220760755e-05,0.0008297191610380376
text+audio_text_ln_lrh0.001_e5_s43,792,2,1.00817,17.3288,1.6587273373622468e-05,0.0008293636686811233
text+audio_text_ln_lrh0.001_e5_s43,793,2,0.89222,15.8223,1.658016352648418e-05,0.000829008176324209
text+audio_text_ln_lrh0.001_e5_s43,794,2,1.66179,24.9571,1.6573053679345896e-05,0.0008286526839672947
text+audio_text_ln_lrh0.001_e5_s43,795,2,0.52174,13.4528,1.656594383220761e-05,0.0008282971916103804
text+audio_text_ln_lrh0.001_e5_s43,796,2,1.1155,20.0919,1.655883398506932e-05,0.0008279416992534661
text+audio_text_ln_lrh0.001_e5_s43,797,2,0.82383,24.6056,1.6551724137931037e-05,0.0008275862068965517
text+audio_text_ln_lrh0.001_e5_s43,798,2,0.4462,14.0772,1.654461429079275e-05,0.0008272307145396374
text+audio_text_ln_lrh0.001_e5_s43,799,2,0.92885,23.1683,1.653750444365446e-05,0.0008268752221827231
text+audio_text_ln_lrh0.001_e5_s43,800,2,1.0246,16.8279,1.6530394596516177e-05,0.0008265197298258088
text+audio_text_ln_lrh0.001_e5_s43,801,2,1.04453,22.33,1.652328474937789e-05,0.0008261642374688945
text+audio_text_ln_lrh0.001_e5_s43,802,2,0.77876,16.3824,1.6516174902239602e-05,0.0008258087451119801
text+audio_text_ln_lrh0.001_e5_s43,803,2,1.76886,29.4134,1.6509065055101318e-05,0.0008254532527550658
text+audio_text_ln_lrh0.001_e5_s43,804,2,0.73091,15.8349,1.650195520796303e-05,0.0008250977603981515
text+audio_text_ln_lrh0.001_e5_s43,805,2,1.18288,15.4455,1.6494845360824743e-05,0.000824742268041237
text+audio_text_ln_lrh0.001_e5_s43,806,2,1.502,22.2774,1.648773551368646e-05,0.0008243867756843228
text+audio_text_ln_lrh0.001_e5_s43,807,2,1.47847,18.4634,1.648062566654817e-05,0.0008240312833274085
text+audio_text_ln_lrh0.001_e5_s43,808,2,1.36837,18.2655,1.6473515819409883e-05,0.0008236757909704941
text+audio_text_ln_lrh0.001_e5_s43,809,2,1.00366,23.5659,1.64664059722716e-05,0.0008233202986135798
text+audio_text_ln_lrh0.001_e5_s43,810,2,1.00706,16.2917,1.645929612513331e-05,0.0008229648062566655
text+audio_text_ln_lrh0.001_e5_s43,811,2,0.55841,15.6946,1.6452186277995024e-05,0.0008226093138997511
text+audio_text_ln_lrh0.001_e5_s43,812,2,0.87652,17.7468,1.644507643085674e-05,0.0008222538215428369
text+audio_text_ln_lrh0.001_e5_s43,813,2,0.81684,21.0501,1.6437966583718452e-05,0.0008218983291859226
text+audio_text_ln_lrh0.001_e5_s43,814,2,1.00269,16.9705,1.6430856736580164e-05,0.0008215428368290082
text+audio_text_ln_lrh0.001_e5_s43,815,2,0.66776,14.8927,1.6423746889441877e-05,0.0008211873444720939
text+audio_text_ln_lrh0.001_e5_s43,816,2,0.73065,21.1117,1.6416637042303593e-05,0.0008208318521151795
text+audio_text_ln_lrh0.001_e5_s43,817,2,1.0667,16.5456,1.6409527195165305e-05,0.0008204763597582652
text+audio_text_ln_lrh0.001_e5_s43,818,2,1.93494,25.4516,1.6402417348027017e-05,0.0008201208674013509
text+audio_text_ln_lrh0.001_e5_s43,819,2,1.85689,18.7931,1.6395307500888733e-05,0.0008197653750444366
text+audio_text_ln_lrh0.001_e5_s43,820,2,1.4565,18.9651,1.6388197653750446e-05,0.0008194098826875223
text+audio_text_ln_lrh0.001_e5_s43,821,2,0.61136,13.0401,1.6381087806612158e-05,0.0008190543903306079
text+audio_text_ln_lrh0.001_e5_s43,822,2,1.543,18.3022,1.6373977959473874e-05,0.0008186988979736935
text+audio_text_ln_lrh0.001_e5_s43,823,2,1.29747,23.8166,1.6366868112335586e-05,0.0008183434056167792
text+audio_text_ln_lrh0.001_e5_s43,824,2,0.56801,18.1677,1.63597582651973e-05,0.0008179879132598649
text+audio_text_ln_lrh0.001_e5_s43,825,2,0.67514,9.9835,1.6352648418059014e-05,0.0008176324209029506
text+audio_text_ln_lrh0.001_e5_s43,826,2,0.73109,16.0611,1.6345538570920727e-05,0.0008172769285460363
text+audio_text_ln_lrh0.001_e5_s43,827,2,1.23173,18.9825,1.633842872378244e-05,0.000816921436189122
text+audio_text_ln_lrh0.001_e5_s43,828,2,1.10026,18.6067,1.6331318876644152e-05,0.0008165659438322076
text+audio_text_ln_lrh0.001_e5_s43,829,2,1.62255,23.6837,1.6324209029505868e-05,0.0008162104514752933
text+audio_text_ln_lrh0.001_e5_s43,830,2,1.11014,14.1887,1.631709918236758e-05,0.0008158549591183789
text+audio_text_ln_lrh0.001_e5_s43,831,2,0.86194,15.9296,1.6309989335229296e-05,0.0008154994667614647
text+audio_text_ln_lrh0.001_e5_s43,832,2,1.11295,15.9193,1.6302879488091008e-05,0.0008151439744045504
text+audio_text_ln_lrh0.001_e5_s43,833,2,0.73118,10.3918,1.629576964095272e-05,0.000814788482047636
text+audio_text_ln_lrh0.001_e5_s43,834,2,0.89621,10.7451,1.6288659793814433e-05,0.0008144329896907217
text+audio_text_ln_lrh0.001_e5_s43,835,2,0.54405,15.2155,1.628154994667615e-05,0.0008140774973338073
text+audio_text_ln_lrh0.001_e5_s43,836,2,0.8626,14.8435,1.627444009953786e-05,0.0008137220049768929
text+audio_text_ln_lrh0.001_e5_s43,837,2,1.06348,17.3089,1.6267330252399577e-05,0.0008133665126199787
text+audio_text_ln_lrh0.001_e5_s43,838,2,0.8771,12.8882,1.626022040526129e-05,0.0008130110202630644
text+audio_text_ln_lrh0.001_e5_s43,839,2,1.57149,24.439,1.6253110558123002e-05,0.00081265552790615
text+audio_text_ln_lrh0.001_e5_s43,840,2,1.19202,20.7301,1.6246000710984714e-05,0.0008123000355492357
text+audio_text_ln_lrh0.001_e5_s43,841,2,1.03626,11.4303,1.6238890863846427e-05,0.0008119445431923214
text+audio_text_ln_lrh0.001_e5_s43,842,2,0.86847,13.9039,1.6231781016708142e-05,0.000811589050835407
text+audio_text_ln_lrh0.001_e5_s43,843,2,0.74622,12.7756,1.6224671169569858e-05,0.0008112335584784928
text+audio_text_ln_lrh0.001_e5_s43,844,2,1.20085,15.8614,1.621756132243157e-05,0.0008108780661215785
text+audio_text_ln_lrh0.001_e5_s43,845,2,1.08167,16.2873,1.6210451475293283e-05,0.0008105225737646641
text+audio_text_ln_lrh0.001_e5_s43,846,2,0.99116,19.1077,1.6203341628154995e-05,0.0008101670814077498
text+audio_text_ln_lrh0.001_e5_s43,847,2,1.19755,16.2437,1.6196231781016708e-05,0.0008098115890508354
text+audio_text_ln_lrh0.001_e5_s43,848,2,0.90613,10.4576,1.6189121933878424e-05,0.0008094560966939211
text+audio_text_ln_lrh0.001_e5_s43,849,2,0.6507,9.5003,1.6182012086740136e-05,0.0008091006043370067
text+audio_text_ln_lrh0.001_e5_s43,850,2,1.38147,14.8091,1.6174902239601852e-05,0.0008087451119800924
text+audio_text_ln_lrh0.001_e5_s43,851,2,1.21919,17.9428,1.6167792392463564e-05,0.0008083896196231781
text+audio_text_ln_lrh0.001_e5_s43,852,2,1.08578,21.8866,1.6160682545325277e-05,0.0008080341272662638
text+audio_text_ln_lrh0.001_e5_s43,853,2,1.38119,13.2575,1.615357269818699e-05,0.0008076786349093494
text+audio_text_ln_lrh0.001_e5_s43,854,2,0.67499,14.553,1.6146462851048705e-05,0.0008073231425524351
text+audio_text_ln_lrh0.001_e5_s43,855,2,0.74567,11.257,1.6139353003910417e-05,0.0008069676501955208
text+audio_text_ln_lrh0.001_e5_s43,856,2,0.63242,13.038,1.6132243156772133e-05,0.0008066121578386065
text+audio_text_ln_lrh0.001_e5_s43,857,2,0.88482,12.0105,1.6125133309633845e-05,0.0008062566654816922
text+audio_text_ln_lrh0.001_e5_s43,858,2,1.1841,11.2418,1.6118023462495558e-05,0.0008059011731247779
text+audio_text_ln_lrh0.001_e5_s43,859,2,1.1934,12.2935,1.611091361535727e-05,0.0008055456807678635
text+audio_text_ln_lrh0.001_e5_s43,860,2,0.70362,12.195,1.6103803768218983e-05,0.0008051901884109492
text+audio_text_ln_lrh0.001_e5_s43,861,2,1.21528,15.0762,1.60966939210807e-05,0.0008048346960540348
text+audio_text_ln_lrh0.001_e5_s43,862,2,0.94718,15.5839,1.6089584073942414e-05,0.0008044792036971206
text+audio_text_ln_lrh0.001_e5_s43,863,2,1.15998,12.5197,1.6082474226804127e-05,0.0008041237113402063
text+audio_text_ln_lrh0.001_e5_s43,864,2,0.8041,12.6339,1.607536437966584e-05,0.0008037682189832918
text+audio_text_ln_lrh0.001_e5_s43,865,2,1.16135,27.5785,1.606825453252755e-05,0.0008034127266263775
text+audio_text_ln_lrh0.001_e5_s43,866,2,0.97515,13.8253,1.6061144685389264e-05,0.0008030572342694632
text+audio_text_ln_lrh0.001_e5_s43,867,2,1.04251,17.8963,1.605403483825098e-05,0.0008027017419125488
text+audio_text_ln_lrh0.001_e5_s43,868,2,0.93179,17.3646,1.6046924991112692e-05,0.0008023462495556346
text+audio_text_ln_lrh0.001_e5_s43,869,2,0.95503,14.4151,1.6039815143974408e-05,0.0008019907571987203
text+audio_text_ln_lrh0.001_e5_s43,870,2,1.18225,24.7304,1.603270529683612e-05,0.0008016352648418059
text+audio_text_ln_lrh0.001_e5_s43,871,2,1.05837,13.108,1.6025595449697833e-05,0.0008012797724848916
text+audio_text_ln_lrh0.001_e5_s43,872,2,0.9957,15.4711,1.6018485602559545e-05,0.0008009242801279773
text+audio_text_ln_lrh0.001_e5_s43,873,2,0.92753,14.7477,1.6011375755421257e-05,0.0008005687877710629
text+audio_text_ln_lrh0.001_e5_s43,874,2,1.21903,21.0712,1.6004265908282973e-05,0.0008002132954141487
text+audio_text_ln_lrh0.001_e5_s43,875,2,0.63483,13.0749,1.599715606114469e-05,0.0007998578030572343
text+audio_text_ln_lrh0.001_e5_s43,876,2,0.31123,21.8695,1.59900462140064e-05,0.00079950231070032
text+audio_text_ln_lrh0.001_e5_s43,877,2,1.01748,19.0002,1.5982936366868114e-05,0.0007991468183434057
text+audio_text_ln_lrh0.001_e5_s43,878,2,1.33703,20.2,1.5975826519729826e-05,0.0007987913259864912
text+audio_text_ln_lrh0.001_e5_s43,879,2,0.6031,9.5206,1.596871667259154e-05,0.0007984358336295769
text+audio_text_ln_lrh0.001_e5_s43,880,2,0.98897,12.8971,1.5961606825453254e-05,0.0007980803412726626
text+audio_text_ln_lrh0.001_e5_s43,881,2,0.9459,16.2349,1.5954496978314967e-05,0.0007977248489157483
text+audio_text_ln_lrh0.001_e5_s43,882,2,1.03603,19.4564,1.5947387131176683e-05,0.000797369356558834
text+audio_text_ln_lrh0.001_e5_s43,883,2,1.748,30.0915,1.5940277284038395e-05,0.0007970138642019197
text+audio_text_ln_lrh0.001_e5_s43,884,2,1.2502,16.667,1.5933167436900107e-05,0.0007966583718450053
text+audio_text_ln_lrh0.001_e5_s43,885,2,0.7159,15.6465,1.592605758976182e-05,0.000796302879488091
text+audio_text_ln_lrh0.001_e5_s43,886,2,1.41909,17.1034,1.5918947742623536e-05,0.0007959473871311767
text+audio_text_ln_lrh0.001_e5_s43,887,2,1.22262,25.2037,1.5911837895485248e-05,0.0007955918947742624
text+audio_text_ln_lrh0.001_e5_s43,888,2,0.88089,16.4802,1.5904728048346964e-05,0.0007952364024173481
text+audio_text_ln_lrh0.001_e5_s43,889,2,0.95297,16.0868,1.5897618201208676e-05,0.0007948809100604337
text+audio_text_ln_lrh0.001_e5_s43,890,2,1.14658,16.6191,1.589050835407039e-05,0.0007945254177035194
text+audio_text_ln_lrh0.001_e5_s43,891,2,1.07647,14.4793,1.58833985069321e-05,0.0007941699253466051
text+audio_text_ln_lrh0.001_e5_s43,892,2,0.76063,13.9622,1.5876288659793813e-05,0.0007938144329896907
text+audio_text_ln_lrh0.001_e5_s43,893,2,0.7099,11.6201,1.586917881265553e-05,0.0007934589406327765
text+audio_text_ln_lrh0.001_e5_s43,894,2,1.61793,17.3667,1.586206896551724e-05,0.0007931034482758621
text+audio_text_ln_lrh0.001_e5_s43,895,2,1.04923,12.5304,1.5854959118378957e-05,0.0007927479559189477
text+audio_text_ln_lrh0.001_e5_s43,896,2,0.86512,20.2853,1.584784927124067e-05,0.0007923924635620334
text+audio_text_ln_lrh0.001_e5_s43,897,2,1.06418,13.3438,1.5840739424102382e-05,0.0007920369712051191
text+audio_text_ln_lrh0.001_e5_s43,898,2,0.87766,14.9819,1.5833629576964095e-05,0.0007916814788482047
text+audio_text_ln_lrh0.001_e5_s43,899,2,1.24948,31.9733,1.582651972982581e-05,0.0007913259864912905
text+audio_text_ln_lrh0.001_e5_s43,900,2,0.71062,13.3951,1.5819409882687523e-05,0.0007909704941343762
text+audio_text_ln_lrh0.001_e5_s43,901,2,0.83889,13.169,1.581230003554924e-05,0.0007906150017774618
text+audio_text_ln_lrh0.001_e5_s43,902,2,1.06905,15.0037,1.580519018841095e-05,0.0007902595094205475
text+audio_text_ln_lrh0.001_e5_s43,903,2,1.191,18.9595,1.5798080341272663e-05,0.0007899040170636331
text+audio_text_ln_lrh0.001_e5_s43,904,2,1.09855,16.7311,1.5790970494134376e-05,0.0007895485247067188
text+audio_text_ln_lrh0.001_e5_s43,905,2,0.93773,10.5125,1.5783860646996088e-05,0.0007891930323498045
text+audio_text_ln_lrh0.001_e5_s43,906,2,1.00617,14.8246,1.5776750799857804e-05,0.0007888375399928902
text+audio_text_ln_lrh0.001_e5_s43,907,2,1.243,18.0746,1.576964095271952e-05,0.0007884820476359759
text+audio_text_ln_lrh0.001_e5_s43,908,2,1.48111,16.7535,1.5762531105581232e-05,0.0007881265552790616
text+audio_text_ln_lrh0.001_e5_s43,909,2,1.12904,13.2943,1.5755421258442945e-05,0.0007877710629221471
text+audio_text_ln_lrh0.001_e5_s43,910,2,1.42008,53.5854,1.5748311411304657e-05,0.0007874155705652328
text+audio_text_ln_lrh0.001_e5_s43,911,2,0.93921,17.5914,1.574120156416637e-05,0.0007870600782083185
text+audio_text_ln_lrh0.001_e5_s43,912,2,1.02535,16.4569,1.5734091717028085e-05,0.0007867045858514042
text+audio_text_ln_lrh0.001_e5_s43,913,2,1.4227,16.938,1.5726981869889798e-05,0.0007863490934944899
text+audio_text_ln_lrh0.001_e5_s43,914,2,0.51486,11.2109,1.5719872022751513e-05,0.0007859936011375756
text+audio_text_ln_lrh0.001_e5_s43,915,2,1.29889,15.5834,1.5712762175613226e-05,0.0007856381087806612
text+audio_text_ln_lrh0.001_e5_s43,916,2,0.45208,14.0516,1.5705652328474938e-05,0.0007852826164237469
text+audio_text_ln_lrh0.001_e5_s43,917,2,1.01195,16.0244,1.569854248133665e-05,0.0007849271240668325
text+audio_text_ln_lrh0.001_e5_s43,918,2,1.14385,14.3178,1.5691432634198366e-05,0.0007845716317099183
text+audio_text_ln_lrh0.001_e5_s43,919,2,0.93657,11.543,1.568432278706008e-05,0.000784216139353004
text+audio_text_ln_lrh0.001_e5_s43,920,2,1.76576,25.3211,1.5677212939921795e-05,0.0007838606469960896
text+audio_text_ln_lrh0.001_e5_s43,921,2,0.55347,8.5429,1.5670103092783507e-05,0.0007835051546391753
text+audio_text_ln_lrh0.001_e5_s43,922,2,1.59355,19.8083,1.566299324564522e-05,0.000783149662282261
text+audio_text_ln_lrh0.001_e5_s43,923,2,1.17348,20.4514,1.5655883398506932e-05,0.0007827941699253465
text+audio_text_ln_lrh0.001_e5_s43,924,2,1.23993,17.1896,1.5648773551368648e-05,0.0007824386775684323
text+audio_text_ln_lrh0.001_e5_s43,925,2,1.03509,13.1607,1.564166370423036e-05,0.000782083185211518
text+audio_text_ln_lrh0.001_e5_s43,926,2,1.28835,20.1792,1.5634553857092072e-05,0.0007817276928546036
text+audio_text_ln_lrh0.001_e5_s43,927,2,1.27313,14.6496,1.5627444009953788e-05,0.0007813722004976893
text+audio_text_ln_lrh0.001_e5_s43,928,2,0.84631,16.2527,1.56203341628155e-05,0.000781016708140775
text+audio_text_ln_lrh0.001_e5_s43,929,2,2.25937,19.2291,1.5613224315677213e-05,0.0007806612157838606
text+audio_text_ln_lrh0.001_e5_s43,930,2,1.32172,13.8659,1.560611446853893e-05,0.0007803057234269464
text+audio_text_ln_lrh0.001_e5_s43,931,2,1.46945,14.3051,1.559900462140064e-05,0.0007799502310700321
text+audio_text_ln_lrh0.001_e5_s43,932,2,0.90542,8.9388,1.5591894774262354e-05,0.0007795947387131177
text+audio_text_ln_lrh0.001_e5_s43,933,2,1.38144,11.5653,1.558478492712407e-05,0.0007792392463562034
text+audio_text_ln_lrh0.001_e5_s43,934,2,0.79698,9.8588,1.5577675079985782e-05,0.000778883753999289
text+audio_text_ln_lrh0.001_e5_s43,935,2,1.36921,13.1739,1.5570565232847494e-05,0.0007785282616423747
text+audio_text_ln_lrh0.001_e5_s43,936,2,1.2394,16.1239,1.5563455385709207e-05,0.0007781727692854604
text+audio_text_ln_lrh0.001_e5_s43,937,2,1.23447,11.4972,1.5556345538570922e-05,0.000777817276928546
text+audio_text_ln_lrh0.001_e5_s43,938,2,0.81628,14.0907,1.5549235691432635e-05,0.0007774617845716317
text+audio_text_ln_lrh0.001_e5_s43,939,2,0.68078,12.1977,1.554212584429435e-05,0.0007771062922147174
text+audio_text_ln_lrh0.001_e5_s43,940,2,1.15845,12.9596,1.5535015997156063e-05,0.000776750799857803
text+audio_text_ln_lrh0.001_e5_s43,941,2,1.28825,14.3638,1.5527906150017776e-05,0.0007763953075008887
text+audio_text_ln_lrh0.001_e5_s43,942,2,0.97505,15.1049,1.5520796302879488e-05,0.0007760398151439744
text+audio_text_ln_lrh0.001_e5_s43,943,2,1.06959,13.2794,1.5513686455741204e-05,0.0007756843227870601
text+audio_text_ln_lrh0.001_e5_s43,944,2,0.8967,15.3103,1.5506576608602916e-05,0.0007753288304301458
text+audio_text_ln_lrh0.001_e5_s43,945,2,0.55269,9.4097,1.549946676146463e-05,0.0007749733380732315
text+audio_text_ln_lrh0.001_e5_s43,946,2,1.33488,17.2795,1.5492356914326344e-05,0.0007746178457163171
text+audio_text_ln_lrh0.001_e5_s43,947,2,0.55375,8.7238,1.5485247067188057e-05,0.0007742623533594028
text+audio_text_ln_lrh0.001_e5_s43,948,2,1.16995,20.6215,1.547813722004977e-05,0.0007739068610024884
text+audio_text_ln_lrh0.001_e5_s43,949,2,0.7201,16.8005,1.5471027372911485e-05,0.0007735513686455742
text+audio_text_ln_lrh0.001_e5_s43,950,2,1.30461,20.6,1.5463917525773197e-05,0.0007731958762886599
text+audio_text_ln_lrh0.001_e5_s43,951,2,0.71378,13.4415,1.545680767863491e-05,0.0007728403839317455
text+audio_text_ln_lrh0.001_e5_s43,952,2,1.10597,19.096,1.5449697831496626e-05,0.0007724848915748311
text+audio_text_ln_lrh0.001_e5_s43,953,2,0.8079,14.6181,1.5442587984358338e-05,0.0007721293992179168
text+audio_text_ln_lrh0.001_e5_s43,954,2,1.26119,17.9264,1.543547813722005e-05,0.0007717739068610024
text+audio_text_ln_lrh0.001_e5_s43,955,2,1.19024,18.7998,1.5428368290081766e-05,0.0007714184145040882
text+audio_text_ln_lrh0.001_e5_s43,956,2,0.80701,30.1853,1.542125844294348e-05,0.0007710629221471739
text+audio_text_ln_lrh0.001_e5_s43,957,2,0.84743,18.8481,1.541414859580519e-05,0.0007707074297902595
text+audio_text_ln_lrh0.001_e5_s43,958,2,1.20522,19.0259,1.5407038748666903e-05,0.0007703519374333452
text+audio_text_ln_lrh0.001_e5_s43,959,2,0.8814,17.2388,1.539992890152862e-05,0.0007699964450764309
text+audio_text_ln_lrh0.001_e5_s43,960,2,1.54041,22.519,1.539281905439033e-05,0.0007696409527195165
text+audio_text_ln_lrh0.001_e5_s43,961,2,1.07387,15.2686,1.5385709207252047e-05,0.0007692854603626023
text+audio_text_ln_lrh0.001_e5_s43,962,2,1.43413,18.385,1.537859936011376e-05,0.0007689299680056879
text+audio_text_ln_lrh0.001_e5_s43,963,2,1.43153,31.4839,1.5371489512975472e-05,0.0007685744756487736
text+audio_text_ln_lrh0.001_e5_s43,964,2,1.309,19.7143,1.5364379665837185e-05,0.0007682189832918593
text+audio_text_ln_lrh0.001_e5_s43,965,2,0.97444,18.4694,1.53572698186989e-05,0.0007678634909349449
text+audio_text_ln_lrh0.001_e5_s43,966,2,1.19298,19.2635,1.5350159971560613e-05,0.0007675079985780305
text+audio_text_ln_lrh0.001_e5_s43,967,2,0.92406,13.3778,1.5343050124422325e-05,0.0007671525062211162
text+audio_text_ln_lrh0.001_e5_s43,968,2,0.76717,17.6395,1.533594027728404e-05,0.0007667970138642019
text+audio_text_ln_lrh0.001_e5_s43,969,2,0.75761,13.1558,1.5328830430145753e-05,0.0007664415215072876
text+audio_text_ln_lrh0.001_e5_s43,970,2,1.34351,16.4292,1.5321720583007466e-05,0.0007660860291503733
text+audio_text_ln_lrh0.001_e5_s43,971,2,1.02543,16.2715,1.5314610735869178e-05,0.0007657305367934589
text+audio_text_ln_lrh0.001_e5_s43,972,2,1.02501,17.1253,1.5307500888730894e-05,0.0007653750444365446
text+audio_text_ln_lrh0.001_e5_s43,973,2,0.72675,12.5688,1.5300391041592606e-05,0.0007650195520796303
text+audio_text_ln_lrh0.001_e5_s43,974,2,1.13887,17.3599,1.5293281194454322e-05,0.000764664059722716
text+audio_text_ln_lrh0.001_e5_s43,975,2,1.47296,19.5142,1.5286171347316035e-05,0.0007643085673658017
text+audio_text_ln_lrh0.001_e5_s43,976,2,0.90079,23.6492,1.5279061500177747e-05,0.0007639530750088873
text+audio_text_ln_lrh0.001_e5_s43,977,2,0.81906,13.2503,1.527195165303946e-05,0.000763597582651973
text+audio_text_ln_lrh0.001_e5_s43,978,2,0.98573,12.0122,1.5264841805901175e-05,0.0007632420902950587
text+audio_text_ln_lrh0.001_e5_s43,979,2,0.35164,11.1846,1.5257731958762888e-05,0.0007628865979381443
text+audio_text_ln_lrh0.001_e5_s43,980,2,1.67175,21.1449,1.5250622111624602e-05,0.0007625311055812301
text+audio_text_ln_lrh0.001_e5_s43,981,2,0.64129,10.6302,1.5243512264486316e-05,0.0007621756132243158
text+audio_text_ln_lrh0.001_e5_s43,982,2,1.2324,13.9738,1.5236402417348028e-05,0.0007618201208674013
text+audio_text_ln_lrh0.001_e5_s43,983,2,0.79872,11.5701,1.5229292570209742e-05,0.000761464628510487
text+audio_text_ln_lrh0.001_e5_s43,984,2,1.5287,23.6614,1.5222182723071455e-05,0.0007611091361535727
text+audio_text_ln_lrh0.001_e5_s43,985,2,1.40979,18.2212,1.5215072875933167e-05,0.0007607536437966583
text+audio_text_ln_lrh0.001_e5_s43,986,2,0.99277,16.0012,1.5207963028794883e-05,0.0007603981514397441
text+audio_text_ln_lrh0.001_e5_s43,987,2,1.20964,16.0081,1.5200853181656597e-05,0.0007600426590828298
text+audio_text_ln_lrh0.001_e5_s43,988,2,0.91015,13.3288,1.519374333451831e-05,0.0007596871667259154
text+audio_text_ln_lrh0.001_e5_s43,989,2,0.63588,14.72,1.5186633487380022e-05,0.0007593316743690011
text+audio_text_ln_lrh0.001_e5_s43,990,2,1.0892,16.0564,1.5179523640241736e-05,0.0007589761820120867
text+audio_text_ln_lrh0.001_e5_s43,991,2,1.10409,15.0926,1.5172413793103448e-05,0.0007586206896551724
text+audio_text_ln_lrh0.001_e5_s43,992,2,1.56855,22.5042,1.5165303945965164e-05,0.0007582651972982582
text+audio_text_ln_lrh0.001_e5_s43,993,2,1.17111,15.1064,1.5158194098826876e-05,0.0007579097049413438
text+audio_text_ln_lrh0.001_e5_s43,994,2,1.50409,17.3696,1.515108425168859e-05,0.0007575542125844295
text+audio_text_ln_lrh0.001_e5_s43,995,2,1.06242,14.5234,1.5143974404550303e-05,0.0007571987202275152
text+audio_text_ln_lrh0.001_e5_s43,996,2,0.82361,11.3448,1.5136864557412017e-05,0.0007568432278706007
text+audio_text_ln_lrh0.001_e5_s43,997,2,1.42171,14.1005,1.512975471027373e-05,0.0007564877355136864
text+audio_text_ln_lrh0.001_e5_s43,998,2,0.71423,14.6725,1.5122644863135444e-05,0.0007561322431567721
text+audio_text_ln_lrh0.001_e5_s43,999,2,1.24671,18.8961,1.5115535015997158e-05,0.0007557767507998578
text+audio_text_ln_lrh0.001_e5_s43,1000,2,0.94344,17.0636,1.5108425168858872e-05,0.0007554212584429435
text+audio_text_ln_lrh0.001_e5_s43,1001,2,0.95715,17.0219,1.5101315321720584e-05,0.0007550657660860292
text+audio_text_ln_lrh0.001_e5_s43,1002,2,1.15362,20.591,1.5094205474582298e-05,0.0007547102737291148
text+audio_text_ln_lrh0.001_e5_s43,1003,2,1.04915,19.1204,1.508709562744401e-05,0.0007543547813722005
text+audio_text_ln_lrh0.001_e5_s43,1004,2,1.00741,14.6256,1.5079985780305723e-05,0.0007539992890152861
text+audio_text_ln_lrh0.001_e5_s43,1005,2,0.8607,12.9736,1.5072875933167439e-05,0.0007536437966583719
text+audio_text_ln_lrh0.001_e5_s43,1006,2,1.45749,15.4789,1.5065766086029151e-05,0.0007532883043014576
text+audio_text_ln_lrh0.001_e5_s43,1007,2,0.56484,9.1496,1.5058656238890865e-05,0.0007529328119445432
text+audio_text_ln_lrh0.001_e5_s43,1008,2,1.07322,16.6801,1.5051546391752578e-05,0.0007525773195876289
text+audio_text_ln_lrh0.001_e5_s43,1009,2,1.36916,18.1356,1.5044436544614292e-05,0.0007522218272307146
text+audio_text_ln_lrh0.001_e5_s43,1010,2,0.75059,32.8765,1.5037326697476004e-05,0.0007518663348738001
text+audio_text_ln_lrh0.001_e5_s43,1011,2,0.74666,14.1466,1.503021685033772e-05,0.000751510842516886
text+audio_text_ln_lrh0.001_e5_s43,1012,2,1.51528,19.6686,1.5023107003199433e-05,0.0007511553501599716
text+audio_text_ln_lrh0.001_e5_s43,1013,2,1.65946,27.9223,1.5015997156061147e-05,0.0007507998578030572
text+audio_text_ln_lrh0.001_e5_s43,1014,2,1.08385,18.3334,1.5008887308922859e-05,0.0007504443654461429
text+audio_text_ln_lrh0.001_e5_s43,1015,2,0.92866,21.0189,1.5001777461784573e-05,0.0007500888730892286
text+audio_text_ln_lrh0.001_e5_s43,1016,2,0.45879,11.67,1.4994667614646286e-05,0.0007497333807323142
text+audio_text_ln_lrh0.001_e5_s43,1017,2,1.56797,24.3864,1.4987557767508001e-05,0.0007493778883754
text+audio_text_ln_lrh0.001_e5_s43,1018,2,0.96566,16.3238,1.4980447920369714e-05,0.0007490223960184857
text+audio_text_ln_lrh0.001_e5_s43,1019,2,1.28962,22.3354,1.4973338073231428e-05,0.0007486669036615713
text+audio_text_ln_lrh0.001_e5_s43,1020,2,0.98178,18.0596,1.496622822609314e-05,0.000748311411304657
text+audio_text_ln_lrh0.001_e5_s43,1021,2,1.02813,12.162,1.4959118378954853e-05,0.0007479559189477426
text+audio_text_ln_lrh0.001_e5_s43,1022,2,0.67616,14.0197,1.4952008531816567e-05,0.0007476004265908283
text+audio_text_ln_lrh0.001_e5_s43,1023,2,0.77839,12.7289,1.4944898684678279e-05,0.000747244934233914
text+audio_text_ln_lrh0.001_e5_s43,1024,2,0.91968,10.9971,1.4937788837539995e-05,0.0007468894418769997
text+audio_text_ln_lrh0.001_e5_s43,1025,2,1.45593,16.3281,1.4930678990401707e-05,0.0007465339495200854
text+audio_text_ln_lrh0.001_e5_s43,1026,2,1.28375,15.8742,1.4923569143263421e-05,0.000746178457163171
text+audio_text_ln_lrh0.001_e5_s43,1027,2,0.70518,18.6499,1.4916459296125134e-05,0.0007458229648062566
text+audio_text_ln_lrh0.001_e5_s43,1028,2,0.80313,15.9274,1.4909349448986848e-05,0.0007454674724493423
text+audio_text_ln_lrh0.001_e5_s43,1029,2,0.98866,14.6053,1.490223960184856e-05,0.000745111980092428
text+audio_text_ln_lrh0.001_e5_s43,1030,2,1.30508,16.0165,1.4895129754710276e-05,0.0007447564877355137
text+audio_text_ln_lrh0.001_e5_s43,1031,2,1.35752,17.6436,1.4888019907571989e-05,0.0007444009953785994
text+audio_text_ln_lrh0.001_e5_s43,1032,2,0.62558,11.0805,1.4880910060433703e-05,0.0007440455030216851
text+audio_text_ln_lrh0.001_e5_s43,1033,2,0.83106,12.5587,1.4873800213295415e-05,0.0007436900106647707
text+audio_text_ln_lrh0.001_e5_s43,1034,2,0.71306,18.5878,1.4866690366157127e-05,0.0007433345183078564
text+audio_text_ln_lrh0.001_e5_s43,1035,2,1.10157,21.7509,1.4859580519018842e-05,0.000742979025950942
text+audio_text_ln_lrh0.001_e5_s43,1036,2,0.87954,14.5056,1.4852470671880557e-05,0.0007426235335940278
text+audio_text_ln_lrh0.001_e5_s43,1037,2,0.84402,14.7065,1.484536082474227e-05,0.0007422680412371135
text+audio_text_ln_lrh0.001_e5_s43,1038,2,0.49723,13.8385,1.4838250977603982e-05,0.0007419125488801991
text+audio_text_ln_lrh0.001_e5_s43,1039,2,1.35449,18.4668,1.4831141130465696e-05,0.0007415570565232848
text+audio_text_ln_lrh0.001_e5_s43,1040,2,0.79593,12.4938,1.4824031283327409e-05,0.0007412015641663704
text+audio_text_ln_lrh0.001_e5_s43,1041,2,0.40492,9.0394,1.4816921436189123e-05,0.000740846071809456
text+audio_text_ln_lrh0.001_e5_s43,1042,2,1.14035,22.6011,1.4809811589050837e-05,0.0007404905794525418
text+audio_text_ln_lrh0.001_e5_s43,1043,2,0.78436,14.1449,1.4802701741912551e-05,0.0007401350870956275
text+audio_text_ln_lrh0.001_e5_s43,1044,2,1.39404,17.4523,1.4795591894774263e-05,0.0007397795947387131
text+audio_text_ln_lrh0.001_e5_s43,1045,2,1.40622,19.6224,1.4788482047635977e-05,0.0007394241023817988
text+audio_text_ln_lrh0.001_e5_s43,1046,2,0.49512,13.691,1.478137220049769e-05,0.0007390686100248845
text+audio_text_ln_lrh0.001_e5_s43,1047,2,1.30138,24.175,1.4774262353359404e-05,0.0007387131176679701
text+audio_text_ln_lrh0.001_e5_s43,1048,2,0.71362,17.7485,1.4767152506221118e-05,0.0007383576253110559
text+audio_text_ln_lrh0.001_e5_s43,1049,2,0.53846,12.7847,1.4760042659082832e-05,0.0007380021329541415
text+audio_text_ln_lrh0.001_e5_s43,1050,2,0.81598,26.9339,1.4752932811944545e-05,0.0007376466405972272
text+audio_text_ln_lrh0.001_e5_s43,1051,2,0.46322,11.801,1.4745822964806259e-05,0.0007372911482403129
text+audio_text_ln_lrh0.001_e5_s43,1052,2,1.14769,16.3668,1.4738713117667971e-05,0.0007369356558833985
text+audio_text_ln_lrh0.001_e5_s43,1053,2,1.39909,16.9451,1.4731603270529683e-05,0.0007365801635264842
text+audio_text_ln_lrh0.001_e5_s43,1054,2,1.02488,13.6429,1.4724493423391398e-05,0.0007362246711695698
text+audio_text_ln_lrh0.001_e5_s43,1055,2,0.90918,15.3939,1.4717383576253112e-05,0.0007358691788126555
text+audio_text_ln_lrh0.001_e5_s43,1056,2,0.55464,17.2804,1.4710273729114826e-05,0.0007355136864557412
text+audio_text_ln_lrh0.001_e5_s43,1057,2,1.06969,20.9536,1.4703163881976538e-05,0.0007351581940988269
text+audio_text_ln_lrh0.001_e5_s43,1058,2,0.68798,10.6404,1.4696054034838252e-05,0.0007348027017419125
text+audio_text_ln_lrh0.001_e5_s43,1059,2,1.61623,23.2291,1.4688944187699965e-05,0.0007344472093849982
text+audio_text_ln_lrh0.001_e5_s43,1060,2,1.14506,18.2627,1.4681834340561679e-05,0.0007340917170280839
text+audio_text_ln_lrh0.001_e5_s43,1061,2,0.55359,16.9624,1.4674724493423393e-05,0.0007337362246711696
text+audio_text_ln_lrh0.001_e5_s43,1062,2,0.69021,12.5556,1.4667614646285107e-05,0.0007333807323142553
text+audio_text_ln_lrh0.001_e5_s43,1063,2,0.78135,23.0978,1.466050479914682e-05,0.0007330252399573409
text+audio_text_ln_lrh0.001_e5_s43,1064,2,1.48324,18.4236,1.4653394952008534e-05,0.0007326697476004266
text+audio_text_ln_lrh0.001_e5_s43,1065,2,0.45691,13.5463,1.4646285104870246e-05,0.0007323142552435123
text+audio_text_ln_lrh0.001_e5_s43,1066,2,0.91984,21.0506,1.4639175257731958e-05,0.0007319587628865979
text+audio_text_ln_lrh0.001_e5_s43,1067,2,0.7503,9.6089,1.4632065410593674e-05,0.0007316032705296837
text+audio_text_ln_lrh0.001_e5_s43,1068,2,1.3783,25.6722,1.4624955563455388e-05,0.0007312477781727694
text+audio_text_ln_lrh0.001_e5_s43,1069,2,0.91074,16.1573,1.46178457163171e-05,0.000730892285815855
text+audio_text_ln_lrh0.001_e5_s43,1070,2,0.61971,13.4884,1.4610735869178813e-05,0.0007305367934589406
text+audio_text_ln_lrh0.001_e5_s43,1071,2,1.50248,15.3185,1.4603626022040527e-05,0.0007301813011020263
text+audio_text_ln_lrh0.001_e5_s43,1072,2,1.16954,17.8863,1.459651617490224e-05,0.0007298258087451119
text+audio_text_ln_lrh0.001_e5_s43,1073,2,0.92929,15.9283,1.4589406327763955e-05,0.0007294703163881977
text+audio_text_ln_lrh0.001_e5_s43,1074,2,0.96201,18.5585,1.4582296480625668e-05,0.0007291148240312834
text+audio_text_ln_lrh0.001_e5_s43,1075,2,1.33134,16.3375,1.4575186633487382e-05,0.000728759331674369
text+audio_text_ln_lrh0.001_e5_s43,1076,2,0.84158,16.0052,1.4568076786349094e-05,0.0007284038393174547
text+audio_text_ln_lrh0.001_e5_s43,1077,2,1.54852,22.5525,1.4560966939210808e-05,0.0007280483469605403
text+audio_text_ln_lrh0.001_e5_s43,1078,2,0.96694,25.5899,1.455385709207252e-05,0.000727692854603626
text+audio_text_ln_lrh0.001_e5_s43,1079,2,1.21735,15.829,1.4546747244934237e-05,0.0007273373622467118
text+audio_text_ln_lrh0.001_e5_s43,1080,2,0.93717,14.9452,1.4539637397795949e-05,0.0007269818698897974
text+audio_text_ln_lrh0.001_e5_s43,1081,2,1.53535,19.0513,1.4532527550657663e-05,0.0007266263775328831
text+audio_text_ln_lrh0.001_e5_s43,1082,2,0.90874,14.1512,1.4525417703519375e-05,0.0007262708851759688
text+audio_text_ln_lrh0.001_e5_s43,1083,2,0.71816,16.7807,1.4518307856381088e-05,0.0007259153928190543
text+audio_text_ln_lrh0.001_e5_s43,1084,2,0.82772,19.2503,1.4511198009242802e-05,0.00072555990046214
text+audio_text_ln_lrh0.001_e5_s43,1085,2,1.49768,18.7081,1.4504088162104514e-05,0.0007252044081052257
text+audio_text_ln_lrh0.001_e5_s43,1086,2,1.01455,24.2823,1.449697831496623e-05,0.0007248489157483114
text+audio_text_ln_lrh0.001_e5_s43,1087,2,0.90411,15.0543,1.4489868467827943e-05,0.0007244934233913971
text+audio_text_ln_lrh0.001_e5_s43,1088,2,0.61091,19.4505,1.4482758620689657e-05,0.0007241379310344828
text+audio_text_ln_lrh0.001_e5_s43,1089,2,0.83212,18.6355,1.4475648773551369e-05,0.0007237824386775684
text+audio_text_ln_lrh0.001_e5_s43,1090,2,1.27547,15.4027,1.4468538926413083e-05,0.0007234269463206541
text+audio_text_ln_lrh0.001_e5_s43,1091,2,0.88438,12.4665,1.4461429079274796e-05,0.0007230714539637398
text+audio_text_ln_lrh0.001_e5_s43,1092,2,0.8306,16.4026,1.4454319232136511e-05,0.0007227159616068255
text+audio_text_ln_lrh0.001_e5_s43,1093,2,1.34201,18.1934,1.4447209384998224e-05,0.0007223604692499112
text+audio_text_ln_lrh0.001_e5_s43,1094,2,1.17032,18.3342,1.4440099537859938e-05,0.0007220049768929968
text+audio_text_ln_lrh0.001_e5_s43,1095,2,1.52593,23.7148,1.443298969072165e-05,0.0007216494845360825
text+audio_text_ln_lrh0.001_e5_s43,1096,2,1.0112,15.5092,1.4425879843583364e-05,0.0007212939921791682
text+audio_text_ln_lrh0.001_e5_s43,1097,2,1.24363,17.1491,1.4418769996445077e-05,0.0007209384998222538
text+audio_text_ln_lrh0.001_e5_s43,1098,2,1.39187,23.3583,1.4411660149306793e-05,0.0007205830074653396
text+audio_text_ln_lrh0.001_e5_s43,1099,2,0.73303,21.1532,1.4404550302168505e-05,0.0007202275151084252
text+audio_text_ln_lrh0.001_e5_s43,1100,2,1.407,22.1446,1.4397440455030219e-05,0.0007198720227515108
text+audio_text_ln_lrh0.001_e5_s43,1101,2,1.2474,17.8411,1.4390330607891931e-05,0.0007195165303945965
text+audio_text_ln_lrh0.001_e5_s43,1102,2,1.26231,19.7698,1.4383220760753644e-05,0.0007191610380376822
text+audio_text_ln_lrh0.001_e5_s43,1103,2,0.65184,12.3789,1.4376110913615358e-05,0.0007188055456807678
text+audio_text_ln_lrh0.001_e5_s43,1104,2,1.03523,12.0214,1.4369001066477074e-05,0.0007184500533238536
text+audio_text_ln_lrh0.001_e5_s43,1105,2,0.96966,14.2034,1.4361891219338786e-05,0.0007180945609669393
text+audio_text_ln_lrh0.001_e5_s43,1106,2,0.96483,11.0931,1.4354781372200499e-05,0.0007177390686100249
text+audio_text_ln_lrh0.001_e5_s43,1107,2,0.75902,14.0475,1.4347671525062213e-05,0.0007173835762531106
text+audio_text_ln_lrh0.001_e5_s43,1108,2,0.96332,17.956,1.4340561677923925e-05,0.0007170280838961962
text+audio_text_ln_lrh0.001_e5_s43,1109,2,1.1616,17.2919,1.433345183078564e-05,0.0007166725915392819
text+audio_text_ln_lrh0.001_e5_s43,1110,2,1.27035,14.1787,1.4326341983647353e-05,0.0007163170991823677
text+audio_text_ln_lrh0.001_e5_s43,1111,2,1.00174,11.4763,1.4319232136509067e-05,0.0007159616068254533
text+audio_text_ln_lrh0.001_e5_s43,1112,2,1.18973,17.7677,1.431212228937078e-05,0.000715606114468539
text+audio_text_ln_lrh0.001_e5_s43,1113,2,1.30502,19.5266,1.4305012442232494e-05,0.0007152506221116247
text+audio_text_ln_lrh0.001_e5_s43,1114,2,1.0178,12.1067,1.4297902595094206e-05,0.0007148951297547102
text+audio_text_ln_lrh0.001_e5_s43,1115,2,1.08194,12.0821,1.4290792747955919e-05,0.0007145396373977959
text+audio_text_ln_lrh0.001_e5_s43,1116,2,0.77248,13.329,1.4283682900817633e-05,0.0007141841450408816
text+audio_text_ln_lrh0.001_e5_s43,1117,2,0.99599,16.6765,1.4276573053679349e-05,0.0007138286526839673
text+audio_text_ln_lrh0.001_e5_s43,1118,2,1.0137,13.4839,1.4269463206541061e-05,0.000713473160327053
text+audio_text_ln_lrh0.001_e5_s43,1119,2,0.74126,17.3807,1.4262353359402773e-05,0.0007131176679701387
text+audio_text_ln_lrh0.001_e5_s43,1120,2,0.79911,14.0576,1.4255243512264488e-05,0.0007127621756132243
text+audio_text_ln_lrh0.001_e5_s43,1121,2,0.75099,16.235,1.42481336651262e-05,0.00071240668325631
text+audio_text_ln_lrh0.001_e5_s43,1122,2,1.05526,14.8329,1.4241023817987914e-05,0.0007120511908993956
text+audio_text_ln_lrh0.001_e5_s43,1123,2,0.95398,13.7432,1.4233913970849628e-05,0.0007116956985424814
text+audio_text_ln_lrh0.001_e5_s43,1124,2,1.0682,16.5369,1.4226804123711342e-05,0.0007113402061855671
text+audio_text_ln_lrh0.001_e5_s43,1125,2,0.45515,8.3265,1.4219694276573055e-05,0.0007109847138286527
text+audio_text_ln_lrh0.001_e5_s43,1126,2,1.26576,13.4804,1.4212584429434769e-05,0.0007106292214717384
text+audio_text_ln_lrh0.001_e5_s43,1127,2,1.32118,20.5986,1.4205474582296481e-05,0.000710273729114824
text+audio_text_ln_lrh0.001_e5_s43,1128,2,1.26736,15.7449,1.4198364735158194e-05,0.0007099182367579096
text+audio_text_ln_lrh0.001_e5_s43,1129,2,1.15843,23.8994,1.419125488801991e-05,0.0007095627444009954
text+audio_text_ln_lrh0.001_e5_s43,1130,2,0.806,13.9919,1.4184145040881623e-05,0.0007092072520440811
text+audio_text_ln_lrh0.001_e5_s43,1131,2,0.67862,14.3928,1.4177035193743336e-05,0.0007088517596871667
text+audio_text_ln_lrh0.001_e5_s43,1132,2,0.94025,14.0419,1.4169925346605048e-05,0.0007084962673302524
text+audio_text_ln_lrh0.001_e5_s43,1133,2,1.0706,18.2669,1.4162815499466762e-05,0.0007081407749733381
text+audio_text_ln_lrh0.001_e5_s43,1134,2,0.52211,11.5427,1.4155705652328475e-05,0.0007077852826164237
text+audio_text_ln_lrh0.001_e5_s43,1135,2,0.84137,18.7494,1.414859580519019e-05,0.0007074297902595095
text+audio_text_ln_lrh0.001_e5_s43,1136,2,1.10876,32.7001,1.4141485958051903e-05,0.0007070742979025951
text+audio_text_ln_lrh0.001_e5_s43,1137,2,1.30749,18.1871,1.4134376110913617e-05,0.0007067188055456808
text+audio_text_ln_lrh0.001_e5_s43,1138,2,1.76371,21.5594,1.412726626377533e-05,0.0007063633131887665
text+audio_text_ln_lrh0.001_e5_s43,1139,2,0.70864,12.9526,1.4120156416637044e-05,0.0007060078208318521
text+audio_text_ln_lrh0.001_e5_s43,1140,2,1.05076,21.3617,1.4113046569498756e-05,0.0007056523284749378
text+audio_text_ln_lrh0.001_e5_s43,1141,2,0.59511,12.4378,1.4105936722360472e-05,0.0007052968361180236
text+audio_text_ln_lrh0.001_e5_s43,1142,2,0.88901,24.8446,1.4098826875222184e-05,0.0007049413437611091
text+audio_text_ln_lrh0.001_e5_s43,1143,2,1.29641,22.8154,1.4091717028083898e-05,0.0007045858514041948
text+audio_text_ln_lrh0.001_e5_s43,1144,2,1.12438,13.9992,1.408460718094561e-05,0.0007042303590472805
text+audio_text_ln_lrh0.001_e5_s43,1145,2,0.70133,15.4033,1.4077497333807325e-05,0.0007038748666903661
text+audio_text_ln_lrh0.001_e5_s43,1146,2,0.74197,14.4803,1.4070387486669037e-05,0.0007035193743334518
text+audio_text_ln_lrh0.001_e5_s43,1147,2,0.94814,16.4999,1.406327763953075e-05,0.0007031638819765375
text+audio_text_ln_lrh0.001_e5_s43,1148,2,1.12712,15.402,1.4056167792392465e-05,0.0007028083896196232
text+audio_text_ln_lrh0.001_e5_s43,1149,2,0.89852,15.8252,1.404905794525418e-05,0.0007024528972627089
text+audio_text_ln_lrh0.001_e5_s43,1150,2,0.43253,11.4542,1.4041948098115892e-05,0.0007020974049057946
text+audio_text_ln_lrh0.001_e5_s43,1151,2,0.52765,12.6032,1.4034838250977604e-05,0.0007017419125488802
text+audio_text_ln_lrh0.001_e5_s43,1152,2,0.61221,21.0688,1.4027728403839318e-05,0.0007013864201919659
text+audio_text_ln_lrh0.001_e5_s43,1153,2,0.60321,7.5984,1.402061855670103e-05,0.0007010309278350515
text+audio_text_ln_lrh0.001_e5_s43,1154,2,0.62975,13.3454,1.4013508709562747e-05,0.0007006754354781373
text+audio_text_ln_lrh0.001_e5_s43,1155,2,0.64391,19.4648,1.4006398862424459e-05,0.000700319943121223
text+audio_text_ln_lrh0.001_e5_s43,1156,2,1.16416,19.9987,1.3999289015286173e-05,0.0006999644507643086
text+audio_text_ln_lrh0.001_e5_s43,1157,2,1.12723,29.0735,1.3992179168147885e-05,0.0006996089584073942
text+audio_text_ln_lrh0.001_e5_s43,1158,2,1.58353,24.575,1.39850693210096e-05,0.0006992534660504799
text+audio_text_ln_lrh0.001_e5_s43,1159,2,1.42581,22.8571,1.3977959473871312e-05,0.0006988979736935655
text+audio_text_ln_lrh0.001_e5_s43,1160,2,1.23188,21.3387,1.3970849626733028e-05,0.0006985424813366513
text+audio_text_ln_lrh0.001_e5_s43,1161,2,1.3714,20.6064,1.396373977959474e-05,0.000698186988979737
text+audio_text_ln_lrh0.001_e5_s43,1162,2,0.88187,16.9117,1.3956629932456454e-05,0.0006978314966228226
text+audio_text_ln_lrh0.001_e5_s43,1163,2,1.97241,22.5373,1.3949520085318167e-05,0.0006974760042659083
text+audio_text_ln_lrh0.001_e5_s43,1164,2,0.6905,14.7436,1.3942410238179879e-05,0.000697120511908994
text+audio_text_ln_lrh0.001_e5_s43,1165,2,0.75461,14.3264,1.3935300391041593e-05,0.0006967650195520796
text+audio_text_ln_lrh0.001_e5_s43,1166,2,1.06285,14.0696,1.3928190543903309e-05,0.0006964095271951654
text+audio_text_ln_lrh0.001_e5_s43,1167,2,1.02277,15.0586,1.3921080696765021e-05,0.000696054034838251
text+audio_text_ln_lrh0.001_e5_s43,1168,2,0.90968,16.5243,1.3913970849626734e-05,0.0006956985424813367
text+audio_text_ln_lrh0.001_e5_s43,1169,2,1.17115,25.8163,1.3906861002488448e-05,0.0006953430501244224
text+audio_text_ln_lrh0.001_e5_s43,1170,2,1.20784,16.1535,1.389975115535016e-05,0.000694987557767508
text+audio_text_ln_lrh0.001_e5_s43,1171,2,1.41711,20.5726,1.3892641308211874e-05,0.0006946320654105936
text+audio_text_ln_lrh0.001_e5_s43,1172,2,0.75721,17.1885,1.3885531461073587e-05,0.0006942765730536793
text+audio_text_ln_lrh0.001_e5_s43,1173,2,1.14383,15.8481,1.3878421613935303e-05,0.000693921080696765
text+audio_text_ln_lrh0.001_e5_s43,1174,2,1.38099,19.7605,1.3871311766797015e-05,0.0006935655883398507
text+audio_text_ln_lrh0.001_e5_s43,1175,2,1.0224,17.8625,1.3864201919658729e-05,0.0006932100959829364
text+audio_text_ln_lrh0.001_e5_s43,1176,2,0.64494,19.8433,1.3857092072520442e-05,0.000692854603626022
text+audio_text_ln_lrh0.001_e5_s43,1177,2,0.41357,12.086,1.3849982225382156e-05,0.0006924991112691077
text+audio_text_ln_lrh0.001_e5_s43,1178,2,0.7681,13.1257,1.3842872378243868e-05,0.0006921436189121934
text+audio_text_ln_lrh0.001_e5_s43,1179,2,0.70137,13.3871,1.3835762531105584e-05,0.0006917881265552791
text+audio_text_ln_lrh0.001_e5_s43,1180,2,1.22487,31.5623,1.3828652683967296e-05,0.0006914326341983648
text+audio_text_ln_lrh0.001_e5_s43,1181,2,0.83445,15.9698,1.3821542836829009e-05,0.0006910771418414504
text+audio_text_ln_lrh0.001_e5_s43,1182,2,1.1147,16.4583,1.3814432989690723e-05,0.0006907216494845361
text+audio_text_ln_lrh0.001_e5_s43,1183,2,1.38826,18.3476,1.3807323142552435e-05,0.0006903661571276218
text+audio_text_ln_lrh0.001_e5_s43,1184,2,1.13677,18.15,1.380021329541415e-05,0.0006900106647707074
text+audio_text_ln_lrh0.001_e5_s43,1185,2,0.85693,15.0952,1.3793103448275863e-05,0.0006896551724137932
text+audio_text_ln_lrh0.001_e5_s43,1186,2,0.69245,16.7846,1.3785993601137577e-05,0.0006892996800568789
text+audio_text_ln_lrh0.001_e5_s43,1187,2,0.70833,12.4527,1.377888375399929e-05,0.0006889441876999644
text+audio_text_ln_lrh0.001_e5_s43,1188,2,0.75679,15.5871,1.3771773906861004e-05,0.0006885886953430501
text+audio_text_ln_lrh0.001_e5_s43,1189,2,1.21444,21.8658,1.3764664059722716e-05,0.0006882332029861358
text+audio_text_ln_lrh0.001_e5_s43,1190,2,0.76263,15.0771,1.375755421258443e-05,0.0006878777106292214
text+audio_text_ln_lrh0.001_e5_s43,1191,2,1.00948,14.3268,1.3750444365446145e-05,0.0006875222182723072
text+audio_text_ln_lrh0.001_e5_s43,1192,2,1.01608,17.991,1.3743334518307859e-05,0.0006871667259153929
text+audio_text_ln_lrh0.001_e5_s43,1193,2,1.08864,18.2684,1.3736224671169571e-05,0.0006868112335584785
text+audio_text_ln_lrh0.001_e5_s43,1194,2,0.51261,11.9491,1.3729114824031285e-05,0.0006864557412015642
text+audio_text_ln_lrh0.001_e5_s43,1195,2,0.64489,24.2036,1.3722004976892998e-05,0.0006861002488446498
text+audio_text_ln_lrh0.001_e5_s43,1196,2,1.18787,19.2212,1.371489512975471e-05,0.0006857447564877355
text+audio_text_ln_lrh0.001_e5_s43,1197,2,1.09972,16.8387,1.3707785282616426e-05,0.0006853892641308213
text+audio_text_ln_lrh0.001_e5_s43,1198,2,0.72262,17.2505,1.370067543547814e-05,0.0006850337717739069
text+audio_text_ln_lrh0.001_e5_s43,1199,2,0.95301,18.8138,1.3693565588339852e-05,0.0006846782794169926
text+audio_text_ln_lrh0.001_e5_s43,1200,2,0.81949,16.3258,1.3686455741201565e-05,0.0006843227870600783
text+audio_text_ln_lrh0.001_e5_s43,1201,2,1.49703,17.0482,1.3679345894063279e-05,0.0006839672947031638
text+audio_text_ln_lrh0.001_e5_s43,1202,2,0.46774,12.553,1.3672236046924991e-05,0.0006836118023462495
text+audio_text_ln_lrh0.001_e5_s43,1203,2,1.14933,19.3941,1.3665126199786705e-05,0.0006832563099893352
text+audio_text_ln_lrh0.001_e5_s43,1204,2,0.94802,21.949,1.365801635264842e-05,0.0006829008176324209
text+audio_text_ln_lrh0.001_e5_s43,1205,2,0.67483,12.6384,1.3650906505510133e-05,0.0006825453252755066
text+audio_text_ln_lrh0.001_e5_s43,1206,2,1.50412,24.9346,1.3643796658371846e-05,0.0006821898329185923
text+audio_text_ln_lrh0.001_e5_s43,1207,2,1.12301,17.461,1.363668681123356e-05,0.0006818343405616779
text+audio_text_ln_lrh0.001_e5_s43,1208,2,1.53332,22.6145,1.3629576964095272e-05,0.0006814788482047636
text+audio_text_ln_lrh0.001_e5_s43,1209,2,0.94736,15.3088,1.3622467116956985e-05,0.0006811233558478492
text+audio_text_ln_lrh0.001_e5_s43,1210,2,1.20446,11.7375,1.36153572698187e-05,0.000680767863490935
text+audio_text_ln_lrh0.001_e5_s43,1211,2,0.89576,13.9392,1.3608247422680415e-05,0.0006804123711340207
text+audio_text_ln_lrh0.001_e5_s43,1212,2,0.86733,21.8752,1.3601137575542127e-05,0.0006800568787771063
text+audio_text_ln_lrh0.001_e5_s43,1213,2,0.63874,12.8201,1.359402772840384e-05,0.000679701386420192
text+audio_text_ln_lrh0.001_e5_s43,1214,2,1.11018,21.3896,1.3586917881265554e-05,0.0006793458940632777
text+audio_text_ln_lrh0.001_e5_s43,1215,2,0.98492,12.5266,1.3579808034127266e-05,0.0006789904017063632
text+audio_text_ln_lrh0.001_e5_s43,1216,2,1.36526,18.6234,1.3572698186988982e-05,0.000678634909349449
text+audio_text_ln_lrh0.001_e5_s43,1217,2,0.7837,14.0675,1.3565588339850694e-05,0.0006782794169925347
text+audio_text_ln_lrh0.001_e5_s43,1218,2,0.35976,13.5253,1.3558478492712408e-05,0.0006779239246356203
text+audio_text_ln_lrh0.001_e5_s43,1219,2,0.66472,12.426,1.355136864557412e-05,0.000677568432278706
text+audio_text_ln_lrh0.001_e5_s43,1220,2,0.78329,13.5887,1.3544258798435835e-05,0.0006772129399217917
text+audio_text_ln_lrh0.001_e5_s43,1221,2,0.68521,13.7045,1.3537148951297547e-05,0.0006768574475648773
text+audio_text_ln_lrh0.001_e5_s43,1222,2,1.27794,14.5282,1.3530039104159263e-05,0.0006765019552079631
text+audio_text_ln_lrh0.001_e5_s43,1223,2,1.05712,15.2961,1.3522929257020975e-05,0.0006761464628510488
text+audio_text_ln_lrh0.001_e5_s43,1224,2,0.80156,17.4355,1.351581940988269e-05,0.0006757909704941344
text+audio_text_ln_lrh0.001_e5_s43,1225,2,1.34772,18.2385,1.3508709562744402e-05,0.0006754354781372201
text+audio_text_ln_lrh0.001_e5_s43,1226,2,1.57354,17.471,1.3501599715606116e-05,0.0006750799857803057
text+audio_text_ln_lrh0.001_e5_s43,1227,2,0.73461,16.9642,1.3494489868467828e-05,0.0006747244934233914
text+audio_text_ln_lrh0.001_e5_s43,1228,2,0.99458,16.2174,1.3487380021329544e-05,0.0006743690010664772
text+audio_text_ln_lrh0.001_e5_s43,1229,2,1.49928,21.0294,1.3480270174191257e-05,0.0006740135087095628
text+audio_text_ln_lrh0.001_e5_s43,1230,2,0.97554,19.5501,1.3473160327052969e-05,0.0006736580163526484
text+audio_text_ln_lrh0.001_e5_s43,1231,2,0.89328,19.3815,1.3466050479914683e-05,0.0006733025239957341
text+audio_text_ln_lrh0.001_e5_s43,1232,2,0.83154,11.8187,1.3458940632776395e-05,0.0006729470316388197
text+audio_text_ln_lrh0.001_e5_s43,1233,2,1.07305,17.7972,1.345183078563811e-05,0.0006725915392819054
text+audio_text_ln_lrh0.001_e5_s43,1234,2,0.6649,12.2071,1.3444720938499822e-05,0.0006722360469249911
text+audio_text_ln_lrh0.001_e5_s43,1235,2,1.00924,17.5702,1.3437611091361538e-05,0.0006718805545680768
text+audio_text_ln_lrh0.001_e5_s43,1236,2,1.24126,15.746,1.343050124422325e-05,0.0006715250622111625
text+audio_text_ln_lrh0.001_e5_s43,1237,2,0.86737,11.9454,1.3423391397084964e-05,0.0006711695698542482
text+audio_text_ln_lrh0.001_e5_s43,1238,2,0.77681,12.7573,1.3416281549946677e-05,0.0006708140774973338
text+audio_text_ln_lrh0.001_e5_s43,1239,2,1.36591,20.4158,1.340917170280839e-05,0.0006704585851404195
text+audio_text_ln_lrh0.001_e5_s43,1240,2,1.02895,13.7038,1.3402061855670103e-05,0.0006701030927835051
text+audio_text_ln_lrh0.001_e5_s43,1241,2,1.0171,14.3868,1.3394952008531819e-05,0.0006697476004265909
text+audio_text_ln_lrh0.001_e5_s43,1242,2,0.69916,18.8999,1.3387842161393531e-05,0.0006693921080696766
text+audio_text_ln_lrh0.001_e5_s43,1243,2,0.96393,14.7377,1.3380732314255246e-05,0.0006690366157127622
text+audio_text_ln_lrh0.001_e5_s43,1244,2,1.21212,19.6227,1.3373622467116958e-05,0.0006686811233558479
text+audio_text_ln_lrh0.001_e5_s43,1245,2,0.7123,12.9546,1.336651261997867e-05,0.0006683256309989335
text+audio_text_ln_lrh0.001_e5_s43,1246,2,1.01393,16.7132,1.3359402772840384e-05,0.0006679701386420191
text+audio_text_ln_lrh0.001_e5_s43,1247,2,0.95882,21.0238,1.33522929257021e-05,0.0006676146462851049
text+audio_text_ln_lrh0.001_e5_s43,1248,2,1.48869,30.1643,1.3345183078563813e-05,0.0006672591539281906
text+audio_text_ln_lrh0.001_e5_s43,1249,2,1.55719,18.8285,1.3338073231425525e-05,0.0006669036615712762
text+audio_text_ln_lrh0.001_e5_s43,1250,2,0.75247,23.6413,1.3330963384287239e-05,0.0006665481692143619
text+audio_text_ln_lrh0.001_e5_s43,1251,3,0.76614,17.9579,1.3323853537148952e-05,0.0006661926768574476
text+audio_text_ln_lrh0.001_e5_s43,1252,3,0.77596,25.1327,1.3316743690010666e-05,0.0006658371845005332
text+audio_text_ln_lrh0.001_e5_s43,1253,3,0.6551,9.4497,1.330963384287238e-05,0.000665481692143619
text+audio_text_ln_lrh0.001_e5_s43,1254,3,0.96366,19.2288,1.3302523995734094e-05,0.0006651261997867046
text+audio_text_ln_lrh0.001_e5_s43,1255,3,0.74755,13.0376,1.3295414148595806e-05,0.0006647707074297903
text+audio_text_ln_lrh0.001_e5_s43,1256,3,0.9115,18.6044,1.328830430145752e-05,0.000664415215072876
text+audio_text_ln_lrh0.001_e5_s43,1257,3,0.90923,13.9917,1.3281194454319233e-05,0.0006640597227159616
text+audio_text_ln_lrh0.001_e5_s43,1258,3,1.20683,14.5499,1.3274084607180945e-05,0.0006637042303590473
text+audio_text_ln_lrh0.001_e5_s43,1259,3,1.08377,18.8239,1.3266974760042661e-05,0.0006633487380021331
text+audio_text_ln_lrh0.001_e5_s43,1260,3,0.69255,14.2111,1.3259864912904375e-05,0.0006629932456452186
text+audio_text_ln_lrh0.001_e5_s43,1261,3,0.93734,16.2858,1.3252755065766087e-05,0.0006626377532883043
text+audio_text_ln_lrh0.001_e5_s43,1262,3,0.87517,15.6955,1.32456452186278e-05,0.00066228226093139
text+audio_text_ln_lrh0.001_e5_s43,1263,3,0.59812,12.6943,1.3238535371489514e-05,0.0006619267685744756
text+audio_text_ln_lrh0.001_e5_s43,1264,3,1.15088,15.5197,1.3231425524351226e-05,0.0006615712762175613
text+audio_text_ln_lrh0.001_e5_s43,1265,3,0.33044,6.6758,1.322431567721294e-05,0.000661215783860647
text+audio_text_ln_lrh0.001_e5_s43,1266,3,0.72508,13.6334,1.3217205830074655e-05,0.0006608602915037327
text+audio_text_ln_lrh0.001_e5_s43,1267,3,0.64467,15.0426,1.3210095982936369e-05,0.0006605047991468184
text+audio_text_ln_lrh0.001_e5_s43,1268,3,0.88682,10.4972,1.3202986135798081e-05,0.000660149306789904
text+audio_text_ln_lrh0.001_e5_s43,1269,3,0.34539,9.7346,1.3195876288659795e-05,0.0006597938144329897
text+audio_text_ln_lrh0.001_e5_s43,1270,3,0.74059,13.3937,1.3188766441521508e-05,0.0006594383220760754
text+audio_text_ln_lrh0.001_e5_s43,1271,3,0.40126,15.3497,1.3181656594383222e-05,0.000659082829719161
text+audio_text_ln_lrh0.001_e5_s43,1272,3,1.06405,19.9752,1.3174546747244936e-05,0.0006587273373622468
text+audio_text_ln_lrh0.001_e5_s43,1273,3,0.66422,17.1099,1.316743690010665e-05,0.0006583718450053325
text+audio_text_ln_lrh0.001_e5_s43,1274,3,0.49814,11.6558,1.3160327052968362e-05,0.000658016352648418
text+audio_text_ln_lrh0.001_e5_s43,1275,3,0.75376,15.9381,1.3153217205830076e-05,0.0006576608602915037
text+audio_text_ln_lrh0.001_e5_s43,1276,3,0.4659,13.3662,1.3146107358691789e-05,0.0006573053679345894
text+audio_text_ln_lrh0.001_e5_s43,1277,3,0.89826,25.2745,1.3138997511553501e-05,0.000656949875577675
text+audio_text_ln_lrh0.001_e5_s43,1278,3,0.75566,29.1039,1.3131887664415217e-05,0.0006565943832207608
text+audio_text_ln_lrh0.001_e5_s43,1279,3,1.23085,20.6024,1.3124777817276931e-05,0.0006562388908638465
text+audio_text_ln_lrh0.001_e5_s43,1280,3,0.48022,27.0662,1.3117667970138643e-05,0.0006558833985069321
text+audio_text_ln_lrh0.001_e5_s43,1281,3,0.78015,16.227,1.3110558123000356e-05,0.0006555279061500178
text+audio_text_ln_lrh0.001_e5_s43,1282,3,0.58473,22.8319,1.310344827586207e-05,0.0006551724137931034
text+audio_text_ln_lrh0.001_e5_s43,1283,3,0.81733,20.4175,1.3096338428723782e-05,0.0006548169214361891
text+audio_text_ln_lrh0.001_e5_s43,1284,3,1.13061,21.3105,1.3089228581585498e-05,0.0006544614290792749
text+audio_text_ln_lrh0.001_e5_s43,1285,3,0.79217,29.8893,1.308211873444721e-05,0.0006541059367223605
text+audio_text_ln_lrh0.001_e5_s43,1286,3,0.64105,17.6915,1.3075008887308925e-05,0.0006537504443654462
text+audio_text_ln_lrh0.001_e5_s43,1287,3,0.9693,21.2703,1.3067899040170637e-05,0.0006533949520085319
text+audio_text_ln_lrh0.001_e5_s43,1288,3,0.79036,21.5817,1.3060789193032351e-05,0.0006530394596516174
text+audio_text_ln_lrh0.001_e5_s43,1289,3,0.81284,17.1528,1.3053679345894064e-05,0.0006526839672947031
text+audio_text_ln_lrh0.001_e5_s43,1290,3,0.88719,26.1033,1.3046569498755776e-05,0.0006523284749377888
text+audio_text_ln_lrh0.001_e5_s43,1291,3,0.8083,15.8958,1.3039459651617492e-05,0.0006519729825808745
text+audio_text_ln_lrh0.001_e5_s43,1292,3,0.88221,18.3395,1.3032349804479206e-05,0.0006516174902239602
text+audio_text_ln_lrh0.001_e5_s43,1293,3,1.02353,21.6882,1.3025239957340918e-05,0.0006512619978670459
text+audio_text_ln_lrh0.001_e5_s43,1294,3,0.74306,24.677,1.301813011020263e-05,0.0006509065055101315
text+audio_text_ln_lrh0.001_e5_s43,1295,3,0.79358,20.1156,1.3011020263064345e-05,0.0006505510131532172
text+audio_text_ln_lrh0.001_e5_s43,1296,3,0.74247,19.5584,1.3003910415926057e-05,0.0006501955207963028
text+audio_text_ln_lrh0.001_e5_s43,1297,3,0.97408,15.0302,1.2996800568787773e-05,0.0006498400284393886
text+audio_text_ln_lrh0.001_e5_s43,1298,3,1.40776,25.8382,1.2989690721649485e-05,0.0006494845360824743
text+audio_text_ln_lrh0.001_e5_s43,1299,3,1.45364,23.1349,1.29825808745112e-05,0.0006491290437255599
text+audio_text_ln_lrh0.001_e5_s43,1300,3,0.9997,25.6987,1.2975471027372912e-05,0.0006487735513686456
text+audio_text_ln_lrh0.001_e5_s43,1301,3,0.55072,24.7683,1.2968361180234626e-05,0.0006484180590117313
text+audio_text_ln_lrh0.001_e5_s43,1302,3,0.34405,15.7326,1.2961251333096338e-05,0.0006480625666548168
text+audio_text_ln_lrh0.001_e5_s43,1303,3,1.38912,20.8539,1.2954141485958054e-05,0.0006477070742979027
text+audio_text_ln_lrh0.001_e5_s43,1304,3,0.92203,25.1218,1.2947031638819767e-05,0.0006473515819409883
text+audio_text_ln_lrh0.001_e5_s43,1305,3,0.8653,22.9263,1.293992179168148e-05,0.0006469960895840739
text+audio_text_ln_lrh0.001_e5_s43,1306,3,0.71479,20.3369,1.2932811944543193e-05,0.0006466405972271596
text+audio_text_ln_lrh0.001_e5_s43,1307,3,0.63023,10.5947,1.2925702097404906e-05,0.0006462851048702453
text+audio_text_ln_lrh0.001_e5_s43,1308,3,0.90401,24.1692,1.291859225026662e-05,0.0006459296125133309
text+audio_text_ln_lrh0.001_e5_s43,1309,3,0.51968,13.7596,1.2911482403128335e-05,0.0006455741201564167
text+audio_text_ln_lrh0.001_e5_s43,1310,3,0.50482,18.1057,1.2904372555990048e-05,0.0006452186277995024
text+audio_text_ln_lrh0.001_e5_s43,1311,3,0.94815,14.5914,1.289726270885176e-05,0.000644863135442588
text+audio_text_ln_lrh0.001_e5_s43,1312,3,0.50067,14.1154,1.2890152861713474e-05,0.0006445076430856737
text+audio_text_ln_lrh0.001_e5_s43,1313,3,0.9803,24.4958,1.2883043014575187e-05,0.0006441521507287593
text+audio_text_ln_lrh0.001_e5_s43,1314,3,0.72044,13.4917,1.28759331674369e-05,0.000643796658371845
text+audio_text_ln_lrh0.001_e5_s43,1315,3,0.48731,10.9804,1.2868823320298615e-05,0.0006434411660149308
text+audio_text_ln_lrh0.001_e5_s43,1316,3,0.66943,15.4375,1.2861713473160329e-05,0.0006430856736580164
text+audio_text_ln_lrh0.001_e5_s43,1317,3,0.68803,11.652,1.2854603626022041e-05,0.0006427301813011021
text+audio_text_ln_lrh0.001_e5_s43,1318,3,1.11726,19.7422,1.2847493778883756e-05,0.0006423746889441877
text+audio_text_ln_lrh0.001_e5_s43,1319,3,0.42269,15.4924,1.2840383931745468e-05,0.0006420191965872733
text+audio_text_ln_lrh0.001_e5_s43,1320,3,1.37089,17.6777,1.2833274084607182e-05,0.000641663704230359
text+audio_text_ln_lrh0.001_e5_s43,1321,3,0.68857,12.3414,1.2826164237468894e-05,0.0006413082118734447
text+audio_text_ln_lrh0.001_e5_s43,1322,3,0.55238,18.5647,1.281905439033061e-05,0.0006409527195165304
text+audio_text_ln_lrh0.001_e5_s43,1323,3,0.41529,17.4441,1.2811944543192323e-05,0.0006405972271596161
text+audio_text_ln_lrh0.001_e5_s43,1324,3,0.97492,35.1861,1.2804834696054037e-05,0.0006402417348027018
text+audio_text_ln_lrh0.001_e5_s43,1325,3,0.74416,16.899,1.2797724848915749e-05,0.0006398862424457874
text+audio_text_ln_lrh0.001_e5_s43,1326,3,0.71636,28.1872,1.2790615001777462e-05,0.0006395307500888731
text+audio_text_ln_lrh0.001_e5_s43,1327,3,1.02395,20.7911,1.2783505154639176e-05,0.0006391752577319587
text+audio_text_ln_lrh0.001_e5_s43,1328,3,0.61065,19.7498,1.2776395307500891e-05,0.0006388197653750445
text+audio_text_ln_lrh0.001_e5_s43,1329,3,1.23376,24.9767,1.2769285460362604e-05,0.0006384642730181302
text+audio_text_ln_lrh0.001_e5_s43,1330,3,0.8034,19.0334,1.2762175613224316e-05,0.0006381087806612158
text+audio_text_ln_lrh0.001_e5_s43,1331,3,1.13113,24.8994,1.275506576608603e-05,0.0006377532883043015
text+audio_text_ln_lrh0.001_e5_s43,1332,3,1.24168,22.7113,1.2747955918947743e-05,0.0006373977959473872
text+audio_text_ln_lrh0.001_e5_s43,1333,3,0.89371,15.3236,1.2740846071809457e-05,0.0006370423035904727
text+audio_text_ln_lrh0.001_e5_s43,1334,3,0.55291,13.5739,1.2733736224671171e-05,0.0006366868112335585
text+audio_text_ln_lrh0.001_e5_s43,1335,3,0.70971,17.964,1.2726626377532885e-05,0.0006363313188766442
text+audio_text_ln_lrh0.001_e5_s43,1336,3,1.0851,33.6182,1.2719516530394597e-05,0.0006359758265197298
text+audio_text_ln_lrh0.001_e5_s43,1337,3,0.5341,9.6745,1.2712406683256312e-05,0.0006356203341628155
text+audio_text_ln_lrh0.001_e5_s43,1338,3,0.9533,31.1444,1.2705296836118024e-05,0.0006352648418059012
text+audio_text_ln_lrh0.001_e5_s43,1339,3,1.0066,17.4859,1.2698186988979736e-05,0.0006349093494489868
text+audio_text_ln_lrh0.001_e5_s43,1340,3,0.63928,16.171,1.2691077141841452e-05,0.0006345538570920726
text+audio_text_ln_lrh0.001_e5_s43,1341,3,1.45711,28.8377,1.2683967294703166e-05,0.0006341983647351582
text+audio_text_ln_lrh0.001_e5_s43,1342,3,0.63943,15.0512,1.2676857447564879e-05,0.0006338428723782439
text+audio_text_ln_lrh0.001_e5_s43,1343,3,0.97033,19.1198,1.2669747600426591e-05,0.0006334873800213296
text+audio_text_ln_lrh0.001_e5_s43,1344,3,0.70664,17.47,1.2662637753288305e-05,0.0006331318876644152
text+audio_text_ln_lrh0.001_e5_s43,1345,3,1.08195,16.047,1.2655527906150018e-05,0.0006327763953075009
text+audio_text_ln_lrh0.001_e5_s43,1346,3,1.1075,22.9464,1.2648418059011733e-05,0.0006324209029505867
text+audio_text_ln_lrh0.001_e5_s43,1347,3,0.8163,11.0696,1.2641308211873446e-05,0.0006320654105936722
text+audio_text_ln_lrh0.001_e5_s43,1348,3,0.64519,18.9986,1.263419836473516e-05,0.0006317099182367579
text+audio_text_ln_lrh0.001_e5_s43,1349,3,0.78212,25.5261,1.2627088517596872e-05,0.0006313544258798436
text+audio_text_ln_lrh0.001_e5_s43,1350,3,0.8047,18.4683,1.2619978670458586e-05,0.0006309989335229292
text+audio_text_ln_lrh0.001_e5_s43,1351,3,1.40203,17.2929,1.2612868823320299e-05,0.0006306434411660149
text+audio_text_ln_lrh0.001_e5_s43,1352,3,0.69912,16.518,1.2605758976182013e-05,0.0006302879488091006
text+audio_text_ln_lrh0.001_e5_s43,1353,3,0.59078,17.0814,1.2598649129043727e-05,0.0006299324564521863
text+audio_text_ln_lrh0.001_e5_s43,1354,3,1.19766,16.3428,1.2591539281905441e-05,0.000629576964095272
text+audio_text_ln_lrh0.001_e5_s43,1355,3,0.61002,15.9802,1.2584429434767154e-05,0.0006292214717383576
text+audio_text_ln_lrh0.001_e5_s43,1356,3,0.93989,18.8827,1.2577319587628866e-05,0.0006288659793814433
text+audio_text_ln_lrh0.001_e5_s43,1357,3,0.78912,15.7175,1.257020974049058e-05,0.000628510487024529
text+audio_text_ln_lrh0.001_e5_s43,1358,3,1.053,24.8923,1.2563099893352292e-05,0.0006281549946676146
text+audio_text_ln_lrh0.001_e5_s43,1359,3,0.85946,23.213,1.2555990046214008e-05,0.0006277995023107004
text+audio_text_ln_lrh0.001_e5_s43,1360,3,0.68725,11.0359,1.254888019907572e-05,0.0006274440099537861
text+audio_text_ln_lrh0.001_e5_s43,1361,3,0.80503,21.4383,1.2541770351937435e-05,0.0006270885175968717
text+audio_text_ln_lrh0.001_e5_s43,1362,3,0.63674,13.063,1.2534660504799147e-05,0.0006267330252399573
text+audio_text_ln_lrh0.001_e5_s43,1363,3,0.8261,18.7092,1.2527550657660861e-05,0.000626377532883043
text+audio_text_ln_lrh0.001_e5_s43,1364,3,0.69754,18.9484,1.2520440810522574e-05,0.0006260220405261286
text+audio_text_ln_lrh0.001_e5_s43,1365,3,0.86735,18.1251,1.251333096338429e-05,0.0006256665481692144
text+audio_text_ln_lrh0.001_e5_s43,1366,3,0.90928,19.2378,1.2506221116246002e-05,0.0006253110558123001
text+audio_text_ln_lrh0.001_e5_s43,1367,3,0.66137,20.8762,1.2499111269107716e-05,0.0006249555634553857
text+audio_text_ln_lrh0.001_e5_s43,1368,3,0.64265,17.7905,1.2492001421969428e-05,0.0006246000710984714
text+audio_text_ln_lrh0.001_e5_s43,1369,3,0.53878,12.4312,1.2484891574831142e-05,0.000624244578741557
text+audio_text_ln_lrh0.001_e5_s43,1370,3,0.94599,21.8526,1.2477781727692855e-05,0.0006238890863846427
text+audio_text_ln_lrh0.001_e5_s43,1371,3,0.94718,13.4974,1.247067188055457e-05,0.0006235335940277285
text+audio_text_ln_lrh0.001_e5_s43,1372,3,0.56211,20.4094,1.2463562033416283e-05,0.0006231781016708141
text+audio_text_ln_lrh0.001_e5_s43,1373,3,0.92013,24.3636,1.2456452186277997e-05,0.0006228226093138998
text+audio_text_ln_lrh0.001_e5_s43,1374,3,0.91215,18.3909,1.244934233913971e-05,0.0006224671169569855
text+audio_text_ln_lrh0.001_e5_s43,1375,3,0.82939,16.566,1.2442232492001422e-05,0.000622111624600071
text+audio_text_ln_lrh0.001_e5_s43,1376,3,0.41692,16.4832,1.2435122644863136e-05,0.0006217561322431567
text+audio_text_ln_lrh0.001_e5_s43,1377,3,1.24824,28.2759,1.2428012797724852e-05,0.0006214006398862426
text+audio_text_ln_lrh0.001_e5_s43,1378,3,0.63921,20.0099,1.2420902950586564e-05,0.0006210451475293281
text+audio_text_ln_lrh0.001_e5_s43,1379,3,1.13318,15.5362,1.2413793103448277e-05,0.0006206896551724138
text+audio_text_ln_lrh0.001_e5_s43,1380,3,0.88956,16.9594,1.240668325630999e-05,0.0006203341628154995
text+audio_text_ln_lrh0.001_e5_s43,1381,3,0.76843,19.6743,1.2399573409171703e-05,0.0006199786704585851
text+audio_text_ln_lrh0.001_e5_s43,1382,3,1.08447,28.187,1.2392463562033417e-05,0.0006196231781016708
text+audio_text_ln_lrh0.001_e5_s43,1383,3,0.6517,16.3236,1.238535371489513e-05,0.0006192676857447564
text+audio_text_ln_lrh0.001_e5_s43,1384,3,0.34761,8.0425,1.2378243867756845e-05,0.0006189121933878422
text+audio_text_ln_lrh0.001_e5_s43,1385,3,0.6092,17.2961,1.2371134020618558e-05,0.0006185567010309279
text+audio_text_ln_lrh0.001_e5_s43,1386,3,0.80237,23.9081,1.2364024173480272e-05,0.0006182012086740135
text+audio_text_ln_lrh0.001_e5_s43,1387,3,0.87509,25.5588,1.2356914326341984e-05,0.0006178457163170992
text+audio_text_ln_lrh0.001_e5_s43,1388,3,0.99359,29.4878,1.2349804479203697e-05,0.0006174902239601849
text+audio_text_ln_lrh0.001_e5_s43,1389,3,0.71894,27.1593,1.2342694632065411e-05,0.0006171347316032705
text+audio_text_ln_lrh0.001_e5_s43,1390,3,1.43566,33.3682,1.2335584784927127e-05,0.0006167792392463563
text+audio_text_ln_lrh0.001_e5_s43,1391,3,0.72643,20.6851,1.2328474937788839e-05,0.000616423746889442
text+audio_text_ln_lrh0.001_e5_s43,1392,3,1.46847,37.8733,1.2321365090650551e-05,0.0006160682545325275
text+audio_text_ln_lrh0.001_e5_s43,1393,3,0.92075,29.7794,1.2314255243512266e-05,0.0006157127621756132
text+audio_text_ln_lrh0.001_e5_s43,1394,3,0.93236,26.4029,1.2307145396373978e-05,0.0006153572698186989
text+audio_text_ln_lrh0.001_e5_s43,1395,3,1.0001,23.4974,1.2300035549235692e-05,0.0006150017774617845
text+audio_text_ln_lrh0.001_e5_s43,1396,3,1.23325,22.1784,1.2292925702097406e-05,0.0006146462851048703
text+audio_text_ln_lrh0.001_e5_s43,1397,3,0.91496,19.3889,1.228581585495912e-05,0.000614290792747956
text+audio_text_ln_lrh0.001_e5_s43,1398,3,0.84794,14.643,1.2278706007820833e-05,0.0006139353003910416
text+audio_text_ln_lrh0.001_e5_s43,1399,3,1.00558,25.4823,1.2271596160682547e-05,0.0006135798080341273
text+audio_text_ln_lrh0.001_e5_s43,1400,3,1.26156,30.8247,1.226448631354426e-05,0.0006132243156772129
text+audio_text_ln_lrh0.001_e5_s43,1401,3,1.00619,22.3807,1.2257376466405973e-05,0.0006128688233202986
text+audio_text_ln_lrh0.001_e5_s43,1402,3,0.63649,19.6204,1.2250266619267687e-05,0.0006125133309633844
text+audio_text_ln_lrh0.001_e5_s43,1403,3,0.67103,14.5743,1.2243156772129401e-05,0.00061215783860647
text+audio_text_ln_lrh0.001_e5_s43,1404,3,0.61441,23.0566,1.2236046924991114e-05,0.0006118023462495557
text+audio_text_ln_lrh0.001_e5_s43,1405,3,1.03607,16.3514,1.2228937077852826e-05,0.0006114468538926414
text+audio_text_ln_lrh0.001_e5_s43,1406,3,0.70839,20.0219,1.222182723071454e-05,0.0006110913615357269
text+audio_text_ln_lrh0.001_e5_s43,1407,3,0.90488,19.278,1.2214717383576253e-05,0.0006107358691788126
text+audio_text_ln_lrh0.001_e5_s43,1408,3,0.62616,17.8077,1.2207607536437967e-05,0.0006103803768218983
text+audio_text_ln_lrh0.001_e5_s43,1409,3,0.86616,16.1593,1.2200497689299681e-05,0.000610024884464984
text+audio_text_ln_lrh0.001_e5_s43,1410,3,0.60669,21.1549,1.2193387842161395e-05,0.0006096693921080697
text+audio_text_ln_lrh0.001_e5_s43,1411,3,0.36354,10.0509,1.2186277995023107e-05,0.0006093138997511554
text+audio_text_ln_lrh0.001_e5_s43,1412,3,1.02679,22.9491,1.2179168147884822e-05,0.000608958407394241
text+audio_text_ln_lrh0.001_e5_s43,1413,3,0.63784,16.6068,1.2172058300746534e-05,0.0006086029150373267
text+audio_text_ln_lrh0.001_e5_s43,1414,3,1.265,32.4227,1.2164948453608248e-05,0.0006082474226804123
text+audio_text_ln_lrh0.001_e5_s43,1415,3,0.73222,17.7473,1.2157838606469962e-05,0.0006078919303234981
text+audio_text_ln_lrh0.001_e5_s43,1416,3,0.90281,27.7618,1.2150728759331676e-05,0.0006075364379665838
text+audio_text_ln_lrh0.001_e5_s43,1417,3,0.98041,16.3373,1.2143618912193389e-05,0.0006071809456096694
text+audio_text_ln_lrh0.001_e5_s43,1418,3,1.03369,18.5822,1.2136509065055103e-05,0.0006068254532527551
text+audio_text_ln_lrh0.001_e5_s43,1419,3,0.68065,13.5777,1.2129399217916815e-05,0.0006064699608958408
text+audio_text_ln_lrh0.001_e5_s43,1420,3,1.12391,29.5929,1.2122289370778528e-05,0.0006061144685389263
text+audio_text_ln_lrh0.001_e5_s43,1421,3,0.35665,13.373,1.2115179523640243e-05,0.0006057589761820121
text+audio_text_ln_lrh0.001_e5_s43,1422,3,1.23571,21.4521,1.2108069676501958e-05,0.0006054034838250978
text+audio_text_ln_lrh0.001_e5_s43,1423,3,0.95241,16.603,1.210095982936367e-05,0.0006050479914681834
text+audio_text_ln_lrh0.001_e5_s43,1424,3,0.95163,26.2787,1.2093849982225382e-05,0.0006046924991112691
text+audio_text_ln_lrh0.001_e5_s43,1425,3,0.49859,15.5655,1.2086740135087096e-05,0.0006043370067543548
text+audio_text_ln_lrh0.001_e5_s43,1426,3,1.00423,25.7692,1.2079630287948809e-05,0.0006039815143974404
text+audio_text_ln_lrh0.001_e5_s43,1427,3,0.94051,24.7291,1.2072520440810525e-05,0.0006036260220405262
text+audio_text_ln_lrh0.001_e5_s43,1428,3,0.62547,13.0048,1.2065410593672237e-05,0.0006032705296836118
text+audio_text_ln_lrh0.001_e5_s43,1429,3,1.24637,25.2724,1.2058300746533951e-05,0.0006029150373266975
text+audio_text_ln_lrh0.001_e5_s43,1430,3,1.16646,21.365,1.2051190899395664e-05,0.0006025595449697832
text+audio_text_ln_lrh0.001_e5_s43,1431,3,1.24975,26.9563,1.2044081052257378e-05,0.0006022040526128688
text+audio_text_ln_lrh0.001_e5_s43,1432,3,0.65025,14.0451,1.203697120511909e-05,0.0006018485602559545
text+audio_text_ln_lrh0.001_e5_s43,1433,3,0.76283,18.635,1.2029861357980806e-05,0.0006014930678990403
text+audio_text_ln_lrh0.001_e5_s43,1434,3,0.34623,17.409,1.2022751510842518e-05,0.0006011375755421259
text+audio_text_ln_lrh0.001_e5_s43,1435,3,0.58602,24.8962,1.2015641663704232e-05,0.0006007820831852115
text+audio_text_ln_lrh0.001_e5_s43,1436,3,1.21769,26.3179,1.2008531816565945e-05,0.0006004265908282972
text+audio_text_ln_lrh0.001_e5_s43,1437,3,1.34358,30.26,1.2001421969427657e-05,0.0006000710984713828
text+audio_text_ln_lrh0.001_e5_s43,1438,3,0.67665,24.8399,1.1994312122289371e-05,0.0005997156061144685
text+audio_text_ln_lrh0.001_e5_s43,1439,3,0.69811,20.7236,1.1987202275151084e-05,0.0005993601137575542
text+audio_text_ln_lrh0.001_e5_s43,1440,3,1.37915,24.0852,1.19800924280128e-05,0.0005990046214006399
text+audio_text_ln_lrh0.001_e5_s43,1441,3,0.44231,15.3861,1.1972982580874512e-05,0.0005986491290437256
text+audio_text_ln_lrh0.001_e5_s43,1442,3,1.46219,27.8143,1.1965872733736226e-05,0.0005982936366868112
text+audio_text_ln_lrh0.001_e5_s43,1443,3,0.64771,14.0114,1.1958762886597938e-05,0.0005979381443298969
text+audio_text_ln_lrh0.001_e5_s43,1444,3,0.71296,18.6247,1.1951653039459652e-05,0.0005975826519729826
text+audio_text_ln_lrh0.001_e5_s43,1445,3,0.98431,23.733,1.1944543192321365e-05,0.0005972271596160682
text+audio_text_ln_lrh0.001_e5_s43,1446,3,0.86642,20.5469,1.193743334518308e-05,0.000596871667259154
text+audio_text_ln_lrh0.001_e5_s43,1447,3,0.94887,42.6714,1.1930323498044793e-05,0.0005965161749022397
text+audio_text_ln_lrh0.001_e5_s43,1448,3,1.30257,33.656,1.1923213650906507e-05,0.0005961606825453253
text+audio_text_ln_lrh0.001_e5_s43,1449,3,0.78452,18.9613,1.191610380376822e-05,0.000595805190188411
text+audio_text_ln_lrh0.001_e5_s43,1450,3,0.79128,27.4726,1.1908993956629934e-05,0.0005954496978314966
text+audio_text_ln_lrh0.001_e5_s43,1451,3,0.6025,16.1035,1.1901884109491646e-05,0.0005950942054745822
text+audio_text_ln_lrh0.001_e5_s43,1452,3,0.45691,19.7801,1.1894774262353362e-05,0.000594738713117668
text+audio_text_ln_lrh0.001_e5_s43,1453,3,0.94254,18.117,1.1887664415215074e-05,0.0005943832207607537
text+audio_text_ln_lrh0.001_e5_s43,1454,3,0.74641,18.1264,1.1880554568076788e-05,0.0005940277284038393
text+audio_text_ln_lrh0.001_e5_s43,1455,3,0.81907,27.3081,1.18734447209385e-05,0.000593672236046925
text+audio_text_ln_lrh0.001_e5_s43,1456,3,1.09585,23.1348,1.1866334873800213e-05,0.0005933167436900106
text+audio_text_ln_lrh0.001_e5_s43,1457,3,1.31659,31.0608,1.1859225026661927e-05,0.0005929612513330963
text+audio_text_ln_lrh0.001_e5_s43,1458,3,0.40013,15.5116,1.1852115179523641e-05,0.0005926057589761821
text+audio_text_ln_lrh0.001_e5_s43,1459,3,0.45219,16.6726,1.1845005332385355e-05,0.0005922502666192677
text+audio_text_ln_lrh0.001_e5_s43,1460,3,0.79548,15.1249,1.1837895485247068e-05,0.0005918947742623534
text+audio_text_ln_lrh0.001_e5_s43,1461,3,0.84074,20.4537,1.1830785638108782e-05,0.0005915392819054391
text+audio_text_ln_lrh0.001_e5_s43,1462,3,0.61319,11.4851,1.1823675790970494e-05,0.0005911837895485247
text+audio_text_ln_lrh0.001_e5_s43,1463,3,1.00826,17.4275,1.1816565943832208e-05,0.0005908282971916104
text+audio_text_ln_lrh0.001_e5_s43,1464,3,0.42992,19.6141,1.1809456096693923e-05,0.0005904728048346962
text+audio_text_ln_lrh0.001_e5_s43,1465,3,0.94729,33.9668,1.1802346249555637e-05,0.0005901173124777817
text+audio_text_ln_lrh0.001_e5_s43,1466,3,1.48898,33.777,1.1795236402417349e-05,0.0005897618201208674
text+audio_text_ln_lrh0.001_e5_s43,1467,3,0.56432,20.249,1.1788126555279063e-05,0.0005894063277639531
text+audio_text_ln_lrh0.001_e5_s43,1468,3,0.87901,25.5899,1.1781016708140776e-05,0.0005890508354070387
text+audio_text_ln_lrh0.001_e5_s43,1469,3,0.5524,17.8268,1.1773906861002488e-05,0.0005886953430501244
text+audio_text_ln_lrh0.001_e5_s43,1470,3,0.67843,22.8945,1.1766797013864202e-05,0.0005883398506932101
text+audio_text_ln_lrh0.001_e5_s43,1471,3,0.59643,16.0178,1.1759687166725918e-05,0.0005879843583362958
text+audio_text_ln_lrh0.001_e5_s43,1472,3,0.43359,13.8919,1.175257731958763e-05,0.0005876288659793815
text+audio_text_ln_lrh0.001_e5_s43,1473,3,1.75471,30.9308,1.1745467472449343e-05,0.0005872733736224671
text+audio_text_ln_lrh0.001_e5_s43,1474,3,0.59028,25.2084,1.1738357625311057e-05,0.0005869178812655528
text+audio_text_ln_lrh0.001_e5_s43,1475,3,1.76274,36.5233,1.173124777817277e-05,0.0005865623889086385
text+audio_text_ln_lrh0.001_e5_s43,1476,3,1.53406,19.4063,1.1724137931034483e-05,0.0005862068965517241
text+audio_text_ln_lrh0.001_e5_s43,1477,3,0.85889,14.0101,1.1717028083896197e-05,0.0005858514041948099
text+audio_text_ln_lrh0.001_e5_s43,1478,3,0.73231,22.1491,1.1709918236757912e-05,0.0005854959118378956
text+audio_text_ln_lrh0.001_e5_s43,1479,3,1.05901,18.5133,1.1702808389619624e-05,0.0005851404194809811
text+audio_text_ln_lrh0.001_e5_s43,1480,3,0.92803,18.121,1.1695698542481338e-05,0.0005847849271240668
text+audio_text_ln_lrh0.001_e5_s43,1481,3,0.8329,17.5944,1.168858869534305e-05,0.0005844294347671525
text+audio_text_ln_lrh0.001_e5_s43,1482,3,0.6777,15.1181,1.1681478848204763e-05,0.0005840739424102381
text+audio_text_ln_lrh0.001_e5_s43,1483,3,0.58214,17.4937,1.1674369001066479e-05,0.0005837184500533239
text+audio_text_ln_lrh0.001_e5_s43,1484,3,0.8976,18.7629,1.1667259153928193e-05,0.0005833629576964096
text+audio_text_ln_lrh0.001_e5_s43,1485,3,0.93028,20.3145,1.1660149306789905e-05,0.0005830074653394952
text+audio_text_ln_lrh0.001_e5_s43,1486,3,1.18842,21.2289,1.1653039459651618e-05,0.0005826519729825809
text+audio_text_ln_lrh0.001_e5_s43,1487,3,0.86921,17.3904,1.1645929612513332e-05,0.0005822964806256665
text+audio_text_ln_lrh0.001_e5_s43,1488,3,0.67541,14.7198,1.1638819765375044e-05,0.0005819409882687522
text+audio_text_ln_lrh0.001_e5_s43,1489,3,0.89763,19.3416,1.163170991823676e-05,0.000581585495911838
text+audio_text_ln_lrh0.001_e5_s43,1490,3,0.54414,16.1487,1.1624600071098472e-05,0.0005812300035549236
text+audio_text_ln_lrh0.001_e5_s43,1491,3,0.7212,16.7433,1.1617490223960186e-05,0.0005808745111980093
text+audio_text_ln_lrh0.001_e5_s43,1492,3,0.80666,18.3591,1.1610380376821899e-05,0.000580519018841095
text+audio_text_ln_lrh0.001_e5_s43,1493,3,1.09575,18.5369,1.1603270529683613e-05,0.0005801635264841805
text+audio_text_ln_lrh0.001_e5_s43,1494,3,0.58861,17.8085,1.1596160682545325e-05,0.0005798080341272662
text+audio_text_ln_lrh0.001_e5_s43,1495,3,0.66157,14.6093,1.1589050835407041e-05,0.000579452541770352
text+audio_text_ln_lrh0.001_e5_s43,1496,3,1.06184,23.7645,1.1581940988268753e-05,0.0005790970494134376
text+audio_text_ln_lrh0.001_e5_s43,1497,3,1.33416,24.5667,1.1574831141130468e-05,0.0005787415570565233
text+audio_text_ln_lrh0.001_e5_s43,1498,3,1.01957,21.3249,1.156772129399218e-05,0.000578386064699609
text+audio_text_ln_lrh0.001_e5_s43,1499,3,0.92157,17.0274,1.1560611446853894e-05,0.0005780305723426946
text+audio_text_ln_lrh0.001_e5_s43,1500,3,0.75416,17.2025,1.1553501599715606e-05,0.0005776750799857803
text+audio_text_ln_lrh0.001_e5_s43,1501,3,1.01505,22.9155,1.1546391752577319e-05,0.0005773195876288659
text+audio_text_ln_lrh0.001_e5_s43,1502,3,1.37363,25.3378,1.1539281905439035e-05,0.0005769640952719517
text+audio_text_ln_lrh0.001_e5_s43,1503,3,0.84767,15.6804,1.1532172058300749e-05,0.0005766086029150374
text+audio_text_ln_lrh0.001_e5_s43,1504,3,0.84643,17.3565,1.1525062211162461e-05,0.000576253110558123
text+audio_text_ln_lrh0.001_e5_s43,1505,3,0.82498,39.1842,1.1517952364024174e-05,0.0005758976182012087
text+audio_text_ln_lrh0.001_e5_s43,1506,3,1.20953,24.5644,1.1510842516885888e-05,0.0005755421258442944
text+audio_text_ln_lrh0.001_e5_s43,1507,3,0.61574,12.2183,1.15037326697476e-05,0.00057518663348738
text+audio_text_ln_lrh0.001_e5_s43,1508,3,0.4673,16.1089,1.1496622822609316e-05,0.0005748311411304658
text+audio_text_ln_lrh0.001_e5_s43,1509,3,1.46091,20.1885,1.1489512975471028e-05,0.0005744756487735514
text+audio_text_ln_lrh0.001_e5_s43,1510,3,0.36431,13.9863,1.1482403128332742e-05,0.000574120156416637
text+audio_text_ln_lrh0.001_e5_s43,1511,3,0.36609,18.5913,1.1475293281194455e-05,0.0005737646640597227
text+audio_text_ln_lrh0.001_e5_s43,1512,3,1.10569,17.1709,1.1468183434056169e-05,0.0005734091717028084
text+audio_text_ln_lrh0.001_e5_s43,1513,3,0.7609,16.0685,1.1461073586917881e-05,0.000573053679345894
text+audio_text_ln_lrh0.001_e5_s43,1514,3,1.07283,18.2988,1.1453963739779597e-05,0.0005726981869889798
text+audio_text_ln_lrh0.001_e5_s43,1515,3,1.07682,21.2067,1.144685389264131e-05,0.0005723426946320654
text+audio_text_ln_lrh0.001_e5_s43,1516,3,0.88651,18.4443,1.1439744045503024e-05,0.0005719872022751511
text+audio_text_ln_lrh0.001_e5_s43,1517,3,0.72021,19.3713,1.1432634198364736e-05,0.0005716317099182368
text+audio_text_ln_lrh0.001_e5_s43,1518,3,0.57665,14.7149,1.1425524351226448e-05,0.0005712762175613224
text+audio_text_ln_lrh0.001_e5_s43,1519,3,0.75323,12.9681,1.1418414504088162e-05,0.0005709207252044081
text+audio_text_ln_lrh0.001_e5_s43,1520,3,0.55818,18.2265,1.1411304656949878e-05,0.0005705652328474939
text+audio_text_ln_lrh0.001_e5_s43,1521,3,1.13007,22.0535,1.140419480981159e-05,0.0005702097404905795
text+audio_text_ln_lrh0.001_e5_s43,1522,3,0.60656,16.5739,1.1397084962673303e-05,0.0005698542481336652
text+audio_text_ln_lrh0.001_e5_s43,1523,3,0.66416,16.2241,1.1389975115535017e-05,0.0005694987557767508
text+audio_text_ln_lrh0.001_e5_s43,1524,3,0.56146,18.5951,1.138286526839673e-05,0.0005691432634198364
text+audio_text_ln_lrh0.001_e5_s43,1525,3,0.8093,18.5028,1.1375755421258444e-05,0.0005687877710629221
text+audio_text_ln_lrh0.001_e5_s43,1526,3,0.52916,10.8912,1.1368645574120158e-05,0.0005684322787060079
text+audio_text_ln_lrh0.001_e5_s43,1527,3,0.89101,16.5316,1.1361535726981872e-05,0.0005680767863490935
text+audio_text_ln_lrh0.001_e5_s43,1528,3,1.02099,28.9974,1.1354425879843584e-05,0.0005677212939921792
text+audio_text_ln_lrh0.001_e5_s43,1529,3,1.08072,26.0481,1.1347316032705298e-05,0.0005673658016352649
text+audio_text_ln_lrh0.001_e5_s43,1530,3,1.19801,36.0246,1.134020618556701e-05,0.0005670103092783505
text+audio_text_ln_lrh0.001_e5_s43,1531,3,0.99323,20.449,1.1333096338428723e-05,0.0005666548169214362
text+audio_text_ln_lrh0.001_e5_s43,1532,3,0.8581,18.1363,1.1325986491290437e-05,0.0005662993245645218
text+audio_text_ln_lrh0.001_e5_s43,1533,3,1.1358,29.3798,1.1318876644152153e-05,0.0005659438322076076
text+audio_text_ln_lrh0.001_e5_s43,1534,3,0.92294,15.3327,1.1311766797013866e-05,0.0005655883398506933
text+audio_text_ln_lrh0.001_e5_s43,1535,3,1.02436,27.8552,1.1304656949875578e-05,0.0005652328474937789
text+audio_text_ln_lrh0.001_e5_s43,1536,3,1.41952,24.1889,1.1297547102737292e-05,0.0005648773551368646
text+audio_text_ln_lrh0.001_e5_s43,1537,3,0.76739,19.9416,1.1290437255599004e-05,0.0005645218627799503
text+audio_text_ln_lrh0.001_e5_s43,1538,3,0.76007,16.0341,1.1283327408460719e-05,0.0005641663704230358
text+audio_text_ln_lrh0.001_e5_s43,1539,3,0.86439,20.005,1.1276217561322433e-05,0.0005638108780661216
text+audio_text_ln_lrh0.001_e5_s43,1540,3,0.53814,17.2299,1.1269107714184147e-05,0.0005634553857092073
text+audio_text_ln_lrh0.001_e5_s43,1541,3,0.68507,17.8468,1.1261997867045859e-05,0.0005630998933522929
text+audio_text_ln_lrh0.001_e5_s43,1542,3,0.82414,26.3195,1.1254888019907573e-05,0.0005627444009953786
text+audio_text_ln_lrh0.001_e5_s43,1543,3,0.38982,14.6614,1.1247778172769286e-05,0.0005623889086384643
text+audio_text_ln_lrh0.001_e5_s43,1544,3,0.86618,33.1834,1.1240668325631e-05,0.0005620334162815499
text+audio_text_ln_lrh0.001_e5_s43,1545,3,0.94374,20.2184,1.1233558478492714e-05,0.0005616779239246357
text+audio_text_ln_lrh0.001_e5_s43,1546,3,0.76609,14.5717,1.1226448631354428e-05,0.0005613224315677213
text+audio_text_ln_lrh0.001_e5_s43,1547,3,0.63242,14.7845,1.121933878421614e-05,0.000560966939210807
text+audio_text_ln_lrh0.001_e5_s43,1548,3,1.23264,25.8759,1.1212228937077854e-05,0.0005606114468538927
text+audio_text_ln_lrh0.001_e5_s43,1549,3,1.14489,20.7428,1.1205119089939567e-05,0.0005602559544969783
text+audio_text_ln_lrh0.001_e5_s43,1550,3,1.14583,19.423,1.119800924280128e-05,0.000559900462140064
text+audio_text_ln_lrh0.001_e5_s43,1551,3,0.69171,16.088,1.1190899395662995e-05,0.0005595449697831498
text+audio_text_ln_lrh0.001_e5_s43,1552,3,0.57721,16.9282,1.1183789548524709e-05,0.0005591894774262353
text+audio_text_ln_lrh0.001_e5_s43,1553,3,0.57985,14.9472,1.1176679701386422e-05,0.000558833985069321
text+audio_text_ln_lrh0.001_e5_s43,1554,3,0.41883,9.1377,1.1169569854248134e-05,0.0005584784927124067
text+audio_text_ln_lrh0.001_e5_s43,1555,3,0.71153,18.9094,1.1162460007109848e-05,0.0005581230003554923
text+audio_text_ln_lrh0.001_e5_s43,1556,3,1.30222,25.8066,1.115535015997156e-05,0.000557767507998578
text+audio_text_ln_lrh0.001_e5_s43,1557,3,1.26661,18.9713,1.1148240312833275e-05,0.0005574120156416637
text+audio_text_ln_lrh0.001_e5_s43,1558,3,0.96886,32.1668,1.1141130465694989e-05,0.0005570565232847494
text+audio_text_ln_lrh0.001_e5_s43,1559,3,0.67124,20.6312,1.1134020618556703e-05,0.0005567010309278351
text+audio_text_ln_lrh0.001_e5_s43,1560,3,0.58156,15.6492,1.1126910771418415e-05,0.0005563455385709207
text+audio_text_ln_lrh0.001_e5_s43,1561,3,0.70461,12.7293,1.111980092428013e-05,0.0005559900462140064
text+audio_text_ln_lrh0.001_e5_s43,1562,3,0.83353,14.037,1.1112691077141842e-05,0.0005556345538570921
text+audio_text_ln_lrh0.001_e5_s43,1563,3,0.54589,15.7745,1.1105581230003554e-05,0.0005552790615001777
text+audio_text_ln_lrh0.001_e5_s43,1564,3,0.94798,22.5816,1.109847138286527e-05,0.0005549235691432635
text+audio_text_ln_lrh0.001_e5_s43,1565,3,0.84693,15.8797,1.1091361535726984e-05,0.0005545680767863492
text+audio_text_ln_lrh0.001_e5_s43,1566,3,0.79639,16.6044,1.1084251688588696e-05,0.0005542125844294348
text+audio_text_ln_lrh0.001_e5_s43,1567,3,0.78335,17.2845,1.1077141841450409e-05,0.0005538570920725204
text+audio_text_ln_lrh0.001_e5_s43,1568,3,0.92911,20.0546,1.1070031994312123e-05,0.0005535015997156061
text+audio_text_ln_lrh0.001_e5_s43,1569,3,0.61048,18.1517,1.1062922147173835e-05,0.0005531461073586917
text+audio_text_ln_lrh0.001_e5_s43,1570,3,0.90222,26.2781,1.1055812300035551e-05,0.0005527906150017775
text+audio_text_ln_lrh0.001_e5_s43,1571,3,0.47233,18.7087,1.1048702452897263e-05,0.0005524351226448632
text+audio_text_ln_lrh0.001_e5_s43,1572,3,0.76367,20.7462,1.1041592605758978e-05,0.0005520796302879488
text+audio_text_ln_lrh0.001_e5_s43,1573,3,0.7802,20.2015,1.103448275862069e-05,0.0005517241379310345
text+audio_text_ln_lrh0.001_e5_s43,1574,3,0.77876,21.9593,1.1027372911482404e-05,0.0005513686455741201
text+audio_text_ln_lrh0.001_e5_s43,1575,3,0.47185,16.1573,1.1020263064344116e-05,0.0005510131532172058
text+audio_text_ln_lrh0.001_e5_s43,1576,3,0.94937,19.0409,1.1013153217205832e-05,0.0005506576608602916
text+audio_text_ln_lrh0.001_e5_s43,1577,3,0.58069,18.2143,1.1006043370067545e-05,0.0005503021685033772
text+audio_text_ln_lrh0.001_e5_s43,1578,3,0.85195,16.1988,1.0998933522929259e-05,0.0005499466761464629
text+audio_text_ln_lrh0.001_e5_s43,1579,3,0.6787,15.1669,1.0991823675790971e-05,0.0005495911837895486
text+audio_text_ln_lrh0.001_e5_s43,1580,3,1.09964,18.8112,1.0984713828652684e-05,0.0005492356914326342
text+audio_text_ln_lrh0.001_e5_s43,1581,3,0.51312,14.9378,1.0977603981514398e-05,0.0005488801990757198
text+audio_text_ln_lrh0.001_e5_s43,1582,3,0.51564,18.4025,1.0970494134376113e-05,0.0005485247067188057
text+audio_text_ln_lrh0.001_e5_s43,1583,3,0.86721,21.7855,1.0963384287237826e-05,0.0005481692143618912
text+audio_text_ln_lrh0.001_e5_s43,1584,3,0.4937,17.6024,1.0956274440099538e-05,0.0005478137220049769
text+audio_text_ln_lrh0.001_e5_s43,1585,3,0.66945,22.4494,1.0949164592961252e-05,0.0005474582296480626
text+audio_text_ln_lrh0.001_e5_s43,1586,3,0.57672,15.0489,1.0942054745822965e-05,0.0005471027372911482
text+audio_text_ln_lrh0.001_e5_s43,1587,3,0.71534,22.8022,1.0934944898684679e-05,0.0005467472449342339
text+audio_text_ln_lrh0.001_e5_s43,1588,3,0.53586,13.2299,1.0927835051546391e-05,0.0005463917525773195
text+audio_text_ln_lrh0.001_e5_s43,1589,3,0.53508,15.9332,1.0920725204408107e-05,0.0005460362602204053
text+audio_text_ln_lrh0.001_e5_s43,1590,3,0.95539,35.071,1.091361535726982e-05,0.000545680767863491
text+audio_text_ln_lrh0.001_e5_s43,1591,3,0.71035,24.6877,1.0906505510131534e-05,0.0005453252755065766
text+audio_text_ln_lrh0.001_e5_s43,1592,3,1.18265,35.359,1.0899395662993246e-05,0.0005449697831496623
text+audio_text_ln_lrh0.001_e5_s43,1593,3,0.63178,26.1835,1.089228581585496e-05,0.000544614290792748
text+audio_text_ln_lrh0.001_e5_s43,1594,3,0.21558,11.7599,1.0885175968716673e-05,0.0005442587984358336
text+audio_text_ln_lrh0.001_e5_s43,1595,3,2.41951,53.0166,1.0878066121578388e-05,0.0005439033060789194
text+audio_text_ln_lrh0.001_e5_s43,1596,3,0.32012,19.8604,1.08709562744401e-05,0.000543547813722005
text+audio_text_ln_lrh0.001_e5_s43,1597,3,1.39446,37.7181,1.0863846427301815e-05,0.0005431923213650906
text+audio_text_ln_lrh0.001_e5_s43,1598,3,1.17155,30.1258,1.0856736580163527e-05,0.0005428368290081763
text+audio_text_ln_lrh0.001_e5_s43,1599,3,0.37152,10.6649,1.084962673302524e-05,0.000542481336651262
text+audio_text_ln_lrh0.001_e5_s43,1600,3,0.81069,25.2605,1.0842516885886954e-05,0.0005421258442943476
text+audio_text_ln_lrh0.001_e5_s43,1601,3,0.66861,32.2329,1.083540703874867e-05,0.0005417703519374334
text+audio_text_ln_lrh0.001_e5_s43,1602,3,0.98502,43.3911,1.0828297191610382e-05,0.0005414148595805191
text+audio_text_ln_lrh0.001_e5_s43,1603,3,0.74616,20.3101,1.0821187344472094e-05,0.0005410593672236047
text+audio_text_ln_lrh0.001_e5_s43,1604,3,1.47207,20.7615,1.0814077497333808e-05,0.0005407038748666904
text+audio_text_ln_lrh0.001_e5_s43,1605,3,0.56513,16.5006,1.080696765019552e-05,0.000540348382509776
text+audio_text_ln_lrh0.001_e5_s43,1606,3,1.02677,25.5027,1.0799857803057235e-05,0.0005399928901528617
text+audio_text_ln_lrh0.001_e5_s43,1607,3,0.396,13.3398,1.0792747955918949e-05,0.0005396373977959475
text+audio_text_ln_lrh0.001_e5_s43,1608,3,0.69227,23.7698,1.0785638108780663e-05,0.0005392819054390331
text+audio_text_ln_lrh0.001_e5_s43,1609,3,0.67099,20.4692,1.0778528261642376e-05,0.0005389264130821188
text+audio_text_ln_lrh0.001_e5_s43,1610,3,0.51669,24.6545,1.077141841450409e-05,0.0005385709207252045
text+audio_text_ln_lrh0.001_e5_s43,1611,3,0.84013,23.4777,1.0764308567365802e-05,0.00053821542836829
text+audio_text_ln_lrh0.001_e5_s43,1612,3,0.51599,17.4404,1.0757198720227514e-05,0.0005378599360113757
text+audio_text_ln_lrh0.001_e5_s43,1613,3,0.52198,14.2832,1.075008887308923e-05,0.0005375044436544615
text+audio_text_ln_lrh0.001_e5_s43,1614,3,0.85955,17.7234,1.0742979025950944e-05,0.0005371489512975471
text+audio_text_ln_lrh0.001_e5_s43,1615,3,0.75006,34.4025,1.0735869178812657e-05,0.0005367934589406328
text+audio_text_ln_lrh0.001_e5_s43,1616,3,0.59592,25.1002,1.0728759331674369e-05,0.0005364379665837185
text+audio_text_ln_lrh0.001_e5_s43,1617,3,0.71783,16.9711,1.0721649484536083e-05,0.0005360824742268041
text+audio_text_ln_lrh0.001_e5_s43,1618,3,1.15172,21.7184,1.0714539637397796e-05,0.0005357269818698898
text+audio_text_ln_lrh0.001_e5_s43,1619,3,0.98371,18.6144,1.070742979025951e-05,0.0005353714895129754
text+audio_text_ln_lrh0.001_e5_s43,1620,3,0.85472,32.5717,1.0700319943121224e-05,0.0005350159971560612
text+audio_text_ln_lrh0.001_e5_s43,1621,3,0.58316,14.96,1.0693210095982938e-05,0.0005346605047991469
text+audio_text_ln_lrh0.001_e5_s43,1622,3,0.86177,26.4754,1.068610024884465e-05,0.0005343050124422325
text+audio_text_ln_lrh0.001_e5_s43,1623,3,0.54628,21.1817,1.0678990401706364e-05,0.0005339495200853182
text+audio_text_ln_lrh0.001_e5_s43,1624,3,1.12287,23.2991,1.0671880554568077e-05,0.0005335940277284039
text+audio_text_ln_lrh0.001_e5_s43,1625,3,0.92308,18.7528,1.0664770707429791e-05,0.0005332385353714894
text+audio_text_ln_lrh0.001_e5_s43,1626,3,0.65934,20.8311,1.0657660860291505e-05,0.0005328830430145752
text+audio_text_ln_lrh0.001_e5_s43,1627,3,1.51393,38.1577,1.065055101315322e-05,0.0005325275506576609
text+audio_text_ln_lrh0.001_e5_s43,1628,3,0.8483,27.6336,1.0643441166014932e-05,0.0005321720583007465
text+audio_text_ln_lrh0.001_e5_s43,1629,3,0.99073,23.584,1.0636331318876646e-05,0.0005318165659438322
text+audio_text_ln_lrh0.001_e5_s43,1630,3,0.84538,25.807,1.0629221471738358e-05,0.0005314610735869179
text+audio_text_ln_lrh0.001_e5_s43,1631,3,0.4451,18.3498,1.062211162460007e-05,0.0005311055812300035
text+audio_text_ln_lrh0.001_e5_s43,1632,3,1.04396,25.149,1.0615001777461786e-05,0.0005307500888730893
text+audio_text_ln_lrh0.001_e5_s43,1633,3,0.4515,13.1,1.0607891930323499e-05,0.0005303945965161749
text+audio_text_ln_lrh0.001_e5_s43,1634,3,0.80334,20.5089,1.0600782083185213e-05,0.0005300391041592606
text+audio_text_ln_lrh0.001_e5_s43,1635,3,0.59166,19.0335,1.0593672236046925e-05,0.0005296836118023463
text+audio_text_ln_lrh0.001_e5_s43,1636,3,0.89768,26.5101,1.058656238890864e-05,0.0005293281194454319
text+audio_text_ln_lrh0.001_e5_s43,1637,3,0.70212,20.5738,1.0579452541770352e-05,0.0005289726270885176
text+audio_text_ln_lrh0.001_e5_s43,1638,3,1.18156,28.9778,1.0572342694632067e-05,0.0005286171347316034
text+audio_text_ln_lrh0.001_e5_s43,1639,3,0.68482,24.3514,1.056523284749378e-05,0.000528261642374689
text+audio_text_ln_lrh0.001_e5_s43,1640,3,0.97264,24.9906,1.0558123000355494e-05,0.0005279061500177746
text+audio_text_ln_lrh0.001_e5_s43,1641,3,0.91751,25.1886,1.0551013153217206e-05,0.0005275506576608603
text+audio_text_ln_lrh0.001_e5_s43,1642,3,0.76405,23.808,1.054390330607892e-05,0.0005271951653039459
text+audio_text_ln_lrh0.001_e5_s43,1643,3,0.82453,28.9102,1.0536793458940633e-05,0.0005268396729470316
text+audio_text_ln_lrh0.001_e5_s43,1644,3,1.0411,25.9011,1.0529683611802349e-05,0.0005264841805901174
text+audio_text_ln_lrh0.001_e5_s43,1645,3,1.58617,29.7092,1.0522573764664061e-05,0.000526128688233203
text+audio_text_ln_lrh0.001_e5_s43,1646,3,1.10039,27.1332,1.0515463917525775e-05,0.0005257731958762887
text+audio_text_ln_lrh0.001_e5_s43,1647,3,1.0247,25.1551,1.0508354070387488e-05,0.0005254177035193743
text+audio_text_ln_lrh0.001_e5_s43,1648,3,0.97535,27.9526,1.05012442232492e-05,0.00052506221116246
text+audio_text_ln_lrh0.001_e5_s43,1649,3,0.78166,19.7169,1.0494134376110914e-05,0.0005247067188055457
text+audio_text_ln_lrh0.001_e5_s43,1650,3,0.96577,22.4389,1.0487024528972627e-05,0.0005243512264486313
text+audio_text_ln_lrh0.001_e5_s43,1651,3,0.58652,17.6928,1.0479914681834342e-05,0.0005239957340917171
text+audio_text_ln_lrh0.001_e5_s43,1652,3,1.0388,18.2506,1.0472804834696055e-05,0.0005236402417348028
text+audio_text_ln_lrh0.001_e5_s43,1653,3,0.50691,15.8923,1.0465694987557769e-05,0.0005232847493778884
text+audio_text_ln_lrh0.001_e5_s43,1654,3,0.87788,19.029,1.0458585140419481e-05,0.000522929257020974
text+audio_text_ln_lrh0.001_e5_s43,1655,3,0.45366,20.7362,1.0451475293281195e-05,0.0005225737646640597
text+audio_text_ln_lrh0.001_e5_s43,1656,3,0.63129,14.2415,1.0444365446142908e-05,0.0005222182723071453
text+audio_text_ln_lrh0.001_e5_s43,1657,3,1.03893,26.8331,1.0437255599004624e-05,0.0005218627799502311
text+audio_text_ln_lrh0.001_e5_s43,1658,3,0.64359,28.4962,1.0430145751866336e-05,0.0005215072875933168
text+audio_text_ln_lrh0.001_e5_s43,1659,3,0.7717,21.2837,1.042303590472805e-05,0.0005211517952364024
text+audio_text_ln_lrh0.001_e5_s43,1660,3,0.87059,15.7481,1.0415926057589762e-05,0.0005207963028794881
text+audio_text_ln_lrh0.001_e5_s43,1661,3,0.94438,17.8355,1.0408816210451475e-05,0.0005204408105225737
text+audio_text_ln_lrh0.001_e5_s43,1662,3,0.91897,17.8131,1.0401706363313189e-05,0.0005200853181656594
text+audio_text_ln_lrh0.001_e5_s43,1663,3,0.95162,23.2663,1.0394596516174905e-05,0.0005197298258087452
text+audio_text_ln_lrh0.001_e5_s43,1664,3,1.21924,19.1799,1.0387486669036617e-05,0.0005193743334518308
text+audio_text_ln_lrh0.001_e5_s43,1665,3,1.04769,17.5322,1.038037682189833e-05,0.0005190188410949165
text+audio_text_ln_lrh0.001_e5_s43,1666,3,1.49434,27.3459,1.0373266974760044e-05,0.0005186633487380022
text+audio_text_ln_lrh0.001_e5_s43,1667,3,1.46269,22.8927,1.0366157127621756e-05,0.0005183078563810878
text+audio_text_ln_lrh0.001_e5_s43,1668,3,0.97478,20.5909,1.035904728048347e-05,0.0005179523640241735
text+audio_text_ln_lrh0.001_e5_s43,1669,3,1.16269,25.1688,1.0351937433345184e-05,0.0005175968716672593
text+audio_text_ln_lrh0.001_e5_s43,1670,3,0.60544,28.7092,1.0344827586206898e-05,0.0005172413793103448
text+audio_text_ln_lrh0.001_e5_s43,1671,3,0.95102,20.6829,1.033771773906861e-05,0.0005168858869534305
text+audio_text_ln_lrh0.001_e5_s43,1672,3,0.76939,24.9393,1.0330607891930325e-05,0.0005165303945965162
text+audio_text_ln_lrh0.001_e5_s43,1673,3,1.21115,24.3786,1.0323498044792037e-05,0.0005161749022396018
text+audio_text_ln_lrh0.001_e5_s43,1674,3,1.1269,18.5974,1.0316388197653751e-05,0.0005158194098826875
text+audio_text_ln_lrh0.001_e5_s43,1675,3,1.24814,27.5698,1.0309278350515464e-05,0.0005154639175257731
text+audio_text_ln_lrh0.001_e5_s43,1676,3,1.02672,22.513,1.030216850337718e-05,0.0005151084251688589
text+audio_text_ln_lrh0.001_e5_s43,1677,3,0.75309,21.6076,1.0295058656238892e-05,0.0005147529328119446
text+audio_text_ln_lrh0.001_e5_s43,1678,3,0.52212,18.2613,1.0287948809100606e-05,0.0005143974404550302
text+audio_text_ln_lrh0.001_e5_s43,1679,3,0.47641,16.9664,1.0280838961962318e-05,0.0005140419480981159
text+audio_text_ln_lrh0.001_e5_s43,1680,3,0.63907,17.1625,1.0273729114824031e-05,0.0005136864557412016
text+audio_text_ln_lrh0.001_e5_s43,1681,3,0.75094,15.1844,1.0266619267685745e-05,0.0005133309633842872
text+audio_text_ln_lrh0.001_e5_s43,1682,3,0.75296,19.8193,1.025950942054746e-05,0.000512975471027373
text+audio_text_ln_lrh0.001_e5_s43,1683,3,0.8458,20.7411,1.0252399573409173e-05,0.0005126199786704587
text+audio_text_ln_lrh0.001_e5_s43,1684,3,0.45751,16.7692,1.0245289726270886e-05,0.0005122644863135442
text+audio_text_ln_lrh0.001_e5_s43,1685,3,1.03258,23.0571,1.02381798791326e-05,0.0005119089939566299
text+audio_text_ln_lrh0.001_e5_s43,1686,3,0.48865,11.0231,1.0231070031994312e-05,0.0005115535015997156
text+audio_text_ln_lrh0.001_e5_s43,1687,3,0.79118,20.4876,1.0223960184856026e-05,0.0005111980092428012
text+audio_text_ln_lrh0.001_e5_s43,1688,3,0.72541,30.5683,1.021685033771774e-05,0.000510842516885887
text+audio_text_ln_lrh0.001_e5_s43,1689,3,1.02338,19.3982,1.0209740490579454e-05,0.0005104870245289727
text+audio_text_ln_lrh0.001_e5_s43,1690,3,0.71099,13.8264,1.0202630643441167e-05,0.0005101315321720583
text+audio_text_ln_lrh0.001_e5_s43,1691,3,0.76309,20.7638,1.0195520796302881e-05,0.000509776039815144
text+audio_text_ln_lrh0.001_e5_s43,1692,3,0.57707,20.1277,1.0188410949164593e-05,0.0005094205474582296
text+audio_text_ln_lrh0.001_e5_s43,1693,3,0.7472,21.9381,1.0181301102026306e-05,0.0005090650551013153
text+audio_text_ln_lrh0.001_e5_s43,1694,3,0.64844,17.7726,1.0174191254888021e-05,0.0005087095627444011
text+audio_text_ln_lrh0.001_e5_s43,1695,3,0.74879,18.6176,1.0167081407749736e-05,0.0005083540703874867
text+audio_text_ln_lrh0.001_e5_s43,1696,3,0.77164,17.2853,1.0159971560611448e-05,0.0005079985780305724
text+audio_text_ln_lrh0.001_e5_s43,1697,3,0.5235,18.5594,1.015286171347316e-05,0.0005076430856736581
text+audio_text_ln_lrh0.001_e5_s43,1698,3,0.93141,17.4137,1.0145751866334874e-05,0.0005072875933167436
text+audio_text_ln_lrh0.001_e5_s43,1699,3,1.16542,25.9052,1.0138642019196587e-05,0.0005069321009598293
text+audio_text_ln_lrh0.001_e5_s43,1700,3,0.62315,22.4484,1.0131532172058303e-05,0.0005065766086029151
text+audio_text_ln_lrh0.001_e5_s43,1701,3,1.106,24.1115,1.0124422324920015e-05,0.0005062211162460007
text+audio_text_ln_lrh0.001_e5_s43,1702,3,0.65578,15.927,1.011731247778173e-05,0.0005058656238890864
text+audio_text_ln_lrh0.001_e5_s43,1703,3,0.85422,20.7453,1.0110202630643442e-05,0.0005055101315321721
text+audio_text_ln_lrh0.001_e5_s43,1704,3,0.86948,19.2076,1.0103092783505156e-05,0.0005051546391752577
text+audio_text_ln_lrh0.001_e5_s43,1705,3,1.16422,26.5973,1.0095982936366868e-05,0.0005047991468183434
text+audio_text_ln_lrh0.001_e5_s43,1706,3,0.71232,24.8791,1.008887308922858e-05,0.000504443654461429
text+audio_text_ln_lrh0.001_e5_s43,1707,3,0.86819,25.7678,1.0081763242090296e-05,0.0005040881621045148
text+audio_text_ln_lrh0.001_e5_s43,1708,3,0.85801,23.267,1.007465339495201e-05,0.0005037326697476005
text+audio_text_ln_lrh0.001_e5_s43,1709,3,0.76771,18.8911,1.0067543547813723e-05,0.0005033771773906861
text+audio_text_ln_lrh0.001_e5_s43,1710,3,0.62744,18.0994,1.0060433700675435e-05,0.0005030216850337718
text+audio_text_ln_lrh0.001_e5_s43,1711,3,0.484,16.9741,1.005332385353715e-05,0.0005026661926768575
text+audio_text_ln_lrh0.001_e5_s43,1712,3,0.42978,19.5752,1.0046214006398862e-05,0.000502310700319943
text+audio_text_ln_lrh0.001_e5_s43,1713,3,0.48467,16.5053,1.0039104159260578e-05,0.0005019552079630289
text+audio_text_ln_lrh0.001_e5_s43,1714,3,0.23191,14.8596,1.003199431212229e-05,0.0005015997156061145
text+audio_text_ln_lrh0.001_e5_s43,1715,3,0.86215,24.3581,1.0024884464984004e-05,0.0005012442232492001
text+audio_text_ln_lrh0.001_e5_s43,1716,3,0.6638,17.5472,1.0017774617845716e-05,0.0005008887308922858
text+audio_text_ln_lrh0.001_e5_s43,1717,3,1.15001,22.1436,1.001066477070743e-05,0.0005005332385353715
text+audio_text_ln_lrh0.001_e5_s43,1718,3,0.5496,25.6468,1.0003554923569143e-05,0.0005001777461784571
text+audio_text_ln_lrh0.001_e5_s43,1719,3,1.17193,29.3553,9.996445076430857e-06,0.0004998222538215428
text+audio_text_ln_lrh0.001_e5_s43,1720,3,1.58087,28.0046,9.989335229292571e-06,0.0004994667614646285
text+audio_text_ln_lrh0.001_e5_s43,1721,3,0.98614,29.6963,9.982225382154285e-06,0.0004991112691077142
text+audio_text_ln_lrh0.001_e5_s43,1722,3,0.87057,19.2901,9.975115535015998e-06,0.0004987557767507999
text+audio_text_ln_lrh0.001_e5_s43,1723,3,0.6437,14.4915,9.968005687877712e-06,0.0004984002843938855
text+audio_text_ln_lrh0.001_e5_s43,1724,3,1.03645,17.8157,9.960895840739426e-06,0.0004980447920369713
text+audio_text_ln_lrh0.001_e5_s43,1725,3,0.92214,21.236,9.953785993601138e-06,0.0004976892996800569
text+audio_text_ln_lrh0.001_e5_s43,1726,3,0.9975,19.693,9.94667614646285e-06,0.0004973338073231426
text+audio_text_ln_lrh0.001_e5_s43,1727,3,1.48508,22.8015,9.939566299324566e-06,0.0004969783149662283
text+audio_text_ln_lrh0.001_e5_s43,1728,3,1.39266,25.1729,9.932456452186279e-06,0.000496622822609314
text+audio_text_ln_lrh0.001_e5_s43,1729,3,0.97305,20.2451,9.925346605047991e-06,0.0004962673302523995
text+audio_text_ln_lrh0.001_e5_s43,1730,3,1.22236,25.6197,9.918236757909705e-06,0.0004959118378954852
text+audio_text_ln_lrh0.001_e5_s43,1731,3,0.69109,15.7291,9.91112691077142e-06,0.0004955563455385709
text+audio_text_ln_lrh0.001_e5_s43,1732,3,0.58373,20.5168,9.904017063633132e-06,0.0004952008531816566
text+audio_text_ln_lrh0.001_e5_s43,1733,3,0.78202,17.6492,9.896907216494846e-06,0.0004948453608247423
text+audio_text_ln_lrh0.001_e5_s43,1734,3,0.80758,20.3645,9.88979736935656e-06,0.0004944898684678279
text+audio_text_ln_lrh0.001_e5_s43,1735,3,0.6246,17.5662,9.882687522218272e-06,0.0004941343761109136
text+audio_text_ln_lrh0.001_e5_s43,1736,3,0.41033,11.5792,9.875577675079987e-06,0.0004937788837539993
text+audio_text_ln_lrh0.001_e5_s43,1737,3,0.58828,17.584,9.8684678279417e-06,0.000493423391397085
text+audio_text_ln_lrh0.001_e5_s43,1738,3,0.55842,15.8516,9.861357980803413e-06,0.0004930678990401707
text+audio_text_ln_lrh0.001_e5_s43,1739,3,0.81146,18.7529,9.854248133665127e-06,0.0004927124066832564
text+audio_text_ln_lrh0.001_e5_s43,1740,3,0.48579,17.2113,9.847138286526841e-06,0.000492356914326342
text+audio_text_ln_lrh0.001_e5_s43,1741,3,1.05966,25.6727,9.840028439388554e-06,0.0004920014219694277
text+audio_text_ln_lrh0.001_e5_s43,1742,3,0.97645,20.0082,9.832918592250268e-06,0.0004916459296125134
text+audio_text_ln_lrh0.001_e5_s43,1743,3,0.85474,16.2577,9.825808745111982e-06,0.000491290437255599
text+audio_text_ln_lrh0.001_e5_s43,1744,3,1.12068,20.5275,9.818698897973694e-06,0.0004909349448986846
text+audio_text_ln_lrh0.001_e5_s43,1745,3,0.89355,19.0389,9.811589050835408e-06,0.0004905794525417704
text+audio_text_ln_lrh0.001_e5_s43,1746,3,0.4728,15.078,9.80447920369712e-06,0.000490223960184856
text+audio_text_ln_lrh0.001_e5_s43,1747,3,0.51077,22.5415,9.797369356558835e-06,0.0004898684678279417
text+audio_text_ln_lrh0.001_e5_s43,1748,3,1.04724,25.9573,9.790259509420549e-06,0.0004895129754710274
text+audio_text_ln_lrh0.001_e5_s43,1749,3,0.76842,12.4194,9.783149662282261e-06,0.0004891574831141131
text+audio_text_ln_lrh0.001_e5_s43,1750,3,0.57606,14.8791,9.776039815143975e-06,0.0004888019907571987
text+audio_text_ln_lrh0.001_e5_s43,1751,3,0.80393,14.546,9.768929968005688e-06,0.0004884464984002844
text+audio_text_ln_lrh0.001_e5_s43,1752,3,0.81609,19.425,9.761820120867402e-06,0.0004880910060433701
text+audio_text_ln_lrh0.001_e5_s43,1753,3,0.9442,18.1511,9.754710273729116e-06,0.0004877355136864557
text+audio_text_ln_lrh0.001_e5_s43,1754,3,0.6638,30.0863,9.747600426590828e-06,0.0004873800213295414
text+audio_text_ln_lrh0.001_e5_s43,1755,3,0.86595,20.7602,9.740490579452543e-06,0.0004870245289726271
text+audio_text_ln_lrh0.001_e5_s43,1756,3,0.81083,17.8061,9.733380732314257e-06,0.00048666903661571275
text+audio_text_ln_lrh0.001_e5_s43,1757,3,0.91775,22.8324,9.726270885175969e-06,0.00048631354425879845
text+audio_text_ln_lrh0.001_e5_s43,1758,3,0.76355,18.7939,9.719161038037683e-06,0.00048595805190188414
text+audio_text_ln_lrh0.001_e5_s43,1759,3,1.0383,38.06,9.712051190899396e-06,0.0004856025595449698
text+audio_text_ln_lrh0.001_e5_s43,1760,3,0.79306,20.2361,9.70494134376111e-06,0.0004852470671880554
text+audio_text_ln_lrh0.001_e5_s43,1761,3,1.26172,22.4758,9.697831496622824e-06,0.00048489157483114117
text+audio_text_ln_lrh0.001_e5_s43,1762,3,0.99972,21.3399,9.690721649484536e-06,0.0004845360824742268
text+audio_text_ln_lrh0.001_e5_s43,1763,3,0.7174,23.0665,9.68361180234625e-06,0.00048418059011731245
text+audio_text_ln_lrh0.001_e5_s43,1764,3,0.51644,26.0162,9.676501955207964e-06,0.0004838250977603982
text+audio_text_ln_lrh0.001_e5_s43,1765,3,1.03514,17.975,9.669392108069677e-06,0.00048346960540348384
text+audio_text_ln_lrh0.001_e5_s43,1766,3,0.91273,16.9601,9.662282260931391e-06,0.0004831141130465695
text+audio_text_ln_lrh0.001_e5_s43,1767,3,0.65962,19.8223,9.655172413793105e-06,0.0004827586206896552
text+audio_text_ln_lrh0.001_e5_s43,1768,3,0.9052,28.1713,9.648062566654817e-06,0.0004824031283327409
text+audio_text_ln_lrh0.001_e5_s43,1769,3,0.98681,21.1765,9.640952719516532e-06,0.0004820476359758265
text+audio_text_ln_lrh0.001_e5_s43,1770,3,0.59793,19.845,9.633842872378246e-06,0.0004816921436189122
text+audio_text_ln_lrh0.001_e5_s43,1771,3,0.65399,26.591,9.626733025239958e-06,0.0004813366512619979
text+audio_text_ln_lrh0.001_e5_s43,1772,3,1.01235,17.5373,9.619623178101672e-06,0.00048098115890508354
text+audio_text_ln_lrh0.001_e5_s43,1773,3,0.60858,15.543,9.612513330963386e-06,0.00048062566654816924
text+audio_text_ln_lrh0.001_e5_s43,1774,3,0.80882,26.657,9.605403483825099e-06,0.0004802701741912549
text+audio_text_ln_lrh0.001_e5_s43,1775,3,0.89207,30.1795,9.598293636686811e-06,0.0004799146818343406
text+audio_text_ln_lrh0.001_e5_s43,1776,3,0.97035,39.6125,9.591183789548527e-06,0.00047955918947742627
text+audio_text_ln_lrh0.001_e5_s43,1777,3,1.44867,29.7543,9.58407394241024e-06,0.0004792036971205119
text+audio_text_ln_lrh0.001_e5_s43,1778,3,1.06465,26.1276,9.576964095271952e-06,0.0004788482047635976
text+audio_text_ln_lrh0.001_e5_s43,1779,3,0.56625,23.121,9.569854248133666e-06,0.00047849271240668325
text+audio_text_ln_lrh0.001_e5_s43,1780,3,0.97544,19.8312,9.56274440099538e-06,0.00047813722004976894
text+audio_text_ln_lrh0.001_e5_s43,1781,3,0.90278,17.3064,9.555634553857092e-06,0.0004777817276928546
text+audio_text_ln_lrh0.001_e5_s43,1782,3,0.80969,21.4938,9.548524706718806e-06,0.0004774262353359403
text+audio_text_ln_lrh0.001_e5_s43,1783,3,1.06805,25.3894,9.54141485958052e-06,0.00047707074297902597
text+audio_text_ln_lrh0.001_e5_s43,1784,3,0.4331,21.559,9.534305012442233e-06,0.0004767152506221116
text+audio_text_ln_lrh0.001_e5_s43,1785,3,1.18622,25.925,9.527195165303947e-06,0.0004763597582651973
text+audio_text_ln_lrh0.001_e5_s43,1786,3,0.79291,21.7547,9.520085318165661e-06,0.000476004265908283
text+audio_text_ln_lrh0.001_e5_s43,1787,3,0.95225,22.1064,9.512975471027373e-06,0.00047564877355136864
text+audio_text_ln_lrh0.001_e5_s43,1788,3,1.25032,24.727,9.505865623889088e-06,0.0004752932811944543
text+audio_text_ln_lrh0.001_e5_s43,1789,3,0.28109,18.0428,9.498755776750802e-06,0.00047493778883754003
text+audio_text_ln_lrh0.001_e5_s43,1790,3,0.96488,37.8031,9.491645929612514e-06,0.00047458229648062567
text+audio_text_ln_lrh0.001_e5_s43,1791,3,0.92946,19.3644,9.484536082474226e-06,0.0004742268041237113
text+audio_text_ln_lrh0.001_e5_s43,1792,3,0.70404,21.6022,9.477426235335942e-06,0.00047387131176679706
text+audio_text_ln_lrh0.001_e5_s43,1793,3,0.9374,23.6856,9.470316388197655e-06,0.0004735158194098827
text+audio_text_ln_lrh0.001_e5_s43,1794,3,0.88711,17.501,9.463206541059367e-06,0.00047316032705296834
text+audio_text_ln_lrh0.001_e5_s43,1795,3,0.96876,22.9451,9.456096693921081e-06,0.0004728048346960541
text+audio_text_ln_lrh0.001_e5_s43,1796,3,0.99208,24.3933,9.448986846782795e-06,0.00047244934233913973
text+audio_text_ln_lrh0.001_e5_s43,1797,3,0.81729,21.9519,9.441876999644508e-06,0.00047209384998222537
text+audio_text_ln_lrh0.001_e5_s43,1798,3,0.40231,12.2524,9.434767152506222e-06,0.00047173835762531107
text+audio_text_ln_lrh0.001_e5_s43,1799,3,1.01221,23.5722,9.427657305367936e-06,0.00047138286526839676
text+audio_text_ln_lrh0.001_e5_s43,1800,3,0.35777,7.4941,9.420547458229648e-06,0.0004710273729114824
text+audio_text_ln_lrh0.001_e5_s43,1801,3,0.36893,18.0517,9.413437611091362e-06,0.0004706718805545681
text+audio_text_ln_lrh0.001_e5_s43,1802,3,1.17689,21.8631,9.406327763953076e-06,0.0004703163881976538
text+audio_text_ln_lrh0.001_e5_s43,1803,3,1.53465,26.6559,9.399217916814789e-06,0.00046996089584073943
text+audio_text_ln_lrh0.001_e5_s43,1804,3,1.04318,37.3407,9.392108069676503e-06,0.00046960540348382513
text+audio_text_ln_lrh0.001_e5_s43,1805,3,0.87131,28.7236,9.384998222538217e-06,0.00046924991112691077
text+audio_text_ln_lrh0.001_e5_s43,1806,3,0.81286,24.1231,9.37788837539993e-06,0.00046889441876999646
text+audio_text_ln_lrh0.001_e5_s43,1807,3,0.88825,21.3892,9.370778528261644e-06,0.00046853892641308216
text+audio_text_ln_lrh0.001_e5_s43,1808,3,1.00907,21.1993,9.363668681123356e-06,0.0004681834340561678
text+audio_text_ln_lrh0.001_e5_s43,1809,3,0.60504,19.3988,9.35655883398507e-06,0.0004678279416992535
text+audio_text_ln_lrh0.001_e5_s43,1810,3,1.15088,30.9767,9.349448986846782e-06,0.00046747244934233913
text+audio_text_ln_lrh0.001_e5_s43,1811,3,0.76879,22.0414,9.342339139708497e-06,0.00046711695698542483
text+audio_text_ln_lrh0.001_e5_s43,1812,3,0.3357,11.0484,9.33522929257021e-06,0.00046676146462851047
text+audio_text_ln_lrh0.001_e5_s43,1813,3,1.13571,29.287,9.328119445431923e-06,0.00046640597227159616
text+audio_text_ln_lrh0.001_e5_s43,1814,3,0.98034,20.9523,9.321009598293637e-06,0.00046605047991468186
text+audio_text_ln_lrh0.001_e5_s43,1815,3,0.80254,21.1341,9.313899751155351e-06,0.0004656949875577675
text+audio_text_ln_lrh0.001_e5_s43,1816,3,0.24767,8.782,9.306789904017064e-06,0.0004653394952008532
text+audio_text_ln_lrh0.001_e5_s43,1817,3,0.5863,21.784,9.299680056878778e-06,0.0004649840028439389
text+audio_text_ln_lrh0.001_e5_s43,1818,3,0.72715,25.312,9.292570209740492e-06,0.00046462851048702453
text+audio_text_ln_lrh0.001_e5_s43,1819,3,0.43742,16.0479,9.285460362602204e-06,0.00046427301813011017
text+audio_text_ln_lrh0.001_e5_s43,1820,3,0.75875,17.4318,9.278350515463918e-06,0.0004639175257731959
text+audio_text_ln_lrh0.001_e5_s43,1821,3,0.70286,19.1261,9.271240668325632e-06,0.00046356203341628156
text+audio_text_ln_lrh0.001_e5_s43,1822,3,0.85847,26.8864,9.264130821187345e-06,0.0004632065410593672
text+audio_text_ln_lrh0.001_e5_s43,1823,3,0.59199,14.6127,9.257020974049059e-06,0.00046285104870245295
text+audio_text_ln_lrh0.001_e5_s43,1824,3,1.04436,24.0348,9.249911126910771e-06,0.0004624955563455386
text+audio_text_ln_lrh0.001_e5_s43,1825,3,0.50636,14.9148,9.242801279772485e-06,0.00046214006398862423
text+audio_text_ln_lrh0.001_e5_s43,1826,3,0.76645,19.9031,9.2356914326342e-06,0.0004617845716317099
text+audio_text_ln_lrh0.001_e5_s43,1827,3,0.44425,12.1277,9.228581585495912e-06,0.0004614290792747956
text+audio_text_ln_lrh0.001_e5_s43,1828,3,1.00991,20.9687,9.221471738357626e-06,0.00046107358691788126
text+audio_text_ln_lrh0.001_e5_s43,1829,3,0.72527,18.307,9.21436189121934e-06,0.00046071809456096696
text+audio_text_ln_lrh0.001_e5_s43,1830,3,1.09648,42.2547,9.207252044081053e-06,0.00046036260220405265
text+audio_text_ln_lrh0.001_e5_s43,1831,3,1.16392,26.1194,9.200142196942767e-06,0.0004600071098471383
text+audio_text_ln_lrh0.001_e5_s43,1832,3,1.41455,43.3734,9.19303234980448e-06,0.000459651617490224
text+audio_text_ln_lrh0.001_e5_s43,1833,3,0.48512,13.6888,9.185922502666193e-06,0.0004592961251333096
text+audio_text_ln_lrh0.001_e5_s43,1834,3,0.44004,24.4327,9.178812655527907e-06,0.0004589406327763953
text+audio_text_ln_lrh0.001_e5_s43,1835,3,0.92031,20.728,9.171702808389621e-06,0.000458585140419481
text+audio_text_ln_lrh0.001_e5_s43,1836,3,0.67327,23.8219,9.164592961251334e-06,0.00045822964806256666
text+audio_text_ln_lrh0.001_e5_s43,1837,3,0.86755,23.6902,9.157483114113048e-06,0.00045787415570565235
text+audio_text_ln_lrh0.001_e5_s43,1838,3,0.93676,18.7408,9.15037326697476e-06,0.000457518663348738
text+audio_text_ln_lrh0.001_e5_s43,1839,3,0.89131,17.7041,9.143263419836474e-06,0.0004571631709918237
text+audio_text_ln_lrh0.001_e5_s43,1840,3,0.85196,20.5771,9.136153572698187e-06,0.00045680767863490933
text+audio_text_ln_lrh0.001_e5_s43,1841,3,0.5815,15.4185,9.129043725559901e-06,0.000456452186277995
text+audio_text_ln_lrh0.001_e5_s43,1842,3,0.89059,19.3344,9.121933878421615e-06,0.0004560966939210807
text+audio_text_ln_lrh0.001_e5_s43,1843,3,0.63127,15.7858,9.114824031283327e-06,0.00045574120156416636
text+audio_text_ln_lrh0.001_e5_s43,1844,3,0.69644,15.0547,9.107714184145042e-06,0.00045538570920725205
text+audio_text_ln_lrh0.001_e5_s43,1845,3,0.7614,32.5128,9.100604337006756e-06,0.00045503021685033775
text+audio_text_ln_lrh0.001_e5_s43,1846,3,0.81283,16.9069,9.093494489868468e-06,0.0004546747244934234
text+audio_text_ln_lrh0.001_e5_s43,1847,3,0.81583,23.1804,9.086384642730182e-06,0.00045431923213650903
text+audio_text_ln_lrh0.001_e5_s43,1848,3,0.86237,20.9562,9.079274795591896e-06,0.0004539637397795948
text+audio_text_ln_lrh0.001_e5_s43,1849,3,0.91296,23.0286,9.072164948453609e-06,0.0004536082474226804
text+audio_text_ln_lrh0.001_e5_s43,1850,3,1.21325,24.7719,9.065055101315323e-06,0.00045325275506576606
text+audio_text_ln_lrh0.001_e5_s43,1851,3,0.36144,14.2954,9.057945254177037e-06,0.0004528972627088518
text+audio_text_ln_lrh0.001_e5_s43,1852,3,0.79805,22.7973,9.05083540703875e-06,0.00045254177035193745
text+audio_text_ln_lrh0.001_e5_s43,1853,3,1.25594,23.5182,9.043725559900463e-06,0.0004521862779950231
text+audio_text_ln_lrh0.001_e5_s43,1854,3,0.88547,19.4821,9.036615712762177e-06,0.0004518307856381088
text+audio_text_ln_lrh0.001_e5_s43,1855,3,0.49125,16.6516,9.02950586562389e-06,0.0004514752932811945
text+audio_text_ln_lrh0.001_e5_s43,1856,3,0.67112,20.3815,9.022396018485602e-06,0.0004511198009242801
text+audio_text_ln_lrh0.001_e5_s43,1857,3,0.60853,20.1421,9.015286171347318e-06,0.0004507643085673658
text+audio_text_ln_lrh0.001_e5_s43,1858,3,0.73503,13.5585,9.00817632420903e-06,0.0004504088162104515
text+audio_text_ln_lrh0.001_e5_s43,1859,3,0.72702,15.0483,9.001066477070743e-06,0.00045005332385353715
text+audio_text_ln_lrh0.001_e5_s43,1860,3,1.10981,20.5241,8.993956629932457e-06,0.00044969783149662284
text+audio_text_ln_lrh0.001_e5_s43,1861,3,0.65803,14.6343,8.986846782794171e-06,0.0004493423391397085
text+audio_text_ln_lrh0.001_e5_s43,1862,3,1.35351,29.0639,8.979736935655883e-06,0.0004489868467827942
text+audio_text_ln_lrh0.001_e5_s43,1863,3,1.0621,26.9706,8.972627088517598e-06,0.0004486313544258799
text+audio_text_ln_lrh0.001_e5_s43,1864,3,0.85327,18.7017,8.965517241379312e-06,0.0004482758620689655
text+audio_text_ln_lrh0.001_e5_s43,1865,3,1.12479,33.9947,8.958407394241024e-06,0.0004479203697120512
text+audio_text_ln_lrh0.001_e5_s43,1866,3,0.81389,22.492,8.951297547102738e-06,0.0004475648773551369
text+audio_text_ln_lrh0.001_e5_s43,1867,3,0.22442,12.9977,8.944187699964452e-06,0.00044720938499822255
text+audio_text_ln_lrh0.001_e5_s43,1868,3,0.58459,17.7344,8.937077852826165e-06,0.0004468538926413082
text+audio_text_ln_lrh0.001_e5_s43,1869,3,0.58841,21.4183,8.929968005687877e-06,0.0004464984002843939
text+audio_text_ln_lrh0.001_e5_s43,1870,3,0.47602,15.7632,8.922858158549593e-06,0.0004461429079274796
text+audio_text_ln_lrh0.001_e5_s43,1871,3,0.9534,22.0759,8.915748311411305e-06,0.0004457874155705652
text+audio_text_ln_lrh0.001_e5_s43,1872,3,0.55636,14.9496,8.908638464273018e-06,0.0004454319232136509
text+audio_text_ln_lrh0.001_e5_s43,1873,3,1.00439,32.1462,8.901528617134732e-06,0.0004450764308567366
text+audio_text_ln_lrh0.001_e5_s43,1874,3,1.41093,31.2119,8.894418769996446e-06,0.00044472093849982225
text+audio_text_ln_lrh0.001_e5_s43,1875,3,0.76309,46.5537,8.887308922858158e-06,0.0004443654461429079
text+audio_text_ln_lrh0.001_e5_s43,1876,4,0.71495,18.4056,8.880199075719872e-06,0.00044400995378599364
text+audio_text_ln_lrh0.001_e5_s43,1877,4,0.24714,11.363,8.873089228581586e-06,0.0004436544614290793
text+audio_text_ln_lrh0.001_e5_s43,1878,4,1.23637,23.1217,8.865979381443299e-06,0.0004432989690721649
text+audio_text_ln_lrh0.001_e5_s43,1879,4,0.26288,7.6911,8.858869534305013e-06,0.00044294347671525067
text+audio_text_ln_lrh0.001_e5_s43,1880,4,0.3687,8.8006,8.851759687166727e-06,0.0004425879843583363
text+audio_text_ln_lrh0.001_e5_s43,1881,4,0.25748,12.6767,8.84464984002844e-06,0.00044223249200142195
text+audio_text_ln_lrh0.001_e5_s43,1882,4,0.85678,19.5011,8.837539992890154e-06,0.0004418769996445077
text+audio_text_ln_lrh0.001_e5_s43,1883,4,0.47593,24.3343,8.830430145751868e-06,0.00044152150728759334
text+audio_text_ln_lrh0.001_e5_s43,1884,4,0.23438,8.7758,8.82332029861358e-06,0.000441166014930679
text+audio_text_ln_lrh0.001_e5_s43,1885,4,0.30411,14.2776,8.816210451475294e-06,0.00044081052257376467
text+audio_text_ln_lrh0.001_e5_s43,1886,4,1.06199,61.5985,8.809100604337008e-06,0.00044045503021685037
text+audio_text_ln_lrh0.001_e5_s43,1887,4,0.49812,13.0872,8.80199075719872e-06,0.000440099537859936
text+audio_text_ln_lrh0.001_e5_s43,1888,4,0.54102,12.7579,8.794880910060435e-06,0.0004397440455030217
text+audio_text_ln_lrh0.001_e5_s43,1889,4,0.80519,23.1639,8.787771062922147e-06,0.0004393885531461074
text+audio_text_ln_lrh0.001_e5_s43,1890,4,0.49066,18.7551,8.780661215783861e-06,0.00043903306078919304
text+audio_text_ln_lrh0.001_e5_s43,1891,4,0.69906,26.6791,8.773551368645575e-06,0.00043867756843227873
text+audio_text_ln_lrh0.001_e5_s43,1892,4,0.70881,25.3348,8.766441521507288e-06,0.0004383220760753644
text+audio_text_ln_lrh0.001_e5_s43,1893,4,0.72638,17.9751,8.759331674369002e-06,0.00043796658371845007
text+audio_text_ln_lrh0.001_e5_s43,1894,4,0.53709,23.3109,8.752221827230716e-06,0.00043761109136153576
text+audio_text_ln_lrh0.001_e5_s43,1895,4,1.01454,28.8911,8.745111980092428e-06,0.0004372555990046214
text+audio_text_ln_lrh0.001_e5_s43,1896,4,0.7109,19.034,8.738002132954143e-06,0.0004369001066477071
text+audio_text_ln_lrh0.001_e5_s43,1897,4,0.67511,25.8109,8.730892285815855e-06,0.00043654461429079274
text+audio_text_ln_lrh0.001_e5_s43,1898,4,0.79847,30.5739,8.723782438677569e-06,0.00043618912193387843
text+audio_text_ln_lrh0.001_e5_s43,1899,4,0.66112,18.1266,8.716672591539283e-06,0.0004358336295769641
text+audio_text_ln_lrh0.001_e5_s43,1900,4,0.60471,21.6675,8.709562744400996e-06,0.00043547813722004977
text+audio_text_ln_lrh0.001_e5_s43,1901,4,0.65177,21.9189,8.70245289726271e-06,0.00043512264486313546
text+audio_text_ln_lrh0.001_e5_s43,1902,4,0.36408,21.7142,8.695343050124424e-06,0.0004347671525062211
text+audio_text_ln_lrh0.001_e5_s43,1903,4,0.63567,15.1559,8.688233202986136e-06,0.0004344116601493068
text+audio_text_ln_lrh0.001_e5_s43,1904,4,0.97657,30.1635,8.68112335584785e-06,0.0004340561677923925
text+audio_text_ln_lrh0.001_e5_s43,1905,4,0.40828,21.2345,8.674013508709563e-06,0.00043370067543547814
text+audio_text_ln_lrh0.001_e5_s43,1906,4,0.83554,32.0542,8.666903661571277e-06,0.0004333451830785638
text+audio_text_ln_lrh0.001_e5_s43,1907,4,0.79696,31.8615,8.65979381443299e-06,0.0004329896907216495
text+audio_text_ln_lrh0.001_e5_s43,1908,4,1.37392,37.1785,8.652683967294703e-06,0.00043263419836473517
text+audio_text_ln_lrh0.001_e5_s43,1909,4,0.88329,23.9865,8.645574120156417e-06,0.0004322787060078208
text+audio_text_ln_lrh0.001_e5_s43,1910,4,0.49497,14.0928,8.638464273018131e-06,0.00043192321365090656
text+audio_text_ln_lrh0.001_e5_s43,1911,4,0.65686,19.0977,8.631354425879844e-06,0.0004315677212939922
text+audio_text_ln_lrh0.001_e5_s43,1912,4,0.81073,21.88,8.624244578741558e-06,0.00043121222893707784
text+audio_text_ln_lrh0.001_e5_s43,1913,4,0.65386,16.7889,8.617134731603272e-06,0.00043085673658016353
text+audio_text_ln_lrh0.001_e5_s43,1914,4,1.15558,23.5152,8.610024884464984e-06,0.0004305012442232492
text+audio_text_ln_lrh0.001_e5_s43,1915,4,0.73121,20.1917,8.602915037326699e-06,0.00043014575186633487
text+audio_text_ln_lrh0.001_e5_s43,1916,4,0.70441,24.6518,8.595805190188413e-06,0.00042979025950942056
text+audio_text_ln_lrh0.001_e5_s43,1917,4,0.97741,30.7924,8.588695343050125e-06,0.00042943476715250626
text+audio_text_ln_lrh0.001_e5_s43,1918,4,1.14489,27.0268,8.58158549591184e-06,0.0004290792747955919
text+audio_text_ln_lrh0.001_e5_s43,1919,4,0.61853,20.1138,8.574475648773553e-06,0.0004287237824386776
text+audio_text_ln_lrh0.001_e5_s43,1920,4,1.31444,35.7787,8.567365801635266e-06,0.00042836829008176323
text+audio_text_ln_lrh0.001_e5_s43,1921,4,0.62623,18.0496,8.560255954496978e-06,0.0004280127977248489
text+audio_text_ln_lrh0.001_e5_s43,1922,4,0.28366,24.4451,8.553146107358692e-06,0.0004276573053679346
text+audio_text_ln_lrh0.001_e5_s43,1923,4,0.5826,21.7906,8.546036260220406e-06,0.00042730181301102026
text+audio_text_ln_lrh0.001_e5_s43,1924,4,0.20229,12.3224,8.538926413082119e-06,0.00042694632065410596
text+audio_text_ln_lrh0.001_e5_s43,1925,4,0.44766,25.0514,8.531816565943833e-06,0.00042659082829719165
text+audio_text_ln_lrh0.001_e5_s43,1926,4,0.6612,16.415,8.524706718805547e-06,0.0004262353359402773
text+audio_text_ln_lrh0.001_e5_s43,1927,4,1.24137,31.2763,8.51759687166726e-06,0.00042587984358336293
text+audio_text_ln_lrh0.001_e5_s43,1928,4,0.68073,17.8036,8.510487024528973e-06,0.00042552435122644863
text+audio_text_ln_lrh0.001_e5_s43,1929,4,0.89565,42.1304,8.503377177390687e-06,0.0004251688588695343
text+audio_text_ln_lrh0.001_e5_s43,1930,4,1.33659,40.2402,8.4962673302524e-06,0.00042481336651261996
text+audio_text_ln_lrh0.001_e5_s43,1931,4,0.86046,25.8789,8.489157483114114e-06,0.00042445787415570566
text+audio_text_ln_lrh0.001_e5_s43,1932,4,0.99676,26.1908,8.482047635975828e-06,0.00042410238179879135
text+audio_text_ln_lrh0.001_e5_s43,1933,4,0.9644,28.1063,8.47493778883754e-06,0.000423746889441877
text+audio_text_ln_lrh0.001_e5_s43,1934,4,0.52256,21.4608,8.467827941699253e-06,0.00042339139708496263
text+audio_text_ln_lrh0.001_e5_s43,1935,4,0.57254,16.478,8.460718094560969e-06,0.0004230359047280484
text+audio_text_ln_lrh0.001_e5_s43,1936,4,0.38117,15.1515,8.453608247422681e-06,0.000422680412371134
text+audio_text_ln_lrh0.001_e5_s43,1937,4,0.9944,19.038,8.446498400284393e-06,0.00042232492001421966
text+audio_text_ln_lrh0.001_e5_s43,1938,4,0.67353,18.0493,8.439388553146108e-06,0.0004219694276573054
text+audio_text_ln_lrh0.001_e5_s43,1939,4,0.84146,36.4583,8.432278706007822e-06,0.00042161393530039105
text+audio_text_ln_lrh0.001_e5_s43,1940,4,0.59466,15.9449,8.425168858869534e-06,0.0004212584429434767
text+audio_text_ln_lrh0.001_e5_s43,1941,4,0.85616,23.6006,8.418059011731248e-06,0.0004209029505865624
text+audio_text_ln_lrh0.001_e5_s43,1942,4,0.96389,23.3934,8.410949164592962e-06,0.0004205474582296481
text+audio_text_ln_lrh0.001_e5_s43,1943,4,1.00238,26.9337,8.403839317454675e-06,0.0004201919658727337
text+audio_text_ln_lrh0.001_e5_s43,1944,4,0.37362,24.7691,8.396729470316389e-06,0.0004198364735158194
text+audio_text_ln_lrh0.001_e5_s43,1945,4,0.32009,15.5589,8.389619623178103e-06,0.0004194809811589051
text+audio_text_ln_lrh0.001_e5_s43,1946,4,0.69647,22.7751,8.382509776039815e-06,0.00041912548880199076
text+audio_text_ln_lrh0.001_e5_s43,1947,4,1.18671,31.1948,8.37539992890153e-06,0.00041876999644507645
text+audio_text_ln_lrh0.001_e5_s43,1948,4,0.46415,25.5914,8.368290081763244e-06,0.00041841450408816214
text+audio_text_ln_lrh0.001_e5_s43,1949,4,0.93608,33.1803,8.361180234624956e-06,0.0004180590117312478
text+audio_text_ln_lrh0.001_e5_s43,1950,4,0.4729,21.8271,8.35407038748667e-06,0.0004177035193743335
text+audio_text_ln_lrh0.001_e5_s43,1951,4,0.83674,17.9456,8.346960540348384e-06,0.0004173480270174191
text+audio_text_ln_lrh0.001_e5_s43,1952,4,0.61298,13.3395,8.339850693210097e-06,0.0004169925346605048
text+audio_text_ln_lrh0.001_e5_s43,1953,4,0.4528,17.4588,8.33274084607181e-06,0.0004166370423035905
text+audio_text_ln_lrh0.001_e5_s43,1954,4,1.04594,35.6637,8.325630998933523e-06,0.00041628154994667615
text+audio_text_ln_lrh0.001_e5_s43,1955,4,0.9406,32.4532,8.318521151795237e-06,0.00041592605758976185
text+audio_text_ln_lrh0.001_e5_s43,1956,4,0.81159,21.4514,8.31141130465695e-06,0.0004155705652328475
text+audio_text_ln_lrh0.001_e5_s43,1957,4,0.6069,19.3087,8.304301457518664e-06,0.0004152150728759332
text+audio_text_ln_lrh0.001_e5_s43,1958,4,0.59044,20.4367,8.297191610380378e-06,0.0004148595805190188
text+audio_text_ln_lrh0.001_e5_s43,1959,4,0.84388,18.9476,8.29008176324209e-06,0.0004145040881621045
text+audio_text_ln_lrh0.001_e5_s43,1960,4,0.44664,16.2177,8.282971916103804e-06,0.0004141485958051902
text+audio_text_ln_lrh0.001_e5_s43,1961,4,0.44819,14.5324,8.275862068965518e-06,0.00041379310344827585
text+audio_text_ln_lrh0.001_e5_s43,1962,4,0.67729,16.3191,8.26875222182723e-06,0.00041343761109136155
text+audio_text_ln_lrh0.001_e5_s43,1963,4,0.50252,23.2043,8.261642374688945e-06,0.00041308211873444724
text+audio_text_ln_lrh0.001_e5_s43,1964,4,0.6982,23.2331,8.254532527550659e-06,0.0004127266263775329
text+audio_text_ln_lrh0.001_e5_s43,1965,4,0.23008,13.5661,8.247422680412371e-06,0.0004123711340206185
text+audio_text_ln_lrh0.001_e5_s43,1966,4,0.2059,17.3802,8.240312833274085e-06,0.00041201564166370427
text+audio_text_ln_lrh0.001_e5_s43,1967,4,0.77848,28.09,8.2332029861358e-06,0.0004116601493067899
text+audio_text_ln_lrh0.001_e5_s43,1968,4,1.04656,14.4575,8.226093138997512e-06,0.00041130465694987555
text+audio_text_ln_lrh0.001_e5_s43,1969,4,0.43765,16.1365,8.218983291859226e-06,0.0004109491645929613
text+audio_text_ln_lrh0.001_e5_s43,1970,4,1.26943,33.2754,8.211873444720938e-06,0.00041059367223604694
text+audio_text_ln_lrh0.001_e5_s43,1971,4,0.26197,14.5494,8.204763597582653e-06,0.0004102381798791326
text+audio_text_ln_lrh0.001_e5_s43,1972,4,1.65856,42.74,8.197653750444367e-06,0.0004098826875222183
text+audio_text_ln_lrh0.001_e5_s43,1973,4,0.59592,21.1684,8.190543903306079e-06,0.00040952719516530397
text+audio_text_ln_lrh0.001_e5_s43,1974,4,1.29629,28.3676,8.183434056167793e-06,0.0004091717028083896
text+audio_text_ln_lrh0.001_e5_s43,1975,4,0.47911,25.2625,8.176324209029507e-06,0.0004088162104514753
text+audio_text_ln_lrh0.001_e5_s43,1976,4,0.21797,12.5521,8.16921436189122e-06,0.000408460718094561
text+audio_text_ln_lrh0.001_e5_s43,1977,4,0.46717,18.9108,8.162104514752934e-06,0.00040810522573764664
text+audio_text_ln_lrh0.001_e5_s43,1978,4,0.40542,25.5689,8.154994667614648e-06,0.00040774973338073234
text+audio_text_ln_lrh0.001_e5_s43,1979,4,0.40599,20.2181,8.14788482047636e-06,0.000407394241023818
text+audio_text_ln_lrh0.001_e5_s43,1980,4,0.50413,20.0472,8.140774973338074e-06,0.0004070387486669037
text+audio_text_ln_lrh0.001_e5_s43,1981,4,0.76038,19.9637,8.133665126199788e-06,0.00040668325630998937
text+audio_text_ln_lrh0.001_e5_s43,1982,4,0.80716,26.5327,8.126555279061501e-06,0.000406327763953075
text+audio_text_ln_lrh0.001_e5_s43,1983,4,1.06151,23.13,8.119445431923213e-06,0.0004059722715961607
text+audio_text_ln_lrh0.001_e5_s43,1984,4,0.34342,15.3624,8.112335584784929e-06,0.0004056167792392464
text+audio_text_ln_lrh0.001_e5_s43,1985,4,0.72693,19.6687,8.105225737646641e-06,0.00040526128688233204
text+audio_text_ln_lrh0.001_e5_s43,1986,4,0.45432,34.8351,8.098115890508354e-06,0.0004049057945254177
text+audio_text_ln_lrh0.001_e5_s43,1987,4,0.73277,22.0771,8.091006043370068e-06,0.0004045503021685034
text+audio_text_ln_lrh0.001_e5_s43,1988,4,0.70817,15.2434,8.083896196231782e-06,0.00040419480981158907
text+audio_text_ln_lrh0.001_e5_s43,1989,4,0.89366,28.3451,8.076786349093494e-06,0.0004038393174546747
text+audio_text_ln_lrh0.001_e5_s43,1990,4,0.1465,11.4292,8.069676501955209e-06,0.0004034838250977604
text+audio_text_ln_lrh0.001_e5_s43,1991,4,1.21417,56.4098,8.062566654816923e-06,0.0004031283327408461
text+audio_text_ln_lrh0.001_e5_s43,1992,4,0.97461,34.1903,8.055456807678635e-06,0.00040277284038393174
text+audio_text_ln_lrh0.001_e5_s43,1993,4,0.88772,31.6597,8.04834696054035e-06,0.0004024173480270174
text+audio_text_ln_lrh0.001_e5_s43,1994,4,0.64335,26.3723,8.041237113402063e-06,0.00040206185567010313
text+audio_text_ln_lrh0.001_e5_s43,1995,4,1.10153,24.8027,8.034127266263776e-06,0.00040170636331318877
text+audio_text_ln_lrh0.001_e5_s43,1996,4,0.18041,10.0824,8.02701741912549e-06,0.0004013508709562744
text+audio_text_ln_lrh0.001_e5_s43,1997,4,0.88444,21.9021,8.019907571987204e-06,0.00040099537859936016
text+audio_text_ln_lrh0.001_e5_s43,1998,4,1.19979,33.2771,8.012797724848916e-06,0.0004006398862424458
text+audio_text_ln_lrh0.001_e5_s43,1999,4,0.742,19.0937,8.005687877710629e-06,0.00040028439388553144
text+audio_text_ln_lrh0.001_e5_s43,2000,4,0.33778,13.1914,7.998578030572344e-06,0.00039992890152861714
text+audio_text_ln_lrh0.001_e5_s43,2001,4,0.93639,29.4362,7.991468183434057e-06,0.00039957340917170283
text+audio_text_ln_lrh0.001_e5_s43,2002,4,0.62871,15.7509,7.98435833629577e-06,0.00039921791681478847
text+audio_text_ln_lrh0.001_e5_s43,2003,4,0.73992,25.1689,7.977248489157483e-06,0.00039886242445787417
text+audio_text_ln_lrh0.001_e5_s43,2004,4,0.55345,13.9491,7.970138642019198e-06,0.00039850693210095986
text+audio_text_ln_lrh0.001_e5_s43,2005,4,0.58215,20.097,7.96302879488091e-06,0.0003981514397440455
text+audio_text_ln_lrh0.001_e5_s43,2006,4,1.21318,24.5766,7.955918947742624e-06,0.0003977959473871312
text+audio_text_ln_lrh0.001_e5_s43,2007,4,0.56939,18.8095,7.948809100604338e-06,0.00039744045503021684
text+audio_text_ln_lrh0.001_e5_s43,2008,4,0.23536,11.8788,7.94169925346605e-06,0.00039708496267330253
text+audio_text_ln_lrh0.001_e5_s43,2009,4,0.34565,14.2211,7.934589406327765e-06,0.00039672947031638823
text+audio_text_ln_lrh0.001_e5_s43,2010,4,0.43332,20.2193,7.927479559189479e-06,0.00039637397795947387
text+audio_text_ln_lrh0.001_e5_s43,2011,4,0.34755,12.592,7.920369712051191e-06,0.00039601848560255956
text+audio_text_ln_lrh0.001_e5_s43,2012,4,0.39407,20.6792,7.913259864912905e-06,0.00039566299324564526
text+audio_text_ln_lrh0.001_e5_s43,2013,4,0.93488,39.3032,7.90615001777462e-06,0.0003953075008887309
text+audio_text_ln_lrh0.001_e5_s43,2014,4,0.80381,28.6543,7.899040170636332e-06,0.00039495200853181654
text+audio_text_ln_lrh0.001_e5_s43,2015,4,0.59756,14.5131,7.891930323498044e-06,0.00039459651617490223
text+audio_text_ln_lrh0.001_e5_s43,2016,4,0.49148,23.5285,7.88482047635976e-06,0.00039424102381798793
text+audio_text_ln_lrh0.001_e5_s43,2017,4,0.88104,27.4158,7.877710629221472e-06,0.00039388553146107357
text+audio_text_ln_lrh0.001_e5_s43,2018,4,0.67871,20.4454,7.870600782083185e-06,0.00039353003910415926
text+audio_text_ln_lrh0.001_e5_s43,2019,4,0.70878,26.1816,7.863490934944899e-06,0.00039317454674724496
text+audio_text_ln_lrh0.001_e5_s43,2020,4,0.82566,19.8711,7.856381087806613e-06,0.0003928190543903306
text+audio_text_ln_lrh0.001_e5_s43,2021,4,0.50241,13.345,7.849271240668325e-06,0.00039246356203341624
text+audio_text_ln_lrh0.001_e5_s43,2022,4,0.69181,28.9072,7.84216139353004e-06,0.000392108069676502
text+audio_text_ln_lrh0.001_e5_s43,2023,4,0.96508,36.8008,7.835051546391754e-06,0.00039175257731958763
text+audio_text_ln_lrh0.001_e5_s43,2024,4,0.57167,24.8085,7.827941699253466e-06,0.00039139708496267327
text+audio_text_ln_lrh0.001_e5_s43,2025,4,0.63867,22.0505,7.82083185211518e-06,0.000391041592605759
text+audio_text_ln_lrh0.001_e5_s43,2026,4,0.39841,14.7293,7.813722004976894e-06,0.00039068610024884466
text+audio_text_ln_lrh0.001_e5_s43,2027,4,0.37558,21.7165,7.806612157838607e-06,0.0003903306078919303
text+audio_text_ln_lrh0.001_e5_s43,2028,4,0.36934,14.9602,7.79950231070032e-06,0.00038997511553501605
text+audio_text_ln_lrh0.001_e5_s43,2029,4,0.8254,26.3161,7.792392463562035e-06,0.0003896196231781017
text+audio_text_ln_lrh0.001_e5_s43,2030,4,0.48904,17.691,7.785282616423747e-06,0.00038926413082118733
text+audio_text_ln_lrh0.001_e5_s43,2031,4,1.27645,27.9524,7.778172769285461e-06,0.000388908638464273
text+audio_text_ln_lrh0.001_e5_s43,2032,4,0.63671,24.541,7.771062922147175e-06,0.0003885531461073587
text+audio_text_ln_lrh0.001_e5_s43,2033,4,0.57633,38.7042,7.763953075008888e-06,0.00038819765375044436
text+audio_text_ln_lrh0.001_e5_s43,2034,4,0.66377,19.4355,7.756843227870602e-06,0.00038784216139353006
text+audio_text_ln_lrh0.001_e5_s43,2035,4,0.41431,18.7809,7.749733380732314e-06,0.00038748666903661575
text+audio_text_ln_lrh0.001_e5_s43,2036,4,1.02668,26.2599,7.742623533594028e-06,0.0003871311766797014
text+audio_text_ln_lrh0.001_e5_s43,2037,4,1.01625,30.9557,7.735513686455742e-06,0.0003867756843227871
text+audio_text_ln_lrh0.001_e5_s43,2038,4,0.55509,17.211,7.728403839317455e-06,0.0003864201919658727
text+audio_text_ln_lrh0.001_e5_s43,2039,4,0.78418,25.0691,7.721293992179169e-06,0.0003860646996089584
text+audio_text_ln_lrh0.001_e5_s43,2040,4,0.70525,34.5783,7.714184145040883e-06,0.0003857092072520441
text+audio_text_ln_lrh0.001_e5_s43,2041,4,0.36801,13.098,7.707074297902595e-06,0.00038535371489512976
text+audio_text_ln_lrh0.001_e5_s43,2042,4,0.71314,26.0664,7.69996445076431e-06,0.00038499822253821545
text+audio_text_ln_lrh0.001_e5_s43,2043,4,0.33253,19.9151,7.692854603626024e-06,0.00038464273018130115
text+audio_text_ln_lrh0.001_e5_s43,2044,4,0.54259,58.8461,7.685744756487736e-06,0.0003842872378243868
text+audio_text_ln_lrh0.001_e5_s43,2045,4,0.40396,17.2903,7.67863490934945e-06,0.00038393174546747243
text+audio_text_ln_lrh0.001_e5_s43,2046,4,0.59896,45.9997,7.671525062211163e-06,0.0003835762531105581
text+audio_text_ln_lrh0.001_e5_s43,2047,4,0.48246,19.1869,7.664415215072877e-06,0.0003832207607536438
text+audio_text_ln_lrh0.001_e5_s43,2048,4,0.3662,21.2167,7.657305367934589e-06,0.00038286526839672946
text+audio_text_ln_lrh0.001_e5_s43,2049,4,0.78395,27.7543,7.650195520796303e-06,0.00038250977603981515
text+audio_text_ln_lrh0.001_e5_s43,2050,4,0.38659,25.878,7.643085673658017e-06,0.00038215428368290085
text+audio_text_ln_lrh0.001_e5_s43,2051,4,0.84846,23.3718,7.63597582651973e-06,0.0003817987913259865
text+audio_text_ln_lrh0.001_e5_s43,2052,4,0.97819,36.6257,7.628865979381444e-06,0.00038144329896907213
text+audio_text_ln_lrh0.001_e5_s43,2053,4,0.54898,18.1547,7.621756132243158e-06,0.0003810878066121579
text+audio_text_ln_lrh0.001_e5_s43,2054,4,0.59142,16.1491,7.614646285104871e-06,0.0003807323142552435
text+audio_text_ln_lrh0.001_e5_s43,2055,4,0.53692,21.7115,7.6075364379665835e-06,0.00038037682189832916
text+audio_text_ln_lrh0.001_e5_s43,2056,4,0.42317,15.9383,7.6004265908282985e-06,0.0003800213295414149
text+audio_text_ln_lrh0.001_e5_s43,2057,4,0.683,26.5809,7.593316743690011e-06,0.00037966583718450055
text+audio_text_ln_lrh0.001_e5_s43,2058,4,0.48597,23.9074,7.586206896551724e-06,0.0003793103448275862
text+audio_text_ln_lrh0.001_e5_s43,2059,4,0.43627,13.0365,7.579097049413438e-06,0.0003789548524706719
text+audio_text_ln_lrh0.001_e5_s43,2060,4,0.80851,28.7783,7.5719872022751515e-06,0.0003785993601137576
text+audio_text_ln_lrh0.001_e5_s43,2061,4,0.30605,9.7097,7.564877355136865e-06,0.0003782438677568432
text+audio_text_ln_lrh0.001_e5_s43,2062,4,0.48914,22.2205,7.557767507998579e-06,0.0003778883753999289
text+audio_text_ln_lrh0.001_e5_s43,2063,4,1.12005,34.3468,7.550657660860292e-06,0.0003775328830430146
text+audio_text_ln_lrh0.001_e5_s43,2064,4,0.41595,16.2206,7.543547813722005e-06,0.00037717739068610025
text+audio_text_ln_lrh0.001_e5_s43,2065,4,0.98812,32.0653,7.5364379665837195e-06,0.00037682189832918594
text+audio_text_ln_lrh0.001_e5_s43,2066,4,1.22902,38.0516,7.529328119445433e-06,0.0003764664059722716
text+audio_text_ln_lrh0.001_e5_s43,2067,4,0.78834,27.3984,7.522218272307146e-06,0.0003761109136153573
text+audio_text_ln_lrh0.001_e5_s43,2068,4,0.78901,30.4179,7.51510842516886e-06,0.000375755421258443
text+audio_text_ln_lrh0.001_e5_s43,2069,4,0.97076,37.3259,7.507998578030573e-06,0.0003753999289015286
text+audio_text_ln_lrh0.001_e5_s43,2070,4,0.35855,16.131,7.5008887308922866e-06,0.0003750444365446143
text+audio_text_ln_lrh0.001_e5_s43,2071,4,1.21737,24.5708,7.493778883754001e-06,0.0003746889441877
text+audio_text_ln_lrh0.001_e5_s43,2072,4,0.32906,18.9698,7.486669036615714e-06,0.00037433345183078564
text+audio_text_ln_lrh0.001_e5_s43,2073,4,0.3778,14.5416,7.479559189477426e-06,0.0003739779594738713
text+audio_text_ln_lrh0.001_e5_s43,2074,4,0.60369,34.1369,7.4724493423391396e-06,0.000373622467116957
text+audio_text_ln_lrh0.001_e5_s43,2075,4,1.23721,32.764,7.465339495200854e-06,0.0003732669747600427
text+audio_text_ln_lrh0.001_e5_s43,2076,4,0.47613,25.739,7.458229648062567e-06,0.0003729114824031283
text+audio_text_ln_lrh0.001_e5_s43,2077,4,0.58238,28.1783,7.45111980092428e-06,0.000372555990046214
text+audio_text_ln_lrh0.001_e5_s43,2078,4,1.25774,32.5168,7.444009953785994e-06,0.0003722004976892997
text+audio_text_ln_lrh0.001_e5_s43,2079,4,0.5433,18.5053,7.4369001066477075e-06,0.00037184500533238535
text+audio_text_ln_lrh0.001_e5_s43,2080,4,0.6874,27.0645,7.429790259509421e-06,0.000371489512975471
text+audio_text_ln_lrh0.001_e5_s43,2081,4,0.24563,13.6974,7.422680412371135e-06,0.00037113402061855674
text+audio_text_ln_lrh0.001_e5_s43,2082,4,0.4812,31.0734,7.415570565232848e-06,0.0003707785282616424
text+audio_text_ln_lrh0.001_e5_s43,2083,4,0.18372,8.5835,7.408460718094561e-06,0.000370423035904728
text+audio_text_ln_lrh0.001_e5_s43,2084,4,0.71449,26.6763,7.4013508709562755e-06,0.00037006754354781377
text+audio_text_ln_lrh0.001_e5_s43,2085,4,0.35539,14.0787,7.394241023817989e-06,0.0003697120511908994
text+audio_text_ln_lrh0.001_e5_s43,2086,4,0.93769,25.6965,7.387131176679702e-06,0.00036935655883398505
text+audio_text_ln_lrh0.001_e5_s43,2087,4,0.51019,29.6013,7.380021329541416e-06,0.00036900106647707074
text+audio_text_ln_lrh0.001_e5_s43,2088,4,0.60257,27.704,7.372911482403129e-06,0.00036864557412015644
text+audio_text_ln_lrh0.001_e5_s43,2089,4,0.69042,34.9894,7.365801635264842e-06,0.0003682900817632421
text+audio_text_ln_lrh0.001_e5_s43,2090,4,0.67196,22.2922,7.358691788126556e-06,0.00036793458940632777
text+audio_text_ln_lrh0.001_e5_s43,2091,4,0.32641,15.9245,7.351581940988269e-06,0.00036757909704941347
text+audio_text_ln_lrh0.001_e5_s43,2092,4,0.57537,18.0671,7.344472093849982e-06,0.0003672236046924991
text+audio_text_ln_lrh0.001_e5_s43,2093,4,0.97231,26.1668,7.3373622467116965e-06,0.0003668681123355848
text+audio_text_ln_lrh0.001_e5_s43,2094,4,0.86639,34.8992,7.33025239957341e-06,0.00036651261997867044
text+audio_text_ln_lrh0.001_e5_s43,2095,4,0.39894,22.8365,7.323142552435123e-06,0.00036615712762175614
text+audio_text_ln_lrh0.001_e5_s43,2096,4,1.43067,40.1274,7.316032705296837e-06,0.00036580163526484183
text+audio_text_ln_lrh0.001_e5_s43,2097,4,0.39099,10.7204,7.30892285815855e-06,0.0003654461429079275
text+audio_text_ln_lrh0.001_e5_s43,2098,4,1.58532,31.7903,7.3018130110202636e-06,0.00036509065055101317
text+audio_text_ln_lrh0.001_e5_s43,2099,4,0.4594,17.0781,7.294703163881978e-06,0.00036473515819409886
text+audio_text_ln_lrh0.001_e5_s43,2100,4,0.98284,30.8654,7.287593316743691e-06,0.0003643796658371845
text+audio_text_ln_lrh0.001_e5_s43,2101,4,0.22631,13.1468,7.280483469605404e-06,0.00036402417348027014
text+audio_text_ln_lrh0.001_e5_s43,2102,4,0.78219,18.9472,7.273373622467118e-06,0.0003636686811233559
text+audio_text_ln_lrh0.001_e5_s43,2103,4,0.5972,18.6789,7.2662637753288315e-06,0.00036331318876644153
text+audio_text_ln_lrh0.001_e5_s43,2104,4,0.63006,19.9591,7.259153928190544e-06,0.0003629576964095272
text+audio_text_ln_lrh0.001_e5_s43,2105,4,0.63823,21.5329,7.252044081052257e-06,0.00036260220405261287
text+audio_text_ln_lrh0.001_e5_s43,2106,4,0.30087,17.1632,7.244934233913971e-06,0.00036224671169569856
text+audio_text_ln_lrh0.001_e5_s43,2107,4,0.61561,22.0456,7.2378243867756845e-06,0.0003618912193387842
text+audio_text_ln_lrh0.001_e5_s43,2108,4,0.61826,26.9855,7.230714539637398e-06,0.0003615357269818699
text+audio_text_ln_lrh0.001_e5_s43,2109,4,0.86743,30.316,7.223604692499112e-06,0.0003611802346249556
text+audio_text_ln_lrh0.001_e5_s43,2110,4,0.60183,20.0134,7.216494845360825e-06,0.00036082474226804123
text+audio_text_ln_lrh0.001_e5_s43,2111,4,1.09734,18.5252,7.209384998222538e-06,0.0003604692499111269
text+audio_text_ln_lrh0.001_e5_s43,2112,4,0.45786,22.5164,7.2022751510842525e-06,0.0003601137575542126
text+audio_text_ln_lrh0.001_e5_s43,2113,4,0.57396,21.1705,7.195165303945966e-06,0.00035975826519729826
text+audio_text_ln_lrh0.001_e5_s43,2114,4,0.63959,21.4007,7.188055456807679e-06,0.0003594027728403839
text+audio_text_ln_lrh0.001_e5_s43,2115,4,0.52324,25.1198,7.180945609669393e-06,0.00035904728048346965
text+audio_text_ln_lrh0.001_e5_s43,2116,4,0.64552,18.336,7.173835762531106e-06,0.0003586917881265553
text+audio_text_ln_lrh0.001_e5_s43,2117,4,0.86,15.718,7.16672591539282e-06,0.00035833629576964094
text+audio_text_ln_lrh0.001_e5_s43,2118,4,0.47588,15.7928,7.159616068254534e-06,0.00035798080341272663
text+audio_text_ln_lrh0.001_e5_s43,2119,4,0.69446,25.6683,7.152506221116247e-06,0.0003576253110558123
text+audio_text_ln_lrh0.001_e5_s43,2120,4,0.4526,19.0452,7.145396373977959e-06,0.00035726981869889797
text+audio_text_ln_lrh0.001_e5_s43,2121,4,0.50584,20.065,7.138286526839674e-06,0.00035691432634198366
text+audio_text_ln_lrh0.001_e5_s43,2122,4,0.33001,17.7857,7.131176679701387e-06,0.00035655883398506936
text+audio_text_ln_lrh0.001_e5_s43,2123,4,1.02491,37.778,7.1240668325631e-06,0.000356203341628155
text+audio_text_ln_lrh0.001_e5_s43,2124,4,0.45398,33.2287,7.116956985424814e-06,0.0003558478492712407
text+audio_text_ln_lrh0.001_e5_s43,2125,4,0.98718,27.2346,7.109847138286527e-06,0.00035549235691432633
text+audio_text_ln_lrh0.001_e5_s43,2126,4,0.3815,25.5581,7.1027372911482406e-06,0.000355136864557412
text+audio_text_ln_lrh0.001_e5_s43,2127,4,1.29585,27.3713,7.095627444009955e-06,0.0003547813722004977
text+audio_text_ln_lrh0.001_e5_s43,2128,4,0.74927,25.3946,7.088517596871668e-06,0.00035442587984358336
text+audio_text_ln_lrh0.001_e5_s43,2129,4,0.94,24.9357,7.081407749733381e-06,0.00035407038748666906
text+audio_text_ln_lrh0.001_e5_s43,2130,4,0.69873,31.8691,7.074297902595095e-06,0.00035371489512975475
text+audio_text_ln_lrh0.001_e5_s43,2131,4,0.79849,28.8535,7.0671880554568085e-06,0.0003533594027728404
text+audio_text_ln_lrh0.001_e5_s43,2132,4,1.24687,32.5366,7.060078208318522e-06,0.00035300391041592603
text+audio_text_ln_lrh0.001_e5_s43,2133,4,0.9948,19.9996,7.052968361180236e-06,0.0003526484180590118
text+audio_text_ln_lrh0.001_e5_s43,2134,4,0.73371,43.7394,7.045858514041949e-06,0.0003522929257020974
text+audio_text_ln_lrh0.001_e5_s43,2135,4,1.08618,25.5066,7.038748666903662e-06,0.00035193743334518306
text+audio_text_ln_lrh0.001_e5_s43,2136,4,0.47873,26.2644,7.031638819765375e-06,0.00035158194098826876
text+audio_text_ln_lrh0.001_e5_s43,2137,4,0.86143,29.8881,7.02452897262709e-06,0.00035122644863135445
text+audio_text_ln_lrh0.001_e5_s43,2138,4,0.61795,20.1346,7.017419125488802e-06,0.0003508709562744401
text+audio_text_ln_lrh0.001_e5_s43,2139,4,1.35841,29.5114,7.010309278350515e-06,0.00035051546391752573
text+audio_text_ln_lrh0.001_e5_s43,2140,4,1.00186,37.4663,7.0031994312122295e-06,0.0003501599715606115
text+audio_text_ln_lrh0.001_e5_s43,2141,4,0.63133,19.3976,6.996089584073943e-06,0.0003498044792036971
text+audio_text_ln_lrh0.001_e5_s43,2142,4,0.57666,17.6107,6.988979736935656e-06,0.00034944898684678276
text+audio_text_ln_lrh0.001_e5_s43,2143,4,0.31717,22.5235,6.98186988979737e-06,0.0003490934944898685
text+audio_text_ln_lrh0.001_e5_s43,2144,4,0.68162,16.3057,6.974760042659083e-06,0.00034873800213295415
text+audio_text_ln_lrh0.001_e5_s43,2145,4,0.76783,24.1954,6.967650195520797e-06,0.0003483825097760398
text+audio_text_ln_lrh0.001_e5_s43,2146,4,0.74255,20.368,6.960540348382511e-06,0.0003480270174191255
text+audio_text_ln_lrh0.001_e5_s43,2147,4,0.57347,13.8932,6.953430501244224e-06,0.0003476715250622112
text+audio_text_ln_lrh0.001_e5_s43,2148,4,0.42694,29.3699,6.946320654105937e-06,0.0003473160327052968
text+audio_text_ln_lrh0.001_e5_s43,2149,4,0.36073,16.3724,6.939210806967651e-06,0.0003469605403483825
text+audio_text_ln_lrh0.001_e5_s43,2150,4,0.40532,15.8497,6.9321009598293645e-06,0.0003466050479914682
text+audio_text_ln_lrh0.001_e5_s43,2151,4,0.98527,31.15,6.924991112691078e-06,0.00034624955563455385
text+audio_text_ln_lrh0.001_e5_s43,2152,4,0.99601,30.2868,6.917881265552792e-06,0.00034589406327763955
text+audio_text_ln_lrh0.001_e5_s43,2153,4,0.5553,20.298,6.910771418414504e-06,0.0003455385709207252
text+audio_text_ln_lrh0.001_e5_s43,2154,4,1.05521,29.2948,6.9036615712762176e-06,0.0003451830785638109
text+audio_text_ln_lrh0.001_e5_s43,2155,4,0.59284,20.5073,6.896551724137932e-06,0.0003448275862068966
text+audio_text_ln_lrh0.001_e5_s43,2156,4,0.94967,24.7307,6.889441876999645e-06,0.0003444720938499822
text+audio_text_ln_lrh0.001_e5_s43,2157,4,0.45437,21.4119,6.882332029861358e-06,0.0003441166014930679
text+audio_text_ln_lrh0.001_e5_s43,2158,4,0.26737,15.0654,6.875222182723072e-06,0.0003437611091361536
text+audio_text_ln_lrh0.001_e5_s43,2159,4,0.42217,26.7786,6.8681123355847855e-06,0.00034340561677923925
text+audio_text_ln_lrh0.001_e5_s43,2160,4,0.80999,19.3748,6.861002488446499e-06,0.0003430501244223249
text+audio_text_ln_lrh0.001_e5_s43,2161,4,0.74442,24.8953,6.853892641308213e-06,0.00034269463206541064
text+audio_text_ln_lrh0.001_e5_s43,2162,4,0.35527,20.2693,6.846782794169926e-06,0.0003423391397084963
text+audio_text_ln_lrh0.001_e5_s43,2163,4,0.57973,21.9351,6.839672947031639e-06,0.0003419836473515819
text+audio_text_ln_lrh0.001_e5_s43,2164,4,0.5144,32.3997,6.832563099893353e-06,0.0003416281549946676
text+audio_text_ln_lrh0.001_e5_s43,2165,4,0.96923,42.3801,6.825453252755067e-06,0.0003412726626377533
text+audio_text_ln_lrh0.001_e5_s43,2166,4,0.50742,29.7628,6.81834340561678e-06,0.00034091717028083895
text+audio_text_ln_lrh0.001_e5_s43,2167,4,0.69547,21.6502,6.811233558478492e-06,0.0003405616779239246
text+audio_text_ln_lrh0.001_e5_s43,2168,4,0.57567,21.5431,6.804123711340207e-06,0.00034020618556701034
text+audio_text_ln_lrh0.001_e5_s43,2169,4,0.90705,26.2304,6.79701386420192e-06,0.000339850693210096
text+audio_text_ln_lrh0.001_e5_s43,2170,4,0.75253,14.2332,6.789904017063633e-06,0.0003394952008531816
text+audio_text_ln_lrh0.001_e5_s43,2171,4,0.68831,27.7799,6.782794169925347e-06,0.00033913970849626737
text+audio_text_ln_lrh0.001_e5_s43,2172,4,0.56061,23.29,6.77568432278706e-06,0.000338784216139353
text+audio_text_ln_lrh0.001_e5_s43,2173,4,0.95714,26.3083,6.768574475648774e-06,0.00033842872378243865
text+audio_text_ln_lrh0.001_e5_s43,2174,4,0.86868,26.3826,6.761464628510488e-06,0.0003380732314255244
text+audio_text_ln_lrh0.001_e5_s43,2175,4,0.6015,28.7313,6.754354781372201e-06,0.00033771773906861004
text+audio_text_ln_lrh0.001_e5_s43,2176,4,0.43899,26.2482,6.747244934233914e-06,0.0003373622467116957
text+audio_text_ln_lrh0.001_e5_s43,2177,4,0.84095,38.7245,6.740135087095628e-06,0.0003370067543547814
text+audio_text_ln_lrh0.001_e5_s43,2178,4,0.52535,32.3112,6.7330252399573415e-06,0.00033665126199786707
text+audio_text_ln_lrh0.001_e5_s43,2179,4,0.91323,22.2264,6.725915392819055e-06,0.0003362957696409527
text+audio_text_ln_lrh0.001_e5_s43,2180,4,0.52381,12.5996,6.718805545680769e-06,0.0003359402772840384
text+audio_text_ln_lrh0.001_e5_s43,2181,4,0.43562,26.7766,6.711695698542482e-06,0.0003355847849271241
text+audio_text_ln_lrh0.001_e5_s43,2182,4,0.81427,28.0943,6.704585851404195e-06,0.00033522929257020974
text+audio_text_ln_lrh0.001_e5_s43,2183,4,0.66666,32.4236,6.6974760042659095e-06,0.00033487380021329544
text+audio_text_ln_lrh0.001_e5_s43,2184,4,1.02358,22.2098,6.690366157127623e-06,0.0003345183078563811
text+audio_text_ln_lrh0.001_e5_s43,2185,4,0.43309,17.1033,6.683256309989335e-06,0.0003341628154994668
text+audio_text_ln_lrh0.001_e5_s43,2186,4,0.63488,22.0018,6.67614646285105e-06,0.00033380732314255247
text+audio_text_ln_lrh0.001_e5_s43,2187,4,0.43596,28.6876,6.6690366157127625e-06,0.0003334518307856381
text+audio_text_ln_lrh0.001_e5_s43,2188,4,0.56566,18.2035,6.661926768574476e-06,0.0003330963384287238
text+audio_text_ln_lrh0.001_e5_s43,2189,4,0.75005,17.8915,6.65481692143619e-06,0.0003327408460718095
text+audio_text_ln_lrh0.001_e5_s43,2190,4,0.90101,27.574,6.647707074297903e-06,0.00033238535371489514
text+audio_text_ln_lrh0.001_e5_s43,2191,4,0.52413,19.2649,6.640597227159616e-06,0.0003320298613579808
text+audio_text_ln_lrh0.001_e5_s43,2192,4,0.43551,18.5946,6.6334873800213305e-06,0.00033167436900106653
text+audio_text_ln_lrh0.001_e5_s43,2193,4,0.74601,22.5272,6.626377532883044e-06,0.00033131887664415217
text+audio_text_ln_lrh0.001_e5_s43,2194,4,0.86137,34.2766,6.619267685744757e-06,0.0003309633842872378
text+audio_text_ln_lrh0.001_e5_s43,2195,4,0.29473,18.3483,6.61215783860647e-06,0.0003306078919303235
text+audio_text_ln_lrh0.001_e5_s43,2196,4,0.75036,15.8777,6.605047991468184e-06,0.0003302523995734092
text+audio_text_ln_lrh0.001_e5_s43,2197,4,0.38759,20.1022,6.597938144329898e-06,0.00032989690721649484
text+audio_text_ln_lrh0.001_e5_s43,2198,4,0.50573,22.2666,6.590828297191611e-06,0.0003295414148595805
text+audio_text_ln_lrh0.001_e5_s43,2199,4,0.32437,17.7299,6.583718450053325e-06,0.00032918592250266623
text+audio_text_ln_lrh0.001_e5_s43,2200,4,0.35775,13.4388,6.576608602915038e-06,0.00032883043014575187
text+audio_text_ln_lrh0.001_e5_s43,2201,4,1.0559,22.7595,6.569498755776751e-06,0.0003284749377888375
text+audio_text_ln_lrh0.001_e5_s43,2202,4,0.73472,21.9532,6.5623889086384655e-06,0.00032811944543192326
text+audio_text_ln_lrh0.001_e5_s43,2203,4,0.48453,13.9233,6.555279061500178e-06,0.0003277639530750089
text+audio_text_ln_lrh0.001_e5_s43,2204,4,0.28638,25.4678,6.548169214361891e-06,0.00032740846071809454
text+audio_text_ln_lrh0.001_e5_s43,2205,4,0.51403,18.2711,6.541059367223605e-06,0.00032705296836118024
text+audio_text_ln_lrh0.001_e5_s43,2206,4,0.63358,19.8834,6.5339495200853185e-06,0.00032669747600426593
text+audio_text_ln_lrh0.001_e5_s43,2207,4,0.65144,17.2392,6.526839672947032e-06,0.00032634198364735157
text+audio_text_ln_lrh0.001_e5_s43,2208,4,0.59222,19.2803,6.519729825808746e-06,0.00032598649129043727
text+audio_text_ln_lrh0.001_e5_s43,2209,4,0.96539,29.8063,6.512619978670459e-06,0.00032563099893352296
text+audio_text_ln_lrh0.001_e5_s43,2210,4,0.70986,27.1377,6.505510131532172e-06,0.0003252755065766086
text+audio_text_ln_lrh0.001_e5_s43,2211,4,0.40187,20.1564,6.4984002843938865e-06,0.0003249200142196943
text+audio_text_ln_lrh0.001_e5_s43,2212,4,0.63702,22.7491,6.4912904372556e-06,0.00032456452186277994
text+audio_text_ln_lrh0.001_e5_s43,2213,4,0.25702,13.5591,6.484180590117313e-06,0.00032420902950586563
text+audio_text_ln_lrh0.001_e5_s43,2214,4,0.40633,22.9368,6.477070742979027e-06,0.0003238535371489513
text+audio_text_ln_lrh0.001_e5_s43,2215,4,1.0355,37.4063,6.46996089584074e-06,0.00032349804479203697
text+audio_text_ln_lrh0.001_e5_s43,2216,4,1.15622,34.4212,6.462851048702453e-06,0.00032314255243512266
text+audio_text_ln_lrh0.001_e5_s43,2217,4,0.46727,12.4045,6.455741201564168e-06,0.00032278706007820836
text+audio_text_ln_lrh0.001_e5_s43,2218,4,1.02115,44.9386,6.44863135442588e-06,0.000322431567721294
text+audio_text_ln_lrh0.001_e5_s43,2219,4,0.53753,27.55,6.441521507287593e-06,0.00032207607536437964
text+audio_text_ln_lrh0.001_e5_s43,2220,4,0.59678,15.7443,6.4344116601493075e-06,0.0003217205830074654
text+audio_text_ln_lrh0.001_e5_s43,2221,4,0.51479,22.6321,6.427301813011021e-06,0.00032136509065055103
text+audio_text_ln_lrh0.001_e5_s43,2222,4,0.48374,31.1141,6.420191965872734e-06,0.00032100959829363667
text+audio_text_ln_lrh0.001_e5_s43,2223,4,0.76186,28.2933,6.413082118734447e-06,0.00032065410593672236
text+audio_text_ln_lrh0.001_e5_s43,2224,4,0.53937,21.4496,6.405972271596161e-06,0.00032029861357980806
text+audio_text_ln_lrh0.001_e5_s43,2225,4,1.2159,29.6589,6.3988624244578746e-06,0.0003199431212228937
text+audio_text_ln_lrh0.001_e5_s43,2226,4,0.61693,22.8492,6.391752577319588e-06,0.00031958762886597934
text+audio_text_ln_lrh0.001_e5_s43,2227,4,0.77144,32.3962,6.384642730181302e-06,0.0003192321365090651
text+audio_text_ln_lrh0.001_e5_s43,2228,4,0.45586,30.4273,6.377532883043015e-06,0.00031887664415215073
text+audio_text_ln_lrh0.001_e5_s43,2229,4,0.84365,24.5365,6.3704230359047284e-06,0.00031852115179523637
text+audio_text_ln_lrh0.001_e5_s43,2230,4,0.35871,15.8497,6.3633131887664425e-06,0.0003181656594383221
text+audio_text_ln_lrh0.001_e5_s43,2231,4,0.15149,11.5288,6.356203341628156e-06,0.00031781016708140776
text+audio_text_ln_lrh0.001_e5_s43,2232,4,0.92239,35.0758,6.349093494489868e-06,0.0003174546747244934
text+audio_text_ln_lrh0.001_e5_s43,2233,4,0.71445,31.3484,6.341983647351583e-06,0.0003170991823675791
text+audio_text_ln_lrh0.001_e5_s43,2234,4,0.62745,25.2703,6.3348738002132955e-06,0.0003167436900106648
text+audio_text_ln_lrh0.001_e5_s43,2235,4,0.80747,22.4634,6.327763953075009e-06,0.00031638819765375043
text+audio_text_ln_lrh0.001_e5_s43,2236,4,0.69171,23.4188,6.320654105936723e-06,0.0003160327052968361
text+audio_text_ln_lrh0.001_e5_s43,2237,4,0.87718,25.703,6.313544258798436e-06,0.0003156772129399218
text+audio_text_ln_lrh0.001_e5_s43,2238,4,0.27151,12.9648,6.306434411660149e-06,0.00031532172058300746
text+audio_text_ln_lrh0.001_e5_s43,2239,4,0.90383,34.8057,6.2993245645218635e-06,0.00031496622822609315
text+audio_text_ln_lrh0.001_e5_s43,2240,4,0.61474,27.8681,6.292214717383577e-06,0.0003146107358691788
text+audio_text_ln_lrh0.001_e5_s43,2241,4,0.61424,29.5743,6.28510487024529e-06,0.0003142552435122645
text+audio_text_ln_lrh0.001_e5_s43,2242,4,0.58316,21.1572,6.277995023107004e-06,0.0003138997511553502
text+audio_text_ln_lrh0.001_e5_s43,2243,4,0.55916,18.3475,6.270885175968717e-06,0.0003135442587984358
text+audio_text_ln_lrh0.001_e5_s43,2244,4,0.42298,22.1765,6.263775328830431e-06,0.0003131887664415215
text+audio_text_ln_lrh0.001_e5_s43,2245,4,0.65295,35.2725,6.256665481692145e-06,0.0003128332740846072
text+audio_text_ln_lrh0.001_e5_s43,2246,4,0.78122,30.8432,6.249555634553858e-06,0.00031247778172769286
text+audio_text_ln_lrh0.001_e5_s43,2247,4,0.91874,25.3964,6.242445787415571e-06,0.0003121222893707785
text+audio_text_ln_lrh0.001_e5_s43,2248,4,0.36076,14.4386,6.235335940277285e-06,0.00031176679701386425
text+audio_text_ln_lrh0.001_e5_s43,2249,4,0.54001,21.1349,6.2282260931389986e-06,0.0003114113046569499
text+audio_text_ln_lrh0.001_e5_s43,2250,4,0.9839,27.7073,6.221116246000711e-06,0.0003110558123000355
text+audio_text_ln_lrh0.001_e5_s43,2251,4,1.02677,27.9638,6.214006398862426e-06,0.0003107003199431213
text+audio_text_ln_lrh0.001_e5_s43,2252,4,0.51464,23.0927,6.206896551724138e-06,0.0003103448275862069
text+audio_text_ln_lrh0.001_e5_s43,2253,4,0.85059,39.2999,6.1997867045858516e-06,0.00030998933522929256
text+audio_text_ln_lrh0.001_e5_s43,2254,4,0.6513,19.4577,6.192676857447565e-06,0.0003096338428723782
text+audio_text_ln_lrh0.001_e5_s43,2255,4,0.74533,47.708,6.185567010309279e-06,0.00030927835051546395
text+audio_text_ln_lrh0.001_e5_s43,2256,4,0.43931,13.9647,6.178457163170992e-06,0.0003089228581585496
text+audio_text_ln_lrh0.001_e5_s43,2257,4,0.41702,17.3658,6.1713473160327054e-06,0.00030856736580163523
text+audio_text_ln_lrh0.001_e5_s43,2258,4,0.97537,31.1317,6.1642374688944195e-06,0.000308211873444721
text+audio_text_ln_lrh0.001_e5_s43,2259,4,0.98331,30.5948,6.157127621756133e-06,0.0003078563810878066
text+audio_text_ln_lrh0.001_e5_s43,2260,4,0.73002,25.7026,6.150017774617846e-06,0.00030750088873089226
text+audio_text_ln_lrh0.001_e5_s43,2261,4,0.62379,16.1033,6.14290792747956e-06,0.000307145396373978
text+audio_text_ln_lrh0.001_e5_s43,2262,4,0.63971,18.9161,6.135798080341273e-06,0.00030678990401706365
text+audio_text_ln_lrh0.001_e5_s43,2263,4,0.40319,16.9684,6.128688233202987e-06,0.0003064344116601493
text+audio_text_ln_lrh0.001_e5_s43,2264,4,0.80743,31.6668,6.121578386064701e-06,0.000306078919303235
text+audio_text_ln_lrh0.001_e5_s43,2265,4,0.92806,24.4306,6.114468538926413e-06,0.0003057234269463207
text+audio_text_ln_lrh0.001_e5_s43,2266,4,0.46476,14.1585,6.107358691788126e-06,0.0003053679345894063
text+audio_text_ln_lrh0.001_e5_s43,2267,4,0.77288,29.4957,6.1002488446498405e-06,0.000305012442232492
text+audio_text_ln_lrh0.001_e5_s43,2268,4,0.87879,24.87,6.093138997511554e-06,0.0003046569498755777
text+audio_text_ln_lrh0.001_e5_s43,2269,4,0.57536,15.3823,6.086029150373267e-06,0.00030430145751866335
text+audio_text_ln_lrh0.001_e5_s43,2270,4,0.50986,16.8766,6.078919303234981e-06,0.00030394596516174904
text+audio_text_ln_lrh0.001_e5_s43,2271,4,0.56666,18.0558,6.071809456096694e-06,0.0003035904728048347
text+audio_text_ln_lrh0.001_e5_s43,2272,4,0.75784,20.8026,6.064699608958408e-06,0.0003032349804479204
text+audio_text_ln_lrh0.001_e5_s43,2273,4,0.36876,24.3702,6.057589761820122e-06,0.0003028794880910061
text+audio_text_ln_lrh0.001_e5_s43,2274,4,0.67191,33.6755,6.050479914681835e-06,0.0003025239957340917
text+audio_text_ln_lrh0.001_e5_s43,2275,4,0.42006,25.0268,6.043370067543548e-06,0.0003021685033771774
text+audio_text_ln_lrh0.001_e5_s43,2276,4,0.43446,25.6172,6.036260220405262e-06,0.0003018130110202631
text+audio_text_ln_lrh0.001_e5_s43,2277,4,0.8578,61.929,6.0291503732669756e-06,0.00030145751866334874
text+audio_text_ln_lrh0.001_e5_s43,2278,4,0.62815,25.9203,6.022040526128689e-06,0.0003011020263064344
text+audio_text_ln_lrh0.001_e5_s43,2279,4,0.66112,29.0149,6.014930678990403e-06,0.00030074653394952013
text+audio_text_ln_lrh0.001_e5_s43,2280,4,0.43644,21.5452,6.007820831852116e-06,0.0003003910415926058
text+audio_text_ln_lrh0.001_e5_s43,2281,4,1.30957,25.9843,6.0007109847138286e-06,0.0003000355492356914
text+audio_text_ln_lrh0.001_e5_s43,2282,4,0.65068,24.8306,5.993601137575542e-06,0.0002996800568787771
text+audio_text_ln_lrh0.001_e5_s43,2283,4,0.57112,22.817,5.986491290437256e-06,0.0002993245645218628
text+audio_text_ln_lrh0.001_e5_s43,2284,4,0.62428,32.3737,5.979381443298969e-06,0.00029896907216494845
text+audio_text_ln_lrh0.001_e5_s43,2285,4,0.59805,19.6592,5.9722715961606824e-06,0.0002986135798080341
text+audio_text_ln_lrh0.001_e5_s43,2286,4,0.6517,18.882,5.9651617490223965e-06,0.00029825808745111983
text+audio_text_ln_lrh0.001_e5_s43,2287,4,0.80676,17.255,5.95805190188411e-06,0.0002979025950942055
text+audio_text_ln_lrh0.001_e5_s43,2288,4,0.58277,23.0674,5.950942054745823e-06,0.0002975471027372911
text+audio_text_ln_lrh0.001_e5_s43,2289,4,0.58294,20.1934,5.943832207607537e-06,0.00029719161038037687
text+audio_text_ln_lrh0.001_e5_s43,2290,4,0.87714,30.4623,5.93672236046925e-06,0.0002968361180234625
text+audio_text_ln_lrh0.001_e5_s43,2291,4,0.91546,31.6556,5.929612513330964e-06,0.00029648062566654815
text+audio_text_ln_lrh0.001_e5_s43,2292,4,0.35948,21.0629,5.922502666192678e-06,0.00029612513330963384
text+audio_text_ln_lrh0.001_e5_s43,2293,4,0.39578,16.8463,5.915392819054391e-06,0.00029576964095271954
text+audio_text_ln_lrh0.001_e5_s43,2294,4,0.81249,24.1421,5.908282971916104e-06,0.0002954141485958052
text+audio_text_ln_lrh0.001_e5_s43,2295,4,0.51011,19.8565,5.901173124777818e-06,0.00029505865623889087
text+audio_text_ln_lrh0.001_e5_s43,2296,4,0.70301,26.7959,5.894063277639532e-06,0.00029470316388197657
text+audio_text_ln_lrh0.001_e5_s43,2297,4,0.33406,15.5698,5.886953430501244e-06,0.0002943476715250622
text+audio_text_ln_lrh0.001_e5_s43,2298,4,0.5213,19.8573,5.879843583362959e-06,0.0002939921791681479
text+audio_text_ln_lrh0.001_e5_s43,2299,4,0.48732,19.8737,5.872733736224671e-06,0.00029363668681123354
text+audio_text_ln_lrh0.001_e5_s43,2300,4,0.33903,23.557,5.865623889086385e-06,0.00029328119445431924
text+audio_text_ln_lrh0.001_e5_s43,2301,4,0.32895,16.8577,5.858514041948099e-06,0.00029292570209740493
text+audio_text_ln_lrh0.001_e5_s43,2302,4,0.74216,23.8768,5.851404194809812e-06,0.00029257020974049057
text+audio_text_ln_lrh0.001_e5_s43,2303,4,0.77327,30.3395,5.844294347671525e-06,0.00029221471738357627
text+audio_text_ln_lrh0.001_e5_s43,2304,4,0.75251,29.8394,5.837184500533239e-06,0.00029185922502666196
text+audio_text_ln_lrh0.001_e5_s43,2305,4,0.41491,26.2263,5.8300746533949526e-06,0.0002915037326697476
text+audio_text_ln_lrh0.001_e5_s43,2306,4,0.99518,29.8981,5.822964806256666e-06,0.00029114824031283324
text+audio_text_ln_lrh0.001_e5_s43,2307,4,1.344,41.7408,5.81585495911838e-06,0.000290792747955919
text+audio_text_ln_lrh0.001_e5_s43,2308,4,0.44362,18.3129,5.808745111980093e-06,0.00029043725559900463
text+audio_text_ln_lrh0.001_e5_s43,2309,4,0.57384,26.0205,5.801635264841806e-06,0.0002900817632420903
text+audio_text_ln_lrh0.001_e5_s43,2310,4,0.43611,23.0865,5.7945254177035205e-06,0.000289726270885176
text+audio_text_ln_lrh0.001_e5_s43,2311,4,0.80967,25.3827,5.787415570565234e-06,0.00028937077852826166
text+audio_text_ln_lrh0.001_e5_s43,2312,4,0.42987,23.0779,5.780305723426947e-06,0.0002890152861713473
text+audio_text_ln_lrh0.001_e5_s43,2313,4,0.22953,17.5106,5.7731958762886594e-06,0.00028865979381443294
text+audio_text_ln_lrh0.001_e5_s43,2314,4,0.52853,22.2693,5.766086029150374e-06,0.0002883043014575187
text+audio_text_ln_lrh0.001_e5_s43,2315,4,0.7357,26.9419,5.758976182012087e-06,0.00028794880910060433
text+audio_text_ln_lrh0.001_e5_s43,2316,4,0.71582,31.4337,5.7518663348738e-06,0.00028759331674369
text+audio_text_ln_lrh0.001_e5_s43,2317,4,0.54994,23.7987,5.744756487735514e-06,0.0002872378243867757
text+audio_text_ln_lrh0.001_e5_s43,2318,4,0.55603,12.2803,5.737646640597227e-06,0.00028688233202986136
text+audio_text_ln_lrh0.001_e5_s43,2319,4,0.93052,26.0958,5.730536793458941e-06,0.000286526839672947
text+audio_text_ln_lrh0.001_e5_s43,2320,4,0.28891,20.1816,5.723426946320655e-06,0.0002861713473160327
text+audio_text_ln_lrh0.001_e5_s43,2321,4,0.5384,23.8339,5.716317099182368e-06,0.0002858158549591184
text+audio_text_ln_lrh0.001_e5_s43,2322,4,0.4563,19.703,5.709207252044081e-06,0.00028546036260220403
text+audio_text_ln_lrh0.001_e5_s43,2323,4,1.64814,29.2171,5.702097404905795e-06,0.00028510487024528973
text+audio_text_ln_lrh0.001_e5_s43,2324,4,0.61863,24.1387,5.694987557767509e-06,0.0002847493778883754
text+audio_text_ln_lrh0.001_e5_s43,2325,4,0.51337,26.0453,5.687877710629222e-06,0.00028439388553146107
text+audio_text_ln_lrh0.001_e5_s43,2326,4,0.88619,26.9207,5.680767863490936e-06,0.00028403839317454676
text+audio_text_ln_lrh0.001_e5_s43,2327,4,0.38341,22.0322,5.673658016352649e-06,0.00028368290081763245
text+audio_text_ln_lrh0.001_e5_s43,2328,4,0.57369,27.7406,5.666548169214362e-06,0.0002833274084607181
text+audio_text_ln_lrh0.001_e5_s43,2329,4,0.32413,14.9981,5.6594383220760765e-06,0.0002829719161038038
text+audio_text_ln_lrh0.001_e5_s43,2330,4,0.58566,23.7247,5.652328474937789e-06,0.00028261642374688943
text+audio_text_ln_lrh0.001_e5_s43,2331,4,0.73746,27.2867,5.645218627799502e-06,0.0002822609313899751
text+audio_text_ln_lrh0.001_e5_s43,2332,4,0.66214,17.6294,5.638108780661216e-06,0.0002819054390330608
text+audio_text_ln_lrh0.001_e5_s43,2333,4,0.98734,37.528,5.6309989335229296e-06,0.00028154994667614646
text+audio_text_ln_lrh0.001_e5_s43,2334,4,0.8761,44.154,5.623889086384643e-06,0.00028119445431923216
text+audio_text_ln_lrh0.001_e5_s43,2335,4,0.86415,27.5463,5.616779239246357e-06,0.00028083896196231785
text+audio_text_ln_lrh0.001_e5_s43,2336,4,0.33538,20.05,5.60966939210807e-06,0.0002804834696054035
text+audio_text_ln_lrh0.001_e5_s43,2337,4,0.64678,20.1414,5.602559544969783e-06,0.00028012797724848913
text+audio_text_ln_lrh0.001_e5_s43,2338,4,0.38215,24.5631,5.5954496978314975e-06,0.0002797724848915749
text+audio_text_ln_lrh0.001_e5_s43,2339,4,0.46425,26.0375,5.588339850693211e-06,0.0002794169925346605
text+audio_text_ln_lrh0.001_e5_s43,2340,4,0.7273,35.7733,5.581230003554924e-06,0.00027906150017774616
text+audio_text_ln_lrh0.001_e5_s43,2341,4,0.85614,34.3026,5.574120156416637e-06,0.00027870600782083186
text+audio_text_ln_lrh0.001_e5_s43,2342,4,0.57305,24.6523,5.567010309278351e-06,0.00027835051546391755
text+audio_text_ln_lrh0.001_e5_s43,2343,4,0.37835,22.2437,5.559900462140065e-06,0.0002779950231070032
text+audio_text_ln_lrh0.001_e5_s43,2344,4,0.8236,32.5931,5.552790615001777e-06,0.00027763953075008883
text+audio_text_ln_lrh0.001_e5_s43,2345,4,0.75079,25.1353,5.545680767863492e-06,0.0002772840383931746
text+audio_text_ln_lrh0.001_e5_s43,2346,4,0.94271,33.4847,5.538570920725204e-06,0.0002769285460362602
text+audio_text_ln_lrh0.001_e5_s43,2347,4,1.24174,41.339,5.531461073586918e-06,0.00027657305367934586
text+audio_text_ln_lrh0.001_e5_s43,2348,4,0.43381,22.8431,5.524351226448632e-06,0.0002762175613224316
text+audio_text_ln_lrh0.001_e5_s43,2349,4,0.42885,24.8735,5.517241379310345e-06,0.00027586206896551725
text+audio_text_ln_lrh0.001_e5_s43,2350,4,0.45588,19.4499,5.510131532172058e-06,0.0002755065766086029
text+audio_text_ln_lrh0.001_e5_s43,2351,4,0.44559,22.965,5.503021685033772e-06,0.0002751510842516886
text+audio_text_ln_lrh0.001_e5_s43,2352,4,0.94045,28.7984,5.495911837895486e-06,0.0002747955918947743
text+audio_text_ln_lrh0.001_e5_s43,2353,4,0.46646,28.0866,5.488801990757199e-06,0.0002744400995378599
text+audio_text_ln_lrh0.001_e5_s43,2354,4,0.22874,9.3483,5.481692143618913e-06,0.0002740846071809456
text+audio_text_ln_lrh0.001_e5_s43,2355,4,0.40519,27.0718,5.474582296480626e-06,0.0002737291148240313
text+audio_text_ln_lrh0.001_e5_s43,2356,4,1.03776,38.0958,5.4674724493423394e-06,0.00027337362246711695
text+audio_text_ln_lrh0.001_e5_s43,2357,4,0.50145,22.3304,5.4603626022040535e-06,0.00027301813011020265
text+audio_text_ln_lrh0.001_e5_s43,2358,4,0.45075,23.9449,5.453252755065767e-06,0.0002726626377532883
text+audio_text_ln_lrh0.001_e5_s43,2359,4,0.89443,34.2399,5.44614290792748e-06,0.000272307145396374
text+audio_text_ln_lrh0.001_e5_s43,2360,4,0.61684,25.7821,5.439033060789194e-06,0.0002719516530394597
text+audio_text_ln_lrh0.001_e5_s43,2361,4,0.79147,31.5798,5.431923213650907e-06,0.0002715961606825453
text+audio_text_ln_lrh0.001_e5_s43,2362,4,0.60966,23.5236,5.42481336651262e-06,0.000271240668325631
text+audio_text_ln_lrh0.001_e5_s43,2363,4,1.06164,27.9514,5.417703519374335e-06,0.0002708851759687167
text+audio_text_ln_lrh0.001_e5_s43,2364,4,0.60306,37.7392,5.410593672236047e-06,0.00027052968361180235
text+audio_text_ln_lrh0.001_e5_s43,2365,4,0.81718,30.3968,5.40348382509776e-06,0.000270174191254888
text+audio_text_ln_lrh0.001_e5_s43,2366,4,0.55828,26.0273,5.3963739779594745e-06,0.00026981869889797374
text+audio_text_ln_lrh0.001_e5_s43,2367,4,0.38202,22.5338,5.389264130821188e-06,0.0002694632065410594
text+audio_text_ln_lrh0.001_e5_s43,2368,4,0.69546,20.5891,5.382154283682901e-06,0.000269107714184145
text+audio_text_ln_lrh0.001_e5_s43,2369,4,0.22392,24.4618,5.375044436544615e-06,0.00026875222182723077
text+audio_text_ln_lrh0.001_e5_s43,2370,4,0.4527,19.4594,5.367934589406328e-06,0.0002683967294703164
text+audio_text_ln_lrh0.001_e5_s43,2371,4,0.34056,14.3641,5.360824742268042e-06,0.00026804123711340205
text+audio_text_ln_lrh0.001_e5_s43,2372,4,0.36201,36.8484,5.353714895129755e-06,0.0002676857447564877
text+audio_text_ln_lrh0.001_e5_s43,2373,4,0.85145,32.3331,5.346605047991469e-06,0.00026733025239957344
text+audio_text_ln_lrh0.001_e5_s43,2374,4,0.90524,24.666,5.339495200853182e-06,0.0002669747600426591
text+audio_text_ln_lrh0.001_e5_s43,2375,4,0.43832,23.2538,5.3323853537148955e-06,0.0002666192676857447
text+audio_text_ln_lrh0.001_e5_s43,2376,4,0.67453,26.861,5.32527550657661e-06,0.00026626377532883047
text+audio_text_ln_lrh0.001_e5_s43,2377,4,0.3224,21.2446,5.318165659438323e-06,0.0002659082829719161
text+audio_text_ln_lrh0.001_e5_s43,2378,4,0.63326,29.304,5.311055812300035e-06,0.00026555279061500175
text+audio_text_ln_lrh0.001_e5_s43,2379,4,0.23281,18.9421,5.303945965161749e-06,0.00026519729825808745
text+audio_text_ln_lrh0.001_e5_s43,2380,4,0.65669,27.6126,5.296836118023463e-06,0.00026484180590117314
text+audio_text_ln_lrh0.001_e5_s43,2381,4,0.7396,41.9951,5.289726270885176e-06,0.0002644863135442588
text+audio_text_ln_lrh0.001_e5_s43,2382,4,0.67545,33.7082,5.28261642374689e-06,0.0002641308211873445
text+audio_text_ln_lrh0.001_e5_s43,2383,4,0.41316,29.5131,5.275506576608603e-06,0.00026377532883043017
text+audio_text_ln_lrh0.001_e5_s43,2384,4,0.81708,28.737,5.2683967294703164e-06,0.0002634198364735158
text+audio_text_ln_lrh0.001_e5_s43,2385,4,0.53068,36.2885,5.2612868823320305e-06,0.0002630643441166015
text+audio_text_ln_lrh0.001_e5_s43,2386,4,0.46837,20.8545,5.254177035193744e-06,0.00026270885175968715
text+audio_text_ln_lrh0.001_e5_s43,2387,4,0.61415,20.3534,5.247067188055457e-06,0.00026235335940277284
text+audio_text_ln_lrh0.001_e5_s43,2388,4,0.31473,26.7894,5.239957340917171e-06,0.00026199786704585854
text+audio_text_ln_lrh0.001_e5_s43,2389,4,0.69883,28.3962,5.232847493778884e-06,0.0002616423746889442
text+audio_text_ln_lrh0.001_e5_s43,2390,4,0.58371,41.0619,5.225737646640598e-06,0.00026128688233202987
text+audio_text_ln_lrh0.001_e5_s43,2391,4,0.76648,31.8821,5.218627799502312e-06,0.00026093138997511557
text+audio_text_ln_lrh0.001_e5_s43,2392,4,0.72706,34.6053,5.211517952364025e-06,0.0002605758976182012
text+audio_text_ln_lrh0.001_e5_s43,2393,4,0.18532,13.1131,5.204408105225737e-06,0.00026022040526128685
text+audio_text_ln_lrh0.001_e5_s43,2394,4,0.82228,26.5682,5.197298258087452e-06,0.0002598649129043726
text+audio_text_ln_lrh0.001_e5_s43,2395,4,1.27101,36.2439,5.190188410949165e-06,0.00025950942054745824
text+audio_text_ln_lrh0.001_e5_s43,2396,4,0.70689,25.7052,5.183078563810878e-06,0.0002591539281905439
text+audio_text_ln_lrh0.001_e5_s43,2397,4,0.87911,38.2269,5.175968716672592e-06,0.00025879843583362963
text+audio_text_ln_lrh0.001_e5_s43,2398,4,0.40523,17.864,5.168858869534305e-06,0.00025844294347671527
text+audio_text_ln_lrh0.001_e5_s43,2399,4,0.69913,21.3623,5.161749022396019e-06,0.0002580874511198009
text+audio_text_ln_lrh0.001_e5_s43,2400,4,0.80965,24.204,5.154639175257732e-06,0.00025773195876288655
text+audio_text_ln_lrh0.001_e5_s43,2401,4,0.56086,25.446,5.147529328119446e-06,0.0002573764664059723
text+audio_text_ln_lrh0.001_e5_s43,2402,4,0.41392,15.8708,5.140419480981159e-06,0.00025702097404905794
text+audio_text_ln_lrh0.001_e5_s43,2403,4,0.43671,23.1599,5.1333096338428725e-06,0.0002566654816921436
text+audio_text_ln_lrh0.001_e5_s43,2404,4,0.71373,27.793,5.126199786704587e-06,0.00025630998933522933
text+audio_text_ln_lrh0.001_e5_s43,2405,4,0.94828,22.7016,5.1190899395663e-06,0.00025595449697831497
text+audio_text_ln_lrh0.001_e5_s43,2406,4,0.64438,27.8664,5.111980092428013e-06,0.0002555990046214006
text+audio_text_ln_lrh0.001_e5_s43,2407,4,0.35571,18.9049,5.104870245289727e-06,0.00025524351226448636
text+audio_text_ln_lrh0.001_e5_s43,2408,4,0.71739,29.6441,5.0977603981514404e-06,0.000254888019907572
text+audio_text_ln_lrh0.001_e5_s43,2409,4,0.3939,13.5041,5.090650551013153e-06,0.00025453252755065764
text+audio_text_ln_lrh0.001_e5_s43,2410,4,0.61937,23.8958,5.083540703874868e-06,0.00025417703519374334
text+audio_text_ln_lrh0.001_e5_s43,2411,4,0.67789,31.2123,5.07643085673658e-06,0.00025382154283682903
text+audio_text_ln_lrh0.001_e5_s43,2412,4,0.82535,26.3045,5.0693210095982934e-06,0.00025346605047991467
text+audio_text_ln_lrh0.001_e5_s43,2413,4,0.41425,20.0541,5.0622111624600075e-06,0.00025311055812300037
text+audio_text_ln_lrh0.001_e5_s43,2414,4,0.67162,28.7202,5.055101315321721e-06,0.00025275506576608606
text+audio_text_ln_lrh0.001_e5_s43,2415,4,0.34267,25.6318,5.047991468183434e-06,0.0002523995734091717
text+audio_text_ln_lrh0.001_e5_s43,2416,4,0.97746,33.8174,5.040881621045148e-06,0.0002520440810522574
text+audio_text_ln_lrh0.001_e5_s43,2417,4,0.88567,24.8237,5.033771773906861e-06,0.00025168858869534304
text+audio_text_ln_lrh0.001_e5_s43,2418,4,0.87859,25.0595,5.026661926768575e-06,0.00025133309633842873
text+audio_text_ln_lrh0.001_e5_s43,2419,4,0.90655,26.4123,5.019552079630289e-06,0.0002509776039815144
text+audio_text_ln_lrh0.001_e5_s43,2420,4,0.47617,30.625,5.012442232492002e-06,0.00025062211162460007
text+audio_text_ln_lrh0.001_e5_s43,2421,4,0.28305,17.1876,5.005332385353715e-06,0.00025026661926768576
text+audio_text_ln_lrh0.001_e5_s43,2422,4,0.48049,22.9684,4.9982225382154285e-06,0.0002499111269107714
text+audio_text_ln_lrh0.001_e5_s43,2423,4,1.3541,46.0778,4.991112691077143e-06,0.0002495556345538571
text+audio_text_ln_lrh0.001_e5_s43,2424,4,0.74128,32.9566,4.984002843938856e-06,0.00024920014219694274
text+audio_text_ln_lrh0.001_e5_s43,2425,4,0.34533,25.1653,4.976892996800569e-06,0.00024884464984002843
text+audio_text_ln_lrh0.001_e5_s43,2426,4,0.28318,17.0865,4.969783149662283e-06,0.0002484891574831141
text+audio_text_ln_lrh0.001_e5_s43,2427,4,0.68206,26.0047,4.962673302523996e-06,0.00024813366512619977
text+audio_text_ln_lrh0.001_e5_s43,2428,4,0.13544,9.6529,4.95556345538571e-06,0.00024777817276928546
text+audio_text_ln_lrh0.001_e5_s43,2429,4,0.82748,40.0526,4.948453608247423e-06,0.00024742268041237116
text+audio_text_ln_lrh0.001_e5_s43,2430,4,0.44043,34.3616,4.941343761109136e-06,0.0002470671880554568
text+audio_text_ln_lrh0.001_e5_s43,2431,4,0.54484,24.1011,4.93423391397085e-06,0.0002467116956985425
text+audio_text_ln_lrh0.001_e5_s43,2432,4,0.37918,22.937,4.9271240668325636e-06,0.0002463562033416282
text+audio_text_ln_lrh0.001_e5_s43,2433,4,0.37289,15.4896,4.920014219694277e-06,0.00024600071098471383
text+audio_text_ln_lrh0.001_e5_s43,2434,4,0.85625,25.8936,4.912904372555991e-06,0.0002456452186277995
text+audio_text_ln_lrh0.001_e5_s43,2435,4,0.52604,25.6739,4.905794525417704e-06,0.0002452897262708852
text+audio_text_ln_lrh0.001_e5_s43,2436,4,0.89198,55.5269,4.8986846782794174e-06,0.00024493423391397086
text+audio_text_ln_lrh0.001_e5_s43,2437,4,1.35788,46.8212,4.891574831141131e-06,0.00024457874155705655
text+audio_text_ln_lrh0.001_e5_s43,2438,4,0.25924,14.8707,4.884464984002844e-06,0.0002442232492001422
text+audio_text_ln_lrh0.001_e5_s43,2439,4,0.63562,35.0909,4.877355136864558e-06,0.00024386775684322786
text+audio_text_ln_lrh0.001_e5_s43,2440,4,0.36066,13.0166,4.870245289726271e-06,0.00024351226448631356
text+audio_text_ln_lrh0.001_e5_s43,2441,4,0.21906,23.3264,4.8631354425879845e-06,0.00024315677212939922
text+audio_text_ln_lrh0.001_e5_s43,2442,4,1.4119,43.8815,4.856025595449698e-06,0.0002428012797724849
text+audio_text_ln_lrh0.001_e5_s43,2443,4,0.84804,34.7232,4.848915748311412e-06,0.00024244578741557059
text+audio_text_ln_lrh0.001_e5_s43,2444,4,0.53822,22.9525,4.841805901173125e-06,0.00024209029505865623
text+audio_text_ln_lrh0.001_e5_s43,2445,4,0.47528,28.7485,4.834696054034838e-06,0.00024173480270174192
text+audio_text_ln_lrh0.001_e5_s43,2446,4,0.48561,21.4768,4.8275862068965525e-06,0.0002413793103448276
text+audio_text_ln_lrh0.001_e5_s43,2447,4,0.67245,23.7464,4.820476359758266e-06,0.00024102381798791326
text+audio_text_ln_lrh0.001_e5_s43,2448,4,0.76846,36.3063,4.813366512619979e-06,0.00024066832563099895
text+audio_text_ln_lrh0.001_e5_s43,2449,4,1.0109,27.097,4.806256665481693e-06,0.00024031283327408462
text+audio_text_ln_lrh0.001_e5_s43,2450,4,0.44182,14.8484,4.7991468183434055e-06,0.0002399573409171703
text+audio_text_ln_lrh0.001_e5_s43,2451,4,0.62362,31.9933,4.79203697120512e-06,0.00023960184856025595
text+audio_text_ln_lrh0.001_e5_s43,2452,4,0.67287,19.6592,4.784927124066833e-06,0.00023924635620334162
text+audio_text_ln_lrh0.001_e5_s43,2453,4,0.78834,24.4143,4.777817276928546e-06,0.0002388908638464273
text+audio_text_ln_lrh0.001_e5_s43,2454,4,0.72383,39.4532,4.77070742979026e-06,0.00023853537148951299
text+audio_text_ln_lrh0.001_e5_s43,2455,4,0.63333,16.994,4.7635975826519735e-06,0.00023817987913259865
text+audio_text_ln_lrh0.001_e5_s43,2456,4,0.6811,26.0966,4.756487735513687e-06,0.00023782438677568432
text+audio_text_ln_lrh0.001_e5_s43,2457,4,0.95359,28.5644,4.749377888375401e-06,0.00023746889441877002
text+audio_text_ln_lrh0.001_e5_s43,2458,4,0.81298,33.0027,4.742268041237113e-06,0.00023711340206185566
text+audio_text_ln_lrh0.001_e5_s43,2459,4,1.07409,33.2157,4.735158194098827e-06,0.00023675790970494135
text+audio_text_ln_lrh0.001_e5_s43,2460,4,0.47417,19.5775,4.7280483469605406e-06,0.00023640241734802705
text+audio_text_ln_lrh0.001_e5_s43,2461,4,0.65362,25.8293,4.720938499822254e-06,0.00023604692499111269
text+audio_text_ln_lrh0.001_e5_s43,2462,4,0.61921,26.2964,4.713828652683968e-06,0.00023569143263419838
text+audio_text_ln_lrh0.001_e5_s43,2463,4,0.71194,22.9931,4.706718805545681e-06,0.00023533594027728405
text+audio_text_ln_lrh0.001_e5_s43,2464,4,0.42231,18.2388,4.6996089584073944e-06,0.00023498044792036972
text+audio_text_ln_lrh0.001_e5_s43,2465,4,0.56244,22.7615,4.6924991112691085e-06,0.00023462495556345538
text+audio_text_ln_lrh0.001_e5_s43,2466,4,0.82232,34.1964,4.685389264130822e-06,0.00023426946320654108
text+audio_text_ln_lrh0.001_e5_s43,2467,4,0.76979,30.3496,4.678279416992535e-06,0.00023391397084962675
text+audio_text_ln_lrh0.001_e5_s43,2468,4,0.64742,19.8826,4.671169569854248e-06,0.00023355847849271241
text+audio_text_ln_lrh0.001_e5_s43,2469,4,0.49252,26.7817,4.6640597227159615e-06,0.00023320298613579808
text+audio_text_ln_lrh0.001_e5_s43,2470,4,0.52983,28.3214,4.656949875577676e-06,0.00023284749377888375
text+audio_text_ln_lrh0.001_e5_s43,2471,4,0.68929,45.7357,4.649840028439389e-06,0.00023249200142196944
text+audio_text_ln_lrh0.001_e5_s43,2472,4,0.48905,13.6977,4.642730181301102e-06,0.00023213650906505509
text+audio_text_ln_lrh0.001_e5_s43,2473,4,0.77075,29.6127,4.635620334162816e-06,0.00023178101670814078
text+audio_text_ln_lrh0.001_e5_s43,2474,4,0.31889,13.0449,4.6285104870245295e-06,0.00023142552435122647
text+audio_text_ln_lrh0.001_e5_s43,2475,4,0.5165,27.6552,4.621400639886243e-06,0.00023107003199431212
text+audio_text_ln_lrh0.001_e5_s43,2476,4,0.47004,20.3485,4.614290792747956e-06,0.0002307145396373978
text+audio_text_ln_lrh0.001_e5_s43,2477,4,0.59669,20.2241,4.60718094560967e-06,0.00023035904728048348
text+audio_text_ln_lrh0.001_e5_s43,2478,4,0.93015,43.8004,4.600071098471383e-06,0.00023000355492356915
text+audio_text_ln_lrh0.001_e5_s43,2479,4,1.01573,30.026,4.592961251333097e-06,0.0002296480625666548
text+audio_text_ln_lrh0.001_e5_s43,2480,4,0.44795,17.9744,4.585851404194811e-06,0.0002292925702097405
text+audio_text_ln_lrh0.001_e5_s43,2481,4,0.69653,25.1801,4.578741557056524e-06,0.00022893707785282618
text+audio_text_ln_lrh0.001_e5_s43,2482,4,0.67591,14.2391,4.571631709918237e-06,0.00022858158549591184
text+audio_text_ln_lrh0.001_e5_s43,2483,4,0.72471,30.2668,4.5645218627799505e-06,0.0002282260931389975
text+audio_text_ln_lrh0.001_e5_s43,2484,4,1.15884,30.2689,4.557412015641664e-06,0.00022787060078208318
text+audio_text_ln_lrh0.001_e5_s43,2485,4,0.77761,36.5411,4.550302168503378e-06,0.00022751510842516887
text+audio_text_ln_lrh0.001_e5_s43,2486,4,0.8512,31.4822,4.543192321365091e-06,0.00022715961606825451
text+audio_text_ln_lrh0.001_e5_s43,2487,4,0.61576,23.3336,4.536082474226804e-06,0.0002268041237113402
text+audio_text_ln_lrh0.001_e5_s43,2488,4,0.48538,14.8605,4.528972627088518e-06,0.0002264486313544259
text+audio_text_ln_lrh0.001_e5_s43,2489,4,0.71722,24.7561,4.521862779950232e-06,0.00022609313899751154
text+audio_text_ln_lrh0.001_e5_s43,2490,4,1.06923,19.8119,4.514752932811945e-06,0.00022573764664059724
text+audio_text_ln_lrh0.001_e5_s43,2491,4,1.30514,23.4088,4.507643085673659e-06,0.0002253821542836829
text+audio_text_ln_lrh0.001_e5_s43,2492,4,0.62441,45.4816,4.5005332385353714e-06,0.00022502666192676857
text+audio_text_ln_lrh0.001_e5_s43,2493,4,0.9397,27.4281,4.4934233913970855e-06,0.00022467116956985424
text+audio_text_ln_lrh0.001_e5_s43,2494,4,0.7509,20.1745,4.486313544258799e-06,0.00022431567721293994
text+audio_text_ln_lrh0.001_e5_s43,2495,4,0.56108,20.4736,4.479203697120512e-06,0.0002239601848560256
text+audio_text_ln_lrh0.001_e5_s43,2496,4,0.92419,38.6702,4.472093849982226e-06,0.00022360469249911127
text+audio_text_ln_lrh0.001_e5_s43,2497,4,0.52622,16.7076,4.4649840028439385e-06,0.00022324920014219694
text+audio_text_ln_lrh0.001_e5_s43,2498,4,1.08574,27.3313,4.457874155705653e-06,0.0002228937077852826
text+audio_text_ln_lrh0.001_e5_s43,2499,4,0.41214,15.8219,4.450764308567366e-06,0.0002225382154283683
text+audio_text_ln_lrh0.001_e5_s43,2500,4,1.51133,71.7683,4.443654461429079e-06,0.00022218272307145394
text+audio_text_ln_lrh0.001_e5_s43,2501,5,0.35465,12.8036,4.436544614290793e-06,0.00022182723071453964
text+audio_text_ln_lrh0.001_e5_s43,2502,5,0.2446,16.019,4.4294347671525065e-06,0.00022147173835762533
text+audio_text_ln_lrh0.001_e5_s43,2503,5,0.17637,8.3836,4.42232492001422e-06,0.00022111624600071097
text+audio_text_ln_lrh0.001_e5_s43,2504,5,0.39012,18.6762,4.415215072875934e-06,0.00022076075364379667
text+audio_text_ln_lrh0.001_e5_s43,2505,5,0.43,27.9969,4.408105225737647e-06,0.00022040526128688234
text+audio_text_ln_lrh0.001_e5_s43,2506,5,0.4052,20.2996,4.40099537859936e-06,0.000220049768929968
text+audio_text_ln_lrh0.001_e5_s43,2507,5,0.76308,26.8785,4.393885531461074e-06,0.0002196942765730537
text+audio_text_ln_lrh0.001_e5_s43,2508,5,0.95119,21.3069,4.386775684322788e-06,0.00021933878421613937
text+audio_text_ln_lrh0.001_e5_s43,2509,5,0.07053,4.438,4.379665837184501e-06,0.00021898329185922503
text+audio_text_ln_lrh0.001_e5_s43,2510,5,0.49005,18.5814,4.372555990046214e-06,0.0002186277995023107
text+audio_text_ln_lrh0.001_e5_s43,2511,5,0.47365,20.4075,4.3654461429079275e-06,0.00021827230714539637
text+audio_text_ln_lrh0.001_e5_s43,2512,5,0.29686,23.9549,4.3583362957696416e-06,0.00021791681478848204
text+audio_text_ln_lrh0.001_e5_s43,2513,5,1.04079,46.9488,4.351226448631355e-06,0.00021756132243156773
text+audio_text_ln_lrh0.001_e5_s43,2514,5,1.06307,34.8169,4.344116601493068e-06,0.0002172058300746534
text+audio_text_ln_lrh0.001_e5_s43,2515,5,0.83017,28.9409,4.337006754354781e-06,0.00021685033771773907
text+audio_text_ln_lrh0.001_e5_s43,2516,5,0.52604,22.5409,4.329896907216495e-06,0.00021649484536082476
text+audio_text_ln_lrh0.001_e5_s43,2517,5,0.3523,16.338,4.322787060078209e-06,0.0002161393530039104
text+audio_text_ln_lrh0.001_e5_s43,2518,5,0.807,25.2714,4.315677212939922e-06,0.0002157838606469961
text+audio_text_ln_lrh0.001_e5_s43,2519,5,0.49335,22.0397,4.308567365801636e-06,0.00021542836829008177
text+audio_text_ln_lrh0.001_e5_s43,2520,5,0.11693,12.66,4.301457518663349e-06,0.00021507287593316743
text+audio_text_ln_lrh0.001_e5_s43,2521,5,0.31921,12.9965,4.2943476715250625e-06,0.00021471738357625313
text+audio_text_ln_lrh0.001_e5_s43,2522,5,0.69791,32.1065,4.287237824386777e-06,0.0002143618912193388
text+audio_text_ln_lrh0.001_e5_s43,2523,5,0.42043,30.4608,4.280127977248489e-06,0.00021400639886242446
text+audio_text_ln_lrh0.001_e5_s43,2524,5,0.62872,26.1327,4.273018130110203e-06,0.00021365090650551013
text+audio_text_ln_lrh0.001_e5_s43,2525,5,0.80634,23.9877,4.265908282971916e-06,0.00021329541414859583
text+audio_text_ln_lrh0.001_e5_s43,2526,5,0.88978,26.8224,4.25879843583363e-06,0.00021293992179168147
text+audio_text_ln_lrh0.001_e5_s43,2527,5,0.4904,31.5182,4.251688588695344e-06,0.00021258442943476716
text+audio_text_ln_lrh0.001_e5_s43,2528,5,0.56701,32.5917,4.244578741557057e-06,0.00021222893707785283
text+audio_text_ln_lrh0.001_e5_s43,2529,5,0.40012,26.8236,4.23746889441877e-06,0.0002118734447209385
text+audio_text_ln_lrh0.001_e5_s43,2530,5,0.71626,17.9817,4.230359047280484e-06,0.0002115179523640242
text+audio_text_ln_lrh0.001_e5_s43,2531,5,1.01313,29.1918,4.223249200142197e-06,0.00021116246000710983
text+audio_text_ln_lrh0.001_e5_s43,2532,5,0.63549,23.5742,4.216139353003911e-06,0.00021080696765019553
text+audio_text_ln_lrh0.001_e5_s43,2533,5,0.38675,23.3465,4.209029505865624e-06,0.0002104514752932812
text+audio_text_ln_lrh0.001_e5_s43,2534,5,0.23254,13.3466,4.201919658727337e-06,0.00021009598293636686
text+audio_text_ln_lrh0.001_e5_s43,2535,5,0.63562,30.1566,4.1948098115890514e-06,0.00020974049057945256
text+audio_text_ln_lrh0.001_e5_s43,2536,5,0.07474,5.9268,4.187699964450765e-06,0.00020938499822253822
text+audio_text_ln_lrh0.001_e5_s43,2537,5,0.5565,20.6172,4.180590117312478e-06,0.0002090295058656239
text+audio_text_ln_lrh0.001_e5_s43,2538,5,0.49226,13.384,4.173480270174192e-06,0.00020867401350870956
text+audio_text_ln_lrh0.001_e5_s43,2539,5,0.5689,57.9464,4.166370423035905e-06,0.00020831852115179526
text+audio_text_ln_lrh0.001_e5_s43,2540,5,0.31632,17.6145,4.1592605758976186e-06,0.00020796302879488092
text+audio_text_ln_lrh0.001_e5_s43,2541,5,0.97302,27.9189,4.152150728759332e-06,0.0002076075364379666
text+audio_text_ln_lrh0.001_e5_s43,2542,5,0.48136,24.9593,4.145040881621045e-06,0.00020725204408105226
text+audio_text_ln_lrh0.001_e5_s43,2543,5,0.33208,19.8255,4.137931034482759e-06,0.00020689655172413793
text+audio_text_ln_lrh0.001_e5_s43,2544,5,0.49018,25.7471,4.130821187344472e-06,0.00020654105936722362
text+audio_text_ln_lrh0.001_e5_s43,2545,5,0.63778,37.4438,4.123711340206186e-06,0.00020618556701030926
text+audio_text_ln_lrh0.001_e5_s43,2546,5,0.5001,19.6155,4.1166014930679e-06,0.00020583007465339496
text+audio_text_ln_lrh0.001_e5_s43,2547,5,0.52512,20.1888,4.109491645929613e-06,0.00020547458229648065
text+audio_text_ln_lrh0.001_e5_s43,2548,5,0.26419,16.4964,4.102381798791326e-06,0.0002051190899395663
text+audio_text_ln_lrh0.001_e5_s43,2549,5,0.52596,22.5046,4.0952719516530395e-06,0.00020476359758265199
text+audio_text_ln_lrh0.001_e5_s43,2550,5,0.46337,35.7802,4.088162104514754e-06,0.00020440810522573765
text+audio_text_ln_lrh0.001_e5_s43,2551,5,0.33604,18.0337,4.081052257376467e-06,0.00020405261286882332
text+audio_text_ln_lrh0.001_e5_s43,2552,5,0.31725,23.2251,4.07394241023818e-06,0.000203697120511909
text+audio_text_ln_lrh0.001_e5_s43,2553,5,0.68884,24.7064,4.066832563099894e-06,0.00020334162815499468
text+audio_text_ln_lrh0.001_e5_s43,2554,5,0.23722,17.2351,4.059722715961607e-06,0.00020298613579808035
text+audio_text_ln_lrh0.001_e5_s43,2555,5,0.85153,44.6906,4.052612868823321e-06,0.00020263064344116602
text+audio_text_ln_lrh0.001_e5_s43,2556,5,0.8688,22.7956,4.045503021685034e-06,0.0002022751510842517
text+audio_text_ln_lrh0.001_e5_s43,2557,5,0.73378,49.9849,4.038393174546747e-06,0.00020191965872733736
text+audio_text_ln_lrh0.001_e5_s43,2558,5,0.18058,10.9503,4.031283327408461e-06,0.00020156416637042305
text+audio_text_ln_lrh0.001_e5_s43,2559,5,1.06018,48.3811,4.024173480270175e-06,0.0002012086740135087
text+audio_text_ln_lrh0.001_e5_s43,2560,5,0.61135,26.8805,4.017063633131888e-06,0.00020085318165659439
text+audio_text_ln_lrh0.001_e5_s43,2561,5,0.48216,18.4589,4.009953785993602e-06,0.00020049768929968008
text+audio_text_ln_lrh0.001_e5_s43,2562,5,0.26285,27.2032,4.002843938855314e-06,0.00020014219694276572
text+audio_text_ln_lrh0.001_e5_s43,2563,5,0.25293,25.4952,3.9957340917170284e-06,0.00019978670458585142
text+audio_text_ln_lrh0.001_e5_s43,2564,5,0.81603,44.9126,3.988624244578742e-06,0.00019943121222893708
text+audio_text_ln_lrh0.001_e5_s43,2565,5,0.89307,34.3902,3.981514397440455e-06,0.00019907571987202275
text+audio_text_ln_lrh0.001_e5_s43,2566,5,0.20491,14.6369,3.974404550302169e-06,0.00019872022751510842
text+audio_text_ln_lrh0.001_e5_s43,2567,5,0.37839,21.7234,3.967294703163882e-06,0.00019836473515819411
text+audio_text_ln_lrh0.001_e5_s43,2568,5,0.6752,25.4829,3.9601848560255956e-06,0.00019800924280127978
text+audio_text_ln_lrh0.001_e5_s43,2569,5,0.60834,34.5022,3.95307500888731e-06,0.00019765375044436545
text+audio_text_ln_lrh0.001_e5_s43,2570,5,0.69872,19.4694,3.945965161749022e-06,0.00019729825808745112
text+audio_text_ln_lrh0.001_e5_s43,2571,5,0.61489,21.8645,3.938855314610736e-06,0.00019694276573053678
text+audio_text_ln_lrh0.001_e5_s43,2572,5,0.74611,37.212,3.931745467472449e-06,0.00019658727337362248
text+audio_text_ln_lrh0.001_e5_s43,2573,5,0.31922,36.6386,3.924635620334163e-06,0.00019623178101670812
text+audio_text_ln_lrh0.001_e5_s43,2574,5,0.40714,19.1175,3.917525773195877e-06,0.00019587628865979381
text+audio_text_ln_lrh0.001_e5_s43,2575,5,0.57333,23.9021,3.91041592605759e-06,0.0001955207963028795
text+audio_text_ln_lrh0.001_e5_s43,2576,5,0.64055,39.6479,3.903306078919303e-06,0.00019516530394596515
text+audio_text_ln_lrh0.001_e5_s43,2577,5,0.31661,14.3753,3.896196231781017e-06,0.00019480981158905084
text+audio_text_ln_lrh0.001_e5_s43,2578,5,0.18569,11.9186,3.889086384642731e-06,0.0001944543192321365
text+audio_text_ln_lrh0.001_e5_s43,2579,5,0.80623,40.1538,3.881976537504444e-06,0.00019409882687522218
text+audio_text_ln_lrh0.001_e5_s43,2580,5,0.41935,34.2896,3.874866690366157e-06,0.00019374333451830788
text+audio_text_ln_lrh0.001_e5_s43,2581,5,0.19374,21.3429,3.867756843227871e-06,0.00019338784216139354
text+audio_text_ln_lrh0.001_e5_s43,2582,5,0.84854,37.5507,3.8606469960895845e-06,0.0001930323498044792
text+audio_text_ln_lrh0.001_e5_s43,2583,5,0.56602,32.7551,3.853537148951298e-06,0.00019267685744756488
text+audio_text_ln_lrh0.001_e5_s43,2584,5,0.91444,39.6888,3.846427301813012e-06,0.00019232136509065057
text+audio_text_ln_lrh0.001_e5_s43,2585,5,0.35335,19.4089,3.839317454674725e-06,0.00019196587273373621
text+audio_text_ln_lrh0.001_e5_s43,2586,5,0.89001,35.8928,3.832207607536438e-06,0.0001916103803768219
text+audio_text_ln_lrh0.001_e5_s43,2587,5,0.56113,28.9717,3.825097760398152e-06,0.00019125488801990758
text+audio_text_ln_lrh0.001_e5_s43,2588,5,0.39716,23.9688,3.817987913259865e-06,0.00019089939566299324
text+audio_text_ln_lrh0.001_e5_s43,2589,5,1.30243,41.3841,3.810878066121579e-06,0.00019054390330607894
text+audio_text_ln_lrh0.001_e5_s43,2590,5,0.55189,16.7671,3.8037682189832918e-06,0.00019018841094916458
text+audio_text_ln_lrh0.001_e5_s43,2591,5,0.73944,44.1527,3.7966583718450054e-06,0.00018983291859225027
text+audio_text_ln_lrh0.001_e5_s43,2592,5,0.87957,33.14,3.789548524706719e-06,0.00018947742623533594
text+audio_text_ln_lrh0.001_e5_s43,2593,5,0.56066,23.5282,3.7824386775684324e-06,0.0001891219338784216
text+audio_text_ln_lrh0.001_e5_s43,2594,5,0.74623,35.8891,3.775328830430146e-06,0.0001887664415215073
text+audio_text_ln_lrh0.001_e5_s43,2595,5,0.38622,17.463,3.7682189832918597e-06,0.00018841094916459297
text+audio_text_ln_lrh0.001_e5_s43,2596,5,0.47492,22.3035,3.761109136153573e-06,0.00018805545680767864
text+audio_text_ln_lrh0.001_e5_s43,2597,5,0.58044,30.8449,3.7539992890152867e-06,0.0001876999644507643
text+audio_text_ln_lrh0.001_e5_s43,2598,5,0.19044,9.9039,3.7468894418770003e-06,0.00018734447209385
text+audio_text_ln_lrh0.001_e5_s43,2599,5,0.53764,22.0353,3.739779594738713e-06,0.00018698897973693564
text+audio_text_ln_lrh0.001_e5_s43,2600,5,0.49848,40.6064,3.732669747600427e-06,0.00018663348738002134
text+audio_text_ln_lrh0.001_e5_s43,2601,5,0.17062,13.9476,3.72555990046214e-06,0.000186277995023107
text+audio_text_ln_lrh0.001_e5_s43,2602,5,0.7644,22.4333,3.7184500533238538e-06,0.00018592250266619267
text+audio_text_ln_lrh0.001_e5_s43,2603,5,0.85643,45.0499,3.7113402061855674e-06,0.00018556701030927837
text+audio_text_ln_lrh0.001_e5_s43,2604,5,0.32888,20.6557,3.7042303590472807e-06,0.000185211517952364
text+audio_text_ln_lrh0.001_e5_s43,2605,5,0.37442,22.4727,3.6971205119089944e-06,0.0001848560255954497
text+audio_text_ln_lrh0.001_e5_s43,2606,5,0.21913,8.8211,3.690010664770708e-06,0.00018450053323853537
text+audio_text_ln_lrh0.001_e5_s43,2607,5,0.24545,19.0075,3.682900817632421e-06,0.00018414504088162104
text+audio_text_ln_lrh0.001_e5_s43,2608,5,0.89142,27.7141,3.6757909704941345e-06,0.00018378954852470673
text+audio_text_ln_lrh0.001_e5_s43,2609,5,0.32942,16.7684,3.6686811233558482e-06,0.0001834340561677924
text+audio_text_ln_lrh0.001_e5_s43,2610,5,0.75884,30.7551,3.6615712762175615e-06,0.00018307856381087807
text+audio_text_ln_lrh0.001_e5_s43,2611,5,0.71882,30.1871,3.654461429079275e-06,0.00018272307145396374
text+audio_text_ln_lrh0.001_e5_s43,2612,5,0.91408,44.496,3.647351581940989e-06,0.00018236757909704943
text+audio_text_ln_lrh0.001_e5_s43,2613,5,0.45153,33.3394,3.640241734802702e-06,0.00018201208674013507
text+audio_text_ln_lrh0.001_e5_s43,2614,5,0.11667,18.7662,3.6331318876644158e-06,0.00018165659438322077
text+audio_text_ln_lrh0.001_e5_s43,2615,5,0.43985,29.5221,3.6260220405261286e-06,0.00018130110202630643
text+audio_text_ln_lrh0.001_e5_s43,2616,5,0.70849,29.5646,3.6189121933878423e-06,0.0001809456096693921
text+audio_text_ln_lrh0.001_e5_s43,2617,5,0.52988,25.2433,3.611802346249556e-06,0.0001805901173124778
text+audio_text_ln_lrh0.001_e5_s43,2618,5,0.58383,43.1364,3.604692499111269e-06,0.00018023462495556344
text+audio_text_ln_lrh0.001_e5_s43,2619,5,0.89543,32.2353,3.597582651972983e-06,0.00017987913259864913
text+audio_text_ln_lrh0.001_e5_s43,2620,5,0.67743,29.419,3.5904728048346965e-06,0.00017952364024173483
text+audio_text_ln_lrh0.001_e5_s43,2621,5,0.13059,22.2653,3.58336295769641e-06,0.00017916814788482047
text+audio_text_ln_lrh0.001_e5_s43,2622,5,1.1324,28.9528,3.5762531105581235e-06,0.00017881265552790616
text+audio_text_ln_lrh0.001_e5_s43,2623,5,0.41366,27.126,3.569143263419837e-06,0.00017845716317099183
text+audio_text_ln_lrh0.001_e5_s43,2624,5,0.39498,26.0109,3.56203341628155e-06,0.0001781016708140775
text+audio_text_ln_lrh0.001_e5_s43,2625,5,0.40172,13.9697,3.5549235691432637e-06,0.00017774617845716317
text+audio_text_ln_lrh0.001_e5_s43,2626,5,0.91977,40.6549,3.5478137220049773e-06,0.00017739068610024886
text+audio_text_ln_lrh0.001_e5_s43,2627,5,0.46403,44.8164,3.5407038748666906e-06,0.00017703519374333453
text+audio_text_ln_lrh0.001_e5_s43,2628,5,0.23788,28.9064,3.5335940277284043e-06,0.0001766797013864202
text+audio_text_ln_lrh0.001_e5_s43,2629,5,0.46783,17.1157,3.526484180590118e-06,0.0001763242090295059
text+audio_text_ln_lrh0.001_e5_s43,2630,5,0.27502,46.5497,3.519374333451831e-06,0.00017596871667259153
text+audio_text_ln_lrh0.001_e5_s43,2631,5,0.56491,18.8407,3.512264486313545e-06,0.00017561322431567723
text+audio_text_ln_lrh0.001_e5_s43,2632,5,0.50073,20.0517,3.5051546391752577e-06,0.00017525773195876287
text+audio_text_ln_lrh0.001_e5_s43,2633,5,0.47082,31.7283,3.4980447920369714e-06,0.00017490223960184856
text+audio_text_ln_lrh0.001_e5_s43,2634,5,0.85197,29.0954,3.490934944898685e-06,0.00017454674724493426
text+audio_text_ln_lrh0.001_e5_s43,2635,5,0.6605,29.8846,3.4838250977603983e-06,0.0001741912548880199
text+audio_text_ln_lrh0.001_e5_s43,2636,5,0.55906,25.9038,3.476715250622112e-06,0.0001738357625311056
text+audio_text_ln_lrh0.001_e5_s43,2637,5,0.30705,11.6279,3.4696054034838256e-06,0.00017348027017419126
text+audio_text_ln_lrh0.001_e5_s43,2638,5,0.34917,24.9906,3.462495556345539e-06,0.00017312477781727693
text+audio_text_ln_lrh0.001_e5_s43,2639,5,0.81133,31.5082,3.455385709207252e-06,0.0001727692854603626
text+audio_text_ln_lrh0.001_e5_s43,2640,5,1.05469,28.3406,3.448275862068966e-06,0.0001724137931034483
text+audio_text_ln_lrh0.001_e5_s43,2641,5,0.26707,18.0057,3.441166014930679e-06,0.00017205830074653396
text+audio_text_ln_lrh0.001_e5_s43,2642,5,0.59664,33.7553,3.4340561677923928e-06,0.00017170280838961963
text+audio_text_ln_lrh0.001_e5_s43,2643,5,0.64634,29.885,3.4269463206541064e-06,0.00017134731603270532
text+audio_text_ln_lrh0.001_e5_s43,2644,5,0.24841,19.2296,3.4198364735158197e-06,0.00017099182367579096
text+audio_text_ln_lrh0.001_e5_s43,2645,5,0.346,16.0665,3.4127266263775334e-06,0.00017063633131887666
text+audio_text_ln_lrh0.001_e5_s43,2646,5,0.43637,24.4593,3.405616779239246e-06,0.0001702808389619623
text+audio_text_ln_lrh0.001_e5_s43,2647,5,0.44868,13.8632,3.39850693210096e-06,0.000169925346605048
text+audio_text_ln_lrh0.001_e5_s43,2648,5,0.24994,22.0034,3.3913970849626735e-06,0.00016956985424813369
text+audio_text_ln_lrh0.001_e5_s43,2649,5,0.58991,26.2362,3.384287237824387e-06,0.00016921436189121933
text+audio_text_ln_lrh0.001_e5_s43,2650,5,0.3666,27.5055,3.3771773906861005e-06,0.00016885886953430502
text+audio_text_ln_lrh0.001_e5_s43,2651,5,0.45299,24.1273,3.370067543547814e-06,0.0001685033771773907
text+audio_text_ln_lrh0.001_e5_s43,2652,5,0.30757,26.662,3.3629576964095274e-06,0.00016814788482047636
text+audio_text_ln_lrh0.001_e5_s43,2653,5,0.37791,21.1204,3.355847849271241e-06,0.00016779239246356205
text+audio_text_ln_lrh0.001_e5_s43,2654,5,0.11576,19.9008,3.3487380021329548e-06,0.00016743690010664772
text+audio_text_ln_lrh0.001_e5_s43,2655,5,0.31727,28.2952,3.3416281549946676e-06,0.0001670814077497334
text+audio_text_ln_lrh0.001_e5_s43,2656,5,0.23684,23.8028,3.3345183078563813e-06,0.00016672591539281905
text+audio_text_ln_lrh0.001_e5_s43,2657,5,0.97855,46.5201,3.327408460718095e-06,0.00016637042303590475
text+audio_text_ln_lrh0.001_e5_s43,2658,5,0.38251,18.8294,3.320298613579808e-06,0.0001660149306789904
text+audio_text_ln_lrh0.001_e5_s43,2659,5,0.50579,48.7727,3.313188766441522e-06,0.00016565943832207608
text+audio_text_ln_lrh0.001_e5_s43,2660,5,0.20908,17.9012,3.306078919303235e-06,0.00016530394596516175
text+audio_text_ln_lrh0.001_e5_s43,2661,5,0.6638,15.9903,3.298969072164949e-06,0.00016494845360824742
text+audio_text_ln_lrh0.001_e5_s43,2662,5,0.40253,38.1255,3.2918592250266625e-06,0.00016459296125133311
text+audio_text_ln_lrh0.001_e5_s43,2663,5,0.82058,38.6312,3.2847493778883753e-06,0.00016423746889441876
text+audio_text_ln_lrh0.001_e5_s43,2664,5,0.48427,20.4122,3.277639530750089e-06,0.00016388197653750445
text+audio_text_ln_lrh0.001_e5_s43,2665,5,0.51146,19.5302,3.2705296836118026e-06,0.00016352648418059012
text+audio_text_ln_lrh0.001_e5_s43,2666,5,0.37984,41.7815,3.263419836473516e-06,0.00016317099182367579
text+audio_text_ln_lrh0.001_e5_s43,2667,5,0.89118,28.6448,3.2563099893352296e-06,0.00016281549946676148
text+audio_text_ln_lrh0.001_e5_s43,2668,5,0.20371,13.8344,3.2492001421969433e-06,0.00016246000710984715
text+audio_text_ln_lrh0.001_e5_s43,2669,5,0.40116,24.0198,3.2420902950586565e-06,0.00016210451475293282
text+audio_text_ln_lrh0.001_e5_s43,2670,5,0.40292,24.8416,3.23498044792037e-06,0.00016174902239601848
text+audio_text_ln_lrh0.001_e5_s43,2671,5,0.9566,58.1773,3.227870600782084e-06,0.00016139353003910418
text+audio_text_ln_lrh0.001_e5_s43,2672,5,0.72182,28.7792,3.2207607536437967e-06,0.00016103803768218982
text+audio_text_ln_lrh0.001_e5_s43,2673,5,0.32548,40.7472,3.2136509065055104e-06,0.00016068254532527551
text+audio_text_ln_lrh0.001_e5_s43,2674,5,0.37042,22.6231,3.2065410593672236e-06,0.00016032705296836118
text+audio_text_ln_lrh0.001_e5_s43,2675,5,0.80232,35.8588,3.1994312122289373e-06,0.00015997156061144685
text+audio_text_ln_lrh0.001_e5_s43,2676,5,0.64506,47.0107,3.192321365090651e-06,0.00015961606825453254
text+audio_text_ln_lrh0.001_e5_s43,2677,5,0.67544,24.8001,3.1852115179523642e-06,0.00015926057589761818
text+audio_text_ln_lrh0.001_e5_s43,2678,5,0.62986,47.4924,3.178101670814078e-06,0.00015890508354070388
text+audio_text_ln_lrh0.001_e5_s43,2679,5,1.36086,32.1445,3.1709918236757916e-06,0.00015854959118378955
text+audio_text_ln_lrh0.001_e5_s43,2680,5,0.60719,26.2647,3.1638819765375044e-06,0.00015819409882687521
text+audio_text_ln_lrh0.001_e5_s43,2681,5,0.66573,38.25,3.156772129399218e-06,0.0001578386064699609
text+audio_text_ln_lrh0.001_e5_s43,2682,5,0.53831,31.5353,3.1496622822609317e-06,0.00015748311411304658
text+audio_text_ln_lrh0.001_e5_s43,2683,5,0.40046,27.5198,3.142552435122645e-06,0.00015712762175613225
text+audio_text_ln_lrh0.001_e5_s43,2684,5,0.72655,29.3451,3.1354425879843587e-06,0.0001567721293992179
text+audio_text_ln_lrh0.001_e5_s43,2685,5,0.5107,23.4038,3.1283327408460724e-06,0.0001564166370423036
text+audio_text_ln_lrh0.001_e5_s43,2686,5,0.5955,24.972,3.1212228937077856e-06,0.00015606114468538925
text+audio_text_ln_lrh0.001_e5_s43,2687,5,0.5176,31.5778,3.1141130465694993e-06,0.00015570565232847494
text+audio_text_ln_lrh0.001_e5_s43,2688,5,0.36846,19.62,3.107003199431213e-06,0.00015535015997156064
text+audio_text_ln_lrh0.001_e5_s43,2689,5,0.15701,15.2275,3.0998933522929258e-06,0.00015499466761464628
text+audio_text_ln_lrh0.001_e5_s43,2690,5,0.43202,20.8114,3.0927835051546395e-06,0.00015463917525773197
text+audio_text_ln_lrh0.001_e5_s43,2691,5,0.32537,18.5202,3.0856736580163527e-06,0.00015428368290081761
text+audio_text_ln_lrh0.001_e5_s43,2692,5,0.7995,52.0958,3.0785638108780664e-06,0.0001539281905439033
text+audio_text_ln_lrh0.001_e5_s43,2693,5,0.57429,19.3708,3.07145396373978e-06,0.000153572698186989
text+audio_text_ln_lrh0.001_e5_s43,2694,5,0.58841,32.0294,3.0643441166014933e-06,0.00015321720583007464
text+audio_text_ln_lrh0.001_e5_s43,2695,5,0.51248,28.4946,3.0572342694632066e-06,0.00015286171347316034
text+audio_text_ln_lrh0.001_e5_s43,2696,5,0.25533,13.3119,3.0501244223249202e-06,0.000152506221116246
text+audio_text_ln_lrh0.001_e5_s43,2697,5,0.42983,28.8977,3.0430145751866335e-06,0.00015215072875933167
text+audio_text_ln_lrh0.001_e5_s43,2698,5,0.5975,28.6979,3.035904728048347e-06,0.00015179523640241734
text+audio_text_ln_lrh0.001_e5_s43,2699,5,0.82601,26.9262,3.028794880910061e-06,0.00015143974404550304
text+audio_text_ln_lrh0.001_e5_s43,2700,5,0.59987,48.0729,3.021685033771774e-06,0.0001510842516885887
text+audio_text_ln_lrh0.001_e5_s43,2701,5,0.74353,36.4563,3.0145751866334878e-06,0.00015072875933167437
text+audio_text_ln_lrh0.001_e5_s43,2702,5,0.57506,29.7845,3.0074653394952015e-06,0.00015037326697476007
text+audio_text_ln_lrh0.001_e5_s43,2703,5,0.21248,13.8154,3.0003554923569143e-06,0.0001500177746178457
text+audio_text_ln_lrh0.001_e5_s43,2704,5,0.58763,25.9797,2.993245645218628e-06,0.0001496622822609314
text+audio_text_ln_lrh0.001_e5_s43,2705,5,0.39533,31.7509,2.9861357980803412e-06,0.00014930678990401704
text+audio_text_ln_lrh0.001_e5_s43,2706,5,0.32062,18.5104,2.979025950942055e-06,0.00014895129754710274
text+audio_text_ln_lrh0.001_e5_s43,2707,5,0.36989,21.5104,2.9719161038037686e-06,0.00014859580519018843
text+audio_text_ln_lrh0.001_e5_s43,2708,5,0.64101,22.5089,2.964806256665482e-06,0.00014824031283327407
text+audio_text_ln_lrh0.001_e5_s43,2709,5,0.50029,19.5567,2.9576964095271955e-06,0.00014788482047635977
text+audio_text_ln_lrh0.001_e5_s43,2710,5,0.50624,22.5659,2.950586562388909e-06,0.00014752932811944544
text+audio_text_ln_lrh0.001_e5_s43,2711,5,0.28314,18.5886,2.943476715250622e-06,0.0001471738357625311
text+audio_text_ln_lrh0.001_e5_s43,2712,5,0.33708,26.8098,2.9363668681123357e-06,0.00014681834340561677
text+audio_text_ln_lrh0.001_e5_s43,2713,5,0.57348,30.5581,2.9292570209740494e-06,0.00014646285104870247
text+audio_text_ln_lrh0.001_e5_s43,2714,5,0.56692,28.9445,2.9221471738357626e-06,0.00014610735869178813
text+audio_text_ln_lrh0.001_e5_s43,2715,5,0.81037,35.2521,2.9150373266974763e-06,0.0001457518663348738
text+audio_text_ln_lrh0.001_e5_s43,2716,5,0.27679,16.7325,2.90792747955919e-06,0.0001453963739779595
text+audio_text_ln_lrh0.001_e5_s43,2717,5,0.96624,27.7493,2.900817632420903e-06,0.00014504088162104514
text+audio_text_ln_lrh0.001_e5_s43,2718,5,0.30942,13.655,2.893707785282617e-06,0.00014468538926413083
text+audio_text_ln_lrh0.001_e5_s43,2719,5,0.38378,17.3036,2.8865979381443297e-06,0.00014432989690721647
text+audio_text_ln_lrh0.001_e5_s43,2720,5,0.74544,37.4138,2.8794880910060434e-06,0.00014397440455030217
text+audio_text_ln_lrh0.001_e5_s43,2721,5,0.44241,24.8983,2.872378243867757e-06,0.00014361891219338786
text+audio_text_ln_lrh0.001_e5_s43,2722,5,0.64818,37.3435,2.8652683967294703e-06,0.0001432634198364735
text+audio_text_ln_lrh0.001_e5_s43,2723,5,0.59558,21.1073,2.858158549591184e-06,0.0001429079274795592
text+audio_text_ln_lrh0.001_e5_s43,2724,5,0.39298,22.0512,2.8510487024528977e-06,0.00014255243512264486
text+audio_text_ln_lrh0.001_e5_s43,2725,5,0.88638,30.0976,2.843938855314611e-06,0.00014219694276573053
text+audio_text_ln_lrh0.001_e5_s43,2726,5,0.40593,29.4448,2.8368290081763246e-06,0.00014184145040881623
text+audio_text_ln_lrh0.001_e5_s43,2727,5,0.66697,30.7314,2.8297191610380383e-06,0.0001414859580519019
text+audio_text_ln_lrh0.001_e5_s43,2728,5,0.70608,27.0661,2.822609313899751e-06,0.00014113046569498756
text+audio_text_ln_lrh0.001_e5_s43,2729,5,0.82834,40.1658,2.8154994667614648e-06,0.00014077497333807323
text+audio_text_ln_lrh0.001_e5_s43,2730,5,0.71322,52.6413,2.8083896196231785e-06,0.00014041948098115893
text+audio_text_ln_lrh0.001_e5_s43,2731,5,0.39196,32.726,2.8012797724848917e-06,0.00014006398862424457
text+audio_text_ln_lrh0.001_e5_s43,2732,5,0.83936,26.2916,2.7941699253466054e-06,0.00013970849626733026
text+audio_text_ln_lrh0.001_e5_s43,2733,5,0.8089,27.6537,2.7870600782083186e-06,0.00013935300391041593
text+audio_text_ln_lrh0.001_e5_s43,2734,5,0.6974,27.0627,2.7799502310700323e-06,0.0001389975115535016
text+audio_text_ln_lrh0.001_e5_s43,2735,5,0.29493,27.6748,2.772840383931746e-06,0.0001386420191965873
text+audio_text_ln_lrh0.001_e5_s43,2736,5,0.49227,20.9762,2.765730536793459e-06,0.00013828652683967293
text+audio_text_ln_lrh0.001_e5_s43,2737,5,0.64594,30.1618,2.7586206896551725e-06,0.00013793103448275863
text+audio_text_ln_lrh0.001_e5_s43,2738,5,1.06791,36.7082,2.751510842516886e-06,0.0001375755421258443
text+audio_text_ln_lrh0.001_e5_s43,2739,5,0.16734,13.6492,2.7444009953785994e-06,0.00013722004976892996
text+audio_text_ln_lrh0.001_e5_s43,2740,5,0.5509,33.6211,2.737291148240313e-06,0.00013686455741201566
text+audio_text_ln_lrh0.001_e5_s43,2741,5,0.79931,32.375,2.7301813011020268e-06,0.00013650906505510132
text+audio_text_ln_lrh0.001_e5_s43,2742,5,0.37004,24.867,2.72307145396374e-06,0.000136153572698187
text+audio_text_ln_lrh0.001_e5_s43,2743,5,0.36504,20.4593,2.7159616068254537e-06,0.00013579808034127266
text+audio_text_ln_lrh0.001_e5_s43,2744,5,0.27375,19.647,2.7088517596871674e-06,0.00013544258798435835
text+audio_text_ln_lrh0.001_e5_s43,2745,5,1.05175,43.5697,2.70174191254888e-06,0.000135087095627444
text+audio_text_ln_lrh0.001_e5_s43,2746,5,0.94753,32.6389,2.694632065410594e-06,0.0001347316032705297
text+audio_text_ln_lrh0.001_e5_s43,2747,5,0.6495,24.0762,2.6875222182723076e-06,0.00013437611091361538
text+audio_text_ln_lrh0.001_e5_s43,2748,5,0.26892,17.246,2.680412371134021e-06,0.00013402061855670103
text+audio_text_ln_lrh0.001_e5_s43,2749,5,0.5438,26.1985,2.6733025239957345e-06,0.00013366512619978672
text+audio_text_ln_lrh0.001_e5_s43,2750,5,0.5502,23.9603,2.6661926768574477e-06,0.00013330963384287236
text+audio_text_ln_lrh0.001_e5_s43,2751,5,0.3842,17.2348,2.6590828297191614e-06,0.00013295414148595806
text+audio_text_ln_lrh0.001_e5_s43,2752,5,0.49771,18.319,2.6519729825808747e-06,0.00013259864912904372
text+audio_text_ln_lrh0.001_e5_s43,2753,5,0.34538,19.3673,2.644863135442588e-06,0.0001322431567721294
text+audio_text_ln_lrh0.001_e5_s43,2754,5,0.26166,17.1235,2.6377532883043016e-06,0.00013188766441521509
text+audio_text_ln_lrh0.001_e5_s43,2755,5,0.66749,25.4439,2.6306434411660153e-06,0.00013153217205830075
text+audio_text_ln_lrh0.001_e5_s43,2756,5,0.8869,43.23,2.6235335940277285e-06,0.00013117667970138642
text+audio_text_ln_lrh0.001_e5_s43,2757,5,0.82248,26.5682,2.616423746889442e-06,0.0001308211873444721
text+audio_text_ln_lrh0.001_e5_s43,2758,5,0.63266,30.2531,2.609313899751156e-06,0.00013046569498755778
text+audio_text_ln_lrh0.001_e5_s43,2759,5,0.5488,25.5128,2.6022040526128687e-06,0.00013011020263064342
text+audio_text_ln_lrh0.001_e5_s43,2760,5,0.57611,30.4107,2.5950942054745824e-06,0.00012975471027372912
text+audio_text_ln_lrh0.001_e5_s43,2761,5,0.58844,34.592,2.587984358336296e-06,0.00012939921791681481
text+audio_text_ln_lrh0.001_e5_s43,2762,5,0.49916,21.2016,2.5808745111980093e-06,0.00012904372555990045
text+audio_text_ln_lrh0.001_e5_s43,2763,5,0.37845,16.4198,2.573764664059723e-06,0.00012868823320298615
text+audio_text_ln_lrh0.001_e5_s43,2764,5,0.34525,21.0798,2.5666548169214362e-06,0.0001283327408460718
text+audio_text_ln_lrh0.001_e5_s43,2765,5,0.49197,32.6847,2.55954496978315e-06,0.00012797724848915748
text+audio_text_ln_lrh0.001_e5_s43,2766,5,0.67784,25.8093,2.5524351226448636e-06,0.00012762175613224318
text+audio_text_ln_lrh0.001_e5_s43,2767,5,0.77462,32.3601,2.5453252755065764e-06,0.00012726626377532882
text+audio_text_ln_lrh0.001_e5_s43,2768,5,0.35031,26.9552,2.53821542836829e-06,0.00012691077141841451
text+audio_text_ln_lrh0.001_e5_s43,2769,5,0.57785,33.4256,2.5311055812300038e-06,0.00012655527906150018
text+audio_text_ln_lrh0.001_e5_s43,2770,5,0.35489,41.546,2.523995734091717e-06,0.00012619978670458585
text+audio_text_ln_lrh0.001_e5_s43,2771,5,0.3327,24.9012,2.5168858869534307e-06,0.00012584429434767152
text+audio_text_ln_lrh0.001_e5_s43,2772,5,0.59797,37.7047,2.5097760398151444e-06,0.0001254888019907572
text+audio_text_ln_lrh0.001_e5_s43,2773,5,0.89575,34.4146,2.5026661926768576e-06,0.00012513330963384288
text+audio_text_ln_lrh0.001_e5_s43,2774,5,0.31495,14.2103,2.4955563455385713e-06,0.00012477781727692855
text+audio_text_ln_lrh0.001_e5_s43,2775,5,0.59352,28.833,2.4884464984002846e-06,0.00012442232492001422
text+audio_text_ln_lrh0.001_e5_s43,2776,5,0.73498,39.5916,2.481336651261998e-06,0.00012406683256309988
text+audio_text_ln_lrh0.001_e5_s43,2777,5,0.17626,16.1967,2.4742268041237115e-06,0.00012371134020618558
text+audio_text_ln_lrh0.001_e5_s43,2778,5,0.59711,26.8689,2.467116956985425e-06,0.00012335584784927125
text+audio_text_ln_lrh0.001_e5_s43,2779,5,0.48897,23.9805,2.4600071098471384e-06,0.00012300035549235691
text+audio_text_ln_lrh0.001_e5_s43,2780,5,0.83765,52.4641,2.452897262708852e-06,0.0001226448631354426
text+audio_text_ln_lrh0.001_e5_s43,2781,5,0.46643,22.9061,2.4457874155705653e-06,0.00012228937077852828
text+audio_text_ln_lrh0.001_e5_s43,2782,5,0.4066,19.7326,2.438677568432279e-06,0.00012193387842161393
text+audio_text_ln_lrh0.001_e5_s43,2783,5,1.02666,39.4776,2.4315677212939923e-06,0.00012157838606469961
text+audio_text_ln_lrh0.001_e5_s43,2784,5,0.25355,15.9313,2.424457874155706e-06,0.00012122289370778529
text+audio_text_ln_lrh0.001_e5_s43,2785,5,0.37717,20.9401,2.417348027017419e-06,0.00012086740135087096
text+audio_text_ln_lrh0.001_e5_s43,2786,5,0.44536,24.9465,2.410238179879133e-06,0.00012051190899395663
text+audio_text_ln_lrh0.001_e5_s43,2787,5,0.45927,15.937,2.4031283327408466e-06,0.00012015641663704231
text+audio_text_ln_lrh0.001_e5_s43,2788,5,0.34369,16.7448,2.39601848560256e-06,0.00011980092428012798
text+audio_text_ln_lrh0.001_e5_s43,2789,5,0.46799,32.8069,2.388908638464273e-06,0.00011944543192321365
text+audio_text_ln_lrh0.001_e5_s43,2790,5,0.15704,24.1183,2.3817987913259867e-06,0.00011908993956629933
text+audio_text_ln_lrh0.001_e5_s43,2791,5,0.34078,30.7166,2.3746889441877004e-06,0.00011873444720938501
text+audio_text_ln_lrh0.001_e5_s43,2792,5,0.45847,24.0396,2.3675790970494137e-06,0.00011837895485247068
text+audio_text_ln_lrh0.001_e5_s43,2793,5,0.48556,14.558,2.360469249911127e-06,0.00011802346249555634
text+audio_text_ln_lrh0.001_e5_s43,2794,5,0.72225,34.353,2.3533594027728406e-06,0.00011766797013864202
text+audio_text_ln_lrh0.001_e5_s43,2795,5,0.37311,31.2528,2.3462495556345543e-06,0.00011731247778172769
text+audio_text_ln_lrh0.001_e5_s43,2796,5,0.46,18.359,2.3391397084962675e-06,0.00011695698542481337
text+audio_text_ln_lrh0.001_e5_s43,2797,5,0.48242,24.4671,2.3320298613579808e-06,0.00011660149306789904
text+audio_text_ln_lrh0.001_e5_s43,2798,5,0.67329,74.2815,2.3249200142196944e-06,0.00011624600071098472
text+audio_text_ln_lrh0.001_e5_s43,2799,5,0.14568,23.6597,2.317810167081408e-06,0.00011589050835407039
text+audio_text_ln_lrh0.001_e5_s43,2800,5,0.60613,17.8155,2.3107003199431214e-06,0.00011553501599715606
text+audio_text_ln_lrh0.001_e5_s43,2801,5,0.33665,15.2552,2.303590472804835e-06,0.00011517952364024174
text+audio_text_ln_lrh0.001_e5_s43,2802,5,0.53571,24.2892,2.2964806256665483e-06,0.0001148240312833274
text+audio_text_ln_lrh0.001_e5_s43,2803,5,0.62066,28.562,2.289370778528262e-06,0.00011446853892641309
text+audio_text_ln_lrh0.001_e5_s43,2804,5,0.37493,16.0706,2.2822609313899752e-06,0.00011411304656949876
text+audio_text_ln_lrh0.001_e5_s43,2805,5,0.9108,28.4464,2.275151084251689e-06,0.00011375755421258444
text+audio_text_ln_lrh0.001_e5_s43,2806,5,0.84963,38.2131,2.268041237113402e-06,0.0001134020618556701
text+audio_text_ln_lrh0.001_e5_s43,2807,5,0.60965,31.4365,2.260931389975116e-06,0.00011304656949875577
text+audio_text_ln_lrh0.001_e5_s43,2808,5,0.26806,14.1725,2.2538215428368295e-06,0.00011269107714184145
text+audio_text_ln_lrh0.001_e5_s43,2809,5,0.32208,26.8391,2.2467116956985428e-06,0.00011233558478492712
text+audio_text_ln_lrh0.001_e5_s43,2810,5,0.35749,16.1375,2.239601848560256e-06,0.0001119800924280128
text+audio_text_ln_lrh0.001_e5_s43,2811,5,0.32093,21.6027,2.2324920014219693e-06,0.00011162460007109847
text+audio_text_ln_lrh0.001_e5_s43,2812,5,0.5667,23.0313,2.225382154283683e-06,0.00011126910771418415
text+audio_text_ln_lrh0.001_e5_s43,2813,5,0.50282,27.3534,2.2182723071453966e-06,0.00011091361535726982
text+audio_text_ln_lrh0.001_e5_s43,2814,5,0.82571,21.9435,2.21116246000711e-06,0.00011055812300035549
text+audio_text_ln_lrh0.001_e5_s43,2815,5,0.83373,33.4814,2.2040526128688235e-06,0.00011020263064344117
text+audio_text_ln_lrh0.001_e5_s43,2816,5,0.12811,12.4526,2.196942765730537e-06,0.00010984713828652685
text+audio_text_ln_lrh0.001_e5_s43,2817,5,0.75177,40.3438,2.1898329185922505e-06,0.00010949164592961252
text+audio_text_ln_lrh0.001_e5_s43,2818,5,0.13776,10.6425,2.1827230714539637e-06,0.00010913615357269818
text+audio_text_ln_lrh0.001_e5_s43,2819,5,0.50634,46.7228,2.1756132243156774e-06,0.00010878066121578387
text+audio_text_ln_lrh0.001_e5_s43,2820,5,0.46862,35.5148,2.1685033771773907e-06,0.00010842516885886953
text+audio_text_ln_lrh0.001_e5_s43,2821,5,0.67645,44.7226,2.1613935300391043e-06,0.0001080696765019552
text+audio_text_ln_lrh0.001_e5_s43,2822,5,0.54407,34.5102,2.154283682900818e-06,0.00010771418414504088
text+audio_text_ln_lrh0.001_e5_s43,2823,5,0.80477,20.7468,2.1471738357625313e-06,0.00010735869178812656
text+audio_text_ln_lrh0.001_e5_s43,2824,5,0.45691,20.1474,2.1400639886242445e-06,0.00010700319943121223
text+audio_text_ln_lrh0.001_e5_s43,2825,5,0.12416,12.0972,2.132954141485958e-06,0.00010664770707429791
text+audio_text_ln_lrh0.001_e5_s43,2826,5,0.44776,28.4665,2.125844294347672e-06,0.00010629221471738358
text+audio_text_ln_lrh0.001_e5_s43,2827,5,0.82603,42.9731,2.118734447209385e-06,0.00010593672236046925
text+audio_text_ln_lrh0.001_e5_s43,2828,5,0.52311,29.3343,2.1116246000710984e-06,0.00010558123000355492
text+audio_text_ln_lrh0.001_e5_s43,2829,5,1.12227,38.7492,2.104514752932812e-06,0.0001052257376466406
text+audio_text_ln_lrh0.001_e5_s43,2830,5,0.45536,35.7733,2.0974049057945257e-06,0.00010487024528972628
text+audio_text_ln_lrh0.001_e5_s43,2831,5,0.83386,29.4504,2.090295058656239e-06,0.00010451475293281195
text+audio_text_ln_lrh0.001_e5_s43,2832,5,0.45987,22.6995,2.0831852115179527e-06,0.00010415926057589763
text+audio_text_ln_lrh0.001_e5_s43,2833,5,0.27759,15.1999,2.076075364379666e-06,0.0001038037682189833
text+audio_text_ln_lrh0.001_e5_s43,2834,5,0.60824,21.8584,2.0689655172413796e-06,0.00010344827586206896
text+audio_text_ln_lrh0.001_e5_s43,2835,5,0.47091,28.6097,2.061855670103093e-06,0.00010309278350515463
text+audio_text_ln_lrh0.001_e5_s43,2836,5,0.23526,20.6096,2.0547458229648065e-06,0.00010273729114824033
text+audio_text_ln_lrh0.001_e5_s43,2837,5,0.53906,26.5218,2.0476359758265198e-06,0.00010238179879132599
text+audio_text_ln_lrh0.001_e5_s43,2838,5,0.31663,19.1545,2.0405261286882334e-06,0.00010202630643441166
text+audio_text_ln_lrh0.001_e5_s43,2839,5,0.70849,24.1279,2.033416281549947e-06,0.00010167081407749734
text+audio_text_ln_lrh0.001_e5_s43,2840,5,0.43638,28.1995,2.0263064344116604e-06,0.00010131532172058301
text+audio_text_ln_lrh0.001_e5_s43,2841,5,0.79502,24.1532,2.0191965872733736e-06,0.00010095982936366868
text+audio_text_ln_lrh0.001_e5_s43,2842,5,0.65466,37.5635,2.0120867401350873e-06,0.00010060433700675435
text+audio_text_ln_lrh0.001_e5_s43,2843,5,0.52791,25.2609,2.004976892996801e-06,0.00010024884464984004
text+audio_text_ln_lrh0.001_e5_s43,2844,5,0.40787,33.8453,1.9978670458585142e-06,9.989335229292571e-05
text+audio_text_ln_lrh0.001_e5_s43,2845,5,0.44355,23.1714,1.9907571987202275e-06,9.953785993601138e-05
text+audio_text_ln_lrh0.001_e5_s43,2846,5,0.80913,35.9243,1.983647351581941e-06,9.918236757909706e-05
text+audio_text_ln_lrh0.001_e5_s43,2847,5,0.75687,24.5688,1.976537504443655e-06,9.882687522218272e-05
text+audio_text_ln_lrh0.001_e5_s43,2848,5,0.76212,26.2082,1.969427657305368e-06,9.847138286526839e-05
text+audio_text_ln_lrh0.001_e5_s43,2849,5,0.83501,37.0196,1.9623178101670813e-06,9.811589050835406e-05
text+audio_text_ln_lrh0.001_e5_s43,2850,5,0.52321,28.4644,1.955207963028795e-06,9.776039815143975e-05
text+audio_text_ln_lrh0.001_e5_s43,2851,5,0.21451,18.4196,1.9480981158905087e-06,9.740490579452542e-05
text+audio_text_ln_lrh0.001_e5_s43,2852,5,0.72239,34.9198,1.940988268752222e-06,9.704941343761109e-05
text+audio_text_ln_lrh0.001_e5_s43,2853,5,0.30041,17.9328,1.9338784216139356e-06,9.669392108069677e-05
text+audio_text_ln_lrh0.001_e5_s43,2854,5,0.4267,28.7167,1.926768574475649e-06,9.633842872378244e-05
text+audio_text_ln_lrh0.001_e5_s43,2855,5,0.44556,20.1184,1.9196587273373625e-06,9.598293636686811e-05
text+audio_text_ln_lrh0.001_e5_s43,2856,5,0.59509,23.4266,1.912548880199076e-06,9.562744400995379e-05
text+audio_text_ln_lrh0.001_e5_s43,2857,5,0.28094,16.9699,1.9054390330607895e-06,9.527195165303947e-05
text+audio_text_ln_lrh0.001_e5_s43,2858,5,0.57822,21.339,1.8983291859225027e-06,9.491645929612514e-05
text+audio_text_ln_lrh0.001_e5_s43,2859,5,0.29876,22.7855,1.8912193387842162e-06,9.45609669392108e-05
text+audio_text_ln_lrh0.001_e5_s43,2860,5,0.38622,21.9066,1.8841094916459299e-06,9.420547458229649e-05
text+audio_text_ln_lrh0.001_e5_s43,2861,5,0.3039,31.4736,1.8769996445076433e-06,9.384998222538215e-05
text+audio_text_ln_lrh0.001_e5_s43,2862,5,0.78588,37.7501,1.8698897973693566e-06,9.349448986846782e-05
text+audio_text_ln_lrh0.001_e5_s43,2863,5,0.34334,15.9952,1.86277995023107e-06,9.31389975115535e-05
text+audio_text_ln_lrh0.001_e5_s43,2864,5,0.4396,25.9983,1.8556701030927837e-06,9.278350515463918e-05
text+audio_text_ln_lrh0.001_e5_s43,2865,5,0.16606,11.1723,1.8485602559544972e-06,9.242801279772485e-05
text+audio_text_ln_lrh0.001_e5_s43,2866,5,0.50172,24.4652,1.8414504088162104e-06,9.207252044081052e-05
text+audio_text_ln_lrh0.001_e5_s43,2867,5,0.55328,37.7749,1.8343405616779241e-06,9.17170280838962e-05
text+audio_text_ln_lrh0.001_e5_s43,2868,5,0.69458,24.0483,1.8272307145396376e-06,9.136153572698187e-05
text+audio_text_ln_lrh0.001_e5_s43,2869,5,0.57427,26.8026,1.820120867401351e-06,9.100604337006754e-05
text+audio_text_ln_lrh0.001_e5_s43,2870,5,0.78446,32.2594,1.8130110202630643e-06,9.065055101315322e-05
text+audio_text_ln_lrh0.001_e5_s43,2871,5,0.54463,36.3909,1.805901173124778e-06,9.02950586562389e-05
text+audio_text_ln_lrh0.001_e5_s43,2872,5,0.71936,53.5405,1.7987913259864914e-06,8.993956629932457e-05
text+audio_text_ln_lrh0.001_e5_s43,2873,5,0.28162,30.4559,1.791681478848205e-06,8.958407394241023e-05
text+audio_text_ln_lrh0.001_e5_s43,2874,5,0.43924,50.9686,1.7845716317099186e-06,8.922858158549592e-05
text+audio_text_ln_lrh0.001_e5_s43,2875,5,0.39139,29.5809,1.7774617845716318e-06,8.887308922858158e-05
text+audio_text_ln_lrh0.001_e5_s43,2876,5,0.52137,29.1432,1.7703519374333453e-06,8.851759687166726e-05
text+audio_text_ln_lrh0.001_e5_s43,2877,5,0.98151,26.6255,1.763242090295059e-06,8.816210451475295e-05
text+audio_text_ln_lrh0.001_e5_s43,2878,5,0.39201,28.0677,1.7561322431567724e-06,8.780661215783861e-05
text+audio_text_ln_lrh0.001_e5_s43,2879,5,0.41769,26.7144,1.7490223960184857e-06,8.745111980092428e-05
text+audio_text_ln_lrh0.001_e5_s43,2880,5,0.6262,41.3609,1.7419125488801991e-06,8.709562744400995e-05
text+audio_text_ln_lrh0.001_e5_s43,2881,5,0.53371,29.0205,1.7348027017419128e-06,8.674013508709563e-05
text+audio_text_ln_lrh0.001_e5_s43,2882,5,0.4966,31.0947,1.727692854603626e-06,8.63846427301813e-05
text+audio_text_ln_lrh0.001_e5_s43,2883,5,0.19416,15.7881,1.7205830074653395e-06,8.602915037326698e-05
text+audio_text_ln_lrh0.001_e5_s43,2884,5,0.69431,28.4677,1.7134731603270532e-06,8.567365801635266e-05
text+audio_text_ln_lrh0.001_e5_s43,2885,5,0.57757,30.2,1.7063633131887667e-06,8.531816565943833e-05
text+audio_text_ln_lrh0.001_e5_s43,2886,5,0.34367,16.5349,1.69925346605048e-06,8.4962673302524e-05
text+audio_text_ln_lrh0.001_e5_s43,2887,5,0.37366,22.7505,1.6921436189121934e-06,8.460718094560966e-05
text+audio_text_ln_lrh0.001_e5_s43,2888,5,0.49669,28.9326,1.685033771773907e-06,8.425168858869534e-05
text+audio_text_ln_lrh0.001_e5_s43,2889,5,0.2809,17.1744,1.6779239246356205e-06,8.389619623178103e-05
text+audio_text_ln_lrh0.001_e5_s43,2890,5,0.629,35.6594,1.6708140774973338e-06,8.35407038748667e-05
text+audio_text_ln_lrh0.001_e5_s43,2891,5,0.62964,21.1604,1.6637042303590475e-06,8.318521151795237e-05
text+audio_text_ln_lrh0.001_e5_s43,2892,5,0.1353,13.6971,1.656594383220761e-06,8.282971916103804e-05
text+audio_text_ln_lrh0.001_e5_s43,2893,5,0.42598,17.5635,1.6494845360824744e-06,8.247422680412371e-05
text+audio_text_ln_lrh0.001_e5_s43,2894,5,0.39202,21.2004,1.6423746889441876e-06,8.211873444720938e-05
text+audio_text_ln_lrh0.001_e5_s43,2895,5,0.35429,18.9785,1.6352648418059013e-06,8.176324209029506e-05
text+audio_text_ln_lrh0.001_e5_s43,2896,5,0.33666,20.6857,1.6281549946676148e-06,8.140774973338074e-05
text+audio_text_ln_lrh0.001_e5_s43,2897,5,0.70469,19.3934,1.6210451475293283e-06,8.105225737646641e-05
text+audio_text_ln_lrh0.001_e5_s43,2898,5,0.64454,25.808,1.613935300391042e-06,8.069676501955209e-05
text+audio_text_ln_lrh0.001_e5_s43,2899,5,0.58008,29.6916,1.6068254532527552e-06,8.034127266263776e-05
text+audio_text_ln_lrh0.001_e5_s43,2900,5,0.69918,33.6746,1.5997156061144686e-06,7.998578030572342e-05
text+audio_text_ln_lrh0.001_e5_s43,2901,5,0.49548,27.6215,1.5926057589761821e-06,7.963028794880909e-05
text+audio_text_ln_lrh0.001_e5_s43,2902,5,0.21502,19.4925,1.5854959118378958e-06,7.927479559189477e-05
text+audio_text_ln_lrh0.001_e5_s43,2903,5,0.46942,43.4313,1.578386064699609e-06,7.891930323498045e-05
text+audio_text_ln_lrh0.001_e5_s43,2904,5,0.34394,21.5943,1.5712762175613225e-06,7.856381087806612e-05
text+audio_text_ln_lrh0.001_e5_s43,2905,5,0.53795,19.7515,1.5641663704230362e-06,7.82083185211518e-05
text+audio_text_ln_lrh0.001_e5_s43,2906,5,0.73227,16.6876,1.5570565232847496e-06,7.785282616423747e-05
text+audio_text_ln_lrh0.001_e5_s43,2907,5,0.82203,35.5854,1.5499466761464629e-06,7.749733380732314e-05
text+audio_text_ln_lrh0.001_e5_s43,2908,5,0.40508,26.4764,1.5428368290081764e-06,7.714184145040881e-05
text+audio_text_ln_lrh0.001_e5_s43,2909,5,1.29901,41.6833,1.53572698186989e-06,7.67863490934945e-05
text+audio_text_ln_lrh0.001_e5_s43,2910,5,0.76487,41.1986,1.5286171347316033e-06,7.643085673658017e-05
text+audio_text_ln_lrh0.001_e5_s43,2911,5,0.31148,23.3883,1.5215072875933168e-06,7.607536437966584e-05
text+audio_text_ln_lrh0.001_e5_s43,2912,5,0.35223,18.0874,1.5143974404550304e-06,7.571987202275152e-05
text+audio_text_ln_lrh0.001_e5_s43,2913,5,0.73516,26.8441,1.5072875933167439e-06,7.536437966583719e-05
text+audio_text_ln_lrh0.001_e5_s43,2914,5,0.21665,24.964,1.5001777461784571e-06,7.500888730892285e-05
text+audio_text_ln_lrh0.001_e5_s43,2915,5,0.53587,16.5413,1.4930678990401706e-06,7.465339495200852e-05
text+audio_text_ln_lrh0.001_e5_s43,2916,5,0.74163,29.2075,1.4859580519018843e-06,7.429790259509422e-05
text+audio_text_ln_lrh0.001_e5_s43,2917,5,0.23371,16.5592,1.4788482047635977e-06,7.394241023817988e-05
text+audio_text_ln_lrh0.001_e5_s43,2918,5,0.34046,32.4779,1.471738357625311e-06,7.358691788126555e-05
text+audio_text_ln_lrh0.001_e5_s43,2919,5,0.73621,25.9364,1.4646285104870247e-06,7.323142552435123e-05
text+audio_text_ln_lrh0.001_e5_s43,2920,5,0.86247,29.7127,1.4575186633487381e-06,7.28759331674369e-05
text+audio_text_ln_lrh0.001_e5_s43,2921,5,0.46305,20.2117,1.4504088162104516e-06,7.252044081052257e-05
text+audio_text_ln_lrh0.001_e5_s43,2922,5,0.60434,19.0224,1.4432989690721649e-06,7.216494845360824e-05
text+audio_text_ln_lrh0.001_e5_s43,2923,5,0.79628,36.8627,1.4361891219338785e-06,7.180945609669393e-05
text+audio_text_ln_lrh0.001_e5_s43,2924,5,0.64816,31.2885,1.429079274795592e-06,7.14539637397796e-05
text+audio_text_ln_lrh0.001_e5_s43,2925,5,0.75438,48.1541,1.4219694276573055e-06,7.109847138286527e-05
text+audio_text_ln_lrh0.001_e5_s43,2926,5,0.60142,37.5577,1.4148595805190191e-06,7.074297902595095e-05
text+audio_text_ln_lrh0.001_e5_s43,2927,5,0.52685,26.2529,1.4077497333807324e-06,7.038748666903662e-05
text+audio_text_ln_lrh0.001_e5_s43,2928,5,0.53841,17.7505,1.4006398862424459e-06,7.003199431212228e-05
text+audio_text_ln_lrh0.001_e5_s43,2929,5,1.16367,54.7668,1.3935300391041593e-06,6.967650195520796e-05
text+audio_text_ln_lrh0.001_e5_s43,2930,5,0.38511,21.1309,1.386420191965873e-06,6.932100959829365e-05
text+audio_text_ln_lrh0.001_e5_s43,2931,5,0.3022,16.8716,1.3793103448275862e-06,6.896551724137931e-05
text+audio_text_ln_lrh0.001_e5_s43,2932,5,0.68731,37.7112,1.3722004976892997e-06,6.861002488446498e-05
text+audio_text_ln_lrh0.001_e5_s43,2933,5,0.76885,39.9374,1.3650906505510134e-06,6.825453252755066e-05
text+audio_text_ln_lrh0.001_e5_s43,2934,5,0.7187,28.0924,1.3579808034127269e-06,6.789904017063633e-05
text+audio_text_ln_lrh0.001_e5_s43,2935,5,0.30813,24.9395,1.35087095627444e-06,6.7543547813722e-05
text+audio_text_ln_lrh0.001_e5_s43,2936,5,0.61466,27.4255,1.3437611091361538e-06,6.718805545680769e-05
text+audio_text_ln_lrh0.001_e5_s43,2937,5,0.59536,30.2272,1.3366512619978672e-06,6.683256309989336e-05
text+audio_text_ln_lrh0.001_e5_s43,2938,5,0.27791,15.1747,1.3295414148595807e-06,6.647707074297903e-05
text+audio_text_ln_lrh0.001_e5_s43,2939,5,0.7318,33.2593,1.322431567721294e-06,6.61215783860647e-05
text+audio_text_ln_lrh0.001_e5_s43,2940,5,0.7241,25.6678,1.3153217205830076e-06,6.576608602915038e-05
text+audio_text_ln_lrh0.001_e5_s43,2941,5,0.471,19.7617,1.308211873444721e-06,6.541059367223604e-05
text+audio_text_ln_lrh0.001_e5_s43,2942,5,0.4241,18.3421,1.3011020263064344e-06,6.505510131532171e-05
text+audio_text_ln_lrh0.001_e5_s43,2943,5,0.82323,27.2198,1.293992179168148e-06,6.469960895840741e-05
text+audio_text_ln_lrh0.001_e5_s43,2944,5,0.64229,35.2934,1.2868823320298615e-06,6.434411660149307e-05
text+audio_text_ln_lrh0.001_e5_s43,2945,5,0.37688,32.9403,1.279772484891575e-06,6.398862424457874e-05
text+audio_text_ln_lrh0.001_e5_s43,2946,5,0.24744,26.6005,1.2726626377532882e-06,6.363313188766441e-05
text+audio_text_ln_lrh0.001_e5_s43,2947,5,0.70654,27.8192,1.2655527906150019e-06,6.327763953075009e-05
text+audio_text_ln_lrh0.001_e5_s43,2948,5,0.36349,22.4376,1.2584429434767154e-06,6.292214717383576e-05
text+audio_text_ln_lrh0.001_e5_s43,2949,5,0.37974,26.014,1.2513330963384288e-06,6.256665481692144e-05
text+audio_text_ln_lrh0.001_e5_s43,2950,5,0.79764,30.7742,1.2442232492001423e-06,6.221116246000711e-05
text+audio_text_ln_lrh0.001_e5_s43,2951,5,0.67678,26.7072,1.2371134020618557e-06,6.185567010309279e-05
text+audio_text_ln_lrh0.001_e5_s43,2952,5,0.80214,42.507,1.2300035549235692e-06,6.150017774617846e-05
text+audio_text_ln_lrh0.001_e5_s43,2953,5,0.55883,43.8652,1.2228937077852827e-06,6.114468538926414e-05
text+audio_text_ln_lrh0.001_e5_s43,2954,5,0.49574,32.8608,1.2157838606469961e-06,6.0789193032349806e-05
text+audio_text_ln_lrh0.001_e5_s43,2955,5,0.57894,26.5835,1.2086740135087096e-06,6.043370067543548e-05
text+audio_text_ln_lrh0.001_e5_s43,2956,5,0.21322,14.8705,1.2015641663704233e-06,6.0078208318521155e-05
text+audio_text_ln_lrh0.001_e5_s43,2957,5,0.24595,30.577,1.1944543192321365e-06,5.972271596160682e-05
text+audio_text_ln_lrh0.001_e5_s43,2958,5,0.2075,14.9466,1.1873444720938502e-06,5.9367223604692504e-05
text+audio_text_ln_lrh0.001_e5_s43,2959,5,0.66595,25.263,1.1802346249555635e-06,5.901173124777817e-05
text+audio_text_ln_lrh0.001_e5_s43,2960,5,0.3311,27.2411,1.1731247778172771e-06,5.8656238890863846e-05
text+audio_text_ln_lrh0.001_e5_s43,2961,5,0.48572,30.3351,1.1660149306789904e-06,5.830074653394952e-05
text+audio_text_ln_lrh0.001_e5_s43,2962,5,0.40354,14.6194,1.158905083540704e-06,5.7945254177035195e-05
text+audio_text_ln_lrh0.001_e5_s43,2963,5,0.15726,14.8552,1.1517952364024175e-06,5.758976182012087e-05
text+audio_text_ln_lrh0.001_e5_s43,2964,5,0.44434,25.4944,1.144685389264131e-06,5.7234269463206544e-05
text+audio_text_ln_lrh0.001_e5_s43,2965,5,0.37636,24.1923,1.1375755421258445e-06,5.687877710629222e-05
text+audio_text_ln_lrh0.001_e5_s43,2966,5,0.4208,36.8647,1.130465694987558e-06,5.6523284749377886e-05
text+audio_text_ln_lrh0.001_e5_s43,2967,5,0.4527,18.8654,1.1233558478492714e-06,5.616779239246356e-05
text+audio_text_ln_lrh0.001_e5_s43,2968,5,0.21589,23.7739,1.1162460007109846e-06,5.5812300035549235e-05
text+audio_text_ln_lrh0.001_e5_s43,2969,5,0.28386,27.3551,1.1091361535726983e-06,5.545680767863491e-05
text+audio_text_ln_lrh0.001_e5_s43,2970,5,0.3162,39.962,1.1020263064344118e-06,5.5101315321720584e-05
text+audio_text_ln_lrh0.001_e5_s43,2971,5,0.8731,33.824,1.0949164592961252e-06,5.474582296480626e-05
text+audio_text_ln_lrh0.001_e5_s43,2972,5,0.35617,25.6167,1.0878066121578387e-06,5.439033060789193e-05
text+audio_text_ln_lrh0.001_e5_s43,2973,5,0.43046,18.2432,1.0806967650195522e-06,5.40348382509776e-05
text+audio_text_ln_lrh0.001_e5_s43,2974,5,0.70469,28.8661,1.0735869178812656e-06,5.367934589406328e-05
text+audio_text_ln_lrh0.001_e5_s43,2975,5,0.33757,16.005,1.066477070742979e-06,5.3323853537148956e-05
text+audio_text_ln_lrh0.001_e5_s43,2976,5,0.33309,14.3712,1.0593672236046926e-06,5.2968361180234624e-05
text+audio_text_ln_lrh0.001_e5_s43,2977,5,0.65911,33.1035,1.052257376466406e-06,5.26128688233203e-05
text+audio_text_ln_lrh0.001_e5_s43,2978,5,0.1827,11.8067,1.0451475293281195e-06,5.225737646640597e-05
text+audio_text_ln_lrh0.001_e5_s43,2979,5,0.69536,66.7241,1.038037682189833e-06,5.190188410949165e-05
text+audio_text_ln_lrh0.001_e5_s43,2980,5,0.44623,26.815,1.0309278350515464e-06,5.1546391752577315e-05
text+audio_text_ln_lrh0.001_e5_s43,2981,5,0.21712,13.7006,1.0238179879132599e-06,5.1190899395662997e-05
text+audio_text_ln_lrh0.001_e5_s43,2982,5,0.63635,16.4709,1.0167081407749736e-06,5.083540703874867e-05
text+audio_text_ln_lrh0.001_e5_s43,2983,5,0.73558,37.4849,1.0095982936366868e-06,5.047991468183434e-05
text+audio_text_ln_lrh0.001_e5_s43,2984,5,0.70137,20.9809,1.0024884464984005e-06,5.012442232492002e-05
text+audio_text_ln_lrh0.001_e5_s43,2985,5,0.1953,25.6748,9.953785993601137e-07,4.976892996800569e-05
text+audio_text_ln_lrh0.001_e5_s43,2986,5,0.63079,28.173,9.882687522218274e-07,4.941343761109136e-05
text+audio_text_ln_lrh0.001_e5_s43,2987,5,0.53593,53.2593,9.811589050835407e-07,4.905794525417703e-05
text+audio_text_ln_lrh0.001_e5_s43,2988,5,0.53457,33.3635,9.740490579452543e-07,4.870245289726271e-05
text+audio_text_ln_lrh0.001_e5_s43,2989,5,0.55817,21.5843,9.669392108069678e-07,4.8346960540348386e-05
text+audio_text_ln_lrh0.001_e5_s43,2990,5,0.3331,24.6892,9.598293636686813e-07,4.7991468183434053e-05
text+audio_text_ln_lrh0.001_e5_s43,2991,5,0.71846,35.0706,9.527195165303947e-07,4.7635975826519735e-05
text+audio_text_ln_lrh0.001_e5_s43,2992,5,0.73191,43.5888,9.456096693921081e-07,4.72804834696054e-05
text+audio_text_ln_lrh0.001_e5_s43,2993,5,0.48719,30.4351,9.384998222538217e-07,4.692499111269108e-05
text+audio_text_ln_lrh0.001_e5_s43,2994,5,0.41075,19.4403,9.31389975115535e-07,4.656949875577675e-05
text+audio_text_ln_lrh0.001_e5_s43,2995,5,0.49039,20.4799,9.242801279772486e-07,4.6214006398862426e-05
text+audio_text_ln_lrh0.001_e5_s43,2996,5,0.11724,11.4959,9.171702808389621e-07,4.58585140419481e-05
text+audio_text_ln_lrh0.001_e5_s43,2997,5,0.26412,19.8834,9.100604337006755e-07,4.550302168503377e-05
text+audio_text_ln_lrh0.001_e5_s43,2998,5,0.42189,26.0282,9.02950586562389e-07,4.514752932811945e-05
text+audio_text_ln_lrh0.001_e5_s43,2999,5,0.4502,39.4107,8.958407394241024e-07,4.479203697120512e-05
text+audio_text_ln_lrh0.001_e5_s43,3000,5,0.40094,24.6641,8.887308922858159e-07,4.443654461429079e-05
text+audio_text_ln_lrh0.001_e5_s43,3001,5,0.27087,13.262,8.816210451475295e-07,4.408105225737647e-05
text+audio_text_ln_lrh0.001_e5_s43,3002,5,0.55305,28.925,8.745111980092428e-07,4.372555990046214e-05
text+audio_text_ln_lrh0.001_e5_s43,3003,5,0.44709,19.2407,8.674013508709564e-07,4.3370067543547815e-05
text+audio_text_ln_lrh0.001_e5_s43,3004,5,0.43171,29.5343,8.602915037326698e-07,4.301457518663349e-05
text+audio_text_ln_lrh0.001_e5_s43,3005,5,0.61351,25.2643,8.531816565943833e-07,4.2659082829719164e-05
text+audio_text_ln_lrh0.001_e5_s43,3006,5,0.62776,34.9216,8.460718094560967e-07,4.230359047280483e-05
text+audio_text_ln_lrh0.001_e5_s43,3007,5,1.17566,43.4894,8.389619623178103e-07,4.194809811589051e-05
text+audio_text_ln_lrh0.001_e5_s43,3008,5,0.86883,34.1067,8.318521151795237e-07,4.159260575897619e-05
text+audio_text_ln_lrh0.001_e5_s43,3009,5,0.41244,30.8765,8.247422680412372e-07,4.1237113402061855e-05
text+audio_text_ln_lrh0.001_e5_s43,3010,5,0.56255,21.9716,8.176324209029507e-07,4.088162104514753e-05
text+audio_text_ln_lrh0.001_e5_s43,3011,5,0.82628,22.5763,8.105225737646641e-07,4.0526128688233204e-05
text+audio_text_ln_lrh0.001_e5_s43,3012,5,0.41188,27.6755,8.034127266263776e-07,4.017063633131888e-05
text+audio_text_ln_lrh0.001_e5_s43,3013,5,0.23825,25.2263,7.963028794880911e-07,3.9815143974404546e-05
text+audio_text_ln_lrh0.001_e5_s43,3014,5,0.6426,26.978,7.891930323498045e-07,3.945965161749023e-05
text+audio_text_ln_lrh0.001_e5_s43,3015,5,0.3552,29.8939,7.820831852115181e-07,3.91041592605759e-05
text+audio_text_ln_lrh0.001_e5_s43,3016,5,0.41887,24.1001,7.749733380732314e-07,3.874866690366157e-05
text+audio_text_ln_lrh0.001_e5_s43,3017,5,1.19152,46.9618,7.67863490934945e-07,3.839317454674725e-05
text+audio_text_ln_lrh0.001_e5_s43,3018,5,0.29137,19.7099,7.607536437966584e-07,3.803768218983292e-05
text+audio_text_ln_lrh0.001_e5_s43,3019,5,0.80577,24.442,7.536437966583719e-07,3.768218983291859e-05
text+audio_text_ln_lrh0.001_e5_s43,3020,5,0.73456,34.0406,7.465339495200853e-07,3.732669747600426e-05
text+audio_text_ln_lrh0.001_e5_s43,3021,5,0.57101,26.1097,7.394241023817989e-07,3.697120511908994e-05
text+audio_text_ln_lrh0.001_e5_s43,3022,5,0.34549,14.1885,7.323142552435123e-07,3.6615712762175616e-05
text+audio_text_ln_lrh0.001_e5_s43,3023,5,0.09179,9.3758,7.252044081052258e-07,3.6260220405261284e-05
text+audio_text_ln_lrh0.001_e5_s43,3024,5,0.41932,25.7117,7.180945609669393e-07,3.5904728048346965e-05
text+audio_text_ln_lrh0.001_e5_s43,3025,5,0.76677,24.1537,7.109847138286527e-07,3.554923569143263e-05
text+audio_text_ln_lrh0.001_e5_s43,3026,5,0.24146,16.1878,7.038748666903662e-07,3.519374333451831e-05
text+audio_text_ln_lrh0.001_e5_s43,3027,5,0.26309,13.525,6.967650195520797e-07,3.483825097760398e-05
text+audio_text_ln_lrh0.001_e5_s43,3028,5,0.43124,19.5702,6.896551724137931e-07,3.4482758620689657e-05
text+audio_text_ln_lrh0.001_e5_s43,3029,5,0.54407,41.8307,6.825453252755067e-07,3.412726626377533e-05
text+audio_text_ln_lrh0.001_e5_s43,3030,5,0.41036,30.5873,6.7543547813722e-07,3.3771773906861e-05
text+audio_text_ln_lrh0.001_e5_s43,3031,5,0.88064,17.1615,6.683256309989336e-07,3.341628154994668e-05
text+audio_text_ln_lrh0.001_e5_s43,3032,5,0.96392,23.4162,6.61215783860647e-07,3.306078919303235e-05
text+audio_text_ln_lrh0.001_e5_s43,3033,5,0.47376,23.2297,6.541059367223606e-07,3.270529683611802e-05
text+audio_text_ln_lrh0.001_e5_s43,3034,5,0.28074,18.6676,6.46996089584074e-07,3.2349804479203703e-05
text+audio_text_ln_lrh0.001_e5_s43,3035,5,0.51205,33.3675,6.398862424457875e-07,3.199431212228937e-05
text+audio_text_ln_lrh0.001_e5_s43,3036,5,0.40169,24.3901,6.327763953075009e-07,3.1638819765375046e-05
text+audio_text_ln_lrh0.001_e5_s43,3037,5,0.50985,30.9293,6.256665481692144e-07,3.128332740846072e-05
text+audio_text_ln_lrh0.001_e5_s43,3038,5,0.35758,20.7422,6.185567010309279e-07,3.0927835051546395e-05
text+audio_text_ln_lrh0.001_e5_s43,3039,5,0.93057,33.6492,6.114468538926413e-07,3.057234269463207e-05
text+audio_text_ln_lrh0.001_e5_s43,3040,5,0.33953,18.1815,6.043370067543548e-07,3.021685033771774e-05
text+audio_text_ln_lrh0.001_e5_s43,3041,5,0.77469,30.8708,5.972271596160683e-07,2.986135798080341e-05
text+audio_text_ln_lrh0.001_e5_s43,3042,5,0.71854,33.6038,5.901173124777817e-07,2.9505865623889086e-05
text+audio_text_ln_lrh0.001_e5_s43,3043,5,0.23223,13.3653,5.830074653394952e-07,2.915037326697476e-05
text+audio_text_ln_lrh0.001_e5_s43,3044,5,1.40311,35.8401,5.758976182012088e-07,2.8794880910060435e-05
text+audio_text_ln_lrh0.001_e5_s43,3045,5,0.54254,26.8045,5.687877710629222e-07,2.843938855314611e-05
text+audio_text_ln_lrh0.001_e5_s43,3046,5,0.48689,39.8547,5.616779239246357e-07,2.808389619623178e-05
text+audio_text_ln_lrh0.001_e5_s43,3047,5,0.76017,29.0009,5.545680767863492e-07,2.7728403839317455e-05
text+audio_text_ln_lrh0.001_e5_s43,3048,5,0.94027,27.6358,5.474582296480626e-07,2.737291148240313e-05
text+audio_text_ln_lrh0.001_e5_s43,3049,5,0.27337,20.482,5.403483825097761e-07,2.70174191254888e-05
text+audio_text_ln_lrh0.001_e5_s43,3050,5,0.31556,22.892,5.332385353714895e-07,2.6661926768574478e-05
text+audio_text_ln_lrh0.001_e5_s43,3051,5,0.55838,29.8204,5.26128688233203e-07,2.630643441166015e-05
text+audio_text_ln_lrh0.001_e5_s43,3052,5,0.53704,35.9793,5.190188410949165e-07,2.5950942054745824e-05
text+audio_text_ln_lrh0.001_e5_s43,3053,5,0.62701,22.093,5.119089939566299e-07,2.5595449697831498e-05
text+audio_text_ln_lrh0.001_e5_s43,3054,5,0.38685,26.7605,5.047991468183434e-07,2.523995734091717e-05
text+audio_text_ln_lrh0.001_e5_s43,3055,5,0.85557,30.2153,4.976892996800569e-07,2.4884464984002844e-05
text+audio_text_ln_lrh0.001_e5_s43,3056,5,0.4481,35.825,4.905794525417703e-07,2.4528972627088515e-05
text+audio_text_ln_lrh0.001_e5_s43,3057,5,0.34052,27.7436,4.834696054034839e-07,2.4173480270174193e-05
text+audio_text_ln_lrh0.001_e5_s43,3058,5,0.30511,17.0314,4.7635975826519737e-07,2.3817987913259867e-05
text+audio_text_ln_lrh0.001_e5_s43,3059,5,0.83569,35.5796,4.6924991112691083e-07,2.346249555634554e-05
text+audio_text_ln_lrh0.001_e5_s43,3060,5,0.41181,15.8526,4.621400639886243e-07,2.3107003199431213e-05
text+audio_text_ln_lrh0.001_e5_s43,3061,5,0.4006,35.3317,4.5503021685033776e-07,2.2751510842516884e-05
text+audio_text_ln_lrh0.001_e5_s43,3062,5,0.3258,29.7969,4.479203697120512e-07,2.239601848560256e-05
text+audio_text_ln_lrh0.001_e5_s43,3063,5,0.42648,37.7167,4.4081052257376474e-07,2.2040526128688236e-05
text+audio_text_ln_lrh0.001_e5_s43,3064,5,0.11987,10.7129,4.337006754354782e-07,2.1685033771773907e-05
text+audio_text_ln_lrh0.001_e5_s43,3065,5,0.31696,22.0292,4.2659082829719167e-07,2.1329541414859582e-05
text+audio_text_ln_lrh0.001_e5_s43,3066,5,0.41942,23.505,4.1948098115890513e-07,2.0974049057945256e-05
text+audio_text_ln_lrh0.001_e5_s43,3067,5,0.26692,11.4855,4.123711340206186e-07,2.0618556701030927e-05
text+audio_text_ln_lrh0.001_e5_s43,3068,5,0.35908,17.8106,4.0526128688233206e-07,2.0263064344116602e-05
text+audio_text_ln_lrh0.001_e5_s43,3069,5,0.3969,21.783,3.9815143974404553e-07,1.9907571987202273e-05
text+audio_text_ln_lrh0.001_e5_s43,3070,5,0.31705,22.5271,3.9104159260575904e-07,1.955207963028795e-05
text+audio_text_ln_lrh0.001_e5_s43,3071,5,0.49376,27.1645,3.839317454674725e-07,1.9196587273373625e-05
text+audio_text_ln_lrh0.001_e5_s43,3072,5,0.69009,32.5031,3.7682189832918597e-07,1.8841094916459297e-05
text+audio_text_ln_lrh0.001_e5_s43,3073,5,0.45435,25.767,3.6971205119089944e-07,1.848560255954497e-05
text+audio_text_ln_lrh0.001_e5_s43,3074,5,0.71832,28.6219,3.626022040526129e-07,1.8130110202630642e-05
text+audio_text_ln_lrh0.001_e5_s43,3075,5,0.45949,18.6495,3.5549235691432637e-07,1.7774617845716317e-05
text+audio_text_ln_lrh0.001_e5_s43,3076,5,0.77127,20.3522,3.4838250977603983e-07,1.741912548880199e-05
text+audio_text_ln_lrh0.001_e5_s43,3077,5,0.29623,26.3543,3.4127266263775335e-07,1.7063633131887666e-05
text+audio_text_ln_lrh0.001_e5_s43,3078,5,0.49643,30.723,3.341628154994668e-07,1.670814077497334e-05
text+audio_text_ln_lrh0.001_e5_s43,3079,5,0.89076,50.1268,3.270529683611803e-07,1.635264841805901e-05
text+audio_text_ln_lrh0.001_e5_s43,3080,5,0.35883,44.1333,3.1994312122289374e-07,1.5997156061144686e-05
text+audio_text_ln_lrh0.001_e5_s43,3081,5,0.43584,35.7346,3.128332740846072e-07,1.564166370423036e-05
text+audio_text_ln_lrh0.001_e5_s43,3082,5,0.53992,28.1393,3.0572342694632067e-07,1.5286171347316035e-05
text+audio_text_ln_lrh0.001_e5_s43,3083,5,0.13331,17.6986,2.9861357980803413e-07,1.4930678990401706e-05
text+audio_text_ln_lrh0.001_e5_s43,3084,5,0.52631,30.3183,2.915037326697476e-07,1.457518663348738e-05
text+audio_text_ln_lrh0.001_e5_s43,3085,5,0.67646,21.5356,2.843938855314611e-07,1.4219694276573055e-05
text+audio_text_ln_lrh0.001_e5_s43,3086,5,0.73142,24.8797,2.772840383931746e-07,1.3864201919658727e-05
text+audio_text_ln_lrh0.001_e5_s43,3087,5,0.41069,18.9729,2.7017419125488804e-07,1.35087095627444e-05
text+audio_text_ln_lrh0.001_e5_s43,3088,5,0.80924,46.0276,2.630643441166015e-07,1.3153217205830075e-05
text+audio_text_ln_lrh0.001_e5_s43,3089,5,0.19602,24.1285,2.5595449697831497e-07,1.2797724848915749e-05
text+audio_text_ln_lrh0.001_e5_s43,3090,5,0.54451,18.402,2.4884464984002843e-07,1.2442232492001422e-05
text+audio_text_ln_lrh0.001_e5_s43,3091,5,0.33679,18.3593,2.4173480270174195e-07,1.2086740135087096e-05
text+audio_text_ln_lrh0.001_e5_s43,3092,5,0.46173,23.2234,2.3462495556345542e-07,1.173124777817277e-05
text+audio_text_ln_lrh0.001_e5_s43,3093,5,0.48671,23.1682,2.2751510842516888e-07,1.1375755421258442e-05
text+audio_text_ln_lrh0.001_e5_s43,3094,5,0.80821,28.9068,2.2040526128688237e-07,1.1020263064344118e-05
text+audio_text_ln_lrh0.001_e5_s43,3095,5,0.55385,39.2164,2.1329541414859584e-07,1.0664770707429791e-05
text+audio_text_ln_lrh0.001_e5_s43,3096,5,0.50408,41.613,2.061855670103093e-07,1.0309278350515464e-05
text+audio_text_ln_lrh0.001_e5_s43,3097,5,0.35575,26.4482,1.9907571987202276e-07,9.953785993601137e-06
text+audio_text_ln_lrh0.001_e5_s43,3098,5,0.56691,28.6342,1.9196587273373625e-07,9.598293636686813e-06
text+audio_text_ln_lrh0.001_e5_s43,3099,5,0.16818,11.0436,1.8485602559544972e-07,9.242801279772485e-06
text+audio_text_ln_lrh0.001_e5_s43,3100,5,0.55299,49.021,1.7774617845716318e-07,8.887308922858158e-06
text+audio_text_ln_lrh0.001_e5_s43,3101,5,0.71435,39.7024,1.7063633131887667e-07,8.531816565943833e-06
text+audio_text_ln_lrh0.001_e5_s43,3102,5,0.3701,27.8693,1.6352648418059014e-07,8.176324209029506e-06
text+audio_text_ln_lrh0.001_e5_s43,3103,5,0.68507,30.7275,1.564166370423036e-07,7.82083185211518e-06
text+audio_text_ln_lrh0.001_e5_s43,3104,5,0.72669,34.6024,1.4930678990401707e-07,7.465339495200853e-06
text+audio_text_ln_lrh0.001_e5_s43,3105,5,0.76052,20.3516,1.4219694276573056e-07,7.109847138286527e-06
text+audio_text_ln_lrh0.001_e5_s43,3106,5,0.79338,28.9185,1.3508709562744402e-07,6.7543547813722e-06
text+audio_text_ln_lrh0.001_e5_s43,3107,5,0.35531,18.4515,1.2797724848915749e-07,6.3988624244578746e-06
text+audio_text_ln_lrh0.001_e5_s43,3108,5,0.58407,36.2873,1.2086740135087098e-07,6.043370067543548e-06
text+audio_text_ln_lrh0.001_e5_s43,3109,5,0.62306,40.258,1.1375755421258444e-07,5.687877710629221e-06
text+audio_text_ln_lrh0.001_e5_s43,3110,5,0.38198,28.0929,1.0664770707429792e-07,5.3323853537148955e-06
text+audio_text_ln_lrh0.001_e5_s43,3111,5,1.14345,30.8668,9.953785993601138e-08,4.976892996800568e-06
text+audio_text_ln_lrh0.001_e5_s43,3112,5,0.50789,17.4985,9.242801279772486e-08,4.621400639886243e-06
text+audio_text_ln_lrh0.001_e5_s43,3113,5,0.07029,5.4905,8.531816565943834e-08,4.265908282971916e-06
text+audio_text_ln_lrh0.001_e5_s43,3114,5,0.46233,47.6118,7.82083185211518e-08,3.91041592605759e-06
text+audio_text_ln_lrh0.001_e5_s43,3115,5,0.49378,19.733,7.109847138286528e-08,3.5549235691432637e-06
text+audio_text_ln_lrh0.001_e5_s43,3116,5,0.16974,16.0871,6.398862424457874e-08,3.1994312122289373e-06
text+audio_text_ln_lrh0.001_e5_s43,3117,5,0.28437,20.2711,5.687877710629222e-08,2.8439388553146105e-06
text+audio_text_ln_lrh0.001_e5_s43,3118,5,0.24111,19.6812,4.976892996800569e-08,2.488446498400284e-06
text+audio_text_ln_lrh0.001_e5_s43,3119,5,0.46266,37.5333,4.265908282971917e-08,2.132954141485958e-06
text+audio_text_ln_lrh0.001_e5_s43,3120,5,0.51122,27.204,3.554923569143264e-08,1.7774617845716318e-06
text+audio_text_ln_lrh0.001_e5_s43,3121,5,0.35598,18.9368,2.843938855314611e-08,1.4219694276573052e-06
text+audio_text_ln_lrh0.001_e5_s43,3122,5,0.81436,43.192,2.1329541414859584e-08,1.066477070742979e-06
text+audio_text_ln_lrh0.001_e5_s43,3123,5,0.34908,23.154,1.4219694276573055e-08,7.109847138286526e-07
text+audio_text_ln_lrh0.001_e5_s43,3124,5,0.76044,26.2163,7.1098471382865275e-09,3.554923569143263e-07
text+audio_text_ln_lrh0.001_e5_s43,3125,5,0.09139,12.745,0.0,0.0
text+audio_text_ln_lrh0.001_e5_s44,1,1,1.91095,7.8145,6.41025641025641e-08,3.205128205128205e-06
text+audio_text_ln_lrh0.001_e5_s44,2,1,1.92046,6.8978,1.282051282051282e-07,6.41025641025641e-06
text+audio_text_ln_lrh0.001_e5_s44,3,1,1.90033,4.5163,1.9230769230769234e-07,9.615384615384616e-06
text+audio_text_ln_lrh0.001_e5_s44,4,1,1.87794,7.0424,2.564102564102564e-07,1.282051282051282e-05
text+audio_text_ln_lrh0.001_e5_s44,5,1,1.83946,5.4145,3.205128205128205e-07,1.6025641025641026e-05
text+audio_text_ln_lrh0.001_e5_s44,6,1,1.91131,10.3527,3.846153846153847e-07,1.923076923076923e-05
text+audio_text_ln_lrh0.001_e5_s44,7,1,1.90269,8.6254,4.4871794871794876e-07,2.2435897435897437e-05
text+audio_text_ln_lrh0.001_e5_s44,8,1,1.8672,5.0058,5.128205128205128e-07,2.564102564102564e-05
text+audio_text_ln_lrh0.001_e5_s44,9,1,1.82782,10.0378,5.76923076923077e-07,2.884615384615385e-05
text+audio_text_ln_lrh0.001_e5_s44,10,1,1.81831,6.3241,6.41025641025641e-07,3.205128205128205e-05
text+audio_text_ln_lrh0.001_e5_s44,11,1,1.82177,4.5998,7.051282051282052e-07,3.5256410256410254e-05
text+audio_text_ln_lrh0.001_e5_s44,12,1,1.84439,6.9453,7.692307692307694e-07,3.846153846153846e-05
text+audio_text_ln_lrh0.001_e5_s44,13,1,1.88707,5.7672,8.333333333333333e-07,4.1666666666666665e-05
text+audio_text_ln_lrh0.001_e5_s44,14,1,1.79248,7.0314,8.974358974358975e-07,4.4871794871794874e-05
text+audio_text_ln_lrh0.001_e5_s44,15,1,1.79067,4.2121,9.615384615384617e-07,4.8076923076923084e-05
text+audio_text_ln_lrh0.001_e5_s44,16,1,1.74798,5.1437,1.0256410256410257e-06,5.128205128205128e-05
text+audio_text_ln_lrh0.001_e5_s44,17,1,1.77613,3.4807,1.0897435897435899e-06,5.448717948717949e-05
text+audio_text_ln_lrh0.001_e5_s44,18,1,1.75431,5.549,1.153846153846154e-06,5.76923076923077e-05
text+audio_text_ln_lrh0.001_e5_s44,19,1,1.64126,6.5031,1.217948717948718e-06,6.08974358974359e-05
text+audio_text_ln_lrh0.001_e5_s44,20,1,1.54036,8.8942,1.282051282051282e-06,6.41025641025641e-05
text+audio_text_ln_lrh0.001_e5_s44,21,1,1.76691,4.2676,1.3461538461538462e-06,6.73076923076923e-05
text+audio_text_ln_lrh0.001_e5_s44,22,1,1.55283,6.2465,1.4102564102564104e-06,7.051282051282051e-05
text+audio_text_ln_lrh0.001_e5_s44,23,1,1.85396,4.1737,1.4743589743589745e-06,7.371794871794872e-05
text+audio_text_ln_lrh0.001_e5_s44,24,1,1.57691,4.922,1.5384615384615387e-06,7.692307692307693e-05
text+audio_text_ln_lrh0.001_e5_s44,25,1,1.61184,3.7179,1.602564102564103e-06,8.012820512820514e-05
text+audio_text_ln_lrh0.001_e5_s44,26,1,1.31848,8.0558,1.6666666666666667e-06,8.333333333333333e-05
text+audio_text_ln_lrh0.001_e5_s44,27,1,1.62694,4.1415,1.7307692307692308e-06,8.653846153846153e-05
text+audio_text_ln_lrh0.001_e5_s44,28,1,1.5878,4.0321,1.794871794871795e-06,8.974358974358975e-05
text+audio_text_ln_lrh0.001_e5_s44,29,1,1.6439,4.1759,1.8589743589743592e-06,9.294871794871795e-05
text+audio_text_ln_lrh0.001_e5_s44,30,1,1.42315,5.4636,1.9230769230769234e-06,9.615384615384617e-05
text+audio_text_ln_lrh0.001_e5_s44,31,1,1.64877,4.2243,1.987179487179487e-06,9.935897435897436e-05
text+audio_text_ln_lrh0.001_e5_s44,32,1,1.66224,4.2547,2.0512820512820513e-06,0.00010256410256410256
text+audio_text_ln_lrh0.001_e5_s44,33,1,1.61844,3.3793,2.1153846153846155e-06,0.00010576923076923077
text+audio_text_ln_lrh0.001_e5_s44,34,1,1.72787,4.1803,2.1794871794871797e-06,0.00010897435897435898
text+audio_text_ln_lrh0.001_e5_s44,35,1,1.37195,3.7729,2.243589743589744e-06,0.00011217948717948718
text+audio_text_ln_lrh0.001_e5_s44,36,1,1.71887,4.1813,2.307692307692308e-06,0.0001153846153846154
text+audio_text_ln_lrh0.001_e5_s44,37,1,1.59537,4.4295,2.371794871794872e-06,0.00011858974358974358
text+audio_text_ln_lrh0.001_e5_s44,38,1,1.37597,3.8638,2.435897435897436e-06,0.0001217948717948718
text+audio_text_ln_lrh0.001_e5_s44,39,1,1.57262,3.1317,2.5e-06,0.000125
text+audio_text_ln_lrh0.001_e5_s44,40,1,1.33855,2.9637,2.564102564102564e-06,0.0001282051282051282
text+audio_text_ln_lrh0.001_e5_s44,41,1,1.89734,7.2353,2.6282051282051286e-06,0.0001314102564102564
text+audio_text_ln_lrh0.001_e5_s44,42,1,1.64414,3.8809,2.6923076923076923e-06,0.0001346153846153846
text+audio_text_ln_lrh0.001_e5_s44,43,1,1.65707,5.05,2.756410256410257e-06,0.00013782051282051284
text+audio_text_ln_lrh0.001_e5_s44,44,1,1.90489,5.5223,2.8205128205128207e-06,0.00014102564102564101
text+audio_text_ln_lrh0.001_e5_s44,45,1,0.83438,6.4472,2.8846153846153845e-06,0.00014423076923076922
text+audio_text_ln_lrh0.001_e5_s44,46,1,1.38251,2.8031,2.948717948717949e-06,0.00014743589743589745
text+audio_text_ln_lrh0.001_e5_s44,47,1,1.80665,6.7923,3.012820512820513e-06,0.00015064102564102565
text+audio_text_ln_lrh0.001_e5_s44,48,1,1.89257,5.7054,3.0769230769230774e-06,0.00015384615384615385
text+audio_text_ln_lrh0.001_e5_s44,49,1,1.56093,4.9573,3.141025641025641e-06,0.00015705128205128205
text+audio_text_ln_lrh0.001_e5_s44,50,1,1.45367,3.2399,3.205128205128206e-06,0.00016025641025641028
text+audio_text_ln_lrh0.001_e5_s44,51,1,1.71183,3.9923,3.2692307692307696e-06,0.00016346153846153846
text+audio_text_ln_lrh0.001_e5_s44,52,1,1.79329,4.9095,3.3333333333333333e-06,0.00016666666666666666
text+audio_text_ln_lrh0.001_e5_s44,53,1,1.54139,3.513,3.397435897435898e-06,0.0001698717948717949
text+audio_text_ln_lrh0.001_e5_s44,54,1,1.40964,3.9573,3.4615384615384617e-06,0.00017307692307692307
text+audio_text_ln_lrh0.001_e5_s44,55,1,1.13355,5.2724,3.5256410256410263e-06,0.0001762820512820513
text+audio_text_ln_lrh0.001_e5_s44,56,1,1.39154,4.4108,3.58974358974359e-06,0.0001794871794871795
text+audio_text_ln_lrh0.001_e5_s44,57,1,2.09027,6.4864,3.653846153846154e-06,0.00018269230769230767
text+audio_text_ln_lrh0.001_e5_s44,58,1,1.5671,4.5429,3.7179487179487184e-06,0.0001858974358974359
text+audio_text_ln_lrh0.001_e5_s44,59,1,1.06365,9.7882,3.782051282051282e-06,0.0001891025641025641
text+audio_text_ln_lrh0.001_e5_s44,60,1,1.58081,3.5408,3.846153846153847e-06,0.00019230769230769233
text+audio_text_ln_lrh0.001_e5_s44,61,1,1.72687,4.6669,3.910256410256411e-06,0.0001955128205128205
text+audio_text_ln_lrh0.001_e5_s44,62,1,1.45403,4.1226,3.974358974358974e-06,0.0001987179487179487
text+audio_text_ln_lrh0.001_e5_s44,63,1,1.45539,3.9182,4.0384615384615385e-06,0.00020192307692307694
text+audio_text_ln_lrh0.001_e5_s44,64,1,1.75562,6.8427,4.102564102564103e-06,0.00020512820512820512
text+audio_text_ln_lrh0.001_e5_s44,65,1,1.25522,3.09,4.166666666666667e-06,0.00020833333333333335
text+audio_text_ln_lrh0.001_e5_s44,66,1,1.75591,6.5292,4.230769230769231e-06,0.00021153846153846155
text+audio_text_ln_lrh0.001_e5_s44,67,1,1.32587,4.3183,4.294871794871795e-06,0.00021474358974358972
text+audio_text_ln_lrh0.001_e5_s44,68,1,1.53685,4.5218,4.358974358974359e-06,0.00021794871794871795
text+audio_text_ln_lrh0.001_e5_s44,69,1,1.50095,3.1932,4.423076923076924e-06,0.00022115384615384616
text+audio_text_ln_lrh0.001_e5_s44,70,1,1.5144,4.7843,4.487179487179488e-06,0.00022435897435897436
text+audio_text_ln_lrh0.001_e5_s44,71,1,1.31579,5.9109,4.551282051282052e-06,0.00022756410256410256
text+audio_text_ln_lrh0.001_e5_s44,72,1,1.43529,4.6782,4.615384615384616e-06,0.0002307692307692308
text+audio_text_ln_lrh0.001_e5_s44,73,1,1.39825,4.5595,4.6794871794871795e-06,0.000233974358974359
text+audio_text_ln_lrh0.001_e5_s44,74,1,1.2261,6.1687,4.743589743589744e-06,0.00023717948717948717
text+audio_text_ln_lrh0.001_e5_s44,75,1,1.29859,4.3377,4.807692307692308e-06,0.0002403846153846154
text+audio_text_ln_lrh0.001_e5_s44,76,1,1.62634,4.7794,4.871794871794872e-06,0.0002435897435897436
text+audio_text_ln_lrh0.001_e5_s44,77,1,1.25986,4.2058,4.935897435897436e-06,0.0002467948717948718
text+audio_text_ln_lrh0.001_e5_s44,78,1,1.76647,6.9299,5e-06,0.00025
text+audio_text_ln_lrh0.001_e5_s44,79,1,1.04566,5.2653,5.064102564102565e-06,0.0002532051282051282
text+audio_text_ln_lrh0.001_e5_s44,80,1,1.17519,4.9731,5.128205128205128e-06,0.0002564102564102564
text+audio_text_ln_lrh0.001_e5_s44,81,1,1.43621,23.4312,5.192307692307693e-06,0.00025961538461538467
text+audio_text_ln_lrh0.001_e5_s44,82,1,1.07991,6.0338,5.256410256410257e-06,0.0002628205128205128
text+audio_text_ln_lrh0.001_e5_s44,83,1,1.57732,6.0446,5.320512820512821e-06,0.000266025641025641
text+audio_text_ln_lrh0.001_e5_s44,84,1,2.30136,9.2178,5.384615384615385e-06,0.0002692307692307692
text+audio_text_ln_lrh0.001_e5_s44,85,1,1.51869,7.1538,5.448717948717949e-06,0.0002724358974358974
text+audio_text_ln_lrh0.001_e5_s44,86,1,1.44255,6.1153,5.512820512820514e-06,0.0002756410256410257
text+audio_text_ln_lrh0.001_e5_s44,87,1,1.43629,5.7258,5.576923076923077e-06,0.0002788461538461539
text+audio_text_ln_lrh0.001_e5_s44,88,1,1.56889,4.3927,5.641025641025641e-06,0.00028205128205128203
text+audio_text_ln_lrh0.001_e5_s44,89,1,1.4461,6.736,5.705128205128206e-06,0.00028525641025641023
text+audio_text_ln_lrh0.001_e5_s44,90,1,1.52163,4.8901,5.769230769230769e-06,0.00028846153846153843
text+audio_text_ln_lrh0.001_e5_s44,91,1,1.42607,5.1698,5.833333333333334e-06,0.0002916666666666667
text+audio_text_ln_lrh0.001_e5_s44,92,1,1.06116,5.6646,5.897435897435898e-06,0.0002948717948717949
text+audio_text_ln_lrh0.001_e5_s44,93,1,1.18822,4.4784,5.961538461538462e-06,0.0002980769230769231
text+audio_text_ln_lrh0.001_e5_s44,94,1,1.31803,5.9619,6.025641025641026e-06,0.0003012820512820513
text+audio_text_ln_lrh0.001_e5_s44,95,1,1.18624,5.9018,6.08974358974359e-06,0.00030448717948717945
text+audio_text_ln_lrh0.001_e5_s44,96,1,1.49143,5.5786,6.153846153846155e-06,0.0003076923076923077
text+audio_text_ln_lrh0.001_e5_s44,97,1,1.3361,4.7546,6.217948717948718e-06,0.0003108974358974359
text+audio_text_ln_lrh0.001_e5_s44,98,1,1.52095,19.6062,6.282051282051282e-06,0.0003141025641025641
text+audio_text_ln_lrh0.001_e5_s44,99,1,1.16626,4.6145,6.3461538461538466e-06,0.0003173076923076923
text+audio_text_ln_lrh0.001_e5_s44,100,1,1.63868,5.4088,6.410256410256412e-06,0.00032051282051282057
text+audio_text_ln_lrh0.001_e5_s44,101,1,1.21911,3.714,6.474358974358975e-06,0.0003237179487179487
text+audio_text_ln_lrh0.001_e5_s44,102,1,1.36429,3.9514,6.538461538461539e-06,0.0003269230769230769
text+audio_text_ln_lrh0.001_e5_s44,103,1,0.93739,4.6855,6.602564102564103e-06,0.0003301282051282051
text+audio_text_ln_lrh0.001_e5_s44,104,1,1.43858,5.2376,6.666666666666667e-06,0.0003333333333333333
text+audio_text_ln_lrh0.001_e5_s44,105,1,1.43118,7.363,6.730769230769232e-06,0.0003365384615384616
text+audio_text_ln_lrh0.001_e5_s44,106,1,1.56016,7.406,6.794871794871796e-06,0.0003397435897435898
text+audio_text_ln_lrh0.001_e5_s44,107,1,0.92547,6.7578,6.858974358974359e-06,0.000342948717948718
text+audio_text_ln_lrh0.001_e5_s44,108,1,1.28658,7.4093,6.923076923076923e-06,0.00034615384615384613
text+audio_text_ln_lrh0.001_e5_s44,109,1,1.50518,6.5016,6.9871794871794876e-06,0.00034935897435897433
text+audio_text_ln_lrh0.001_e5_s44,110,1,1.09378,8.7973,7.051282051282053e-06,0.0003525641025641026
text+audio_text_ln_lrh0.001_e5_s44,111,1,1.29363,6.433,7.115384615384616e-06,0.0003557692307692308
text+audio_text_ln_lrh0.001_e5_s44,112,1,1.36324,6.235,7.17948717948718e-06,0.000358974358974359
text+audio_text_ln_lrh0.001_e5_s44,113,1,1.44381,8.0432,7.243589743589744e-06,0.0003621794871794872
text+audio_text_ln_lrh0.001_e5_s44,114,1,1.22508,6.1158,7.307692307692308e-06,0.00036538461538461535
text+audio_text_ln_lrh0.001_e5_s44,115,1,1.1334,6.0709,7.371794871794873e-06,0.0003685897435897436
text+audio_text_ln_lrh0.001_e5_s44,116,1,1.61183,7.705,7.435897435897437e-06,0.0003717948717948718
text+audio_text_ln_lrh0.001_e5_s44,117,1,0.79394,7.2403,7.500000000000001e-06,0.000375
text+audio_text_ln_lrh0.001_e5_s44,118,1,1.19834,6.6622,7.564102564102564e-06,0.0003782051282051282
text+audio_text_ln_lrh0.001_e5_s44,119,1,1.39387,8.7407,7.6282051282051286e-06,0.0003814102564102564
text+audio_text_ln_lrh0.001_e5_s44,120,1,1.32147,7.2132,7.692307692307694e-06,0.00038461538461538467
text+audio_text_ln_lrh0.001_e5_s44,121,1,1.13506,8.7123,7.756410256410258e-06,0.0003878205128205128
text+audio_text_ln_lrh0.001_e5_s44,122,1,1.54646,12.7448,7.820512820512822e-06,0.000391025641025641
text+audio_text_ln_lrh0.001_e5_s44,123,1,1.14509,5.9511,7.884615384615384e-06,0.0003942307692307692
text+audio_text_ln_lrh0.001_e5_s44,124,1,1.76038,10.0645,7.948717948717949e-06,0.0003974358974358974
text+audio_text_ln_lrh0.001_e5_s44,125,1,1.01981,8.0917,8.012820512820515e-06,0.0004006410256410257
text+audio_text_ln_lrh0.001_e5_s44,126,1,1.74936,8.6319,8.076923076923077e-06,0.0004038461538461539
text+audio_text_ln_lrh0.001_e5_s44,127,1,1.1248,15.4702,8.141025641025641e-06,0.00040705128205128203
text+audio_text_ln_lrh0.001_e5_s44,128,1,0.97591,6.3999,8.205128205128205e-06,0.00041025641025641023
text+audio_text_ln_lrh0.001_e5_s44,129,1,1.42026,9.0272,8.26923076923077e-06,0.00041346153846153844
text+audio_text_ln_lrh0.001_e5_s44,130,1,1.04393,8.7255,8.333333333333334e-06,0.0004166666666666667
text+audio_text_ln_lrh0.001_e5_s44,131,1,0.97704,5.8382,8.397435897435898e-06,0.0004198717948717949
text+audio_text_ln_lrh0.001_e5_s44,132,1,0.91774,5.8114,8.461538461538462e-06,0.0004230769230769231
text+audio_text_ln_lrh0.001_e5_s44,133,1,1.17489,8.5711,8.525641025641026e-06,0.0004262820512820513
text+audio_text_ln_lrh0.001_e5_s44,134,1,1.80515,7.8564,8.58974358974359e-06,0.00042948717948717945
text+audio_text_ln_lrh0.001_e5_s44,135,1,1.04774,7.3599,8.653846153846155e-06,0.0004326923076923077
text+audio_text_ln_lrh0.001_e5_s44,136,1,1.43644,7.0684,8.717948717948719e-06,0.0004358974358974359
text+audio_text_ln_lrh0.001_e5_s44,137,1,1.15846,7.9515,8.782051282051283e-06,0.0004391025641025641
text+audio_text_ln_lrh0.001_e5_s44,138,1,1.65219,9.4266,8.846153846153847e-06,0.0004423076923076923
text+audio_text_ln_lrh0.001_e5_s44,139,1,1.72595,12.2056,8.910256410256411e-06,0.00044551282051282057
text+audio_text_ln_lrh0.001_e5_s44,140,1,0.9277,7.5295,8.974358974358976e-06,0.0004487179487179487
text+audio_text_ln_lrh0.001_e5_s44,141,1,1.39673,14.1616,9.03846153846154e-06,0.0004519230769230769
text+audio_text_ln_lrh0.001_e5_s44,142,1,1.16468,6.2795,9.102564102564104e-06,0.0004551282051282051
text+audio_text_ln_lrh0.001_e5_s44,143,1,1.41927,13.0547,9.166666666666666e-06,0.0004583333333333333
text+audio_text_ln_lrh0.001_e5_s44,144,1,1.11704,12.3239,9.230769230769232e-06,0.0004615384615384616
text+audio_text_ln_lrh0.001_e5_s44,145,1,1.26225,11.3904,9.294871794871796e-06,0.0004647435897435898
text+audio_text_ln_lrh0.001_e5_s44,146,1,1.17145,15.7058,9.358974358974359e-06,0.000467948717948718
text+audio_text_ln_lrh0.001_e5_s44,147,1,1.12658,10.3101,9.423076923076923e-06,0.00047115384615384613
text+audio_text_ln_lrh0.001_e5_s44,148,1,1.50058,21.8131,9.487179487179487e-06,0.00047435897435897434
text+audio_text_ln_lrh0.001_e5_s44,149,1,1.32073,10.6661,9.551282051282053e-06,0.0004775641025641026
text+audio_text_ln_lrh0.001_e5_s44,150,1,1.63845,9.8677,9.615384615384616e-06,0.0004807692307692308
text+audio_text_ln_lrh0.001_e5_s44,151,1,1.58707,8.3565,9.67948717948718e-06,0.000483974358974359
text+audio_text_ln_lrh0.001_e5_s44,152,1,0.91965,11.5499,9.743589743589744e-06,0.0004871794871794872
text+audio_text_ln_lrh0.001_e5_s44,153,1,1.32665,6.589,9.807692307692308e-06,0.0004903846153846154
text+audio_text_ln_lrh0.001_e5_s44,154,1,1.37431,13.2027,9.871794871794872e-06,0.0004935897435897436
text+audio_text_ln_lrh0.001_e5_s44,155,1,1.66224,9.4171,9.935897435897437e-06,0.0004967948717948718
text+audio_text_ln_lrh0.001_e5_s44,156,1,1.38061,23.3427,1e-05,0.0005
text+audio_text_ln_lrh0.001_e5_s44,157,1,1.37858,17.9648,1.0064102564102565e-05,0.0005032051282051282
text+audio_text_ln_lrh0.001_e5_s44,158,1,0.96396,7.8644,1.012820512820513e-05,0.0005064102564102564
text+audio_text_ln_lrh0.001_e5_s44,159,1,1.63293,12.1293,1.0192307692307692e-05,0.0005096153846153846
text+audio_text_ln_lrh0.001_e5_s44,160,1,1.59085,10.5309,1.0256410256410256e-05,0.0005128205128205128
text+audio_text_ln_lrh0.001_e5_s44,161,1,1.71966,12.7503,1.0320512820512822e-05,0.0005160256410256411
text+audio_text_ln_lrh0.001_e5_s44,162,1,1.63996,14.1148,1.0384615384615386e-05,0.0005192307692307693
text+audio_text_ln_lrh0.001_e5_s44,163,1,1.14312,11.5641,1.044871794871795e-05,0.0005224358974358974
text+audio_text_ln_lrh0.001_e5_s44,164,1,1.33751,7.1714,1.0512820512820514e-05,0.0005256410256410256
text+audio_text_ln_lrh0.001_e5_s44,165,1,1.38744,7.9531,1.0576923076923078e-05,0.0005288461538461538
text+audio_text_ln_lrh0.001_e5_s44,166,1,1.22078,11.6585,1.0641025641025643e-05,0.000532051282051282
text+audio_text_ln_lrh0.001_e5_s44,167,1,1.62108,14.8351,1.0705128205128205e-05,0.0005352564102564102
text+audio_text_ln_lrh0.001_e5_s44,168,1,1.79944,12.8817,1.076923076923077e-05,0.0005384615384615384
text+audio_text_ln_lrh0.001_e5_s44,169,1,1.55798,13.8703,1.0833333333333334e-05,0.0005416666666666666
text+audio_text_ln_lrh0.001_e5_s44,170,1,1.25782,11.5353,1.0897435897435898e-05,0.0005448717948717948
text+audio_text_ln_lrh0.001_e5_s44,171,1,1.18099,14.6642,1.0961538461538464e-05,0.0005480769230769232
text+audio_text_ln_lrh0.001_e5_s44,172,1,1.30498,17.1534,1.1025641025641028e-05,0.0005512820512820514
text+audio_text_ln_lrh0.001_e5_s44,173,1,1.34837,8.9668,1.1089743589743592e-05,0.0005544871794871796
text+audio_text_ln_lrh0.001_e5_s44,174,1,1.21089,12.5701,1.1153846153846154e-05,0.0005576923076923078
text+audio_text_ln_lrh0.001_e5_s44,175,1,0.9974,15.4269,1.1217948717948719e-05,0.000560897435897436
text+audio_text_ln_lrh0.001_e5_s44,176,1,1.00816,12.8366,1.1282051282051283e-05,0.0005641025641025641
text+audio_text_ln_lrh0.001_e5_s44,177,1,1.42619,15.9401,1.1346153846153847e-05,0.0005673076923076923
text+audio_text_ln_lrh0.001_e5_s44,178,1,1.28173,20.6347,1.1410256410256411e-05,0.0005705128205128205
text+audio_text_ln_lrh0.001_e5_s44,179,1,1.31376,14.6383,1.1474358974358974e-05,0.0005737179487179487
text+audio_text_ln_lrh0.001_e5_s44,180,1,1.75731,14.6371,1.1538461538461538e-05,0.0005769230769230769
text+audio_text_ln_lrh0.001_e5_s44,181,1,1.13489,11.8465,1.1602564102564104e-05,0.0005801282051282052
text+audio_text_ln_lrh0.001_e5_s44,182,1,1.9395,18.5916,1.1666666666666668e-05,0.0005833333333333334
text+audio_text_ln_lrh0.001_e5_s44,183,1,0.81096,12.6685,1.1730769230769232e-05,0.0005865384615384616
text+audio_text_ln_lrh0.001_e5_s44,184,1,1.15153,12.1368,1.1794871794871796e-05,0.0005897435897435898
text+audio_text_ln_lrh0.001_e5_s44,185,1,0.97139,19.1306,1.185897435897436e-05,0.000592948717948718
text+audio_text_ln_lrh0.001_e5_s44,186,1,0.82533,8.5525,1.1923076923076925e-05,0.0005961538461538462
text+audio_text_ln_lrh0.001_e5_s44,187,1,1.29797,14.5688,1.1987179487179487e-05,0.0005993589743589744
text+audio_text_ln_lrh0.001_e5_s44,188,1,1.58873,16.4706,1.2051282051282051e-05,0.0006025641025641026
text+audio_text_ln_lrh0.001_e5_s44,189,1,1.27617,11.7337,1.2115384615384615e-05,0.0006057692307692307
text+audio_text_ln_lrh0.001_e5_s44,190,1,0.87275,10.0767,1.217948717948718e-05,0.0006089743589743589
text+audio_text_ln_lrh0.001_e5_s44,191,1,1.6783,30.3248,1.2243589743589746e-05,0.0006121794871794872
text+audio_text_ln_lrh0.001_e5_s44,192,1,1.70069,17.0066,1.230769230769231e-05,0.0006153846153846154
text+audio_text_ln_lrh0.001_e5_s44,193,1,1.33968,13.1275,1.2371794871794874e-05,0.0006185897435897436
text+audio_text_ln_lrh0.001_e5_s44,194,1,1.68539,15.6223,1.2435897435897436e-05,0.0006217948717948718
text+audio_text_ln_lrh0.001_e5_s44,195,1,1.0009,11.1711,1.25e-05,0.000625
text+audio_text_ln_lrh0.001_e5_s44,196,1,1.12513,18.3356,1.2564102564102565e-05,0.0006282051282051282
text+audio_text_ln_lrh0.001_e5_s44,197,1,1.24211,13.1315,1.2628205128205129e-05,0.0006314102564102564
text+audio_text_ln_lrh0.001_e5_s44,198,1,1.13878,19.8421,1.2692307692307693e-05,0.0006346153846153846
text+audio_text_ln_lrh0.001_e5_s44,199,1,1.21583,18.5234,1.2756410256410257e-05,0.0006378205128205128
text+audio_text_ln_lrh0.001_e5_s44,200,1,1.1959,11.4435,1.2820512820512823e-05,0.0006410256410256411
text+audio_text_ln_lrh0.001_e5_s44,201,1,1.1829,12.1754,1.2884615384615386e-05,0.0006442307692307693
text+audio_text_ln_lrh0.001_e5_s44,202,1,1.50001,10.3338,1.294871794871795e-05,0.0006474358974358974
text+audio_text_ln_lrh0.001_e5_s44,203,1,1.25993,10.1884,1.3012820512820514e-05,0.0006506410256410256
text+audio_text_ln_lrh0.001_e5_s44,204,1,1.08176,10.1031,1.3076923076923078e-05,0.0006538461538461538
text+audio_text_ln_lrh0.001_e5_s44,205,1,1.3626,17.3831,1.3141025641025642e-05,0.000657051282051282
text+audio_text_ln_lrh0.001_e5_s44,206,1,1.01995,10.7811,1.3205128205128207e-05,0.0006602564102564102
text+audio_text_ln_lrh0.001_e5_s44,207,1,1.1367,9.2035,1.3269230769230769e-05,0.0006634615384615384
text+audio_text_ln_lrh0.001_e5_s44,208,1,1.77662,27.1105,1.3333333333333333e-05,0.0006666666666666666
text+audio_text_ln_lrh0.001_e5_s44,209,1,1.57349,13.1889,1.3397435897435897e-05,0.0006698717948717948
text+audio_text_ln_lrh0.001_e5_s44,210,1,1.36354,18.1024,1.3461538461538463e-05,0.0006730769230769232
text+audio_text_ln_lrh0.001_e5_s44,211,1,1.05723,11.1976,1.3525641025641028e-05,0.0006762820512820514
text+audio_text_ln_lrh0.001_e5_s44,212,1,1.24558,13.7698,1.3589743589743592e-05,0.0006794871794871796
text+audio_text_ln_lrh0.001_e5_s44,213,1,1.1481,11.6245,1.3653846153846156e-05,0.0006826923076923078
text+audio_text_ln_lrh0.001_e5_s44,214,1,1.84567,22.9026,1.3717948717948718e-05,0.000685897435897436
text+audio_text_ln_lrh0.001_e5_s44,215,1,1.73575,16.5447,1.3782051282051283e-05,0.0006891025641025641
text+audio_text_ln_lrh0.001_e5_s44,216,1,1.006,19.1602,1.3846153846153847e-05,0.0006923076923076923
text+audio_text_ln_lrh0.001_e5_s44,217,1,1.15081,17.8582,1.3910256410256411e-05,0.0006955128205128205
text+audio_text_ln_lrh0.001_e5_s44,218,1,1.33349,22.0774,1.3974358974358975e-05,0.0006987179487179487
text+audio_text_ln_lrh0.001_e5_s44,219,1,1.02853,12.9474,1.403846153846154e-05,0.0007019230769230769
text+audio_text_ln_lrh0.001_e5_s44,220,1,1.1703,14.9367,1.4102564102564105e-05,0.0007051282051282052
text+audio_text_ln_lrh0.001_e5_s44,221,1,0.881,11.4231,1.416666666666667e-05,0.0007083333333333334
text+audio_text_ln_lrh0.001_e5_s44,222,1,1.69432,14.5351,1.4230769230769232e-05,0.0007115384615384616
text+audio_text_ln_lrh0.001_e5_s44,223,1,1.16942,18.8985,1.4294871794871796e-05,0.0007147435897435898
text+audio_text_ln_lrh0.001_e5_s44,224,1,1.28971,11.0787,1.435897435897436e-05,0.000717948717948718
text+audio_text_ln_lrh0.001_e5_s44,225,1,1.48918,15.8282,1.4423076923076924e-05,0.0007211538461538462
text+audio_text_ln_lrh0.001_e5_s44,226,1,0.84388,15.4907,1.4487179487179489e-05,0.0007243589743589744
text+audio_text_ln_lrh0.001_e5_s44,227,1,1.3877,13.1311,1.4551282051282051e-05,0.0007275641025641026
text+audio_text_ln_lrh0.001_e5_s44,228,1,1.42598,16.5443,1.4615384615384615e-05,0.0007307692307692307
text+audio_text_ln_lrh0.001_e5_s44,229,1,1.29943,20.9475,1.467948717948718e-05,0.0007339743589743589
text+audio_text_ln_lrh0.001_e5_s44,230,1,0.82262,12.8549,1.4743589743589745e-05,0.0007371794871794872
text+audio_text_ln_lrh0.001_e5_s44,231,1,1.37279,17.2632,1.480769230769231e-05,0.0007403846153846154
text+audio_text_ln_lrh0.001_e5_s44,232,1,1.27489,14.4834,1.4871794871794874e-05,0.0007435897435897436
text+audio_text_ln_lrh0.001_e5_s44,233,1,0.88702,10.754,1.4935897435897438e-05,0.0007467948717948718
text+audio_text_ln_lrh0.001_e5_s44,234,1,1.20618,12.5437,1.5000000000000002e-05,0.00075
text+audio_text_ln_lrh0.001_e5_s44,235,1,1.41409,16.0267,1.5064102564102565e-05,0.0007532051282051282
text+audio_text_ln_lrh0.001_e5_s44,236,1,0.79871,10.4248,1.5128205128205129e-05,0.0007564102564102564
text+audio_text_ln_lrh0.001_e5_s44,237,1,1.46286,12.5759,1.5192307692307693e-05,0.0007596153846153846
text+audio_text_ln_lrh0.001_e5_s44,238,1,1.05993,13.528,1.5256410256410257e-05,0.0007628205128205128
text+audio_text_ln_lrh0.001_e5_s44,239,1,1.10927,10.4146,1.5320512820512823e-05,0.0007660256410256411
text+audio_text_ln_lrh0.001_e5_s44,240,1,1.30223,12.586,1.5384615384615387e-05,0.0007692307692307693
text+audio_text_ln_lrh0.001_e5_s44,241,1,1.19128,21.1971,1.544871794871795e-05,0.0007724358974358974
text+audio_text_ln_lrh0.001_e5_s44,242,1,0.91654,11.4877,1.5512820512820516e-05,0.0007756410256410256
text+audio_text_ln_lrh0.001_e5_s44,243,1,1.08483,13.034,1.557692307692308e-05,0.0007788461538461538
text+audio_text_ln_lrh0.001_e5_s44,244,1,1.56509,21.7531,1.5641025641025644e-05,0.000782051282051282
text+audio_text_ln_lrh0.001_e5_s44,245,1,1.40059,17.3497,1.5705128205128205e-05,0.0007852564102564102
text+audio_text_ln_lrh0.001_e5_s44,246,1,1.02004,12.85,1.576923076923077e-05,0.0007884615384615384
text+audio_text_ln_lrh0.001_e5_s44,247,1,1.03328,20.488,1.5833333333333333e-05,0.0007916666666666666
text+audio_text_ln_lrh0.001_e5_s44,248,1,1.28546,23.4706,1.5897435897435897e-05,0.0007948717948717948
text+audio_text_ln_lrh0.001_e5_s44,249,1,1.57222,25.4735,1.5961538461538465e-05,0.0007980769230769232
text+audio_text_ln_lrh0.001_e5_s44,250,1,1.21416,15.0724,1.602564102564103e-05,0.0008012820512820514
text+audio_text_ln_lrh0.001_e5_s44,251,1,1.74392,15.0406,1.6089743589743593e-05,0.0008044871794871796
text+audio_text_ln_lrh0.001_e5_s44,252,1,1.16668,13.8647,1.6153846153846154e-05,0.0008076923076923078
text+audio_text_ln_lrh0.001_e5_s44,253,1,1.15095,17.5949,1.6217948717948718e-05,0.000810897435897436
text+audio_text_ln_lrh0.001_e5_s44,254,1,1.05941,15.6883,1.6282051282051282e-05,0.0008141025641025641
text+audio_text_ln_lrh0.001_e5_s44,255,1,1.10564,15.3647,1.6346153846153847e-05,0.0008173076923076923
text+audio_text_ln_lrh0.001_e5_s44,256,1,1.44227,18.6457,1.641025641025641e-05,0.0008205128205128205
text+audio_text_ln_lrh0.001_e5_s44,257,1,1.2194,13.3831,1.6474358974358975e-05,0.0008237179487179487
text+audio_text_ln_lrh0.001_e5_s44,258,1,1.11294,15.3163,1.653846153846154e-05,0.0008269230769230769
text+audio_text_ln_lrh0.001_e5_s44,259,1,1.69001,16.9356,1.6602564102564103e-05,0.0008301282051282052
text+audio_text_ln_lrh0.001_e5_s44,260,1,1.00353,10.4602,1.6666666666666667e-05,0.0008333333333333334
text+audio_text_ln_lrh0.001_e5_s44,261,1,2.11419,20.8929,1.673076923076923e-05,0.0008365384615384616
text+audio_text_ln_lrh0.001_e5_s44,262,1,1.1828,16.8501,1.6794871794871796e-05,0.0008397435897435898
text+audio_text_ln_lrh0.001_e5_s44,263,1,1.03157,12.2768,1.685897435897436e-05,0.000842948717948718
text+audio_text_ln_lrh0.001_e5_s44,264,1,0.91808,15.8375,1.6923076923076924e-05,0.0008461538461538462
text+audio_text_ln_lrh0.001_e5_s44,265,1,1.12562,21.4273,1.698717948717949e-05,0.0008493589743589744
text+audio_text_ln_lrh0.001_e5_s44,266,1,1.65289,13.7439,1.7051282051282053e-05,0.0008525641025641026
text+audio_text_ln_lrh0.001_e5_s44,267,1,1.16248,15.1837,1.7115384615384617e-05,0.0008557692307692307
text+audio_text_ln_lrh0.001_e5_s44,268,1,1.21577,18.4514,1.717948717948718e-05,0.0008589743589743589
text+audio_text_ln_lrh0.001_e5_s44,269,1,0.92836,14.7833,1.7243589743589745e-05,0.0008621794871794872
text+audio_text_ln_lrh0.001_e5_s44,270,1,0.98438,10.8701,1.730769230769231e-05,0.0008653846153846154
text+audio_text_ln_lrh0.001_e5_s44,271,1,0.93415,13.3138,1.7371794871794873e-05,0.0008685897435897436
text+audio_text_ln_lrh0.001_e5_s44,272,1,1.20618,11.2536,1.7435897435897438e-05,0.0008717948717948718
text+audio_text_ln_lrh0.001_e5_s44,273,1,1.13676,14.1915,1.7500000000000002e-05,0.000875
text+audio_text_ln_lrh0.001_e5_s44,274,1,1.3976,18.2677,1.7564102564102566e-05,0.0008782051282051282
text+audio_text_ln_lrh0.001_e5_s44,275,1,0.98006,13.835,1.762820512820513e-05,0.0008814102564102564
text+audio_text_ln_lrh0.001_e5_s44,276,1,1.23504,15.3856,1.7692307692307694e-05,0.0008846153846153846
text+audio_text_ln_lrh0.001_e5_s44,277,1,1.60515,17.3329,1.775641025641026e-05,0.0008878205128205128
text+audio_text_ln_lrh0.001_e5_s44,278,1,1.31222,15.181,1.7820512820512823e-05,0.0008910256410256411
text+audio_text_ln_lrh0.001_e5_s44,279,1,1.08896,16.9221,1.7884615384615387e-05,0.0008942307692307693
text+audio_text_ln_lrh0.001_e5_s44,280,1,0.84092,13.7677,1.794871794871795e-05,0.0008974358974358974
text+audio_text_ln_lrh0.001_e5_s44,281,1,1.35635,20.1381,1.8012820512820515e-05,0.0009006410256410256
text+audio_text_ln_lrh0.001_e5_s44,282,1,1.12684,17.0064,1.807692307692308e-05,0.0009038461538461538
text+audio_text_ln_lrh0.001_e5_s44,283,1,1.1032,14.3955,1.8141025641025644e-05,0.000907051282051282
text+audio_text_ln_lrh0.001_e5_s44,284,1,0.95534,8.5702,1.8205128205128208e-05,0.0009102564102564102
text+audio_text_ln_lrh0.001_e5_s44,285,1,1.22405,11.7457,1.826923076923077e-05,0.0009134615384615384
text+audio_text_ln_lrh0.001_e5_s44,286,1,1.50832,12.78,1.8333333333333333e-05,0.0009166666666666666
text+audio_text_ln_lrh0.001_e5_s44,287,1,1.33421,14.6074,1.8397435897435897e-05,0.0009198717948717949
text+audio_text_ln_lrh0.001_e5_s44,288,1,1.10149,15.1265,1.8461538461538465e-05,0.0009230769230769232
text+audio_text_ln_lrh0.001_e5_s44,289,1,1.31645,11.2065,1.852564102564103e-05,0.0009262820512820514
text+audio_text_ln_lrh0.001_e5_s44,290,1,1.18647,13.7194,1.8589743589743593e-05,0.0009294871794871796
text+audio_text_ln_lrh0.001_e5_s44,291,1,1.20269,15.0161,1.8653846153846157e-05,0.0009326923076923078
text+audio_text_ln_lrh0.001_e5_s44,292,1,1.46391,13.791,1.8717948717948718e-05,0.000935897435897436
text+audio_text_ln_lrh0.001_e5_s44,293,1,1.30735,15.7738,1.8782051282051282e-05,0.0009391025641025641
text+audio_text_ln_lrh0.001_e5_s44,294,1,1.01943,14.0097,1.8846153846153846e-05,0.0009423076923076923
text+audio_text_ln_lrh0.001_e5_s44,295,1,1.12482,10.0222,1.891025641025641e-05,0.0009455128205128205
text+audio_text_ln_lrh0.001_e5_s44,296,1,1.06008,11.0846,1.8974358974358975e-05,0.0009487179487179487
text+audio_text_ln_lrh0.001_e5_s44,297,1,1.24849,11.1844,1.903846153846154e-05,0.0009519230769230769
text+audio_text_ln_lrh0.001_e5_s44,298,1,1.43406,17.0804,1.9102564102564106e-05,0.0009551282051282052
text+audio_text_ln_lrh0.001_e5_s44,299,1,1.14524,10.9853,1.916666666666667e-05,0.0009583333333333334
text+audio_text_ln_lrh0.001_e5_s44,300,1,1.63693,113.6465,1.923076923076923e-05,0.0009615384615384616
text+audio_text_ln_lrh0.001_e5_s44,301,1,0.95271,17.6273,1.9294871794871796e-05,0.0009647435897435898
text+audio_text_ln_lrh0.001_e5_s44,302,1,1.07454,12.636,1.935897435897436e-05,0.000967948717948718
text+audio_text_ln_lrh0.001_e5_s44,303,1,1.45278,15.4114,1.9423076923076924e-05,0.0009711538461538462
text+audio_text_ln_lrh0.001_e5_s44,304,1,0.93009,10.2323,1.9487179487179488e-05,0.0009743589743589744
text+audio_text_ln_lrh0.001_e5_s44,305,1,0.90384,13.9154,1.9551282051282052e-05,0.0009775641025641026
text+audio_text_ln_lrh0.001_e5_s44,306,1,1.01604,13.2589,1.9615384615384617e-05,0.0009807692307692308
text+audio_text_ln_lrh0.001_e5_s44,307,1,1.59994,14.5819,1.967948717948718e-05,0.000983974358974359
text+audio_text_ln_lrh0.001_e5_s44,308,1,1.19651,11.8063,1.9743589743589745e-05,0.0009871794871794872
text+audio_text_ln_lrh0.001_e5_s44,309,1,1.34374,15.0047,1.980769230769231e-05,0.0009903846153846154
text+audio_text_ln_lrh0.001_e5_s44,310,1,1.36263,13.8761,1.9871794871794873e-05,0.0009935897435897436
text+audio_text_ln_lrh0.001_e5_s44,311,1,1.23375,12.2726,1.9935897435897437e-05,0.0009967948717948718
text+audio_text_ln_lrh0.001_e5_s44,312,1,1.13302,17.4508,2e-05,0.001
text+audio_text_ln_lrh0.001_e5_s44,313,1,1.3609,19.8786,1.9992890152861714e-05,0.0009996445076430856
text+audio_text_ln_lrh0.001_e5_s44,314,1,1.14987,14.8218,1.9985780305723426e-05,0.0009992890152861714
text+audio_text_ln_lrh0.001_e5_s44,315,1,1.34592,13.72,1.9978670458585142e-05,0.000998933522929257
text+audio_text_ln_lrh0.001_e5_s44,316,1,1.50292,12.8324,1.9971560611446855e-05,0.0009985780305723428
text+audio_text_ln_lrh0.001_e5_s44,317,1,0.99994,12.1087,1.996445076430857e-05,0.0009982225382154284
text+audio_text_ln_lrh0.001_e5_s44,318,1,0.83153,14.0949,1.9957340917170283e-05,0.000997867045858514
text+audio_text_ln_lrh0.001_e5_s44,319,1,0.80148,15.0539,1.9950231070031995e-05,0.0009975115535015998
text+audio_text_ln_lrh0.001_e5_s44,320,1,0.64346,16.5961,1.9943121222893708e-05,0.0009971560611446854
text+audio_text_ln_lrh0.001_e5_s44,321,1,1.39412,10.8668,1.9936011375755423e-05,0.000996800568787771
text+audio_text_ln_lrh0.001_e5_s44,322,1,1.08632,23.0219,1.9928901528617136e-05,0.0009964450764308568
text+audio_text_ln_lrh0.001_e5_s44,323,1,1.07573,14.9884,1.992179168147885e-05,0.0009960895840739426
text+audio_text_ln_lrh0.001_e5_s44,324,1,1.05632,14.2925,1.9914681834340564e-05,0.0009957340917170281
text+audio_text_ln_lrh0.001_e5_s44,325,1,0.97978,12.7232,1.9907571987202276e-05,0.0009953785993601137
text+audio_text_ln_lrh0.001_e5_s44,326,1,1.10622,26.761,1.990046214006399e-05,0.0009950231070031995
text+audio_text_ln_lrh0.001_e5_s44,327,1,0.99029,14.2467,1.98933522929257e-05,0.0009946676146462851
text+audio_text_ln_lrh0.001_e5_s44,328,1,1.20864,15.598,1.9886242445787417e-05,0.000994312122289371
text+audio_text_ln_lrh0.001_e5_s44,329,1,0.88611,17.8298,1.9879132598649133e-05,0.0009939566299324565
text+audio_text_ln_lrh0.001_e5_s44,330,1,1.53568,21.3825,1.9872022751510845e-05,0.000993601137575542
text+audio_text_ln_lrh0.001_e5_s44,331,1,0.81213,12.5919,1.9864912904372558e-05,0.000993245645218628
text+audio_text_ln_lrh0.001_e5_s44,332,1,0.90764,16.9213,1.985780305723427e-05,0.0009928901528617135
text+audio_text_ln_lrh0.001_e5_s44,333,1,1.1893,13.5199,1.9850693210095982e-05,0.000992534660504799
text+audio_text_ln_lrh0.001_e5_s44,334,1,1.56094,25.4161,1.9843583362957698e-05,0.0009921791681478849
text+audio_text_ln_lrh0.001_e5_s44,335,1,1.60967,28.5804,1.983647351581941e-05,0.0009918236757909705
text+audio_text_ln_lrh0.001_e5_s44,336,1,1.01563,13.7255,1.9829363668681126e-05,0.0009914681834340563
text+audio_text_ln_lrh0.001_e5_s44,337,1,1.07029,20.1357,1.982225382154284e-05,0.0009911126910771418
text+audio_text_ln_lrh0.001_e5_s44,338,1,1.44736,12.3032,1.981514397440455e-05,0.0009907571987202274
text+audio_text_ln_lrh0.001_e5_s44,339,1,1.26289,18.3562,1.9808034127266264e-05,0.0009904017063633132
text+audio_text_ln_lrh0.001_e5_s44,340,1,1.45665,34.0664,1.980092428012798e-05,0.000990046214006399
text+audio_text_ln_lrh0.001_e5_s44,341,1,1.09305,23.486,1.9793814432989692e-05,0.0009896907216494846
text+audio_text_ln_lrh0.001_e5_s44,342,1,0.83573,13.3493,1.9786704585851408e-05,0.0009893352292925702
text+audio_text_ln_lrh0.001_e5_s44,343,1,0.92454,14.6017,1.977959473871312e-05,0.0009889797369356558
text+audio_text_ln_lrh0.001_e5_s44,344,1,1.20957,13.1917,1.9772484891574832e-05,0.0009886242445787416
text+audio_text_ln_lrh0.001_e5_s44,345,1,1.40174,15.5003,1.9765375044436545e-05,0.0009882687522218272
text+audio_text_ln_lrh0.001_e5_s44,346,1,1.08812,15.4503,1.9758265197298257e-05,0.0009879132598649128
text+audio_text_ln_lrh0.001_e5_s44,347,1,0.77367,21.8084,1.9751155350159973e-05,0.0009875577675079986
text+audio_text_ln_lrh0.001_e5_s44,348,1,0.8728,14.8481,1.9744045503021686e-05,0.0009872022751510844
text+audio_text_ln_lrh0.001_e5_s44,349,1,1.05976,10.9406,1.97369356558834e-05,0.00098684678279417
text+audio_text_ln_lrh0.001_e5_s44,350,1,0.88581,12.3816,1.9729825808745114e-05,0.0009864912904372556
text+audio_text_ln_lrh0.001_e5_s44,351,1,0.94294,11.8029,1.9722715961606826e-05,0.0009861357980803414
text+audio_text_ln_lrh0.001_e5_s44,352,1,1.18862,13.0088,1.971560611446854e-05,0.000985780305723427
text+audio_text_ln_lrh0.001_e5_s44,353,1,0.824,13.3753,1.9708496267330254e-05,0.0009854248133665127
text+audio_text_ln_lrh0.001_e5_s44,354,1,0.64399,12.7814,1.9701386420191967e-05,0.0009850693210095983
text+audio_text_ln_lrh0.001_e5_s44,355,1,1.6006,15.0753,1.9694276573053683e-05,0.000984713828652684
text+audio_text_ln_lrh0.001_e5_s44,356,1,1.06307,20.351,1.9687166725915395e-05,0.0009843583362957697
text+audio_text_ln_lrh0.001_e5_s44,357,1,1.01321,10.7131,1.9680056878777107e-05,0.0009840028439388553
text+audio_text_ln_lrh0.001_e5_s44,358,1,0.73916,19.533,1.967294703163882e-05,0.000983647351581941
text+audio_text_ln_lrh0.001_e5_s44,359,1,1.20701,16.1308,1.9665837184500536e-05,0.0009832918592250267
text+audio_text_ln_lrh0.001_e5_s44,360,1,1.01826,85.3674,1.9658727337362248e-05,0.0009829363668681123
text+audio_text_ln_lrh0.001_e5_s44,361,1,1.50401,18.0692,1.9651617490223964e-05,0.000982580874511198
text+audio_text_ln_lrh0.001_e5_s44,362,1,0.77944,13.3731,1.9644507643085676e-05,0.0009822253821542837
text+audio_text_ln_lrh0.001_e5_s44,363,1,0.73278,12.3047,1.963739779594739e-05,0.0009818698897973693
text+audio_text_ln_lrh0.001_e5_s44,364,1,1.33733,15.3114,1.96302879488091e-05,0.000981514397440455
text+audio_text_ln_lrh0.001_e5_s44,365,1,1.54213,16.9182,1.9623178101670817e-05,0.0009811589050835409
text+audio_text_ln_lrh0.001_e5_s44,366,1,1.21369,16.6741,1.961606825453253e-05,0.0009808034127266265
text+audio_text_ln_lrh0.001_e5_s44,367,1,1.37552,11.7196,1.960895840739424e-05,0.000980447920369712
text+audio_text_ln_lrh0.001_e5_s44,368,1,1.8909,26.8575,1.9601848560255957e-05,0.0009800924280127978
text+audio_text_ln_lrh0.001_e5_s44,369,1,1.68021,27.2113,1.959473871311767e-05,0.0009797369356558834
text+audio_text_ln_lrh0.001_e5_s44,370,1,1.32929,13.9902,1.9587628865979382e-05,0.000979381443298969
text+audio_text_ln_lrh0.001_e5_s44,371,1,1.20992,12.6064,1.9580519018841098e-05,0.0009790259509420548
text+audio_text_ln_lrh0.001_e5_s44,372,1,1.04305,16.5139,1.957340917170281e-05,0.0009786704585851404
text+audio_text_ln_lrh0.001_e5_s44,373,1,1.0533,17.2894,1.9566299324564523e-05,0.0009783149662282262
text+audio_text_ln_lrh0.001_e5_s44,374,1,1.2747,14.1938,1.955918947742624e-05,0.0009779594738713118
text+audio_text_ln_lrh0.001_e5_s44,375,1,1.42782,16.4911,1.955207963028795e-05,0.0009776039815143974
text+audio_text_ln_lrh0.001_e5_s44,376,1,1.36133,11.0502,1.9544969783149663e-05,0.0009772484891574832
text+audio_text_ln_lrh0.001_e5_s44,377,1,1.40502,23.6193,1.9537859936011376e-05,0.0009768929968005688
text+audio_text_ln_lrh0.001_e5_s44,378,1,1.13439,13.0128,1.953075008887309e-05,0.0009765375044436545
text+audio_text_ln_lrh0.001_e5_s44,379,1,1.12003,14.4625,1.9523640241734804e-05,0.0009761820120867402
text+audio_text_ln_lrh0.001_e5_s44,380,1,1.14652,13.5365,1.9516530394596516e-05,0.0009758265197298259
text+audio_text_ln_lrh0.001_e5_s44,381,1,1.29732,12.6032,1.9509420547458232e-05,0.0009754710273729114
text+audio_text_ln_lrh0.001_e5_s44,382,1,1.16532,10.6317,1.9502310700319945e-05,0.0009751155350159971
text+audio_text_ln_lrh0.001_e5_s44,383,1,1.24238,10.516,1.9495200853181657e-05,0.0009747600426590828
text+audio_text_ln_lrh0.001_e5_s44,384,1,1.11719,10.814,1.9488091006043373e-05,0.0009744045503021685
text+audio_text_ln_lrh0.001_e5_s44,385,1,1.36471,12.5426,1.9480981158905085e-05,0.0009740490579452542
text+audio_text_ln_lrh0.001_e5_s44,386,1,1.18821,11.6769,1.9473871311766798e-05,0.0009736935655883399
text+audio_text_ln_lrh0.001_e5_s44,387,1,1.10835,13.9732,1.9466761464628513e-05,0.0009733380732314255
text+audio_text_ln_lrh0.001_e5_s44,388,1,1.19859,13.6188,1.9459651617490226e-05,0.0009729825808745112
text+audio_text_ln_lrh0.001_e5_s44,389,1,1.0431,14.0424,1.9452541770351938e-05,0.0009726270885175969
text+audio_text_ln_lrh0.001_e5_s44,390,1,1.25848,18.8388,1.9445431923213654e-05,0.0009722715961606826
text+audio_text_ln_lrh0.001_e5_s44,391,1,1.01055,12.9755,1.9438322076075366e-05,0.0009719161038037683
text+audio_text_ln_lrh0.001_e5_s44,392,1,1.30046,12.7617,1.943121222893708e-05,0.000971560611446854
text+audio_text_ln_lrh0.001_e5_s44,393,1,1.15948,9.6186,1.942410238179879e-05,0.0009712051190899396
text+audio_text_ln_lrh0.001_e5_s44,394,1,1.19046,15.1408,1.9416992534660507e-05,0.0009708496267330253
text+audio_text_ln_lrh0.001_e5_s44,395,1,1.49211,25.8082,1.940988268752222e-05,0.0009704941343761108
text+audio_text_ln_lrh0.001_e5_s44,396,1,1.16632,13.1532,1.9402772840383935e-05,0.0009701386420191967
text+audio_text_ln_lrh0.001_e5_s44,397,1,1.54796,13.1331,1.9395662993245648e-05,0.0009697831496622823
text+audio_text_ln_lrh0.001_e5_s44,398,1,1.44342,15.5278,1.938855314610736e-05,0.0009694276573053679
text+audio_text_ln_lrh0.001_e5_s44,399,1,0.92852,11.4439,1.9381443298969072e-05,0.0009690721649484536
text+audio_text_ln_lrh0.001_e5_s44,400,1,1.25407,11.1799,1.9374333451830788e-05,0.0009687166725915393
text+audio_text_ln_lrh0.001_e5_s44,401,1,1.08699,13.4479,1.93672236046925e-05,0.0009683611802346249
text+audio_text_ln_lrh0.001_e5_s44,402,1,1.56517,11.1625,1.9360113757554213e-05,0.0009680056878777106
text+audio_text_ln_lrh0.001_e5_s44,403,1,1.13009,10.8973,1.935300391041593e-05,0.0009676501955207964
text+audio_text_ln_lrh0.001_e5_s44,404,1,1.47932,13.3949,1.934589406327764e-05,0.000967294703163882
text+audio_text_ln_lrh0.001_e5_s44,405,1,1.19123,18.5885,1.9338784216139354e-05,0.0009669392108069677
text+audio_text_ln_lrh0.001_e5_s44,406,1,0.87949,12.1706,1.933167436900107e-05,0.0009665837184500534
text+audio_text_ln_lrh0.001_e5_s44,407,1,1.02099,15.774,1.9324564521862782e-05,0.000966228226093139
text+audio_text_ln_lrh0.001_e5_s44,408,1,1.45101,11.3328,1.9317454674724494e-05,0.0009658727337362247
text+audio_text_ln_lrh0.001_e5_s44,409,1,1.12891,10.7008,1.931034482758621e-05,0.0009655172413793104
text+audio_text_ln_lrh0.001_e5_s44,410,1,1.13658,14.255,1.9303234980447922e-05,0.000965161749022396
text+audio_text_ln_lrh0.001_e5_s44,411,1,1.11204,12.8345,1.9296125133309635e-05,0.0009648062566654817
text+audio_text_ln_lrh0.001_e5_s44,412,1,1.19123,11.9176,1.9289015286171347e-05,0.0009644507643085673
text+audio_text_ln_lrh0.001_e5_s44,413,1,0.90726,11.3845,1.9281905439033063e-05,0.000964095271951653
text+audio_text_ln_lrh0.001_e5_s44,414,1,0.84551,12.0997,1.9274795591894775e-05,0.0009637397795947387
text+audio_text_ln_lrh0.001_e5_s44,415,1,0.90314,13.5257,1.926768574475649e-05,0.0009633842872378244
text+audio_text_ln_lrh0.001_e5_s44,416,1,1.07594,23.6192,1.9260575897618204e-05,0.0009630287948809101
text+audio_text_ln_lrh0.001_e5_s44,417,1,1.15511,11.3554,1.9253466050479916e-05,0.0009626733025239958
text+audio_text_ln_lrh0.001_e5_s44,418,1,0.7895,11.9657,1.924635620334163e-05,0.0009623178101670814
text+audio_text_ln_lrh0.001_e5_s44,419,1,1.14191,12.7074,1.9239246356203344e-05,0.0009619623178101671
text+audio_text_ln_lrh0.001_e5_s44,420,1,0.81186,12.117,1.9232136509065057e-05,0.0009616068254532528
text+audio_text_ln_lrh0.001_e5_s44,421,1,0.98558,35.3883,1.9225026661926772e-05,0.0009612513330963385
text+audio_text_ln_lrh0.001_e5_s44,422,1,0.94192,23.4019,1.9217916814788485e-05,0.0009608958407394242
text+audio_text_ln_lrh0.001_e5_s44,423,1,1.22808,14.7911,1.9210806967650197e-05,0.0009605403483825098
text+audio_text_ln_lrh0.001_e5_s44,424,1,1.10085,20.925,1.920369712051191e-05,0.0009601848560255955
text+audio_text_ln_lrh0.001_e5_s44,425,1,1.20628,14.1138,1.9196587273373622e-05,0.0009598293636686811
text+audio_text_ln_lrh0.001_e5_s44,426,1,1.19271,15.8096,1.9189477426235338e-05,0.0009594738713117667
text+audio_text_ln_lrh0.001_e5_s44,427,1,1.16915,18.2094,1.9182367579097054e-05,0.0009591183789548525
text+audio_text_ln_lrh0.001_e5_s44,428,1,1.51626,21.7088,1.9175257731958766e-05,0.0009587628865979382
text+audio_text_ln_lrh0.001_e5_s44,429,1,1.06189,16.3323,1.916814788482048e-05,0.0009584073942410238
text+audio_text_ln_lrh0.001_e5_s44,430,1,1.1064,22.9855,1.916103803768219e-05,0.0009580519018841095
text+audio_text_ln_lrh0.001_e5_s44,431,1,0.94679,8.685,1.9153928190543903e-05,0.0009576964095271952
text+audio_text_ln_lrh0.001_e5_s44,432,1,0.95953,10.6084,1.914681834340562e-05,0.0009573409171702808
text+audio_text_ln_lrh0.001_e5_s44,433,1,0.97397,12.0342,1.913970849626733e-05,0.0009569854248133665
text+audio_text_ln_lrh0.001_e5_s44,434,1,0.74142,8.7918,1.9132598649129047e-05,0.0009566299324564523
text+audio_text_ln_lrh0.001_e5_s44,435,1,1.55765,14.7412,1.912548880199076e-05,0.0009562744400995379
text+audio_text_ln_lrh0.001_e5_s44,436,1,0.96153,13.163,1.9118378954852472e-05,0.0009559189477426236
text+audio_text_ln_lrh0.001_e5_s44,437,1,1.11279,12.2564,1.9111269107714184e-05,0.0009555634553857092
text+audio_text_ln_lrh0.001_e5_s44,438,1,0.63955,13.8974,1.9104159260575897e-05,0.0009552079630287949
text+audio_text_ln_lrh0.001_e5_s44,439,1,1.17384,13.5611,1.9097049413437613e-05,0.0009548524706718806
text+audio_text_ln_lrh0.001_e5_s44,440,1,0.79856,10.1167,1.908993956629933e-05,0.0009544969783149662
text+audio_text_ln_lrh0.001_e5_s44,441,1,1.63284,11.8965,1.908282971916104e-05,0.0009541414859580519
text+audio_text_ln_lrh0.001_e5_s44,442,1,0.82639,8.898,1.9075719872022753e-05,0.0009537859936011376
text+audio_text_ln_lrh0.001_e5_s44,443,1,1.43582,13.6432,1.9068610024884466e-05,0.0009534305012442232
text+audio_text_ln_lrh0.001_e5_s44,444,1,0.81734,9.562,1.9061500177746178e-05,0.0009530750088873089
text+audio_text_ln_lrh0.001_e5_s44,445,1,0.72166,11.8972,1.9054390330607894e-05,0.0009527195165303946
text+audio_text_ln_lrh0.001_e5_s44,446,1,1.29651,9.9122,1.9047280483469606e-05,0.0009523640241734803
text+audio_text_ln_lrh0.001_e5_s44,447,1,0.80042,10.9859,1.9040170636331322e-05,0.000952008531816566
text+audio_text_ln_lrh0.001_e5_s44,448,1,1.27923,15.1275,1.9033060789193034e-05,0.0009516530394596517
text+audio_text_ln_lrh0.001_e5_s44,449,1,0.96138,16.6425,1.9025950942054747e-05,0.0009512975471027373
text+audio_text_ln_lrh0.001_e5_s44,450,1,0.99896,9.4854,1.901884109491646e-05,0.000950942054745823
text+audio_text_ln_lrh0.001_e5_s44,451,1,1.07659,19.9531,1.9011731247778175e-05,0.0009505865623889086
text+audio_text_ln_lrh0.001_e5_s44,452,1,1.50246,22.7755,1.9004621400639887e-05,0.0009502310700319944
text+audio_text_ln_lrh0.001_e5_s44,453,1,0.82937,12.1128,1.8997511553501603e-05,0.0009498755776750801
text+audio_text_ln_lrh0.001_e5_s44,454,1,0.66589,17.9366,1.8990401706363316e-05,0.0009495200853181656
text+audio_text_ln_lrh0.001_e5_s44,455,1,1.15278,16.4556,1.8983291859225028e-05,0.0009491645929612513
text+audio_text_ln_lrh0.001_e5_s44,456,1,1.34762,14.7166,1.897618201208674e-05,0.000948809100604337
text+audio_text_ln_lrh0.001_e5_s44,457,1,1.14561,12.5106,1.8969072164948453e-05,0.0009484536082474226
text+audio_text_ln_lrh0.001_e5_s44,458,1,1.18251,17.4585,1.896196231781017e-05,0.0009480981158905084
text+audio_text_ln_lrh0.001_e5_s44,459,1,1.36603,25.9007,1.8954852470671884e-05,0.0009477426235335941
text+audio_text_ln_lrh0.001_e5_s44,460,1,0.93108,28.3861,1.8947742623533597e-05,0.0009473871311766797
text+audio_text_ln_lrh0.001_e5_s44,461,1,0.99606,20.4363,1.894063277639531e-05,0.0009470316388197654
text+audio_text_ln_lrh0.001_e5_s44,462,1,0.78,21.9422,1.893352292925702e-05,0.0009466761464628511
text+audio_text_ln_lrh0.001_e5_s44,463,1,0.99006,19.9382,1.8926413082118734e-05,0.0009463206541059367
text+audio_text_ln_lrh0.001_e5_s44,464,1,1.17176,19.6412,1.891930323498045e-05,0.0009459651617490224
text+audio_text_ln_lrh0.001_e5_s44,465,1,0.53545,11.7126,1.8912193387842162e-05,0.0009456096693921082
text+audio_text_ln_lrh0.001_e5_s44,466,1,0.77304,13.1781,1.8905083540703878e-05,0.0009452541770351938
text+audio_text_ln_lrh0.001_e5_s44,467,1,1.64969,24.5582,1.889797369356559e-05,0.0009448986846782795
text+audio_text_ln_lrh0.001_e5_s44,468,1,0.92591,16.9158,1.8890863846427303e-05,0.000944543192321365
text+audio_text_ln_lrh0.001_e5_s44,469,1,1.45836,23.5376,1.8883753999289015e-05,0.0009441876999644507
text+audio_text_ln_lrh0.001_e5_s44,470,1,1.41008,25.4891,1.8876644152150728e-05,0.0009438322076075364
text+audio_text_ln_lrh0.001_e5_s44,471,1,1.25336,13.3022,1.8869534305012444e-05,0.0009434767152506221
text+audio_text_ln_lrh0.001_e5_s44,472,1,1.58873,16.9235,1.886242445787416e-05,0.0009431212228937078
text+audio_text_ln_lrh0.001_e5_s44,473,1,1.47638,16.7209,1.8855314610735872e-05,0.0009427657305367935
text+audio_text_ln_lrh0.001_e5_s44,474,1,1.8774,16.298,1.8848204763597584e-05,0.0009424102381798791
text+audio_text_ln_lrh0.001_e5_s44,475,1,1.05524,13.7463,1.8841094916459297e-05,0.0009420547458229648
text+audio_text_ln_lrh0.001_e5_s44,476,1,1.3429,14.4471,1.883398506932101e-05,0.0009416992534660505
text+audio_text_ln_lrh0.001_e5_s44,477,1,1.13388,19.9986,1.8826875222182725e-05,0.0009413437611091362
text+audio_text_ln_lrh0.001_e5_s44,478,1,1.06767,15.1385,1.8819765375044437e-05,0.0009409882687522219
text+audio_text_ln_lrh0.001_e5_s44,479,1,1.42261,12.8409,1.8812655527906153e-05,0.0009406327763953076
text+audio_text_ln_lrh0.001_e5_s44,480,1,1.28897,10.0573,1.8805545680767865e-05,0.0009402772840383932
text+audio_text_ln_lrh0.001_e5_s44,481,1,0.98871,11.8986,1.8798435833629578e-05,0.0009399217916814789
text+audio_text_ln_lrh0.001_e5_s44,482,1,1.59607,17.7768,1.879132598649129e-05,0.0009395662993245645
text+audio_text_ln_lrh0.001_e5_s44,483,1,1.1706,15.2362,1.8784216139353006e-05,0.0009392108069676503
text+audio_text_ln_lrh0.001_e5_s44,484,1,1.34442,16.0344,1.877710629221472e-05,0.000938855314610736
text+audio_text_ln_lrh0.001_e5_s44,485,1,0.82275,9.6411,1.8769996445076434e-05,0.0009384998222538215
text+audio_text_ln_lrh0.001_e5_s44,486,1,1.26374,16.6868,1.8762886597938147e-05,0.0009381443298969072
text+audio_text_ln_lrh0.001_e5_s44,487,1,1.67215,22.1827,1.875577675079986e-05,0.0009377888375399929
text+audio_text_ln_lrh0.001_e5_s44,488,1,1.52614,15.3,1.874866690366157e-05,0.0009374333451830785
text+audio_text_ln_lrh0.001_e5_s44,489,1,1.4633,12.5383,1.8741557056523287e-05,0.0009370778528261643
text+audio_text_ln_lrh0.001_e5_s44,490,1,1.61805,16.6642,1.8734447209385e-05,0.00093672236046925
text+audio_text_ln_lrh0.001_e5_s44,491,1,1.17846,11.7501,1.8727337362246712e-05,0.0009363668681123356
text+audio_text_ln_lrh0.001_e5_s44,492,1,1.90542,17.7316,1.8720227515108428e-05,0.0009360113757554213
text+audio_text_ln_lrh0.001_e5_s44,493,1,1.15887,12.3664,1.871311766797014e-05,0.000935655883398507
text+audio_text_ln_lrh0.001_e5_s44,494,1,1.86276,15.3153,1.8706007820831853e-05,0.0009353003910415926
text+audio_text_ln_lrh0.001_e5_s44,495,1,1.66021,11.4218,1.8698897973693565e-05,0.0009349448986846783
text+audio_text_ln_lrh0.001_e5_s44,496,1,1.24741,23.1888,1.869178812655528e-05,0.000934589406327764
text+audio_text_ln_lrh0.001_e5_s44,497,1,1.27403,13.7572,1.8684678279416993e-05,0.0009342339139708497
text+audio_text_ln_lrh0.001_e5_s44,498,1,1.32881,11.9753,1.867756843227871e-05,0.0009338784216139354
text+audio_text_ln_lrh0.001_e5_s44,499,1,1.09563,12.8302,1.867045858514042e-05,0.0009335229292570209
text+audio_text_ln_lrh0.001_e5_s44,500,1,1.13765,10.6106,1.8663348738002134e-05,0.0009331674369001066
text+audio_text_ln_lrh0.001_e5_s44,501,1,1.37406,10.8971,1.8656238890863846e-05,0.0009328119445431923
text+audio_text_ln_lrh0.001_e5_s44,502,1,1.28056,9.4703,1.8649129043725562e-05,0.000932456452186278
text+audio_text_ln_lrh0.001_e5_s44,503,1,1.03201,8.6224,1.8642019196587274e-05,0.0009321009598293637
text+audio_text_ln_lrh0.001_e5_s44,504,1,0.9358,16.69,1.863490934944899e-05,0.0009317454674724494
text+audio_text_ln_lrh0.001_e5_s44,505,1,1.04099,7.4765,1.8627799502310703e-05,0.000931389975115535
text+audio_text_ln_lrh0.001_e5_s44,506,1,1.42475,11.9453,1.8620689655172415e-05,0.0009310344827586207
text+audio_text_ln_lrh0.001_e5_s44,507,1,1.90618,14.1777,1.8613579808034127e-05,0.0009306789904017064
text+audio_text_ln_lrh0.001_e5_s44,508,1,1.29248,11.8273,1.8606469960895843e-05,0.0009303234980447921
text+audio_text_ln_lrh0.001_e5_s44,509,1,0.89214,8.7516,1.8599360113757556e-05,0.0009299680056878778
text+audio_text_ln_lrh0.001_e5_s44,510,1,2.01661,19.8967,1.8592250266619268e-05,0.0009296125133309634
text+audio_text_ln_lrh0.001_e5_s44,511,1,1.90527,15.8999,1.8585140419480984e-05,0.0009292570209740491
text+audio_text_ln_lrh0.001_e5_s44,512,1,1.11051,9.2689,1.8578030572342696e-05,0.0009289015286171348
text+audio_text_ln_lrh0.001_e5_s44,513,1,1.40779,14.1978,1.857092072520441e-05,0.0009285460362602203
text+audio_text_ln_lrh0.001_e5_s44,514,1,1.13178,25.2575,1.8563810878066124e-05,0.0009281905439033061
text+audio_text_ln_lrh0.001_e5_s44,515,1,1.29056,12.8927,1.8556701030927837e-05,0.0009278350515463918
text+audio_text_ln_lrh0.001_e5_s44,516,1,1.51907,11.0622,1.854959118378955e-05,0.0009274795591894774
text+audio_text_ln_lrh0.001_e5_s44,517,1,1.31923,11.4137,1.8542481336651265e-05,0.0009271240668325631
text+audio_text_ln_lrh0.001_e5_s44,518,1,1.1261,11.6052,1.8535371489512977e-05,0.0009267685744756488
text+audio_text_ln_lrh0.001_e5_s44,519,1,1.27107,8.1249,1.852826164237469e-05,0.0009264130821187344
text+audio_text_ln_lrh0.001_e5_s44,520,1,1.34799,12.7364,1.8521151795236402e-05,0.0009260575897618201
text+audio_text_ln_lrh0.001_e5_s44,521,1,1.29528,9.4818,1.8514041948098118e-05,0.0009257020974049059
text+audio_text_ln_lrh0.001_e5_s44,522,1,1.25799,7.7665,1.850693210095983e-05,0.0009253466050479915
text+audio_text_ln_lrh0.001_e5_s44,523,1,1.42343,17.4805,1.8499822253821543e-05,0.0009249911126910772
text+audio_text_ln_lrh0.001_e5_s44,524,1,0.88461,10.307,1.849271240668326e-05,0.0009246356203341628
text+audio_text_ln_lrh0.001_e5_s44,525,1,0.49965,6.9386,1.848560255954497e-05,0.0009242801279772485
text+audio_text_ln_lrh0.001_e5_s44,526,1,0.7986,7.4415,1.8478492712406683e-05,0.0009239246356203342
text+audio_text_ln_lrh0.001_e5_s44,527,1,1.09124,20.2366,1.84713828652684e-05,0.0009235691432634199
text+audio_text_ln_lrh0.001_e5_s44,528,1,2.31077,23.3711,1.846427301813011e-05,0.0009232136509065055
text+audio_text_ln_lrh0.001_e5_s44,529,1,1.0211,17.1979,1.8457163170991824e-05,0.0009228581585495912
text+audio_text_ln_lrh0.001_e5_s44,530,1,0.67565,10.6559,1.845005332385354e-05,0.0009225026661926768
text+audio_text_ln_lrh0.001_e5_s44,531,1,1.16362,15.1295,1.8442943476715252e-05,0.0009221471738357625
text+audio_text_ln_lrh0.001_e5_s44,532,1,1.39519,17.4562,1.8435833629576965e-05,0.0009217916814788482
text+audio_text_ln_lrh0.001_e5_s44,533,1,1.01375,23.4476,1.842872378243868e-05,0.0009214361891219339
text+audio_text_ln_lrh0.001_e5_s44,534,1,1.0962,16.6453,1.8421613935300393e-05,0.0009210806967650196
text+audio_text_ln_lrh0.001_e5_s44,535,1,1.30062,15.0935,1.8414504088162105e-05,0.0009207252044081053
text+audio_text_ln_lrh0.001_e5_s44,536,1,1.52215,13.8054,1.840739424102382e-05,0.0009203697120511909
text+audio_text_ln_lrh0.001_e5_s44,537,1,1.08654,12.1313,1.8400284393885533e-05,0.0009200142196942766
text+audio_text_ln_lrh0.001_e5_s44,538,1,1.1799,12.7513,1.8393174546747246e-05,0.0009196587273373622
text+audio_text_ln_lrh0.001_e5_s44,539,1,1.20861,22.568,1.838606469960896e-05,0.000919303234980448
text+audio_text_ln_lrh0.001_e5_s44,540,1,1.00475,14.7803,1.8378954852470674e-05,0.0009189477426235337
text+audio_text_ln_lrh0.001_e5_s44,541,1,1.03579,11.0712,1.8371845005332386e-05,0.0009185922502666193
text+audio_text_ln_lrh0.001_e5_s44,542,1,1.2443,14.502,1.83647351581941e-05,0.000918236757909705
text+audio_text_ln_lrh0.001_e5_s44,543,1,1.00425,21.7007,1.8357625311055815e-05,0.0009178812655527906
text+audio_text_ln_lrh0.001_e5_s44,544,1,1.04861,12.495,1.8350515463917527e-05,0.0009175257731958762
text+audio_text_ln_lrh0.001_e5_s44,545,1,0.90964,10.9228,1.8343405616779243e-05,0.000917170280838962
text+audio_text_ln_lrh0.001_e5_s44,546,1,1.48013,26.4945,1.8336295769640955e-05,0.0009168147884820477
text+audio_text_ln_lrh0.001_e5_s44,547,1,1.26555,16.7094,1.8329185922502668e-05,0.0009164592961251333
text+audio_text_ln_lrh0.001_e5_s44,548,1,0.82155,10.9194,1.832207607536438e-05,0.000916103803768219
text+audio_text_ln_lrh0.001_e5_s44,549,1,0.69705,11.1891,1.8314966228226096e-05,0.0009157483114113047
text+audio_text_ln_lrh0.001_e5_s44,550,1,1.28726,30.5527,1.8307856381087808e-05,0.0009153928190543903
text+audio_text_ln_lrh0.001_e5_s44,551,1,1.70543,16.8709,1.830074653394952e-05,0.000915037326697476
text+audio_text_ln_lrh0.001_e5_s44,552,1,1.07831,14.5989,1.8293636686811236e-05,0.0009146818343405618
text+audio_text_ln_lrh0.001_e5_s44,553,1,1.29834,21.6128,1.828652683967295e-05,0.0009143263419836474
text+audio_text_ln_lrh0.001_e5_s44,554,1,1.45399,21.545,1.827941699253466e-05,0.0009139708496267331
text+audio_text_ln_lrh0.001_e5_s44,555,1,1.3858,21.8916,1.8272307145396374e-05,0.0009136153572698187
text+audio_text_ln_lrh0.001_e5_s44,556,1,1.14261,11.296,1.826519729825809e-05,0.0009132598649129044
text+audio_text_ln_lrh0.001_e5_s44,557,1,0.93356,9.3627,1.8258087451119802e-05,0.00091290437255599
text+audio_text_ln_lrh0.001_e5_s44,558,1,1.20394,12.2706,1.8250977603981518e-05,0.0009125488801990757
text+audio_text_ln_lrh0.001_e5_s44,559,1,1.15874,12.2318,1.824386775684323e-05,0.0009121933878421614
text+audio_text_ln_lrh0.001_e5_s44,560,1,0.95235,10.1219,1.8236757909704942e-05,0.0009118378954852471
text+audio_text_ln_lrh0.001_e5_s44,561,1,1.25782,11.3687,1.8229648062566655e-05,0.0009114824031283327
text+audio_text_ln_lrh0.001_e5_s44,562,1,0.94009,12.0928,1.822253821542837e-05,0.0009111269107714184
text+audio_text_ln_lrh0.001_e5_s44,563,1,1.56756,11.4509,1.8215428368290083e-05,0.0009107714184145041
text+audio_text_ln_lrh0.001_e5_s44,564,1,0.51612,9.9846,1.82083185211518e-05,0.0009104159260575898
text+audio_text_ln_lrh0.001_e5_s44,565,1,1.18889,11.1454,1.820120867401351e-05,0.0009100604337006755
text+audio_text_ln_lrh0.001_e5_s44,566,1,1.79175,29.2097,1.8194098826875224e-05,0.0009097049413437612
text+audio_text_ln_lrh0.001_e5_s44,567,1,0.88989,9.0989,1.8186988979736936e-05,0.0009093494489868468
text+audio_text_ln_lrh0.001_e5_s44,568,1,2.10542,17.5905,1.817987913259865e-05,0.0009089939566299325
text+audio_text_ln_lrh0.001_e5_s44,569,1,1.23944,10.8612,1.8172769285460364e-05,0.0009086384642730181
text+audio_text_ln_lrh0.001_e5_s44,570,1,0.78832,8.6776,1.816565943832208e-05,0.0009082829719161039
text+audio_text_ln_lrh0.001_e5_s44,571,1,1.21265,13.2067,1.8158549591183792e-05,0.0009079274795591896
text+audio_text_ln_lrh0.001_e5_s44,572,1,0.98305,11.8891,1.8151439744045505e-05,0.0009075719872022751
text+audio_text_ln_lrh0.001_e5_s44,573,1,1.42002,15.8218,1.8144329896907217e-05,0.0009072164948453608
text+audio_text_ln_lrh0.001_e5_s44,574,1,1.09285,13.5104,1.813722004976893e-05,0.0009068610024884465
text+audio_text_ln_lrh0.001_e5_s44,575,1,1.29497,10.1482,1.8130110202630645e-05,0.0009065055101315321
text+audio_text_ln_lrh0.001_e5_s44,576,1,1.1088,12.8301,1.8123000355492358e-05,0.0009061500177746179
text+audio_text_ln_lrh0.001_e5_s44,577,1,0.85003,12.0831,1.8115890508354074e-05,0.0009057945254177036
text+audio_text_ln_lrh0.001_e5_s44,578,1,0.87982,13.5451,1.8108780661215786e-05,0.0009054390330607892
text+audio_text_ln_lrh0.001_e5_s44,579,1,0.66832,8.9437,1.81016708140775e-05,0.0009050835407038749
text+audio_text_ln_lrh0.001_e5_s44,580,1,1.4143,31.9243,1.809456096693921e-05,0.0009047280483469606
text+audio_text_ln_lrh0.001_e5_s44,581,1,0.69024,9.2806,1.8087451119800927e-05,0.0009043725559900462
text+audio_text_ln_lrh0.001_e5_s44,582,1,0.77688,8.1649,1.808034127266264e-05,0.0009040170636331319
text+audio_text_ln_lrh0.001_e5_s44,583,1,1.0594,9.7848,1.8073231425524355e-05,0.0009036615712762176
text+audio_text_ln_lrh0.001_e5_s44,584,1,1.34171,12.2654,1.8066121578386067e-05,0.0009033060789193033
text+audio_text_ln_lrh0.001_e5_s44,585,1,1.60159,20.3922,1.805901173124778e-05,0.000902950586562389
text+audio_text_ln_lrh0.001_e5_s44,586,1,1.14422,15.695,1.8051901884109492e-05,0.0009025950942054745
text+audio_text_ln_lrh0.001_e5_s44,587,1,1.11267,10.2221,1.8044792036971205e-05,0.0009022396018485602
text+audio_text_ln_lrh0.001_e5_s44,588,1,1.21024,16.4622,1.803768218983292e-05,0.0009018841094916459
text+audio_text_ln_lrh0.001_e5_s44,589,1,1.28643,22.4164,1.8030572342694636e-05,0.0009015286171347316
text+audio_text_ln_lrh0.001_e5_s44,590,1,1.05738,25.8709,1.802346249555635e-05,0.0009011731247778173
text+audio_text_ln_lrh0.001_e5_s44,591,1,1.24286,12.9761,1.801635264841806e-05,0.000900817632420903
text+audio_text_ln_lrh0.001_e5_s44,592,1,1.01578,22.0729,1.8009242801279773e-05,0.0009004621400639886
text+audio_text_ln_lrh0.001_e5_s44,593,1,0.79014,12.9313,1.8002132954141486e-05,0.0009001066477070743
text+audio_text_ln_lrh0.001_e5_s44,594,1,1.16406,20.8134,1.79950231070032e-05,0.00089975115535016
text+audio_text_ln_lrh0.001_e5_s44,595,1,1.42752,11.9439,1.7987913259864914e-05,0.0008993956629932457
text+audio_text_ln_lrh0.001_e5_s44,596,1,0.96054,16.5115,1.798080341272663e-05,0.0008990401706363314
text+audio_text_ln_lrh0.001_e5_s44,597,1,1.31522,20.5359,1.7973693565588342e-05,0.000898684678279417
text+audio_text_ln_lrh0.001_e5_s44,598,1,0.81048,12.6065,1.7966583718450055e-05,0.0008983291859225027
text+audio_text_ln_lrh0.001_e5_s44,599,1,0.857,14.492,1.7959473871311767e-05,0.0008979736935655884
text+audio_text_ln_lrh0.001_e5_s44,600,1,1.06573,12.711,1.795236402417348e-05,0.000897618201208674
text+audio_text_ln_lrh0.001_e5_s44,601,1,1.58653,16.1285,1.7945254177035195e-05,0.0008972627088517597
text+audio_text_ln_lrh0.001_e5_s44,602,1,1.14698,11.9664,1.793814432989691e-05,0.0008969072164948454
text+audio_text_ln_lrh0.001_e5_s44,603,1,1.32143,12.9179,1.7931034482758623e-05,0.000896551724137931
text+audio_text_ln_lrh0.001_e5_s44,604,1,0.67823,14.9693,1.7923924635620336e-05,0.0008961962317810167
text+audio_text_ln_lrh0.001_e5_s44,605,1,0.79203,11.2395,1.7916814788482048e-05,0.0008958407394241024
text+audio_text_ln_lrh0.001_e5_s44,606,1,0.74908,10.1267,1.790970494134376e-05,0.000895485247067188
text+audio_text_ln_lrh0.001_e5_s44,607,1,1.23719,16.6846,1.7902595094205476e-05,0.0008951297547102738
text+audio_text_ln_lrh0.001_e5_s44,608,1,0.97365,12.2886,1.789548524706719e-05,0.0008947742623533595
text+audio_text_ln_lrh0.001_e5_s44,609,1,1.19757,12.6126,1.7888375399928905e-05,0.0008944187699964451
text+audio_text_ln_lrh0.001_e5_s44,610,1,1.02009,10.9372,1.7881265552790617e-05,0.0008940632776395308
text+audio_text_ln_lrh0.001_e5_s44,611,1,1.05864,10.6884,1.787415570565233e-05,0.0008937077852826164
text+audio_text_ln_lrh0.001_e5_s44,612,1,1.14679,10.5505,1.7867045858514042e-05,0.0008933522929257021
text+audio_text_ln_lrh0.001_e5_s44,613,1,0.94367,12.4944,1.7859936011375754e-05,0.0008929968005687878
text+audio_text_ln_lrh0.001_e5_s44,614,1,1.39689,17.0484,1.785282616423747e-05,0.0008926413082118735
text+audio_text_ln_lrh0.001_e5_s44,615,1,0.78688,9.325,1.7845716317099186e-05,0.0008922858158549592
text+audio_text_ln_lrh0.001_e5_s44,616,1,1.2994,18.8221,1.7838606469960898e-05,0.0008919303234980448
text+audio_text_ln_lrh0.001_e5_s44,617,1,1.28723,14.765,1.783149662282261e-05,0.0008915748311411304
text+audio_text_ln_lrh0.001_e5_s44,618,1,1.01028,12.666,1.7824386775684323e-05,0.0008912193387842161
text+audio_text_ln_lrh0.001_e5_s44,619,1,1.15925,16.2399,1.7817276928546035e-05,0.0008908638464273018
text+audio_text_ln_lrh0.001_e5_s44,620,1,0.92023,10.3286,1.781016708140775e-05,0.0008905083540703875
text+audio_text_ln_lrh0.001_e5_s44,621,1,0.88626,14.7933,1.7803057234269464e-05,0.0008901528617134732
text+audio_text_ln_lrh0.001_e5_s44,622,1,0.73567,14.6465,1.779594738713118e-05,0.0008897973693565589
text+audio_text_ln_lrh0.001_e5_s44,623,1,1.68538,17.4878,1.7788837539992892e-05,0.0008894418769996445
text+audio_text_ln_lrh0.001_e5_s44,624,1,1.29452,14.0737,1.7781727692854604e-05,0.0008890863846427302
text+audio_text_ln_lrh0.001_e5_s44,625,1,1.38716,29.0941,1.7774617845716317e-05,0.0008887308922858158
text+audio_text_ln_lrh0.001_e5_s44,626,2,1.32651,14.0581,1.7767507998578032e-05,0.0008883753999289016
text+audio_text_ln_lrh0.001_e5_s44,627,2,1.40094,19.6717,1.7760398151439745e-05,0.0008880199075719873
text+audio_text_ln_lrh0.001_e5_s44,628,2,0.73534,11.9967,1.775328830430146e-05,0.0008876644152150729
text+audio_text_ln_lrh0.001_e5_s44,629,2,1.19477,11.5874,1.7746178457163173e-05,0.0008873089228581586
text+audio_text_ln_lrh0.001_e5_s44,630,2,0.99497,13.3079,1.7739068610024885e-05,0.0008869534305012442
text+audio_text_ln_lrh0.001_e5_s44,631,2,1.1715,12.2443,1.7731958762886598e-05,0.0008865979381443298
text+audio_text_ln_lrh0.001_e5_s44,632,2,0.77463,11.9818,1.7724848915748314e-05,0.0008862424457874156
text+audio_text_ln_lrh0.001_e5_s44,633,2,0.82282,11.1457,1.7717739068610026e-05,0.0008858869534305013
text+audio_text_ln_lrh0.001_e5_s44,634,2,0.86502,14.8944,1.7710629221471742e-05,0.0008855314610735869
text+audio_text_ln_lrh0.001_e5_s44,635,2,1.32511,15.6755,1.7703519374333454e-05,0.0008851759687166726
text+audio_text_ln_lrh0.001_e5_s44,636,2,1.03619,18.4383,1.7696409527195167e-05,0.0008848204763597583
text+audio_text_ln_lrh0.001_e5_s44,637,2,0.84464,13.8672,1.768929968005688e-05,0.0008844649840028439
text+audio_text_ln_lrh0.001_e5_s44,638,2,1.18181,21.3429,1.768218983291859e-05,0.0008841094916459296
text+audio_text_ln_lrh0.001_e5_s44,639,2,0.68827,13.8357,1.7675079985780307e-05,0.0008837539992890154
text+audio_text_ln_lrh0.001_e5_s44,640,2,1.16139,14.1381,1.766797013864202e-05,0.000883398506932101
text+audio_text_ln_lrh0.001_e5_s44,641,2,1.04594,11.6629,1.7660860291503735e-05,0.0008830430145751867
text+audio_text_ln_lrh0.001_e5_s44,642,2,1.09095,16.8863,1.7653750444365448e-05,0.0008826875222182723
text+audio_text_ln_lrh0.001_e5_s44,643,2,1.3157,16.6869,1.764664059722716e-05,0.000882332029861358
text+audio_text_ln_lrh0.001_e5_s44,644,2,1.41392,15.2767,1.7639530750088873e-05,0.0008819765375044437
text+audio_text_ln_lrh0.001_e5_s44,645,2,1.04199,15.0638,1.763242090295059e-05,0.0008816210451475293
text+audio_text_ln_lrh0.001_e5_s44,646,2,1.02203,13.2044,1.76253110558123e-05,0.000881265552790615
text+audio_text_ln_lrh0.001_e5_s44,647,2,0.93852,15.3185,1.7618201208674017e-05,0.0008809100604337007
text+audio_text_ln_lrh0.001_e5_s44,648,2,1.3355,12.9986,1.761109136153573e-05,0.0008805545680767863
text+audio_text_ln_lrh0.001_e5_s44,649,2,0.7795,22.9775,1.760398151439744e-05,0.000880199075719872
text+audio_text_ln_lrh0.001_e5_s44,650,2,1.2162,19.472,1.7596871667259154e-05,0.0008798435833629577
text+audio_text_ln_lrh0.001_e5_s44,651,2,0.96236,19.8792,1.758976182012087e-05,0.0008794880910060434
text+audio_text_ln_lrh0.001_e5_s44,652,2,0.84503,19.0692,1.7582651972982582e-05,0.0008791325986491291
text+audio_text_ln_lrh0.001_e5_s44,653,2,1.28428,19.6382,1.7575542125844294e-05,0.0008787771062922148
text+audio_text_ln_lrh0.001_e5_s44,654,2,1.31737,17.7929,1.756843227870601e-05,0.0008784216139353004
text+audio_text_ln_lrh0.001_e5_s44,655,2,1.2309,24.9383,1.7561322431567723e-05,0.0008780661215783861
text+audio_text_ln_lrh0.001_e5_s44,656,2,1.17625,16.7173,1.7554212584429435e-05,0.0008777106292214717
text+audio_text_ln_lrh0.001_e5_s44,657,2,1.07996,16.6383,1.754710273729115e-05,0.0008773551368645575
text+audio_text_ln_lrh0.001_e5_s44,658,2,1.44783,13.6394,1.7539992890152863e-05,0.0008769996445076432
text+audio_text_ln_lrh0.001_e5_s44,659,2,0.74214,11.6769,1.7532883043014576e-05,0.0008766441521507287
text+audio_text_ln_lrh0.001_e5_s44,660,2,1.08776,19.0722,1.752577319587629e-05,0.0008762886597938144
text+audio_text_ln_lrh0.001_e5_s44,661,2,0.72884,15.9079,1.7518663348738004e-05,0.0008759331674369001
text+audio_text_ln_lrh0.001_e5_s44,662,2,1.00962,15.2854,1.7511553501599716e-05,0.0008755776750799857
text+audio_text_ln_lrh0.001_e5_s44,663,2,1.15157,21.7273,1.7504443654461432e-05,0.0008752221827230715
text+audio_text_ln_lrh0.001_e5_s44,664,2,0.95303,14.8419,1.7497333807323144e-05,0.0008748666903661572
text+audio_text_ln_lrh0.001_e5_s44,665,2,0.41703,8.2769,1.7490223960184857e-05,0.0008745111980092428
text+audio_text_ln_lrh0.001_e5_s44,666,2,1.10881,13.7181,1.748311411304657e-05,0.0008741557056523285
text+audio_text_ln_lrh0.001_e5_s44,667,2,0.82218,11.2222,1.7476004265908285e-05,0.0008738002132954142
text+audio_text_ln_lrh0.001_e5_s44,668,2,1.21012,18.1899,1.7468894418769997e-05,0.0008734447209384998
text+audio_text_ln_lrh0.001_e5_s44,669,2,0.70128,20.2994,1.746178457163171e-05,0.0008730892285815855
text+audio_text_ln_lrh0.001_e5_s44,670,2,1.1143,15.4978,1.7454674724493426e-05,0.0008727337362246712
text+audio_text_ln_lrh0.001_e5_s44,671,2,1.15692,21.79,1.7447564877355138e-05,0.0008723782438677569
text+audio_text_ln_lrh0.001_e5_s44,672,2,0.63374,14.025,1.744045503021685e-05,0.0008720227515108426
text+audio_text_ln_lrh0.001_e5_s44,673,2,1.2728,20.3509,1.7433345183078566e-05,0.0008716672591539281
text+audio_text_ln_lrh0.001_e5_s44,674,2,0.97283,19.6428,1.742623533594028e-05,0.0008713117667970138
text+audio_text_ln_lrh0.001_e5_s44,675,2,0.60102,14.5715,1.741912548880199e-05,0.0008709562744400995
text+audio_text_ln_lrh0.001_e5_s44,676,2,1.00348,13.6648,1.7412015641663707e-05,0.0008706007820831852
text+audio_text_ln_lrh0.001_e5_s44,677,2,1.09251,14.5761,1.740490579452542e-05,0.0008702452897262709
text+audio_text_ln_lrh0.001_e5_s44,678,2,1.1022,18.7809,1.739779594738713e-05,0.0008698897973693566
text+audio_text_ln_lrh0.001_e5_s44,679,2,0.79862,26.4686,1.7390686100248847e-05,0.0008695343050124422
text+audio_text_ln_lrh0.001_e5_s44,680,2,0.88175,12.2156,1.738357625311056e-05,0.0008691788126555279
text+audio_text_ln_lrh0.001_e5_s44,681,2,0.5445,12.364,1.7376466405972272e-05,0.0008688233202986136
text+audio_text_ln_lrh0.001_e5_s44,682,2,0.44625,10.6539,1.7369356558833988e-05,0.0008684678279416993
text+audio_text_ln_lrh0.001_e5_s44,683,2,1.01822,18.2072,1.73622467116957e-05,0.000868112335584785
text+audio_text_ln_lrh0.001_e5_s44,684,2,0.59053,21.246,1.7355136864557413e-05,0.0008677568432278706
text+audio_text_ln_lrh0.001_e5_s44,685,2,1.06867,36.5214,1.7348027017419125e-05,0.0008674013508709563
text+audio_text_ln_lrh0.001_e5_s44,686,2,1.01415,23.0546,1.734091717028084e-05,0.000867045858514042
text+audio_text_ln_lrh0.001_e5_s44,687,2,0.76635,16.4555,1.7333807323142553e-05,0.0008666903661571276
text+audio_text_ln_lrh0.001_e5_s44,688,2,0.99013,19.2711,1.732669747600427e-05,0.0008663348738002134
text+audio_text_ln_lrh0.001_e5_s44,689,2,1.56896,28.0336,1.731958762886598e-05,0.000865979381443299
text+audio_text_ln_lrh0.001_e5_s44,690,2,1.15906,18.4091,1.7312477781727694e-05,0.0008656238890863846
text+audio_text_ln_lrh0.001_e5_s44,691,2,0.54644,12.5612,1.7305367934589406e-05,0.0008652683967294703
text+audio_text_ln_lrh0.001_e5_s44,692,2,1.26809,15.1051,1.7298258087451122e-05,0.000864912904372556
text+audio_text_ln_lrh0.001_e5_s44,693,2,0.97321,19.5456,1.7291148240312835e-05,0.0008645574120156416
text+audio_text_ln_lrh0.001_e5_s44,694,2,1.01921,19.8636,1.728403839317455e-05,0.0008642019196587274
text+audio_text_ln_lrh0.001_e5_s44,695,2,0.99462,16.1206,1.7276928546036263e-05,0.0008638464273018131
text+audio_text_ln_lrh0.001_e5_s44,696,2,0.59204,9.9518,1.7269818698897975e-05,0.0008634909349448987
text+audio_text_ln_lrh0.001_e5_s44,697,2,0.39385,11.6045,1.7262708851759688e-05,0.0008631354425879844
text+audio_text_ln_lrh0.001_e5_s44,698,2,0.77803,11.6209,1.72555990046214e-05,0.0008627799502310701
text+audio_text_ln_lrh0.001_e5_s44,699,2,0.94083,14.2743,1.7248489157483116e-05,0.0008624244578741557
text+audio_text_ln_lrh0.001_e5_s44,700,2,0.68331,17.1876,1.7241379310344828e-05,0.0008620689655172414
text+audio_text_ln_lrh0.001_e5_s44,701,2,1.00526,21.4625,1.7234269463206544e-05,0.0008617134731603271
text+audio_text_ln_lrh0.001_e5_s44,702,2,1.04677,24.426,1.7227159616068256e-05,0.0008613579808034128
text+audio_text_ln_lrh0.001_e5_s44,703,2,0.91436,14.1383,1.722004976892997e-05,0.0008610024884464985
text+audio_text_ln_lrh0.001_e5_s44,704,2,1.04367,30.4529,1.721293992179168e-05,0.000860646996089584
text+audio_text_ln_lrh0.001_e5_s44,705,2,0.97799,20.2323,1.7205830074653397e-05,0.0008602915037326697
text+audio_text_ln_lrh0.001_e5_s44,706,2,1.09317,24.2372,1.719872022751511e-05,0.0008599360113757554
text+audio_text_ln_lrh0.001_e5_s44,707,2,0.50854,15.1325,1.7191610380376825e-05,0.0008595805190188411
text+audio_text_ln_lrh0.001_e5_s44,708,2,0.86503,14.7476,1.7184500533238538e-05,0.0008592250266619268
text+audio_text_ln_lrh0.001_e5_s44,709,2,0.64965,12.1378,1.717739068610025e-05,0.0008588695343050125
text+audio_text_ln_lrh0.001_e5_s44,710,2,0.77081,11.8134,1.7170280838961963e-05,0.0008585140419480981
text+audio_text_ln_lrh0.001_e5_s44,711,2,1.26823,18.7752,1.716317099182368e-05,0.0008581585495911838
text+audio_text_ln_lrh0.001_e5_s44,712,2,1.51724,21.9671,1.715606114468539e-05,0.0008578030572342695
text+audio_text_ln_lrh0.001_e5_s44,713,2,0.64811,14.7248,1.7148951297547107e-05,0.0008574475648773552
text+audio_text_ln_lrh0.001_e5_s44,714,2,1.01662,22.5476,1.714184145040882e-05,0.0008570920725204409
text+audio_text_ln_lrh0.001_e5_s44,715,2,1.11896,24.2881,1.713473160327053e-05,0.0008567365801635265
text+audio_text_ln_lrh0.001_e5_s44,716,2,1.22475,22.0153,1.7127621756132244e-05,0.0008563810878066122
text+audio_text_ln_lrh0.001_e5_s44,717,2,1.18911,20.0334,1.7120511908993956e-05,0.0008560255954496979
text+audio_text_ln_lrh0.001_e5_s44,718,2,1.1326,16.4119,1.7113402061855672e-05,0.0008556701030927834
text+audio_text_ln_lrh0.001_e5_s44,719,2,1.06129,16.7241,1.7106292214717384e-05,0.0008553146107358692
text+audio_text_ln_lrh0.001_e5_s44,720,2,0.55806,12.0941,1.70991823675791e-05,0.0008549591183789549
text+audio_text_ln_lrh0.001_e5_s44,721,2,1.18017,21.5338,1.7092072520440813e-05,0.0008546036260220405
text+audio_text_ln_lrh0.001_e5_s44,722,2,1.11392,20.8987,1.7084962673302525e-05,0.0008542481336651262
text+audio_text_ln_lrh0.001_e5_s44,723,2,1.54961,20.7313,1.7077852826164237e-05,0.0008538926413082119
text+audio_text_ln_lrh0.001_e5_s44,724,2,0.85009,12.048,1.7070742979025953e-05,0.0008535371489512975
text+audio_text_ln_lrh0.001_e5_s44,725,2,1.09317,19.5645,1.7063633131887666e-05,0.0008531816565943833
text+audio_text_ln_lrh0.001_e5_s44,726,2,0.74102,9.6396,1.705652328474938e-05,0.000852826164237469
text+audio_text_ln_lrh0.001_e5_s44,727,2,1.10336,15.0798,1.7049413437611094e-05,0.0008524706718805546
text+audio_text_ln_lrh0.001_e5_s44,728,2,1.10271,16.4889,1.7042303590472806e-05,0.0008521151795236403
text+audio_text_ln_lrh0.001_e5_s44,729,2,0.92045,12.7343,1.703519374333452e-05,0.0008517596871667259
text+audio_text_ln_lrh0.001_e5_s44,730,2,1.17684,14.4959,1.702808389619623e-05,0.0008514041948098116
text+audio_text_ln_lrh0.001_e5_s44,731,2,1.40027,13.668,1.7020974049057947e-05,0.0008510487024528973
text+audio_text_ln_lrh0.001_e5_s44,732,2,1.53034,19.8766,1.7013864201919663e-05,0.000850693210095983
text+audio_text_ln_lrh0.001_e5_s44,733,2,1.23,19.8912,1.7006754354781375e-05,0.0008503377177390686
text+audio_text_ln_lrh0.001_e5_s44,734,2,1.60756,16.2915,1.6999644507643087e-05,0.0008499822253821543
text+audio_text_ln_lrh0.001_e5_s44,735,2,1.15181,17.9353,1.69925346605048e-05,0.0008496267330252399
text+audio_text_ln_lrh0.001_e5_s44,736,2,1.12356,14.5788,1.6985424813366512e-05,0.0008492712406683256
text+audio_text_ln_lrh0.001_e5_s44,737,2,0.99425,13.4405,1.6978314966228228e-05,0.0008489157483114113
text+audio_text_ln_lrh0.001_e5_s44,738,2,1.41078,16.1455,1.697120511908994e-05,0.000848560255954497
text+audio_text_ln_lrh0.001_e5_s44,739,2,0.79846,13.0666,1.6964095271951656e-05,0.0008482047635975827
text+audio_text_ln_lrh0.001_e5_s44,740,2,0.63823,11.2897,1.695698542481337e-05,0.0008478492712406684
text+audio_text_ln_lrh0.001_e5_s44,741,2,1.24434,18.4461,1.694987557767508e-05,0.000847493778883754
text+audio_text_ln_lrh0.001_e5_s44,742,2,0.77933,11.2348,1.6942765730536793e-05,0.0008471382865268397
text+audio_text_ln_lrh0.001_e5_s44,743,2,1.19372,17.0596,1.6935655883398506e-05,0.0008467827941699253
text+audio_text_ln_lrh0.001_e5_s44,744,2,1.20719,24.0368,1.692854603626022e-05,0.0008464273018130111
text+audio_text_ln_lrh0.001_e5_s44,745,2,1.22592,13.7438,1.6921436189121937e-05,0.0008460718094560968
text+audio_text_ln_lrh0.001_e5_s44,746,2,1.09137,15.8995,1.691432634198365e-05,0.0008457163170991824
text+audio_text_ln_lrh0.001_e5_s44,747,2,1.41124,21.1571,1.6907216494845362e-05,0.000845360824742268
text+audio_text_ln_lrh0.001_e5_s44,748,2,1.21735,12.6759,1.6900106647707075e-05,0.0008450053323853537
text+audio_text_ln_lrh0.001_e5_s44,749,2,1.22077,12.1909,1.6892996800568787e-05,0.0008446498400284393
text+audio_text_ln_lrh0.001_e5_s44,750,2,0.89567,16.8708,1.6885886953430503e-05,0.0008442943476715251
text+audio_text_ln_lrh0.001_e5_s44,751,2,1.5176,24.7324,1.6878777106292215e-05,0.0008439388553146108
text+audio_text_ln_lrh0.001_e5_s44,752,2,1.21174,16.4425,1.687166725915393e-05,0.0008435833629576964
text+audio_text_ln_lrh0.001_e5_s44,753,2,1.76597,17.246,1.6864557412015643e-05,0.0008432278706007821
text+audio_text_ln_lrh0.001_e5_s44,754,2,1.27427,16.1226,1.6857447564877356e-05,0.0008428723782438678
text+audio_text_ln_lrh0.001_e5_s44,755,2,0.60646,14.9921,1.6850337717739068e-05,0.0008425168858869534
text+audio_text_ln_lrh0.001_e5_s44,756,2,0.75865,13.35,1.6843227870600784e-05,0.0008421613935300392
text+audio_text_ln_lrh0.001_e5_s44,757,2,0.9891,16.7851,1.6836118023462496e-05,0.0008418059011731248
text+audio_text_ln_lrh0.001_e5_s44,758,2,1.14798,12.2589,1.6829008176324212e-05,0.0008414504088162105
text+audio_text_ln_lrh0.001_e5_s44,759,2,0.81517,22.9039,1.6821898329185925e-05,0.0008410949164592962
text+audio_text_ln_lrh0.001_e5_s44,760,2,0.92217,14.493,1.6814788482047637e-05,0.0008407394241023818
text+audio_text_ln_lrh0.001_e5_s44,761,2,0.7668,15.294,1.680767863490935e-05,0.0008403839317454674
text+audio_text_ln_lrh0.001_e5_s44,762,2,1.17548,22.9029,1.6800568787771062e-05,0.0008400284393885531
text+audio_text_ln_lrh0.001_e5_s44,763,2,1.14223,15.6862,1.6793458940632778e-05,0.0008396729470316388
text+audio_text_ln_lrh0.001_e5_s44,764,2,0.76272,14.2857,1.6786349093494493e-05,0.0008393174546747245
text+audio_text_ln_lrh0.001_e5_s44,765,2,1.12606,11.8069,1.6779239246356206e-05,0.0008389619623178102
text+audio_text_ln_lrh0.001_e5_s44,766,2,0.89572,15.6246,1.6772129399217918e-05,0.0008386064699608958
text+audio_text_ln_lrh0.001_e5_s44,767,2,1.21591,10.7214,1.676501955207963e-05,0.0008382509776039815
text+audio_text_ln_lrh0.001_e5_s44,768,2,0.7921,12.2563,1.6757909704941343e-05,0.0008378954852470672
text+audio_text_ln_lrh0.001_e5_s44,769,2,0.73921,9.7354,1.675079985780306e-05,0.0008375399928901529
text+audio_text_ln_lrh0.001_e5_s44,770,2,1.08398,30.8772,1.674369001066477e-05,0.0008371845005332386
text+audio_text_ln_lrh0.001_e5_s44,771,2,1.60855,21.8526,1.6736580163526487e-05,0.0008368290081763243
text+audio_text_ln_lrh0.001_e5_s44,772,2,0.76097,25.843,1.67294703163882e-05,0.0008364735158194099
text+audio_text_ln_lrh0.001_e5_s44,773,2,1.23393,14.3751,1.6722360469249912e-05,0.0008361180234624956
text+audio_text_ln_lrh0.001_e5_s44,774,2,1.02487,26.9391,1.6715250622111624e-05,0.0008357625311055812
text+audio_text_ln_lrh0.001_e5_s44,775,2,1.4313,17.4451,1.670814077497334e-05,0.000835407038748667
text+audio_text_ln_lrh0.001_e5_s44,776,2,0.97519,18.5812,1.6701030927835052e-05,0.0008350515463917527
text+audio_text_ln_lrh0.001_e5_s44,777,2,1.35638,20.8117,1.6693921080696768e-05,0.0008346960540348382
text+audio_text_ln_lrh0.001_e5_s44,778,2,0.48412,11.2529,1.668681123355848e-05,0.0008343405616779239
text+audio_text_ln_lrh0.001_e5_s44,779,2,1.22247,16.1074,1.6679701386420193e-05,0.0008339850693210096
text+audio_text_ln_lrh0.001_e5_s44,780,2,1.37873,22.3457,1.6672591539281905e-05,0.0008336295769640952
text+audio_text_ln_lrh0.001_e5_s44,781,2,1.45048,16.8409,1.666548169214362e-05,0.000833274084607181
text+audio_text_ln_lrh0.001_e5_s44,782,2,1.13341,25.0245,1.6658371845005334e-05,0.0008329185922502667
text+audio_text_ln_lrh0.001_e5_s44,783,2,0.85521,18.6958,1.6651261997867046e-05,0.0008325630998933523
text+audio_text_ln_lrh0.001_e5_s44,784,2,1.41662,13.8764,1.6644152150728762e-05,0.000832207607536438
text+audio_text_ln_lrh0.001_e5_s44,785,2,0.8444,19.9402,1.6637042303590474e-05,0.0008318521151795237
text+audio_text_ln_lrh0.001_e5_s44,786,2,1.38672,17.6339,1.6629932456452187e-05,0.0008314966228226093
text+audio_text_ln_lrh0.001_e5_s44,787,2,0.99121,14.5561,1.66228226093139e-05,0.000831141130465695
text+audio_text_ln_lrh0.001_e5_s44,788,2,0.70928,15.7828,1.6615712762175615e-05,0.0008307856381087807
text+audio_text_ln_lrh0.001_e5_s44,789,2,1.40386,24.4094,1.6608602915037327e-05,0.0008304301457518664
text+audio_text_ln_lrh0.001_e5_s44,790,2,0.85364,36.2472,1.6601493067899043e-05,0.0008300746533949521
text+audio_text_ln_lrh0.001_e5_s44,791,2,0.67847,11.3027,1.6594383220760755e-05,0.0008297191610380376
text+audio_text_ln_lrh0.001_e5_s44,792,2,0.60775,12.5942,1.6587273373622468e-05,0.0008293636686811233
text+audio_text_ln_lrh0.001_e5_s44,793,2,0.83864,11.8324,1.658016352648418e-05,0.000829008176324209
text+audio_text_ln_lrh0.001_e5_s44,794,2,1.13392,11.9612,1.6573053679345896e-05,0.0008286526839672947
text+audio_text_ln_lrh0.001_e5_s44,795,2,1.41964,17.4334,1.656594383220761e-05,0.0008282971916103804
text+audio_text_ln_lrh0.001_e5_s44,796,2,1.35023,19.5724,1.655883398506932e-05,0.0008279416992534661
text+audio_text_ln_lrh0.001_e5_s44,797,2,0.83512,12.264,1.6551724137931037e-05,0.0008275862068965517
text+audio_text_ln_lrh0.001_e5_s44,798,2,1.24252,15.3944,1.654461429079275e-05,0.0008272307145396374
text+audio_text_ln_lrh0.001_e5_s44,799,2,0.7652,14.3457,1.653750444365446e-05,0.0008268752221827231
text+audio_text_ln_lrh0.001_e5_s44,800,2,0.69476,10.3766,1.6530394596516177e-05,0.0008265197298258088
text+audio_text_ln_lrh0.001_e5_s44,801,2,1.40282,15.6873,1.652328474937789e-05,0.0008261642374688945
text+audio_text_ln_lrh0.001_e5_s44,802,2,0.67443,20.3898,1.6516174902239602e-05,0.0008258087451119801
text+audio_text_ln_lrh0.001_e5_s44,803,2,0.98253,16.7675,1.6509065055101318e-05,0.0008254532527550658
text+audio_text_ln_lrh0.001_e5_s44,804,2,0.90358,16.2807,1.650195520796303e-05,0.0008250977603981515
text+audio_text_ln_lrh0.001_e5_s44,805,2,0.72022,17.2212,1.6494845360824743e-05,0.000824742268041237
text+audio_text_ln_lrh0.001_e5_s44,806,2,0.6766,11.6334,1.648773551368646e-05,0.0008243867756843228
text+audio_text_ln_lrh0.001_e5_s44,807,2,1.337,19.2459,1.648062566654817e-05,0.0008240312833274085
text+audio_text_ln_lrh0.001_e5_s44,808,2,0.84964,16.0748,1.6473515819409883e-05,0.0008236757909704941
text+audio_text_ln_lrh0.001_e5_s44,809,2,0.97096,17.3953,1.64664059722716e-05,0.0008233202986135798
text+audio_text_ln_lrh0.001_e5_s44,810,2,1.18013,15.8309,1.645929612513331e-05,0.0008229648062566655
text+audio_text_ln_lrh0.001_e5_s44,811,2,0.94577,13.4919,1.6452186277995024e-05,0.0008226093138997511
text+audio_text_ln_lrh0.001_e5_s44,812,2,1.62866,18.8955,1.644507643085674e-05,0.0008222538215428369
text+audio_text_ln_lrh0.001_e5_s44,813,2,0.8203,11.9201,1.6437966583718452e-05,0.0008218983291859226
text+audio_text_ln_lrh0.001_e5_s44,814,2,0.97605,19.9891,1.6430856736580164e-05,0.0008215428368290082
text+audio_text_ln_lrh0.001_e5_s44,815,2,1.10241,15.5805,1.6423746889441877e-05,0.0008211873444720939
text+audio_text_ln_lrh0.001_e5_s44,816,2,1.15096,18.2307,1.6416637042303593e-05,0.0008208318521151795
text+audio_text_ln_lrh0.001_e5_s44,817,2,0.79085,13.561,1.6409527195165305e-05,0.0008204763597582652
text+audio_text_ln_lrh0.001_e5_s44,818,2,0.82578,12.771,1.6402417348027017e-05,0.0008201208674013509
text+audio_text_ln_lrh0.001_e5_s44,819,2,1.17879,15.3267,1.6395307500888733e-05,0.0008197653750444366
text+audio_text_ln_lrh0.001_e5_s44,820,2,0.85294,14.4658,1.6388197653750446e-05,0.0008194098826875223
text+audio_text_ln_lrh0.001_e5_s44,821,2,0.91664,11.405,1.6381087806612158e-05,0.0008190543903306079
text+audio_text_ln_lrh0.001_e5_s44,822,2,0.8843,15.7847,1.6373977959473874e-05,0.0008186988979736935
text+audio_text_ln_lrh0.001_e5_s44,823,2,1.17959,11.8891,1.6366868112335586e-05,0.0008183434056167792
text+audio_text_ln_lrh0.001_e5_s44,824,2,1.13279,11.8699,1.63597582651973e-05,0.0008179879132598649
text+audio_text_ln_lrh0.001_e5_s44,825,2,0.75289,11.9764,1.6352648418059014e-05,0.0008176324209029506
text+audio_text_ln_lrh0.001_e5_s44,826,2,0.57718,14.1683,1.6345538570920727e-05,0.0008172769285460363
text+audio_text_ln_lrh0.001_e5_s44,827,2,1.40434,14.7149,1.633842872378244e-05,0.000816921436189122
text+audio_text_ln_lrh0.001_e5_s44,828,2,1.3227,17.3137,1.6331318876644152e-05,0.0008165659438322076
text+audio_text_ln_lrh0.001_e5_s44,829,2,0.58571,11.1955,1.6324209029505868e-05,0.0008162104514752933
text+audio_text_ln_lrh0.001_e5_s44,830,2,1.22533,16.7053,1.631709918236758e-05,0.0008158549591183789
text+audio_text_ln_lrh0.001_e5_s44,831,2,1.09584,13.666,1.6309989335229296e-05,0.0008154994667614647
text+audio_text_ln_lrh0.001_e5_s44,832,2,1.39737,15.5632,1.6302879488091008e-05,0.0008151439744045504
text+audio_text_ln_lrh0.001_e5_s44,833,2,1.13159,14.7347,1.629576964095272e-05,0.000814788482047636
text+audio_text_ln_lrh0.001_e5_s44,834,2,0.8119,19.2126,1.6288659793814433e-05,0.0008144329896907217
text+audio_text_ln_lrh0.001_e5_s44,835,2,0.59192,10.0526,1.628154994667615e-05,0.0008140774973338073
text+audio_text_ln_lrh0.001_e5_s44,836,2,0.60917,11.065,1.627444009953786e-05,0.0008137220049768929
text+audio_text_ln_lrh0.001_e5_s44,837,2,1.28281,22.2155,1.6267330252399577e-05,0.0008133665126199787
text+audio_text_ln_lrh0.001_e5_s44,838,2,0.68059,10.6169,1.626022040526129e-05,0.0008130110202630644
text+audio_text_ln_lrh0.001_e5_s44,839,2,0.96165,13.9356,1.6253110558123002e-05,0.00081265552790615
text+audio_text_ln_lrh0.001_e5_s44,840,2,1.19966,18.9373,1.6246000710984714e-05,0.0008123000355492357
text+audio_text_ln_lrh0.001_e5_s44,841,2,0.69393,20.9972,1.6238890863846427e-05,0.0008119445431923214
text+audio_text_ln_lrh0.001_e5_s44,842,2,0.93566,13.0011,1.6231781016708142e-05,0.000811589050835407
text+audio_text_ln_lrh0.001_e5_s44,843,2,1.74281,24.1692,1.6224671169569858e-05,0.0008112335584784928
text+audio_text_ln_lrh0.001_e5_s44,844,2,1.22853,13.5915,1.621756132243157e-05,0.0008108780661215785
text+audio_text_ln_lrh0.001_e5_s44,845,2,1.22428,17.5164,1.6210451475293283e-05,0.0008105225737646641
text+audio_text_ln_lrh0.001_e5_s44,846,2,0.84819,14.974,1.6203341628154995e-05,0.0008101670814077498
text+audio_text_ln_lrh0.001_e5_s44,847,2,0.81793,13.1135,1.6196231781016708e-05,0.0008098115890508354
text+audio_text_ln_lrh0.001_e5_s44,848,2,0.94301,15.5788,1.6189121933878424e-05,0.0008094560966939211
text+audio_text_ln_lrh0.001_e5_s44,849,2,0.7079,13.466,1.6182012086740136e-05,0.0008091006043370067
text+audio_text_ln_lrh0.001_e5_s44,850,2,0.89476,31.7219,1.6174902239601852e-05,0.0008087451119800924
text+audio_text_ln_lrh0.001_e5_s44,851,2,1.34921,14.6807,1.6167792392463564e-05,0.0008083896196231781
text+audio_text_ln_lrh0.001_e5_s44,852,2,1.89035,20.81,1.6160682545325277e-05,0.0008080341272662638
text+audio_text_ln_lrh0.001_e5_s44,853,2,1.19437,14.6211,1.615357269818699e-05,0.0008076786349093494
text+audio_text_ln_lrh0.001_e5_s44,854,2,1.15628,17.1901,1.6146462851048705e-05,0.0008073231425524351
text+audio_text_ln_lrh0.001_e5_s44,855,2,1.35976,19.378,1.6139353003910417e-05,0.0008069676501955208
text+audio_text_ln_lrh0.001_e5_s44,856,2,1.54819,20.223,1.6132243156772133e-05,0.0008066121578386065
text+audio_text_ln_lrh0.001_e5_s44,857,2,0.41027,14.665,1.6125133309633845e-05,0.0008062566654816922
text+audio_text_ln_lrh0.001_e5_s44,858,2,1.11714,19.5671,1.6118023462495558e-05,0.0008059011731247779
text+audio_text_ln_lrh0.001_e5_s44,859,2,1.11247,17.7909,1.611091361535727e-05,0.0008055456807678635
text+audio_text_ln_lrh0.001_e5_s44,860,2,0.75853,13.4628,1.6103803768218983e-05,0.0008051901884109492
text+audio_text_ln_lrh0.001_e5_s44,861,2,1.29503,15.5309,1.60966939210807e-05,0.0008048346960540348
text+audio_text_ln_lrh0.001_e5_s44,862,2,0.8515,11.3736,1.6089584073942414e-05,0.0008044792036971206
text+audio_text_ln_lrh0.001_e5_s44,863,2,1.02593,14.9412,1.6082474226804127e-05,0.0008041237113402063
text+audio_text_ln_lrh0.001_e5_s44,864,2,1.41989,17.7986,1.607536437966584e-05,0.0008037682189832918
text+audio_text_ln_lrh0.001_e5_s44,865,2,1.47776,14.0795,1.606825453252755e-05,0.0008034127266263775
text+audio_text_ln_lrh0.001_e5_s44,866,2,0.76355,11.318,1.6061144685389264e-05,0.0008030572342694632
text+audio_text_ln_lrh0.001_e5_s44,867,2,0.67388,11.4788,1.605403483825098e-05,0.0008027017419125488
text+audio_text_ln_lrh0.001_e5_s44,868,2,0.77824,16.4377,1.6046924991112692e-05,0.0008023462495556346
text+audio_text_ln_lrh0.001_e5_s44,869,2,1.36084,20.8626,1.6039815143974408e-05,0.0008019907571987203
text+audio_text_ln_lrh0.001_e5_s44,870,2,0.95044,13.1987,1.603270529683612e-05,0.0008016352648418059
text+audio_text_ln_lrh0.001_e5_s44,871,2,0.9845,13.5934,1.6025595449697833e-05,0.0008012797724848916
text+audio_text_ln_lrh0.001_e5_s44,872,2,1.32613,15.1862,1.6018485602559545e-05,0.0008009242801279773
text+audio_text_ln_lrh0.001_e5_s44,873,2,0.60776,11.6478,1.6011375755421257e-05,0.0008005687877710629
text+audio_text_ln_lrh0.001_e5_s44,874,2,0.72872,13.6049,1.6004265908282973e-05,0.0008002132954141487
text+audio_text_ln_lrh0.001_e5_s44,875,2,1.25222,15.2206,1.599715606114469e-05,0.0007998578030572343
text+audio_text_ln_lrh0.001_e5_s44,876,2,0.69862,15.3718,1.59900462140064e-05,0.00079950231070032
text+audio_text_ln_lrh0.001_e5_s44,877,2,1.15252,15.4911,1.5982936366868114e-05,0.0007991468183434057
text+audio_text_ln_lrh0.001_e5_s44,878,2,0.95447,17.3447,1.5975826519729826e-05,0.0007987913259864912
text+audio_text_ln_lrh0.001_e5_s44,879,2,1.35697,14.9752,1.596871667259154e-05,0.0007984358336295769
text+audio_text_ln_lrh0.001_e5_s44,880,2,1.03312,13.0598,1.5961606825453254e-05,0.0007980803412726626
text+audio_text_ln_lrh0.001_e5_s44,881,2,0.69434,11.8976,1.5954496978314967e-05,0.0007977248489157483
text+audio_text_ln_lrh0.001_e5_s44,882,2,1.17799,16.2551,1.5947387131176683e-05,0.000797369356558834
text+audio_text_ln_lrh0.001_e5_s44,883,2,1.01606,12.291,1.5940277284038395e-05,0.0007970138642019197
text+audio_text_ln_lrh0.001_e5_s44,884,2,0.85083,13.2031,1.5933167436900107e-05,0.0007966583718450053
text+audio_text_ln_lrh0.001_e5_s44,885,2,0.99162,14.0233,1.592605758976182e-05,0.000796302879488091
text+audio_text_ln_lrh0.001_e5_s44,886,2,1.214,15.0247,1.5918947742623536e-05,0.0007959473871311767
text+audio_text_ln_lrh0.001_e5_s44,887,2,0.84311,18.7285,1.5911837895485248e-05,0.0007955918947742624
text+audio_text_ln_lrh0.001_e5_s44,888,2,0.80463,12.4465,1.5904728048346964e-05,0.0007952364024173481
text+audio_text_ln_lrh0.001_e5_s44,889,2,0.76603,19.4458,1.5897618201208676e-05,0.0007948809100604337
text+audio_text_ln_lrh0.001_e5_s44,890,2,0.97498,17.1178,1.589050835407039e-05,0.0007945254177035194
text+audio_text_ln_lrh0.001_e5_s44,891,2,1.09295,14.8205,1.58833985069321e-05,0.0007941699253466051
text+audio_text_ln_lrh0.001_e5_s44,892,2,0.93867,9.6992,1.5876288659793813e-05,0.0007938144329896907
text+audio_text_ln_lrh0.001_e5_s44,893,2,1.01068,13.9645,1.586917881265553e-05,0.0007934589406327765
text+audio_text_ln_lrh0.001_e5_s44,894,2,0.77903,12.9042,1.586206896551724e-05,0.0007931034482758621
text+audio_text_ln_lrh0.001_e5_s44,895,2,0.84513,18.3181,1.5854959118378957e-05,0.0007927479559189477
text+audio_text_ln_lrh0.001_e5_s44,896,2,1.35093,15.6632,1.584784927124067e-05,0.0007923924635620334
text+audio_text_ln_lrh0.001_e5_s44,897,2,0.70236,16.8887,1.5840739424102382e-05,0.0007920369712051191
text+audio_text_ln_lrh0.001_e5_s44,898,2,1.09345,17.0675,1.5833629576964095e-05,0.0007916814788482047
text+audio_text_ln_lrh0.001_e5_s44,899,2,1.18024,19.0576,1.582651972982581e-05,0.0007913259864912905
text+audio_text_ln_lrh0.001_e5_s44,900,2,0.55115,14.657,1.5819409882687523e-05,0.0007909704941343762
text+audio_text_ln_lrh0.001_e5_s44,901,2,0.92628,16.6412,1.581230003554924e-05,0.0007906150017774618
text+audio_text_ln_lrh0.001_e5_s44,902,2,1.3332,17.0916,1.580519018841095e-05,0.0007902595094205475
text+audio_text_ln_lrh0.001_e5_s44,903,2,1.71845,18.2332,1.5798080341272663e-05,0.0007899040170636331
text+audio_text_ln_lrh0.001_e5_s44,904,2,0.97764,14.8556,1.5790970494134376e-05,0.0007895485247067188
text+audio_text_ln_lrh0.001_e5_s44,905,2,1.30511,16.2968,1.5783860646996088e-05,0.0007891930323498045
text+audio_text_ln_lrh0.001_e5_s44,906,2,0.84885,15.3918,1.5776750799857804e-05,0.0007888375399928902
text+audio_text_ln_lrh0.001_e5_s44,907,2,1.11437,18.3796,1.576964095271952e-05,0.0007884820476359759
text+audio_text_ln_lrh0.001_e5_s44,908,2,0.98077,15.6916,1.5762531105581232e-05,0.0007881265552790616
text+audio_text_ln_lrh0.001_e5_s44,909,2,1.18459,15.995,1.5755421258442945e-05,0.0007877710629221471
text+audio_text_ln_lrh0.001_e5_s44,910,2,0.73925,11.8758,1.5748311411304657e-05,0.0007874155705652328
text+audio_text_ln_lrh0.001_e5_s44,911,2,0.89072,14.7109,1.574120156416637e-05,0.0007870600782083185
text+audio_text_ln_lrh0.001_e5_s44,912,2,1.47821,26.0682,1.5734091717028085e-05,0.0007867045858514042
text+audio_text_ln_lrh0.001_e5_s44,913,2,1.10455,14.4654,1.5726981869889798e-05,0.0007863490934944899
text+audio_text_ln_lrh0.001_e5_s44,914,2,0.83126,13.6781,1.5719872022751513e-05,0.0007859936011375756
text+audio_text_ln_lrh0.001_e5_s44,915,2,1.34802,12.3284,1.5712762175613226e-05,0.0007856381087806612
text+audio_text_ln_lrh0.001_e5_s44,916,2,0.80868,10.2074,1.5705652328474938e-05,0.0007852826164237469
text+audio_text_ln_lrh0.001_e5_s44,917,2,0.87562,11.7428,1.569854248133665e-05,0.0007849271240668325
text+audio_text_ln_lrh0.001_e5_s44,918,2,1.39938,16.2245,1.5691432634198366e-05,0.0007845716317099183
text+audio_text_ln_lrh0.001_e5_s44,919,2,0.84512,12.0123,1.568432278706008e-05,0.000784216139353004
text+audio_text_ln_lrh0.001_e5_s44,920,2,0.73136,13.5705,1.5677212939921795e-05,0.0007838606469960896
text+audio_text_ln_lrh0.001_e5_s44,921,2,1.45481,15.6233,1.5670103092783507e-05,0.0007835051546391753
text+audio_text_ln_lrh0.001_e5_s44,922,2,0.62416,9.9584,1.566299324564522e-05,0.000783149662282261
text+audio_text_ln_lrh0.001_e5_s44,923,2,1.12819,15.6967,1.5655883398506932e-05,0.0007827941699253465
text+audio_text_ln_lrh0.001_e5_s44,924,2,1.02463,12.4472,1.5648773551368648e-05,0.0007824386775684323
text+audio_text_ln_lrh0.001_e5_s44,925,2,0.83635,11.7801,1.564166370423036e-05,0.000782083185211518
text+audio_text_ln_lrh0.001_e5_s44,926,2,1.08381,14.2233,1.5634553857092072e-05,0.0007817276928546036
text+audio_text_ln_lrh0.001_e5_s44,927,2,0.59165,12.1117,1.5627444009953788e-05,0.0007813722004976893
text+audio_text_ln_lrh0.001_e5_s44,928,2,0.86618,21.7379,1.56203341628155e-05,0.000781016708140775
text+audio_text_ln_lrh0.001_e5_s44,929,2,0.36285,8.9857,1.5613224315677213e-05,0.0007806612157838606
text+audio_text_ln_lrh0.001_e5_s44,930,2,1.36361,17.9887,1.560611446853893e-05,0.0007803057234269464
text+audio_text_ln_lrh0.001_e5_s44,931,2,0.8721,12.6571,1.559900462140064e-05,0.0007799502310700321
text+audio_text_ln_lrh0.001_e5_s44,932,2,1.03922,15.7634,1.5591894774262354e-05,0.0007795947387131177
text+audio_text_ln_lrh0.001_e5_s44,933,2,1.27646,18.9355,1.558478492712407e-05,0.0007792392463562034
text+audio_text_ln_lrh0.001_e5_s44,934,2,0.94668,14.8428,1.5577675079985782e-05,0.000778883753999289
text+audio_text_ln_lrh0.001_e5_s44,935,2,0.73731,16.7306,1.5570565232847494e-05,0.0007785282616423747
text+audio_text_ln_lrh0.001_e5_s44,936,2,0.82856,16.5151,1.5563455385709207e-05,0.0007781727692854604
text+audio_text_ln_lrh0.001_e5_s44,937,2,0.8109,12.4616,1.5556345538570922e-05,0.000777817276928546
text+audio_text_ln_lrh0.001_e5_s44,938,2,1.0312,20.2972,1.5549235691432635e-05,0.0007774617845716317
text+audio_text_ln_lrh0.001_e5_s44,939,2,1.06572,16.1555,1.554212584429435e-05,0.0007771062922147174
text+audio_text_ln_lrh0.001_e5_s44,940,2,0.66083,18.3833,1.5535015997156063e-05,0.000776750799857803
text+audio_text_ln_lrh0.001_e5_s44,941,2,0.88565,15.8852,1.5527906150017776e-05,0.0007763953075008887
text+audio_text_ln_lrh0.001_e5_s44,942,2,0.89004,20.1331,1.5520796302879488e-05,0.0007760398151439744
text+audio_text_ln_lrh0.001_e5_s44,943,2,0.833,19.8889,1.5513686455741204e-05,0.0007756843227870601
text+audio_text_ln_lrh0.001_e5_s44,944,2,1.1802,27.5191,1.5506576608602916e-05,0.0007753288304301458
text+audio_text_ln_lrh0.001_e5_s44,945,2,0.83367,28.5341,1.549946676146463e-05,0.0007749733380732315
text+audio_text_ln_lrh0.001_e5_s44,946,2,0.90567,18.709,1.5492356914326344e-05,0.0007746178457163171
text+audio_text_ln_lrh0.001_e5_s44,947,2,1.33915,20.0118,1.5485247067188057e-05,0.0007742623533594028
text+audio_text_ln_lrh0.001_e5_s44,948,2,0.78876,16.3962,1.547813722004977e-05,0.0007739068610024884
text+audio_text_ln_lrh0.001_e5_s44,949,2,1.07069,26.5736,1.5471027372911485e-05,0.0007735513686455742
text+audio_text_ln_lrh0.001_e5_s44,950,2,0.81342,16.3462,1.5463917525773197e-05,0.0007731958762886599
text+audio_text_ln_lrh0.001_e5_s44,951,2,0.92229,12.6312,1.545680767863491e-05,0.0007728403839317455
text+audio_text_ln_lrh0.001_e5_s44,952,2,0.6121,19.4207,1.5449697831496626e-05,0.0007724848915748311
text+audio_text_ln_lrh0.001_e5_s44,953,2,0.90177,23.8424,1.5442587984358338e-05,0.0007721293992179168
text+audio_text_ln_lrh0.001_e5_s44,954,2,1.68793,21.6599,1.543547813722005e-05,0.0007717739068610024
text+audio_text_ln_lrh0.001_e5_s44,955,2,1.01638,16.9575,1.5428368290081766e-05,0.0007714184145040882
text+audio_text_ln_lrh0.001_e5_s44,956,2,0.82077,15.5929,1.542125844294348e-05,0.0007710629221471739
text+audio_text_ln_lrh0.001_e5_s44,957,2,1.12725,23.5954,1.541414859580519e-05,0.0007707074297902595
text+audio_text_ln_lrh0.001_e5_s44,958,2,0.70861,9.1063,1.5407038748666903e-05,0.0007703519374333452
text+audio_text_ln_lrh0.001_e5_s44,959,2,0.48204,10.0231,1.539992890152862e-05,0.0007699964450764309
text+audio_text_ln_lrh0.001_e5_s44,960,2,1.80864,19.0852,1.539281905439033e-05,0.0007696409527195165
text+audio_text_ln_lrh0.001_e5_s44,961,2,1.41898,19.9917,1.5385709207252047e-05,0.0007692854603626023
text+audio_text_ln_lrh0.001_e5_s44,962,2,1.11397,14.0895,1.537859936011376e-05,0.0007689299680056879
text+audio_text_ln_lrh0.001_e5_s44,963,2,1.1504,28.4132,1.5371489512975472e-05,0.0007685744756487736
text+audio_text_ln_lrh0.001_e5_s44,964,2,0.79051,16.0621,1.5364379665837185e-05,0.0007682189832918593
text+audio_text_ln_lrh0.001_e5_s44,965,2,1.37091,19.6127,1.53572698186989e-05,0.0007678634909349449
text+audio_text_ln_lrh0.001_e5_s44,966,2,1.07067,11.7621,1.5350159971560613e-05,0.0007675079985780305
text+audio_text_ln_lrh0.001_e5_s44,967,2,0.9038,15.0407,1.5343050124422325e-05,0.0007671525062211162
text+audio_text_ln_lrh0.001_e5_s44,968,2,0.72601,14.8442,1.533594027728404e-05,0.0007667970138642019
text+audio_text_ln_lrh0.001_e5_s44,969,2,0.98176,15.6845,1.5328830430145753e-05,0.0007664415215072876
text+audio_text_ln_lrh0.001_e5_s44,970,2,1.16482,15.3351,1.5321720583007466e-05,0.0007660860291503733
text+audio_text_ln_lrh0.001_e5_s44,971,2,0.91565,18.8686,1.5314610735869178e-05,0.0007657305367934589
text+audio_text_ln_lrh0.001_e5_s44,972,2,0.99305,20.4663,1.5307500888730894e-05,0.0007653750444365446
text+audio_text_ln_lrh0.001_e5_s44,973,2,1.16466,15.9195,1.5300391041592606e-05,0.0007650195520796303
text+audio_text_ln_lrh0.001_e5_s44,974,2,0.4435,13.676,1.5293281194454322e-05,0.000764664059722716
text+audio_text_ln_lrh0.001_e5_s44,975,2,0.96983,13.152,1.5286171347316035e-05,0.0007643085673658017
text+audio_text_ln_lrh0.001_e5_s44,976,2,0.89158,13.2253,1.5279061500177747e-05,0.0007639530750088873
text+audio_text_ln_lrh0.001_e5_s44,977,2,1.00007,19.2726,1.527195165303946e-05,0.000763597582651973
text+audio_text_ln_lrh0.001_e5_s44,978,2,1.53029,20.6508,1.5264841805901175e-05,0.0007632420902950587
text+audio_text_ln_lrh0.001_e5_s44,979,2,1.31082,14.2372,1.5257731958762888e-05,0.0007628865979381443
text+audio_text_ln_lrh0.001_e5_s44,980,2,0.7608,12.8716,1.5250622111624602e-05,0.0007625311055812301
text+audio_text_ln_lrh0.001_e5_s44,981,2,1.56326,21.4435,1.5243512264486316e-05,0.0007621756132243158
text+audio_text_ln_lrh0.001_e5_s44,982,2,1.27422,14.4963,1.5236402417348028e-05,0.0007618201208674013
text+audio_text_ln_lrh0.001_e5_s44,983,2,1.1869,15.1511,1.5229292570209742e-05,0.000761464628510487
text+audio_text_ln_lrh0.001_e5_s44,984,2,1.02938,16.9758,1.5222182723071455e-05,0.0007611091361535727
text+audio_text_ln_lrh0.001_e5_s44,985,2,1.50874,18.2418,1.5215072875933167e-05,0.0007607536437966583
text+audio_text_ln_lrh0.001_e5_s44,986,2,0.94007,14.8162,1.5207963028794883e-05,0.0007603981514397441
text+audio_text_ln_lrh0.001_e5_s44,987,2,1.39317,19.2574,1.5200853181656597e-05,0.0007600426590828298
text+audio_text_ln_lrh0.001_e5_s44,988,2,0.84064,11.6578,1.519374333451831e-05,0.0007596871667259154
text+audio_text_ln_lrh0.001_e5_s44,989,2,1.32908,17.78,1.5186633487380022e-05,0.0007593316743690011
text+audio_text_ln_lrh0.001_e5_s44,990,2,0.75529,14.24,1.5179523640241736e-05,0.0007589761820120867
text+audio_text_ln_lrh0.001_e5_s44,991,2,1.35632,13.7746,1.5172413793103448e-05,0.0007586206896551724
text+audio_text_ln_lrh0.001_e5_s44,992,2,1.04962,12.9653,1.5165303945965164e-05,0.0007582651972982582
text+audio_text_ln_lrh0.001_e5_s44,993,2,0.84977,9.9369,1.5158194098826876e-05,0.0007579097049413438
text+audio_text_ln_lrh0.001_e5_s44,994,2,0.8035,14.3606,1.515108425168859e-05,0.0007575542125844295
text+audio_text_ln_lrh0.001_e5_s44,995,2,1.26813,16.076,1.5143974404550303e-05,0.0007571987202275152
text+audio_text_ln_lrh0.001_e5_s44,996,2,0.75642,10.9555,1.5136864557412017e-05,0.0007568432278706007
text+audio_text_ln_lrh0.001_e5_s44,997,2,1.16509,14.5062,1.512975471027373e-05,0.0007564877355136864
text+audio_text_ln_lrh0.001_e5_s44,998,2,1.11388,17.4931,1.5122644863135444e-05,0.0007561322431567721
text+audio_text_ln_lrh0.001_e5_s44,999,2,0.92745,14.9388,1.5115535015997158e-05,0.0007557767507998578
text+audio_text_ln_lrh0.001_e5_s44,1000,2,0.95659,13.8099,1.5108425168858872e-05,0.0007554212584429435
text+audio_text_ln_lrh0.001_e5_s44,1001,2,0.88607,13.6328,1.5101315321720584e-05,0.0007550657660860292
text+audio_text_ln_lrh0.001_e5_s44,1002,2,1.20925,14.3709,1.5094205474582298e-05,0.0007547102737291148
text+audio_text_ln_lrh0.001_e5_s44,1003,2,0.64678,14.4149,1.508709562744401e-05,0.0007543547813722005
text+audio_text_ln_lrh0.001_e5_s44,1004,2,0.66009,8.1449,1.5079985780305723e-05,0.0007539992890152861
text+audio_text_ln_lrh0.001_e5_s44,1005,2,1.29757,19.6073,1.5072875933167439e-05,0.0007536437966583719
text+audio_text_ln_lrh0.001_e5_s44,1006,2,1.39152,22.3289,1.5065766086029151e-05,0.0007532883043014576
text+audio_text_ln_lrh0.001_e5_s44,1007,2,1.3067,27.7138,1.5058656238890865e-05,0.0007529328119445432
text+audio_text_ln_lrh0.001_e5_s44,1008,2,1.1379,21.8117,1.5051546391752578e-05,0.0007525773195876289
text+audio_text_ln_lrh0.001_e5_s44,1009,2,1.13723,16.2189,1.5044436544614292e-05,0.0007522218272307146
text+audio_text_ln_lrh0.001_e5_s44,1010,2,1.39889,12.7578,1.5037326697476004e-05,0.0007518663348738001
text+audio_text_ln_lrh0.001_e5_s44,1011,2,1.17441,13.0743,1.503021685033772e-05,0.000751510842516886
text+audio_text_ln_lrh0.001_e5_s44,1012,2,1.1386,13.4036,1.5023107003199433e-05,0.0007511553501599716
text+audio_text_ln_lrh0.001_e5_s44,1013,2,0.74059,14.3064,1.5015997156061147e-05,0.0007507998578030572
text+audio_text_ln_lrh0.001_e5_s44,1014,2,1.41914,16.267,1.5008887308922859e-05,0.0007504443654461429
text+audio_text_ln_lrh0.001_e5_s44,1015,2,1.42534,22.6097,1.5001777461784573e-05,0.0007500888730892286
text+audio_text_ln_lrh0.001_e5_s44,1016,2,1.23203,19.4449,1.4994667614646286e-05,0.0007497333807323142
text+audio_text_ln_lrh0.001_e5_s44,1017,2,1.33686,13.1739,1.4987557767508001e-05,0.0007493778883754
text+audio_text_ln_lrh0.001_e5_s44,1018,2,0.70557,12.6574,1.4980447920369714e-05,0.0007490223960184857
text+audio_text_ln_lrh0.001_e5_s44,1019,2,1.04411,13.9344,1.4973338073231428e-05,0.0007486669036615713
text+audio_text_ln_lrh0.001_e5_s44,1020,2,0.88893,12.7906,1.496622822609314e-05,0.000748311411304657
text+audio_text_ln_lrh0.001_e5_s44,1021,2,0.9406,12.1287,1.4959118378954853e-05,0.0007479559189477426
text+audio_text_ln_lrh0.001_e5_s44,1022,2,0.83176,15.9959,1.4952008531816567e-05,0.0007476004265908283
text+audio_text_ln_lrh0.001_e5_s44,1023,2,1.04335,12.418,1.4944898684678279e-05,0.000747244934233914
text+audio_text_ln_lrh0.001_e5_s44,1024,2,1.00807,17.5845,1.4937788837539995e-05,0.0007468894418769997
text+audio_text_ln_lrh0.001_e5_s44,1025,2,0.5459,16.1139,1.4930678990401707e-05,0.0007465339495200854
text+audio_text_ln_lrh0.001_e5_s44,1026,2,1.01158,14.8823,1.4923569143263421e-05,0.000746178457163171
text+audio_text_ln_lrh0.001_e5_s44,1027,2,0.97546,17.9265,1.4916459296125134e-05,0.0007458229648062566
text+audio_text_ln_lrh0.001_e5_s44,1028,2,0.40692,6.1506,1.4909349448986848e-05,0.0007454674724493423
text+audio_text_ln_lrh0.001_e5_s44,1029,2,0.87196,14.9492,1.490223960184856e-05,0.000745111980092428
text+audio_text_ln_lrh0.001_e5_s44,1030,2,1.10072,23.387,1.4895129754710276e-05,0.0007447564877355137
text+audio_text_ln_lrh0.001_e5_s44,1031,2,0.69137,15.6986,1.4888019907571989e-05,0.0007444009953785994
text+audio_text_ln_lrh0.001_e5_s44,1032,2,0.90263,11.9216,1.4880910060433703e-05,0.0007440455030216851
text+audio_text_ln_lrh0.001_e5_s44,1033,2,1.48538,22.6408,1.4873800213295415e-05,0.0007436900106647707
text+audio_text_ln_lrh0.001_e5_s44,1034,2,0.93671,20.8319,1.4866690366157127e-05,0.0007433345183078564
text+audio_text_ln_lrh0.001_e5_s44,1035,2,1.11931,17.1926,1.4859580519018842e-05,0.000742979025950942
text+audio_text_ln_lrh0.001_e5_s44,1036,2,0.72849,16.0192,1.4852470671880557e-05,0.0007426235335940278
text+audio_text_ln_lrh0.001_e5_s44,1037,2,1.3777,28.8782,1.484536082474227e-05,0.0007422680412371135
text+audio_text_ln_lrh0.001_e5_s44,1038,2,1.08942,26.0753,1.4838250977603982e-05,0.0007419125488801991
text+audio_text_ln_lrh0.001_e5_s44,1039,2,0.94009,10.7543,1.4831141130465696e-05,0.0007415570565232848
text+audio_text_ln_lrh0.001_e5_s44,1040,2,0.67282,18.1875,1.4824031283327409e-05,0.0007412015641663704
text+audio_text_ln_lrh0.001_e5_s44,1041,2,1.05455,20.8073,1.4816921436189123e-05,0.000740846071809456
text+audio_text_ln_lrh0.001_e5_s44,1042,2,1.48909,18.119,1.4809811589050837e-05,0.0007404905794525418
text+audio_text_ln_lrh0.001_e5_s44,1043,2,0.60567,11.3496,1.4802701741912551e-05,0.0007401350870956275
text+audio_text_ln_lrh0.001_e5_s44,1044,2,0.836,14.7764,1.4795591894774263e-05,0.0007397795947387131
text+audio_text_ln_lrh0.001_e5_s44,1045,2,1.16355,21.7174,1.4788482047635977e-05,0.0007394241023817988
text+audio_text_ln_lrh0.001_e5_s44,1046,2,0.78313,23.6168,1.478137220049769e-05,0.0007390686100248845
text+audio_text_ln_lrh0.001_e5_s44,1047,2,0.92746,20.6102,1.4774262353359404e-05,0.0007387131176679701
text+audio_text_ln_lrh0.001_e5_s44,1048,2,1.51279,19.0995,1.4767152506221118e-05,0.0007383576253110559
text+audio_text_ln_lrh0.001_e5_s44,1049,2,0.63529,15.8222,1.4760042659082832e-05,0.0007380021329541415
text+audio_text_ln_lrh0.001_e5_s44,1050,2,1.66045,20.079,1.4752932811944545e-05,0.0007376466405972272
text+audio_text_ln_lrh0.001_e5_s44,1051,2,0.52491,10.301,1.4745822964806259e-05,0.0007372911482403129
text+audio_text_ln_lrh0.001_e5_s44,1052,2,1.27754,18.3746,1.4738713117667971e-05,0.0007369356558833985
text+audio_text_ln_lrh0.001_e5_s44,1053,2,1.82497,24.3973,1.4731603270529683e-05,0.0007365801635264842
text+audio_text_ln_lrh0.001_e5_s44,1054,2,1.11007,18.1955,1.4724493423391398e-05,0.0007362246711695698
text+audio_text_ln_lrh0.001_e5_s44,1055,2,0.76159,21.9296,1.4717383576253112e-05,0.0007358691788126555
text+audio_text_ln_lrh0.001_e5_s44,1056,2,0.48502,13.2498,1.4710273729114826e-05,0.0007355136864557412
text+audio_text_ln_lrh0.001_e5_s44,1057,2,0.68462,11.9178,1.4703163881976538e-05,0.0007351581940988269
text+audio_text_ln_lrh0.001_e5_s44,1058,2,0.50586,16.174,1.4696054034838252e-05,0.0007348027017419125
text+audio_text_ln_lrh0.001_e5_s44,1059,2,1.18745,18.8737,1.4688944187699965e-05,0.0007344472093849982
text+audio_text_ln_lrh0.001_e5_s44,1060,2,0.96562,15.9422,1.4681834340561679e-05,0.0007340917170280839
text+audio_text_ln_lrh0.001_e5_s44,1061,2,1.57261,25.4193,1.4674724493423393e-05,0.0007337362246711696
text+audio_text_ln_lrh0.001_e5_s44,1062,2,0.77424,14.421,1.4667614646285107e-05,0.0007333807323142553
text+audio_text_ln_lrh0.001_e5_s44,1063,2,0.97743,15.8841,1.466050479914682e-05,0.0007330252399573409
text+audio_text_ln_lrh0.001_e5_s44,1064,2,0.81023,13.7444,1.4653394952008534e-05,0.0007326697476004266
text+audio_text_ln_lrh0.001_e5_s44,1065,2,1.21679,25.539,1.4646285104870246e-05,0.0007323142552435123
text+audio_text_ln_lrh0.001_e5_s44,1066,2,0.86819,11.6231,1.4639175257731958e-05,0.0007319587628865979
text+audio_text_ln_lrh0.001_e5_s44,1067,2,0.82504,17.7559,1.4632065410593674e-05,0.0007316032705296837
text+audio_text_ln_lrh0.001_e5_s44,1068,2,1.15251,14.1352,1.4624955563455388e-05,0.0007312477781727694
text+audio_text_ln_lrh0.001_e5_s44,1069,2,0.64584,14.1303,1.46178457163171e-05,0.000730892285815855
text+audio_text_ln_lrh0.001_e5_s44,1070,2,0.88567,16.4135,1.4610735869178813e-05,0.0007305367934589406
text+audio_text_ln_lrh0.001_e5_s44,1071,2,1.25773,16.4451,1.4603626022040527e-05,0.0007301813011020263
text+audio_text_ln_lrh0.001_e5_s44,1072,2,0.68774,14.0526,1.459651617490224e-05,0.0007298258087451119
text+audio_text_ln_lrh0.001_e5_s44,1073,2,1.40928,20.2287,1.4589406327763955e-05,0.0007294703163881977
text+audio_text_ln_lrh0.001_e5_s44,1074,2,1.16893,17.9113,1.4582296480625668e-05,0.0007291148240312834
text+audio_text_ln_lrh0.001_e5_s44,1075,2,1.35596,20.4721,1.4575186633487382e-05,0.000728759331674369
text+audio_text_ln_lrh0.001_e5_s44,1076,2,0.9294,14.2864,1.4568076786349094e-05,0.0007284038393174547
text+audio_text_ln_lrh0.001_e5_s44,1077,2,0.95797,20.3564,1.4560966939210808e-05,0.0007280483469605403
text+audio_text_ln_lrh0.001_e5_s44,1078,2,1.43682,23.533,1.455385709207252e-05,0.000727692854603626
text+audio_text_ln_lrh0.001_e5_s44,1079,2,0.80345,16.0779,1.4546747244934237e-05,0.0007273373622467118
text+audio_text_ln_lrh0.001_e5_s44,1080,2,1.21656,19.9661,1.4539637397795949e-05,0.0007269818698897974
text+audio_text_ln_lrh0.001_e5_s44,1081,2,1.01832,17.3959,1.4532527550657663e-05,0.0007266263775328831
text+audio_text_ln_lrh0.001_e5_s44,1082,2,0.99783,17.8518,1.4525417703519375e-05,0.0007262708851759688
text+audio_text_ln_lrh0.001_e5_s44,1083,2,1.00864,15.2052,1.4518307856381088e-05,0.0007259153928190543
text+audio_text_ln_lrh0.001_e5_s44,1084,2,0.67717,17.3109,1.4511198009242802e-05,0.00072555990046214
text+audio_text_ln_lrh0.001_e5_s44,1085,2,1.23835,16.393,1.4504088162104514e-05,0.0007252044081052257
text+audio_text_ln_lrh0.001_e5_s44,1086,2,1.74221,23.8161,1.449697831496623e-05,0.0007248489157483114
text+audio_text_ln_lrh0.001_e5_s44,1087,2,1.04269,13.654,1.4489868467827943e-05,0.0007244934233913971
text+audio_text_ln_lrh0.001_e5_s44,1088,2,0.96461,11.4781,1.4482758620689657e-05,0.0007241379310344828
text+audio_text_ln_lrh0.001_e5_s44,1089,2,0.75435,16.3655,1.4475648773551369e-05,0.0007237824386775684
text+audio_text_ln_lrh0.001_e5_s44,1090,2,1.21945,14.4458,1.4468538926413083e-05,0.0007234269463206541
text+audio_text_ln_lrh0.001_e5_s44,1091,2,0.82158,25.4708,1.4461429079274796e-05,0.0007230714539637398
text+audio_text_ln_lrh0.001_e5_s44,1092,2,0.85998,18.3441,1.4454319232136511e-05,0.0007227159616068255
text+audio_text_ln_lrh0.001_e5_s44,1093,2,0.8346,12.3073,1.4447209384998224e-05,0.0007223604692499112
text+audio_text_ln_lrh0.001_e5_s44,1094,2,1.22916,15.8496,1.4440099537859938e-05,0.0007220049768929968
text+audio_text_ln_lrh0.001_e5_s44,1095,2,0.55848,10.4676,1.443298969072165e-05,0.0007216494845360825
text+audio_text_ln_lrh0.001_e5_s44,1096,2,1.2126,16.3712,1.4425879843583364e-05,0.0007212939921791682
text+audio_text_ln_lrh0.001_e5_s44,1097,2,0.79277,14.2775,1.4418769996445077e-05,0.0007209384998222538
text+audio_text_ln_lrh0.001_e5_s44,1098,2,0.57714,10.9589,1.4411660149306793e-05,0.0007205830074653396
text+audio_text_ln_lrh0.001_e5_s44,1099,2,1.17549,16.7065,1.4404550302168505e-05,0.0007202275151084252
text+audio_text_ln_lrh0.001_e5_s44,1100,2,1.13799,14.3493,1.4397440455030219e-05,0.0007198720227515108
text+audio_text_ln_lrh0.001_e5_s44,1101,2,1.30428,20.3147,1.4390330607891931e-05,0.0007195165303945965
text+audio_text_ln_lrh0.001_e5_s44,1102,2,0.88107,16.3813,1.4383220760753644e-05,0.0007191610380376822
text+audio_text_ln_lrh0.001_e5_s44,1103,2,0.93174,16.9454,1.4376110913615358e-05,0.0007188055456807678
text+audio_text_ln_lrh0.001_e5_s44,1104,2,1.03111,16.1256,1.4369001066477074e-05,0.0007184500533238536
text+audio_text_ln_lrh0.001_e5_s44,1105,2,1.32676,14.6539,1.4361891219338786e-05,0.0007180945609669393
text+audio_text_ln_lrh0.001_e5_s44,1106,2,1.17522,24.3029,1.4354781372200499e-05,0.0007177390686100249
text+audio_text_ln_lrh0.001_e5_s44,1107,2,1.11682,15.2804,1.4347671525062213e-05,0.0007173835762531106
text+audio_text_ln_lrh0.001_e5_s44,1108,2,0.80318,10.5712,1.4340561677923925e-05,0.0007170280838961962
text+audio_text_ln_lrh0.001_e5_s44,1109,2,1.09563,13.002,1.433345183078564e-05,0.0007166725915392819
text+audio_text_ln_lrh0.001_e5_s44,1110,2,1.02891,14.702,1.4326341983647353e-05,0.0007163170991823677
text+audio_text_ln_lrh0.001_e5_s44,1111,2,1.16347,13.3136,1.4319232136509067e-05,0.0007159616068254533
text+audio_text_ln_lrh0.001_e5_s44,1112,2,1.19866,16.9043,1.431212228937078e-05,0.000715606114468539
text+audio_text_ln_lrh0.001_e5_s44,1113,2,1.21006,17.1815,1.4305012442232494e-05,0.0007152506221116247
text+audio_text_ln_lrh0.001_e5_s44,1114,2,0.87071,10.3894,1.4297902595094206e-05,0.0007148951297547102
text+audio_text_ln_lrh0.001_e5_s44,1115,2,0.56729,10.9773,1.4290792747955919e-05,0.0007145396373977959
text+audio_text_ln_lrh0.001_e5_s44,1116,2,1.37179,22.2235,1.4283682900817633e-05,0.0007141841450408816
text+audio_text_ln_lrh0.001_e5_s44,1117,2,1.09447,17.3983,1.4276573053679349e-05,0.0007138286526839673
text+audio_text_ln_lrh0.001_e5_s44,1118,2,0.89463,11.9126,1.4269463206541061e-05,0.000713473160327053
text+audio_text_ln_lrh0.001_e5_s44,1119,2,0.73011,8.8913,1.4262353359402773e-05,0.0007131176679701387
text+audio_text_ln_lrh0.001_e5_s44,1120,2,1.13235,18.9313,1.4255243512264488e-05,0.0007127621756132243
text+audio_text_ln_lrh0.001_e5_s44,1121,2,1.14018,15.5149,1.42481336651262e-05,0.00071240668325631
text+audio_text_ln_lrh0.001_e5_s44,1122,2,1.02527,17.1253,1.4241023817987914e-05,0.0007120511908993956
text+audio_text_ln_lrh0.001_e5_s44,1123,2,0.89615,14.8549,1.4233913970849628e-05,0.0007116956985424814
text+audio_text_ln_lrh0.001_e5_s44,1124,2,0.90196,14.4683,1.4226804123711342e-05,0.0007113402061855671
text+audio_text_ln_lrh0.001_e5_s44,1125,2,1.63162,19.403,1.4219694276573055e-05,0.0007109847138286527
text+audio_text_ln_lrh0.001_e5_s44,1126,2,0.73254,9.8346,1.4212584429434769e-05,0.0007106292214717384
text+audio_text_ln_lrh0.001_e5_s44,1127,2,1.11989,20.3085,1.4205474582296481e-05,0.000710273729114824
text+audio_text_ln_lrh0.001_e5_s44,1128,2,1.15924,16.6975,1.4198364735158194e-05,0.0007099182367579096
text+audio_text_ln_lrh0.001_e5_s44,1129,2,0.82446,13.8796,1.419125488801991e-05,0.0007095627444009954
text+audio_text_ln_lrh0.001_e5_s44,1130,2,0.96669,16.5781,1.4184145040881623e-05,0.0007092072520440811
text+audio_text_ln_lrh0.001_e5_s44,1131,2,1.11542,12.6524,1.4177035193743336e-05,0.0007088517596871667
text+audio_text_ln_lrh0.001_e5_s44,1132,2,1.34029,16.066,1.4169925346605048e-05,0.0007084962673302524
text+audio_text_ln_lrh0.001_e5_s44,1133,2,1.01994,13.417,1.4162815499466762e-05,0.0007081407749733381
text+audio_text_ln_lrh0.001_e5_s44,1134,2,0.75175,10.5454,1.4155705652328475e-05,0.0007077852826164237
text+audio_text_ln_lrh0.001_e5_s44,1135,2,1.05442,19.7933,1.414859580519019e-05,0.0007074297902595095
text+audio_text_ln_lrh0.001_e5_s44,1136,2,0.66692,10.6423,1.4141485958051903e-05,0.0007070742979025951
text+audio_text_ln_lrh0.001_e5_s44,1137,2,0.58437,10.1935,1.4134376110913617e-05,0.0007067188055456808
text+audio_text_ln_lrh0.001_e5_s44,1138,2,1.26277,17.381,1.412726626377533e-05,0.0007063633131887665
text+audio_text_ln_lrh0.001_e5_s44,1139,2,1.13623,20.4902,1.4120156416637044e-05,0.0007060078208318521
text+audio_text_ln_lrh0.001_e5_s44,1140,2,0.88988,15.7911,1.4113046569498756e-05,0.0007056523284749378
text+audio_text_ln_lrh0.001_e5_s44,1141,2,0.709,12.357,1.4105936722360472e-05,0.0007052968361180236
text+audio_text_ln_lrh0.001_e5_s44,1142,2,0.90333,13.9067,1.4098826875222184e-05,0.0007049413437611091
text+audio_text_ln_lrh0.001_e5_s44,1143,2,0.92237,13.5853,1.4091717028083898e-05,0.0007045858514041948
text+audio_text_ln_lrh0.001_e5_s44,1144,2,0.86489,16.8334,1.408460718094561e-05,0.0007042303590472805
text+audio_text_ln_lrh0.001_e5_s44,1145,2,0.40487,11.7814,1.4077497333807325e-05,0.0007038748666903661
text+audio_text_ln_lrh0.001_e5_s44,1146,2,1.48907,14.8611,1.4070387486669037e-05,0.0007035193743334518
text+audio_text_ln_lrh0.001_e5_s44,1147,2,1.40504,21.8258,1.406327763953075e-05,0.0007031638819765375
text+audio_text_ln_lrh0.001_e5_s44,1148,2,1.45692,12.7276,1.4056167792392465e-05,0.0007028083896196232
text+audio_text_ln_lrh0.001_e5_s44,1149,2,1.01549,27.6302,1.404905794525418e-05,0.0007024528972627089
text+audio_text_ln_lrh0.001_e5_s44,1150,2,1.54805,38.8227,1.4041948098115892e-05,0.0007020974049057946
text+audio_text_ln_lrh0.001_e5_s44,1151,2,1.00877,14.0672,1.4034838250977604e-05,0.0007017419125488802
text+audio_text_ln_lrh0.001_e5_s44,1152,2,0.56766,11.8401,1.4027728403839318e-05,0.0007013864201919659
text+audio_text_ln_lrh0.001_e5_s44,1153,2,1.11753,16.4603,1.402061855670103e-05,0.0007010309278350515
text+audio_text_ln_lrh0.001_e5_s44,1154,2,0.64745,10.9527,1.4013508709562747e-05,0.0007006754354781373
text+audio_text_ln_lrh0.001_e5_s44,1155,2,1.33552,18.7751,1.4006398862424459e-05,0.000700319943121223
text+audio_text_ln_lrh0.001_e5_s44,1156,2,1.51709,23.4859,1.3999289015286173e-05,0.0006999644507643086
text+audio_text_ln_lrh0.001_e5_s44,1157,2,1.21601,16.1285,1.3992179168147885e-05,0.0006996089584073942
text+audio_text_ln_lrh0.001_e5_s44,1158,2,1.03008,43.9781,1.39850693210096e-05,0.0006992534660504799
text+audio_text_ln_lrh0.001_e5_s44,1159,2,0.71676,12.191,1.3977959473871312e-05,0.0006988979736935655
text+audio_text_ln_lrh0.001_e5_s44,1160,2,1.10184,15.1378,1.3970849626733028e-05,0.0006985424813366513
text+audio_text_ln_lrh0.001_e5_s44,1161,2,1.60903,18.6604,1.396373977959474e-05,0.000698186988979737
text+audio_text_ln_lrh0.001_e5_s44,1162,2,0.9137,20.1318,1.3956629932456454e-05,0.0006978314966228226
text+audio_text_ln_lrh0.001_e5_s44,1163,2,0.83803,11.1952,1.3949520085318167e-05,0.0006974760042659083
text+audio_text_ln_lrh0.001_e5_s44,1164,2,0.95598,12.415,1.3942410238179879e-05,0.000697120511908994
text+audio_text_ln_lrh0.001_e5_s44,1165,2,0.50253,20.3195,1.3935300391041593e-05,0.0006967650195520796
text+audio_text_ln_lrh0.001_e5_s44,1166,2,0.69701,15.4097,1.3928190543903309e-05,0.0006964095271951654
text+audio_text_ln_lrh0.001_e5_s44,1167,2,1.11598,15.0739,1.3921080696765021e-05,0.000696054034838251
text+audio_text_ln_lrh0.001_e5_s44,1168,2,1.21536,15.7509,1.3913970849626734e-05,0.0006956985424813367
text+audio_text_ln_lrh0.001_e5_s44,1169,2,0.9491,11.7426,1.3906861002488448e-05,0.0006953430501244224
text+audio_text_ln_lrh0.001_e5_s44,1170,2,0.83199,15.8644,1.389975115535016e-05,0.000694987557767508
text+audio_text_ln_lrh0.001_e5_s44,1171,2,1.16352,21.7517,1.3892641308211874e-05,0.0006946320654105936
text+audio_text_ln_lrh0.001_e5_s44,1172,2,0.96933,16.5243,1.3885531461073587e-05,0.0006942765730536793
text+audio_text_ln_lrh0.001_e5_s44,1173,2,0.90312,19.0684,1.3878421613935303e-05,0.000693921080696765
text+audio_text_ln_lrh0.001_e5_s44,1174,2,1.09087,18.8941,1.3871311766797015e-05,0.0006935655883398507
text+audio_text_ln_lrh0.001_e5_s44,1175,2,0.43818,23.9192,1.3864201919658729e-05,0.0006932100959829364
text+audio_text_ln_lrh0.001_e5_s44,1176,2,0.94281,15.2883,1.3857092072520442e-05,0.000692854603626022
text+audio_text_ln_lrh0.001_e5_s44,1177,2,0.6737,17.1638,1.3849982225382156e-05,0.0006924991112691077
text+audio_text_ln_lrh0.001_e5_s44,1178,2,1.46703,20.4817,1.3842872378243868e-05,0.0006921436189121934
text+audio_text_ln_lrh0.001_e5_s44,1179,2,1.49818,27.5899,1.3835762531105584e-05,0.0006917881265552791
text+audio_text_ln_lrh0.001_e5_s44,1180,2,0.75567,19.7643,1.3828652683967296e-05,0.0006914326341983648
text+audio_text_ln_lrh0.001_e5_s44,1181,2,1.08755,17.5108,1.3821542836829009e-05,0.0006910771418414504
text+audio_text_ln_lrh0.001_e5_s44,1182,2,1.77545,26.5032,1.3814432989690723e-05,0.0006907216494845361
text+audio_text_ln_lrh0.001_e5_s44,1183,2,0.56144,15.6395,1.3807323142552435e-05,0.0006903661571276218
text+audio_text_ln_lrh0.001_e5_s44,1184,2,0.98139,13.349,1.380021329541415e-05,0.0006900106647707074
text+audio_text_ln_lrh0.001_e5_s44,1185,2,0.61383,20.0243,1.3793103448275863e-05,0.0006896551724137932
text+audio_text_ln_lrh0.001_e5_s44,1186,2,1.37172,19.6025,1.3785993601137577e-05,0.0006892996800568789
text+audio_text_ln_lrh0.001_e5_s44,1187,2,0.58484,19.2466,1.377888375399929e-05,0.0006889441876999644
text+audio_text_ln_lrh0.001_e5_s44,1188,2,0.94188,16.3206,1.3771773906861004e-05,0.0006885886953430501
text+audio_text_ln_lrh0.001_e5_s44,1189,2,1.14774,25.3481,1.3764664059722716e-05,0.0006882332029861358
text+audio_text_ln_lrh0.001_e5_s44,1190,2,1.39783,17.3321,1.375755421258443e-05,0.0006878777106292214
text+audio_text_ln_lrh0.001_e5_s44,1191,2,0.62466,15.0506,1.3750444365446145e-05,0.0006875222182723072
text+audio_text_ln_lrh0.001_e5_s44,1192,2,1.16733,15.1942,1.3743334518307859e-05,0.0006871667259153929
text+audio_text_ln_lrh0.001_e5_s44,1193,2,0.96048,14.7233,1.3736224671169571e-05,0.0006868112335584785
text+audio_text_ln_lrh0.001_e5_s44,1194,2,1.21431,20.2067,1.3729114824031285e-05,0.0006864557412015642
text+audio_text_ln_lrh0.001_e5_s44,1195,2,1.68076,22.7828,1.3722004976892998e-05,0.0006861002488446498
text+audio_text_ln_lrh0.001_e5_s44,1196,2,0.82002,14.9828,1.371489512975471e-05,0.0006857447564877355
text+audio_text_ln_lrh0.001_e5_s44,1197,2,0.93463,16.1748,1.3707785282616426e-05,0.0006853892641308213
text+audio_text_ln_lrh0.001_e5_s44,1198,2,1.12206,14.0911,1.370067543547814e-05,0.0006850337717739069
text+audio_text_ln_lrh0.001_e5_s44,1199,2,1.10543,14.2483,1.3693565588339852e-05,0.0006846782794169926
text+audio_text_ln_lrh0.001_e5_s44,1200,2,0.70076,14.3857,1.3686455741201565e-05,0.0006843227870600783
text+audio_text_ln_lrh0.001_e5_s44,1201,2,1.43937,15.4832,1.3679345894063279e-05,0.0006839672947031638
text+audio_text_ln_lrh0.001_e5_s44,1202,2,1.09112,11.5087,1.3672236046924991e-05,0.0006836118023462495
text+audio_text_ln_lrh0.001_e5_s44,1203,2,0.72095,17.6179,1.3665126199786705e-05,0.0006832563099893352
text+audio_text_ln_lrh0.001_e5_s44,1204,2,1.24996,14.9305,1.365801635264842e-05,0.0006829008176324209
text+audio_text_ln_lrh0.001_e5_s44,1205,2,0.96893,9.884,1.3650906505510133e-05,0.0006825453252755066
text+audio_text_ln_lrh0.001_e5_s44,1206,2,0.70832,10.9296,1.3643796658371846e-05,0.0006821898329185923
text+audio_text_ln_lrh0.001_e5_s44,1207,2,1.45605,14.2854,1.363668681123356e-05,0.0006818343405616779
text+audio_text_ln_lrh0.001_e5_s44,1208,2,1.01775,23.2699,1.3629576964095272e-05,0.0006814788482047636
text+audio_text_ln_lrh0.001_e5_s44,1209,2,0.96284,12.6734,1.3622467116956985e-05,0.0006811233558478492
text+audio_text_ln_lrh0.001_e5_s44,1210,2,1.31663,15.2671,1.36153572698187e-05,0.000680767863490935
text+audio_text_ln_lrh0.001_e5_s44,1211,2,1.09849,13.7913,1.3608247422680415e-05,0.0006804123711340207
text+audio_text_ln_lrh0.001_e5_s44,1212,2,1.11949,13.2411,1.3601137575542127e-05,0.0006800568787771063
text+audio_text_ln_lrh0.001_e5_s44,1213,2,0.87987,18.8485,1.359402772840384e-05,0.000679701386420192
text+audio_text_ln_lrh0.001_e5_s44,1214,2,0.93019,14.945,1.3586917881265554e-05,0.0006793458940632777
text+audio_text_ln_lrh0.001_e5_s44,1215,2,0.67506,12.3625,1.3579808034127266e-05,0.0006789904017063632
text+audio_text_ln_lrh0.001_e5_s44,1216,2,1.14718,12.8929,1.3572698186988982e-05,0.000678634909349449
text+audio_text_ln_lrh0.001_e5_s44,1217,2,0.92465,13.2261,1.3565588339850694e-05,0.0006782794169925347
text+audio_text_ln_lrh0.001_e5_s44,1218,2,0.84599,18.93,1.3558478492712408e-05,0.0006779239246356203
text+audio_text_ln_lrh0.001_e5_s44,1219,2,0.8933,13.8202,1.355136864557412e-05,0.000677568432278706
text+audio_text_ln_lrh0.001_e5_s44,1220,2,0.99683,22.3901,1.3544258798435835e-05,0.0006772129399217917
text+audio_text_ln_lrh0.001_e5_s44,1221,2,0.93953,17.3371,1.3537148951297547e-05,0.0006768574475648773
text+audio_text_ln_lrh0.001_e5_s44,1222,2,0.97442,14.1094,1.3530039104159263e-05,0.0006765019552079631
text+audio_text_ln_lrh0.001_e5_s44,1223,2,0.89932,15.832,1.3522929257020975e-05,0.0006761464628510488
text+audio_text_ln_lrh0.001_e5_s44,1224,2,0.81465,12.3671,1.351581940988269e-05,0.0006757909704941344
text+audio_text_ln_lrh0.001_e5_s44,1225,2,0.86745,15.0238,1.3508709562744402e-05,0.0006754354781372201
text+audio_text_ln_lrh0.001_e5_s44,1226,2,0.88258,19.9403,1.3501599715606116e-05,0.0006750799857803057
text+audio_text_ln_lrh0.001_e5_s44,1227,2,0.40198,13.0291,1.3494489868467828e-05,0.0006747244934233914
text+audio_text_ln_lrh0.001_e5_s44,1228,2,0.9598,19.3213,1.3487380021329544e-05,0.0006743690010664772
text+audio_text_ln_lrh0.001_e5_s44,1229,2,0.95316,12.1709,1.3480270174191257e-05,0.0006740135087095628
text+audio_text_ln_lrh0.001_e5_s44,1230,2,1.177,21.2357,1.3473160327052969e-05,0.0006736580163526484
text+audio_text_ln_lrh0.001_e5_s44,1231,2,1.25406,20.6968,1.3466050479914683e-05,0.0006733025239957341
text+audio_text_ln_lrh0.001_e5_s44,1232,2,0.65855,24.3314,1.3458940632776395e-05,0.0006729470316388197
text+audio_text_ln_lrh0.001_e5_s44,1233,2,1.10128,24.9297,1.345183078563811e-05,0.0006725915392819054
text+audio_text_ln_lrh0.001_e5_s44,1234,2,1.4188,28.395,1.3444720938499822e-05,0.0006722360469249911
text+audio_text_ln_lrh0.001_e5_s44,1235,2,0.6959,14.4108,1.3437611091361538e-05,0.0006718805545680768
text+audio_text_ln_lrh0.001_e5_s44,1236,2,0.88827,14.3971,1.343050124422325e-05,0.0006715250622111625
text+audio_text_ln_lrh0.001_e5_s44,1237,2,0.89099,18.9482,1.3423391397084964e-05,0.0006711695698542482
text+audio_text_ln_lrh0.001_e5_s44,1238,2,1.29083,18.9409,1.3416281549946677e-05,0.0006708140774973338
text+audio_text_ln_lrh0.001_e5_s44,1239,2,1.03164,15.0595,1.340917170280839e-05,0.0006704585851404195
text+audio_text_ln_lrh0.001_e5_s44,1240,2,0.78636,18.9612,1.3402061855670103e-05,0.0006701030927835051
text+audio_text_ln_lrh0.001_e5_s44,1241,2,1.50365,20.9272,1.3394952008531819e-05,0.0006697476004265909
text+audio_text_ln_lrh0.001_e5_s44,1242,2,1.3795,21.7086,1.3387842161393531e-05,0.0006693921080696766
text+audio_text_ln_lrh0.001_e5_s44,1243,2,1.32153,15.0115,1.3380732314255246e-05,0.0006690366157127622
text+audio_text_ln_lrh0.001_e5_s44,1244,2,1.19249,14.1192,1.3373622467116958e-05,0.0006686811233558479
text+audio_text_ln_lrh0.001_e5_s44,1245,2,1.19687,19.8287,1.336651261997867e-05,0.0006683256309989335
text+audio_text_ln_lrh0.001_e5_s44,1246,2,0.78538,13.7796,1.3359402772840384e-05,0.0006679701386420191
text+audio_text_ln_lrh0.001_e5_s44,1247,2,0.86607,14.6601,1.33522929257021e-05,0.0006676146462851049
text+audio_text_ln_lrh0.001_e5_s44,1248,2,1.03042,19.8971,1.3345183078563813e-05,0.0006672591539281906
text+audio_text_ln_lrh0.001_e5_s44,1249,2,0.47296,11.0646,1.3338073231425525e-05,0.0006669036615712762
text+audio_text_ln_lrh0.001_e5_s44,1250,2,1.51083,35.3955,1.3330963384287239e-05,0.0006665481692143619
text+audio_text_ln_lrh0.001_e5_s44,1251,3,0.65608,11.223,1.3323853537148952e-05,0.0006661926768574476
text+audio_text_ln_lrh0.001_e5_s44,1252,3,0.83311,11.7348,1.3316743690010666e-05,0.0006658371845005332
text+audio_text_ln_lrh0.001_e5_s44,1253,3,0.68624,12.025,1.330963384287238e-05,0.000665481692143619
text+audio_text_ln_lrh0.001_e5_s44,1254,3,1.02393,13.8567,1.3302523995734094e-05,0.0006651261997867046
text+audio_text_ln_lrh0.001_e5_s44,1255,3,0.84484,11.8807,1.3295414148595806e-05,0.0006647707074297903
text+audio_text_ln_lrh0.001_e5_s44,1256,3,0.90065,11.1886,1.328830430145752e-05,0.000664415215072876
text+audio_text_ln_lrh0.001_e5_s44,1257,3,1.3283,15.464,1.3281194454319233e-05,0.0006640597227159616
text+audio_text_ln_lrh0.001_e5_s44,1258,3,0.85429,15.2811,1.3274084607180945e-05,0.0006637042303590473
text+audio_text_ln_lrh0.001_e5_s44,1259,3,0.71892,12.157,1.3266974760042661e-05,0.0006633487380021331
text+audio_text_ln_lrh0.001_e5_s44,1260,3,0.957,20.5906,1.3259864912904375e-05,0.0006629932456452186
text+audio_text_ln_lrh0.001_e5_s44,1261,3,0.70759,11.7859,1.3252755065766087e-05,0.0006626377532883043
text+audio_text_ln_lrh0.001_e5_s44,1262,3,1.15775,14.8672,1.32456452186278e-05,0.00066228226093139
text+audio_text_ln_lrh0.001_e5_s44,1263,3,0.62937,12.1453,1.3238535371489514e-05,0.0006619267685744756
text+audio_text_ln_lrh0.001_e5_s44,1264,3,1.35165,21.5747,1.3231425524351226e-05,0.0006615712762175613
text+audio_text_ln_lrh0.001_e5_s44,1265,3,0.39743,12.3543,1.322431567721294e-05,0.000661215783860647
text+audio_text_ln_lrh0.001_e5_s44,1266,3,1.13156,12.4015,1.3217205830074655e-05,0.0006608602915037327
text+audio_text_ln_lrh0.001_e5_s44,1267,3,0.91307,17.0473,1.3210095982936369e-05,0.0006605047991468184
text+audio_text_ln_lrh0.001_e5_s44,1268,3,1.10455,17.2883,1.3202986135798081e-05,0.000660149306789904
text+audio_text_ln_lrh0.001_e5_s44,1269,3,1.0078,16.997,1.3195876288659795e-05,0.0006597938144329897
text+audio_text_ln_lrh0.001_e5_s44,1270,3,0.66186,13.2723,1.3188766441521508e-05,0.0006594383220760754
text+audio_text_ln_lrh0.001_e5_s44,1271,3,0.97889,16.2096,1.3181656594383222e-05,0.000659082829719161
text+audio_text_ln_lrh0.001_e5_s44,1272,3,1.64026,27.506,1.3174546747244936e-05,0.0006587273373622468
text+audio_text_ln_lrh0.001_e5_s44,1273,3,0.69717,15.6301,1.316743690010665e-05,0.0006583718450053325
text+audio_text_ln_lrh0.001_e5_s44,1274,3,0.83827,15.6764,1.3160327052968362e-05,0.000658016352648418
text+audio_text_ln_lrh0.001_e5_s44,1275,3,0.69305,14.7911,1.3153217205830076e-05,0.0006576608602915037
text+audio_text_ln_lrh0.001_e5_s44,1276,3,1.20361,16.3643,1.3146107358691789e-05,0.0006573053679345894
text+audio_text_ln_lrh0.001_e5_s44,1277,3,0.89604,16.1346,1.3138997511553501e-05,0.000656949875577675
text+audio_text_ln_lrh0.001_e5_s44,1278,3,0.79571,19.1556,1.3131887664415217e-05,0.0006565943832207608
text+audio_text_ln_lrh0.001_e5_s44,1279,3,1.3307,20.3596,1.3124777817276931e-05,0.0006562388908638465
text+audio_text_ln_lrh0.001_e5_s44,1280,3,1.19844,16.1799,1.3117667970138643e-05,0.0006558833985069321
text+audio_text_ln_lrh0.001_e5_s44,1281,3,0.66787,33.1861,1.3110558123000356e-05,0.0006555279061500178
text+audio_text_ln_lrh0.001_e5_s44,1282,3,0.91614,15.0774,1.310344827586207e-05,0.0006551724137931034
text+audio_text_ln_lrh0.001_e5_s44,1283,3,0.82438,15.324,1.3096338428723782e-05,0.0006548169214361891
text+audio_text_ln_lrh0.001_e5_s44,1284,3,0.7398,13.0491,1.3089228581585498e-05,0.0006544614290792749
text+audio_text_ln_lrh0.001_e5_s44,1285,3,1.03194,16.5087,1.308211873444721e-05,0.0006541059367223605
text+audio_text_ln_lrh0.001_e5_s44,1286,3,1.5608,18.9706,1.3075008887308925e-05,0.0006537504443654462
text+audio_text_ln_lrh0.001_e5_s44,1287,3,1.38688,20.3717,1.3067899040170637e-05,0.0006533949520085319
text+audio_text_ln_lrh0.001_e5_s44,1288,3,0.45471,15.8803,1.3060789193032351e-05,0.0006530394596516174
text+audio_text_ln_lrh0.001_e5_s44,1289,3,0.88202,15.1723,1.3053679345894064e-05,0.0006526839672947031
text+audio_text_ln_lrh0.001_e5_s44,1290,3,0.96603,18.1002,1.3046569498755776e-05,0.0006523284749377888
text+audio_text_ln_lrh0.001_e5_s44,1291,3,0.78967,12.4765,1.3039459651617492e-05,0.0006519729825808745
text+audio_text_ln_lrh0.001_e5_s44,1292,3,0.9027,13.7895,1.3032349804479206e-05,0.0006516174902239602
text+audio_text_ln_lrh0.001_e5_s44,1293,3,1.01256,14.3181,1.3025239957340918e-05,0.0006512619978670459
text+audio_text_ln_lrh0.001_e5_s44,1294,3,1.06497,14.1002,1.301813011020263e-05,0.0006509065055101315
text+audio_text_ln_lrh0.001_e5_s44,1295,3,0.55775,12.001,1.3011020263064345e-05,0.0006505510131532172
text+audio_text_ln_lrh0.001_e5_s44,1296,3,1.1674,22.3499,1.3003910415926057e-05,0.0006501955207963028
text+audio_text_ln_lrh0.001_e5_s44,1297,3,0.75709,17.8252,1.2996800568787773e-05,0.0006498400284393886
text+audio_text_ln_lrh0.001_e5_s44,1298,3,0.88737,15.1337,1.2989690721649485e-05,0.0006494845360824743
text+audio_text_ln_lrh0.001_e5_s44,1299,3,0.64545,17.568,1.29825808745112e-05,0.0006491290437255599
text+audio_text_ln_lrh0.001_e5_s44,1300,3,0.88038,15.3967,1.2975471027372912e-05,0.0006487735513686456
text+audio_text_ln_lrh0.001_e5_s44,1301,3,0.43075,13.4327,1.2968361180234626e-05,0.0006484180590117313
text+audio_text_ln_lrh0.001_e5_s44,1302,3,0.79403,14.3389,1.2961251333096338e-05,0.0006480625666548168
text+audio_text_ln_lrh0.001_e5_s44,1303,3,1.06787,20.4226,1.2954141485958054e-05,0.0006477070742979027
text+audio_text_ln_lrh0.001_e5_s44,1304,3,1.08309,19.3544,1.2947031638819767e-05,0.0006473515819409883
text+audio_text_ln_lrh0.001_e5_s44,1305,3,0.66331,15.0137,1.293992179168148e-05,0.0006469960895840739
text+audio_text_ln_lrh0.001_e5_s44,1306,3,0.60534,14.4617,1.2932811944543193e-05,0.0006466405972271596
text+audio_text_ln_lrh0.001_e5_s44,1307,3,0.70539,21.2857,1.2925702097404906e-05,0.0006462851048702453
text+audio_text_ln_lrh0.001_e5_s44,1308,3,0.80313,19.918,1.291859225026662e-05,0.0006459296125133309
text+audio_text_ln_lrh0.001_e5_s44,1309,3,0.97108,18.3924,1.2911482403128335e-05,0.0006455741201564167
text+audio_text_ln_lrh0.001_e5_s44,1310,3,1.36813,27.1234,1.2904372555990048e-05,0.0006452186277995024
text+audio_text_ln_lrh0.001_e5_s44,1311,3,0.69687,17.0445,1.289726270885176e-05,0.000644863135442588
text+audio_text_ln_lrh0.001_e5_s44,1312,3,0.50298,10.1871,1.2890152861713474e-05,0.0006445076430856737
text+audio_text_ln_lrh0.001_e5_s44,1313,3,0.70108,18.9623,1.2883043014575187e-05,0.0006441521507287593
text+audio_text_ln_lrh0.001_e5_s44,1314,3,0.75097,20.5779,1.28759331674369e-05,0.000643796658371845
text+audio_text_ln_lrh0.001_e5_s44,1315,3,1.31139,32.2491,1.2868823320298615e-05,0.0006434411660149308
text+audio_text_ln_lrh0.001_e5_s44,1316,3,0.94344,23.6643,1.2861713473160329e-05,0.0006430856736580164
text+audio_text_ln_lrh0.001_e5_s44,1317,3,0.58245,12.931,1.2854603626022041e-05,0.0006427301813011021
text+audio_text_ln_lrh0.001_e5_s44,1318,3,1.01565,21.5241,1.2847493778883756e-05,0.0006423746889441877
text+audio_text_ln_lrh0.001_e5_s44,1319,3,1.08979,19.4104,1.2840383931745468e-05,0.0006420191965872733
text+audio_text_ln_lrh0.001_e5_s44,1320,3,0.76867,21.6326,1.2833274084607182e-05,0.000641663704230359
text+audio_text_ln_lrh0.001_e5_s44,1321,3,0.35206,14.152,1.2826164237468894e-05,0.0006413082118734447
text+audio_text_ln_lrh0.001_e5_s44,1322,3,0.38845,17.4173,1.281905439033061e-05,0.0006409527195165304
text+audio_text_ln_lrh0.001_e5_s44,1323,3,0.63016,20.494,1.2811944543192323e-05,0.0006405972271596161
text+audio_text_ln_lrh0.001_e5_s44,1324,3,0.53338,20.7284,1.2804834696054037e-05,0.0006402417348027018
text+audio_text_ln_lrh0.001_e5_s44,1325,3,1.13341,19.3191,1.2797724848915749e-05,0.0006398862424457874
text+audio_text_ln_lrh0.001_e5_s44,1326,3,0.97997,23.0201,1.2790615001777462e-05,0.0006395307500888731
text+audio_text_ln_lrh0.001_e5_s44,1327,3,0.36844,23.758,1.2783505154639176e-05,0.0006391752577319587
text+audio_text_ln_lrh0.001_e5_s44,1328,3,0.77249,22.8593,1.2776395307500891e-05,0.0006388197653750445
text+audio_text_ln_lrh0.001_e5_s44,1329,3,0.9687,28.5921,1.2769285460362604e-05,0.0006384642730181302
text+audio_text_ln_lrh0.001_e5_s44,1330,3,1.19196,19.5299,1.2762175613224316e-05,0.0006381087806612158
text+audio_text_ln_lrh0.001_e5_s44,1331,3,1.21527,26.3235,1.275506576608603e-05,0.0006377532883043015
text+audio_text_ln_lrh0.001_e5_s44,1332,3,0.81371,24.1529,1.2747955918947743e-05,0.0006373977959473872
text+audio_text_ln_lrh0.001_e5_s44,1333,3,1.37509,31.8753,1.2740846071809457e-05,0.0006370423035904727
text+audio_text_ln_lrh0.001_e5_s44,1334,3,0.499,17.5082,1.2733736224671171e-05,0.0006366868112335585
text+audio_text_ln_lrh0.001_e5_s44,1335,3,0.4875,19.1754,1.2726626377532885e-05,0.0006363313188766442
text+audio_text_ln_lrh0.001_e5_s44,1336,3,0.88941,30.4204,1.2719516530394597e-05,0.0006359758265197298
text+audio_text_ln_lrh0.001_e5_s44,1337,3,0.77166,24.6042,1.2712406683256312e-05,0.0006356203341628155
text+audio_text_ln_lrh0.001_e5_s44,1338,3,0.46566,24.7533,1.2705296836118024e-05,0.0006352648418059012
text+audio_text_ln_lrh0.001_e5_s44,1339,3,0.92924,24.1112,1.2698186988979736e-05,0.0006349093494489868
text+audio_text_ln_lrh0.001_e5_s44,1340,3,0.32436,21.6204,1.2691077141841452e-05,0.0006345538570920726
text+audio_text_ln_lrh0.001_e5_s44,1341,3,0.83959,51.1153,1.2683967294703166e-05,0.0006341983647351582
text+audio_text_ln_lrh0.001_e5_s44,1342,3,0.83116,21.0088,1.2676857447564879e-05,0.0006338428723782439
text+audio_text_ln_lrh0.001_e5_s44,1343,3,0.95756,18.0846,1.2669747600426591e-05,0.0006334873800213296
text+audio_text_ln_lrh0.001_e5_s44,1344,3,0.9427,24.3676,1.2662637753288305e-05,0.0006331318876644152
text+audio_text_ln_lrh0.001_e5_s44,1345,3,0.71122,16.33,1.2655527906150018e-05,0.0006327763953075009
text+audio_text_ln_lrh0.001_e5_s44,1346,3,0.85404,18.0169,1.2648418059011733e-05,0.0006324209029505867
text+audio_text_ln_lrh0.001_e5_s44,1347,3,0.61995,17.0369,1.2641308211873446e-05,0.0006320654105936722
text+audio_text_ln_lrh0.001_e5_s44,1348,3,1.03902,24.169,1.263419836473516e-05,0.0006317099182367579
text+audio_text_ln_lrh0.001_e5_s44,1349,3,0.63389,15.7409,1.2627088517596872e-05,0.0006313544258798436
text+audio_text_ln_lrh0.001_e5_s44,1350,3,0.54373,14.6142,1.2619978670458586e-05,0.0006309989335229292
text+audio_text_ln_lrh0.001_e5_s44,1351,3,1.2895,16.9742,1.2612868823320299e-05,0.0006306434411660149
text+audio_text_ln_lrh0.001_e5_s44,1352,3,0.59433,15.4349,1.2605758976182013e-05,0.0006302879488091006
text+audio_text_ln_lrh0.001_e5_s44,1353,3,0.46157,16.0831,1.2598649129043727e-05,0.0006299324564521863
text+audio_text_ln_lrh0.001_e5_s44,1354,3,1.14382,22.3739,1.2591539281905441e-05,0.000629576964095272
text+audio_text_ln_lrh0.001_e5_s44,1355,3,0.7467,18.8883,1.2584429434767154e-05,0.0006292214717383576
text+audio_text_ln_lrh0.001_e5_s44,1356,3,0.62921,17.1353,1.2577319587628866e-05,0.0006288659793814433
text+audio_text_ln_lrh0.001_e5_s44,1357,3,0.93299,28.3725,1.257020974049058e-05,0.000628510487024529
text+audio_text_ln_lrh0.001_e5_s44,1358,3,0.85669,15.3983,1.2563099893352292e-05,0.0006281549946676146
text+audio_text_ln_lrh0.001_e5_s44,1359,3,0.79043,27.3543,1.2555990046214008e-05,0.0006277995023107004
text+audio_text_ln_lrh0.001_e5_s44,1360,3,0.2273,15.4438,1.254888019907572e-05,0.0006274440099537861
text+audio_text_ln_lrh0.001_e5_s44,1361,3,0.90769,22.7645,1.2541770351937435e-05,0.0006270885175968717
text+audio_text_ln_lrh0.001_e5_s44,1362,3,1.49552,25.5327,1.2534660504799147e-05,0.0006267330252399573
text+audio_text_ln_lrh0.001_e5_s44,1363,3,0.99451,19.7259,1.2527550657660861e-05,0.000626377532883043
text+audio_text_ln_lrh0.001_e5_s44,1364,3,1.15971,26.2564,1.2520440810522574e-05,0.0006260220405261286
text+audio_text_ln_lrh0.001_e5_s44,1365,3,0.97912,23.9133,1.251333096338429e-05,0.0006256665481692144
text+audio_text_ln_lrh0.001_e5_s44,1366,3,0.6309,20.0147,1.2506221116246002e-05,0.0006253110558123001
text+audio_text_ln_lrh0.001_e5_s44,1367,3,1.33678,38.7091,1.2499111269107716e-05,0.0006249555634553857
text+audio_text_ln_lrh0.001_e5_s44,1368,3,0.87023,35.3767,1.2492001421969428e-05,0.0006246000710984714
text+audio_text_ln_lrh0.001_e5_s44,1369,3,0.75088,23.0852,1.2484891574831142e-05,0.000624244578741557
text+audio_text_ln_lrh0.001_e5_s44,1370,3,0.9763,16.9362,1.2477781727692855e-05,0.0006238890863846427
text+audio_text_ln_lrh0.001_e5_s44,1371,3,1.45805,27.621,1.247067188055457e-05,0.0006235335940277285
text+audio_text_ln_lrh0.001_e5_s44,1372,3,0.69912,18.9392,1.2463562033416283e-05,0.0006231781016708141
text+audio_text_ln_lrh0.001_e5_s44,1373,3,0.60471,14.924,1.2456452186277997e-05,0.0006228226093138998
text+audio_text_ln_lrh0.001_e5_s44,1374,3,0.66349,16.5921,1.244934233913971e-05,0.0006224671169569855
text+audio_text_ln_lrh0.001_e5_s44,1375,3,0.98774,21.255,1.2442232492001422e-05,0.000622111624600071
text+audio_text_ln_lrh0.001_e5_s44,1376,3,0.3956,15.7916,1.2435122644863136e-05,0.0006217561322431567
text+audio_text_ln_lrh0.001_e5_s44,1377,3,0.6624,21.0228,1.2428012797724852e-05,0.0006214006398862426
text+audio_text_ln_lrh0.001_e5_s44,1378,3,0.78874,23.6784,1.2420902950586564e-05,0.0006210451475293281
text+audio_text_ln_lrh0.001_e5_s44,1379,3,0.87365,19.0571,1.2413793103448277e-05,0.0006206896551724138
text+audio_text_ln_lrh0.001_e5_s44,1380,3,0.57065,14.8072,1.240668325630999e-05,0.0006203341628154995
text+audio_text_ln_lrh0.001_e5_s44,1381,3,0.45752,16.0822,1.2399573409171703e-05,0.0006199786704585851
text+audio_text_ln_lrh0.001_e5_s44,1382,3,0.823,18.8722,1.2392463562033417e-05,0.0006196231781016708
text+audio_text_ln_lrh0.001_e5_s44,1383,3,0.83801,19.804,1.238535371489513e-05,0.0006192676857447564
text+audio_text_ln_lrh0.001_e5_s44,1384,3,0.84744,39.5434,1.2378243867756845e-05,0.0006189121933878422
text+audio_text_ln_lrh0.001_e5_s44,1385,3,0.94994,20.2291,1.2371134020618558e-05,0.0006185567010309279
text+audio_text_ln_lrh0.001_e5_s44,1386,3,0.43611,9.907,1.2364024173480272e-05,0.0006182012086740135
text+audio_text_ln_lrh0.001_e5_s44,1387,3,1.05644,27.9217,1.2356914326341984e-05,0.0006178457163170992
text+audio_text_ln_lrh0.001_e5_s44,1388,3,1.06538,25.3839,1.2349804479203697e-05,0.0006174902239601849
text+audio_text_ln_lrh0.001_e5_s44,1389,3,0.96548,19.8695,1.2342694632065411e-05,0.0006171347316032705
text+audio_text_ln_lrh0.001_e5_s44,1390,3,0.58956,14.6234,1.2335584784927127e-05,0.0006167792392463563
text+audio_text_ln_lrh0.001_e5_s44,1391,3,1.4232,28.8487,1.2328474937788839e-05,0.000616423746889442
text+audio_text_ln_lrh0.001_e5_s44,1392,3,1.18849,24.8937,1.2321365090650551e-05,0.0006160682545325275
text+audio_text_ln_lrh0.001_e5_s44,1393,3,1.0659,21.4223,1.2314255243512266e-05,0.0006157127621756132
text+audio_text_ln_lrh0.001_e5_s44,1394,3,0.95041,20.2572,1.2307145396373978e-05,0.0006153572698186989
text+audio_text_ln_lrh0.001_e5_s44,1395,3,0.62361,18.5155,1.2300035549235692e-05,0.0006150017774617845
text+audio_text_ln_lrh0.001_e5_s44,1396,3,0.81567,19.8956,1.2292925702097406e-05,0.0006146462851048703
text+audio_text_ln_lrh0.001_e5_s44,1397,3,0.49821,23.5639,1.228581585495912e-05,0.000614290792747956
text+audio_text_ln_lrh0.001_e5_s44,1398,3,1.18675,23.9126,1.2278706007820833e-05,0.0006139353003910416
text+audio_text_ln_lrh0.001_e5_s44,1399,3,0.58249,22.8047,1.2271596160682547e-05,0.0006135798080341273
text+audio_text_ln_lrh0.001_e5_s44,1400,3,0.58509,19.0563,1.226448631354426e-05,0.0006132243156772129
text+audio_text_ln_lrh0.001_e5_s44,1401,3,1.06757,19.8788,1.2257376466405973e-05,0.0006128688233202986
text+audio_text_ln_lrh0.001_e5_s44,1402,3,0.73761,20.7035,1.2250266619267687e-05,0.0006125133309633844
text+audio_text_ln_lrh0.001_e5_s44,1403,3,0.48541,14.6259,1.2243156772129401e-05,0.00061215783860647
text+audio_text_ln_lrh0.001_e5_s44,1404,3,0.54261,19.0422,1.2236046924991114e-05,0.0006118023462495557
text+audio_text_ln_lrh0.001_e5_s44,1405,3,0.71255,30.521,1.2228937077852826e-05,0.0006114468538926414
text+audio_text_ln_lrh0.001_e5_s44,1406,3,0.90718,26.6462,1.222182723071454e-05,0.0006110913615357269
text+audio_text_ln_lrh0.001_e5_s44,1407,3,0.76657,81.1205,1.2214717383576253e-05,0.0006107358691788126
text+audio_text_ln_lrh0.001_e5_s44,1408,3,1.01125,24.3575,1.2207607536437967e-05,0.0006103803768218983
text+audio_text_ln_lrh0.001_e5_s44,1409,3,1.59622,21.8809,1.2200497689299681e-05,0.000610024884464984
text+audio_text_ln_lrh0.001_e5_s44,1410,3,1.09832,25.8643,1.2193387842161395e-05,0.0006096693921080697
text+audio_text_ln_lrh0.001_e5_s44,1411,3,0.87534,20.8384,1.2186277995023107e-05,0.0006093138997511554
text+audio_text_ln_lrh0.001_e5_s44,1412,3,0.92726,21.2021,1.2179168147884822e-05,0.000608958407394241
text+audio_text_ln_lrh0.001_e5_s44,1413,3,1.02791,20.9537,1.2172058300746534e-05,0.0006086029150373267
text+audio_text_ln_lrh0.001_e5_s44,1414,3,0.94672,27.7573,1.2164948453608248e-05,0.0006082474226804123
text+audio_text_ln_lrh0.001_e5_s44,1415,3,0.76347,17.5714,1.2157838606469962e-05,0.0006078919303234981
text+audio_text_ln_lrh0.001_e5_s44,1416,3,0.96639,21.8951,1.2150728759331676e-05,0.0006075364379665838
text+audio_text_ln_lrh0.001_e5_s44,1417,3,0.65502,17.6572,1.2143618912193389e-05,0.0006071809456096694
text+audio_text_ln_lrh0.001_e5_s44,1418,3,1.1045,16.9288,1.2136509065055103e-05,0.0006068254532527551
text+audio_text_ln_lrh0.001_e5_s44,1419,3,0.60665,14.1405,1.2129399217916815e-05,0.0006064699608958408
text+audio_text_ln_lrh0.001_e5_s44,1420,3,1.20523,23.913,1.2122289370778528e-05,0.0006061144685389263
text+audio_text_ln_lrh0.001_e5_s44,1421,3,1.07766,17.9264,1.2115179523640243e-05,0.0006057589761820121
text+audio_text_ln_lrh0.001_e5_s44,1422,3,0.83925,15.3365,1.2108069676501958e-05,0.0006054034838250978
text+audio_text_ln_lrh0.001_e5_s44,1423,3,0.63983,14.6995,1.210095982936367e-05,0.0006050479914681834
text+audio_text_ln_lrh0.001_e5_s44,1424,3,0.8603,16.4637,1.2093849982225382e-05,0.0006046924991112691
text+audio_text_ln_lrh0.001_e5_s44,1425,3,0.54917,17.9494,1.2086740135087096e-05,0.0006043370067543548
text+audio_text_ln_lrh0.001_e5_s44,1426,3,0.60234,15.8172,1.2079630287948809e-05,0.0006039815143974404
text+audio_text_ln_lrh0.001_e5_s44,1427,3,1.35516,17.4481,1.2072520440810525e-05,0.0006036260220405262
text+audio_text_ln_lrh0.001_e5_s44,1428,3,1.63669,27.2392,1.2065410593672237e-05,0.0006032705296836118
text+audio_text_ln_lrh0.001_e5_s44,1429,3,1.09971,18.3662,1.2058300746533951e-05,0.0006029150373266975
text+audio_text_ln_lrh0.001_e5_s44,1430,3,0.90688,18.9164,1.2051190899395664e-05,0.0006025595449697832
text+audio_text_ln_lrh0.001_e5_s44,1431,3,1.57845,23.0505,1.2044081052257378e-05,0.0006022040526128688
text+audio_text_ln_lrh0.001_e5_s44,1432,3,0.83609,20.7395,1.203697120511909e-05,0.0006018485602559545
text+audio_text_ln_lrh0.001_e5_s44,1433,3,0.89855,19.7845,1.2029861357980806e-05,0.0006014930678990403
text+audio_text_ln_lrh0.001_e5_s44,1434,3,0.8833,16.3685,1.2022751510842518e-05,0.0006011375755421259
text+audio_text_ln_lrh0.001_e5_s44,1435,3,1.05181,17.2602,1.2015641663704232e-05,0.0006007820831852115
text+audio_text_ln_lrh0.001_e5_s44,1436,3,0.9507,22.0644,1.2008531816565945e-05,0.0006004265908282972
text+audio_text_ln_lrh0.001_e5_s44,1437,3,0.26942,8.9556,1.2001421969427657e-05,0.0006000710984713828
text+audio_text_ln_lrh0.001_e5_s44,1438,3,0.86651,19.4744,1.1994312122289371e-05,0.0005997156061144685
text+audio_text_ln_lrh0.001_e5_s44,1439,3,0.78442,17.384,1.1987202275151084e-05,0.0005993601137575542
text+audio_text_ln_lrh0.001_e5_s44,1440,3,0.96666,18.2556,1.19800924280128e-05,0.0005990046214006399
text+audio_text_ln_lrh0.001_e5_s44,1441,3,1.05573,18.4803,1.1972982580874512e-05,0.0005986491290437256
text+audio_text_ln_lrh0.001_e5_s44,1442,3,0.82163,16.4003,1.1965872733736226e-05,0.0005982936366868112
text+audio_text_ln_lrh0.001_e5_s44,1443,3,0.61271,21.5583,1.1958762886597938e-05,0.0005979381443298969
text+audio_text_ln_lrh0.001_e5_s44,1444,3,0.66732,13.1108,1.1951653039459652e-05,0.0005975826519729826
text+audio_text_ln_lrh0.001_e5_s44,1445,3,1.37015,22.6795,1.1944543192321365e-05,0.0005972271596160682
text+audio_text_ln_lrh0.001_e5_s44,1446,3,0.64976,17.4762,1.193743334518308e-05,0.000596871667259154
text+audio_text_ln_lrh0.001_e5_s44,1447,3,0.60533,18.1712,1.1930323498044793e-05,0.0005965161749022397
text+audio_text_ln_lrh0.001_e5_s44,1448,3,0.85509,11.8483,1.1923213650906507e-05,0.0005961606825453253
text+audio_text_ln_lrh0.001_e5_s44,1449,3,0.81196,17.4136,1.191610380376822e-05,0.000595805190188411
text+audio_text_ln_lrh0.001_e5_s44,1450,3,0.59388,13.6126,1.1908993956629934e-05,0.0005954496978314966
text+audio_text_ln_lrh0.001_e5_s44,1451,3,0.78277,18.5051,1.1901884109491646e-05,0.0005950942054745822
text+audio_text_ln_lrh0.001_e5_s44,1452,3,0.51129,16.6455,1.1894774262353362e-05,0.000594738713117668
text+audio_text_ln_lrh0.001_e5_s44,1453,3,0.7814,21.2594,1.1887664415215074e-05,0.0005943832207607537
text+audio_text_ln_lrh0.001_e5_s44,1454,3,0.86516,18.1368,1.1880554568076788e-05,0.0005940277284038393
text+audio_text_ln_lrh0.001_e5_s44,1455,3,0.78368,16.4009,1.18734447209385e-05,0.000593672236046925
text+audio_text_ln_lrh0.001_e5_s44,1456,3,0.63632,17.8792,1.1866334873800213e-05,0.0005933167436900106
text+audio_text_ln_lrh0.001_e5_s44,1457,3,0.98192,20.907,1.1859225026661927e-05,0.0005929612513330963
text+audio_text_ln_lrh0.001_e5_s44,1458,3,0.55187,25.1336,1.1852115179523641e-05,0.0005926057589761821
text+audio_text_ln_lrh0.001_e5_s44,1459,3,0.73645,20.7605,1.1845005332385355e-05,0.0005922502666192677
text+audio_text_ln_lrh0.001_e5_s44,1460,3,1.53816,40.6068,1.1837895485247068e-05,0.0005918947742623534
text+audio_text_ln_lrh0.001_e5_s44,1461,3,0.83719,27.9898,1.1830785638108782e-05,0.0005915392819054391
text+audio_text_ln_lrh0.001_e5_s44,1462,3,0.98672,29.0978,1.1823675790970494e-05,0.0005911837895485247
text+audio_text_ln_lrh0.001_e5_s44,1463,3,0.84688,25.2285,1.1816565943832208e-05,0.0005908282971916104
text+audio_text_ln_lrh0.001_e5_s44,1464,3,0.4862,11.6831,1.1809456096693923e-05,0.0005904728048346962
text+audio_text_ln_lrh0.001_e5_s44,1465,3,0.82086,29.318,1.1802346249555637e-05,0.0005901173124777817
text+audio_text_ln_lrh0.001_e5_s44,1466,3,1.19441,17.6014,1.1795236402417349e-05,0.0005897618201208674
text+audio_text_ln_lrh0.001_e5_s44,1467,3,1.38512,27.9618,1.1788126555279063e-05,0.0005894063277639531
text+audio_text_ln_lrh0.001_e5_s44,1468,3,0.62298,17.6865,1.1781016708140776e-05,0.0005890508354070387
text+audio_text_ln_lrh0.001_e5_s44,1469,3,0.56944,19.6018,1.1773906861002488e-05,0.0005886953430501244
text+audio_text_ln_lrh0.001_e5_s44,1470,3,1.18459,26.8127,1.1766797013864202e-05,0.0005883398506932101
text+audio_text_ln_lrh0.001_e5_s44,1471,3,0.60384,15.4066,1.1759687166725918e-05,0.0005879843583362958
text+audio_text_ln_lrh0.001_e5_s44,1472,3,0.40096,24.2136,1.175257731958763e-05,0.0005876288659793815
text+audio_text_ln_lrh0.001_e5_s44,1473,3,1.19557,24.1079,1.1745467472449343e-05,0.0005872733736224671
text+audio_text_ln_lrh0.001_e5_s44,1474,3,1.35936,21.7016,1.1738357625311057e-05,0.0005869178812655528
text+audio_text_ln_lrh0.001_e5_s44,1475,3,0.75839,14.9755,1.173124777817277e-05,0.0005865623889086385
text+audio_text_ln_lrh0.001_e5_s44,1476,3,0.99367,17.1679,1.1724137931034483e-05,0.0005862068965517241
text+audio_text_ln_lrh0.001_e5_s44,1477,3,0.62231,12.303,1.1717028083896197e-05,0.0005858514041948099
text+audio_text_ln_lrh0.001_e5_s44,1478,3,0.83348,16.9952,1.1709918236757912e-05,0.0005854959118378956
text+audio_text_ln_lrh0.001_e5_s44,1479,3,1.48999,20.6837,1.1702808389619624e-05,0.0005851404194809811
text+audio_text_ln_lrh0.001_e5_s44,1480,3,0.86561,17.2148,1.1695698542481338e-05,0.0005847849271240668
text+audio_text_ln_lrh0.001_e5_s44,1481,3,0.62544,18.8755,1.168858869534305e-05,0.0005844294347671525
text+audio_text_ln_lrh0.001_e5_s44,1482,3,0.8514,19.6343,1.1681478848204763e-05,0.0005840739424102381
text+audio_text_ln_lrh0.001_e5_s44,1483,3,0.87252,24.8752,1.1674369001066479e-05,0.0005837184500533239
text+audio_text_ln_lrh0.001_e5_s44,1484,3,0.56821,13.7886,1.1667259153928193e-05,0.0005833629576964096
text+audio_text_ln_lrh0.001_e5_s44,1485,3,1.17406,17.3776,1.1660149306789905e-05,0.0005830074653394952
text+audio_text_ln_lrh0.001_e5_s44,1486,3,0.7085,18.4962,1.1653039459651618e-05,0.0005826519729825809
text+audio_text_ln_lrh0.001_e5_s44,1487,3,0.69971,10.7809,1.1645929612513332e-05,0.0005822964806256665
text+audio_text_ln_lrh0.001_e5_s44,1488,3,0.71525,14.0608,1.1638819765375044e-05,0.0005819409882687522
text+audio_text_ln_lrh0.001_e5_s44,1489,3,0.71083,19.3167,1.163170991823676e-05,0.000581585495911838
text+audio_text_ln_lrh0.001_e5_s44,1490,3,0.31054,10.1923,1.1624600071098472e-05,0.0005812300035549236
text+audio_text_ln_lrh0.001_e5_s44,1491,3,0.51349,14.9792,1.1617490223960186e-05,0.0005808745111980093
text+audio_text_ln_lrh0.001_e5_s44,1492,3,0.76843,22.5409,1.1610380376821899e-05,0.000580519018841095
text+audio_text_ln_lrh0.001_e5_s44,1493,3,0.68207,18.3931,1.1603270529683613e-05,0.0005801635264841805
text+audio_text_ln_lrh0.001_e5_s44,1494,3,1.17558,31.2149,1.1596160682545325e-05,0.0005798080341272662
text+audio_text_ln_lrh0.001_e5_s44,1495,3,1.11771,21.2357,1.1589050835407041e-05,0.000579452541770352
text+audio_text_ln_lrh0.001_e5_s44,1496,3,1.12243,26.9006,1.1581940988268753e-05,0.0005790970494134376
text+audio_text_ln_lrh0.001_e5_s44,1497,3,0.5894,22.3819,1.1574831141130468e-05,0.0005787415570565233
text+audio_text_ln_lrh0.001_e5_s44,1498,3,0.92135,23.345,1.156772129399218e-05,0.000578386064699609
text+audio_text_ln_lrh0.001_e5_s44,1499,3,1.20268,24.013,1.1560611446853894e-05,0.0005780305723426946
text+audio_text_ln_lrh0.001_e5_s44,1500,3,0.80639,13.2928,1.1553501599715606e-05,0.0005776750799857803
text+audio_text_ln_lrh0.001_e5_s44,1501,3,1.00702,27.5199,1.1546391752577319e-05,0.0005773195876288659
text+audio_text_ln_lrh0.001_e5_s44,1502,3,0.57142,17.9173,1.1539281905439035e-05,0.0005769640952719517
text+audio_text_ln_lrh0.001_e5_s44,1503,3,0.5056,8.5683,1.1532172058300749e-05,0.0005766086029150374
text+audio_text_ln_lrh0.001_e5_s44,1504,3,0.77709,19.6174,1.1525062211162461e-05,0.000576253110558123
text+audio_text_ln_lrh0.001_e5_s44,1505,3,1.14649,20.1035,1.1517952364024174e-05,0.0005758976182012087
text+audio_text_ln_lrh0.001_e5_s44,1506,3,0.40803,12.4793,1.1510842516885888e-05,0.0005755421258442944
text+audio_text_ln_lrh0.001_e5_s44,1507,3,0.71631,22.9436,1.15037326697476e-05,0.00057518663348738
text+audio_text_ln_lrh0.001_e5_s44,1508,3,1.09828,30.022,1.1496622822609316e-05,0.0005748311411304658
text+audio_text_ln_lrh0.001_e5_s44,1509,3,0.77841,14.7784,1.1489512975471028e-05,0.0005744756487735514
text+audio_text_ln_lrh0.001_e5_s44,1510,3,0.70227,19.7812,1.1482403128332742e-05,0.000574120156416637
text+audio_text_ln_lrh0.001_e5_s44,1511,3,0.56734,13.329,1.1475293281194455e-05,0.0005737646640597227
text+audio_text_ln_lrh0.001_e5_s44,1512,3,0.50943,15.8319,1.1468183434056169e-05,0.0005734091717028084
text+audio_text_ln_lrh0.001_e5_s44,1513,3,0.92905,16.682,1.1461073586917881e-05,0.000573053679345894
text+audio_text_ln_lrh0.001_e5_s44,1514,3,0.73425,22.8913,1.1453963739779597e-05,0.0005726981869889798
text+audio_text_ln_lrh0.001_e5_s44,1515,3,1.04258,30.8263,1.144685389264131e-05,0.0005723426946320654
text+audio_text_ln_lrh0.001_e5_s44,1516,3,0.77479,15.8849,1.1439744045503024e-05,0.0005719872022751511
text+audio_text_ln_lrh0.001_e5_s44,1517,3,0.55069,13.8684,1.1432634198364736e-05,0.0005716317099182368
text+audio_text_ln_lrh0.001_e5_s44,1518,3,0.67738,34.54,1.1425524351226448e-05,0.0005712762175613224
text+audio_text_ln_lrh0.001_e5_s44,1519,3,1.04627,18.8737,1.1418414504088162e-05,0.0005709207252044081
text+audio_text_ln_lrh0.001_e5_s44,1520,3,1.21171,30.7148,1.1411304656949878e-05,0.0005705652328474939
text+audio_text_ln_lrh0.001_e5_s44,1521,3,1.27317,21.0225,1.140419480981159e-05,0.0005702097404905795
text+audio_text_ln_lrh0.001_e5_s44,1522,3,0.65816,17.068,1.1397084962673303e-05,0.0005698542481336652
text+audio_text_ln_lrh0.001_e5_s44,1523,3,0.92313,14.339,1.1389975115535017e-05,0.0005694987557767508
text+audio_text_ln_lrh0.001_e5_s44,1524,3,0.5984,16.5735,1.138286526839673e-05,0.0005691432634198364
text+audio_text_ln_lrh0.001_e5_s44,1525,3,0.66548,12.0747,1.1375755421258444e-05,0.0005687877710629221
text+audio_text_ln_lrh0.001_e5_s44,1526,3,0.53072,13.1727,1.1368645574120158e-05,0.0005684322787060079
text+audio_text_ln_lrh0.001_e5_s44,1527,3,0.87628,19.006,1.1361535726981872e-05,0.0005680767863490935
text+audio_text_ln_lrh0.001_e5_s44,1528,3,1.03039,25.9,1.1354425879843584e-05,0.0005677212939921792
text+audio_text_ln_lrh0.001_e5_s44,1529,3,0.84114,23.6031,1.1347316032705298e-05,0.0005673658016352649
text+audio_text_ln_lrh0.001_e5_s44,1530,3,0.78468,18.8491,1.134020618556701e-05,0.0005670103092783505
text+audio_text_ln_lrh0.001_e5_s44,1531,3,0.65952,20.7656,1.1333096338428723e-05,0.0005666548169214362
text+audio_text_ln_lrh0.001_e5_s44,1532,3,0.54968,13.1067,1.1325986491290437e-05,0.0005662993245645218
text+audio_text_ln_lrh0.001_e5_s44,1533,3,0.88704,15.7924,1.1318876644152153e-05,0.0005659438322076076
text+audio_text_ln_lrh0.001_e5_s44,1534,3,0.7335,17.853,1.1311766797013866e-05,0.0005655883398506933
text+audio_text_ln_lrh0.001_e5_s44,1535,3,1.27671,18.6874,1.1304656949875578e-05,0.0005652328474937789
text+audio_text_ln_lrh0.001_e5_s44,1536,3,0.84836,18.8858,1.1297547102737292e-05,0.0005648773551368646
text+audio_text_ln_lrh0.001_e5_s44,1537,3,1.0899,27.4973,1.1290437255599004e-05,0.0005645218627799503
text+audio_text_ln_lrh0.001_e5_s44,1538,3,1.19108,27.8725,1.1283327408460719e-05,0.0005641663704230358
text+audio_text_ln_lrh0.001_e5_s44,1539,3,0.40864,13.2184,1.1276217561322433e-05,0.0005638108780661216
text+audio_text_ln_lrh0.001_e5_s44,1540,3,0.91919,22.309,1.1269107714184147e-05,0.0005634553857092073
text+audio_text_ln_lrh0.001_e5_s44,1541,3,0.58922,15.6392,1.1261997867045859e-05,0.0005630998933522929
text+audio_text_ln_lrh0.001_e5_s44,1542,3,0.8434,15.3162,1.1254888019907573e-05,0.0005627444009953786
text+audio_text_ln_lrh0.001_e5_s44,1543,3,0.66728,22.0443,1.1247778172769286e-05,0.0005623889086384643
text+audio_text_ln_lrh0.001_e5_s44,1544,3,1.30375,20.5611,1.1240668325631e-05,0.0005620334162815499
text+audio_text_ln_lrh0.001_e5_s44,1545,3,0.70693,17.0327,1.1233558478492714e-05,0.0005616779239246357
text+audio_text_ln_lrh0.001_e5_s44,1546,3,1.12232,19.1816,1.1226448631354428e-05,0.0005613224315677213
text+audio_text_ln_lrh0.001_e5_s44,1547,3,1.24594,25.1585,1.121933878421614e-05,0.000560966939210807
text+audio_text_ln_lrh0.001_e5_s44,1548,3,0.86334,17.1303,1.1212228937077854e-05,0.0005606114468538927
text+audio_text_ln_lrh0.001_e5_s44,1549,3,0.71565,22.0561,1.1205119089939567e-05,0.0005602559544969783
text+audio_text_ln_lrh0.001_e5_s44,1550,3,1.0313,18.9708,1.119800924280128e-05,0.000559900462140064
text+audio_text_ln_lrh0.001_e5_s44,1551,3,0.654,18.2644,1.1190899395662995e-05,0.0005595449697831498
text+audio_text_ln_lrh0.001_e5_s44,1552,3,0.63841,18.9686,1.1183789548524709e-05,0.0005591894774262353
text+audio_text_ln_lrh0.001_e5_s44,1553,3,1.47815,26.2488,1.1176679701386422e-05,0.000558833985069321
text+audio_text_ln_lrh0.001_e5_s44,1554,3,0.93136,22.552,1.1169569854248134e-05,0.0005584784927124067
text+audio_text_ln_lrh0.001_e5_s44,1555,3,1.05256,19.9193,1.1162460007109848e-05,0.0005581230003554923
text+audio_text_ln_lrh0.001_e5_s44,1556,3,1.01323,20.7553,1.115535015997156e-05,0.000557767507998578
text+audio_text_ln_lrh0.001_e5_s44,1557,3,0.4709,11.1107,1.1148240312833275e-05,0.0005574120156416637
text+audio_text_ln_lrh0.001_e5_s44,1558,3,0.49221,16.8131,1.1141130465694989e-05,0.0005570565232847494
text+audio_text_ln_lrh0.001_e5_s44,1559,3,0.89247,16.9683,1.1134020618556703e-05,0.0005567010309278351
text+audio_text_ln_lrh0.001_e5_s44,1560,3,0.94713,21.1956,1.1126910771418415e-05,0.0005563455385709207
text+audio_text_ln_lrh0.001_e5_s44,1561,3,0.28076,9.0614,1.111980092428013e-05,0.0005559900462140064
text+audio_text_ln_lrh0.001_e5_s44,1562,3,0.6748,27.5746,1.1112691077141842e-05,0.0005556345538570921
text+audio_text_ln_lrh0.001_e5_s44,1563,3,1.23488,27.7055,1.1105581230003554e-05,0.0005552790615001777
text+audio_text_ln_lrh0.001_e5_s44,1564,3,0.47771,18.4869,1.109847138286527e-05,0.0005549235691432635
text+audio_text_ln_lrh0.001_e5_s44,1565,3,0.95482,34.9096,1.1091361535726984e-05,0.0005545680767863492
text+audio_text_ln_lrh0.001_e5_s44,1566,3,0.78858,18.6458,1.1084251688588696e-05,0.0005542125844294348
text+audio_text_ln_lrh0.001_e5_s44,1567,3,0.42496,12.339,1.1077141841450409e-05,0.0005538570920725204
text+audio_text_ln_lrh0.001_e5_s44,1568,3,0.78355,35.6113,1.1070031994312123e-05,0.0005535015997156061
text+audio_text_ln_lrh0.001_e5_s44,1569,3,0.86897,17.6499,1.1062922147173835e-05,0.0005531461073586917
text+audio_text_ln_lrh0.001_e5_s44,1570,3,0.60922,21.2083,1.1055812300035551e-05,0.0005527906150017775
text+audio_text_ln_lrh0.001_e5_s44,1571,3,0.83804,21.9449,1.1048702452897263e-05,0.0005524351226448632
text+audio_text_ln_lrh0.001_e5_s44,1572,3,0.93358,15.3645,1.1041592605758978e-05,0.0005520796302879488
text+audio_text_ln_lrh0.001_e5_s44,1573,3,0.80638,15.0151,1.103448275862069e-05,0.0005517241379310345
text+audio_text_ln_lrh0.001_e5_s44,1574,3,1.13282,35.772,1.1027372911482404e-05,0.0005513686455741201
text+audio_text_ln_lrh0.001_e5_s44,1575,3,1.34109,25.7515,1.1020263064344116e-05,0.0005510131532172058
text+audio_text_ln_lrh0.001_e5_s44,1576,3,1.02058,19.2318,1.1013153217205832e-05,0.0005506576608602916
text+audio_text_ln_lrh0.001_e5_s44,1577,3,1.03555,24.3182,1.1006043370067545e-05,0.0005503021685033772
text+audio_text_ln_lrh0.001_e5_s44,1578,3,1.06258,25.4063,1.0998933522929259e-05,0.0005499466761464629
text+audio_text_ln_lrh0.001_e5_s44,1579,3,0.88827,32.3521,1.0991823675790971e-05,0.0005495911837895486
text+audio_text_ln_lrh0.001_e5_s44,1580,3,0.78817,17.0876,1.0984713828652684e-05,0.0005492356914326342
text+audio_text_ln_lrh0.001_e5_s44,1581,3,1.07214,22.2053,1.0977603981514398e-05,0.0005488801990757198
text+audio_text_ln_lrh0.001_e5_s44,1582,3,1.01897,24.3885,1.0970494134376113e-05,0.0005485247067188057
text+audio_text_ln_lrh0.001_e5_s44,1583,3,0.86848,24.8481,1.0963384287237826e-05,0.0005481692143618912
text+audio_text_ln_lrh0.001_e5_s44,1584,3,0.82772,15.9203,1.0956274440099538e-05,0.0005478137220049769
text+audio_text_ln_lrh0.001_e5_s44,1585,3,0.61068,25.3512,1.0949164592961252e-05,0.0005474582296480626
text+audio_text_ln_lrh0.001_e5_s44,1586,3,0.95139,16.8184,1.0942054745822965e-05,0.0005471027372911482
text+audio_text_ln_lrh0.001_e5_s44,1587,3,1.11049,18.5833,1.0934944898684679e-05,0.0005467472449342339
text+audio_text_ln_lrh0.001_e5_s44,1588,3,0.90656,19.3354,1.0927835051546391e-05,0.0005463917525773195
text+audio_text_ln_lrh0.001_e5_s44,1589,3,0.72952,19.2348,1.0920725204408107e-05,0.0005460362602204053
text+audio_text_ln_lrh0.001_e5_s44,1590,3,1.4172,24.8608,1.091361535726982e-05,0.000545680767863491
text+audio_text_ln_lrh0.001_e5_s44,1591,3,0.73035,18.5227,1.0906505510131534e-05,0.0005453252755065766
text+audio_text_ln_lrh0.001_e5_s44,1592,3,1.17145,31.9119,1.0899395662993246e-05,0.0005449697831496623
text+audio_text_ln_lrh0.001_e5_s44,1593,3,1.01083,24.3379,1.089228581585496e-05,0.000544614290792748
text+audio_text_ln_lrh0.001_e5_s44,1594,3,0.51176,19.6396,1.0885175968716673e-05,0.0005442587984358336
text+audio_text_ln_lrh0.001_e5_s44,1595,3,0.68625,19.6281,1.0878066121578388e-05,0.0005439033060789194
text+audio_text_ln_lrh0.001_e5_s44,1596,3,0.53433,14.8924,1.08709562744401e-05,0.000543547813722005
text+audio_text_ln_lrh0.001_e5_s44,1597,3,0.31098,10.8615,1.0863846427301815e-05,0.0005431923213650906
text+audio_text_ln_lrh0.001_e5_s44,1598,3,0.82607,15.0987,1.0856736580163527e-05,0.0005428368290081763
text+audio_text_ln_lrh0.001_e5_s44,1599,3,0.70253,17.2913,1.084962673302524e-05,0.000542481336651262
text+audio_text_ln_lrh0.001_e5_s44,1600,3,1.06964,41.8371,1.0842516885886954e-05,0.0005421258442943476
text+audio_text_ln_lrh0.001_e5_s44,1601,3,0.58767,13.7441,1.083540703874867e-05,0.0005417703519374334
text+audio_text_ln_lrh0.001_e5_s44,1602,3,0.38208,22.7096,1.0828297191610382e-05,0.0005414148595805191
text+audio_text_ln_lrh0.001_e5_s44,1603,3,0.49738,26.1742,1.0821187344472094e-05,0.0005410593672236047
text+audio_text_ln_lrh0.001_e5_s44,1604,3,0.68406,14.6418,1.0814077497333808e-05,0.0005407038748666904
text+audio_text_ln_lrh0.001_e5_s44,1605,3,0.74422,22.2722,1.080696765019552e-05,0.000540348382509776
text+audio_text_ln_lrh0.001_e5_s44,1606,3,0.98438,48.5348,1.0799857803057235e-05,0.0005399928901528617
text+audio_text_ln_lrh0.001_e5_s44,1607,3,1.2368,31.4716,1.0792747955918949e-05,0.0005396373977959475
text+audio_text_ln_lrh0.001_e5_s44,1608,3,1.03847,27.0922,1.0785638108780663e-05,0.0005392819054390331
text+audio_text_ln_lrh0.001_e5_s44,1609,3,1.28351,24.2235,1.0778528261642376e-05,0.0005389264130821188
text+audio_text_ln_lrh0.001_e5_s44,1610,3,0.5203,18.521,1.077141841450409e-05,0.0005385709207252045
text+audio_text_ln_lrh0.001_e5_s44,1611,3,0.60398,20.4534,1.0764308567365802e-05,0.00053821542836829
text+audio_text_ln_lrh0.001_e5_s44,1612,3,1.24857,21.8241,1.0757198720227514e-05,0.0005378599360113757
text+audio_text_ln_lrh0.001_e5_s44,1613,3,0.83258,20.9499,1.075008887308923e-05,0.0005375044436544615
text+audio_text_ln_lrh0.001_e5_s44,1614,3,1.13494,23.2843,1.0742979025950944e-05,0.0005371489512975471
text+audio_text_ln_lrh0.001_e5_s44,1615,3,1.5216,55.8805,1.0735869178812657e-05,0.0005367934589406328
text+audio_text_ln_lrh0.001_e5_s44,1616,3,1.17507,20.4913,1.0728759331674369e-05,0.0005364379665837185
text+audio_text_ln_lrh0.001_e5_s44,1617,3,0.51618,23.2091,1.0721649484536083e-05,0.0005360824742268041
text+audio_text_ln_lrh0.001_e5_s44,1618,3,1.0371,28.3559,1.0714539637397796e-05,0.0005357269818698898
text+audio_text_ln_lrh0.001_e5_s44,1619,3,0.78828,21.166,1.070742979025951e-05,0.0005353714895129754
text+audio_text_ln_lrh0.001_e5_s44,1620,3,0.39834,17.174,1.0700319943121224e-05,0.0005350159971560612
text+audio_text_ln_lrh0.001_e5_s44,1621,3,1.04039,22.1556,1.0693210095982938e-05,0.0005346605047991469
text+audio_text_ln_lrh0.001_e5_s44,1622,3,1.07188,22.3055,1.068610024884465e-05,0.0005343050124422325
text+audio_text_ln_lrh0.001_e5_s44,1623,3,1.41954,25.5751,1.0678990401706364e-05,0.0005339495200853182
text+audio_text_ln_lrh0.001_e5_s44,1624,3,1.40896,19.3818,1.0671880554568077e-05,0.0005335940277284039
text+audio_text_ln_lrh0.001_e5_s44,1625,3,0.82015,16.7924,1.0664770707429791e-05,0.0005332385353714894
text+audio_text_ln_lrh0.001_e5_s44,1626,3,0.71192,14.7847,1.0657660860291505e-05,0.0005328830430145752
text+audio_text_ln_lrh0.001_e5_s44,1627,3,1.0124,15.8387,1.065055101315322e-05,0.0005325275506576609
text+audio_text_ln_lrh0.001_e5_s44,1628,3,0.95888,16.4524,1.0643441166014932e-05,0.0005321720583007465
text+audio_text_ln_lrh0.001_e5_s44,1629,3,0.63537,19.7419,1.0636331318876646e-05,0.0005318165659438322
text+audio_text_ln_lrh0.001_e5_s44,1630,3,1.23056,21.1729,1.0629221471738358e-05,0.0005314610735869179
text+audio_text_ln_lrh0.001_e5_s44,1631,3,1.0573,23.3498,1.062211162460007e-05,0.0005311055812300035
text+audio_text_ln_lrh0.001_e5_s44,1632,3,0.83895,16.6674,1.0615001777461786e-05,0.0005307500888730893
text+audio_text_ln_lrh0.001_e5_s44,1633,3,0.94841,18.1014,1.0607891930323499e-05,0.0005303945965161749
text+audio_text_ln_lrh0.001_e5_s44,1634,3,0.90122,22.8217,1.0600782083185213e-05,0.0005300391041592606
text+audio_text_ln_lrh0.001_e5_s44,1635,3,1.1442,16.302,1.0593672236046925e-05,0.0005296836118023463
text+audio_text_ln_lrh0.001_e5_s44,1636,3,1.04488,17.3868,1.058656238890864e-05,0.0005293281194454319
text+audio_text_ln_lrh0.001_e5_s44,1637,3,0.55311,11.888,1.0579452541770352e-05,0.0005289726270885176
text+audio_text_ln_lrh0.001_e5_s44,1638,3,1.06039,18.4353,1.0572342694632067e-05,0.0005286171347316034
text+audio_text_ln_lrh0.001_e5_s44,1639,3,0.74395,15.7615,1.056523284749378e-05,0.000528261642374689
text+audio_text_ln_lrh0.001_e5_s44,1640,3,0.73085,17.0066,1.0558123000355494e-05,0.0005279061500177746
text+audio_text_ln_lrh0.001_e5_s44,1641,3,1.60058,23.6678,1.0551013153217206e-05,0.0005275506576608603
text+audio_text_ln_lrh0.001_e5_s44,1642,3,1.09329,17.9811,1.054390330607892e-05,0.0005271951653039459
text+audio_text_ln_lrh0.001_e5_s44,1643,3,0.50259,9.8084,1.0536793458940633e-05,0.0005268396729470316
text+audio_text_ln_lrh0.001_e5_s44,1644,3,0.62555,17.1667,1.0529683611802349e-05,0.0005264841805901174
text+audio_text_ln_lrh0.001_e5_s44,1645,3,0.67924,13.6866,1.0522573764664061e-05,0.000526128688233203
text+audio_text_ln_lrh0.001_e5_s44,1646,3,0.87045,16.4159,1.0515463917525775e-05,0.0005257731958762887
text+audio_text_ln_lrh0.001_e5_s44,1647,3,0.71949,19.6917,1.0508354070387488e-05,0.0005254177035193743
text+audio_text_ln_lrh0.001_e5_s44,1648,3,0.53968,12.8752,1.05012442232492e-05,0.00052506221116246
text+audio_text_ln_lrh0.001_e5_s44,1649,3,1.19954,19.516,1.0494134376110914e-05,0.0005247067188055457
text+audio_text_ln_lrh0.001_e5_s44,1650,3,0.4626,14.3634,1.0487024528972627e-05,0.0005243512264486313
text+audio_text_ln_lrh0.001_e5_s44,1651,3,1.38786,19.5273,1.0479914681834342e-05,0.0005239957340917171
text+audio_text_ln_lrh0.001_e5_s44,1652,3,1.0397,26.1387,1.0472804834696055e-05,0.0005236402417348028
text+audio_text_ln_lrh0.001_e5_s44,1653,3,1.05359,21.8496,1.0465694987557769e-05,0.0005232847493778884
text+audio_text_ln_lrh0.001_e5_s44,1654,3,0.92023,23.5472,1.0458585140419481e-05,0.000522929257020974
text+audio_text_ln_lrh0.001_e5_s44,1655,3,0.49886,17.9832,1.0451475293281195e-05,0.0005225737646640597
text+audio_text_ln_lrh0.001_e5_s44,1656,3,0.50416,15.8131,1.0444365446142908e-05,0.0005222182723071453
text+audio_text_ln_lrh0.001_e5_s44,1657,3,0.99196,16.2479,1.0437255599004624e-05,0.0005218627799502311
text+audio_text_ln_lrh0.001_e5_s44,1658,3,1.12193,14.896,1.0430145751866336e-05,0.0005215072875933168
text+audio_text_ln_lrh0.001_e5_s44,1659,3,1.22061,18.7961,1.042303590472805e-05,0.0005211517952364024
text+audio_text_ln_lrh0.001_e5_s44,1660,3,0.84492,18.2261,1.0415926057589762e-05,0.0005207963028794881
text+audio_text_ln_lrh0.001_e5_s44,1661,3,0.66277,21.756,1.0408816210451475e-05,0.0005204408105225737
text+audio_text_ln_lrh0.001_e5_s44,1662,3,0.83154,19.9413,1.0401706363313189e-05,0.0005200853181656594
text+audio_text_ln_lrh0.001_e5_s44,1663,3,0.87676,17.6244,1.0394596516174905e-05,0.0005197298258087452
text+audio_text_ln_lrh0.001_e5_s44,1664,3,0.44617,14.0474,1.0387486669036617e-05,0.0005193743334518308
text+audio_text_ln_lrh0.001_e5_s44,1665,3,0.9287,15.7313,1.038037682189833e-05,0.0005190188410949165
text+audio_text_ln_lrh0.001_e5_s44,1666,3,0.94199,19.9841,1.0373266974760044e-05,0.0005186633487380022
text+audio_text_ln_lrh0.001_e5_s44,1667,3,0.88388,21.0534,1.0366157127621756e-05,0.0005183078563810878
text+audio_text_ln_lrh0.001_e5_s44,1668,3,0.92124,25.5402,1.035904728048347e-05,0.0005179523640241735
text+audio_text_ln_lrh0.001_e5_s44,1669,3,0.73436,13.2813,1.0351937433345184e-05,0.0005175968716672593
text+audio_text_ln_lrh0.001_e5_s44,1670,3,0.47736,16.2368,1.0344827586206898e-05,0.0005172413793103448
text+audio_text_ln_lrh0.001_e5_s44,1671,3,0.80205,23.0835,1.033771773906861e-05,0.0005168858869534305
text+audio_text_ln_lrh0.001_e5_s44,1672,3,0.42358,17.1726,1.0330607891930325e-05,0.0005165303945965162
text+audio_text_ln_lrh0.001_e5_s44,1673,3,0.60949,16.8163,1.0323498044792037e-05,0.0005161749022396018
text+audio_text_ln_lrh0.001_e5_s44,1674,3,0.71737,15.6032,1.0316388197653751e-05,0.0005158194098826875
text+audio_text_ln_lrh0.001_e5_s44,1675,3,1.02532,22.4834,1.0309278350515464e-05,0.0005154639175257731
text+audio_text_ln_lrh0.001_e5_s44,1676,3,0.77953,17.9455,1.030216850337718e-05,0.0005151084251688589
text+audio_text_ln_lrh0.001_e5_s44,1677,3,0.96542,21.486,1.0295058656238892e-05,0.0005147529328119446
text+audio_text_ln_lrh0.001_e5_s44,1678,3,0.85269,26.7556,1.0287948809100606e-05,0.0005143974404550302
text+audio_text_ln_lrh0.001_e5_s44,1679,3,0.51643,13.9845,1.0280838961962318e-05,0.0005140419480981159
text+audio_text_ln_lrh0.001_e5_s44,1680,3,0.49911,14.4622,1.0273729114824031e-05,0.0005136864557412016
text+audio_text_ln_lrh0.001_e5_s44,1681,3,0.77266,22.8496,1.0266619267685745e-05,0.0005133309633842872
text+audio_text_ln_lrh0.001_e5_s44,1682,3,0.75004,13.3839,1.025950942054746e-05,0.000512975471027373
text+audio_text_ln_lrh0.001_e5_s44,1683,3,0.98257,30.2794,1.0252399573409173e-05,0.0005126199786704587
text+audio_text_ln_lrh0.001_e5_s44,1684,3,0.47786,14.3399,1.0245289726270886e-05,0.0005122644863135442
text+audio_text_ln_lrh0.001_e5_s44,1685,3,1.02631,28.3833,1.02381798791326e-05,0.0005119089939566299
text+audio_text_ln_lrh0.001_e5_s44,1686,3,0.98506,20.0955,1.0231070031994312e-05,0.0005115535015997156
text+audio_text_ln_lrh0.001_e5_s44,1687,3,0.58987,13.7625,1.0223960184856026e-05,0.0005111980092428012
text+audio_text_ln_lrh0.001_e5_s44,1688,3,0.14337,11.0891,1.021685033771774e-05,0.000510842516885887
text+audio_text_ln_lrh0.001_e5_s44,1689,3,1.34884,28.7922,1.0209740490579454e-05,0.0005104870245289727
text+audio_text_ln_lrh0.001_e5_s44,1690,3,0.6643,20.5175,1.0202630643441167e-05,0.0005101315321720583
text+audio_text_ln_lrh0.001_e5_s44,1691,3,1.31606,29.0574,1.0195520796302881e-05,0.000509776039815144
text+audio_text_ln_lrh0.001_e5_s44,1692,3,0.4056,10.9643,1.0188410949164593e-05,0.0005094205474582296
text+audio_text_ln_lrh0.001_e5_s44,1693,3,0.71352,90.2323,1.0181301102026306e-05,0.0005090650551013153
text+audio_text_ln_lrh0.001_e5_s44,1694,3,0.35487,16.408,1.0174191254888021e-05,0.0005087095627444011
text+audio_text_ln_lrh0.001_e5_s44,1695,3,0.6145,19.6854,1.0167081407749736e-05,0.0005083540703874867
text+audio_text_ln_lrh0.001_e5_s44,1696,3,0.80427,18.9238,1.0159971560611448e-05,0.0005079985780305724
text+audio_text_ln_lrh0.001_e5_s44,1697,3,1.22948,43.1683,1.015286171347316e-05,0.0005076430856736581
text+audio_text_ln_lrh0.001_e5_s44,1698,3,0.98923,20.9014,1.0145751866334874e-05,0.0005072875933167436
text+audio_text_ln_lrh0.001_e5_s44,1699,3,0.72978,21.7105,1.0138642019196587e-05,0.0005069321009598293
text+audio_text_ln_lrh0.001_e5_s44,1700,3,1.44874,30.0743,1.0131532172058303e-05,0.0005065766086029151
text+audio_text_ln_lrh0.001_e5_s44,1701,3,0.87486,33.2839,1.0124422324920015e-05,0.0005062211162460007
text+audio_text_ln_lrh0.001_e5_s44,1702,3,0.55265,18.2967,1.011731247778173e-05,0.0005058656238890864
text+audio_text_ln_lrh0.001_e5_s44,1703,3,1.2979,23.837,1.0110202630643442e-05,0.0005055101315321721
text+audio_text_ln_lrh0.001_e5_s44,1704,3,0.93916,19.781,1.0103092783505156e-05,0.0005051546391752577
text+audio_text_ln_lrh0.001_e5_s44,1705,3,0.59473,19.2337,1.0095982936366868e-05,0.0005047991468183434
text+audio_text_ln_lrh0.001_e5_s44,1706,3,0.37738,24.0054,1.008887308922858e-05,0.000504443654461429
text+audio_text_ln_lrh0.001_e5_s44,1707,3,1.19306,22.3669,1.0081763242090296e-05,0.0005040881621045148
text+audio_text_ln_lrh0.001_e5_s44,1708,3,0.70679,23.4656,1.007465339495201e-05,0.0005037326697476005
text+audio_text_ln_lrh0.001_e5_s44,1709,3,0.75412,22.0839,1.0067543547813723e-05,0.0005033771773906861
text+audio_text_ln_lrh0.001_e5_s44,1710,3,0.6433,15.0879,1.0060433700675435e-05,0.0005030216850337718
text+audio_text_ln_lrh0.001_e5_s44,1711,3,1.03629,24.4982,1.005332385353715e-05,0.0005026661926768575
text+audio_text_ln_lrh0.001_e5_s44,1712,3,1.13542,20.644,1.0046214006398862e-05,0.000502310700319943
text+audio_text_ln_lrh0.001_e5_s44,1713,3,0.95598,23.5028,1.0039104159260578e-05,0.0005019552079630289
text+audio_text_ln_lrh0.001_e5_s44,1714,3,0.98583,17.4341,1.003199431212229e-05,0.0005015997156061145
text+audio_text_ln_lrh0.001_e5_s44,1715,3,1.40705,24.9015,1.0024884464984004e-05,0.0005012442232492001
text+audio_text_ln_lrh0.001_e5_s44,1716,3,1.50911,28.4587,1.0017774617845716e-05,0.0005008887308922858
text+audio_text_ln_lrh0.001_e5_s44,1717,3,0.96766,19.79,1.001066477070743e-05,0.0005005332385353715
text+audio_text_ln_lrh0.001_e5_s44,1718,3,0.71443,16.7915,1.0003554923569143e-05,0.0005001777461784571
text+audio_text_ln_lrh0.001_e5_s44,1719,3,0.56026,13.5128,9.996445076430857e-06,0.0004998222538215428
text+audio_text_ln_lrh0.001_e5_s44,1720,3,0.43801,17.2019,9.989335229292571e-06,0.0004994667614646285
text+audio_text_ln_lrh0.001_e5_s44,1721,3,1.04114,22.2754,9.982225382154285e-06,0.0004991112691077142
text+audio_text_ln_lrh0.001_e5_s44,1722,3,0.83997,13.4255,9.975115535015998e-06,0.0004987557767507999
text+audio_text_ln_lrh0.001_e5_s44,1723,3,0.75362,23.5212,9.968005687877712e-06,0.0004984002843938855
text+audio_text_ln_lrh0.001_e5_s44,1724,3,0.35364,16.5455,9.960895840739426e-06,0.0004980447920369713
text+audio_text_ln_lrh0.001_e5_s44,1725,3,0.35389,12.3145,9.953785993601138e-06,0.0004976892996800569
text+audio_text_ln_lrh0.001_e5_s44,1726,3,1.08006,27.7113,9.94667614646285e-06,0.0004973338073231426
text+audio_text_ln_lrh0.001_e5_s44,1727,3,0.62279,11.3981,9.939566299324566e-06,0.0004969783149662283
text+audio_text_ln_lrh0.001_e5_s44,1728,3,0.57665,13.6258,9.932456452186279e-06,0.000496622822609314
text+audio_text_ln_lrh0.001_e5_s44,1729,3,0.67363,17.3196,9.925346605047991e-06,0.0004962673302523995
text+audio_text_ln_lrh0.001_e5_s44,1730,3,0.50408,23.7724,9.918236757909705e-06,0.0004959118378954852
text+audio_text_ln_lrh0.001_e5_s44,1731,3,0.95447,26.3854,9.91112691077142e-06,0.0004955563455385709
text+audio_text_ln_lrh0.001_e5_s44,1732,3,0.89144,32.8349,9.904017063633132e-06,0.0004952008531816566
text+audio_text_ln_lrh0.001_e5_s44,1733,3,0.77883,19.3561,9.896907216494846e-06,0.0004948453608247423
text+audio_text_ln_lrh0.001_e5_s44,1734,3,0.95785,26.4049,9.88979736935656e-06,0.0004944898684678279
text+audio_text_ln_lrh0.001_e5_s44,1735,3,1.4403,23.878,9.882687522218272e-06,0.0004941343761109136
text+audio_text_ln_lrh0.001_e5_s44,1736,3,0.90779,17.3201,9.875577675079987e-06,0.0004937788837539993
text+audio_text_ln_lrh0.001_e5_s44,1737,3,0.84114,21.4215,9.8684678279417e-06,0.000493423391397085
text+audio_text_ln_lrh0.001_e5_s44,1738,3,1.2478,30.0579,9.861357980803413e-06,0.0004930678990401707
text+audio_text_ln_lrh0.001_e5_s44,1739,3,0.5113,14.0803,9.854248133665127e-06,0.0004927124066832564
text+audio_text_ln_lrh0.001_e5_s44,1740,3,0.7108,19.8066,9.847138286526841e-06,0.000492356914326342
text+audio_text_ln_lrh0.001_e5_s44,1741,3,0.47907,11.6422,9.840028439388554e-06,0.0004920014219694277
text+audio_text_ln_lrh0.001_e5_s44,1742,3,0.78293,18.8844,9.832918592250268e-06,0.0004916459296125134
text+audio_text_ln_lrh0.001_e5_s44,1743,3,0.87276,27.7731,9.825808745111982e-06,0.000491290437255599
text+audio_text_ln_lrh0.001_e5_s44,1744,3,0.77367,13.7896,9.818698897973694e-06,0.0004909349448986846
text+audio_text_ln_lrh0.001_e5_s44,1745,3,0.54946,15.1327,9.811589050835408e-06,0.0004905794525417704
text+audio_text_ln_lrh0.001_e5_s44,1746,3,0.81736,22.9463,9.80447920369712e-06,0.000490223960184856
text+audio_text_ln_lrh0.001_e5_s44,1747,3,0.73437,16.2801,9.797369356558835e-06,0.0004898684678279417
text+audio_text_ln_lrh0.001_e5_s44,1748,3,0.97099,22.4646,9.790259509420549e-06,0.0004895129754710274
text+audio_text_ln_lrh0.001_e5_s44,1749,3,0.95489,17.8958,9.783149662282261e-06,0.0004891574831141131
text+audio_text_ln_lrh0.001_e5_s44,1750,3,0.80556,21.6307,9.776039815143975e-06,0.0004888019907571987
text+audio_text_ln_lrh0.001_e5_s44,1751,3,0.51581,15.6237,9.768929968005688e-06,0.0004884464984002844
text+audio_text_ln_lrh0.001_e5_s44,1752,3,0.93588,17.3197,9.761820120867402e-06,0.0004880910060433701
text+audio_text_ln_lrh0.001_e5_s44,1753,3,0.49183,11.6242,9.754710273729116e-06,0.0004877355136864557
text+audio_text_ln_lrh0.001_e5_s44,1754,3,0.95172,26.8484,9.747600426590828e-06,0.0004873800213295414
text+audio_text_ln_lrh0.001_e5_s44,1755,3,1.11361,29.9047,9.740490579452543e-06,0.0004870245289726271
text+audio_text_ln_lrh0.001_e5_s44,1756,3,0.67994,19.7478,9.733380732314257e-06,0.00048666903661571275
text+audio_text_ln_lrh0.001_e5_s44,1757,3,0.72307,18.1018,9.726270885175969e-06,0.00048631354425879845
text+audio_text_ln_lrh0.001_e5_s44,1758,3,0.85627,22.55,9.719161038037683e-06,0.00048595805190188414
text+audio_text_ln_lrh0.001_e5_s44,1759,3,1.04221,20.096,9.712051190899396e-06,0.0004856025595449698
text+audio_text_ln_lrh0.001_e5_s44,1760,3,0.79322,19.8369,9.70494134376111e-06,0.0004852470671880554
text+audio_text_ln_lrh0.001_e5_s44,1761,3,0.54795,18.265,9.697831496622824e-06,0.00048489157483114117
text+audio_text_ln_lrh0.001_e5_s44,1762,3,0.48221,15.9611,9.690721649484536e-06,0.0004845360824742268
text+audio_text_ln_lrh0.001_e5_s44,1763,3,1.05801,19.7688,9.68361180234625e-06,0.00048418059011731245
text+audio_text_ln_lrh0.001_e5_s44,1764,3,0.98116,20.5877,9.676501955207964e-06,0.0004838250977603982
text+audio_text_ln_lrh0.001_e5_s44,1765,3,1.01718,20.1016,9.669392108069677e-06,0.00048346960540348384
text+audio_text_ln_lrh0.001_e5_s44,1766,3,0.39123,16.8296,9.662282260931391e-06,0.0004831141130465695
text+audio_text_ln_lrh0.001_e5_s44,1767,3,0.64979,32.03,9.655172413793105e-06,0.0004827586206896552
text+audio_text_ln_lrh0.001_e5_s44,1768,3,0.7773,14.6308,9.648062566654817e-06,0.0004824031283327409
text+audio_text_ln_lrh0.001_e5_s44,1769,3,0.82664,17.948,9.640952719516532e-06,0.0004820476359758265
text+audio_text_ln_lrh0.001_e5_s44,1770,3,0.99922,18.2764,9.633842872378246e-06,0.0004816921436189122
text+audio_text_ln_lrh0.001_e5_s44,1771,3,0.50725,9.0718,9.626733025239958e-06,0.0004813366512619979
text+audio_text_ln_lrh0.001_e5_s44,1772,3,0.68221,15.2385,9.619623178101672e-06,0.00048098115890508354
text+audio_text_ln_lrh0.001_e5_s44,1773,3,0.86116,30.0338,9.612513330963386e-06,0.00048062566654816924
text+audio_text_ln_lrh0.001_e5_s44,1774,3,0.70458,25.5785,9.605403483825099e-06,0.0004802701741912549
text+audio_text_ln_lrh0.001_e5_s44,1775,3,0.34382,10.3291,9.598293636686811e-06,0.0004799146818343406
text+audio_text_ln_lrh0.001_e5_s44,1776,3,0.56203,17.4994,9.591183789548527e-06,0.00047955918947742627
text+audio_text_ln_lrh0.001_e5_s44,1777,3,0.59285,23.014,9.58407394241024e-06,0.0004792036971205119
text+audio_text_ln_lrh0.001_e5_s44,1778,3,0.82521,16.6083,9.576964095271952e-06,0.0004788482047635976
text+audio_text_ln_lrh0.001_e5_s44,1779,3,1.21164,28.212,9.569854248133666e-06,0.00047849271240668325
text+audio_text_ln_lrh0.001_e5_s44,1780,3,0.72579,13.8578,9.56274440099538e-06,0.00047813722004976894
text+audio_text_ln_lrh0.001_e5_s44,1781,3,0.68416,22.8541,9.555634553857092e-06,0.0004777817276928546
text+audio_text_ln_lrh0.001_e5_s44,1782,3,0.95847,29.8991,9.548524706718806e-06,0.0004774262353359403
text+audio_text_ln_lrh0.001_e5_s44,1783,3,0.5837,23.0145,9.54141485958052e-06,0.00047707074297902597
text+audio_text_ln_lrh0.001_e5_s44,1784,3,0.89808,17.1517,9.534305012442233e-06,0.0004767152506221116
text+audio_text_ln_lrh0.001_e5_s44,1785,3,1.14454,24.2183,9.527195165303947e-06,0.0004763597582651973
text+audio_text_ln_lrh0.001_e5_s44,1786,3,0.51133,23.0264,9.520085318165661e-06,0.000476004265908283
text+audio_text_ln_lrh0.001_e5_s44,1787,3,1.52684,25.109,9.512975471027373e-06,0.00047564877355136864
text+audio_text_ln_lrh0.001_e5_s44,1788,3,1.28583,21.8563,9.505865623889088e-06,0.0004752932811944543
text+audio_text_ln_lrh0.001_e5_s44,1789,3,0.536,14.7333,9.498755776750802e-06,0.00047493778883754003
text+audio_text_ln_lrh0.001_e5_s44,1790,3,1.30079,20.9443,9.491645929612514e-06,0.00047458229648062567
text+audio_text_ln_lrh0.001_e5_s44,1791,3,1.07177,18.2753,9.484536082474226e-06,0.0004742268041237113
text+audio_text_ln_lrh0.001_e5_s44,1792,3,0.6479,11.6361,9.477426235335942e-06,0.00047387131176679706
text+audio_text_ln_lrh0.001_e5_s44,1793,3,0.69709,15.8338,9.470316388197655e-06,0.0004735158194098827
text+audio_text_ln_lrh0.001_e5_s44,1794,3,0.81296,19.2158,9.463206541059367e-06,0.00047316032705296834
text+audio_text_ln_lrh0.001_e5_s44,1795,3,0.66359,13.5552,9.456096693921081e-06,0.0004728048346960541
text+audio_text_ln_lrh0.001_e5_s44,1796,3,1.01182,21.5128,9.448986846782795e-06,0.00047244934233913973
text+audio_text_ln_lrh0.001_e5_s44,1797,3,0.55993,15.8724,9.441876999644508e-06,0.00047209384998222537
text+audio_text_ln_lrh0.001_e5_s44,1798,3,0.60514,16.525,9.434767152506222e-06,0.00047173835762531107
text+audio_text_ln_lrh0.001_e5_s44,1799,3,0.80916,15.3333,9.427657305367936e-06,0.00047138286526839676
text+audio_text_ln_lrh0.001_e5_s44,1800,3,0.82129,16.9164,9.420547458229648e-06,0.0004710273729114824
text+audio_text_ln_lrh0.001_e5_s44,1801,3,0.46393,12.7794,9.413437611091362e-06,0.0004706718805545681
text+audio_text_ln_lrh0.001_e5_s44,1802,3,0.7046,15.3408,9.406327763953076e-06,0.0004703163881976538
text+audio_text_ln_lrh0.001_e5_s44,1803,3,1.1371,20.8119,9.399217916814789e-06,0.00046996089584073943
text+audio_text_ln_lrh0.001_e5_s44,1804,3,0.92887,19.9499,9.392108069676503e-06,0.00046960540348382513
text+audio_text_ln_lrh0.001_e5_s44,1805,3,0.6664,26.8374,9.384998222538217e-06,0.00046924991112691077
text+audio_text_ln_lrh0.001_e5_s44,1806,3,0.83477,18.5693,9.37788837539993e-06,0.00046889441876999646
text+audio_text_ln_lrh0.001_e5_s44,1807,3,1.05896,21.0539,9.370778528261644e-06,0.00046853892641308216
text+audio_text_ln_lrh0.001_e5_s44,1808,3,0.83824,20.4278,9.363668681123356e-06,0.0004681834340561678
text+audio_text_ln_lrh0.001_e5_s44,1809,3,0.92874,18.9928,9.35655883398507e-06,0.0004678279416992535
text+audio_text_ln_lrh0.001_e5_s44,1810,3,1.04751,22.5811,9.349448986846782e-06,0.00046747244934233913
text+audio_text_ln_lrh0.001_e5_s44,1811,3,0.60769,15.3417,9.342339139708497e-06,0.00046711695698542483
text+audio_text_ln_lrh0.001_e5_s44,1812,3,0.91879,19.7053,9.33522929257021e-06,0.00046676146462851047
text+audio_text_ln_lrh0.001_e5_s44,1813,3,0.69031,22.107,9.328119445431923e-06,0.00046640597227159616
text+audio_text_ln_lrh0.001_e5_s44,1814,3,0.953,18.6127,9.321009598293637e-06,0.00046605047991468186
text+audio_text_ln_lrh0.001_e5_s44,1815,3,1.01818,13.8531,9.313899751155351e-06,0.0004656949875577675
text+audio_text_ln_lrh0.001_e5_s44,1816,3,0.60189,13.7548,9.306789904017064e-06,0.0004653394952008532
text+audio_text_ln_lrh0.001_e5_s44,1817,3,1.07167,18.8495,9.299680056878778e-06,0.0004649840028439389
text+audio_text_ln_lrh0.001_e5_s44,1818,3,0.82201,17.5,9.292570209740492e-06,0.00046462851048702453
text+audio_text_ln_lrh0.001_e5_s44,1819,3,0.48807,13.0446,9.285460362602204e-06,0.00046427301813011017
text+audio_text_ln_lrh0.001_e5_s44,1820,3,0.46799,16.6469,9.278350515463918e-06,0.0004639175257731959
text+audio_text_ln_lrh0.001_e5_s44,1821,3,1.00208,25.2136,9.271240668325632e-06,0.00046356203341628156
text+audio_text_ln_lrh0.001_e5_s44,1822,3,0.53254,16.5915,9.264130821187345e-06,0.0004632065410593672
text+audio_text_ln_lrh0.001_e5_s44,1823,3,0.81292,19.953,9.257020974049059e-06,0.00046285104870245295
text+audio_text_ln_lrh0.001_e5_s44,1824,3,0.89249,21.3504,9.249911126910771e-06,0.0004624955563455386
text+audio_text_ln_lrh0.001_e5_s44,1825,3,0.88416,19.2632,9.242801279772485e-06,0.00046214006398862423
text+audio_text_ln_lrh0.001_e5_s44,1826,3,0.67647,18.0666,9.2356914326342e-06,0.0004617845716317099
text+audio_text_ln_lrh0.001_e5_s44,1827,3,0.85607,16.2213,9.228581585495912e-06,0.0004614290792747956
text+audio_text_ln_lrh0.001_e5_s44,1828,3,0.63104,17.0399,9.221471738357626e-06,0.00046107358691788126
text+audio_text_ln_lrh0.001_e5_s44,1829,3,0.90039,26.1149,9.21436189121934e-06,0.00046071809456096696
text+audio_text_ln_lrh0.001_e5_s44,1830,3,0.83567,23.8995,9.207252044081053e-06,0.00046036260220405265
text+audio_text_ln_lrh0.001_e5_s44,1831,3,1.20256,19.4872,9.200142196942767e-06,0.0004600071098471383
text+audio_text_ln_lrh0.001_e5_s44,1832,3,1.10211,23.3635,9.19303234980448e-06,0.000459651617490224
text+audio_text_ln_lrh0.001_e5_s44,1833,3,0.68033,27.654,9.185922502666193e-06,0.0004592961251333096
text+audio_text_ln_lrh0.001_e5_s44,1834,3,0.33833,13.2429,9.178812655527907e-06,0.0004589406327763953
text+audio_text_ln_lrh0.001_e5_s44,1835,3,0.97518,31.1695,9.171702808389621e-06,0.000458585140419481
text+audio_text_ln_lrh0.001_e5_s44,1836,3,1.04026,24.9219,9.164592961251334e-06,0.00045822964806256666
text+audio_text_ln_lrh0.001_e5_s44,1837,3,0.79238,16.0938,9.157483114113048e-06,0.00045787415570565235
text+audio_text_ln_lrh0.001_e5_s44,1838,3,0.56644,18.1399,9.15037326697476e-06,0.000457518663348738
text+audio_text_ln_lrh0.001_e5_s44,1839,3,0.6281,21.6269,9.143263419836474e-06,0.0004571631709918237
text+audio_text_ln_lrh0.001_e5_s44,1840,3,0.7657,32.776,9.136153572698187e-06,0.00045680767863490933
text+audio_text_ln_lrh0.001_e5_s44,1841,3,1.2737,35.3262,9.129043725559901e-06,0.000456452186277995
text+audio_text_ln_lrh0.001_e5_s44,1842,3,0.77409,29.0778,9.121933878421615e-06,0.0004560966939210807
text+audio_text_ln_lrh0.001_e5_s44,1843,3,0.75581,17.4633,9.114824031283327e-06,0.00045574120156416636
text+audio_text_ln_lrh0.001_e5_s44,1844,3,1.13816,17.5239,9.107714184145042e-06,0.00045538570920725205
text+audio_text_ln_lrh0.001_e5_s44,1845,3,0.9265,14.9421,9.100604337006756e-06,0.00045503021685033775
text+audio_text_ln_lrh0.001_e5_s44,1846,3,0.4567,16.3605,9.093494489868468e-06,0.0004546747244934234
text+audio_text_ln_lrh0.001_e5_s44,1847,3,1.15191,24.2288,9.086384642730182e-06,0.00045431923213650903
text+audio_text_ln_lrh0.001_e5_s44,1848,3,0.86183,27.7898,9.079274795591896e-06,0.0004539637397795948
text+audio_text_ln_lrh0.001_e5_s44,1849,3,1.73041,27.8104,9.072164948453609e-06,0.0004536082474226804
text+audio_text_ln_lrh0.001_e5_s44,1850,3,0.53276,23.32,9.065055101315323e-06,0.00045325275506576606
text+audio_text_ln_lrh0.001_e5_s44,1851,3,0.41938,15.557,9.057945254177037e-06,0.0004528972627088518
text+audio_text_ln_lrh0.001_e5_s44,1852,3,1.32281,30.7192,9.05083540703875e-06,0.00045254177035193745
text+audio_text_ln_lrh0.001_e5_s44,1853,3,0.84827,27.6656,9.043725559900463e-06,0.0004521862779950231
text+audio_text_ln_lrh0.001_e5_s44,1854,3,0.62541,13.2309,9.036615712762177e-06,0.0004518307856381088
text+audio_text_ln_lrh0.001_e5_s44,1855,3,0.72416,14.3193,9.02950586562389e-06,0.0004514752932811945
text+audio_text_ln_lrh0.001_e5_s44,1856,3,0.75076,20.0362,9.022396018485602e-06,0.0004511198009242801
text+audio_text_ln_lrh0.001_e5_s44,1857,3,0.77836,20.2168,9.015286171347318e-06,0.0004507643085673658
text+audio_text_ln_lrh0.001_e5_s44,1858,3,0.50933,20.2099,9.00817632420903e-06,0.0004504088162104515
text+audio_text_ln_lrh0.001_e5_s44,1859,3,1.0288,26.8854,9.001066477070743e-06,0.00045005332385353715
text+audio_text_ln_lrh0.001_e5_s44,1860,3,0.7105,22.9677,8.993956629932457e-06,0.00044969783149662284
text+audio_text_ln_lrh0.001_e5_s44,1861,3,0.86305,19.2034,8.986846782794171e-06,0.0004493423391397085
text+audio_text_ln_lrh0.001_e5_s44,1862,3,0.64518,17.4055,8.979736935655883e-06,0.0004489868467827942
text+audio_text_ln_lrh0.001_e5_s44,1863,3,0.58572,20.802,8.972627088517598e-06,0.0004486313544258799
text+audio_text_ln_lrh0.001_e5_s44,1864,3,0.83687,20.9527,8.965517241379312e-06,0.0004482758620689655
text+audio_text_ln_lrh0.001_e5_s44,1865,3,0.74482,13.2426,8.958407394241024e-06,0.0004479203697120512
text+audio_text_ln_lrh0.001_e5_s44,1866,3,0.86982,24.2895,8.951297547102738e-06,0.0004475648773551369
text+audio_text_ln_lrh0.001_e5_s44,1867,3,0.81038,22.6656,8.944187699964452e-06,0.00044720938499822255
text+audio_text_ln_lrh0.001_e5_s44,1868,3,0.66531,15.2229,8.937077852826165e-06,0.0004468538926413082
text+audio_text_ln_lrh0.001_e5_s44,1869,3,0.51858,26.4204,8.929968005687877e-06,0.0004464984002843939
text+audio_text_ln_lrh0.001_e5_s44,1870,3,0.7216,18.3139,8.922858158549593e-06,0.0004461429079274796
text+audio_text_ln_lrh0.001_e5_s44,1871,3,0.52498,18.9554,8.915748311411305e-06,0.0004457874155705652
text+audio_text_ln_lrh0.001_e5_s44,1872,3,0.99839,23.3435,8.908638464273018e-06,0.0004454319232136509
text+audio_text_ln_lrh0.001_e5_s44,1873,3,0.62302,34.1305,8.901528617134732e-06,0.0004450764308567366
text+audio_text_ln_lrh0.001_e5_s44,1874,3,0.68149,17.5372,8.894418769996446e-06,0.00044472093849982225
text+audio_text_ln_lrh0.001_e5_s44,1875,3,1.15966,52.7424,8.887308922858158e-06,0.0004443654461429079
text+audio_text_ln_lrh0.001_e5_s44,1876,4,0.80361,15.497,8.880199075719872e-06,0.00044400995378599364
text+audio_text_ln_lrh0.001_e5_s44,1877,4,0.82604,17.83,8.873089228581586e-06,0.0004436544614290793
text+audio_text_ln_lrh0.001_e5_s44,1878,4,0.35849,10.6546,8.865979381443299e-06,0.0004432989690721649
text+audio_text_ln_lrh0.001_e5_s44,1879,4,0.2964,12.729,8.858869534305013e-06,0.00044294347671525067
text+audio_text_ln_lrh0.001_e5_s44,1880,4,0.53654,17.1782,8.851759687166727e-06,0.0004425879843583363
text+audio_text_ln_lrh0.001_e5_s44,1881,4,0.80195,22.6609,8.84464984002844e-06,0.00044223249200142195
text+audio_text_ln_lrh0.001_e5_s44,1882,4,0.62381,16.1531,8.837539992890154e-06,0.0004418769996445077
text+audio_text_ln_lrh0.001_e5_s44,1883,4,0.90009,30.8794,8.830430145751868e-06,0.00044152150728759334
text+audio_text_ln_lrh0.001_e5_s44,1884,4,0.42242,17.9871,8.82332029861358e-06,0.000441166014930679
text+audio_text_ln_lrh0.001_e5_s44,1885,4,1.21618,28.0954,8.816210451475294e-06,0.00044081052257376467
text+audio_text_ln_lrh0.001_e5_s44,1886,4,0.91154,18.1766,8.809100604337008e-06,0.00044045503021685037
text+audio_text_ln_lrh0.001_e5_s44,1887,4,0.42973,12.7287,8.80199075719872e-06,0.000440099537859936
text+audio_text_ln_lrh0.001_e5_s44,1888,4,0.76522,18.6011,8.794880910060435e-06,0.0004397440455030217
text+audio_text_ln_lrh0.001_e5_s44,1889,4,0.98739,23.5631,8.787771062922147e-06,0.0004393885531461074
text+audio_text_ln_lrh0.001_e5_s44,1890,4,0.47724,15.8797,8.780661215783861e-06,0.00043903306078919304
text+audio_text_ln_lrh0.001_e5_s44,1891,4,0.70691,18.2855,8.773551368645575e-06,0.00043867756843227873
text+audio_text_ln_lrh0.001_e5_s44,1892,4,0.68555,22.8727,8.766441521507288e-06,0.0004383220760753644
text+audio_text_ln_lrh0.001_e5_s44,1893,4,0.52254,25.5168,8.759331674369002e-06,0.00043796658371845007
text+audio_text_ln_lrh0.001_e5_s44,1894,4,0.31656,14.2758,8.752221827230716e-06,0.00043761109136153576
text+audio_text_ln_lrh0.001_e5_s44,1895,4,0.41808,20.4656,8.745111980092428e-06,0.0004372555990046214
text+audio_text_ln_lrh0.001_e5_s44,1896,4,0.33981,18.6553,8.738002132954143e-06,0.0004369001066477071
text+audio_text_ln_lrh0.001_e5_s44,1897,4,0.73226,19.016,8.730892285815855e-06,0.00043654461429079274
text+audio_text_ln_lrh0.001_e5_s44,1898,4,0.23319,15.1834,8.723782438677569e-06,0.00043618912193387843
text+audio_text_ln_lrh0.001_e5_s44,1899,4,0.77334,18.9651,8.716672591539283e-06,0.0004358336295769641
text+audio_text_ln_lrh0.001_e5_s44,1900,4,0.75596,17.7771,8.709562744400996e-06,0.00043547813722004977
text+audio_text_ln_lrh0.001_e5_s44,1901,4,0.82142,27.9368,8.70245289726271e-06,0.00043512264486313546
text+audio_text_ln_lrh0.001_e5_s44,1902,4,0.59417,14.1206,8.695343050124424e-06,0.0004347671525062211
text+audio_text_ln_lrh0.001_e5_s44,1903,4,1.3313,43.4784,8.688233202986136e-06,0.0004344116601493068
text+audio_text_ln_lrh0.001_e5_s44,1904,4,0.59553,22.5776,8.68112335584785e-06,0.0004340561677923925
text+audio_text_ln_lrh0.001_e5_s44,1905,4,1.0038,29.5918,8.674013508709563e-06,0.00043370067543547814
text+audio_text_ln_lrh0.001_e5_s44,1906,4,1.08523,21.5512,8.666903661571277e-06,0.0004333451830785638
text+audio_text_ln_lrh0.001_e5_s44,1907,4,1.06098,33.1044,8.65979381443299e-06,0.0004329896907216495
text+audio_text_ln_lrh0.001_e5_s44,1908,4,0.80233,25.3566,8.652683967294703e-06,0.00043263419836473517
text+audio_text_ln_lrh0.001_e5_s44,1909,4,0.87203,27.7117,8.645574120156417e-06,0.0004322787060078208
text+audio_text_ln_lrh0.001_e5_s44,1910,4,0.50202,20.9023,8.638464273018131e-06,0.00043192321365090656
text+audio_text_ln_lrh0.001_e5_s44,1911,4,0.47755,16.7112,8.631354425879844e-06,0.0004315677212939922
text+audio_text_ln_lrh0.001_e5_s44,1912,4,0.7624,21.7728,8.624244578741558e-06,0.00043121222893707784
text+audio_text_ln_lrh0.001_e5_s44,1913,4,0.9396,19.5612,8.617134731603272e-06,0.00043085673658016353
text+audio_text_ln_lrh0.001_e5_s44,1914,4,0.48439,16.0083,8.610024884464984e-06,0.0004305012442232492
text+audio_text_ln_lrh0.001_e5_s44,1915,4,1.31923,22.9097,8.602915037326699e-06,0.00043014575186633487
text+audio_text_ln_lrh0.001_e5_s44,1916,4,0.85048,21.6395,8.595805190188413e-06,0.00042979025950942056
text+audio_text_ln_lrh0.001_e5_s44,1917,4,0.62358,37.3762,8.588695343050125e-06,0.00042943476715250626
text+audio_text_ln_lrh0.001_e5_s44,1918,4,0.39502,11.8346,8.58158549591184e-06,0.0004290792747955919
text+audio_text_ln_lrh0.001_e5_s44,1919,4,0.35718,18.8478,8.574475648773553e-06,0.0004287237824386776
text+audio_text_ln_lrh0.001_e5_s44,1920,4,0.40403,15.4331,8.567365801635266e-06,0.00042836829008176323
text+audio_text_ln_lrh0.001_e5_s44,1921,4,0.60281,18.7873,8.560255954496978e-06,0.0004280127977248489
text+audio_text_ln_lrh0.001_e5_s44,1922,4,0.42889,24.1289,8.553146107358692e-06,0.0004276573053679346
text+audio_text_ln_lrh0.001_e5_s44,1923,4,0.45313,21.8524,8.546036260220406e-06,0.00042730181301102026
text+audio_text_ln_lrh0.001_e5_s44,1924,4,0.219,20.0862,8.538926413082119e-06,0.00042694632065410596
text+audio_text_ln_lrh0.001_e5_s44,1925,4,0.94793,34.2359,8.531816565943833e-06,0.00042659082829719165
text+audio_text_ln_lrh0.001_e5_s44,1926,4,0.84055,17.424,8.524706718805547e-06,0.0004262353359402773
text+audio_text_ln_lrh0.001_e5_s44,1927,4,0.82941,24.9901,8.51759687166726e-06,0.00042587984358336293
text+audio_text_ln_lrh0.001_e5_s44,1928,4,0.30317,15.3923,8.510487024528973e-06,0.00042552435122644863
text+audio_text_ln_lrh0.001_e5_s44,1929,4,0.28282,13.2231,8.503377177390687e-06,0.0004251688588695343
text+audio_text_ln_lrh0.001_e5_s44,1930,4,0.82565,20.4978,8.4962673302524e-06,0.00042481336651261996
text+audio_text_ln_lrh0.001_e5_s44,1931,4,0.49567,22.1269,8.489157483114114e-06,0.00042445787415570566
text+audio_text_ln_lrh0.001_e5_s44,1932,4,0.75605,18.4036,8.482047635975828e-06,0.00042410238179879135
text+audio_text_ln_lrh0.001_e5_s44,1933,4,0.82595,21.9847,8.47493778883754e-06,0.000423746889441877
text+audio_text_ln_lrh0.001_e5_s44,1934,4,0.37497,21.3542,8.467827941699253e-06,0.00042339139708496263
text+audio_text_ln_lrh0.001_e5_s44,1935,4,0.63553,24.4159,8.460718094560969e-06,0.0004230359047280484
text+audio_text_ln_lrh0.001_e5_s44,1936,4,0.76502,36.6177,8.453608247422681e-06,0.000422680412371134
text+audio_text_ln_lrh0.001_e5_s44,1937,4,0.88191,38.4872,8.446498400284393e-06,0.00042232492001421966
text+audio_text_ln_lrh0.001_e5_s44,1938,4,0.61937,21.7924,8.439388553146108e-06,0.0004219694276573054
text+audio_text_ln_lrh0.001_e5_s44,1939,4,0.65086,24.9586,8.432278706007822e-06,0.00042161393530039105
text+audio_text_ln_lrh0.001_e5_s44,1940,4,0.61521,25.0341,8.425168858869534e-06,0.0004212584429434767
text+audio_text_ln_lrh0.001_e5_s44,1941,4,0.46999,14.14,8.418059011731248e-06,0.0004209029505865624
text+audio_text_ln_lrh0.001_e5_s44,1942,4,0.60144,24.8534,8.410949164592962e-06,0.0004205474582296481
text+audio_text_ln_lrh0.001_e5_s44,1943,4,0.45453,23.7598,8.403839317454675e-06,0.0004201919658727337
text+audio_text_ln_lrh0.001_e5_s44,1944,4,0.43235,24.9195,8.396729470316389e-06,0.0004198364735158194
text+audio_text_ln_lrh0.001_e5_s44,1945,4,0.67629,27.1634,8.389619623178103e-06,0.0004194809811589051
text+audio_text_ln_lrh0.001_e5_s44,1946,4,0.6765,21.0879,8.382509776039815e-06,0.00041912548880199076
text+audio_text_ln_lrh0.001_e5_s44,1947,4,0.60604,19.1092,8.37539992890153e-06,0.00041876999644507645
text+audio_text_ln_lrh0.001_e5_s44,1948,4,0.52101,17.0968,8.368290081763244e-06,0.00041841450408816214
text+audio_text_ln_lrh0.001_e5_s44,1949,4,0.72212,28.1244,8.361180234624956e-06,0.0004180590117312478
text+audio_text_ln_lrh0.001_e5_s44,1950,4,1.25372,27.7771,8.35407038748667e-06,0.0004177035193743335
text+audio_text_ln_lrh0.001_e5_s44,1951,4,0.47341,31.5829,8.346960540348384e-06,0.0004173480270174191
text+audio_text_ln_lrh0.001_e5_s44,1952,4,0.25552,10.8257,8.339850693210097e-06,0.0004169925346605048
text+audio_text_ln_lrh0.001_e5_s44,1953,4,1.13323,35.5202,8.33274084607181e-06,0.0004166370423035905
text+audio_text_ln_lrh0.001_e5_s44,1954,4,0.97762,46.053,8.325630998933523e-06,0.00041628154994667615
text+audio_text_ln_lrh0.001_e5_s44,1955,4,0.95014,36.0862,8.318521151795237e-06,0.00041592605758976185
text+audio_text_ln_lrh0.001_e5_s44,1956,4,1.04246,33.028,8.31141130465695e-06,0.0004155705652328475
text+audio_text_ln_lrh0.001_e5_s44,1957,4,0.55972,54.9628,8.304301457518664e-06,0.0004152150728759332
text+audio_text_ln_lrh0.001_e5_s44,1958,4,0.38986,18.009,8.297191610380378e-06,0.0004148595805190188
text+audio_text_ln_lrh0.001_e5_s44,1959,4,0.87622,24.4805,8.29008176324209e-06,0.0004145040881621045
text+audio_text_ln_lrh0.001_e5_s44,1960,4,0.34939,24.6884,8.282971916103804e-06,0.0004141485958051902
text+audio_text_ln_lrh0.001_e5_s44,1961,4,0.8929,24.6175,8.275862068965518e-06,0.00041379310344827585
text+audio_text_ln_lrh0.001_e5_s44,1962,4,0.77826,30.8802,8.26875222182723e-06,0.00041343761109136155
text+audio_text_ln_lrh0.001_e5_s44,1963,4,1.11358,33.725,8.261642374688945e-06,0.00041308211873444724
text+audio_text_ln_lrh0.001_e5_s44,1964,4,0.15392,11.1591,8.254532527550659e-06,0.0004127266263775329
text+audio_text_ln_lrh0.001_e5_s44,1965,4,0.60708,23.7561,8.247422680412371e-06,0.0004123711340206185
text+audio_text_ln_lrh0.001_e5_s44,1966,4,0.75094,31.897,8.240312833274085e-06,0.00041201564166370427
text+audio_text_ln_lrh0.001_e5_s44,1967,4,1.15459,28.7998,8.2332029861358e-06,0.0004116601493067899
text+audio_text_ln_lrh0.001_e5_s44,1968,4,0.43297,27.113,8.226093138997512e-06,0.00041130465694987555
text+audio_text_ln_lrh0.001_e5_s44,1969,4,0.31056,32.0951,8.218983291859226e-06,0.0004109491645929613
text+audio_text_ln_lrh0.001_e5_s44,1970,4,1.10473,28.9614,8.211873444720938e-06,0.00041059367223604694
text+audio_text_ln_lrh0.001_e5_s44,1971,4,0.54673,22.1954,8.204763597582653e-06,0.0004102381798791326
text+audio_text_ln_lrh0.001_e5_s44,1972,4,0.5864,36.286,8.197653750444367e-06,0.0004098826875222183
text+audio_text_ln_lrh0.001_e5_s44,1973,4,0.58117,17.5863,8.190543903306079e-06,0.00040952719516530397
text+audio_text_ln_lrh0.001_e5_s44,1974,4,0.11878,8.1961,8.183434056167793e-06,0.0004091717028083896
text+audio_text_ln_lrh0.001_e5_s44,1975,4,0.33291,25.6081,8.176324209029507e-06,0.0004088162104514753
text+audio_text_ln_lrh0.001_e5_s44,1976,4,0.52894,19.5517,8.16921436189122e-06,0.000408460718094561
text+audio_text_ln_lrh0.001_e5_s44,1977,4,0.24847,13.3536,8.162104514752934e-06,0.00040810522573764664
text+audio_text_ln_lrh0.001_e5_s44,1978,4,1.06972,38.9672,8.154994667614648e-06,0.00040774973338073234
text+audio_text_ln_lrh0.001_e5_s44,1979,4,0.93067,34.1348,8.14788482047636e-06,0.000407394241023818
text+audio_text_ln_lrh0.001_e5_s44,1980,4,0.43995,21.8866,8.140774973338074e-06,0.0004070387486669037
text+audio_text_ln_lrh0.001_e5_s44,1981,4,0.73609,26.2672,8.133665126199788e-06,0.00040668325630998937
text+audio_text_ln_lrh0.001_e5_s44,1982,4,0.75921,30.5158,8.126555279061501e-06,0.000406327763953075
text+audio_text_ln_lrh0.001_e5_s44,1983,4,0.45469,19.2846,8.119445431923213e-06,0.0004059722715961607
text+audio_text_ln_lrh0.001_e5_s44,1984,4,0.84311,26.0015,8.112335584784929e-06,0.0004056167792392464
text+audio_text_ln_lrh0.001_e5_s44,1985,4,0.48215,15.4147,8.105225737646641e-06,0.00040526128688233204
text+audio_text_ln_lrh0.001_e5_s44,1986,4,0.11288,6.6305,8.098115890508354e-06,0.0004049057945254177
text+audio_text_ln_lrh0.001_e5_s44,1987,4,0.50445,28.4829,8.091006043370068e-06,0.0004045503021685034
text+audio_text_ln_lrh0.001_e5_s44,1988,4,0.70693,31.1947,8.083896196231782e-06,0.00040419480981158907
text+audio_text_ln_lrh0.001_e5_s44,1989,4,0.55853,25.61,8.076786349093494e-06,0.0004038393174546747
text+audio_text_ln_lrh0.001_e5_s44,1990,4,0.3942,27.7772,8.069676501955209e-06,0.0004034838250977604
text+audio_text_ln_lrh0.001_e5_s44,1991,4,0.77391,44.4348,8.062566654816923e-06,0.0004031283327408461
text+audio_text_ln_lrh0.001_e5_s44,1992,4,0.92375,29.4829,8.055456807678635e-06,0.00040277284038393174
text+audio_text_ln_lrh0.001_e5_s44,1993,4,0.7678,23.7804,8.04834696054035e-06,0.0004024173480270174
text+audio_text_ln_lrh0.001_e5_s44,1994,4,0.37306,18.9779,8.041237113402063e-06,0.00040206185567010313
text+audio_text_ln_lrh0.001_e5_s44,1995,4,0.90204,27.9007,8.034127266263776e-06,0.00040170636331318877
text+audio_text_ln_lrh0.001_e5_s44,1996,4,0.90804,26.2195,8.02701741912549e-06,0.0004013508709562744
text+audio_text_ln_lrh0.001_e5_s44,1997,4,1.02993,28.7868,8.019907571987204e-06,0.00040099537859936016
text+audio_text_ln_lrh0.001_e5_s44,1998,4,0.93902,35.1115,8.012797724848916e-06,0.0004006398862424458
text+audio_text_ln_lrh0.001_e5_s44,1999,4,0.70577,24.3257,8.005687877710629e-06,0.00040028439388553144
text+audio_text_ln_lrh0.001_e5_s44,2000,4,1.44559,31.9614,7.998578030572344e-06,0.00039992890152861714
text+audio_text_ln_lrh0.001_e5_s44,2001,4,0.33079,24.2077,7.991468183434057e-06,0.00039957340917170283
text+audio_text_ln_lrh0.001_e5_s44,2002,4,0.39126,15.5486,7.98435833629577e-06,0.00039921791681478847
text+audio_text_ln_lrh0.001_e5_s44,2003,4,0.32775,17.5043,7.977248489157483e-06,0.00039886242445787417
text+audio_text_ln_lrh0.001_e5_s44,2004,4,0.93749,28.0728,7.970138642019198e-06,0.00039850693210095986
text+audio_text_ln_lrh0.001_e5_s44,2005,4,1.4021,33.1147,7.96302879488091e-06,0.0003981514397440455
text+audio_text_ln_lrh0.001_e5_s44,2006,4,0.44834,14.2885,7.955918947742624e-06,0.0003977959473871312
text+audio_text_ln_lrh0.001_e5_s44,2007,4,0.59146,23.4971,7.948809100604338e-06,0.00039744045503021684
text+audio_text_ln_lrh0.001_e5_s44,2008,4,0.36994,26.6235,7.94169925346605e-06,0.00039708496267330253
text+audio_text_ln_lrh0.001_e5_s44,2009,4,0.62855,32.9907,7.934589406327765e-06,0.00039672947031638823
text+audio_text_ln_lrh0.001_e5_s44,2010,4,1.0911,35.788,7.927479559189479e-06,0.00039637397795947387
text+audio_text_ln_lrh0.001_e5_s44,2011,4,0.66855,20.8465,7.920369712051191e-06,0.00039601848560255956
text+audio_text_ln_lrh0.001_e5_s44,2012,4,0.58586,17.7197,7.913259864912905e-06,0.00039566299324564526
text+audio_text_ln_lrh0.001_e5_s44,2013,4,1.08925,28.3901,7.90615001777462e-06,0.0003953075008887309
text+audio_text_ln_lrh0.001_e5_s44,2014,4,0.37073,23.3815,7.899040170636332e-06,0.00039495200853181654
text+audio_text_ln_lrh0.001_e5_s44,2015,4,0.67631,27.7481,7.891930323498044e-06,0.00039459651617490223
text+audio_text_ln_lrh0.001_e5_s44,2016,4,0.48659,17.6109,7.88482047635976e-06,0.00039424102381798793
text+audio_text_ln_lrh0.001_e5_s44,2017,4,0.73668,34.6149,7.877710629221472e-06,0.00039388553146107357
text+audio_text_ln_lrh0.001_e5_s44,2018,4,0.6566,20.1452,7.870600782083185e-06,0.00039353003910415926
text+audio_text_ln_lrh0.001_e5_s44,2019,4,0.33785,17.5928,7.863490934944899e-06,0.00039317454674724496
text+audio_text_ln_lrh0.001_e5_s44,2020,4,1.40486,28.0137,7.856381087806613e-06,0.0003928190543903306
text+audio_text_ln_lrh0.001_e5_s44,2021,4,0.42218,27.5201,7.849271240668325e-06,0.00039246356203341624
text+audio_text_ln_lrh0.001_e5_s44,2022,4,0.68987,46.0364,7.84216139353004e-06,0.000392108069676502
text+audio_text_ln_lrh0.001_e5_s44,2023,4,0.94571,26.2456,7.835051546391754e-06,0.00039175257731958763
text+audio_text_ln_lrh0.001_e5_s44,2024,4,0.66209,17.5075,7.827941699253466e-06,0.00039139708496267327
text+audio_text_ln_lrh0.001_e5_s44,2025,4,0.8493,29.4178,7.82083185211518e-06,0.000391041592605759
text+audio_text_ln_lrh0.001_e5_s44,2026,4,0.86557,22.3738,7.813722004976894e-06,0.00039068610024884466
text+audio_text_ln_lrh0.001_e5_s44,2027,4,0.81307,29.6155,7.806612157838607e-06,0.0003903306078919303
text+audio_text_ln_lrh0.001_e5_s44,2028,4,0.79305,33.0823,7.79950231070032e-06,0.00038997511553501605
text+audio_text_ln_lrh0.001_e5_s44,2029,4,0.55528,18.4356,7.792392463562035e-06,0.0003896196231781017
text+audio_text_ln_lrh0.001_e5_s44,2030,4,0.96762,25.5729,7.785282616423747e-06,0.00038926413082118733
text+audio_text_ln_lrh0.001_e5_s44,2031,4,0.80824,29.6722,7.778172769285461e-06,0.000388908638464273
text+audio_text_ln_lrh0.001_e5_s44,2032,4,0.64597,23.5477,7.771062922147175e-06,0.0003885531461073587
text+audio_text_ln_lrh0.001_e5_s44,2033,4,1.16243,33.1758,7.763953075008888e-06,0.00038819765375044436
text+audio_text_ln_lrh0.001_e5_s44,2034,4,0.91562,31.1525,7.756843227870602e-06,0.00038784216139353006
text+audio_text_ln_lrh0.001_e5_s44,2035,4,0.47832,16.1308,7.749733380732314e-06,0.00038748666903661575
text+audio_text_ln_lrh0.001_e5_s44,2036,4,0.70712,20.2501,7.742623533594028e-06,0.0003871311766797014
text+audio_text_ln_lrh0.001_e5_s44,2037,4,0.22532,11.5043,7.735513686455742e-06,0.0003867756843227871
text+audio_text_ln_lrh0.001_e5_s44,2038,4,0.52577,14.0204,7.728403839317455e-06,0.0003864201919658727
text+audio_text_ln_lrh0.001_e5_s44,2039,4,0.67113,22.5358,7.721293992179169e-06,0.0003860646996089584
text+audio_text_ln_lrh0.001_e5_s44,2040,4,0.52742,28.513,7.714184145040883e-06,0.0003857092072520441
text+audio_text_ln_lrh0.001_e5_s44,2041,4,0.27214,12.7078,7.707074297902595e-06,0.00038535371489512976
text+audio_text_ln_lrh0.001_e5_s44,2042,4,0.95377,23.4141,7.69996445076431e-06,0.00038499822253821545
text+audio_text_ln_lrh0.001_e5_s44,2043,4,0.59306,20.6329,7.692854603626024e-06,0.00038464273018130115
text+audio_text_ln_lrh0.001_e5_s44,2044,4,0.79208,21.0608,7.685744756487736e-06,0.0003842872378243868
text+audio_text_ln_lrh0.001_e5_s44,2045,4,0.35712,16.993,7.67863490934945e-06,0.00038393174546747243
text+audio_text_ln_lrh0.001_e5_s44,2046,4,0.6813,19.1702,7.671525062211163e-06,0.0003835762531105581
text+audio_text_ln_lrh0.001_e5_s44,2047,4,0.58095,26.836,7.664415215072877e-06,0.0003832207607536438
text+audio_text_ln_lrh0.001_e5_s44,2048,4,0.7491,23.199,7.657305367934589e-06,0.00038286526839672946
text+audio_text_ln_lrh0.001_e5_s44,2049,4,0.57409,26.3311,7.650195520796303e-06,0.00038250977603981515
text+audio_text_ln_lrh0.001_e5_s44,2050,4,1.05669,29.1642,7.643085673658017e-06,0.00038215428368290085
text+audio_text_ln_lrh0.001_e5_s44,2051,4,1.26135,23.0165,7.63597582651973e-06,0.0003817987913259865
text+audio_text_ln_lrh0.001_e5_s44,2052,4,0.48284,42.6836,7.628865979381444e-06,0.00038144329896907213
text+audio_text_ln_lrh0.001_e5_s44,2053,4,0.93703,20.2044,7.621756132243158e-06,0.0003810878066121579
text+audio_text_ln_lrh0.001_e5_s44,2054,4,1.06289,42.6521,7.614646285104871e-06,0.0003807323142552435
text+audio_text_ln_lrh0.001_e5_s44,2055,4,0.86948,25.3737,7.6075364379665835e-06,0.00038037682189832916
text+audio_text_ln_lrh0.001_e5_s44,2056,4,0.56539,26.6104,7.6004265908282985e-06,0.0003800213295414149
text+audio_text_ln_lrh0.001_e5_s44,2057,4,0.76296,24.1422,7.593316743690011e-06,0.00037966583718450055
text+audio_text_ln_lrh0.001_e5_s44,2058,4,0.52725,31.1398,7.586206896551724e-06,0.0003793103448275862
text+audio_text_ln_lrh0.001_e5_s44,2059,4,0.95195,26.5669,7.579097049413438e-06,0.0003789548524706719
text+audio_text_ln_lrh0.001_e5_s44,2060,4,0.55089,18.7676,7.5719872022751515e-06,0.0003785993601137576
text+audio_text_ln_lrh0.001_e5_s44,2061,4,0.61495,24.0539,7.564877355136865e-06,0.0003782438677568432
text+audio_text_ln_lrh0.001_e5_s44,2062,4,0.44436,24.4683,7.557767507998579e-06,0.0003778883753999289
text+audio_text_ln_lrh0.001_e5_s44,2063,4,0.90964,27.1079,7.550657660860292e-06,0.0003775328830430146
text+audio_text_ln_lrh0.001_e5_s44,2064,4,0.42566,14.4621,7.543547813722005e-06,0.00037717739068610025
text+audio_text_ln_lrh0.001_e5_s44,2065,4,0.4121,23.5211,7.5364379665837195e-06,0.00037682189832918594
text+audio_text_ln_lrh0.001_e5_s44,2066,4,0.54706,34.6172,7.529328119445433e-06,0.0003764664059722716
text+audio_text_ln_lrh0.001_e5_s44,2067,4,0.80848,17.1017,7.522218272307146e-06,0.0003761109136153573
text+audio_text_ln_lrh0.001_e5_s44,2068,4,0.64579,27.2811,7.51510842516886e-06,0.000375755421258443
text+audio_text_ln_lrh0.001_e5_s44,2069,4,0.61276,19.5326,7.507998578030573e-06,0.0003753999289015286
text+audio_text_ln_lrh0.001_e5_s44,2070,4,0.9401,26.9338,7.5008887308922866e-06,0.0003750444365446143
text+audio_text_ln_lrh0.001_e5_s44,2071,4,0.5601,16.3588,7.493778883754001e-06,0.0003746889441877
text+audio_text_ln_lrh0.001_e5_s44,2072,4,0.47784,22.9916,7.486669036615714e-06,0.00037433345183078564
text+audio_text_ln_lrh0.001_e5_s44,2073,4,0.79933,22.6024,7.479559189477426e-06,0.0003739779594738713
text+audio_text_ln_lrh0.001_e5_s44,2074,4,0.60513,30.613,7.4724493423391396e-06,0.000373622467116957
text+audio_text_ln_lrh0.001_e5_s44,2075,4,0.36967,21.1697,7.465339495200854e-06,0.0003732669747600427
text+audio_text_ln_lrh0.001_e5_s44,2076,4,0.92386,26.7829,7.458229648062567e-06,0.0003729114824031283
text+audio_text_ln_lrh0.001_e5_s44,2077,4,0.72849,32.8668,7.45111980092428e-06,0.000372555990046214
text+audio_text_ln_lrh0.001_e5_s44,2078,4,0.79945,36.9696,7.444009953785994e-06,0.0003722004976892997
text+audio_text_ln_lrh0.001_e5_s44,2079,4,0.75398,19.4911,7.4369001066477075e-06,0.00037184500533238535
text+audio_text_ln_lrh0.001_e5_s44,2080,4,0.46957,24.2457,7.429790259509421e-06,0.000371489512975471
text+audio_text_ln_lrh0.001_e5_s44,2081,4,0.89868,17.1235,7.422680412371135e-06,0.00037113402061855674
text+audio_text_ln_lrh0.001_e5_s44,2082,4,0.59002,24.3285,7.415570565232848e-06,0.0003707785282616424
text+audio_text_ln_lrh0.001_e5_s44,2083,4,0.3596,16.4463,7.408460718094561e-06,0.000370423035904728
text+audio_text_ln_lrh0.001_e5_s44,2084,4,1.0389,26.3299,7.4013508709562755e-06,0.00037006754354781377
text+audio_text_ln_lrh0.001_e5_s44,2085,4,0.74042,22.0068,7.394241023817989e-06,0.0003697120511908994
text+audio_text_ln_lrh0.001_e5_s44,2086,4,0.52057,27.3325,7.387131176679702e-06,0.00036935655883398505
text+audio_text_ln_lrh0.001_e5_s44,2087,4,0.56174,15.6853,7.380021329541416e-06,0.00036900106647707074
text+audio_text_ln_lrh0.001_e5_s44,2088,4,0.43912,15.4428,7.372911482403129e-06,0.00036864557412015644
text+audio_text_ln_lrh0.001_e5_s44,2089,4,0.81382,18.5414,7.365801635264842e-06,0.0003682900817632421
text+audio_text_ln_lrh0.001_e5_s44,2090,4,0.59289,18.4453,7.358691788126556e-06,0.00036793458940632777
text+audio_text_ln_lrh0.001_e5_s44,2091,4,0.51273,18.7532,7.351581940988269e-06,0.00036757909704941347
text+audio_text_ln_lrh0.001_e5_s44,2092,4,1.33967,35.9112,7.344472093849982e-06,0.0003672236046924991
text+audio_text_ln_lrh0.001_e5_s44,2093,4,0.91963,24.1005,7.3373622467116965e-06,0.0003668681123355848
text+audio_text_ln_lrh0.001_e5_s44,2094,4,0.26606,16.3886,7.33025239957341e-06,0.00036651261997867044
text+audio_text_ln_lrh0.001_e5_s44,2095,4,0.90591,26.5276,7.323142552435123e-06,0.00036615712762175614
text+audio_text_ln_lrh0.001_e5_s44,2096,4,1.0139,23.7091,7.316032705296837e-06,0.00036580163526484183
text+audio_text_ln_lrh0.001_e5_s44,2097,4,0.66464,24.4872,7.30892285815855e-06,0.0003654461429079275
text+audio_text_ln_lrh0.001_e5_s44,2098,4,0.83044,30.4242,7.3018130110202636e-06,0.00036509065055101317
text+audio_text_ln_lrh0.001_e5_s44,2099,4,1.07493,36.1763,7.294703163881978e-06,0.00036473515819409886
text+audio_text_ln_lrh0.001_e5_s44,2100,4,0.4057,17.8746,7.287593316743691e-06,0.0003643796658371845
text+audio_text_ln_lrh0.001_e5_s44,2101,4,0.48133,26.8224,7.280483469605404e-06,0.00036402417348027014
text+audio_text_ln_lrh0.001_e5_s44,2102,4,0.50978,17.1837,7.273373622467118e-06,0.0003636686811233559
text+audio_text_ln_lrh0.001_e5_s44,2103,4,0.48488,18.7352,7.2662637753288315e-06,0.00036331318876644153
text+audio_text_ln_lrh0.001_e5_s44,2104,4,0.80918,22.7286,7.259153928190544e-06,0.0003629576964095272
text+audio_text_ln_lrh0.001_e5_s44,2105,4,0.61047,21.7062,7.252044081052257e-06,0.00036260220405261287
text+audio_text_ln_lrh0.001_e5_s44,2106,4,0.59317,29.6273,7.244934233913971e-06,0.00036224671169569856
text+audio_text_ln_lrh0.001_e5_s44,2107,4,0.93978,29.5616,7.2378243867756845e-06,0.0003618912193387842
text+audio_text_ln_lrh0.001_e5_s44,2108,4,0.36917,18.1212,7.230714539637398e-06,0.0003615357269818699
text+audio_text_ln_lrh0.001_e5_s44,2109,4,0.2796,13.5716,7.223604692499112e-06,0.0003611802346249556
text+audio_text_ln_lrh0.001_e5_s44,2110,4,0.55979,18.856,7.216494845360825e-06,0.00036082474226804123
text+audio_text_ln_lrh0.001_e5_s44,2111,4,0.53954,22.764,7.209384998222538e-06,0.0003604692499111269
text+audio_text_ln_lrh0.001_e5_s44,2112,4,0.87025,30.0411,7.2022751510842525e-06,0.0003601137575542126
text+audio_text_ln_lrh0.001_e5_s44,2113,4,0.59388,19.5435,7.195165303945966e-06,0.00035975826519729826
text+audio_text_ln_lrh0.001_e5_s44,2114,4,0.52106,24.0786,7.188055456807679e-06,0.0003594027728403839
text+audio_text_ln_lrh0.001_e5_s44,2115,4,0.48831,23.626,7.180945609669393e-06,0.00035904728048346965
text+audio_text_ln_lrh0.001_e5_s44,2116,4,0.54399,23.8939,7.173835762531106e-06,0.0003586917881265553
text+audio_text_ln_lrh0.001_e5_s44,2117,4,0.90125,31.9825,7.16672591539282e-06,0.00035833629576964094
text+audio_text_ln_lrh0.001_e5_s44,2118,4,0.37061,18.8295,7.159616068254534e-06,0.00035798080341272663
text+audio_text_ln_lrh0.001_e5_s44,2119,4,0.72794,22.1736,7.152506221116247e-06,0.0003576253110558123
text+audio_text_ln_lrh0.001_e5_s44,2120,4,0.4097,23.8197,7.145396373977959e-06,0.00035726981869889797
text+audio_text_ln_lrh0.001_e5_s44,2121,4,0.81388,23.0926,7.138286526839674e-06,0.00035691432634198366
text+audio_text_ln_lrh0.001_e5_s44,2122,4,0.38191,13.756,7.131176679701387e-06,0.00035655883398506936
text+audio_text_ln_lrh0.001_e5_s44,2123,4,0.95184,28.134,7.1240668325631e-06,0.000356203341628155
text+audio_text_ln_lrh0.001_e5_s44,2124,4,0.69512,31.8808,7.116956985424814e-06,0.0003558478492712407
text+audio_text_ln_lrh0.001_e5_s44,2125,4,0.53787,20.8005,7.109847138286527e-06,0.00035549235691432633
text+audio_text_ln_lrh0.001_e5_s44,2126,4,0.69715,20.91,7.1027372911482406e-06,0.000355136864557412
text+audio_text_ln_lrh0.001_e5_s44,2127,4,0.54507,19.9541,7.095627444009955e-06,0.0003547813722004977
text+audio_text_ln_lrh0.001_e5_s44,2128,4,0.59603,30.9768,7.088517596871668e-06,0.00035442587984358336
text+audio_text_ln_lrh0.001_e5_s44,2129,4,0.82152,23.3671,7.081407749733381e-06,0.00035407038748666906
text+audio_text_ln_lrh0.001_e5_s44,2130,4,0.2934,14.1864,7.074297902595095e-06,0.00035371489512975475
text+audio_text_ln_lrh0.001_e5_s44,2131,4,0.95319,30.6437,7.0671880554568085e-06,0.0003533594027728404
text+audio_text_ln_lrh0.001_e5_s44,2132,4,0.42595,13.9186,7.060078208318522e-06,0.00035300391041592603
text+audio_text_ln_lrh0.001_e5_s44,2133,4,0.50192,15.6104,7.052968361180236e-06,0.0003526484180590118
text+audio_text_ln_lrh0.001_e5_s44,2134,4,0.28195,17.1908,7.045858514041949e-06,0.0003522929257020974
text+audio_text_ln_lrh0.001_e5_s44,2135,4,0.58359,18.579,7.038748666903662e-06,0.00035193743334518306
text+audio_text_ln_lrh0.001_e5_s44,2136,4,1.07488,29.6848,7.031638819765375e-06,0.00035158194098826876
text+audio_text_ln_lrh0.001_e5_s44,2137,4,0.8936,33.8453,7.02452897262709e-06,0.00035122644863135445
text+audio_text_ln_lrh0.001_e5_s44,2138,4,0.62616,39.5563,7.017419125488802e-06,0.0003508709562744401
text+audio_text_ln_lrh0.001_e5_s44,2139,4,0.9049,18.9869,7.010309278350515e-06,0.00035051546391752573
text+audio_text_ln_lrh0.001_e5_s44,2140,4,0.27809,14.1074,7.0031994312122295e-06,0.0003501599715606115
text+audio_text_ln_lrh0.001_e5_s44,2141,4,0.98193,26.0089,6.996089584073943e-06,0.0003498044792036971
text+audio_text_ln_lrh0.001_e5_s44,2142,4,0.83189,20.6784,6.988979736935656e-06,0.00034944898684678276
text+audio_text_ln_lrh0.001_e5_s44,2143,4,0.62249,14.4322,6.98186988979737e-06,0.0003490934944898685
text+audio_text_ln_lrh0.001_e5_s44,2144,4,0.62421,22.8292,6.974760042659083e-06,0.00034873800213295415
text+audio_text_ln_lrh0.001_e5_s44,2145,4,0.47051,24.4038,6.967650195520797e-06,0.0003483825097760398
text+audio_text_ln_lrh0.001_e5_s44,2146,4,0.92624,23.9755,6.960540348382511e-06,0.0003480270174191255
text+audio_text_ln_lrh0.001_e5_s44,2147,4,0.7172,21.5559,6.953430501244224e-06,0.0003476715250622112
text+audio_text_ln_lrh0.001_e5_s44,2148,4,0.79338,22.9353,6.946320654105937e-06,0.0003473160327052968
text+audio_text_ln_lrh0.001_e5_s44,2149,4,0.35851,13.5477,6.939210806967651e-06,0.0003469605403483825
text+audio_text_ln_lrh0.001_e5_s44,2150,4,1.09297,25.127,6.9321009598293645e-06,0.0003466050479914682
text+audio_text_ln_lrh0.001_e5_s44,2151,4,0.97298,30.0875,6.924991112691078e-06,0.00034624955563455385
text+audio_text_ln_lrh0.001_e5_s44,2152,4,0.32668,17.0175,6.917881265552792e-06,0.00034589406327763955
text+audio_text_ln_lrh0.001_e5_s44,2153,4,0.5446,19.262,6.910771418414504e-06,0.0003455385709207252
text+audio_text_ln_lrh0.001_e5_s44,2154,4,0.50602,20.8351,6.9036615712762176e-06,0.0003451830785638109
text+audio_text_ln_lrh0.001_e5_s44,2155,4,0.75111,32.0687,6.896551724137932e-06,0.0003448275862068966
text+audio_text_ln_lrh0.001_e5_s44,2156,4,0.42415,25.4999,6.889441876999645e-06,0.0003444720938499822
text+audio_text_ln_lrh0.001_e5_s44,2157,4,0.62433,21.6662,6.882332029861358e-06,0.0003441166014930679
text+audio_text_ln_lrh0.001_e5_s44,2158,4,0.73777,17.7218,6.875222182723072e-06,0.0003437611091361536
text+audio_text_ln_lrh0.001_e5_s44,2159,4,0.73494,25.0084,6.8681123355847855e-06,0.00034340561677923925
text+audio_text_ln_lrh0.001_e5_s44,2160,4,0.58678,26.9646,6.861002488446499e-06,0.0003430501244223249
text+audio_text_ln_lrh0.001_e5_s44,2161,4,0.50437,22.5559,6.853892641308213e-06,0.00034269463206541064
text+audio_text_ln_lrh0.001_e5_s44,2162,4,0.26543,15.6952,6.846782794169926e-06,0.0003423391397084963
text+audio_text_ln_lrh0.001_e5_s44,2163,4,0.71854,24.735,6.839672947031639e-06,0.0003419836473515819
text+audio_text_ln_lrh0.001_e5_s44,2164,4,0.36187,15.0474,6.832563099893353e-06,0.0003416281549946676
text+audio_text_ln_lrh0.001_e5_s44,2165,4,0.71612,24.8446,6.825453252755067e-06,0.0003412726626377533
text+audio_text_ln_lrh0.001_e5_s44,2166,4,1.00917,22.4317,6.81834340561678e-06,0.00034091717028083895
text+audio_text_ln_lrh0.001_e5_s44,2167,4,0.46093,17.5607,6.811233558478492e-06,0.0003405616779239246
text+audio_text_ln_lrh0.001_e5_s44,2168,4,0.61936,19.4771,6.804123711340207e-06,0.00034020618556701034
text+audio_text_ln_lrh0.001_e5_s44,2169,4,0.86802,32.1143,6.79701386420192e-06,0.000339850693210096
text+audio_text_ln_lrh0.001_e5_s44,2170,4,0.65547,17.5525,6.789904017063633e-06,0.0003394952008531816
text+audio_text_ln_lrh0.001_e5_s44,2171,4,0.64635,23.4719,6.782794169925347e-06,0.00033913970849626737
text+audio_text_ln_lrh0.001_e5_s44,2172,4,0.5672,35.6696,6.77568432278706e-06,0.000338784216139353
text+audio_text_ln_lrh0.001_e5_s44,2173,4,0.28662,16.9263,6.768574475648774e-06,0.00033842872378243865
text+audio_text_ln_lrh0.001_e5_s44,2174,4,0.12376,7.0121,6.761464628510488e-06,0.0003380732314255244
text+audio_text_ln_lrh0.001_e5_s44,2175,4,0.61175,16.7625,6.754354781372201e-06,0.00033771773906861004
text+audio_text_ln_lrh0.001_e5_s44,2176,4,0.80854,23.4064,6.747244934233914e-06,0.0003373622467116957
text+audio_text_ln_lrh0.001_e5_s44,2177,4,0.38422,20.5176,6.740135087095628e-06,0.0003370067543547814
text+audio_text_ln_lrh0.001_e5_s44,2178,4,1.12254,33.1526,6.7330252399573415e-06,0.00033665126199786707
text+audio_text_ln_lrh0.001_e5_s44,2179,4,0.24198,20.9265,6.725915392819055e-06,0.0003362957696409527
text+audio_text_ln_lrh0.001_e5_s44,2180,4,0.24298,21.71,6.718805545680769e-06,0.0003359402772840384
text+audio_text_ln_lrh0.001_e5_s44,2181,4,0.29506,11.1695,6.711695698542482e-06,0.0003355847849271241
text+audio_text_ln_lrh0.001_e5_s44,2182,4,1.20267,40.8392,6.704585851404195e-06,0.00033522929257020974
text+audio_text_ln_lrh0.001_e5_s44,2183,4,0.38706,21.4121,6.6974760042659095e-06,0.00033487380021329544
text+audio_text_ln_lrh0.001_e5_s44,2184,4,1.00579,28.508,6.690366157127623e-06,0.0003345183078563811
text+audio_text_ln_lrh0.001_e5_s44,2185,4,0.32818,22.7281,6.683256309989335e-06,0.0003341628154994668
text+audio_text_ln_lrh0.001_e5_s44,2186,4,0.35869,16.97,6.67614646285105e-06,0.00033380732314255247
text+audio_text_ln_lrh0.001_e5_s44,2187,4,0.53382,28.4976,6.6690366157127625e-06,0.0003334518307856381
text+audio_text_ln_lrh0.001_e5_s44,2188,4,1.54963,36.288,6.661926768574476e-06,0.0003330963384287238
text+audio_text_ln_lrh0.001_e5_s44,2189,4,1.71871,46.9462,6.65481692143619e-06,0.0003327408460718095
text+audio_text_ln_lrh0.001_e5_s44,2190,4,0.56153,18.0546,6.647707074297903e-06,0.00033238535371489514
text+audio_text_ln_lrh0.001_e5_s44,2191,4,0.55676,30.9645,6.640597227159616e-06,0.0003320298613579808
text+audio_text_ln_lrh0.001_e5_s44,2192,4,0.42279,31.3963,6.6334873800213305e-06,0.00033167436900106653
text+audio_text_ln_lrh0.001_e5_s44,2193,4,0.68711,36.3011,6.626377532883044e-06,0.00033131887664415217
text+audio_text_ln_lrh0.001_e5_s44,2194,4,0.81362,26.9274,6.619267685744757e-06,0.0003309633842872378
text+audio_text_ln_lrh0.001_e5_s44,2195,4,0.52556,34.7936,6.61215783860647e-06,0.0003306078919303235
text+audio_text_ln_lrh0.001_e5_s44,2196,4,1.14664,51.5727,6.605047991468184e-06,0.0003302523995734092
text+audio_text_ln_lrh0.001_e5_s44,2197,4,0.42632,24.3935,6.597938144329898e-06,0.00032989690721649484
text+audio_text_ln_lrh0.001_e5_s44,2198,4,0.976,30.1181,6.590828297191611e-06,0.0003295414148595805
text+audio_text_ln_lrh0.001_e5_s44,2199,4,0.52203,31.5253,6.583718450053325e-06,0.00032918592250266623
text+audio_text_ln_lrh0.001_e5_s44,2200,4,0.22391,10.7931,6.576608602915038e-06,0.00032883043014575187
text+audio_text_ln_lrh0.001_e5_s44,2201,4,0.32167,13.347,6.569498755776751e-06,0.0003284749377888375
text+audio_text_ln_lrh0.001_e5_s44,2202,4,0.85771,40.8316,6.5623889086384655e-06,0.00032811944543192326
text+audio_text_ln_lrh0.001_e5_s44,2203,4,0.58475,22.7862,6.555279061500178e-06,0.0003277639530750089
text+audio_text_ln_lrh0.001_e5_s44,2204,4,1.16619,28.1604,6.548169214361891e-06,0.00032740846071809454
text+audio_text_ln_lrh0.001_e5_s44,2205,4,0.51761,23.8705,6.541059367223605e-06,0.00032705296836118024
text+audio_text_ln_lrh0.001_e5_s44,2206,4,0.40632,24.735,6.5339495200853185e-06,0.00032669747600426593
text+audio_text_ln_lrh0.001_e5_s44,2207,4,0.40922,19.6124,6.526839672947032e-06,0.00032634198364735157
text+audio_text_ln_lrh0.001_e5_s44,2208,4,0.51942,22.0591,6.519729825808746e-06,0.00032598649129043727
text+audio_text_ln_lrh0.001_e5_s44,2209,4,0.53397,24.0307,6.512619978670459e-06,0.00032563099893352296
text+audio_text_ln_lrh0.001_e5_s44,2210,4,0.80182,27.4579,6.505510131532172e-06,0.0003252755065766086
text+audio_text_ln_lrh0.001_e5_s44,2211,4,1.06228,32.8103,6.4984002843938865e-06,0.0003249200142196943
text+audio_text_ln_lrh0.001_e5_s44,2212,4,0.52231,22.832,6.4912904372556e-06,0.00032456452186277994
text+audio_text_ln_lrh0.001_e5_s44,2213,4,0.51477,18.8629,6.484180590117313e-06,0.00032420902950586563
text+audio_text_ln_lrh0.001_e5_s44,2214,4,0.57248,25.7222,6.477070742979027e-06,0.0003238535371489513
text+audio_text_ln_lrh0.001_e5_s44,2215,4,0.59722,34.1983,6.46996089584074e-06,0.00032349804479203697
text+audio_text_ln_lrh0.001_e5_s44,2216,4,0.61178,27.4392,6.462851048702453e-06,0.00032314255243512266
text+audio_text_ln_lrh0.001_e5_s44,2217,4,0.6722,24.8865,6.455741201564168e-06,0.00032278706007820836
text+audio_text_ln_lrh0.001_e5_s44,2218,4,0.7367,22.3808,6.44863135442588e-06,0.000322431567721294
text+audio_text_ln_lrh0.001_e5_s44,2219,4,0.77475,33.8832,6.441521507287593e-06,0.00032207607536437964
text+audio_text_ln_lrh0.001_e5_s44,2220,4,0.54239,23.0812,6.4344116601493075e-06,0.0003217205830074654
text+audio_text_ln_lrh0.001_e5_s44,2221,4,0.31072,26.749,6.427301813011021e-06,0.00032136509065055103
text+audio_text_ln_lrh0.001_e5_s44,2222,4,0.53004,29.0192,6.420191965872734e-06,0.00032100959829363667
text+audio_text_ln_lrh0.001_e5_s44,2223,4,0.66186,24.6473,6.413082118734447e-06,0.00032065410593672236
text+audio_text_ln_lrh0.001_e5_s44,2224,4,0.7662,25.9629,6.405972271596161e-06,0.00032029861357980806
text+audio_text_ln_lrh0.001_e5_s44,2225,4,0.21677,14.4973,6.3988624244578746e-06,0.0003199431212228937
text+audio_text_ln_lrh0.001_e5_s44,2226,4,0.62286,27.7863,6.391752577319588e-06,0.00031958762886597934
text+audio_text_ln_lrh0.001_e5_s44,2227,4,0.46892,20.7011,6.384642730181302e-06,0.0003192321365090651
text+audio_text_ln_lrh0.001_e5_s44,2228,4,0.33835,21.174,6.377532883043015e-06,0.00031887664415215073
text+audio_text_ln_lrh0.001_e5_s44,2229,4,0.57385,37.5051,6.3704230359047284e-06,0.00031852115179523637
text+audio_text_ln_lrh0.001_e5_s44,2230,4,0.84308,26.9973,6.3633131887664425e-06,0.0003181656594383221
text+audio_text_ln_lrh0.001_e5_s44,2231,4,0.46283,34.3194,6.356203341628156e-06,0.00031781016708140776
text+audio_text_ln_lrh0.001_e5_s44,2232,4,0.44787,19.5308,6.349093494489868e-06,0.0003174546747244934
text+audio_text_ln_lrh0.001_e5_s44,2233,4,1.03387,28.9848,6.341983647351583e-06,0.0003170991823675791
text+audio_text_ln_lrh0.001_e5_s44,2234,4,0.91939,36.7263,6.3348738002132955e-06,0.0003167436900106648
text+audio_text_ln_lrh0.001_e5_s44,2235,4,0.6783,30.8667,6.327763953075009e-06,0.00031638819765375043
text+audio_text_ln_lrh0.001_e5_s44,2236,4,0.68708,23.739,6.320654105936723e-06,0.0003160327052968361
text+audio_text_ln_lrh0.001_e5_s44,2237,4,0.67145,25.3911,6.313544258798436e-06,0.0003156772129399218
text+audio_text_ln_lrh0.001_e5_s44,2238,4,0.40213,19.6146,6.306434411660149e-06,0.00031532172058300746
text+audio_text_ln_lrh0.001_e5_s44,2239,4,0.24375,15.2586,6.2993245645218635e-06,0.00031496622822609315
text+audio_text_ln_lrh0.001_e5_s44,2240,4,0.60017,33.8737,6.292214717383577e-06,0.0003146107358691788
text+audio_text_ln_lrh0.001_e5_s44,2241,4,0.54333,28.3651,6.28510487024529e-06,0.0003142552435122645
text+audio_text_ln_lrh0.001_e5_s44,2242,4,0.75744,36.3467,6.277995023107004e-06,0.0003138997511553502
text+audio_text_ln_lrh0.001_e5_s44,2243,4,0.56537,22.8717,6.270885175968717e-06,0.0003135442587984358
text+audio_text_ln_lrh0.001_e5_s44,2244,4,0.71233,30.9167,6.263775328830431e-06,0.0003131887664415215
text+audio_text_ln_lrh0.001_e5_s44,2245,4,0.68115,58.0089,6.256665481692145e-06,0.0003128332740846072
text+audio_text_ln_lrh0.001_e5_s44,2246,4,0.76084,24.5452,6.249555634553858e-06,0.00031247778172769286
text+audio_text_ln_lrh0.001_e5_s44,2247,4,0.42439,23.3549,6.242445787415571e-06,0.0003121222893707785
text+audio_text_ln_lrh0.001_e5_s44,2248,4,0.7232,25.9939,6.235335940277285e-06,0.00031176679701386425
text+audio_text_ln_lrh0.001_e5_s44,2249,4,0.83085,32.2916,6.2282260931389986e-06,0.0003114113046569499
text+audio_text_ln_lrh0.001_e5_s44,2250,4,0.45298,17.4226,6.221116246000711e-06,0.0003110558123000355
text+audio_text_ln_lrh0.001_e5_s44,2251,4,0.84177,27.919,6.214006398862426e-06,0.0003107003199431213
text+audio_text_ln_lrh0.001_e5_s44,2252,4,0.57228,22.5624,6.206896551724138e-06,0.0003103448275862069
text+audio_text_ln_lrh0.001_e5_s44,2253,4,0.72781,15.6695,6.1997867045858516e-06,0.00030998933522929256
text+audio_text_ln_lrh0.001_e5_s44,2254,4,0.63239,33.9541,6.192676857447565e-06,0.0003096338428723782
text+audio_text_ln_lrh0.001_e5_s44,2255,4,1.11453,39.9625,6.185567010309279e-06,0.00030927835051546395
text+audio_text_ln_lrh0.001_e5_s44,2256,4,1.30939,45.051,6.178457163170992e-06,0.0003089228581585496
text+audio_text_ln_lrh0.001_e5_s44,2257,4,0.28995,15.7954,6.1713473160327054e-06,0.00030856736580163523
text+audio_text_ln_lrh0.001_e5_s44,2258,4,1.07592,22.0389,6.1642374688944195e-06,0.000308211873444721
text+audio_text_ln_lrh0.001_e5_s44,2259,4,0.93278,27.759,6.157127621756133e-06,0.0003078563810878066
text+audio_text_ln_lrh0.001_e5_s44,2260,4,0.78263,25.5612,6.150017774617846e-06,0.00030750088873089226
text+audio_text_ln_lrh0.001_e5_s44,2261,4,0.2868,11.7859,6.14290792747956e-06,0.000307145396373978
text+audio_text_ln_lrh0.001_e5_s44,2262,4,0.61457,20.6398,6.135798080341273e-06,0.00030678990401706365
text+audio_text_ln_lrh0.001_e5_s44,2263,4,0.58421,30.3382,6.128688233202987e-06,0.0003064344116601493
text+audio_text_ln_lrh0.001_e5_s44,2264,4,0.55643,21.6139,6.121578386064701e-06,0.000306078919303235
text+audio_text_ln_lrh0.001_e5_s44,2265,4,1.01302,245.0167,6.114468538926413e-06,0.0003057234269463207
text+audio_text_ln_lrh0.001_e5_s44,2266,4,0.41218,22.4633,6.107358691788126e-06,0.0003053679345894063
text+audio_text_ln_lrh0.001_e5_s44,2267,4,0.98295,27.1272,6.1002488446498405e-06,0.000305012442232492
text+audio_text_ln_lrh0.001_e5_s44,2268,4,0.54026,41.5607,6.093138997511554e-06,0.0003046569498755777
text+audio_text_ln_lrh0.001_e5_s44,2269,4,0.69333,23.1733,6.086029150373267e-06,0.00030430145751866335
text+audio_text_ln_lrh0.001_e5_s44,2270,4,1.15299,37.2058,6.078919303234981e-06,0.00030394596516174904
text+audio_text_ln_lrh0.001_e5_s44,2271,4,0.3955,28.8639,6.071809456096694e-06,0.0003035904728048347
text+audio_text_ln_lrh0.001_e5_s44,2272,4,0.98854,31.713,6.064699608958408e-06,0.0003032349804479204
text+audio_text_ln_lrh0.001_e5_s44,2273,4,0.42379,17.2301,6.057589761820122e-06,0.0003028794880910061
text+audio_text_ln_lrh0.001_e5_s44,2274,4,0.67027,20.9675,6.050479914681835e-06,0.0003025239957340917
text+audio_text_ln_lrh0.001_e5_s44,2275,4,0.55525,33.7386,6.043370067543548e-06,0.0003021685033771774
text+audio_text_ln_lrh0.001_e5_s44,2276,4,0.30033,16.9135,6.036260220405262e-06,0.0003018130110202631
text+audio_text_ln_lrh0.001_e5_s44,2277,4,0.85339,33.5309,6.0291503732669756e-06,0.00030145751866334874
text+audio_text_ln_lrh0.001_e5_s44,2278,4,0.39015,20.4226,6.022040526128689e-06,0.0003011020263064344
text+audio_text_ln_lrh0.001_e5_s44,2279,4,0.65944,30.7894,6.014930678990403e-06,0.00030074653394952013
text+audio_text_ln_lrh0.001_e5_s44,2280,4,0.69728,26.8815,6.007820831852116e-06,0.0003003910415926058
text+audio_text_ln_lrh0.001_e5_s44,2281,4,0.58076,52.696,6.0007109847138286e-06,0.0003000355492356914
text+audio_text_ln_lrh0.001_e5_s44,2282,4,0.75772,38.4314,5.993601137575542e-06,0.0002996800568787771
text+audio_text_ln_lrh0.001_e5_s44,2283,4,0.81927,26.3082,5.986491290437256e-06,0.0002993245645218628
text+audio_text_ln_lrh0.001_e5_s44,2284,4,0.85766,22.2597,5.979381443298969e-06,0.00029896907216494845
text+audio_text_ln_lrh0.001_e5_s44,2285,4,0.71845,44.3702,5.9722715961606824e-06,0.0002986135798080341
text+audio_text_ln_lrh0.001_e5_s44,2286,4,0.27937,15.4733,5.9651617490223965e-06,0.00029825808745111983
text+audio_text_ln_lrh0.001_e5_s44,2287,4,0.82993,29.2768,5.95805190188411e-06,0.0002979025950942055
text+audio_text_ln_lrh0.001_e5_s44,2288,4,0.37957,17.9517,5.950942054745823e-06,0.0002975471027372911
text+audio_text_ln_lrh0.001_e5_s44,2289,4,0.61753,36.7711,5.943832207607537e-06,0.00029719161038037687
text+audio_text_ln_lrh0.001_e5_s44,2290,4,0.97628,35.6497,5.93672236046925e-06,0.0002968361180234625
text+audio_text_ln_lrh0.001_e5_s44,2291,4,0.24387,24.587,5.929612513330964e-06,0.00029648062566654815
text+audio_text_ln_lrh0.001_e5_s44,2292,4,1.06141,35.7753,5.922502666192678e-06,0.00029612513330963384
text+audio_text_ln_lrh0.001_e5_s44,2293,4,1.00883,35.1342,5.915392819054391e-06,0.00029576964095271954
text+audio_text_ln_lrh0.001_e5_s44,2294,4,0.26733,27.547,5.908282971916104e-06,0.0002954141485958052
text+audio_text_ln_lrh0.001_e5_s44,2295,4,0.31569,20.1065,5.901173124777818e-06,0.00029505865623889087
text+audio_text_ln_lrh0.001_e5_s44,2296,4,1.06494,41.3531,5.894063277639532e-06,0.00029470316388197657
text+audio_text_ln_lrh0.001_e5_s44,2297,4,0.48886,27.2767,5.886953430501244e-06,0.0002943476715250622
text+audio_text_ln_lrh0.001_e5_s44,2298,4,0.9072,30.828,5.879843583362959e-06,0.0002939921791681479
text+audio_text_ln_lrh0.001_e5_s44,2299,4,0.583,27.2769,5.872733736224671e-06,0.00029363668681123354
text+audio_text_ln_lrh0.001_e5_s44,2300,4,0.89695,37.7867,5.865623889086385e-06,0.00029328119445431924
text+audio_text_ln_lrh0.001_e5_s44,2301,4,0.59317,30.6076,5.858514041948099e-06,0.00029292570209740493
text+audio_text_ln_lrh0.001_e5_s44,2302,4,0.58593,25.1249,5.851404194809812e-06,0.00029257020974049057
text+audio_text_ln_lrh0.001_e5_s44,2303,4,0.66823,27.9713,5.844294347671525e-06,0.00029221471738357627
text+audio_text_ln_lrh0.001_e5_s44,2304,4,0.67493,25.3071,5.837184500533239e-06,0.00029185922502666196
text+audio_text_ln_lrh0.001_e5_s44,2305,4,1.14356,33.6173,5.8300746533949526e-06,0.0002915037326697476
text+audio_text_ln_lrh0.001_e5_s44,2306,4,1.33288,38.9573,5.822964806256666e-06,0.00029114824031283324
text+audio_text_ln_lrh0.001_e5_s44,2307,4,0.65107,19.2003,5.81585495911838e-06,0.000290792747955919
text+audio_text_ln_lrh0.001_e5_s44,2308,4,0.5726,27.7793,5.808745111980093e-06,0.00029043725559900463
text+audio_text_ln_lrh0.001_e5_s44,2309,4,0.78022,31.1403,5.801635264841806e-06,0.0002900817632420903
text+audio_text_ln_lrh0.001_e5_s44,2310,4,0.45902,23.346,5.7945254177035205e-06,0.000289726270885176
text+audio_text_ln_lrh0.001_e5_s44,2311,4,0.52296,15.6174,5.787415570565234e-06,0.00028937077852826166
text+audio_text_ln_lrh0.001_e5_s44,2312,4,0.97048,32.4222,5.780305723426947e-06,0.0002890152861713473
text+audio_text_ln_lrh0.001_e5_s44,2313,4,0.24411,20.6633,5.7731958762886594e-06,0.00028865979381443294
text+audio_text_ln_lrh0.001_e5_s44,2314,4,0.73705,30.4333,5.766086029150374e-06,0.0002883043014575187
text+audio_text_ln_lrh0.001_e5_s44,2315,4,0.90857,37.5858,5.758976182012087e-06,0.00028794880910060433
text+audio_text_ln_lrh0.001_e5_s44,2316,4,0.51203,23.5425,5.7518663348738e-06,0.00028759331674369
text+audio_text_ln_lrh0.001_e5_s44,2317,4,0.43345,18.8003,5.744756487735514e-06,0.0002872378243867757
text+audio_text_ln_lrh0.001_e5_s44,2318,4,0.67882,19.588,5.737646640597227e-06,0.00028688233202986136
text+audio_text_ln_lrh0.001_e5_s44,2319,4,0.58177,26.4909,5.730536793458941e-06,0.000286526839672947
text+audio_text_ln_lrh0.001_e5_s44,2320,4,0.49,12.2778,5.723426946320655e-06,0.0002861713473160327
text+audio_text_ln_lrh0.001_e5_s44,2321,4,0.49831,30.3005,5.716317099182368e-06,0.0002858158549591184
text+audio_text_ln_lrh0.001_e5_s44,2322,4,1.00317,35.6166,5.709207252044081e-06,0.00028546036260220403
text+audio_text_ln_lrh0.001_e5_s44,2323,4,0.2924,18.2488,5.702097404905795e-06,0.00028510487024528973
text+audio_text_ln_lrh0.001_e5_s44,2324,4,1.21602,25.0936,5.694987557767509e-06,0.0002847493778883754
text+audio_text_ln_lrh0.001_e5_s44,2325,4,0.52009,22.4197,5.687877710629222e-06,0.00028439388553146107
text+audio_text_ln_lrh0.001_e5_s44,2326,4,0.51533,19.7387,5.680767863490936e-06,0.00028403839317454676
text+audio_text_ln_lrh0.001_e5_s44,2327,4,0.76468,15.491,5.673658016352649e-06,0.00028368290081763245
text+audio_text_ln_lrh0.001_e5_s44,2328,4,0.65665,28.2435,5.666548169214362e-06,0.0002833274084607181
text+audio_text_ln_lrh0.001_e5_s44,2329,4,1.06477,26.9363,5.6594383220760765e-06,0.0002829719161038038
text+audio_text_ln_lrh0.001_e5_s44,2330,4,0.37265,22.6985,5.652328474937789e-06,0.00028261642374688943
text+audio_text_ln_lrh0.001_e5_s44,2331,4,0.64204,33.0814,5.645218627799502e-06,0.0002822609313899751
text+audio_text_ln_lrh0.001_e5_s44,2332,4,0.88472,35.0855,5.638108780661216e-06,0.0002819054390330608
text+audio_text_ln_lrh0.001_e5_s44,2333,4,0.83267,36.0315,5.6309989335229296e-06,0.00028154994667614646
text+audio_text_ln_lrh0.001_e5_s44,2334,4,0.37552,14.9904,5.623889086384643e-06,0.00028119445431923216
text+audio_text_ln_lrh0.001_e5_s44,2335,4,0.26519,15.0336,5.616779239246357e-06,0.00028083896196231785
text+audio_text_ln_lrh0.001_e5_s44,2336,4,1.20516,26.7665,5.60966939210807e-06,0.0002804834696054035
text+audio_text_ln_lrh0.001_e5_s44,2337,4,0.86517,22.1257,5.602559544969783e-06,0.00028012797724848913
text+audio_text_ln_lrh0.001_e5_s44,2338,4,0.34904,16.3232,5.5954496978314975e-06,0.0002797724848915749
text+audio_text_ln_lrh0.001_e5_s44,2339,4,0.66875,23.1098,5.588339850693211e-06,0.0002794169925346605
text+audio_text_ln_lrh0.001_e5_s44,2340,4,0.46478,34.6596,5.581230003554924e-06,0.00027906150017774616
text+audio_text_ln_lrh0.001_e5_s44,2341,4,0.88453,25.6109,5.574120156416637e-06,0.00027870600782083186
text+audio_text_ln_lrh0.001_e5_s44,2342,4,0.52542,23.0867,5.567010309278351e-06,0.00027835051546391755
text+audio_text_ln_lrh0.001_e5_s44,2343,4,0.65063,32.5449,5.559900462140065e-06,0.0002779950231070032
text+audio_text_ln_lrh0.001_e5_s44,2344,4,1.04179,30.2926,5.552790615001777e-06,0.00027763953075008883
text+audio_text_ln_lrh0.001_e5_s44,2345,4,0.42227,17.5619,5.545680767863492e-06,0.0002772840383931746
text+audio_text_ln_lrh0.001_e5_s44,2346,4,0.57834,23.3851,5.538570920725204e-06,0.0002769285460362602
text+audio_text_ln_lrh0.001_e5_s44,2347,4,0.59828,16.9472,5.531461073586918e-06,0.00027657305367934586
text+audio_text_ln_lrh0.001_e5_s44,2348,4,1.28714,27.4945,5.524351226448632e-06,0.0002762175613224316
text+audio_text_ln_lrh0.001_e5_s44,2349,4,0.65542,26.0278,5.517241379310345e-06,0.00027586206896551725
text+audio_text_ln_lrh0.001_e5_s44,2350,4,0.59036,28.4664,5.510131532172058e-06,0.0002755065766086029
text+audio_text_ln_lrh0.001_e5_s44,2351,4,1.18867,29.0084,5.503021685033772e-06,0.0002751510842516886
text+audio_text_ln_lrh0.001_e5_s44,2352,4,0.40473,24.4968,5.495911837895486e-06,0.0002747955918947743
text+audio_text_ln_lrh0.001_e5_s44,2353,4,0.4839,37.6755,5.488801990757199e-06,0.0002744400995378599
text+audio_text_ln_lrh0.001_e5_s44,2354,4,1.00645,26.1929,5.481692143618913e-06,0.0002740846071809456
text+audio_text_ln_lrh0.001_e5_s44,2355,4,0.44402,22.6811,5.474582296480626e-06,0.0002737291148240313
text+audio_text_ln_lrh0.001_e5_s44,2356,4,0.62403,31.4243,5.4674724493423394e-06,0.00027337362246711695
text+audio_text_ln_lrh0.001_e5_s44,2357,4,0.59583,19.3955,5.4603626022040535e-06,0.00027301813011020265
text+audio_text_ln_lrh0.001_e5_s44,2358,4,0.63643,30.8863,5.453252755065767e-06,0.0002726626377532883
text+audio_text_ln_lrh0.001_e5_s44,2359,4,0.9445,32.4116,5.44614290792748e-06,0.000272307145396374
text+audio_text_ln_lrh0.001_e5_s44,2360,4,0.96604,36.0481,5.439033060789194e-06,0.0002719516530394597
text+audio_text_ln_lrh0.001_e5_s44,2361,4,0.6887,29.2873,5.431923213650907e-06,0.0002715961606825453
text+audio_text_ln_lrh0.001_e5_s44,2362,4,0.54304,16.366,5.42481336651262e-06,0.000271240668325631
text+audio_text_ln_lrh0.001_e5_s44,2363,4,1.06268,29.3601,5.417703519374335e-06,0.0002708851759687167
text+audio_text_ln_lrh0.001_e5_s44,2364,4,0.37283,28.1687,5.410593672236047e-06,0.00027052968361180235
text+audio_text_ln_lrh0.001_e5_s44,2365,4,1.14366,31.1159,5.40348382509776e-06,0.000270174191254888
text+audio_text_ln_lrh0.001_e5_s44,2366,4,0.93124,28.4874,5.3963739779594745e-06,0.00026981869889797374
text+audio_text_ln_lrh0.001_e5_s44,2367,4,0.55584,16.2446,5.389264130821188e-06,0.0002694632065410594
text+audio_text_ln_lrh0.001_e5_s44,2368,4,0.93348,28.5538,5.382154283682901e-06,0.000269107714184145
text+audio_text_ln_lrh0.001_e5_s44,2369,4,1.23146,26.2069,5.375044436544615e-06,0.00026875222182723077
text+audio_text_ln_lrh0.001_e5_s44,2370,4,0.80499,27.6111,5.367934589406328e-06,0.0002683967294703164
text+audio_text_ln_lrh0.001_e5_s44,2371,4,1.20261,28.2424,5.360824742268042e-06,0.00026804123711340205
text+audio_text_ln_lrh0.001_e5_s44,2372,4,0.6978,42.7561,5.353714895129755e-06,0.0002676857447564877
text+audio_text_ln_lrh0.001_e5_s44,2373,4,0.60517,26.7879,5.346605047991469e-06,0.00026733025239957344
text+audio_text_ln_lrh0.001_e5_s44,2374,4,0.58853,27.9777,5.339495200853182e-06,0.0002669747600426591
text+audio_text_ln_lrh0.001_e5_s44,2375,4,0.32943,21.3009,5.3323853537148955e-06,0.0002666192676857447
text+audio_text_ln_lrh0.001_e5_s44,2376,4,0.33384,23.9411,5.32527550657661e-06,0.00026626377532883047
text+audio_text_ln_lrh0.001_e5_s44,2377,4,0.68343,27.9273,5.318165659438323e-06,0.0002659082829719161
text+audio_text_ln_lrh0.001_e5_s44,2378,4,0.75144,24.8679,5.311055812300035e-06,0.00026555279061500175
text+audio_text_ln_lrh0.001_e5_s44,2379,4,0.73825,19.6196,5.303945965161749e-06,0.00026519729825808745
text+audio_text_ln_lrh0.001_e5_s44,2380,4,0.77696,19.4475,5.296836118023463e-06,0.00026484180590117314
text+audio_text_ln_lrh0.001_e5_s44,2381,4,0.64949,22.5228,5.289726270885176e-06,0.0002644863135442588
text+audio_text_ln_lrh0.001_e5_s44,2382,4,0.58037,21.8148,5.28261642374689e-06,0.0002641308211873445
text+audio_text_ln_lrh0.001_e5_s44,2383,4,0.56453,23.5921,5.275506576608603e-06,0.00026377532883043017
text+audio_text_ln_lrh0.001_e5_s44,2384,4,0.35197,15.967,5.2683967294703164e-06,0.0002634198364735158
text+audio_text_ln_lrh0.001_e5_s44,2385,4,0.59589,18.0048,5.2612868823320305e-06,0.0002630643441166015
text+audio_text_ln_lrh0.001_e5_s44,2386,4,0.33331,21.5551,5.254177035193744e-06,0.00026270885175968715
text+audio_text_ln_lrh0.001_e5_s44,2387,4,0.7564,31.4292,5.247067188055457e-06,0.00026235335940277284
text+audio_text_ln_lrh0.001_e5_s44,2388,4,0.65958,24.7958,5.239957340917171e-06,0.00026199786704585854
text+audio_text_ln_lrh0.001_e5_s44,2389,4,0.22235,18.7667,5.232847493778884e-06,0.0002616423746889442
text+audio_text_ln_lrh0.001_e5_s44,2390,4,0.29946,16.9843,5.225737646640598e-06,0.00026128688233202987
text+audio_text_ln_lrh0.001_e5_s44,2391,4,0.33777,24.8154,5.218627799502312e-06,0.00026093138997511557
text+audio_text_ln_lrh0.001_e5_s44,2392,4,0.45606,21.3616,5.211517952364025e-06,0.0002605758976182012
text+audio_text_ln_lrh0.001_e5_s44,2393,4,0.95032,62.4319,5.204408105225737e-06,0.00026022040526128685
text+audio_text_ln_lrh0.001_e5_s44,2394,4,0.37724,31.117,5.197298258087452e-06,0.0002598649129043726
text+audio_text_ln_lrh0.001_e5_s44,2395,4,0.63272,26.0071,5.190188410949165e-06,0.00025950942054745824
text+audio_text_ln_lrh0.001_e5_s44,2396,4,0.92054,28.8714,5.183078563810878e-06,0.0002591539281905439
text+audio_text_ln_lrh0.001_e5_s44,2397,4,0.76521,30.5952,5.175968716672592e-06,0.00025879843583362963
text+audio_text_ln_lrh0.001_e5_s44,2398,4,0.71284,25.5894,5.168858869534305e-06,0.00025844294347671527
text+audio_text_ln_lrh0.001_e5_s44,2399,4,0.37761,22.6209,5.161749022396019e-06,0.0002580874511198009
text+audio_text_ln_lrh0.001_e5_s44,2400,4,0.68738,30.3196,5.154639175257732e-06,0.00025773195876288655
text+audio_text_ln_lrh0.001_e5_s44,2401,4,0.55321,27.1827,5.147529328119446e-06,0.0002573764664059723
text+audio_text_ln_lrh0.001_e5_s44,2402,4,0.872,26.5533,5.140419480981159e-06,0.00025702097404905794
text+audio_text_ln_lrh0.001_e5_s44,2403,4,0.51059,20.1737,5.1333096338428725e-06,0.0002566654816921436
text+audio_text_ln_lrh0.001_e5_s44,2404,4,0.61215,27.4219,5.126199786704587e-06,0.00025630998933522933
text+audio_text_ln_lrh0.001_e5_s44,2405,4,0.64557,26.2159,5.1190899395663e-06,0.00025595449697831497
text+audio_text_ln_lrh0.001_e5_s44,2406,4,0.45807,23.5438,5.111980092428013e-06,0.0002555990046214006
text+audio_text_ln_lrh0.001_e5_s44,2407,4,1.067,30.3152,5.104870245289727e-06,0.00025524351226448636
text+audio_text_ln_lrh0.001_e5_s44,2408,4,0.38874,16.3983,5.0977603981514404e-06,0.000254888019907572
text+audio_text_ln_lrh0.001_e5_s44,2409,4,0.71218,27.284,5.090650551013153e-06,0.00025453252755065764
text+audio_text_ln_lrh0.001_e5_s44,2410,4,0.60069,21.3656,5.083540703874868e-06,0.00025417703519374334
text+audio_text_ln_lrh0.001_e5_s44,2411,4,0.56204,24.9364,5.07643085673658e-06,0.00025382154283682903
text+audio_text_ln_lrh0.001_e5_s44,2412,4,0.46812,24.8405,5.0693210095982934e-06,0.00025346605047991467
text+audio_text_ln_lrh0.001_e5_s44,2413,4,0.53125,32.1631,5.0622111624600075e-06,0.00025311055812300037
text+audio_text_ln_lrh0.001_e5_s44,2414,4,1.02849,28.7422,5.055101315321721e-06,0.00025275506576608606
text+audio_text_ln_lrh0.001_e5_s44,2415,4,0.58553,18.8727,5.047991468183434e-06,0.0002523995734091717
text+audio_text_ln_lrh0.001_e5_s44,2416,4,0.29194,19.5049,5.040881621045148e-06,0.0002520440810522574
text+audio_text_ln_lrh0.001_e5_s44,2417,4,0.42957,18.8827,5.033771773906861e-06,0.00025168858869534304
text+audio_text_ln_lrh0.001_e5_s44,2418,4,0.83639,37.648,5.026661926768575e-06,0.00025133309633842873
text+audio_text_ln_lrh0.001_e5_s44,2419,4,0.24769,21.3582,5.019552079630289e-06,0.0002509776039815144
text+audio_text_ln_lrh0.001_e5_s44,2420,4,0.945,26.4827,5.012442232492002e-06,0.00025062211162460007
text+audio_text_ln_lrh0.001_e5_s44,2421,4,0.62003,30.8235,5.005332385353715e-06,0.00025026661926768576
text+audio_text_ln_lrh0.001_e5_s44,2422,4,0.78117,36.965,4.9982225382154285e-06,0.0002499111269107714
text+audio_text_ln_lrh0.001_e5_s44,2423,4,0.68492,43.9628,4.991112691077143e-06,0.0002495556345538571
text+audio_text_ln_lrh0.001_e5_s44,2424,4,0.94328,39.3314,4.984002843938856e-06,0.00024920014219694274
text+audio_text_ln_lrh0.001_e5_s44,2425,4,0.17329,12.5362,4.976892996800569e-06,0.00024884464984002843
text+audio_text_ln_lrh0.001_e5_s44,2426,4,0.38295,13.3903,4.969783149662283e-06,0.0002484891574831141
text+audio_text_ln_lrh0.001_e5_s44,2427,4,0.50754,20.0855,4.962673302523996e-06,0.00024813366512619977
text+audio_text_ln_lrh0.001_e5_s44,2428,4,0.57971,26.1056,4.95556345538571e-06,0.00024777817276928546
text+audio_text_ln_lrh0.001_e5_s44,2429,4,0.7983,29.8804,4.948453608247423e-06,0.00024742268041237116
text+audio_text_ln_lrh0.001_e5_s44,2430,4,0.49537,12.1084,4.941343761109136e-06,0.0002470671880554568
text+audio_text_ln_lrh0.001_e5_s44,2431,4,0.64986,26.8087,4.93423391397085e-06,0.0002467116956985425
text+audio_text_ln_lrh0.001_e5_s44,2432,4,0.39704,19.3762,4.9271240668325636e-06,0.0002463562033416282
text+audio_text_ln_lrh0.001_e5_s44,2433,4,0.46555,20.0424,4.920014219694277e-06,0.00024600071098471383
text+audio_text_ln_lrh0.001_e5_s44,2434,4,0.92231,40.8926,4.912904372555991e-06,0.0002456452186277995
text+audio_text_ln_lrh0.001_e5_s44,2435,4,0.25305,11.1758,4.905794525417704e-06,0.0002452897262708852
text+audio_text_ln_lrh0.001_e5_s44,2436,4,0.87792,35.4862,4.8986846782794174e-06,0.00024493423391397086
text+audio_text_ln_lrh0.001_e5_s44,2437,4,0.85442,33.9982,4.891574831141131e-06,0.00024457874155705655
text+audio_text_ln_lrh0.001_e5_s44,2438,4,1.68431,25.0077,4.884464984002844e-06,0.0002442232492001422
text+audio_text_ln_lrh0.001_e5_s44,2439,4,0.50143,20.7733,4.877355136864558e-06,0.00024386775684322786
text+audio_text_ln_lrh0.001_e5_s44,2440,4,0.42925,18.9748,4.870245289726271e-06,0.00024351226448631356
text+audio_text_ln_lrh0.001_e5_s44,2441,4,0.30762,20.7334,4.8631354425879845e-06,0.00024315677212939922
text+audio_text_ln_lrh0.001_e5_s44,2442,4,0.56735,32.0285,4.856025595449698e-06,0.0002428012797724849
text+audio_text_ln_lrh0.001_e5_s44,2443,4,0.56656,24.8172,4.848915748311412e-06,0.00024244578741557059
text+audio_text_ln_lrh0.001_e5_s44,2444,4,1.02174,29.2202,4.841805901173125e-06,0.00024209029505865623
text+audio_text_ln_lrh0.001_e5_s44,2445,4,0.20585,13.1455,4.834696054034838e-06,0.00024173480270174192
text+audio_text_ln_lrh0.001_e5_s44,2446,4,1.17785,36.8204,4.8275862068965525e-06,0.0002413793103448276
text+audio_text_ln_lrh0.001_e5_s44,2447,4,1.35808,48.1255,4.820476359758266e-06,0.00024102381798791326
text+audio_text_ln_lrh0.001_e5_s44,2448,4,0.76912,24.6166,4.813366512619979e-06,0.00024066832563099895
text+audio_text_ln_lrh0.001_e5_s44,2449,4,0.31653,17.7101,4.806256665481693e-06,0.00024031283327408462
text+audio_text_ln_lrh0.001_e5_s44,2450,4,0.92857,23.4538,4.7991468183434055e-06,0.0002399573409171703
text+audio_text_ln_lrh0.001_e5_s44,2451,4,0.63776,24.0367,4.79203697120512e-06,0.00023960184856025595
text+audio_text_ln_lrh0.001_e5_s44,2452,4,0.50917,19.8999,4.784927124066833e-06,0.00023924635620334162
text+audio_text_ln_lrh0.001_e5_s44,2453,4,0.73949,27.1791,4.777817276928546e-06,0.0002388908638464273
text+audio_text_ln_lrh0.001_e5_s44,2454,4,0.22072,10.6702,4.77070742979026e-06,0.00023853537148951299
text+audio_text_ln_lrh0.001_e5_s44,2455,4,0.79,19.0761,4.7635975826519735e-06,0.00023817987913259865
text+audio_text_ln_lrh0.001_e5_s44,2456,4,0.60347,29.3979,4.756487735513687e-06,0.00023782438677568432
text+audio_text_ln_lrh0.001_e5_s44,2457,4,0.54676,24.5012,4.749377888375401e-06,0.00023746889441877002
text+audio_text_ln_lrh0.001_e5_s44,2458,4,0.83149,29.877,4.742268041237113e-06,0.00023711340206185566
text+audio_text_ln_lrh0.001_e5_s44,2459,4,0.3397,20.1561,4.735158194098827e-06,0.00023675790970494135
text+audio_text_ln_lrh0.001_e5_s44,2460,4,1.04187,26.3102,4.7280483469605406e-06,0.00023640241734802705
text+audio_text_ln_lrh0.001_e5_s44,2461,4,0.86197,25.1706,4.720938499822254e-06,0.00023604692499111269
text+audio_text_ln_lrh0.001_e5_s44,2462,4,0.8717,28.7193,4.713828652683968e-06,0.00023569143263419838
text+audio_text_ln_lrh0.001_e5_s44,2463,4,0.54077,36.8811,4.706718805545681e-06,0.00023533594027728405
text+audio_text_ln_lrh0.001_e5_s44,2464,4,0.64145,25.6265,4.6996089584073944e-06,0.00023498044792036972
text+audio_text_ln_lrh0.001_e5_s44,2465,4,0.27483,20.8366,4.6924991112691085e-06,0.00023462495556345538
text+audio_text_ln_lrh0.001_e5_s44,2466,4,0.68706,21.3155,4.685389264130822e-06,0.00023426946320654108
text+audio_text_ln_lrh0.001_e5_s44,2467,4,0.61985,18.3799,4.678279416992535e-06,0.00023391397084962675
text+audio_text_ln_lrh0.001_e5_s44,2468,4,1.25868,47.8101,4.671169569854248e-06,0.00023355847849271241
text+audio_text_ln_lrh0.001_e5_s44,2469,4,0.3767,17.745,4.6640597227159615e-06,0.00023320298613579808
text+audio_text_ln_lrh0.001_e5_s44,2470,4,0.54883,19.3134,4.656949875577676e-06,0.00023284749377888375
text+audio_text_ln_lrh0.001_e5_s44,2471,4,0.63603,31.4869,4.649840028439389e-06,0.00023249200142196944
text+audio_text_ln_lrh0.001_e5_s44,2472,4,1.08819,35.3489,4.642730181301102e-06,0.00023213650906505509
text+audio_text_ln_lrh0.001_e5_s44,2473,4,0.53467,21.1278,4.635620334162816e-06,0.00023178101670814078
text+audio_text_ln_lrh0.001_e5_s44,2474,4,0.87747,24.4053,4.6285104870245295e-06,0.00023142552435122647
text+audio_text_ln_lrh0.001_e5_s44,2475,4,0.82535,26.0317,4.621400639886243e-06,0.00023107003199431212
text+audio_text_ln_lrh0.001_e5_s44,2476,4,0.68213,19.8291,4.614290792747956e-06,0.0002307145396373978
text+audio_text_ln_lrh0.001_e5_s44,2477,4,0.32906,37.819,4.60718094560967e-06,0.00023035904728048348
text+audio_text_ln_lrh0.001_e5_s44,2478,4,0.52921,20.2006,4.600071098471383e-06,0.00023000355492356915
text+audio_text_ln_lrh0.001_e5_s44,2479,4,0.4436,28.4681,4.592961251333097e-06,0.0002296480625666548
text+audio_text_ln_lrh0.001_e5_s44,2480,4,0.69213,34.1981,4.585851404194811e-06,0.0002292925702097405
text+audio_text_ln_lrh0.001_e5_s44,2481,4,0.88891,34.9273,4.578741557056524e-06,0.00022893707785282618
text+audio_text_ln_lrh0.001_e5_s44,2482,4,0.82384,23.4736,4.571631709918237e-06,0.00022858158549591184
text+audio_text_ln_lrh0.001_e5_s44,2483,4,1.21543,23.3976,4.5645218627799505e-06,0.0002282260931389975
text+audio_text_ln_lrh0.001_e5_s44,2484,4,0.36066,14.6458,4.557412015641664e-06,0.00022787060078208318
text+audio_text_ln_lrh0.001_e5_s44,2485,4,0.94369,43.8194,4.550302168503378e-06,0.00022751510842516887
text+audio_text_ln_lrh0.001_e5_s44,2486,4,0.52129,30.3721,4.543192321365091e-06,0.00022715961606825451
text+audio_text_ln_lrh0.001_e5_s44,2487,4,1.22467,41.77,4.536082474226804e-06,0.0002268041237113402
text+audio_text_ln_lrh0.001_e5_s44,2488,4,0.45433,25.7436,4.528972627088518e-06,0.0002264486313544259
text+audio_text_ln_lrh0.001_e5_s44,2489,4,0.37451,18.3932,4.521862779950232e-06,0.00022609313899751154
text+audio_text_ln_lrh0.001_e5_s44,2490,4,0.86724,32.7896,4.514752932811945e-06,0.00022573764664059724
text+audio_text_ln_lrh0.001_e5_s44,2491,4,0.53638,37.0381,4.507643085673659e-06,0.0002253821542836829
text+audio_text_ln_lrh0.001_e5_s44,2492,4,0.91903,39.3663,4.5005332385353714e-06,0.00022502666192676857
text+audio_text_ln_lrh0.001_e5_s44,2493,4,0.4373,22.7012,4.4934233913970855e-06,0.00022467116956985424
text+audio_text_ln_lrh0.001_e5_s44,2494,4,0.15018,10.3169,4.486313544258799e-06,0.00022431567721293994
text+audio_text_ln_lrh0.001_e5_s44,2495,4,1.45188,35.4924,4.479203697120512e-06,0.0002239601848560256
text+audio_text_ln_lrh0.001_e5_s44,2496,4,0.54548,20.1166,4.472093849982226e-06,0.00022360469249911127
text+audio_text_ln_lrh0.001_e5_s44,2497,4,1.04966,36.2269,4.4649840028439385e-06,0.00022324920014219694
text+audio_text_ln_lrh0.001_e5_s44,2498,4,0.56555,19.7814,4.457874155705653e-06,0.0002228937077852826
text+audio_text_ln_lrh0.001_e5_s44,2499,4,0.30625,16.2642,4.450764308567366e-06,0.0002225382154283683
text+audio_text_ln_lrh0.001_e5_s44,2500,4,0.03218,3.6527,4.443654461429079e-06,0.00022218272307145394
text+audio_text_ln_lrh0.001_e5_s44,2501,5,0.49944,25.277,4.436544614290793e-06,0.00022182723071453964
text+audio_text_ln_lrh0.001_e5_s44,2502,5,0.14004,9.9605,4.4294347671525065e-06,0.00022147173835762533
text+audio_text_ln_lrh0.001_e5_s44,2503,5,0.29464,15.7737,4.42232492001422e-06,0.00022111624600071097
text+audio_text_ln_lrh0.001_e5_s44,2504,5,0.5076,20.8072,4.415215072875934e-06,0.00022076075364379667
text+audio_text_ln_lrh0.001_e5_s44,2505,5,0.34754,22.9906,4.408105225737647e-06,0.00022040526128688234
text+audio_text_ln_lrh0.001_e5_s44,2506,5,0.43861,14.191,4.40099537859936e-06,0.000220049768929968
text+audio_text_ln_lrh0.001_e5_s44,2507,5,0.38566,17.6577,4.393885531461074e-06,0.0002196942765730537
text+audio_text_ln_lrh0.001_e5_s44,2508,5,0.62743,22.5456,4.386775684322788e-06,0.00021933878421613937
text+audio_text_ln_lrh0.001_e5_s44,2509,5,0.44555,14.7072,4.379665837184501e-06,0.00021898329185922503
text+audio_text_ln_lrh0.001_e5_s44,2510,5,0.53646,17.983,4.372555990046214e-06,0.0002186277995023107
text+audio_text_ln_lrh0.001_e5_s44,2511,5,0.63893,33.5223,4.3654461429079275e-06,0.00021827230714539637
text+audio_text_ln_lrh0.001_e5_s44,2512,5,0.64453,28.5599,4.3583362957696416e-06,0.00021791681478848204
text+audio_text_ln_lrh0.001_e5_s44,2513,5,0.83045,29.3517,4.351226448631355e-06,0.00021756132243156773
text+audio_text_ln_lrh0.001_e5_s44,2514,5,0.46471,14.2972,4.344116601493068e-06,0.0002172058300746534
text+audio_text_ln_lrh0.001_e5_s44,2515,5,0.30162,22.8162,4.337006754354781e-06,0.00021685033771773907
text+audio_text_ln_lrh0.001_e5_s44,2516,5,0.52498,31.6986,4.329896907216495e-06,0.00021649484536082476
text+audio_text_ln_lrh0.001_e5_s44,2517,5,0.67365,27.2757,4.322787060078209e-06,0.0002161393530039104
text+audio_text_ln_lrh0.001_e5_s44,2518,5,0.57705,29.1695,4.315677212939922e-06,0.0002157838606469961
text+audio_text_ln_lrh0.001_e5_s44,2519,5,0.19431,10.4599,4.308567365801636e-06,0.00021542836829008177
text+audio_text_ln_lrh0.001_e5_s44,2520,5,0.51099,19.2168,4.301457518663349e-06,0.00021507287593316743
text+audio_text_ln_lrh0.001_e5_s44,2521,5,0.54889,20.3782,4.2943476715250625e-06,0.00021471738357625313
text+audio_text_ln_lrh0.001_e5_s44,2522,5,0.71276,41.9785,4.287237824386777e-06,0.0002143618912193388
text+audio_text_ln_lrh0.001_e5_s44,2523,5,0.77572,42.9238,4.280127977248489e-06,0.00021400639886242446
text+audio_text_ln_lrh0.001_e5_s44,2524,5,0.20485,12.5714,4.273018130110203e-06,0.00021365090650551013
text+audio_text_ln_lrh0.001_e5_s44,2525,5,0.92067,24.3017,4.265908282971916e-06,0.00021329541414859583
text+audio_text_ln_lrh0.001_e5_s44,2526,5,0.33666,16.1411,4.25879843583363e-06,0.00021293992179168147
text+audio_text_ln_lrh0.001_e5_s44,2527,5,0.47286,15.856,4.251688588695344e-06,0.00021258442943476716
text+audio_text_ln_lrh0.001_e5_s44,2528,5,1.21848,32.8843,4.244578741557057e-06,0.00021222893707785283
text+audio_text_ln_lrh0.001_e5_s44,2529,5,0.49036,17.3326,4.23746889441877e-06,0.0002118734447209385
text+audio_text_ln_lrh0.001_e5_s44,2530,5,0.42703,24.3029,4.230359047280484e-06,0.0002115179523640242
text+audio_text_ln_lrh0.001_e5_s44,2531,5,0.8583,25.0872,4.223249200142197e-06,0.00021116246000710983
text+audio_text_ln_lrh0.001_e5_s44,2532,5,0.92911,35.415,4.216139353003911e-06,0.00021080696765019553
text+audio_text_ln_lrh0.001_e5_s44,2533,5,0.39822,16.2829,4.209029505865624e-06,0.0002104514752932812
text+audio_text_ln_lrh0.001_e5_s44,2534,5,0.4454,20.952,4.201919658727337e-06,0.00021009598293636686
text+audio_text_ln_lrh0.001_e5_s44,2535,5,0.28108,14.7124,4.1948098115890514e-06,0.00020974049057945256
text+audio_text_ln_lrh0.001_e5_s44,2536,5,0.76465,25.5107,4.187699964450765e-06,0.00020938499822253822
text+audio_text_ln_lrh0.001_e5_s44,2537,5,0.53955,19.6788,4.180590117312478e-06,0.0002090295058656239
text+audio_text_ln_lrh0.001_e5_s44,2538,5,0.42842,22.598,4.173480270174192e-06,0.00020867401350870956
text+audio_text_ln_lrh0.001_e5_s44,2539,5,0.53571,21.2554,4.166370423035905e-06,0.00020831852115179526
text+audio_text_ln_lrh0.001_e5_s44,2540,5,0.44693,17.3336,4.1592605758976186e-06,0.00020796302879488092
text+audio_text_ln_lrh0.001_e5_s44,2541,5,0.16615,12.2878,4.152150728759332e-06,0.0002076075364379666
text+audio_text_ln_lrh0.001_e5_s44,2542,5,0.39032,20.5609,4.145040881621045e-06,0.00020725204408105226
text+audio_text_ln_lrh0.001_e5_s44,2543,5,0.66024,28.9164,4.137931034482759e-06,0.00020689655172413793
text+audio_text_ln_lrh0.001_e5_s44,2544,5,0.58743,28.1853,4.130821187344472e-06,0.00020654105936722362
text+audio_text_ln_lrh0.001_e5_s44,2545,5,0.5369,20.3558,4.123711340206186e-06,0.00020618556701030926
text+audio_text_ln_lrh0.001_e5_s44,2546,5,0.16053,10.6056,4.1166014930679e-06,0.00020583007465339496
text+audio_text_ln_lrh0.001_e5_s44,2547,5,1.14477,36.1259,4.109491645929613e-06,0.00020547458229648065
text+audio_text_ln_lrh0.001_e5_s44,2548,5,0.35751,20.2413,4.102381798791326e-06,0.0002051190899395663
text+audio_text_ln_lrh0.001_e5_s44,2549,5,0.75234,25.6625,4.0952719516530395e-06,0.00020476359758265199
text+audio_text_ln_lrh0.001_e5_s44,2550,5,0.2986,20.8941,4.088162104514754e-06,0.00020440810522573765
text+audio_text_ln_lrh0.001_e5_s44,2551,5,0.30114,20.8818,4.081052257376467e-06,0.00020405261286882332
text+audio_text_ln_lrh0.001_e5_s44,2552,5,0.66116,28.009,4.07394241023818e-06,0.000203697120511909
text+audio_text_ln_lrh0.001_e5_s44,2553,5,0.19669,14.2021,4.066832563099894e-06,0.00020334162815499468
text+audio_text_ln_lrh0.001_e5_s44,2554,5,0.4183,31.3135,4.059722715961607e-06,0.00020298613579808035
text+audio_text_ln_lrh0.001_e5_s44,2555,5,0.58849,34.0243,4.052612868823321e-06,0.00020263064344116602
text+audio_text_ln_lrh0.001_e5_s44,2556,5,1.07585,47.084,4.045503021685034e-06,0.0002022751510842517
text+audio_text_ln_lrh0.001_e5_s44,2557,5,0.93405,40.7358,4.038393174546747e-06,0.00020191965872733736
text+audio_text_ln_lrh0.001_e5_s44,2558,5,0.3538,16.4464,4.031283327408461e-06,0.00020156416637042305
text+audio_text_ln_lrh0.001_e5_s44,2559,5,1.00686,30.3859,4.024173480270175e-06,0.0002012086740135087
text+audio_text_ln_lrh0.001_e5_s44,2560,5,0.60852,28.1456,4.017063633131888e-06,0.00020085318165659439
text+audio_text_ln_lrh0.001_e5_s44,2561,5,0.49918,25.8553,4.009953785993602e-06,0.00020049768929968008
text+audio_text_ln_lrh0.001_e5_s44,2562,5,0.16702,17.7161,4.002843938855314e-06,0.00020014219694276572
text+audio_text_ln_lrh0.001_e5_s44,2563,5,0.52468,35.5227,3.9957340917170284e-06,0.00019978670458585142
text+audio_text_ln_lrh0.001_e5_s44,2564,5,0.38276,23.365,3.988624244578742e-06,0.00019943121222893708
text+audio_text_ln_lrh0.001_e5_s44,2565,5,0.11758,9.4292,3.981514397440455e-06,0.00019907571987202275
text+audio_text_ln_lrh0.001_e5_s44,2566,5,0.28972,18.6893,3.974404550302169e-06,0.00019872022751510842
text+audio_text_ln_lrh0.001_e5_s44,2567,5,0.7527,32.9992,3.967294703163882e-06,0.00019836473515819411
text+audio_text_ln_lrh0.001_e5_s44,2568,5,0.40068,17.5545,3.9601848560255956e-06,0.00019800924280127978
text+audio_text_ln_lrh0.001_e5_s44,2569,5,0.82219,22.9475,3.95307500888731e-06,0.00019765375044436545
text+audio_text_ln_lrh0.001_e5_s44,2570,5,0.12757,11.7501,3.945965161749022e-06,0.00019729825808745112
text+audio_text_ln_lrh0.001_e5_s44,2571,5,0.31773,19.9717,3.938855314610736e-06,0.00019694276573053678
text+audio_text_ln_lrh0.001_e5_s44,2572,5,0.18547,15.8401,3.931745467472449e-06,0.00019658727337362248
text+audio_text_ln_lrh0.001_e5_s44,2573,5,0.63988,30.6785,3.924635620334163e-06,0.00019623178101670812
text+audio_text_ln_lrh0.001_e5_s44,2574,5,0.14909,20.8098,3.917525773195877e-06,0.00019587628865979381
text+audio_text_ln_lrh0.001_e5_s44,2575,5,0.40354,25.6624,3.91041592605759e-06,0.0001955207963028795
text+audio_text_ln_lrh0.001_e5_s44,2576,5,0.75767,30.7729,3.903306078919303e-06,0.00019516530394596515
text+audio_text_ln_lrh0.001_e5_s44,2577,5,0.82339,32.6235,3.896196231781017e-06,0.00019480981158905084
text+audio_text_ln_lrh0.001_e5_s44,2578,5,0.4753,23.6288,3.889086384642731e-06,0.0001944543192321365
text+audio_text_ln_lrh0.001_e5_s44,2579,5,0.15516,22.3548,3.881976537504444e-06,0.00019409882687522218
text+audio_text_ln_lrh0.001_e5_s44,2580,5,1.01654,43.8289,3.874866690366157e-06,0.00019374333451830788
text+audio_text_ln_lrh0.001_e5_s44,2581,5,0.43487,20.2959,3.867756843227871e-06,0.00019338784216139354
text+audio_text_ln_lrh0.001_e5_s44,2582,5,0.16344,12.5078,3.8606469960895845e-06,0.0001930323498044792
text+audio_text_ln_lrh0.001_e5_s44,2583,5,0.87139,43.268,3.853537148951298e-06,0.00019267685744756488
text+audio_text_ln_lrh0.001_e5_s44,2584,5,1.05813,34.1329,3.846427301813012e-06,0.00019232136509065057
text+audio_text_ln_lrh0.001_e5_s44,2585,5,0.4509,17.9136,3.839317454674725e-06,0.00019196587273373621
text+audio_text_ln_lrh0.001_e5_s44,2586,5,0.4158,21.0031,3.832207607536438e-06,0.0001916103803768219
text+audio_text_ln_lrh0.001_e5_s44,2587,5,0.41831,25.8678,3.825097760398152e-06,0.00019125488801990758
text+audio_text_ln_lrh0.001_e5_s44,2588,5,0.88097,26.9102,3.817987913259865e-06,0.00019089939566299324
text+audio_text_ln_lrh0.001_e5_s44,2589,5,0.70494,31.6938,3.810878066121579e-06,0.00019054390330607894
text+audio_text_ln_lrh0.001_e5_s44,2590,5,0.62179,20.4207,3.8037682189832918e-06,0.00019018841094916458
text+audio_text_ln_lrh0.001_e5_s44,2591,5,0.35762,15.3942,3.7966583718450054e-06,0.00018983291859225027
text+audio_text_ln_lrh0.001_e5_s44,2592,5,0.34796,24.652,3.789548524706719e-06,0.00018947742623533594
text+audio_text_ln_lrh0.001_e5_s44,2593,5,0.4538,32.4432,3.7824386775684324e-06,0.0001891219338784216
text+audio_text_ln_lrh0.001_e5_s44,2594,5,0.28999,20.8888,3.775328830430146e-06,0.0001887664415215073
text+audio_text_ln_lrh0.001_e5_s44,2595,5,0.46828,27.1959,3.7682189832918597e-06,0.00018841094916459297
text+audio_text_ln_lrh0.001_e5_s44,2596,5,0.61523,21.15,3.761109136153573e-06,0.00018805545680767864
text+audio_text_ln_lrh0.001_e5_s44,2597,5,0.79466,27.5808,3.7539992890152867e-06,0.0001876999644507643
text+audio_text_ln_lrh0.001_e5_s44,2598,5,0.50643,24.6377,3.7468894418770003e-06,0.00018734447209385
text+audio_text_ln_lrh0.001_e5_s44,2599,5,0.52469,39.4001,3.739779594738713e-06,0.00018698897973693564
text+audio_text_ln_lrh0.001_e5_s44,2600,5,0.66612,25.9162,3.732669747600427e-06,0.00018663348738002134
text+audio_text_ln_lrh0.001_e5_s44,2601,5,0.17709,15.1813,3.72555990046214e-06,0.000186277995023107
text+audio_text_ln_lrh0.001_e5_s44,2602,5,0.2906,28.7353,3.7184500533238538e-06,0.00018592250266619267
text+audio_text_ln_lrh0.001_e5_s44,2603,5,0.35599,14.6889,3.7113402061855674e-06,0.00018556701030927837
text+audio_text_ln_lrh0.001_e5_s44,2604,5,0.64941,28.2427,3.7042303590472807e-06,0.000185211517952364
text+audio_text_ln_lrh0.001_e5_s44,2605,5,0.29336,19.3723,3.6971205119089944e-06,0.0001848560255954497
text+audio_text_ln_lrh0.001_e5_s44,2606,5,0.28592,18.8235,3.690010664770708e-06,0.00018450053323853537
text+audio_text_ln_lrh0.001_e5_s44,2607,5,1.52868,36.3866,3.682900817632421e-06,0.00018414504088162104
text+audio_text_ln_lrh0.001_e5_s44,2608,5,0.36841,21.408,3.6757909704941345e-06,0.00018378954852470673
text+audio_text_ln_lrh0.001_e5_s44,2609,5,0.59376,39.6828,3.6686811233558482e-06,0.0001834340561677924
text+audio_text_ln_lrh0.001_e5_s44,2610,5,0.78987,22.6446,3.6615712762175615e-06,0.00018307856381087807
text+audio_text_ln_lrh0.001_e5_s44,2611,5,0.90063,26.3443,3.654461429079275e-06,0.00018272307145396374
text+audio_text_ln_lrh0.001_e5_s44,2612,5,0.18017,15.3377,3.647351581940989e-06,0.00018236757909704943
text+audio_text_ln_lrh0.001_e5_s44,2613,5,1.45781,37.1185,3.640241734802702e-06,0.00018201208674013507
text+audio_text_ln_lrh0.001_e5_s44,2614,5,0.6536,26.1718,3.6331318876644158e-06,0.00018165659438322077
text+audio_text_ln_lrh0.001_e5_s44,2615,5,0.36595,21.0907,3.6260220405261286e-06,0.00018130110202630643
text+audio_text_ln_lrh0.001_e5_s44,2616,5,0.30007,17.9811,3.6189121933878423e-06,0.0001809456096693921
text+audio_text_ln_lrh0.001_e5_s44,2617,5,0.62177,27.1897,3.611802346249556e-06,0.0001805901173124778
text+audio_text_ln_lrh0.001_e5_s44,2618,5,0.57018,31.5211,3.604692499111269e-06,0.00018023462495556344
text+audio_text_ln_lrh0.001_e5_s44,2619,5,0.8121,26.0806,3.597582651972983e-06,0.00017987913259864913
text+audio_text_ln_lrh0.001_e5_s44,2620,5,0.53819,37.2233,3.5904728048346965e-06,0.00017952364024173483
text+audio_text_ln_lrh0.001_e5_s44,2621,5,0.85926,40.519,3.58336295769641e-06,0.00017916814788482047
text+audio_text_ln_lrh0.001_e5_s44,2622,5,0.90282,38.3469,3.5762531105581235e-06,0.00017881265552790616
text+audio_text_ln_lrh0.001_e5_s44,2623,5,0.36712,22.7618,3.569143263419837e-06,0.00017845716317099183
text+audio_text_ln_lrh0.001_e5_s44,2624,5,0.42071,23.9306,3.56203341628155e-06,0.0001781016708140775
text+audio_text_ln_lrh0.001_e5_s44,2625,5,0.86242,28.0462,3.5549235691432637e-06,0.00017774617845716317
text+audio_text_ln_lrh0.001_e5_s44,2626,5,0.11038,8.8079,3.5478137220049773e-06,0.00017739068610024886
text+audio_text_ln_lrh0.001_e5_s44,2627,5,0.7843,27.9897,3.5407038748666906e-06,0.00017703519374333453
text+audio_text_ln_lrh0.001_e5_s44,2628,5,0.42406,16.7599,3.5335940277284043e-06,0.0001766797013864202
text+audio_text_ln_lrh0.001_e5_s44,2629,5,0.4556,17.178,3.526484180590118e-06,0.0001763242090295059
text+audio_text_ln_lrh0.001_e5_s44,2630,5,0.61707,32.1757,3.519374333451831e-06,0.00017596871667259153
text+audio_text_ln_lrh0.001_e5_s44,2631,5,0.32055,19.5931,3.512264486313545e-06,0.00017561322431567723
text+audio_text_ln_lrh0.001_e5_s44,2632,5,0.743,24.7438,3.5051546391752577e-06,0.00017525773195876287
text+audio_text_ln_lrh0.001_e5_s44,2633,5,0.3798,25.7156,3.4980447920369714e-06,0.00017490223960184856
text+audio_text_ln_lrh0.001_e5_s44,2634,5,0.37634,15.9702,3.490934944898685e-06,0.00017454674724493426
text+audio_text_ln_lrh0.001_e5_s44,2635,5,0.40185,19.5297,3.4838250977603983e-06,0.0001741912548880199
text+audio_text_ln_lrh0.001_e5_s44,2636,5,0.84223,51.4966,3.476715250622112e-06,0.0001738357625311056
text+audio_text_ln_lrh0.001_e5_s44,2637,5,0.35981,27.8958,3.4696054034838256e-06,0.00017348027017419126
text+audio_text_ln_lrh0.001_e5_s44,2638,5,0.83878,31.6671,3.462495556345539e-06,0.00017312477781727693
text+audio_text_ln_lrh0.001_e5_s44,2639,5,0.18982,11.6453,3.455385709207252e-06,0.0001727692854603626
text+audio_text_ln_lrh0.001_e5_s44,2640,5,0.88039,24.1797,3.448275862068966e-06,0.0001724137931034483
text+audio_text_ln_lrh0.001_e5_s44,2641,5,0.86383,49.4055,3.441166014930679e-06,0.00017205830074653396
text+audio_text_ln_lrh0.001_e5_s44,2642,5,0.23455,11.6774,3.4340561677923928e-06,0.00017170280838961963
text+audio_text_ln_lrh0.001_e5_s44,2643,5,0.72036,17.5228,3.4269463206541064e-06,0.00017134731603270532
text+audio_text_ln_lrh0.001_e5_s44,2644,5,0.31835,15.0131,3.4198364735158197e-06,0.00017099182367579096
text+audio_text_ln_lrh0.001_e5_s44,2645,5,0.42004,22.4316,3.4127266263775334e-06,0.00017063633131887666
text+audio_text_ln_lrh0.001_e5_s44,2646,5,1.10009,49.5768,3.405616779239246e-06,0.0001702808389619623
text+audio_text_ln_lrh0.001_e5_s44,2647,5,0.75277,44.4651,3.39850693210096e-06,0.000169925346605048
text+audio_text_ln_lrh0.001_e5_s44,2648,5,0.92212,25.3093,3.3913970849626735e-06,0.00016956985424813369
text+audio_text_ln_lrh0.001_e5_s44,2649,5,0.77344,49.3456,3.384287237824387e-06,0.00016921436189121933
text+audio_text_ln_lrh0.001_e5_s44,2650,5,0.53593,22.0852,3.3771773906861005e-06,0.00016885886953430502
text+audio_text_ln_lrh0.001_e5_s44,2651,5,0.44881,20.6337,3.370067543547814e-06,0.0001685033771773907
text+audio_text_ln_lrh0.001_e5_s44,2652,5,1.29721,32.5459,3.3629576964095274e-06,0.00016814788482047636
text+audio_text_ln_lrh0.001_e5_s44,2653,5,0.60966,31.1774,3.355847849271241e-06,0.00016779239246356205
text+audio_text_ln_lrh0.001_e5_s44,2654,5,1.4056,44.716,3.3487380021329548e-06,0.00016743690010664772
text+audio_text_ln_lrh0.001_e5_s44,2655,5,0.17059,9.977,3.3416281549946676e-06,0.0001670814077497334
text+audio_text_ln_lrh0.001_e5_s44,2656,5,0.11023,12.6278,3.3345183078563813e-06,0.00016672591539281905
text+audio_text_ln_lrh0.001_e5_s44,2657,5,0.70091,24.467,3.327408460718095e-06,0.00016637042303590475
text+audio_text_ln_lrh0.001_e5_s44,2658,5,0.48229,25.1327,3.320298613579808e-06,0.0001660149306789904
text+audio_text_ln_lrh0.001_e5_s44,2659,5,0.55797,22.1601,3.313188766441522e-06,0.00016565943832207608
text+audio_text_ln_lrh0.001_e5_s44,2660,5,0.94191,28.8039,3.306078919303235e-06,0.00016530394596516175
text+audio_text_ln_lrh0.001_e5_s44,2661,5,0.49094,24.3644,3.298969072164949e-06,0.00016494845360824742
text+audio_text_ln_lrh0.001_e5_s44,2662,5,0.55733,25.2839,3.2918592250266625e-06,0.00016459296125133311
text+audio_text_ln_lrh0.001_e5_s44,2663,5,0.67598,18.8299,3.2847493778883753e-06,0.00016423746889441876
text+audio_text_ln_lrh0.001_e5_s44,2664,5,0.68289,27.152,3.277639530750089e-06,0.00016388197653750445
text+audio_text_ln_lrh0.001_e5_s44,2665,5,0.86828,30.2368,3.2705296836118026e-06,0.00016352648418059012
text+audio_text_ln_lrh0.001_e5_s44,2666,5,0.50826,29.1492,3.263419836473516e-06,0.00016317099182367579
text+audio_text_ln_lrh0.001_e5_s44,2667,5,0.25376,16.7007,3.2563099893352296e-06,0.00016281549946676148
text+audio_text_ln_lrh0.001_e5_s44,2668,5,0.76535,36.5072,3.2492001421969433e-06,0.00016246000710984715
text+audio_text_ln_lrh0.001_e5_s44,2669,5,0.85441,35.3141,3.2420902950586565e-06,0.00016210451475293282
text+audio_text_ln_lrh0.001_e5_s44,2670,5,0.4316,22.6527,3.23498044792037e-06,0.00016174902239601848
text+audio_text_ln_lrh0.001_e5_s44,2671,5,0.64959,43.461,3.227870600782084e-06,0.00016139353003910418
text+audio_text_ln_lrh0.001_e5_s44,2672,5,0.50614,25.9519,3.2207607536437967e-06,0.00016103803768218982
text+audio_text_ln_lrh0.001_e5_s44,2673,5,0.28021,17.1317,3.2136509065055104e-06,0.00016068254532527551
text+audio_text_ln_lrh0.001_e5_s44,2674,5,0.68626,22.5113,3.2065410593672236e-06,0.00016032705296836118
text+audio_text_ln_lrh0.001_e5_s44,2675,5,0.37232,29.3889,3.1994312122289373e-06,0.00015997156061144685
text+audio_text_ln_lrh0.001_e5_s44,2676,5,0.69788,29.2289,3.192321365090651e-06,0.00015961606825453254
text+audio_text_ln_lrh0.001_e5_s44,2677,5,0.41484,24.7936,3.1852115179523642e-06,0.00015926057589761818
text+audio_text_ln_lrh0.001_e5_s44,2678,5,0.21846,22.7326,3.178101670814078e-06,0.00015890508354070388
text+audio_text_ln_lrh0.001_e5_s44,2679,5,0.73362,35.7884,3.1709918236757916e-06,0.00015854959118378955
text+audio_text_ln_lrh0.001_e5_s44,2680,5,0.73608,23.0935,3.1638819765375044e-06,0.00015819409882687521
text+audio_text_ln_lrh0.001_e5_s44,2681,5,0.26724,20.3804,3.156772129399218e-06,0.0001578386064699609
text+audio_text_ln_lrh0.001_e5_s44,2682,5,0.58902,21.343,3.1496622822609317e-06,0.00015748311411304658
text+audio_text_ln_lrh0.001_e5_s44,2683,5,0.26037,23.1283,3.142552435122645e-06,0.00015712762175613225
text+audio_text_ln_lrh0.001_e5_s44,2684,5,1.08539,31.6842,3.1354425879843587e-06,0.0001567721293992179
text+audio_text_ln_lrh0.001_e5_s44,2685,5,0.41164,16.3876,3.1283327408460724e-06,0.0001564166370423036
text+audio_text_ln_lrh0.001_e5_s44,2686,5,0.26102,17.448,3.1212228937077856e-06,0.00015606114468538925
text+audio_text_ln_lrh0.001_e5_s44,2687,5,0.62531,42.0265,3.1141130465694993e-06,0.00015570565232847494
text+audio_text_ln_lrh0.001_e5_s44,2688,5,0.6952,19.0124,3.107003199431213e-06,0.00015535015997156064
text+audio_text_ln_lrh0.001_e5_s44,2689,5,0.65094,19.9298,3.0998933522929258e-06,0.00015499466761464628
text+audio_text_ln_lrh0.001_e5_s44,2690,5,0.30976,14.9007,3.0927835051546395e-06,0.00015463917525773197
text+audio_text_ln_lrh0.001_e5_s44,2691,5,0.39343,24.8077,3.0856736580163527e-06,0.00015428368290081761
text+audio_text_ln_lrh0.001_e5_s44,2692,5,0.34272,18.4028,3.0785638108780664e-06,0.0001539281905439033
text+audio_text_ln_lrh0.001_e5_s44,2693,5,0.22327,19.4043,3.07145396373978e-06,0.000153572698186989
text+audio_text_ln_lrh0.001_e5_s44,2694,5,0.56538,26.1321,3.0643441166014933e-06,0.00015321720583007464
text+audio_text_ln_lrh0.001_e5_s44,2695,5,0.37985,11.6731,3.0572342694632066e-06,0.00015286171347316034
text+audio_text_ln_lrh0.001_e5_s44,2696,5,0.63747,24.7641,3.0501244223249202e-06,0.000152506221116246
text+audio_text_ln_lrh0.001_e5_s44,2697,5,0.35767,25.0877,3.0430145751866335e-06,0.00015215072875933167
text+audio_text_ln_lrh0.001_e5_s44,2698,5,1.02204,69.1503,3.035904728048347e-06,0.00015179523640241734
text+audio_text_ln_lrh0.001_e5_s44,2699,5,0.4594,27.0613,3.028794880910061e-06,0.00015143974404550304
text+audio_text_ln_lrh0.001_e5_s44,2700,5,0.20253,12.0262,3.021685033771774e-06,0.0001510842516885887
text+audio_text_ln_lrh0.001_e5_s44,2701,5,0.31136,13.9123,3.0145751866334878e-06,0.00015072875933167437
text+audio_text_ln_lrh0.001_e5_s44,2702,5,0.80464,42.0468,3.0074653394952015e-06,0.00015037326697476007
text+audio_text_ln_lrh0.001_e5_s44,2703,5,0.54643,25.7862,3.0003554923569143e-06,0.0001500177746178457
text+audio_text_ln_lrh0.001_e5_s44,2704,5,0.24828,11.6542,2.993245645218628e-06,0.0001496622822609314
text+audio_text_ln_lrh0.001_e5_s44,2705,5,0.34269,21.5452,2.9861357980803412e-06,0.00014930678990401704
text+audio_text_ln_lrh0.001_e5_s44,2706,5,0.52184,27.8279,2.979025950942055e-06,0.00014895129754710274
text+audio_text_ln_lrh0.001_e5_s44,2707,5,0.35663,26.1191,2.9719161038037686e-06,0.00014859580519018843
text+audio_text_ln_lrh0.001_e5_s44,2708,5,0.73934,35.8703,2.964806256665482e-06,0.00014824031283327407
text+audio_text_ln_lrh0.001_e5_s44,2709,5,0.82775,32.4403,2.9576964095271955e-06,0.00014788482047635977
text+audio_text_ln_lrh0.001_e5_s44,2710,5,0.52171,37.7205,2.950586562388909e-06,0.00014752932811944544
text+audio_text_ln_lrh0.001_e5_s44,2711,5,0.60225,35.6074,2.943476715250622e-06,0.0001471738357625311
text+audio_text_ln_lrh0.001_e5_s44,2712,5,0.53452,28.7277,2.9363668681123357e-06,0.00014681834340561677
text+audio_text_ln_lrh0.001_e5_s44,2713,5,0.3377,22.852,2.9292570209740494e-06,0.00014646285104870247
text+audio_text_ln_lrh0.001_e5_s44,2714,5,0.46643,28.3154,2.9221471738357626e-06,0.00014610735869178813
text+audio_text_ln_lrh0.001_e5_s44,2715,5,0.5488,20.5062,2.9150373266974763e-06,0.0001457518663348738
text+audio_text_ln_lrh0.001_e5_s44,2716,5,0.58752,26.8635,2.90792747955919e-06,0.0001453963739779595
text+audio_text_ln_lrh0.001_e5_s44,2717,5,0.73372,35.1525,2.900817632420903e-06,0.00014504088162104514
text+audio_text_ln_lrh0.001_e5_s44,2718,5,0.64627,22.8483,2.893707785282617e-06,0.00014468538926413083
text+audio_text_ln_lrh0.001_e5_s44,2719,5,0.87082,39.5827,2.8865979381443297e-06,0.00014432989690721647
text+audio_text_ln_lrh0.001_e5_s44,2720,5,0.53646,26.3918,2.8794880910060434e-06,0.00014397440455030217
text+audio_text_ln_lrh0.001_e5_s44,2721,5,0.29212,23.7319,2.872378243867757e-06,0.00014361891219338786
text+audio_text_ln_lrh0.001_e5_s44,2722,5,0.77783,34.2541,2.8652683967294703e-06,0.0001432634198364735
text+audio_text_ln_lrh0.001_e5_s44,2723,5,0.16979,11.3004,2.858158549591184e-06,0.0001429079274795592
text+audio_text_ln_lrh0.001_e5_s44,2724,5,0.6343,39.6442,2.8510487024528977e-06,0.00014255243512264486
text+audio_text_ln_lrh0.001_e5_s44,2725,5,1.33157,35.7818,2.843938855314611e-06,0.00014219694276573053
text+audio_text_ln_lrh0.001_e5_s44,2726,5,0.80053,25.7806,2.8368290081763246e-06,0.00014184145040881623
text+audio_text_ln_lrh0.001_e5_s44,2727,5,0.69289,32.4637,2.8297191610380383e-06,0.0001414859580519019
text+audio_text_ln_lrh0.001_e5_s44,2728,5,0.37858,24.5981,2.822609313899751e-06,0.00014113046569498756
text+audio_text_ln_lrh0.001_e5_s44,2729,5,0.33903,15.8182,2.8154994667614648e-06,0.00014077497333807323
text+audio_text_ln_lrh0.001_e5_s44,2730,5,0.64422,30.1607,2.8083896196231785e-06,0.00014041948098115893
text+audio_text_ln_lrh0.001_e5_s44,2731,5,0.48815,26.7697,2.8012797724848917e-06,0.00014006398862424457
text+audio_text_ln_lrh0.001_e5_s44,2732,5,0.73227,34.8984,2.7941699253466054e-06,0.00013970849626733026
text+audio_text_ln_lrh0.001_e5_s44,2733,5,0.47008,20.2388,2.7870600782083186e-06,0.00013935300391041593
text+audio_text_ln_lrh0.001_e5_s44,2734,5,0.91796,38.6297,2.7799502310700323e-06,0.0001389975115535016
text+audio_text_ln_lrh0.001_e5_s44,2735,5,0.42416,20.1911,2.772840383931746e-06,0.0001386420191965873
text+audio_text_ln_lrh0.001_e5_s44,2736,5,0.43994,21.65,2.765730536793459e-06,0.00013828652683967293
text+audio_text_ln_lrh0.001_e5_s44,2737,5,0.3615,12.0423,2.7586206896551725e-06,0.00013793103448275863
text+audio_text_ln_lrh0.001_e5_s44,2738,5,0.5721,32.321,2.751510842516886e-06,0.0001375755421258443
text+audio_text_ln_lrh0.001_e5_s44,2739,5,0.94987,66.849,2.7444009953785994e-06,0.00013722004976892996
text+audio_text_ln_lrh0.001_e5_s44,2740,5,0.76328,36.4477,2.737291148240313e-06,0.00013686455741201566
text+audio_text_ln_lrh0.001_e5_s44,2741,5,1.00925,30.8209,2.7301813011020268e-06,0.00013650906505510132
text+audio_text_ln_lrh0.001_e5_s44,2742,5,0.89898,27.5776,2.72307145396374e-06,0.000136153572698187
text+audio_text_ln_lrh0.001_e5_s44,2743,5,0.58638,40.5577,2.7159616068254537e-06,0.00013579808034127266
text+audio_text_ln_lrh0.001_e5_s44,2744,5,0.26219,29.4757,2.7088517596871674e-06,0.00013544258798435835
text+audio_text_ln_lrh0.001_e5_s44,2745,5,0.92294,39.4502,2.70174191254888e-06,0.000135087095627444
text+audio_text_ln_lrh0.001_e5_s44,2746,5,0.43777,19.7956,2.694632065410594e-06,0.0001347316032705297
text+audio_text_ln_lrh0.001_e5_s44,2747,5,0.70227,25.9668,2.6875222182723076e-06,0.00013437611091361538
text+audio_text_ln_lrh0.001_e5_s44,2748,5,0.44036,22.5353,2.680412371134021e-06,0.00013402061855670103
text+audio_text_ln_lrh0.001_e5_s44,2749,5,0.54964,25.9145,2.6733025239957345e-06,0.00013366512619978672
text+audio_text_ln_lrh0.001_e5_s44,2750,5,0.48532,33.7938,2.6661926768574477e-06,0.00013330963384287236
text+audio_text_ln_lrh0.001_e5_s44,2751,5,0.23316,13.0222,2.6590828297191614e-06,0.00013295414148595806
text+audio_text_ln_lrh0.001_e5_s44,2752,5,0.75224,29.5727,2.6519729825808747e-06,0.00013259864912904372
text+audio_text_ln_lrh0.001_e5_s44,2753,5,0.51053,17.0221,2.644863135442588e-06,0.0001322431567721294
text+audio_text_ln_lrh0.001_e5_s44,2754,5,0.67248,24.6568,2.6377532883043016e-06,0.00013188766441521509
text+audio_text_ln_lrh0.001_e5_s44,2755,5,0.27922,19.0087,2.6306434411660153e-06,0.00013153217205830075
text+audio_text_ln_lrh0.001_e5_s44,2756,5,0.59187,28.3032,2.6235335940277285e-06,0.00013117667970138642
text+audio_text_ln_lrh0.001_e5_s44,2757,5,0.24909,21.3553,2.616423746889442e-06,0.0001308211873444721
text+audio_text_ln_lrh0.001_e5_s44,2758,5,0.31967,14.4017,2.609313899751156e-06,0.00013046569498755778
text+audio_text_ln_lrh0.001_e5_s44,2759,5,0.36973,27.0485,2.6022040526128687e-06,0.00013011020263064342
text+audio_text_ln_lrh0.001_e5_s44,2760,5,0.1752,22.692,2.5950942054745824e-06,0.00012975471027372912
text+audio_text_ln_lrh0.001_e5_s44,2761,5,0.58991,28.8733,2.587984358336296e-06,0.00012939921791681481
text+audio_text_ln_lrh0.001_e5_s44,2762,5,0.27211,21.6994,2.5808745111980093e-06,0.00012904372555990045
text+audio_text_ln_lrh0.001_e5_s44,2763,5,0.25643,30.5697,2.573764664059723e-06,0.00012868823320298615
text+audio_text_ln_lrh0.001_e5_s44,2764,5,0.50338,37.3696,2.5666548169214362e-06,0.0001283327408460718
text+audio_text_ln_lrh0.001_e5_s44,2765,5,0.98381,32.8785,2.55954496978315e-06,0.00012797724848915748
text+audio_text_ln_lrh0.001_e5_s44,2766,5,0.33959,29.5525,2.5524351226448636e-06,0.00012762175613224318
text+audio_text_ln_lrh0.001_e5_s44,2767,5,0.55966,39.157,2.5453252755065764e-06,0.00012726626377532882
text+audio_text_ln_lrh0.001_e5_s44,2768,5,0.58012,27.4069,2.53821542836829e-06,0.00012691077141841451
text+audio_text_ln_lrh0.001_e5_s44,2769,5,0.38731,30.6313,2.5311055812300038e-06,0.00012655527906150018
text+audio_text_ln_lrh0.001_e5_s44,2770,5,0.28985,24.6153,2.523995734091717e-06,0.00012619978670458585
text+audio_text_ln_lrh0.001_e5_s44,2771,5,0.28977,10.9204,2.5168858869534307e-06,0.00012584429434767152
text+audio_text_ln_lrh0.001_e5_s44,2772,5,0.72931,25.9489,2.5097760398151444e-06,0.0001254888019907572
text+audio_text_ln_lrh0.001_e5_s44,2773,5,0.58206,27.034,2.5026661926768576e-06,0.00012513330963384288
text+audio_text_ln_lrh0.001_e5_s44,2774,5,0.44799,13.0349,2.4955563455385713e-06,0.00012477781727692855
text+audio_text_ln_lrh0.001_e5_s44,2775,5,0.56695,25.3142,2.4884464984002846e-06,0.00012442232492001422
text+audio_text_ln_lrh0.001_e5_s44,2776,5,0.33973,35.9731,2.481336651261998e-06,0.00012406683256309988
text+audio_text_ln_lrh0.001_e5_s44,2777,5,0.47882,30.6427,2.4742268041237115e-06,0.00012371134020618558
text+audio_text_ln_lrh0.001_e5_s44,2778,5,0.43111,23.199,2.467116956985425e-06,0.00012335584784927125
text+audio_text_ln_lrh0.001_e5_s44,2779,5,0.28844,15.8092,2.4600071098471384e-06,0.00012300035549235691
text+audio_text_ln_lrh0.001_e5_s44,2780,5,0.98117,48.0662,2.452897262708852e-06,0.0001226448631354426
text+audio_text_ln_lrh0.001_e5_s44,2781,5,0.79385,44.311,2.4457874155705653e-06,0.00012228937077852828
text+audio_text_ln_lrh0.001_e5_s44,2782,5,1.00574,30.6576,2.438677568432279e-06,0.00012193387842161393
text+audio_text_ln_lrh0.001_e5_s44,2783,5,0.18013,9.1281,2.4315677212939923e-06,0.00012157838606469961
text+audio_text_ln_lrh0.001_e5_s44,2784,5,0.50772,27.8204,2.424457874155706e-06,0.00012122289370778529
text+audio_text_ln_lrh0.001_e5_s44,2785,5,0.52695,23.765,2.417348027017419e-06,0.00012086740135087096
text+audio_text_ln_lrh0.001_e5_s44,2786,5,0.67201,39.3757,2.410238179879133e-06,0.00012051190899395663
text+audio_text_ln_lrh0.001_e5_s44,2787,5,1.06896,27.4771,2.4031283327408466e-06,0.00012015641663704231
text+audio_text_ln_lrh0.001_e5_s44,2788,5,0.82323,42.362,2.39601848560256e-06,0.00011980092428012798
text+audio_text_ln_lrh0.001_e5_s44,2789,5,0.81752,44.7768,2.388908638464273e-06,0.00011944543192321365
text+audio_text_ln_lrh0.001_e5_s44,2790,5,0.43553,13.1701,2.3817987913259867e-06,0.00011908993956629933
text+audio_text_ln_lrh0.001_e5_s44,2791,5,0.4952,22.98,2.3746889441877004e-06,0.00011873444720938501
text+audio_text_ln_lrh0.001_e5_s44,2792,5,0.25561,19.8478,2.3675790970494137e-06,0.00011837895485247068
text+audio_text_ln_lrh0.001_e5_s44,2793,5,0.14162,10.848,2.360469249911127e-06,0.00011802346249555634
text+audio_text_ln_lrh0.001_e5_s44,2794,5,0.37778,31.3986,2.3533594027728406e-06,0.00011766797013864202
text+audio_text_ln_lrh0.001_e5_s44,2795,5,0.36893,29.6298,2.3462495556345543e-06,0.00011731247778172769
text+audio_text_ln_lrh0.001_e5_s44,2796,5,0.29268,17.3335,2.3391397084962675e-06,0.00011695698542481337
text+audio_text_ln_lrh0.001_e5_s44,2797,5,0.54028,36.0248,2.3320298613579808e-06,0.00011660149306789904
text+audio_text_ln_lrh0.001_e5_s44,2798,5,0.67317,17.1402,2.3249200142196944e-06,0.00011624600071098472
text+audio_text_ln_lrh0.001_e5_s44,2799,5,0.42625,20.3064,2.317810167081408e-06,0.00011589050835407039
text+audio_text_ln_lrh0.001_e5_s44,2800,5,0.75509,32.0649,2.3107003199431214e-06,0.00011553501599715606
text+audio_text_ln_lrh0.001_e5_s44,2801,5,0.46124,37.0336,2.303590472804835e-06,0.00011517952364024174
text+audio_text_ln_lrh0.001_e5_s44,2802,5,0.35212,22.0372,2.2964806256665483e-06,0.0001148240312833274
text+audio_text_ln_lrh0.001_e5_s44,2803,5,0.47354,30.9858,2.289370778528262e-06,0.00011446853892641309
text+audio_text_ln_lrh0.001_e5_s44,2804,5,0.2015,13.6771,2.2822609313899752e-06,0.00011411304656949876
text+audio_text_ln_lrh0.001_e5_s44,2805,5,0.50812,27.8863,2.275151084251689e-06,0.00011375755421258444
text+audio_text_ln_lrh0.001_e5_s44,2806,5,0.47704,24.2165,2.268041237113402e-06,0.0001134020618556701
text+audio_text_ln_lrh0.001_e5_s44,2807,5,1.07457,48.0604,2.260931389975116e-06,0.00011304656949875577
text+audio_text_ln_lrh0.001_e5_s44,2808,5,0.33906,16.9361,2.2538215428368295e-06,0.00011269107714184145
text+audio_text_ln_lrh0.001_e5_s44,2809,5,0.7693,66.0786,2.2467116956985428e-06,0.00011233558478492712
text+audio_text_ln_lrh0.001_e5_s44,2810,5,0.43241,21.9671,2.239601848560256e-06,0.0001119800924280128
text+audio_text_ln_lrh0.001_e5_s44,2811,5,0.40317,23.1833,2.2324920014219693e-06,0.00011162460007109847
text+audio_text_ln_lrh0.001_e5_s44,2812,5,0.31051,21.1771,2.225382154283683e-06,0.00011126910771418415
text+audio_text_ln_lrh0.001_e5_s44,2813,5,0.8159,24.3066,2.2182723071453966e-06,0.00011091361535726982
text+audio_text_ln_lrh0.001_e5_s44,2814,5,0.26523,19.7535,2.21116246000711e-06,0.00011055812300035549
text+audio_text_ln_lrh0.001_e5_s44,2815,5,0.51705,28.2943,2.2040526128688235e-06,0.00011020263064344117
text+audio_text_ln_lrh0.001_e5_s44,2816,5,0.45697,20.7126,2.196942765730537e-06,0.00010984713828652685
text+audio_text_ln_lrh0.001_e5_s44,2817,5,0.51033,17.8091,2.1898329185922505e-06,0.00010949164592961252
text+audio_text_ln_lrh0.001_e5_s44,2818,5,0.62375,23.3107,2.1827230714539637e-06,0.00010913615357269818
text+audio_text_ln_lrh0.001_e5_s44,2819,5,0.41534,37.1221,2.1756132243156774e-06,0.00010878066121578387
text+audio_text_ln_lrh0.001_e5_s44,2820,5,0.5244,13.1244,2.1685033771773907e-06,0.00010842516885886953
text+audio_text_ln_lrh0.001_e5_s44,2821,5,0.38199,25.0115,2.1613935300391043e-06,0.0001080696765019552
text+audio_text_ln_lrh0.001_e5_s44,2822,5,0.26957,22.6633,2.154283682900818e-06,0.00010771418414504088
text+audio_text_ln_lrh0.001_e5_s44,2823,5,0.39059,25.6268,2.1471738357625313e-06,0.00010735869178812656
text+audio_text_ln_lrh0.001_e5_s44,2824,5,0.39922,25.7195,2.1400639886242445e-06,0.00010700319943121223
text+audio_text_ln_lrh0.001_e5_s44,2825,5,0.58687,40.9332,2.132954141485958e-06,0.00010664770707429791
text+audio_text_ln_lrh0.001_e5_s44,2826,5,0.70344,29.3133,2.125844294347672e-06,0.00010629221471738358
text+audio_text_ln_lrh0.001_e5_s44,2827,5,0.90341,42.5247,2.118734447209385e-06,0.00010593672236046925
text+audio_text_ln_lrh0.001_e5_s44,2828,5,0.71085,35.3866,2.1116246000710984e-06,0.00010558123000355492
text+audio_text_ln_lrh0.001_e5_s44,2829,5,0.5642,28.4379,2.104514752932812e-06,0.0001052257376466406
text+audio_text_ln_lrh0.001_e5_s44,2830,5,0.20006,22.4669,2.0974049057945257e-06,0.00010487024528972628
text+audio_text_ln_lrh0.001_e5_s44,2831,5,0.42771,19.4686,2.090295058656239e-06,0.00010451475293281195
text+audio_text_ln_lrh0.001_e5_s44,2832,5,0.83732,31.8147,2.0831852115179527e-06,0.00010415926057589763
text+audio_text_ln_lrh0.001_e5_s44,2833,5,0.18945,24.7669,2.076075364379666e-06,0.0001038037682189833
text+audio_text_ln_lrh0.001_e5_s44,2834,5,0.37974,39.4894,2.0689655172413796e-06,0.00010344827586206896
text+audio_text_ln_lrh0.001_e5_s44,2835,5,0.65666,28.1075,2.061855670103093e-06,0.00010309278350515463
text+audio_text_ln_lrh0.001_e5_s44,2836,5,0.35061,33.4487,2.0547458229648065e-06,0.00010273729114824033
text+audio_text_ln_lrh0.001_e5_s44,2837,5,0.44037,23.7356,2.0476359758265198e-06,0.00010238179879132599
text+audio_text_ln_lrh0.001_e5_s44,2838,5,0.73494,32.1558,2.0405261286882334e-06,0.00010202630643441166
text+audio_text_ln_lrh0.001_e5_s44,2839,5,0.10375,12.551,2.033416281549947e-06,0.00010167081407749734
text+audio_text_ln_lrh0.001_e5_s44,2840,5,0.24458,12.536,2.0263064344116604e-06,0.00010131532172058301
text+audio_text_ln_lrh0.001_e5_s44,2841,5,0.25384,15.681,2.0191965872733736e-06,0.00010095982936366868
text+audio_text_ln_lrh0.001_e5_s44,2842,5,0.76095,32.098,2.0120867401350873e-06,0.00010060433700675435
text+audio_text_ln_lrh0.001_e5_s44,2843,5,0.78369,41.8828,2.004976892996801e-06,0.00010024884464984004
text+audio_text_ln_lrh0.001_e5_s44,2844,5,0.36319,28.4383,1.9978670458585142e-06,9.989335229292571e-05
text+audio_text_ln_lrh0.001_e5_s44,2845,5,0.47859,16.7982,1.9907571987202275e-06,9.953785993601138e-05
text+audio_text_ln_lrh0.001_e5_s44,2846,5,0.44413,28.1213,1.983647351581941e-06,9.918236757909706e-05
text+audio_text_ln_lrh0.001_e5_s44,2847,5,0.45566,32.1948,1.976537504443655e-06,9.882687522218272e-05
text+audio_text_ln_lrh0.001_e5_s44,2848,5,0.59099,41.1221,1.969427657305368e-06,9.847138286526839e-05
text+audio_text_ln_lrh0.001_e5_s44,2849,5,0.27119,20.9603,1.9623178101670813e-06,9.811589050835406e-05
text+audio_text_ln_lrh0.001_e5_s44,2850,5,0.87251,33.4267,1.955207963028795e-06,9.776039815143975e-05
text+audio_text_ln_lrh0.001_e5_s44,2851,5,0.73536,34.0833,1.9480981158905087e-06,9.740490579452542e-05
text+audio_text_ln_lrh0.001_e5_s44,2852,5,1.10062,38.4056,1.940988268752222e-06,9.704941343761109e-05
text+audio_text_ln_lrh0.001_e5_s44,2853,5,0.16336,14.8839,1.9338784216139356e-06,9.669392108069677e-05
text+audio_text_ln_lrh0.001_e5_s44,2854,5,0.53145,30.6264,1.926768574475649e-06,9.633842872378244e-05
text+audio_text_ln_lrh0.001_e5_s44,2855,5,0.67923,15.8323,1.9196587273373625e-06,9.598293636686811e-05
text+audio_text_ln_lrh0.001_e5_s44,2856,5,0.34111,22.7879,1.912548880199076e-06,9.562744400995379e-05
text+audio_text_ln_lrh0.001_e5_s44,2857,5,0.88388,39.9221,1.9054390330607895e-06,9.527195165303947e-05
text+audio_text_ln_lrh0.001_e5_s44,2858,5,0.38421,13.8037,1.8983291859225027e-06,9.491645929612514e-05
text+audio_text_ln_lrh0.001_e5_s44,2859,5,0.69525,20.1596,1.8912193387842162e-06,9.45609669392108e-05
text+audio_text_ln_lrh0.001_e5_s44,2860,5,0.48248,28.2575,1.8841094916459299e-06,9.420547458229649e-05
text+audio_text_ln_lrh0.001_e5_s44,2861,5,0.11222,13.2602,1.8769996445076433e-06,9.384998222538215e-05
text+audio_text_ln_lrh0.001_e5_s44,2862,5,0.56251,25.3352,1.8698897973693566e-06,9.349448986846782e-05
text+audio_text_ln_lrh0.001_e5_s44,2863,5,0.74509,42.9468,1.86277995023107e-06,9.31389975115535e-05
text+audio_text_ln_lrh0.001_e5_s44,2864,5,0.30507,23.4075,1.8556701030927837e-06,9.278350515463918e-05
text+audio_text_ln_lrh0.001_e5_s44,2865,5,0.72576,23.9482,1.8485602559544972e-06,9.242801279772485e-05
text+audio_text_ln_lrh0.001_e5_s44,2866,5,0.63144,30.0348,1.8414504088162104e-06,9.207252044081052e-05
text+audio_text_ln_lrh0.001_e5_s44,2867,5,0.5432,34.3343,1.8343405616779241e-06,9.17170280838962e-05
text+audio_text_ln_lrh0.001_e5_s44,2868,5,0.46189,20.2109,1.8272307145396376e-06,9.136153572698187e-05
text+audio_text_ln_lrh0.001_e5_s44,2869,5,0.85686,40.2421,1.820120867401351e-06,9.100604337006754e-05
text+audio_text_ln_lrh0.001_e5_s44,2870,5,0.3588,24.7811,1.8130110202630643e-06,9.065055101315322e-05
text+audio_text_ln_lrh0.001_e5_s44,2871,5,0.23617,25.4104,1.805901173124778e-06,9.02950586562389e-05
text+audio_text_ln_lrh0.001_e5_s44,2872,5,0.41258,17.2528,1.7987913259864914e-06,8.993956629932457e-05
text+audio_text_ln_lrh0.001_e5_s44,2873,5,0.31308,21.5286,1.791681478848205e-06,8.958407394241023e-05
text+audio_text_ln_lrh0.001_e5_s44,2874,5,0.3158,30.6495,1.7845716317099186e-06,8.922858158549592e-05
text+audio_text_ln_lrh0.001_e5_s44,2875,5,0.63413,43.3053,1.7774617845716318e-06,8.887308922858158e-05
text+audio_text_ln_lrh0.001_e5_s44,2876,5,0.2697,30.2605,1.7703519374333453e-06,8.851759687166726e-05
text+audio_text_ln_lrh0.001_e5_s44,2877,5,0.30079,21.1533,1.763242090295059e-06,8.816210451475295e-05
text+audio_text_ln_lrh0.001_e5_s44,2878,5,0.76961,46.4097,1.7561322431567724e-06,8.780661215783861e-05
text+audio_text_ln_lrh0.001_e5_s44,2879,5,0.51093,17.164,1.7490223960184857e-06,8.745111980092428e-05
text+audio_text_ln_lrh0.001_e5_s44,2880,5,0.37217,29.5431,1.7419125488801991e-06,8.709562744400995e-05
text+audio_text_ln_lrh0.001_e5_s44,2881,5,0.37911,18.7604,1.7348027017419128e-06,8.674013508709563e-05
text+audio_text_ln_lrh0.001_e5_s44,2882,5,0.3358,16.5214,1.727692854603626e-06,8.63846427301813e-05
text+audio_text_ln_lrh0.001_e5_s44,2883,5,0.74496,39.8016,1.7205830074653395e-06,8.602915037326698e-05
text+audio_text_ln_lrh0.001_e5_s44,2884,5,0.89312,41.2352,1.7134731603270532e-06,8.567365801635266e-05
text+audio_text_ln_lrh0.001_e5_s44,2885,5,0.33242,27.5179,1.7063633131887667e-06,8.531816565943833e-05
text+audio_text_ln_lrh0.001_e5_s44,2886,5,0.28884,28.4687,1.69925346605048e-06,8.4962673302524e-05
text+audio_text_ln_lrh0.001_e5_s44,2887,5,0.22223,17.8781,1.6921436189121934e-06,8.460718094560966e-05
text+audio_text_ln_lrh0.001_e5_s44,2888,5,0.5858,33.6036,1.685033771773907e-06,8.425168858869534e-05
text+audio_text_ln_lrh0.001_e5_s44,2889,5,0.15267,14.9868,1.6779239246356205e-06,8.389619623178103e-05
text+audio_text_ln_lrh0.001_e5_s44,2890,5,0.5239,29.7335,1.6708140774973338e-06,8.35407038748667e-05
text+audio_text_ln_lrh0.001_e5_s44,2891,5,0.59022,32.8396,1.6637042303590475e-06,8.318521151795237e-05
text+audio_text_ln_lrh0.001_e5_s44,2892,5,0.44898,24.5675,1.656594383220761e-06,8.282971916103804e-05
text+audio_text_ln_lrh0.001_e5_s44,2893,5,0.271,28.5841,1.6494845360824744e-06,8.247422680412371e-05
text+audio_text_ln_lrh0.001_e5_s44,2894,5,0.3917,21.6226,1.6423746889441876e-06,8.211873444720938e-05
text+audio_text_ln_lrh0.001_e5_s44,2895,5,0.25683,21.3436,1.6352648418059013e-06,8.176324209029506e-05
text+audio_text_ln_lrh0.001_e5_s44,2896,5,0.41277,21.883,1.6281549946676148e-06,8.140774973338074e-05
text+audio_text_ln_lrh0.001_e5_s44,2897,5,0.16272,16.3627,1.6210451475293283e-06,8.105225737646641e-05
text+audio_text_ln_lrh0.001_e5_s44,2898,5,0.9484,37.5959,1.613935300391042e-06,8.069676501955209e-05
text+audio_text_ln_lrh0.001_e5_s44,2899,5,0.22633,28.3516,1.6068254532527552e-06,8.034127266263776e-05
text+audio_text_ln_lrh0.001_e5_s44,2900,5,0.64843,32.3046,1.5997156061144686e-06,7.998578030572342e-05
text+audio_text_ln_lrh0.001_e5_s44,2901,5,0.91736,26.9198,1.5926057589761821e-06,7.963028794880909e-05
text+audio_text_ln_lrh0.001_e5_s44,2902,5,0.40747,29.8319,1.5854959118378958e-06,7.927479559189477e-05
text+audio_text_ln_lrh0.001_e5_s44,2903,5,0.46907,33.7976,1.578386064699609e-06,7.891930323498045e-05
text+audio_text_ln_lrh0.001_e5_s44,2904,5,0.80866,24.0705,1.5712762175613225e-06,7.856381087806612e-05
text+audio_text_ln_lrh0.001_e5_s44,2905,5,0.30246,24.146,1.5641663704230362e-06,7.82083185211518e-05
text+audio_text_ln_lrh0.001_e5_s44,2906,5,0.25295,16.4279,1.5570565232847496e-06,7.785282616423747e-05
text+audio_text_ln_lrh0.001_e5_s44,2907,5,0.67813,32.1999,1.5499466761464629e-06,7.749733380732314e-05
text+audio_text_ln_lrh0.001_e5_s44,2908,5,0.50582,27.6061,1.5428368290081764e-06,7.714184145040881e-05
text+audio_text_ln_lrh0.001_e5_s44,2909,5,0.30483,16.2469,1.53572698186989e-06,7.67863490934945e-05
text+audio_text_ln_lrh0.001_e5_s44,2910,5,0.50526,28.8519,1.5286171347316033e-06,7.643085673658017e-05
text+audio_text_ln_lrh0.001_e5_s44,2911,5,0.37011,26.2635,1.5215072875933168e-06,7.607536437966584e-05
text+audio_text_ln_lrh0.001_e5_s44,2912,5,0.31743,30.3479,1.5143974404550304e-06,7.571987202275152e-05
text+audio_text_ln_lrh0.001_e5_s44,2913,5,0.4403,27.1303,1.5072875933167439e-06,7.536437966583719e-05
text+audio_text_ln_lrh0.001_e5_s44,2914,5,0.28894,33.4489,1.5001777461784571e-06,7.500888730892285e-05
text+audio_text_ln_lrh0.001_e5_s44,2915,5,0.68183,28.7578,1.4930678990401706e-06,7.465339495200852e-05
text+audio_text_ln_lrh0.001_e5_s44,2916,5,0.49228,42.4869,1.4859580519018843e-06,7.429790259509422e-05
text+audio_text_ln_lrh0.001_e5_s44,2917,5,0.18443,13.1263,1.4788482047635977e-06,7.394241023817988e-05
text+audio_text_ln_lrh0.001_e5_s44,2918,5,0.46,22.0561,1.471738357625311e-06,7.358691788126555e-05
text+audio_text_ln_lrh0.001_e5_s44,2919,5,0.25228,37.0394,1.4646285104870247e-06,7.323142552435123e-05
text+audio_text_ln_lrh0.001_e5_s44,2920,5,0.2609,15.4143,1.4575186633487381e-06,7.28759331674369e-05
text+audio_text_ln_lrh0.001_e5_s44,2921,5,0.63101,38.5259,1.4504088162104516e-06,7.252044081052257e-05
text+audio_text_ln_lrh0.001_e5_s44,2922,5,0.74591,27.7867,1.4432989690721649e-06,7.216494845360824e-05
text+audio_text_ln_lrh0.001_e5_s44,2923,5,0.2841,24.8385,1.4361891219338785e-06,7.180945609669393e-05
text+audio_text_ln_lrh0.001_e5_s44,2924,5,0.59172,34.137,1.429079274795592e-06,7.14539637397796e-05
text+audio_text_ln_lrh0.001_e5_s44,2925,5,0.82475,22.5121,1.4219694276573055e-06,7.109847138286527e-05
text+audio_text_ln_lrh0.001_e5_s44,2926,5,0.50013,28.2995,1.4148595805190191e-06,7.074297902595095e-05
text+audio_text_ln_lrh0.001_e5_s44,2927,5,1.16116,44.2881,1.4077497333807324e-06,7.038748666903662e-05
text+audio_text_ln_lrh0.001_e5_s44,2928,5,0.34353,22.0543,1.4006398862424459e-06,7.003199431212228e-05
text+audio_text_ln_lrh0.001_e5_s44,2929,5,0.48781,30.0122,1.3935300391041593e-06,6.967650195520796e-05
text+audio_text_ln_lrh0.001_e5_s44,2930,5,0.77088,53.4625,1.386420191965873e-06,6.932100959829365e-05
text+audio_text_ln_lrh0.001_e5_s44,2931,5,0.31327,23.3559,1.3793103448275862e-06,6.896551724137931e-05
text+audio_text_ln_lrh0.001_e5_s44,2932,5,0.63818,39.37,1.3722004976892997e-06,6.861002488446498e-05
text+audio_text_ln_lrh0.001_e5_s44,2933,5,0.48516,25.7337,1.3650906505510134e-06,6.825453252755066e-05
text+audio_text_ln_lrh0.001_e5_s44,2934,5,1.30357,49.533,1.3579808034127269e-06,6.789904017063633e-05
text+audio_text_ln_lrh0.001_e5_s44,2935,5,0.52598,47.9532,1.35087095627444e-06,6.7543547813722e-05
text+audio_text_ln_lrh0.001_e5_s44,2936,5,0.63844,32.7885,1.3437611091361538e-06,6.718805545680769e-05
text+audio_text_ln_lrh0.001_e5_s44,2937,5,0.21722,22.6507,1.3366512619978672e-06,6.683256309989336e-05
text+audio_text_ln_lrh0.001_e5_s44,2938,5,0.52596,28.6732,1.3295414148595807e-06,6.647707074297903e-05
text+audio_text_ln_lrh0.001_e5_s44,2939,5,0.2611,34.7716,1.322431567721294e-06,6.61215783860647e-05
text+audio_text_ln_lrh0.001_e5_s44,2940,5,0.35741,24.6022,1.3153217205830076e-06,6.576608602915038e-05
text+audio_text_ln_lrh0.001_e5_s44,2941,5,0.17148,9.5544,1.308211873444721e-06,6.541059367223604e-05
text+audio_text_ln_lrh0.001_e5_s44,2942,5,1.34476,48.3462,1.3011020263064344e-06,6.505510131532171e-05
text+audio_text_ln_lrh0.001_e5_s44,2943,5,0.5442,28.5938,1.293992179168148e-06,6.469960895840741e-05
text+audio_text_ln_lrh0.001_e5_s44,2944,5,0.46407,23.7636,1.2868823320298615e-06,6.434411660149307e-05
text+audio_text_ln_lrh0.001_e5_s44,2945,5,0.39331,11.8163,1.279772484891575e-06,6.398862424457874e-05
text+audio_text_ln_lrh0.001_e5_s44,2946,5,0.67229,24.5087,1.2726626377532882e-06,6.363313188766441e-05
text+audio_text_ln_lrh0.001_e5_s44,2947,5,0.49484,27.6289,1.2655527906150019e-06,6.327763953075009e-05
text+audio_text_ln_lrh0.001_e5_s44,2948,5,0.93204,46.4974,1.2584429434767154e-06,6.292214717383576e-05
text+audio_text_ln_lrh0.001_e5_s44,2949,5,0.53597,27.3743,1.2513330963384288e-06,6.256665481692144e-05
text+audio_text_ln_lrh0.001_e5_s44,2950,5,0.39332,39.9238,1.2442232492001423e-06,6.221116246000711e-05
text+audio_text_ln_lrh0.001_e5_s44,2951,5,0.37877,19.8226,1.2371134020618557e-06,6.185567010309279e-05
text+audio_text_ln_lrh0.001_e5_s44,2952,5,0.70181,36.5736,1.2300035549235692e-06,6.150017774617846e-05
text+audio_text_ln_lrh0.001_e5_s44,2953,5,0.68146,24.8312,1.2228937077852827e-06,6.114468538926414e-05
text+audio_text_ln_lrh0.001_e5_s44,2954,5,0.5731,31.5269,1.2157838606469961e-06,6.0789193032349806e-05
text+audio_text_ln_lrh0.001_e5_s44,2955,5,0.15909,12.8841,1.2086740135087096e-06,6.043370067543548e-05
text+audio_text_ln_lrh0.001_e5_s44,2956,5,0.51786,25.4268,1.2015641663704233e-06,6.0078208318521155e-05
text+audio_text_ln_lrh0.001_e5_s44,2957,5,0.56254,26.2497,1.1944543192321365e-06,5.972271596160682e-05
text+audio_text_ln_lrh0.001_e5_s44,2958,5,0.35021,27.2875,1.1873444720938502e-06,5.9367223604692504e-05
text+audio_text_ln_lrh0.001_e5_s44,2959,5,1.093,45.3295,1.1802346249555635e-06,5.901173124777817e-05
text+audio_text_ln_lrh0.001_e5_s44,2960,5,0.39385,20.3052,1.1731247778172771e-06,5.8656238890863846e-05
text+audio_text_ln_lrh0.001_e5_s44,2961,5,0.34329,18.5242,1.1660149306789904e-06,5.830074653394952e-05
text+audio_text_ln_lrh0.001_e5_s44,2962,5,0.17743,14.408,1.158905083540704e-06,5.7945254177035195e-05
text+audio_text_ln_lrh0.001_e5_s44,2963,5,0.61866,20.8864,1.1517952364024175e-06,5.758976182012087e-05
text+audio_text_ln_lrh0.001_e5_s44,2964,5,0.51041,35.5228,1.144685389264131e-06,5.7234269463206544e-05
text+audio_text_ln_lrh0.001_e5_s44,2965,5,0.43031,21.5538,1.1375755421258445e-06,5.687877710629222e-05
text+audio_text_ln_lrh0.001_e5_s44,2966,5,0.71781,45.2197,1.130465694987558e-06,5.6523284749377886e-05
text+audio_text_ln_lrh0.001_e5_s44,2967,5,0.79983,48.1682,1.1233558478492714e-06,5.616779239246356e-05
text+audio_text_ln_lrh0.001_e5_s44,2968,5,0.53205,41.4725,1.1162460007109846e-06,5.5812300035549235e-05
text+audio_text_ln_lrh0.001_e5_s44,2969,5,0.43724,22.4817,1.1091361535726983e-06,5.545680767863491e-05
text+audio_text_ln_lrh0.001_e5_s44,2970,5,0.16572,23.4046,1.1020263064344118e-06,5.5101315321720584e-05
text+audio_text_ln_lrh0.001_e5_s44,2971,5,0.74724,49.9203,1.0949164592961252e-06,5.474582296480626e-05
text+audio_text_ln_lrh0.001_e5_s44,2972,5,0.64414,29.7767,1.0878066121578387e-06,5.439033060789193e-05
text+audio_text_ln_lrh0.001_e5_s44,2973,5,0.75484,39.1202,1.0806967650195522e-06,5.40348382509776e-05
text+audio_text_ln_lrh0.001_e5_s44,2974,5,0.56303,25.9276,1.0735869178812656e-06,5.367934589406328e-05
text+audio_text_ln_lrh0.001_e5_s44,2975,5,0.54545,31.5337,1.066477070742979e-06,5.3323853537148956e-05
text+audio_text_ln_lrh0.001_e5_s44,2976,5,0.83233,35.1953,1.0593672236046926e-06,5.2968361180234624e-05
text+audio_text_ln_lrh0.001_e5_s44,2977,5,1.12235,47.329,1.052257376466406e-06,5.26128688233203e-05
text+audio_text_ln_lrh0.001_e5_s44,2978,5,1.33204,58.1615,1.0451475293281195e-06,5.225737646640597e-05
text+audio_text_ln_lrh0.001_e5_s44,2979,5,0.884,26.729,1.038037682189833e-06,5.190188410949165e-05
text+audio_text_ln_lrh0.001_e5_s44,2980,5,0.63208,23.6205,1.0309278350515464e-06,5.1546391752577315e-05
text+audio_text_ln_lrh0.001_e5_s44,2981,5,0.40094,26.851,1.0238179879132599e-06,5.1190899395662997e-05
text+audio_text_ln_lrh0.001_e5_s44,2982,5,0.80159,34.9448,1.0167081407749736e-06,5.083540703874867e-05
text+audio_text_ln_lrh0.001_e5_s44,2983,5,0.54681,26.0554,1.0095982936366868e-06,5.047991468183434e-05
text+audio_text_ln_lrh0.001_e5_s44,2984,5,0.86794,36.1295,1.0024884464984005e-06,5.012442232492002e-05
text+audio_text_ln_lrh0.001_e5_s44,2985,5,0.67339,36.8371,9.953785993601137e-07,4.976892996800569e-05
text+audio_text_ln_lrh0.001_e5_s44,2986,5,0.39074,24.8269,9.882687522218274e-07,4.941343761109136e-05
text+audio_text_ln_lrh0.001_e5_s44,2987,5,0.52146,23.7503,9.811589050835407e-07,4.905794525417703e-05
text+audio_text_ln_lrh0.001_e5_s44,2988,5,0.26899,24.5772,9.740490579452543e-07,4.870245289726271e-05
text+audio_text_ln_lrh0.001_e5_s44,2989,5,0.46089,19.3041,9.669392108069678e-07,4.8346960540348386e-05
text+audio_text_ln_lrh0.001_e5_s44,2990,5,0.52329,52.8118,9.598293636686813e-07,4.7991468183434053e-05
text+audio_text_ln_lrh0.001_e5_s44,2991,5,0.57835,37.0273,9.527195165303947e-07,4.7635975826519735e-05
text+audio_text_ln_lrh0.001_e5_s44,2992,5,0.25316,21.517,9.456096693921081e-07,4.72804834696054e-05
text+audio_text_ln_lrh0.001_e5_s44,2993,5,0.59943,28.8605,9.384998222538217e-07,4.692499111269108e-05
text+audio_text_ln_lrh0.001_e5_s44,2994,5,0.21861,17.4165,9.31389975115535e-07,4.656949875577675e-05
text+audio_text_ln_lrh0.001_e5_s44,2995,5,0.16196,14.6297,9.242801279772486e-07,4.6214006398862426e-05
text+audio_text_ln_lrh0.001_e5_s44,2996,5,0.40554,35.8926,9.171702808389621e-07,4.58585140419481e-05
text+audio_text_ln_lrh0.001_e5_s44,2997,5,0.28198,18.9551,9.100604337006755e-07,4.550302168503377e-05
text+audio_text_ln_lrh0.001_e5_s44,2998,5,0.44345,26.1133,9.02950586562389e-07,4.514752932811945e-05
text+audio_text_ln_lrh0.001_e5_s44,2999,5,0.52221,26.778,8.958407394241024e-07,4.479203697120512e-05
text+audio_text_ln_lrh0.001_e5_s44,3000,5,0.7053,37.0387,8.887308922858159e-07,4.443654461429079e-05
text+audio_text_ln_lrh0.001_e5_s44,3001,5,0.41812,16.8357,8.816210451475295e-07,4.408105225737647e-05
text+audio_text_ln_lrh0.001_e5_s44,3002,5,0.29272,20.3405,8.745111980092428e-07,4.372555990046214e-05
text+audio_text_ln_lrh0.001_e5_s44,3003,5,0.87186,32.2365,8.674013508709564e-07,4.3370067543547815e-05
text+audio_text_ln_lrh0.001_e5_s44,3004,5,0.3917,22.1042,8.602915037326698e-07,4.301457518663349e-05
text+audio_text_ln_lrh0.001_e5_s44,3005,5,1.30736,38.6467,8.531816565943833e-07,4.2659082829719164e-05
text+audio_text_ln_lrh0.001_e5_s44,3006,5,0.39066,19.1315,8.460718094560967e-07,4.230359047280483e-05
text+audio_text_ln_lrh0.001_e5_s44,3007,5,0.56465,26.9901,8.389619623178103e-07,4.194809811589051e-05
text+audio_text_ln_lrh0.001_e5_s44,3008,5,1.48871,52.271,8.318521151795237e-07,4.159260575897619e-05
text+audio_text_ln_lrh0.001_e5_s44,3009,5,0.55038,34.0273,8.247422680412372e-07,4.1237113402061855e-05
text+audio_text_ln_lrh0.001_e5_s44,3010,5,0.49191,30.7154,8.176324209029507e-07,4.088162104514753e-05
text+audio_text_ln_lrh0.001_e5_s44,3011,5,0.3698,13.2853,8.105225737646641e-07,4.0526128688233204e-05
text+audio_text_ln_lrh0.001_e5_s44,3012,5,0.313,28.2412,8.034127266263776e-07,4.017063633131888e-05
text+audio_text_ln_lrh0.001_e5_s44,3013,5,0.48788,19.44,7.963028794880911e-07,3.9815143974404546e-05
text+audio_text_ln_lrh0.001_e5_s44,3014,5,1.19679,53.3931,7.891930323498045e-07,3.945965161749023e-05
text+audio_text_ln_lrh0.001_e5_s44,3015,5,0.51039,26.343,7.820831852115181e-07,3.91041592605759e-05
text+audio_text_ln_lrh0.001_e5_s44,3016,5,0.31044,59.6738,7.749733380732314e-07,3.874866690366157e-05
text+audio_text_ln_lrh0.001_e5_s44,3017,5,0.51668,28.1162,7.67863490934945e-07,3.839317454674725e-05
text+audio_text_ln_lrh0.001_e5_s44,3018,5,0.67172,31.8509,7.607536437966584e-07,3.803768218983292e-05
text+audio_text_ln_lrh0.001_e5_s44,3019,5,0.27807,14.024,7.536437966583719e-07,3.768218983291859e-05
text+audio_text_ln_lrh0.001_e5_s44,3020,5,0.46021,26.8923,7.465339495200853e-07,3.732669747600426e-05
text+audio_text_ln_lrh0.001_e5_s44,3021,5,0.38098,19.0994,7.394241023817989e-07,3.697120511908994e-05
text+audio_text_ln_lrh0.001_e5_s44,3022,5,0.71683,35.9311,7.323142552435123e-07,3.6615712762175616e-05
text+audio_text_ln_lrh0.001_e5_s44,3023,5,0.2621,15.4511,7.252044081052258e-07,3.6260220405261284e-05
text+audio_text_ln_lrh0.001_e5_s44,3024,5,0.31202,24.5335,7.180945609669393e-07,3.5904728048346965e-05
text+audio_text_ln_lrh0.001_e5_s44,3025,5,0.3248,15.31,7.109847138286527e-07,3.554923569143263e-05
text+audio_text_ln_lrh0.001_e5_s44,3026,5,0.71176,39.1367,7.038748666903662e-07,3.519374333451831e-05
text+audio_text_ln_lrh0.001_e5_s44,3027,5,0.365,34.2757,6.967650195520797e-07,3.483825097760398e-05
text+audio_text_ln_lrh0.001_e5_s44,3028,5,0.25833,19.2967,6.896551724137931e-07,3.4482758620689657e-05
text+audio_text_ln_lrh0.001_e5_s44,3029,5,0.74866,35.3944,6.825453252755067e-07,3.412726626377533e-05
text+audio_text_ln_lrh0.001_e5_s44,3030,5,0.29804,13.9564,6.7543547813722e-07,3.3771773906861e-05
text+audio_text_ln_lrh0.001_e5_s44,3031,5,0.64992,25.3263,6.683256309989336e-07,3.341628154994668e-05
text+audio_text_ln_lrh0.001_e5_s44,3032,5,0.68745,27.7397,6.61215783860647e-07,3.306078919303235e-05
text+audio_text_ln_lrh0.001_e5_s44,3033,5,0.12707,14.5477,6.541059367223606e-07,3.270529683611802e-05
text+audio_text_ln_lrh0.001_e5_s44,3034,5,0.61251,22.744,6.46996089584074e-07,3.2349804479203703e-05
text+audio_text_ln_lrh0.001_e5_s44,3035,5,0.70471,32.6693,6.398862424457875e-07,3.199431212228937e-05
text+audio_text_ln_lrh0.001_e5_s44,3036,5,0.75804,59.2256,6.327763953075009e-07,3.1638819765375046e-05
text+audio_text_ln_lrh0.001_e5_s44,3037,5,0.62299,30.2027,6.256665481692144e-07,3.128332740846072e-05
text+audio_text_ln_lrh0.001_e5_s44,3038,5,0.4534,27.0437,6.185567010309279e-07,3.0927835051546395e-05
text+audio_text_ln_lrh0.001_e5_s44,3039,5,0.5282,29.6727,6.114468538926413e-07,3.057234269463207e-05
text+audio_text_ln_lrh0.001_e5_s44,3040,5,0.34388,17.6435,6.043370067543548e-07,3.021685033771774e-05
text+audio_text_ln_lrh0.001_e5_s44,3041,5,0.39221,27.6257,5.972271596160683e-07,2.986135798080341e-05
text+audio_text_ln_lrh0.001_e5_s44,3042,5,0.41907,24.164,5.901173124777817e-07,2.9505865623889086e-05
text+audio_text_ln_lrh0.001_e5_s44,3043,5,0.56306,34.4707,5.830074653394952e-07,2.915037326697476e-05
text+audio_text_ln_lrh0.001_e5_s44,3044,5,0.49194,32.5275,5.758976182012088e-07,2.8794880910060435e-05
text+audio_text_ln_lrh0.001_e5_s44,3045,5,0.67307,35.3193,5.687877710629222e-07,2.843938855314611e-05
text+audio_text_ln_lrh0.001_e5_s44,3046,5,0.56849,32.8444,5.616779239246357e-07,2.808389619623178e-05
text+audio_text_ln_lrh0.001_e5_s44,3047,5,0.22294,14.2225,5.545680767863492e-07,2.7728403839317455e-05
text+audio_text_ln_lrh0.001_e5_s44,3048,5,0.72063,26.9691,5.474582296480626e-07,2.737291148240313e-05
text+audio_text_ln_lrh0.001_e5_s44,3049,5,0.69284,20.809,5.403483825097761e-07,2.70174191254888e-05
text+audio_text_ln_lrh0.001_e5_s44,3050,5,0.63571,32.6024,5.332385353714895e-07,2.6661926768574478e-05
text+audio_text_ln_lrh0.001_e5_s44,3051,5,0.32108,28.0656,5.26128688233203e-07,2.630643441166015e-05
text+audio_text_ln_lrh0.001_e5_s44,3052,5,0.38152,20.3224,5.190188410949165e-07,2.5950942054745824e-05
text+audio_text_ln_lrh0.001_e5_s44,3053,5,1.17971,34.2443,5.119089939566299e-07,2.5595449697831498e-05
text+audio_text_ln_lrh0.001_e5_s44,3054,5,0.18235,15.4017,5.047991468183434e-07,2.523995734091717e-05
text+audio_text_ln_lrh0.001_e5_s44,3055,5,0.70979,33.9513,4.976892996800569e-07,2.4884464984002844e-05
text+audio_text_ln_lrh0.001_e5_s44,3056,5,0.49932,55.1198,4.905794525417703e-07,2.4528972627088515e-05
text+audio_text_ln_lrh0.001_e5_s44,3057,5,0.58993,36.1032,4.834696054034839e-07,2.4173480270174193e-05
text+audio_text_ln_lrh0.001_e5_s44,3058,5,0.14174,10.7798,4.7635975826519737e-07,2.3817987913259867e-05
text+audio_text_ln_lrh0.001_e5_s44,3059,5,0.79618,40.0526,4.6924991112691083e-07,2.346249555634554e-05
text+audio_text_ln_lrh0.001_e5_s44,3060,5,0.83567,36.4934,4.621400639886243e-07,2.3107003199431213e-05
text+audio_text_ln_lrh0.001_e5_s44,3061,5,0.3224,32.5465,4.5503021685033776e-07,2.2751510842516884e-05
text+audio_text_ln_lrh0.001_e5_s44,3062,5,0.58664,19.9552,4.479203697120512e-07,2.239601848560256e-05
text+audio_text_ln_lrh0.001_e5_s44,3063,5,0.52247,26.5808,4.4081052257376474e-07,2.2040526128688236e-05
text+audio_text_ln_lrh0.001_e5_s44,3064,5,0.55766,37.8578,4.337006754354782e-07,2.1685033771773907e-05
text+audio_text_ln_lrh0.001_e5_s44,3065,5,0.94176,32.6882,4.2659082829719167e-07,2.1329541414859582e-05
text+audio_text_ln_lrh0.001_e5_s44,3066,5,0.25656,15.1731,4.1948098115890513e-07,2.0974049057945256e-05
text+audio_text_ln_lrh0.001_e5_s44,3067,5,0.35734,25.924,4.123711340206186e-07,2.0618556701030927e-05
text+audio_text_ln_lrh0.001_e5_s44,3068,5,0.83048,37.162,4.0526128688233206e-07,2.0263064344116602e-05
text+audio_text_ln_lrh0.001_e5_s44,3069,5,0.79031,29.0919,3.9815143974404553e-07,1.9907571987202273e-05
text+audio_text_ln_lrh0.001_e5_s44,3070,5,0.26244,13.4466,3.9104159260575904e-07,1.955207963028795e-05
text+audio_text_ln_lrh0.001_e5_s44,3071,5,0.32104,31.2334,3.839317454674725e-07,1.9196587273373625e-05
text+audio_text_ln_lrh0.001_e5_s44,3072,5,0.46097,17.6017,3.7682189832918597e-07,1.8841094916459297e-05
text+audio_text_ln_lrh0.001_e5_s44,3073,5,0.29427,26.1853,3.6971205119089944e-07,1.848560255954497e-05
text+audio_text_ln_lrh0.001_e5_s44,3074,5,0.33391,23.5867,3.626022040526129e-07,1.8130110202630642e-05
text+audio_text_ln_lrh0.001_e5_s44,3075,5,0.5873,22.4587,3.5549235691432637e-07,1.7774617845716317e-05
text+audio_text_ln_lrh0.001_e5_s44,3076,5,0.62916,52.3272,3.4838250977603983e-07,1.741912548880199e-05
text+audio_text_ln_lrh0.001_e5_s44,3077,5,0.40998,20.0289,3.4127266263775335e-07,1.7063633131887666e-05
text+audio_text_ln_lrh0.001_e5_s44,3078,5,0.58735,38.6973,3.341628154994668e-07,1.670814077497334e-05
text+audio_text_ln_lrh0.001_e5_s44,3079,5,0.93649,28.2517,3.270529683611803e-07,1.635264841805901e-05
text+audio_text_ln_lrh0.001_e5_s44,3080,5,0.92353,29.4483,3.1994312122289374e-07,1.5997156061144686e-05
text+audio_text_ln_lrh0.001_e5_s44,3081,5,0.20338,17.3245,3.128332740846072e-07,1.564166370423036e-05
text+audio_text_ln_lrh0.001_e5_s44,3082,5,0.50554,17.6191,3.0572342694632067e-07,1.5286171347316035e-05
text+audio_text_ln_lrh0.001_e5_s44,3083,5,0.36861,24.375,2.9861357980803413e-07,1.4930678990401706e-05
text+audio_text_ln_lrh0.001_e5_s44,3084,5,0.18796,27.699,2.915037326697476e-07,1.457518663348738e-05
text+audio_text_ln_lrh0.001_e5_s44,3085,5,0.36818,16.4062,2.843938855314611e-07,1.4219694276573055e-05
text+audio_text_ln_lrh0.001_e5_s44,3086,5,0.53485,40.2626,2.772840383931746e-07,1.3864201919658727e-05
text+audio_text_ln_lrh0.001_e5_s44,3087,5,0.0989,8.314,2.7017419125488804e-07,1.35087095627444e-05
text+audio_text_ln_lrh0.001_e5_s44,3088,5,0.58778,22.7806,2.630643441166015e-07,1.3153217205830075e-05
text+audio_text_ln_lrh0.001_e5_s44,3089,5,0.74262,22.1558,2.5595449697831497e-07,1.2797724848915749e-05
text+audio_text_ln_lrh0.001_e5_s44,3090,5,0.30017,30.8398,2.4884464984002843e-07,1.2442232492001422e-05
text+audio_text_ln_lrh0.001_e5_s44,3091,5,1.03724,36.9423,2.4173480270174195e-07,1.2086740135087096e-05
text+audio_text_ln_lrh0.001_e5_s44,3092,5,0.43881,27.4696,2.3462495556345542e-07,1.173124777817277e-05
text+audio_text_ln_lrh0.001_e5_s44,3093,5,0.74913,32.2907,2.2751510842516888e-07,1.1375755421258442e-05
text+audio_text_ln_lrh0.001_e5_s44,3094,5,0.31149,38.3074,2.2040526128688237e-07,1.1020263064344118e-05
text+audio_text_ln_lrh0.001_e5_s44,3095,5,0.84565,29.0138,2.1329541414859584e-07,1.0664770707429791e-05
text+audio_text_ln_lrh0.001_e5_s44,3096,5,0.5434,37.165,2.061855670103093e-07,1.0309278350515464e-05
text+audio_text_ln_lrh0.001_e5_s44,3097,5,0.61055,27.631,1.9907571987202276e-07,9.953785993601137e-06
text+audio_text_ln_lrh0.001_e5_s44,3098,5,0.2977,20.447,1.9196587273373625e-07,9.598293636686813e-06
text+audio_text_ln_lrh0.001_e5_s44,3099,5,0.93935,31.905,1.8485602559544972e-07,9.242801279772485e-06
text+audio_text_ln_lrh0.001_e5_s44,3100,5,0.80576,29.6376,1.7774617845716318e-07,8.887308922858158e-06
text+audio_text_ln_lrh0.001_e5_s44,3101,5,0.63806,34.6809,1.7063633131887667e-07,8.531816565943833e-06
text+audio_text_ln_lrh0.001_e5_s44,3102,5,0.23832,16.496,1.6352648418059014e-07,8.176324209029506e-06
text+audio_text_ln_lrh0.001_e5_s44,3103,5,0.11438,9.9434,1.564166370423036e-07,7.82083185211518e-06
text+audio_text_ln_lrh0.001_e5_s44,3104,5,0.37553,20.6364,1.4930678990401707e-07,7.465339495200853e-06
text+audio_text_ln_lrh0.001_e5_s44,3105,5,0.61611,21.0969,1.4219694276573056e-07,7.109847138286527e-06
text+audio_text_ln_lrh0.001_e5_s44,3106,5,0.74218,35.2765,1.3508709562744402e-07,6.7543547813722e-06
text+audio_text_ln_lrh0.001_e5_s44,3107,5,0.87006,31.8298,1.2797724848915749e-07,6.3988624244578746e-06
text+audio_text_ln_lrh0.001_e5_s44,3108,5,0.3914,24.8243,1.2086740135087098e-07,6.043370067543548e-06
text+audio_text_ln_lrh0.001_e5_s44,3109,5,0.29969,20.8145,1.1375755421258444e-07,5.687877710629221e-06
text+audio_text_ln_lrh0.001_e5_s44,3110,5,0.13149,8.2703,1.0664770707429792e-07,5.3323853537148955e-06
text+audio_text_ln_lrh0.001_e5_s44,3111,5,0.67448,23.9861,9.953785993601138e-08,4.976892996800568e-06
text+audio_text_ln_lrh0.001_e5_s44,3112,5,0.58114,36.6555,9.242801279772486e-08,4.621400639886243e-06
text+audio_text_ln_lrh0.001_e5_s44,3113,5,0.47024,17.5954,8.531816565943834e-08,4.265908282971916e-06
text+audio_text_ln_lrh0.001_e5_s44,3114,5,1.33478,60.7377,7.82083185211518e-08,3.91041592605759e-06
text+audio_text_ln_lrh0.001_e5_s44,3115,5,0.4676,28.1225,7.109847138286528e-08,3.5549235691432637e-06
text+audio_text_ln_lrh0.001_e5_s44,3116,5,0.78488,44.6231,6.398862424457874e-08,3.1994312122289373e-06
text+audio_text_ln_lrh0.001_e5_s44,3117,5,0.37382,27.7935,5.687877710629222e-08,2.8439388553146105e-06
text+audio_text_ln_lrh0.001_e5_s44,3118,5,1.06165,36.7159,4.976892996800569e-08,2.488446498400284e-06
text+audio_text_ln_lrh0.001_e5_s44,3119,5,0.37032,20.4155,4.265908282971917e-08,2.132954141485958e-06
text+audio_text_ln_lrh0.001_e5_s44,3120,5,0.68092,18.0165,3.554923569143264e-08,1.7774617845716318e-06
text+audio_text_ln_lrh0.001_e5_s44,3121,5,0.43538,34.8094,2.843938855314611e-08,1.4219694276573052e-06
text+audio_text_ln_lrh0.001_e5_s44,3122,5,0.93891,41.4622,2.1329541414859584e-08,1.066477070742979e-06
text+audio_text_ln_lrh0.001_e5_s44,3123,5,0.28688,20.7536,1.4219694276573055e-08,7.109847138286526e-07
text+audio_text_ln_lrh0.001_e5_s44,3124,5,0.30182,25.0686,7.1098471382865275e-09,3.554923569143263e-07
text+audio_text_ln_lrh0.001_e5_s44,3125,5,0.03126,10.2504,0.0,0.0
