split,Dialogue_ID,Utterance_ID,label,duration_s
train,0,0,neutral,5.675
train,0,1,neutral,1.472
train,0,2,neutral,2.944
train,0,3,neutral,2.773
train,0,4,surprise,6.485
train,0,5,neutral,3.221
train,0,6,neutral,3.093
train,0,7,neutral,5.717
train,0,8,neutral,0.96
train,0,9,neutral,2.219
train,0,10,fear,2.005
train,0,11,neutral,8.32
train,0,12,surprise,3.051
train,0,13,neutral,3.136
train,1,0,surprise,2.475
train,1,1,sadness,2.219
train,1,2,surprise,4.757
train,1,3,fear,2.517
train,1,4,neutral,1.173
train,1,5,neutral,1.472
train,1,8,neutral,2.005
train,2,0,neutral,1.088
train,2,1,neutral,1.451
train,2,2,joy,1.835
train,2,3,sadness,1.685
train,2,4,surprise,1.024
train,2,5,neutral,2.219
train,2,6,disgust,4.8
train,2,7,sadness,2.688
train,2,8,neutral,0.64
train,2,9,neutral,1.963
train,2,10,joy,0.811
train,2,11,neutral,1.173
train,2,12,joy,1.216
train,3,0,surprise,2.347
train,3,1,surprise,1.131
train,3,2,surprise,1.195
train,3,3,neutral,2.432
train,3,4,neutral,2.837
train,3,5,neutral,2.923
train,3,6,surprise,2.923
train,3,8,sadness,2.752
train,3,9,neutral,1.515
train,4,0,surprise,0.939
train,4,1,joy,0.128
train,4,2,surprise,1.131
train,4,3,neutral,2.752
train,4,4,neutral,1.344
train,4,5,neutral,0.085
train,4,6,neutral,0.256
train,4,7,neutral,1.045
train,4,8,joy,8.064
train,4,9,joy,1.365
train,4,10,joy,1.536
train,4,11,sadness,9.301
train,4,12,neutral,1.045
train,4,13,neutral,0.405
train,4,14,neutral,0.661
train,5,0,neutral,1.728
train,5,1,neutral,0.171
train,5,2,neutral,2.923
train,5,3,surprise,2.837
train,6,0,joy,3.221
train,6,1,surprise,1.6
train,6,2,joy,1.685
train,6,3,neutral,1.984
train,6,4,neutral,2.56
train,6,5,anger,2.389
train,6,6,joy,4.053
train,6,7,neutral,5.056
train,6,8,surprise,5.632
train,6,9,anger,1.003
train,6,10,anger,1.365
train,6,11,anger,3.371
train,6,12,neutral,1.28
train,6,13,neutral,0.939
train,6,14,sadness,0.597
train,6,15,sadness,0.704
train,6,16,sadness,1.301
train,6,17,surprise,0.448
train,6,18,anger,1.173
train,6,19,anger,0.619
train,6,20,anger,0.875
train,6,21,anger,1.877
train,7,0,neutral,2.88
train,7,1,anger,4.096
train,8,0,neutral,4.096
train,8,1,neutral,7.36
train,8,2,neutral,1.344
train,8,3,neutral,6.592
train,8,4,joy,2.837
train,8,5,neutral,2.581
train,8,6,joy,0.128
train,9,0,neutral,2.837
train,9,1,neutral,6.272
train,9,2,neutral,5.845
train,9,3,joy,4.224
train,9,4,neutral,1.685
train,9,5,neutral,0.64
train,9,6,neutral,2.261
train,9,7,neutral,6.229
train,9,8,neutral,2.88
train,9,9,joy,2.219
train,9,10,neutral,6.805
train,9,11,neutral,4.971
train,9,12,disgust,2.752
train,9,13,anger,8.427
train,10,0,anger,1.429
train,10,1,anger,1.387
train,10,2,anger,2.176
train,10,3,anger,1.728
train,10,4,anger,4.139
train,10,5,neutral,2.261
train,11,0,neutral,1.216
train,11,1,anger,3.435
train,11,2,neutral,2.731
train,11,3,joy,2.837
train,11,4,neutral,0.981
train,11,5,neutral,0.128
train,11,6,joy,1.963
train,11,7,joy,1.728
train,11,8,joy,1.771
train,11,9,joy,6.72
train,12,0,neutral,1.771
train,12,1,joy,8.896
train,12,2,disgust,3.563
train,12,3,surprise,1.301
train,12,4,disgust,1.28
train,12,5,neutral,1.003
train,12,6,fear,10.389
train,12,7,neutral,2.795
train,12,8,surprise,3.008
train,12,9,fear,6.592
train,12,10,disgust,1.173
train,12,11,anger,5.397
train,13,0,joy,4.096
train,13,1,neutral,9.813
train,13,2,surprise,6.016
train,13,3,neutral,1.92
train,14,0,neutral,11.349
train,14,1,neutral,2.923
train,14,2,neutral,8.896
train,14,3,surprise,2.795
train,14,4,neutral,0.32
train,14,5,neutral,3.435
train,15,0,anger,3.84
train,15,1,neutral,1.877
train,15,2,neutral,6.891
train,15,3,sadness,3.648
train,15,4,surprise,5.44
train,15,5,sadness,8.512
train,15,6,anger,2.517
train,15,7,sadness,3.797
train,15,8,neutral,1.877
train,15,9,sadness,2.24
train,15,10,neutral,8.064
train,15,11,neutral,5.888
train,15,12,neutral,5.056
train,15,13,neutral,3.392
train,15,14,neutral,1.963
train,15,15,joy,2.155
train,15,16,anger,0.939
train,15,17,anger,0.533
train,15,18,anger,2.283
train,15,19,neutral,1.707
train,15,20,anger,1.003
train,15,21,joy,3.883
train,15,22,joy,2.432
train,16,0,joy,1.045
train,16,1,joy,2.176
train,16,2,disgust,1.301
train,16,3,surprise,1.685
train,16,4,neutral,2.645
train,16,5,neutral,2.219
train,17,0,anger,3.712
train,17,1,joy,4.053
train,17,2,neutral,3.477
train,17,3,neutral,1.344
train,17,4,fear,3.051
train,17,5,neutral,2.261
train,17,6,fear,2.923
train,17,7,joy,2.496
train,17,8,joy,1.088
train,17,9,joy,1.109
train,17,10,joy,0.128
train,18,0,neutral,4.395
train,18,1,neutral,1.92
train,18,2,neutral,0.917
train,18,3,joy,5.099
train,18,4,neutral,3.008
train,18,5,joy,1.515
train,18,6,fear,1.088
train,18,7,neutral,0.533
train,18,8,sadness,3.84
train,18,9,surprise,2.517
train,18,10,fear,3.605
train,19,0,neutral,3.115
train,19,1,neutral,0.128
train,20,0,neutral,3.008
train,20,1,joy,1.963
train,20,2,joy,4.629
train,20,3,joy,0.811
train,20,4,joy,1.216
train,20,5,joy,0.533
train,20,6,joy,0.981
train,20,7,joy,2.261
train,20,8,neutral,0.213
train,20,9,neutral,2.56
train,20,10,neutral,1.173
train,20,11,neutral,1.899
train,20,12,joy,1.771
train,20,13,joy,0.128
train,20,14,joy,12.437
train,20,15,surprise,10.645
train,20,16,neutral,1.771
train,21,0,surprise,2.219
train,21,1,neutral,3.179
train,21,2,joy,6.016
train,21,3,surprise,2.475
train,21,4,neutral,2.176
train,21,5,surprise,2.005
train,21,6,anger,1.28
train,21,7,neutral,0.384
train,21,8,disgust,7.104
train,21,9,neutral,1.557
train,21,10,neutral,4.053
train,21,11,disgust,2.048
train,21,12,neutral,1.856
train,21,13,joy,1.259
train,22,0,disgust,3.435
train,22,1,neutral,2.347
train,22,2,surprise,3.392
train,22,3,neutral,3.648
train,23,0,surprise,6.592
train,23,1,anger,2.091
train,23,2,surprise,1.536
train,23,3,joy,1.323
train,23,4,neutral,1.109
train,23,5,neutral,0.917
train,23,6,neutral,2.176
train,23,7,neutral,2.048
train,23,8,surprise,14.229
train,24,0,neutral,3.691
train,24,1,neutral,4.672
train,24,2,neutral,1.92
train,24,3,joy,1.6
train,24,4,surprise,1.131
train,24,5,neutral,3.648
train,24,6,neutral,3.307
train,24,7,joy,3.883
train,24,8,fear,4.437
train,25,0,joy,3.648
train,25,1,joy,3.52
train,25,2,joy,7.637
train,25,3,joy,4.011
train,25,4,neutral,1.515
train,25,5,neutral,4.011
train,25,6,neutral,8.277
train,25,7,neutral,0.64
train,25,8,neutral,0.64
train,25,9,neutral,2.261
train,25,10,neutral,3.605
train,25,11,surprise,1.088
train,25,12,neutral,2.645
train,25,13,neutral,1.515
train,26,0,surprise,3.563
train,26,1,neutral,3.008
train,26,2,surprise,2.688
train,26,3,neutral,1.643
train,26,4,neutral,7.765
train,26,5,joy,10.261
train,26,6,joy,2.56
train,26,7,joy,0.939
train,26,8,neutral,1.515
train,26,9,neutral,5.269
train,26,10,neutral,2.752
train,26,11,sadness,5.589
train,26,12,neutral,2.752
train,26,13,neutral,3.648
train,27,0,sadness,6.229
train,27,1,joy,6.315
train,28,0,anger,2.197
train,28,1,anger,0.469
train,28,2,anger,0.128
train,28,3,joy,2.005
train,28,4,fear,4.757
train,28,5,joy,2.603
train,28,6,fear,7.36
train,28,7,sadness,2.304
train,29,0,surprise,7.851
train,29,1,joy,4.608
train,29,2,neutral,2.965
train,29,3,joy,1.557
train,29,4,surprise,2.795
train,29,6,anger,2.389
train,29,7,anger,2.752
train,29,8,anger,2.688
train,29,9,neutral,2.133
train,29,10,anger,6.635
train,29,11,anger,9.643
train,29,12,surprise,2.219
train,29,13,neutral,8.192
train,30,0,neutral,3.925
train,30,1,joy,2.432
train,30,2,neutral,3.477
train,30,3,neutral,2.219
train,30,4,anger,4.715
train,30,5,surprise,1.259
train,30,6,anger,2.005
train,30,7,fear,8.384
train,30,8,neutral,2.688
train,30,9,neutral,0.299
train,30,10,neutral,2.475
train,30,11,fear,5.355
train,30,12,neutral,0.811
train,30,13,neutral,1.685
train,30,14,anger,5.483
train,30,15,surprise,1.877
train,31,0,neutral,3.221
train,31,1,neutral,2.176
train,31,2,neutral,4.096
train,31,3,neutral,5.845
train,32,0,surprise,1.045
train,32,1,neutral,12.821
train,32,2,surprise,1.109
train,32,3,neutral,2.517
train,32,4,surprise,2.453
train,32,5,neutral,0.128
train,32,6,surprise,1.067
train,32,7,surprise,0.128
train,32,8,neutral,1.728
train,32,9,surprise,1.152
train,32,10,joy,0.832
train,32,11,joy,2.752
train,32,12,anger,6.315
train,32,13,anger,0.32
train,32,14,anger,3.093
train,32,15,neutral,1.877
train,32,16,neutral,1.515
train,32,17,fear,1.259
train,32,18,neutral,1.003
train,33,0,fear,4.395
train,33,1,joy,2.219
train,33,2,neutral,2.176
train,33,3,neutral,8.981
train,33,4,surprise,1.643
train,33,5,neutral,3.797
train,33,6,neutral,2.645
train,33,7,neutral,2.517
train,33,8,joy,3.883
train,33,9,joy,7.232
train,33,10,neutral,5.056
train,34,0,neutral,1.195
train,34,1,neutral,4.672
train,34,2,neutral,3.307
train,34,3,joy,2.176
train,34,4,neutral,2.005
train,34,5,neutral,3.136
train,34,6,neutral,1.92
train,34,7,neutral,1.003
train,34,8,neutral,2.795
train,34,9,surprise,2.133
train,34,10,neutral,4.608
train,34,11,neutral,0.981
train,34,12,neutral,0.725
train,34,13,disgust,3.797
train,35,0,surprise,1.685
train,35,1,joy,1.173
train,35,2,joy,0.32
train,35,3,joy,2.219
train,35,4,joy,0.939
train,35,5,joy,6.4
train,36,0,neutral,3.051
train,36,1,neutral,6.464
train,36,2,neutral,1.877
train,36,3,neutral,2.475
train,36,4,sadness,0.704
train,36,5,sadness,1.92
train,37,0,neutral,4.843
train,37,1,joy,1.387
train,37,2,joy,4.843
train,37,3,disgust,2.795
train,38,0,anger,2.176
train,38,1,neutral,1.045
train,38,2,joy,0.704
train,38,3,neutral,2.432
train,38,4,surprise,2.389
train,38,5,neutral,4.395
train,38,6,anger,8.149
train,38,7,surprise,0.469
train,38,8,surprise,1.6
train,38,9,surprise,3.008
train,38,10,surprise,1.877
train,38,11,surprise,1.6
train,39,0,anger,3.051
train,39,1,anger,1.877
train,39,2,surprise,0.747
train,39,3,anger,2.475
train,39,4,anger,2.432
train,39,5,anger,1.643
train,39,6,anger,0.853
train,39,7,joy,6.976
train,39,8,neutral,1.728
train,39,9,neutral,0.64
train,39,10,disgust,4.437
train,39,11,neutral,6.464
train,39,12,neutral,1.216
train,39,13,neutral,3.051
train,39,14,neutral,3.264
train,39,15,anger,12.352
train,39,16,anger,9.643
train,39,17,anger,2.347
train,39,18,anger,0.427
train,40,0,anger,3.392
train,40,1,anger,3.136
train,40,2,neutral,2.005
train,40,3,neutral,1.685
train,40,4,neutral,2.453
train,40,5,neutral,0.128
train,40,6,joy,2.261
train,40,7,neutral,2.389
train,40,8,disgust,4.053
train,40,9,fear,1.195
train,40,10,neutral,1.877
train,40,11,surprise,3.051
train,40,12,joy,2.176
train,40,13,sadness,1.6
train,40,14,sadness,2.219
train,41,0,sadness,7.893
train,41,1,surprise,11.029
train,41,2,neutral,4.224
train,41,3,neutral,4.224
train,41,4,neutral,8.512
train,41,5,surprise,0.896
train,41,6,neutral,2.965
train,41,7,neutral,5.141
train,41,8,neutral,0.427
train,41,9,neutral,1.941
train,41,10,neutral,1.045
train,41,11,neutral,2.645
train,41,12,disgust,0.341
train,41,13,neutral,8.235
train,41,14,disgust,3.051
train,41,15,surprise,2.923
train,42,0,neutral,5.547
train,42,1,surprise,7.552
train,43,0,neutral,3.307
train,43,1,neutral,4.629
train,43,2,neutral,2.475
train,43,3,neutral,3.307
train,43,4,neutral,3.669
train,43,5,neutral,1.216
train,43,6,neutral,2.219
train,44,0,neutral,7.808
train,44,1,surprise,1.216
train,44,2,neutral,0.619
train,45,0,sadness,2.965
train,45,1,disgust,3.008
train,45,2,neutral,2.645
train,45,3,anger,2.965
train,45,4,neutral,3.264
train,46,0,joy,1.771
train,46,1,surprise,3.179
train,46,2,anger,2.752
train,46,3,surprise,7.147
train,46,4,neutral,1.664
train,46,5,neutral,1.045
train,46,6,anger,8.277
train,46,7,surprise,4.053
train,46,8,joy,2.645
train,46,9,joy,1.728
train,46,10,neutral,0.64
train,46,11,fear,0.896
train,46,12,joy,6.763
train,46,13,surprise,10.155
train,46,14,joy,1.344
train,47,0,neutral,4.437
train,47,1,neutral,2.048
train,47,2,neutral,3.093
train,47,3,neutral,1.963
train,47,4,neutral,1.579
train,47,5,neutral,1.963
train,47,6,neutral,1.941
train,47,7,joy,3.435
train,47,8,neutral,0.832
train,47,9,neutral,0.981
train,47,11,surprise,1.877
train,47,12,neutral,1.515
train,47,13,surprise,4.48
train,47,14,neutral,1.088
train,47,15,joy,3.307
train,47,16,joy,1.387
train,47,17,neutral,2.389
train,48,0,neutral,2.133
train,49,0,neutral,1.173
train,49,1,neutral,4.181
train,49,2,anger,4.608
train,49,3,joy,4.971
train,49,4,fear,1.6
train,49,5,neutral,1.856
train,49,6,neutral,1.109
train,49,7,neutral,2.475
train,49,8,neutral,1.259
train,49,9,joy,2.027
train,49,10,neutral,2.56
train,49,11,neutral,3.755
train,49,12,sadness,1.045
train,49,13,surprise,1.408
train,49,14,neutral,2.475
train,49,15,surprise,1.707
train,49,16,neutral,0.192
train,49,17,neutral,3.093
train,49,18,surprise,3.136
train,49,19,neutral,1.557
train,49,20,surprise,1.259
train,49,21,anger,1.28
train,50,0,joy,4.139
train,50,1,anger,3.179
train,50,2,surprise,0.299
train,50,3,neutral,0.277
train,50,4,neutral,4.437
train,50,5,fear,4.437
train,50,6,fear,3.221
train,50,7,sadness,2.517
train,50,8,joy,1.451
train,50,9,surprise,1.173
train,50,10,surprise,2.56
train,50,11,neutral,0.405
train,50,12,neutral,1.152
train,50,13,anger,2.069
train,50,14,surprise,0.32
train,50,15,anger,0.704
train,50,16,neutral,2.475
train,51,0,neutral,2.56
train,51,1,sadness,4.757
train,51,2,neutral,3.925
train,51,3,disgust,3.008
train,51,4,anger,2.645
train,51,5,anger,3.051
train,51,6,anger,5.141
train,51,7,anger,2.752
train,51,8,anger,4.48
train,51,9,anger,1.685
train,51,10,anger,2.88
train,52,0,neutral,1.237
train,52,1,joy,1.557
train,52,2,neutral,0.619
train,52,3,neutral,1.877
train,52,4,neutral,11.435
train,52,5,neutral,7.723
train,52,6,neutral,3.392
train,52,7,neutral,1.173
train,52,8,neutral,1.216
train,52,9,neutral,0.896
train,52,10,neutral,3.605
train,52,11,neutral,1.835
train,53,0,joy,2.432
train,53,1,joy,1.259
train,53,2,neutral,2.389
train,53,3,neutral,3.563
train,53,4,neutral,2.432
train,53,5,neutral,1.088
train,53,6,joy,2.731
train,53,7,neutral,8.896
train,53,8,joy,8.555
train,54,0,disgust,8.555
train,54,1,sadness,2.603
train,54,2,anger,10.773
train,54,3,fear,2.795
train,54,4,fear,2.731
train,54,5,neutral,3.968
train,54,6,joy,5.013
train,54,7,anger,7.765
train,54,8,sadness,1.963
train,54,9,joy,1.515
train,54,10,neutral,3.264
train,54,11,neutral,2.325
train,54,12,fear,3.285
train,54,13,fear,2.88
train,54,14,sadness,4.523
train,54,15,sadness,2.965
train,54,16,sadness,2.432
train,54,17,joy,3.797
train,54,18,joy,15.445
train,54,19,joy,1.365
train,54,20,joy,4.288
train,54,21,neutral,3.691
train,54,22,joy,1.771
train,54,23,anger,2.709
train,55,0,joy,2.837
train,55,1,joy,3.136
train,55,2,neutral,9.024
train,55,3,surprise,8.597
train,55,4,neutral,2.091
train,55,5,joy,1.344
train,55,6,surprise,7.552
train,55,7,neutral,1.152
train,55,8,joy,1.877
train,55,9,joy,0.725
train,55,10,joy,0.555
train,55,11,joy,0.491
train,55,12,joy,0.619
train,55,13,joy,0.512
train,55,14,joy,0.832
train,55,15,joy,1.6
train,55,16,neutral,2.219
train,56,0,surprise,5.184
train,56,1,neutral,1.344
train,56,2,surprise,8.64
train,56,3,neutral,3.883
train,56,4,neutral,4.395
train,56,5,neutral,5.355
train,56,6,joy,10.155
train,57,1,neutral,2.155
train,57,2,fear,7.509
train,57,3,fear,5.845
train,58,0,neutral,5.547
train,58,1,neutral,0.64
train,58,2,surprise,2.688
train,58,3,neutral,1.429
train,58,4,anger,5.803
train,58,5,surprise,1.301
train,58,6,neutral,3.179
train,58,7,neutral,3.093
train,58,8,neutral,0.939
train,58,9,neutral,2.517
train,59,0,neutral,5.013
train,59,1,joy,0.917
train,59,2,neutral,1.451
train,59,3,joy,0.533
train,59,4,joy,0.747
train,59,5,joy,1.109
train,59,6,joy,0.768
train,59,7,joy,2.219
train,59,8,joy,1.6
train,59,9,joy,3.605
train,61,0,neutral,5.227
train,61,1,joy,0.789
train,61,2,joy,1.408
train,61,3,neutral,2.048
train,61,4,neutral,6.443
train,61,5,sadness,2.603
train,61,6,joy,3.221
train,61,7,sadness,1.344
train,61,8,joy,2.133
train,62,0,neutral,3.349
train,62,1,joy,3.264
train,62,2,neutral,2.475
train,62,3,joy,2.517
train,62,5,joy,0.491
train,62,6,neutral,1.365
train,62,7,neutral,2.475
train,62,8,neutral,2.133
train,62,9,surprise,7.765
train,62,10,surprise,3.883
train,62,11,neutral,7.424
train,63,0,joy,1.728
train,63,1,neutral,9.771
train,63,2,joy,5.931
train,63,3,surprise,1.344
train,63,4,joy,9.259
train,63,5,anger,4.139
train,63,6,neutral,1.685
train,63,7,sadness,3.755
train,64,0,anger,4.885
train,64,1,neutral,1.728
train,64,2,neutral,1.109
train,64,3,neutral,0.213
train,64,4,neutral,6.805
train,64,5,joy,1.92
train,64,6,neutral,3.136
train,64,7,joy,5.845
train,64,8,joy,1.003
train,64,9,anger,2.005
train,64,10,neutral,3.349
train,64,11,anger,2.176
train,64,12,neutral,5.483
train,65,0,joy,4.48
train,65,1,surprise,1.6
train,65,2,neutral,1.387
train,65,3,joy,14.784
train,66,1,neutral,3.349
train,66,2,neutral,7.509
train,66,3,neutral,2.304
train,66,4,neutral,3.008
train,66,5,surprise,1.003
train,66,6,neutral,5.504
train,66,7,neutral,3.605
train,66,8,sadness,5.888
train,66,9,joy,2.389
train,66,10,joy,6.763
train,66,11,sadness,1.515
train,66,12,neutral,2.688
train,67,0,surprise,1.365
train,67,1,neutral,1.216
train,67,2,joy,3.051
train,67,3,neutral,2.389
train,67,5,joy,2.347
train,67,6,sadness,1.6
train,67,7,joy,1.557
train,67,8,joy,1.173
train,67,9,neutral,2.56
train,67,10,joy,3.797
train,67,11,joy,2.795
train,67,12,neutral,0.512
train,67,13,neutral,1.643
train,67,14,neutral,4.928
train,67,15,anger,6.229
train,68,0,anger,4.608
train,68,1,joy,3.669
train,68,2,neutral,1.045
train,68,3,surprise,1.045
train,69,0,joy,4.053
train,69,1,neutral,2.688
train,69,2,neutral,3.093
train,69,3,surprise,1.045
train,69,4,sadness,1.429
train,69,5,neutral,1.92
train,69,6,anger,1.301
train,70,0,joy,2.795
train,70,1,neutral,2.027
train,70,2,neutral,2.731
train,70,3,neutral,4.672
train,70,4,neutral,11.392
train,70,5,anger,1.387
train,70,6,neutral,7.424
train,70,7,anger,3.051
train,70,8,anger,1.6
train,71,0,neutral,0.064
train,71,1,neutral,1.643
train,72,0,neutral,3.435
train,72,1,surprise,3.008
train,72,2,neutral,2.56
train,72,3,surprise,2.048
train,72,4,neutral,3.008
train,72,5,neutral,2.517
train,72,6,neutral,1.685
train,72,7,neutral,7.061
train,73,0,neutral,2.048
train,73,1,joy,2.261
train,73,2,joy,2.752
train,73,3,neutral,1.216
train,73,4,neutral,0.192
train,73,5,neutral,0.96
train,73,6,surprise,0.939
train,73,7,neutral,3.477
train,73,8,neutral,13.611
train,73,9,neutral,2.965
train,73,10,surprise,1.301
train,73,11,neutral,1.515
train,74,0,joy,2.752
train,74,1,neutral,1.835
train,74,2,neutral,1.963
train,74,3,neutral,1.408
train,74,4,disgust,2.795
train,74,5,anger,2.048
train,74,6,anger,2.219
train,75,0,neutral,1.344
train,76,0,neutral,3.669
train,76,1,neutral,1.877
train,76,2,neutral,5.973
train,76,3,neutral,7.019
train,76,4,neutral,3.883
train,76,5,joy,1.451
train,76,6,joy,2.752
train,76,7,sadness,3.136
train,77,0,neutral,1.195
train,77,1,neutral,1.643
train,77,2,neutral,3.755
train,77,3,neutral,2.24
train,77,4,joy,1.003
train,78,0,joy,2.965
train,78,1,anger,2.731
train,78,2,anger,1.685
train,78,3,neutral,1.621
train,78,4,fear,0.661
train,78,5,surprise,4.843
train,79,0,neutral,4.672
train,79,1,disgust,2.517
train,79,2,joy,4.053
train,79,3,surprise,0.704
train,79,4,neutral,1.92
train,79,5,disgust,1.792
train,79,6,neutral,1.792
train,79,7,neutral,2.88
train,80,0,neutral,2.965
train,80,1,joy,6.357
train,80,2,surprise,8.512
train,80,3,neutral,2.688
train,80,4,neutral,3.925
train,80,5,neutral,4.395
train,81,0,neutral,4.8
train,81,1,neutral,2.773
train,81,2,neutral,0.128
train,81,3,joy,1.835
train,81,4,fear,1.472
train,81,5,neutral,0.832
train,81,6,joy,1.387
train,81,7,surprise,0.128
train,81,8,joy,4.053
train,81,9,neutral,1.515
train,81,10,neutral,2.88
train,81,11,anger,3.307
train,81,12,neutral,2.133
train,81,13,anger,0.576
train,81,14,anger,4.629
train,81,15,anger,3.051
train,81,16,surprise,2.752
train,82,0,neutral,3.307
train,82,1,neutral,4.565
train,82,2,anger,2.88
train,82,3,disgust,4.011
train,82,4,sadness,2.56
train,82,5,neutral,2.304
train,82,6,disgust,6.016
train,82,7,neutral,2.389
train,82,9,disgust,6.464
train,82,10,neutral,3.435
train,82,11,neutral,2.475
train,83,0,neutral,3.051
train,83,1,neutral,1.429
train,83,2,anger,2.005
train,83,3,neutral,3.52
train,84,0,fear,2.389
train,84,1,anger,2.56
train,84,2,anger,1.963
train,84,3,anger,2.176
train,84,4,neutral,15.936
train,84,5,neutral,2.795
train,84,6,sadness,10.347
train,85,0,neutral,1.877
train,85,1,neutral,1.813
train,85,2,neutral,2.56
train,85,3,neutral,1.771
train,85,4,neutral,7.061
train,86,0,neutral,2.091
train,86,1,neutral,2.731
train,86,2,surprise,2.048
train,86,3,neutral,4.843
train,86,4,neutral,1.685
train,86,5,surprise,3.179
train,86,6,neutral,2.517
train,86,7,neutral,1.045
train,86,8,neutral,1.728
train,86,9,neutral,1.963
train,86,10,joy,1.728
train,87,0,sadness,1.536
train,87,1,neutral,0.789
train,87,2,sadness,1.579
train,87,3,sadness,0.448
train,87,4,joy,3.84
train,87,5,neutral,1.003
train,87,6,neutral,1.045
train,87,7,joy,1.045
train,87,8,joy,4.267
train,87,9,joy,5.099
train,88,0,neutral,2.965
train,88,1,joy,3.093
train,88,2,neutral,1.344
train,88,3,neutral,4.843
train,89,0,anger,7.189
train,89,1,neutral,1.963
train,89,2,joy,1.387
train,89,4,neutral,2.347
train,89,5,neutral,1.472
train,89,6,joy,1.003
train,89,7,joy,1.109
train,89,8,neutral,4.437
train,89,9,anger,2.176
train,89,10,surprise,1.451
train,89,11,anger,0.789
train,89,12,disgust,3.243
train,89,15,neutral,4.352
train,89,16,joy,3.477
train,90,0,surprise,1.6
train,91,0,anger,5.845
train,92,0,anger,1.643
train,92,1,neutral,1.557
train,93,0,neutral,7.061
train,93,1,neutral,1.557
train,93,2,neutral,1.131
train,93,3,surprise,5.397
train,93,4,neutral,2.091
train,93,5,surprise,2.091
train,93,6,disgust,2.133
train,93,7,surprise,1.429
train,94,0,neutral,1.259
train,94,1,neutral,2.645
train,94,2,fear,1.387
train,94,3,neutral,1.792
train,94,4,disgust,6.101
train,94,5,fear,3.349
train,94,6,anger,2.923
train,94,7,sadness,1.387
train,94,8,neutral,2.56
train,94,9,neutral,3.008
train,94,10,joy,2.517
train,94,11,joy,3.008
train,94,12,neutral,1.429
train,94,13,joy,1.195
train,94,14,neutral,1.024
train,94,15,joy,1.557
train,95,0,joy,3.648
train,95,1,surprise,1.344
train,95,2,neutral,1.835
train,95,3,neutral,1.92
train,95,4,joy,3.691
train,95,5,joy,0.896
train,95,6,surprise,1.131
train,95,7,surprise,1.472
train,95,8,anger,3.712
train,95,9,neutral,2.091
train,95,10,neutral,2.496
train,95,11,neutral,0.128
train,95,12,surprise,2.155
train,95,13,neutral,0.747
train,95,14,neutral,8.768
train,95,15,neutral,3.563
train,95,16,neutral,1.963
train,95,17,neutral,6.4
train,96,0,neutral,2.219
train,96,1,neutral,1.131
train,96,2,neutral,1.6
train,96,3,neutral,1.493
train,96,4,neutral,0.832
train,97,0,neutral,1.643
train,97,1,neutral,1.472
train,97,2,neutral,2.261
train,97,3,anger,2.688
train,98,1,neutral,3.84
train,99,0,joy,0.64
train,99,1,joy,1.216
train,99,2,joy,3.605
train,99,3,joy,2.304
train,99,4,neutral,4.672
train,99,5,fear,1.152
train,99,6,neutral,7.765
train,99,7,anger,2.688
train,99,8,joy,1.344
train,99,9,neutral,3.52
train,99,10,neutral,2.133
train,99,11,anger,2.475
train,99,12,neutral,3.349
train,99,13,joy,1.429
train,99,14,neutral,1.728
train,99,15,neutral,0.917
train,99,16,neutral,1.664
train,99,17,anger,0.811
train,99,18,neutral,1.984
train,100,0,neutral,1.877
train,100,1,neutral,3.648
train,100,2,neutral,1.109
train,100,3,fear,2.475
train,100,4,neutral,7.509
train,100,5,neutral,4.565
train,100,6,neutral,2.837
train,100,7,surprise,1.749
train,101,0,neutral,2.304
train,101,1,surprise,1.387
train,102,0,neutral,6.976
train,102,1,neutral,2.923
train,102,2,neutral,2.347
train,103,0,joy,3.435
train,103,1,neutral,9.109
train,103,2,surprise,3.797
train,103,3,joy,2.517
train,103,4,neutral,3.925
train,103,5,neutral,4.032
train,103,6,joy,0.128
train,103,7,joy,8.384
train,104,0,surprise,4.011
train,104,1,joy,1.6
train,105,0,fear,1.6
train,105,1,surprise,1.387
train,106,0,neutral,4.48
train,106,1,surprise,1.813
train,106,2,neutral,6.891
train,106,3,neutral,2.837
train,106,4,neutral,1.045
train,106,5,fear,2.261
train,107,0,neutral,1.557
train,107,1,neutral,1.771
train,107,2,neutral,1.173
train,107,4,neutral,2.923
train,107,5,joy,4.224
train,107,6,neutral,1.515
train,107,7,neutral,1.323
train,107,8,neutral,1.877
train,107,9,neutral,6.187
train,107,10,neutral,13.163
train,108,0,neutral,7.424
train,108,1,neutral,4.629
train,108,2,joy,2.965
train,108,3,neutral,2.347
train,108,4,joy,2.261
train,108,5,neutral,4.608
train,108,6,neutral,11.221
train,109,0,neutral,4.757
train,109,1,disgust,2.432
train,109,3,anger,2.731
train,109,4,joy,3.307
train,109,5,joy,4.437
train,109,6,sadness,3.264
train,109,7,sadness,3.435
train,109,8,sadness,4.8
train,109,9,joy,2.965
train,109,10,neutral,1.92
train,109,11,neutral,1.941
train,109,12,neutral,3.307
train,109,13,neutral,8.277
train,109,14,neutral,1.323
train,109,15,anger,0.789
train,109,16,fear,1.109
train,109,17,fear,4.395
train,109,18,fear,2.88
train,109,19,surprise,1.771
train,109,20,anger,1.344
train,109,21,joy,2.603
train,110,0,neutral,1.877
train,110,1,surprise,0.939
train,110,2,surprise,4.843
train,110,3,anger,1.728
train,110,4,neutral,1.045
train,110,5,joy,2.795
train,111,0,joy,2.389
train,111,1,fear,0.96
train,111,2,joy,1.621
train,111,3,neutral,5.845
train,111,4,surprise,6.677
train,111,5,fear,6.976
train,111,6,fear,2.176
train,111,7,neutral,3.093
train,111,8,surprise,1.28
train,111,9,neutral,2.027
train,111,10,surprise,0.917
train,111,11,neutral,2.816
train,111,12,neutral,6.592
train,111,13,fear,2.688
train,111,14,neutral,20.203
train,111,15,disgust,6.592
train,111,16,surprise,1.6
train,111,17,disgust,11.093
train,112,0,surprise,1.685
train,112,1,surprise,2.56
train,112,2,anger,3.84
train,112,3,anger,5.44
train,112,4,disgust,7.509
train,113,0,neutral,2.837
train,113,1,anger,2.005
train,113,2,neutral,1.707
train,113,3,neutral,0.277
train,113,4,neutral,2.56
train,113,5,neutral,5.056
train,113,6,neutral,2.219
train,113,7,neutral,2.688
train,113,8,joy,2.005
train,113,9,neutral,6.187
train,113,10,neutral,3.051
train,114,0,neutral,1.173
train,114,1,surprise,3.477
train,114,2,neutral,2.837
train,114,3,joy,3.712
train,114,4,joy,3.051
train,115,0,neutral,1.835
train,115,1,neutral,11.477
train,115,2,neutral,8.896
train,115,3,neutral,2.176
train,115,4,anger,1.963
train,115,5,neutral,2.091
train,115,6,surprise,1.963
train,115,7,surprise,3.883
train,116,0,neutral,3.797
train,116,1,neutral,5.931
train,116,2,sadness,7.509
train,116,3,surprise,4.672
train,116,4,neutral,3.563
train,116,5,neutral,9.856
train,116,6,neutral,4.267
train,116,7,sadness,8.725
train,117,0,joy,2.176
train,117,1,neutral,2.837
train,117,2,joy,1.856
train,117,3,neutral,2.752
train,118,0,neutral,3.307
train,118,1,surprise,2.112
train,118,2,neutral,1.429
train,118,3,joy,2.389
train,118,4,anger,2.091
train,118,5,joy,3.179
train,119,0,neutral,0.512
train,119,1,neutral,2.261
train,119,2,neutral,1.749
train,119,3,neutral,1.109
train,119,4,sadness,4.885
train,119,5,neutral,1.877
train,119,6,sadness,6.016
train,119,7,surprise,5.205
train,119,8,neutral,3.968
train,119,9,neutral,3.264
train,119,10,neutral,2.56
train,119,11,neutral,0.939
train,119,12,anger,3.136
train,120,0,fear,2.965
train,120,1,joy,5.397
train,120,2,surprise,2.048
train,120,3,neutral,3.221
train,120,4,fear,2.453
train,120,7,neutral,1.771
train,120,8,neutral,0.597
train,120,9,neutral,0.469
train,120,10,neutral,7.275
train,120,11,neutral,1.963
train,120,12,neutral,2.432
train,120,13,neutral,1.429
train,120,14,neutral,1.493
train,120,15,neutral,1.216
train,121,0,neutral,4.395
train,121,1,joy,1.408
train,121,2,joy,1.92
train,121,4,disgust,5.504
train,121,5,anger,8.341
train,121,6,neutral,1.557
train,121,7,sadness,1.813
train,122,0,surprise,8.811
train,122,1,fear,3.648
train,122,2,neutral,4.096
train,122,3,neutral,1.387
train,122,4,neutral,2.88
train,122,5,neutral,1.877
train,122,6,neutral,3.563
train,122,7,joy,7.104
train,122,8,joy,2.603
train,122,9,disgust,6.059
train,122,10,neutral,6.357
train,122,11,neutral,5.675
train,122,12,disgust,2.581
train,122,13,disgust,9.899
train,122,14,neutral,4.437
train,122,15,neutral,2.731
train,123,0,surprise,2.688
train,123,1,anger,2.645
train,123,2,anger,0.213
train,123,3,anger,2.752
train,123,4,anger,2.453
train,123,5,neutral,2.517
train,123,6,anger,2.347
train,123,7,neutral,2.645
train,123,8,anger,2.261
train,123,9,neutral,0.853
train,123,10,anger,2.517
train,124,0,joy,3.968
train,124,1,surprise,1.685
train,124,2,neutral,2.923
train,124,3,disgust,1.685
train,124,4,sadness,6.059
train,124,5,joy,3.648
train,124,6,joy,4.715
train,124,7,surprise,5.269
train,124,8,sadness,2.517
train,124,9,neutral,2.091
train,124,10,neutral,3.136
train,124,11,joy,7.275
train,125,0,joy,5.056
train,125,1,neutral,2.731
train,125,2,neutral,1.259
train,125,3,neutral,
train,125,4,neutral,3.093
train,125,5,neutral,1.301
train,125,6,neutral,2.219
train,125,7,neutral,1.259
train,125,8,surprise,1.557
train,126,0,joy,15.531
train,126,1,anger,3.605
train,126,2,joy,7.147
train,126,3,neutral,2.048
train,126,4,joy,7.019
train,126,5,anger,9.387
train,126,6,neutral,2.731
train,126,7,anger,3.883
train,126,8,neutral,2.176
train,126,9,sadness,1.877
train,126,10,neutral,1.877
train,126,11,neutral,1.344
train,126,12,anger,1.92
train,127,0,neutral,2.517
train,127,1,fear,1.003
train,127,2,fear,1.408
train,127,3,disgust,3.264
train,127,4,disgust,11.115
train,128,0,neutral,1.024
train,128,1,neutral,2.453
train,128,2,joy,12.203
train,128,3,joy,3.093
train,128,4,joy,6.848
train,128,5,joy,1.408
train,128,6,neutral,2.965
train,128,7,joy,11.413
train,128,8,neutral,2.816
train,128,9,joy,7.125
train,129,0,joy,2.304
train,129,1,sadness,9.067
train,129,2,sadness,3.691
train,129,3,disgust,1.813
train,129,4,sadness,7.317
train,129,5,anger,4.565
train,129,6,surprise,0.725
train,129,7,anger,2.176
train,129,8,neutral,0.981
train,129,9,neutral,1.835
train,129,10,anger,4.224
train,129,11,surprise,2.24
train,129,12,surprise,0.171
train,129,13,neutral,0.768
train,129,14,neutral,2.176
train,130,0,joy,2.475
train,130,1,neutral,8.981
train,130,2,neutral,6.891
train,130,3,disgust,4.757
train,130,4,neutral,1.685
train,130,5,neutral,1.515
train,130,6,neutral,2.347
train,130,7,neutral,1.067
train,130,8,neutral,4.139
train,130,9,disgust,4.267
train,130,10,neutral,2.923
train,130,11,surprise,2.965
train,130,12,neutral,4.309
train,130,13,neutral,1.493
train,130,14,neutral,1.259
train,130,15,neutral,0.832
train,130,16,surprise,0.768
train,130,17,joy,0.192
train,131,0,neutral,11.221
train,131,1,sadness,2.56
train,131,2,neutral,1.515
train,132,0,surprise,3.755
train,132,1,neutral,4.672
train,132,2,sadness,2.88
train,132,3,surprise,1.728
train,132,4,sadness,2.176
train,132,5,neutral,1.835
train,132,6,sadness,2.731
train,132,7,neutral,2.261
train,132,8,sadness,1.771
train,132,9,neutral,0.704
train,132,10,neutral,3.968
train,133,0,fear,1.771
train,134,0,neutral,1.387
train,135,0,neutral,1.152
train,135,1,neutral,0.789
train,135,2,neutral,7.68
train,135,4,neutral,1.344
train,135,5,neutral,1.429
train,135,6,neutral,2.645
train,135,7,neutral,2.475
train,135,8,neutral,1.6
train,136,0,neutral,1.557
train,136,1,neutral,1.685
train,136,2,surprise,0.597
train,136,4,neutral,6.016
train,136,5,neutral,4.053
train,137,0,neutral,0.981
train,137,1,neutral,1.003
train,137,2,neutral,2.219
train,137,3,neutral,11.776
train,137,4,joy,1.643
train,137,5,neutral,2.88
train,137,6,joy,3.435
train,137,7,neutral,2.645
train,138,0,anger,3.179
train,138,1,anger,4.224
train,138,2,joy,1.856
train,138,3,anger,1.472
train,138,4,surprise,2.56
train,138,5,disgust,4.224
train,138,6,surprise,1.045
train,138,7,neutral,6.891
train,138,8,neutral,1.643
train,138,9,neutral,1.429
train,138,10,joy,7.552
train,138,11,anger,7.147
train,138,12,neutral,8.512
train,138,13,surprise,1.92
train,138,14,neutral,6.763
train,138,15,anger,3.648
train,138,16,surprise,1.877
train,139,0,neutral,4.181
train,139,1,neutral,1.963
train,139,2,anger,1.835
train,139,3,joy,6.315
train,139,4,surprise,1.088
train,139,5,joy,7.68
train,140,0,neutral,7.552
train,140,1,neutral,11.115
train,140,2,surprise,7.979
train,141,0,neutral,4.096
train,141,1,neutral,2.432
train,141,2,neutral,2.155
train,141,3,neutral,1.579
train,141,4,neutral,3.093
train,141,5,neutral,5.355
train,141,6,neutral,2.005
train,141,7,neutral,4.565
train,142,0,neutral,5.269
train,142,1,joy,2.475
train,143,0,neutral,3.051
train,143,1,neutral,2.752
train,143,2,sadness,2.645
train,143,3,joy,3.883
train,143,4,neutral,2.091
train,144,0,neutral,1.557
train,144,1,neutral,2.389
train,144,2,neutral,1.6
train,144,3,neutral,5.269
train,144,4,surprise,0.533
train,144,5,joy,1.749
train,145,0,surprise,12.032
train,145,1,neutral,3.435
train,145,2,anger,1.728
train,145,3,neutral,1.173
train,145,4,fear,0.768
train,145,5,fear,2.261
train,145,6,anger,6.635
train,145,7,surprise,9.643
train,145,8,anger,7.232
train,145,9,disgust,2.645
train,145,10,disgust,1.685
train,145,11,disgust,2.347
train,145,12,anger,1.152
train,145,13,anger,1.515
train,145,14,joy,2.219
train,145,15,disgust,5.675
train,145,16,surprise,1.344
train,145,17,neutral,3.179
train,145,18,surprise,2.56
train,146,0,neutral,3.349
train,146,1,sadness,7.595
train,146,2,neutral,4.48
train,146,3,anger,2.005
train,146,4,neutral,0.981
train,146,5,neutral,1.877
train,146,6,neutral,1.493
train,146,7,neutral,2.24
train,146,8,neutral,0.747
train,146,9,sadness,1.323
train,146,10,sadness,0.533
train,146,11,sadness,7.275
train,146,12,sadness,8.235
train,147,0,neutral,3.605
train,147,1,neutral,3.093
train,147,2,neutral,3.179
train,147,3,joy,4.629
train,147,4,fear,1.131
train,147,5,joy,1.259
train,147,6,surprise,3.84
train,147,7,disgust,3.349
train,147,8,surprise,4.139
train,147,9,neutral,1.301
train,147,10,neutral,2.176
train,147,11,anger,2.795
train,148,0,anger,3.136
train,148,1,neutral,1.771
train,148,2,anger,3.563
train,148,3,anger,3.136
train,148,4,anger,2.752
train,148,5,surprise,1.088
train,148,6,disgust,7.019
train,148,7,neutral,1.792
train,148,8,neutral,2.005
train,148,9,neutral,1.088
train,148,10,neutral,2.219
train,148,11,neutral,1.963
train,148,12,neutral,2.56
train,148,13,surprise,0.811
train,148,14,neutral,1.259
train,148,15,fear,2.091
train,148,16,neutral,1.963
train,148,17,anger,2.859
train,148,18,anger,4.352
train,148,19,sadness,3.883
train,148,20,sadness,1.771
train,149,0,sadness,3.883
train,149,1,neutral,3.264
train,149,2,neutral,6.315
train,149,3,joy,2.048
train,150,0,fear,2.133
train,150,1,neutral,2.731
train,150,2,anger,6.187
train,150,3,sadness,2.56
train,151,0,joy,2.752
train,151,1,joy,1.301
train,151,2,joy,3.797
train,151,3,joy,5.76
train,151,6,surprise,2.517
train,151,7,neutral,4.437
train,151,8,anger,2.005
train,151,9,joy,10.731
train,151,10,neutral,2.923
train,151,11,sadness,2.368
train,151,12,neutral,0.277
train,151,13,neutral,0.128
train,151,15,neutral,4.672
train,151,16,anger,3.797
train,151,17,neutral,4.928
train,152,0,surprise,2.091
train,152,1,joy,4.309
train,152,4,neutral,4.267
train,152,5,neutral,3.52
train,152,6,neutral,1.6
train,152,7,neutral,1.557
train,152,8,surprise,1.877
train,152,9,sadness,1.451
train,152,10,sadness,1.664
train,152,11,sadness,10.112
train,153,0,neutral,6.549
train,153,1,joy,4.395
train,153,2,neutral,1.643
train,153,3,neutral,1.067
train,153,4,joy,2.347
train,153,5,neutral,1.259
train,153,6,surprise,1.92
train,153,7,neutral,11.392
train,153,8,disgust,15.701
train,153,9,neutral,3.52
train,153,10,anger,2.389
train,153,11,anger,1.195
train,153,12,anger,1.963
train,154,0,joy,3.093
train,154,1,joy,10.261
train,154,2,anger,2.048
train,154,3,surprise,1.664
train,154,4,anger,2.795
train,154,5,surprise,1.856
train,154,6,anger,4.565
train,154,7,anger,2.731
train,154,8,neutral,1.728
train,155,0,neutral,0.533
train,155,1,neutral,0.661
train,155,2,joy,2.517
train,155,3,joy,1.685
train,155,4,joy,0.939
train,155,5,surprise,2.133
train,155,6,neutral,6.507
train,155,7,joy,4.715
train,155,8,surprise,1.92
train,155,9,joy,2.304
train,155,10,neutral,2.219
train,155,11,neutral,1.515
train,155,12,neutral,1.685
train,156,0,sadness,7.317
train,156,1,anger,3.051
train,156,2,surprise,4.011
train,156,3,anger,8.064
train,156,4,neutral,3.52
train,156,5,surprise,5.056
train,156,6,neutral,5.845
train,156,7,fear,0.725
train,156,8,surprise,0.939
train,156,9,joy,0.64
train,156,10,neutral,1.771
train,156,11,neutral,1.643
train,157,0,joy,2.88
train,157,1,joy,4.395
train,157,2,joy,1.813
train,158,1,neutral,2.731
train,158,2,neutral,0.555
train,158,3,disgust,0.896
train,158,4,surprise,1.088
train,158,6,sadness,2.347
train,158,7,surprise,5.355
train,158,8,neutral,4.096
train,159,0,joy,2.389
train,159,1,surprise,1.643
train,159,2,joy,0.768
train,159,3,joy,4.309
train,159,4,surprise,1.515
train,159,5,joy,2.752
train,159,6,joy,1.6
train,159,7,joy,3.925
train,159,8,joy,1.323
train,159,9,neutral,1.792
train,160,0,neutral,0.533
train,160,1,joy,1.173
train,160,2,neutral,1.963
train,160,3,neutral,1.259
train,160,4,neutral,1.429
train,160,5,sadness,1.6
train,160,6,fear,0.597
train,160,7,neutral,2.347
train,160,8,sadness,6.187
train,160,10,joy,9.216
train,160,11,neutral,2.133
train,160,12,joy,4.843
train,160,13,neutral,0.619
train,160,14,neutral,1.195
train,160,15,sadness,2.133
train,160,16,sadness,1.771
train,160,17,neutral,1.493
train,160,18,neutral,1.664
train,161,0,neutral,2.005
train,161,1,joy,2.133
train,161,2,neutral,1.685
train,161,3,neutral,1.301
train,161,4,neutral,4.139
train,161,5,surprise,2.133
train,162,0,neutral,1.984
train,162,1,neutral,0.683
train,163,0,neutral,3.008
train,163,1,anger,2.752
train,163,2,surprise,0.619
train,163,3,anger,1.877
train,163,4,surprise,1.963
train,163,5,neutral,2.795
train,163,6,neutral,0.192
train,163,7,surprise,2.133
train,163,8,anger,3.52
train,163,9,anger,2.56
train,163,10,neutral,2.176
train,164,0,fear,5.589
train,164,1,neutral,1.173
train,164,2,surprise,6.059
train,164,3,neutral,0.789
train,164,4,sadness,1.237
train,164,5,fear,11.477
train,164,6,neutral,2.709
train,164,7,neutral,1.195
train,164,8,joy,3.605
train,164,9,joy,11.349
train,165,0,neutral,3.691
train,165,1,joy,1.387
train,165,2,neutral,3.093
train,165,3,surprise,7.765
train,165,4,neutral,3.051
train,165,5,joy,2.56
train,165,6,fear,2.091
train,165,7,joy,1.216
train,165,8,joy,7.851
train,165,9,neutral,0.747
train,165,10,neutral,3.392
train,165,11,neutral,0.619
train,165,12,neutral,1.664
train,165,13,neutral,1.003
train,165,14,neutral,1.088
train,165,15,neutral,1.003
train,165,16,joy,3.477
train,165,17,joy,1.045
train,165,18,joy,1.707
train,165,19,joy,4.309
train,166,0,neutral,4.096
train,166,1,neutral,0.832
train,166,2,neutral,0.128
train,167,0,joy,7.979
train,167,1,surprise,1.6
train,167,2,anger,3.84
train,167,3,neutral,1.045
train,167,4,neutral,4.267
train,167,5,neutral,2.752
train,167,6,anger,2.048
train,167,7,neutral,9.301
train,167,8,sadness,3.563
train,167,9,anger,3.221
train,167,10,neutral,5.717
train,167,11,neutral,6.507
train,167,12,neutral,3.733
train,168,0,neutral,1.131
train,168,1,neutral,0.896
train,168,2,neutral,5.227
train,168,3,neutral,2.091
train,168,4,neutral,2.176
train,168,5,neutral,2.176
train,168,6,surprise,1.835
train,168,7,neutral,3.264
train,168,8,neutral,6.635
train,168,9,anger,3.093
train,168,10,neutral,2.091
train,168,11,anger,2.005
train,168,12,neutral,4.267
train,168,13,neutral,2.219
train,168,14,neutral,2.731
train,169,0,joy,1.515
train,169,1,joy,3.925
train,169,2,neutral,4.48
train,170,0,surprise,3.179
train,170,1,neutral,2.731
train,170,2,disgust,1.301
train,170,3,surprise,3.392
train,170,4,disgust,1.088
train,170,5,neutral,1.216
train,170,6,disgust,5.547
train,170,7,surprise,2.965
train,170,8,neutral,2.176
train,170,9,neutral,4.181
train,170,10,sadness,1.835
train,170,11,neutral,6.677
train,171,0,joy,1.792
train,171,1,neutral,11.221
train,171,2,neutral,1.813
train,171,3,neutral,8.064
train,171,4,surprise,1.515
train,171,5,neutral,0.981
train,171,6,surprise,2.347
train,171,7,surprise,3.136
train,172,0,neutral,2.475
train,172,1,neutral,0.875
train,172,3,joy,1.024
train,172,4,joy,3.136
train,172,5,neutral,2.688
train,172,6,neutral,1.451
train,172,7,neutral,1.963
train,172,8,joy,1.643
train,172,10,neutral,1.771
train,173,0,joy,10.261
train,173,1,surprise,1.237
train,173,2,joy,1.536
train,173,3,anger,6.805
train,173,4,anger,7.36
train,173,5,neutral,1.088
train,173,6,anger,7.424
train,173,7,surprise,0.811
train,173,8,anger,0.64
train,173,10,joy,1.301
train,174,0,joy,1.707
train,174,1,joy,0.32
train,174,2,joy,2.56
train,174,3,joy,7.403
train,174,4,neutral,2.517
train,174,5,neutral,4.651
train,174,6,sadness,3.307
train,174,7,surprise,1.088
train,175,0,neutral,0.597
train,175,1,joy,2.432
train,175,2,joy,2.517
train,175,3,neutral,8.192
train,175,4,surprise,2.645
train,175,5,anger,2.603
train,175,6,neutral,1.301
train,175,7,sadness,1.685
train,175,8,neutral,1.92
train,175,9,sadness,4.096
train,175,10,surprise,1.387
train,175,11,sadness,4.437
train,176,0,surprise,2.048
train,176,1,neutral,2.133
train,176,2,surprise,2.752
train,176,4,surprise,0.811
train,176,5,surprise,1.728
train,176,6,neutral,7.723
train,176,7,surprise,3.605
train,176,8,neutral,7.275
train,176,9,neutral,2.88
train,176,10,joy,3.179
train,177,0,joy,1.685
train,177,1,neutral,6.933
train,177,2,neutral,4.139
train,177,3,fear,11.435
train,177,4,joy,1.877
train,177,5,fear,12.928
train,177,6,joy,2.688
train,177,7,joy,6.635
train,177,8,sadness,2.048
train,177,9,joy,1.237
train,177,10,neutral,1.429
train,178,0,joy,2.005
train,178,1,neutral,5.483
train,178,2,surprise,2.176
train,179,0,neutral,1.088
train,179,1,neutral,2.069
train,179,2,neutral,1.664
train,179,3,neutral,0.661
train,179,4,neutral,0.619
train,179,5,neutral,0.661
train,179,6,neutral,1.237
train,179,7,neutral,0.619
train,179,8,neutral,0.064
train,179,9,neutral,1.685
train,179,10,joy,2.475
train,179,11,neutral,2.56
train,179,12,neutral,0.469
train,179,13,neutral,2.069
train,179,14,neutral,0.747
train,179,15,neutral,1.963
train,179,16,neutral,0.235
train,179,17,neutral,2.219
train,179,18,neutral,0.64
train,179,19,anger,2.901
train,180,0,joy,1.109
train,180,4,sadness,2.88
train,180,5,sadness,5.227
train,180,6,surprise,5.44
train,180,7,surprise,4.011
train,180,8,surprise,1.003
train,180,9,joy,4.565
train,180,10,neutral,3.349
train,180,11,surprise,6.229
train,180,12,neutral,4.096
train,180,13,surprise,1.259
train,180,14,joy,3.691
train,180,15,fear,2.795
train,181,0,anger,7.509
train,181,1,neutral,4.181
train,181,2,neutral,6.72
train,181,3,surprise,1.877
train,181,4,neutral,12.779
train,182,0,neutral,2.219
train,182,1,sadness,5.099
train,182,2,sadness,1.429
train,182,3,anger,6.848
train,182,4,anger,1.835
train,182,5,anger,4.843
train,182,6,anger,3.392
train,182,7,neutral,3.136
train,182,8,anger,1.728
train,182,9,anger,0.213
train,182,10,neutral,5.888
train,182,11,neutral,2.133
train,182,12,neutral,0.747
train,182,13,neutral,2.581
train,182,14,neutral,0.277
train,182,15,neutral,4.139
train,183,0,neutral,1.344
train,183,1,surprise,0.96
train,183,2,joy,0.939
train,183,3,neutral,0.768
train,183,4,neutral,0.683
train,183,5,joy,2.219
train,183,6,neutral,2.133
train,183,7,neutral,1.472
train,183,8,neutral,1.237
train,183,9,joy,6.549
train,183,10,neutral,5.269
train,183,11,neutral,4.672
train,183,12,joy,1.728
train,183,13,neutral,3.349
train,183,14,neutral,6.891
train,183,15,neutral,2.005
train,183,16,neutral,1.728
train,183,17,neutral,2.133
train,183,18,neutral,2.731
train,183,19,joy,7.851
train,184,0,joy,2.731
train,184,1,neutral,2.688
train,184,2,neutral,1.963
train,184,3,joy,0.64
train,184,4,joy,1.259
train,184,5,joy,1.173
train,184,6,sadness,4.224
train,184,7,neutral,6.933
train,184,8,neutral,3.712
train,184,9,joy,3.563
train,184,10,anger,2.304
train,184,11,surprise,2.005
train,184,12,neutral,3.179
train,184,13,anger,5.973
train,184,14,neutral,1.856
train,184,15,surprise,2.048
train,184,16,anger,5.227
train,184,17,anger,3.221
train,184,18,neutral,1.088
train,184,19,anger,3.477
train,184,20,neutral,1.216
train,184,21,anger,4.629
train,185,0,surprise,0.768
train,185,1,neutral,1.216
train,185,2,surprise,4.096
train,185,3,neutral,1.216
train,185,4,surprise,1.728
train,185,5,sadness,7.381
train,185,6,surprise,1.003
train,185,7,surprise,3.349
train,185,8,surprise,6.144
train,185,9,surprise,2.965
train,185,10,neutral,8.939
train,185,11,surprise,1.685
train,185,12,fear,1.771
train,185,13,surprise,3.008
train,186,0,joy,1.6
train,186,1,joy,7.467
train,186,2,joy,1.771
train,186,3,joy,1.792
train,186,4,neutral,0.747
train,186,5,surprise,3.648
train,187,0,sadness,4.629
train,187,1,surprise,3.051
train,187,2,joy,1.088
train,187,3,surprise,1.173
train,187,4,neutral,2.923
train,187,5,surprise,4.053
train,187,6,neutral,2.88
train,187,7,neutral,1.771
train,187,8,neutral,1.259
train,187,9,joy,1.216
train,188,0,neutral,1.685
train,188,2,neutral,0.981
train,188,3,anger,6.848
train,188,4,anger,4.181
train,188,5,anger,2.133
train,188,6,neutral,1.813
train,189,0,fear,3.136
train,189,1,neutral,2.133
train,189,2,neutral,2.347
train,189,3,neutral,4.971
train,189,4,neutral,0.96
train,189,5,joy,0.448
train,189,6,anger,3.925
train,189,7,neutral,2.261
train,189,8,anger,4.565
train,189,9,neutral,1.344
train,189,10,neutral,6.443
train,189,12,surprise,4.565
train,189,13,anger,4.757
train,189,14,joy,5.504
train,189,15,neutral,10.603
train,190,0,neutral,1.899
train,190,1,neutral,2.517
train,190,2,joy,3.605
train,190,3,neutral,1.472
train,190,4,joy,2.133
train,190,5,neutral,1.643
train,190,6,joy,1.557
train,190,7,neutral,1.728
train,191,0,anger,3.84
train,191,1,neutral,2.176
train,191,2,neutral,1.643
train,191,3,joy,2.603
train,191,4,neutral,2.411
train,191,5,neutral,0.747
train,191,6,neutral,2.091
train,192,0,sadness,2.475
train,192,1,neutral,1.6
train,192,2,neutral,3.392
train,192,3,joy,3.2
train,192,4,joy,0.725
train,192,5,disgust,6.059
train,192,6,joy,2.133
train,192,7,disgust,1.6
train,193,0,neutral,13.739
train,193,1,joy,1.301
train,193,2,joy,3.008
train,193,3,neutral,7.104
train,193,4,neutral,2.261
train,193,5,surprise,1.685
train,193,6,neutral,3.52
train,193,7,neutral,2.389
train,194,0,neutral,2.795
train,194,1,joy,7.467
train,195,0,neutral,2.176
train,195,1,neutral,5.056
train,195,2,joy,1.515
train,195,3,disgust,2.432
train,195,4,joy,2.432
train,195,5,neutral,1.067
train,195,6,neutral,1.515
train,195,7,surprise,2.603
train,195,8,anger,3.605
train,195,9,neutral,2.219
train,195,10,neutral,1.131
train,195,11,disgust,2.795
train,195,12,neutral,2.048
train,195,13,neutral,3.797
train,195,14,anger,5.504
train,195,15,neutral,4.352
train,195,16,neutral,2.027
train,195,17,neutral,1.877
train,195,18,surprise,2.048
train,195,19,joy,5.269
train,196,0,neutral,1.771
train,196,1,neutral,2.475
train,196,2,surprise,0.875
train,197,0,joy,5.675
train,197,1,surprise,0.789
train,197,2,joy,1.451
train,197,3,surprise,2.304
train,197,4,joy,1.387
train,197,5,neutral,2.304
train,197,6,neutral,3.712
train,197,7,neutral,1.472
train,198,0,neutral,1.557
train,198,1,neutral,1.728
train,198,2,joy,4.843
train,198,3,neutral,2.133
train,198,4,surprise,2.347
train,198,5,neutral,6.635
train,198,6,joy,2.005
train,199,0,sadness,2.645
train,199,1,joy,0.832
train,199,2,joy,1.92
train,199,3,joy,4.48
train,199,4,neutral,2.432
train,199,5,neutral,2.176
train,199,6,surprise,0.555
train,199,7,surprise,0.683
train,199,8,neutral,4.352
train,199,9,surprise,3.179
train,199,10,neutral,3.563
train,199,11,neutral,2.475
train,200,0,neutral,2.24
train,200,1,anger,1.792
train,200,2,surprise,0.405
train,200,3,surprise,1.579
train,200,4,anger,7.061
train,200,5,anger,7.936
train,200,6,anger,5.632
train,200,7,joy,1.323
train,200,8,joy,0.128
train,200,9,joy,1.6
train,201,0,neutral,1.92
train,201,1,neutral,2.475
train,201,2,joy,1.728
train,201,3,fear,14.528
train,201,4,sadness,3.051
train,201,5,fear,1.173
train,201,6,surprise,8.64
train,201,7,surprise,6.229
train,201,8,joy,2.837
train,201,9,joy,3.563
train,202,0,joy,1.92
train,202,1,neutral,0.512
train,202,2,neutral,5.845
train,202,3,neutral,3.051
train,202,4,neutral,2.88
train,202,5,surprise,1.088
train,202,6,neutral,2.645
train,202,7,surprise,2.091
train,202,8,joy,2.837
train,202,9,surprise,4.032
train,202,12,neutral,3.797
train,202,13,neutral,2.795
train,202,14,neutral,2.005
train,202,15,neutral,1.835
train,202,16,anger,2.432
train,203,0,joy,1.963
train,203,1,surprise,2.24
train,203,2,joy,6.443
train,203,3,joy,1.771
train,203,4,joy,3.563
train,203,5,neutral,2.539
train,204,0,joy,2.688
train,204,1,neutral,3.84
train,204,2,neutral,3.051
train,204,3,neutral,0.683
train,204,4,neutral,2.347
train,204,5,surprise,1.131
train,204,6,neutral,4.672
train,204,7,neutral,3.52
train,204,8,surprise,1.685
train,204,9,neutral,4.587
train,204,10,neutral,2.752
train,204,11,neutral,1.685
train,204,12,neutral,3.563
train,204,13,sadness,12.267
train,205,0,neutral,2.347
train,205,1,neutral,2.645
train,205,2,neutral,2.517
train,205,3,surprise,1.259
train,205,4,joy,4.352
train,205,5,neutral,1.472
train,205,6,joy,4.096
train,206,0,neutral,1.387
train,206,1,anger,6.549
train,206,2,neutral,5.269
train,206,3,surprise,3.755
train,206,4,anger,2.88
train,206,5,neutral,1.771
train,206,6,neutral,0.299
train,206,7,anger,2.432
train,206,8,neutral,1.173
train,206,9,anger,2.304
train,206,10,surprise,1.003
train,206,11,anger,0.981
train,206,12,anger,0.512
train,206,13,anger,7.104
train,206,14,anger,3.477
train,206,15,anger,0.853
train,206,16,anger,0.683
train,206,17,neutral,0.896
train,206,18,anger,1.515
train,207,0,joy,8.811
train,207,1,neutral,3.435
train,207,2,surprise,5.355
train,207,3,neutral,1.429
train,207,4,neutral,7.979
train,207,5,neutral,2.005
train,207,6,neutral,0.853
train,207,7,neutral,1.173
train,207,8,neutral,1.92
train,207,9,neutral,2.261
train,207,10,joy,9.344
train,207,11,joy,5.525
train,207,12,neutral,2.432
train,207,13,joy,2.389
train,207,14,surprise,1.515
train,207,15,neutral,1.963
train,207,16,neutral,3.136
train,207,17,anger,8.427
train,207,18,anger,3.179
train,207,19,neutral,1.728
train,208,0,disgust,5.931
train,208,1,neutral,3.179
train,208,2,surprise,2.731
train,208,3,neutral,6.357
train,208,4,disgust,3.477
train,208,5,joy,3.307
train,208,6,anger,2.197
train,208,7,neutral,0.917
train,208,8,neutral,2.261
train,208,9,joy,1.749
train,208,10,surprise,1.536
train,208,11,joy,2.603
train,208,12,surprise,1.408
train,208,14,sadness,1.6
train,208,15,surprise,1.621
train,208,16,surprise,0.192
train,209,0,neutral,1.301
train,210,0,anger,1.813
train,210,1,surprise,2.091
train,210,2,anger,3.051
train,210,3,anger,2.688
train,210,4,anger,3.52
train,210,5,anger,6.464
train,210,6,joy,2.731
train,210,7,joy,1.344
train,210,8,joy,3.648
train,210,9,neutral,3.093
train,210,10,neutral,3.179
train,211,0,joy,3.712
train,211,1,neutral,2.219
train,211,2,joy,2.261
train,211,3,neutral,1.515
train,211,5,joy,5.931
train,211,6,disgust,4.352
train,211,7,neutral,1.771
train,211,8,disgust,2.88
train,211,9,surprise,1.643
train,211,10,joy,8.469
train,211,11,surprise,0.853
train,211,12,fear,1.813
train,211,13,surprise,2.517
train,211,14,neutral,3.264
train,212,0,neutral,2.965
train,212,1,joy,1.472
train,212,2,neutral,6.357
train,212,3,surprise,4.843
train,212,4,surprise,1.515
train,212,5,disgust,5.632
train,212,6,neutral,3.883
train,212,7,anger,3.179
train,212,8,neutral,4.267
train,212,9,surprise,2.219
train,213,0,neutral,3.755
train,213,1,neutral,2.219
train,213,2,joy,2.517
train,213,3,neutral,1.216
train,213,4,sadness,1.173
train,214,0,surprise,1.643
train,214,1,neutral,1.792
train,214,2,sadness,6.144
train,214,3,surprise,1.088
train,214,4,neutral,2.219
train,214,5,surprise,2.645
train,214,6,surprise,3.136
train,214,7,neutral,2.389
train,214,8,joy,4.885
train,214,9,neutral,2.475
train,214,10,neutral,1.344
train,215,0,joy,3.477
train,216,0,sadness,10.411
train,216,1,neutral,0.128
train,216,2,neutral,5.013
train,217,0,neutral,1.088
train,218,1,neutral,1.216
train,218,2,neutral,3.179
train,218,3,neutral,2.517
train,218,4,sadness,4.352
train,218,5,neutral,6.059
train,218,6,sadness,6.443
train,218,7,neutral,1.152
train,218,8,neutral,0.299
train,218,9,neutral,4.715
train,218,10,neutral,2.347
train,218,11,neutral,1.515
train,218,12,neutral,3.008
train,219,0,joy,2.176
train,219,1,neutral,2.24
train,219,2,neutral,0.384
train,219,3,joy,2.645
train,219,4,joy,3.435
train,219,5,neutral,2.261
train,219,6,sadness,1.813
train,219,7,neutral,7.765
train,219,8,sadness,2.475
train,219,9,neutral,5.141
train,219,10,sadness,1.515
train,219,11,sadness,1.387
train,219,12,anger,2.88
train,220,0,neutral,1.003
train,220,1,joy,0.619
train,220,2,neutral,1.835
train,220,3,sadness,8.981
train,220,4,neutral,0.704
train,220,5,neutral,0.576
train,220,6,neutral,1.152
train,221,0,neutral,0.597
train,221,1,neutral,1.067
train,221,2,surprise,1.728
train,221,3,neutral,3.925
train,221,4,neutral,2.389
train,221,5,fear,1.344
train,222,0,joy,3.392
train,222,1,neutral,2.133
train,222,2,neutral,0.576
train,222,3,joy,4.437
train,222,4,sadness,2.475
train,222,5,joy,9.195
train,222,6,neutral,4.715
train,222,7,neutral,1.685
train,222,8,joy,4.181
train,222,9,neutral,2.88
train,222,11,joy,8.32
train,222,12,joy,5.312
train,222,13,joy,2.048
train,222,14,neutral,2.795
train,222,15,disgust,2.091
train,222,16,disgust,2.005
train,222,17,neutral,2.261
train,222,18,disgust,5.483
train,222,19,disgust,4.267
train,223,0,neutral,6.144
train,223,1,neutral,5.056
train,223,2,neutral,0.832
train,223,3,neutral,0.875
train,223,4,neutral,2.837
train,223,5,sadness,9.557
train,223,6,neutral,3.008
train,223,7,neutral,1.643
train,223,8,neutral,8.341
train,223,9,neutral,1.515
train,223,10,neutral,5.141
train,223,11,neutral,3.435
train,223,12,surprise,0.491
train,223,13,neutral,2.048
train,223,14,neutral,1.643
train,224,0,neutral,6.507
train,224,1,neutral,2.261
train,224,2,neutral,4.971
train,224,3,neutral,2.56
train,224,4,joy,3.669
train,224,5,joy,17.195
train,225,0,disgust,2.133
train,225,1,neutral,4.843
train,225,2,joy,1.451
train,225,3,joy,1.387
train,225,4,neutral,3.307
train,225,5,neutral,5.355
train,225,6,joy,1.131
train,225,7,neutral,7.552
train,225,8,neutral,2.048
train,225,9,sadness,5.803
train,225,10,neutral,1.6
train,225,11,neutral,2.261
train,226,0,surprise,3.008
train,226,1,joy,2.133
train,226,2,neutral,3.755
train,226,3,neutral,1.92
train,226,4,neutral,5.973
train,226,5,neutral,1.643
train,226,6,neutral,9.813
train,226,7,neutral,1.643
train,226,8,surprise,3.221
train,226,9,joy,4.715
train,226,10,neutral,4.565
train,226,11,neutral,2.923
train,226,12,surprise,1.045
train,226,13,neutral,3.008
train,226,17,sadness,2.688
train,226,18,disgust,5.099
train,226,19,joy,5.717
train,226,20,neutral,1.131
train,226,21,joy,1.515
train,227,0,neutral,1.045
train,228,0,anger,4.309
train,228,1,sadness,13.013
train,228,2,neutral,3.712
train,228,3,surprise,0.96
train,228,4,joy,1.152
train,228,5,joy,2.091
train,228,6,neutral,1.515
train,228,7,anger,1.429
train,229,0,neutral,1.877
train,229,1,joy,5.675
train,229,2,neutral,5.973
train,229,3,neutral,6.187
train,229,4,neutral,11.691
train,230,0,neutral,11.904
train,230,1,joy,13.525
train,231,0,neutral,4.395
train,231,1,neutral,3.648
train,231,2,neutral,1.365
train,231,3,neutral,0.747
train,231,4,neutral,6.592
train,231,5,neutral,3.605
train,231,6,neutral,1.963
train,231,7,anger,0.981
train,231,8,neutral,1.579
train,231,9,anger,2.155
train,231,10,sadness,3.477
train,231,11,neutral,6.443
train,231,12,neutral,0.576
train,231,13,neutral,1.451
train,231,14,neutral,2.688
train,232,0,surprise,2.795
train,232,1,neutral,1.301
train,232,2,neutral,5.44
train,232,3,surprise,1.813
train,232,4,neutral,2.176
train,232,5,anger,3.008
train,232,6,neutral,2.219
train,232,7,anger,2.517
train,232,8,neutral,0.619
train,232,9,surprise,1.92
train,232,10,surprise,3.563
train,232,11,neutral,1.472
train,232,12,surprise,3.648
train,232,13,surprise,1.877
train,232,14,neutral,6.187
train,232,15,neutral,1.173
train,232,16,surprise,7.189
train,232,17,neutral,6.315
train,232,18,neutral,3.968
train,232,19,neutral,1.472
train,233,0,joy,10.069
train,233,1,surprise,3.605
train,234,1,joy,3.264
train,234,2,neutral,2.176
train,234,3,neutral,2.005
train,234,4,surprise,2.432
train,234,5,neutral,0.725
train,234,6,anger,2.304
train,234,8,neutral,1.429
train,234,9,neutral,1.045
train,234,10,surprise,3.264
train,234,11,anger,4.096
train,235,0,anger,6.443
train,235,1,surprise,5.589
train,235,2,joy,6.805
train,235,3,joy,9.728
train,235,4,surprise,3.52
train,235,5,joy,4.971
train,235,6,neutral,4.437
train,235,7,neutral,4.523
train,235,8,sadness,1.173
train,235,9,neutral,3.307
train,236,0,joy,1.045
train,236,1,neutral,4.629
train,236,2,neutral,9.024
train,236,3,neutral,3.392
train,236,4,neutral,1.963
train,236,5,anger,3.755
train,236,6,surprise,1.472
train,236,7,neutral,3.051
train,236,9,neutral,4.181
train,236,10,neutral,2.261
train,236,11,disgust,7.104
train,236,12,neutral,8.981
train,236,13,anger,0.597
train,236,14,joy,0.469
train,236,15,anger,5.504
train,237,0,surprise,2.389
train,237,1,surprise,1.685
train,237,2,anger,9.856
train,237,3,neutral,5.099
train,237,4,surprise,1.792
train,237,5,anger,0.149
train,237,6,surprise,2.133
train,237,7,surprise,3.605
train,237,8,sadness,8.32
train,237,9,sadness,4.011
train,237,10,neutral,10.261
train,237,11,neutral,2.048
train,238,0,neutral,6.187
train,238,1,neutral,2.261
train,238,2,neutral,2.752
train,238,3,neutral,2.795
train,238,4,neutral,0.491
train,238,5,neutral,2.411
train,238,6,neutral,1.259
train,239,0,neutral,7.851
train,239,1,neutral,2.219
train,239,2,joy,2.432
train,239,3,joy,4.885
train,239,4,neutral,2.517
train,239,5,fear,1.771
train,239,6,joy,1.344
train,240,0,neutral,4.885
train,240,1,neutral,6.549
train,240,2,neutral,3.563
train,240,3,fear,3.477
train,240,4,neutral,2.261
train,240,5,neutral,4.608
train,240,6,neutral,12.48
train,241,0,anger,4.139
train,241,1,sadness,4.181
train,241,2,neutral,0.277
train,241,3,anger,0.149
train,241,4,joy,3.84
train,241,5,anger,1.557
train,241,6,neutral,1.301
train,241,7,neutral,3.435
train,241,8,anger,5.184
train,241,9,neutral,6.144
train,241,10,joy,3.221
train,241,11,disgust,5.568
train,241,12,disgust,2.645
train,241,13,disgust,1.813
train,242,0,joy,2.304
train,242,1,neutral,2.475
train,242,2,neutral,2.688
train,242,3,neutral,2.048
train,242,4,neutral,10.112
train,242,5,surprise,2.048
train,242,6,sadness,5.803
train,243,0,joy,1.877
train,243,1,surprise,3.925
train,244,0,neutral,1.643
train,244,1,neutral,3.307
train,244,3,neutral,3.435
train,244,4,fear,1.877
train,244,5,neutral,2.731
train,244,6,neutral,5.632
train,245,0,joy,1.301
train,245,1,joy,8.107
train,245,2,joy,2.048
train,245,3,joy,3.093
train,245,4,neutral,2.752
train,245,5,joy,5.269
train,245,6,neutral,2.048
train,245,7,joy,5.675
train,245,8,joy,5.184
train,245,9,sadness,9.899
train,245,10,disgust,4.437
train,245,11,disgust,4.053
train,245,12,surprise,0.896
train,245,13,sadness,1.643
train,245,14,surprise,4.096
train,245,15,sadness,4.011
train,245,16,neutral,2.091
train,246,0,joy,2.048
train,246,1,sadness,4.8
train,246,2,neutral,1.963
train,246,3,neutral,5.803
train,246,4,neutral,1.813
train,246,5,neutral,2.261
train,246,6,neutral,10.645
train,247,0,neutral,2.752
train,247,1,surprise,2.133
train,247,2,joy,3.243
train,248,0,neutral,0.661
train,248,1,anger,0.811
train,248,3,joy,1.835
train,248,4,joy,2.048
train,248,5,anger,4.971
train,248,6,joy,3.264
train,248,7,anger,3.605
train,249,0,neutral,2.923
train,249,1,neutral,8.768
train,249,2,neutral,4.928
train,249,3,joy,2.304
train,249,4,sadness,4.971
train,249,5,sadness,3.264
train,249,6,sadness,3.605
train,249,7,joy,2.603
train,249,8,neutral,3.925
train,249,9,joy,0.725
train,249,10,joy,1.813
train,249,11,neutral,3.52
train,249,13,joy,4.715
train,250,0,surprise,8.192
train,250,1,joy,1.685
train,250,2,surprise,2.389
train,250,3,joy,5.845
train,250,4,surprise,4.352
train,250,5,neutral,1.813
train,250,6,neutral,0.213
train,251,0,anger,7.147
train,251,1,neutral,3.221
train,251,2,neutral,2.645
train,251,3,neutral,0.96
train,251,4,neutral,0.789
train,251,5,neutral,5.803
train,251,6,sadness,1.6
train,252,0,neutral,1.728
train,252,1,neutral,5.675
train,252,2,neutral,2.645
train,252,3,neutral,1.216
train,252,4,neutral,2.005
train,252,5,neutral,2.091
train,252,6,neutral,3.264
train,252,7,neutral,2.475
train,252,8,neutral,3.051
train,252,9,neutral,2.645
train,252,10,neutral,2.795
train,252,13,neutral,2.304
train,252,14,joy,3.051
train,252,15,neutral,3.285
train,252,16,neutral,1.643
train,252,17,joy,6.592
train,252,18,disgust,3.136
train,252,19,neutral,5.504
train,253,0,neutral,6.464
train,253,1,joy,2.133
train,253,2,surprise,0.96
train,253,3,surprise,1.728
train,253,4,neutral,1.301
train,253,5,joy,4.395
train,253,6,surprise,1.451
train,253,7,neutral,1.365
train,253,8,joy,4.309
train,253,9,fear,4.565
train,253,10,joy,4.971
train,253,11,neutral,2.304
train,254,0,fear,2.389
train,254,1,anger,3.605
train,254,2,anger,1.707
train,254,3,anger,0.128
train,254,4,anger,2.091
train,254,5,anger,1.173
train,254,6,anger,0.811
train,254,7,neutral,1.216
train,254,8,joy,1.707
train,254,9,anger,2.347
train,255,0,disgust,6.891
train,255,1,neutral,2.389
train,255,2,surprise,3.349
train,255,3,neutral,2.688
train,255,4,disgust,8.021
train,255,5,joy,3.093
train,255,6,fear,1.045
train,255,7,joy,1.067
train,255,8,surprise,1.429
train,255,9,sadness,2.005
train,255,10,anger,1.429
train,255,11,anger,3.435
train,255,12,joy,1.92
train,255,13,disgust,5.269
train,255,14,disgust,2.219
train,255,15,neutral,1.6
train,256,0,sadness,5.568
train,256,1,neutral,4.437
train,256,2,anger,7.232
train,256,3,neutral,4.352
train,256,4,neutral,2.133
train,256,5,neutral,4.139
train,256,6,anger,3.755
train,256,7,joy,5.269
train,256,8,neutral,2.389
train,256,9,neutral,1.472
train,256,10,sadness,2.517
train,256,11,anger,1.323
train,256,12,anger,0.619
train,256,13,anger,0.725
train,256,14,anger,1.579
train,256,15,neutral,2.176
train,257,0,joy,7.467
train,257,1,fear,2.603
train,257,2,fear,1.365
train,257,3,neutral,0.128
train,257,4,sadness,3.2
train,257,5,fear,0.128
train,257,6,fear,2.048
train,258,0,joy,1.557
train,258,1,neutral,2.517
train,258,2,surprise,3.008
train,258,3,neutral,6.891
train,258,4,neutral,3.648
train,258,5,neutral,13.312
train,258,6,joy,2.091
train,259,0,fear,3.435
train,259,1,fear,2.752
train,259,2,anger,2.091
train,259,3,anger,2.176
train,260,0,neutral,1.429
train,260,1,anger,2.475
train,260,2,surprise,2.581
train,260,3,sadness,0.128
train,260,4,sadness,3.392
train,260,5,sadness,1.259
train,260,6,sadness,2.176
train,260,7,sadness,7.061
train,260,8,neutral,2.048
train,260,9,neutral,5.589
train,260,10,fear,3.264
train,260,11,anger,3.136
train,261,0,surprise,1.472
train,261,1,surprise,2.048
train,261,2,neutral,1.877
train,261,3,joy,2.048
train,261,4,anger,5.397
train,261,5,anger,4.352
train,261,6,neutral,4.352
train,261,7,surprise,1.813
train,261,8,sadness,3.264
train,262,0,neutral,1.216
train,262,1,neutral,1.771
train,262,2,neutral,4.011
train,262,3,sadness,15.253
train,262,4,anger,0.341
train,263,0,surprise,3.669
train,263,1,surprise,5.845
train,263,2,neutral,3.648
train,263,3,surprise,1.771
train,263,4,neutral,2.688
train,263,5,neutral,10.347
train,263,6,joy,8.981
train,263,7,disgust,1.963
train,263,8,joy,4.757
train,264,0,neutral,1.088
train,264,1,neutral,5.675
train,264,2,surprise,1.515
train,264,3,neutral,4.053
train,264,4,joy,2.965
train,264,5,neutral,0.661
train,264,6,neutral,2.112
train,264,7,anger,2.432
train,264,8,fear,4.011
train,264,9,neutral,0.832
train,264,10,neutral,1.835
train,264,11,neutral,2.112
train,264,12,neutral,1.344
train,264,13,neutral,3.648
train,264,14,neutral,3.221
train,264,15,joy,5.056
train,264,16,neutral,1.472
train,264,17,neutral,2.965
train,264,18,neutral,2.88
train,265,0,anger,3.669
train,265,1,neutral,1.259
train,265,2,anger,6.059
train,265,3,neutral,3.477
train,265,4,sadness,6.4
train,266,0,neutral,4.8
train,267,0,neutral,3.264
train,268,0,surprise,1.877
train,268,1,neutral,3.008
train,269,0,neutral,3.179
train,269,1,surprise,14.4
train,270,0,neutral,5.44
train,270,1,joy,5.461
train,270,2,joy,3.051
train,270,3,neutral,1.472
train,271,0,surprise,7.936
train,271,1,joy,2.347
train,271,2,joy,2.475
train,271,3,joy,0.469
train,271,4,joy,1.024
train,271,5,surprise,3.563
train,271,6,neutral,1.6
train,271,7,neutral,2.517
train,271,8,neutral,1.045
train,271,9,anger,6.72
train,271,10,neutral,1.472
train,272,0,fear,6.933
train,272,1,surprise,2.731
train,272,2,anger,5.525
train,272,3,anger,2.475
train,272,4,neutral,1.771
train,272,5,neutral,2.304
train,272,6,neutral,1.771
train,272,7,joy,1.963
train,272,8,anger,2.048
train,273,0,neutral,4.267
train,273,1,anger,1.067
train,273,2,sadness,0.683
train,273,3,sadness,3.477
train,273,4,sadness,1.92
train,273,5,neutral,1.387
train,273,6,neutral,3.008
train,273,7,surprise,1.088
train,273,8,anger,6.763
train,273,9,surprise,6.464
train,273,10,neutral,3.307
train,273,11,neutral,0.896
train,273,12,neutral,0.128
train,273,13,joy,2.603
train,273,14,neutral,0.427
train,273,15,neutral,2.389
train,273,16,neutral,3.52
train,273,17,disgust,2.219
train,273,18,surprise,1.301
train,274,0,surprise,6.677
train,274,1,surprise,0.469
train,274,2,surprise,1.515
train,274,3,disgust,1.92
train,274,4,neutral,8.576
train,274,5,joy,1.131
train,274,6,anger,1.728
train,274,7,anger,1.387
train,274,8,fear,0.896
train,274,9,joy,1.963
train,274,10,fear,3.051
train,274,11,surprise,1.195
train,274,12,fear,0.789
train,275,0,anger,2.645
train,275,1,anger,8.768
train,275,2,neutral,1.259
train,275,3,fear,1.472
train,275,4,anger,3.051
train,275,5,fear,3.221
train,275,6,neutral,9.429
train,275,7,neutral,3.968
train,275,8,neutral,1.173
train,275,9,surprise,3.221
train,275,10,fear,3.349
train,275,11,anger,2.517
train,275,12,disgust,6.763
train,275,13,surprise,1.557
train,275,14,disgust,1.685
train,275,15,fear,11.136
train,275,16,anger,2.091
train,276,0,joy,2.88
train,276,2,anger,2.027
train,276,3,neutral,2.603
train,277,0,neutral,6.187
train,277,1,neutral,4.267
train,277,2,neutral,6.4
train,277,3,anger,4.565
train,277,4,neutral,2.261
train,277,5,neutral,2.261
train,277,6,neutral,1.131
train,278,0,neutral,1.131
train,278,1,joy,2.091
train,278,2,joy,1.92
train,278,3,neutral,4.672
train,278,4,sadness,2.347
train,278,5,joy,1.771
train,278,6,neutral,5.483
train,278,7,joy,1.877
train,278,8,joy,1.771
train,279,0,surprise,2.837
train,279,1,sadness,4.352
train,279,2,anger,1.813
train,279,3,fear,2.517
train,279,4,anger,3.925
train,279,5,neutral,3.349
train,279,6,surprise,2.517
train,279,7,neutral,7.68
train,279,8,neutral,1.685
train,279,9,joy,1.877
train,279,10,neutral,2.645
train,279,11,joy,5.547
train,279,12,neutral,2.645
train,279,13,anger,0.896
train,279,14,neutral,2.048
train,279,15,fear,2.005
train,280,0,neutral,1.429
train,280,1,anger,2.944
train,280,2,neutral,1.813
train,281,0,joy,0.917
train,281,1,joy,0.789
train,281,2,neutral,5.44
train,281,3,neutral,1.515
train,281,4,surprise,5.973
train,281,5,neutral,1.771
train,281,6,disgust,5.056
train,281,7,neutral,3.435
train,281,8,disgust,1.045
train,281,9,neutral,1.493
train,281,10,surprise,2.368
train,282,0,joy,5.525
train,282,1,neutral,1.835
train,282,2,joy,7.424
train,283,0,disgust,4.267
train,283,1,neutral,5.141
train,283,2,disgust,3.883
train,283,3,neutral,7.68
train,283,4,neutral,3.307
train,283,5,neutral,0.555
train,283,6,disgust,3.52
train,284,0,neutral,5.717
train,284,1,neutral,0.576
train,284,2,neutral,2.795
train,285,0,neutral,2.731
train,285,1,joy,3.925
train,285,2,neutral,3.264
train,285,3,joy,1.088
train,285,4,neutral,4.267
train,285,5,neutral,7.403
train,285,6,neutral,5.227
train,285,7,anger,2.048
train,285,8,neutral,3.883
train,285,9,surprise,2.176
train,285,10,neutral,1.557
train,285,11,neutral,2.347
train,285,13,neutral,2.048
train,285,14,neutral,1.237
train,285,15,neutral,0.917
train,285,16,neutral,2.475
train,286,0,neutral,2.176
train,286,1,neutral,3.093
train,286,2,neutral,1.515
train,286,3,neutral,8.341
train,287,0,neutral,2.347
train,287,1,sadness,2.24
train,287,2,anger,1.984
train,287,3,neutral,7.936
train,287,4,anger,4.352
train,287,5,neutral,2.219
train,287,6,neutral,3.051
train,287,7,joy,0.235
train,287,8,neutral,1.045
train,287,9,neutral,2.453
train,287,10,neutral,1.323
train,287,11,neutral,3.648
train,287,12,joy,5.589
train,288,0,joy,2.688
train,288,1,neutral,0.981
train,288,2,surprise,2.091
train,288,3,surprise,2.752
train,288,4,neutral,1.92
train,288,5,neutral,2.475
train,288,6,anger,1.835
train,288,7,joy,3.307
train,288,8,joy,1.728
train,288,9,neutral,2.261
train,288,10,neutral,1.088
train,288,11,surprise,0.875
train,288,12,surprise,1.429
train,288,13,neutral,6.272
train,288,14,surprise,1.173
train,288,15,joy,4.395
train,288,16,neutral,2.56
train,288,17,neutral,3.307
train,288,18,neutral,5.269
train,288,19,neutral,2.965
train,288,20,joy,1.216
train,289,1,fear,6.059
train,289,2,neutral,11.349
train,289,3,sadness,3.008
train,289,4,sadness,5.227
train,289,5,neutral,1.6
train,290,0,sadness,2.133
train,291,0,sadness,5.397
train,291,1,sadness,3.477
train,292,0,neutral,3.477
train,292,1,sadness,7.68
train,292,2,neutral,1.6
train,292,3,neutral,1.813
train,292,4,sadness,2.133
train,292,5,neutral,1.301
train,293,0,surprise,8.064
train,293,1,surprise,3.52
train,293,2,fear,2.005
train,293,3,neutral,4.48
train,293,4,fear,9.728
train,293,5,neutral,7.36
train,293,6,neutral,1.835
train,293,7,neutral,4.565
train,293,8,joy,3.349
train,293,9,neutral,2.603
train,293,10,sadness,2.603
train,293,11,neutral,1.131
train,293,12,joy,1.024
train,294,0,joy,1.024
train,294,1,neutral,0.597
train,295,0,surprise,1.173
train,295,1,neutral,2.923
train,295,2,surprise,1.856
train,295,3,surprise,7.509
train,295,4,sadness,1.877
train,295,5,anger,1.557
train,295,6,anger,2.304
train,295,7,anger,1.344
train,295,8,anger,1.899
train,295,9,anger,1.92
train,295,10,anger,2.731
train,295,11,anger,3.605
train,295,12,surprise,1.259
train,295,13,anger,2.645
train,295,14,joy,1.323
train,295,15,neutral,0.256
train,295,16,anger,3.712
train,295,17,anger,0.704
train,295,18,anger,0.384
train,295,19,anger,0.533
train,295,20,anger,1.237
train,295,21,anger,3.755
train,296,0,neutral,3.477
train,296,1,neutral,1.557
train,296,2,neutral,1.92
train,296,3,surprise,1.131
train,296,4,neutral,0.128
train,296,5,anger,7.275
train,296,6,neutral,0.875
train,296,7,neutral,1.451
train,296,8,neutral,2.56
train,296,9,neutral,7.765
train,296,10,neutral,1.835
train,296,11,joy,5.269
train,296,12,neutral,1.472
train,296,13,neutral,1.216
train,296,14,surprise,3.648
train,296,15,surprise,0.491
train,296,16,neutral,2.048
train,296,17,surprise,0.96
train,296,18,neutral,2.475
train,296,19,surprise,1.173
train,296,20,neutral,1.728
train,297,0,neutral,3.84
train,297,1,joy,6.016
train,297,2,anger,2.176
train,297,3,neutral,0.533
train,297,4,joy,1.216
train,297,5,neutral,1.728
train,297,6,joy,2.261
train,297,7,neutral,0.555
train,297,8,joy,1.387
train,297,9,neutral,1.173
train,298,0,anger,0.576
train,298,1,anger,2.325
train,298,2,joy,3.051
train,298,3,neutral,3.84
train,298,4,sadness,2.88
train,298,5,anger,2.539
train,298,6,anger,0.661
train,299,0,neutral,1.792
train,299,1,neutral,0.533
train,299,2,neutral,1.515
train,299,3,neutral,2.645
train,300,0,joy,4.181
train,300,1,neutral,0.747
train,300,2,neutral,0.533
train,300,3,anger,2.091
train,300,4,surprise,1.109
train,300,5,disgust,5.973
train,300,6,neutral,1.515
train,300,7,neutral,0.747
train,300,8,disgust,8.533
train,300,9,anger,3.797
train,300,10,anger,5.483
train,300,11,neutral,1.344
train,300,12,fear,1.771
train,300,14,neutral,0.384
train,300,15,neutral,2.688
train,301,0,fear,6.976
train,301,1,fear,5.76
train,301,2,fear,1.771
train,301,3,neutral,2.88
train,301,4,fear,2.304
train,301,6,neutral,1.643
train,301,7,neutral,2.176
train,301,8,anger,0.853
train,301,9,surprise,5.269
train,301,10,neutral,10.304
train,301,11,joy,3.883
train,301,12,disgust,7.467
train,301,13,neutral,7.979
train,301,14,surprise,1.515
train,301,15,fear,6.016
train,301,16,sadness,3.093
train,302,0,neutral,4.267
train,302,1,sadness,1.515
train,302,2,fear,10.069
train,302,3,anger,4.267
train,302,4,neutral,3.84
train,302,5,surprise,0.491
train,302,6,neutral,1.408
train,302,7,neutral,8.683
train,302,8,neutral,2.56
train,302,9,surprise,1.515
train,302,10,neutral,2.56
train,303,0,anger,2.133
train,303,1,neutral,3.669
train,304,0,neutral,3.669
train,304,1,neutral,0.853
train,304,2,neutral,1.003
train,304,3,neutral,16.107
train,304,4,neutral,2.304
train,304,5,surprise,0.875
train,304,6,neutral,1.899
train,304,7,neutral,6.4
train,304,8,anger,3.008
train,304,9,anger,1.835
train,304,10,anger,2.965
train,305,0,joy,3.221
train,305,1,neutral,1.045
train,305,2,fear,1.92
train,305,3,neutral,10.155
train,305,4,neutral,3.435
train,305,5,joy,2.048
train,305,6,neutral,3.093
train,305,7,neutral,5.099
train,305,8,neutral,2.219
train,305,9,surprise,1.387
train,305,10,neutral,2.304
train,305,11,neutral,5.099
train,305,12,joy,1.963
train,305,13,joy,2.304
train,305,14,joy,1.728
train,306,0,joy,4.715
train,306,1,joy,2.517
train,306,2,sadness,1.771
train,306,3,joy,2.56
train,306,4,neutral,8.32
train,306,5,joy,2.261
train,306,6,joy,1.003
train,306,7,neutral,3.669
train,307,0,neutral,1.344
train,307,1,joy,3.712
train,307,2,sadness,2.005
train,307,3,neutral,1.344
train,307,4,neutral,4.523
train,307,5,neutral,4.608
train,307,6,neutral,1.003
train,307,7,neutral,3.008
train,307,8,surprise,1.557
train,307,9,neutral,2.517
train,307,10,neutral,18.816
train,307,11,neutral,2.048
train,307,12,neutral,10.069
train,308,0,neutral,5.803
train,308,1,joy,5.355
train,308,2,neutral,3.136
train,308,3,neutral,8.555
train,308,4,neutral,1.6
train,308,5,neutral,2.261
train,309,0,joy,41.045
train,309,1,surprise,2.731
train,309,2,joy,1.728
train,309,3,neutral,0.533
train,309,4,neutral,2.496
train,310,0,neutral,3.925
train,310,1,neutral,2.432
train,310,2,joy,2.176
train,310,3,sadness,7.808
train,310,4,neutral,2.347
train,310,5,surprise,3.307
train,310,6,sadness,5.675
train,311,0,neutral,1.92
train,311,1,joy,0.491
train,311,2,joy,3.925
train,311,3,joy,1.792
train,311,4,neutral,5.44
train,311,5,joy,1.643
train,311,6,neutral,2.048
train,311,7,joy,2.88
train,311,8,surprise,0.747
train,311,9,neutral,3.051
train,311,10,surprise,1.685
train,311,11,neutral,3.264
train,311,12,neutral,2.261
train,312,0,neutral,2.176
train,312,1,anger,6.507
train,312,2,anger,2.048
train,312,3,neutral,4.053
train,312,4,sadness,1.024
train,312,5,sadness,1.835
train,312,6,neutral,1.813
train,312,7,surprise,2.517
train,312,8,surprise,4.437
train,312,9,anger,0.064
train,312,10,surprise,2.475
train,312,11,neutral,1.643
train,312,12,sadness,10.56
train,312,13,sadness,1.131
train,312,14,neutral,5.717
train,312,15,neutral,2.261
train,312,16,neutral,1.515
train,312,17,anger,6.144
train,312,18,sadness,2.091
train,312,19,neutral,5.931
train,312,20,neutral,1.877
train,312,21,sadness,2.219
train,313,0,neutral,1.045
train,313,1,neutral,1.515
train,313,2,neutral,5.099
train,313,3,joy,1.216
train,314,0,joy,5.397
train,314,1,joy,3.051
train,314,2,joy,2.731
train,314,3,neutral,1.963
train,314,4,joy,1.6
train,314,5,joy,2.432
train,314,7,neutral,3.84
train,314,8,neutral,1.515
train,314,9,joy,6.635
train,314,10,neutral,2.432
train,314,11,neutral,2.837
train,314,12,neutral,4.139
train,315,0,neutral,3.264
train,315,1,neutral,1.835
train,315,2,joy,3.477
train,315,3,joy,6.549
train,315,4,anger,2.219
train,315,5,neutral,4.629
train,315,6,joy,1.173
train,315,7,joy,7.552
train,315,8,joy,1.024
train,315,9,joy,5.803
train,316,0,neutral,1.045
train,316,1,neutral,1.429
train,316,2,sadness,5.973
train,316,3,neutral,1.6
train,316,4,fear,3.179
train,316,5,anger,1.045
train,316,6,joy,7.019
train,316,7,neutral,1.259
train,316,8,neutral,6.016
train,317,0,neutral,4.139
train,317,1,joy,2.048
train,317,2,neutral,5.589
train,317,3,anger,5.056
train,317,4,neutral,2.795
train,317,5,joy,3.52
train,317,6,joy,0.811
train,317,7,joy,2.795
train,317,8,surprise,5.056
train,317,9,anger,2.389
train,317,10,anger,4.224
train,317,11,neutral,1.792
train,317,12,anger,1.301
train,317,13,anger,2.432
train,317,14,anger,3.264
train,317,15,anger,4.715
train,318,0,neutral,2.347
train,318,1,neutral,1.003
train,318,2,neutral,1.344
train,318,3,neutral,1.365
train,318,4,neutral,1.003
train,319,0,neutral,4.672
train,319,1,joy,2.517
train,319,2,neutral,3.435
train,319,3,neutral,3.605
train,319,4,neutral,6.016
train,319,5,neutral,1.557
train,319,6,anger,10.987
train,319,7,surprise,1.387
train,319,8,sadness,1.728
train,319,9,neutral,1.259
train,319,10,neutral,3.051
train,319,11,neutral,1.515
train,319,12,neutral,9.387
train,319,13,surprise,1.728
train,319,14,joy,6.933
train,319,15,surprise,1.835
train,319,16,neutral,8.064
train,319,17,joy,2.923
train,319,18,neutral,1.344
train,319,19,joy,3.52
train,319,20,joy,2.517
train,319,21,neutral,1.685
train,319,22,disgust,2.261
train,320,0,neutral,3.52
train,320,1,neutral,5.717
train,320,2,neutral,2.475
train,320,3,surprise,0.597
train,320,4,sadness,2.645
train,320,5,joy,3.605
train,320,6,sadness,1.557
train,320,7,surprise,2.133
train,320,8,sadness,4.715
train,320,9,neutral,2.347
train,320,10,neutral,4.181
train,320,11,neutral,11.349
train,320,12,surprise,3.605
train,320,13,sadness,10.304
train,320,14,neutral,2.219
train,320,15,neutral,1.515
train,320,16,surprise,0.875
train,320,17,joy,0.981
train,321,0,joy,0.64
train,321,1,joy,1.771
train,321,2,joy,2.645
train,321,3,neutral,1.728
train,321,4,surprise,0.619
train,321,5,neutral,1.707
train,321,6,surprise,0.896
train,321,7,joy,1.045
train,321,8,surprise,1.387
train,321,9,neutral,6.229
train,321,10,disgust,3.328
train,321,11,disgust,1.088
train,322,0,disgust,5.397
train,322,1,surprise,3.712
train,323,0,sadness,7.381
train,324,0,neutral,0.853
train,324,1,surprise,1.173
train,324,2,neutral,2.731
train,324,3,neutral,1.515
train,324,4,neutral,5.803
train,324,5,neutral,14.144
train,324,6,neutral,7.467
train,324,7,neutral,2.261
train,325,0,neutral,2.965
train,326,0,sadness,2.56
train,326,1,surprise,1.301
train,326,2,surprise,4.715
train,326,3,neutral,1.92
train,326,4,surprise,2.944
train,326,5,fear,1.515
train,326,6,joy,3.435
train,326,7,neutral,0.427
train,326,8,neutral,3.157
train,327,0,anger,2.731
train,327,1,neutral,1.515
train,327,2,surprise,3.093
train,327,3,neutral,2.965
train,327,4,joy,1.045
train,327,5,neutral,3.968
train,327,6,anger,3.968
train,327,7,neutral,2.517
train,328,0,anger,2.731
train,328,1,anger,5.397
train,328,2,anger,1.216
train,328,3,neutral,1.173
train,328,4,anger,4.523
train,328,5,neutral,2.091
train,328,6,joy,0.725
train,328,7,joy,2.133
train,328,8,sadness,6.976
train,329,0,joy,1.643
train,329,1,anger,5.013
train,329,2,neutral,1.408
train,329,3,joy,1.664
train,329,4,anger,1.088
train,329,5,surprise,3.051
train,329,6,neutral,3.435
train,329,7,anger,1.237
train,329,8,neutral,0.896
train,329,9,anger,1.472
train,329,10,neutral,1.131
train,330,0,neutral,3.349
train,330,1,neutral,7.36
train,330,2,joy,0.128
train,330,3,neutral,1.643
train,331,0,anger,1.6
train,331,1,neutral,2.304
train,331,2,neutral,1.003
train,331,3,neutral,2.795
train,331,4,sadness,3.477
train,331,5,neutral,1.472
train,331,6,neutral,3.093
train,331,7,neutral,1.685
train,331,8,joy,4.011
train,331,9,joy,1.045
train,332,0,surprise,2.432
train,332,1,neutral,0.064
train,332,2,neutral,1.771
train,332,3,neutral,2.731
train,332,4,neutral,0.917
train,332,5,joy,1.365
train,332,6,neutral,1.429
train,332,7,anger,4.352
train,332,8,neutral,4.224
train,332,9,neutral,1.323
train,332,10,neutral,1.301
train,332,11,surprise,0.661
train,332,12,anger,1.024
train,332,13,surprise,1.877
train,332,14,surprise,3.883
train,332,15,neutral,1.92
train,333,0,neutral,3.669
train,333,1,neutral,1.387
train,333,2,surprise,3.093
train,333,3,neutral,1.813
train,333,4,neutral,7.403
train,334,0,joy,4.523
train,334,1,neutral,1.003
train,334,2,sadness,3.349
train,334,3,neutral,1.387
train,334,4,neutral,1.003
train,334,5,neutral,2.88
train,334,6,neutral,2.923
train,334,7,neutral,2.261
train,334,8,neutral,2.048
train,334,9,neutral,1.877
train,334,10,neutral,2.005
train,334,11,neutral,1.429
train,334,12,neutral,2.688
train,335,0,neutral,6.059
train,335,1,joy,2.133
train,335,2,neutral,3.968
train,335,3,neutral,3.136
train,336,0,surprise,11.179
train,336,1,joy,2.837
train,336,2,neutral,6.443
train,336,3,neutral,2.091
train,336,4,surprise,1.557
train,336,6,sadness,3.051
train,336,7,anger,5.312
train,336,8,fear,9.685
train,336,9,sadness,10.645
train,336,10,disgust,2.517
train,336,11,sadness,1.045
train,336,12,neutral,4.053
train,336,13,surprise,8.469
train,336,14,surprise,4.267
train,336,15,joy,9.813
train,336,16,joy,10.069
train,336,17,joy,3.179
train,336,18,joy,3.669
train,336,19,neutral,4.267
train,336,20,surprise,2.219
train,336,21,joy,1.429
train,337,0,neutral,1.216
train,337,1,surprise,3.605
train,337,2,neutral,5.525
train,337,3,surprise,8.768
train,337,4,joy,3.008
train,337,5,joy,6.059
train,337,6,sadness,3.264
train,337,7,surprise,2.048
train,337,8,neutral,1.109
train,337,9,surprise,4.139
train,337,10,neutral,5.76
train,337,11,neutral,2.005
train,337,12,neutral,1.728
train,337,13,neutral,1.557
train,337,14,surprise,2.944
train,337,15,sadness,1.728
train,337,16,surprise,5.227
train,337,17,neutral,4.971
train,337,18,anger,1.003
train,337,19,neutral,2.347
train,338,0,neutral,2.432
train,338,1,joy,3.925
train,338,2,neutral,5.141
train,338,3,surprise,2.517
train,338,4,joy,4.885
train,338,5,neutral,5.888
train,338,6,neutral,12.693
train,338,7,neutral,1.259
train,338,8,joy,0.811
train,338,9,neutral,0.789
train,338,10,neutral,2.325
train,338,11,neutral,2.56
train,338,12,neutral,4.672
train,338,13,neutral,5.888
train,338,14,neutral,2.645
train,338,15,neutral,1.387
train,338,16,neutral,5.227
train,339,0,neutral,5.184
train,339,1,neutral,1.045
train,339,3,anger,1.472
train,339,4,joy,2.56
train,340,0,neutral,1.685
train,341,0,neutral,1.685
train,342,0,neutral,0.811
train,342,1,neutral,2.048
train,342,2,neutral,4.395
train,342,3,neutral,3.392
train,342,4,neutral,1.472
train,342,5,joy,3.605
train,342,6,anger,1.451
train,342,7,joy,2.923
train,342,8,neutral,2.603
train,342,9,neutral,3.755
train,342,10,anger,3.648
train,342,11,neutral,1.685
train,342,12,neutral,1.493
train,342,13,anger,2.923
train,342,14,neutral,3.648
train,342,15,joy,6.933
train,342,16,surprise,3.136
train,342,17,joy,1.685
train,342,18,neutral,3.136
train,342,19,neutral,3.392
train,343,0,surprise,2.837
train,344,0,joy,1.877
train,344,1,neutral,1.92
train,344,2,neutral,1.643
train,344,3,neutral,2.517
train,344,4,surprise,2.837
train,344,6,joy,3.264
train,344,7,joy,2.005
train,344,8,fear,1.643
train,344,9,neutral,3.179
train,344,10,surprise,0.811
train,344,11,joy,1.088
train,344,12,joy,1.579
train,344,13,neutral,2.261
train,344,14,surprise,4.395
train,344,15,disgust,22.955
train,345,0,neutral,0.085
train,345,1,neutral,1.899
train,345,2,joy,2.56
train,345,3,neutral,4.885
train,345,4,joy,7.936
train,346,0,joy,5.269
train,346,1,surprise,1.557
train,346,2,surprise,2.731
train,346,3,neutral,2.432
train,346,4,neutral,5.44
train,346,5,surprise,2.219
train,346,6,neutral,6.763
train,347,0,sadness,2.091
train,347,1,neutral,1.771
train,347,2,surprise,2.923
train,347,3,neutral,7.765
train,347,4,sadness,3.477
train,347,5,neutral,2.304
train,347,6,surprise,1.6
train,347,7,sadness,3.093
train,347,8,surprise,4.395
train,347,9,sadness,4.096
train,347,10,sadness,0.747
train,347,11,neutral,1.323
train,348,0,joy,2.688
train,348,1,joy,1.024
train,348,2,joy,3.883
train,348,4,neutral,6.187
train,349,0,joy,0.917
train,349,1,joy,0.917
train,349,2,joy,1.045
train,349,3,neutral,3.477
train,349,4,joy,1.088
train,349,5,joy,0.192
train,349,6,neutral,1.216
train,349,7,sadness,6.4
train,349,8,neutral,3.605
train,349,9,neutral,3.435
train,349,10,joy,2.795
train,349,11,surprise,4.437
train,350,0,neutral,2.475
train,350,1,joy,1.685
train,350,2,joy,12.181
train,350,3,joy,3.008
train,350,4,neutral,5.483
train,350,5,neutral,2.389
train,350,6,neutral,4.139
train,350,7,neutral,1.003
train,351,0,anger,6.891
train,351,1,surprise,2.965
train,351,2,surprise,0.661
train,351,3,anger,0.405
train,351,4,fear,4.224
train,351,5,anger,3.883
train,351,6,fear,3.84
train,351,7,surprise,2.603
train,351,8,joy,4.395
train,351,9,anger,2.176
train,351,10,anger,1.877
train,351,11,joy,0.235
train,351,12,anger,2.133
train,351,13,anger,2.837
train,351,14,surprise,0.192
train,351,15,joy,3.563
train,352,0,neutral,2.048
train,352,1,anger,3.136
train,352,2,joy,2.133
train,352,3,anger,3.136
train,352,4,neutral,0.448
train,352,5,joy,1.045
train,352,6,surprise,1.515
train,353,0,neutral,5.931
train,353,1,neutral,4.181
train,354,0,neutral,2.56
train,354,1,neutral,6.187
train,354,2,neutral,4.011
train,354,3,neutral,1.877
train,354,4,neutral,4.139
train,354,5,neutral,2.88
train,354,6,neutral,4.224
train,354,7,surprise,3.691
train,354,8,joy,8.064
train,354,9,neutral,3.925
train,354,10,joy,1.173
train,354,11,neutral,1.472
train,354,12,neutral,2.432
train,354,13,neutral,7.019
train,354,14,anger,1.515
train,354,15,neutral,7.68
train,354,16,neutral,1.984
train,354,17,neutral,0.128
train,355,0,sadness,1.344
train,355,1,neutral,0.96
train,355,2,neutral,1.984
train,355,3,joy,2.261
train,355,4,neutral,1.6
train,356,0,sadness,7.637
train,356,1,surprise,4.139
train,356,2,neutral,5.44
train,356,3,surprise,1.728
train,356,4,neutral,0.981
train,356,5,neutral,0.128
train,356,6,sadness,1.813
train,356,7,joy,2.475
train,356,8,neutral,2.923
train,356,9,sadness,6.464
train,356,10,anger,4.971
train,356,11,surprise,2.261
train,356,12,neutral,1.173
train,356,13,joy,4.395
train,356,14,neutral,2.048
train,356,15,neutral,1.408
train,356,16,neutral,2.453
train,356,17,anger,2.688
train,356,18,neutral,1.173
train,356,19,neutral,1.899
train,356,20,fear,1.451
train,356,21,anger,0.448
train,356,22,neutral,2.005
train,357,1,surprise,1.216
train,357,2,neutral,4.224
train,357,3,surprise,1.643
train,358,0,neutral,2.645
train,358,1,neutral,1.045
train,358,2,neutral,2.048
train,358,3,sadness,2.005
train,358,4,neutral,1.835
train,358,5,neutral,2.603
train,358,6,fear,4.267
train,358,7,neutral,2.837
train,358,8,surprise,1.259
train,358,9,anger,4.928
train,358,10,joy,8.64
train,358,11,surprise,2.389
train,358,12,neutral,7.189
train,358,13,surprise,2.432
train,358,14,sadness,2.219
train,358,15,neutral,8.32
train,358,16,neutral,5.76
train,358,17,neutral,1.472
train,358,18,sadness,2.795
train,359,0,surprise,1.344
train,359,1,neutral,1.131
train,359,3,sadness,5.931
train,359,4,joy,9.813
train,359,5,joy,7.765
train,359,6,sadness,4.096
train,360,0,sadness,2.965
train,360,1,sadness,3.307
train,360,2,neutral,1.515
train,360,3,neutral,2.347
train,360,4,neutral,2.837
train,360,5,neutral,2.005
train,361,0,neutral,2.133
train,361,1,neutral,1.536
train,361,2,neutral,2.923
train,361,3,surprise,2.219
train,361,4,neutral,2.645
train,361,5,neutral,1.685
train,361,6,joy,2.645
train,361,7,surprise,1.685
train,361,8,neutral,1.728
train,361,9,disgust,4.523
train,361,10,joy,2.261
train,361,11,joy,6.72
train,361,12,neutral,1.003
train,361,13,neutral,5.845
train,361,14,neutral,3.669
train,362,0,sadness,10.432
train,362,1,neutral,1.643
train,362,2,neutral,5.589
train,362,3,sadness,5.184
train,362,4,neutral,2.688
train,362,5,sadness,11.136
train,362,6,neutral,3.008
train,362,7,surprise,1.813
train,362,8,neutral,3.797
train,362,9,surprise,7.893
train,363,0,neutral,2.091
train,363,1,neutral,3.179
train,364,0,neutral,1.408
train,365,0,neutral,0.619
train,365,1,neutral,1.472
train,365,2,neutral,1.835
train,365,3,neutral,3.968
train,365,4,neutral,1.003
train,365,5,sadness,3.221
train,365,6,anger,1.963
train,365,7,neutral,5.76
train,365,8,neutral,2.347
train,365,9,neutral,2.389
train,365,10,neutral,4.48
train,365,11,neutral,1.92
train,365,12,neutral,3.883
train,365,13,surprise,5.845
train,365,14,anger,1.515
train,366,0,neutral,1.173
train,366,1,neutral,1.323
train,366,2,anger,1.344
train,366,3,neutral,0.64
train,366,4,surprise,1.045
train,366,5,anger,4.437
train,366,6,sadness,4.309
train,366,7,sadness,6.101
train,366,8,surprise,5.355
train,366,9,anger,2.176
train,366,10,neutral,5.675
train,366,11,neutral,0.747
train,366,12,neutral,1.664
train,366,13,fear,1.835
train,366,14,neutral,1.835
train,366,15,surprise,1.344
train,366,16,neutral,2.048
train,366,17,neutral,2.347
train,366,18,neutral,1.131
train,367,0,anger,1.088
train,367,1,neutral,2.645
train,367,2,joy,5.141
train,367,3,neutral,2.219
train,367,4,neutral,2.389
train,367,5,surprise,1.536
train,367,6,surprise,1.493
train,367,7,neutral,0.576
train,367,8,joy,1.728
train,367,9,surprise,0.96
train,367,10,neutral,4.181
train,367,11,surprise,2.347
train,367,12,neutral,0.235
train,367,13,neutral,4.843
train,367,14,neutral,4.523
train,367,15,surprise,4.267
train,368,0,sadness,14.315
train,368,1,joy,12.053
train,369,0,neutral,1.259
train,370,0,neutral,2.133
train,370,1,joy,6.635
train,370,2,neutral,2.176
train,370,3,surprise,3.008
train,371,0,neutral,0.405
train,371,1,neutral,0.832
train,371,2,neutral,0.533
train,371,3,neutral,1.088
train,371,4,neutral,1.856
train,371,5,neutral,0.811
train,371,6,surprise,1.387
train,371,7,neutral,3.392
train,371,8,neutral,1.131
train,371,9,neutral,2.965
train,371,10,surprise,1.92
train,371,11,sadness,2.752
train,372,0,neutral,1.024
train,372,1,joy,1.259
train,372,2,joy,2.432
train,372,3,sadness,1.771
train,372,4,sadness,1.963
train,372,5,sadness,2.688
train,372,6,sadness,2.837
train,372,7,surprise,2.389
train,372,8,joy,4.309
train,372,9,sadness,3.52
train,372,10,joy,1.557
train,372,11,neutral,0.427
train,372,12,neutral,2.197
train,373,1,neutral,1.6
train,373,3,neutral,2.923
train,373,4,joy,6.101
train,374,0,joy,1.536
train,374,1,surprise,2.24
train,374,2,surprise,1.515
train,374,3,neutral,4.053
train,374,4,anger,3.435
train,374,5,surprise,0.811
train,374,6,neutral,3.221
train,374,7,anger,2.411
train,374,8,anger,1.536
train,374,9,anger,3.051
train,374,10,neutral,2.155
train,374,11,neutral,2.219
train,374,12,anger,1.92
train,374,13,anger,2.453
train,374,14,joy,2.261
train,374,15,neutral,1.963
train,375,0,joy,1.173
train,375,1,neutral,2.795
train,375,2,joy,0.981
train,375,3,joy,0.683
train,375,4,fear,3.605
train,376,0,joy,0.896
train,376,1,joy,1.259
train,376,2,joy,9.152
train,376,3,fear,4.629
train,377,0,neutral,3.392
train,377,1,neutral,1.045
train,377,2,neutral,3.52
train,377,3,neutral,2.347
train,377,4,surprise,2.475
train,377,5,neutral,2.219
train,377,6,anger,4.48
train,378,0,neutral,0.747
train,378,1,neutral,2.197
train,378,2,neutral,4.053
train,379,0,surprise,2.645
train,379,1,sadness,1.045
train,379,2,sadness,2.56
train,379,3,sadness,3.392
train,379,4,sadness,2.56
train,379,5,sadness,3.136
train,379,6,surprise,0.853
train,379,7,sadness,1.856
train,379,8,neutral,0.64
train,379,9,neutral,2.923
train,379,10,surprise,1.088
train,380,0,neutral,5.013
train,380,1,anger,1.003
train,380,2,sadness,5.312
train,380,3,neutral,1.472
train,380,4,joy,2.475
train,381,0,neutral,3.264
train,382,0,joy,3.008
train,382,1,neutral,1.109
train,382,2,joy,2.923
train,383,0,neutral,3.499
train,383,1,disgust,12.693
train,383,2,joy,3.691
train,383,3,anger,3.776
train,383,4,fear,4.48
train,383,5,neutral,5.611
train,383,6,neutral,0.533
train,383,7,neutral,1.131
train,383,8,neutral,5.931
train,383,9,neutral,3.285
train,383,10,neutral,1.301
train,383,11,surprise,2.005
train,384,0,neutral,2.005
train,384,1,surprise,6.464
train,384,2,neutral,6.059
train,384,3,neutral,4.437
train,384,4,joy,4.8
train,385,0,anger,2.752
train,385,1,joy,4.309
train,385,2,sadness,1.259
train,385,3,sadness,2.517
train,385,4,neutral,6.507
train,385,5,neutral,1.92
train,386,0,joy,2.56
train,387,0,sadness,4.139
train,387,1,joy,1.429
train,387,2,sadness,2.091
train,387,3,joy,1.643
train,387,4,sadness,2.304
train,388,0,joy,3.712
train,388,1,neutral,4.885
train,388,2,neutral,6.976
train,388,3,surprise,2.133
train,388,4,disgust,2.923
train,388,5,anger,3.307
train,388,6,disgust,7.104
train,388,7,fear,2.731
train,388,8,neutral,4.757
train,388,9,disgust,2.389
train,388,10,surprise,1.259
train,388,11,surprise,3.008
train,388,12,joy,1.728
train,388,13,neutral,1.899
train,388,14,anger,4.757
train,388,15,neutral,2.688
train,388,16,anger,5.227
train,389,0,neutral,0.747
train,389,1,anger,0.427
train,389,2,joy,1.131
train,389,3,neutral,4.224
train,389,4,surprise,1.003
train,389,5,neutral,1.835
train,389,6,joy,5.717
train,389,7,neutral,5.888
train,389,8,surprise,3.093
train,389,9,neutral,0.597
train,389,10,neutral,2.261
train,389,11,joy,2.005
train,389,12,joy,0.235
train,390,0,surprise,1.003
train,390,1,joy,2.112
train,390,2,surprise,1.685
train,391,0,neutral,2.176
train,392,0,joy,2.176
train,392,1,joy,0.576
train,392,2,joy,0.085
train,392,3,joy,1.6
train,392,4,joy,0.192
train,392,5,neutral,2.837
train,392,6,joy,4.48
train,392,7,neutral,6.4
train,392,8,joy,2.091
train,392,9,joy,2.837
train,392,10,surprise,1.515
train,392,11,neutral,2.965
train,392,12,joy,2.347
train,393,0,neutral,1.088
train,393,1,neutral,1.728
train,393,2,neutral,5.141
train,393,3,surprise,1.131
train,393,4,joy,1.877
train,393,5,joy,2.389
train,393,6,anger,6.357
train,393,7,joy,2.432
train,394,0,anger,2.965
train,394,1,neutral,7.36
train,395,0,anger,3.264
train,395,1,neutral,1.835
train,395,2,anger,2.219
train,395,3,joy,3.051
train,395,4,anger,1.557
train,395,5,anger,3.797
train,395,6,anger,1.557
train,395,7,neutral,2.005
train,395,8,neutral,2.731
train,396,0,disgust,2.731
train,397,0,anger,3.755
train,397,1,neutral,1.067
train,397,2,neutral,2.56
train,398,0,neutral,1.771
train,398,1,neutral,1.216
train,398,2,anger,17.813
train,398,3,sadness,1.472
train,398,4,surprise,5.312
train,398,5,neutral,1.429
train,398,6,sadness,2.133
train,398,7,surprise,3.797
train,398,8,sadness,2.048
train,398,9,disgust,1.259
train,398,10,disgust,1.259
train,398,11,disgust,0.256
train,398,12,disgust,2.261
train,398,13,neutral,1.365
train,399,0,disgust,2.347
train,400,0,anger,2.347
train,400,1,anger,6.805
train,400,2,sadness,12.565
train,400,3,neutral,2.645
train,400,4,neutral,1.515
train,400,5,joy,2.133
train,400,6,surprise,2.176
train,400,7,neutral,3.349
train,400,8,sadness,4.309
train,401,0,neutral,2.005
train,401,1,neutral,3.797
train,401,2,neutral,3.563
train,401,3,neutral,1.387
train,401,4,neutral,4.267
train,401,5,neutral,1.173
train,401,6,neutral,1.067
train,401,7,joy,3.371
train,401,8,surprise,1.301
train,401,9,neutral,7.637
train,401,10,surprise,9.152
train,401,11,sadness,4.629
train,401,12,surprise,3.712
train,402,0,neutral,2.752
train,402,1,neutral,1.963
train,403,0,neutral,3.435
train,404,0,joy,3.648
train,404,1,joy,8.811
train,404,2,neutral,3.691
train,404,3,sadness,1.259
train,404,4,sadness,3.648
train,404,5,neutral,3.221
train,404,6,neutral,0.981
train,404,7,anger,1.472
train,404,8,sadness,3.968
train,404,9,joy,1.963
train,404,10,joy,0.939
train,404,11,surprise,0.917
train,404,12,neutral,1.493
train,404,13,neutral,0.469
train,404,14,neutral,2.048
train,404,15,neutral,3.051
train,404,17,neutral,1.259
train,404,18,neutral,0.981
train,404,19,neutral,1.728
train,405,0,neutral,3.093
train,405,1,anger,0.725
train,405,2,anger,1.451
train,405,3,anger,0.661
train,405,4,anger,0.811
train,405,5,surprise,1.728
train,405,6,neutral,4.971
train,406,0,joy,2.347
train,406,1,joy,3.413
train,406,2,joy,0.064
train,406,3,joy,0.363
train,407,0,anger,2.389
train,407,1,sadness,7.104
train,407,2,neutral,3.691
train,407,3,surprise,1.92
train,407,4,neutral,2.347
train,407,5,neutral,3.136
train,407,6,anger,2.304
train,407,7,anger,1.813
train,407,8,neutral,1.301
train,407,9,neutral,2.795
train,407,10,neutral,5.013
train,408,0,neutral,0.256
train,408,1,neutral,2.197
train,408,2,neutral,2.837
train,408,3,neutral,2.091
train,408,4,neutral,2.517
train,409,0,neutral,1.216
train,409,1,neutral,7.019
train,409,2,neutral,8.469
train,409,3,joy,0.491
train,409,4,neutral,1.387
train,409,5,neutral,1.216
train,409,6,neutral,4.096
train,409,7,surprise,1.387
train,409,8,surprise,3.093
train,409,9,neutral,2.347
train,409,10,surprise,3.563
train,410,0,disgust,5.632
train,410,1,surprise,4.224
train,410,2,anger,3.221
train,410,3,joy,2.475
train,410,4,neutral,2.219
train,410,5,neutral,2.304
train,410,6,surprise,3.136
train,410,7,neutral,3.392
train,410,8,neutral,3.136
train,410,9,neutral,3.52
train,410,10,sadness,1.877
train,410,11,neutral,1.92
train,410,12,neutral,1.323
train,410,13,neutral,0.875
train,410,14,neutral,3.52
train,410,15,joy,2.368
train,410,16,neutral,0.213
train,410,17,fear,1.963
train,410,18,sadness,0.96
train,411,0,neutral,5.589
train,411,1,fear,2.517
train,411,2,neutral,5.44
train,411,3,joy,1.557
train,411,4,neutral,1.429
train,412,0,anger,9.6
train,412,1,neutral,8.512
train,412,2,neutral,3.755
train,412,3,neutral,1.088
train,412,4,sadness,0.768
train,412,5,neutral,1.557
train,412,6,neutral,7.232
train,412,7,surprise,3.008
train,412,8,joy,1.451
train,412,9,neutral,0.491
train,412,10,disgust,1.771
train,412,11,surprise,1.813
train,412,12,neutral,2.965
train,412,13,neutral,5.056
train,412,14,anger,4.181
train,412,15,neutral,1.131
train,412,16,surprise,4.565
train,413,0,neutral,2.048
train,413,1,neutral,1.323
train,413,2,neutral,3.797
train,413,3,neutral,1.835
train,413,4,neutral,2.731
train,414,0,neutral,1.045
train,414,1,neutral,0.213
train,414,2,neutral,0.128
train,414,3,surprise,3.307
train,414,4,neutral,7.147
train,414,6,neutral,7.509
train,414,7,joy,2.517
train,414,8,joy,2.731
train,414,9,neutral,1.728
train,414,10,neutral,1.728
train,414,11,neutral,1.643
train,415,0,disgust,1.045
train,415,1,neutral,0.64
train,415,2,neutral,1.515
train,415,3,neutral,2.368
train,415,4,neutral,0.363
train,415,5,neutral,0.448
train,415,6,neutral,1.344
train,415,7,neutral,0.32
train,415,8,neutral,2.795
train,415,9,disgust,2.005
train,415,10,surprise,4.629
train,416,0,surprise,3.52
train,416,1,surprise,2.688
train,416,2,neutral,4.48
train,416,4,disgust,2.603
train,417,0,neutral,1.728
train,418,0,neutral,5.013
train,418,1,surprise,2.304
train,418,2,neutral,3.093
train,418,3,neutral,5.099
train,418,4,surprise,1.771
train,418,5,neutral,7.851
train,418,6,neutral,3.307
train,418,7,neutral,1.216
train,418,8,neutral,2.155
train,418,9,neutral,1.259
train,418,10,anger,2.496
train,418,11,neutral,2.965
train,418,12,neutral,2.88
train,418,13,neutral,3.008
train,418,14,neutral,0.896
train,418,15,surprise,6.677
train,418,16,surprise,3.051
train,418,17,neutral,1.557
train,418,18,sadness,3.264
train,418,19,sadness,2.709
train,418,20,neutral,1.365
train,418,21,neutral,3.307
train,418,22,neutral,1.877
train,419,0,neutral,6.507
train,420,0,joy,3.307
train,420,1,joy,1.301
train,420,2,joy,0.235
train,420,3,neutral,3.883
train,420,4,disgust,4.48
train,420,5,neutral,9.152
train,420,6,neutral,7.232
train,420,7,neutral,2.261
train,421,0,neutral,3.861
train,421,1,neutral,0.299
train,421,2,neutral,0.363
train,421,3,fear,2.347
train,421,4,fear,2.88
train,421,5,fear,1.877
train,421,6,neutral,1.963
train,421,7,fear,4.395
train,421,8,neutral,1.088
train,422,0,neutral,9.387
train,422,1,neutral,2.688
train,422,2,neutral,1.301
train,422,3,neutral,2.261
train,422,4,neutral,0.235
train,422,5,neutral,1.92
train,422,6,surprise,0.875
train,422,7,neutral,3.797
train,423,0,neutral,1.899
train,423,1,neutral,2.645
train,423,2,neutral,1.707
train,423,3,neutral,2.88
train,423,4,neutral,3.179
train,423,5,surprise,2.133
train,423,6,anger,2.389
train,423,7,anger,5.525
train,423,8,neutral,0.832
train,423,9,joy,2.325
train,423,10,joy,2.005
train,424,0,joy,2.347
train,424,1,surprise,1.131
train,424,2,neutral,3.008
train,424,3,neutral,1.408
train,424,4,neutral,4.608
train,424,5,neutral,7.125
train,424,6,neutral,4.011
train,424,7,neutral,1.771
train,424,8,neutral,6.315
train,424,9,neutral,1.579
train,424,10,neutral,2.155
train,424,11,neutral,7.509
train,424,12,anger,4.843
train,424,14,joy,0.683
train,424,15,joy,3.093
train,424,16,joy,1.856
train,425,0,neutral,1.515
train,425,1,neutral,5.973
train,425,2,sadness,3.392
train,425,3,surprise,1.045
train,425,4,surprise,0.853
train,425,5,surprise,13.141
train,426,0,neutral,1.003
train,426,1,sadness,4.885
train,426,2,anger,8.235
train,426,3,neutral,1.28
train,426,4,neutral,0.64
train,426,5,neutral,1.963
train,426,6,neutral,1.707
train,426,7,sadness,2.88
train,427,0,sadness,4.437
train,427,1,neutral,3.221
train,428,0,neutral,2.261
train,428,1,anger,2.005
train,428,2,joy,3.136
train,428,3,surprise,1.344
train,428,4,anger,2.88
train,428,5,neutral,2.517
train,428,6,anger,1.835
train,428,7,surprise,2.475
train,428,8,sadness,5.312
train,429,0,neutral,2.261
train,429,1,neutral,2.453
train,429,2,neutral,8.512
train,429,3,neutral,2.304
train,429,4,joy,7.808
train,429,5,neutral,1.92
train,429,6,neutral,1.728
train,429,7,neutral,3.307
train,429,8,neutral,2.709
train,429,9,surprise,1.109
train,429,10,surprise,2.688
train,429,11,neutral,2.304
train,430,0,anger,9.429
train,430,1,neutral,10.027
train,430,2,sadness,2.517
train,430,3,anger,1.387
train,430,4,surprise,1.557
train,430,5,neutral,4.011
train,430,6,neutral,1.835
train,430,7,surprise,2.176
train,430,8,anger,1.472
train,431,0,joy,1.728
train,431,1,neutral,3.051
train,431,2,neutral,0.512
train,431,3,neutral,5.888
train,431,4,neutral,0.491
train,431,5,joy,6.549
train,431,6,anger,4.011
train,431,7,joy,7.36
train,431,8,joy,1.6
train,431,9,disgust,1.045
train,431,10,surprise,1.429
train,431,11,anger,0.853
train,431,12,anger,2.88
train,431,13,anger,2.923
train,431,14,anger,3.968
train,431,15,surprise,2.091
train,431,16,anger,11.221
train,431,17,sadness,2.517
train,431,18,disgust,2.752
train,431,19,disgust,1.792
train,432,0,neutral,1.259
train,433,0,neutral,2.347
train,433,1,neutral,1.003
train,434,0,sadness,3.136
train,434,1,sadness,4.48
train,434,2,sadness,1.131
train,434,3,neutral,2.325
train,434,4,neutral,10.944
train,434,5,neutral,2.88
train,434,6,joy,6.976
train,434,7,joy,1.515
train,434,8,neutral,2.517
train,434,9,neutral,1.728
train,434,10,sadness,4.096
train,434,11,neutral,1.963
train,434,12,neutral,4.715
train,434,13,neutral,0.939
train,434,14,neutral,1.515
train,435,0,neutral,3.307
train,435,1,joy,3.392
train,435,2,joy,8.725
train,435,3,surprise,0.683
train,435,4,surprise,3.605
train,435,5,neutral,3.52
train,435,6,joy,2.219
train,435,7,joy,2.197
train,435,8,joy,2.432
train,435,9,surprise,1.173
train,436,0,joy,1.259
train,436,1,disgust,3.349
train,436,2,anger,2.731
train,436,3,disgust,2.645
train,436,4,neutral,3.008
train,436,5,surprise,5.44
train,437,0,anger,2.347
train,437,1,surprise,5.803
train,437,2,neutral,1.792
train,438,0,anger,1.472
train,438,1,neutral,6.507
train,438,2,neutral,2.56
train,438,3,surprise,2.091
train,438,4,neutral,2.219
train,438,5,neutral,4.096
train,438,7,neutral,4.053
train,438,8,neutral,1.536
train,438,9,joy,0.747
train,438,10,sadness,1.429
train,438,11,neutral,4.565
train,438,12,joy,1.877
train,438,13,neutral,7.019
train,438,14,neutral,6.848
train,438,15,neutral,1.835
train,439,0,neutral,3.008
train,439,1,disgust,4.139
train,439,2,neutral,1.92
train,439,3,joy,1.408
train,439,4,surprise,2.453
train,439,5,joy,2.091
train,439,6,neutral,2.965
train,440,0,neutral,4.928
train,440,1,neutral,2.304
train,440,2,joy,10.069
train,440,3,neutral,4.437
train,440,4,neutral,3.477
train,440,5,neutral,2.731
train,440,6,neutral,5.632
train,440,7,neutral,4.053
train,440,8,neutral,3.307
train,440,9,surprise,1.472
train,440,10,neutral,0.555
train,440,11,disgust,1.472
train,440,12,neutral,3.797
train,440,13,neutral,1.515
train,441,0,neutral,3.477
train,441,1,sadness,3.435
train,441,2,neutral,1.664
train,441,3,joy,1.323
train,441,4,neutral,1.643
train,441,5,neutral,2.432
train,441,6,neutral,2.176
train,441,7,sadness,1.877
train,441,8,neutral,1.472
train,441,9,neutral,1.024
train,442,0,joy,2.731
train,442,1,neutral,1.728
train,442,2,neutral,2.603
train,442,3,neutral,5.76
train,442,4,disgust,2.133
train,442,5,surprise,7.68
train,443,0,joy,3.52
train,443,1,neutral,1.003
train,443,2,neutral,2.091
train,443,3,neutral,1.045
train,443,4,neutral,3.797
train,443,5,neutral,2.517
train,443,6,neutral,1.643
train,443,7,surprise,8.149
train,444,0,surprise,3.52
train,444,1,neutral,5.845
train,444,2,neutral,1.771
train,444,3,neutral,2.304
train,444,4,neutral,9.195
train,444,5,neutral,3.563
train,444,6,neutral,2.261
train,445,0,neutral,2.56
train,445,1,surprise,6.805
train,445,2,sadness,5.632
train,445,3,fear,3.349
train,445,4,neutral,1.472
train,445,5,surprise,0.853
train,445,6,neutral,3.093
train,445,7,surprise,1.685
train,445,8,joy,3.883
train,445,9,sadness,2.88
train,445,10,sadness,1.259
train,445,11,neutral,1.195
train,445,12,fear,1.173
train,445,13,anger,0.192
train,445,14,anger,2.133
train,445,15,anger,1.749
train,445,16,anger,2.197
train,445,17,anger,2.389
train,445,18,anger,0.64
train,445,19,anger,2.688
train,445,20,sadness,3.307
train,446,0,surprise,1.877
train,446,1,surprise,2.347
train,446,2,neutral,5.099
train,446,3,neutral,1.387
train,446,4,neutral,1.685
train,446,5,neutral,3.264
train,446,6,neutral,1.963
train,446,7,neutral,2.432
train,446,8,neutral,3.349
train,446,9,neutral,1.771
train,446,10,surprise,0.597
train,446,11,neutral,1.963
train,446,12,joy,1.685
train,446,13,joy,2.347
train,446,14,anger,3.093
train,446,15,sadness,1.6
train,446,16,sadness,2.795
train,446,17,sadness,8.555
train,446,18,sadness,9.941
train,446,19,neutral,1.685
train,447,0,neutral,2.005
train,447,1,neutral,6.763
train,447,2,joy,6.272
train,448,0,neutral,6.315
train,448,1,anger,1.941
train,448,2,anger,0.597
train,448,3,anger,1.643
train,448,4,anger,1.771
train,448,5,anger,5.397
train,448,6,anger,3.563
train,448,7,joy,1.515
train,448,8,anger,5.547
train,448,9,anger,1.792
train,448,10,anger,4.181
train,448,11,neutral,4.181
train,449,0,neutral,6.933
train,449,1,neutral,2.709
train,449,2,sadness,2.731
train,449,3,sadness,0.875
train,449,4,joy,1.28
train,449,5,neutral,4.715
train,449,6,surprise,0.768
train,449,7,sadness,2.133
train,449,8,joy,4.096
train,449,9,sadness,2.475
train,449,10,sadness,7.381
train,449,11,joy,1.835
train,449,12,sadness,8.192
train,449,13,neutral,1.771
train,450,0,neutral,3.797
train,450,1,neutral,4.309
train,450,2,neutral,6.059
train,450,3,neutral,1.472
train,450,4,neutral,4.011
train,450,5,surprise,1.173
train,450,6,neutral,8.341
train,450,7,sadness,7.979
train,450,8,surprise,8.235
train,450,9,joy,9.109
train,450,10,joy,3.093
train,450,11,joy,7.232
train,450,12,surprise,1.792
train,450,13,neutral,3.691
train,450,14,neutral,3.84
train,450,15,surprise,2.005
train,450,16,neutral,1.92
train,450,17,neutral,4.928
train,450,18,neutral,2.219
train,450,19,surprise,1.045
train,450,20,neutral,4.053
train,450,21,neutral,1.557
train,450,22,neutral,10.069
train,450,23,neutral,5.632
train,451,0,neutral,2.475
train,451,1,anger,2.965
train,451,2,joy,1.941
train,451,3,neutral,2.389
train,451,4,anger,2.795
train,451,5,neutral,2.389
train,451,6,neutral,2.965
train,451,7,anger,2.304
train,452,0,neutral,2.795
train,452,1,neutral,3.371
train,452,2,neutral,0.299
train,452,3,surprise,2.56
train,452,4,neutral,9.259
train,453,0,surprise,2.731
train,453,1,surprise,3.477
train,454,0,neutral,2.347
train,454,1,disgust,9.984
train,454,2,anger,3.755
train,455,0,neutral,0.405
train,455,1,neutral,1.92
train,455,2,neutral,2.432
train,455,3,neutral,2.795
train,455,4,neutral,3.264
train,455,5,fear,8.853
train,455,6,surprise,2.475
train,455,7,surprise,1.877
train,455,8,anger,8.277
train,455,9,neutral,4.437
train,455,10,joy,2.432
train,455,11,sadness,10.603
train,455,12,neutral,3.712
train,455,13,joy,2.965
train,455,14,neutral,6.549
train,455,15,neutral,2.133
train,455,16,neutral,1.685
train,455,17,disgust,11.819
train,456,0,joy,2.133
train,456,1,neutral,3.008
train,456,2,anger,3.968
train,456,3,surprise,1.472
train,456,4,sadness,3.84
train,456,5,surprise,0.171
train,456,6,anger,3.883
train,456,7,anger,3.051
train,456,8,anger,6.784
train,456,9,sadness,4.565
train,456,10,neutral,0.811
train,456,11,anger,1.6
train,457,0,neutral,3.691
train,457,1,neutral,7.061
train,457,2,anger,7.723
train,457,3,neutral,3.605
train,457,4,neutral,4.352
train,457,5,surprise,2.304
train,457,6,joy,1.643
train,457,7,sadness,6.315
train,457,8,sadness,3.008
train,457,9,neutral,2.048
train,457,10,neutral,1.003
train,457,11,neutral,6.805
train,457,12,surprise,0.427
train,457,13,fear,2.731
train,458,0,surprise,2.645
train,459,0,neutral,1.771
train,459,1,anger,0.768
train,459,2,joy,1.643
train,459,3,anger,0.704
train,459,4,neutral,2.453
train,459,5,neutral,1.365
train,459,6,neutral,0.555
train,459,7,neutral,1.173
train,459,8,neutral,1.963
train,459,9,neutral,2.795
train,459,10,surprise,1.685
train,459,11,anger,3.136
train,460,0,fear,1.877
train,460,1,neutral,5.803
train,460,2,fear,1.6
train,460,3,joy,2.133
train,461,0,neutral,2.645
train,461,1,neutral,1.216
train,461,2,neutral,2.133
train,461,3,neutral,5.717
train,462,0,surprise,0.448
train,462,1,surprise,1.749
train,462,3,neutral,2.965
train,462,5,neutral,5.227
train,462,6,surprise,2.475
train,462,7,neutral,10.56
train,462,8,surprise,2.88
train,462,9,neutral,4.971
train,462,10,neutral,2.795
train,463,0,joy,1.003
train,463,1,anger,2.261
train,463,2,neutral,2.837
train,463,3,sadness,2.475
train,463,4,surprise,4.48
train,463,5,anger,2.731
train,463,6,neutral,1.685
train,463,7,neutral,1.301
train,463,8,surprise,10.987
train,463,9,joy,3.221
train,463,10,anger,3.093
train,463,11,neutral,2.133
train,463,12,neutral,1.429
train,463,13,neutral,1.685
train,464,0,neutral,1.28
train,464,1,surprise,0.661
train,464,2,neutral,2.645
train,464,3,surprise,1.685
train,464,4,neutral,2.176
train,464,5,joy,2.475
train,464,6,joy,2.048
train,464,7,neutral,0.661
train,464,8,neutral,2.517
train,464,9,neutral,3.136
train,464,10,neutral,2.133
train,464,11,joy,2.347
train,464,12,neutral,5.525
train,464,13,neutral,2.965
train,464,14,joy,0.149
train,464,15,surprise,2.347
train,464,16,joy,2.752
train,464,17,sadness,1.963
train,464,18,sadness,8.277
train,464,19,neutral,4.523
train,464,20,anger,2.795
train,465,0,neutral,2.475
train,465,1,neutral,4.672
train,465,2,disgust,2.389
train,465,3,sadness,2.304
train,465,4,neutral,1.131
train,465,5,surprise,1.216
train,466,0,surprise,5.099
train,466,1,joy,6.187
train,466,2,surprise,1.131
train,466,3,disgust,3.179
train,466,4,neutral,1.301
train,466,5,neutral,3.136
train,466,6,joy,8.768
train,466,7,disgust,5.355
train,466,8,neutral,2.795
train,466,9,anger,3.093
train,466,10,neutral,2.048
train,466,11,anger,8.427
train,466,12,anger,3.179
train,466,13,anger,1.963
train,466,14,anger,1.643
train,466,15,anger,2.56
train,467,0,joy,0.576
train,467,1,neutral,1.088
train,467,2,neutral,3.307
train,468,0,neutral,3.563
train,468,1,anger,3.307
train,468,2,surprise,7.637
train,468,3,joy,3.584
train,468,4,joy,0.128
train,468,5,joy,4.181
train,468,6,joy,4.565
train,468,7,neutral,2.176
train,468,8,joy,3.051
train,468,9,surprise,4.011
train,469,0,neutral,3.307
train,469,1,joy,9.771
train,470,0,neutral,3.349
train,471,0,disgust,1.429
train,471,1,disgust,1.899
train,471,2,neutral,2.923
train,471,3,neutral,1.536
train,471,4,joy,1.045
train,471,5,neutral,1.899
train,471,6,neutral,0.128
train,472,1,neutral,2.645
train,472,2,fear,5.013
train,473,0,neutral,1.323
train,473,1,neutral,1.707
train,473,2,anger,2.731
train,473,3,fear,6.464
train,473,4,neutral,1.045
train,474,0,joy,6.635
train,474,1,sadness,5.227
train,474,2,joy,3.797
train,474,3,sadness,3.883
train,474,4,neutral,2.475
train,474,5,surprise,1.515
train,474,6,neutral,6.891
train,474,7,sadness,6.443
train,474,8,sadness,1.216
train,474,9,sadness,0.277
train,474,10,sadness,1.856
train,474,11,joy,3.008
train,474,12,joy,1.877
train,474,13,surprise,1.664
train,474,14,joy,4.608
train,474,15,joy,4.843
train,474,16,sadness,1.536
train,474,17,joy,0.491
train,474,18,neutral,0.747
train,475,0,anger,3.093
train,475,1,neutral,3.221
train,475,2,neutral,2.048
train,475,3,joy,2.475
train,475,4,neutral,2.795
train,475,5,neutral,4.523
train,475,6,surprise,4.48
train,475,7,joy,2.091
train,475,8,neutral,2.091
train,475,9,neutral,3.136
train,475,10,neutral,2.005
train,475,11,neutral,0.747
train,475,12,surprise,1.92
train,475,13,surprise,0.875
train,475,14,surprise,1.771
train,475,15,neutral,0.96
train,475,16,neutral,3.307
train,476,0,sadness,2.133
train,476,1,neutral,7.019
train,476,2,neutral,1.173
train,476,3,surprise,1.472
train,476,4,sadness,4.352
train,476,5,surprise,2.923
train,476,6,neutral,6.677
train,476,7,fear,2.005
train,476,8,neutral,3.669
train,476,9,surprise,1.835
train,476,10,fear,2.048
train,476,11,sadness,1.963
train,477,0,neutral,2.88
train,477,1,neutral,9.195
train,477,2,neutral,3.392
train,477,3,fear,3.605
train,477,4,neutral,3.136
train,477,5,joy,9.643
train,477,6,sadness,1.045
train,477,7,joy,2.432
train,477,8,neutral,1.877
train,477,9,joy,3.264
train,477,10,disgust,3.221
train,477,11,neutral,2.005
train,477,12,neutral,2.219
train,477,13,joy,2.261
train,477,14,neutral,5.355
train,477,15,anger,1.515
train,477,16,neutral,1.643
train,477,17,neutral,3.968
train,477,18,neutral,1.173
train,478,0,neutral,3.925
train,478,1,surprise,9.259
train,478,2,joy,1.579
train,478,3,neutral,0.128
train,478,4,neutral,1.131
train,478,5,neutral,3.093
train,478,6,neutral,8.981
train,478,7,neutral,1.771
train,478,8,neutral,5.973
train,478,9,neutral,3.797
train,478,10,anger,7.275
train,478,11,neutral,1.301
train,478,12,sadness,2.048
train,478,13,joy,1.877
train,479,0,joy,2.688
train,479,1,neutral,3.435
train,479,2,neutral,2.795
train,479,3,neutral,2.432
train,479,4,anger,4.309
train,479,5,surprise,1.387
train,479,6,surprise,2.837
train,479,7,disgust,3.051
train,479,8,disgust,5.717
train,479,9,disgust,1.173
train,479,10,disgust,0.683
train,479,11,neutral,1.387
train,480,0,joy,1.472
train,480,1,joy,2.389
train,480,2,neutral,0.981
train,480,3,neutral,2.603
train,480,4,surprise,1.173
train,480,5,surprise,3.563
train,480,6,neutral,5.056
train,480,7,neutral,3.52
train,480,8,neutral,2.197
train,480,9,anger,0.533
train,481,0,surprise,1.451
train,481,1,joy,0.448
train,481,2,joy,3.563
train,481,3,surprise,2.645
train,481,4,surprise,2.688
train,481,5,neutral,4.267
train,481,6,neutral,0.704
train,481,7,neutral,2.005
train,481,8,surprise,0.747
train,481,9,neutral,1.579
train,481,10,neutral,1.813
train,481,11,neutral,2.688
train,481,12,anger,2.816
train,481,13,sadness,3.477
train,481,14,surprise,1.685
train,482,0,surprise,3.755
train,482,1,surprise,10.901
train,482,2,anger,2.048
train,482,3,neutral,0.875
train,482,4,neutral,0.917
train,482,5,fear,1.003
train,482,6,disgust,2.923
train,482,7,anger,5.397
train,482,8,neutral,3.008
train,482,9,anger,4.096
train,482,10,neutral,3.648
train,482,11,surprise,2.88
train,482,12,surprise,2.005
train,482,13,surprise,1.557
train,482,14,neutral,6.016
train,482,15,joy,1.835
train,482,16,surprise,1.365
train,482,17,joy,1.685
train,483,0,neutral,2.475
train,483,1,anger,1.387
train,483,2,neutral,1.557
train,483,3,surprise,1.557
train,483,4,surprise,1.515
train,483,5,neutral,3.051
train,483,6,anger,4.395
train,483,7,neutral,5.056
train,483,8,anger,5.717
train,483,9,anger,1.643
train,483,10,neutral,8.107
train,483,11,neutral,1.557
train,483,12,neutral,1.216
train,483,13,neutral,1.643
train,483,14,neutral,1.685
train,483,15,surprise,7.595
train,484,0,neutral,1.728
train,484,1,neutral,2.56
train,484,2,neutral,1.6
train,485,0,joy,25.792
train,486,0,neutral,1.131
train,486,1,neutral,1.472
train,486,2,neutral,2.219
train,486,3,neutral,3.968
train,486,4,neutral,3.221
train,486,5,neutral,6.443
train,486,6,neutral,7.509
train,486,7,surprise,2.56
train,486,8,neutral,1.387
train,486,9,surprise,2.475
train,486,10,anger,1.771
train,486,11,fear,4.928
train,486,12,anger,0.96
train,486,13,anger,1.984
train,486,14,sadness,5.184
train,486,15,sadness,4.096
train,486,16,neutral,2.027
train,486,17,joy,0.875
train,487,0,surprise,2.731
train,488,0,joy,2.304
train,488,1,neutral,7.552
train,488,2,neutral,2.112
train,488,3,neutral,1.472
train,488,4,neutral,0.64
train,488,5,neutral,1.003
train,489,0,joy,7.019
train,489,1,joy,3.563
train,489,2,neutral,0.427
train,489,3,neutral,1.6
train,489,4,neutral,1.877
train,490,0,neutral,2.923
train,491,0,neutral,2.923
train,491,1,sadness,2.603
train,491,2,sadness,4.224
train,492,0,joy,1.216
train,492,1,neutral,1.152
train,492,2,neutral,0.789
train,492,3,neutral,2.133
train,493,0,sadness,2.475
train,493,1,surprise,0.939
train,493,2,neutral,2.133
train,493,3,neutral,4.395
train,493,4,neutral,1.259
train,493,5,neutral,3.008
train,493,6,neutral,3.221
train,493,7,joy,1.088
train,493,8,neutral,1.621
train,493,9,joy,1.963
train,493,10,neutral,3.349
train,493,11,neutral,0.811
train,493,12,anger,1.045
train,494,0,neutral,6.443
train,495,0,neutral,1.92
train,495,1,neutral,3.755
train,495,2,anger,4.843
train,496,0,neutral,3.008
train,496,1,neutral,7.723
train,496,2,sadness,2.56
train,496,3,neutral,6.805
train,496,4,neutral,1.131
train,496,5,neutral,1.301
train,496,6,neutral,1.835
train,496,7,anger,2.368
train,496,8,fear,1.003
train,496,9,neutral,3.093
train,496,10,anger,5.397
train,496,11,fear,1.557
train,496,12,anger,5.227
train,496,13,joy,6.976
train,496,14,neutral,2.347
train,497,0,neutral,1.685
train,497,1,anger,1.92
train,497,2,sadness,13.973
train,498,0,neutral,2.795
train,498,1,neutral,5.397
train,498,2,joy,5.44
train,498,3,surprise,0.555
train,498,4,surprise,2.645
train,498,5,anger,9.109
train,498,6,anger,1.451
train,498,7,anger,0.768
train,498,8,neutral,2.432
train,499,0,joy,1.707
train,499,1,joy,1.003
train,499,2,neutral,2.645
train,499,3,joy,4.224
train,499,4,neutral,1.685
train,499,5,neutral,1.259
train,499,6,neutral,8.981
train,499,7,neutral,1.024
train,499,8,joy,0.597
train,499,9,neutral,1.771
train,499,10,neutral,0.725
train,499,11,neutral,0.725
train,499,12,neutral,1.152
train,499,15,joy,2.176
train,499,16,surprise,0.768
train,499,17,joy,1.685
train,499,18,surprise,5.056
train,499,19,neutral,6.4
train,499,20,surprise,5.269
train,499,21,neutral,7.232
train,500,0,neutral,6.549
train,500,1,joy,1.557
train,501,0,neutral,1.92
train,501,1,joy,4.885
train,501,2,joy,1.685
train,501,3,joy,1.771
train,501,4,joy,3.563
train,501,5,disgust,3.349
train,501,6,neutral,2.048
train,501,7,neutral,2.048
train,501,8,surprise,7.317
train,501,9,surprise,6.272
train,501,10,neutral,0.704
train,501,11,surprise,1.493
train,501,12,neutral,1.771
train,502,0,joy,3.669
train,502,1,neutral,1.131
train,502,2,joy,9.643
train,503,0,surprise,1.301
train,503,1,joy,2.88
train,503,2,surprise,1.237
train,503,3,joy,1.749
train,503,4,joy,6.101
train,503,5,joy,3.797
train,503,6,neutral,2.048
train,503,7,joy,0.725
train,503,8,joy,0.512
train,503,9,anger,3.093
train,503,10,neutral,3.221
train,503,11,anger,2.56
train,503,12,joy,1.429
train,503,13,neutral,5.973
train,503,14,neutral,1.728
train,503,15,neutral,1.6
train,504,0,joy,7.723
train,504,1,joy,2.795
train,504,2,neutral,4.715
train,504,3,neutral,1.301
train,504,4,neutral,3.115
train,504,5,neutral,1.557
train,504,6,surprise,4.096
train,504,7,neutral,1.984
train,504,8,joy,2.048
train,504,9,neutral,0.192
train,504,10,neutral,2.261
train,504,11,surprise,0.341
train,504,12,anger,0.981
train,504,13,anger,1.195
train,505,0,surprise,2.261
train,505,1,neutral,3.52
train,505,2,surprise,0.768
train,505,3,neutral,1.429
train,505,4,neutral,2.645
train,505,5,neutral,4.096
train,505,6,fear,1.429
train,505,7,neutral,4.587
train,505,8,neutral,2.219
train,505,9,neutral,3.691
train,505,10,neutral,3.669
train,505,11,neutral,2.219
train,505,12,anger,1.515
train,505,13,neutral,3.179
train,505,14,anger,4.224
train,505,15,neutral,4.181
train,506,0,sadness,3.051
train,506,1,fear,3.008
train,506,2,sadness,8.981
train,506,3,sadness,2.133
train,506,4,neutral,1.429
train,506,5,sadness,3.179
train,506,6,sadness,5.184
train,506,7,sadness,6.229
train,506,8,sadness,2.645
train,506,9,sadness,1.643
train,506,10,sadness,1.515
train,506,11,sadness,2.176
train,507,0,neutral,3.563
train,507,1,joy,5.888
train,507,2,neutral,1.344
train,507,3,neutral,1.813
train,507,4,anger,1.344
train,507,5,neutral,2.56
train,507,6,neutral,1.131
train,507,7,surprise,3.925
train,507,8,surprise,3.883
train,507,9,neutral,1.685
train,507,10,joy,2.795
train,507,11,neutral,1.173
train,507,12,joy,5.355
train,507,13,joy,1.6
train,507,14,neutral,1.515
train,507,15,neutral,2.091
train,507,16,neutral,0.491
train,508,0,anger,1.429
train,508,2,neutral,2.133
train,508,3,joy,1.835
train,508,4,neutral,3.392
train,508,5,fear,0.64
train,508,6,neutral,1.451
train,508,7,neutral,3.797
train,508,8,neutral,1.557
train,508,9,neutral,0.555
train,508,10,neutral,2.219
train,508,11,neutral,3.392
train,508,12,surprise,1.131
train,508,13,neutral,1.856
train,508,14,surprise,6.635
train,508,15,neutral,2.432
train,508,16,neutral,3.179
train,508,17,neutral,1.685
train,508,18,neutral,0.597
train,508,19,anger,2.048
train,508,20,anger,1.003
train,508,21,anger,2.304
train,508,22,anger,5.056
train,509,0,neutral,3.755
train,509,1,neutral,1.003
train,509,2,neutral,1.216
train,509,3,neutral,3.2
train,509,4,anger,4.8
train,509,5,neutral,3.136
train,509,6,neutral,1.515
train,509,7,neutral,11.179
train,509,8,neutral,2.005
train,509,9,neutral,0.875
train,509,10,anger,2.624
train,509,11,anger,5.888
train,509,12,surprise,1.493
train,509,13,surprise,1.749
train,509,14,surprise,0.128
train,509,15,neutral,2.112
train,509,16,neutral,1.259
train,510,0,neutral,11.819
train,510,1,joy,20.117
train,510,2,neutral,7.893
train,510,3,surprise,1.728
train,510,4,neutral,2.091
train,510,5,surprise,5.141
train,511,0,sadness,1.92
train,511,1,neutral,2.112
train,511,2,fear,5.931
train,511,3,surprise,1.045
train,511,4,neutral,1.877
train,511,5,neutral,2.432
train,511,6,sadness,6.229
train,512,0,joy,0.277
train,512,1,joy,0.405
train,512,2,neutral,1.131
train,512,3,neutral,0.299
train,512,4,neutral,6.059
train,512,5,neutral,2.56
train,512,6,neutral,2.155
train,512,7,joy,0.661
train,512,8,anger,4.437
train,512,9,fear,1.387
train,512,10,anger,1.685
train,512,11,anger,0.811
train,512,12,anger,3.051
train,512,13,fear,6.229
train,512,14,anger,2.005
train,513,0,neutral,1.387
train,513,1,neutral,10.901
train,513,2,neutral,2.837
train,513,3,anger,9.813
train,513,4,anger,1.877
train,514,0,joy,2.837
train,514,1,neutral,1.643
train,514,2,neutral,4.608
train,514,3,neutral,2.176
train,514,4,surprise,1.344
train,514,5,neutral,3.883
train,514,6,neutral,4.139
train,514,7,neutral,2.56
train,515,0,neutral,1.088
train,515,1,surprise,5.184
train,515,2,neutral,3.52
train,515,3,disgust,3.435
train,515,4,neutral,2.837
train,515,5,neutral,2.752
train,515,6,neutral,3.008
train,516,0,anger,4.395
train,516,1,joy,4.864
train,516,2,surprise,0.128
train,516,3,joy,3.179
train,516,4,joy,4.523
train,516,5,sadness,11.52
train,517,0,anger,1.387
train,517,1,joy,0.96
train,517,2,neutral,2.453
train,517,3,joy,1.131
train,517,4,joy,3.221
train,517,5,sadness,3.819
train,517,6,joy,20.139
train,518,0,anger,4.053
train,518,1,anger,2.965
train,518,2,neutral,1.003
train,518,3,anger,2.432
train,518,4,neutral,2.475
train,518,5,neutral,2.731
train,518,6,neutral,1.173
train,518,7,joy,11.477
train,518,8,neutral,2.347
train,519,0,surprise,2.731
train,519,1,anger,2.219
train,519,2,neutral,3.84
train,519,3,neutral,3.477
train,519,4,joy,10.176
train,520,0,neutral,2.965
train,520,1,neutral,2.645
train,520,2,surprise,2.261
train,520,3,neutral,0.811
train,520,4,surprise,1.771
train,520,5,surprise,3.477
train,520,6,neutral,14.528
train,521,0,neutral,7.061
train,521,1,neutral,3.755
train,521,2,sadness,9.685
train,521,3,anger,8.277
train,521,4,sadness,8.32
train,521,5,sadness,2.176
train,521,6,neutral,1.472
train,522,0,surprise,1.045
train,522,1,neutral,3.264
train,522,2,joy,12.032
train,522,3,neutral,5.675
train,522,4,neutral,7.637
train,522,5,neutral,2.752
train,522,6,joy,2.347
train,523,0,surprise,3.349
train,523,1,joy,3.499
train,523,2,neutral,0.128
train,523,3,surprise,2.304
train,523,4,neutral,3.968
train,523,5,joy,1.472
train,523,6,anger,2.837
train,523,7,joy,2.517
train,523,8,neutral,1.771
train,523,9,joy,0.96
train,523,10,joy,0.064
train,523,11,joy,1.195
train,523,12,anger,1.515
train,523,13,neutral,2.091
train,523,14,sadness,7.637
train,523,15,surprise,1.835
train,523,16,neutral,3.179
train,523,17,neutral,1.173
train,523,18,neutral,1.963
train,523,19,neutral,0.981
train,523,20,neutral,3.691
train,523,21,anger,1.259
train,523,22,surprise,1.515
train,523,23,joy,1.6
train,524,0,neutral,1.515
train,524,1,surprise,2.347
train,524,2,sadness,6.443
train,524,3,neutral,2.133
train,524,4,neutral,4.928
train,524,5,neutral,0.533
train,524,6,neutral,0.341
train,524,7,neutral,0.64
train,524,8,neutral,2.731
train,524,9,surprise,3.008
train,524,10,neutral,3.264
train,524,11,anger,4.843
train,524,12,neutral,1.877
train,524,13,sadness,2.539
train,524,14,neutral,1.515
train,524,15,fear,7.509
train,524,16,surprise,1.792
train,525,0,neutral,0.896
train,525,1,neutral,1.045
train,525,2,neutral,1.92
train,525,3,sadness,2.795
train,525,4,anger,1.515
train,525,5,neutral,3.349
train,525,6,neutral,1.024
train,525,7,surprise,1.387
train,525,8,neutral,6.763
train,526,0,joy,7.552
train,526,1,neutral,2.304
train,526,2,neutral,1.515
train,526,3,neutral,7.936
train,526,4,joy,2.752
train,526,5,joy,4.181
train,526,6,fear,1.877
train,526,7,neutral,2.432
train,526,8,neutral,4.629
train,526,9,neutral,0.363
train,526,10,neutral,1.259
train,526,11,fear,0.683
train,526,12,joy,0.469
train,526,13,neutral,1.643
train,526,14,surprise,1.344
train,526,15,neutral,2.517
train,526,16,anger,1.963
train,526,17,neutral,6.187
train,526,18,neutral,3.477
train,526,19,neutral,10.944
train,526,20,neutral,1.6
train,527,0,anger,3.755
train,527,1,joy,0.384
train,527,2,surprise,2.475
train,527,3,neutral,2.091
train,527,4,joy,8.32
train,527,5,disgust,2.176
train,527,6,neutral,1.173
train,527,7,disgust,0.811
train,528,0,surprise,12.224
train,528,1,neutral,9.429
train,528,2,neutral,5.013
train,528,3,surprise,9.024
train,528,4,neutral,9.387
train,528,5,anger,10.901
train,529,0,anger,3.477
train,529,1,neutral,2.837
train,529,2,neutral,14.613
train,529,3,anger,5.312
train,529,4,neutral,3.456
train,529,5,neutral,1.408
train,529,6,surprise,1.643
train,529,7,neutral,3.797
train,529,8,neutral,2.347
train,529,9,neutral,1.728
train,530,0,sadness,0.917
train,530,1,surprise,1.621
train,530,2,neutral,3.691
train,530,3,surprise,1.472
train,530,4,neutral,2.795
train,530,5,anger,2.005
train,530,6,anger,2.155
train,530,7,anger,3.435
train,530,8,anger,2.432
train,530,9,anger,0.405
train,530,10,anger,2.837
train,530,11,anger,2.261
train,530,12,anger,2.219
train,530,13,neutral,5.973
train,530,14,surprise,2.795
train,530,15,neutral,8.683
train,530,16,sadness,6.144
train,530,17,sadness,1.259
train,530,18,neutral,2.475
train,530,19,neutral,2.965
train,530,20,neutral,10.027
train,530,21,neutral,1.685
train,530,22,surprise,1.515
train,530,23,sadness,5.141
train,531,0,surprise,2.603
train,531,1,surprise,0.811
train,531,2,fear,2.176
train,531,3,sadness,2.752
train,531,4,neutral,2.347
train,531,5,sadness,4.395
train,531,6,sadness,2.219
train,531,7,neutral,2.965
train,531,8,neutral,3.264
train,531,9,neutral,1.643
train,531,10,anger,3.84
train,531,11,sadness,1.877
train,531,12,neutral,5.397
train,531,13,neutral,3.392
train,531,14,anger,5.632
train,531,15,surprise,1.771
train,532,0,neutral,2.261
train,532,1,neutral,1.728
train,532,2,neutral,2.005
train,532,3,neutral,5.312
train,532,4,surprise,2.261
train,532,5,joy,2.133
train,532,6,neutral,2.091
train,532,7,anger,1.493
train,532,8,sadness,1.493
train,532,9,sadness,3.051
train,532,10,sadness,9.813
train,532,11,neutral,2.261
train,532,12,neutral,2.731
train,532,13,anger,10.816
train,532,14,surprise,2.133
train,532,15,neutral,2.603
train,533,0,neutral,7.275
train,533,1,neutral,4.053
train,533,2,sadness,3.264
train,533,3,neutral,7.381
train,533,4,joy,0.533
train,533,5,joy,0.875
train,533,6,neutral,2.219
train,533,7,neutral,1.6
train,533,8,neutral,2.688
train,533,9,neutral,6.805
train,534,0,neutral,2.347
train,534,1,neutral,2.795
train,534,2,joy,2.219
train,534,3,surprise,1.045
train,535,0,neutral,1.024
train,535,1,joy,1.835
train,535,2,anger,5.845
train,535,3,neutral,3.52
train,536,0,surprise,2.795
train,536,1,neutral,1.771
train,536,2,neutral,3.008
train,536,3,neutral,6.4
train,536,4,sadness,4.16
train,536,5,surprise,0.128
train,536,6,neutral,2.091
train,536,7,surprise,3.477
train,536,8,surprise,7.936
train,536,9,joy,2.603
train,536,10,neutral,1.515
train,536,11,neutral,1.771
train,536,12,neutral,2.411
train,536,13,surprise,0.213
train,536,14,neutral,5.483
train,536,15,neutral,1.728
train,537,0,neutral,11.072
train,537,1,neutral,2.965
train,537,2,joy,7.147
train,537,3,anger,4.096
train,537,4,neutral,2.475
train,538,0,anger,1.557
train,538,1,sadness,2.219
train,538,2,neutral,3.712
train,538,3,anger,4.587
train,538,4,joy,2.731
train,538,5,joy,3.691
train,538,6,joy,6.635
train,538,7,joy,2.795
train,538,8,joy,1.429
train,538,9,disgust,6.592
train,539,0,neutral,1.131
train,539,1,neutral,1.813
train,539,2,surprise,2.475
train,539,3,surprise,7.189
train,539,4,joy,1.835
train,539,5,neutral,1.301
train,539,6,sadness,2.56
train,540,0,sadness,7.275
train,540,1,surprise,1.472
train,540,2,disgust,2.389
train,540,3,disgust,7.317
train,540,5,sadness,10.475
train,541,0,joy,5.717
train,541,1,joy,3.712
train,541,2,neutral,6.763
train,541,3,surprise,0.64
train,541,4,sadness,2.645
train,541,5,joy,3.563
train,541,6,neutral,1.963
train,541,7,joy,3.157
train,541,8,joy,1.963
train,541,9,joy,0.747
train,541,10,joy,1.237
train,541,11,neutral,8.512
train,541,12,neutral,2.88
train,541,13,surprise,3.669
train,541,14,joy,10.773
train,541,15,neutral,4.523
train,541,16,disgust,1.643
train,541,17,neutral,4.181
train,541,18,neutral,2.816
train,541,19,joy,1.344
train,542,0,neutral,3.008
train,542,1,anger,3.051
train,542,2,surprise,1.664
train,542,3,surprise,0.448
train,542,4,joy,3.221
train,542,5,neutral,1.771
train,542,6,surprise,1.301
train,542,7,surprise,0.875
train,542,8,surprise,0.427
train,543,0,anger,1.472
train,543,1,neutral,1.344
train,543,2,surprise,2.475
train,544,0,neutral,3.136
train,544,1,fear,0.832
train,544,2,neutral,1.621
train,544,3,joy,1.301
train,544,4,neutral,1.045
train,544,5,surprise,5.931
train,544,6,neutral,2.347
train,544,7,neutral,2.048
train,544,8,neutral,2.219
train,545,0,anger,4.843
train,545,1,sadness,7.403
train,545,2,surprise,1.472
train,545,3,sadness,1.643
train,545,4,neutral,3.755
train,545,5,joy,7.936
train,545,6,surprise,3.605
train,545,7,neutral,3.648
train,545,8,neutral,9.813
train,545,9,neutral,3.179
train,545,10,surprise,5.525
train,545,11,anger,3.008
train,545,12,neutral,0.64
train,545,13,neutral,2.731
train,546,0,neutral,1.579
train,546,1,neutral,2.005
train,546,2,neutral,1.877
train,546,3,neutral,1.643
train,546,4,neutral,1.771
train,546,5,neutral,3.84
train,546,6,neutral,1.259
train,546,7,neutral,1.835
train,546,8,anger,2.731
train,546,9,anger,6.635
train,546,10,neutral,1.792
train,546,11,neutral,5.931
train,546,12,anger,1.835
train,546,13,joy,3.093
train,546,14,sadness,3.797
train,546,15,surprise,2.176
train,546,16,neutral,2.517
train,546,17,neutral,4.971
train,546,18,disgust,2.731
train,547,0,surprise,3.349
train,547,1,neutral,2.219
train,547,2,joy,3.883
train,548,0,joy,4.267
train,548,1,neutral,1.835
train,548,2,joy,1.856
train,548,3,joy,3.179
train,548,4,joy,3.584
train,548,5,anger,0.832
train,548,6,neutral,6.315
train,548,7,neutral,4.352
train,548,10,anger,2.475
train,549,0,joy,5.44
train,549,1,neutral,4.629
train,549,2,sadness,9.557
train,549,3,neutral,2.048
train,549,4,neutral,1.557
train,549,5,neutral,5.845
train,549,6,surprise,2.688
train,549,7,sadness,2.304
train,549,8,neutral,6.976
train,549,9,joy,3.797
train,550,0,neutral,2.603
train,551,0,neutral,2.048
train,551,1,joy,1.557
train,551,2,neutral,3.008
train,551,3,joy,4.395
train,551,4,neutral,2.517
train,551,5,joy,5.355
train,551,6,neutral,1.92
train,551,7,neutral,1.472
train,551,8,neutral,0.768
train,551,9,neutral,1.941
train,552,0,disgust,2.645
train,552,1,neutral,2.56
train,552,2,neutral,2.688
train,552,3,neutral,1.195
train,552,4,neutral,1.045
train,553,0,neutral,1.045
train,553,1,neutral,3.051
train,553,2,neutral,2.091
train,553,3,neutral,2.837
train,553,4,neutral,1.728
train,553,5,neutral,1.131
train,553,6,joy,2.347
train,553,7,joy,7.723
train,553,8,joy,1.045
train,553,9,surprise,2.688
train,553,10,surprise,0.299
train,553,11,neutral,2.176
train,553,12,neutral,0.939
train,553,13,neutral,1.728
train,553,14,neutral,3.755
train,553,15,neutral,1.259
train,553,16,neutral,1.429
train,553,17,joy,2.517
train,553,18,neutral,5.803
train,553,19,sadness,4.629
train,553,20,anger,2.133
train,554,0,anger,2.688
train,554,1,anger,1.92
train,554,2,neutral,3.093
train,554,3,neutral,1.963
train,554,4,neutral,7.36
train,554,5,neutral,3.264
train,554,6,neutral,2.795
train,554,7,surprise,7.061
train,554,8,neutral,4.011
train,554,9,disgust,3.093
train,554,10,sadness,2.112
train,554,11,disgust,0.555
train,554,12,disgust,1.771
train,555,0,sadness,1.6
train,555,1,joy,3.477
train,555,2,anger,2.048
train,555,3,anger,1.088
train,555,4,anger,4.565
train,556,0,neutral,1.579
train,556,1,neutral,1.28
train,556,2,sadness,3.797
train,556,3,neutral,2.304
train,556,4,anger,2.517
train,556,5,neutral,1.259
train,556,6,surprise,1.92
train,557,0,neutral,2.837
train,557,1,neutral,4.395
train,557,2,neutral,5.931
train,557,3,neutral,1.429
train,557,4,fear,4.672
train,557,5,joy,4.437
train,557,6,joy,3.264
train,557,7,anger,13.739
train,558,0,joy,3.435
train,558,1,neutral,2.133
train,558,2,joy,4.629
train,558,3,surprise,3.755
train,558,4,fear,8.427
train,558,5,neutral,2.88
train,558,6,anger,6.059
train,558,8,sadness,6.315
train,559,0,neutral,6.4
train,559,1,neutral,1.557
train,559,2,surprise,4.096
train,559,3,surprise,0.661
train,559,4,neutral,1.28
train,559,5,neutral,0.896
train,559,6,neutral,0.64
train,559,7,neutral,4.139
train,560,0,joy,1.835
train,560,1,joy,2.475
train,560,2,joy,2.389
train,560,3,joy,1.728
train,560,4,joy,2.752
train,560,5,joy,4.523
train,560,6,joy,2.347
train,560,7,joy,8.469
train,561,0,neutral,4.352
train,561,1,joy,7.851
train,561,2,neutral,4.011
train,561,3,surprise,0.832
train,561,4,surprise,0.619
train,561,5,anger,5.227
train,561,6,neutral,1.088
train,561,7,disgust,3.115
train,561,8,neutral,4.011
train,561,9,disgust,6.229
train,561,10,neutral,5.803
train,561,11,disgust,5.547
train,561,12,neutral,6.101
train,561,13,surprise,0.363
train,561,14,surprise,1.344
train,561,15,disgust,1.877
train,561,16,neutral,6.229
train,561,17,surprise,1.877
train,561,18,neutral,6.016
train,562,0,joy,2.219
train,562,1,joy,1.429
train,562,2,neutral,1.344
train,562,3,joy,1.344
train,562,4,neutral,1.259
train,562,5,neutral,2.517
train,562,6,neutral,1.877
train,562,7,joy,4.523
train,562,8,neutral,1.6
train,562,9,joy,2.261
train,562,10,joy,3.093
train,562,11,neutral,1.813
train,563,0,neutral,1.771
train,563,1,neutral,1.259
train,563,2,neutral,1.131
train,563,3,neutral,2.176
train,563,4,surprise,2.261
train,563,5,surprise,1.6
train,563,6,neutral,0.555
train,563,7,joy,1.771
train,563,8,joy,6.315
train,564,0,joy,4.48
train,564,1,surprise,1.472
train,564,2,joy,3.925
train,564,3,joy,1.877
train,564,4,neutral,0.96
train,564,5,neutral,2.859
train,564,6,fear,2.56
train,564,7,neutral,2.197
train,564,8,neutral,1.792
train,564,9,sadness,2.795
train,564,10,surprise,2.176
train,565,0,neutral,3.925
train,565,1,neutral,2.091
train,565,2,neutral,4.352
train,565,3,neutral,1.344
train,565,4,joy,8.341
train,566,0,surprise,1.088
train,566,1,joy,1.984
train,567,0,sadness,2.731
train,568,0,disgust,3.093
train,568,1,neutral,2.432
train,568,2,neutral,0.789
train,568,3,neutral,0.747
train,568,4,sadness,4.629
train,568,5,disgust,2.88
train,568,6,surprise,1.088
train,568,7,neutral,2.517
train,568,8,surprise,3.008
train,568,9,surprise,1.045
train,568,10,anger,4.928
train,568,11,anger,12.864
train,569,0,fear,5.184
train,569,1,neutral,6.635
train,569,2,neutral,3.755
train,569,3,surprise,1.92
train,570,0,anger,3.136
train,570,1,neutral,1.131
train,570,2,joy,3.755
train,570,3,neutral,4.629
train,571,0,neutral,6.976
train,571,1,fear,4.8
train,571,2,anger,5.099
train,571,3,neutral,2.88
train,571,4,neutral,0.533
train,571,5,neutral,2.283
train,571,6,neutral,1.92
train,571,7,neutral,1.6
train,571,8,neutral,9.152
train,571,9,neutral,2.517
train,571,10,joy,2.731
train,571,11,disgust,2.432
train,571,12,neutral,2.688
train,571,13,anger,2.88
train,571,14,surprise,3.008
train,571,15,anger,4.565
train,572,0,sadness,3.712
train,572,1,disgust,5.312
train,572,2,surprise,4.16
train,572,3,surprise,0.448
train,572,6,anger,1.173
train,572,7,anger,0.853
train,572,8,anger,1.685
train,572,9,fear,3.563
train,572,10,anger,3.691
train,572,11,neutral,1.216
train,572,12,anger,3.221
train,572,13,neutral,4.053
train,572,14,neutral,1.877
train,572,15,neutral,2.837
train,572,16,neutral,1.067
train,572,17,fear,0.128
train,572,18,neutral,3.691
train,572,19,anger,5.589
train,572,20,anger,3.435
train,573,0,neutral,0.64
train,573,1,joy,1.493
train,573,2,neutral,0.981
train,573,3,joy,0.917
train,573,4,neutral,1.728
train,573,5,joy,15.019
train,573,6,joy,1.237
train,573,7,joy,1.216
train,573,8,anger,3.093
train,573,9,joy,1.045
train,573,10,anger,5.803
train,574,0,neutral,2.603
train,574,1,neutral,1.963
train,574,2,surprise,1.771
train,574,3,neutral,1.963
train,574,4,surprise,1.92
train,574,5,surprise,5.504
train,574,6,neutral,3.755
train,574,7,surprise,3.179
train,574,8,joy,2.475
train,574,9,surprise,1.856
train,574,10,neutral,1.067
train,574,11,surprise,1.344
train,574,12,neutral,3.84
train,574,13,surprise,3.712
train,574,14,fear,2.56
train,574,15,fear,5.632
train,574,16,surprise,8.811
train,574,17,joy,3.008
train,574,18,disgust,2.731
train,574,19,sadness,6.016
train,575,0,neutral,2.645
train,575,1,neutral,1.515
train,575,2,neutral,1.792
train,575,3,neutral,3.307
train,576,0,fear,2.389
train,576,1,neutral,2.176
train,576,2,surprise,1.387
train,576,3,neutral,0.768
train,576,4,neutral,1.771
train,576,5,neutral,1.344
train,576,6,neutral,2.88
train,576,7,joy,1.259
train,576,8,neutral,2.005
train,576,9,neutral,7.893
train,576,10,anger,2.731
train,577,0,neutral,2.432
train,577,1,neutral,11.861
train,577,2,neutral,6.357
train,577,3,neutral,17.109
train,577,4,neutral,1.472
train,577,5,joy,4.309
train,577,6,neutral,1.152
train,577,7,joy,0.555
train,578,0,neutral,2.965
train,578,1,surprise,1.045
train,578,2,neutral,2.24
train,578,3,surprise,1.344
train,578,4,surprise,0.939
train,578,5,surprise,1.877
train,578,6,surprise,1.344
train,578,7,neutral,1.557
train,578,8,surprise,1.045
train,578,9,joy,15.019
train,579,0,surprise,1.173
train,579,1,joy,1.429
train,580,0,neutral,5.547
train,580,1,neutral,3.52
train,581,0,neutral,4.224
train,582,0,neutral,4.224
train,583,0,neutral,2.517
train,583,1,anger,7.019
train,583,2,neutral,2.304
train,583,3,neutral,2.752
train,583,4,surprise,0.981
train,583,5,surprise,8.725
train,583,6,fear,3.179
train,583,7,surprise,1.045
train,583,8,neutral,2.432
train,583,9,neutral,3.307
train,584,0,joy,5.632
train,584,1,neutral,2.389
train,584,2,joy,0.277
train,584,3,neutral,3.008
train,584,4,neutral,1.195
train,584,5,neutral,6.4
train,584,6,surprise,3.179
train,584,7,joy,4.395
train,584,8,surprise,2.581
train,584,9,fear,0.917
train,585,0,sadness,5.632
train,585,1,sadness,1.813
train,585,2,sadness,3.349
train,585,3,sadness,0.96
train,585,4,sadness,0.789
train,585,5,neutral,1.728
train,585,6,sadness,2.517
train,585,7,surprise,1.6
train,585,8,neutral,2.005
train,585,9,joy,1.6
train,585,10,sadness,3.221
train,585,11,surprise,1.451
train,585,12,sadness,0.341
train,586,0,neutral,1.045
train,587,0,surprise,1.259
train,587,1,joy,3.349
train,587,2,surprise,1.387
train,587,3,joy,1.088
train,587,4,surprise,1.216
train,587,5,joy,2.56
train,588,0,anger,2.496
train,588,1,sadness,1.664
train,588,2,neutral,1.493
train,588,3,neutral,1.216
train,588,4,neutral,3.669
train,588,5,anger,2.517
train,588,6,neutral,2.795
train,589,0,neutral,2.688
train,589,1,surprise,6.4
train,589,2,surprise,1.088
train,589,3,neutral,1.621
train,589,4,joy,1.045
train,589,5,sadness,7.381
train,589,6,neutral,1.771
train,589,7,anger,2.475
train,589,8,joy,1.899
train,589,9,joy,0.427
train,589,10,sadness,2.432
train,590,0,joy,5.099
train,590,1,joy,6.357
train,590,2,surprise,6.4
train,590,3,surprise,2.645
train,590,4,joy,2.091
train,590,5,sadness,6.635
train,590,6,neutral,2.347
train,590,7,fear,5.184
train,590,8,sadness,5.845
train,590,9,surprise,4.053
train,590,10,neutral,2.645
train,590,11,anger,6.549
train,590,12,neutral,4.053
train,590,13,neutral,1.344
train,590,14,neutral,9.813
train,590,15,surprise,2.091
train,590,16,neutral,4.139
train,590,17,neutral,11.648
train,591,0,neutral,4.928
train,591,1,neutral,1.088
train,591,2,neutral,1.344
train,591,3,neutral,1.6
train,592,0,neutral,2.517
train,592,1,disgust,2.645
train,592,2,surprise,1.835
train,592,3,anger,1.963
train,592,4,neutral,0.597
train,592,5,neutral,0.469
train,592,6,neutral,0.896
train,592,7,neutral,1.813
train,592,8,neutral,0.704
train,592,9,anger,2.496
train,592,10,anger,2.005
train,592,11,neutral,1.92
train,592,12,anger,2.795
train,592,13,anger,2.048
train,593,0,neutral,1.813
train,593,1,neutral,2.005
train,593,2,joy,1.771
train,593,3,sadness,1.365
train,593,4,sadness,2.005
train,593,5,anger,1.941
train,593,6,sadness,2.645
train,593,7,sadness,1.067
train,593,8,sadness,2.645
train,593,9,surprise,3.712
train,593,10,disgust,4.757
train,594,0,sadness,1.067
train,594,1,sadness,0.469
train,594,2,sadness,0.341
train,594,3,sadness,2.069
train,594,4,neutral,0.256
train,594,5,sadness,3.179
train,594,6,sadness,3.797
train,594,7,sadness,3.349
train,594,8,joy,4.309
train,594,9,neutral,12.224
train,594,10,joy,1.387
train,595,0,anger,1.92
train,595,1,neutral,2.005
train,595,2,anger,0.96
train,595,3,anger,1.984
train,595,4,sadness,2.496
train,595,5,anger,3.712
train,595,6,fear,2.56
train,596,0,anger,3.563
train,596,1,neutral,2.219
train,596,2,neutral,3.221
train,596,3,neutral,7.36
train,596,4,neutral,2.304
train,596,5,sadness,4.181
train,596,6,anger,2.219
train,596,7,neutral,2.048
train,596,8,anger,3.669
train,596,9,neutral,2.752
train,596,10,anger,5.013
train,596,11,fear,3.349
train,596,12,neutral,3.136
train,596,13,neutral,0.96
train,596,14,neutral,1.941
train,596,15,anger,1.877
train,596,16,anger,6.805
train,596,17,neutral,2.091
train,596,18,neutral,1.963
train,596,19,anger,3.392
train,596,20,anger,7.189
train,596,21,anger,3.136
train,597,0,joy,0.875
train,597,1,joy,1.344
train,597,2,surprise,2.261
train,597,3,surprise,2.517
train,597,4,neutral,1.6
train,597,5,neutral,4.629
train,597,6,joy,4.843
train,597,7,neutral,4.096
train,597,8,joy,2.923
train,597,9,neutral,6.507
train,597,10,neutral,4.629
train,597,11,neutral,1.792
train,598,0,joy,2.432
train,598,1,joy,2.432
train,598,2,anger,2.475
train,598,3,neutral,0.085
train,598,4,neutral,2.347
train,599,0,surprise,3.093
train,599,1,neutral,1.643
train,599,2,anger,1.045
train,599,3,neutral,1.045
train,599,4,anger,3.136
train,599,5,anger,3.264
train,599,6,joy,2.133
train,599,7,joy,5.44
train,599,8,neutral,4.971
train,599,9,joy,2.176
train,599,10,anger,3.392
train,599,11,neutral,1.813
train,599,12,neutral,8.811
train,599,13,neutral,3.712
train,599,14,surprise,2.837
train,599,15,joy,0.853
train,599,16,neutral,1.003
train,599,17,neutral,2.261
train,600,0,neutral,1.771
train,600,1,joy,2.304
train,601,0,surprise,2.645
train,601,1,neutral,1.301
train,601,2,joy,2.197
train,601,3,joy,2.731
train,601,4,joy,0.256
train,601,5,joy,12.309
train,602,0,joy,2.88
train,602,1,joy,1.301
train,602,2,joy,2.347
train,602,3,joy,3.52
train,602,4,surprise,5.013
train,602,5,neutral,3.008
train,603,0,neutral,7.317
train,603,1,neutral,1.963
train,603,2,joy,3.883
train,603,3,joy,0.768
train,603,4,surprise,1.301
train,603,5,neutral,5.845
train,603,6,neutral,4.928
train,603,7,joy,1.045
train,603,8,neutral,1.387
train,603,9,surprise,2.475
train,603,10,joy,2.347
train,603,11,neutral,0.448
train,603,12,neutral,1.173
train,603,13,neutral,1.771
train,604,0,joy,5.76
train,604,1,joy,8.64
train,604,2,surprise,3.691
train,604,3,neutral,1.344
train,604,4,surprise,3.797
train,604,5,neutral,1.088
train,604,6,neutral,1.152
train,604,7,neutral,6.464
train,604,8,joy,2.005
train,604,9,neutral,5.547
train,604,10,fear,2.517
train,604,11,neutral,3.755
train,604,12,neutral,1.301
train,604,13,neutral,2.795
train,605,0,neutral,3.797
train,605,1,anger,4.8
train,605,2,neutral,3.179
train,605,3,joy,2.517
train,605,4,joy,2.432
train,605,5,surprise,2.56
train,605,6,fear,2.56
train,605,7,neutral,1.792
train,605,8,neutral,1.301
train,606,0,surprise,2.389
train,606,1,surprise,3.968
train,606,2,neutral,1.685
train,606,3,surprise,1.92
train,606,4,joy,2.432
train,606,5,surprise,1.131
train,606,6,neutral,1.643
train,606,7,neutral,0.533
train,606,8,neutral,0.96
train,606,9,neutral,2.923
train,606,10,neutral,1.045
train,606,11,surprise,3.264
train,607,0,disgust,1.557
train,607,1,disgust,2.091
train,607,2,anger,4.267
train,607,3,neutral,3.648
train,607,4,neutral,1.771
train,607,5,surprise,0.512
train,607,6,surprise,1.344
train,607,7,joy,2.176
train,607,8,surprise,2.347
train,607,9,neutral,1.493
train,607,10,neutral,2.539
train,607,11,neutral,12.096
train,607,12,joy,2.133
train,607,13,joy,1.045
train,607,14,neutral,1.429
train,607,15,neutral,1.792
train,608,0,surprise,0.789
train,608,1,neutral,2.539
train,608,2,neutral,12.352
train,608,3,neutral,0.832
train,608,4,neutral,1.28
train,608,5,fear,3.008
train,608,6,joy,2.304
train,608,7,joy,2.688
train,608,8,neutral,0.917
train,608,9,neutral,5.269
train,609,0,neutral,6.315
train,610,0,joy,1.045
train,610,1,joy,3.648
train,610,2,neutral,3.968
train,610,3,surprise,1.643
train,610,4,joy,2.965
train,610,5,surprise,2.837
train,610,6,joy,2.731
train,610,7,joy,1.92
train,611,0,neutral,2.56
train,611,1,neutral,3.435
train,611,2,neutral,1.557
train,611,3,neutral,3.093
train,611,4,neutral,5.931
train,611,5,neutral,3.883
train,611,6,neutral,1.92
train,611,7,surprise,1.472
train,611,8,neutral,1.045
train,611,9,neutral,3.883
train,611,10,joy,3.563
train,611,11,neutral,1.387
train,611,12,neutral,6.144
train,611,13,neutral,1.429
train,611,14,neutral,2.176
train,612,0,joy,2.475
train,612,1,fear,0.768
train,612,2,neutral,2.645
train,612,3,neutral,6.635
train,612,4,surprise,3.84
train,612,5,fear,2.261
train,612,6,anger,2.923
train,612,7,neutral,0.832
train,612,8,neutral,0.96
train,612,9,neutral,2.837
train,613,0,neutral,5.355
train,613,1,neutral,1.963
train,613,2,neutral,2.965
train,613,3,neutral,9.344
train,613,4,neutral,1.045
train,613,5,neutral,3.264
train,613,6,neutral,2.389
train,613,7,neutral,2.603
train,613,8,surprise,5.675
train,613,9,anger,5.803
train,613,10,anger,6.677
train,614,0,neutral,2.731
train,614,1,joy,1.515
train,614,2,joy,2.56
train,614,3,neutral,2.005
train,614,4,neutral,6.912
train,614,5,neutral,1.835
train,614,6,disgust,2.005
train,614,7,neutral,1.173
train,614,8,joy,2.688
train,614,9,neutral,1.131
train,614,10,joy,1.451
train,614,11,neutral,0.832
train,614,12,neutral,0.405
train,614,13,joy,0.128
train,614,14,joy,1.28
train,614,15,neutral,1.771
train,614,16,joy,2.389
train,614,17,joy,3.563
train,614,18,joy,2.133
train,614,19,sadness,5.845
train,614,20,joy,1.515
train,615,0,neutral,2.645
train,615,1,neutral,1.216
train,615,2,disgust,1.429
train,615,3,anger,2.475
train,615,4,disgust,1.515
train,615,5,anger,1.813
train,615,6,surprise,2.176
train,615,7,anger,1.088
train,615,8,anger,1.088
train,615,9,anger,2.731
train,615,10,anger,2.176
train,615,11,anger,2.133
train,615,12,disgust,2.347
train,615,13,anger,3.307
train,615,14,anger,3.264
train,615,15,neutral,3.563
train,615,16,neutral,5.76
train,615,17,neutral,3.136
train,615,18,anger,2.261
train,615,19,neutral,3.264
train,615,20,joy,6.72
train,615,21,neutral,3.093
train,615,22,anger,4.352
train,616,0,sadness,4.011
train,616,1,neutral,2.475
train,616,2,sadness,3.477
train,616,3,neutral,0.576
train,616,4,neutral,0.576
train,617,0,neutral,1.557
train,617,1,neutral,2.517
train,617,2,neutral,1.131
train,617,3,disgust,1.301
train,617,4,neutral,1.749
train,617,5,neutral,1.451
train,617,6,anger,6.272
train,617,7,anger,3.477
train,617,8,neutral,1.856
train,617,9,neutral,0.811
train,617,10,neutral,3.179
train,618,0,joy,7.424
train,618,1,joy,11.861
train,619,0,neutral,7.317
train,619,1,neutral,4.011
train,619,2,neutral,5.717
train,619,3,neutral,2.219
train,619,4,neutral,5.483
train,619,5,neutral,3.179
train,619,6,neutral,8.427
train,619,7,sadness,2.965
train,619,8,disgust,6.485
train,620,0,neutral,3.669
train,621,0,neutral,2.304
train,621,1,neutral,0.32
train,621,2,neutral,2.219
train,621,3,anger,1.899
train,621,4,anger,3.52
train,621,5,neutral,2.688
train,621,6,neutral,6.187
train,621,7,surprise,4.437
train,622,0,neutral,0.683
train,622,1,neutral,0.384
train,622,2,surprise,2.88
train,622,3,neutral,7.061
train,622,4,sadness,2.24
train,622,5,neutral,2.24
train,622,6,neutral,7.403
train,622,7,neutral,3.712
train,622,8,neutral,1.963
train,622,9,neutral,4.629
train,622,10,surprise,1.643
train,622,11,neutral,1.6
train,622,12,neutral,7.019
train,622,13,joy,7.808
train,622,14,neutral,4.8
train,623,0,disgust,1.408
train,623,1,fear,0.128
train,623,2,anger,2.517
train,623,3,anger,4.181
train,623,4,joy,0.683
train,623,5,joy,1.131
train,623,6,neutral,0.491
train,623,7,joy,2.752
train,623,8,joy,1.771
train,623,9,joy,3.093
train,623,10,joy,0.32
train,623,11,surprise,3.755
train,623,12,joy,6.187
train,623,13,joy,2.176
train,623,14,neutral,6.4
train,623,15,surprise,8.277
train,623,16,surprise,3.968
train,623,17,joy,7.36
train,623,18,joy,3.712
train,624,0,surprise,4.757
train,625,0,neutral,3.051
train,625,1,neutral,3.691
train,625,2,neutral,6.059
train,625,3,neutral,1.515
train,625,4,joy,4.48
train,625,5,neutral,2.517
train,625,6,neutral,2.389
train,625,7,neutral,3.093
train,625,8,neutral,9.472
train,625,9,neutral,2.304
train,625,10,neutral,3.712
train,625,11,anger,1.557
train,625,12,neutral,1.941
train,625,13,anger,2.88
train,625,14,neutral,3.883
train,625,15,neutral,4.608
train,625,16,neutral,3.52
train,625,17,neutral,5.888
train,625,18,neutral,3.264
train,625,19,neutral,2.752
train,626,0,neutral,1.301
train,626,1,neutral,6.699
train,626,2,neutral,0.299
train,626,3,joy,1.344
train,626,4,anger,5.803
train,626,5,neutral,1.237
train,626,6,neutral,1.301
train,626,7,surprise,5.717
train,626,8,surprise,2.56
train,626,9,neutral,6.443
train,626,10,neutral,2.752
train,626,11,neutral,2.261
train,626,12,surprise,10.432
train,626,13,neutral,6.805
train,627,0,neutral,2.731
train,628,0,surprise,1.365
train,628,1,neutral,0.128
train,628,2,surprise,3.051
train,628,3,neutral,2.645
train,628,4,disgust,7.637
train,628,5,neutral,1.771
train,628,6,neutral,1.835
train,628,7,surprise,4.608
train,628,8,surprise,1.771
train,628,9,neutral,1.835
train,628,10,neutral,3.008
train,628,11,neutral,3.669
train,628,12,neutral,3.669
train,628,13,joy,1.472
train,629,0,neutral,5.717
train,629,1,joy,2.475
train,629,2,joy,1.024
train,629,3,joy,1.28
train,629,4,joy,2.027
train,629,5,joy,7.189
train,629,6,joy,2.432
train,629,7,neutral,1.643
train,629,8,joy,6.72
train,629,9,neutral,1.131
train,629,10,neutral,4.608
train,629,11,neutral,1.685
train,629,12,neutral,2.688
train,629,13,neutral,5.845
train,629,14,neutral,1.344
train,629,15,neutral,1.685
train,629,16,surprise,2.261
train,629,17,neutral,12.352
train,630,0,joy,2.965
train,630,1,joy,2.645
train,630,2,disgust,2.688
train,630,3,surprise,1.877
train,630,4,neutral,4.224
train,630,5,joy,1.728
train,630,6,joy,0.384
train,630,7,neutral,0.661
train,630,8,neutral,4.267
train,630,9,surprise,8.427
train,630,10,neutral,1.92
train,630,11,neutral,2.347
train,630,12,neutral,3.52
train,630,13,neutral,11.179
train,630,14,neutral,2.219
train,631,0,surprise,1.877
train,632,0,surprise,2.859
train,632,1,fear,1.557
train,632,2,surprise,0.363
train,632,3,anger,0.533
train,632,4,anger,1.899
train,632,5,anger,1.6
train,632,6,disgust,1.003
train,632,7,disgust,1.237
train,632,8,surprise,2.432
train,632,9,neutral,4.096
train,632,10,sadness,2.389
train,632,11,sadness,5.184
train,632,12,neutral,1.259
train,632,13,neutral,0.64
train,632,14,neutral,0.469
train,632,15,neutral,4.096
train,632,16,sadness,4.629
train,632,17,sadness,9.813
train,633,0,neutral,6.507
train,633,1,joy,2.603
train,633,2,surprise,3.477
train,633,3,joy,2.603
train,633,4,joy,2.048
train,633,5,joy,1.792
train,633,6,neutral,0.789
train,633,7,fear,2.283
train,633,8,neutral,1.451
train,633,9,anger,2.091
train,634,0,anger,7.595
train,634,1,neutral,2.475
train,634,2,anger,5.76
train,634,3,anger,4.224
train,634,4,neutral,2.347
train,634,5,sadness,4.672
train,634,6,neutral,3.755
train,634,7,anger,0.405
train,634,8,neutral,1.664
train,635,0,surprise,5.547
train,635,1,neutral,2.219
train,635,2,surprise,2.56
train,635,3,neutral,1.685
train,635,4,surprise,1.173
train,635,5,neutral,7.723
train,635,6,neutral,5.099
train,635,7,neutral,1.643
train,635,8,neutral,2.517
train,635,9,neutral,3.84
train,636,0,joy,0.704
train,636,1,neutral,0.363
train,636,2,joy,2.752
train,636,3,neutral,2.261
train,636,4,neutral,1.728
train,636,5,joy,5.013
train,636,6,neutral,7.808
train,637,0,joy,4.48
train,637,1,anger,5.013
train,637,2,anger,3.435
train,637,3,anger,1.067
train,637,4,neutral,1.515
train,637,5,disgust,1.152
train,637,6,anger,1.877
train,637,7,neutral,0.96
train,637,8,anger,0.747
train,637,9,neutral,1.344
train,637,10,neutral,6.272
train,637,11,neutral,2.688
train,638,0,neutral,0.512
train,638,1,neutral,2.112
train,638,2,surprise,1.515
train,638,3,joy,4.352
train,638,4,sadness,2.389
train,638,5,neutral,8.427
train,638,6,neutral,2.88
train,638,7,sadness,2.603
train,638,8,joy,3.221
train,638,9,neutral,5.845
train,638,10,neutral,1.963
train,638,11,neutral,3.136
train,638,12,neutral,5.355
train,639,0,neutral,1.963
train,639,1,joy,5.973
train,639,2,neutral,1.088
train,639,3,neutral,1.685
train,639,4,neutral,1.131
train,639,5,neutral,2.901
train,639,6,neutral,3.84
train,639,7,neutral,1.685
train,639,8,neutral,8.981
train,639,9,surprise,2.347
train,639,10,surprise,3.477
train,640,0,joy,7.467
train,640,1,joy,1.515
train,640,2,neutral,1.067
train,640,3,surprise,2.816
train,640,4,neutral,0.128
train,640,5,joy,3.392
train,640,6,neutral,4.245
train,640,7,neutral,4.053
train,640,8,joy,4.523
train,640,9,joy,6.592
train,640,10,neutral,2.965
train,640,11,joy,5.589
train,640,12,neutral,9.771
train,640,13,neutral,2.56
train,640,14,neutral,3.712
train,640,15,joy,1.771
train,640,16,neutral,3.136
train,641,0,neutral,2.091
train,641,1,fear,5.184
train,642,0,neutral,3.691
train,642,1,surprise,2.133
train,642,2,neutral,10.859
train,642,3,neutral,2.603
train,642,4,neutral,1.557
train,643,0,neutral,1.045
train,643,1,neutral,0.789
train,643,2,disgust,1.749
train,643,3,surprise,1.557
train,643,4,surprise,2.048
train,643,5,neutral,2.923
train,643,6,neutral,3.605
train,644,0,surprise,1.472
train,644,1,neutral,1.472
train,644,2,anger,2.432
train,644,3,neutral,3.307
train,644,4,neutral,11.776
train,644,5,joy,10.112
train,644,6,surprise,5.44
train,644,7,anger,4.224
train,644,8,joy,1.685
train,644,9,anger,4.224
train,644,10,neutral,2.219
train,645,0,neutral,2.475
train,645,1,joy,1.408
train,645,2,neutral,1.301
train,645,3,neutral,7.509
train,645,4,neutral,1.728
train,645,5,sadness,5.76
train,645,6,sadness,3.883
train,645,7,neutral,4.267
train,645,8,fear,2.539
train,645,9,neutral,0.533
train,645,10,neutral,3.307
train,645,11,neutral,0.405
train,645,12,neutral,2.219
train,645,13,joy,1.515
train,645,14,surprise,3.264
train,645,15,neutral,12.693
train,645,16,neutral,2.795
train,646,0,neutral,5.76
train,646,1,joy,4.139
train,646,2,neutral,1.216
train,646,3,joy,1.877
train,646,4,joy,6.635
train,646,5,joy,4.053
train,646,6,neutral,4.971
train,646,7,neutral,1.984
train,646,8,joy,1.387
train,646,9,anger,1.344
train,646,10,neutral,1.173
train,646,11,neutral,3.883
train,646,12,neutral,6.72
train,646,13,neutral,2.048
train,646,14,neutral,2.325
train,646,15,neutral,3.712
train,646,16,surprise,1.643
train,646,17,joy,1.301
train,646,18,neutral,5.056
train,646,19,joy,1.195
train,646,20,anger,0.512
train,646,21,joy,5.12
train,647,0,neutral,7.275
train,648,0,neutral,2.923
train,648,1,anger,5.483
train,648,2,anger,3.477
train,648,3,anger,2.603
train,648,4,neutral,11.264
train,648,5,surprise,8.064
train,648,6,neutral,1.835
train,649,0,surprise,17.579
train,649,1,neutral,3.477
train,649,2,joy,4.715
train,649,3,joy,1.792
train,649,4,neutral,2.432
train,649,5,neutral,2.133
train,649,6,neutral,3.648
train,649,7,joy,2.389
train,649,8,joy,1.024
train,649,9,joy,2.475
train,649,10,neutral,5.312
train,649,11,neutral,3.221
train,649,12,neutral,2.133
train,649,13,surprise,1.685
train,649,14,neutral,1.813
train,649,15,surprise,3.755
train,649,16,neutral,1.515
train,649,17,neutral,3.797
train,649,18,neutral,4.224
train,649,19,joy,2.88
train,649,20,neutral,2.133
train,649,21,neutral,5.141
train,649,22,neutral,1.877
train,649,23,anger,9.387
train,650,0,anger,2.752
train,650,1,neutral,2.432
train,650,2,joy,1.685
train,650,3,neutral,1.259
train,650,4,neutral,3.712
train,650,5,disgust,6.72
train,650,6,neutral,3.477
train,650,7,neutral,1.515
train,650,8,joy,7.232
train,651,0,surprise,3.179
train,651,1,surprise,1.451
train,651,2,surprise,1.579
train,651,3,neutral,3.691
train,651,4,neutral,1.045
train,651,5,neutral,1.301
train,651,6,neutral,2.603
train,651,7,neutral,2.176
train,651,8,neutral,2.261
train,651,9,neutral,4.565
train,651,10,anger,2.048
train,651,11,surprise,3.136
train,651,12,neutral,1.835
train,652,0,disgust,2.133
train,652,1,disgust,1.92
train,652,2,neutral,1.045
train,652,3,sadness,1.813
train,652,4,neutral,1.792
train,652,5,joy,3.883
train,652,6,joy,1.173
train,652,7,joy,3.648
train,652,8,joy,1.728
train,652,9,fear,4.352
train,652,10,joy,2.347
train,652,11,neutral,3.008
train,652,12,neutral,2.923
train,652,13,neutral,6.251
train,652,14,joy,0.875
train,652,15,surprise,0.981
train,653,0,neutral,5.973
train,653,1,neutral,2.603
train,653,2,joy,7.509
train,653,3,neutral,1.429
train,653,4,neutral,1.963
train,654,0,sadness,3.883
train,654,1,disgust,1.259
train,654,2,fear,7.595
train,654,3,anger,3.221
train,654,4,sadness,5.312
train,654,5,neutral,0.405
train,654,6,neutral,2.539
train,654,7,neutral,1.387
train,654,8,joy,2.197
train,655,0,surprise,0.555
train,655,1,neutral,2.475
train,655,2,neutral,4.629
train,655,3,sadness,3.669
train,655,4,joy,9.557
train,655,5,neutral,6.763
train,655,6,surprise,1.472
train,655,7,surprise,1.813
train,655,8,joy,7.189
train,655,9,surprise,5.227
train,655,10,neutral,1.792
train,655,11,joy,10.112
train,655,12,joy,3.968
train,655,13,joy,6.4
train,655,14,joy,1.877
train,655,15,joy,3.669
train,656,0,joy,4.629
train,657,0,joy,3.349
train,657,1,neutral,2.048
train,657,2,neutral,3.029
train,657,3,joy,3.883
train,657,4,joy,2.645
train,657,5,neutral,1.408
train,657,6,neutral,1.259
train,657,7,joy,2.603
train,657,8,neutral,2.603
train,657,9,neutral,1.771
train,657,10,neutral,7.061
train,657,11,surprise,5.056
train,657,12,joy,6.763
train,657,13,neutral,3.712
train,657,14,sadness,4.139
train,657,15,joy,4.928
train,657,16,neutral,2.048
train,657,17,neutral,3.648
train,657,18,disgust,2.133
train,657,19,neutral,3.52
train,658,0,neutral,3.008
train,658,1,surprise,1.344
train,658,2,joy,3.008
train,658,3,neutral,0.981
train,658,4,fear,0.896
train,658,5,anger,1.643
train,658,6,joy,1.28
train,658,7,neutral,1.472
train,658,8,neutral,1.429
train,658,9,neutral,1.6
train,658,10,surprise,4.224
train,658,11,anger,3.52
train,658,12,neutral,10.219
train,658,13,neutral,2.048
train,658,14,neutral,2.389
train,658,15,neutral,2.432
train,658,16,disgust,2.603
train,658,17,surprise,3.605
train,658,18,neutral,1.493
train,658,19,neutral,1.621
train,658,20,neutral,4.395
train,659,0,neutral,3.221
train,659,1,neutral,5.589
train,659,2,neutral,3.925
train,659,3,sadness,10.773
train,659,4,neutral,3.755
train,659,5,neutral,5.355
train,659,6,sadness,4.437
train,659,7,neutral,1.387
train,659,8,neutral,1.6
train,659,9,neutral,1.259
train,659,10,neutral,2.283
train,659,11,neutral,0.832
train,659,12,neutral,3.051
train,659,13,joy,0.981
train,659,14,neutral,0.32
train,659,15,neutral,1.664
train,659,16,neutral,3.093
train,659,17,neutral,2.475
train,659,18,neutral,2.347
train,659,19,joy,10.816
train,660,0,neutral,1.877
train,660,1,neutral,1.131
train,660,2,neutral,0.683
train,660,3,neutral,1.963
train,660,4,anger,6.848
train,660,5,sadness,2.133
train,660,6,sadness,1.835
train,660,7,joy,1.067
train,660,8,neutral,1.301
train,660,9,joy,2.133
train,660,10,joy,1.067
train,660,11,neutral,0.725
train,660,12,neutral,0.576
train,660,13,neutral,1.749
train,660,14,sadness,6.592
train,660,15,surprise,1.728
train,661,0,anger,3.648
train,661,1,surprise,2.005
train,661,2,neutral,8.107
train,661,3,neutral,1.728
train,661,4,neutral,4.565
train,661,5,neutral,1.515
train,661,6,neutral,1.387
train,661,7,anger,4.224
train,661,8,anger,1.92
train,661,9,sadness,19.157
train,662,0,neutral,5.931
train,662,1,neutral,3.52
train,662,2,neutral,8.896
train,662,3,neutral,2.432
train,662,4,neutral,1.365
train,662,5,neutral,5.803
train,662,6,sadness,5.845
train,663,0,joy,1.92
train,663,1,neutral,3.883
train,663,2,joy,1.877
train,663,3,joy,2.261
train,663,4,neutral,0.768
train,663,5,neutral,1.579
train,663,6,neutral,0.213
train,663,7,neutral,2.048
train,663,8,neutral,3.093
train,663,9,neutral,3.264
train,664,0,neutral,1.6
train,664,1,sadness,4.096
train,664,2,sadness,3.755
train,664,3,sadness,3.221
train,664,4,anger,4.352
train,664,5,neutral,2.219
train,664,6,neutral,2.56
train,664,7,neutral,2.133
train,664,8,neutral,3.136
train,665,0,neutral,3.051
train,665,1,joy,2.731
train,665,2,neutral,2.475
train,665,3,neutral,3.755
train,665,4,surprise,2.069
train,665,5,neutral,1.6
train,665,6,neutral,4.309
train,665,7,neutral,7.765
train,665,8,surprise,8.064
train,665,9,neutral,2.795
train,665,10,neutral,1.877
train,665,11,neutral,4.885
train,665,12,neutral,4.224
train,665,13,neutral,3.435
train,665,14,neutral,4.437
train,665,15,disgust,6.059
train,665,16,neutral,1.429
train,665,17,surprise,2.752
train,665,18,anger,4.757
train,666,0,neutral,0.576
train,666,1,neutral,0.875
train,666,2,surprise,4.096
train,666,3,disgust,4.565
train,666,4,anger,4.139
train,666,5,neutral,1.728
train,666,6,neutral,1.344
train,666,7,neutral,1.045
train,666,8,fear,2.347
train,666,9,anger,2.603
train,666,10,surprise,3.008
train,666,11,anger,1.301
train,666,12,neutral,2.539
train,666,13,neutral,1.195
train,666,14,neutral,1.045
train,666,15,joy,1.045
train,666,16,neutral,12.032
train,667,0,joy,2.475
train,667,1,joy,1.259
train,667,2,sadness,1.515
train,667,3,neutral,3.84
train,667,4,joy,1.643
train,667,5,neutral,1.685
train,667,6,joy,2.133
train,667,7,neutral,1.536
train,667,8,sadness,2.091
train,667,9,neutral,2.219
train,668,0,joy,2.005
train,668,1,neutral,1.963
train,669,0,neutral,8.021
train,669,1,joy,5.845
train,669,2,joy,2.795
train,669,3,surprise,1.429
train,669,4,neutral,3.648
train,670,0,joy,3.755
train,670,1,anger,1.344
train,670,2,sadness,1.92
train,670,3,anger,1.387
train,670,4,joy,2.645
train,670,5,neutral,6.443
train,670,6,neutral,4.096
train,670,7,anger,4.053
train,670,8,joy,1.771
train,670,9,anger,5.675
train,670,10,joy,4.715
train,670,11,joy,1.685
train,670,12,neutral,7.275
train,670,13,joy,6.805
train,670,14,neutral,1.515
train,670,15,sadness,2.475
train,671,0,neutral,11.221
train,671,1,neutral,3.563
train,671,2,neutral,4.139
train,671,3,neutral,6.315
train,671,4,neutral,4.011
train,671,5,neutral,1.835
train,671,6,neutral,2.752
train,671,7,neutral,3.435
train,671,8,surprise,4.715
train,671,9,joy,6.592
train,671,10,surprise,1.216
train,671,11,surprise,2.773
train,671,12,neutral,11.947
train,671,13,neutral,3.008
train,671,14,neutral,7.637
train,671,15,anger,5.931
train,671,16,neutral,1.067
train,671,17,anger,0.213
train,672,0,neutral,2.219
train,672,1,surprise,3.755
train,672,2,joy,1.344
train,672,3,surprise,1.216
train,672,4,neutral,2.027
train,672,5,joy,5.141
train,672,6,joy,3.84
train,672,7,neutral,3.925
train,672,8,sadness,1.387
train,672,9,fear,6.101
train,672,10,neutral,14.144
train,672,11,anger,3.179
train,672,12,anger,3.435
train,672,13,neutral,3.605
train,672,14,joy,1.771
train,672,15,joy,1.152
train,673,0,neutral,2.304
train,673,1,neutral,1.045
train,673,2,neutral,3.605
train,673,3,neutral,4.885
train,673,4,neutral,6.101
train,673,5,neutral,2.837
train,673,6,neutral,3.797
train,673,7,surprise,5.483
train,673,8,neutral,2.005
train,673,9,neutral,2.923
train,673,10,neutral,3.477
train,673,11,neutral,4.224
train,673,12,neutral,3.797
train,673,13,neutral,1.984
train,673,14,neutral,0.341
train,673,15,neutral,4.437
train,673,16,neutral,1.877
train,673,17,neutral,3.179
train,673,18,surprise,1.301
train,673,19,surprise,2.347
train,673,20,fear,6.464
train,674,0,neutral,6.144
train,674,1,neutral,4.267
train,674,2,neutral,3.925
train,674,3,surprise,2.475
train,674,4,neutral,6.891
train,674,5,neutral,0.939
train,674,6,neutral,2.219
train,674,7,neutral,2.56
train,674,8,neutral,5.397
train,675,0,neutral,1.664
train,675,1,joy,0.917
train,675,2,neutral,7.893
train,675,3,neutral,10.944
train,675,4,neutral,3.925
train,675,5,neutral,1.92
train,676,0,sadness,4.139
train,676,1,surprise,1.515
train,676,2,surprise,1.045
train,676,3,sadness,2.325
train,676,4,fear,2.219
train,676,5,sadness,2.261
train,676,6,sadness,3.797
train,676,7,sadness,4.565
train,676,8,surprise,4.864
train,676,9,sadness,5.056
train,676,10,anger,6.443
train,676,11,surprise,3.925
train,676,12,anger,0.811
train,676,13,neutral,1.387
train,676,14,anger,2.837
train,677,0,surprise,4.224
train,677,1,neutral,1.088
train,677,2,joy,5.888
train,677,3,neutral,3.008
train,678,0,neutral,0.491
train,678,1,neutral,0.619
train,678,2,neutral,1.109
train,678,3,neutral,0.128
train,678,4,joy,0.683
train,678,5,neutral,1.301
train,678,6,neutral,1.131
train,678,7,surprise,1.493
train,678,8,neutral,1.173
train,678,9,joy,0.533
train,678,10,surprise,1.557
train,678,11,neutral,1.6
train,678,12,joy,3.008
train,678,13,neutral,1.877
train,678,14,neutral,1.941
train,678,15,joy,3.925
train,678,16,neutral,4.8
train,678,17,neutral,4.053
train,678,18,neutral,3.051
train,679,0,neutral,1.131
train,679,1,neutral,0.32
train,679,2,joy,5.525
train,679,3,joy,2.645
train,679,4,surprise,8.64
train,679,5,surprise,4.715
train,679,6,neutral,0.427
train,679,7,joy,0.896
train,679,8,surprise,2.389
train,679,9,joy,5.141
train,679,10,joy,7.68
train,679,11,neutral,2.261
train,679,12,fear,3.691
train,679,13,anger,2.965
train,679,14,anger,2.965
train,679,15,anger,2.88
train,679,16,neutral,1.301
train,680,0,joy,2.752
train,680,1,surprise,4.011
train,680,2,surprise,1.472
train,680,3,joy,1.344
train,680,4,neutral,3.797
train,680,5,sadness,4.139
train,680,6,neutral,4.672
train,680,7,neutral,2.133
train,680,8,joy,2.347
train,680,9,joy,0.533
train,680,10,joy,1.749
train,680,11,neutral,2.133
train,680,12,neutral,2.091
train,680,13,sadness,1.6
train,680,14,sadness,1.045
train,681,0,neutral,2.837
train,681,1,neutral,2.347
train,681,2,sadness,3.264
train,681,3,disgust,2.347
train,681,4,sadness,2.752
train,681,5,neutral,1.045
train,682,0,sadness,7.979
train,682,1,neutral,5.589
train,682,2,neutral,5.717
train,682,3,neutral,7.061
train,682,4,neutral,5.056
train,682,5,joy,1.963
train,682,6,joy,2.475
train,682,7,neutral,9.259
train,682,8,joy,3.136
train,682,9,neutral,2.475
train,682,10,neutral,2.837
train,682,11,neutral,1.131
train,682,12,neutral,2.069
train,682,13,neutral,2.475
train,682,14,neutral,2.837
train,683,0,joy,1.557
train,684,0,neutral,2.005
train,684,1,neutral,2.005
train,684,2,neutral,8.597
train,685,0,neutral,0.747
train,685,1,neutral,2.24
train,686,0,neutral,4.885
train,686,1,neutral,0.875
train,686,2,neutral,1.899
train,686,3,anger,2.347
train,686,4,disgust,6.635
train,686,5,anger,4.053
train,686,6,sadness,1.963
train,686,7,joy,1.707
train,686,8,neutral,3.605
train,686,9,joy,2.667
train,686,10,neutral,0.405
train,686,11,surprise,1.557
train,687,0,neutral,3.392
train,687,1,neutral,1.771
train,687,2,neutral,0.661
train,687,3,neutral,0.661
train,687,4,surprise,0.555
train,687,5,surprise,0.512
train,687,6,surprise,1.045
train,687,7,surprise,3.136
train,688,0,neutral,2.603
train,689,0,neutral,1.963
train,689,1,joy,0.235
train,689,2,neutral,1.088
train,689,3,neutral,0.235
train,689,4,neutral,5.504
train,689,5,neutral,2.304
train,689,6,surprise,7.467
train,689,7,joy,3.925
train,689,8,joy,3.712
train,689,9,joy,14.101
train,689,10,neutral,2.176
train,689,11,neutral,5.76
train,689,12,neutral,1.301
train,689,13,surprise,4.629
train,689,14,neutral,1.515
train,690,0,neutral,2.133
train,690,1,joy,4.971
train,690,2,joy,0.363
train,690,3,joy,2.624
train,690,4,surprise,0.576
train,690,5,surprise,0.875
train,690,6,surprise,2.048
train,690,7,surprise,2.645
train,690,8,surprise,0.427
train,690,9,surprise,0.64
train,691,0,joy,2.752
train,692,0,sadness,2.603
train,692,1,neutral,5.483
train,693,0,neutral,2.645
train,693,1,neutral,1.877
train,693,2,anger,3.413
train,693,3,anger,5.056
train,693,4,anger,2.304
train,693,5,anger,2.88
train,694,0,joy,1.344
train,694,1,neutral,4.843
train,694,2,neutral,1.877
train,694,3,sadness,5.483
train,695,0,disgust,2.133
train,695,1,fear,2.347
train,695,2,joy,1.003
train,695,3,fear,0.64
train,695,4,joy,0.128
train,695,5,anger,1.643
train,695,6,joy,2.261
train,696,0,neutral,3.84
train,696,1,surprise,2.645
train,696,2,neutral,4.011
train,696,3,surprise,1.003
train,696,4,anger,3.605
train,696,5,anger,1.771
train,696,6,anger,4.053
train,696,7,anger,9.813
train,697,0,joy,2.219
train,697,1,surprise,1.045
train,697,2,joy,2.133
train,697,3,neutral,1.259
train,697,4,joy,4.011
train,697,5,surprise,3.477
train,697,6,surprise,10.475
train,697,7,surprise,3.349
train,698,0,anger,2.048
train,698,1,neutral,4.053
train,698,2,anger,1.024
train,698,3,disgust,1.835
train,698,4,neutral,4.437
train,698,5,sadness,4.309
train,698,6,surprise,1.131
train,698,7,sadness,5.717
train,699,0,surprise,2.88
train,699,1,anger,1.771
train,699,2,anger,2.133
train,699,3,anger,4.309
train,699,4,neutral,1.301
train,699,5,disgust,1.152
train,699,6,surprise,1.131
train,699,7,disgust,0.64
train,699,8,anger,1.6
train,699,9,neutral,0.384
train,699,10,neutral,2.731
train,699,11,disgust,3.755
train,699,12,anger,2.091
train,699,13,anger,2.517
train,699,14,neutral,1.515
train,700,0,neutral,0.981
train,700,1,neutral,0.128
train,700,2,neutral,12.651
train,700,3,anger,1.963
train,700,4,anger,0.469
train,700,5,anger,0.341
train,700,6,sadness,9.771
train,700,7,neutral,1.173
train,700,8,anger,2.283
train,700,9,neutral,2.475
train,700,10,anger,8.469
train,700,11,sadness,2.432
train,700,12,neutral,8.384
train,701,0,neutral,1.835
train,701,1,neutral,2.091
train,702,0,joy,1.429
train,702,1,sadness,1.899
train,702,2,neutral,2.133
train,703,0,neutral,7.723
train,703,1,neutral,0.832
train,703,2,neutral,1.237
train,703,3,surprise,1.003
train,703,4,surprise,0.832
train,703,5,surprise,1.429
train,703,6,neutral,6.464
train,704,0,neutral,2.56
train,704,1,anger,7.061
train,704,2,anger,5.269
train,704,3,anger,9.152
train,704,4,anger,9.237
train,705,0,neutral,1.344
train,705,1,neutral,1.387
train,705,2,joy,7.893
train,705,3,joy,3.349
train,705,4,neutral,1.045
train,705,5,joy,2.795
train,705,6,joy,2.56
train,705,7,joy,3.136
train,705,8,neutral,3.221
train,706,0,neutral,4.885
train,706,1,joy,1.045
train,706,2,surprise,1.387
train,706,3,neutral,1.067
train,706,4,neutral,4.523
train,706,5,joy,2.837
train,706,6,joy,3.008
train,706,7,neutral,1.557
train,706,8,joy,2.219
train,706,9,joy,1.067
train,706,10,joy,0.64
train,707,0,anger,1.045
train,707,1,neutral,2.752
train,707,2,neutral,0.853
train,707,3,neutral,0.533
train,707,4,neutral,0.555
train,707,5,neutral,1.963
train,707,6,neutral,2.048
train,707,7,neutral,0.853
train,707,8,surprise,0.149
train,707,9,surprise,1.728
train,707,10,anger,2.219
train,707,11,anger,2.837
train,707,12,anger,3.264
train,707,13,joy,0.832
train,707,14,anger,3.157
train,707,15,neutral,5.227
train,708,0,neutral,8.341
train,709,0,joy,1.835
train,709,1,joy,8.683
train,710,0,joy,1.088
train,711,0,joy,1.088
train,712,0,joy,7.403
train,712,1,joy,3.648
train,712,2,fear,3.392
train,712,3,neutral,1.344
train,712,4,surprise,2.837
train,712,5,joy,1.643
train,712,6,neutral,3.477
train,712,7,joy,2.155
train,712,8,surprise,1.664
train,712,9,joy,1.003
train,712,10,joy,0.832
train,712,11,disgust,0.277
train,713,0,neutral,2.816
train,713,1,surprise,3.605
train,713,2,joy,4.757
train,714,0,neutral,7.979
train,714,1,joy,6.4
train,714,2,anger,5.227
train,714,3,neutral,1.003
train,714,4,anger,5.547
train,714,5,anger,5.717
train,715,0,neutral,3.84
train,716,0,neutral,3.712
train,716,1,sadness,2.432
train,716,2,anger,0.917
train,716,3,anger,0.661
train,716,4,anger,6.763
train,716,5,anger,2.389
train,717,0,neutral,6.357
train,717,1,surprise,3.925
train,717,2,surprise,4.523
train,717,3,neutral,1.323
train,717,4,surprise,2.837
train,717,5,neutral,1.472
train,717,6,anger,1.259
train,717,7,neutral,1.728
train,717,8,neutral,1.621
train,717,9,sadness,1.408
train,717,10,neutral,2.347
train,717,11,neutral,2.603
train,717,12,anger,6.187
train,718,0,neutral,1.429
train,718,1,neutral,1.024
train,718,2,neutral,2.923
train,718,3,neutral,4.523
train,718,4,joy,10.517
train,718,5,neutral,1.259
train,718,6,neutral,2.219
train,719,0,joy,1.045
train,719,1,neutral,2.219
train,719,2,joy,0.789
train,719,3,neutral,2.453
train,719,4,neutral,3.392
train,719,5,neutral,4.224
train,719,6,joy,2.795
train,719,7,joy,1.088
train,720,0,fear,1.301
train,720,1,neutral,1.771
train,720,2,anger,6.805
train,720,3,joy,1.92
train,720,4,neutral,5.013
train,720,5,neutral,1.643
train,720,6,neutral,7.552
train,720,7,neutral,1.835
train,720,8,neutral,3.264
train,720,9,anger,2.091
train,720,10,neutral,2.347
train,720,11,anger,6.635
train,720,12,neutral,4.672
train,720,13,neutral,5.269
train,720,14,neutral,2.176
train,720,15,fear,1.963
train,720,16,joy,3.264
train,720,17,neutral,1.045
train,720,18,neutral,1.643
train,721,0,neutral,3.968
train,722,0,neutral,1.664
train,722,1,neutral,1.536
train,722,2,anger,3.349
train,722,3,joy,2.432
train,722,4,joy,6.763
train,722,5,sadness,2.752
train,722,6,sadness,4.608
train,722,7,surprise,2.091
train,722,8,neutral,10.112
train,722,9,joy,0.533
train,722,10,anger,2.219
train,722,11,neutral,1.728
train,722,12,joy,1.728
train,722,13,neutral,1.301
train,722,14,surprise,1.301
train,722,15,surprise,2.219
train,722,16,joy,12.971
train,723,0,joy,1.045
train,723,1,joy,3.093
train,723,2,neutral,0.725
train,723,3,joy,0.469
train,723,4,joy,1.877
train,723,5,neutral,1.835
train,723,6,surprise,2.923
train,723,7,fear,11.989
train,724,0,neutral,3.883
train,724,1,neutral,11.435
train,724,2,neutral,1.92
train,724,3,neutral,3.051
train,724,4,neutral,2.048
train,724,5,neutral,1.92
train,725,0,joy,0.896
train,725,1,joy,1.259
train,725,2,joy,9.152
train,725,3,joy,4.629
train,725,4,neutral,3.221
train,725,5,neutral,0.597
train,725,6,joy,1.941
train,726,0,sadness,1.984
train,726,1,neutral,1.6
train,726,2,joy,7.68
train,726,3,neutral,1.6
train,726,4,surprise,3.883
train,726,5,neutral,5.184
train,726,6,joy,3.136
train,726,7,disgust,1.963
train,727,0,joy,3.264
train,727,1,neutral,4.181
train,727,2,neutral,1.045
train,727,3,neutral,3.669
train,727,4,neutral,3.712
train,727,5,neutral,1.792
train,727,6,anger,4.885
train,727,7,neutral,1.771
train,727,8,neutral,2.837
train,727,9,neutral,3.264
train,728,0,anger,4.352
train,728,1,neutral,4.011
train,728,2,anger,1.643
train,728,3,neutral,3.264
train,728,4,neutral,4.928
train,728,5,neutral,2.752
train,728,6,neutral,3.221
train,728,7,neutral,5.675
train,728,8,neutral,1.899
train,728,9,neutral,0.96
train,728,10,surprise,2.965
train,728,11,surprise,2.347
train,729,0,surprise,2.176
train,729,1,joy,2.219
train,730,0,surprise,2.347
train,730,1,neutral,3.52
train,730,2,neutral,2.752
train,730,3,neutral,5.888
train,730,4,neutral,2.88
train,730,5,neutral,5.973
train,730,6,neutral,2.133
train,730,7,neutral,5.888
train,730,8,joy,7.467
train,730,9,surprise,2.645
train,730,10,neutral,2.475
train,730,11,surprise,4.096
train,730,12,neutral,1.472
train,730,13,neutral,2.731
train,731,0,neutral,1.6
train,732,0,neutral,3.307
train,732,1,surprise,6.592
train,733,0,joy,1.045
train,733,1,neutral,3.179
train,733,2,neutral,2.923
train,733,3,neutral,4.565
train,733,4,neutral,1.067
train,733,5,neutral,0.768
train,733,6,neutral,1.877
train,733,7,neutral,2.965
train,733,8,joy,1.771
train,733,9,neutral,1.387
train,733,10,sadness,2.133
train,733,11,surprise,2.56
train,733,12,joy,6.016
train,734,0,neutral,2.795
train,734,1,joy,1.003
train,734,2,joy,7.36
train,735,0,fear,3.221
train,735,1,neutral,3.755
train,735,2,neutral,9.195
train,735,3,joy,1.643
train,735,4,neutral,4.48
train,735,5,neutral,2.261
train,735,6,neutral,2.88
train,735,7,neutral,5.525
train,735,8,neutral,4.437
train,735,9,neutral,4.523
train,735,10,joy,2.56
train,735,11,neutral,1.429
train,735,12,neutral,1.728
train,735,13,neutral,1.344
train,735,14,anger,0.875
train,735,15,neutral,0.192
train,735,16,neutral,2.517
train,735,17,neutral,1.387
train,735,18,neutral,3.435
train,735,19,neutral,2.304
train,736,0,joy,1.429
train,736,1,surprise,1.685
train,736,2,joy,2.837
train,736,3,joy,2.048
train,736,4,sadness,1.728
train,736,5,neutral,1.515
train,736,6,neutral,13.184
train,736,7,neutral,1.792
train,736,8,fear,3.435
train,736,9,fear,5.013
train,736,10,fear,2.88
train,736,11,joy,4.011
train,736,12,neutral,8.853
train,736,13,neutral,2.133
train,737,0,surprise,0.896
train,737,1,neutral,2.432
train,737,2,neutral,6.891
train,737,3,neutral,4.309
train,737,4,surprise,3.52
train,737,5,anger,1.088
train,737,6,neutral,6.933
train,737,7,neutral,3.136
train,737,8,neutral,5.397
train,738,0,sadness,3.179
train,738,1,neutral,2.176
train,738,2,neutral,0.149
train,738,3,neutral,1.835
train,738,4,surprise,9.984
train,738,5,surprise,3.008
train,738,6,anger,2.005
train,738,7,joy,1.792
train,738,8,surprise,3.307
train,739,0,neutral,1.259
train,739,1,neutral,3.093
train,739,2,neutral,1.515
train,739,3,joy,2.432
train,739,4,joy,3.925
train,739,5,neutral,0.96
train,739,6,surprise,0.747
train,739,7,surprise,0.085
train,739,10,joy,1.6
train,739,11,joy,3.221
train,739,12,anger,1.045
train,739,13,joy,1.92
train,739,14,joy,13.269
train,739,15,neutral,1.003
train,739,16,neutral,2.731
train,740,0,sadness,3.051
train,740,1,neutral,1.6
train,740,2,anger,7.36
train,740,3,anger,4.928
train,740,4,surprise,2.005
train,740,5,sadness,1.472
train,740,6,joy,7.893
train,740,7,sadness,2.88
train,740,8,surprise,0.555
train,740,9,neutral,2.197
train,740,10,neutral,4.181
train,740,11,neutral,4.715
train,740,12,neutral,2.923
train,740,13,joy,6.848
train,741,0,joy,2.197
train,741,1,surprise,0.128
train,741,2,joy,3.051
train,741,3,surprise,2.133
train,741,4,surprise,1.877
train,742,0,joy,3.179
train,743,0,anger,4.011
train,743,1,neutral,0.981
train,743,2,joy,1.387
train,743,3,fear,4.8
train,743,4,neutral,1.344
train,743,5,joy,4.224
train,744,0,neutral,5.504
train,744,1,neutral,5.269
train,744,2,neutral,5.931
train,744,3,neutral,1.344
train,744,4,neutral,0.896
train,744,5,neutral,3.605
train,744,6,surprise,2.176
train,744,7,surprise,1.429
train,744,8,fear,2.56
train,744,9,anger,9.024
train,744,10,disgust,3.712
train,744,11,disgust,1.131
train,745,0,sadness,2.475
train,745,1,neutral,2.603
train,745,2,neutral,4.352
train,745,3,surprise,0.896
train,745,4,neutral,0.128
train,745,5,neutral,4.053
train,745,6,neutral,2.88
train,745,7,anger,3.712
train,745,8,neutral,1.856
train,745,9,anger,2.048
train,745,10,anger,4.715
train,745,11,anger,10.773
train,746,0,neutral,4.181
train,747,0,neutral,3.435
train,747,1,surprise,2.048
train,747,2,sadness,3.52
train,747,3,surprise,1.088
train,747,4,surprise,0.811
train,747,5,neutral,1.771
train,747,6,joy,2.048
train,747,7,surprise,1.429
train,747,8,joy,0.085
train,747,9,neutral,0.171
train,747,10,anger,2.731
train,747,11,joy,3.84
train,747,12,anger,6.592
train,747,13,neutral,1.728
train,747,14,sadness,5.184
train,747,15,sadness,2.091
train,747,16,joy,3.307
train,747,17,neutral,4.523
train,747,18,neutral,3.093
train,748,0,joy,16.064
train,749,0,joy,2.923
train,749,1,joy,5.056
train,749,2,joy,2.795
train,749,3,neutral,2.517
train,749,4,neutral,2.88
train,749,5,joy,0.96
train,749,6,joy,0.299
train,749,7,joy,2.837
train,750,0,neutral,1.515
train,750,1,neutral,2.219
train,750,2,neutral,1.963
train,750,3,sadness,0.768
train,750,4,sadness,1.984
train,751,0,surprise,1.835
train,752,0,neutral,1.301
train,752,1,neutral,3.477
train,752,2,joy,0.661
train,752,3,neutral,1.365
train,752,4,joy,1.728
train,752,5,joy,1.024
train,752,6,joy,1.707
train,752,7,joy,1.749
train,752,8,neutral,1.643
train,752,9,joy,6.763
train,752,10,joy,3.435
train,752,11,surprise,2.347
train,753,0,neutral,8.555
train,753,1,neutral,3.605
train,753,2,joy,3.797
train,754,0,sadness,7.765
train,754,1,disgust,2.005
train,754,2,neutral,4.523
train,754,3,neutral,4.224
train,754,4,anger,2.048
train,755,0,neutral,3.051
train,755,1,anger,4.608
train,755,2,anger,2.475
train,755,3,anger,1.067
train,755,4,neutral,0.171
train,755,5,anger,2.091
train,755,6,joy,3.179
train,755,7,joy,7.104
train,755,8,anger,2.347
train,755,9,neutral,7.104
train,756,0,neutral,2.048
train,756,1,surprise,0.768
train,756,2,neutral,1.216
train,756,3,neutral,2.027
train,756,4,neutral,3.179
train,756,5,sadness,3.925
train,756,6,surprise,2.048
train,756,7,neutral,6.635
train,756,8,neutral,2.005
train,756,9,neutral,1.131
train,757,0,surprise,2.965
train,757,1,neutral,5.184
train,757,2,neutral,24.277
train,757,3,neutral,6.891
train,757,4,neutral,1.557
train,757,5,neutral,3.349
train,757,6,surprise,1.515
train,757,7,neutral,3.136
train,757,8,neutral,2.475
train,757,9,neutral,1.771
train,757,10,joy,0.128
train,758,0,anger,8.192
train,758,1,surprise,1.621
train,758,2,anger,0.917
train,758,3,anger,1.536
train,758,4,anger,1.173
train,758,5,anger,1.6
train,759,0,surprise,2.517
train,759,1,neutral,2.005
train,759,2,surprise,5.547
train,759,3,neutral,8.021
train,759,4,anger,4.096
train,759,5,anger,3.136
train,759,6,neutral,1.195
train,759,7,neutral,1.216
train,759,8,anger,1.429
train,759,9,neutral,0.875
train,759,10,anger,1.493
train,759,11,neutral,1.771
train,759,12,disgust,6.187
train,759,13,disgust,6.101
train,759,14,sadness,3.605
train,759,15,joy,2.176
train,760,0,joy,3.307
train,760,1,anger,3.051
train,760,2,fear,4.096
train,760,3,surprise,8.896
train,760,4,anger,2.965
train,761,0,anger,1.685
train,761,1,joy,6.272
train,761,2,anger,1.088
train,761,3,anger,2.261
train,761,4,anger,1.877
train,761,5,anger,1.259
train,761,6,neutral,3.797
train,761,7,anger,0.832
train,761,8,anger,1.408
train,761,9,neutral,6.272
train,762,0,neutral,6.763
train,762,1,surprise,1.6
train,762,2,joy,4.715
train,762,3,neutral,2.304
train,762,4,neutral,2.603
train,763,0,neutral,0.533
train,763,1,neutral,0.96
train,763,2,sadness,1.856
train,763,3,neutral,1.515
train,763,4,neutral,5.525
train,763,5,sadness,5.013
train,763,6,surprise,0.597
train,763,7,anger,1.984
train,763,8,neutral,1.643
train,763,9,joy,4.395
train,763,10,joy,2.389
train,764,0,joy,1.92
train,765,0,neutral,1.28
train,765,1,joy,1.856
train,766,0,neutral,2.88
train,766,1,joy,2.176
train,766,2,anger,1.237
train,766,3,anger,1.536
train,766,4,neutral,1.515
train,766,5,anger,0.725
train,766,6,neutral,2.389
train,767,0,joy,7.467
train,767,1,neutral,2.389
train,767,2,neutral,8.384
train,767,3,sadness,1.707
train,767,4,neutral,1.195
train,767,5,joy,1.216
train,767,6,fear,5.717
train,767,7,neutral,1.685
train,767,8,neutral,1.856
train,767,9,neutral,3.349
train,767,10,anger,1.045
train,767,11,neutral,2.688
train,768,0,surprise,1.515
train,768,1,sadness,3.307
train,768,2,neutral,3.84
train,768,3,anger,7.275
train,768,4,surprise,1.877
train,768,5,joy,4.523
train,768,6,joy,3.648
train,768,7,neutral,4.096
train,768,8,neutral,2.731
train,769,0,sadness,3.179
train,769,1,fear,3.136
train,769,2,surprise,1.088
train,770,0,neutral,2.133
train,770,1,anger,3.712
train,770,2,anger,1.963
train,770,3,neutral,1.173
train,770,4,neutral,2.005
train,770,5,anger,6.592
train,770,6,neutral,1.877
train,770,7,anger,5.141
train,770,8,disgust,4.48
train,770,9,anger,3.221
train,770,10,anger,3.179
train,770,11,anger,6.016
train,770,12,anger,5.525
train,770,13,anger,2.389
train,770,14,anger,5.632
train,770,15,sadness,4.629
train,770,16,anger,1.259
train,770,17,fear,3.392
train,771,0,neutral,3.925
train,771,1,neutral,10.56
train,771,2,neutral,2.389
train,771,3,neutral,1.344
train,771,4,neutral,1.472
train,771,5,neutral,2.176
train,771,6,neutral,4.224
train,771,7,neutral,1.003
train,771,8,neutral,4.139
train,771,9,neutral,1.088
train,771,10,neutral,0.725
train,771,11,neutral,1.685
train,771,12,neutral,2.88
train,771,13,neutral,4.011
train,771,14,anger,7.765
train,771,15,surprise,2.965
train,771,16,anger,1.771
train,771,17,neutral,1.728
train,772,0,neutral,2.56
train,772,1,anger,1.792
train,772,2,sadness,3.712
train,772,3,anger,12.139
train,772,4,joy,2.731
train,772,5,joy,2.155
train,772,6,joy,2.005
train,772,7,joy,5.547
train,772,8,joy,1.643
train,772,9,joy,1.515
train,772,10,joy,1.515
train,772,11,joy,1.792
train,772,12,joy,1.024
train,772,13,joy,2.091
train,772,14,neutral,3.264
train,772,15,neutral,3.051
train,773,0,neutral,2.645
train,773,1,disgust,4.181
train,773,2,neutral,1.92
train,774,0,sadness,2.091
train,774,1,sadness,5.675
train,774,2,fear,2.475
train,774,3,neutral,3.349
train,774,4,neutral,0.533
train,774,5,joy,1.664
train,774,6,neutral,2.261
train,774,7,neutral,2.389
train,774,8,neutral,2.88
train,774,9,surprise,1.557
train,774,10,surprise,2.304
train,775,0,neutral,1.344
train,775,1,neutral,4.224
train,775,2,surprise,1.515
train,775,3,neutral,1.664
train,775,4,neutral,8.597
train,775,5,surprise,2.923
train,775,6,neutral,1.131
train,775,7,neutral,2.816
train,775,8,neutral,2.176
train,775,9,neutral,3.648
train,775,10,surprise,1.088
train,775,11,neutral,1.344
train,775,12,joy,10.027
train,775,13,neutral,1.429
train,776,0,joy,0.512
train,776,1,joy,0.981
train,776,2,neutral,1.088
train,776,3,neutral,0.853
train,776,4,neutral,4.181
train,776,5,joy,3.648
train,776,6,neutral,2.923
train,776,7,neutral,3.264
train,777,0,neutral,7.637
train,777,1,neutral,3.669
train,777,2,neutral,5.099
train,777,3,neutral,1.771
train,777,4,neutral,1.557
train,777,5,joy,5.803
train,777,6,surprise,1.728
train,777,7,surprise,4.011
train,777,8,neutral,12.096
train,777,9,joy,2.304
train,777,10,joy,0.832
train,777,11,neutral,1.024
train,777,12,neutral,1.109
train,777,13,joy,0.427
train,778,0,surprise,1.963
train,778,1,sadness,1.515
train,778,2,anger,3.883
train,778,3,neutral,6.229
train,778,4,neutral,1.045
train,778,5,neutral,8.384
train,778,6,surprise,5.269
train,778,7,neutral,2.688
train,778,8,neutral,1.344
train,778,9,surprise,3.968
train,778,10,surprise,2.219
train,779,0,neutral,2.496
train,779,1,neutral,0.149
train,780,0,neutral,2.731
train,780,1,neutral,0.32
train,780,2,anger,1.472
train,780,3,neutral,2.261
train,780,4,sadness,2.752
train,780,5,surprise,0.427
train,780,6,sadness,2.432
train,780,7,neutral,2.389
train,781,0,neutral,3.84
train,781,1,joy,2.005
train,782,0,neutral,0.491
train,782,1,neutral,2.112
train,782,2,joy,1.472
train,782,3,joy,1.728
train,782,4,fear,2.603
train,782,5,neutral,2.091
train,782,6,fear,2.517
train,782,7,joy,2.88
train,782,8,fear,3.968
train,782,9,fear,3.883
train,782,10,surprise,1.131
train,782,11,neutral,1.301
train,783,0,neutral,2.219
train,783,1,joy,2.347
train,783,2,joy,3.925
train,783,3,joy,4.971
train,783,4,joy,5.589
train,783,5,joy,9.685
train,783,6,neutral,6.187
train,783,7,neutral,1.877
train,783,8,sadness,1.557
train,784,0,neutral,10.944
train,784,1,sadness,7.424
train,785,0,neutral,2.133
train,785,1,anger,10.645
train,786,0,neutral,2.837
train,786,1,anger,2.837
train,786,2,anger,2.795
train,786,3,anger,2.56
train,787,0,neutral,2.048
train,787,1,neutral,3.392
train,787,2,neutral,5.013
train,787,3,neutral,4.267
train,787,4,neutral,1.173
train,787,5,neutral,4.928
train,787,6,neutral,1.515
train,787,7,neutral,1.557
train,787,8,neutral,2.688
train,787,9,neutral,6.059
train,787,10,neutral,1.771
train,788,0,fear,5.056
train,788,1,joy,3.477
train,788,2,neutral,5.141
train,788,3,neutral,9.984
train,788,4,neutral,1.643
train,789,0,joy,4.096
train,789,1,joy,2.965
train,789,2,joy,3.093
train,789,3,fear,3.264
train,789,4,neutral,0.192
train,789,5,fear,2.091
train,789,6,fear,3.008
train,789,7,anger,0.128
train,789,8,joy,8.853
train,789,9,surprise,5.739
train,790,0,surprise,2.432
train,791,0,joy,5.099
train,791,1,joy,9.259
train,791,2,neutral,1.493
train,791,3,neutral,0.491
train,791,4,neutral,2.517
train,791,5,neutral,4.672
train,791,6,joy,1.429
train,791,7,neutral,3.563
train,791,8,neutral,3.648
train,791,9,sadness,2.133
train,791,10,neutral,2.603
train,791,11,joy,4.267
train,791,12,neutral,4.139
train,791,13,neutral,0.917
train,791,14,neutral,2.517
train,791,15,neutral,0.171
train,791,16,surprise,2.965
train,791,17,joy,2.88
train,791,18,joy,9.941
train,791,19,joy,1.515
train,791,20,neutral,1.024
train,791,21,neutral,1.515
train,792,0,joy,1.259
train,792,1,joy,0.192
train,792,2,neutral,4.8
train,792,3,joy,7.936
train,792,4,joy,2.133
train,792,5,surprise,2.795
train,792,6,disgust,3.477
train,792,7,neutral,1.323
train,792,8,anger,1.131
train,792,9,neutral,2.816
train,792,10,surprise,8.021
train,792,11,surprise,3.307
train,792,12,anger,3.307
train,792,13,sadness,3.264
train,792,14,joy,2.475
train,792,15,surprise,4.523
train,792,16,sadness,12.437
train,792,17,sadness,3.008
train,792,18,sadness,3.008
train,792,19,joy,1.173
train,792,20,surprise,1.728
train,793,0,joy,11.52
train,793,1,neutral,2.005
train,793,2,joy,2.603
train,793,3,joy,2.475
train,793,4,joy,11.861
train,793,5,anger,7.851
train,793,6,joy,7.723
train,793,7,joy,1.515
train,793,8,joy,2.133
train,793,9,joy,1.301
train,793,10,joy,2.304
train,794,0,anger,2.112
train,794,1,anger,0.875
train,794,2,anger,9.387
train,794,3,anger,3.051
train,794,4,anger,1.429
train,794,5,sadness,2.283
train,794,6,anger,2.965
train,794,7,sadness,3.307
train,794,8,anger,4.096
train,794,9,neutral,1.557
train,794,10,anger,4.608
train,795,0,surprise,0.96
train,795,1,surprise,1.195
train,795,2,neutral,2.88
train,795,3,neutral,6.229
train,795,4,neutral,1.963
train,795,5,neutral,1.728
train,795,6,anger,1.28
train,795,7,anger,2.197
train,795,8,neutral,2.219
train,796,0,sadness,7.189
train,796,1,surprise,0.64
train,796,2,neutral,2.368
train,796,3,neutral,7.509
train,796,4,surprise,1.259
train,796,5,fear,4.843
train,796,6,surprise,0.789
train,796,7,neutral,1.92
train,796,8,neutral,1.344
train,796,9,neutral,3.648
train,796,10,joy,1.728
train,796,11,joy,1.728
train,796,12,fear,2.432
train,796,13,joy,0.96
train,796,14,fear,0.619
train,796,15,neutral,3.136
train,796,16,joy,2.475
train,796,17,joy,2.688
train,796,18,joy,6.891
train,796,19,sadness,3.648
train,796,20,neutral,2.432
train,797,0,neutral,0.832
train,797,1,neutral,1.536
train,797,2,neutral,1.643
train,797,3,neutral,5.44
train,797,4,neutral,7.851
train,797,5,surprise,2.389
train,797,6,neutral,2.645
train,797,7,neutral,4.885
train,797,8,joy,3.093
train,797,9,neutral,2.133
train,797,10,surprise,1.237
train,797,11,sadness,2.709
train,797,12,sadness,2.56
train,797,13,sadness,2.261
train,798,0,disgust,8.512
train,798,1,neutral,1.387
train,798,2,neutral,0.875
train,798,3,fear,1.707
train,798,4,sadness,1.429
train,798,5,sadness,2.389
train,798,6,surprise,1.685
train,799,0,fear,3.136
train,799,1,fear,6.635
train,799,2,neutral,8.384
train,799,3,neutral,2.005
train,799,4,neutral,4.843
train,799,5,neutral,5.397
train,799,6,neutral,1.557
train,800,0,fear,1.685
train,800,1,neutral,4.181
train,801,0,neutral,4.181
train,801,1,neutral,2.112
train,801,2,neutral,2.752
train,801,3,neutral,1.344
train,801,4,neutral,8.064
train,801,5,fear,1.728
train,801,6,neutral,2.048
train,801,7,anger,2.347
train,801,8,anger,1.835
train,802,0,joy,4.096
train,802,1,joy,3.755
train,802,2,neutral,2.005
train,802,3,joy,1.109
train,802,4,neutral,1.045
train,803,0,anger,1.835
train,803,1,sadness,4.181
train,803,2,surprise,2.176
train,803,3,joy,2.88
train,803,4,joy,4.309
train,803,5,joy,3.093
train,803,6,anger,3.136
train,804,0,fear,1.301
train,804,1,neutral,1.003
train,804,2,joy,8.235
train,804,3,anger,3.136
train,804,4,sadness,3.051
train,804,5,anger,3.755
train,804,6,disgust,12.779
train,804,7,anger,5.931
train,804,8,anger,3.093
train,804,9,sadness,1.728
train,805,0,joy,1.728
train,805,1,neutral,1.301
train,805,2,neutral,3.008
train,805,3,joy,5.888
train,805,4,surprise,9.941
train,805,5,joy,3.925
train,805,6,anger,4.523
train,805,7,neutral,1.216
train,806,0,surprise,2.475
train,806,1,surprise,3.925
train,806,2,joy,7.061
train,806,3,joy,2.795
train,806,4,neutral,1.408
train,806,5,sadness,3.051
train,806,6,sadness,1.28
train,806,7,neutral,1.835
train,806,8,sadness,3.221
train,806,9,joy,4.011
train,806,10,surprise,3.563
train,806,11,neutral,2.688
train,806,12,neutral,2.752
train,806,13,joy,3.883
train,806,14,surprise,1.344
train,806,15,fear,8.683
train,806,16,neutral,3.968
train,806,17,joy,2.517
train,807,0,neutral,3.136
train,807,1,anger,2.731
train,808,0,disgust,2.475
train,808,1,neutral,4.309
train,808,2,neutral,8.597
train,808,3,neutral,3.435
train,808,4,neutral,4.629
train,808,5,neutral,1.088
train,808,6,joy,7.936
train,808,7,joy,1.259
train,809,0,joy,1.173
train,809,1,joy,0.939
train,809,2,joy,2.56
train,809,3,joy,0.384
train,809,4,joy,0.128
train,809,5,joy,6.443
train,809,6,joy,4.565
train,809,7,neutral,2.347
train,809,8,neutral,5.888
train,809,9,surprise,0.576
train,809,10,anger,0.917
train,809,11,joy,3.179
train,809,12,neutral,1.877
train,809,13,neutral,1.301
train,809,14,anger,5.227
train,809,15,fear,3.755
train,810,0,surprise,1.131
train,810,1,sadness,1.024
train,810,2,fear,1.067
train,810,3,fear,2.048
train,810,4,fear,1.792
train,810,5,neutral,2.261
train,810,6,joy,1.301
train,810,7,neutral,4.011
train,810,8,joy,3.136
train,810,9,joy,5.056
train,810,10,neutral,1.557
train,810,11,neutral,2.176
train,810,12,neutral,4.224
train,810,13,sadness,3.008
train,810,14,neutral,4.48
train,810,15,neutral,1.835
train,810,16,surprise,2.923
train,810,17,neutral,2.923
train,811,0,joy,3.563
train,811,1,neutral,4.928
train,811,2,neutral,3.925
train,811,3,neutral,5.76
train,811,4,surprise,1.643
train,811,5,joy,2.411
train,811,6,neutral,2.24
train,811,7,neutral,2.133
train,811,8,joy,2.56
train,811,9,fear,4.011
train,811,10,joy,2.261
train,812,0,neutral,1.835
train,812,1,joy,0.917
train,812,2,neutral,1.152
train,812,3,neutral,1.813
train,812,4,joy,0.64
train,812,5,anger,1.216
train,812,8,joy,3.264
train,812,9,joy,2.688
train,812,10,neutral,0.981
train,812,11,neutral,1.771
train,812,12,joy,4.224
train,812,13,joy,1.685
train,812,14,neutral,0.917
train,812,15,neutral,1.152
train,813,0,neutral,3.307
train,813,1,surprise,2.389
train,813,2,neutral,3.477
train,813,3,anger,3.925
train,813,4,neutral,3.093
train,813,5,sadness,2.923
train,813,6,neutral,5.184
train,813,7,neutral,6.4
train,813,8,surprise,3.264
train,813,9,neutral,0.277
train,813,10,neutral,3.627
train,814,0,neutral,14.187
train,814,1,neutral,2.752
train,814,2,joy,2.261
train,814,3,neutral,2.517
train,814,4,joy,15.531
train,815,0,neutral,4.309
train,815,1,neutral,2.923
train,815,2,neutral,1.429
train,815,3,neutral,3.755
train,816,0,sadness,4.843
train,816,1,sadness,6.677
train,816,2,sadness,5.355
train,816,3,sadness,6.016
train,816,4,neutral,5.355
train,817,0,joy,2.752
train,817,1,neutral,2.219
train,817,2,neutral,0.811
train,817,3,surprise,2.133
train,817,4,neutral,1.6
train,817,5,neutral,2.133
train,817,6,neutral,1.877
train,817,7,anger,1.643
train,817,8,neutral,3.264
train,817,9,neutral,1.749
train,817,10,sadness,1.109
train,817,11,surprise,1.685
train,817,12,anger,4.395
train,817,13,neutral,1.045
train,817,14,neutral,10.603
train,818,0,neutral,1.472
train,818,1,disgust,2.923
train,818,2,joy,3.84
train,818,3,neutral,4.352
train,818,4,neutral,8.341
train,818,5,neutral,2.517
train,818,6,sadness,3.349
train,818,7,neutral,5.76
train,819,0,surprise,14.443
train,819,1,neutral,2.688
train,819,2,neutral,1.813
train,819,3,neutral,4.096
train,819,4,neutral,2.091
train,819,5,anger,8.32
train,819,6,neutral,1.771
train,819,7,neutral,4.139
train,819,8,neutral,4.523
train,819,9,fear,1.131
train,819,10,neutral,1.728
train,819,11,neutral,0.619
train,819,12,neutral,0.448
train,819,13,neutral,2.347
train,819,14,disgust,1.6
train,819,15,neutral,7.979
train,819,16,neutral,3.264
train,819,17,joy,3.093
train,819,18,joy,6.933
train,820,0,joy,2.88
train,820,1,neutral,2.432
train,820,2,neutral,1.045
train,820,3,surprise,2.752
train,820,4,sadness,2.005
train,820,5,joy,2.432
train,820,6,neutral,1.195
train,820,7,neutral,7.509
train,820,8,joy,3.712
train,820,9,joy,4.309
train,820,10,neutral,1.301
train,820,11,neutral,3.84
train,820,12,neutral,2.133
train,820,13,joy,1.088
train,820,14,joy,1.088
train,820,15,joy,2.133
train,820,16,surprise,10.432
train,820,17,neutral,1.237
train,820,18,surprise,2.496
train,820,19,surprise,1.301
train,820,20,joy,6.592
train,820,21,joy,5.141
train,821,0,joy,4.672
train,821,1,surprise,4.309
train,821,2,neutral,1.045
train,821,3,neutral,8.512
train,821,4,neutral,4.224
train,821,5,neutral,7.893
train,821,6,neutral,4.629
train,821,7,surprise,1.92
train,821,8,neutral,1.515
train,821,9,joy,3.84
train,821,10,joy,3.349
train,821,11,surprise,9.429
train,821,12,neutral,5.355
train,821,13,joy,0.917
train,821,14,joy,1.493
train,822,0,neutral,4.267
train,822,1,neutral,2.176
train,822,2,neutral,5.056
train,822,3,neutral,1.216
train,822,4,joy,7.893
train,822,5,neutral,1.792
train,822,6,neutral,3.968
train,822,7,sadness,0.939
train,822,8,neutral,1.429
train,823,0,neutral,1.301
train,823,1,neutral,1.259
train,823,2,joy,3.307
train,823,3,surprise,1.429
train,823,4,neutral,5.077
train,823,5,disgust,8.021
train,823,6,joy,3.349
train,823,7,surprise,3.968
train,823,8,surprise,3.883
train,823,9,disgust,3.093
train,823,10,neutral,1.216
train,823,11,neutral,3.093
train,823,12,joy,1.259
train,823,13,neutral,2.603
train,823,14,surprise,2.347
train,824,0,joy,5.184
train,824,1,joy,3.883
train,825,0,surprise,1.152
train,825,1,neutral,1.003
train,825,2,neutral,3.093
train,826,0,joy,0.917
train,826,1,joy,1.109
train,826,2,neutral,1.259
train,826,3,joy,3.968
train,826,4,sadness,2.091
train,827,0,neutral,3.605
train,827,1,joy,1.045
train,827,2,neutral,2.261
train,827,3,neutral,1.237
train,827,4,neutral,1.963
train,827,5,fear,2.304
train,827,6,neutral,0.469
train,827,7,neutral,7.893
train,827,8,joy,2.432
train,827,11,joy,2.645
train,827,12,joy,1.259
train,827,13,fear,3.477
train,827,14,joy,3.435
train,827,15,neutral,2.389
train,828,0,anger,2.347
train,828,1,joy,3.392
train,828,2,disgust,2.432
train,828,3,anger,2.88
train,828,4,anger,5.717
train,828,5,surprise,1.045
train,828,6,anger,3.179
train,828,7,neutral,1.472
train,828,8,disgust,3.755
train,828,9,neutral,1.472
train,828,10,neutral,1.28
train,828,11,neutral,0.96
train,828,12,neutral,1.515
train,828,13,anger,6.187
train,828,14,neutral,2.176
train,828,15,anger,4.011
train,829,0,anger,9.195
train,829,1,joy,3.179
train,829,2,anger,2.752
train,830,0,joy,1.643
train,830,1,joy,0.448
train,830,2,anger,2.048
train,830,3,joy,1.344
train,830,4,joy,2.432
train,830,5,joy,1.344
train,830,6,sadness,2.048
train,830,7,sadness,2.261
train,831,0,anger,7.403
train,831,1,anger,3.136
train,831,2,neutral,0.299
train,831,3,anger,1.067
train,831,4,anger,2.56
train,831,5,anger,5.227
train,831,6,sadness,1.387
train,831,7,joy,1.899
train,832,0,anger,1.792
train,832,1,neutral,1.792
train,832,2,neutral,2.688
train,832,3,surprise,3.755
train,832,4,neutral,1.387
train,832,5,neutral,3.712
train,832,6,surprise,1.408
train,832,7,neutral,1.451
train,832,8,neutral,1.92
train,832,9,joy,7.552
train,832,10,joy,3.968
train,832,11,sadness,3.307
train,832,12,neutral,2.389
train,832,13,joy,3.392
train,832,14,anger,6.933
train,832,15,joy,4.629
train,833,0,joy,3.307
train,833,1,neutral,2.752
train,833,2,anger,1.323
train,833,3,anger,1.835
train,833,4,anger,2.88
train,833,5,anger,1.92
train,833,6,neutral,3.221
train,834,0,surprise,5.675
train,834,1,neutral,3.392
train,834,2,neutral,2.667
train,834,3,neutral,10.432
train,834,4,neutral,3.392
train,834,5,joy,7.552
train,834,6,neutral,2.645
train,834,7,neutral,3.136
train,834,8,neutral,6.059
train,834,9,neutral,3.179
train,834,10,neutral,4.928
train,834,11,neutral,0.981
train,834,12,neutral,0.683
train,834,13,neutral,1.387
train,834,14,surprise,1.045
train,834,15,neutral,4.011
train,835,0,sadness,2.752
train,835,1,neutral,3.797
train,835,2,anger,3.221
train,835,3,neutral,2.069
train,835,4,surprise,0.299
train,835,5,anger,2.219
train,835,6,neutral,3.264
train,835,7,anger,2.923
train,835,8,disgust,1.643
train,835,9,anger,1.92
train,835,10,anger,1.6
train,835,11,neutral,8.64
train,836,0,neutral,3.093
train,836,1,surprise,3.797
train,836,2,surprise,2.837
train,836,3,neutral,1.429
train,836,4,neutral,0.853
train,836,5,neutral,1.173
train,836,6,surprise,3.84
train,836,7,surprise,1.045
train,836,8,neutral,5.227
train,836,9,surprise,5.589
train,836,10,anger,5.013
train,836,11,neutral,0.939
train,836,12,joy,1.173
train,837,0,neutral,1.045
train,837,1,joy,4.053
train,837,2,joy,2.475
train,838,0,surprise,8.597
train,839,0,anger,3.605
train,839,1,anger,1.771
train,839,2,neutral,3.349
train,839,3,neutral,1.92
train,839,4,joy,4.181
train,839,5,neutral,3.435
train,839,6,surprise,1.557
train,839,7,neutral,4.523
train,839,8,disgust,2.112
train,839,11,anger,1.792
train,839,12,disgust,1.493
train,839,13,disgust,1.387
train,839,14,disgust,1.323
train,839,15,disgust,2.176
train,840,0,joy,0.704
train,840,1,joy,1.28
train,840,2,neutral,1.045
train,840,3,neutral,3.968
train,840,4,neutral,5.312
train,840,5,neutral,4.523
train,840,6,fear,5.589
train,840,7,joy,1.088
train,840,8,neutral,7.765
train,840,9,neutral,10.773
train,840,10,surprise,12.971
train,840,11,neutral,3.925
train,840,12,surprise,4.565
train,840,13,neutral,1.728
train,840,14,neutral,2.048
train,840,15,sadness,1.344
train,841,0,fear,2.667
train,841,1,neutral,0.277
train,841,2,neutral,1.472
train,841,3,neutral,4.672
train,841,4,anger,5.312
train,841,5,neutral,1.237
train,841,6,sadness,0.619
train,841,7,anger,5.141
train,841,8,anger,2.261
train,841,9,sadness,8.107
train,841,10,sadness,5.312
train,841,11,neutral,1.429
train,841,12,joy,1.515
train,841,13,neutral,3.52
train,841,14,neutral,3.093
train,841,15,neutral,1.301
train,841,16,anger,5.184
train,841,17,neutral,1.6
train,841,18,neutral,1.429
train,841,19,neutral,1.472
train,841,20,neutral,2.475
train,841,21,joy,2.432
train,841,22,neutral,1.045
train,842,0,neutral,1.344
train,842,1,neutral,7.019
train,842,2,neutral,1.92
train,842,3,neutral,6.357
train,842,4,sadness,2.88
train,842,5,sadness,7.061
train,842,6,sadness,2.923
train,842,7,neutral,3.371
train,842,10,joy,3.008
train,842,11,neutral,2.347
train,842,12,surprise,2.176
train,843,0,surprise,2.837
train,843,1,sadness,5.483
train,843,2,anger,2.389
train,843,3,neutral,4.715
train,843,4,neutral,1.259
train,843,5,anger,2.133
train,843,6,surprise,1.963
train,843,7,sadness,8.469
train,843,8,neutral,3.968
train,843,9,sadness,8.021
train,843,10,neutral,2.005
train,843,11,neutral,1.899
train,843,12,neutral,5.888
train,843,13,neutral,2.88
train,843,14,neutral,8.384
train,844,0,neutral,2.347
train,844,1,neutral,7.765
train,844,2,neutral,6.976
train,844,3,neutral,2.005
train,844,4,neutral,12.352
train,844,5,sadness,4.224
train,844,6,fear,7.467
train,844,7,neutral,9.152
train,844,8,joy,1.088
train,844,9,joy,2.837
train,844,10,joy,5.888
train,844,11,anger,5.141
train,844,12,joy,1.109
train,844,13,anger,1.835
train,844,14,neutral,4.437
train,844,15,joy,1.792
train,844,16,neutral,4.267
train,844,17,surprise,1.728
train,844,18,neutral,0.896
train,844,19,neutral,1.856
train,844,20,fear,6.187
train,845,0,neutral,1.557
train,845,1,joy,3.179
train,845,2,neutral,1.237
train,845,3,joy,2.475
train,845,4,neutral,5.269
train,845,5,joy,4.011
train,845,6,neutral,2.837
train,845,7,fear,2.091
train,845,8,neutral,1.408
train,845,9,joy,2.005
train,845,10,joy,2.88
train,845,11,joy,2.005
train,846,0,neutral,2.091
train,846,1,neutral,3.52
train,846,2,neutral,1.557
train,846,3,neutral,2.837
train,846,4,neutral,1.045
train,847,0,joy,2.88
train,847,1,joy,2.091
train,847,2,joy,9.685
train,847,3,joy,1.557
train,847,4,joy,1.771
train,847,5,joy,5.397
train,848,0,neutral,3.691
train,848,1,neutral,8.725
train,848,2,neutral,1.728
train,848,3,surprise,2.475
train,848,4,sadness,7.019
train,848,5,surprise,1.877
train,848,6,surprise,1.771
train,848,7,surprise,3.563
train,848,8,sadness,3.008
train,848,9,surprise,4.885
train,848,10,neutral,8.149
train,848,11,surprise,1.216
train,849,0,joy,2.133
train,849,1,joy,1.557
train,849,2,joy,5.397
train,849,3,neutral,2.005
train,849,4,joy,6.101
train,849,5,joy,3.648
train,849,6,joy,5.056
train,849,7,disgust,1.259
train,849,8,neutral,3.968
train,849,9,neutral,1.515
train,849,10,anger,2.219
train,849,11,joy,3.392
train,850,0,joy,2.432
train,850,1,neutral,6.507
train,850,2,neutral,2.048
train,850,3,neutral,4.181
train,850,4,surprise,1.6
train,850,5,neutral,1.429
train,850,6,joy,3.477
train,851,0,neutral,4.885
train,851,1,surprise,0.832
train,851,2,neutral,0.875
train,851,3,neutral,1.728
train,851,4,neutral,1.045
train,851,5,joy,5.803
train,851,6,neutral,0.768
train,851,7,neutral,1.771
train,851,8,neutral,1.451
train,851,9,neutral,0.512
train,851,10,joy,0.32
train,851,11,neutral,0.533
train,851,12,neutral,1.835
train,851,13,joy,4.757
train,851,14,neutral,1.472
train,851,15,neutral,6.357
train,851,16,neutral,3.179
train,851,17,neutral,3.179
train,851,18,joy,2.603
train,851,19,neutral,2.645
train,851,20,neutral,8.107
train,852,0,neutral,0.875
train,852,1,neutral,0.192
train,852,2,sadness,1.045
train,852,3,neutral,9.152
train,852,4,sadness,6.272
train,852,5,neutral,2.795
train,852,6,neutral,2.795
train,852,7,anger,6.891
train,852,8,sadness,4.139
train,853,0,neutral,4.096
train,853,1,anger,1.835
train,853,2,sadness,3.84
train,853,3,anger,2.048
train,853,4,sadness,8.277
train,853,5,joy,6.592
train,853,6,neutral,1.301
train,853,7,anger,1.877
train,853,8,anger,1.045
train,853,9,anger,5.525
train,853,10,surprise,2.176
train,853,11,anger,12.693
train,853,12,anger,4.523
train,853,13,joy,6.016
train,853,14,anger,6.016
train,854,0,fear,1.877
train,854,1,neutral,2.752
train,854,2,anger,2.795
train,854,3,anger,13.269
train,854,4,neutral,9.344
train,854,5,neutral,5.845
train,855,0,joy,2.752
train,855,1,anger,7.381
train,855,2,neutral,1.963
train,855,3,joy,9.152
train,855,4,joy,4.096
train,855,5,sadness,5.76
train,855,6,surprise,2.389
train,855,7,fear,4.267
train,856,0,neutral,1.045
train,856,1,neutral,1.792
train,856,2,sadness,1.429
train,856,3,surprise,3.221
train,856,4,joy,5.632
train,857,0,surprise,2.56
train,857,1,neutral,5.227
train,857,2,neutral,2.731
train,857,3,neutral,1.685
train,857,4,neutral,0.896
train,857,5,neutral,0.96
train,857,6,neutral,4.757
train,857,7,neutral,3.051
train,857,8,neutral,2.176
train,857,9,neutral,1.643
train,857,10,neutral,2.475
train,857,11,joy,7.552
train,858,0,surprise,1.515
train,858,1,surprise,1.045
train,858,2,neutral,1.813
train,858,3,neutral,6.464
train,858,4,joy,1.963
train,858,5,neutral,2.304
train,858,6,neutral,7.808
train,858,7,neutral,0.555
train,858,8,neutral,3.733
train,858,9,neutral,2.688
train,858,10,surprise,1.045
train,858,11,neutral,3.605
train,858,12,neutral,0.533
train,858,13,neutral,1.131
train,859,0,surprise,4.715
train,859,1,neutral,2.773
train,859,2,surprise,3.712
train,859,3,neutral,3.755
train,860,0,surprise,2.517
train,860,1,neutral,1.472
train,860,2,fear,2.795
train,860,3,neutral,5.589
train,860,4,neutral,1.771
train,860,5,neutral,2.389
train,860,6,neutral,0.789
train,860,7,neutral,1.152
train,860,8,neutral,4.523
train,860,9,surprise,0.661
train,860,10,neutral,1.963
train,860,11,disgust,1.92
train,860,12,neutral,2.837
train,860,13,surprise,0.832
train,860,14,joy,2.069
train,860,15,disgust,1.429
train,861,0,sadness,2.347
train,861,1,sadness,2.432
train,861,2,sadness,2.795
train,861,3,anger,6.315
train,861,4,surprise,1.131
train,861,5,surprise,1.045
train,861,6,neutral,1.045
train,861,7,neutral,2.048
train,861,8,anger,1.557
train,861,9,neutral,1.301
train,861,10,neutral,5.589
train,861,11,surprise,1.259
train,861,12,neutral,2.176
train,861,13,surprise,1.515
train,861,14,disgust,2.133
train,861,15,joy,1.792
train,861,16,joy,1.835
train,861,17,joy,3.221
train,861,18,neutral,3.051
train,862,0,neutral,1.643
train,862,1,surprise,1.515
train,862,2,surprise,9.856
train,862,3,neutral,3.072
train,863,0,neutral,5.483
train,863,1,neutral,3.179
train,863,2,neutral,6.677
train,863,3,neutral,2.517
train,863,4,joy,1.365
train,863,5,neutral,0.171
train,863,6,neutral,1.472
train,863,7,surprise,1.259
train,864,0,neutral,4.608
train,864,1,neutral,1.728
train,864,2,neutral,2.965
train,864,3,joy,4.437
train,864,4,anger,10.347
train,865,0,neutral,3.264
train,865,1,anger,5.056
train,865,2,neutral,5.44
train,865,3,anger,4.971
train,865,4,sadness,2.795
train,865,5,joy,2.923
train,865,6,neutral,1.387
train,866,0,surprise,1.856
train,866,1,neutral,2.133
train,866,2,joy,2.965
train,866,3,neutral,8.597
train,866,4,neutral,7.467
train,866,5,neutral,1.045
train,866,6,neutral,3.264
train,866,7,joy,1.557
train,866,8,joy,2.24
train,866,9,anger,1.6
train,866,10,sadness,4.096
train,867,0,neutral,1.173
train,867,1,anger,2.603
train,867,2,fear,1.728
train,867,3,anger,2.389
train,867,4,surprise,1.771
train,867,5,joy,1.685
train,867,6,neutral,2.347
train,867,7,anger,9.024
train,868,0,anger,3.179
train,868,1,neutral,1.131
train,868,2,neutral,3.691
train,868,3,neutral,3.221
train,869,0,surprise,1.344
train,869,1,surprise,3.861
train,869,2,anger,0.128
train,869,3,anger,3.136
train,869,4,neutral,3.477
train,869,5,fear,1.216
train,869,6,neutral,4.395
train,869,7,neutral,5.845
train,869,8,fear,2.645
train,869,9,disgust,7.019
train,869,10,disgust,4.181
train,869,11,anger,2.005
train,869,12,anger,2.837
train,869,13,anger,1.856
train,869,14,joy,2.645
train,869,15,disgust,10.603
train,869,16,disgust,3.52
train,869,17,neutral,2.688
train,870,0,neutral,6.059
train,870,1,neutral,2.645
train,870,2,neutral,7.509
train,870,3,neutral,1.515
train,870,4,neutral,5.056
train,870,5,neutral,2.645
train,870,6,neutral,3.221
train,870,7,neutral,1.643
train,871,0,neutral,3.883
train,871,1,sadness,3.563
train,871,2,neutral,6.101
train,871,3,neutral,5.973
train,871,4,neutral,4.267
train,871,5,neutral,7.061
train,871,6,neutral,3.477
train,871,7,neutral,1.792
train,871,8,neutral,7.808
train,871,9,neutral,3.797
train,871,10,sadness,4.139
train,872,0,sadness,6.016
train,872,1,surprise,5.013
train,872,2,joy,3.669
train,872,3,surprise,2.752
train,872,4,neutral,1.728
train,872,5,neutral,1.6
train,872,6,neutral,1.173
train,872,7,neutral,1.963
train,872,8,neutral,5.504
train,872,9,neutral,3.136
train,873,0,neutral,1.813
train,873,1,neutral,1.045
train,873,2,joy,1.131
train,873,3,neutral,2.091
train,873,4,surprise,4.309
train,873,5,anger,12.864
train,874,0,surprise,1.173
train,874,1,sadness,5.056
train,874,2,surprise,2.219
train,874,3,sadness,2.56
train,874,4,sadness,1.771
train,874,5,sadness,1.557
train,874,6,anger,0.811
train,874,7,sadness,2.517
train,874,8,anger,2.432
train,874,9,neutral,4.437
train,874,10,sadness,4.715
train,874,11,sadness,1.6
train,874,12,sadness,0.832
train,874,13,anger,2.368
train,874,14,neutral,10.901
train,874,15,neutral,2.688
train,875,0,neutral,2.347
train,875,1,joy,1.259
train,875,2,neutral,2.88
train,875,3,surprise,3.712
train,875,4,anger,1.195
train,875,5,surprise,1.515
train,875,6,anger,3.435
train,875,7,joy,5.184
train,875,8,anger,3.136
train,875,9,neutral,1.515
train,875,10,neutral,2.133
train,876,0,anger,9.856
train,876,1,anger,5.675
train,876,2,surprise,2.091
train,877,0,joy,1.003
train,877,1,surprise,4.139
train,877,2,joy,2.517
train,877,3,joy,1.963
train,877,4,joy,4.843
train,878,0,joy,0.832
train,878,1,neutral,0.491
train,878,2,neutral,3.093
train,878,3,neutral,14.571
train,879,0,neutral,0.789
train,879,1,neutral,1.707
train,879,2,neutral,3.435
train,880,0,surprise,1.131
train,880,1,neutral,2.261
train,880,2,joy,3.349
train,881,0,joy,4.715
train,882,0,neutral,1.6
train,883,0,neutral,3.52
train,883,1,neutral,3.669
train,883,2,neutral,0.683
train,883,3,neutral,0.512
train,883,4,neutral,0.597
train,883,5,neutral,1.259
train,883,6,neutral,2.389
train,883,7,neutral,1.771
train,884,0,neutral,1.984
train,884,1,joy,0.128
train,884,2,joy,1.045
train,884,3,surprise,1.877
train,884,4,neutral,2.304
train,884,5,surprise,8.107
train,884,6,neutral,6.016
train,884,7,surprise,1.003
train,884,8,anger,3.968
train,884,9,surprise,2.261
train,884,10,surprise,3.968
train,884,11,disgust,8.341
train,884,12,sadness,3.605
train,884,13,anger,5.013
train,884,14,neutral,8.235
train,884,15,surprise,2.304
train,884,16,neutral,4.053
train,884,17,neutral,1.003
train,885,0,joy,2.432
train,885,1,neutral,1.387
train,885,2,neutral,0.96
train,885,3,anger,2.88
train,885,4,anger,2.731
train,886,0,joy,1.173
train,886,1,joy,0.725
train,886,2,neutral,2.091
train,886,3,neutral,2.517
train,886,4,neutral,3.968
train,886,5,joy,2.048
train,886,6,neutral,2.88
train,886,7,joy,2.005
train,886,8,joy,0.384
train,886,9,joy,0.683
train,886,10,joy,1.301
train,886,11,joy,3.008
train,886,12,disgust,5.141
train,886,13,neutral,3.392
train,886,14,neutral,1.771
train,886,15,fear,1.877
train,886,16,surprise,2.048
train,886,17,joy,1.451
train,886,20,neutral,3.051
train,886,21,neutral,2.965
train,886,22,neutral,3.435
train,887,0,neutral,2.923
train,887,1,surprise,1.045
train,887,2,neutral,3.605
train,887,3,surprise,1.728
train,887,4,neutral,6.677
train,887,5,anger,4.8
train,887,6,anger,2.389
train,887,7,surprise,1.088
train,887,8,surprise,1.152
train,887,9,surprise,1.963
train,887,10,neutral,1.344
train,887,11,anger,1.472
train,887,12,neutral,2.688
train,887,13,neutral,2.091
train,888,0,sadness,3.179
train,888,1,anger,3.221
train,888,2,anger,6.443
train,888,3,anger,3.008
train,888,4,neutral,4.053
train,888,5,neutral,4.715
train,888,6,joy,3.392
train,888,7,neutral,1.899
train,888,8,neutral,0.213
train,888,9,neutral,2.091
train,888,10,neutral,1.771
train,888,11,neutral,3.84
train,888,12,neutral,3.541
train,888,13,neutral,0.363
train,888,14,joy,3.264
train,888,15,neutral,4.928
train,888,16,joy,1.728
train,888,17,anger,3.051
train,888,18,joy,3.051
train,888,19,joy,3.349
train,889,0,neutral,0.725
train,889,1,neutral,0.427
train,889,2,neutral,2.112
train,889,3,neutral,7.552
train,889,4,neutral,2.176
train,889,5,surprise,1.493
train,890,0,neutral,0.789
train,890,1,neutral,1.28
train,890,2,neutral,1.557
train,890,3,neutral,7.936
train,890,4,surprise,3.008
train,891,0,joy,2.923
train,891,1,neutral,2.56
train,891,2,surprise,0.704
train,891,3,surprise,0.363
train,891,4,surprise,1.024
train,891,5,joy,3.563
train,891,6,joy,1.515
train,892,0,neutral,7.637
train,892,1,neutral,3.712
train,892,2,neutral,1.152
train,892,3,neutral,3.84
train,892,4,neutral,2.965
train,892,5,neutral,4.352
train,892,6,surprise,2.155
train,892,7,neutral,2.624
train,892,8,neutral,1.771
train,892,9,neutral,0.555
train,892,10,anger,6.187
train,892,11,surprise,2.091
train,892,12,neutral,3.883
train,892,13,neutral,7.467
train,892,14,joy,3.221
train,892,15,joy,4.843
train,892,16,sadness,4.971
train,893,0,neutral,2.432
train,893,1,disgust,6.464
train,893,2,sadness,1.515
train,893,3,joy,1.109
train,893,4,joy,0.661
train,893,5,neutral,1.173
train,893,6,neutral,0.128
train,893,7,neutral,1.131
train,893,8,neutral,2.112
train,893,9,anger,3.563
train,893,10,joy,2.731
train,893,11,neutral,2.133
train,893,12,joy,5.845
train,893,13,joy,0.96
train,893,14,joy,2.709
train,893,15,joy,3.477
train,893,16,joy,1.259
train,893,17,joy,2.261
train,894,0,joy,2.645
train,895,0,fear,3.477
train,895,1,neutral,9.643
train,895,2,anger,2.603
train,895,3,surprise,2.411
train,895,4,neutral,1.451
train,895,5,neutral,1.365
train,895,6,neutral,3.541
train,895,7,neutral,3.797
train,895,8,anger,0.533
train,895,9,sadness,1.088
train,895,10,neutral,2.837
train,896,0,neutral,4.587
train,896,1,sadness,1.152
train,896,2,sadness,1.472
train,896,3,neutral,2.923
train,896,4,surprise,2.773
train,896,5,neutral,3.264
train,897,0,anger,4.011
train,897,1,neutral,2.389
train,897,2,sadness,3.925
train,897,3,neutral,2.923
train,897,4,neutral,1.835
train,897,5,neutral,1.387
train,897,6,neutral,2.603
train,897,7,joy,2.219
train,897,8,neutral,4.267
train,897,9,surprise,0.64
train,897,10,neutral,1.557
train,898,0,joy,3.307
train,898,1,joy,1.387
train,898,2,joy,5.184
train,898,3,neutral,2.645
train,898,4,disgust,6.4
train,899,0,neutral,1.216
train,899,1,neutral,2.475
train,900,0,neutral,1.984
train,900,1,neutral,1.643
train,900,2,neutral,3.264
train,900,3,neutral,2.432
train,900,4,joy,1.963
train,900,5,neutral,0.832
train,900,6,neutral,0.704
train,900,7,joy,2.645
train,900,8,joy,2.304
train,900,9,neutral,1.685
train,900,10,neutral,2.048
train,900,11,joy,4.8
train,900,12,surprise,1.259
train,900,13,neutral,2.731
train,900,14,neutral,1.131
train,900,15,neutral,1.515
train,901,0,anger,6.272
train,901,1,neutral,1.771
train,901,2,neutral,7.317
train,901,3,surprise,2.795
train,901,4,anger,2.752
train,901,5,disgust,7.061
train,901,6,neutral,2.603
train,901,7,neutral,4.971
train,901,8,neutral,1.835
train,901,9,anger,4.672
train,901,10,fear,7.189
train,901,11,surprise,1.771
train,901,12,neutral,7.68
train,901,13,sadness,2.048
train,901,14,sadness,6.315
train,901,15,surprise,1.387
train,901,16,neutral,1.643
train,901,17,sadness,3.051
train,902,0,anger,3.925
train,902,1,surprise,9.429
train,902,2,joy,6.229
train,902,3,neutral,1.344
train,902,4,neutral,2.688
train,902,5,anger,2.837
train,902,6,neutral,3.307
train,902,7,neutral,1.984
train,902,8,neutral,4.139
train,902,9,joy,3.797
train,902,10,joy,1.045
train,902,11,joy,7.851
train,902,12,joy,1.216
train,902,13,joy,0.277
train,902,14,joy,0.469
train,902,15,anger,3.307
train,902,16,joy,1.685
train,903,0,neutral,3.605
train,903,1,joy,12.736
train,903,2,anger,2.304
train,904,0,neutral,0.917
train,904,1,neutral,2.411
train,904,2,sadness,4.053
train,904,3,sadness,3.221
train,904,4,disgust,1.003
train,904,5,joy,2.069
train,904,6,joy,4.48
train,904,7,anger,17.984
train,905,0,sadness,2.965
train,905,1,neutral,1.408
train,905,2,anger,2.219
train,905,3,disgust,4.629
train,905,4,joy,1.728
train,905,5,neutral,7.061
train,905,6,neutral,3.648
train,905,7,neutral,3.648
train,905,8,joy,2.944
train,905,9,anger,0.128
train,905,10,neutral,2.091
train,905,11,joy,4.053
train,905,12,joy,2.432
train,905,13,joy,1.728
train,905,14,joy,1.131
train,905,15,disgust,4.267
train,905,16,joy,2.304
train,906,0,neutral,2.261
train,906,1,neutral,2.752
train,906,2,neutral,1.835
train,906,3,neutral,1.173
train,906,4,surprise,2.645
train,906,5,surprise,4.565
train,907,0,neutral,6.229
train,907,1,anger,4.352
train,907,2,neutral,1.728
train,907,3,anger,3.093
train,907,4,anger,2.923
train,907,5,anger,3.392
train,907,6,surprise,1.472
train,907,7,anger,5.056
train,907,8,surprise,2.923
train,907,9,disgust,3.925
train,907,10,neutral,2.475
train,907,11,anger,3.648
train,907,12,fear,1.728
train,907,13,neutral,3.136
train,908,0,fear,1.301
train,908,1,neutral,0.896
train,908,2,surprise,0.939
train,908,3,neutral,0.128
train,908,4,surprise,1.003
train,908,5,neutral,0.704
train,908,6,surprise,3.712
train,908,7,anger,11.307
train,908,8,neutral,2.688
train,908,9,neutral,1.472
train,908,10,neutral,1.877
train,908,11,neutral,3.221
train,908,12,joy,11.477
train,908,13,anger,2.048
train,908,14,anger,7.019
train,908,15,anger,6.763
train,908,16,surprise,1.472
train,909,0,joy,10.816
train,909,1,neutral,0.811
train,909,2,neutral,1.472
train,909,3,neutral,0.747
train,909,4,neutral,0.469
train,909,5,neutral,1.664
train,909,6,neutral,2.432
train,909,7,neutral,1.813
train,909,8,neutral,3.477
train,910,0,neutral,1.173
train,910,1,neutral,1.387
train,910,2,joy,2.56
train,910,3,surprise,2.923
train,910,4,neutral,0.555
train,910,5,joy,1.771
train,910,6,joy,7.232
train,910,7,joy,3.435
train,910,8,joy,2.645
train,910,9,neutral,4.267
train,910,10,surprise,3.541
train,910,11,neutral,0.448
train,910,12,joy,3.435
train,910,13,joy,4.715
train,910,14,joy,2.219
train,911,0,joy,12.309
train,911,1,fear,7.104
train,911,2,surprise,1.045
train,911,3,neutral,0.981
train,911,4,neutral,8.32
train,911,5,disgust,2.88
train,912,0,surprise,0.96
train,912,1,surprise,2.901
train,912,2,surprise,2.837
train,912,3,anger,1.493
train,912,4,surprise,2.56
train,912,5,neutral,3.093
train,912,6,neutral,2.837
train,912,7,neutral,7.467
train,913,0,anger,2.005
train,913,1,neutral,1.792
train,913,2,anger,3.648
train,913,3,anger,3.349
train,913,4,neutral,2.389
train,913,5,neutral,3.947
train,913,6,neutral,2.667
train,913,7,neutral,3.883
train,913,8,joy,7.019
train,913,9,neutral,1.173
train,913,10,neutral,3.264
train,913,11,joy,2.965
train,913,12,joy,3.307
train,913,13,neutral,2.517
train,913,14,neutral,1.685
train,914,0,joy,9.557
train,914,1,neutral,1.045
train,914,2,neutral,2.965
train,915,0,neutral,1.515
train,915,1,neutral,1.472
train,915,2,neutral,5.013
train,915,3,fear,1.877
train,915,4,fear,7.424
train,915,5,neutral,2.731
train,915,6,neutral,2.048
train,915,7,fear,1.28
train,915,8,neutral,2.133
train,915,9,fear,2.432
train,916,0,joy,9.472
train,916,1,neutral,2.688
train,916,2,joy,14.187
train,916,3,joy,4.181
train,916,4,neutral,1.685
train,916,5,neutral,5.013
train,916,6,joy,4.267
train,916,7,neutral,2.965
train,916,8,surprise,1.557
train,916,9,neutral,3.883
train,916,10,joy,6.144
train,916,11,neutral,11.115
train,916,12,fear,4.971
train,916,13,sadness,3.221
train,917,0,neutral,2.475
train,917,1,joy,2.517
train,917,2,joy,4.48
train,917,3,anger,0.619
train,917,4,surprise,0.363
train,917,5,joy,1.067
train,918,0,neutral,2.219
train,918,1,neutral,8.149
train,918,2,neutral,5.803
train,918,3,neutral,5.717
train,918,4,surprise,1.685
train,918,5,anger,2.752
train,918,6,neutral,7.765
train,918,7,anger,1.899
train,918,8,sadness,1.173
train,918,9,anger,1.195
train,918,10,anger,2.539
train,918,11,sadness,6.549
train,918,12,neutral,7.637
train,919,0,surprise,3.008
train,919,1,neutral,1.259
train,920,0,sadness,8.277
train,920,1,surprise,4.928
train,920,2,neutral,1.771
train,920,3,surprise,2.731
train,920,4,neutral,1.131
train,921,0,surprise,3.925
train,921,1,fear,2.56
train,921,2,surprise,1.963
train,921,3,sadness,3.605
train,921,4,disgust,5.099
train,921,5,sadness,0.704
train,921,6,fear,2.411
train,921,7,sadness,8.021
train,921,8,sadness,1.173
train,921,9,sadness,5.717
train,921,10,anger,3.179
train,922,0,joy,1.152
train,922,1,neutral,0.789
train,922,2,neutral,3.136
train,922,3,sadness,2.88
train,922,4,neutral,2.283
train,922,5,surprise,0.128
train,922,6,neutral,4.096
train,922,7,neutral,1.643
train,922,8,neutral,1.109
train,923,0,neutral,2.176
train,923,1,sadness,7.381
train,923,2,fear,6.101
train,923,3,joy,3.392
train,923,4,sadness,6.805
train,923,5,disgust,6.848
train,923,6,surprise,8.064
train,923,7,neutral,3.392
train,923,8,joy,3.925
train,923,9,anger,7.851
train,923,10,anger,2.709
train,923,11,neutral,0.405
train,923,12,sadness,9.024
train,923,13,joy,2.795
train,924,0,joy,5.099
train,924,1,joy,2.688
train,924,2,neutral,3.179
train,924,3,neutral,1.643
train,924,4,neutral,8.107
train,924,5,sadness,4.437
train,924,6,sadness,3.264
train,925,0,neutral,1.92
train,925,1,neutral,6.144
train,925,2,neutral,5.397
train,925,3,neutral,0.789
train,925,4,neutral,2.709
train,925,5,joy,0.405
train,925,6,neutral,1.109
train,925,7,joy,0.32
train,925,8,neutral,0.555
train,926,0,neutral,2.645
train,926,1,sadness,2.965
train,926,2,sadness,3.264
train,926,3,neutral,2.133
train,926,4,anger,3.307
train,926,5,sadness,3.925
train,926,6,neutral,1.557
train,926,7,neutral,3.52
train,926,8,neutral,3.264
train,926,9,neutral,3.264
train,926,10,joy,3.179
train,926,11,neutral,0.64
train,926,12,neutral,1.216
train,926,13,joy,0.747
train,926,14,joy,0.448
train,926,15,neutral,1.024
train,926,16,neutral,3.307
train,926,17,surprise,3.221
train,927,0,neutral,2.965
train,927,1,neutral,2.88
train,927,2,surprise,1.173
train,927,3,neutral,1.045
train,927,4,surprise,4.715
train,928,0,disgust,5.803
train,928,1,neutral,2.048
train,928,2,neutral,1.045
train,928,3,joy,0.768
train,928,4,anger,1.387
train,928,5,neutral,1.813
train,929,0,joy,2.88
train,929,1,anger,4.48
train,929,2,neutral,1.728
train,929,3,neutral,3.691
train,929,4,neutral,5.227
train,929,5,neutral,1.877
train,930,0,joy,2.475
train,930,1,neutral,3.307
train,930,2,neutral,1.856
train,930,3,neutral,1.259
train,930,4,neutral,2.005
train,930,5,neutral,1.92
train,930,6,neutral,4.053
train,930,7,neutral,0.811
train,930,8,neutral,1.941
train,930,9,joy,2.091
train,930,10,neutral,2.837
train,930,11,neutral,2.005
train,930,12,neutral,2.347
train,930,13,anger,3.349
train,930,14,neutral,5.845
train,930,15,anger,2.731
train,931,0,joy,2.347
train,931,1,anger,4.224
train,931,2,disgust,1.685
train,932,0,joy,4.928
train,932,1,anger,2.005
train,932,2,joy,0.64
train,932,3,joy,0.64
train,932,4,anger,5.056
train,932,5,fear,3.477
train,932,6,anger,2.048
train,932,7,anger,2.965
train,932,8,anger,2.347
train,932,9,neutral,6.229
train,932,10,anger,3.563
train,932,11,neutral,4.011
train,932,12,joy,1.131
train,932,13,neutral,1.493
train,932,14,neutral,1.451
train,932,15,neutral,3.264
train,932,16,neutral,2.389
train,933,0,joy,3.093
train,933,1,joy,2.517
train,933,2,neutral,2.965
train,933,3,neutral,2.219
train,933,4,joy,1.557
train,933,5,neutral,0.661
train,933,6,neutral,0.619
train,933,7,neutral,2.475
train,933,8,neutral,1.301
train,933,9,neutral,1.515
train,933,10,surprise,1.344
train,933,11,anger,1.344
train,933,12,anger,2.517
train,933,13,neutral,1.963
train,933,14,anger,4.8
train,933,15,sadness,3.648
train,933,16,surprise,1.984
train,933,17,neutral,0.768
train,933,18,neutral,0.64
train,933,19,neutral,0.875
train,934,0,neutral,2.475
train,934,1,neutral,2.731
train,934,2,neutral,1.728
train,934,3,neutral,8.512
train,934,4,surprise,6.187
train,935,0,neutral,1.643
train,935,1,neutral,0.149
train,935,2,anger,3.435
train,935,3,neutral,9.899
train,935,4,sadness,7.275
train,935,5,neutral,1.963
train,935,6,neutral,1.344
train,935,7,sadness,1.365
train,935,8,anger,1.877
train,935,9,joy,3.435
train,935,10,joy,3.307
train,935,11,neutral,2.432
train,935,12,joy,8.149
train,935,13,neutral,1.643
train,936,0,neutral,2.048
train,936,1,surprise,2.752
train,936,2,neutral,2.048
train,936,3,surprise,2.261
train,936,4,neutral,1.963
train,936,5,neutral,3.648
train,936,6,fear,2.048
train,936,7,fear,1.216
train,936,8,sadness,1.899
train,936,9,neutral,4.309
train,936,10,sadness,3.221
train,936,11,sadness,7.189
train,936,12,sadness,3.797
train,936,13,surprise,1.045
train,936,14,sadness,3.008
train,936,15,sadness,0.811
train,936,16,anger,4.267
train,936,17,anger,2.539
train,936,18,sadness,0.128
train,936,19,sadness,5.675
train,936,20,anger,8.597
train,936,21,joy,7.36
train,937,0,neutral,1.579
train,937,1,neutral,3.328
train,937,2,neutral,1.003
train,937,3,neutral,6.229
train,937,4,neutral,0.555
train,937,5,neutral,1.067
train,937,6,neutral,2.965
train,938,0,neutral,9.067
train,938,1,sadness,2.176
train,938,2,sadness,2.731
train,938,3,joy,0.491
train,938,4,joy,1.536
train,938,5,neutral,2.176
train,938,6,neutral,1.771
train,938,7,surprise,2.752
train,938,8,surprise,1.963
train,938,9,neutral,4.523
train,939,0,anger,0.661
train,939,1,neutral,1.003
train,939,2,neutral,4.309
train,939,3,fear,2.475
train,939,4,surprise,1.856
train,939,5,joy,2.133
train,939,6,surprise,0.811
train,939,7,joy,3.605
train,939,8,sadness,3.797
train,939,9,sadness,3.712
train,939,10,neutral,9.472
train,939,11,sadness,2.688
train,939,12,surprise,3.648
train,939,13,surprise,2.475
train,939,14,joy,2.261
train,939,15,neutral,5.227
train,939,16,surprise,7.36
train,939,17,joy,3.221
train,939,18,neutral,2.176
train,939,19,neutral,2.219
train,939,20,neutral,1.835
train,940,0,sadness,1.877
train,940,1,neutral,0.704
train,940,2,joy,2.645
train,940,3,neutral,6.507
train,940,4,neutral,1.771
train,940,5,neutral,3.605
train,940,6,joy,5.312
train,940,7,neutral,3.605
train,940,8,neutral,6.592
train,941,0,neutral,5.355
train,941,1,neutral,2.133
train,941,2,surprise,2.603
train,941,3,neutral,1.771
train,941,4,neutral,2.923
train,941,5,neutral,3.563
train,941,6,neutral,2.219
train,941,7,neutral,2.795
train,941,8,neutral,1.771
train,941,9,neutral,3.264
train,941,10,neutral,10.56
train,941,11,neutral,9.856
train,941,12,neutral,1.643
train,941,13,joy,4.523
train,941,14,joy,16.448
train,942,0,neutral,4.843
train,942,1,surprise,1.472
train,942,2,neutral,10.304
train,942,3,surprise,1.173
train,942,4,neutral,3.264
train,942,5,surprise,1.728
train,942,6,neutral,2.88
train,942,7,neutral,8.725
train,942,8,neutral,3.712
train,943,0,neutral,3.051
train,943,1,anger,2.048
train,943,2,neutral,2.752
train,943,3,neutral,1.92
train,943,4,surprise,1.685
train,943,5,neutral,2.048
train,944,0,neutral,1.643
train,944,1,anger,4.565
train,945,0,disgust,2.432
train,945,1,sadness,1.643
train,945,2,sadness,8.149
train,945,3,joy,5.717
train,945,4,sadness,2.688
train,945,5,disgust,6.72
train,945,6,anger,3.051
train,945,7,fear,2.88
train,945,8,anger,2.133
train,945,9,neutral,5.099
train,945,10,joy,4.395
train,945,11,joy,3.051
train,945,12,neutral,1.771
train,945,13,joy,1.557
train,945,14,neutral,1.6
train,945,15,neutral,1.259
train,946,0,neutral,2.176
train,946,1,surprise,0.363
train,946,2,neutral,1.664
train,946,3,surprise,3.691
train,946,4,neutral,0.128
train,946,5,neutral,7.189
train,946,6,joy,4.053
train,946,7,anger,2.347
train,946,8,joy,1.536
train,946,9,anger,1.131
train,946,10,neutral,0.619
train,946,11,anger,0.341
train,946,12,joy,0.192
train,946,13,anger,0.128
train,946,14,joy,0.939
train,946,15,joy,1.088
train,946,16,surprise,2.389
train,947,0,neutral,3.008
train,947,1,surprise,2.091
train,947,2,neutral,8.768
train,947,3,joy,2.965
train,947,4,anger,2.731
train,947,5,joy,2.603
train,947,6,disgust,8.981
train,947,7,joy,5.483
train,947,8,neutral,6.635
train,947,9,neutral,0.747
train,947,10,neutral,1.451
train,947,11,neutral,11.648
train,947,12,neutral,2.261
train,947,13,neutral,0.555
train,947,14,neutral,1.941
train,947,15,joy,2.048
train,948,0,neutral,5.717
train,948,1,neutral,6.315
train,948,2,neutral,3.883
train,948,3,joy,1.216
train,948,4,surprise,1.451
train,948,5,joy,4.011
train,948,6,joy,0.555
train,948,7,joy,2.261
train,948,8,joy,7.552
train,948,9,joy,4.48
train,948,10,joy,1.024
train,948,11,neutral,0.469
train,948,12,neutral,5.931
train,948,13,neutral,2.88
train,948,14,neutral,4.928
train,948,15,neutral,1.301
train,949,0,sadness,6.187
train,949,1,neutral,2.731
train,949,2,joy,1.963
train,949,3,joy,1.963
train,949,4,neutral,3.477
train,949,5,neutral,2.219
train,949,6,sadness,3.392
train,949,7,neutral,4.267
train,949,8,neutral,0.96
train,949,9,neutral,2.091
train,949,10,joy,3.883
train,949,11,neutral,3.691
train,949,12,neutral,1.771
train,950,0,surprise,2.048
train,950,1,sadness,2.923
train,950,2,anger,2.752
train,950,3,disgust,6.101
train,950,4,sadness,2.645
train,950,5,anger,1.92
train,950,6,joy,7.275
train,950,7,sadness,3.925
train,950,8,joy,4.224
train,950,9,joy,2.944
train,950,10,joy,0.128
train,950,11,joy,2.091
train,950,12,joy,3.883
train,950,13,joy,2.176
train,950,14,joy,2.923
train,950,15,joy,2.304
train,950,16,neutral,3.392
train,950,17,neutral,2.965
train,951,0,anger,1.813
train,951,1,surprise,1.045
train,952,0,neutral,1.003
train,952,1,neutral,2.581
train,952,2,joy,6.016
train,952,3,neutral,6.144
train,952,4,neutral,3.691
train,952,5,disgust,1.6
train,952,6,neutral,3.008
train,953,0,neutral,2.432
train,953,1,neutral,2.603
train,953,2,neutral,0.64
train,953,3,neutral,1.792
train,953,4,surprise,0.747
train,953,5,neutral,3.883
train,953,6,anger,3.328
train,953,7,sadness,11.221
train,953,8,neutral,2.069
train,953,9,neutral,1.707
train,953,10,fear,0.555
train,953,11,sadness,3.605
train,953,12,anger,2.432
train,953,13,neutral,1.728
train,953,14,surprise,3.819
train,953,15,surprise,1.237
train,953,16,surprise,0.128
train,953,17,neutral,1.6
train,953,18,neutral,2.475
train,953,19,neutral,1.771
train,953,20,sadness,3.925
train,953,21,neutral,2.688
train,953,22,neutral,2.389
train,954,0,joy,8.811
train,954,1,neutral,4.096
train,954,2,neutral,1.045
train,954,3,neutral,0.192
train,954,4,sadness,9.685
train,954,5,surprise,1.6
train,955,0,surprise,2.688
train,955,1,anger,3.093
train,955,2,anger,7.104
train,955,3,anger,1.344
train,955,4,neutral,2.837
train,955,5,anger,2.389
train,955,6,anger,3.179
train,956,0,surprise,2.069
train,956,1,neutral,2.837
train,956,2,surprise,1.685
train,956,3,neutral,3.093
train,956,4,anger,3.605
train,956,5,neutral,4.096
train,956,6,neutral,5.227
train,956,7,neutral,1.387
train,956,8,neutral,2.347
train,956,9,neutral,1.301
train,956,10,neutral,1.451
train,956,11,neutral,0.128
train,956,12,neutral,3.563
train,956,13,neutral,4.629
train,956,14,neutral,3.52
train,956,15,surprise,0.789
train,956,16,neutral,1.621
train,957,0,sadness,1.003
train,957,1,sadness,4.672
train,958,0,sadness,4.672
train,959,0,neutral,4.48
train,959,1,sadness,1.685
train,959,2,neutral,2.347
train,959,3,neutral,1.557
train,959,4,joy,1.92
train,959,5,neutral,2.389
train,959,6,neutral,8.384
train,959,7,neutral,9.899
train,959,8,neutral,3.221
train,959,9,joy,8.725
train,960,0,anger,3.136
train,960,1,neutral,3.797
train,960,2,neutral,2.432
train,960,3,disgust,3.221
train,960,4,disgust,2.091
train,960,5,disgust,2.965
train,960,6,anger,2.347
train,960,7,surprise,5.675
train,960,8,neutral,1.835
train,960,9,anger,4.715
train,960,10,neutral,3.52
train,961,0,neutral,1.344
train,961,1,anger,4.715
train,961,2,neutral,2.517
train,961,3,anger,1.045
train,961,4,anger,1.515
train,961,5,surprise,0.597
train,961,6,sadness,8.384
train,961,7,neutral,2.048
train,961,8,sadness,2.923
train,961,9,surprise,2.304
train,961,10,sadness,6.016
train,961,11,neutral,5.931
train,961,12,neutral,1.429
train,961,13,neutral,1.643
train,961,14,surprise,1.643
train,962,0,joy,0.981
train,962,1,neutral,1.835
train,962,2,joy,5.845
train,962,3,joy,1.6
train,962,4,joy,4.352
train,962,5,neutral,2.731
train,963,0,anger,9.685
train,963,1,surprise,0.555
train,963,2,anger,0.597
train,963,3,anger,1.856
train,963,4,anger,1.771
train,963,5,neutral,0.213
train,963,6,anger,2.475
train,963,7,neutral,1.557
train,963,8,anger,1.963
train,963,9,disgust,6.507
train,964,0,neutral,7.232
train,964,1,joy,1.771
train,964,2,joy,4.693
train,964,3,neutral,1.728
train,964,4,surprise,2.261
train,964,5,neutral,1.941
train,964,6,surprise,0.128
train,964,7,sadness,2.133
train,964,8,sadness,0.981
train,964,9,anger,0.256
train,964,10,sadness,1.963
train,964,11,disgust,0.981
train,964,12,sadness,1.045
train,964,13,neutral,3.755
train,964,14,neutral,1.472
train,964,15,sadness,1.6
train,964,16,sadness,2.219
train,964,17,neutral,3.605
train,965,0,fear,2.283
train,965,1,neutral,0.939
train,965,2,joy,0.853
train,965,3,joy,9.643
train,965,4,neutral,1.557
train,965,5,neutral,5.269
train,965,6,surprise,7.061
train,966,0,joy,7.467
train,966,1,surprise,4.011
train,966,2,neutral,1.685
train,966,3,surprise,0.299
train,966,4,surprise,2.069
train,966,5,surprise,5.44
train,966,6,neutral,2.56
train,966,7,neutral,0.469
train,967,0,surprise,1.856
train,967,1,surprise,1.728
train,967,2,surprise,1.621
train,967,3,surprise,1.813
train,967,4,joy,6.485
train,967,5,neutral,0.811
train,967,6,joy,2.069
train,967,7,joy,0.96
train,967,8,surprise,2.304
train,967,9,surprise,1.963
train,968,0,neutral,1.877
train,968,1,surprise,0.768
train,968,2,sadness,3.861
train,968,3,surprise,2.56
train,968,4,surprise,1.813
train,968,5,neutral,2.645
train,968,6,neutral,0.64
train,968,7,joy,1.941
train,969,0,anger,3.477
train,969,1,neutral,3.84
train,969,2,neutral,3.307
train,969,3,joy,4.309
train,969,4,neutral,1.216
train,969,5,joy,1.365
train,969,6,neutral,1.792
train,970,0,neutral,2.645
train,971,0,neutral,4.629
train,971,1,sadness,0.917
train,971,2,anger,1.536
train,972,0,neutral,5.355
train,972,1,neutral,1.152
train,972,2,joy,2.091
train,972,3,neutral,3.883
train,972,4,neutral,0.96
train,972,5,neutral,1.259
train,972,6,joy,5.888
train,972,7,sadness,2.965
train,972,8,joy,4.843
train,972,9,joy,9.685
train,972,10,surprise,1.92
train,972,11,neutral,6.763
train,973,0,neutral,3.52
train,973,1,neutral,4.139
train,973,2,neutral,6.016
train,973,3,neutral,1.685
train,973,4,joy,2.475
train,973,5,anger,5.227
train,973,6,sadness,2.517
train,973,7,neutral,1.941
train,973,8,neutral,2.923
train,973,9,neutral,1.088
train,973,10,neutral,7.147
train,973,11,sadness,12.309
train,973,12,joy,12.608
train,973,13,sadness,2.347
train,973,14,neutral,3.712
train,973,15,neutral,1.088
train,973,16,joy,2.56
train,973,17,neutral,4.971
train,973,18,disgust,3.563
train,974,0,neutral,1.877
train,974,1,neutral,3.051
train,975,0,neutral,3.051
train,975,1,neutral,0.619
train,975,2,neutral,0.96
train,975,3,joy,2.219
train,975,4,neutral,0.491
train,975,5,neutral,1.216
train,975,6,neutral,2.517
train,976,0,joy,6.443
train,976,1,neutral,2.88
train,976,2,neutral,4.139
train,976,3,neutral,1.685
train,976,4,neutral,1.877
train,976,5,neutral,4.096
train,976,6,neutral,2.496
train,976,7,neutral,1.792
train,976,8,surprise,1.728
train,976,9,disgust,13.184
train,976,10,sadness,7.851
train,976,11,neutral,1.429
train,976,12,fear,3.84
train,977,0,sadness,0.747
train,977,1,neutral,1.792
train,977,2,surprise,1.045
train,977,3,anger,3.755
train,977,4,anger,3.563
train,977,5,joy,1.728
train,977,6,anger,2.304
train,977,7,neutral,9.109
train,977,8,neutral,2.731
train,977,9,neutral,1.301
train,977,10,sadness,2.475
train,977,11,surprise,1.472
train,977,12,surprise,1.259
train,977,13,joy,3.051
train,977,14,neutral,3.563
train,978,0,surprise,2.133
train,978,1,joy,1.984
train,978,2,neutral,3.136
train,978,3,joy,4.843
train,978,4,joy,1.088
train,978,5,neutral,0.448
train,978,6,surprise,2.325
train,978,7,neutral,1.835
train,978,8,surprise,2.88
train,978,9,neutral,1.344
train,978,10,joy,1.515
train,979,0,surprise,3.392
train,979,1,joy,1.685
train,979,2,joy,6.72
train,979,3,surprise,1.216
train,979,4,joy,3.52
train,979,5,neutral,1.515
train,979,6,neutral,2.475
train,980,0,neutral,1.728
train,980,1,neutral,0.533
train,980,2,neutral,1.216
train,980,3,sadness,2.475
train,980,4,disgust,3.563
train,980,5,anger,6.443
train,980,6,neutral,5.504
train,980,7,neutral,4.011
train,980,8,neutral,1.216
train,980,9,neutral,7.317
train,980,10,fear,3.648
train,980,11,sadness,2.005
train,981,0,neutral,1.301
train,981,1,sadness,2.496
train,981,2,surprise,2.005
train,981,3,sadness,2.027
train,981,4,surprise,2.389
train,982,0,neutral,2.133
train,982,1,neutral,5.397
train,982,2,neutral,0.96
train,982,3,joy,1.301
train,982,4,surprise,0.363
train,982,5,neutral,2.005
train,982,6,neutral,2.304
train,982,7,surprise,1.557
train,982,8,neutral,0.768
train,982,9,surprise,1.984
train,982,10,joy,2.432
train,983,0,surprise,1.579
train,983,1,neutral,1.003
train,983,2,anger,3.093
train,983,3,sadness,5.312
train,983,4,sadness,3.605
train,983,5,anger,6.976
train,983,6,sadness,1.387
train,983,7,anger,3.669
train,984,0,joy,1.877
train,984,1,neutral,5.013
train,984,2,neutral,1.685
train,984,3,neutral,3.349
train,984,4,neutral,3.605
train,984,5,joy,2.795
train,985,0,sadness,4.267
train,985,1,neutral,3.307
train,985,2,surprise,2.56
train,985,3,sadness,9.024
train,985,4,anger,1.131
train,986,0,surprise,9.109
train,986,1,surprise,3.093
train,986,2,joy,2.304
train,986,3,surprise,1.728
train,986,4,joy,1.451
train,986,5,neutral,1.003
train,986,6,neutral,1.472
train,986,7,neutral,0.747
train,986,8,neutral,1.579
train,986,9,neutral,2.176
train,986,10,neutral,2.517
train,986,11,neutral,2.837
train,986,12,surprise,3.925
train,986,13,neutral,1.707
train,986,14,neutral,1.365
train,986,15,neutral,3.179
train,986,16,joy,2.965
train,987,0,neutral,6.549
train,988,0,neutral,3.648
train,988,1,surprise,1.643
train,988,2,surprise,3.051
train,988,3,sadness,6.635
train,988,4,sadness,5.547
train,988,5,neutral,1.728
train,988,6,sadness,3.264
train,988,7,neutral,2.005
train,989,0,surprise,2.923
train,989,1,neutral,2.304
train,989,2,sadness,3.051
train,989,3,fear,3.968
train,989,4,fear,0.917
train,989,5,neutral,0.789
train,989,6,neutral,1.088
train,989,7,neutral,0.661
train,989,8,fear,0.875
train,989,9,surprise,0.427
train,989,10,fear,1.515
train,989,11,fear,1.387
train,990,0,neutral,6.805
train,990,1,neutral,5.632
train,990,2,neutral,2.88
train,990,3,neutral,4.843
train,990,4,neutral,3.307
train,990,5,neutral,3.008
train,990,6,sadness,6.4
train,990,7,neutral,2.432
train,990,8,neutral,0.811
train,990,9,neutral,1.643
train,990,10,neutral,3.883
train,990,11,neutral,0.299
train,990,12,neutral,0.768
train,990,13,neutral,2.389
train,990,14,neutral,2.389
train,990,15,neutral,6.72
train,990,16,joy,1.216
train,990,17,neutral,1.835
train,990,18,neutral,0.896
train,990,19,anger,0.725
train,991,0,neutral,1.045
train,991,1,neutral,3.136
train,991,2,neutral,5.184
train,991,3,neutral,0.896
train,991,4,neutral,2.389
train,991,5,neutral,1.877
train,991,6,neutral,1.792
train,991,7,surprise,9.856
train,991,8,surprise,0.725
train,991,9,neutral,1.643
train,991,10,neutral,4.352
train,991,11,joy,1.856
train,991,12,neutral,5.312
train,991,13,joy,2.091
train,991,14,joy,2.347
train,992,0,neutral,1.28
train,992,1,neutral,0.405
train,992,2,neutral,2.389
train,992,3,joy,2.752
train,992,4,neutral,2.304
train,992,5,neutral,1.088
train,992,6,neutral,2.603
train,992,7,neutral,1.771
train,992,8,disgust,1.045
train,992,9,disgust,1.173
train,992,10,sadness,1.387
train,992,11,neutral,0.427
train,992,12,neutral,0.896
train,992,13,neutral,5.227
train,992,14,disgust,1.792
train,992,15,sadness,1.173
train,993,0,joy,1.109
train,993,1,joy,0.128
train,993,2,neutral,1.045
train,993,3,neutral,2.603
train,994,0,fear,1.92
train,994,1,neutral,2.795
train,994,2,sadness,2.347
train,994,3,anger,2.965
train,994,4,neutral,3.883
train,994,5,neutral,2.603
train,994,6,anger,4.629
train,995,0,anger,6.443
train,995,1,neutral,6.507
train,996,0,surprise,2.091
train,996,1,neutral,6.144
train,996,2,joy,1.301
train,996,3,anger,4.267
train,996,4,anger,10.219
train,996,5,neutral,1.173
train,996,6,sadness,5.888
train,996,7,anger,3.52
train,996,8,anger,1.6
train,996,9,anger,1.515
train,996,10,anger,5.653
train,996,11,anger,2.56
train,996,12,neutral,4.715
train,996,13,anger,1.877
train,996,14,neutral,1.173
train,996,15,anger,0.128
train,996,16,anger,4.523
train,996,17,anger,2.667
train,996,18,anger,0.149
train,996,19,anger,5.632
train,996,20,sadness,2.261
train,997,0,neutral,1.515
train,997,1,neutral,1.685
train,997,2,joy,2.432
train,997,3,anger,6.933
train,997,4,neutral,1.685
train,997,5,surprise,1.216
train,997,6,neutral,5.675
train,997,7,fear,1.557
train,997,8,surprise,2.752
train,997,9,anger,1.301
train,998,0,surprise,1.685
train,998,1,neutral,2.048
train,998,2,surprise,1.387
train,999,0,neutral,3.435
train,999,1,neutral,1.963
train,999,2,neutral,2.581
train,999,3,surprise,0.875
train,999,4,neutral,5.483
train,1000,0,disgust,4.011
train,1000,1,disgust,2.261
train,1000,2,anger,3.605
train,1000,3,neutral,5.141
train,1001,0,neutral,1.088
train,1001,1,neutral,5.184
train,1001,2,neutral,3.093
train,1001,3,joy,2.965
train,1001,4,sadness,2.752
train,1001,5,joy,2.133
train,1001,6,joy,2.859
train,1001,7,joy,2.923
train,1001,8,neutral,0.939
train,1001,9,neutral,0.128
train,1001,10,joy,1.515
train,1001,11,neutral,2.603
train,1002,0,neutral,1.899
train,1002,1,joy,2.261
train,1002,2,joy,1.472
train,1002,3,neutral,3.051
train,1002,4,joy,2.432
train,1002,5,joy,4.053
train,1003,0,neutral,4.224
train,1003,1,neutral,1.173
train,1003,2,neutral,3.051
train,1003,3,neutral,4.928
train,1003,4,neutral,5.76
train,1003,5,neutral,3.755
train,1003,6,joy,2.091
train,1003,7,surprise,2.795
train,1004,0,neutral,1.835
train,1004,1,joy,3.883
train,1004,2,neutral,3.925
train,1005,0,neutral,1.557
train,1005,1,joy,2.005
train,1005,2,joy,4.48
train,1005,3,neutral,1.728
train,1005,4,neutral,1.045
train,1005,5,neutral,1.813
train,1005,6,disgust,2.837
train,1005,7,neutral,2.219
train,1005,8,neutral,2.56
train,1005,9,neutral,5.888
train,1005,10,joy,2.133
train,1005,11,anger,6.635
train,1005,12,neutral,2.304
train,1005,13,disgust,2.731
train,1005,14,anger,2.261
train,1005,15,neutral,5.589
train,1005,16,anger,6.592
train,1005,17,neutral,2.923
train,1005,18,joy,1.685
train,1005,19,neutral,0.811
train,1005,20,anger,1.685
train,1005,21,disgust,5.803
train,1006,0,sadness,4.928
train,1006,1,joy,4.053
train,1006,2,sadness,2.56
train,1006,3,neutral,4.715
train,1006,4,neutral,2.432
train,1006,5,neutral,2.347
train,1007,0,neutral,2.752
train,1007,1,sadness,1.173
train,1007,2,sadness,8.021
train,1007,3,anger,4.885
train,1007,4,joy,3.179
train,1007,5,sadness,5.483
train,1007,6,sadness,8.64
train,1007,7,sadness,3.051
train,1007,8,sadness,2.475
train,1007,9,neutral,3.179
train,1007,10,anger,1.771
train,1007,11,anger,2.24
train,1007,12,sadness,0.128
train,1007,13,sadness,4.565
train,1007,14,sadness,8.811
train,1007,15,neutral,1.515
train,1008,0,surprise,1.472
train,1008,1,surprise,11.179
train,1008,2,joy,3.349
train,1008,3,neutral,0.768
train,1008,4,neutral,0.32
train,1008,5,neutral,0.704
train,1008,6,neutral,3.136
train,1008,7,neutral,1.344
train,1008,8,surprise,0.981
train,1008,9,neutral,3.093
train,1009,0,sadness,5.099
train,1009,1,neutral,5.355
train,1009,2,joy,1.92
train,1009,3,neutral,0.661
train,1009,4,neutral,1.579
train,1009,5,neutral,1.259
train,1009,6,joy,3.029
train,1009,7,sadness,7.979
train,1009,8,surprise,3.349
train,1009,9,surprise,4.885
train,1009,10,joy,2.752
train,1009,11,joy,1.323
train,1009,12,surprise,1.877
train,1009,13,surprise,3.84
train,1009,14,neutral,3.307
train,1009,15,neutral,1.387
train,1009,16,joy,1.045
train,1009,17,joy,5.547
train,1009,18,sadness,2.048
train,1010,0,neutral,1.963
train,1010,1,neutral,2.56
train,1010,2,joy,5.44
train,1010,3,disgust,1.003
train,1010,4,disgust,0.576
train,1010,5,sadness,3.669
train,1010,6,neutral,1.216
train,1010,7,joy,0.533
train,1010,8,neutral,2.389
train,1010,9,disgust,3.691
train,1010,10,neutral,4.181
train,1010,11,joy,3.221
train,1011,0,surprise,9.813
train,1011,1,neutral,2.005
train,1011,2,joy,0.341
train,1011,3,neutral,2.325
train,1011,4,neutral,5.141
train,1011,5,anger,1.621
train,1011,6,neutral,1.323
train,1011,7,neutral,4.395
train,1011,8,neutral,1.387
train,1011,9,neutral,2.091
train,1011,10,neutral,7.68
train,1011,11,anger,2.176
train,1011,12,neutral,2.645
train,1012,0,neutral,9.515
train,1012,1,surprise,2.048
train,1012,2,joy,3.605
train,1012,3,joy,6.016
train,1012,4,joy,1.685
train,1012,5,anger,0.427
train,1012,6,anger,0.64
train,1012,7,surprise,3.243
train,1012,8,surprise,1.088
train,1012,9,anger,1.856
train,1012,10,anger,0.128
train,1012,11,joy,2.347
train,1013,0,neutral,4.395
train,1013,1,anger,3.349
train,1013,2,neutral,3.093
train,1013,3,anger,5.803
train,1014,0,neutral,1.387
train,1014,1,neutral,6.677
train,1014,2,neutral,5.675
train,1014,3,surprise,1.344
train,1014,4,neutral,1.728
train,1015,0,neutral,3.755
train,1015,1,neutral,2.795
train,1015,2,joy,2.475
train,1015,3,neutral,3.477
train,1015,4,neutral,0.683
train,1015,5,neutral,2.027
train,1015,6,joy,1.92
train,1015,7,neutral,3.264
train,1015,8,neutral,2.005
train,1015,9,neutral,4.885
train,1016,0,anger,0.597
train,1016,1,anger,1.984
train,1016,2,anger,6.4
train,1016,3,anger,4.715
train,1016,4,joy,2.261
train,1016,5,surprise,6.357
train,1016,6,neutral,4.309
train,1016,7,joy,1.877
train,1016,8,surprise,1.515
train,1016,9,disgust,1.92
train,1016,10,joy,4.629
train,1016,11,fear,4.309
train,1016,12,joy,2.581
train,1016,13,neutral,1.109
train,1016,14,anger,9.024
train,1016,15,neutral,3.797
train,1016,16,anger,1.643
train,1016,17,neutral,2.965
train,1016,18,anger,6.144
train,1016,19,anger,2.923
train,1016,20,neutral,7.979
train,1016,21,neutral,1.259
train,1017,0,sadness,1.92
train,1017,1,sadness,0.981
train,1017,2,sadness,2.347
train,1017,3,anger,4.629
train,1017,4,anger,4.139
train,1017,5,anger,2.56
train,1017,6,neutral,3.712
train,1017,7,anger,3.648
train,1017,8,anger,5.269
train,1017,9,anger,1.6
train,1017,10,joy,1.109
train,1017,11,joy,4.437
train,1017,12,neutral,1.045
train,1017,13,joy,1.621
train,1018,0,joy,5.184
train,1018,1,fear,2.539
train,1018,2,neutral,0.875
train,1018,3,sadness,7.403
train,1018,4,anger,4.971
train,1018,5,neutral,2.304
train,1018,6,anger,1.515
train,1018,7,fear,3.008
train,1018,8,anger,0.619
train,1018,9,neutral,0.491
train,1018,10,anger,0.661
train,1018,11,anger,0.811
train,1018,12,surprise,1.771
train,1018,13,anger,0.853
train,1018,14,anger,2.923
train,1018,15,anger,0.491
train,1018,16,surprise,0.277
train,1019,0,neutral,2.261
train,1019,1,neutral,0.896
train,1019,2,neutral,2.816
train,1019,3,neutral,2.475
train,1019,4,neutral,3.435
train,1019,5,surprise,3.008
train,1019,6,neutral,2.837
train,1019,7,sadness,2.261
train,1019,8,neutral,1.408
train,1019,9,surprise,1.963
train,1019,10,anger,6.592
train,1019,11,neutral,8.768
train,1019,12,neutral,3.477
train,1019,13,neutral,2.261
train,1019,14,neutral,4.928
train,1019,15,neutral,0.64
train,1019,16,neutral,1.643
train,1020,0,neutral,3.52
train,1020,1,joy,2.005
train,1020,2,surprise,2.795
train,1020,3,neutral,3.669
train,1020,4,neutral,3.883
train,1020,5,surprise,4.011
train,1020,6,neutral,1.835
train,1021,0,neutral,1.216
train,1021,1,neutral,1.813
train,1021,2,neutral,6.592
train,1021,3,disgust,3.605
train,1021,4,sadness,0.789
train,1021,5,disgust,1.237
train,1021,6,neutral,3.008
train,1022,0,neutral,2.005
train,1022,1,neutral,3.883
train,1022,2,neutral,1.173
train,1022,3,joy,3.008
train,1022,4,neutral,2.091
train,1022,5,joy,2.837
train,1022,6,surprise,4.011
train,1022,7,neutral,1.685
train,1022,8,anger,1.579
train,1022,9,joy,1.707
train,1022,10,anger,3.051
train,1022,11,surprise,3.883
train,1022,12,anger,3.2
train,1022,15,neutral,4.843
train,1022,16,anger,8.064
train,1022,17,joy,1.685
train,1023,0,joy,2.176
train,1023,1,neutral,3.648
train,1023,2,neutral,4.139
train,1023,3,surprise,1.515
train,1023,4,sadness,6.805
train,1023,5,neutral,4.8
train,1023,6,anger,2.304
train,1023,7,surprise,1.557
train,1024,0,joy,0.619
train,1024,1,joy,0.448
train,1024,2,neutral,2.603
train,1024,3,neutral,5.632
train,1024,4,joy,2.517
train,1024,5,neutral,5.888
train,1024,6,neutral,1.301
train,1024,7,neutral,4.096
train,1024,8,neutral,0.789
train,1024,9,neutral,1.963
train,1024,10,neutral,1.429
train,1024,11,joy,4.672
train,1024,12,neutral,2.176
train,1024,13,joy,8.021
train,1024,14,neutral,2.645
train,1024,15,sadness,7.509
train,1025,0,disgust,2.603
train,1025,1,disgust,1.771
train,1025,2,anger,1.92
train,1025,3,sadness,1.259
train,1025,4,surprise,3.755
train,1025,5,anger,3.136
train,1025,6,neutral,4.053
train,1025,7,anger,2.261
train,1025,8,anger,0.448
train,1025,9,anger,0.405
train,1025,10,anger,1.323
train,1025,11,fear,7.317
train,1025,12,neutral,3.797
train,1025,13,joy,1.429
train,1025,14,anger,1.835
train,1025,15,anger,2.155
train,1025,16,neutral,2.923
train,1025,17,neutral,4.352
train,1026,0,joy,1.835
train,1026,1,joy,5.675
train,1026,2,joy,2.261
train,1026,3,neutral,3.093
train,1026,4,surprise,1.045
train,1026,5,surprise,4.48
train,1026,6,surprise,1.685
train,1026,7,joy,2.005
train,1026,8,joy,1.045
train,1026,9,surprise,0.939
train,1026,10,joy,5.76
train,1026,11,anger,2.88
train,1026,12,sadness,2.261
train,1026,13,anger,5.099
train,1026,14,surprise,1.045
train,1026,15,anger,2.645
train,1027,0,neutral,1.643
train,1027,1,sadness,4.672
train,1027,2,sadness,6.549
train,1027,3,sadness,6.059
train,1027,4,joy,1.472
train,1027,5,anger,5.803
train,1027,6,disgust,4.395
train,1028,0,neutral,5.099
train,1028,1,neutral,2.965
train,1028,2,neutral,4.309
train,1028,3,neutral,1.6
train,1028,4,neutral,3.947
train,1028,5,joy,1.557
train,1029,0,surprise,4.011
train,1029,1,neutral,14.315
train,1029,2,joy,1.131
train,1029,3,surprise,1.28
train,1029,4,joy,0.576
train,1029,5,surprise,1.259
train,1029,6,joy,1.835
train,1029,7,joy,1.557
train,1029,8,neutral,11.819
train,1029,9,neutral,7.723
train,1029,10,neutral,3.563
train,1029,11,neutral,5.931
train,1029,12,neutral,5.355
train,1029,13,neutral,1.92
train,1029,14,joy,2.688
train,1030,0,neutral,1.173
train,1030,1,sadness,2.091
train,1030,2,surprise,1.131
train,1030,3,sadness,2.027
train,1030,4,sadness,3.52
train,1030,5,neutral,3.179
train,1031,0,neutral,5.013
train,1031,1,neutral,3.179
train,1031,2,joy,5.931
train,1031,3,joy,2.475
train,1032,0,neutral,2.261
train,1032,1,neutral,5.312
train,1032,2,neutral,5.269
train,1032,3,neutral,2.88
train,1032,4,neutral,5.056
train,1032,5,neutral,4.629
train,1032,6,neutral,1.131
train,1032,7,joy,6.4
train,1032,8,surprise,1.515
train,1032,9,neutral,4.139
train,1032,10,neutral,1.472
train,1032,11,neutral,1.237
train,1033,0,neutral,2.005
train,1033,1,neutral,2.837
train,1033,2,joy,4.523
train,1033,3,surprise,2.517
train,1034,0,neutral,3.84
train,1034,1,joy,2.603
train,1034,2,surprise,1.813
train,1035,0,anger,1.813
train,1035,1,neutral,5.013
train,1035,2,anger,1.835
train,1035,3,neutral,0.704
train,1035,4,neutral,1.92
train,1035,5,anger,2.923
train,1035,6,joy,3.093
train,1036,0,joy,6.059
train,1036,1,sadness,4.181
train,1036,2,surprise,1.152
train,1036,3,sadness,2.347
train,1036,4,surprise,2.048
train,1036,5,neutral,0.448
train,1036,6,surprise,3.52
train,1036,7,neutral,3.307
train,1036,8,sadness,1.92
train,1036,9,neutral,0.875
train,1036,10,anger,0.384
train,1036,11,neutral,0.917
train,1036,12,neutral,1.643
train,1036,13,neutral,1.749
train,1036,14,neutral,1.707
train,1036,15,anger,1.771
train,1036,16,neutral,6.891
train,1036,17,neutral,2.091
train,1036,18,neutral,0.619
train,1036,19,neutral,1.429
train,1036,20,sadness,6.4
train,1037,0,neutral,1.387
train,1037,1,neutral,1.557
train,1037,2,neutral,5.184
train,1038,0,neutral,0.533
train,1038,1,joy,1.28
train,1038,2,neutral,1.003
train,1038,3,neutral,1.003
train,1038,4,surprise,2.752
train,1038,5,disgust,5.056
train,1038,6,neutral,1.835
train,1038,7,disgust,3.264
train,1038,8,surprise,4.267
train,1038,9,neutral,0.619
train,1038,10,neutral,2.091
train,1038,11,disgust,8.597
train,1038,12,disgust,1.131
train,1038,13,neutral,2.645
train,1038,14,neutral,2.603
train,1038,15,surprise,3.008
train,1038,16,neutral,1.877
train,1038,17,joy,3.691
dev,0,0,sadness,2.795
dev,0,1,surprise,1.344
dev,1,0,neutral,6.272
dev,1,1,joy,1.643
dev,1,2,sadness,3.307
dev,1,3,neutral,1.387
dev,1,4,neutral,1.045
dev,1,5,joy,1.109
dev,1,6,neutral,5.525
dev,1,7,surprise,2.261
dev,1,8,neutral,0.811
dev,1,9,neutral,2.176
dev,1,10,surprise,2.688
dev,1,11,anger,10.987
dev,1,12,neutral,8.555
dev,1,13,joy,7.36
dev,1,14,neutral,1.088
dev,1,15,neutral,1.109
dev,2,0,neutral,3.989
dev,2,1,surprise,7.979
dev,2,2,surprise,4.928
dev,2,3,surprise,0.875
dev,2,4,joy,1.237
dev,2,5,neutral,3.093
dev,3,0,neutral,1.344
dev,3,1,joy,1.685
dev,3,2,surprise,2.88
dev,4,0,neutral,2.752
dev,4,1,neutral,1.813
dev,4,2,surprise,2.389
dev,4,3,neutral,2.517
dev,4,4,neutral,7.189
dev,4,5,neutral,1.173
dev,4,6,anger,19.819
dev,4,7,neutral,4.608
dev,4,8,neutral,3.307
dev,4,9,surprise,3.179
dev,4,10,neutral,2.219
dev,4,11,surprise,10.389
dev,4,12,surprise,8.597
dev,4,13,surprise,1.493
dev,4,14,neutral,4.053
dev,5,0,anger,2.688
dev,5,1,surprise,1.856
dev,5,2,anger,3.52
dev,5,3,anger,4.608
dev,5,4,anger,1.195
dev,5,5,anger,1.664
dev,5,6,anger,4.928
dev,5,7,anger,2.965
dev,5,8,anger,2.411
dev,5,9,anger,0.128
dev,5,10,anger,1.387
dev,5,11,anger,1.045
dev,5,12,anger,0.811
dev,6,0,joy,4.352
dev,6,1,neutral,10.261
dev,6,2,neutral,3.008
dev,6,3,neutral,3.115
dev,6,4,surprise,1.131
dev,6,5,sadness,1.984
dev,6,6,neutral,1.664
dev,6,7,neutral,2.347
dev,6,8,surprise,0.149
dev,6,9,surprise,5.013
dev,7,0,joy,1.856
dev,7,1,joy,2.837
dev,7,2,neutral,1.963
dev,7,3,neutral,4.139
dev,7,4,surprise,1.408
dev,7,5,joy,3.797
dev,7,6,surprise,2.176
dev,7,7,anger,4.352
dev,7,8,disgust,1.579
dev,7,9,joy,0.491
dev,7,10,joy,2.219
dev,8,0,neutral,2.517
dev,8,1,neutral,2.389
dev,8,2,neutral,1.472
dev,8,3,neutral,2.603
dev,8,4,neutral,2.432
dev,8,5,neutral,2.176
dev,8,6,neutral,2.347
dev,8,7,joy,6.805
dev,8,8,neutral,1.024
dev,8,9,neutral,2.752
dev,8,10,neutral,1.536
dev,8,11,neutral,3.093
dev,8,12,neutral,2.688
dev,8,13,neutral,3.563
dev,8,14,joy,3.051
dev,9,0,neutral,1.643
dev,9,1,sadness,2.133
dev,9,2,neutral,3.435
dev,9,3,joy,3.435
dev,9,4,neutral,1.515
dev,9,5,neutral,4.629
dev,9,6,neutral,3.648
dev,9,7,neutral,3.669
dev,10,0,neutral,1.003
dev,10,1,neutral,3.349
dev,10,2,fear,3.648
dev,10,3,joy,6.101
dev,10,4,anger,2.496
dev,10,5,anger,0.128
dev,10,6,anger,1.749
dev,10,7,anger,1.984
dev,10,8,neutral,1.643
dev,10,9,neutral,5.355
dev,11,0,neutral,1.131
dev,11,1,neutral,2.389
dev,11,2,neutral,0.149
dev,11,3,surprise,2.688
dev,11,4,anger,2.475
dev,11,5,fear,3.008
dev,11,6,neutral,3.563
dev,11,7,fear,3.349
dev,11,8,anger,3.328
dev,11,9,neutral,0.128
dev,11,10,anger,6.272
dev,11,11,neutral,0.64
dev,11,12,anger,1.728
dev,12,0,neutral,1.664
dev,12,1,neutral,1.877
dev,12,2,neutral,1.749
dev,12,3,surprise,0.661
dev,12,4,sadness,5.44
dev,13,0,neutral,1.963
dev,13,1,anger,2.304
dev,13,2,joy,3.349
dev,13,3,joy,1.429
dev,13,4,joy,1.963
dev,13,5,surprise,0.704
dev,13,6,surprise,3.52
dev,13,7,surprise,1.877
dev,13,8,joy,4.565
dev,13,9,joy,2.091
dev,13,10,surprise,1.92
dev,13,11,surprise,1.557
dev,13,12,surprise,2.475
dev,13,13,surprise,3.691
dev,13,14,surprise,5.973
dev,13,15,surprise,2.048
dev,13,16,joy,1.685
dev,13,17,neutral,3.008
dev,13,18,joy,2.432
dev,13,19,surprise,1.173
dev,13,20,joy,1.045
dev,13,21,joy,1.173
dev,14,0,joy,0.576
dev,14,1,neutral,1.216
dev,14,2,neutral,7.36
dev,14,3,neutral,8.555
dev,14,4,anger,2.837
dev,14,5,sadness,6.315
dev,14,6,sadness,1.259
dev,14,7,sadness,0.683
dev,14,8,anger,8.277
dev,15,0,joy,9.067
dev,15,1,joy,2.048
dev,15,2,surprise,4.053
dev,15,3,neutral,2.389
dev,15,4,surprise,2.432
dev,15,5,neutral,1.387
dev,15,6,fear,0.149
dev,15,7,disgust,1.387
dev,15,8,fear,1.621
dev,15,9,fear,0.747
dev,16,0,neutral,7.232
dev,16,1,sadness,8.512
dev,16,2,surprise,1.685
dev,16,3,joy,1.877
dev,16,4,anger,3.648
dev,16,5,neutral,1.216
dev,16,6,anger,2.304
dev,16,7,anger,2.176
dev,16,8,neutral,1.173
dev,16,9,disgust,3.2
dev,16,10,sadness,1.963
dev,16,11,anger,3.84
dev,16,12,anger,3.221
dev,16,13,neutral,1.835
dev,16,14,sadness,6.315
dev,16,15,neutral,3.093
dev,16,16,anger,3.392
dev,16,17,anger,4.309
dev,16,18,sadness,3.307
dev,17,0,anger,3.669
dev,17,1,anger,1.92
dev,17,2,anger,1.451
dev,17,3,anger,2.496
dev,17,4,anger,2.923
dev,18,0,neutral,0.725
dev,18,1,neutral,0.299
dev,18,2,neutral,0.875
dev,18,3,neutral,0.789
dev,18,4,fear,5.269
dev,18,5,fear,0.363
dev,18,6,fear,1.493
dev,18,7,fear,4.139
dev,18,8,fear,3.008
dev,18,9,neutral,0.96
dev,18,10,anger,2.432
dev,18,11,neutral,3.307
dev,18,12,surprise,1.173
dev,18,13,anger,1.024
dev,19,0,neutral,1.771
dev,19,1,anger,2.901
dev,19,2,anger,0.96
dev,19,3,anger,2.688
dev,19,4,anger,5.056
dev,19,5,anger,3.349
dev,19,6,anger,1.259
dev,19,7,anger,1.941
dev,19,8,neutral,1.728
dev,19,9,anger,2.603
dev,19,10,sadness,0.747
dev,19,11,neutral,1.707
dev,19,12,neutral,1.131
dev,19,13,anger,2.645
dev,19,14,sadness,2.304
dev,19,15,neutral,2.475
dev,19,16,joy,1.771
dev,19,17,neutral,1.6
dev,19,18,sadness,10.389
dev,19,19,joy,10.069
dev,19,20,sadness,2.432
dev,19,21,joy,2.56
dev,19,22,sadness,2.091
dev,20,0,neutral,5.632
dev,20,1,neutral,3.605
dev,20,2,joy,2.752
dev,20,3,neutral,6.101
dev,20,4,disgust,2.411
dev,20,5,disgust,0.512
dev,20,6,disgust,1.792
dev,20,7,surprise,4.224
dev,21,0,neutral,3.52
dev,21,1,neutral,3.051
dev,21,2,neutral,1.877
dev,21,3,neutral,4.139
dev,21,4,neutral,5.483
dev,21,5,neutral,1.216
dev,21,6,surprise,2.432
dev,22,0,neutral,0.704
dev,22,1,neutral,0.341
dev,22,2,neutral,0.512
dev,22,3,surprise,0.789
dev,22,4,neutral,0.533
dev,22,5,neutral,2.176
dev,22,6,anger,4.395
dev,22,7,neutral,1.088
dev,22,8,neutral,2.688
dev,22,9,neutral,1.429
dev,22,10,neutral,2.795
dev,22,11,surprise,1.835
dev,22,12,surprise,2.837
dev,22,13,surprise,7.637
dev,23,0,neutral,1.685
dev,23,1,sadness,4.181
dev,23,2,sadness,6.805
dev,23,3,surprise,1.835
dev,23,4,sadness,15.189
dev,23,5,surprise,7.509
dev,23,6,disgust,1.301
dev,23,7,sadness,10.176
dev,23,8,neutral,5.013
dev,23,9,surprise,1.813
dev,23,10,sadness,1.045
dev,23,11,sadness,1.685
dev,23,12,sadness,9.301
dev,23,13,sadness,1.344
dev,24,0,neutral,1.728
dev,24,1,neutral,0.171
dev,24,2,sadness,5.568
dev,24,3,neutral,5.547
dev,24,4,joy,1.259
dev,24,5,neutral,0.725
dev,24,6,neutral,0.939
dev,24,7,anger,1.536
dev,24,8,surprise,0.405
dev,25,0,anger,1.451
dev,25,1,surprise,1.877
dev,25,2,anger,3.755
dev,25,3,anger,5.227
dev,25,4,sadness,5.589
dev,25,5,anger,6.315
dev,26,0,neutral,0.512
dev,26,1,surprise,0.555
dev,26,2,surprise,1.493
dev,26,3,neutral,3.712
dev,26,4,neutral,5.675
dev,26,5,neutral,6.272
dev,26,6,surprise,1.685
dev,26,7,sadness,5.76
dev,26,8,anger,1.813
dev,26,9,sadness,2.88
dev,26,10,sadness,3.008
dev,26,11,sadness,1.28
dev,26,12,anger,3.712
dev,26,13,anger,1.259
dev,26,14,anger,2.432
dev,26,15,anger,3.712
dev,26,16,sadness,8.149
dev,27,0,surprise,1.429
dev,27,1,neutral,1.387
dev,27,2,surprise,0.811
dev,27,3,sadness,0.768
dev,27,4,neutral,3.264
dev,27,5,surprise,1.685
dev,27,6,anger,2.133
dev,27,7,neutral,7.552
dev,27,8,surprise,2.88
dev,27,9,surprise,3.925
dev,28,0,neutral,2.133
dev,28,1,sadness,2.88
dev,28,2,joy,5.227
dev,28,3,neutral,2.837
dev,28,4,neutral,2.048
dev,28,5,sadness,1.6
dev,28,6,sadness,0.981
dev,28,7,joy,5.525
dev,28,8,surprise,4.309
dev,28,9,neutral,0.768
dev,28,10,neutral,0.683
dev,29,0,anger,4.139
dev,29,1,neutral,1.643
dev,29,2,sadness,3.179
dev,29,3,sadness,4.011
dev,29,4,neutral,1.088
dev,29,5,neutral,0.533
dev,29,6,neutral,1.131
dev,29,7,neutral,3.349
dev,29,8,anger,2.539
dev,29,9,anger,6.549
dev,29,10,joy,1.301
dev,30,0,fear,3.563
dev,30,1,fear,3.093
dev,30,2,fear,1.472
dev,30,3,sadness,4.885
dev,30,4,anger,1.984
dev,30,5,surprise,1.792
dev,30,6,neutral,0.661
dev,30,7,neutral,2.539
dev,30,8,joy,5.717
dev,30,9,joy,4.139
dev,30,10,joy,1.771
dev,30,11,neutral,2.56
dev,30,12,neutral,4.48
dev,30,13,anger,0.661
dev,30,14,anger,2.048
dev,30,15,anger,2.752
dev,30,16,anger,2.56
dev,30,17,anger,2.731
dev,30,18,neutral,0.128
dev,31,0,sadness,3.605
dev,31,1,surprise,2.048
dev,31,2,sadness,11.392
dev,31,3,neutral,3.648
dev,31,4,neutral,5.76
dev,31,5,sadness,6.059
dev,31,6,joy,2.304
dev,31,7,joy,1.813
dev,31,8,joy,2.517
dev,31,9,joy,4.139
dev,31,10,joy,5.419
dev,31,11,anger,4.309
dev,31,12,joy,5.675
dev,32,0,neutral,1.493
dev,32,1,neutral,0.875
dev,32,2,surprise,1.941
dev,32,3,neutral,0.213
dev,32,4,neutral,1.515
dev,32,5,neutral,2.645
dev,32,6,neutral,2.795
dev,32,7,neutral,2.24
dev,32,8,neutral,10.347
dev,32,9,anger,5.099
dev,32,10,neutral,7.851
dev,32,11,neutral,2.112
dev,32,12,neutral,2.965
dev,32,13,neutral,1.045
dev,33,0,sadness,2.176
dev,33,1,neutral,4.309
dev,34,0,neutral,1.387
dev,34,1,neutral,4.053
dev,34,2,neutral,4.053
dev,34,3,neutral,4.8
dev,34,4,neutral,1.643
dev,34,5,neutral,5.973
dev,34,6,fear,2.752
dev,34,7,disgust,1.984
dev,34,8,sadness,1.131
dev,34,9,neutral,4.8
dev,34,10,joy,4.672
dev,35,0,neutral,2.133
dev,36,0,fear,4.011
dev,36,1,neutral,0.811
dev,36,2,neutral,0.363
dev,36,3,neutral,0.832
dev,36,4,neutral,2.475
dev,36,5,sadness,1.835
dev,36,6,surprise,4.267
dev,36,7,neutral,0.811
dev,36,8,neutral,0.299
dev,36,9,surprise,6.805
dev,36,10,fear,1.131
dev,36,11,disgust,3.691
dev,37,0,neutral,6.187
dev,37,1,fear,2.688
dev,37,2,fear,1.259
dev,37,3,surprise,1.643
dev,37,4,surprise,1.579
dev,37,5,fear,0.448
dev,37,6,fear,4.437
dev,37,7,disgust,1.259
dev,37,8,surprise,3.968
dev,37,9,surprise,1.259
dev,37,10,neutral,5.525
dev,38,0,anger,3.477
dev,39,0,neutral,3.797
dev,39,1,joy,3.264
dev,39,2,joy,3.051
dev,40,0,surprise,3.264
dev,40,1,neutral,7.979
dev,40,2,disgust,4.757
dev,40,3,neutral,1.621
dev,40,4,surprise,0.597
dev,40,5,surprise,5.973
dev,40,6,anger,1.877
dev,40,7,neutral,5.888
dev,40,8,fear,2.24
dev,40,9,sadness,1.579
dev,40,10,joy,4.715
dev,41,0,neutral,6.016
dev,41,1,neutral,1.515
dev,41,2,neutral,6.891
dev,42,0,anger,2.005
dev,42,1,anger,2.304
dev,42,2,neutral,3.264
dev,42,3,neutral,2.005
dev,42,4,anger,6.677
dev,43,0,neutral,2.091
dev,43,1,neutral,1.003
dev,44,0,sadness,3.435
dev,44,1,anger,1.301
dev,44,2,neutral,5.888
dev,44,3,neutral,1.643
dev,44,4,neutral,11.029
dev,44,5,joy,1.771
dev,44,6,neutral,1.045
dev,44,7,joy,3.093
dev,44,8,neutral,2.091
dev,44,9,neutral,0.96
dev,44,10,joy,0.939
dev,44,11,neutral,2.133
dev,45,0,neutral,3.093
dev,45,1,neutral,1.643
dev,45,2,neutral,0.555
dev,45,3,surprise,1.237
dev,45,4,neutral,0.768
dev,45,5,neutral,1.216
dev,45,6,neutral,2.731
dev,45,7,neutral,13.888
dev,45,8,neutral,2.389
dev,45,9,fear,1.387
dev,45,10,neutral,0.64
dev,45,11,fear,1.899
dev,46,0,neutral,1.045
dev,46,1,neutral,1.92
dev,46,2,neutral,2.475
dev,46,3,neutral,1.344
dev,46,4,surprise,4.629
dev,46,5,surprise,4.437
dev,46,6,neutral,4.48
dev,46,7,neutral,3.456
dev,46,8,fear,2.304
dev,46,9,neutral,2.88
dev,47,0,neutral,2.048
dev,47,1,neutral,6.635
dev,47,2,neutral,3.669
dev,47,3,neutral,1.045
dev,47,4,neutral,1.259
dev,47,5,surprise,5.141
dev,47,6,joy,5.184
dev,47,7,surprise,2.475
dev,47,8,neutral,1.728
dev,47,9,surprise,2.944
dev,47,10,neutral,2.709
dev,48,0,neutral,4.843
dev,48,1,joy,1.685
dev,48,2,joy,4.267
dev,48,3,fear,1.92
dev,48,4,neutral,1.472
dev,48,5,neutral,1.003
dev,48,6,surprise,1.216
dev,48,7,sadness,3.52
dev,49,0,anger,3.627
dev,49,1,surprise,0.149
dev,49,2,anger,2.965
dev,49,3,anger,3.605
dev,49,6,anger,4.224
dev,49,7,anger,1.515
dev,49,8,neutral,1.003
dev,49,9,anger,3.797
dev,49,10,anger,6.891
dev,49,11,anger,2.475
dev,49,12,neutral,2.432
dev,49,13,anger,3.712
dev,49,14,neutral,2.432
dev,50,0,surprise,4.523
dev,50,1,surprise,2.219
dev,50,2,anger,1.067
dev,50,3,neutral,2.219
dev,51,0,neutral,8.107
dev,51,1,joy,3.712
dev,51,2,neutral,5.227
dev,51,3,neutral,2.261
dev,51,4,neutral,3.797
dev,51,5,neutral,2.645
dev,51,6,anger,2.965
dev,52,0,neutral,3.435
dev,52,1,joy,2.389
dev,52,2,neutral,2.432
dev,53,0,joy,6.891
dev,53,1,neutral,1.024
dev,53,2,joy,7.637
dev,53,3,neutral,4.565
dev,53,4,neutral,1.429
dev,53,5,neutral,1.216
dev,53,6,neutral,1.941
dev,53,7,joy,2.304
dev,53,8,joy,7.979
dev,54,0,neutral,0.96
dev,54,1,neutral,0.896
dev,54,2,joy,10.155
dev,54,3,neutral,5.355
dev,54,4,neutral,3.435
dev,54,5,disgust,5.184
dev,54,6,neutral,1.472
dev,54,7,neutral,2.133
dev,54,8,sadness,2.304
dev,54,9,surprise,1.472
dev,54,10,sadness,3.669
dev,54,11,surprise,2.304
dev,54,12,neutral,1.963
dev,55,0,sadness,2.688
dev,56,0,anger,2.261
dev,56,1,sadness,2.176
dev,56,2,sadness,2.795
dev,56,3,neutral,1.92
dev,56,4,sadness,2.176
dev,56,5,anger,1.472
dev,56,6,anger,2.005
dev,56,7,sadness,2.389
dev,56,8,sadness,2.965
dev,56,9,sadness,6.677
dev,56,10,sadness,4.608
dev,56,11,sadness,5.184
dev,56,12,sadness,16.811
dev,56,13,sadness,5.973
dev,56,14,neutral,2.475
dev,56,15,neutral,14.72
dev,56,16,sadness,2.304
dev,57,0,neutral,4.395
dev,57,1,neutral,5.184
dev,57,2,neutral,1.963
dev,57,3,joy,1.344
dev,57,4,joy,0.768
dev,57,5,joy,0.939
dev,57,6,surprise,3.435
dev,57,7,neutral,1.835
dev,57,8,neutral,1.92
dev,57,9,neutral,5.141
dev,57,10,neutral,4.437
dev,57,11,neutral,9.685
dev,57,12,joy,7.552
dev,58,0,neutral,2.517
dev,58,1,disgust,5.845
dev,58,2,neutral,1.429
dev,58,3,neutral,0.725
dev,58,4,surprise,1.088
dev,58,5,joy,3.435
dev,58,6,surprise,2.176
dev,58,7,joy,1.792
dev,58,8,neutral,5.803
dev,58,9,neutral,4.224
dev,58,10,neutral,3.093
dev,58,11,joy,1.088
dev,59,0,neutral,2.752
dev,59,1,neutral,2.219
dev,59,2,neutral,4.523
dev,59,3,neutral,3.307
dev,59,4,neutral,1.301
dev,60,0,surprise,2.517
dev,60,1,neutral,11.947
dev,60,2,anger,3.477
dev,60,3,joy,6.4
dev,60,4,neutral,1.792
dev,60,5,joy,2.389
dev,60,6,joy,2.923
dev,61,0,joy,0.32
dev,61,1,joy,1.387
dev,61,2,neutral,1.685
dev,61,3,neutral,1.003
dev,61,4,neutral,1.963
dev,61,5,joy,3.52
dev,62,0,neutral,8.149
dev,62,1,joy,3.712
dev,62,2,surprise,13.205
dev,62,3,neutral,4.267
dev,62,4,neutral,7.851
dev,62,5,neutral,2.133
dev,63,0,joy,6.187
dev,63,1,neutral,1.835
dev,63,2,anger,4.523
dev,63,3,joy,1.92
dev,63,4,joy,3.136
dev,63,5,sadness,2.795
dev,63,6,neutral,0.747
dev,63,7,neutral,2.261
dev,63,8,sadness,2.411
dev,63,9,surprise,0.725
dev,63,10,joy,5.227
dev,63,11,joy,3.328
dev,63,12,surprise,1.792
dev,63,13,neutral,3.136
dev,63,14,neutral,4.757
dev,63,15,neutral,4.523
dev,63,16,neutral,15.403
dev,63,17,neutral,1.003
dev,63,18,neutral,4.757
dev,63,19,neutral,0.875
dev,63,20,neutral,2.496
dev,64,0,surprise,9.259
dev,64,1,joy,3.264
dev,64,2,neutral,1.003
dev,64,3,neutral,2.091
dev,64,4,neutral,2.304
dev,65,0,joy,2.219
dev,65,1,neutral,4.011
dev,65,2,joy,1.429
dev,65,3,neutral,6.016
dev,65,4,surprise,0.832
dev,65,5,joy,2.752
dev,65,6,neutral,1.6
dev,65,7,neutral,6.229
dev,65,8,neutral,2.133
dev,65,9,fear,1.003
dev,65,10,joy,5.397
dev,66,0,surprise,3.051
dev,66,1,neutral,6.635
dev,66,2,neutral,8.384
dev,66,3,surprise,5.056
dev,66,4,anger,5.397
dev,66,5,sadness,4.011
dev,66,6,neutral,3.52
dev,66,7,neutral,0.405
dev,66,8,neutral,3.157
dev,66,11,neutral,1.835
dev,67,0,joy,1.216
dev,67,1,joy,0.149
dev,67,2,neutral,2.837
dev,67,3,joy,2.965
dev,67,4,joy,3.477
dev,67,5,neutral,5.44
dev,67,6,neutral,1.131
dev,67,7,neutral,8.917
dev,67,8,neutral,6.763
dev,67,9,surprise,6.507
dev,67,10,neutral,1.685
dev,68,0,joy,1.045
dev,68,1,neutral,1.771
dev,68,2,neutral,2.347
dev,68,3,surprise,0.299
dev,68,4,neutral,2.283
dev,68,5,sadness,2.731
dev,68,6,surprise,4.139
dev,68,7,fear,2.304
dev,68,8,sadness,4.928
dev,68,9,joy,3.883
dev,68,10,joy,1.557
dev,68,11,neutral,2.837
dev,69,0,joy,2.048
dev,69,1,sadness,4.224
dev,69,2,neutral,1.387
dev,69,3,neutral,2.773
dev,69,4,joy,4.139
dev,69,5,neutral,2.432
dev,69,6,neutral,2.389
dev,69,7,neutral,0.811
dev,69,8,neutral,1.685
dev,69,9,neutral,3.883
dev,69,10,neutral,1.387
dev,69,11,sadness,1.771
dev,69,12,neutral,0.747
dev,69,13,sadness,1.323
dev,69,14,sadness,14.933
dev,69,15,neutral,2.176
dev,69,16,sadness,3.349
dev,69,17,sadness,6.464
dev,69,18,surprise,1.28
dev,69,19,sadness,4.416
dev,70,0,anger,6.635
dev,70,1,neutral,3.648
dev,70,2,joy,2.304
dev,70,3,joy,0.491
dev,70,4,joy,3.392
dev,70,5,surprise,3.349
dev,71,0,joy,3.712
dev,71,1,neutral,2.091
dev,71,2,surprise,3.52
dev,71,3,surprise,1.429
dev,71,4,joy,2.517
dev,71,5,neutral,2.176
dev,72,0,anger,7.851
dev,72,1,sadness,1.6
dev,72,2,anger,1.173
dev,72,3,neutral,0.747
dev,72,4,neutral,2.155
dev,72,5,surprise,2.091
dev,72,6,anger,2.176
dev,72,7,anger,5.44
dev,72,8,neutral,1.472
dev,72,9,anger,5.056
dev,72,10,anger,2.965
dev,72,11,anger,4.011
dev,72,12,anger,1.771
dev,72,13,anger,0.725
dev,72,14,anger,2.176
dev,72,15,neutral,5.355
dev,72,16,anger,9.643
dev,72,17,neutral,2.389
dev,72,18,anger,2.475
dev,73,0,anger,5.803
dev,73,1,anger,1.003
dev,73,2,anger,4.352
dev,74,0,joy,0.661
dev,74,1,neutral,0.789
dev,74,2,joy,5.483
dev,74,3,sadness,14.571
dev,74,4,surprise,1.003
dev,74,5,neutral,6.059
dev,74,6,neutral,1.835
dev,74,7,neutral,20.992
dev,74,8,surprise,1.259
dev,74,9,sadness,10.176
dev,74,10,surprise,1.92
dev,74,11,neutral,0.875
dev,74,12,neutral,0.96
dev,74,13,neutral,1.6
dev,74,14,neutral,3.925
dev,74,15,neutral,1.92
dev,74,16,neutral,3.733
dev,74,17,joy,2.027
dev,74,18,neutral,2.048
dev,74,19,anger,28.544
dev,75,0,neutral,8.064
dev,76,0,joy,1.557
dev,76,1,surprise,4.971
dev,76,2,neutral,0.747
dev,76,3,neutral,0.363
dev,76,4,joy,2.965
dev,76,5,neutral,1.088
dev,76,6,joy,3.349
dev,76,7,joy,6.272
dev,76,8,joy,2.731
dev,76,9,anger,2.603
dev,76,10,anger,3.691
dev,76,11,anger,8.107
dev,76,12,neutral,8.107
dev,76,13,surprise,4.608
dev,76,14,disgust,5.632
dev,76,15,neutral,1.749
dev,76,16,neutral,1.323
dev,77,0,surprise,1.003
dev,77,1,surprise,3.52
dev,77,2,neutral,4.928
dev,77,3,joy,3.755
dev,77,4,neutral,4.608
dev,77,5,neutral,0.597
dev,77,6,neutral,2.603
dev,77,7,neutral,3.136
dev,77,8,sadness,3.349
dev,77,9,neutral,6.805
dev,77,10,sadness,1.173
dev,77,11,neutral,1.621
dev,77,12,sadness,4.565
dev,77,13,sadness,8.981
dev,77,14,sadness,5.483
dev,77,15,neutral,3.648
dev,77,16,sadness,3.605
dev,77,17,neutral,4.053
dev,77,18,neutral,2.219
dev,77,19,neutral,3.883
dev,78,0,joy,2.965
dev,78,1,neutral,3.968
dev,78,2,neutral,8.341
dev,78,3,anger,3.84
dev,78,4,joy,2.261
dev,78,5,fear,2.048
dev,78,6,neutral,5.141
dev,78,7,fear,1.429
dev,78,8,anger,2.795
dev,79,0,joy,2.389
dev,79,1,surprise,2.517
dev,79,2,neutral,1.195
dev,79,3,neutral,3.669
dev,79,4,joy,3.52
dev,79,5,joy,1.6
dev,79,6,neutral,6.464
dev,79,7,sadness,2.133
dev,79,8,neutral,2.091
dev,79,9,neutral,7.147
dev,79,10,sadness,4.053
dev,80,0,neutral,2.176
dev,80,1,neutral,1.877
dev,80,2,neutral,1.301
dev,80,3,neutral,3.605
dev,80,4,surprise,0.576
dev,80,5,neutral,2.133
dev,80,6,neutral,1.963
dev,80,7,joy,5.141
dev,80,8,neutral,1.259
dev,80,9,neutral,1.685
dev,81,0,joy,1.557
dev,81,1,neutral,2.773
dev,81,2,joy,1.216
dev,82,0,joy,3.648
dev,82,1,anger,3.349
dev,82,2,neutral,2.517
dev,82,3,anger,3.157
dev,82,4,neutral,0.213
dev,82,5,anger,4.544
dev,82,6,surprise,1.003
dev,82,7,neutral,1.685
dev,82,8,anger,2.923
dev,82,9,neutral,0.789
dev,82,10,neutral,3.307
dev,82,11,neutral,2.304
dev,82,12,neutral,2.304
dev,82,13,joy,3.712
dev,82,14,surprise,0.704
dev,82,15,neutral,2.325
dev,82,16,neutral,3.925
dev,82,17,neutral,3.947
dev,82,18,anger,1.771
dev,83,0,anger,3.52
dev,83,1,surprise,3.307
dev,83,2,joy,4.352
dev,83,3,surprise,1.045
dev,83,4,neutral,3.755
dev,83,5,neutral,5.227
dev,83,6,neutral,1.003
dev,83,7,joy,2.688
dev,84,0,surprise,2.261
dev,84,1,surprise,2.261
dev,84,2,neutral,6.592
dev,84,3,surprise,1.088
dev,84,4,sadness,1.472
dev,84,5,sadness,2.795
dev,84,6,neutral,1.728
dev,84,7,neutral,7.317
dev,85,0,neutral,1.835
dev,85,1,joy,2.603
dev,85,2,neutral,4.139
dev,85,3,neutral,5.973
dev,85,4,joy,3.008
dev,85,5,surprise,2.517
dev,85,6,surprise,2.069
dev,85,7,joy,1.173
dev,85,8,surprise,1.621
dev,85,9,joy,1.877
dev,85,10,anger,3.477
dev,85,11,surprise,4.309
dev,85,12,neutral,1.109
dev,85,13,neutral,3.392
dev,85,14,surprise,2.261
dev,85,15,neutral,2.688
dev,85,16,surprise,1.429
dev,86,0,neutral,1.557
dev,86,1,neutral,5.355
dev,86,2,neutral,2.261
dev,86,3,neutral,3.008
dev,87,0,neutral,0.64
dev,87,1,neutral,1.323
dev,87,2,neutral,1.856
dev,87,3,neutral,5.632
dev,87,4,joy,4.843
dev,88,0,surprise,2.411
dev,88,1,neutral,2.539
dev,88,2,surprise,0.896
dev,88,3,sadness,1.643
dev,88,4,anger,5.056
dev,88,5,neutral,3.819
dev,89,0,fear,1.003
dev,89,1,anger,3.797
dev,89,2,fear,4.8
dev,89,3,neutral,2.432
dev,89,4,neutral,7.189
dev,89,5,sadness,2.389
dev,89,6,sadness,0.448
dev,89,7,sadness,0.128
dev,89,8,joy,3.648
dev,89,9,neutral,2.645
dev,89,10,neutral,2.091
dev,90,0,joy,5.675
dev,90,1,neutral,1.643
dev,90,2,fear,2.347
dev,90,3,neutral,1.387
dev,90,4,neutral,3.093
dev,90,5,anger,3.755
dev,90,6,sadness,3.136
dev,91,0,surprise,1.792
dev,91,1,neutral,2.347
dev,91,2,neutral,1.259
dev,91,3,neutral,4.096
dev,91,4,anger,2.795
dev,91,5,surprise,1.643
dev,91,6,disgust,3.435
dev,91,7,neutral,1.92
dev,91,8,disgust,1.024
dev,91,9,neutral,2.219
dev,91,10,disgust,3.349
dev,92,0,surprise,1.429
dev,92,1,disgust,5.184
dev,92,2,joy,1.515
dev,92,3,surprise,1.045
dev,92,4,surprise,1.813
dev,92,5,surprise,0.64
dev,92,6,fear,1.451
dev,92,7,surprise,3.136
dev,92,8,anger,1.877
dev,92,9,anger,6.357
dev,92,10,disgust,2.389
dev,92,11,anger,5.184
dev,93,0,sadness,1.643
dev,93,1,neutral,5.675
dev,93,2,neutral,2.603
dev,93,3,sadness,4.523
dev,93,4,neutral,3.221
dev,93,5,neutral,1.131
dev,93,6,sadness,5.504
dev,93,7,sadness,2.517
dev,94,0,neutral,3.392
dev,94,1,joy,5.632
dev,94,2,disgust,1.835
dev,94,3,neutral,3.968
dev,94,4,neutral,2.923
dev,94,5,joy,2.133
dev,94,6,neutral,1.557
dev,94,7,surprise,3.797
dev,94,8,neutral,1.301
dev,94,9,anger,1.856
dev,94,10,neutral,2.965
dev,94,11,anger,1.429
dev,95,0,anger,3.051
dev,95,1,neutral,6.059
dev,95,2,anger,3.84
dev,95,3,neutral,3.755
dev,95,4,neutral,2.688
dev,95,5,surprise,2.688
dev,95,6,anger,3.563
dev,95,7,surprise,3.84
dev,95,8,anger,2.752
dev,95,9,neutral,1.963
dev,95,10,neutral,1.109
dev,96,0,neutral,2.923
dev,96,1,neutral,2.475
dev,96,2,surprise,3.84
dev,96,3,joy,2.603
dev,97,0,joy,8.896
dev,97,1,joy,0.491
dev,97,2,neutral,2.005
dev,97,3,joy,5.013
dev,97,4,joy,2.005
dev,97,5,joy,1.707
dev,97,6,neutral,1.003
dev,97,7,joy,4.48
dev,97,8,surprise,1.088
dev,97,9,joy,2.347
dev,97,10,surprise,1.877
dev,97,11,joy,5.931
dev,97,12,surprise,3.605
dev,97,13,neutral,3.52
dev,97,14,fear,3.797
dev,97,15,neutral,5.888
dev,97,16,surprise,8.341
dev,97,17,neutral,3.84
dev,97,18,surprise,1.877
dev,97,19,neutral,0.491
dev,97,20,joy,1.536
dev,97,21,neutral,1.493
dev,98,0,anger,7.552
dev,98,1,disgust,3.648
dev,98,2,anger,1.685
dev,98,3,joy,1.557
dev,98,4,anger,0.192
dev,99,0,joy,4.053
dev,99,1,neutral,1.045
dev,99,2,joy,1.045
dev,99,3,surprise,0.064
dev,99,4,joy,2.133
dev,99,5,surprise,2.389
dev,99,6,surprise,2.731
dev,99,7,neutral,2.795
dev,99,8,neutral,6.187
dev,100,0,neutral,2.56
dev,101,0,sadness,8.149
dev,102,0,neutral,1.685
dev,102,1,neutral,1.472
dev,103,0,neutral,2.048
dev,103,1,sadness,2.219
dev,103,2,joy,2.176
dev,103,3,neutral,2.816
dev,103,4,joy,1.557
dev,104,0,joy,3.477
dev,104,1,sadness,1.131
dev,104,2,joy,1.835
dev,104,3,neutral,0.811
dev,104,4,surprise,0.427
dev,104,5,anger,1.344
dev,104,6,joy,1.813
dev,104,7,joy,2.688
dev,104,8,surprise,1.344
dev,104,9,fear,3.925
dev,104,10,surprise,2.261
dev,104,11,fear,1.131
dev,104,12,surprise,2.112
dev,104,13,fear,0.384
dev,104,14,joy,1.557
dev,104,15,anger,2.965
dev,105,0,neutral,2.944
dev,105,1,neutral,0.171
dev,105,2,anger,7.147
dev,105,3,anger,3.051
dev,105,4,joy,3.968
dev,105,5,neutral,3.925
dev,105,6,neutral,1.941
dev,105,7,neutral,2.219
dev,105,8,joy,1.067
dev,105,9,joy,1.685
dev,105,10,anger,1.472
dev,105,11,anger,4.309
dev,106,0,neutral,4.011
dev,106,1,neutral,3.392
dev,106,2,neutral,1.643
dev,106,3,neutral,3.392
dev,106,4,joy,7.424
dev,106,5,neutral,3.477
dev,107,0,neutral,1.579
dev,107,1,neutral,2.88
dev,107,2,surprise,0.704
dev,107,3,surprise,2.667
dev,108,0,surprise,3.477
dev,108,1,fear,2.56
dev,108,2,surprise,2.88
dev,108,3,anger,1.003
dev,108,4,anger,0.32
dev,108,5,anger,0.064
dev,108,6,anger,1.579
dev,108,7,surprise,1.728
dev,108,8,sadness,2.005
dev,108,9,neutral,2.261
dev,108,10,joy,3.051
dev,108,11,joy,1.088
dev,108,12,fear,4.48
dev,108,13,neutral,1.728
dev,108,14,neutral,1.429
dev,109,0,neutral,4.267
dev,109,1,joy,2.965
dev,109,2,disgust,6.848
dev,109,3,sadness,8.597
dev,109,4,anger,5.269
dev,109,5,neutral,1.429
dev,109,6,neutral,4.096
dev,109,7,neutral,3.221
dev,110,0,neutral,2.453
dev,110,1,neutral,1.237
dev,110,2,neutral,1.771
dev,110,3,neutral,4.053
dev,110,4,neutral,2.176
dev,110,5,joy,3.307
dev,110,6,joy,2.219
dev,110,7,neutral,
dev,110,8,joy,2.88
dev,110,9,joy,4.437
dev,111,0,anger,4.715
dev,111,1,neutral,1.045
dev,111,2,neutral,3.349
dev,112,0,anger,2.219
dev,112,1,sadness,8.064
dev,112,2,neutral,7.36
dev,112,3,sadness,1.685
dev,112,4,neutral,1.835
dev,113,0,neutral,6.4
dev,113,1,sadness,0.491
dev,113,2,neutral,2.112
dev,113,3,sadness,0.32
dev,113,4,neutral,6.549
dev,113,5,neutral,2.56
dev,113,6,surprise,4.843
dev,113,7,neutral,1.685
dev,113,8,sadness,3.925
dev,113,9,sadness,1.088
dev,113,10,sadness,2.752
dev,113,11,sadness,1.792
dev,113,12,sadness,1.835
dev,113,13,sadness,1.515
test,0,0,surprise,2.261
test,0,1,anger,6.763
test,0,2,neutral,1.173
test,1,0,neutral,2.005
test,1,1,joy,0.683
test,1,2,joy,3.179
test,1,3,joy,2.304
test,1,4,joy,2.837
test,1,5,joy,5.483
test,1,6,joy,2.304
test,1,7,joy,1.941
test,2,0,neutral,1.045
test,2,1,neutral,2.923
test,2,2,sadness,3.392
test,2,3,surprise,1.792
test,2,4,anger,3.435
test,2,5,anger,2.091
test,2,6,anger,2.389
test,2,7,joy,0.853
test,2,8,joy,1.259
test,2,9,neutral,2.005
test,2,10,neutral,1.067
test,3,0,neutral,2.005
test,3,1,fear,4.672
test,3,2,neutral,2.688
test,3,3,neutral,3.84
test,3,4,anger,5.675
test,3,5,disgust,2.005
test,3,6,neutral,2.56
test,4,0,surprise,1.003
test,4,1,neutral,2.005
test,4,2,surprise,1.536
test,4,3,surprise,1.301
test,4,4,neutral,3.755
test,4,5,fear,5.803
test,4,6,disgust,2.347
test,4,7,anger,2.752
test,4,8,neutral,2.517
test,5,0,anger,12.224
test,5,1,neutral,2.091
test,5,2,neutral,1.28
test,5,3,neutral,1.963
test,5,4,neutral,1.579
test,5,5,neutral,1.429
test,5,6,neutral,1.515
test,5,7,neutral,3.84
test,5,8,neutral,2.261
test,6,0,neutral,3.093
test,6,1,neutral,2.603
test,6,2,surprise,2.261
test,7,0,neutral,2.261
test,7,1,neutral,1.6
test,7,2,neutral,2.261
test,7,3,neutral,4.224
test,7,4,surprise,2.56
test,7,5,neutral,3.264
test,7,6,surprise,2.453
test,7,7,neutral,9.941
test,7,8,neutral,3.605
test,8,0,sadness,9.6
test,8,1,joy,2.645
test,8,2,neutral,2.645
test,8,3,surprise,0.256
test,8,4,neutral,4.352
test,8,5,neutral,1.643
test,8,6,joy,3.52
test,9,0,fear,5.803
test,9,1,neutral,1.813
test,9,2,sadness,2.133
test,9,3,surprise,1.003
test,9,4,surprise,0.256
test,9,5,neutral,3.221
test,9,6,surprise,2.923
test,9,7,anger,5.589
test,9,8,sadness,3.435
test,9,9,sadness,9.237
test,9,10,neutral,2.219
test,9,11,sadness,2.56
test,9,12,neutral,1.045
test,9,13,anger,2.603
test,9,14,neutral,5.568
test,9,15,joy,6.464
test,9,16,neutral,2.347
test,9,17,neutral,2.645
test,10,0,anger,1.813
test,10,1,neutral,2.752
test,10,2,neutral,1.771
test,10,3,neutral,3.307
test,11,0,sadness,1.771
test,11,1,fear,4.565
test,11,2,neutral,2.133
test,11,3,neutral,4.523
test,11,4,neutral,1.344
test,12,0,anger,8.811
test,12,1,neutral,3.136
test,12,2,sadness,8.469
test,12,3,anger,4.672
test,12,4,anger,2.325
test,12,5,anger,1.835
test,12,6,sadness,13.227
test,12,7,sadness,3.755
test,12,8,joy,2.304
test,12,9,neutral,4.928
test,12,10,neutral,5.483
test,12,11,joy,2.517
test,12,12,joy,0.96
test,12,13,neutral,1.92
test,12,14,neutral,1.365
test,12,15,neutral,4.352
test,12,16,neutral,1.429
test,12,17,neutral,2.347
test,12,18,neutral,1.131
test,12,19,joy,3.669
test,13,0,neutral,1.173
test,13,1,neutral,2.645
test,13,2,neutral,2.261
test,13,3,surprise,2.432
test,13,4,neutral,6.549
test,13,5,anger,13.525
test,13,6,anger,4.48
test,13,7,anger,2.795
test,14,0,surprise,2.731
test,14,1,joy,2.731
test,14,2,joy,2.731
test,14,3,joy,0.363
test,14,4,neutral,2.645
test,14,5,neutral,1.92
test,14,6,joy,2.133
test,14,7,joy,1.451
test,14,8,neutral,1.045
test,14,9,joy,3.563
test,14,10,neutral,1.685
test,15,0,joy,6.016
test,15,1,joy,2.773
test,15,2,joy,1.301
test,15,3,neutral,2.432
test,15,4,neutral,1.941
test,15,5,anger,5.632
test,16,0,neutral,2.048
test,16,1,neutral,1.728
test,16,2,neutral,3.392
test,16,3,neutral,6.315
test,16,4,surprise,1.792
test,16,5,neutral,6.059
test,16,6,neutral,2.923
test,16,7,neutral,6.144
test,16,8,neutral,1.301
test,16,9,anger,4.053
test,17,0,neutral,3.136
test,17,1,neutral,3.669
test,17,2,neutral,4.267
test,17,3,disgust,1.792
test,17,4,disgust,1.685
test,17,5,joy,5.931
test,17,6,anger,1.877
test,17,7,anger,4.053
test,17,8,anger,4.181
test,17,9,anger,2.347
test,17,10,anger,2.837
test,17,11,sadness,2.176
test,17,12,disgust,4.523
test,17,13,anger,5.888
test,17,14,disgust,4.096
test,17,15,neutral,2.005
test,17,16,fear,2.837
test,17,17,fear,3.883
test,17,18,neutral,2.965
test,17,19,neutral,2.389
test,17,20,neutral,2.304
test,17,21,neutral,1.323
test,17,22,neutral,4.629
test,17,23,neutral,2.795
test,17,24,anger,3.264
test,17,25,neutral,5.931
test,17,26,anger,12.181
test,17,27,anger,4.395
test,17,28,sadness,3.52
test,17,29,anger,5.099
test,17,30,anger,2.261
test,17,31,anger,5.76
test,17,32,neutral,1.835
test,18,0,neutral,5.269
test,18,1,neutral,2.304
test,18,2,neutral,5.547
test,19,0,surprise,1.387
test,20,0,anger,2.88
test,20,1,neutral,2.005
test,20,2,neutral,6.976
test,20,3,neutral,2.688
test,20,4,neutral,2.048
test,20,5,neutral,3.136
test,20,6,joy,3.563
test,20,7,neutral,2.389
test,21,0,neutral,2.645
test,21,1,neutral,5.547
test,21,2,neutral,1.429
test,21,3,neutral,10.901
test,21,4,sadness,6.272
test,21,5,joy,1.173
test,21,6,surprise,2.347
test,22,0,joy,3.179
test,22,1,neutral,2.581
test,22,2,neutral,10.027
test,22,3,joy,1.216
test,22,4,sadness,2.091
test,22,5,neutral,2.496
test,22,6,sadness,4.373
test,22,7,surprise,1.515
test,22,8,sadness,2.261
test,22,9,surprise,2.517
test,22,10,anger,9.856
test,22,11,neutral,1.344
test,22,12,joy,2.048
test,22,13,joy,2.731
test,22,14,neutral,1.045
test,22,15,joy,4.352
test,22,16,neutral,2.112
test,22,17,joy,2.965
test,22,18,joy,2.795
test,22,19,surprise,1.344
test,22,20,neutral,3.051
test,22,21,neutral,1.899
test,23,0,joy,1.6
test,23,1,neutral,2.091
test,23,2,neutral,5.973
test,24,0,neutral,1.877
test,24,1,joy,0.533
test,24,2,neutral,1.877
test,24,3,joy,2.005
test,25,0,neutral,1.685
test,25,1,neutral,3.477
test,25,2,sadness,1.771
test,25,3,neutral,1.771
test,25,4,anger,0.149
test,25,5,surprise,1.643
test,25,6,joy,1.963
test,25,7,neutral,1.557
test,25,8,anger,5.355
test,25,9,neutral,2.517
test,25,10,anger,3.179
test,25,11,neutral,1.003
test,25,12,neutral,6.507
test,25,13,neutral,2.688
test,25,14,neutral,3.008
test,25,15,neutral,0.128
test,25,16,anger,1.088
test,26,0,joy,2.88
test,27,0,joy,1.045
test,27,1,neutral,0.747
test,28,0,neutral,3.691
test,28,1,joy,2.752
test,28,2,neutral,2.603
test,28,3,sadness,4.309
test,28,4,neutral,1.557
test,28,5,neutral,2.432
test,28,6,neutral,1.344
test,28,7,joy,4.096
test,28,8,neutral,1.771
test,28,9,sadness,1.109
test,28,10,neutral,4.757
test,28,11,neutral,9.984
test,28,12,neutral,1.045
test,28,13,neutral,4.181
test,28,14,joy,1.728
test,28,15,anger,5.909
test,28,16,neutral,2.432
test,29,0,neutral,3.797
test,29,1,surprise,3.755
test,29,2,neutral,5.099
test,29,3,surprise,2.304
test,29,4,surprise,1.301
test,29,5,surprise,2.645
test,29,6,fear,4.8
test,29,7,joy,2.816
test,29,8,neutral,3.755
test,29,9,neutral,1.792
test,29,10,fear,2.56
test,29,11,joy,2.816
test,29,12,joy,2.965
test,30,0,surprise,1.685
test,30,1,joy,4.565
test,30,2,joy,3.648
test,30,3,joy,5.717
test,30,4,surprise,1.045
test,30,5,disgust,11.392
test,31,0,neutral,2.005
test,32,0,surprise,7.275
test,32,1,joy,5.525
test,32,2,neutral,2.923
test,32,3,neutral,0.171
test,32,4,neutral,9.515
test,32,5,sadness,4.053
test,32,6,neutral,5.675
test,32,7,neutral,5.44
test,32,8,surprise,2.965
test,32,9,sadness,1.536
test,32,10,sadness,1.771
test,32,11,sadness,6.677
test,32,12,joy,2.219
test,33,0,sadness,7.979
test,33,1,anger,4.139
test,33,2,neutral,7.467
test,33,3,neutral,1.685
test,33,4,surprise,1.515
test,33,5,sadness,2.347
test,33,6,sadness,5.227
test,33,7,neutral,4.267
test,33,8,neutral,1.216
test,33,9,anger,3.435
test,33,10,anger,7.36
test,34,0,neutral,1.387
test,34,1,disgust,3.52
test,34,2,joy,6.805
test,34,3,surprise,5.355
test,34,4,anger,4.949
test,34,5,surprise,3.435
test,34,6,disgust,2.347
test,34,7,anger,2.731
test,34,8,neutral,2.091
test,34,9,neutral,2.475
test,34,10,neutral,4.16
test,34,11,neutral,2.005
test,34,12,surprise,5.717
test,34,13,surprise,4.629
test,34,14,anger,4.629
test,34,15,anger,1.92
test,34,16,neutral,3.136
test,34,17,anger,3.648
test,34,18,anger,1.813
test,35,0,neutral,2.048
test,35,1,joy,0.128
test,35,2,neutral,2.795
test,35,3,neutral,1.131
test,35,4,neutral,4.139
test,36,0,neutral,1.088
test,36,1,anger,7.061
test,37,0,anger,3.051
test,37,1,neutral,4.523
test,37,2,anger,5.269
test,37,3,fear,4.267
test,37,4,anger,5.888
test,37,5,neutral,5.717
test,37,6,anger,1.365
test,37,7,anger,1.429
test,38,0,joy,2.048
test,38,1,joy,3.477
test,38,2,neutral,2.56
test,38,3,joy,1.941
test,38,4,joy,304.96
test,39,0,neutral,10.603
test,39,1,neutral,2.005
test,39,2,neutral,3.968
test,39,3,neutral,2.88
test,39,4,neutral,3.691
test,39,5,neutral,3.797
test,39,6,joy,4.309
test,39,7,neutral,3.392
test,39,8,neutral,2.176
test,39,9,surprise,3.136
test,39,10,neutral,6.229
test,39,11,neutral,5.013
test,40,0,joy,1.493
test,40,1,neutral,7.275
test,41,0,neutral,3.477
test,41,1,anger,4.757
test,41,2,anger,2.005
test,41,3,surprise,2.219
test,41,4,anger,1.152
test,41,5,surprise,2.517
test,41,6,disgust,1.259
test,41,7,neutral,2.304
test,41,8,surprise,2.005
test,41,9,surprise,2.005
test,41,10,sadness,0.981
test,41,11,sadness,2.923
test,41,12,neutral,2.389
test,42,0,joy,2.219
test,42,1,sadness,1.515
test,42,2,neutral,4.672
test,42,3,surprise,5.973
test,42,4,neutral,2.389
test,42,5,surprise,3.648
test,42,6,joy,3.179
test,42,7,surprise,2.261
test,42,8,neutral,1.472
test,43,0,neutral,2.048
test,43,1,neutral,2.005
test,43,2,neutral,1.472
test,43,3,neutral,3.52
test,43,4,neutral,5.184
test,43,5,neutral,1.92
test,43,6,neutral,1.088
test,44,0,neutral,3.221
test,44,1,neutral,2.453
test,44,2,joy,3.307
test,44,3,neutral,1.259
test,45,0,anger,8.149
test,45,1,neutral,4.053
test,45,2,neutral,2.219
test,45,3,surprise,1.088
test,45,4,joy,2.517
test,45,5,joy,2.517
test,45,6,anger,4.608
test,45,7,neutral,1.963
test,45,8,neutral,11.136
test,46,0,joy,4.8
test,46,1,joy,2.24
test,46,2,joy,4.971
test,46,3,joy,2.155
test,46,4,joy,2.837
test,46,5,joy,2.645
test,46,6,neutral,3.477
test,46,7,joy,3.605
test,46,8,joy,16.619
test,47,0,sadness,3.52
test,47,1,sadness,1.771
test,47,2,sadness,2.176
test,47,3,neutral,3.264
test,47,4,neutral,1.984
test,47,5,neutral,3.392
test,47,6,sadness,5.013
test,47,7,neutral,1.557
test,47,8,neutral,1.472
test,47,9,neutral,1.472
test,47,10,neutral,0.704
test,47,11,neutral,3.136
test,47,12,neutral,2.304
test,47,13,neutral,7.061
test,48,0,neutral,5.675
test,48,1,neutral,2.645
test,48,2,neutral,2.304
test,48,3,joy,1.259
test,48,4,joy,0.32
test,48,5,joy,2.176
test,48,6,joy,0.128
test,49,0,joy,2.347
test,49,1,joy,1.451
test,49,2,neutral,4.224
test,49,3,neutral,2.091
test,49,4,neutral,1.387
test,49,5,neutral,2.603
test,49,6,neutral,5.056
test,49,7,neutral,2.795
test,49,8,neutral,4.309
test,49,9,joy,4.309
test,49,10,neutral,3.029
test,49,11,joy,3.947
test,49,12,surprise,2.923
test,49,13,neutral,3.968
test,49,14,joy,3.051
test,49,15,neutral,4.523
test,49,16,neutral,2.56
test,50,0,neutral,8.683
test,50,1,neutral,4.096
test,50,2,fear,2.347
test,50,3,neutral,2.645
test,51,0,joy,1.387
test,51,1,joy,0.213
test,51,2,neutral,4.843
test,52,0,neutral,1.685
test,52,1,disgust,4.523
test,52,2,neutral,3.179
test,52,3,surprise,3.136
test,52,4,neutral,1.941
test,52,5,neutral,3.477
test,52,6,neutral,2.325
test,52,7,surprise,2.005
test,52,8,surprise,3.051
test,52,9,neutral,2.389
test,52,10,anger,3.712
test,52,11,anger,1.856
test,53,0,surprise,10.176
test,53,1,neutral,2.048
test,53,2,joy,5.675
test,53,3,joy,2.219
test,53,4,joy,3.008
test,53,5,neutral,5.397
test,53,6,sadness,2.347
test,53,7,sadness,4.309
test,53,8,surprise,3.008
test,53,9,joy,7.061
test,53,10,neutral,3.883
test,53,11,joy,2.965
test,53,12,joy,1.6
test,54,0,neutral,2.517
test,54,1,neutral,3.136
test,54,2,neutral,7.765
test,54,3,anger,3.179
test,54,4,neutral,3.669
test,54,5,surprise,3.264
test,54,6,neutral,0.128
test,54,7,anger,2.475
test,54,8,neutral,1.515
test,54,9,neutral,5.547
test,54,10,sadness,3.648
test,54,11,sadness,2.347
test,55,0,neutral,3.605
test,55,1,neutral,2.389
test,55,2,joy,2.923
test,56,0,sadness,4.011
test,56,1,neutral,5.973
test,56,2,joy,8.341
test,56,3,neutral,3.264
test,56,4,anger,2.411
test,56,5,joy,5.355
test,56,6,neutral,1.045
test,56,7,joy,1.813
test,56,8,joy,12.821
test,56,9,neutral,3.307
test,56,10,surprise,4.309
test,56,11,joy,0.491
test,57,0,neutral,1.216
test,57,1,joy,6.891
test,57,2,joy,2.688
test,57,3,neutral,1.515
test,57,4,joy,9.643
test,57,5,disgust,2.837
test,58,0,joy,1.6
test,58,1,joy,1.301
test,58,2,joy,7.509
test,58,3,joy,3.179
test,58,4,neutral,1.877
test,58,5,neutral,2.347
test,58,6,neutral,2.219
test,58,7,surprise,1.685
test,58,8,surprise,1.003
test,58,9,sadness,3.435
test,58,10,sadness,1.131
test,58,11,neutral,2.88
test,58,12,joy,2.048
test,58,13,joy,5.44
test,58,14,neutral,1.429
test,58,15,neutral,11.605
test,58,16,sadness,3.605
test,59,0,neutral,3.136
test,59,1,neutral,3.392
test,59,2,anger,4.181
test,60,0,fear,4.843
test,60,1,neutral,5.547
test,60,2,joy,5.312
test,60,3,surprise,2.581
test,60,4,sadness,4.608
test,60,5,anger,5.013
test,60,6,anger,2.304
test,61,0,surprise,3.563
test,61,1,disgust,8.277
test,61,2,surprise,2.389
test,62,0,neutral,1.387
test,62,1,anger,6.144
test,63,0,neutral,3.605
test,63,1,neutral,2.048
test,64,0,anger,3.349
test,64,1,neutral,8.107
test,64,2,anger,2.219
test,64,3,anger,1.472
test,64,4,anger,1.792
test,64,5,neutral,1.152
test,64,6,neutral,1.344
test,64,7,neutral,1.92
test,64,8,neutral,10.261
test,64,9,neutral,2.091
test,64,10,neutral,1.259
test,64,11,neutral,5.013
test,64,12,sadness,5.973
test,64,13,neutral,4.715
test,64,14,surprise,1.301
test,64,15,neutral,2.091
test,64,16,neutral,3.435
test,65,0,neutral,1.963
test,65,1,neutral,2.219
test,65,2,neutral,5.675
test,65,3,disgust,3.093
test,65,4,surprise,2.347
test,65,5,neutral,0.235
test,65,6,anger,3.221
test,65,7,neutral,1.92
test,65,8,neutral,1.131
test,65,9,anger,2.752
test,65,10,surprise,1.792
test,66,0,neutral,2.048
test,66,1,joy,2.176
test,66,2,joy,4.928
test,66,3,neutral,4.075
test,66,4,joy,2.965
test,67,0,neutral,1.472
test,67,1,neutral,2.389
test,67,2,neutral,1.429
test,67,3,joy,3.093
test,68,0,anger,1.472
test,68,1,anger,2.389
test,68,2,neutral,3.712
test,68,3,sadness,2.688
test,68,4,neutral,3.712
test,68,5,anger,3.691
test,68,6,neutral,1.792
test,68,7,joy,2.048
test,68,8,neutral,1.685
test,68,9,joy,1.301
test,68,10,neutral,1.771
test,68,11,anger,1.515
test,68,12,joy,1.771
test,68,13,joy,0.555
test,68,14,neutral,2.304
test,69,0,anger,4.928
test,69,1,anger,3.093
test,69,2,neutral,1.664
test,69,3,neutral,2.752
test,69,4,neutral,8.683
test,69,5,joy,2.645
test,70,0,neutral,6.187
test,70,1,neutral,2.88
test,70,2,neutral,1.685
test,70,3,neutral,5.888
test,70,4,neutral,4.437
test,70,5,neutral,3.797
test,70,6,neutral,2.261
test,70,7,neutral,1.003
test,70,8,sadness,3.051
test,70,9,disgust,4.181
test,70,10,disgust,3.221
test,70,11,anger,3.051
test,70,12,anger,1.6
test,70,13,anger,0.149
test,70,14,anger,6.443
test,70,15,sadness,5.547
test,70,16,sadness,3.349
test,70,17,joy,1.515
test,70,18,neutral,1.877
test,70,19,neutral,2.219
test,70,20,neutral,9.472
test,70,21,neutral,5.184
test,70,22,joy,8.597
test,71,0,joy,3.264
test,71,1,neutral,2.837
test,71,2,joy,2.325
test,71,3,surprise,10.027
test,71,4,joy,4.096
test,71,5,surprise,4.096
test,71,6,surprise,4.096
test,71,7,neutral,0.981
test,71,8,neutral,2.752
test,71,9,neutral,3.648
test,71,10,neutral,4.523
test,71,11,neutral,2.965
test,71,12,joy,2.645
test,71,13,fear,3.52
test,72,0,neutral,3.52
test,72,1,joy,3.52
test,72,2,anger,3.52
test,72,3,anger,3.52
test,72,4,anger,0.256
test,72,5,anger,11.819
test,72,6,anger,5.355
test,72,7,anger,5.355
test,72,8,anger,0.768
test,72,9,anger,4.139
test,72,10,anger,4.309
test,72,11,anger,2.304
test,72,12,neutral,3.84
test,72,13,anger,3.179
test,72,14,neutral,3.051
test,72,15,neutral,3.605
test,72,16,surprise,5.44
test,73,0,fear,7.424
test,73,1,neutral,1.685
test,73,2,anger,4.053
test,73,3,neutral,2.005
test,73,4,neutral,1.771
test,73,5,neutral,1.365
test,73,6,neutral,1.728
test,73,7,joy,4.48
test,73,8,anger,3.392
test,73,9,neutral,2.048
test,73,10,anger,3.136
test,74,0,joy,4.523
test,74,1,neutral,3.797
test,74,2,neutral,1.515
test,74,3,neutral,3.179
test,74,4,neutral,4.8
test,75,0,neutral,1.643
test,75,1,neutral,1.387
test,75,2,neutral,1.472
test,75,3,neutral,1.301
test,75,4,anger,1.472
test,75,5,neutral,7.808
test,76,0,neutral,1.835
test,76,1,neutral,5.355
test,76,2,neutral,2.837
test,76,3,neutral,2.261
test,76,4,neutral,1.387
test,76,5,neutral,3.563
test,76,6,neutral,1.707
test,76,7,neutral,3.179
test,76,8,surprise,1.792
test,76,9,neutral,1.515
test,76,10,neutral,1.685
test,76,11,neutral,3.883
test,76,12,neutral,4.139
test,76,13,neutral,3.264
test,76,14,neutral,4.139
test,76,15,neutral,2.432
test,76,16,joy,7.723
test,76,17,neutral,2.752
test,76,18,joy,1.259
test,77,0,surprise,2.048
test,77,1,neutral,5.312
test,77,2,anger,1.131
test,77,3,anger,3.136
test,77,4,sadness,3.307
test,78,0,sadness,1.515
test,78,1,neutral,2.88
test,78,2,neutral,2.133
test,78,3,neutral,1.173
test,78,4,neutral,1.472
test,78,5,neutral,0.811
test,78,6,neutral,1.877
test,78,7,joy,1.877
test,78,8,joy,3.179
test,78,9,joy,4.309
test,79,0,neutral,3.136
test,79,1,neutral,0.619
test,80,0,anger,3.221
test,80,1,anger,0.128
test,80,2,disgust,1.216
test,80,3,anger,1.728
test,80,4,anger,2.048
test,80,5,neutral,5.931
test,80,6,neutral,5.397
test,80,7,anger,2.219
test,80,8,neutral,0.768
test,80,9,neutral,2.56
test,81,0,joy,7.019
test,81,1,neutral,4.843
test,82,0,neutral,1.045
test,83,0,neutral,4.672
test,83,1,neutral,3.648
test,83,2,neutral,4.395
test,83,3,neutral,0.128
test,83,4,joy,1.045
test,83,5,anger,2.645
test,83,6,surprise,1.088
test,83,7,sadness,6.805
test,83,8,neutral,3.435
test,83,9,sadness,2.048
test,83,10,anger,4.48
test,84,0,anger,2.56
test,84,1,anger,1.003
test,84,2,sadness,10.389
test,85,0,neutral,2.795
test,85,1,surprise,3.008
test,85,2,anger,1.259
test,85,3,anger,5.184
test,85,4,disgust,2.88
test,85,5,anger,1.792
test,86,0,neutral,2.261
test,86,1,neutral,1.365
test,86,2,neutral,7.317
test,86,3,neutral,4.267
test,86,4,neutral,6.101
test,86,5,disgust,2.048
test,86,6,joy,1.387
test,86,7,surprise,1.045
test,87,0,neutral,2.56
test,87,1,neutral,3.221
test,88,0,joy,3.136
test,88,1,joy,1.301
test,88,2,disgust,2.88
test,88,3,anger,1.152
test,88,4,neutral,6.848
test,88,5,neutral,5.397
test,88,6,anger,8.192
test,88,7,neutral,3.691
test,88,8,sadness,3.264
test,88,9,joy,1.92
test,88,10,neutral,9.259
test,88,11,surprise,2.688
test,88,12,joy,0.32
test,88,13,neutral,4.523
test,89,0,neutral,2.005
test,89,1,neutral,3.051
test,89,2,surprise,6.891
test,90,0,neutral,6.187
test,90,1,anger,16.725
test,90,2,surprise,2.603
test,90,3,sadness,2.304
test,90,4,sadness,8.512
test,90,5,sadness,3.712
test,91,0,neutral,3.477
test,92,0,joy,2.304
test,92,1,neutral,2.176
test,92,2,neutral,2.56
test,92,3,joy,3.136
test,92,4,joy,2.091
test,92,5,disgust,1.216
test,93,0,sadness,1.963
test,93,1,sadness,2.645
test,93,2,neutral,3.435
test,93,3,neutral,2.56
test,93,4,neutral,4.437
test,93,8,neutral,2.645
test,93,9,neutral,2.645
test,93,10,neutral,0.576
test,93,11,neutral,3.648
test,93,12,anger,2.048
test,93,13,neutral,3.925
test,93,14,neutral,2.752
test,93,15,neutral,5.845
test,94,0,surprise,1.429
test,94,1,neutral,4.352
test,94,2,neutral,5.675
test,95,0,surprise,5.888
test,95,1,joy,2.965
test,95,2,surprise,0.171
test,95,3,neutral,1.515
test,95,4,surprise,6.976
test,95,5,anger,1.643
test,95,6,neutral,0.128
test,95,7,joy,2.475
test,95,8,joy,1.728
test,95,9,anger,2.133
test,95,10,neutral,3.093
test,95,11,surprise,3.093
test,95,12,joy,0.149
test,95,13,joy,3.392
test,95,14,joy,1.92
test,95,15,joy,1.344
test,95,16,neutral,1.515
test,95,17,fear,5.355
test,95,18,neutral,1.259
test,95,19,joy,1.685
test,96,0,neutral,2.688
test,96,1,neutral,0.875
test,96,2,joy,2.005
test,96,3,disgust,5.76
test,96,4,joy,1.045
test,96,5,neutral,2.091
test,96,6,anger,0.128
test,96,7,disgust,7.68
test,96,8,neutral,1.515
test,96,9,anger,1.792
test,96,10,neutral,2.005
test,96,11,neutral,2.795
test,96,12,surprise,1.771
test,96,13,neutral,3.307
test,96,14,surprise,1.899
test,96,15,neutral,5.44
test,96,16,neutral,1.045
test,96,17,neutral,4.885
test,96,18,neutral,9.429
test,96,19,neutral,3.477
test,96,20,neutral,7.147
test,97,0,joy,2.603
test,97,1,joy,5.184
test,97,2,neutral,3.392
test,97,3,neutral,1.92
test,97,4,neutral,2.752
test,97,5,neutral,1.237
test,97,6,neutral,1.877
test,97,7,neutral,4.096
test,97,8,fear,3.52
test,97,9,neutral,3.008
test,97,10,neutral,2.752
test,97,11,joy,8.683
test,98,0,surprise,4.096
test,98,1,anger,4.629
test,98,2,surprise,2.005
test,98,3,anger,2.304
test,98,4,anger,1.024
test,98,5,anger,1.771
test,98,6,anger,3.392
test,98,7,anger,1.963
test,98,8,anger,1.877
test,98,9,neutral,0.661
test,98,10,neutral,6.4
test,98,11,neutral,1.771
test,99,0,neutral,1.216
test,99,1,neutral,2.048
test,99,2,neutral,2.005
test,99,3,neutral,1.557
test,99,4,neutral,1.643
test,99,5,neutral,5.483
test,99,6,neutral,2.475
test,99,7,neutral,2.389
test,99,8,neutral,2.752
test,99,9,fear,3.755
test,100,0,neutral,2.688
test,100,1,neutral,2.795
test,100,2,neutral,1.557
test,100,3,neutral,3.136
test,100,4,neutral,4.224
test,100,5,sadness,4.224
test,100,6,sadness,4.224
test,100,7,neutral,4.224
test,100,8,neutral,0.256
test,100,9,neutral,2.837
test,100,10,sadness,4.352
test,100,11,neutral,4.352
test,100,12,neutral,2.859
test,100,13,neutral,2.432
test,100,14,fear,1.92
test,100,15,fear,1.6
test,100,16,neutral,3.563
test,100,17,neutral,3.563
test,100,18,fear,2.368
test,100,19,sadness,2.965
test,101,0,joy,2.133
test,101,1,neutral,1.557
test,101,2,sadness,3.563
test,101,3,neutral,1.963
test,102,0,anger,1.259
test,102,1,neutral,1.813
test,102,2,surprise,1.877
test,102,3,neutral,2.88
test,102,4,anger,1.835
test,102,5,sadness,2.965
test,102,6,anger,7.232
test,102,7,sadness,4.181
test,102,8,neutral,1.152
test,102,9,joy,2.091
test,103,0,joy,2.752
test,103,1,neutral,0.875
test,103,2,fear,4.971
test,103,3,surprise,6.101
test,103,4,anger,11.819
test,103,5,surprise,2.965
test,104,0,joy,6.315
test,104,1,surprise,2.517
test,104,2,neutral,1.6
test,105,0,anger,16.064
test,105,1,fear,5.845
test,105,2,anger,3.093
test,106,0,anger,3.883
test,106,1,neutral,2.304
test,106,2,disgust,1.472
test,106,3,sadness,1.387
test,107,0,neutral,3.669
test,107,1,neutral,1.003
test,107,2,joy,3.755
test,107,3,sadness,2.752
test,107,4,neutral,1.088
test,107,5,joy,2.133
test,107,6,sadness,2.219
test,107,7,sadness,1.877
test,107,8,neutral,1.429
test,107,9,neutral,1.088
test,107,10,neutral,7.509
test,107,11,neutral,1.6
test,107,12,surprise,1.877
test,108,0,disgust,2.603
test,108,3,anger,4.715
test,108,4,anger,2.176
test,108,5,joy,11.392
test,108,6,joy,10.56
test,108,7,surprise,4.8
test,108,8,surprise,1.344
test,108,9,joy,4.885
test,109,0,joy,6.187
test,109,1,joy,8.683
test,109,2,anger,7.509
test,109,3,neutral,1.301
test,109,4,surprise,3.648
test,109,5,anger,7.381
test,109,6,neutral,1.472
test,109,7,surprise,2.133
test,110,0,surprise,1.472
test,110,1,neutral,2.219
test,110,2,neutral,3.755
test,110,3,surprise,0.661
test,110,4,joy,2.795
test,110,5,neutral,6.357
test,110,6,sadness,3.605
test,110,7,joy,7.893
test,110,8,disgust,5.056
test,111,0,neutral,9.344
test,111,1,neutral,4.395
test,111,2,joy,3.648
test,111,3,anger,6.016
test,111,4,sadness,7.936
test,111,5,anger,0.747
test,111,6,sadness,1.664
test,111,7,sadness,2.347
test,111,8,sadness,3.883
test,111,9,fear,2.347
test,111,10,anger,2.731
test,111,11,neutral,2.688
test,111,12,neutral,5.355
test,111,13,surprise,1.045
test,111,14,neutral,2.688
test,112,0,neutral,1.045
test,112,1,neutral,2.389
test,112,2,disgust,3.221
test,112,3,disgust,4.843
test,112,4,surprise,0.661
test,112,5,neutral,2.88
test,112,6,anger,2.965
test,112,7,anger,3.307
test,112,8,neutral,4.224
test,112,9,neutral,2.88
test,112,10,neutral,2.837
test,112,11,joy,6.72
test,112,12,surprise,6.272
test,112,13,surprise,2.005
test,112,14,surprise,2.645
test,112,15,neutral,4.139
test,112,16,joy,7.765
test,112,17,neutral,6.229
test,112,18,neutral,1.579
test,112,19,joy,2.112
test,112,20,joy,3.968
test,112,21,neutral,2.005
test,113,0,anger,5.973
test,113,1,surprise,2.731
test,113,2,joy,1.429
test,113,3,neutral,0.832
test,113,4,fear,1.835
test,113,5,surprise,1.429
test,113,6,anger,1.685
test,113,7,anger,1.92
test,113,8,anger,1.557
test,113,9,neutral,3.179
test,113,10,anger,2.005
test,113,11,neutral,1.472
test,113,12,surprise,1.6
test,113,13,anger,2.432
test,113,14,surprise,2.048
test,113,15,anger,3.307
test,113,16,neutral,1.6
test,114,0,neutral,2.965
test,114,1,neutral,3.968
test,114,2,surprise,3.179
test,114,3,neutral,12.096
test,114,4,neutral,8.277
test,114,5,joy,2.752
test,115,0,joy,7.147
test,115,1,neutral,2.517
test,115,2,anger,3.136
test,115,3,disgust,5.483
test,115,4,neutral,2.965
test,115,5,neutral,9.237
test,116,0,neutral,2.56
test,116,1,neutral,7.893
test,116,2,anger,4.224
test,116,3,neutral,2.517
test,116,4,anger,0.235
test,116,5,sadness,6.229
test,116,6,neutral,3.179
test,116,7,neutral,0.896
test,116,8,neutral,0.341
test,116,9,neutral,0.533
test,116,10,neutral,1.045
test,116,11,anger,0.277
test,117,0,neutral,4.267
test,117,1,joy,0.917
test,117,2,neutral,1.195
test,117,3,neutral,1.877
test,117,4,neutral,2.347
test,117,5,fear,4.757
test,117,6,neutral,2.56
test,117,7,anger,3.051
test,117,8,surprise,2.923
test,118,0,sadness,7.765
test,118,1,sadness,3.221
test,118,2,surprise,2.517
test,118,3,joy,1.259
test,118,4,sadness,2.901
test,118,5,sadness,2.261
test,118,6,neutral,2.411
test,118,7,joy,2.005
test,118,8,neutral,7.317
test,118,9,fear,6.443
test,118,10,surprise,8.235
test,118,11,neutral,3.179
test,119,0,neutral,6.763
test,119,1,sadness,11.435
test,119,2,neutral,2.091
test,119,3,surprise,5.76
test,119,4,neutral,2.475
test,119,5,fear,2.389
test,119,6,surprise,9.195
test,120,0,joy,1.045
test,120,1,neutral,3.392
test,120,2,joy,3.755
test,120,3,joy,6.059
test,120,4,neutral,3.008
test,120,5,joy,1.173
test,120,6,joy,2.155
test,120,7,neutral,3.52
test,120,8,neutral,5.184
test,120,9,disgust,1.6
test,120,10,joy,9.515
test,120,11,disgust,6.891
test,120,12,surprise,1.301
test,120,13,neutral,6.229
test,120,14,neutral,3.563
test,120,15,anger,1.856
test,120,16,anger,5.931
test,120,17,anger,1.131
test,120,18,neutral,2.475
test,121,0,joy,2.88
test,121,1,joy,3.669
test,121,2,neutral,5.141
test,121,3,neutral,1.728
test,121,4,joy,7.061
test,121,5,joy,1.515
test,122,0,neutral,4.523
test,122,1,surprise,1.472
test,122,2,neutral,0.277
test,122,3,joy,4.928
test,122,4,neutral,2.923
test,123,0,neutral,3.712
test,123,1,neutral,1.685
test,123,2,disgust,6.933
test,123,3,neutral,1.899
test,123,4,anger,0.917
test,123,5,neutral,1.579
test,123,6,surprise,2.24
test,123,7,neutral,0.192
test,123,8,neutral,2.88
test,123,9,disgust,6.315
test,123,10,surprise,1.92
test,123,11,sadness,3.349
test,123,12,neutral,2.475
test,123,13,disgust,3.925
test,123,14,neutral,3.264
test,123,15,sadness,4.928
test,124,0,neutral,4.267
test,124,1,sadness,1.728
test,124,2,sadness,8.512
test,124,3,neutral,5.397
test,124,4,neutral,7.232
test,124,5,sadness,2.219
test,124,6,neutral,0.533
test,124,7,anger,0.405
test,124,8,surprise,0.149
test,124,9,surprise,0.597
test,124,10,surprise,1.621
test,124,11,surprise,1.045
test,124,12,sadness,7.061
test,124,13,neutral,3.605
test,124,14,joy,11.221
test,125,0,joy,1.131
test,125,1,neutral,0.277
test,125,2,neutral,1.728
test,125,3,neutral,5.227
test,125,4,neutral,1.643
test,125,5,neutral,5.525
test,125,6,neutral,1.259
test,125,7,surprise,0.853
test,125,8,neutral,1.515
test,125,9,neutral,2.091
test,125,10,neutral,1.92
test,125,11,joy,1.92
test,125,12,neutral,2.539
test,125,13,surprise,1.387
test,125,14,surprise,1.685
test,125,15,neutral,0.725
test,125,16,neutral,2.923
test,125,17,surprise,2.091
test,125,18,anger,2.261
test,125,19,anger,1.771
test,125,20,sadness,1.6
test,125,21,sadness,0.213
test,125,22,surprise,2.795
test,126,0,neutral,1.771
test,126,1,joy,3.221
test,126,2,joy,2.389
test,126,3,neutral,5.227
test,126,4,fear,5.76
test,126,5,neutral,1.877
test,126,6,neutral,3.648
test,126,7,neutral,2.88
test,126,8,surprise,1.579
test,126,9,neutral,0.875
test,126,10,anger,3.136
test,126,11,neutral,0.363
test,126,12,anger,1.557
test,126,13,joy,1.685
test,126,14,joy,3.328
test,126,15,neutral,0.128
test,127,0,anger,2.219
test,127,1,neutral,4.096
test,127,2,neutral,1.045
test,127,3,neutral,9.515
test,127,4,neutral,2.795
test,127,5,neutral,5.76
test,128,0,neutral,3.755
test,128,1,neutral,6.72
test,128,2,neutral,1.728
test,128,3,fear,0.896
test,128,4,surprise,0.597
test,128,5,anger,5.184
test,128,6,disgust,1.835
test,128,7,neutral,1.984
test,128,8,disgust,9.216
test,128,9,neutral,3.264
test,129,0,joy,1.173
test,129,1,surprise,4.309
test,129,2,neutral,2.603
test,129,3,sadness,1.323
test,129,4,neutral,2.923
test,129,5,neutral,4.629
test,129,6,neutral,1.92
test,129,7,neutral,1.045
test,130,0,neutral,3.435
test,130,1,disgust,6.315
test,130,2,neutral,1.173
test,130,3,neutral,1.92
test,130,4,neutral,1.365
test,130,5,joy,0.491
test,130,6,surprise,5.931
test,130,7,neutral,1.088
test,130,8,surprise,0.64
test,130,9,neutral,0.896
test,130,10,sadness,4.672
test,130,11,fear,2.688
test,130,12,sadness,6.848
test,130,13,neutral,2.219
test,130,14,neutral,0.619
test,130,15,neutral,0.875
test,130,16,neutral,1.728
test,130,17,neutral,1.877
test,131,0,neutral,0.64
test,131,1,joy,1.429
test,131,2,neutral,1.152
test,131,3,joy,2.005
test,131,4,neutral,0.469
test,131,5,neutral,2.944
test,131,6,joy,1.088
test,131,7,neutral,1.643
test,131,8,joy,7.467
test,132,0,neutral,4.437
test,132,1,neutral,8.981
test,132,2,neutral,4.395
test,132,3,neutral,1.877
test,132,4,joy,2.709
test,132,5,neutral,2.795
test,132,6,neutral,2.133
test,132,7,neutral,3.563
test,132,8,neutral,5.632
test,132,9,surprise,4.011
test,132,10,anger,1.813
test,132,11,neutral,0.747
test,132,12,neutral,1.579
test,132,13,neutral,4.928
test,132,14,neutral,2.219
test,132,15,neutral,1.408
test,132,16,joy,1.045
test,132,17,neutral,0.149
test,132,18,neutral,1.365
test,132,19,surprise,1.451
test,133,0,joy,1.131
test,133,1,joy,1.515
test,133,2,neutral,2.475
test,133,3,joy,1.387
test,133,4,joy,0.96
test,133,5,joy,2.261
test,133,6,neutral,1.173
test,133,7,neutral,1.451
test,133,8,surprise,1.088
test,133,9,neutral,1.643
test,133,10,neutral,1.045
test,133,11,surprise,1.664
test,133,12,sadness,2.88
test,133,13,surprise,1.472
test,133,14,neutral,0.491
test,133,15,fear,1.728
test,134,0,surprise,1.088
test,134,1,sadness,2.091
test,134,2,joy,4.181
test,134,3,anger,3.968
test,135,0,neutral,4.8
test,135,1,surprise,0.747
test,135,2,neutral,1.237
test,135,3,joy,0.896
test,135,4,joy,0.341
test,135,5,joy,1.856
test,136,0,joy,2.261
test,137,0,neutral,5.504
test,137,1,neutral,0.725
test,137,2,neutral,0.725
test,137,3,neutral,0.512
test,137,4,neutral,4.352
test,137,5,neutral,1.045
test,137,6,neutral,0.853
test,137,7,surprise,2.304
test,137,8,neutral,3.349
test,137,9,surprise,2.923
test,137,10,surprise,1.344
test,137,11,neutral,1.408
test,137,12,surprise,1.728
test,137,13,anger,3.093
test,137,14,anger,2.517
test,138,0,neutral,1.6
test,138,1,disgust,2.645
test,138,2,surprise,4.011
test,138,3,surprise,2.005
test,139,0,neutral,1.557
test,139,1,sadness,3.008
test,139,2,neutral,1.301
test,139,3,joy,0.96
test,139,4,joy,0.32
test,139,5,neutral,0.128
test,139,6,neutral,2.176
test,139,7,surprise,8.427
test,139,8,joy,5.632
test,139,9,neutral,6.229
test,140,0,anger,3.264
test,140,1,sadness,2.091
test,140,2,neutral,1.557
test,140,3,neutral,2.645
test,140,4,neutral,2.261
test,140,5,joy,1.365
test,140,6,neutral,0.341
test,140,7,neutral,1.984
test,140,8,sadness,7.637
test,140,9,joy,2.005
test,140,10,neutral,1.152
test,140,11,anger,2.923
test,140,12,sadness,6.848
test,140,13,sadness,3.712
test,140,14,neutral,1.131
test,140,15,neutral,4.139
test,140,16,neutral,1.728
test,141,0,neutral,10.517
test,141,1,neutral,5.973
test,141,2,neutral,12.352
test,141,3,neutral,12.032
test,141,4,neutral,12.096
test,142,0,neutral,8.896
test,142,1,neutral,1.216
test,143,0,neutral,7.317
test,143,1,neutral,6.976
test,143,2,neutral,4.181
test,143,3,sadness,3.093
test,143,4,neutral,1.557
test,143,5,fear,2.432
test,143,6,surprise,1.216
test,143,7,anger,3.349
test,143,8,disgust,2.389
test,144,0,anger,4.267
test,144,1,joy,2.581
test,144,2,anger,4.437
test,144,3,neutral,3.221
test,144,4,anger,1.216
test,144,5,surprise,2.261
test,144,6,anger,5.227
test,144,7,neutral,2.347
test,144,8,anger,2.816
test,144,9,surprise,0.512
test,144,10,anger,1.771
test,144,11,anger,1.515
test,144,12,anger,1.6
test,144,13,neutral,2.005
test,144,14,neutral,4.181
test,145,0,neutral,1.685
test,145,1,surprise,1.6
test,145,2,neutral,1.6
test,145,3,surprise,0.448
test,145,4,neutral,2.176
test,145,5,neutral,1.387
test,145,6,neutral,4.693
test,145,7,neutral,2.688
test,145,8,neutral,1.643
test,145,9,surprise,7.723
test,145,10,neutral,2.261
test,145,11,neutral,1.173
test,145,12,neutral,1.195
test,146,0,joy,2.389
test,146,1,sadness,6.229
test,146,2,surprise,4.48
test,146,3,neutral,3.648
test,146,4,surprise,2.688
test,146,5,joy,4.48
test,146,6,joy,2.645
test,147,0,surprise,1.301
test,147,1,surprise,2.645
test,147,2,sadness,3.243
test,147,3,anger,0.128
test,147,4,anger,3.008
test,147,5,anger,1.963
test,147,6,anger,0.619
test,147,7,neutral,2.645
test,147,8,neutral,3.392
test,147,9,neutral,0.512
test,147,10,joy,1.344
test,148,0,sadness,1.344
test,149,0,sadness,2.133
test,149,1,sadness,1.685
test,149,2,sadness,3.563
test,150,0,sadness,2.389
test,150,1,anger,4.928
test,150,2,sadness,4.565
test,150,3,sadness,2.603
test,150,4,sadness,2.347
test,150,5,neutral,1.792
test,151,0,disgust,1.045
test,151,1,neutral,1.003
test,151,2,neutral,3.328
test,151,3,neutral,0.128
test,152,0,neutral,6.677
test,152,1,neutral,3.392
test,152,2,surprise,1.301
test,152,3,neutral,1.301
test,152,4,neutral,7.317
test,153,0,neutral,3.264
test,153,1,neutral,1.963
test,153,2,neutral,6.187
test,153,3,neutral,4.309
test,153,4,fear,3.008
test,153,5,neutral,3.883
test,153,6,neutral,1.429
test,153,7,neutral,6.464
test,153,8,joy,2.261
test,153,9,neutral,3.093
test,153,10,joy,5.013
test,153,11,fear,5.717
test,154,0,joy,1.472
test,154,1,joy,1.429
test,154,2,joy,3.477
test,154,3,joy,3.605
test,154,4,neutral,6.272
test,154,5,neutral,3.755
test,154,6,surprise,6.763
test,154,7,joy,1.771
test,154,8,anger,2.517
test,154,9,joy,1.621
test,154,10,joy,1.6
test,154,11,joy,1.259
test,154,12,joy,6.315
test,154,13,neutral,2.645
test,154,14,neutral,2.475
test,154,15,surprise,3.349
test,154,16,joy,3.755
test,154,17,joy,2.645
test,154,18,neutral,2.304
test,154,19,neutral,0.512
test,154,20,neutral,1.387
test,155,0,anger,2.645
test,155,1,anger,9.941
test,155,2,neutral,4.096
test,155,3,surprise,1.621
test,155,4,neutral,0.128
test,155,5,sadness,7.765
test,155,6,neutral,1.792
test,155,7,neutral,5.717
test,155,8,sadness,6.016
test,156,0,joy,2.965
test,156,1,joy,3.051
test,156,2,neutral,10.112
test,156,3,neutral,2.56
test,156,4,neutral,1.045
test,156,5,neutral,6.592
test,156,6,anger,6.549
test,156,7,joy,2.731
test,156,8,neutral,3.051
test,156,9,sadness,7.637
test,156,10,sadness,8.853
test,156,11,joy,3.755
test,156,12,anger,4.565
test,156,13,neutral,3.264
test,156,14,joy,3.563
test,156,15,anger,5.504
test,157,0,neutral,8.064
test,157,1,neutral,3.477
test,157,2,anger,2.88
test,157,3,neutral,3.755
test,157,4,neutral,2.837
test,157,5,neutral,6.059
test,157,6,neutral,5.056
test,157,7,neutral,6.059
test,158,0,neutral,0.661
test,158,1,sadness,1.707
test,158,2,sadness,3.221
test,158,3,neutral,4.096
test,158,4,anger,7.424
test,158,5,neutral,7.979
test,158,6,surprise,2.688
test,159,0,anger,3.648
test,159,1,anger,5.227
test,160,0,sadness,3.477
test,160,1,anger,2.347
test,160,2,anger,2.133
test,160,3,anger,2.197
test,160,4,anger,0.576
test,160,5,anger,1.344
test,160,6,sadness,2.816
test,160,7,sadness,2.005
test,160,8,anger,0.576
test,160,9,anger,3.285
test,160,10,sadness,2.027
test,160,11,sadness,0.128
test,160,12,sadness,1.877
test,160,13,anger,2.347
test,161,0,neutral,1.152
test,161,1,neutral,2.709
test,161,2,neutral,3.093
test,161,3,joy,1.045
test,161,4,joy,2.091
test,161,5,neutral,1.579
test,161,6,joy,7.296
test,161,7,neutral,2.176
test,161,8,neutral,0.896
test,161,9,neutral,2.517
test,161,10,joy,1.6
test,161,11,surprise,1.515
test,162,0,joy,4.309
test,162,1,neutral,0.619
test,162,2,neutral,1.131
test,162,3,neutral,0.32
test,162,4,neutral,0.811
test,162,5,anger,1.877
test,163,0,sadness,3.755
test,163,1,disgust,0.875
test,163,2,sadness,2.24
test,163,3,joy,4.523
test,163,4,neutral,3.712
test,163,5,neutral,1.6
test,163,6,sadness,4.693
test,163,7,neutral,2.475
test,163,8,neutral,2.133
test,163,9,surprise,3.691
test,164,0,neutral,2.837
test,164,1,neutral,1.216
test,164,2,neutral,3.883
test,164,3,neutral,5.632
test,164,4,neutral,5.845
test,164,5,neutral,5.717
test,164,6,neutral,2.56
test,164,7,anger,2.645
test,164,8,neutral,7.061
test,165,0,anger,2.091
test,165,1,neutral,2.176
test,165,2,surprise,1.472
test,165,3,disgust,4.48
test,165,4,sadness,2.923
test,166,0,surprise,2.347
test,166,1,anger,5.632
test,166,2,surprise,3.477
test,166,3,anger,4.971
test,166,4,sadness,2.731
test,166,5,sadness,5.483
test,166,6,neutral,2.347
test,166,7,neutral,0.704
test,166,8,neutral,0.363
test,166,9,neutral,4.011
test,166,10,neutral,1.216
test,166,11,neutral,2.88
test,166,12,neutral,0.747
test,166,13,neutral,2.88
test,167,0,sadness,6.848
test,167,1,neutral,1.003
test,167,2,neutral,2.56
test,167,3,neutral,5.547
test,167,4,neutral,4.523
test,167,5,joy,9.856
test,167,6,joy,3.605
test,167,7,anger,1.877
test,167,8,sadness,1.771
test,167,9,anger,2.261
test,167,10,neutral,3.435
test,167,11,neutral,4.672
test,167,12,neutral,1.877
test,167,13,neutral,2.944
test,167,14,anger,4.48
test,167,15,neutral,1.643
test,167,16,neutral,1.045
test,168,0,neutral,3.797
test,168,1,neutral,5.312
test,168,2,neutral,2.56
test,168,3,neutral,3.84
test,168,4,neutral,1.429
test,168,5,neutral,3.008
test,168,6,neutral,2.261
test,168,7,neutral,6.592
test,168,8,fear,4.053
test,168,9,neutral,2.219
test,168,10,neutral,1.813
test,168,11,anger,4.139
test,168,12,surprise,2.133
test,168,13,anger,3.179
test,168,14,surprise,0.96
test,168,15,anger,0.832
test,168,16,anger,1.835
test,168,17,anger,4.629
test,168,18,neutral,1.344
test,169,0,surprise,5.013
test,169,1,joy,1.429
test,169,2,anger,1.451
test,169,3,anger,3.093
test,169,4,surprise,0.725
test,169,5,surprise,1.259
test,169,6,anger,2.603
test,169,7,neutral,4.309
test,169,8,surprise,1.131
test,169,9,anger,1.365
test,169,10,anger,2.688
test,169,11,surprise,2.347
test,169,12,surprise,4.48
test,169,13,neutral,1.877
test,169,14,neutral,2.517
test,169,15,surprise,0.256
test,169,16,neutral,0.619
test,169,17,surprise,1.28
test,169,18,disgust,6.016
test,169,19,neutral,1.792
test,169,20,neutral,2.347
test,169,21,surprise,4.267
test,169,22,anger,2.923
test,170,0,surprise,1.387
test,170,1,surprise,1.728
test,170,2,neutral,1.771
test,170,3,disgust,2.795
test,170,4,disgust,4.011
test,171,0,anger,1.6
test,171,1,joy,1.472
test,171,2,neutral,4.715
test,171,3,joy,3.797
test,171,4,joy,10.027
test,171,5,neutral,3.051
test,171,6,neutral,1.771
test,171,7,joy,4.629
test,171,8,joy,3.456
test,172,0,neutral,2.475
test,172,1,neutral,3.221
test,172,2,neutral,7.232
test,173,0,neutral,4.352
test,173,1,surprise,0.896
test,173,2,neutral,0.171
test,173,3,neutral,2.517
test,173,4,anger,1.643
test,173,5,surprise,0.704
test,173,6,surprise,0.256
test,173,7,sadness,3.328
test,173,8,sadness,0.128
test,173,9,neutral,5.888
test,173,10,neutral,1.6
test,173,11,sadness,0.811
test,173,12,sadness,0.597
test,173,13,sadness,1.515
test,173,14,sadness,4.053
test,173,15,joy,2.837
test,173,16,sadness,0.832
test,173,17,neutral,4.181
test,173,18,neutral,3.221
test,174,0,neutral,3.008
test,174,1,neutral,1.685
test,174,2,neutral,3.051
test,174,3,neutral,0.576
test,174,4,sadness,1.536
test,174,5,joy,3.349
test,174,6,sadness,3.349
test,174,7,neutral,1.728
test,174,8,surprise,1.045
test,174,9,neutral,1.472
test,174,10,neutral,2.56
test,174,11,neutral,1.088
test,174,12,neutral,2.24
test,174,13,anger,1.536
test,174,14,neutral,5.973
test,174,15,sadness,2.752
test,174,16,neutral,4.224
test,174,17,sadness,3.093
test,174,18,neutral,2.603
test,175,0,neutral,2.837
test,175,1,neutral,1.685
test,175,2,surprise,3.349
test,175,3,surprise,3.563
test,175,4,fear,2.603
test,175,5,neutral,1.003
test,175,6,joy,3.84
test,175,7,neutral,1.173
test,175,8,disgust,3.093
test,175,9,anger,0.149
test,175,10,anger,1.792
test,175,11,anger,0.277
test,175,12,anger,2.56
test,175,13,surprise,2.005
test,175,14,anger,3.051
test,175,15,neutral,1.835
test,175,16,anger,4.715
test,175,17,anger,4.096
test,175,18,disgust,4.715
test,175,19,neutral,2.091
test,175,20,anger,3.221
test,175,21,neutral,3.797
test,175,22,joy,4.053
test,176,0,neutral,4.267
test,176,1,neutral,2.432
test,177,0,neutral,1.515
test,177,1,neutral,0.853
test,177,2,neutral,2.731
test,178,0,neutral,1.429
test,178,1,neutral,3.093
test,178,2,joy,5.845
test,178,3,neutral,2.453
test,178,4,neutral,2.133
test,178,5,neutral,1.045
test,178,6,fear,3.563
test,178,7,neutral,2.965
test,178,8,neutral,2.56
test,178,9,surprise,1.045
test,179,0,anger,5.632
test,179,1,anger,9.387
test,179,2,surprise,0.939
test,179,3,neutral,0.128
test,180,0,neutral,2.645
test,180,1,neutral,3.008
test,180,2,neutral,1.387
test,180,3,neutral,1.92
test,180,4,joy,0.32
test,180,5,joy,1.344
test,180,6,joy,1.813
test,180,7,neutral,1.771
test,180,8,anger,7.36
test,180,9,disgust,3.435
test,181,0,neutral,6.805
test,181,1,joy,1.771
test,181,2,joy,1.728
test,181,3,neutral,0.256
test,181,4,neutral,3.755
test,181,5,surprise,2.688
test,182,0,joy,2.432
test,182,1,anger,4.309
test,182,2,anger,1.877
test,182,3,fear,1.877
test,182,4,fear,1.451
test,182,5,joy,0.811
test,182,6,joy,0.171
test,182,7,surprise,1.131
test,182,8,surprise,2.667
test,182,9,surprise,1.408
test,183,0,neutral,1.131
test,183,1,neutral,4.053
test,183,2,neutral,1.131
test,183,3,anger,1.899
test,183,4,neutral,4.139
test,183,5,neutral,0.533
test,183,6,neutral,2.624
test,183,7,neutral,4.139
test,183,8,neutral,8.235
test,184,0,sadness,5.12
test,184,1,surprise,3.968
test,184,2,anger,3.968
test,184,3,sadness,2.368
test,184,4,anger,3.008
test,184,5,neutral,1.408
test,184,6,fear,3.499
test,184,7,sadness,2.923
test,184,8,neutral,3.413
test,184,9,surprise,2.496
test,184,10,neutral,8.725
test,184,11,surprise,0.747
test,184,12,neutral,2.005
test,184,13,neutral,4.053
test,184,14,joy,3.52
test,185,0,neutral,5.184
test,185,1,neutral,0.789
test,185,2,surprise,2.88
test,185,3,joy,5.227
test,185,4,surprise,2.475
test,185,5,neutral,2.88
test,185,6,joy,0.683
test,185,7,neutral,2.219
test,186,0,disgust,3.179
test,186,1,neutral,3.712
test,186,2,neutral,3.669
test,186,3,sadness,1.963
test,187,0,neutral,6.848
test,187,1,neutral,6.272
test,187,2,neutral,6.144
test,187,3,joy,5.44
test,187,4,joy,2.091
test,187,5,neutral,3.307
test,187,6,neutral,3.84
test,187,7,neutral,2.389
test,187,8,neutral,15.104
test,188,0,neutral,0.512
test,188,1,neutral,1.472
test,188,2,neutral,1.045
test,188,3,neutral,4.224
test,188,4,neutral,2.837
test,188,5,neutral,2.475
test,188,6,neutral,2.731
test,188,7,neutral,9.024
test,188,8,joy,9.813
test,189,0,joy,1.856
test,189,1,joy,2.048
test,189,2,joy,2.603
test,189,3,joy,1.429
test,189,4,neutral,1.301
test,189,5,neutral,2.048
test,189,6,neutral,3.179
test,189,7,surprise,0.811
test,189,8,anger,2.432
test,189,9,neutral,2.795
test,190,0,surprise,2.005
test,190,1,neutral,1.685
test,190,2,surprise,2.603
test,190,3,neutral,4.309
test,190,4,neutral,2.176
test,191,0,sadness,1.749
test,191,1,neutral,0.747
test,191,2,sadness,6.187
test,191,3,neutral,0.661
test,191,4,neutral,1.493
test,191,5,neutral,4.011
test,191,6,joy,2.752
test,191,7,neutral,7.424
test,191,8,surprise,1.685
test,191,9,neutral,1.045
test,192,0,anger,4.267
test,192,1,neutral,1.664
test,192,2,anger,1.707
test,192,3,neutral,0.939
test,192,4,anger,1.515
test,192,5,anger,2.752
test,192,6,neutral,2.389
test,192,7,surprise,1.28
test,192,8,joy,6.891
test,192,9,surprise,1.557
test,192,10,neutral,3.797
test,192,11,neutral,4.523
test,193,0,joy,0.981
test,193,1,joy,1.728
test,193,2,neutral,7.936
test,193,3,neutral,7.509
test,193,4,neutral,4.928
test,194,0,anger,3.307
test,194,1,neutral,10.56
test,194,2,neutral,4.928
test,194,3,surprise,1.387
test,194,4,neutral,1.515
test,195,0,fear,2.304
test,195,1,neutral,7.595
test,195,2,sadness,7.509
test,195,3,neutral,2.091
test,195,4,neutral,1.877
test,195,5,neutral,2.048
test,195,6,joy,5.184
test,195,7,joy,5.632
test,195,8,surprise,1.131
test,195,9,neutral,1.643
test,195,10,joy,3.392
test,195,11,neutral,6.976
test,196,0,anger,4.139
test,196,1,disgust,6.72
test,196,2,anger,2.048
test,196,3,sadness,2.56
test,196,4,anger,8.32
test,196,5,anger,3.243
test,196,6,anger,1.557
test,196,7,anger,3.52
test,196,8,neutral,1.835
test,196,9,neutral,1.877
test,196,10,neutral,4.757
test,196,11,neutral,1.173
test,196,12,anger,3.52
test,196,13,neutral,1.045
test,196,14,anger,1.045
test,196,15,anger,2.965
test,196,16,anger,0.363
test,196,17,neutral,14.059
test,197,0,neutral,1.067
test,197,1,neutral,0.512
test,197,2,neutral,1.429
test,197,3,neutral,0.853
test,197,4,joy,2.88
test,198,0,neutral,3.968
test,198,1,joy,2.88
test,198,2,anger,4.053
test,198,3,neutral,1.216
test,198,4,surprise,4.181
test,198,5,surprise,1.429
test,198,6,joy,1.643
test,198,7,joy,6.4
test,198,8,anger,1.963
test,198,9,neutral,1.771
test,198,10,neutral,0.875
test,198,11,neutral,1.195
test,198,12,joy,5.76
test,199,0,neutral,1.6
test,199,1,sadness,1.451
test,199,2,neutral,7.168
test,199,3,neutral,1.237
test,199,4,sadness,8.683
test,199,5,sadness,2.432
test,199,6,sadness,3.883
test,199,7,sadness,3.691
test,199,8,sadness,9.301
test,199,9,sadness,1.045
test,199,10,sadness,2.645
test,199,11,sadness,1.685
test,199,12,sadness,4.971
test,199,13,sadness,5.504
test,199,14,sadness,4.843
test,199,15,joy,1.045
test,200,0,surprise,2.261
test,200,1,anger,0.597
test,200,2,anger,3.349
test,200,3,anger,1.536
test,200,4,anger,1.088
test,201,0,neutral,7.936
test,201,1,surprise,1.045
test,201,2,joy,0.576
test,201,3,neutral,2.176
test,201,4,neutral,4.971
test,201,5,neutral,1.643
test,201,6,neutral,2.837
test,201,7,neutral,3.349
test,201,8,anger,7.723
test,201,9,neutral,2.133
test,201,10,surprise,2.56
test,201,11,anger,7.275
test,202,0,neutral,1.045
test,202,1,joy,1.429
test,202,2,joy,3.968
test,202,3,joy,3.392
test,202,4,joy,0.853
test,202,5,joy,4.053
test,202,6,joy,5.355
test,202,7,joy,3.307
test,203,0,anger,5.525
test,203,1,neutral,2.219
test,203,2,surprise,0.32
test,203,3,surprise,1.557
test,203,4,neutral,2.688
test,203,5,surprise,0.64
test,203,6,joy,0.939
test,203,7,neutral,1.685
test,203,8,joy,1.131
test,203,9,joy,1.024
test,203,10,joy,2.176
test,203,11,neutral,4.459
test,203,12,neutral,1.28
test,204,0,sadness,3.669
test,204,1,anger,1.941
test,204,2,surprise,0.917
test,204,3,anger,3.691
test,204,4,anger,2.048
test,204,5,anger,2.688
test,204,6,anger,3.349
test,204,7,anger,2.603
test,204,8,neutral,1.387
test,204,9,anger,8.149
test,205,0,surprise,6.4
test,205,1,anger,5.845
test,205,2,neutral,5.632
test,205,3,fear,4.629
test,205,4,surprise,2.347
test,205,5,disgust,2.304
test,205,6,disgust,3.691
test,205,7,surprise,7.061
test,206,0,joy,3.669
test,206,1,neutral,2.133
test,206,2,neutral,1.728
test,206,3,neutral,2.645
test,206,4,anger,2.048
test,207,0,sadness,6.848
test,207,1,sadness,5.269
test,208,0,neutral,0.96
test,208,1,neutral,6.059
test,208,2,neutral,1.408
test,208,3,neutral,0.619
test,208,4,sadness,1.813
test,208,5,sadness,1.493
test,208,6,neutral,1.664
test,208,7,sadness,5.397
test,208,8,surprise,2.88
test,208,9,sadness,5.184
test,208,10,neutral,2.603
test,208,11,sadness,7.68
test,208,12,neutral,1.877
test,208,13,sadness,6.891
test,209,0,surprise,10.027
test,209,1,joy,6.763
test,210,0,anger,3.008
test,210,1,anger,1.579
test,210,2,anger,1.365
test,210,3,neutral,7.275
test,210,4,anger,7.317
test,210,5,joy,1.152
test,210,6,disgust,1.6
test,210,7,joy,1.365
test,210,8,surprise,0.96
test,210,9,neutral,3.392
test,211,0,anger,1.792
test,211,1,surprise,1.237
test,211,2,anger,0.875
test,211,3,surprise,2.645
test,211,4,anger,3.349
test,211,5,anger,2.347
test,211,6,neutral,0.704
test,211,7,neutral,1.621
test,212,0,neutral,3.435
test,212,1,neutral,1.024
test,212,2,sadness,2.091
test,212,3,neutral,9.728
test,212,4,sadness,8.981
test,212,5,neutral,6.848
test,212,6,sadness,3.008
test,213,0,anger,3.136
test,213,1,neutral,1.835
test,213,2,neutral,1.92
test,213,3,neutral,3.435
test,213,4,neutral,8.064
test,213,5,joy,4.629
test,213,6,surprise,0.619
test,213,7,joy,0.448
test,213,8,neutral,1.003
test,213,9,neutral,0.747
test,213,10,neutral,0.448
test,213,11,neutral,6.464
test,214,0,sadness,6.101
test,214,1,sadness,2.517
test,214,2,neutral,1.515
test,214,3,neutral,2.176
test,214,4,sadness,2.752
test,214,5,joy,3.264
test,214,6,joy,0.811
test,214,7,joy,0.64
test,215,0,neutral,2.261
test,215,1,neutral,1.216
test,215,2,joy,2.432
test,215,3,neutral,5.141
test,215,4,joy,2.347
test,215,5,neutral,8.149
test,215,6,sadness,3.221
test,215,7,sadness,1.28
test,215,8,sadness,0.853
test,215,9,neutral,1.685
test,215,10,sadness,3.563
test,216,0,joy,12.352
test,216,1,joy,1.216
test,216,2,neutral,1.152
test,216,3,neutral,2.048
test,217,0,surprise,1.6
test,217,1,surprise,1.472
test,217,2,neutral,5.525
test,217,3,neutral,1.045
test,217,4,surprise,0.832
test,217,5,neutral,0.491
test,217,6,fear,5.803
test,217,7,neutral,5.973
test,217,8,joy,4.395
test,217,9,neutral,1.429
test,217,10,neutral,7.232
test,217,11,neutral,1.685
test,218,0,neutral,1.963
test,218,1,neutral,11.349
test,218,2,neutral,1.216
test,219,0,neutral,2.475
test,219,1,sadness,2.005
test,220,0,disgust,235.072
test,220,1,anger,3.179
test,221,0,neutral,1.771
test,221,1,neutral,10.688
test,221,2,neutral,2.261
test,221,3,neutral,5.739
test,221,4,sadness,0.512
test,222,0,neutral,5.397
test,222,1,neutral,3.968
test,222,2,neutral,0.597
test,222,3,joy,2.389
test,222,4,joy,1.131
test,222,5,joy,1.685
test,222,6,joy,1.067
test,222,7,joy,2.603
test,222,8,neutral,1.728
test,222,9,neutral,8.384
test,222,10,surprise,1.835
test,222,11,neutral,3.755
test,222,12,anger,7.424
test,222,13,surprise,2.603
test,223,0,sadness,9.515
test,223,1,fear,3.925
test,223,2,neutral,2.603
test,223,3,fear,6.592
test,223,4,neutral,4.139
test,223,5,joy,1.472
test,223,6,neutral,4.224
test,224,0,neutral,2.795
test,224,1,neutral,0.576
test,224,2,neutral,0.661
test,224,3,neutral,1.856
test,224,4,neutral,2.475
test,224,5,neutral,2.347
test,224,6,neutral,2.603
test,224,7,neutral,6.101
test,224,8,neutral,3.264
test,225,0,neutral,2.88
test,225,1,joy,2.688
test,225,2,neutral,4.181
test,225,3,sadness,0.896
test,225,4,neutral,0.469
test,225,5,neutral,3.093
test,226,0,neutral,2.432
test,226,1,joy,1.344
test,226,2,neutral,2.645
test,226,3,sadness,3.221
test,226,4,neutral,4.672
test,226,5,surprise,4.011
test,226,6,neutral,3.563
test,226,7,neutral,1.003
test,226,8,joy,0.896
test,227,0,fear,9.344
test,227,1,surprise,7.232
test,227,2,neutral,2.475
test,227,3,neutral,1.301
test,228,0,neutral,4.224
test,228,1,neutral,2.56
test,228,2,neutral,1.771
test,228,3,neutral,4.181
test,228,4,anger,6.571
test,228,5,neutral,1.515
test,228,6,neutral,3.307
test,228,7,anger,8.725
test,228,8,sadness,2.88
test,228,9,sadness,1.259
test,228,10,surprise,1.195
test,228,11,sadness,1.216
test,228,12,surprise,2.923
test,229,0,joy,2.645
test,229,1,neutral,5.141
test,229,2,joy,6.72
test,229,3,neutral,5.653
test,229,4,surprise,13.653
test,229,5,joy,2.432
test,229,6,neutral,5.355
test,229,7,neutral,1.856
test,229,8,neutral,4.181
test,229,9,joy,5.632
test,229,10,joy,2.517
test,230,0,neutral,2.795
test,230,1,neutral,2.795
test,230,2,neutral,1.344
test,230,3,neutral,4.096
test,230,4,anger,3.179
test,230,5,neutral,1.131
test,230,6,neutral,2.155
test,230,7,neutral,1.813
test,230,8,disgust,1.685
test,231,0,neutral,1.557
test,231,1,neutral,2.133
test,231,2,neutral,5.141
test,231,3,neutral,1.92
test,231,4,neutral,2.475
test,231,5,surprise,0.917
test,231,6,surprise,0.939
test,231,7,anger,5.632
test,231,8,anger,6.016
test,231,9,fear,3.84
test,231,10,disgust,3.925
test,231,11,disgust,2.688
test,231,12,joy,1.963
test,231,13,joy,1.963
test,232,0,neutral,3.477
test,232,1,neutral,4.011
test,232,2,neutral,4.267
test,232,3,neutral,3.264
test,232,4,neutral,2.432
test,232,5,joy,4.053
test,232,6,surprise,5.717
test,232,7,neutral,6.08
test,232,8,joy,2.837
test,232,9,sadness,1.429
test,233,0,anger,4.352
test,233,1,disgust,4.437
test,233,2,surprise,1.728
test,233,3,neutral,5.312
test,233,4,sadness,5.269
test,233,5,joy,2.176
test,233,6,joy,1.067
test,233,7,joy,1.749
test,233,8,neutral,2.133
test,233,9,joy,1.152
test,233,10,joy,1.003
test,233,11,joy,3.008
test,233,12,neutral,5.973
test,233,13,neutral,5.76
test,234,0,neutral,1.173
test,234,1,surprise,2.347
test,234,2,neutral,1.259
test,234,3,surprise,1.771
test,234,4,anger,3.051
test,234,5,anger,0.619
test,234,6,anger,3.755
test,234,7,anger,1.813
test,234,8,neutral,2.261
test,234,9,neutral,3.925
test,234,10,neutral,1.344
test,234,11,surprise,2.645
test,234,12,joy,1.813
test,234,13,neutral,4.011
test,234,14,joy,1.877
test,235,0,neutral,2.837
test,236,0,joy,1.92
test,237,0,neutral,2.475
test,237,1,neutral,1.557
test,237,2,neutral,2.176
test,237,3,disgust,6.635
test,237,4,surprise,1.685
test,237,5,disgust,7.552
test,237,6,anger,4.8
test,237,7,joy,3.435
test,237,8,anger,5.525
test,237,9,sadness,6.848
test,237,10,joy,2.219
test,237,11,neutral,4.352
test,238,0,neutral,1.92
test,238,1,sadness,2.965
test,238,2,neutral,2.603
test,238,3,neutral,1.728
test,238,4,neutral,1.173
test,239,0,neutral,1.792
test,239,1,anger,6.357
test,239,2,surprise,6.763
test,239,3,neutral,5.312
test,239,4,neutral,8.192
test,239,5,neutral,1.621
test,239,6,neutral,1.877
test,239,7,neutral,3.093
test,239,8,neutral,2.837
test,239,9,neutral,1.643
test,239,10,neutral,2.56
test,239,11,neutral,2.005
test,240,0,anger,2.432
test,240,1,anger,1.088
test,240,2,anger,3.221
test,240,3,sadness,2.837
test,240,4,surprise,4.565
test,240,5,neutral,2.048
test,240,6,sadness,1.621
test,240,7,joy,2.752
test,240,8,neutral,2.517
test,240,9,joy,4.885
test,240,10,surprise,2.496
test,240,11,neutral,7.275
test,240,12,surprise,3.221
test,240,13,neutral,2.304
test,240,14,surprise,2.56
test,240,15,sadness,1.067
test,240,16,surprise,2.219
test,241,0,neutral,0.789
test,241,1,joy,0.661
test,241,2,joy,1.771
test,241,3,neutral,10.112
test,241,4,neutral,0.811
test,241,5,joy,8.171
test,241,6,joy,0.555
test,241,7,surprise,2.603
test,241,8,neutral,1.344
test,241,9,joy,8.427
test,241,10,surprise,2.688
test,241,11,neutral,0.981
test,241,12,surprise,0.256
test,241,13,neutral,14.912
test,241,14,neutral,0.128
test,242,0,neutral,5.952
test,242,1,anger,0.128
test,242,2,anger,2.88
test,242,3,anger,2.859
test,242,4,joy,1.515
test,242,5,neutral,2.133
test,242,6,neutral,1.92
test,242,7,neutral,3.477
test,243,0,anger,4.608
test,243,1,neutral,3.968
test,243,2,neutral,1.173
test,243,3,neutral,10.389
test,243,4,anger,3.797
test,243,5,neutral,7.851
test,244,0,neutral,7.893
test,244,1,neutral,2.389
test,244,2,neutral,0.363
test,244,3,neutral,1.216
test,244,4,sadness,2.731
test,244,5,neutral,1.045
test,244,6,disgust,8.64
test,244,7,disgust,3.029
test,244,8,anger,3.221
test,244,9,neutral,2.731
test,244,10,neutral,1.451
test,244,11,neutral,0.491
test,244,12,neutral,2.261
test,244,13,neutral,8.149
test,244,14,neutral,2.432
test,244,15,anger,2.795
test,244,16,neutral,3.264
test,244,17,neutral,7.061
test,244,18,neutral,1.109
test,244,19,neutral,4.843
test,244,20,surprise,2.56
test,244,21,joy,12.352
test,245,0,neutral,1.451
test,245,1,neutral,0.96
test,245,2,surprise,1.131
test,245,3,joy,6.763
test,245,4,fear,2.048
test,246,0,neutral,1.301
test,246,1,neutral,1.045
test,246,2,surprise,1.387
test,246,3,neutral,8.725
test,246,4,neutral,9.92
test,246,5,neutral,0.128
test,246,6,neutral,2.005
test,246,7,neutral,1.451
test,246,8,anger,2.069
test,246,9,neutral,0.512
test,246,10,neutral,2.688
test,246,11,neutral,8.811
test,246,12,neutral,3.136
test,246,13,neutral,5.547
test,247,0,neutral,3.179
test,247,1,neutral,0.405
test,247,2,neutral,2.56
test,247,3,joy,1.728
test,247,4,surprise,5.483
test,248,0,neutral,3.52
test,249,0,joy,0.491
test,249,1,neutral,3.051
test,249,2,neutral,2.176
test,249,3,neutral,4.267
test,249,4,neutral,0.747
test,249,5,joy,1.835
test,249,6,neutral,1.024
test,249,7,joy,2.176
test,250,0,fear,9.429
test,250,1,neutral,1.387
test,250,2,sadness,2.432
test,250,3,neutral,2.731
test,250,4,neutral,4.224
test,250,5,surprise,2.219
test,250,6,neutral,2.219
test,250,7,neutral,3.605
test,250,8,neutral,8.768
test,251,0,surprise,1.429
test,251,1,neutral,3.925
test,251,2,neutral,2.176
test,251,3,surprise,0.661
test,251,4,neutral,6.208
test,252,0,anger,4.139
test,252,1,anger,1.109
test,252,2,anger,0.128
test,252,3,anger,7.061
test,252,4,anger,1.963
test,252,5,anger,2.112
test,252,6,anger,1.429
test,252,7,surprise,1.429
test,252,8,neutral,3.093
test,252,9,neutral,3.008
test,252,10,sadness,0.917
test,252,11,sadness,2.197
test,252,12,neutral,1.173
test,252,13,sadness,3.435
test,252,14,neutral,1.557
test,252,15,neutral,3.221
test,252,16,neutral,5.845
test,252,17,surprise,2.219
test,252,18,neutral,3.008
test,253,0,joy,3.691
test,253,1,neutral,2.795
test,253,2,sadness,4.608
test,253,3,neutral,3.349
test,253,4,surprise,4.395
test,253,5,neutral,2.347
test,253,6,joy,1.685
test,253,7,surprise,2.475
test,253,8,neutral,2.048
test,253,9,neutral,2.795
test,253,10,joy,4.181
test,253,11,neutral,3.925
test,253,12,neutral,2.389
test,254,0,neutral,2.88
test,254,1,neutral,1.6
test,254,2,disgust,2.176
test,254,3,surprise,2.475
test,254,4,neutral,3.221
test,254,5,anger,1.365
test,254,6,anger,2.048
test,254,7,surprise,0.811
test,254,8,neutral,1.216
test,254,9,neutral,1.152
test,254,10,neutral,0.555
test,254,11,disgust,3.307
test,254,12,neutral,5.44
test,254,13,joy,4.224
test,254,14,disgust,3.968
test,254,15,anger,2.261
test,254,16,neutral,1.515
test,254,17,neutral,0.768
test,255,0,anger,1.685
test,255,1,joy,3.136
test,255,2,neutral,3.051
test,255,3,neutral,4.139
test,255,4,joy,6.933
test,255,5,surprise,2.923
test,255,6,neutral,5.099
test,255,7,joy,7.019
test,255,8,sadness,7.851
test,256,0,joy,3.008
test,256,1,neutral,7.851
test,257,0,neutral,3.925
test,257,1,surprise,1.259
test,257,2,neutral,4.8
test,257,3,neutral,1.771
test,257,4,joy,3.435
test,258,0,neutral,2.176
test,258,1,neutral,4.224
test,258,2,neutral,1.835
test,258,3,neutral,2.112
test,258,4,neutral,3.712
test,258,5,neutral,1.216
test,258,6,neutral,3.349
test,258,7,neutral,5.312
test,258,8,neutral,3.563
test,258,9,joy,7.275
test,258,10,neutral,2.048
test,258,11,joy,4.373
test,258,12,joy,5.376
test,259,0,surprise,1.941
test,259,1,neutral,0.853
test,259,2,joy,1.6
test,259,3,joy,1.429
test,259,4,anger,1.557
test,259,5,neutral,4.928
test,259,6,anger,1.92
test,259,7,neutral,2.347
test,259,8,neutral,2.048
test,259,9,disgust,2.176
test,259,10,disgust,4.971
test,259,11,anger,7.232
test,259,12,anger,1.429
test,259,13,anger,1.877
test,259,14,neutral,0.768
test,259,15,anger,1.131
test,260,0,joy,2.837
test,260,1,joy,2.688
test,260,2,neutral,6.805
test,260,3,joy,2.645
test,260,4,surprise,3.797
test,260,5,neutral,4.864
test,260,6,anger,3.477
test,260,7,neutral,1.429
test,260,8,anger,6.933
test,260,9,joy,0.512
test,260,10,anger,1.643
test,261,0,surprise,1.643
test,261,1,joy,0.747
test,261,2,joy,0.299
test,261,3,neutral,5.845
test,261,4,joy,0.704
test,261,5,neutral,1.152
test,261,6,neutral,0.96
test,261,7,neutral,0.789
test,261,8,neutral,1.515
test,262,0,neutral,0.427
test,262,1,joy,4.203
test,262,2,joy,1.792
test,262,3,surprise,5.973
test,262,4,neutral,1.408
test,262,5,joy,1.451
test,262,6,joy,3.435
test,262,7,joy,2.048
test,262,8,neutral,0.939
test,262,9,neutral,0.917
test,262,10,neutral,1.877
test,262,11,neutral,2.752
test,262,12,neutral,1.472
test,262,13,neutral,0.235
test,262,14,neutral,1.301
test,262,15,joy,2.517
test,262,16,surprise,1.685
test,263,0,neutral,1.429
test,263,1,neutral,1.728
test,263,2,neutral,3.157
test,263,3,neutral,0.128
test,263,4,fear,3.648
test,263,5,sadness,3.264
test,263,6,joy,2.261
test,263,7,sadness,5.013
test,263,8,neutral,1.472
test,263,9,sadness,1.472
test,264,0,anger,4.608
test,264,1,anger,1.835
test,264,2,surprise,5.184
test,264,3,neutral,2.837
test,265,0,surprise,6.72
test,265,1,joy,6.592
test,266,0,neutral,1.259
test,266,1,neutral,1.685
test,266,2,neutral,1.92
test,266,3,neutral,1.131
test,266,4,neutral,1.835
test,266,5,neutral,6.443
test,266,6,neutral,2.688
test,266,7,neutral,4.139
test,266,8,joy,6.549
test,266,9,neutral,3.179
test,266,10,joy,2.645
test,266,11,surprise,1.429
test,266,12,surprise,4.928
test,266,13,surprise,2.475
test,266,14,joy,4.181
test,266,15,anger,5.44
test,266,16,joy,10.432
test,267,0,neutral,0.96
test,267,1,neutral,1.707
test,267,2,neutral,7.061
test,267,3,sadness,2.133
test,267,4,neutral,7.36
test,267,5,surprise,1.088
test,267,6,neutral,1.344
test,267,7,neutral,4.437
test,267,8,sadness,3.221
test,267,9,neutral,2.005
test,267,10,neutral,1.685
test,268,0,surprise,4.629
test,268,1,surprise,11.989
test,268,2,surprise,8.896
test,268,3,neutral,0.512
test,268,4,neutral,0.597
test,268,5,neutral,0.192
test,268,6,neutral,6.016
test,268,7,neutral,1.045
test,268,8,neutral,5.099
test,268,9,neutral,1.899
test,268,10,anger,2.048
test,268,11,neutral,3.797
test,268,12,neutral,8.107
test,268,13,neutral,1.088
test,269,0,neutral,5.803
test,269,1,anger,2.005
test,269,2,joy,1.6
test,269,3,joy,1.643
test,269,4,neutral,3.797
test,270,0,neutral,1.963
test,270,1,neutral,3.392
test,270,2,neutral,7.637
test,270,3,neutral,1.792
test,270,4,neutral,4.267
test,270,5,neutral,1.813
test,270,6,neutral,2.133
test,270,7,neutral,7.104
test,270,8,surprise,5.227
test,270,9,neutral,7.552
test,270,10,joy,3.883
test,270,11,neutral,2.752
test,270,12,surprise,5.504
test,270,13,joy,3.093
test,270,14,surprise,4.224
test,271,0,neutral,1.835
test,271,1,neutral,1.877
test,271,2,neutral,1.045
test,271,3,fear,5.973
test,271,4,surprise,7.765
test,271,5,neutral,2.752
test,272,0,neutral,1.685
test,272,1,neutral,3.307
test,272,2,neutral,2.304
test,272,3,neutral,2.517
test,272,4,surprise,2.048
test,272,5,anger,2.219
test,273,0,neutral,1.152
test,273,1,surprise,4.011
test,273,2,neutral,1.216
test,273,3,neutral,4.48
test,274,0,neutral,2.923
test,274,1,neutral,2.432
test,274,2,anger,4.395
test,274,3,joy,1.067
test,274,4,joy,0.256
test,275,0,neutral,0.811
test,275,1,neutral,2.816
test,275,2,neutral,0.768
test,275,3,neutral,12.395
test,276,0,neutral,1.131
test,277,0,sadness,2.688
test,278,0,disgust,3.627
test,278,1,surprise,0.192
test,278,2,neutral,1.792
test,278,3,joy,8.939
test,278,4,neutral,4.096
test,278,5,surprise,1.92
test,278,6,neutral,4.181
test,278,7,surprise,3.477
test,278,8,sadness,2.731
test,278,9,joy,1.557
test,278,10,neutral,1.408
test,278,11,joy,3.051
test,278,12,neutral,3.435
test,278,13,joy,5.76
test,278,14,neutral,3.179
test,278,15,neutral,0.875
test,278,16,neutral,4.907
test,279,0,anger,1.877
test,279,1,anger,0.363
test,279,2,anger,0.917
test,279,3,anger,1.237
test,279,4,anger,1.6
test,279,5,neutral,1.387
test,279,6,neutral,2.56
test,279,7,anger,8.427
test,279,8,neutral,0.555
test,279,9,neutral,3.029
test,279,10,anger,6.848
test,279,11,neutral,4.757
test,279,12,surprise,1.6
test,279,13,neutral,4.523
test,279,14,neutral,4.267
test,279,15,neutral,1.643
